2025-05-30 18:13:07,211 | INFO | Using device: cuda
2025-05-30 18:13:09,786 | INFO | Model parameters: 19,177,728
2025-05-30 18:13:09,787 | INFO | Loading training data...
2025-05-30 18:13:15,575 | INFO | Base learning rate: 3.00e-04
2025-05-30 18:13:15,575 | INFO | Minimum learning rate: 1.00e-05
2025-05-30 18:13:15,575 | INFO | Initial learning rate: 0.00e+00
2025-05-30 18:13:15,575 | INFO | Warmup steps: 2000
2025-05-30 18:13:15,575 | INFO | Total steps: 549300
2025-05-30 18:13:15,575 | INFO | Test LR at step 0: 0.00e+00
2025-05-30 18:13:15,575 | INFO | Test LR at step 1000: 1.50e-04
2025-05-30 18:13:15,575 | INFO | Test LR at step 2000: 3.00e-04
2025-05-30 18:13:15,575 | INFO | Test LR at step 274650: 1.56e-04
2025-05-30 18:13:15,575 | INFO | Test LR at step 549299: 1.00e-05
2025-05-30 18:13:15,576 | INFO | Starting training...
2025-05-30 18:13:15,577 | INFO | Input shape: torch.Size([16, 511]), Target shape: torch.Size([16, 511])
2025-05-30 18:13:15,578 | INFO | Input range: [10, 226]
2025-05-30 18:13:15,578 | INFO | Target range: [10, 226]
2025-05-30 18:13:20,685 | INFO | Output shape: torch.Size([8176, 256]), Reshaped target shape: torch.Size([8176])
2025-05-30 18:13:20,686 | INFO | Output range: [-6.0859375, 5.26953125]
2025-05-30 18:13:20,687 | INFO | Sample probabilities: max=0.1308823823928833, min=4.438071482582018e-05
2025-05-30 18:13:20,688 | INFO | Raw loss value: 6.194406986236572
2025-05-30 18:13:20,688 | INFO | Batch 0 loss stats - Mean: -0.0173, Std: 1.1631
2025-05-30 18:13:20,859 | INFO | Gradient norm: 6.7382
2025-05-30 18:13:20,873 | INFO | Train batch     0/10986 | ms/batch 5296.15 | loss 6.1944 | bpb  8.94 | ppl   490.00 | lr 1.50e-07
2025-05-30 18:13:40,297 | INFO | Gradient norm: 0.8066
2025-05-30 18:13:40,306 | INFO | Train batch   100/10986 | ms/batch 244.84 | loss 4.7212 | bpb  6.81 | ppl   112.30 | lr 1.51e-05
2025-05-30 18:14:00,389 | INFO | Gradient norm: 0.4869
2025-05-30 18:14:00,402 | INFO | Train batch   200/10986 | ms/batch 223.01 | loss 4.0839 | bpb  5.89 | ppl    59.38 | lr 3.01e-05
2025-05-30 18:14:20,662 | INFO | Gradient norm: 0.4702
2025-05-30 18:14:20,674 | INFO | Train batch   300/10986 | ms/batch 216.27 | loss 3.8016 | bpb  5.48 | ppl    44.77 | lr 4.51e-05
2025-05-30 18:14:41,066 | INFO | Gradient norm: 0.5002
2025-05-30 18:14:41,078 | INFO | Train batch   400/10986 | ms/batch 213.22 | loss 3.6259 | bpb  5.23 | ppl    37.56 | lr 6.01e-05
2025-05-30 18:15:01,519 | INFO | Gradient norm: 0.5410
2025-05-30 18:15:01,532 | INFO | Train batch   500/10986 | ms/batch 211.49 | loss 3.5042 | bpb  5.06 | ppl    33.25 | lr 7.51e-05
2025-05-30 18:15:22,061 | INFO | Gradient norm: 0.5073
2025-05-30 18:15:22,074 | INFO | Train batch   600/10986 | ms/batch 210.48 | loss 3.4132 | bpb  4.92 | ppl    30.36 | lr 9.01e-05
2025-05-30 18:15:42,635 | INFO | Gradient norm: 0.5002
2025-05-30 18:15:42,648 | INFO | Train batch   700/10986 | ms/batch 209.80 | loss 3.3388 | bpb  4.82 | ppl    28.19 | lr 1.05e-04
2025-05-30 18:16:03,178 | INFO | Gradient norm: 0.5840
2025-05-30 18:16:03,190 | INFO | Train batch   800/10986 | ms/batch 209.26 | loss 3.2701 | bpb  4.72 | ppl    26.32 | lr 1.20e-04
2025-05-30 18:16:23,698 | INFO | Gradient norm: 0.7378
2025-05-30 18:16:23,711 | INFO | Train batch   900/10986 | ms/batch 208.81 | loss 3.1791 | bpb  4.59 | ppl    24.03 | lr 1.35e-04
2025-05-30 18:16:44,174 | INFO | Gradient norm: 0.6917
2025-05-30 18:16:44,186 | INFO | Train batch  1000/10986 | ms/batch 208.40 | loss 3.0465 | bpb  4.40 | ppl    21.04 | lr 1.50e-04
2025-05-30 18:17:04,653 | INFO | Gradient norm: 0.4801
2025-05-30 18:17:04,666 | INFO | Train batch  1100/10986 | ms/batch 208.07 | loss 2.8948 | bpb  4.18 | ppl    18.08 | lr 1.65e-04
2025-05-30 18:17:25,124 | INFO | Gradient norm: 0.3469
2025-05-30 18:17:25,136 | INFO | Train batch  1200/10986 | ms/batch 207.79 | loss 2.7498 | bpb  3.97 | ppl    15.64 | lr 1.80e-04
2025-05-30 18:17:45,563 | INFO | Gradient norm: 0.2486
2025-05-30 18:17:45,575 | INFO | Train batch  1300/10986 | ms/batch 207.53 | loss 2.6195 | bpb  3.78 | ppl    13.73 | lr 1.95e-04
2025-05-30 18:18:06,008 | INFO | Gradient norm: 0.2228
2025-05-30 18:18:06,021 | INFO | Train batch  1400/10986 | ms/batch 207.31 | loss 2.5038 | bpb  3.61 | ppl    12.23 | lr 2.10e-04
2025-05-30 18:18:26,441 | INFO | Gradient norm: 0.1630
2025-05-30 18:18:26,453 | INFO | Train batch  1500/10986 | ms/batch 207.11 | loss 2.4017 | bpb  3.46 | ppl    11.04 | lr 2.25e-04
2025-05-30 18:18:46,874 | INFO | Gradient norm: 0.1303
2025-05-30 18:18:46,887 | INFO | Train batch  1600/10986 | ms/batch 206.94 | loss 2.3105 | bpb  3.33 | ppl    10.08 | lr 2.40e-04
2025-05-30 18:19:07,296 | INFO | Gradient norm: 0.1469
2025-05-30 18:19:07,308 | INFO | Train batch  1700/10986 | ms/batch 206.78 | loss 2.2298 | bpb  3.22 | ppl     9.30 | lr 2.55e-04
2025-05-30 18:19:27,733 | INFO | Gradient norm: 0.1108
2025-05-30 18:19:27,745 | INFO | Train batch  1800/10986 | ms/batch 206.65 | loss 2.1572 | bpb  3.11 | ppl     8.65 | lr 2.70e-04
2025-05-30 18:19:48,170 | INFO | Gradient norm: 0.1162
2025-05-30 18:19:48,182 | INFO | Train batch  1900/10986 | ms/batch 206.53 | loss 2.0918 | bpb  3.02 | ppl     8.10 | lr 2.85e-04
2025-05-30 18:20:08,587 | INFO | Gradient norm: 0.0913
2025-05-30 18:20:08,600 | INFO | Train batch  2000/10986 | ms/batch 206.41 | loss 2.0325 | bpb  2.93 | ppl     7.63 | lr 3.00e-04
2025-05-30 18:20:29,022 | INFO | Gradient norm: 0.0807
2025-05-30 18:20:29,034 | INFO | Train batch  2100/10986 | ms/batch 206.31 | loss 1.9787 | bpb  2.85 | ppl     7.23 | lr 3.00e-04
2025-05-30 18:20:49,454 | INFO | Gradient norm: 0.0823
2025-05-30 18:20:49,466 | INFO | Train batch  2200/10986 | ms/batch 206.22 | loss 1.9297 | bpb  2.78 | ppl     6.89 | lr 3.00e-04
2025-05-30 18:21:09,861 | INFO | Gradient norm: 0.0748
2025-05-30 18:21:09,874 | INFO | Train batch  2300/10986 | ms/batch 206.13 | loss 1.8849 | bpb  2.72 | ppl     6.59 | lr 3.00e-04
2025-05-30 18:21:30,276 | INFO | Gradient norm: 0.1036
2025-05-30 18:21:30,288 | INFO | Train batch  2400/10986 | ms/batch 206.04 | loss 1.8436 | bpb  2.66 | ppl     6.32 | lr 3.00e-04
2025-05-30 18:21:50,693 | INFO | Gradient norm: 0.0654
2025-05-30 18:21:50,705 | INFO | Train batch  2500/10986 | ms/batch 205.97 | loss 1.8056 | bpb  2.60 | ppl     6.08 | lr 3.00e-04
2025-05-30 18:22:11,110 | INFO | Gradient norm: 0.1122
2025-05-30 18:22:11,122 | INFO | Train batch  2600/10986 | ms/batch 205.90 | loss 1.7705 | bpb  2.55 | ppl     5.87 | lr 3.00e-04
2025-05-30 18:22:31,517 | INFO | Gradient norm: 0.0765
2025-05-30 18:22:31,530 | INFO | Train batch  2700/10986 | ms/batch 205.83 | loss 1.7380 | bpb  2.51 | ppl     5.69 | lr 3.00e-04
2025-05-30 18:22:51,938 | INFO | Gradient norm: 0.0509
2025-05-30 18:22:51,951 | INFO | Train batch  2800/10986 | ms/batch 205.77 | loss 1.7077 | bpb  2.46 | ppl     5.52 | lr 3.00e-04
2025-05-30 18:23:12,353 | INFO | Gradient norm: 0.0703
2025-05-30 18:23:12,366 | INFO | Train batch  2900/10986 | ms/batch 205.72 | loss 1.6795 | bpb  2.42 | ppl     5.36 | lr 3.00e-04
2025-05-30 18:23:32,755 | INFO | Gradient norm: 0.0440
2025-05-30 18:23:32,767 | INFO | Train batch  3000/10986 | ms/batch 205.66 | loss 1.6532 | bpb  2.39 | ppl     5.22 | lr 3.00e-04
2025-05-30 18:23:53,178 | INFO | Gradient norm: 0.0882
2025-05-30 18:23:53,190 | INFO | Train batch  3100/10986 | ms/batch 205.62 | loss 1.6285 | bpb  2.35 | ppl     5.10 | lr 3.00e-04
2025-05-30 18:24:13,594 | INFO | Gradient norm: 0.0561
2025-05-30 18:24:13,606 | INFO | Train batch  3200/10986 | ms/batch 205.57 | loss 1.6054 | bpb  2.32 | ppl     4.98 | lr 3.00e-04
2025-05-30 18:24:33,998 | INFO | Gradient norm: 0.0806
2025-05-30 18:24:34,011 | INFO | Train batch  3300/10986 | ms/batch 205.52 | loss 1.5837 | bpb  2.28 | ppl     4.87 | lr 3.00e-04
2025-05-30 18:24:54,421 | INFO | Gradient norm: 0.0917
2025-05-30 18:24:54,433 | INFO | Train batch  3400/10986 | ms/batch 205.49 | loss 1.5632 | bpb  2.26 | ppl     4.77 | lr 3.00e-04
2025-05-30 18:25:14,846 | INFO | Gradient norm: 0.0567
2025-05-30 18:25:14,859 | INFO | Train batch  3500/10986 | ms/batch 205.45 | loss 1.5439 | bpb  2.23 | ppl     4.68 | lr 3.00e-04
2025-05-30 18:25:35,248 | INFO | Gradient norm: 0.0422
2025-05-30 18:25:35,261 | INFO | Train batch  3600/10986 | ms/batch 205.41 | loss 1.5257 | bpb  2.20 | ppl     4.60 | lr 3.00e-04
2025-05-30 18:25:55,673 | INFO | Gradient norm: 0.0567
2025-05-30 18:25:55,685 | INFO | Train batch  3700/10986 | ms/batch 205.38 | loss 1.5084 | bpb  2.18 | ppl     4.52 | lr 3.00e-04
2025-05-30 18:26:16,091 | INFO | Gradient norm: 0.0480
2025-05-30 18:26:16,104 | INFO | Train batch  3800/10986 | ms/batch 205.35 | loss 1.4921 | bpb  2.15 | ppl     4.45 | lr 3.00e-04
2025-05-30 18:26:36,493 | INFO | Gradient norm: 0.0556
2025-05-30 18:26:36,506 | INFO | Train batch  3900/10986 | ms/batch 205.31 | loss 1.4765 | bpb  2.13 | ppl     4.38 | lr 3.00e-04
2025-05-30 18:26:56,914 | INFO | Gradient norm: 0.0557
2025-05-30 18:26:56,926 | INFO | Train batch  4000/10986 | ms/batch 205.29 | loss 1.4617 | bpb  2.11 | ppl     4.31 | lr 3.00e-04
2025-05-30 18:27:17,334 | INFO | Gradient norm: 0.0829
2025-05-30 18:27:17,347 | INFO | Train batch  4100/10986 | ms/batch 205.26 | loss 1.4477 | bpb  2.09 | ppl     4.25 | lr 3.00e-04
2025-05-30 18:27:37,736 | INFO | Gradient norm: 0.0698
2025-05-30 18:27:37,749 | INFO | Train batch  4200/10986 | ms/batch 205.23 | loss 1.4343 | bpb  2.07 | ppl     4.20 | lr 3.00e-04
2025-05-30 18:27:58,153 | INFO | Gradient norm: 0.0591
2025-05-30 18:27:58,166 | INFO | Train batch  4300/10986 | ms/batch 205.21 | loss 1.4216 | bpb  2.05 | ppl     4.14 | lr 3.00e-04
2025-05-30 18:28:18,581 | INFO | Gradient norm: 0.0429
2025-05-30 18:28:18,594 | INFO | Train batch  4400/10986 | ms/batch 205.18 | loss 1.4094 | bpb  2.03 | ppl     4.09 | lr 3.00e-04
2025-05-30 18:28:38,983 | INFO | Gradient norm: 0.0515
2025-05-30 18:28:38,995 | INFO | Train batch  4500/10986 | ms/batch 205.16 | loss 1.3978 | bpb  2.02 | ppl     4.05 | lr 3.00e-04
2025-05-30 18:28:59,398 | INFO | Gradient norm: 0.0696
2025-05-30 18:28:59,411 | INFO | Train batch  4600/10986 | ms/batch 205.14 | loss 1.3866 | bpb  2.00 | ppl     4.00 | lr 3.00e-04
2025-05-30 18:29:19,817 | INFO | Gradient norm: 0.0497
2025-05-30 18:29:19,829 | INFO | Train batch  4700/10986 | ms/batch 205.12 | loss 1.3759 | bpb  1.99 | ppl     3.96 | lr 3.00e-04
2025-05-30 18:29:40,230 | INFO | Gradient norm: 0.0326
2025-05-30 18:29:40,242 | INFO | Train batch  4800/10986 | ms/batch 205.10 | loss 1.3657 | bpb  1.97 | ppl     3.92 | lr 3.00e-04
2025-05-30 18:30:00,649 | INFO | Gradient norm: 0.0371
2025-05-30 18:30:00,661 | INFO | Train batch  4900/10986 | ms/batch 205.08 | loss 1.3559 | bpb  1.96 | ppl     3.88 | lr 3.00e-04
2025-05-30 18:30:21,061 | INFO | Gradient norm: 0.0338
2025-05-30 18:30:21,073 | INFO | Train batch  5000/10986 | ms/batch 205.06 | loss 1.3464 | bpb  1.94 | ppl     3.84 | lr 3.00e-04
2025-05-30 18:30:41,483 | INFO | Gradient norm: 0.0341
2025-05-30 18:30:41,495 | INFO | Train batch  5100/10986 | ms/batch 205.04 | loss 1.3374 | bpb  1.93 | ppl     3.81 | lr 3.00e-04
2025-05-30 18:31:01,896 | INFO | Gradient norm: 0.0522
2025-05-30 18:31:01,908 | INFO | Train batch  5200/10986 | ms/batch 205.02 | loss 1.3287 | bpb  1.92 | ppl     3.78 | lr 3.00e-04
2025-05-30 18:31:22,309 | INFO | Gradient norm: 0.0734
2025-05-30 18:31:22,321 | INFO | Train batch  5300/10986 | ms/batch 205.01 | loss 1.3203 | bpb  1.90 | ppl     3.74 | lr 3.00e-04
2025-05-30 18:31:42,724 | INFO | Gradient norm: 0.0407
2025-05-30 18:31:42,736 | INFO | Train batch  5400/10986 | ms/batch 204.99 | loss 1.3122 | bpb  1.89 | ppl     3.71 | lr 3.00e-04
2025-05-30 18:32:03,136 | INFO | Gradient norm: 0.0731
2025-05-30 18:32:03,148 | INFO | Train batch  5500/10986 | ms/batch 204.98 | loss 1.3044 | bpb  1.88 | ppl     3.69 | lr 3.00e-04
2025-05-30 18:32:23,550 | INFO | Gradient norm: 0.0414
2025-05-30 18:32:23,563 | INFO | Train batch  5600/10986 | ms/batch 204.96 | loss 1.2969 | bpb  1.87 | ppl     3.66 | lr 3.00e-04
2025-05-30 18:32:43,968 | INFO | Gradient norm: 0.0510
2025-05-30 18:32:43,981 | INFO | Train batch  5700/10986 | ms/batch 204.95 | loss 1.2896 | bpb  1.86 | ppl     3.63 | lr 3.00e-04
2025-05-30 18:33:04,379 | INFO | Gradient norm: 0.0588
2025-05-30 18:33:04,392 | INFO | Train batch  5800/10986 | ms/batch 204.93 | loss 1.2826 | bpb  1.85 | ppl     3.61 | lr 3.00e-04
2025-05-30 18:33:24,794 | INFO | Gradient norm: 0.0490
2025-05-30 18:33:24,806 | INFO | Train batch  5900/10986 | ms/batch 204.92 | loss 1.2759 | bpb  1.84 | ppl     3.58 | lr 3.00e-04
2025-05-30 18:33:45,211 | INFO | Gradient norm: 0.0506
2025-05-30 18:33:45,223 | INFO | Train batch  6000/10986 | ms/batch 204.91 | loss 1.2693 | bpb  1.83 | ppl     3.56 | lr 3.00e-04
2025-05-30 18:34:05,623 | INFO | Gradient norm: 0.0230
2025-05-30 18:34:05,635 | INFO | Train batch  6100/10986 | ms/batch 204.89 | loss 1.2630 | bpb  1.82 | ppl     3.54 | lr 3.00e-04
2025-05-30 18:34:26,037 | INFO | Gradient norm: 0.0737
2025-05-30 18:34:26,049 | INFO | Train batch  6200/10986 | ms/batch 204.88 | loss 1.2569 | bpb  1.81 | ppl     3.51 | lr 3.00e-04
2025-05-30 18:34:46,455 | INFO | Gradient norm: 0.0362
2025-05-30 18:34:46,467 | INFO | Train batch  6300/10986 | ms/batch 204.87 | loss 1.2510 | bpb  1.80 | ppl     3.49 | lr 3.00e-04
2025-05-30 18:35:06,863 | INFO | Gradient norm: 0.0332
2025-05-30 18:35:06,876 | INFO | Train batch  6400/10986 | ms/batch 204.86 | loss 1.2452 | bpb  1.80 | ppl     3.47 | lr 3.00e-04
2025-05-30 18:35:27,278 | INFO | Gradient norm: 0.0405
2025-05-30 18:35:27,290 | INFO | Train batch  6500/10986 | ms/batch 204.85 | loss 1.2396 | bpb  1.79 | ppl     3.45 | lr 3.00e-04
2025-05-30 18:35:47,696 | INFO | Gradient norm: 0.0384
2025-05-30 18:35:47,708 | INFO | Train batch  6600/10986 | ms/batch 204.84 | loss 1.2343 | bpb  1.78 | ppl     3.44 | lr 3.00e-04
2025-05-30 18:36:08,102 | INFO | Gradient norm: 0.0283
2025-05-30 18:36:08,114 | INFO | Train batch  6700/10986 | ms/batch 204.83 | loss 1.2290 | bpb  1.77 | ppl     3.42 | lr 3.00e-04
2025-05-30 18:36:28,523 | INFO | Gradient norm: 0.0210
2025-05-30 18:36:28,535 | INFO | Train batch  6800/10986 | ms/batch 204.82 | loss 1.2239 | bpb  1.77 | ppl     3.40 | lr 3.00e-04
2025-05-30 18:36:48,941 | INFO | Gradient norm: 0.0429
2025-05-30 18:36:48,953 | INFO | Train batch  6900/10986 | ms/batch 204.81 | loss 1.2190 | bpb  1.76 | ppl     3.38 | lr 3.00e-04
2025-05-30 18:37:09,348 | INFO | Gradient norm: 0.0350
2025-05-30 18:37:09,361 | INFO | Train batch  7000/10986 | ms/batch 204.80 | loss 1.2142 | bpb  1.75 | ppl     3.37 | lr 3.00e-04
2025-05-30 18:37:29,766 | INFO | Gradient norm: 0.0315
2025-05-30 18:37:29,779 | INFO | Train batch  7100/10986 | ms/batch 204.79 | loss 1.2095 | bpb  1.75 | ppl     3.35 | lr 3.00e-04
2025-05-30 18:37:50,179 | INFO | Gradient norm: 0.0460
2025-05-30 18:37:50,191 | INFO | Train batch  7200/10986 | ms/batch 204.78 | loss 1.2050 | bpb  1.74 | ppl     3.34 | lr 3.00e-04
2025-05-30 18:38:10,579 | INFO | Gradient norm: 0.0160
2025-05-30 18:38:10,591 | INFO | Train batch  7300/10986 | ms/batch 204.77 | loss 1.2006 | bpb  1.73 | ppl     3.32 | lr 3.00e-04
2025-05-30 18:38:31,000 | INFO | Gradient norm: 0.0297
2025-05-30 18:38:31,012 | INFO | Train batch  7400/10986 | ms/batch 204.76 | loss 1.1963 | bpb  1.73 | ppl     3.31 | lr 3.00e-04
2025-05-30 18:38:51,417 | INFO | Gradient norm: 0.0221
2025-05-30 18:38:51,429 | INFO | Train batch  7500/10986 | ms/batch 204.75 | loss 1.1921 | bpb  1.72 | ppl     3.29 | lr 3.00e-04
2025-05-30 18:39:11,818 | INFO | Gradient norm: 0.0307
2025-05-30 18:39:11,830 | INFO | Train batch  7600/10986 | ms/batch 204.74 | loss 1.1880 | bpb  1.71 | ppl     3.28 | lr 3.00e-04
2025-05-30 18:39:32,238 | INFO | Gradient norm: 0.0488
2025-05-30 18:39:32,250 | INFO | Train batch  7700/10986 | ms/batch 204.74 | loss 1.1841 | bpb  1.71 | ppl     3.27 | lr 3.00e-04
2025-05-30 18:39:52,650 | INFO | Gradient norm: 0.0228
2025-05-30 18:39:52,662 | INFO | Train batch  7800/10986 | ms/batch 204.73 | loss 1.1802 | bpb  1.70 | ppl     3.26 | lr 3.00e-04
2025-05-30 18:40:13,053 | INFO | Gradient norm: 0.0184
2025-05-30 18:40:13,065 | INFO | Train batch  7900/10986 | ms/batch 204.72 | loss 1.1765 | bpb  1.70 | ppl     3.24 | lr 3.00e-04
2025-05-30 18:40:33,473 | INFO | Gradient norm: 0.0262
2025-05-30 18:40:33,486 | INFO | Train batch  8000/10986 | ms/batch 204.71 | loss 1.1728 | bpb  1.69 | ppl     3.23 | lr 3.00e-04
2025-05-30 18:40:53,888 | INFO | Gradient norm: 0.0332
2025-05-30 18:40:53,901 | INFO | Train batch  8100/10986 | ms/batch 204.71 | loss 1.1692 | bpb  1.69 | ppl     3.22 | lr 3.00e-04
2025-05-30 18:41:14,288 | INFO | Gradient norm: 0.0367
2025-05-30 18:41:14,300 | INFO | Train batch  8200/10986 | ms/batch 204.70 | loss 1.1657 | bpb  1.68 | ppl     3.21 | lr 3.00e-04
2025-05-30 18:41:34,704 | INFO | Gradient norm: 0.0534
2025-05-30 18:41:34,717 | INFO | Train batch  8300/10986 | ms/batch 204.69 | loss 1.1623 | bpb  1.68 | ppl     3.20 | lr 3.00e-04
2025-05-30 18:41:55,118 | INFO | Gradient norm: 0.0333
2025-05-30 18:41:55,130 | INFO | Train batch  8400/10986 | ms/batch 204.68 | loss 1.1590 | bpb  1.67 | ppl     3.19 | lr 3.00e-04
2025-05-30 18:42:15,525 | INFO | Gradient norm: 0.0513
2025-05-30 18:42:15,537 | INFO | Train batch  8500/10986 | ms/batch 204.68 | loss 1.1557 | bpb  1.67 | ppl     3.18 | lr 3.00e-04
2025-05-30 18:42:35,937 | INFO | Gradient norm: 0.0349
2025-05-30 18:42:35,949 | INFO | Train batch  8600/10986 | ms/batch 204.67 | loss 1.1525 | bpb  1.66 | ppl     3.17 | lr 3.00e-04
2025-05-30 18:42:56,351 | INFO | Gradient norm: 0.0301
2025-05-30 18:42:56,363 | INFO | Train batch  8700/10986 | ms/batch 204.66 | loss 1.1494 | bpb  1.66 | ppl     3.16 | lr 3.00e-04
2025-05-30 18:43:16,749 | INFO | Gradient norm: 0.0292
2025-05-30 18:43:16,761 | INFO | Train batch  8800/10986 | ms/batch 204.66 | loss 1.1464 | bpb  1.65 | ppl     3.15 | lr 3.00e-04
2025-05-30 18:43:37,159 | INFO | Gradient norm: 0.0515
2025-05-30 18:43:37,172 | INFO | Train batch  8900/10986 | ms/batch 204.65 | loss 1.1434 | bpb  1.65 | ppl     3.14 | lr 3.00e-04
2025-05-30 18:43:57,574 | INFO | Gradient norm: 0.0155
2025-05-30 18:43:57,586 | INFO | Train batch  9000/10986 | ms/batch 204.64 | loss 1.1405 | bpb  1.65 | ppl     3.13 | lr 3.00e-04
2025-05-30 18:44:17,971 | INFO | Gradient norm: 0.0306
2025-05-30 18:44:17,983 | INFO | Train batch  9100/10986 | ms/batch 204.64 | loss 1.1377 | bpb  1.64 | ppl     3.12 | lr 3.00e-04
2025-05-30 18:44:38,376 | INFO | Gradient norm: 0.0628
2025-05-30 18:44:38,388 | INFO | Train batch  9200/10986 | ms/batch 204.63 | loss 1.1349 | bpb  1.64 | ppl     3.11 | lr 3.00e-04
2025-05-30 18:44:58,786 | INFO | Gradient norm: 0.0529
2025-05-30 18:44:58,799 | INFO | Train batch  9300/10986 | ms/batch 204.63 | loss 1.1322 | bpb  1.63 | ppl     3.10 | lr 3.00e-04
2025-05-30 18:45:19,184 | INFO | Gradient norm: 0.0219
2025-05-30 18:45:19,196 | INFO | Train batch  9400/10986 | ms/batch 204.62 | loss 1.1295 | bpb  1.63 | ppl     3.09 | lr 3.00e-04
2025-05-30 18:45:39,590 | INFO | Gradient norm: 0.0148
2025-05-30 18:45:39,603 | INFO | Train batch  9500/10986 | ms/batch 204.61 | loss 1.1269 | bpb  1.63 | ppl     3.09 | lr 3.00e-04
2025-05-30 18:46:00,003 | INFO | Gradient norm: 0.0167
2025-05-30 18:46:00,015 | INFO | Train batch  9600/10986 | ms/batch 204.61 | loss 1.1244 | bpb  1.62 | ppl     3.08 | lr 3.00e-04
2025-05-30 18:46:20,399 | INFO | Gradient norm: 0.0281
2025-05-30 18:46:20,411 | INFO | Train batch  9700/10986 | ms/batch 204.60 | loss 1.1219 | bpb  1.62 | ppl     3.07 | lr 3.00e-04
2025-05-30 18:46:40,803 | INFO | Gradient norm: 0.0169
2025-05-30 18:46:40,815 | INFO | Train batch  9800/10986 | ms/batch 204.60 | loss 1.1194 | bpb  1.61 | ppl     3.06 | lr 3.00e-04
2025-05-30 18:47:01,206 | INFO | Gradient norm: 0.0123
2025-05-30 18:47:01,218 | INFO | Train batch  9900/10986 | ms/batch 204.59 | loss 1.1170 | bpb  1.61 | ppl     3.06 | lr 3.00e-04
2025-05-30 18:47:21,599 | INFO | Gradient norm: 0.0347
2025-05-30 18:47:21,611 | INFO | Train batch 10000/10986 | ms/batch 204.58 | loss 1.1147 | bpb  1.61 | ppl     3.05 | lr 3.00e-04
2025-05-30 18:47:41,999 | INFO | Gradient norm: 0.0358
2025-05-30 18:47:42,012 | INFO | Train batch 10100/10986 | ms/batch 204.58 | loss 1.1124 | bpb  1.60 | ppl     3.04 | lr 3.00e-04
2025-05-30 18:48:02,402 | INFO | Gradient norm: 0.0356
2025-05-30 18:48:02,414 | INFO | Train batch 10200/10986 | ms/batch 204.57 | loss 1.1101 | bpb  1.60 | ppl     3.03 | lr 3.00e-04
2025-05-30 18:48:22,793 | INFO | Gradient norm: 0.0312
2025-05-30 18:48:22,805 | INFO | Train batch 10300/10986 | ms/batch 204.57 | loss 1.1079 | bpb  1.60 | ppl     3.03 | lr 3.00e-04
2025-05-30 18:48:43,203 | INFO | Gradient norm: 0.0124
2025-05-30 18:48:43,215 | INFO | Train batch 10400/10986 | ms/batch 204.56 | loss 1.1057 | bpb  1.60 | ppl     3.02 | lr 3.00e-04
2025-05-30 18:49:03,595 | INFO | Gradient norm: 0.0226
2025-05-30 18:49:03,607 | INFO | Train batch 10500/10986 | ms/batch 204.55 | loss 1.1036 | bpb  1.59 | ppl     3.01 | lr 3.00e-04
2025-05-30 18:49:23,988 | INFO | Gradient norm: 0.0268
2025-05-30 18:49:24,000 | INFO | Train batch 10600/10986 | ms/batch 204.55 | loss 1.1015 | bpb  1.59 | ppl     3.01 | lr 3.00e-04
2025-05-30 18:49:44,400 | INFO | Gradient norm: 0.0114
2025-05-30 18:49:44,412 | INFO | Train batch 10700/10986 | ms/batch 204.54 | loss 1.0995 | bpb  1.59 | ppl     3.00 | lr 3.00e-04
2025-05-30 18:50:04,792 | INFO | Gradient norm: 0.0249
2025-05-30 18:50:04,804 | INFO | Train batch 10800/10986 | ms/batch 204.54 | loss 1.0974 | bpb  1.58 | ppl     3.00 | lr 3.00e-04
2025-05-30 18:50:25,184 | INFO | Gradient norm: 0.0451
2025-05-30 18:50:25,196 | INFO | Train batch 10900/10986 | ms/batch 204.53 | loss 1.0955 | bpb  1.58 | ppl     2.99 | lr 3.00e-04
2025-05-30 18:51:55,706 | INFO | Epoch   0 | time: 2320.13s | train bpb  1.58 | valid bpb  1.28
2025-05-30 18:51:56,299 | INFO | Saved new best model with validation bpb:  1.28
2025-05-30 18:51:57,101 | INFO | Input shape: torch.Size([16, 511]), Target shape: torch.Size([16, 511])
2025-05-30 18:51:57,101 | INFO | Input range: [10, 226]
2025-05-30 18:51:57,101 | INFO | Target range: [10, 226]
2025-05-30 18:51:57,139 | INFO | Output shape: torch.Size([8176, 256]), Reshaped target shape: torch.Size([8176])
2025-05-30 18:51:57,140 | INFO | Output range: [-4.4140625, 8.4921875]
2025-05-30 18:51:57,140 | INFO | Sample probabilities: max=0.9095008373260498, min=0.00021767476573586464
2025-05-30 18:51:57,141 | INFO | Raw loss value: 0.8815767765045166
2025-05-30 18:51:57,141 | INFO | Batch 0 loss stats - Mean: -0.1990, Std: 0.5752
2025-05-30 18:51:57,289 | INFO | Gradient norm: 0.0333
2025-05-30 18:51:57,302 | INFO | Train batch     0/10986 | ms/batch 201.42 | loss 0.8816 | bpb  1.27 | ppl     2.41 | lr 3.00e-04
2025-05-30 18:52:17,683 | INFO | Gradient norm: 0.0394
2025-05-30 18:52:17,695 | INFO | Train batch   100/10986 | ms/batch 203.91 | loss 0.8838 | bpb  1.28 | ppl     2.42 | lr 3.00e-04
2025-05-30 18:52:38,062 | INFO | Gradient norm: 0.0251
2025-05-30 18:52:38,074 | INFO | Train batch   200/10986 | ms/batch 203.85 | loss 0.8831 | bpb  1.27 | ppl     2.42 | lr 3.00e-04
2025-05-30 18:52:58,443 | INFO | Gradient norm: 0.0194
2025-05-30 18:52:58,455 | INFO | Train batch   300/10986 | ms/batch 203.84 | loss 0.8826 | bpb  1.27 | ppl     2.42 | lr 3.00e-04
2025-05-30 18:53:18,838 | INFO | Gradient norm: 0.0356
2025-05-30 18:53:18,851 | INFO | Train batch   400/10986 | ms/batch 203.87 | loss 0.8823 | bpb  1.27 | ppl     2.42 | lr 3.00e-04
2025-05-30 18:53:39,220 | INFO | Gradient norm: 0.0123
2025-05-30 18:53:39,233 | INFO | Train batch   500/10986 | ms/batch 203.86 | loss 0.8822 | bpb  1.27 | ppl     2.42 | lr 3.00e-04
2025-05-30 18:53:59,602 | INFO | Gradient norm: 0.0121
2025-05-30 18:53:59,614 | INFO | Train batch   600/10986 | ms/batch 203.85 | loss 0.8821 | bpb  1.27 | ppl     2.42 | lr 3.00e-04
2025-05-30 18:54:19,993 | INFO | Gradient norm: 0.0124
2025-05-30 18:54:20,006 | INFO | Train batch   700/10986 | ms/batch 203.86 | loss 0.8821 | bpb  1.27 | ppl     2.42 | lr 3.00e-04
2025-05-30 18:54:40,371 | INFO | Gradient norm: 0.0438
2025-05-30 18:54:40,384 | INFO | Train batch   800/10986 | ms/batch 203.85 | loss 0.8820 | bpb  1.27 | ppl     2.42 | lr 3.00e-04
2025-05-30 18:55:00,750 | INFO | Gradient norm: 0.0201
2025-05-30 18:55:00,762 | INFO | Train batch   900/10986 | ms/batch 203.84 | loss 0.8820 | bpb  1.27 | ppl     2.42 | lr 3.00e-04
2025-05-30 18:55:21,142 | INFO | Gradient norm: 0.0113
2025-05-30 18:55:21,154 | INFO | Train batch  1000/10986 | ms/batch 203.85 | loss 0.8819 | bpb  1.27 | ppl     2.42 | lr 3.00e-04
2025-05-30 18:55:41,518 | INFO | Gradient norm: 0.0344
2025-05-30 18:55:41,530 | INFO | Train batch  1100/10986 | ms/batch 203.84 | loss 0.8819 | bpb  1.27 | ppl     2.42 | lr 3.00e-04
2025-05-30 18:56:01,898 | INFO | Gradient norm: 0.0167
2025-05-30 18:56:01,910 | INFO | Train batch  1200/10986 | ms/batch 203.84 | loss 0.8819 | bpb  1.27 | ppl     2.42 | lr 3.00e-04
2025-05-30 18:56:22,291 | INFO | Gradient norm: 0.0413
2025-05-30 18:56:22,303 | INFO | Train batch  1300/10986 | ms/batch 203.85 | loss 0.8818 | bpb  1.27 | ppl     2.42 | lr 3.00e-04
2025-05-30 18:56:42,665 | INFO | Gradient norm: 0.0267
2025-05-30 18:56:42,678 | INFO | Train batch  1400/10986 | ms/batch 203.84 | loss 0.8818 | bpb  1.27 | ppl     2.42 | lr 3.00e-04
2025-05-30 18:57:03,043 | INFO | Gradient norm: 0.0372
2025-05-30 18:57:03,056 | INFO | Train batch  1500/10986 | ms/batch 203.83 | loss 0.8818 | bpb  1.27 | ppl     2.42 | lr 3.00e-04
2025-05-30 18:57:23,438 | INFO | Gradient norm: 0.0319
2025-05-30 18:57:23,450 | INFO | Train batch  1600/10986 | ms/batch 203.84 | loss 0.8818 | bpb  1.27 | ppl     2.42 | lr 3.00e-04
2025-05-30 18:57:43,814 | INFO | Gradient norm: 0.0241
2025-05-30 18:57:43,826 | INFO | Train batch  1700/10986 | ms/batch 203.84 | loss 0.8818 | bpb  1.27 | ppl     2.42 | lr 3.00e-04
2025-05-30 18:58:04,193 | INFO | Gradient norm: 0.0251
2025-05-30 18:58:04,205 | INFO | Train batch  1800/10986 | ms/batch 203.83 | loss 0.8818 | bpb  1.27 | ppl     2.42 | lr 3.00e-04
2025-05-30 18:58:24,582 | INFO | Gradient norm: 0.0277
2025-05-30 18:58:24,594 | INFO | Train batch  1900/10986 | ms/batch 203.84 | loss 0.8818 | bpb  1.27 | ppl     2.42 | lr 3.00e-04
2025-05-30 18:58:44,958 | INFO | Gradient norm: 0.0356
2025-05-30 18:58:44,970 | INFO | Train batch  2000/10986 | ms/batch 203.83 | loss 0.8818 | bpb  1.27 | ppl     2.42 | lr 3.00e-04
2025-05-30 18:59:05,337 | INFO | Gradient norm: 0.0177
2025-05-30 18:59:05,350 | INFO | Train batch  2100/10986 | ms/batch 203.83 | loss 0.8818 | bpb  1.27 | ppl     2.42 | lr 3.00e-04
2025-05-30 18:59:25,731 | INFO | Gradient norm: 0.0235
2025-05-30 18:59:25,743 | INFO | Train batch  2200/10986 | ms/batch 203.84 | loss 0.8818 | bpb  1.27 | ppl     2.42 | lr 3.00e-04
2025-05-30 18:59:46,112 | INFO | Gradient norm: 0.0257
2025-05-30 18:59:46,125 | INFO | Train batch  2300/10986 | ms/batch 203.83 | loss 0.8818 | bpb  1.27 | ppl     2.42 | lr 3.00e-04
2025-05-30 19:00:06,479 | INFO | Gradient norm: 0.0306
2025-05-30 19:00:06,491 | INFO | Train batch  2400/10986 | ms/batch 203.83 | loss 0.8818 | bpb  1.27 | ppl     2.42 | lr 3.00e-04
2025-05-30 19:00:26,853 | INFO | Gradient norm: 0.0164
2025-05-30 19:00:26,865 | INFO | Train batch  2500/10986 | ms/batch 203.82 | loss 0.8817 | bpb  1.27 | ppl     2.42 | lr 3.00e-04
2025-05-30 19:00:47,210 | INFO | Gradient norm: 0.0132
2025-05-30 19:00:47,223 | INFO | Train batch  2600/10986 | ms/batch 203.81 | loss 0.8817 | bpb  1.27 | ppl     2.42 | lr 3.00e-04
2025-05-30 19:01:07,568 | INFO | Gradient norm: 0.0365
2025-05-30 19:01:07,580 | INFO | Train batch  2700/10986 | ms/batch 203.81 | loss 0.8817 | bpb  1.27 | ppl     2.42 | lr 3.00e-04
2025-05-30 19:01:27,939 | INFO | Gradient norm: 0.0279
2025-05-30 19:01:27,951 | INFO | Train batch  2800/10986 | ms/batch 203.80 | loss 0.8817 | bpb  1.27 | ppl     2.42 | lr 3.00e-04
2025-05-30 19:01:48,298 | INFO | Gradient norm: 0.0209
2025-05-30 19:01:48,310 | INFO | Train batch  2900/10986 | ms/batch 203.80 | loss 0.8817 | bpb  1.27 | ppl     2.42 | lr 3.00e-04
2025-05-30 19:02:08,655 | INFO | Gradient norm: 0.0378
2025-05-30 19:02:08,668 | INFO | Train batch  3000/10986 | ms/batch 203.79 | loss 0.8817 | bpb  1.27 | ppl     2.42 | lr 3.00e-04
2025-05-30 19:02:29,027 | INFO | Gradient norm: 0.0155
2025-05-30 19:02:29,040 | INFO | Train batch  3100/10986 | ms/batch 203.79 | loss 0.8817 | bpb  1.27 | ppl     2.41 | lr 3.00e-04
2025-05-30 19:02:49,387 | INFO | Gradient norm: 0.0128
2025-05-30 19:02:49,400 | INFO | Train batch  3200/10986 | ms/batch 203.78 | loss 0.8817 | bpb  1.27 | ppl     2.41 | lr 3.00e-04
2025-05-30 19:03:09,756 | INFO | Gradient norm: 0.0127
2025-05-30 19:03:09,769 | INFO | Train batch  3300/10986 | ms/batch 203.78 | loss 0.8817 | bpb  1.27 | ppl     2.41 | lr 3.00e-04
2025-05-30 19:03:30,113 | INFO | Gradient norm: 0.0149
2025-05-30 19:03:30,125 | INFO | Train batch  3400/10986 | ms/batch 203.77 | loss 0.8817 | bpb  1.27 | ppl     2.41 | lr 3.00e-04
2025-05-30 19:03:50,473 | INFO | Gradient norm: 0.0230
2025-05-30 19:03:50,485 | INFO | Train batch  3500/10986 | ms/batch 203.77 | loss 0.8817 | bpb  1.27 | ppl     2.41 | lr 3.00e-04
2025-05-30 19:04:10,846 | INFO | Gradient norm: 0.0123
2025-05-30 19:04:10,858 | INFO | Train batch  3600/10986 | ms/batch 203.76 | loss 0.8817 | bpb  1.27 | ppl     2.41 | lr 3.00e-04
2025-05-30 19:04:31,205 | INFO | Gradient norm: 0.0118
2025-05-30 19:04:31,217 | INFO | Train batch  3700/10986 | ms/batch 203.76 | loss 0.8817 | bpb  1.27 | ppl     2.41 | lr 3.00e-04
2025-05-30 19:04:51,566 | INFO | Gradient norm: 0.0156
2025-05-30 19:04:51,578 | INFO | Train batch  3800/10986 | ms/batch 203.76 | loss 0.8817 | bpb  1.27 | ppl     2.41 | lr 3.00e-04
2025-05-30 19:05:11,938 | INFO | Gradient norm: 0.0151
2025-05-30 19:05:11,950 | INFO | Train batch  3900/10986 | ms/batch 203.76 | loss 0.8816 | bpb  1.27 | ppl     2.41 | lr 3.00e-04
2025-05-30 19:05:32,295 | INFO | Gradient norm: 0.0211
2025-05-30 19:05:32,307 | INFO | Train batch  4000/10986 | ms/batch 203.75 | loss 0.8816 | bpb  1.27 | ppl     2.41 | lr 3.00e-04
2025-05-30 19:05:52,654 | INFO | Gradient norm: 0.0235
2025-05-30 19:05:52,666 | INFO | Train batch  4100/10986 | ms/batch 203.75 | loss 0.8816 | bpb  1.27 | ppl     2.41 | lr 3.00e-04
2025-05-30 19:06:13,027 | INFO | Gradient norm: 0.0112
2025-05-30 19:06:13,039 | INFO | Train batch  4200/10986 | ms/batch 203.75 | loss 0.8816 | bpb  1.27 | ppl     2.41 | lr 3.00e-04
2025-05-30 19:06:33,390 | INFO | Gradient norm: 0.0364
2025-05-30 19:06:33,402 | INFO | Train batch  4300/10986 | ms/batch 203.74 | loss 0.8816 | bpb  1.27 | ppl     2.41 | lr 3.00e-04
2025-05-30 19:06:53,750 | INFO | Gradient norm: 0.0165
2025-05-30 19:06:53,762 | INFO | Train batch  4400/10986 | ms/batch 203.74 | loss 0.8816 | bpb  1.27 | ppl     2.41 | lr 3.00e-04
2025-05-30 19:07:14,124 | INFO | Gradient norm: 0.0153
2025-05-30 19:07:14,136 | INFO | Train batch  4500/10986 | ms/batch 203.74 | loss 0.8816 | bpb  1.27 | ppl     2.41 | lr 3.00e-04
2025-05-30 19:07:34,483 | INFO | Gradient norm: 0.0396
2025-05-30 19:07:34,496 | INFO | Train batch  4600/10986 | ms/batch 203.74 | loss 0.8816 | bpb  1.27 | ppl     2.41 | lr 3.00e-04
2025-05-30 19:07:54,844 | INFO | Gradient norm: 0.0394
2025-05-30 19:07:54,857 | INFO | Train batch  4700/10986 | ms/batch 203.73 | loss 0.8816 | bpb  1.27 | ppl     2.41 | lr 3.00e-04
2025-05-30 19:08:15,217 | INFO | Gradient norm: 0.0366
2025-05-30 19:08:15,229 | INFO | Train batch  4800/10986 | ms/batch 203.73 | loss 0.8816 | bpb  1.27 | ppl     2.41 | lr 3.00e-04
2025-05-30 19:08:35,577 | INFO | Gradient norm: 0.0256
2025-05-30 19:08:35,589 | INFO | Train batch  4900/10986 | ms/batch 203.73 | loss 0.8816 | bpb  1.27 | ppl     2.41 | lr 3.00e-04
2025-05-30 19:08:55,383 | INFO | Gradient norm: 0.0212
2025-05-30 19:08:55,391 | INFO | Train batch  5000/10986 | ms/batch 203.62 | loss 0.8816 | bpb  1.27 | ppl     2.41 | lr 3.00e-04
2025-05-30 19:09:15,113 | INFO | Gradient norm: 0.0317
2025-05-30 19:09:15,121 | INFO | Train batch  5100/10986 | ms/batch 203.49 | loss 0.8816 | bpb  1.27 | ppl     2.41 | lr 3.00e-04
2025-05-30 19:09:34,847 | INFO | Gradient norm: 0.0157
2025-05-30 19:09:34,855 | INFO | Train batch  5200/10986 | ms/batch 203.38 | loss 0.8816 | bpb  1.27 | ppl     2.41 | lr 3.00e-04
2025-05-30 19:09:54,599 | INFO | Gradient norm: 0.0312
2025-05-30 19:09:54,607 | INFO | Train batch  5300/10986 | ms/batch 203.26 | loss 0.8816 | bpb  1.27 | ppl     2.41 | lr 3.00e-04
2025-05-30 19:10:14,339 | INFO | Gradient norm: 0.0115
2025-05-30 19:10:14,346 | INFO | Train batch  5400/10986 | ms/batch 203.16 | loss 0.8816 | bpb  1.27 | ppl     2.41 | lr 3.00e-04
2025-05-30 19:10:34,079 | INFO | Gradient norm: 0.0218
2025-05-30 19:10:34,087 | INFO | Train batch  5500/10986 | ms/batch 203.05 | loss 0.8816 | bpb  1.27 | ppl     2.41 | lr 2.99e-04
2025-05-30 19:10:53,831 | INFO | Gradient norm: 0.0191
2025-05-30 19:10:53,839 | INFO | Train batch  5600/10986 | ms/batch 202.95 | loss 0.8816 | bpb  1.27 | ppl     2.41 | lr 2.99e-04
2025-05-30 19:11:13,570 | INFO | Gradient norm: 0.0279
2025-05-30 19:11:13,578 | INFO | Train batch  5700/10986 | ms/batch 202.86 | loss 0.8815 | bpb  1.27 | ppl     2.41 | lr 2.99e-04
2025-05-30 19:11:33,307 | INFO | Gradient norm: 0.0161
2025-05-30 19:11:33,315 | INFO | Train batch  5800/10986 | ms/batch 202.76 | loss 0.8815 | bpb  1.27 | ppl     2.41 | lr 2.99e-04
2025-05-30 19:11:53,057 | INFO | Gradient norm: 0.0381
2025-05-30 19:11:53,065 | INFO | Train batch  5900/10986 | ms/batch 202.67 | loss 0.8815 | bpb  1.27 | ppl     2.41 | lr 2.99e-04
2025-05-30 19:12:12,795 | INFO | Gradient norm: 0.0112
2025-05-30 19:12:12,802 | INFO | Train batch  6000/10986 | ms/batch 202.58 | loss 0.8815 | bpb  1.27 | ppl     2.41 | lr 2.99e-04
2025-05-30 19:12:32,535 | INFO | Gradient norm: 0.0148
2025-05-30 19:12:32,543 | INFO | Train batch  6100/10986 | ms/batch 202.50 | loss 0.8815 | bpb  1.27 | ppl     2.41 | lr 2.99e-04
2025-05-30 19:12:52,285 | INFO | Gradient norm: 0.0279
2025-05-30 19:12:52,292 | INFO | Train batch  6200/10986 | ms/batch 202.42 | loss 0.8815 | bpb  1.27 | ppl     2.41 | lr 2.99e-04
2025-05-30 19:13:12,023 | INFO | Gradient norm: 0.0135
2025-05-30 19:13:12,031 | INFO | Train batch  6300/10986 | ms/batch 202.34 | loss 0.8815 | bpb  1.27 | ppl     2.41 | lr 2.99e-04
2025-05-30 19:13:31,773 | INFO | Gradient norm: 0.0231
2025-05-30 19:13:31,781 | INFO | Train batch  6400/10986 | ms/batch 202.26 | loss 0.8815 | bpb  1.27 | ppl     2.41 | lr 2.99e-04
2025-05-30 19:13:51,507 | INFO | Gradient norm: 0.0201
2025-05-30 19:13:51,515 | INFO | Train batch  6500/10986 | ms/batch 202.19 | loss 0.8815 | bpb  1.27 | ppl     2.41 | lr 2.99e-04
2025-05-30 19:14:11,244 | INFO | Gradient norm: 0.0315
2025-05-30 19:14:11,251 | INFO | Train batch  6600/10986 | ms/batch 202.11 | loss 0.8815 | bpb  1.27 | ppl     2.41 | lr 2.99e-04
2025-05-30 19:14:30,990 | INFO | Gradient norm: 0.0228
2025-05-30 19:14:30,998 | INFO | Train batch  6700/10986 | ms/batch 202.04 | loss 0.8815 | bpb  1.27 | ppl     2.41 | lr 2.99e-04
2025-05-30 19:14:50,722 | INFO | Gradient norm: 0.0226
2025-05-30 19:14:50,730 | INFO | Train batch  6800/10986 | ms/batch 201.97 | loss 0.8815 | bpb  1.27 | ppl     2.41 | lr 2.99e-04
2025-05-30 19:15:10,454 | INFO | Gradient norm: 0.0158
2025-05-30 19:15:10,462 | INFO | Train batch  6900/10986 | ms/batch 201.91 | loss 0.8815 | bpb  1.27 | ppl     2.41 | lr 2.99e-04
2025-05-30 19:15:30,199 | INFO | Gradient norm: 0.0190
2025-05-30 19:15:30,207 | INFO | Train batch  7000/10986 | ms/batch 201.84 | loss 0.8815 | bpb  1.27 | ppl     2.41 | lr 2.99e-04
2025-05-30 19:15:49,930 | INFO | Gradient norm: 0.0223
2025-05-30 19:15:49,938 | INFO | Train batch  7100/10986 | ms/batch 201.78 | loss 0.8815 | bpb  1.27 | ppl     2.41 | lr 2.99e-04
2025-05-30 19:16:09,659 | INFO | Gradient norm: 0.0310
2025-05-30 19:16:09,667 | INFO | Train batch  7200/10986 | ms/batch 201.72 | loss 0.8815 | bpb  1.27 | ppl     2.41 | lr 2.99e-04
2025-05-30 19:16:29,400 | INFO | Gradient norm: 0.0144
2025-05-30 19:16:29,408 | INFO | Train batch  7300/10986 | ms/batch 201.66 | loss 0.8815 | bpb  1.27 | ppl     2.41 | lr 2.99e-04
2025-05-30 19:16:49,132 | INFO | Gradient norm: 0.0157
2025-05-30 19:16:49,140 | INFO | Train batch  7400/10986 | ms/batch 201.60 | loss 0.8815 | bpb  1.27 | ppl     2.41 | lr 2.99e-04
2025-05-30 19:17:08,863 | INFO | Gradient norm: 0.0185
2025-05-30 19:17:08,871 | INFO | Train batch  7500/10986 | ms/batch 201.54 | loss 0.8815 | bpb  1.27 | ppl     2.41 | lr 2.99e-04
2025-05-30 19:17:28,606 | INFO | Gradient norm: 0.0299
2025-05-30 19:17:28,614 | INFO | Train batch  7600/10986 | ms/batch 201.49 | loss 0.8815 | bpb  1.27 | ppl     2.41 | lr 2.99e-04
2025-05-30 19:17:48,341 | INFO | Gradient norm: 0.0174
2025-05-30 19:17:48,348 | INFO | Train batch  7700/10986 | ms/batch 201.43 | loss 0.8815 | bpb  1.27 | ppl     2.41 | lr 2.99e-04
2025-05-30 19:18:08,084 | INFO | Gradient norm: 0.0122
2025-05-30 19:18:08,092 | INFO | Train batch  7800/10986 | ms/batch 201.38 | loss 0.8815 | bpb  1.27 | ppl     2.41 | lr 2.99e-04
2025-05-30 19:18:27,812 | INFO | Gradient norm: 0.0095
2025-05-30 19:18:27,820 | INFO | Train batch  7900/10986 | ms/batch 201.33 | loss 0.8815 | bpb  1.27 | ppl     2.41 | lr 2.99e-04
2025-05-30 19:18:47,541 | INFO | Gradient norm: 0.0271
2025-05-30 19:18:47,548 | INFO | Train batch  8000/10986 | ms/batch 201.28 | loss 0.8814 | bpb  1.27 | ppl     2.41 | lr 2.99e-04
2025-05-30 19:19:07,284 | INFO | Gradient norm: 0.0172
2025-05-30 19:19:07,291 | INFO | Train batch  8100/10986 | ms/batch 201.23 | loss 0.8814 | bpb  1.27 | ppl     2.41 | lr 2.99e-04
2025-05-30 19:19:27,017 | INFO | Gradient norm: 0.0109
2025-05-30 19:19:27,025 | INFO | Train batch  8200/10986 | ms/batch 201.19 | loss 0.8814 | bpb  1.27 | ppl     2.41 | lr 2.99e-04
2025-05-30 19:19:46,748 | INFO | Gradient norm: 0.0161
2025-05-30 19:19:46,756 | INFO | Train batch  8300/10986 | ms/batch 201.14 | loss 0.8814 | bpb  1.27 | ppl     2.41 | lr 2.99e-04
2025-05-30 19:20:06,490 | INFO | Gradient norm: 0.0291
2025-05-30 19:20:06,497 | INFO | Train batch  8400/10986 | ms/batch 201.09 | loss 0.8814 | bpb  1.27 | ppl     2.41 | lr 2.99e-04
2025-05-30 19:20:26,221 | INFO | Gradient norm: 0.0163
2025-05-30 19:20:26,229 | INFO | Train batch  8500/10986 | ms/batch 201.05 | loss 0.8814 | bpb  1.27 | ppl     2.41 | lr 2.99e-04
2025-05-30 19:20:45,953 | INFO | Gradient norm: 0.0335
2025-05-30 19:20:45,961 | INFO | Train batch  8600/10986 | ms/batch 201.01 | loss 0.8814 | bpb  1.27 | ppl     2.41 | lr 2.99e-04
2025-05-30 19:21:05,698 | INFO | Gradient norm: 0.0439
2025-05-30 19:21:05,706 | INFO | Train batch  8700/10986 | ms/batch 200.97 | loss 0.8814 | bpb  1.27 | ppl     2.41 | lr 2.99e-04
2025-05-30 19:21:25,429 | INFO | Gradient norm: 0.0124
2025-05-30 19:21:25,437 | INFO | Train batch  8800/10986 | ms/batch 200.92 | loss 0.8814 | bpb  1.27 | ppl     2.41 | lr 2.99e-04
2025-05-30 19:21:45,163 | INFO | Gradient norm: 0.0278
2025-05-30 19:21:45,171 | INFO | Train batch  8900/10986 | ms/batch 200.88 | loss 0.8814 | bpb  1.27 | ppl     2.41 | lr 2.99e-04
2025-05-30 19:22:04,904 | INFO | Gradient norm: 0.0100
2025-05-30 19:22:04,912 | INFO | Train batch  9000/10986 | ms/batch 200.85 | loss 0.8814 | bpb  1.27 | ppl     2.41 | lr 2.99e-04
2025-05-30 19:22:24,637 | INFO | Gradient norm: 0.0335
2025-05-30 19:22:24,644 | INFO | Train batch  9100/10986 | ms/batch 200.81 | loss 0.8814 | bpb  1.27 | ppl     2.41 | lr 2.99e-04
2025-05-30 19:22:44,370 | INFO | Gradient norm: 0.0148
2025-05-30 19:22:44,378 | INFO | Train batch  9200/10986 | ms/batch 200.77 | loss 0.8814 | bpb  1.27 | ppl     2.41 | lr 2.99e-04
2025-05-30 19:23:04,112 | INFO | Gradient norm: 0.0158
2025-05-30 19:23:04,120 | INFO | Train batch  9300/10986 | ms/batch 200.73 | loss 0.8814 | bpb  1.27 | ppl     2.41 | lr 2.99e-04
2025-05-30 19:23:23,844 | INFO | Gradient norm: 0.0228
2025-05-30 19:23:23,852 | INFO | Train batch  9400/10986 | ms/batch 200.70 | loss 0.8814 | bpb  1.27 | ppl     2.41 | lr 2.99e-04
2025-05-30 19:23:43,588 | INFO | Gradient norm: 0.0211
2025-05-30 19:23:43,596 | INFO | Train batch  9500/10986 | ms/batch 200.66 | loss 0.8814 | bpb  1.27 | ppl     2.41 | lr 2.99e-04
2025-05-30 19:24:03,319 | INFO | Gradient norm: 0.0183
2025-05-30 19:24:03,327 | INFO | Train batch  9600/10986 | ms/batch 200.63 | loss 0.8814 | bpb  1.27 | ppl     2.41 | lr 2.99e-04
2025-05-30 19:24:23,051 | INFO | Gradient norm: 0.0248
2025-05-30 19:24:23,059 | INFO | Train batch  9700/10986 | ms/batch 200.59 | loss 0.8814 | bpb  1.27 | ppl     2.41 | lr 2.99e-04
2025-05-30 19:24:42,792 | INFO | Gradient norm: 0.0116
2025-05-30 19:24:42,800 | INFO | Train batch  9800/10986 | ms/batch 200.56 | loss 0.8814 | bpb  1.27 | ppl     2.41 | lr 2.99e-04
2025-05-30 19:25:02,524 | INFO | Gradient norm: 0.0155
2025-05-30 19:25:02,532 | INFO | Train batch  9900/10986 | ms/batch 200.53 | loss 0.8814 | bpb  1.27 | ppl     2.41 | lr 2.99e-04
2025-05-30 19:25:22,255 | INFO | Gradient norm: 0.0185
2025-05-30 19:25:22,263 | INFO | Train batch 10000/10986 | ms/batch 200.50 | loss 0.8813 | bpb  1.27 | ppl     2.41 | lr 2.99e-04
2025-05-30 19:25:41,999 | INFO | Gradient norm: 0.0143
2025-05-30 19:25:42,007 | INFO | Train batch 10100/10986 | ms/batch 200.47 | loss 0.8813 | bpb  1.27 | ppl     2.41 | lr 2.99e-04
2025-05-30 19:26:01,732 | INFO | Gradient norm: 0.0116
2025-05-30 19:26:01,740 | INFO | Train batch 10200/10986 | ms/batch 200.44 | loss 0.8813 | bpb  1.27 | ppl     2.41 | lr 2.99e-04
2025-05-30 19:26:21,465 | INFO | Gradient norm: 0.0092
2025-05-30 19:26:21,473 | INFO | Train batch 10300/10986 | ms/batch 200.41 | loss 0.8813 | bpb  1.27 | ppl     2.41 | lr 2.99e-04
2025-05-30 19:26:41,207 | INFO | Gradient norm: 0.0159
2025-05-30 19:26:41,215 | INFO | Train batch 10400/10986 | ms/batch 200.38 | loss 0.8813 | bpb  1.27 | ppl     2.41 | lr 2.99e-04
2025-05-30 19:27:00,940 | INFO | Gradient norm: 0.0222
2025-05-30 19:27:00,948 | INFO | Train batch 10500/10986 | ms/batch 200.35 | loss 0.8813 | bpb  1.27 | ppl     2.41 | lr 2.99e-04
2025-05-30 19:27:20,675 | INFO | Gradient norm: 0.0149
2025-05-30 19:27:20,683 | INFO | Train batch 10600/10986 | ms/batch 200.32 | loss 0.8813 | bpb  1.27 | ppl     2.41 | lr 2.99e-04
2025-05-30 19:27:40,419 | INFO | Gradient norm: 0.0359
2025-05-30 19:27:40,427 | INFO | Train batch 10700/10986 | ms/batch 200.29 | loss 0.8813 | bpb  1.27 | ppl     2.41 | lr 2.99e-04
2025-05-30 19:28:00,153 | INFO | Gradient norm: 0.0204
2025-05-30 19:28:00,160 | INFO | Train batch 10800/10986 | ms/batch 200.26 | loss 0.8813 | bpb  1.27 | ppl     2.41 | lr 2.99e-04
2025-05-30 19:28:19,896 | INFO | Gradient norm: 0.0152
2025-05-30 19:28:19,904 | INFO | Train batch 10900/10986 | ms/batch 200.24 | loss 0.8813 | bpb  1.27 | ppl     2.41 | lr 2.99e-04
2025-05-30 19:29:49,157 | INFO | Epoch   1 | time: 2272.06s | train bpb  1.27 | valid bpb  1.27
2025-05-30 19:29:49,942 | INFO | Saved new best model with validation bpb:  1.27
2025-05-30 19:29:50,773 | INFO | Input shape: torch.Size([16, 511]), Target shape: torch.Size([16, 511])
2025-05-30 19:29:50,773 | INFO | Input range: [10, 226]
2025-05-30 19:29:50,773 | INFO | Target range: [10, 226]
2025-05-30 19:29:50,810 | INFO | Output shape: torch.Size([8176, 256]), Reshaped target shape: torch.Size([8176])
2025-05-30 19:29:50,811 | INFO | Output range: [-7.65625, 9.5546875]
2025-05-30 19:29:50,811 | INFO | Sample probabilities: max=0.9059746861457825, min=0.00025705399457365274
2025-05-30 19:29:50,812 | INFO | Raw loss value: 0.8815456032752991
2025-05-30 19:29:50,812 | INFO | Batch 0 loss stats - Mean: -0.3022, Std: 0.7388
2025-05-30 19:29:50,959 | INFO | Gradient norm: 0.0298
2025-05-30 19:29:50,967 | INFO | Train batch     0/10986 | ms/batch 194.38 | loss 0.8815 | bpb  1.27 | ppl     2.41 | lr 2.99e-04
2025-05-30 19:30:10,655 | INFO | Gradient norm: 0.0272
2025-05-30 19:30:10,662 | INFO | Train batch   100/10986 | ms/batch 196.93 | loss 0.8824 | bpb  1.27 | ppl     2.42 | lr 2.99e-04
2025-05-30 19:30:30,370 | INFO | Gradient norm: 0.0262
2025-05-30 19:30:30,378 | INFO | Train batch   200/10986 | ms/batch 197.04 | loss 0.8819 | bpb  1.27 | ppl     2.42 | lr 2.99e-04
2025-05-30 19:30:50,104 | INFO | Gradient norm: 0.0201
2025-05-30 19:30:50,112 | INFO | Train batch   300/10986 | ms/batch 197.14 | loss 0.8815 | bpb  1.27 | ppl     2.41 | lr 2.99e-04
2025-05-30 19:31:09,828 | INFO | Gradient norm: 0.0162
2025-05-30 19:31:09,836 | INFO | Train batch   400/10986 | ms/batch 197.17 | loss 0.8813 | bpb  1.27 | ppl     2.41 | lr 2.99e-04
2025-05-30 19:31:29,552 | INFO | Gradient norm: 0.0160
2025-05-30 19:31:29,560 | INFO | Train batch   500/10986 | ms/batch 197.18 | loss 0.8812 | bpb  1.27 | ppl     2.41 | lr 2.99e-04
2025-05-30 19:31:49,288 | INFO | Gradient norm: 0.0369
2025-05-30 19:31:49,296 | INFO | Train batch   600/10986 | ms/batch 197.21 | loss 0.8811 | bpb  1.27 | ppl     2.41 | lr 2.99e-04
2025-05-30 19:32:09,008 | INFO | Gradient norm: 0.0133
2025-05-30 19:32:09,016 | INFO | Train batch   700/10986 | ms/batch 197.21 | loss 0.8811 | bpb  1.27 | ppl     2.41 | lr 2.99e-04
2025-05-30 19:32:28,728 | INFO | Gradient norm: 0.0082
2025-05-30 19:32:28,736 | INFO | Train batch   800/10986 | ms/batch 197.21 | loss 0.8810 | bpb  1.27 | ppl     2.41 | lr 2.99e-04
2025-05-30 19:32:48,463 | INFO | Gradient norm: 0.0095
2025-05-30 19:32:48,471 | INFO | Train batch   900/10986 | ms/batch 197.22 | loss 0.8810 | bpb  1.27 | ppl     2.41 | lr 2.99e-04
2025-05-30 19:33:08,182 | INFO | Gradient norm: 0.0277
2025-05-30 19:33:08,190 | INFO | Train batch  1000/10986 | ms/batch 197.22 | loss 0.8810 | bpb  1.27 | ppl     2.41 | lr 2.99e-04
2025-05-30 19:33:27,902 | INFO | Gradient norm: 0.0275
2025-05-30 19:33:27,910 | INFO | Train batch  1100/10986 | ms/batch 197.22 | loss 0.8810 | bpb  1.27 | ppl     2.41 | lr 2.99e-04
2025-05-30 19:33:47,635 | INFO | Gradient norm: 0.0212
2025-05-30 19:33:47,643 | INFO | Train batch  1200/10986 | ms/batch 197.23 | loss 0.8809 | bpb  1.27 | ppl     2.41 | lr 2.99e-04
2025-05-30 19:34:07,354 | INFO | Gradient norm: 0.0108
2025-05-30 19:34:07,362 | INFO | Train batch  1300/10986 | ms/batch 197.22 | loss 0.8809 | bpb  1.27 | ppl     2.41 | lr 2.99e-04
2025-05-30 19:34:27,072 | INFO | Gradient norm: 0.0372
2025-05-30 19:34:27,080 | INFO | Train batch  1400/10986 | ms/batch 197.22 | loss 0.8809 | bpb  1.27 | ppl     2.41 | lr 2.99e-04
2025-05-30 19:34:46,802 | INFO | Gradient norm: 0.0146
2025-05-30 19:34:46,809 | INFO | Train batch  1500/10986 | ms/batch 197.23 | loss 0.8809 | bpb  1.27 | ppl     2.41 | lr 2.99e-04
2025-05-30 19:35:06,520 | INFO | Gradient norm: 0.0125
2025-05-30 19:35:06,528 | INFO | Train batch  1600/10986 | ms/batch 197.22 | loss 0.8809 | bpb  1.27 | ppl     2.41 | lr 2.99e-04
2025-05-30 19:35:26,238 | INFO | Gradient norm: 0.0219
2025-05-30 19:35:26,246 | INFO | Train batch  1700/10986 | ms/batch 197.22 | loss 0.8809 | bpb  1.27 | ppl     2.41 | lr 2.99e-04
2025-05-30 19:35:45,966 | INFO | Gradient norm: 0.0107
2025-05-30 19:35:45,974 | INFO | Train batch  1800/10986 | ms/batch 197.22 | loss 0.8809 | bpb  1.27 | ppl     2.41 | lr 2.99e-04
2025-05-30 19:36:05,681 | INFO | Gradient norm: 0.0130
2025-05-30 19:36:05,689 | INFO | Train batch  1900/10986 | ms/batch 197.22 | loss 0.8809 | bpb  1.27 | ppl     2.41 | lr 2.99e-04
2025-05-30 19:36:25,400 | INFO | Gradient norm: 0.0141
2025-05-30 19:36:25,408 | INFO | Train batch  2000/10986 | ms/batch 197.22 | loss 0.8809 | bpb  1.27 | ppl     2.41 | lr 2.99e-04
2025-05-30 19:36:45,129 | INFO | Gradient norm: 0.0083
2025-05-30 19:36:45,137 | INFO | Train batch  2100/10986 | ms/batch 197.22 | loss 0.8809 | bpb  1.27 | ppl     2.41 | lr 2.99e-04
2025-05-30 19:37:04,846 | INFO | Gradient norm: 0.0097
2025-05-30 19:37:04,854 | INFO | Train batch  2200/10986 | ms/batch 197.22 | loss 0.8809 | bpb  1.27 | ppl     2.41 | lr 2.99e-04
2025-05-30 19:37:24,565 | INFO | Gradient norm: 0.0091
2025-05-30 19:37:24,573 | INFO | Train batch  2300/10986 | ms/batch 197.22 | loss 0.8809 | bpb  1.27 | ppl     2.41 | lr 2.99e-04
2025-05-30 19:37:44,296 | INFO | Gradient norm: 0.0093
2025-05-30 19:37:44,304 | INFO | Train batch  2400/10986 | ms/batch 197.22 | loss 0.8809 | bpb  1.27 | ppl     2.41 | lr 2.99e-04
2025-05-30 19:38:04,014 | INFO | Gradient norm: 0.0158
2025-05-30 19:38:04,022 | INFO | Train batch  2500/10986 | ms/batch 197.22 | loss 0.8809 | bpb  1.27 | ppl     2.41 | lr 2.99e-04
2025-05-30 19:38:23,732 | INFO | Gradient norm: 0.0093
2025-05-30 19:38:23,740 | INFO | Train batch  2600/10986 | ms/batch 197.22 | loss 0.8809 | bpb  1.27 | ppl     2.41 | lr 2.99e-04
2025-05-30 19:38:43,463 | INFO | Gradient norm: 0.0103
2025-05-30 19:38:43,471 | INFO | Train batch  2700/10986 | ms/batch 197.22 | loss 0.8809 | bpb  1.27 | ppl     2.41 | lr 2.99e-04
2025-05-30 19:39:03,181 | INFO | Gradient norm: 0.0087
2025-05-30 19:39:03,189 | INFO | Train batch  2800/10986 | ms/batch 197.22 | loss 0.8809 | bpb  1.27 | ppl     2.41 | lr 2.99e-04
2025-05-30 19:39:22,912 | INFO | Gradient norm: 0.0193
2025-05-30 19:39:22,920 | INFO | Train batch  2900/10986 | ms/batch 197.22 | loss 0.8809 | bpb  1.27 | ppl     2.41 | lr 2.99e-04
2025-05-30 19:39:42,628 | INFO | Gradient norm: 0.0252
2025-05-30 19:39:42,636 | INFO | Train batch  3000/10986 | ms/batch 197.22 | loss 0.8809 | bpb  1.27 | ppl     2.41 | lr 2.99e-04
2025-05-30 19:40:02,350 | INFO | Gradient norm: 0.0195
2025-05-30 19:40:02,358 | INFO | Train batch  3100/10986 | ms/batch 197.22 | loss 0.8809 | bpb  1.27 | ppl     2.41 | lr 2.99e-04
2025-05-30 19:40:22,076 | INFO | Gradient norm: 0.0091
2025-05-30 19:40:22,084 | INFO | Train batch  3200/10986 | ms/batch 197.22 | loss 0.8809 | bpb  1.27 | ppl     2.41 | lr 2.99e-04
2025-05-30 19:40:41,792 | INFO | Gradient norm: 0.0132
2025-05-30 19:40:41,800 | INFO | Train batch  3300/10986 | ms/batch 197.22 | loss 0.8809 | bpb  1.27 | ppl     2.41 | lr 2.99e-04
2025-05-30 19:41:01,509 | INFO | Gradient norm: 0.0171
2025-05-30 19:41:01,517 | INFO | Train batch  3400/10986 | ms/batch 197.22 | loss 0.8809 | bpb  1.27 | ppl     2.41 | lr 2.99e-04
2025-05-30 19:41:21,237 | INFO | Gradient norm: 0.0352
2025-05-30 19:41:21,245 | INFO | Train batch  3500/10986 | ms/batch 197.22 | loss 0.8809 | bpb  1.27 | ppl     2.41 | lr 2.99e-04
2025-05-30 19:41:40,955 | INFO | Gradient norm: 0.0202
2025-05-30 19:41:40,963 | INFO | Train batch  3600/10986 | ms/batch 197.22 | loss 0.8809 | bpb  1.27 | ppl     2.41 | lr 2.99e-04
2025-05-30 19:42:00,671 | INFO | Gradient norm: 0.0132
2025-05-30 19:42:00,679 | INFO | Train batch  3700/10986 | ms/batch 197.22 | loss 0.8809 | bpb  1.27 | ppl     2.41 | lr 2.99e-04
2025-05-30 19:42:20,401 | INFO | Gradient norm: 0.0260
2025-05-30 19:42:20,409 | INFO | Train batch  3800/10986 | ms/batch 197.22 | loss 0.8809 | bpb  1.27 | ppl     2.41 | lr 2.99e-04
2025-05-30 19:42:40,116 | INFO | Gradient norm: 0.0108
2025-05-30 19:42:40,123 | INFO | Train batch  3900/10986 | ms/batch 197.22 | loss 0.8809 | bpb  1.27 | ppl     2.41 | lr 2.99e-04
2025-05-30 19:42:59,833 | INFO | Gradient norm: 0.0202
2025-05-30 19:42:59,841 | INFO | Train batch  4000/10986 | ms/batch 197.22 | loss 0.8809 | bpb  1.27 | ppl     2.41 | lr 2.99e-04
2025-05-30 19:43:19,564 | INFO | Gradient norm: 0.0181
2025-05-30 19:43:19,572 | INFO | Train batch  4100/10986 | ms/batch 197.22 | loss 0.8809 | bpb  1.27 | ppl     2.41 | lr 2.99e-04
2025-05-30 19:43:39,285 | INFO | Gradient norm: 0.0422
2025-05-30 19:43:39,293 | INFO | Train batch  4200/10986 | ms/batch 197.22 | loss 0.8809 | bpb  1.27 | ppl     2.41 | lr 2.99e-04
2025-05-30 19:43:59,009 | INFO | Gradient norm: 0.0089
2025-05-30 19:43:59,017 | INFO | Train batch  4300/10986 | ms/batch 197.22 | loss 0.8809 | bpb  1.27 | ppl     2.41 | lr 2.99e-04
2025-05-30 19:44:18,738 | INFO | Gradient norm: 0.0118
2025-05-30 19:44:18,746 | INFO | Train batch  4400/10986 | ms/batch 197.22 | loss 0.8809 | bpb  1.27 | ppl     2.41 | lr 2.99e-04
2025-05-30 19:44:38,455 | INFO | Gradient norm: 0.0192
2025-05-30 19:44:38,463 | INFO | Train batch  4500/10986 | ms/batch 197.22 | loss 0.8809 | bpb  1.27 | ppl     2.41 | lr 2.99e-04
2025-05-30 19:44:58,186 | INFO | Gradient norm: 0.0114
2025-05-30 19:44:58,194 | INFO | Train batch  4600/10986 | ms/batch 197.22 | loss 0.8809 | bpb  1.27 | ppl     2.41 | lr 2.99e-04
2025-05-30 19:45:17,907 | INFO | Gradient norm: 0.0228
2025-05-30 19:45:17,915 | INFO | Train batch  4700/10986 | ms/batch 197.22 | loss 0.8809 | bpb  1.27 | ppl     2.41 | lr 2.99e-04
2025-05-30 19:45:37,627 | INFO | Gradient norm: 0.0084
2025-05-30 19:45:37,635 | INFO | Train batch  4800/10986 | ms/batch 197.22 | loss 0.8809 | bpb  1.27 | ppl     2.41 | lr 2.99e-04
2025-05-30 19:45:57,357 | INFO | Gradient norm: 0.0218
2025-05-30 19:45:57,365 | INFO | Train batch  4900/10986 | ms/batch 197.22 | loss 0.8808 | bpb  1.27 | ppl     2.41 | lr 2.99e-04
2025-05-30 19:46:17,077 | INFO | Gradient norm: 0.0110
2025-05-30 19:46:17,084 | INFO | Train batch  5000/10986 | ms/batch 197.22 | loss 0.8808 | bpb  1.27 | ppl     2.41 | lr 2.99e-04
2025-05-30 19:46:36,799 | INFO | Gradient norm: 0.0101
2025-05-30 19:46:36,807 | INFO | Train batch  5100/10986 | ms/batch 197.22 | loss 0.8808 | bpb  1.27 | ppl     2.41 | lr 2.99e-04
2025-05-30 19:46:56,532 | INFO | Gradient norm: 0.0100
2025-05-30 19:46:56,540 | INFO | Train batch  5200/10986 | ms/batch 197.23 | loss 0.8808 | bpb  1.27 | ppl     2.41 | lr 2.98e-04
2025-05-30 19:47:16,253 | INFO | Gradient norm: 0.0093
2025-05-30 19:47:16,261 | INFO | Train batch  5300/10986 | ms/batch 197.22 | loss 0.8808 | bpb  1.27 | ppl     2.41 | lr 2.98e-04
2025-05-30 19:47:35,975 | INFO | Gradient norm: 0.0150
2025-05-30 19:47:35,983 | INFO | Train batch  5400/10986 | ms/batch 197.22 | loss 0.8808 | bpb  1.27 | ppl     2.41 | lr 2.98e-04
2025-05-30 19:47:55,704 | INFO | Gradient norm: 0.0212
2025-05-30 19:47:55,712 | INFO | Train batch  5500/10986 | ms/batch 197.23 | loss 0.8808 | bpb  1.27 | ppl     2.41 | lr 2.98e-04
2025-05-30 19:48:15,426 | INFO | Gradient norm: 0.0145
2025-05-30 19:48:15,434 | INFO | Train batch  5600/10986 | ms/batch 197.23 | loss 0.8808 | bpb  1.27 | ppl     2.41 | lr 2.98e-04
2025-05-30 19:48:35,146 | INFO | Gradient norm: 0.0250
2025-05-30 19:48:35,154 | INFO | Train batch  5700/10986 | ms/batch 197.23 | loss 0.8808 | bpb  1.27 | ppl     2.41 | lr 2.98e-04
2025-05-30 19:48:54,876 | INFO | Gradient norm: 0.0079
2025-05-30 19:48:54,884 | INFO | Train batch  5800/10986 | ms/batch 197.23 | loss 0.8808 | bpb  1.27 | ppl     2.41 | lr 2.98e-04
2025-05-30 19:49:14,598 | INFO | Gradient norm: 0.0228
2025-05-30 19:49:14,606 | INFO | Train batch  5900/10986 | ms/batch 197.23 | loss 0.8808 | bpb  1.27 | ppl     2.41 | lr 2.98e-04
2025-05-30 19:49:34,331 | INFO | Gradient norm: 0.0090
2025-05-30 19:49:34,339 | INFO | Train batch  6000/10986 | ms/batch 197.23 | loss 0.8808 | bpb  1.27 | ppl     2.41 | lr 2.98e-04
2025-05-30 19:49:54,054 | INFO | Gradient norm: 0.0086
2025-05-30 19:49:54,062 | INFO | Train batch  6100/10986 | ms/batch 197.23 | loss 0.8808 | bpb  1.27 | ppl     2.41 | lr 2.98e-04
2025-05-30 19:50:13,776 | INFO | Gradient norm: 0.0357
2025-05-30 19:50:13,784 | INFO | Train batch  6200/10986 | ms/batch 197.23 | loss 0.8808 | bpb  1.27 | ppl     2.41 | lr 2.98e-04
2025-05-30 19:50:33,511 | INFO | Gradient norm: 0.0284
2025-05-30 19:50:33,519 | INFO | Train batch  6300/10986 | ms/batch 197.23 | loss 0.8808 | bpb  1.27 | ppl     2.41 | lr 2.98e-04
2025-05-30 19:50:53,233 | INFO | Gradient norm: 0.0162
2025-05-30 19:50:53,241 | INFO | Train batch  6400/10986 | ms/batch 197.23 | loss 0.8808 | bpb  1.27 | ppl     2.41 | lr 2.98e-04
2025-05-30 19:51:12,954 | INFO | Gradient norm: 0.0098
2025-05-30 19:51:12,962 | INFO | Train batch  6500/10986 | ms/batch 197.23 | loss 0.8808 | bpb  1.27 | ppl     2.41 | lr 2.98e-04
2025-05-30 19:51:32,689 | INFO | Gradient norm: 0.0237
2025-05-30 19:51:32,697 | INFO | Train batch  6600/10986 | ms/batch 197.23 | loss 0.8808 | bpb  1.27 | ppl     2.41 | lr 2.98e-04
2025-05-30 19:51:52,414 | INFO | Gradient norm: 0.0371
2025-05-30 19:51:52,421 | INFO | Train batch  6700/10986 | ms/batch 197.23 | loss 0.8808 | bpb  1.27 | ppl     2.41 | lr 2.98e-04
2025-05-30 19:52:12,137 | INFO | Gradient norm: 0.0096
2025-05-30 19:52:12,145 | INFO | Train batch  6800/10986 | ms/batch 197.23 | loss 0.8808 | bpb  1.27 | ppl     2.41 | lr 2.98e-04
2025-05-30 19:52:31,870 | INFO | Gradient norm: 0.0096
2025-05-30 19:52:31,878 | INFO | Train batch  6900/10986 | ms/batch 197.23 | loss 0.8808 | bpb  1.27 | ppl     2.41 | lr 2.98e-04
2025-05-30 19:52:51,593 | INFO | Gradient norm: 0.0113
2025-05-30 19:52:51,601 | INFO | Train batch  7000/10986 | ms/batch 197.23 | loss 0.8808 | bpb  1.27 | ppl     2.41 | lr 2.98e-04
2025-05-30 19:53:11,318 | INFO | Gradient norm: 0.0254
2025-05-30 19:53:11,326 | INFO | Train batch  7100/10986 | ms/batch 197.23 | loss 0.8808 | bpb  1.27 | ppl     2.41 | lr 2.98e-04
2025-05-30 19:53:31,053 | INFO | Gradient norm: 0.0089
2025-05-30 19:53:31,061 | INFO | Train batch  7200/10986 | ms/batch 197.23 | loss 0.8808 | bpb  1.27 | ppl     2.41 | lr 2.98e-04
2025-05-30 19:53:50,777 | INFO | Gradient norm: 0.0096
2025-05-30 19:53:50,785 | INFO | Train batch  7300/10986 | ms/batch 197.23 | loss 0.8808 | bpb  1.27 | ppl     2.41 | lr 2.98e-04
2025-05-30 19:54:10,514 | INFO | Gradient norm: 0.0086
2025-05-30 19:54:10,522 | INFO | Train batch  7400/10986 | ms/batch 197.24 | loss 0.8808 | bpb  1.27 | ppl     2.41 | lr 2.98e-04
2025-05-30 19:54:30,237 | INFO | Gradient norm: 0.0322
2025-05-30 19:54:30,245 | INFO | Train batch  7500/10986 | ms/batch 197.24 | loss 0.8808 | bpb  1.27 | ppl     2.41 | lr 2.98e-04
2025-05-30 19:54:49,959 | INFO | Gradient norm: 0.0092
2025-05-30 19:54:49,967 | INFO | Train batch  7600/10986 | ms/batch 197.24 | loss 0.8808 | bpb  1.27 | ppl     2.41 | lr 2.98e-04
2025-05-30 19:55:09,697 | INFO | Gradient norm: 0.0093
2025-05-30 19:55:09,704 | INFO | Train batch  7700/10986 | ms/batch 197.24 | loss 0.8808 | bpb  1.27 | ppl     2.41 | lr 2.98e-04
2025-05-30 19:55:29,419 | INFO | Gradient norm: 0.0095
2025-05-30 19:55:29,427 | INFO | Train batch  7800/10986 | ms/batch 197.24 | loss 0.8808 | bpb  1.27 | ppl     2.41 | lr 2.98e-04
2025-05-30 19:55:49,143 | INFO | Gradient norm: 0.0131
2025-05-30 19:55:49,150 | INFO | Train batch  7900/10986 | ms/batch 197.24 | loss 0.8808 | bpb  1.27 | ppl     2.41 | lr 2.98e-04
2025-05-30 19:56:08,877 | INFO | Gradient norm: 0.0108
2025-05-30 19:56:08,885 | INFO | Train batch  8000/10986 | ms/batch 197.24 | loss 0.8808 | bpb  1.27 | ppl     2.41 | lr 2.98e-04
2025-05-30 19:56:28,602 | INFO | Gradient norm: 0.0210
2025-05-30 19:56:28,610 | INFO | Train batch  8100/10986 | ms/batch 197.24 | loss 0.8808 | bpb  1.27 | ppl     2.41 | lr 2.98e-04
2025-05-30 19:56:48,326 | INFO | Gradient norm: 0.0150
2025-05-30 19:56:48,334 | INFO | Train batch  8200/10986 | ms/batch 197.24 | loss 0.8808 | bpb  1.27 | ppl     2.41 | lr 2.98e-04
2025-05-30 19:57:08,063 | INFO | Gradient norm: 0.0148
2025-05-30 19:57:08,071 | INFO | Train batch  8300/10986 | ms/batch 197.24 | loss 0.8808 | bpb  1.27 | ppl     2.41 | lr 2.98e-04
2025-05-30 19:57:27,788 | INFO | Gradient norm: 0.0183
2025-05-30 19:57:27,796 | INFO | Train batch  8400/10986 | ms/batch 197.24 | loss 0.8808 | bpb  1.27 | ppl     2.41 | lr 2.98e-04
2025-05-30 19:57:47,513 | INFO | Gradient norm: 0.0101
2025-05-30 19:57:47,521 | INFO | Train batch  8500/10986 | ms/batch 197.24 | loss 0.8808 | bpb  1.27 | ppl     2.41 | lr 2.98e-04
2025-05-30 19:58:07,253 | INFO | Gradient norm: 0.0346
2025-05-30 19:58:07,261 | INFO | Train batch  8600/10986 | ms/batch 197.24 | loss 0.8808 | bpb  1.27 | ppl     2.41 | lr 2.98e-04
2025-05-30 19:58:26,979 | INFO | Gradient norm: 0.0109
2025-05-30 19:58:26,987 | INFO | Train batch  8700/10986 | ms/batch 197.24 | loss 0.8808 | bpb  1.27 | ppl     2.41 | lr 2.98e-04
2025-05-30 19:58:46,707 | INFO | Gradient norm: 0.0150
2025-05-30 19:58:46,715 | INFO | Train batch  8800/10986 | ms/batch 197.24 | loss 0.8808 | bpb  1.27 | ppl     2.41 | lr 2.98e-04
2025-05-30 19:59:06,445 | INFO | Gradient norm: 0.0112
2025-05-30 19:59:06,452 | INFO | Train batch  8900/10986 | ms/batch 197.25 | loss 0.8808 | bpb  1.27 | ppl     2.41 | lr 2.98e-04
2025-05-30 19:59:26,171 | INFO | Gradient norm: 0.0097
2025-05-30 19:59:26,179 | INFO | Train batch  9000/10986 | ms/batch 197.25 | loss 0.8808 | bpb  1.27 | ppl     2.41 | lr 2.98e-04
2025-05-30 19:59:45,904 | INFO | Gradient norm: 0.0111
2025-05-30 19:59:45,912 | INFO | Train batch  9100/10986 | ms/batch 197.25 | loss 0.8808 | bpb  1.27 | ppl     2.41 | lr 2.98e-04
2025-05-30 20:00:05,634 | INFO | Gradient norm: 0.0159
2025-05-30 20:00:05,642 | INFO | Train batch  9200/10986 | ms/batch 197.25 | loss 0.8808 | bpb  1.27 | ppl     2.41 | lr 2.98e-04
2025-05-30 20:00:25,361 | INFO | Gradient norm: 0.0121
2025-05-30 20:00:25,369 | INFO | Train batch  9300/10986 | ms/batch 197.25 | loss 0.8807 | bpb  1.27 | ppl     2.41 | lr 2.98e-04
2025-05-30 20:00:45,100 | INFO | Gradient norm: 0.0096
2025-05-30 20:00:45,108 | INFO | Train batch  9400/10986 | ms/batch 197.25 | loss 0.8807 | bpb  1.27 | ppl     2.41 | lr 2.98e-04
2025-05-30 20:01:04,828 | INFO | Gradient norm: 0.0095
2025-05-30 20:01:04,836 | INFO | Train batch  9500/10986 | ms/batch 197.25 | loss 0.8807 | bpb  1.27 | ppl     2.41 | lr 2.98e-04
2025-05-30 20:01:24,556 | INFO | Gradient norm: 0.0097
2025-05-30 20:01:24,564 | INFO | Train batch  9600/10986 | ms/batch 197.25 | loss 0.8807 | bpb  1.27 | ppl     2.41 | lr 2.98e-04
2025-05-30 20:01:44,295 | INFO | Gradient norm: 0.0097
2025-05-30 20:01:44,303 | INFO | Train batch  9700/10986 | ms/batch 197.25 | loss 0.8807 | bpb  1.27 | ppl     2.41 | lr 2.98e-04
2025-05-30 20:02:04,021 | INFO | Gradient norm: 0.0083
2025-05-30 20:02:04,029 | INFO | Train batch  9800/10986 | ms/batch 197.25 | loss 0.8807 | bpb  1.27 | ppl     2.41 | lr 2.98e-04
2025-05-30 20:02:23,749 | INFO | Gradient norm: 0.0098
2025-05-30 20:02:23,757 | INFO | Train batch  9900/10986 | ms/batch 197.25 | loss 0.8807 | bpb  1.27 | ppl     2.41 | lr 2.98e-04
2025-05-30 20:02:43,485 | INFO | Gradient norm: 0.0111
2025-05-30 20:02:43,493 | INFO | Train batch 10000/10986 | ms/batch 197.25 | loss 0.8807 | bpb  1.27 | ppl     2.41 | lr 2.98e-04
2025-05-30 20:03:03,212 | INFO | Gradient norm: 0.0212
2025-05-30 20:03:03,220 | INFO | Train batch 10100/10986 | ms/batch 197.25 | loss 0.8807 | bpb  1.27 | ppl     2.41 | lr 2.98e-04
2025-05-30 20:03:22,942 | INFO | Gradient norm: 0.0121
2025-05-30 20:03:22,951 | INFO | Train batch 10200/10986 | ms/batch 197.25 | loss 0.8807 | bpb  1.27 | ppl     2.41 | lr 2.98e-04
2025-05-30 20:03:42,678 | INFO | Gradient norm: 0.0140
2025-05-30 20:03:42,686 | INFO | Train batch 10300/10986 | ms/batch 197.25 | loss 0.8807 | bpb  1.27 | ppl     2.41 | lr 2.98e-04
2025-05-30 20:04:02,404 | INFO | Gradient norm: 0.0102
2025-05-30 20:04:02,412 | INFO | Train batch 10400/10986 | ms/batch 197.25 | loss 0.8807 | bpb  1.27 | ppl     2.41 | lr 2.98e-04
2025-05-30 20:04:22,145 | INFO | Gradient norm: 0.0259
2025-05-30 20:04:22,152 | INFO | Train batch 10500/10986 | ms/batch 197.26 | loss 0.8807 | bpb  1.27 | ppl     2.41 | lr 2.98e-04
2025-05-30 20:04:41,872 | INFO | Gradient norm: 0.0142
2025-05-30 20:04:41,879 | INFO | Train batch 10600/10986 | ms/batch 197.26 | loss 0.8807 | bpb  1.27 | ppl     2.41 | lr 2.98e-04
2025-05-30 20:05:01,597 | INFO | Gradient norm: 0.0149
2025-05-30 20:05:01,605 | INFO | Train batch 10700/10986 | ms/batch 197.26 | loss 0.8807 | bpb  1.27 | ppl     2.41 | lr 2.98e-04
2025-05-30 20:05:21,338 | INFO | Gradient norm: 0.0110
2025-05-30 20:05:21,346 | INFO | Train batch 10800/10986 | ms/batch 197.26 | loss 0.8807 | bpb  1.27 | ppl     2.41 | lr 2.98e-04
2025-05-30 20:05:41,065 | INFO | Gradient norm: 0.0616
2025-05-30 20:05:41,073 | INFO | Train batch 10900/10986 | ms/batch 197.26 | loss 0.8807 | bpb  1.27 | ppl     2.41 | lr 2.98e-04
2025-05-30 20:07:10,370 | INFO | Epoch   2 | time: 2239.60s | train bpb  1.27 | valid bpb  1.27
2025-05-30 20:07:11,191 | INFO | Saved new best model with validation bpb:  1.27
2025-05-30 20:07:11,824 | INFO | Input shape: torch.Size([16, 511]), Target shape: torch.Size([16, 511])
2025-05-30 20:07:11,824 | INFO | Input range: [10, 226]
2025-05-30 20:07:11,824 | INFO | Target range: [10, 226]
2025-05-30 20:07:11,861 | INFO | Output shape: torch.Size([8176, 256]), Reshaped target shape: torch.Size([8176])
2025-05-30 20:07:11,862 | INFO | Output range: [-7.33203125, 9.2734375]
2025-05-30 20:07:11,862 | INFO | Sample probabilities: max=0.9052922129631042, min=0.00026774537400342524
2025-05-30 20:07:11,863 | INFO | Raw loss value: 0.8803354501724243
2025-05-30 20:07:11,863 | INFO | Batch 0 loss stats - Mean: -0.3147, Std: 0.9263
2025-05-30 20:07:12,010 | INFO | Gradient norm: 0.0189
2025-05-30 20:07:12,018 | INFO | Train batch     0/10986 | ms/batch 194.26 | loss 0.8803 | bpb  1.27 | ppl     2.41 | lr 2.98e-04
2025-05-30 20:07:31,699 | INFO | Gradient norm: 0.0157
2025-05-30 20:07:31,707 | INFO | Train batch   100/10986 | ms/batch 196.87 | loss 0.8819 | bpb  1.27 | ppl     2.42 | lr 2.98e-04
2025-05-30 20:07:51,427 | INFO | Gradient norm: 0.0124
2025-05-30 20:07:51,435 | INFO | Train batch   200/10986 | ms/batch 197.07 | loss 0.8815 | bpb  1.27 | ppl     2.41 | lr 2.98e-04
2025-05-30 20:08:11,177 | INFO | Gradient norm: 0.0101
2025-05-30 20:08:11,185 | INFO | Train batch   300/10986 | ms/batch 197.22 | loss 0.8811 | bpb  1.27 | ppl     2.41 | lr 2.98e-04
2025-05-30 20:08:30,933 | INFO | Gradient norm: 0.0211
2025-05-30 20:08:30,941 | INFO | Train batch   400/10986 | ms/batch 197.30 | loss 0.8809 | bpb  1.27 | ppl     2.41 | lr 2.98e-04
2025-05-30 20:08:50,708 | INFO | Gradient norm: 0.0159
2025-05-30 20:08:50,716 | INFO | Train batch   500/10986 | ms/batch 197.39 | loss 0.8808 | bpb  1.27 | ppl     2.41 | lr 2.98e-04
2025-05-30 20:09:10,472 | INFO | Gradient norm: 0.0101
2025-05-30 20:09:10,480 | INFO | Train batch   600/10986 | ms/batch 197.43 | loss 0.8808 | bpb  1.27 | ppl     2.41 | lr 2.98e-04
2025-05-30 20:09:30,237 | INFO | Gradient norm: 0.0116
2025-05-30 20:09:30,245 | INFO | Train batch   700/10986 | ms/batch 197.46 | loss 0.8807 | bpb  1.27 | ppl     2.41 | lr 2.98e-04
2025-05-30 20:09:50,010 | INFO | Gradient norm: 0.0093
2025-05-30 20:09:50,018 | INFO | Train batch   800/10986 | ms/batch 197.50 | loss 0.8807 | bpb  1.27 | ppl     2.41 | lr 2.98e-04
2025-05-30 20:10:09,769 | INFO | Gradient norm: 0.0086
2025-05-30 20:10:09,777 | INFO | Train batch   900/10986 | ms/batch 197.51 | loss 0.8806 | bpb  1.27 | ppl     2.41 | lr 2.98e-04
2025-05-30 20:10:29,524 | INFO | Gradient norm: 0.0091
2025-05-30 20:10:29,532 | INFO | Train batch  1000/10986 | ms/batch 197.51 | loss 0.8806 | bpb  1.27 | ppl     2.41 | lr 2.98e-04
2025-05-30 20:10:49,285 | INFO | Gradient norm: 0.0275
2025-05-30 20:10:49,293 | INFO | Train batch  1100/10986 | ms/batch 197.52 | loss 0.8806 | bpb  1.27 | ppl     2.41 | lr 2.98e-04
2025-05-30 20:11:09,031 | INFO | Gradient norm: 0.0087
2025-05-30 20:11:09,038 | INFO | Train batch  1200/10986 | ms/batch 197.51 | loss 0.8806 | bpb  1.27 | ppl     2.41 | lr 2.98e-04
2025-05-30 20:11:28,772 | INFO | Gradient norm: 0.0101
2025-05-30 20:11:28,780 | INFO | Train batch  1300/10986 | ms/batch 197.51 | loss 0.8806 | bpb  1.27 | ppl     2.41 | lr 2.98e-04
2025-05-30 20:11:48,524 | INFO | Gradient norm: 0.0116
2025-05-30 20:11:48,532 | INFO | Train batch  1400/10986 | ms/batch 197.51 | loss 0.8806 | bpb  1.27 | ppl     2.41 | lr 2.98e-04
2025-05-30 20:12:08,268 | INFO | Gradient norm: 0.0088
2025-05-30 20:12:08,276 | INFO | Train batch  1500/10986 | ms/batch 197.50 | loss 0.8806 | bpb  1.27 | ppl     2.41 | lr 2.97e-04
2025-05-30 20:12:28,012 | INFO | Gradient norm: 0.0092
2025-05-30 20:12:28,020 | INFO | Train batch  1600/10986 | ms/batch 197.50 | loss 0.8806 | bpb  1.27 | ppl     2.41 | lr 2.97e-04
2025-05-30 20:12:47,767 | INFO | Gradient norm: 0.0323
2025-05-30 20:12:47,775 | INFO | Train batch  1700/10986 | ms/batch 197.50 | loss 0.8806 | bpb  1.27 | ppl     2.41 | lr 2.97e-04
2025-05-30 20:13:07,509 | INFO | Gradient norm: 0.0181
2025-05-30 20:13:07,517 | INFO | Train batch  1800/10986 | ms/batch 197.50 | loss 0.8806 | bpb  1.27 | ppl     2.41 | lr 2.97e-04
2025-05-30 20:13:27,253 | INFO | Gradient norm: 0.0095
2025-05-30 20:13:27,261 | INFO | Train batch  1900/10986 | ms/batch 197.49 | loss 0.8805 | bpb  1.27 | ppl     2.41 | lr 2.97e-04
2025-05-30 20:13:47,008 | INFO | Gradient norm: 0.0128
2025-05-30 20:13:47,016 | INFO | Train batch  2000/10986 | ms/batch 197.50 | loss 0.8806 | bpb  1.27 | ppl     2.41 | lr 2.97e-04
2025-05-30 20:14:06,757 | INFO | Gradient norm: 0.0075
2025-05-30 20:14:06,764 | INFO | Train batch  2100/10986 | ms/batch 197.50 | loss 0.8806 | bpb  1.27 | ppl     2.41 | lr 2.97e-04
2025-05-30 20:14:26,504 | INFO | Gradient norm: 0.0102
2025-05-30 20:14:26,512 | INFO | Train batch  2200/10986 | ms/batch 197.50 | loss 0.8806 | bpb  1.27 | ppl     2.41 | lr 2.97e-04
2025-05-30 20:14:46,265 | INFO | Gradient norm: 0.0108
2025-05-30 20:14:46,273 | INFO | Train batch  2300/10986 | ms/batch 197.50 | loss 0.8806 | bpb  1.27 | ppl     2.41 | lr 2.97e-04
2025-05-30 20:15:06,014 | INFO | Gradient norm: 0.0099
2025-05-30 20:15:06,022 | INFO | Train batch  2400/10986 | ms/batch 197.50 | loss 0.8806 | bpb  1.27 | ppl     2.41 | lr 2.97e-04
2025-05-30 20:15:25,763 | INFO | Gradient norm: 0.0081
2025-05-30 20:15:25,771 | INFO | Train batch  2500/10986 | ms/batch 197.50 | loss 0.8806 | bpb  1.27 | ppl     2.41 | lr 2.97e-04
2025-05-30 20:15:45,523 | INFO | Gradient norm: 0.0217
2025-05-30 20:15:45,531 | INFO | Train batch  2600/10986 | ms/batch 197.50 | loss 0.8806 | bpb  1.27 | ppl     2.41 | lr 2.97e-04
2025-05-30 20:16:05,271 | INFO | Gradient norm: 0.0083
2025-05-30 20:16:05,279 | INFO | Train batch  2700/10986 | ms/batch 197.50 | loss 0.8806 | bpb  1.27 | ppl     2.41 | lr 2.97e-04
2025-05-30 20:16:25,021 | INFO | Gradient norm: 0.0088
2025-05-30 20:16:25,029 | INFO | Train batch  2800/10986 | ms/batch 197.50 | loss 0.8806 | bpb  1.27 | ppl     2.41 | lr 2.97e-04
2025-05-30 20:16:44,782 | INFO | Gradient norm: 0.0177
2025-05-30 20:16:44,790 | INFO | Train batch  2900/10986 | ms/batch 197.51 | loss 0.8805 | bpb  1.27 | ppl     2.41 | lr 2.97e-04
2025-05-30 20:17:04,530 | INFO | Gradient norm: 0.0123
2025-05-30 20:17:04,538 | INFO | Train batch  3000/10986 | ms/batch 197.51 | loss 0.8805 | bpb  1.27 | ppl     2.41 | lr 2.97e-04
2025-05-30 20:17:24,281 | INFO | Gradient norm: 0.0080
2025-05-30 20:17:24,289 | INFO | Train batch  3100/10986 | ms/batch 197.51 | loss 0.8805 | bpb  1.27 | ppl     2.41 | lr 2.97e-04
2025-05-30 20:17:44,040 | INFO | Gradient norm: 0.0083
2025-05-30 20:17:44,047 | INFO | Train batch  3200/10986 | ms/batch 197.51 | loss 0.8805 | bpb  1.27 | ppl     2.41 | lr 2.97e-04
2025-05-30 20:18:03,789 | INFO | Gradient norm: 0.0204
2025-05-30 20:18:03,797 | INFO | Train batch  3300/10986 | ms/batch 197.51 | loss 0.8805 | bpb  1.27 | ppl     2.41 | lr 2.97e-04
2025-05-30 20:18:23,549 | INFO | Gradient norm: 0.0079
2025-05-30 20:18:23,557 | INFO | Train batch  3400/10986 | ms/batch 197.51 | loss 0.8805 | bpb  1.27 | ppl     2.41 | lr 2.97e-04
2025-05-30 20:18:43,296 | INFO | Gradient norm: 0.0138
2025-05-30 20:18:43,304 | INFO | Train batch  3500/10986 | ms/batch 197.51 | loss 0.8805 | bpb  1.27 | ppl     2.41 | lr 2.97e-04
2025-05-30 20:19:03,045 | INFO | Gradient norm: 0.0145
2025-05-30 20:19:03,053 | INFO | Train batch  3600/10986 | ms/batch 197.51 | loss 0.8805 | bpb  1.27 | ppl     2.41 | lr 2.97e-04
2025-05-30 20:19:22,805 | INFO | Gradient norm: 0.0191
2025-05-30 20:19:22,813 | INFO | Train batch  3700/10986 | ms/batch 197.51 | loss 0.8805 | bpb  1.27 | ppl     2.41 | lr 2.97e-04
2025-05-30 20:19:42,552 | INFO | Gradient norm: 0.0121
2025-05-30 20:19:42,560 | INFO | Train batch  3800/10986 | ms/batch 197.51 | loss 0.8805 | bpb  1.27 | ppl     2.41 | lr 2.97e-04
2025-05-30 20:20:02,303 | INFO | Gradient norm: 0.0256
2025-05-30 20:20:02,311 | INFO | Train batch  3900/10986 | ms/batch 197.51 | loss 0.8805 | bpb  1.27 | ppl     2.41 | lr 2.97e-04
2025-05-30 20:20:22,061 | INFO | Gradient norm: 0.0094
2025-05-30 20:20:22,069 | INFO | Train batch  4000/10986 | ms/batch 197.51 | loss 0.8805 | bpb  1.27 | ppl     2.41 | lr 2.97e-04
2025-05-30 20:20:41,811 | INFO | Gradient norm: 0.0089
2025-05-30 20:20:41,819 | INFO | Train batch  4100/10986 | ms/batch 197.51 | loss 0.8805 | bpb  1.27 | ppl     2.41 | lr 2.97e-04
2025-05-30 20:21:01,559 | INFO | Gradient norm: 0.0143
2025-05-30 20:21:01,566 | INFO | Train batch  4200/10986 | ms/batch 197.51 | loss 0.8805 | bpb  1.27 | ppl     2.41 | lr 2.97e-04
2025-05-30 20:21:21,321 | INFO | Gradient norm: 0.0128
2025-05-30 20:21:21,329 | INFO | Train batch  4300/10986 | ms/batch 197.51 | loss 0.8805 | bpb  1.27 | ppl     2.41 | lr 2.97e-04
2025-05-30 20:21:41,069 | INFO | Gradient norm: 0.0092
2025-05-30 20:21:41,077 | INFO | Train batch  4400/10986 | ms/batch 197.51 | loss 0.8805 | bpb  1.27 | ppl     2.41 | lr 2.97e-04
2025-05-30 20:22:00,819 | INFO | Gradient norm: 0.0201
2025-05-30 20:22:00,827 | INFO | Train batch  4500/10986 | ms/batch 197.51 | loss 0.8805 | bpb  1.27 | ppl     2.41 | lr 2.97e-04
2025-05-30 20:22:20,579 | INFO | Gradient norm: 0.0107
2025-05-30 20:22:20,587 | INFO | Train batch  4600/10986 | ms/batch 197.51 | loss 0.8805 | bpb  1.27 | ppl     2.41 | lr 2.97e-04
2025-05-30 20:22:40,325 | INFO | Gradient norm: 0.0127
2025-05-30 20:22:40,333 | INFO | Train batch  4700/10986 | ms/batch 197.51 | loss 0.8805 | bpb  1.27 | ppl     2.41 | lr 2.97e-04
2025-05-30 20:23:00,084 | INFO | Gradient norm: 0.0187
2025-05-30 20:23:00,092 | INFO | Train batch  4800/10986 | ms/batch 197.51 | loss 0.8805 | bpb  1.27 | ppl     2.41 | lr 2.97e-04
2025-05-30 20:23:19,831 | INFO | Gradient norm: 0.0219
2025-05-30 20:23:19,839 | INFO | Train batch  4900/10986 | ms/batch 197.51 | loss 0.8805 | bpb  1.27 | ppl     2.41 | lr 2.97e-04
2025-05-30 20:23:39,580 | INFO | Gradient norm: 0.0413
2025-05-30 20:23:39,588 | INFO | Train batch  5000/10986 | ms/batch 197.51 | loss 0.8805 | bpb  1.27 | ppl     2.41 | lr 2.97e-04
2025-05-30 20:23:59,341 | INFO | Gradient norm: 0.0096
2025-05-30 20:23:59,349 | INFO | Train batch  5100/10986 | ms/batch 197.52 | loss 0.8805 | bpb  1.27 | ppl     2.41 | lr 2.97e-04
2025-05-30 20:24:19,091 | INFO | Gradient norm: 0.0218
2025-05-30 20:24:19,099 | INFO | Train batch  5200/10986 | ms/batch 197.52 | loss 0.8805 | bpb  1.27 | ppl     2.41 | lr 2.97e-04
2025-05-30 20:24:38,840 | INFO | Gradient norm: 0.0283
2025-05-30 20:24:38,848 | INFO | Train batch  5300/10986 | ms/batch 197.51 | loss 0.8805 | bpb  1.27 | ppl     2.41 | lr 2.97e-04
2025-05-30 20:24:58,601 | INFO | Gradient norm: 0.0207
2025-05-30 20:24:58,608 | INFO | Train batch  5400/10986 | ms/batch 197.52 | loss 0.8805 | bpb  1.27 | ppl     2.41 | lr 2.97e-04
2025-05-30 20:25:18,351 | INFO | Gradient norm: 0.0091
2025-05-30 20:25:18,359 | INFO | Train batch  5500/10986 | ms/batch 197.52 | loss 0.8805 | bpb  1.27 | ppl     2.41 | lr 2.97e-04
2025-05-30 20:25:38,099 | INFO | Gradient norm: 0.0095
2025-05-30 20:25:38,107 | INFO | Train batch  5600/10986 | ms/batch 197.52 | loss 0.8805 | bpb  1.27 | ppl     2.41 | lr 2.97e-04
2025-05-30 20:25:57,858 | INFO | Gradient norm: 0.0151
2025-05-30 20:25:57,866 | INFO | Train batch  5700/10986 | ms/batch 197.52 | loss 0.8805 | bpb  1.27 | ppl     2.41 | lr 2.97e-04
2025-05-30 20:26:17,605 | INFO | Gradient norm: 0.0083
2025-05-30 20:26:17,612 | INFO | Train batch  5800/10986 | ms/batch 197.52 | loss 0.8805 | bpb  1.27 | ppl     2.41 | lr 2.97e-04
2025-05-30 20:26:37,354 | INFO | Gradient norm: 0.0086
2025-05-30 20:26:37,362 | INFO | Train batch  5900/10986 | ms/batch 197.52 | loss 0.8805 | bpb  1.27 | ppl     2.41 | lr 2.97e-04
2025-05-30 20:26:57,116 | INFO | Gradient norm: 0.0096
2025-05-30 20:26:57,124 | INFO | Train batch  6000/10986 | ms/batch 197.52 | loss 0.8805 | bpb  1.27 | ppl     2.41 | lr 2.97e-04
2025-05-30 20:27:16,867 | INFO | Gradient norm: 0.0226
2025-05-30 20:27:16,875 | INFO | Train batch  6100/10986 | ms/batch 197.52 | loss 0.8805 | bpb  1.27 | ppl     2.41 | lr 2.97e-04
2025-05-30 20:27:36,629 | INFO | Gradient norm: 0.0101
2025-05-30 20:27:36,637 | INFO | Train batch  6200/10986 | ms/batch 197.52 | loss 0.8805 | bpb  1.27 | ppl     2.41 | lr 2.97e-04
2025-05-30 20:27:56,378 | INFO | Gradient norm: 0.0086
2025-05-30 20:27:56,386 | INFO | Train batch  6300/10986 | ms/batch 197.52 | loss 0.8805 | bpb  1.27 | ppl     2.41 | lr 2.97e-04
2025-05-30 20:28:16,130 | INFO | Gradient norm: 0.0211
2025-05-30 20:28:16,138 | INFO | Train batch  6400/10986 | ms/batch 197.52 | loss 0.8805 | bpb  1.27 | ppl     2.41 | lr 2.97e-04
2025-05-30 20:28:35,894 | INFO | Gradient norm: 0.0086
2025-05-30 20:28:35,902 | INFO | Train batch  6500/10986 | ms/batch 197.52 | loss 0.8805 | bpb  1.27 | ppl     2.41 | lr 2.97e-04
2025-05-30 20:28:55,643 | INFO | Gradient norm: 0.0115
2025-05-30 20:28:55,651 | INFO | Train batch  6600/10986 | ms/batch 197.52 | loss 0.8805 | bpb  1.27 | ppl     2.41 | lr 2.97e-04
2025-05-30 20:29:15,393 | INFO | Gradient norm: 0.0225
2025-05-30 20:29:15,401 | INFO | Train batch  6700/10986 | ms/batch 197.52 | loss 0.8805 | bpb  1.27 | ppl     2.41 | lr 2.97e-04
2025-05-30 20:29:35,154 | INFO | Gradient norm: 0.0103
2025-05-30 20:29:35,162 | INFO | Train batch  6800/10986 | ms/batch 197.52 | loss 0.8805 | bpb  1.27 | ppl     2.41 | lr 2.97e-04
2025-05-30 20:29:54,901 | INFO | Gradient norm: 0.0206
2025-05-30 20:29:54,909 | INFO | Train batch  6900/10986 | ms/batch 197.52 | loss 0.8805 | bpb  1.27 | ppl     2.41 | lr 2.97e-04
2025-05-30 20:30:14,655 | INFO | Gradient norm: 0.0094
2025-05-30 20:30:14,663 | INFO | Train batch  7000/10986 | ms/batch 197.52 | loss 0.8805 | bpb  1.27 | ppl     2.41 | lr 2.97e-04
2025-05-30 20:30:34,417 | INFO | Gradient norm: 0.0077
2025-05-30 20:30:34,425 | INFO | Train batch  7100/10986 | ms/batch 197.52 | loss 0.8805 | bpb  1.27 | ppl     2.41 | lr 2.97e-04
2025-05-30 20:30:54,168 | INFO | Gradient norm: 0.0154
2025-05-30 20:30:54,176 | INFO | Train batch  7200/10986 | ms/batch 197.52 | loss 0.8805 | bpb  1.27 | ppl     2.41 | lr 2.97e-04
2025-05-30 20:31:13,917 | INFO | Gradient norm: 0.0153
2025-05-30 20:31:13,924 | INFO | Train batch  7300/10986 | ms/batch 197.52 | loss 0.8805 | bpb  1.27 | ppl     2.41 | lr 2.97e-04
2025-05-30 20:31:33,679 | INFO | Gradient norm: 0.0095
2025-05-30 20:31:33,687 | INFO | Train batch  7400/10986 | ms/batch 197.52 | loss 0.8805 | bpb  1.27 | ppl     2.41 | lr 2.96e-04
2025-05-30 20:31:53,429 | INFO | Gradient norm: 0.0121
2025-05-30 20:31:53,437 | INFO | Train batch  7500/10986 | ms/batch 197.52 | loss 0.8805 | bpb  1.27 | ppl     2.41 | lr 2.96e-04
2025-05-30 20:32:13,181 | INFO | Gradient norm: 0.0106
2025-05-30 20:32:13,189 | INFO | Train batch  7600/10986 | ms/batch 197.52 | loss 0.8805 | bpb  1.27 | ppl     2.41 | lr 2.96e-04
2025-05-30 20:32:32,941 | INFO | Gradient norm: 0.0133
2025-05-30 20:32:32,949 | INFO | Train batch  7700/10986 | ms/batch 197.52 | loss 0.8805 | bpb  1.27 | ppl     2.41 | lr 2.96e-04
2025-05-30 20:32:52,690 | INFO | Gradient norm: 0.0094
2025-05-30 20:32:52,698 | INFO | Train batch  7800/10986 | ms/batch 197.52 | loss 0.8805 | bpb  1.27 | ppl     2.41 | lr 2.96e-04
2025-05-30 20:33:12,453 | INFO | Gradient norm: 0.0347
2025-05-30 20:33:12,461 | INFO | Train batch  7900/10986 | ms/batch 197.52 | loss 0.8805 | bpb  1.27 | ppl     2.41 | lr 2.96e-04
2025-05-30 20:33:32,204 | INFO | Gradient norm: 0.0139
2025-05-30 20:33:32,212 | INFO | Train batch  8000/10986 | ms/batch 197.52 | loss 0.8805 | bpb  1.27 | ppl     2.41 | lr 2.96e-04
2025-05-30 20:33:51,954 | INFO | Gradient norm: 0.0185
2025-05-30 20:33:51,962 | INFO | Train batch  8100/10986 | ms/batch 197.52 | loss 0.8805 | bpb  1.27 | ppl     2.41 | lr 2.96e-04
2025-05-30 20:34:11,714 | INFO | Gradient norm: 0.0101
2025-05-30 20:34:11,722 | INFO | Train batch  8200/10986 | ms/batch 197.52 | loss 0.8805 | bpb  1.27 | ppl     2.41 | lr 2.96e-04
2025-05-30 20:34:31,463 | INFO | Gradient norm: 0.0091
2025-05-30 20:34:31,471 | INFO | Train batch  8300/10986 | ms/batch 197.52 | loss 0.8805 | bpb  1.27 | ppl     2.41 | lr 2.96e-04
2025-05-30 20:34:51,212 | INFO | Gradient norm: 0.0189
2025-05-30 20:34:51,220 | INFO | Train batch  8400/10986 | ms/batch 197.52 | loss 0.8805 | bpb  1.27 | ppl     2.41 | lr 2.96e-04
2025-05-30 20:35:10,972 | INFO | Gradient norm: 0.0168
2025-05-30 20:35:10,980 | INFO | Train batch  8500/10986 | ms/batch 197.52 | loss 0.8805 | bpb  1.27 | ppl     2.41 | lr 2.96e-04
2025-05-30 20:35:30,723 | INFO | Gradient norm: 0.0091
2025-05-30 20:35:30,731 | INFO | Train batch  8600/10986 | ms/batch 197.52 | loss 0.8805 | bpb  1.27 | ppl     2.41 | lr 2.96e-04
2025-05-30 20:35:50,472 | INFO | Gradient norm: 0.0095
2025-05-30 20:35:50,480 | INFO | Train batch  8700/10986 | ms/batch 197.52 | loss 0.8805 | bpb  1.27 | ppl     2.41 | lr 2.96e-04
2025-05-30 20:36:10,234 | INFO | Gradient norm: 0.0229
2025-05-30 20:36:10,242 | INFO | Train batch  8800/10986 | ms/batch 197.53 | loss 0.8805 | bpb  1.27 | ppl     2.41 | lr 2.96e-04
2025-05-30 20:36:29,986 | INFO | Gradient norm: 0.0115
2025-05-30 20:36:29,994 | INFO | Train batch  8900/10986 | ms/batch 197.53 | loss 0.8805 | bpb  1.27 | ppl     2.41 | lr 2.96e-04
2025-05-30 20:36:49,738 | INFO | Gradient norm: 0.0470
2025-05-30 20:36:49,746 | INFO | Train batch  9000/10986 | ms/batch 197.52 | loss 0.8805 | bpb  1.27 | ppl     2.41 | lr 2.96e-04
2025-05-30 20:37:09,498 | INFO | Gradient norm: 0.0116
2025-05-30 20:37:09,506 | INFO | Train batch  9100/10986 | ms/batch 197.53 | loss 0.8805 | bpb  1.27 | ppl     2.41 | lr 2.96e-04
2025-05-30 20:37:29,249 | INFO | Gradient norm: 0.0111
2025-05-30 20:37:29,256 | INFO | Train batch  9200/10986 | ms/batch 197.53 | loss 0.8805 | bpb  1.27 | ppl     2.41 | lr 2.96e-04
2025-05-30 20:37:49,010 | INFO | Gradient norm: 0.0309
2025-05-30 20:37:49,018 | INFO | Train batch  9300/10986 | ms/batch 197.53 | loss 0.8804 | bpb  1.27 | ppl     2.41 | lr 2.96e-04
2025-05-30 20:38:08,759 | INFO | Gradient norm: 0.0082
2025-05-30 20:38:08,767 | INFO | Train batch  9400/10986 | ms/batch 197.53 | loss 0.8804 | bpb  1.27 | ppl     2.41 | lr 2.96e-04
2025-05-30 20:38:28,510 | INFO | Gradient norm: 0.0115
2025-05-30 20:38:28,518 | INFO | Train batch  9500/10986 | ms/batch 197.53 | loss 0.8804 | bpb  1.27 | ppl     2.41 | lr 2.96e-04
2025-05-30 20:38:48,271 | INFO | Gradient norm: 0.0082
2025-05-30 20:38:48,279 | INFO | Train batch  9600/10986 | ms/batch 197.53 | loss 0.8804 | bpb  1.27 | ppl     2.41 | lr 2.96e-04
2025-05-30 20:39:08,021 | INFO | Gradient norm: 0.0105
2025-05-30 20:39:08,028 | INFO | Train batch  9700/10986 | ms/batch 197.53 | loss 0.8804 | bpb  1.27 | ppl     2.41 | lr 2.96e-04
2025-05-30 20:39:27,771 | INFO | Gradient norm: 0.0149
2025-05-30 20:39:27,779 | INFO | Train batch  9800/10986 | ms/batch 197.53 | loss 0.8804 | bpb  1.27 | ppl     2.41 | lr 2.96e-04
2025-05-30 20:39:47,534 | INFO | Gradient norm: 0.0076
2025-05-30 20:39:47,542 | INFO | Train batch  9900/10986 | ms/batch 197.53 | loss 0.8804 | bpb  1.27 | ppl     2.41 | lr 2.96e-04
2025-05-30 20:40:07,285 | INFO | Gradient norm: 0.0242
2025-05-30 20:40:07,293 | INFO | Train batch 10000/10986 | ms/batch 197.53 | loss 0.8804 | bpb  1.27 | ppl     2.41 | lr 2.96e-04
2025-05-30 20:40:27,038 | INFO | Gradient norm: 0.0096
2025-05-30 20:40:27,046 | INFO | Train batch 10100/10986 | ms/batch 197.53 | loss 0.8804 | bpb  1.27 | ppl     2.41 | lr 2.96e-04
2025-05-30 20:40:46,800 | INFO | Gradient norm: 0.0097
2025-05-30 20:40:46,808 | INFO | Train batch 10200/10986 | ms/batch 197.53 | loss 0.8804 | bpb  1.27 | ppl     2.41 | lr 2.96e-04
2025-05-30 20:41:06,552 | INFO | Gradient norm: 0.0083
2025-05-30 20:41:06,560 | INFO | Train batch 10300/10986 | ms/batch 197.53 | loss 0.8804 | bpb  1.27 | ppl     2.41 | lr 2.96e-04
2025-05-30 20:41:26,302 | INFO | Gradient norm: 0.0101
2025-05-30 20:41:26,310 | INFO | Train batch 10400/10986 | ms/batch 197.53 | loss 0.8804 | bpb  1.27 | ppl     2.41 | lr 2.96e-04
2025-05-30 20:41:46,067 | INFO | Gradient norm: 0.0094
2025-05-30 20:41:46,075 | INFO | Train batch 10500/10986 | ms/batch 197.53 | loss 0.8804 | bpb  1.27 | ppl     2.41 | lr 2.96e-04
2025-05-30 20:42:05,817 | INFO | Gradient norm: 0.0132
2025-05-30 20:42:05,825 | INFO | Train batch 10600/10986 | ms/batch 197.53 | loss 0.8804 | bpb  1.27 | ppl     2.41 | lr 2.96e-04
2025-05-30 20:42:25,578 | INFO | Gradient norm: 0.0073
2025-05-30 20:42:25,586 | INFO | Train batch 10700/10986 | ms/batch 197.53 | loss 0.8804 | bpb  1.27 | ppl     2.41 | lr 2.96e-04
2025-05-30 20:42:45,331 | INFO | Gradient norm: 0.0106
2025-05-30 20:42:45,339 | INFO | Train batch 10800/10986 | ms/batch 197.53 | loss 0.8804 | bpb  1.27 | ppl     2.41 | lr 2.96e-04
2025-05-30 20:43:05,081 | INFO | Gradient norm: 0.0093
2025-05-30 20:43:05,089 | INFO | Train batch 10900/10986 | ms/batch 197.53 | loss 0.8804 | bpb  1.27 | ppl     2.41 | lr 2.96e-04
2025-05-30 20:44:34,530 | INFO | Epoch   3 | time: 2242.71s | train bpb  1.27 | valid bpb  1.27
2025-05-30 20:44:36,086 | INFO | Saved new best model with validation bpb:  1.27
2025-05-30 20:44:36,891 | INFO | Input shape: torch.Size([16, 511]), Target shape: torch.Size([16, 511])
2025-05-30 20:44:36,892 | INFO | Input range: [10, 226]
2025-05-30 20:44:36,892 | INFO | Target range: [10, 226]
2025-05-30 20:44:36,933 | INFO | Output shape: torch.Size([8176, 256]), Reshaped target shape: torch.Size([8176])
2025-05-30 20:44:36,935 | INFO | Output range: [-8.1875, 9.8359375]
2025-05-30 20:44:36,935 | INFO | Sample probabilities: max=0.9089319109916687, min=0.0002513046783860773
2025-05-30 20:44:36,936 | INFO | Raw loss value: 0.8808397650718689
2025-05-30 20:44:36,936 | INFO | Batch 0 loss stats - Mean: -0.3828, Std: 1.0615
2025-05-30 20:44:37,100 | INFO | Gradient norm: 0.0321
2025-05-30 20:44:37,108 | INFO | Train batch     0/10986 | ms/batch 217.18 | loss 0.8808 | bpb  1.27 | ppl     2.41 | lr 2.96e-04
2025-05-30 20:44:56,768 | INFO | Gradient norm: 0.0082
2025-05-30 20:44:56,776 | INFO | Train batch   100/10986 | ms/batch 196.88 | loss 0.8816 | bpb  1.27 | ppl     2.41 | lr 2.96e-04
2025-05-30 20:45:16,496 | INFO | Gradient norm: 0.0086
2025-05-30 20:45:16,503 | INFO | Train batch   200/10986 | ms/batch 197.08 | loss 0.8812 | bpb  1.27 | ppl     2.41 | lr 2.96e-04
2025-05-30 20:45:36,248 | INFO | Gradient norm: 0.0207
2025-05-30 20:45:36,256 | INFO | Train batch   300/10986 | ms/batch 197.22 | loss 0.8808 | bpb  1.27 | ppl     2.41 | lr 2.96e-04
2025-05-30 20:45:56,007 | INFO | Gradient norm: 0.0111
2025-05-30 20:45:56,015 | INFO | Train batch   400/10986 | ms/batch 197.32 | loss 0.8807 | bpb  1.27 | ppl     2.41 | lr 2.96e-04
2025-05-30 20:46:15,751 | INFO | Gradient norm: 0.0122
2025-05-30 20:46:15,759 | INFO | Train batch   500/10986 | ms/batch 197.34 | loss 0.8806 | bpb  1.27 | ppl     2.41 | lr 2.96e-04
2025-05-30 20:46:35,493 | INFO | Gradient norm: 0.0112
2025-05-30 20:46:35,501 | INFO | Train batch   600/10986 | ms/batch 197.35 | loss 0.8805 | bpb  1.27 | ppl     2.41 | lr 2.96e-04
2025-05-30 20:46:55,240 | INFO | Gradient norm: 0.0278
2025-05-30 20:46:55,248 | INFO | Train batch   700/10986 | ms/batch 197.37 | loss 0.8805 | bpb  1.27 | ppl     2.41 | lr 2.96e-04
2025-05-30 20:47:14,977 | INFO | Gradient norm: 0.0264
2025-05-30 20:47:14,985 | INFO | Train batch   800/10986 | ms/batch 197.37 | loss 0.8804 | bpb  1.27 | ppl     2.41 | lr 2.96e-04
2025-05-30 20:47:34,715 | INFO | Gradient norm: 0.0151
2025-05-30 20:47:34,723 | INFO | Train batch   900/10986 | ms/batch 197.37 | loss 0.8804 | bpb  1.27 | ppl     2.41 | lr 2.96e-04
2025-05-30 20:47:54,462 | INFO | Gradient norm: 0.0108
2025-05-30 20:47:54,470 | INFO | Train batch  1000/10986 | ms/batch 197.38 | loss 0.8804 | bpb  1.27 | ppl     2.41 | lr 2.96e-04
2025-05-30 20:48:14,198 | INFO | Gradient norm: 0.0322
2025-05-30 20:48:14,205 | INFO | Train batch  1100/10986 | ms/batch 197.38 | loss 0.8804 | bpb  1.27 | ppl     2.41 | lr 2.96e-04
2025-05-30 20:48:33,934 | INFO | Gradient norm: 0.0103
2025-05-30 20:48:33,942 | INFO | Train batch  1200/10986 | ms/batch 197.38 | loss 0.8804 | bpb  1.27 | ppl     2.41 | lr 2.96e-04
2025-05-30 20:48:53,679 | INFO | Gradient norm: 0.0276
2025-05-30 20:48:53,687 | INFO | Train batch  1300/10986 | ms/batch 197.38 | loss 0.8804 | bpb  1.27 | ppl     2.41 | lr 2.96e-04
2025-05-30 20:49:13,413 | INFO | Gradient norm: 0.0256
2025-05-30 20:49:13,421 | INFO | Train batch  1400/10986 | ms/batch 197.38 | loss 0.8804 | bpb  1.27 | ppl     2.41 | lr 2.96e-04
2025-05-30 20:49:33,148 | INFO | Gradient norm: 0.0139
2025-05-30 20:49:33,156 | INFO | Train batch  1500/10986 | ms/batch 197.38 | loss 0.8803 | bpb  1.27 | ppl     2.41 | lr 2.96e-04
2025-05-30 20:49:52,891 | INFO | Gradient norm: 0.0101
2025-05-30 20:49:52,899 | INFO | Train batch  1600/10986 | ms/batch 197.38 | loss 0.8803 | bpb  1.27 | ppl     2.41 | lr 2.95e-04
2025-05-30 20:50:12,625 | INFO | Gradient norm: 0.0157
2025-05-30 20:50:12,632 | INFO | Train batch  1700/10986 | ms/batch 197.38 | loss 0.8803 | bpb  1.27 | ppl     2.41 | lr 2.95e-04
2025-05-30 20:50:32,356 | INFO | Gradient norm: 0.0127
2025-05-30 20:50:32,364 | INFO | Train batch  1800/10986 | ms/batch 197.38 | loss 0.8803 | bpb  1.27 | ppl     2.41 | lr 2.95e-04
2025-05-30 20:50:52,097 | INFO | Gradient norm: 0.0087
2025-05-30 20:50:52,105 | INFO | Train batch  1900/10986 | ms/batch 197.38 | loss 0.8803 | bpb  1.27 | ppl     2.41 | lr 2.95e-04
2025-05-30 20:51:11,829 | INFO | Gradient norm: 0.0136
2025-05-30 20:51:11,837 | INFO | Train batch  2000/10986 | ms/batch 197.37 | loss 0.8804 | bpb  1.27 | ppl     2.41 | lr 2.95e-04
2025-05-30 20:51:31,573 | INFO | Gradient norm: 0.0075
2025-05-30 20:51:31,581 | INFO | Train batch  2100/10986 | ms/batch 197.38 | loss 0.8803 | bpb  1.27 | ppl     2.41 | lr 2.95e-04
2025-05-30 20:51:51,308 | INFO | Gradient norm: 0.0249
2025-05-30 20:51:51,316 | INFO | Train batch  2200/10986 | ms/batch 197.38 | loss 0.8803 | bpb  1.27 | ppl     2.41 | lr 2.95e-04
2025-05-30 20:52:11,042 | INFO | Gradient norm: 0.0084
2025-05-30 20:52:11,050 | INFO | Train batch  2300/10986 | ms/batch 197.37 | loss 0.8803 | bpb  1.27 | ppl     2.41 | lr 2.95e-04
2025-05-30 20:52:30,786 | INFO | Gradient norm: 0.0182
2025-05-30 20:52:30,794 | INFO | Train batch  2400/10986 | ms/batch 197.38 | loss 0.8803 | bpb  1.27 | ppl     2.41 | lr 2.95e-04
2025-05-30 20:52:50,521 | INFO | Gradient norm: 0.0272
2025-05-30 20:52:50,529 | INFO | Train batch  2500/10986 | ms/batch 197.38 | loss 0.8803 | bpb  1.27 | ppl     2.41 | lr 2.95e-04
2025-05-30 20:53:10,257 | INFO | Gradient norm: 0.0088
2025-05-30 20:53:10,265 | INFO | Train batch  2600/10986 | ms/batch 197.38 | loss 0.8803 | bpb  1.27 | ppl     2.41 | lr 2.95e-04
2025-05-30 20:53:30,002 | INFO | Gradient norm: 0.0092
2025-05-30 20:53:30,010 | INFO | Train batch  2700/10986 | ms/batch 197.38 | loss 0.8803 | bpb  1.27 | ppl     2.41 | lr 2.95e-04
2025-05-30 20:53:49,735 | INFO | Gradient norm: 0.0105
2025-05-30 20:53:49,743 | INFO | Train batch  2800/10986 | ms/batch 197.38 | loss 0.8803 | bpb  1.27 | ppl     2.41 | lr 2.95e-04
2025-05-30 20:54:09,471 | INFO | Gradient norm: 0.0319
2025-05-30 20:54:09,479 | INFO | Train batch  2900/10986 | ms/batch 197.38 | loss 0.8803 | bpb  1.27 | ppl     2.41 | lr 2.95e-04
2025-05-30 20:54:29,216 | INFO | Gradient norm: 0.0092
2025-05-30 20:54:29,224 | INFO | Train batch  3000/10986 | ms/batch 197.38 | loss 0.8803 | bpb  1.27 | ppl     2.41 | lr 2.95e-04
2025-05-30 20:54:48,951 | INFO | Gradient norm: 0.0124
2025-05-30 20:54:48,959 | INFO | Train batch  3100/10986 | ms/batch 197.38 | loss 0.8803 | bpb  1.27 | ppl     2.41 | lr 2.95e-04
2025-05-30 20:55:08,687 | INFO | Gradient norm: 0.0113
2025-05-30 20:55:08,695 | INFO | Train batch  3200/10986 | ms/batch 197.38 | loss 0.8803 | bpb  1.27 | ppl     2.41 | lr 2.95e-04
2025-05-30 20:55:28,433 | INFO | Gradient norm: 0.0267
2025-05-30 20:55:28,441 | INFO | Train batch  3300/10986 | ms/batch 197.38 | loss 0.8803 | bpb  1.27 | ppl     2.41 | lr 2.95e-04
2025-05-30 20:55:48,166 | INFO | Gradient norm: 0.0361
2025-05-30 20:55:48,174 | INFO | Train batch  3400/10986 | ms/batch 197.38 | loss 0.8803 | bpb  1.27 | ppl     2.41 | lr 2.95e-04
2025-05-30 20:56:07,901 | INFO | Gradient norm: 0.0283
2025-05-30 20:56:07,909 | INFO | Train batch  3500/10986 | ms/batch 197.38 | loss 0.8803 | bpb  1.27 | ppl     2.41 | lr 2.95e-04
2025-05-30 20:56:27,647 | INFO | Gradient norm: 0.0103
2025-05-30 20:56:27,655 | INFO | Train batch  3600/10986 | ms/batch 197.38 | loss 0.8803 | bpb  1.27 | ppl     2.41 | lr 2.95e-04
2025-05-30 20:56:47,383 | INFO | Gradient norm: 0.0132
2025-05-30 20:56:47,391 | INFO | Train batch  3700/10986 | ms/batch 197.38 | loss 0.8803 | bpb  1.27 | ppl     2.41 | lr 2.95e-04
2025-05-30 20:57:07,117 | INFO | Gradient norm: 0.0200
2025-05-30 20:57:07,125 | INFO | Train batch  3800/10986 | ms/batch 197.38 | loss 0.8803 | bpb  1.27 | ppl     2.41 | lr 2.95e-04
2025-05-30 20:57:26,864 | INFO | Gradient norm: 0.0090
2025-05-30 20:57:26,871 | INFO | Train batch  3900/10986 | ms/batch 197.38 | loss 0.8803 | bpb  1.27 | ppl     2.41 | lr 2.95e-04
2025-05-30 20:57:46,599 | INFO | Gradient norm: 0.0194
2025-05-30 20:57:46,607 | INFO | Train batch  4000/10986 | ms/batch 197.38 | loss 0.8803 | bpb  1.27 | ppl     2.41 | lr 2.95e-04
2025-05-30 20:58:06,336 | INFO | Gradient norm: 0.0081
2025-05-30 20:58:06,344 | INFO | Train batch  4100/10986 | ms/batch 197.38 | loss 0.8803 | bpb  1.27 | ppl     2.41 | lr 2.95e-04
2025-05-30 20:58:26,081 | INFO | Gradient norm: 0.0161
2025-05-30 20:58:26,089 | INFO | Train batch  4200/10986 | ms/batch 197.38 | loss 0.8803 | bpb  1.27 | ppl     2.41 | lr 2.95e-04
2025-05-30 20:58:45,817 | INFO | Gradient norm: 0.0100
2025-05-30 20:58:45,825 | INFO | Train batch  4300/10986 | ms/batch 197.38 | loss 0.8803 | bpb  1.27 | ppl     2.41 | lr 2.95e-04
2025-05-30 20:59:05,566 | INFO | Gradient norm: 0.0157
2025-05-30 20:59:05,574 | INFO | Train batch  4400/10986 | ms/batch 197.38 | loss 0.8803 | bpb  1.27 | ppl     2.41 | lr 2.95e-04
2025-05-30 20:59:25,302 | INFO | Gradient norm: 0.0298
2025-05-30 20:59:25,309 | INFO | Train batch  4500/10986 | ms/batch 197.38 | loss 0.8803 | bpb  1.27 | ppl     2.41 | lr 2.95e-04
2025-05-30 20:59:45,040 | INFO | Gradient norm: 0.0108
2025-05-30 20:59:45,047 | INFO | Train batch  4600/10986 | ms/batch 197.38 | loss 0.8803 | bpb  1.27 | ppl     2.41 | lr 2.95e-04
2025-05-30 21:00:04,788 | INFO | Gradient norm: 0.0104
2025-05-30 21:00:04,796 | INFO | Train batch  4700/10986 | ms/batch 197.38 | loss 0.8803 | bpb  1.27 | ppl     2.41 | lr 2.95e-04
2025-05-30 21:00:24,524 | INFO | Gradient norm: 0.0073
2025-05-30 21:00:24,532 | INFO | Train batch  4800/10986 | ms/batch 197.38 | loss 0.8803 | bpb  1.27 | ppl     2.41 | lr 2.95e-04
2025-05-30 21:00:44,260 | INFO | Gradient norm: 0.0091
2025-05-30 21:00:44,267 | INFO | Train batch  4900/10986 | ms/batch 197.38 | loss 0.8803 | bpb  1.27 | ppl     2.41 | lr 2.95e-04
2025-05-30 21:01:04,008 | INFO | Gradient norm: 0.0084
2025-05-30 21:01:04,016 | INFO | Train batch  5000/10986 | ms/batch 197.39 | loss 0.8803 | bpb  1.27 | ppl     2.41 | lr 2.95e-04
2025-05-30 21:01:23,745 | INFO | Gradient norm: 0.0139
2025-05-30 21:01:23,753 | INFO | Train batch  5100/10986 | ms/batch 197.39 | loss 0.8803 | bpb  1.27 | ppl     2.41 | lr 2.95e-04
2025-05-30 21:01:43,481 | INFO | Gradient norm: 0.0133
2025-05-30 21:01:43,489 | INFO | Train batch  5200/10986 | ms/batch 197.38 | loss 0.8803 | bpb  1.27 | ppl     2.41 | lr 2.95e-04
2025-05-30 21:02:03,230 | INFO | Gradient norm: 0.0179
2025-05-30 21:02:03,238 | INFO | Train batch  5300/10986 | ms/batch 197.39 | loss 0.8803 | bpb  1.27 | ppl     2.41 | lr 2.95e-04
2025-05-30 21:02:22,967 | INFO | Gradient norm: 0.0086
2025-05-30 21:02:22,975 | INFO | Train batch  5400/10986 | ms/batch 197.39 | loss 0.8803 | bpb  1.27 | ppl     2.41 | lr 2.95e-04
2025-05-30 21:02:42,703 | INFO | Gradient norm: 0.0395
2025-05-30 21:02:42,711 | INFO | Train batch  5500/10986 | ms/batch 197.39 | loss 0.8803 | bpb  1.27 | ppl     2.41 | lr 2.95e-04
2025-05-30 21:03:02,450 | INFO | Gradient norm: 0.0136
2025-05-30 21:03:02,458 | INFO | Train batch  5600/10986 | ms/batch 197.39 | loss 0.8803 | bpb  1.27 | ppl     2.41 | lr 2.95e-04
2025-05-30 21:03:22,186 | INFO | Gradient norm: 0.0153
2025-05-30 21:03:22,194 | INFO | Train batch  5700/10986 | ms/batch 197.39 | loss 0.8803 | bpb  1.27 | ppl     2.41 | lr 2.95e-04
2025-05-30 21:03:41,935 | INFO | Gradient norm: 0.0097
2025-05-30 21:03:41,943 | INFO | Train batch  5800/10986 | ms/batch 197.39 | loss 0.8803 | bpb  1.27 | ppl     2.41 | lr 2.95e-04
2025-05-30 21:04:01,670 | INFO | Gradient norm: 0.0096
2025-05-30 21:04:01,678 | INFO | Train batch  5900/10986 | ms/batch 197.39 | loss 0.8803 | bpb  1.27 | ppl     2.41 | lr 2.95e-04
2025-05-30 21:04:21,408 | INFO | Gradient norm: 0.0147
2025-05-30 21:04:21,416 | INFO | Train batch  6000/10986 | ms/batch 197.39 | loss 0.8803 | bpb  1.27 | ppl     2.41 | lr 2.95e-04
2025-05-30 21:04:41,160 | INFO | Gradient norm: 0.0118
2025-05-30 21:04:41,168 | INFO | Train batch  6100/10986 | ms/batch 197.39 | loss 0.8803 | bpb  1.27 | ppl     2.41 | lr 2.95e-04
2025-05-30 21:05:00,897 | INFO | Gradient norm: 0.0151
2025-05-30 21:05:00,905 | INFO | Train batch  6200/10986 | ms/batch 197.39 | loss 0.8803 | bpb  1.27 | ppl     2.41 | lr 2.94e-04
2025-05-30 21:05:20,635 | INFO | Gradient norm: 0.0167
2025-05-30 21:05:20,643 | INFO | Train batch  6300/10986 | ms/batch 197.39 | loss 0.8803 | bpb  1.27 | ppl     2.41 | lr 2.94e-04
2025-05-30 21:05:40,385 | INFO | Gradient norm: 0.0113
2025-05-30 21:05:40,393 | INFO | Train batch  6400/10986 | ms/batch 197.39 | loss 0.8803 | bpb  1.27 | ppl     2.41 | lr 2.94e-04
2025-05-30 21:06:00,124 | INFO | Gradient norm: 0.0083
2025-05-30 21:06:00,132 | INFO | Train batch  6500/10986 | ms/batch 197.39 | loss 0.8803 | bpb  1.27 | ppl     2.41 | lr 2.94e-04
2025-05-30 21:06:19,863 | INFO | Gradient norm: 0.0162
2025-05-30 21:06:19,870 | INFO | Train batch  6600/10986 | ms/batch 197.39 | loss 0.8803 | bpb  1.27 | ppl     2.41 | lr 2.94e-04
2025-05-30 21:06:39,612 | INFO | Gradient norm: 0.0226
2025-05-30 21:06:39,619 | INFO | Train batch  6700/10986 | ms/batch 197.39 | loss 0.8803 | bpb  1.27 | ppl     2.41 | lr 2.94e-04
2025-05-30 21:06:59,351 | INFO | Gradient norm: 0.0292
2025-05-30 21:06:59,359 | INFO | Train batch  6800/10986 | ms/batch 197.39 | loss 0.8803 | bpb  1.27 | ppl     2.41 | lr 2.94e-04
2025-05-30 21:07:19,090 | INFO | Gradient norm: 0.0087
2025-05-30 21:07:19,097 | INFO | Train batch  6900/10986 | ms/batch 197.39 | loss 0.8803 | bpb  1.27 | ppl     2.41 | lr 2.94e-04
2025-05-30 21:07:38,837 | INFO | Gradient norm: 0.0096
2025-05-30 21:07:38,845 | INFO | Train batch  7000/10986 | ms/batch 197.39 | loss 0.8803 | bpb  1.27 | ppl     2.41 | lr 2.94e-04
2025-05-30 21:07:58,575 | INFO | Gradient norm: 0.0099
2025-05-30 21:07:58,582 | INFO | Train batch  7100/10986 | ms/batch 197.39 | loss 0.8803 | bpb  1.27 | ppl     2.41 | lr 2.94e-04
2025-05-30 21:08:18,323 | INFO | Gradient norm: 0.0102
2025-05-30 21:08:18,330 | INFO | Train batch  7200/10986 | ms/batch 197.39 | loss 0.8803 | bpb  1.27 | ppl     2.41 | lr 2.94e-04
2025-05-30 21:08:38,058 | INFO | Gradient norm: 0.0292
2025-05-30 21:08:38,066 | INFO | Train batch  7300/10986 | ms/batch 197.39 | loss 0.8803 | bpb  1.27 | ppl     2.41 | lr 2.94e-04
2025-05-30 21:08:57,797 | INFO | Gradient norm: 0.0115
2025-05-30 21:08:57,804 | INFO | Train batch  7400/10986 | ms/batch 197.39 | loss 0.8803 | bpb  1.27 | ppl     2.41 | lr 2.94e-04
2025-05-30 21:09:17,549 | INFO | Gradient norm: 0.0083
2025-05-30 21:09:17,557 | INFO | Train batch  7500/10986 | ms/batch 197.40 | loss 0.8803 | bpb  1.27 | ppl     2.41 | lr 2.94e-04
2025-05-30 21:09:37,287 | INFO | Gradient norm: 0.0093
2025-05-30 21:09:37,295 | INFO | Train batch  7600/10986 | ms/batch 197.40 | loss 0.8803 | bpb  1.27 | ppl     2.41 | lr 2.94e-04
2025-05-30 21:09:57,027 | INFO | Gradient norm: 0.0103
2025-05-30 21:09:57,035 | INFO | Train batch  7700/10986 | ms/batch 197.40 | loss 0.8803 | bpb  1.27 | ppl     2.41 | lr 2.94e-04
2025-05-30 21:10:16,780 | INFO | Gradient norm: 0.0198
2025-05-30 21:10:16,788 | INFO | Train batch  7800/10986 | ms/batch 197.40 | loss 0.8803 | bpb  1.27 | ppl     2.41 | lr 2.94e-04
2025-05-30 21:10:36,517 | INFO | Gradient norm: 0.0154
2025-05-30 21:10:36,525 | INFO | Train batch  7900/10986 | ms/batch 197.40 | loss 0.8803 | bpb  1.27 | ppl     2.41 | lr 2.94e-04
2025-05-30 21:10:56,257 | INFO | Gradient norm: 0.0120
2025-05-30 21:10:56,265 | INFO | Train batch  8000/10986 | ms/batch 197.40 | loss 0.8803 | bpb  1.27 | ppl     2.41 | lr 2.94e-04
2025-05-30 21:11:16,009 | INFO | Gradient norm: 0.0207
2025-05-30 21:11:16,017 | INFO | Train batch  8100/10986 | ms/batch 197.40 | loss 0.8803 | bpb  1.27 | ppl     2.41 | lr 2.94e-04
2025-05-30 21:11:35,749 | INFO | Gradient norm: 0.0107
2025-05-30 21:11:35,757 | INFO | Train batch  8200/10986 | ms/batch 197.40 | loss 0.8803 | bpb  1.27 | ppl     2.41 | lr 2.94e-04
2025-05-30 21:11:55,490 | INFO | Gradient norm: 0.0088
2025-05-30 21:11:55,497 | INFO | Train batch  8300/10986 | ms/batch 197.40 | loss 0.8803 | bpb  1.27 | ppl     2.41 | lr 2.94e-04
2025-05-30 21:12:15,243 | INFO | Gradient norm: 0.0107
2025-05-30 21:12:15,250 | INFO | Train batch  8400/10986 | ms/batch 197.40 | loss 0.8803 | bpb  1.27 | ppl     2.41 | lr 2.94e-04
2025-05-30 21:12:34,980 | INFO | Gradient norm: 0.0117
2025-05-30 21:12:34,988 | INFO | Train batch  8500/10986 | ms/batch 197.40 | loss 0.8803 | bpb  1.27 | ppl     2.41 | lr 2.94e-04
2025-05-30 21:12:54,718 | INFO | Gradient norm: 0.0106
2025-05-30 21:12:54,726 | INFO | Train batch  8600/10986 | ms/batch 197.40 | loss 0.8803 | bpb  1.27 | ppl     2.41 | lr 2.94e-04
2025-05-30 21:13:14,466 | INFO | Gradient norm: 0.0121
2025-05-30 21:13:14,474 | INFO | Train batch  8700/10986 | ms/batch 197.40 | loss 0.8803 | bpb  1.27 | ppl     2.41 | lr 2.94e-04
2025-05-30 21:13:34,205 | INFO | Gradient norm: 0.0161
2025-05-30 21:13:34,213 | INFO | Train batch  8800/10986 | ms/batch 197.40 | loss 0.8802 | bpb  1.27 | ppl     2.41 | lr 2.94e-04
2025-05-30 21:13:53,958 | INFO | Gradient norm: 0.0112
2025-05-30 21:13:53,966 | INFO | Train batch  8900/10986 | ms/batch 197.40 | loss 0.8802 | bpb  1.27 | ppl     2.41 | lr 2.94e-04
2025-05-30 21:14:13,698 | INFO | Gradient norm: 0.0112
2025-05-30 21:14:13,706 | INFO | Train batch  9000/10986 | ms/batch 197.40 | loss 0.8802 | bpb  1.27 | ppl     2.41 | lr 2.94e-04
2025-05-30 21:14:33,438 | INFO | Gradient norm: 0.0113
2025-05-30 21:14:33,446 | INFO | Train batch  9100/10986 | ms/batch 197.40 | loss 0.8802 | bpb  1.27 | ppl     2.41 | lr 2.94e-04
2025-05-30 21:14:53,189 | INFO | Gradient norm: 0.0080
2025-05-30 21:14:53,197 | INFO | Train batch  9200/10986 | ms/batch 197.40 | loss 0.8802 | bpb  1.27 | ppl     2.41 | lr 2.94e-04
2025-05-30 21:15:12,929 | INFO | Gradient norm: 0.0319
2025-05-30 21:15:12,937 | INFO | Train batch  9300/10986 | ms/batch 197.40 | loss 0.8802 | bpb  1.27 | ppl     2.41 | lr 2.94e-04
2025-05-30 21:15:32,667 | INFO | Gradient norm: 0.0104
2025-05-30 21:15:32,675 | INFO | Train batch  9400/10986 | ms/batch 197.40 | loss 0.8802 | bpb  1.27 | ppl     2.41 | lr 2.94e-04
2025-05-30 21:15:52,414 | INFO | Gradient norm: 0.0174
2025-05-30 21:15:52,422 | INFO | Train batch  9500/10986 | ms/batch 197.40 | loss 0.8802 | bpb  1.27 | ppl     2.41 | lr 2.94e-04
2025-05-30 21:16:12,154 | INFO | Gradient norm: 0.0095
2025-05-30 21:16:12,161 | INFO | Train batch  9600/10986 | ms/batch 197.40 | loss 0.8802 | bpb  1.27 | ppl     2.41 | lr 2.94e-04
2025-05-30 21:16:31,891 | INFO | Gradient norm: 0.0100
2025-05-30 21:16:31,899 | INFO | Train batch  9700/10986 | ms/batch 197.40 | loss 0.8802 | bpb  1.27 | ppl     2.41 | lr 2.94e-04
2025-05-30 21:16:51,641 | INFO | Gradient norm: 0.0097
2025-05-30 21:16:51,648 | INFO | Train batch  9800/10986 | ms/batch 197.40 | loss 0.8802 | bpb  1.27 | ppl     2.41 | lr 2.94e-04
2025-05-30 21:17:11,379 | INFO | Gradient norm: 0.0390
2025-05-30 21:17:11,387 | INFO | Train batch  9900/10986 | ms/batch 197.40 | loss 0.8802 | bpb  1.27 | ppl     2.41 | lr 2.94e-04
2025-05-30 21:17:31,119 | INFO | Gradient norm: 0.0123
2025-05-30 21:17:31,126 | INFO | Train batch 10000/10986 | ms/batch 197.40 | loss 0.8802 | bpb  1.27 | ppl     2.41 | lr 2.94e-04
2025-05-30 21:17:50,871 | INFO | Gradient norm: 0.0213
2025-05-30 21:17:50,879 | INFO | Train batch 10100/10986 | ms/batch 197.40 | loss 0.8802 | bpb  1.27 | ppl     2.41 | lr 2.94e-04
2025-05-30 21:18:10,610 | INFO | Gradient norm: 0.0152
2025-05-30 21:18:10,618 | INFO | Train batch 10200/10986 | ms/batch 197.40 | loss 0.8802 | bpb  1.27 | ppl     2.41 | lr 2.94e-04
2025-05-30 21:18:30,364 | INFO | Gradient norm: 0.0243
2025-05-30 21:18:30,372 | INFO | Train batch 10300/10986 | ms/batch 197.41 | loss 0.8802 | bpb  1.27 | ppl     2.41 | lr 2.94e-04
2025-05-30 21:18:50,104 | INFO | Gradient norm: 0.0109
2025-05-30 21:18:50,112 | INFO | Train batch 10400/10986 | ms/batch 197.41 | loss 0.8802 | bpb  1.27 | ppl     2.41 | lr 2.94e-04
2025-05-30 21:19:09,842 | INFO | Gradient norm: 0.0153
2025-05-30 21:19:09,850 | INFO | Train batch 10500/10986 | ms/batch 197.41 | loss 0.8802 | bpb  1.27 | ppl     2.41 | lr 2.93e-04
2025-05-30 21:19:29,591 | INFO | Gradient norm: 0.0085
2025-05-30 21:19:29,599 | INFO | Train batch 10600/10986 | ms/batch 197.41 | loss 0.8802 | bpb  1.27 | ppl     2.41 | lr 2.93e-04
2025-05-30 21:19:49,330 | INFO | Gradient norm: 0.0069
2025-05-30 21:19:49,338 | INFO | Train batch 10700/10986 | ms/batch 197.41 | loss 0.8802 | bpb  1.27 | ppl     2.41 | lr 2.93e-04
2025-05-30 21:20:09,071 | INFO | Gradient norm: 0.0216
2025-05-30 21:20:09,079 | INFO | Train batch 10800/10986 | ms/batch 197.41 | loss 0.8802 | bpb  1.27 | ppl     2.41 | lr 2.93e-04
2025-05-30 21:20:28,825 | INFO | Gradient norm: 0.0091
2025-05-30 21:20:28,833 | INFO | Train batch 10900/10986 | ms/batch 197.41 | loss 0.8802 | bpb  1.27 | ppl     2.41 | lr 2.93e-04
2025-05-30 21:21:57,833 | INFO | Epoch   4 | time: 2240.94s | train bpb  1.27 | valid bpb  1.27
2025-05-30 21:21:59,012 | INFO | Saved new best model with validation bpb:  1.27
2025-05-30 21:21:59,956 | INFO | Input shape: torch.Size([16, 511]), Target shape: torch.Size([16, 511])
2025-05-30 21:21:59,956 | INFO | Input range: [10, 226]
2025-05-30 21:21:59,957 | INFO | Target range: [10, 226]
2025-05-30 21:21:59,998 | INFO | Output shape: torch.Size([8176, 256]), Reshaped target shape: torch.Size([8176])
2025-05-30 21:22:00,000 | INFO | Output range: [-9.7578125, 10.109375]
2025-05-30 21:22:00,000 | INFO | Sample probabilities: max=0.9047823548316956, min=0.0002698004536796361
2025-05-30 21:22:00,001 | INFO | Raw loss value: 0.8799079656600952
2025-05-30 21:22:00,001 | INFO | Batch 0 loss stats - Mean: -0.4180, Std: 1.1982
2025-05-30 21:22:00,155 | INFO | Gradient norm: 0.0183
2025-05-30 21:22:00,163 | INFO | Train batch     0/10986 | ms/batch 207.18 | loss 0.8799 | bpb  1.27 | ppl     2.41 | lr 2.93e-04
2025-05-30 21:22:19,829 | INFO | Gradient norm: 0.0367
2025-05-30 21:22:19,837 | INFO | Train batch   100/10986 | ms/batch 196.84 | loss 0.8814 | bpb  1.27 | ppl     2.41 | lr 2.93e-04
2025-05-30 21:22:39,545 | INFO | Gradient norm: 0.0129
2025-05-30 21:22:39,553 | INFO | Train batch   200/10986 | ms/batch 197.00 | loss 0.8809 | bpb  1.27 | ppl     2.41 | lr 2.93e-04
2025-05-30 21:22:59,288 | INFO | Gradient norm: 0.0218
2025-05-30 21:22:59,296 | INFO | Train batch   300/10986 | ms/batch 197.14 | loss 0.8806 | bpb  1.27 | ppl     2.41 | lr 2.93e-04
2025-05-30 21:23:19,050 | INFO | Gradient norm: 0.0090
2025-05-30 21:23:19,058 | INFO | Train batch   400/10986 | ms/batch 197.26 | loss 0.8805 | bpb  1.27 | ppl     2.41 | lr 2.93e-04
2025-05-30 21:23:38,832 | INFO | Gradient norm: 0.0095
2025-05-30 21:23:38,840 | INFO | Train batch   500/10986 | ms/batch 197.37 | loss 0.8804 | bpb  1.27 | ppl     2.41 | lr 2.93e-04
2025-05-30 21:23:58,600 | INFO | Gradient norm: 0.0229
2025-05-30 21:23:58,608 | INFO | Train batch   600/10986 | ms/batch 197.42 | loss 0.8803 | bpb  1.27 | ppl     2.41 | lr 2.93e-04
2025-05-30 21:24:18,369 | INFO | Gradient norm: 0.0091
2025-05-30 21:24:18,377 | INFO | Train batch   700/10986 | ms/batch 197.46 | loss 0.8803 | bpb  1.27 | ppl     2.41 | lr 2.93e-04
2025-05-30 21:24:38,150 | INFO | Gradient norm: 0.0158
2025-05-30 21:24:38,158 | INFO | Train batch   800/10986 | ms/batch 197.51 | loss 0.8803 | bpb  1.27 | ppl     2.41 | lr 2.93e-04
2025-05-30 21:24:57,908 | INFO | Gradient norm: 0.0181
2025-05-30 21:24:57,916 | INFO | Train batch   900/10986 | ms/batch 197.51 | loss 0.8802 | bpb  1.27 | ppl     2.41 | lr 2.93e-04
2025-05-30 21:25:17,662 | INFO | Gradient norm: 0.0113
2025-05-30 21:25:17,670 | INFO | Train batch  1000/10986 | ms/batch 197.52 | loss 0.8802 | bpb  1.27 | ppl     2.41 | lr 2.93e-04
2025-05-30 21:25:37,425 | INFO | Gradient norm: 0.0079
2025-05-30 21:25:37,433 | INFO | Train batch  1100/10986 | ms/batch 197.53 | loss 0.8802 | bpb  1.27 | ppl     2.41 | lr 2.93e-04
2025-05-30 21:25:57,171 | INFO | Gradient norm: 0.0188
2025-05-30 21:25:57,178 | INFO | Train batch  1200/10986 | ms/batch 197.52 | loss 0.8802 | bpb  1.27 | ppl     2.41 | lr 2.93e-04
2025-05-30 21:26:16,915 | INFO | Gradient norm: 0.0157
2025-05-30 21:26:16,922 | INFO | Train batch  1300/10986 | ms/batch 197.51 | loss 0.8802 | bpb  1.27 | ppl     2.41 | lr 2.93e-04
2025-05-30 21:26:36,670 | INFO | Gradient norm: 0.0278
2025-05-30 21:26:36,678 | INFO | Train batch  1400/10986 | ms/batch 197.52 | loss 0.8802 | bpb  1.27 | ppl     2.41 | lr 2.93e-04
2025-05-30 21:26:56,414 | INFO | Gradient norm: 0.0083
2025-05-30 21:26:56,422 | INFO | Train batch  1500/10986 | ms/batch 197.51 | loss 0.8802 | bpb  1.27 | ppl     2.41 | lr 2.93e-04
2025-05-30 21:27:16,158 | INFO | Gradient norm: 0.0091
2025-05-30 21:27:16,166 | INFO | Train batch  1600/10986 | ms/batch 197.51 | loss 0.8801 | bpb  1.27 | ppl     2.41 | lr 2.93e-04
2025-05-30 21:27:35,914 | INFO | Gradient norm: 0.0102
2025-05-30 21:27:35,922 | INFO | Train batch  1700/10986 | ms/batch 197.51 | loss 0.8802 | bpb  1.27 | ppl     2.41 | lr 2.93e-04
2025-05-30 21:27:55,658 | INFO | Gradient norm: 0.0094
2025-05-30 21:27:55,666 | INFO | Train batch  1800/10986 | ms/batch 197.51 | loss 0.8802 | bpb  1.27 | ppl     2.41 | lr 2.93e-04
2025-05-30 21:28:15,404 | INFO | Gradient norm: 0.0221
2025-05-30 21:28:15,412 | INFO | Train batch  1900/10986 | ms/batch 197.50 | loss 0.8801 | bpb  1.27 | ppl     2.41 | lr 2.93e-04
2025-05-30 21:28:35,158 | INFO | Gradient norm: 0.0081
2025-05-30 21:28:35,166 | INFO | Train batch  2000/10986 | ms/batch 197.51 | loss 0.8802 | bpb  1.27 | ppl     2.41 | lr 2.93e-04
2025-05-30 21:28:54,904 | INFO | Gradient norm: 0.0073
2025-05-30 21:28:54,912 | INFO | Train batch  2100/10986 | ms/batch 197.50 | loss 0.8802 | bpb  1.27 | ppl     2.41 | lr 2.93e-04
2025-05-30 21:29:14,650 | INFO | Gradient norm: 0.0081
2025-05-30 21:29:14,658 | INFO | Train batch  2200/10986 | ms/batch 197.50 | loss 0.8802 | bpb  1.27 | ppl     2.41 | lr 2.93e-04
2025-05-30 21:29:34,407 | INFO | Gradient norm: 0.0143
2025-05-30 21:29:34,415 | INFO | Train batch  2300/10986 | ms/batch 197.51 | loss 0.8802 | bpb  1.27 | ppl     2.41 | lr 2.93e-04
2025-05-30 21:29:54,151 | INFO | Gradient norm: 0.0084
2025-05-30 21:29:54,159 | INFO | Train batch  2400/10986 | ms/batch 197.50 | loss 0.8802 | bpb  1.27 | ppl     2.41 | lr 2.93e-04
2025-05-30 21:30:13,899 | INFO | Gradient norm: 0.0159
2025-05-30 21:30:13,907 | INFO | Train batch  2500/10986 | ms/batch 197.50 | loss 0.8802 | bpb  1.27 | ppl     2.41 | lr 2.93e-04
2025-05-30 21:30:33,658 | INFO | Gradient norm: 0.0097
2025-05-30 21:30:33,666 | INFO | Train batch  2600/10986 | ms/batch 197.50 | loss 0.8801 | bpb  1.27 | ppl     2.41 | lr 2.93e-04
2025-05-30 21:30:53,405 | INFO | Gradient norm: 0.0119
2025-05-30 21:30:53,413 | INFO | Train batch  2700/10986 | ms/batch 197.50 | loss 0.8801 | bpb  1.27 | ppl     2.41 | lr 2.93e-04
2025-05-30 21:31:13,152 | INFO | Gradient norm: 0.0102
2025-05-30 21:31:13,160 | INFO | Train batch  2800/10986 | ms/batch 197.50 | loss 0.8801 | bpb  1.27 | ppl     2.41 | lr 2.93e-04
2025-05-30 21:31:32,911 | INFO | Gradient norm: 0.0171
2025-05-30 21:31:32,919 | INFO | Train batch  2900/10986 | ms/batch 197.51 | loss 0.8801 | bpb  1.27 | ppl     2.41 | lr 2.93e-04
2025-05-30 21:31:52,659 | INFO | Gradient norm: 0.0143
2025-05-30 21:31:52,667 | INFO | Train batch  3000/10986 | ms/batch 197.50 | loss 0.8801 | bpb  1.27 | ppl     2.41 | lr 2.93e-04
2025-05-30 21:32:12,410 | INFO | Gradient norm: 0.0099
2025-05-30 21:32:12,418 | INFO | Train batch  3100/10986 | ms/batch 197.50 | loss 0.8801 | bpb  1.27 | ppl     2.41 | lr 2.93e-04
2025-05-30 21:32:32,171 | INFO | Gradient norm: 0.0088
2025-05-30 21:32:32,179 | INFO | Train batch  3200/10986 | ms/batch 197.51 | loss 0.8801 | bpb  1.27 | ppl     2.41 | lr 2.93e-04
2025-05-30 21:32:51,919 | INFO | Gradient norm: 0.0127
2025-05-30 21:32:51,927 | INFO | Train batch  3300/10986 | ms/batch 197.51 | loss 0.8801 | bpb  1.27 | ppl     2.41 | lr 2.93e-04
2025-05-30 21:33:11,666 | INFO | Gradient norm: 0.0101
2025-05-30 21:33:11,674 | INFO | Train batch  3400/10986 | ms/batch 197.51 | loss 0.8801 | bpb  1.27 | ppl     2.41 | lr 2.92e-04
2025-05-30 21:33:31,425 | INFO | Gradient norm: 0.0093
2025-05-30 21:33:31,433 | INFO | Train batch  3500/10986 | ms/batch 197.51 | loss 0.8801 | bpb  1.27 | ppl     2.41 | lr 2.92e-04
2025-05-30 21:33:51,171 | INFO | Gradient norm: 0.0106
2025-05-30 21:33:51,178 | INFO | Train batch  3600/10986 | ms/batch 197.51 | loss 0.8801 | bpb  1.27 | ppl     2.41 | lr 2.92e-04
2025-05-30 21:34:10,928 | INFO | Gradient norm: 0.0125
2025-05-30 21:34:10,936 | INFO | Train batch  3700/10986 | ms/batch 197.51 | loss 0.8801 | bpb  1.27 | ppl     2.41 | lr 2.92e-04
2025-05-30 21:34:30,677 | INFO | Gradient norm: 0.0092
2025-05-30 21:34:30,685 | INFO | Train batch  3800/10986 | ms/batch 197.51 | loss 0.8801 | bpb  1.27 | ppl     2.41 | lr 2.92e-04
2025-05-30 21:34:50,426 | INFO | Gradient norm: 0.0210
2025-05-30 21:34:50,434 | INFO | Train batch  3900/10986 | ms/batch 197.51 | loss 0.8801 | bpb  1.27 | ppl     2.41 | lr 2.92e-04
2025-05-30 21:35:10,186 | INFO | Gradient norm: 0.0197
2025-05-30 21:35:10,194 | INFO | Train batch  4000/10986 | ms/batch 197.51 | loss 0.8801 | bpb  1.27 | ppl     2.41 | lr 2.92e-04
2025-05-30 21:35:29,936 | INFO | Gradient norm: 0.0291
2025-05-30 21:35:29,944 | INFO | Train batch  4100/10986 | ms/batch 197.51 | loss 0.8801 | bpb  1.27 | ppl     2.41 | lr 2.92e-04
2025-05-30 21:35:49,687 | INFO | Gradient norm: 0.0143
2025-05-30 21:35:49,695 | INFO | Train batch  4200/10986 | ms/batch 197.51 | loss 0.8801 | bpb  1.27 | ppl     2.41 | lr 2.92e-04
2025-05-30 21:36:09,447 | INFO | Gradient norm: 0.0190
2025-05-30 21:36:09,455 | INFO | Train batch  4300/10986 | ms/batch 197.51 | loss 0.8801 | bpb  1.27 | ppl     2.41 | lr 2.92e-04
2025-05-30 21:36:29,195 | INFO | Gradient norm: 0.0239
2025-05-30 21:36:29,203 | INFO | Train batch  4400/10986 | ms/batch 197.51 | loss 0.8801 | bpb  1.27 | ppl     2.41 | lr 2.92e-04
2025-05-30 21:36:48,946 | INFO | Gradient norm: 0.0098
2025-05-30 21:36:48,954 | INFO | Train batch  4500/10986 | ms/batch 197.51 | loss 0.8801 | bpb  1.27 | ppl     2.41 | lr 2.92e-04
2025-05-30 21:37:08,706 | INFO | Gradient norm: 0.0108
2025-05-30 21:37:08,714 | INFO | Train batch  4600/10986 | ms/batch 197.51 | loss 0.8801 | bpb  1.27 | ppl     2.41 | lr 2.92e-04
2025-05-30 21:37:28,455 | INFO | Gradient norm: 0.0096
2025-05-30 21:37:28,463 | INFO | Train batch  4700/10986 | ms/batch 197.51 | loss 0.8801 | bpb  1.27 | ppl     2.41 | lr 2.92e-04
2025-05-30 21:37:48,206 | INFO | Gradient norm: 0.0095
2025-05-30 21:37:48,214 | INFO | Train batch  4800/10986 | ms/batch 197.51 | loss 0.8801 | bpb  1.27 | ppl     2.41 | lr 2.92e-04
2025-05-30 21:38:07,967 | INFO | Gradient norm: 0.0260
2025-05-30 21:38:07,975 | INFO | Train batch  4900/10986 | ms/batch 197.51 | loss 0.8801 | bpb  1.27 | ppl     2.41 | lr 2.92e-04
2025-05-30 21:38:27,714 | INFO | Gradient norm: 0.0083
2025-05-30 21:38:27,722 | INFO | Train batch  5000/10986 | ms/batch 197.51 | loss 0.8801 | bpb  1.27 | ppl     2.41 | lr 2.92e-04
2025-05-30 21:38:47,464 | INFO | Gradient norm: 0.0095
2025-05-30 21:38:47,472 | INFO | Train batch  5100/10986 | ms/batch 197.51 | loss 0.8801 | bpb  1.27 | ppl     2.41 | lr 2.92e-04
2025-05-30 21:39:07,221 | INFO | Gradient norm: 0.0112
2025-05-30 21:39:07,229 | INFO | Train batch  5200/10986 | ms/batch 197.51 | loss 0.8801 | bpb  1.27 | ppl     2.41 | lr 2.92e-04
2025-05-30 21:39:26,971 | INFO | Gradient norm: 0.0146
2025-05-30 21:39:26,979 | INFO | Train batch  5300/10986 | ms/batch 197.51 | loss 0.8801 | bpb  1.27 | ppl     2.41 | lr 2.92e-04
2025-05-30 21:39:46,730 | INFO | Gradient norm: 0.0113
2025-05-30 21:39:46,738 | INFO | Train batch  5400/10986 | ms/batch 197.52 | loss 0.8801 | bpb  1.27 | ppl     2.41 | lr 2.92e-04
2025-05-30 21:40:06,480 | INFO | Gradient norm: 0.0082
2025-05-30 21:40:06,488 | INFO | Train batch  5500/10986 | ms/batch 197.52 | loss 0.8801 | bpb  1.27 | ppl     2.41 | lr 2.92e-04
2025-05-30 21:40:26,228 | INFO | Gradient norm: 0.0090
2025-05-30 21:40:26,236 | INFO | Train batch  5600/10986 | ms/batch 197.51 | loss 0.8801 | bpb  1.27 | ppl     2.41 | lr 2.92e-04
2025-05-30 21:40:45,986 | INFO | Gradient norm: 0.0088
2025-05-30 21:40:45,994 | INFO | Train batch  5700/10986 | ms/batch 197.52 | loss 0.8801 | bpb  1.27 | ppl     2.41 | lr 2.92e-04
2025-05-30 21:41:05,732 | INFO | Gradient norm: 0.0068
2025-05-30 21:41:05,740 | INFO | Train batch  5800/10986 | ms/batch 197.51 | loss 0.8801 | bpb  1.27 | ppl     2.41 | lr 2.92e-04
2025-05-30 21:41:25,483 | INFO | Gradient norm: 0.0076
2025-05-30 21:41:25,491 | INFO | Train batch  5900/10986 | ms/batch 197.51 | loss 0.8801 | bpb  1.27 | ppl     2.41 | lr 2.92e-04
2025-05-30 21:41:45,243 | INFO | Gradient norm: 0.0077
2025-05-30 21:41:45,250 | INFO | Train batch  6000/10986 | ms/batch 197.52 | loss 0.8801 | bpb  1.27 | ppl     2.41 | lr 2.92e-04
2025-05-30 21:42:04,993 | INFO | Gradient norm: 0.0131
2025-05-30 21:42:05,001 | INFO | Train batch  6100/10986 | ms/batch 197.52 | loss 0.8801 | bpb  1.27 | ppl     2.41 | lr 2.92e-04
2025-05-30 21:42:24,746 | INFO | Gradient norm: 0.0577
2025-05-30 21:42:24,754 | INFO | Train batch  6200/10986 | ms/batch 197.52 | loss 0.8801 | bpb  1.27 | ppl     2.41 | lr 2.92e-04
2025-05-30 21:42:44,507 | INFO | Gradient norm: 0.0105
2025-05-30 21:42:44,515 | INFO | Train batch  6300/10986 | ms/batch 197.52 | loss 0.8801 | bpb  1.27 | ppl     2.41 | lr 2.92e-04
2025-05-30 21:43:04,258 | INFO | Gradient norm: 0.0157
2025-05-30 21:43:04,266 | INFO | Train batch  6400/10986 | ms/batch 197.52 | loss 0.8801 | bpb  1.27 | ppl     2.41 | lr 2.92e-04
2025-05-30 21:43:24,010 | INFO | Gradient norm: 0.0086
2025-05-30 21:43:24,018 | INFO | Train batch  6500/10986 | ms/batch 197.52 | loss 0.8801 | bpb  1.27 | ppl     2.41 | lr 2.92e-04
2025-05-30 21:43:43,772 | INFO | Gradient norm: 0.0119
2025-05-30 21:43:43,780 | INFO | Train batch  6600/10986 | ms/batch 197.52 | loss 0.8801 | bpb  1.27 | ppl     2.41 | lr 2.92e-04
2025-05-30 21:44:03,522 | INFO | Gradient norm: 0.0116
2025-05-30 21:44:03,530 | INFO | Train batch  6700/10986 | ms/batch 197.52 | loss 0.8801 | bpb  1.27 | ppl     2.41 | lr 2.92e-04
2025-05-30 21:44:23,282 | INFO | Gradient norm: 0.0099
2025-05-30 21:44:23,290 | INFO | Train batch  6800/10986 | ms/batch 197.52 | loss 0.8801 | bpb  1.27 | ppl     2.41 | lr 2.92e-04
2025-05-30 21:44:43,031 | INFO | Gradient norm: 0.0234
2025-05-30 21:44:43,038 | INFO | Train batch  6900/10986 | ms/batch 197.52 | loss 0.8801 | bpb  1.27 | ppl     2.41 | lr 2.92e-04
2025-05-30 21:45:02,778 | INFO | Gradient norm: 0.0097
2025-05-30 21:45:02,786 | INFO | Train batch  7000/10986 | ms/batch 197.52 | loss 0.8801 | bpb  1.27 | ppl     2.41 | lr 2.92e-04
2025-05-30 21:45:22,542 | INFO | Gradient norm: 0.0077
2025-05-30 21:45:22,550 | INFO | Train batch  7100/10986 | ms/batch 197.52 | loss 0.8801 | bpb  1.27 | ppl     2.41 | lr 2.91e-04
2025-05-30 21:45:42,295 | INFO | Gradient norm: 0.0141
2025-05-30 21:45:42,303 | INFO | Train batch  7200/10986 | ms/batch 197.52 | loss 0.8801 | bpb  1.27 | ppl     2.41 | lr 2.91e-04
2025-05-30 21:46:02,048 | INFO | Gradient norm: 0.0220
2025-05-30 21:46:02,055 | INFO | Train batch  7300/10986 | ms/batch 197.52 | loss 0.8801 | bpb  1.27 | ppl     2.41 | lr 2.91e-04
2025-05-30 21:46:21,810 | INFO | Gradient norm: 0.0079
2025-05-30 21:46:21,818 | INFO | Train batch  7400/10986 | ms/batch 197.52 | loss 0.8801 | bpb  1.27 | ppl     2.41 | lr 2.91e-04
2025-05-30 21:46:41,562 | INFO | Gradient norm: 0.0277
2025-05-30 21:46:41,570 | INFO | Train batch  7500/10986 | ms/batch 197.52 | loss 0.8801 | bpb  1.27 | ppl     2.41 | lr 2.91e-04
2025-05-30 21:47:01,312 | INFO | Gradient norm: 0.0137
2025-05-30 21:47:01,320 | INFO | Train batch  7600/10986 | ms/batch 197.52 | loss 0.8801 | bpb  1.27 | ppl     2.41 | lr 2.91e-04
2025-05-30 21:47:21,074 | INFO | Gradient norm: 0.0085
2025-05-30 21:47:21,082 | INFO | Train batch  7700/10986 | ms/batch 197.52 | loss 0.8801 | bpb  1.27 | ppl     2.41 | lr 2.91e-04
2025-05-30 21:47:40,823 | INFO | Gradient norm: 0.0104
2025-05-30 21:47:40,831 | INFO | Train batch  7800/10986 | ms/batch 197.52 | loss 0.8801 | bpb  1.27 | ppl     2.41 | lr 2.91e-04
2025-05-30 21:48:00,573 | INFO | Gradient norm: 0.0075
2025-05-30 21:48:00,581 | INFO | Train batch  7900/10986 | ms/batch 197.52 | loss 0.8801 | bpb  1.27 | ppl     2.41 | lr 2.91e-04
2025-05-30 21:48:20,334 | INFO | Gradient norm: 0.0099
2025-05-30 21:48:20,342 | INFO | Train batch  8000/10986 | ms/batch 197.52 | loss 0.8801 | bpb  1.27 | ppl     2.41 | lr 2.91e-04
2025-05-30 21:48:40,084 | INFO | Gradient norm: 0.0088
2025-05-30 21:48:40,092 | INFO | Train batch  8100/10986 | ms/batch 197.52 | loss 0.8801 | bpb  1.27 | ppl     2.41 | lr 2.91e-04
2025-05-30 21:48:59,844 | INFO | Gradient norm: 0.0113
2025-05-30 21:48:59,852 | INFO | Train batch  8200/10986 | ms/batch 197.52 | loss 0.8801 | bpb  1.27 | ppl     2.41 | lr 2.91e-04
2025-05-30 21:49:19,593 | INFO | Gradient norm: 0.0086
2025-05-30 21:49:19,601 | INFO | Train batch  8300/10986 | ms/batch 197.52 | loss 0.8801 | bpb  1.27 | ppl     2.41 | lr 2.91e-04
2025-05-30 21:49:39,344 | INFO | Gradient norm: 0.0109
2025-05-30 21:49:39,351 | INFO | Train batch  8400/10986 | ms/batch 197.52 | loss 0.8801 | bpb  1.27 | ppl     2.41 | lr 2.91e-04
2025-05-30 21:49:59,107 | INFO | Gradient norm: 0.0088
2025-05-30 21:49:59,115 | INFO | Train batch  8500/10986 | ms/batch 197.52 | loss 0.8801 | bpb  1.27 | ppl     2.41 | lr 2.91e-04
2025-05-30 21:50:18,861 | INFO | Gradient norm: 0.0124
2025-05-30 21:50:18,869 | INFO | Train batch  8600/10986 | ms/batch 197.53 | loss 0.8801 | bpb  1.27 | ppl     2.41 | lr 2.91e-04
2025-05-30 21:50:38,613 | INFO | Gradient norm: 0.0091
2025-05-30 21:50:38,621 | INFO | Train batch  8700/10986 | ms/batch 197.52 | loss 0.8801 | bpb  1.27 | ppl     2.41 | lr 2.91e-04
2025-05-30 21:50:58,377 | INFO | Gradient norm: 0.0094
2025-05-30 21:50:58,385 | INFO | Train batch  8800/10986 | ms/batch 197.53 | loss 0.8801 | bpb  1.27 | ppl     2.41 | lr 2.91e-04
2025-05-30 21:51:18,130 | INFO | Gradient norm: 0.0093
2025-05-30 21:51:18,138 | INFO | Train batch  8900/10986 | ms/batch 197.53 | loss 0.8801 | bpb  1.27 | ppl     2.41 | lr 2.91e-04
2025-05-30 21:51:37,882 | INFO | Gradient norm: 0.0081
2025-05-30 21:51:37,889 | INFO | Train batch  9000/10986 | ms/batch 197.53 | loss 0.8801 | bpb  1.27 | ppl     2.41 | lr 2.91e-04
2025-05-30 21:51:57,643 | INFO | Gradient norm: 0.0124
2025-05-30 21:51:57,651 | INFO | Train batch  9100/10986 | ms/batch 197.53 | loss 0.8801 | bpb  1.27 | ppl     2.41 | lr 2.91e-04
2025-05-30 21:52:17,393 | INFO | Gradient norm: 0.0119
2025-05-30 21:52:17,401 | INFO | Train batch  9200/10986 | ms/batch 197.53 | loss 0.8801 | bpb  1.27 | ppl     2.41 | lr 2.91e-04
2025-05-30 21:52:37,145 | INFO | Gradient norm: 0.0132
2025-05-30 21:52:37,153 | INFO | Train batch  9300/10986 | ms/batch 197.53 | loss 0.8801 | bpb  1.27 | ppl     2.41 | lr 2.91e-04
2025-05-30 21:52:56,908 | INFO | Gradient norm: 0.0102
2025-05-30 21:52:56,916 | INFO | Train batch  9400/10986 | ms/batch 197.53 | loss 0.8801 | bpb  1.27 | ppl     2.41 | lr 2.91e-04
2025-05-30 21:53:16,659 | INFO | Gradient norm: 0.0094
2025-05-30 21:53:16,667 | INFO | Train batch  9500/10986 | ms/batch 197.53 | loss 0.8801 | bpb  1.27 | ppl     2.41 | lr 2.91e-04
2025-05-30 21:53:36,425 | INFO | Gradient norm: 0.0079
2025-05-30 21:53:36,432 | INFO | Train batch  9600/10986 | ms/batch 197.53 | loss 0.8801 | bpb  1.27 | ppl     2.41 | lr 2.91e-04
2025-05-30 21:53:56,177 | INFO | Gradient norm: 0.0153
2025-05-30 21:53:56,185 | INFO | Train batch  9700/10986 | ms/batch 197.53 | loss 0.8801 | bpb  1.27 | ppl     2.41 | lr 2.91e-04
2025-05-30 21:54:15,928 | INFO | Gradient norm: 0.0246
2025-05-30 21:54:15,935 | INFO | Train batch  9800/10986 | ms/batch 197.53 | loss 0.8801 | bpb  1.27 | ppl     2.41 | lr 2.91e-04
2025-05-30 21:54:35,690 | INFO | Gradient norm: 0.0138
2025-05-30 21:54:35,698 | INFO | Train batch  9900/10986 | ms/batch 197.53 | loss 0.8801 | bpb  1.27 | ppl     2.41 | lr 2.91e-04
2025-05-30 21:54:55,442 | INFO | Gradient norm: 0.0083
2025-05-30 21:54:55,450 | INFO | Train batch 10000/10986 | ms/batch 197.53 | loss 0.8801 | bpb  1.27 | ppl     2.41 | lr 2.91e-04
2025-05-30 21:55:15,195 | INFO | Gradient norm: 0.0079
2025-05-30 21:55:15,203 | INFO | Train batch 10100/10986 | ms/batch 197.53 | loss 0.8801 | bpb  1.27 | ppl     2.41 | lr 2.91e-04
2025-05-30 21:55:34,958 | INFO | Gradient norm: 0.0112
2025-05-30 21:55:34,966 | INFO | Train batch 10200/10986 | ms/batch 197.53 | loss 0.8801 | bpb  1.27 | ppl     2.41 | lr 2.91e-04
2025-05-30 21:55:54,712 | INFO | Gradient norm: 0.0228
2025-05-30 21:55:54,720 | INFO | Train batch 10300/10986 | ms/batch 197.53 | loss 0.8801 | bpb  1.27 | ppl     2.41 | lr 2.91e-04
2025-05-30 21:56:14,467 | INFO | Gradient norm: 0.0119
2025-05-30 21:56:14,474 | INFO | Train batch 10400/10986 | ms/batch 197.53 | loss 0.8801 | bpb  1.27 | ppl     2.41 | lr 2.91e-04
2025-05-30 21:56:34,231 | INFO | Gradient norm: 0.0080
2025-05-30 21:56:34,239 | INFO | Train batch 10500/10986 | ms/batch 197.53 | loss 0.8801 | bpb  1.27 | ppl     2.41 | lr 2.90e-04
2025-05-30 21:56:53,982 | INFO | Gradient norm: 0.0122
2025-05-30 21:56:53,990 | INFO | Train batch 10600/10986 | ms/batch 197.53 | loss 0.8801 | bpb  1.27 | ppl     2.41 | lr 2.90e-04
2025-05-30 21:57:13,735 | INFO | Gradient norm: 0.0072
2025-05-30 21:57:13,743 | INFO | Train batch 10700/10986 | ms/batch 197.53 | loss 0.8801 | bpb  1.27 | ppl     2.41 | lr 2.90e-04
2025-05-30 21:57:33,499 | INFO | Gradient norm: 0.0075
2025-05-30 21:57:33,507 | INFO | Train batch 10800/10986 | ms/batch 197.53 | loss 0.8801 | bpb  1.27 | ppl     2.41 | lr 2.90e-04
2025-05-30 21:57:53,251 | INFO | Gradient norm: 0.0087
2025-05-30 21:57:53,259 | INFO | Train batch 10900/10986 | ms/batch 197.53 | loss 0.8801 | bpb  1.27 | ppl     2.41 | lr 2.90e-04
2025-05-30 21:59:22,622 | INFO | Epoch   5 | time: 2242.67s | train bpb  1.27 | valid bpb  1.27
2025-05-30 21:59:23,698 | INFO | Saved new best model with validation bpb:  1.27
2025-05-30 21:59:24,315 | INFO | Input shape: torch.Size([16, 511]), Target shape: torch.Size([16, 511])
2025-05-30 21:59:24,316 | INFO | Input range: [10, 226]
2025-05-30 21:59:24,316 | INFO | Target range: [10, 226]
2025-05-30 21:59:24,352 | INFO | Output shape: torch.Size([8176, 256]), Reshaped target shape: torch.Size([8176])
2025-05-30 21:59:24,354 | INFO | Output range: [-11.4609375, 10.21875]
2025-05-30 21:59:24,354 | INFO | Sample probabilities: max=0.9025909304618835, min=0.00026158103719353676
2025-05-30 21:59:24,354 | INFO | Raw loss value: 0.8801876902580261
2025-05-30 21:59:24,355 | INFO | Batch 0 loss stats - Mean: -0.3013, Std: 1.2998
2025-05-30 21:59:24,501 | INFO | Gradient norm: 0.0294
2025-05-30 21:59:24,509 | INFO | Train batch     0/10986 | ms/batch 194.21 | loss 0.8802 | bpb  1.27 | ppl     2.41 | lr 2.90e-04
2025-05-30 21:59:44,187 | INFO | Gradient norm: 0.0146
2025-05-30 21:59:44,195 | INFO | Train batch   100/10986 | ms/batch 196.83 | loss 0.8813 | bpb  1.27 | ppl     2.41 | lr 2.90e-04
2025-05-30 22:00:03,916 | INFO | Gradient norm: 0.0135
2025-05-30 22:00:03,924 | INFO | Train batch   200/10986 | ms/batch 197.06 | loss 0.8808 | bpb  1.27 | ppl     2.41 | lr 2.90e-04
2025-05-30 22:00:23,652 | INFO | Gradient norm: 0.0082
2025-05-30 22:00:23,660 | INFO | Train batch   300/10986 | ms/batch 197.16 | loss 0.8805 | bpb  1.27 | ppl     2.41 | lr 2.90e-04
2025-05-30 22:00:43,402 | INFO | Gradient norm: 0.0078
2025-05-30 22:00:43,410 | INFO | Train batch   400/10986 | ms/batch 197.24 | loss 0.8803 | bpb  1.27 | ppl     2.41 | lr 2.90e-04
2025-05-30 22:01:03,141 | INFO | Gradient norm: 0.0111
2025-05-30 22:01:03,149 | INFO | Train batch   500/10986 | ms/batch 197.27 | loss 0.8802 | bpb  1.27 | ppl     2.41 | lr 2.90e-04
2025-05-30 22:01:22,882 | INFO | Gradient norm: 0.0183
2025-05-30 22:01:22,889 | INFO | Train batch   600/10986 | ms/batch 197.30 | loss 0.8802 | bpb  1.27 | ppl     2.41 | lr 2.90e-04
2025-05-30 22:01:42,636 | INFO | Gradient norm: 0.0090
2025-05-30 22:01:42,644 | INFO | Train batch   700/10986 | ms/batch 197.33 | loss 0.8802 | bpb  1.27 | ppl     2.41 | lr 2.90e-04
2025-05-30 22:02:02,376 | INFO | Gradient norm: 0.0166
2025-05-30 22:02:02,384 | INFO | Train batch   800/10986 | ms/batch 197.34 | loss 0.8801 | bpb  1.27 | ppl     2.41 | lr 2.90e-04
2025-05-30 22:02:22,115 | INFO | Gradient norm: 0.0103
2025-05-30 22:02:22,123 | INFO | Train batch   900/10986 | ms/batch 197.35 | loss 0.8801 | bpb  1.27 | ppl     2.41 | lr 2.90e-04
2025-05-30 22:02:41,865 | INFO | Gradient norm: 0.0108
2025-05-30 22:02:41,873 | INFO | Train batch  1000/10986 | ms/batch 197.36 | loss 0.8801 | bpb  1.27 | ppl     2.41 | lr 2.90e-04
2025-05-30 22:03:01,604 | INFO | Gradient norm: 0.0102
2025-05-30 22:03:01,612 | INFO | Train batch  1100/10986 | ms/batch 197.36 | loss 0.8801 | bpb  1.27 | ppl     2.41 | lr 2.90e-04
2025-05-30 22:03:21,344 | INFO | Gradient norm: 0.0097
2025-05-30 22:03:21,352 | INFO | Train batch  1200/10986 | ms/batch 197.37 | loss 0.8800 | bpb  1.27 | ppl     2.41 | lr 2.90e-04
2025-05-30 22:03:41,094 | INFO | Gradient norm: 0.0205
2025-05-30 22:03:41,102 | INFO | Train batch  1300/10986 | ms/batch 197.38 | loss 0.8800 | bpb  1.27 | ppl     2.41 | lr 2.90e-04
2025-05-30 22:04:00,830 | INFO | Gradient norm: 0.0220
2025-05-30 22:04:00,838 | INFO | Train batch  1400/10986 | ms/batch 197.38 | loss 0.8800 | bpb  1.27 | ppl     2.41 | lr 2.90e-04
2025-05-30 22:04:20,566 | INFO | Gradient norm: 0.0082
2025-05-30 22:04:20,574 | INFO | Train batch  1500/10986 | ms/batch 197.37 | loss 0.8800 | bpb  1.27 | ppl     2.41 | lr 2.90e-04
2025-05-30 22:04:40,313 | INFO | Gradient norm: 0.0102
2025-05-30 22:04:40,321 | INFO | Train batch  1600/10986 | ms/batch 197.38 | loss 0.8800 | bpb  1.27 | ppl     2.41 | lr 2.90e-04
2025-05-30 22:05:00,049 | INFO | Gradient norm: 0.0219
2025-05-30 22:05:00,057 | INFO | Train batch  1700/10986 | ms/batch 197.38 | loss 0.8800 | bpb  1.27 | ppl     2.41 | lr 2.90e-04
2025-05-30 22:05:19,785 | INFO | Gradient norm: 0.0156
2025-05-30 22:05:19,793 | INFO | Train batch  1800/10986 | ms/batch 197.38 | loss 0.8800 | bpb  1.27 | ppl     2.41 | lr 2.90e-04
2025-05-30 22:05:39,531 | INFO | Gradient norm: 0.0085
2025-05-30 22:05:39,539 | INFO | Train batch  1900/10986 | ms/batch 197.38 | loss 0.8800 | bpb  1.27 | ppl     2.41 | lr 2.90e-04
2025-05-30 22:05:59,266 | INFO | Gradient norm: 0.0086
2025-05-30 22:05:59,274 | INFO | Train batch  2000/10986 | ms/batch 197.38 | loss 0.8800 | bpb  1.27 | ppl     2.41 | lr 2.90e-04
2025-05-30 22:06:19,003 | INFO | Gradient norm: 0.0088
2025-05-30 22:06:19,011 | INFO | Train batch  2100/10986 | ms/batch 197.38 | loss 0.8800 | bpb  1.27 | ppl     2.41 | lr 2.90e-04
2025-05-30 22:06:38,751 | INFO | Gradient norm: 0.0089
2025-05-30 22:06:38,759 | INFO | Train batch  2200/10986 | ms/batch 197.38 | loss 0.8800 | bpb  1.27 | ppl     2.41 | lr 2.90e-04
2025-05-30 22:06:58,487 | INFO | Gradient norm: 0.0105
2025-05-30 22:06:58,495 | INFO | Train batch  2300/10986 | ms/batch 197.38 | loss 0.8800 | bpb  1.27 | ppl     2.41 | lr 2.90e-04
2025-05-30 22:07:18,223 | INFO | Gradient norm: 0.0095
2025-05-30 22:07:18,231 | INFO | Train batch  2400/10986 | ms/batch 197.38 | loss 0.8800 | bpb  1.27 | ppl     2.41 | lr 2.90e-04
2025-05-30 22:07:37,974 | INFO | Gradient norm: 0.0102
2025-05-30 22:07:37,982 | INFO | Train batch  2500/10986 | ms/batch 197.39 | loss 0.8800 | bpb  1.27 | ppl     2.41 | lr 2.90e-04
2025-05-30 22:07:57,714 | INFO | Gradient norm: 0.0132
2025-05-30 22:07:57,721 | INFO | Train batch  2600/10986 | ms/batch 197.39 | loss 0.8800 | bpb  1.27 | ppl     2.41 | lr 2.90e-04
2025-05-30 22:08:17,453 | INFO | Gradient norm: 0.0079
2025-05-30 22:08:17,461 | INFO | Train batch  2700/10986 | ms/batch 197.39 | loss 0.8800 | bpb  1.27 | ppl     2.41 | lr 2.90e-04
2025-05-30 22:08:37,200 | INFO | Gradient norm: 0.0155
2025-05-30 22:08:37,208 | INFO | Train batch  2800/10986 | ms/batch 197.39 | loss 0.8800 | bpb  1.27 | ppl     2.41 | lr 2.89e-04
2025-05-30 22:08:56,939 | INFO | Gradient norm: 0.0088
2025-05-30 22:08:56,946 | INFO | Train batch  2900/10986 | ms/batch 197.39 | loss 0.8800 | bpb  1.27 | ppl     2.41 | lr 2.89e-04
2025-05-30 22:09:16,687 | INFO | Gradient norm: 0.0094
2025-05-30 22:09:16,695 | INFO | Train batch  3000/10986 | ms/batch 197.39 | loss 0.8800 | bpb  1.27 | ppl     2.41 | lr 2.89e-04
2025-05-30 22:09:36,424 | INFO | Gradient norm: 0.0074
2025-05-30 22:09:36,432 | INFO | Train batch  3100/10986 | ms/batch 197.39 | loss 0.8800 | bpb  1.27 | ppl     2.41 | lr 2.89e-04
2025-05-30 22:09:56,162 | INFO | Gradient norm: 0.0245
2025-05-30 22:09:56,170 | INFO | Train batch  3200/10986 | ms/batch 197.39 | loss 0.8800 | bpb  1.27 | ppl     2.41 | lr 2.89e-04
2025-05-30 22:10:15,913 | INFO | Gradient norm: 0.0088
2025-05-30 22:10:15,921 | INFO | Train batch  3300/10986 | ms/batch 197.40 | loss 0.8800 | bpb  1.27 | ppl     2.41 | lr 2.89e-04
2025-05-30 22:10:35,650 | INFO | Gradient norm: 0.0077
2025-05-30 22:10:35,658 | INFO | Train batch  3400/10986 | ms/batch 197.40 | loss 0.8800 | bpb  1.27 | ppl     2.41 | lr 2.89e-04
2025-05-30 22:10:55,386 | INFO | Gradient norm: 0.0138
2025-05-30 22:10:55,394 | INFO | Train batch  3500/10986 | ms/batch 197.39 | loss 0.8800 | bpb  1.27 | ppl     2.41 | lr 2.89e-04
2025-05-30 22:11:15,136 | INFO | Gradient norm: 0.0118
2025-05-30 22:11:15,144 | INFO | Train batch  3600/10986 | ms/batch 197.40 | loss 0.8800 | bpb  1.27 | ppl     2.41 | lr 2.89e-04
2025-05-30 22:11:34,877 | INFO | Gradient norm: 0.0115
2025-05-30 22:11:34,885 | INFO | Train batch  3700/10986 | ms/batch 197.40 | loss 0.8800 | bpb  1.27 | ppl     2.41 | lr 2.89e-04
2025-05-30 22:11:54,614 | INFO | Gradient norm: 0.0083
2025-05-30 22:11:54,622 | INFO | Train batch  3800/10986 | ms/batch 197.40 | loss 0.8800 | bpb  1.27 | ppl     2.41 | lr 2.89e-04
2025-05-30 22:12:14,362 | INFO | Gradient norm: 0.0140
2025-05-30 22:12:14,370 | INFO | Train batch  3900/10986 | ms/batch 197.40 | loss 0.8800 | bpb  1.27 | ppl     2.41 | lr 2.89e-04
2025-05-30 22:12:34,098 | INFO | Gradient norm: 0.0085
2025-05-30 22:12:34,106 | INFO | Train batch  4000/10986 | ms/batch 197.40 | loss 0.8800 | bpb  1.27 | ppl     2.41 | lr 2.89e-04
2025-05-30 22:12:53,835 | INFO | Gradient norm: 0.0086
2025-05-30 22:12:53,842 | INFO | Train batch  4100/10986 | ms/batch 197.40 | loss 0.8800 | bpb  1.27 | ppl     2.41 | lr 2.89e-04
2025-05-30 22:13:13,584 | INFO | Gradient norm: 0.0285
2025-05-30 22:13:13,592 | INFO | Train batch  4200/10986 | ms/batch 197.40 | loss 0.8800 | bpb  1.27 | ppl     2.41 | lr 2.89e-04
2025-05-30 22:13:33,322 | INFO | Gradient norm: 0.0090
2025-05-30 22:13:33,330 | INFO | Train batch  4300/10986 | ms/batch 197.40 | loss 0.8800 | bpb  1.27 | ppl     2.41 | lr 2.89e-04
2025-05-30 22:13:53,075 | INFO | Gradient norm: 0.0147
2025-05-30 22:13:53,083 | INFO | Train batch  4400/10986 | ms/batch 197.40 | loss 0.8800 | bpb  1.27 | ppl     2.41 | lr 2.89e-04
2025-05-30 22:14:12,816 | INFO | Gradient norm: 0.0084
2025-05-30 22:14:12,824 | INFO | Train batch  4500/10986 | ms/batch 197.40 | loss 0.8800 | bpb  1.27 | ppl     2.41 | lr 2.89e-04
2025-05-30 22:14:32,556 | INFO | Gradient norm: 0.0129
2025-05-30 22:14:32,564 | INFO | Train batch  4600/10986 | ms/batch 197.40 | loss 0.8800 | bpb  1.27 | ppl     2.41 | lr 2.89e-04
2025-05-30 22:14:52,306 | INFO | Gradient norm: 0.0089
2025-05-30 22:14:52,314 | INFO | Train batch  4700/10986 | ms/batch 197.40 | loss 0.8800 | bpb  1.27 | ppl     2.41 | lr 2.89e-04
2025-05-30 22:15:12,045 | INFO | Gradient norm: 0.0077
2025-05-30 22:15:12,053 | INFO | Train batch  4800/10986 | ms/batch 197.40 | loss 0.8800 | bpb  1.27 | ppl     2.41 | lr 2.89e-04
2025-05-30 22:15:31,784 | INFO | Gradient norm: 0.0082
2025-05-30 22:15:31,792 | INFO | Train batch  4900/10986 | ms/batch 197.40 | loss 0.8800 | bpb  1.27 | ppl     2.41 | lr 2.89e-04
2025-05-30 22:15:51,534 | INFO | Gradient norm: 0.0142
2025-05-30 22:15:51,542 | INFO | Train batch  5000/10986 | ms/batch 197.41 | loss 0.8800 | bpb  1.27 | ppl     2.41 | lr 2.89e-04
2025-05-30 22:16:11,274 | INFO | Gradient norm: 0.0128
2025-05-30 22:16:11,282 | INFO | Train batch  5100/10986 | ms/batch 197.41 | loss 0.8800 | bpb  1.27 | ppl     2.41 | lr 2.89e-04
2025-05-30 22:16:31,013 | INFO | Gradient norm: 0.0085
2025-05-30 22:16:31,020 | INFO | Train batch  5200/10986 | ms/batch 197.41 | loss 0.8800 | bpb  1.27 | ppl     2.41 | lr 2.89e-04
2025-05-30 22:16:50,764 | INFO | Gradient norm: 0.0075
2025-05-30 22:16:50,771 | INFO | Train batch  5300/10986 | ms/batch 197.41 | loss 0.8800 | bpb  1.27 | ppl     2.41 | lr 2.89e-04
2025-05-30 22:17:10,502 | INFO | Gradient norm: 0.0079
2025-05-30 22:17:10,510 | INFO | Train batch  5400/10986 | ms/batch 197.41 | loss 0.8800 | bpb  1.27 | ppl     2.41 | lr 2.89e-04
2025-05-30 22:17:30,239 | INFO | Gradient norm: 0.0181
2025-05-30 22:17:30,247 | INFO | Train batch  5500/10986 | ms/batch 197.41 | loss 0.8800 | bpb  1.27 | ppl     2.41 | lr 2.89e-04
2025-05-30 22:17:49,991 | INFO | Gradient norm: 0.0088
2025-05-30 22:17:49,999 | INFO | Train batch  5600/10986 | ms/batch 197.41 | loss 0.8800 | bpb  1.27 | ppl     2.41 | lr 2.89e-04
2025-05-30 22:18:09,730 | INFO | Gradient norm: 0.0321
2025-05-30 22:18:09,738 | INFO | Train batch  5700/10986 | ms/batch 197.41 | loss 0.8800 | bpb  1.27 | ppl     2.41 | lr 2.89e-04
2025-05-30 22:18:29,473 | INFO | Gradient norm: 0.0183
2025-05-30 22:18:29,481 | INFO | Train batch  5800/10986 | ms/batch 197.41 | loss 0.8800 | bpb  1.27 | ppl     2.41 | lr 2.89e-04
2025-05-30 22:18:49,223 | INFO | Gradient norm: 0.0073
2025-05-30 22:18:49,231 | INFO | Train batch  5900/10986 | ms/batch 197.41 | loss 0.8800 | bpb  1.27 | ppl     2.41 | lr 2.89e-04
2025-05-30 22:19:08,963 | INFO | Gradient norm: 0.0081
2025-05-30 22:19:08,971 | INFO | Train batch  6000/10986 | ms/batch 197.41 | loss 0.8800 | bpb  1.27 | ppl     2.41 | lr 2.88e-04
2025-05-30 22:19:28,715 | INFO | Gradient norm: 0.0212
2025-05-30 22:19:28,723 | INFO | Train batch  6100/10986 | ms/batch 197.41 | loss 0.8800 | bpb  1.27 | ppl     2.41 | lr 2.88e-04
2025-05-30 22:19:48,458 | INFO | Gradient norm: 0.0098
2025-05-30 22:19:48,465 | INFO | Train batch  6200/10986 | ms/batch 197.41 | loss 0.8800 | bpb  1.27 | ppl     2.41 | lr 2.88e-04
2025-05-30 22:20:08,197 | INFO | Gradient norm: 0.0086
2025-05-30 22:20:08,205 | INFO | Train batch  6300/10986 | ms/batch 197.41 | loss 0.8800 | bpb  1.27 | ppl     2.41 | lr 2.88e-04
2025-05-30 22:20:27,948 | INFO | Gradient norm: 0.0120
2025-05-30 22:20:27,956 | INFO | Train batch  6400/10986 | ms/batch 197.41 | loss 0.8800 | bpb  1.27 | ppl     2.41 | lr 2.88e-04
2025-05-30 22:20:47,685 | INFO | Gradient norm: 0.0144
2025-05-30 22:20:47,693 | INFO | Train batch  6500/10986 | ms/batch 197.41 | loss 0.8800 | bpb  1.27 | ppl     2.41 | lr 2.88e-04
2025-05-30 22:21:07,425 | INFO | Gradient norm: 0.0234
2025-05-30 22:21:07,433 | INFO | Train batch  6600/10986 | ms/batch 197.41 | loss 0.8800 | bpb  1.27 | ppl     2.41 | lr 2.88e-04
2025-05-30 22:21:27,178 | INFO | Gradient norm: 0.0109
2025-05-30 22:21:27,186 | INFO | Train batch  6700/10986 | ms/batch 197.41 | loss 0.8800 | bpb  1.27 | ppl     2.41 | lr 2.88e-04
2025-05-30 22:21:46,919 | INFO | Gradient norm: 0.0104
2025-05-30 22:21:46,927 | INFO | Train batch  6800/10986 | ms/batch 197.41 | loss 0.8800 | bpb  1.27 | ppl     2.41 | lr 2.88e-04
2025-05-30 22:22:06,663 | INFO | Gradient norm: 0.0158
2025-05-30 22:22:06,671 | INFO | Train batch  6900/10986 | ms/batch 197.41 | loss 0.8800 | bpb  1.27 | ppl     2.41 | lr 2.88e-04
2025-05-30 22:22:26,415 | INFO | Gradient norm: 0.0097
2025-05-30 22:22:26,423 | INFO | Train batch  7000/10986 | ms/batch 197.42 | loss 0.8800 | bpb  1.27 | ppl     2.41 | lr 2.88e-04
2025-05-30 22:22:46,155 | INFO | Gradient norm: 0.0083
2025-05-30 22:22:46,163 | INFO | Train batch  7100/10986 | ms/batch 197.42 | loss 0.8800 | bpb  1.27 | ppl     2.41 | lr 2.88e-04
2025-05-30 22:23:05,894 | INFO | Gradient norm: 0.0196
2025-05-30 22:23:05,902 | INFO | Train batch  7200/10986 | ms/batch 197.42 | loss 0.8800 | bpb  1.27 | ppl     2.41 | lr 2.88e-04
2025-05-30 22:23:25,643 | INFO | Gradient norm: 0.0211
2025-05-30 22:23:25,651 | INFO | Train batch  7300/10986 | ms/batch 197.42 | loss 0.8800 | bpb  1.27 | ppl     2.41 | lr 2.88e-04
2025-05-30 22:23:45,382 | INFO | Gradient norm: 0.0173
2025-05-30 22:23:45,390 | INFO | Train batch  7400/10986 | ms/batch 197.42 | loss 0.8800 | bpb  1.27 | ppl     2.41 | lr 2.88e-04
2025-05-30 22:24:05,136 | INFO | Gradient norm: 0.0078
2025-05-30 22:24:05,144 | INFO | Train batch  7500/10986 | ms/batch 197.42 | loss 0.8800 | bpb  1.27 | ppl     2.41 | lr 2.88e-04
2025-05-30 22:24:24,874 | INFO | Gradient norm: 0.0135
2025-05-30 22:24:24,882 | INFO | Train batch  7600/10986 | ms/batch 197.42 | loss 0.8800 | bpb  1.27 | ppl     2.41 | lr 2.88e-04
2025-05-30 22:24:44,611 | INFO | Gradient norm: 0.0238
2025-05-30 22:24:44,619 | INFO | Train batch  7700/10986 | ms/batch 197.42 | loss 0.8800 | bpb  1.27 | ppl     2.41 | lr 2.88e-04
2025-05-30 22:25:04,364 | INFO | Gradient norm: 0.0252
2025-05-30 22:25:04,372 | INFO | Train batch  7800/10986 | ms/batch 197.42 | loss 0.8800 | bpb  1.27 | ppl     2.41 | lr 2.88e-04
2025-05-30 22:25:24,104 | INFO | Gradient norm: 0.0187
2025-05-30 22:25:24,112 | INFO | Train batch  7900/10986 | ms/batch 197.42 | loss 0.8800 | bpb  1.27 | ppl     2.41 | lr 2.88e-04
2025-05-30 22:25:43,842 | INFO | Gradient norm: 0.0098
2025-05-30 22:25:43,850 | INFO | Train batch  8000/10986 | ms/batch 197.42 | loss 0.8800 | bpb  1.27 | ppl     2.41 | lr 2.88e-04
2025-05-30 22:26:03,593 | INFO | Gradient norm: 0.0160
2025-05-30 22:26:03,601 | INFO | Train batch  8100/10986 | ms/batch 197.42 | loss 0.8800 | bpb  1.27 | ppl     2.41 | lr 2.88e-04
2025-05-30 22:26:23,334 | INFO | Gradient norm: 0.0093
2025-05-30 22:26:23,342 | INFO | Train batch  8200/10986 | ms/batch 197.42 | loss 0.8800 | bpb  1.27 | ppl     2.41 | lr 2.88e-04
2025-05-30 22:26:43,076 | INFO | Gradient norm: 0.0090
2025-05-30 22:26:43,083 | INFO | Train batch  8300/10986 | ms/batch 197.42 | loss 0.8800 | bpb  1.27 | ppl     2.41 | lr 2.88e-04
2025-05-30 22:27:02,829 | INFO | Gradient norm: 0.0100
2025-05-30 22:27:02,836 | INFO | Train batch  8400/10986 | ms/batch 197.42 | loss 0.8800 | bpb  1.27 | ppl     2.41 | lr 2.88e-04
2025-05-30 22:27:22,571 | INFO | Gradient norm: 0.0091
2025-05-30 22:27:22,578 | INFO | Train batch  8500/10986 | ms/batch 197.42 | loss 0.8800 | bpb  1.27 | ppl     2.41 | lr 2.88e-04
2025-05-30 22:27:42,313 | INFO | Gradient norm: 0.0118
2025-05-30 22:27:42,321 | INFO | Train batch  8600/10986 | ms/batch 197.42 | loss 0.8800 | bpb  1.27 | ppl     2.41 | lr 2.88e-04
2025-05-30 22:28:02,065 | INFO | Gradient norm: 0.0080
2025-05-30 22:28:02,072 | INFO | Train batch  8700/10986 | ms/batch 197.42 | loss 0.8800 | bpb  1.27 | ppl     2.41 | lr 2.88e-04
2025-05-30 22:28:21,807 | INFO | Gradient norm: 0.0143
2025-05-30 22:28:21,815 | INFO | Train batch  8800/10986 | ms/batch 197.42 | loss 0.8800 | bpb  1.27 | ppl     2.41 | lr 2.88e-04
2025-05-30 22:28:41,558 | INFO | Gradient norm: 0.0085
2025-05-30 22:28:41,566 | INFO | Train batch  8900/10986 | ms/batch 197.42 | loss 0.8800 | bpb  1.27 | ppl     2.41 | lr 2.88e-04
2025-05-30 22:29:01,299 | INFO | Gradient norm: 0.0083
2025-05-30 22:29:01,307 | INFO | Train batch  9000/10986 | ms/batch 197.42 | loss 0.8800 | bpb  1.27 | ppl     2.41 | lr 2.87e-04
2025-05-30 22:29:21,041 | INFO | Gradient norm: 0.0147
2025-05-30 22:29:21,049 | INFO | Train batch  9100/10986 | ms/batch 197.42 | loss 0.8800 | bpb  1.27 | ppl     2.41 | lr 2.87e-04
2025-05-30 22:29:40,794 | INFO | Gradient norm: 0.0093
2025-05-30 22:29:40,802 | INFO | Train batch  9200/10986 | ms/batch 197.42 | loss 0.8800 | bpb  1.27 | ppl     2.41 | lr 2.87e-04
2025-05-30 22:30:00,534 | INFO | Gradient norm: 0.0155
2025-05-30 22:30:00,542 | INFO | Train batch  9300/10986 | ms/batch 197.42 | loss 0.8800 | bpb  1.27 | ppl     2.41 | lr 2.87e-04
2025-05-30 22:30:20,275 | INFO | Gradient norm: 0.0192
2025-05-30 22:30:20,282 | INFO | Train batch  9400/10986 | ms/batch 197.42 | loss 0.8800 | bpb  1.27 | ppl     2.41 | lr 2.87e-04
2025-05-30 22:30:40,025 | INFO | Gradient norm: 0.0097
2025-05-30 22:30:40,033 | INFO | Train batch  9500/10986 | ms/batch 197.42 | loss 0.8799 | bpb  1.27 | ppl     2.41 | lr 2.87e-04
2025-05-30 22:30:59,769 | INFO | Gradient norm: 0.0165
2025-05-30 22:30:59,777 | INFO | Train batch  9600/10986 | ms/batch 197.42 | loss 0.8799 | bpb  1.27 | ppl     2.41 | lr 2.87e-04
2025-05-30 22:31:19,509 | INFO | Gradient norm: 0.0087
2025-05-30 22:31:19,517 | INFO | Train batch  9700/10986 | ms/batch 197.42 | loss 0.8799 | bpb  1.27 | ppl     2.41 | lr 2.87e-04
2025-05-30 22:31:39,262 | INFO | Gradient norm: 0.0062
2025-05-30 22:31:39,270 | INFO | Train batch  9800/10986 | ms/batch 197.42 | loss 0.8799 | bpb  1.27 | ppl     2.41 | lr 2.87e-04
2025-05-30 22:31:59,005 | INFO | Gradient norm: 0.0199
2025-05-30 22:31:59,013 | INFO | Train batch  9900/10986 | ms/batch 197.42 | loss 0.8799 | bpb  1.27 | ppl     2.41 | lr 2.87e-04
2025-05-30 22:32:18,747 | INFO | Gradient norm: 0.0108
2025-05-30 22:32:18,755 | INFO | Train batch 10000/10986 | ms/batch 197.42 | loss 0.8799 | bpb  1.27 | ppl     2.41 | lr 2.87e-04
2025-05-30 22:32:38,501 | INFO | Gradient norm: 0.0082
2025-05-30 22:32:38,509 | INFO | Train batch 10100/10986 | ms/batch 197.43 | loss 0.8799 | bpb  1.27 | ppl     2.41 | lr 2.87e-04
2025-05-30 22:32:58,246 | INFO | Gradient norm: 0.0089
2025-05-30 22:32:58,253 | INFO | Train batch 10200/10986 | ms/batch 197.43 | loss 0.8799 | bpb  1.27 | ppl     2.41 | lr 2.87e-04
2025-05-30 22:33:17,991 | INFO | Gradient norm: 0.0114
2025-05-30 22:33:17,998 | INFO | Train batch 10300/10986 | ms/batch 197.43 | loss 0.8799 | bpb  1.27 | ppl     2.41 | lr 2.87e-04
2025-05-30 22:33:37,746 | INFO | Gradient norm: 0.0099
2025-05-30 22:33:37,753 | INFO | Train batch 10400/10986 | ms/batch 197.43 | loss 0.8799 | bpb  1.27 | ppl     2.41 | lr 2.87e-04
2025-05-30 22:33:57,487 | INFO | Gradient norm: 0.0082
2025-05-30 22:33:57,495 | INFO | Train batch 10500/10986 | ms/batch 197.43 | loss 0.8799 | bpb  1.27 | ppl     2.41 | lr 2.87e-04
2025-05-30 22:34:17,241 | INFO | Gradient norm: 0.0101
2025-05-30 22:34:17,249 | INFO | Train batch 10600/10986 | ms/batch 197.43 | loss 0.8799 | bpb  1.27 | ppl     2.41 | lr 2.87e-04
2025-05-30 22:34:36,982 | INFO | Gradient norm: 0.0068
2025-05-30 22:34:36,989 | INFO | Train batch 10700/10986 | ms/batch 197.43 | loss 0.8799 | bpb  1.27 | ppl     2.41 | lr 2.87e-04
2025-05-30 22:34:56,724 | INFO | Gradient norm: 0.0077
2025-05-30 22:34:56,732 | INFO | Train batch 10800/10986 | ms/batch 197.43 | loss 0.8799 | bpb  1.27 | ppl     2.41 | lr 2.87e-04
2025-05-30 22:35:16,480 | INFO | Gradient norm: 0.0117
2025-05-30 22:35:16,488 | INFO | Train batch 10900/10986 | ms/batch 197.43 | loss 0.8799 | bpb  1.27 | ppl     2.41 | lr 2.87e-04
2025-05-30 22:36:45,852 | INFO | Epoch   6 | time: 2241.54s | train bpb  1.27 | valid bpb  1.27
2025-05-30 22:36:46,657 | INFO | Saved new best model with validation bpb:  1.27
2025-05-30 22:36:50,685 | INFO | Input shape: torch.Size([16, 511]), Target shape: torch.Size([16, 511])
2025-05-30 22:36:50,685 | INFO | Input range: [10, 226]
2025-05-30 22:36:50,685 | INFO | Target range: [10, 226]
2025-05-30 22:36:50,727 | INFO | Output shape: torch.Size([8176, 256]), Reshaped target shape: torch.Size([8176])
2025-05-30 22:36:50,729 | INFO | Output range: [-11.140625, 11.1953125]
2025-05-30 22:36:50,729 | INFO | Sample probabilities: max=0.9057819843292236, min=0.0002750610001385212
2025-05-30 22:36:50,729 | INFO | Raw loss value: 0.8796151876449585
2025-05-30 22:36:50,729 | INFO | Batch 0 loss stats - Mean: -0.2020, Std: 1.4434
2025-05-30 22:36:50,893 | INFO | Gradient norm: 0.0279
2025-05-30 22:36:50,901 | INFO | Train batch     0/10986 | ms/batch 216.71 | loss 0.8796 | bpb  1.27 | ppl     2.41 | lr 2.87e-04
2025-05-30 22:37:10,515 | INFO | Gradient norm: 0.0092
2025-05-30 22:37:10,523 | INFO | Train batch   100/10986 | ms/batch 196.42 | loss 0.8811 | bpb  1.27 | ppl     2.41 | lr 2.87e-04
2025-05-30 22:37:30,245 | INFO | Gradient norm: 0.0193
2025-05-30 22:37:30,253 | INFO | Train batch   200/10986 | ms/batch 196.86 | loss 0.8806 | bpb  1.27 | ppl     2.41 | lr 2.87e-04
2025-05-30 22:37:50,003 | INFO | Gradient norm: 0.0082
2025-05-30 22:37:50,011 | INFO | Train batch   300/10986 | ms/batch 197.10 | loss 0.8803 | bpb  1.27 | ppl     2.41 | lr 2.87e-04
2025-05-30 22:38:09,766 | INFO | Gradient norm: 0.0083
2025-05-30 22:38:09,774 | INFO | Train batch   400/10986 | ms/batch 197.23 | loss 0.8802 | bpb  1.27 | ppl     2.41 | lr 2.87e-04
2025-05-30 22:38:29,533 | INFO | Gradient norm: 0.0187
2025-05-30 22:38:29,540 | INFO | Train batch   500/10986 | ms/batch 197.32 | loss 0.8801 | bpb  1.27 | ppl     2.41 | lr 2.87e-04
2025-05-30 22:38:49,285 | INFO | Gradient norm: 0.0074
2025-05-30 22:38:49,293 | INFO | Train batch   600/10986 | ms/batch 197.35 | loss 0.8801 | bpb  1.27 | ppl     2.41 | lr 2.87e-04
2025-05-30 22:39:09,034 | INFO | Gradient norm: 0.0140
2025-05-30 22:39:09,042 | INFO | Train batch   700/10986 | ms/batch 197.37 | loss 0.8801 | bpb  1.27 | ppl     2.41 | lr 2.87e-04
2025-05-30 22:39:28,794 | INFO | Gradient norm: 0.0075
2025-05-30 22:39:28,802 | INFO | Train batch   800/10986 | ms/batch 197.40 | loss 0.8800 | bpb  1.27 | ppl     2.41 | lr 2.87e-04
2025-05-30 22:39:48,533 | INFO | Gradient norm: 0.0160
2025-05-30 22:39:48,540 | INFO | Train batch   900/10986 | ms/batch 197.40 | loss 0.8800 | bpb  1.27 | ppl     2.41 | lr 2.86e-04
2025-05-30 22:40:08,270 | INFO | Gradient norm: 0.0094
2025-05-30 22:40:08,277 | INFO | Train batch  1000/10986 | ms/batch 197.40 | loss 0.8800 | bpb  1.27 | ppl     2.41 | lr 2.86e-04
2025-05-30 22:40:28,014 | INFO | Gradient norm: 0.0359
2025-05-30 22:40:28,022 | INFO | Train batch  1100/10986 | ms/batch 197.40 | loss 0.8800 | bpb  1.27 | ppl     2.41 | lr 2.86e-04
2025-05-30 22:40:47,746 | INFO | Gradient norm: 0.0107
2025-05-30 22:40:47,753 | INFO | Train batch  1200/10986 | ms/batch 197.39 | loss 0.8799 | bpb  1.27 | ppl     2.41 | lr 2.86e-04
2025-05-30 22:41:07,475 | INFO | Gradient norm: 0.0092
2025-05-30 22:41:07,483 | INFO | Train batch  1300/10986 | ms/batch 197.39 | loss 0.8799 | bpb  1.27 | ppl     2.41 | lr 2.86e-04
2025-05-30 22:41:27,214 | INFO | Gradient norm: 0.0128
2025-05-30 22:41:27,222 | INFO | Train batch  1400/10986 | ms/batch 197.39 | loss 0.8799 | bpb  1.27 | ppl     2.41 | lr 2.86e-04
2025-05-30 22:41:46,943 | INFO | Gradient norm: 0.0083
2025-05-30 22:41:46,951 | INFO | Train batch  1500/10986 | ms/batch 197.38 | loss 0.8799 | bpb  1.27 | ppl     2.41 | lr 2.86e-04
2025-05-30 22:42:06,672 | INFO | Gradient norm: 0.0206
2025-05-30 22:42:06,680 | INFO | Train batch  1600/10986 | ms/batch 197.37 | loss 0.8799 | bpb  1.27 | ppl     2.41 | lr 2.86e-04
2025-05-30 22:42:26,412 | INFO | Gradient norm: 0.0108
2025-05-30 22:42:26,420 | INFO | Train batch  1700/10986 | ms/batch 197.38 | loss 0.8799 | bpb  1.27 | ppl     2.41 | lr 2.86e-04
2025-05-30 22:42:46,141 | INFO | Gradient norm: 0.0149
2025-05-30 22:42:46,148 | INFO | Train batch  1800/10986 | ms/batch 197.37 | loss 0.8799 | bpb  1.27 | ppl     2.41 | lr 2.86e-04
2025-05-30 22:43:05,871 | INFO | Gradient norm: 0.0100
2025-05-30 22:43:05,879 | INFO | Train batch  1900/10986 | ms/batch 197.37 | loss 0.8799 | bpb  1.27 | ppl     2.41 | lr 2.86e-04
2025-05-30 22:43:25,612 | INFO | Gradient norm: 0.0146
2025-05-30 22:43:25,620 | INFO | Train batch  2000/10986 | ms/batch 197.37 | loss 0.8799 | bpb  1.27 | ppl     2.41 | lr 2.86e-04
2025-05-30 22:43:45,341 | INFO | Gradient norm: 0.0091
2025-05-30 22:43:45,349 | INFO | Train batch  2100/10986 | ms/batch 197.37 | loss 0.8799 | bpb  1.27 | ppl     2.41 | lr 2.86e-04
2025-05-30 22:44:05,073 | INFO | Gradient norm: 0.0079
2025-05-30 22:44:05,081 | INFO | Train batch  2200/10986 | ms/batch 197.36 | loss 0.8799 | bpb  1.27 | ppl     2.41 | lr 2.86e-04
2025-05-30 22:44:24,815 | INFO | Gradient norm: 0.0121
2025-05-30 22:44:24,823 | INFO | Train batch  2300/10986 | ms/batch 197.37 | loss 0.8799 | bpb  1.27 | ppl     2.41 | lr 2.86e-04
2025-05-30 22:44:44,547 | INFO | Gradient norm: 0.0075
2025-05-30 22:44:44,555 | INFO | Train batch  2400/10986 | ms/batch 197.36 | loss 0.8799 | bpb  1.27 | ppl     2.41 | lr 2.86e-04
2025-05-30 22:45:04,280 | INFO | Gradient norm: 0.0100
2025-05-30 22:45:04,287 | INFO | Train batch  2500/10986 | ms/batch 197.36 | loss 0.8799 | bpb  1.27 | ppl     2.41 | lr 2.86e-04
2025-05-30 22:45:24,021 | INFO | Gradient norm: 0.0086
2025-05-30 22:45:24,028 | INFO | Train batch  2600/10986 | ms/batch 197.36 | loss 0.8799 | bpb  1.27 | ppl     2.41 | lr 2.86e-04
2025-05-30 22:45:43,746 | INFO | Gradient norm: 0.0095
2025-05-30 22:45:43,754 | INFO | Train batch  2700/10986 | ms/batch 197.36 | loss 0.8799 | bpb  1.27 | ppl     2.41 | lr 2.86e-04
2025-05-30 22:46:03,475 | INFO | Gradient norm: 0.0078
2025-05-30 22:46:03,483 | INFO | Train batch  2800/10986 | ms/batch 197.36 | loss 0.8799 | bpb  1.27 | ppl     2.41 | lr 2.86e-04
2025-05-30 22:46:23,214 | INFO | Gradient norm: 0.0137
2025-05-30 22:46:23,222 | INFO | Train batch  2900/10986 | ms/batch 197.36 | loss 0.8799 | bpb  1.27 | ppl     2.41 | lr 2.86e-04
2025-05-30 22:46:42,944 | INFO | Gradient norm: 0.0137
2025-05-30 22:46:42,952 | INFO | Train batch  3000/10986 | ms/batch 197.36 | loss 0.8799 | bpb  1.27 | ppl     2.41 | lr 2.86e-04
2025-05-30 22:47:02,672 | INFO | Gradient norm: 0.0235
2025-05-30 22:47:02,680 | INFO | Train batch  3100/10986 | ms/batch 197.35 | loss 0.8799 | bpb  1.27 | ppl     2.41 | lr 2.86e-04
2025-05-30 22:47:22,412 | INFO | Gradient norm: 0.0081
2025-05-30 22:47:22,420 | INFO | Train batch  3200/10986 | ms/batch 197.36 | loss 0.8799 | bpb  1.27 | ppl     2.41 | lr 2.86e-04
2025-05-30 22:47:42,142 | INFO | Gradient norm: 0.0082
2025-05-30 22:47:42,149 | INFO | Train batch  3300/10986 | ms/batch 197.35 | loss 0.8799 | bpb  1.27 | ppl     2.41 | lr 2.86e-04
2025-05-30 22:48:01,871 | INFO | Gradient norm: 0.0194
2025-05-30 22:48:01,879 | INFO | Train batch  3400/10986 | ms/batch 197.35 | loss 0.8799 | bpb  1.27 | ppl     2.41 | lr 2.86e-04
2025-05-30 22:48:21,609 | INFO | Gradient norm: 0.0101
2025-05-30 22:48:21,617 | INFO | Train batch  3500/10986 | ms/batch 197.35 | loss 0.8799 | bpb  1.27 | ppl     2.41 | lr 2.86e-04
2025-05-30 22:48:41,335 | INFO | Gradient norm: 0.0102
2025-05-30 22:48:41,343 | INFO | Train batch  3600/10986 | ms/batch 197.35 | loss 0.8799 | bpb  1.27 | ppl     2.41 | lr 2.86e-04
2025-05-30 22:49:01,064 | INFO | Gradient norm: 0.0146
2025-05-30 22:49:01,072 | INFO | Train batch  3700/10986 | ms/batch 197.35 | loss 0.8799 | bpb  1.27 | ppl     2.41 | lr 2.85e-04
2025-05-30 22:49:20,803 | INFO | Gradient norm: 0.0117
2025-05-30 22:49:20,811 | INFO | Train batch  3800/10986 | ms/batch 197.35 | loss 0.8799 | bpb  1.27 | ppl     2.41 | lr 2.85e-04
2025-05-30 22:49:40,530 | INFO | Gradient norm: 0.0077
2025-05-30 22:49:40,538 | INFO | Train batch  3900/10986 | ms/batch 197.35 | loss 0.8799 | bpb  1.27 | ppl     2.41 | lr 2.85e-04
2025-05-30 22:50:00,267 | INFO | Gradient norm: 0.0156
2025-05-30 22:50:00,275 | INFO | Train batch  4000/10986 | ms/batch 197.35 | loss 0.8799 | bpb  1.27 | ppl     2.41 | lr 2.85e-04
2025-05-30 22:50:19,997 | INFO | Gradient norm: 0.0316
2025-05-30 22:50:20,005 | INFO | Train batch  4100/10986 | ms/batch 197.35 | loss 0.8799 | bpb  1.27 | ppl     2.41 | lr 2.85e-04
2025-05-30 22:50:39,726 | INFO | Gradient norm: 0.0101
2025-05-30 22:50:39,734 | INFO | Train batch  4200/10986 | ms/batch 197.35 | loss 0.8799 | bpb  1.27 | ppl     2.41 | lr 2.85e-04
2025-05-30 22:50:59,464 | INFO | Gradient norm: 0.0081
2025-05-30 22:50:59,472 | INFO | Train batch  4300/10986 | ms/batch 197.35 | loss 0.8799 | bpb  1.27 | ppl     2.41 | lr 2.85e-04
2025-05-30 22:51:19,195 | INFO | Gradient norm: 0.0205
2025-05-30 22:51:19,203 | INFO | Train batch  4400/10986 | ms/batch 197.35 | loss 0.8799 | bpb  1.27 | ppl     2.41 | lr 2.85e-04
2025-05-30 22:51:38,924 | INFO | Gradient norm: 0.0167
2025-05-30 22:51:38,932 | INFO | Train batch  4500/10986 | ms/batch 197.34 | loss 0.8799 | bpb  1.27 | ppl     2.41 | lr 2.85e-04
2025-05-30 22:51:58,665 | INFO | Gradient norm: 0.0280
2025-05-30 22:51:58,673 | INFO | Train batch  4600/10986 | ms/batch 197.35 | loss 0.8799 | bpb  1.27 | ppl     2.41 | lr 2.85e-04
2025-05-30 22:52:18,396 | INFO | Gradient norm: 0.0096
2025-05-30 22:52:18,404 | INFO | Train batch  4700/10986 | ms/batch 197.35 | loss 0.8799 | bpb  1.27 | ppl     2.41 | lr 2.85e-04
2025-05-30 22:52:38,126 | INFO | Gradient norm: 0.0067
2025-05-30 22:52:38,134 | INFO | Train batch  4800/10986 | ms/batch 197.34 | loss 0.8799 | bpb  1.27 | ppl     2.41 | lr 2.85e-04
2025-05-30 22:52:57,867 | INFO | Gradient norm: 0.0094
2025-05-30 22:52:57,875 | INFO | Train batch  4900/10986 | ms/batch 197.35 | loss 0.8799 | bpb  1.27 | ppl     2.41 | lr 2.85e-04
2025-05-30 22:53:17,597 | INFO | Gradient norm: 0.0106
2025-05-30 22:53:17,605 | INFO | Train batch  5000/10986 | ms/batch 197.34 | loss 0.8799 | bpb  1.27 | ppl     2.41 | lr 2.85e-04
2025-05-30 22:53:37,324 | INFO | Gradient norm: 0.0229
2025-05-30 22:53:37,332 | INFO | Train batch  5100/10986 | ms/batch 197.34 | loss 0.8799 | bpb  1.27 | ppl     2.41 | lr 2.85e-04
2025-05-30 22:53:57,064 | INFO | Gradient norm: 0.0094
2025-05-30 22:53:57,071 | INFO | Train batch  5200/10986 | ms/batch 197.34 | loss 0.8799 | bpb  1.27 | ppl     2.41 | lr 2.85e-04
2025-05-30 22:54:16,793 | INFO | Gradient norm: 0.0074
2025-05-30 22:54:16,801 | INFO | Train batch  5300/10986 | ms/batch 197.34 | loss 0.8799 | bpb  1.27 | ppl     2.41 | lr 2.85e-04
2025-05-30 22:54:36,533 | INFO | Gradient norm: 0.0081
2025-05-30 22:54:36,541 | INFO | Train batch  5400/10986 | ms/batch 197.34 | loss 0.8799 | bpb  1.27 | ppl     2.41 | lr 2.85e-04
2025-05-30 22:54:56,263 | INFO | Gradient norm: 0.0096
2025-05-30 22:54:56,270 | INFO | Train batch  5500/10986 | ms/batch 197.34 | loss 0.8799 | bpb  1.27 | ppl     2.41 | lr 2.85e-04
2025-05-30 22:55:15,992 | INFO | Gradient norm: 0.0088
2025-05-30 22:55:15,999 | INFO | Train batch  5600/10986 | ms/batch 197.34 | loss 0.8799 | bpb  1.27 | ppl     2.41 | lr 2.85e-04
2025-05-30 22:55:35,732 | INFO | Gradient norm: 0.0107
2025-05-30 22:55:35,740 | INFO | Train batch  5700/10986 | ms/batch 197.34 | loss 0.8799 | bpb  1.27 | ppl     2.41 | lr 2.85e-04
2025-05-30 22:55:55,461 | INFO | Gradient norm: 0.0145
2025-05-30 22:55:55,469 | INFO | Train batch  5800/10986 | ms/batch 197.34 | loss 0.8799 | bpb  1.27 | ppl     2.41 | lr 2.85e-04
2025-05-30 22:56:15,191 | INFO | Gradient norm: 0.0075
2025-05-30 22:56:15,199 | INFO | Train batch  5900/10986 | ms/batch 197.34 | loss 0.8799 | bpb  1.27 | ppl     2.41 | lr 2.85e-04
2025-05-30 22:56:34,928 | INFO | Gradient norm: 0.0100
2025-05-30 22:56:34,936 | INFO | Train batch  6000/10986 | ms/batch 197.34 | loss 0.8799 | bpb  1.27 | ppl     2.41 | lr 2.85e-04
2025-05-30 22:56:54,659 | INFO | Gradient norm: 0.0149
2025-05-30 22:56:54,667 | INFO | Train batch  6100/10986 | ms/batch 197.34 | loss 0.8799 | bpb  1.27 | ppl     2.41 | lr 2.85e-04
2025-05-30 22:57:14,388 | INFO | Gradient norm: 0.0136
2025-05-30 22:57:14,396 | INFO | Train batch  6200/10986 | ms/batch 197.34 | loss 0.8799 | bpb  1.27 | ppl     2.41 | lr 2.85e-04
2025-05-30 22:57:34,129 | INFO | Gradient norm: 0.0129
2025-05-30 22:57:34,137 | INFO | Train batch  6300/10986 | ms/batch 197.34 | loss 0.8799 | bpb  1.27 | ppl     2.41 | lr 2.85e-04
2025-05-30 22:57:53,856 | INFO | Gradient norm: 0.0114
2025-05-30 22:57:53,864 | INFO | Train batch  6400/10986 | ms/batch 197.34 | loss 0.8799 | bpb  1.27 | ppl     2.41 | lr 2.84e-04
2025-05-30 22:58:13,588 | INFO | Gradient norm: 0.0133
2025-05-30 22:58:13,596 | INFO | Train batch  6500/10986 | ms/batch 197.34 | loss 0.8799 | bpb  1.27 | ppl     2.41 | lr 2.84e-04
2025-05-30 22:58:33,334 | INFO | Gradient norm: 0.0792
2025-05-30 22:58:33,342 | INFO | Train batch  6600/10986 | ms/batch 197.34 | loss 0.8799 | bpb  1.27 | ppl     2.41 | lr 2.84e-04
2025-05-30 22:58:53,066 | INFO | Gradient norm: 0.0177
2025-05-30 22:58:53,074 | INFO | Train batch  6700/10986 | ms/batch 197.34 | loss 0.8799 | bpb  1.27 | ppl     2.41 | lr 2.84e-04
2025-05-30 22:59:12,802 | INFO | Gradient norm: 0.0084
2025-05-30 22:59:12,810 | INFO | Train batch  6800/10986 | ms/batch 197.34 | loss 0.8799 | bpb  1.27 | ppl     2.41 | lr 2.84e-04
2025-05-30 22:59:32,546 | INFO | Gradient norm: 0.0093
2025-05-30 22:59:32,554 | INFO | Train batch  6900/10986 | ms/batch 197.34 | loss 0.8799 | bpb  1.27 | ppl     2.41 | lr 2.84e-04
2025-05-30 22:59:52,279 | INFO | Gradient norm: 0.0122
2025-05-30 22:59:52,287 | INFO | Train batch  7000/10986 | ms/batch 197.34 | loss 0.8799 | bpb  1.27 | ppl     2.41 | lr 2.84e-04
2025-05-30 23:00:12,029 | INFO | Gradient norm: 0.0111
2025-05-30 23:00:12,036 | INFO | Train batch  7100/10986 | ms/batch 197.35 | loss 0.8799 | bpb  1.27 | ppl     2.41 | lr 2.84e-04
2025-05-30 23:00:31,764 | INFO | Gradient norm: 0.0092
2025-05-30 23:00:31,772 | INFO | Train batch  7200/10986 | ms/batch 197.35 | loss 0.8799 | bpb  1.27 | ppl     2.41 | lr 2.84e-04
2025-05-30 23:00:51,497 | INFO | Gradient norm: 0.0134
2025-05-30 23:00:51,505 | INFO | Train batch  7300/10986 | ms/batch 197.35 | loss 0.8799 | bpb  1.27 | ppl     2.41 | lr 2.84e-04
2025-05-30 23:01:11,243 | INFO | Gradient norm: 0.0136
2025-05-30 23:01:11,251 | INFO | Train batch  7400/10986 | ms/batch 197.35 | loss 0.8799 | bpb  1.27 | ppl     2.41 | lr 2.84e-04
2025-05-30 23:01:30,975 | INFO | Gradient norm: 0.0139
2025-05-30 23:01:30,983 | INFO | Train batch  7500/10986 | ms/batch 197.35 | loss 0.8799 | bpb  1.27 | ppl     2.41 | lr 2.84e-04
2025-05-30 23:01:50,709 | INFO | Gradient norm: 0.0119
2025-05-30 23:01:50,717 | INFO | Train batch  7600/10986 | ms/batch 197.35 | loss 0.8799 | bpb  1.27 | ppl     2.41 | lr 2.84e-04
2025-05-30 23:02:10,455 | INFO | Gradient norm: 0.0125
2025-05-30 23:02:10,463 | INFO | Train batch  7700/10986 | ms/batch 197.35 | loss 0.8799 | bpb  1.27 | ppl     2.41 | lr 2.84e-04
2025-05-30 23:02:30,187 | INFO | Gradient norm: 0.0133
2025-05-30 23:02:30,195 | INFO | Train batch  7800/10986 | ms/batch 197.35 | loss 0.8799 | bpb  1.27 | ppl     2.41 | lr 2.84e-04
2025-05-30 23:02:49,922 | INFO | Gradient norm: 0.0087
2025-05-30 23:02:49,930 | INFO | Train batch  7900/10986 | ms/batch 197.35 | loss 0.8799 | bpb  1.27 | ppl     2.41 | lr 2.84e-04
2025-05-30 23:03:09,667 | INFO | Gradient norm: 0.0098
2025-05-30 23:03:09,675 | INFO | Train batch  8000/10986 | ms/batch 197.35 | loss 0.8799 | bpb  1.27 | ppl     2.41 | lr 2.84e-04
2025-05-30 23:03:29,402 | INFO | Gradient norm: 0.0121
2025-05-30 23:03:29,410 | INFO | Train batch  8100/10986 | ms/batch 197.35 | loss 0.8799 | bpb  1.27 | ppl     2.41 | lr 2.84e-04
2025-05-30 23:03:49,136 | INFO | Gradient norm: 0.0149
2025-05-30 23:03:49,144 | INFO | Train batch  8200/10986 | ms/batch 197.35 | loss 0.8799 | bpb  1.27 | ppl     2.41 | lr 2.84e-04
2025-05-30 23:04:08,882 | INFO | Gradient norm: 0.0098
2025-05-30 23:04:08,889 | INFO | Train batch  8300/10986 | ms/batch 197.35 | loss 0.8799 | bpb  1.27 | ppl     2.41 | lr 2.84e-04
2025-05-30 23:04:28,614 | INFO | Gradient norm: 0.0146
2025-05-30 23:04:28,622 | INFO | Train batch  8400/10986 | ms/batch 197.35 | loss 0.8799 | bpb  1.27 | ppl     2.41 | lr 2.84e-04
2025-05-30 23:04:48,359 | INFO | Gradient norm: 0.0232
2025-05-30 23:04:48,367 | INFO | Train batch  8500/10986 | ms/batch 197.35 | loss 0.8799 | bpb  1.27 | ppl     2.41 | lr 2.84e-04
2025-05-30 23:05:08,094 | INFO | Gradient norm: 0.0278
2025-05-30 23:05:08,102 | INFO | Train batch  8600/10986 | ms/batch 197.35 | loss 0.8799 | bpb  1.27 | ppl     2.41 | lr 2.84e-04
2025-05-30 23:05:27,827 | INFO | Gradient norm: 0.0086
2025-05-30 23:05:27,835 | INFO | Train batch  8700/10986 | ms/batch 197.35 | loss 0.8799 | bpb  1.27 | ppl     2.41 | lr 2.84e-04
2025-05-30 23:05:47,571 | INFO | Gradient norm: 0.0092
2025-05-30 23:05:47,579 | INFO | Train batch  8800/10986 | ms/batch 197.35 | loss 0.8798 | bpb  1.27 | ppl     2.41 | lr 2.84e-04
2025-05-30 23:06:07,305 | INFO | Gradient norm: 0.0257
2025-05-30 23:06:07,313 | INFO | Train batch  8900/10986 | ms/batch 197.35 | loss 0.8798 | bpb  1.27 | ppl     2.41 | lr 2.84e-04
2025-05-30 23:06:27,035 | INFO | Gradient norm: 0.0088
2025-05-30 23:06:27,043 | INFO | Train batch  9000/10986 | ms/batch 197.35 | loss 0.8798 | bpb  1.27 | ppl     2.41 | lr 2.84e-04
2025-05-30 23:06:46,778 | INFO | Gradient norm: 0.0119
2025-05-30 23:06:46,786 | INFO | Train batch  9100/10986 | ms/batch 197.35 | loss 0.8798 | bpb  1.27 | ppl     2.41 | lr 2.83e-04
2025-05-30 23:07:06,511 | INFO | Gradient norm: 0.0082
2025-05-30 23:07:06,519 | INFO | Train batch  9200/10986 | ms/batch 197.35 | loss 0.8798 | bpb  1.27 | ppl     2.41 | lr 2.83e-04
2025-05-30 23:07:26,241 | INFO | Gradient norm: 0.0087
2025-05-30 23:07:26,249 | INFO | Train batch  9300/10986 | ms/batch 197.35 | loss 0.8798 | bpb  1.27 | ppl     2.41 | lr 2.83e-04
2025-05-30 23:07:45,985 | INFO | Gradient norm: 0.0076
2025-05-30 23:07:45,993 | INFO | Train batch  9400/10986 | ms/batch 197.35 | loss 0.8798 | bpb  1.27 | ppl     2.41 | lr 2.83e-04
2025-05-30 23:08:05,715 | INFO | Gradient norm: 0.0100
2025-05-30 23:08:05,723 | INFO | Train batch  9500/10986 | ms/batch 197.35 | loss 0.8798 | bpb  1.27 | ppl     2.41 | lr 2.83e-04
2025-05-30 23:08:25,447 | INFO | Gradient norm: 0.0069
2025-05-30 23:08:25,455 | INFO | Train batch  9600/10986 | ms/batch 197.35 | loss 0.8798 | bpb  1.27 | ppl     2.41 | lr 2.83e-04
2025-05-30 23:08:45,189 | INFO | Gradient norm: 0.0168
2025-05-30 23:08:45,197 | INFO | Train batch  9700/10986 | ms/batch 197.35 | loss 0.8798 | bpb  1.27 | ppl     2.41 | lr 2.83e-04
2025-05-30 23:09:04,920 | INFO | Gradient norm: 0.0078
2025-05-30 23:09:04,928 | INFO | Train batch  9800/10986 | ms/batch 197.35 | loss 0.8798 | bpb  1.27 | ppl     2.41 | lr 2.83e-04
2025-05-30 23:09:24,653 | INFO | Gradient norm: 0.0091
2025-05-30 23:09:24,661 | INFO | Train batch  9900/10986 | ms/batch 197.35 | loss 0.8798 | bpb  1.27 | ppl     2.41 | lr 2.83e-04
2025-05-30 23:09:44,392 | INFO | Gradient norm: 0.0079
2025-05-30 23:09:44,400 | INFO | Train batch 10000/10986 | ms/batch 197.35 | loss 0.8798 | bpb  1.27 | ppl     2.41 | lr 2.83e-04
2025-05-30 23:10:04,125 | INFO | Gradient norm: 0.0096
2025-05-30 23:10:04,133 | INFO | Train batch 10100/10986 | ms/batch 197.35 | loss 0.8798 | bpb  1.27 | ppl     2.41 | lr 2.83e-04
2025-05-30 23:10:23,870 | INFO | Gradient norm: 0.0085
2025-05-30 23:10:23,878 | INFO | Train batch 10200/10986 | ms/batch 197.35 | loss 0.8798 | bpb  1.27 | ppl     2.41 | lr 2.83e-04
2025-05-30 23:10:43,600 | INFO | Gradient norm: 0.0144
2025-05-30 23:10:43,608 | INFO | Train batch 10300/10986 | ms/batch 197.35 | loss 0.8798 | bpb  1.27 | ppl     2.41 | lr 2.83e-04
2025-05-30 23:11:03,332 | INFO | Gradient norm: 0.0106
2025-05-30 23:11:03,340 | INFO | Train batch 10400/10986 | ms/batch 197.35 | loss 0.8798 | bpb  1.27 | ppl     2.41 | lr 2.83e-04
2025-05-30 23:11:23,075 | INFO | Gradient norm: 0.0072
2025-05-30 23:11:23,083 | INFO | Train batch 10500/10986 | ms/batch 197.35 | loss 0.8798 | bpb  1.27 | ppl     2.41 | lr 2.83e-04
2025-05-30 23:11:42,806 | INFO | Gradient norm: 0.0159
2025-05-30 23:11:42,814 | INFO | Train batch 10600/10986 | ms/batch 197.35 | loss 0.8798 | bpb  1.27 | ppl     2.41 | lr 2.83e-04
2025-05-30 23:12:02,538 | INFO | Gradient norm: 0.0177
2025-05-30 23:12:02,546 | INFO | Train batch 10700/10986 | ms/batch 197.35 | loss 0.8798 | bpb  1.27 | ppl     2.41 | lr 2.83e-04
2025-05-30 23:12:22,281 | INFO | Gradient norm: 0.0121
2025-05-30 23:12:22,289 | INFO | Train batch 10800/10986 | ms/batch 197.35 | loss 0.8798 | bpb  1.27 | ppl     2.41 | lr 2.83e-04
2025-05-30 23:12:42,014 | INFO | Gradient norm: 0.0098
2025-05-30 23:12:42,022 | INFO | Train batch 10900/10986 | ms/batch 197.35 | loss 0.8798 | bpb  1.27 | ppl     2.41 | lr 2.83e-04
2025-05-30 23:14:10,968 | INFO | Epoch   7 | time: 2240.28s | train bpb  1.27 | valid bpb  1.27
2025-05-30 23:14:11,518 | INFO | Saved new best model with validation bpb:  1.27
2025-05-30 23:14:13,919 | INFO | Input shape: torch.Size([16, 511]), Target shape: torch.Size([16, 511])
2025-05-30 23:14:13,920 | INFO | Input range: [10, 226]
2025-05-30 23:14:13,920 | INFO | Target range: [10, 226]
2025-05-30 23:14:13,961 | INFO | Output shape: torch.Size([8176, 256]), Reshaped target shape: torch.Size([8176])
2025-05-30 23:14:13,963 | INFO | Output range: [-11.921875, 11.640625]
2025-05-30 23:14:13,963 | INFO | Sample probabilities: max=0.903722882270813, min=0.00029781003831885755
2025-05-30 23:14:13,964 | INFO | Raw loss value: 0.8795551061630249
2025-05-30 23:14:13,964 | INFO | Batch 0 loss stats - Mean: -0.0195, Std: 1.5381
2025-05-30 23:14:14,126 | INFO | Gradient norm: 0.0094
2025-05-30 23:14:14,134 | INFO | Train batch     0/10986 | ms/batch 214.87 | loss 0.8796 | bpb  1.27 | ppl     2.41 | lr 2.83e-04
2025-05-30 23:14:33,792 | INFO | Gradient norm: 0.0082
2025-05-30 23:14:33,799 | INFO | Train batch   100/10986 | ms/batch 196.84 | loss 0.8810 | bpb  1.27 | ppl     2.41 | lr 2.83e-04
2025-05-30 23:14:53,522 | INFO | Gradient norm: 0.0094
2025-05-30 23:14:53,530 | INFO | Train batch   200/10986 | ms/batch 197.07 | loss 0.8806 | bpb  1.27 | ppl     2.41 | lr 2.83e-04
2025-05-30 23:15:13,303 | INFO | Gradient norm: 0.0233
2025-05-30 23:15:13,311 | INFO | Train batch   300/10986 | ms/batch 197.31 | loss 0.8802 | bpb  1.27 | ppl     2.41 | lr 2.83e-04
2025-05-30 23:15:33,091 | INFO | Gradient norm: 0.0107
2025-05-30 23:15:33,099 | INFO | Train batch   400/10986 | ms/batch 197.46 | loss 0.8801 | bpb  1.27 | ppl     2.41 | lr 2.83e-04
2025-05-30 23:15:52,854 | INFO | Gradient norm: 0.0220
2025-05-30 23:15:52,862 | INFO | Train batch   500/10986 | ms/batch 197.49 | loss 0.8800 | bpb  1.27 | ppl     2.41 | lr 2.83e-04
2025-05-30 23:16:12,604 | INFO | Gradient norm: 0.0156
2025-05-30 23:16:12,612 | INFO | Train batch   600/10986 | ms/batch 197.49 | loss 0.8800 | bpb  1.27 | ppl     2.41 | lr 2.82e-04
2025-05-30 23:16:32,366 | INFO | Gradient norm: 0.0091
2025-05-30 23:16:32,374 | INFO | Train batch   700/10986 | ms/batch 197.51 | loss 0.8799 | bpb  1.27 | ppl     2.41 | lr 2.82e-04
2025-05-30 23:16:52,115 | INFO | Gradient norm: 0.0248
2025-05-30 23:16:52,123 | INFO | Train batch   800/10986 | ms/batch 197.51 | loss 0.8799 | bpb  1.27 | ppl     2.41 | lr 2.82e-04
2025-05-30 23:17:11,865 | INFO | Gradient norm: 0.0258
2025-05-30 23:17:11,873 | INFO | Train batch   900/10986 | ms/batch 197.51 | loss 0.8799 | bpb  1.27 | ppl     2.41 | lr 2.82e-04
2025-05-30 23:17:31,627 | INFO | Gradient norm: 0.0130
2025-05-30 23:17:31,635 | INFO | Train batch  1000/10986 | ms/batch 197.52 | loss 0.8798 | bpb  1.27 | ppl     2.41 | lr 2.82e-04
2025-05-30 23:17:51,377 | INFO | Gradient norm: 0.0080
2025-05-30 23:17:51,385 | INFO | Train batch  1100/10986 | ms/batch 197.52 | loss 0.8798 | bpb  1.27 | ppl     2.41 | lr 2.82e-04
2025-05-30 23:18:11,129 | INFO | Gradient norm: 0.0096
2025-05-30 23:18:11,137 | INFO | Train batch  1200/10986 | ms/batch 197.52 | loss 0.8798 | bpb  1.27 | ppl     2.41 | lr 2.82e-04
2025-05-30 23:18:30,889 | INFO | Gradient norm: 0.0090
2025-05-30 23:18:30,897 | INFO | Train batch  1300/10986 | ms/batch 197.52 | loss 0.8798 | bpb  1.27 | ppl     2.41 | lr 2.82e-04
2025-05-30 23:18:50,638 | INFO | Gradient norm: 0.0097
2025-05-30 23:18:50,646 | INFO | Train batch  1400/10986 | ms/batch 197.52 | loss 0.8798 | bpb  1.27 | ppl     2.41 | lr 2.82e-04
slurmstepd-node078: error: *** JOB 28222 ON node078 CANCELLED AT 2025-05-30T23:18:53 ***
