Using device: cuda
Loading training data...
Loading data from data/enwik8
Training sparse transformer model...
Initial learning rate: 0.000000
Target learning rate: 0.000500
Warmup steps: 1000
Epoch 1/100 | Batch 0/10986 | Loss: 0.3465 | LR: 0.000000
Epoch 1/100 | Batch 100/10986 | Loss: 0.3438 | LR: 0.000051
Epoch 1/100 | Batch 200/10986 | Loss: 0.3404 | LR: 0.000101
Epoch 1/100 | Batch 300/10986 | Loss: 0.3375 | LR: 0.000150
Epoch 1/100 | Batch 400/10986 | Loss: 0.3332 | LR: 0.000201
Epoch 1/100 | Batch 500/10986 | Loss: 0.3277 | LR: 0.000251
Epoch 1/100 | Batch 600/10986 | Loss: 0.3203 | LR: 0.000300
Epoch 1/100 | Batch 700/10986 | Loss: 0.3125 | LR: 0.000351
Epoch 1/100 | Batch 800/10986 | Loss: 0.3037 | LR: 0.000401
Epoch 1/100 | Batch 900/10986 | Loss: 0.2939 | LR: 0.000450
Epoch 1/100 | Batch 1000/10986 | Loss: 0.2852 | LR: 0.000500
Epoch 1/100 | Batch 1100/10986 | Loss: 0.2772 | LR: 0.000500
Epoch 1/100 | Batch 1200/10986 | Loss: 0.2668 | LR: 0.000500
Epoch 1/100 | Batch 1300/10986 | Loss: 0.2582 | LR: 0.000500
Epoch 1/100 | Batch 1400/10986 | Loss: 0.2615 | LR: 0.000500
Epoch 1/100 | Batch 1500/10986 | Loss: 0.2531 | LR: 0.000500
Epoch 1/100 | Batch 1600/10986 | Loss: 0.2512 | LR: 0.000500
Epoch 1/100 | Batch 1700/10986 | Loss: 0.2573 | LR: 0.000500
Epoch 1/100 | Batch 1800/10986 | Loss: 0.2477 | LR: 0.000500
Epoch 1/100 | Batch 1900/10986 | Loss: 0.2398 | LR: 0.000500
Epoch 1/100 | Batch 2000/10986 | Loss: 0.2499 | LR: 0.000500
Epoch 1/100 | Batch 2100/10986 | Loss: 0.2379 | LR: 0.000500
Epoch 1/100 | Batch 2200/10986 | Loss: 0.2424 | LR: 0.000500
Epoch 1/100 | Batch 2300/10986 | Loss: 0.2447 | LR: 0.000500
Epoch 1/100 | Batch 2400/10986 | Loss: 0.2402 | LR: 0.000500
Epoch 1/100 | Batch 2500/10986 | Loss: 0.2492 | LR: 0.000500
Epoch 1/100 | Batch 2600/10986 | Loss: 0.2435 | LR: 0.000500
Epoch 1/100 | Batch 2700/10986 | Loss: 0.2407 | LR: 0.000500
Epoch 1/100 | Batch 2800/10986 | Loss: 0.2426 | LR: 0.000500
Epoch 1/100 | Batch 2900/10986 | Loss: 0.2461 | LR: 0.000500
Epoch 1/100 | Batch 3000/10986 | Loss: 0.2386 | LR: 0.000500
Epoch 1/100 | Batch 3100/10986 | Loss: 0.2446 | LR: 0.000500
Epoch 1/100 | Batch 3200/10986 | Loss: 0.2456 | LR: 0.000500
Epoch 1/100 | Batch 3300/10986 | Loss: 0.2478 | LR: 0.000500
Epoch 1/100 | Batch 3400/10986 | Loss: 0.2446 | LR: 0.000500
Epoch 1/100 | Batch 3500/10986 | Loss: 0.2531 | LR: 0.000500
Epoch 1/100 | Batch 3600/10986 | Loss: 0.2518 | LR: 0.000500
Epoch 1/100 | Batch 3700/10986 | Loss: 0.2441 | LR: 0.000500
Epoch 1/100 | Batch 3800/10986 | Loss: 0.2434 | LR: 0.000500
Epoch 1/100 | Batch 3900/10986 | Loss: 0.2474 | LR: 0.000500
Epoch 1/100 | Batch 4000/10986 | Loss: 0.2502 | LR: 0.000500
Epoch 1/100 | Batch 4100/10986 | Loss: 0.2467 | LR: 0.000500
Epoch 1/100 | Batch 4200/10986 | Loss: 0.2471 | LR: 0.000500
Epoch 1/100 | Batch 4300/10986 | Loss: 0.2544 | LR: 0.000500
Epoch 1/100 | Batch 4400/10986 | Loss: 0.2480 | LR: 0.000500
Epoch 1/100 | Batch 4500/10986 | Loss: 0.2511 | LR: 0.000500
Epoch 1/100 | Batch 4600/10986 | Loss: 0.2494 | LR: 0.000500
Epoch 1/100 | Batch 4700/10986 | Loss: 0.2441 | LR: 0.000500
Epoch 1/100 | Batch 4800/10986 | Loss: 0.2469 | LR: 0.000500
Epoch 1/100 | Batch 4900/10986 | Loss: 0.2420 | LR: 0.000500
Epoch 1/100 | Batch 5000/10986 | Loss: 0.2444 | LR: 0.000500
Epoch 1/100 | Batch 5100/10986 | Loss: 0.2446 | LR: 0.000500
Epoch 1/100 | Batch 5200/10986 | Loss: 0.2395 | LR: 0.000500
Epoch 1/100 | Batch 5300/10986 | Loss: 0.2415 | LR: 0.000500
Epoch 1/100 | Batch 5400/10986 | Loss: 0.2448 | LR: 0.000500
Epoch 1/100 | Batch 5500/10986 | Loss: 0.2503 | LR: 0.000500
Epoch 1/100 | Batch 5600/10986 | Loss: 0.2354 | LR: 0.000500
Epoch 1/100 | Batch 5700/10986 | Loss: 0.2476 | LR: 0.000500
Epoch 1/100 | Batch 5800/10986 | Loss: 0.2356 | LR: 0.000500
Epoch 1/100 | Batch 5900/10986 | Loss: 0.2448 | LR: 0.000500
Epoch 1/100 | Batch 6000/10986 | Loss: 0.2415 | LR: 0.000500
Epoch 1/100 | Batch 6100/10986 | Loss: 0.2402 | LR: 0.000500
Epoch 1/100 | Batch 6200/10986 | Loss: 0.2433 | LR: 0.000500
Epoch 1/100 | Batch 6300/10986 | Loss: 0.2391 | LR: 0.000500
Epoch 1/100 | Batch 6400/10986 | Loss: 0.2380 | LR: 0.000500
Epoch 1/100 | Batch 6500/10986 | Loss: 0.2348 | LR: 0.000500
Epoch 1/100 | Batch 6600/10986 | Loss: 0.2473 | LR: 0.000500
Epoch 1/100 | Batch 6700/10986 | Loss: 0.2419 | LR: 0.000500
Epoch 1/100 | Batch 6800/10986 | Loss: 0.2362 | LR: 0.000500
Epoch 1/100 | Batch 6900/10986 | Loss: 0.2398 | LR: 0.000500
Epoch 1/100 | Batch 7000/10986 | Loss: 0.2399 | LR: 0.000500
Epoch 1/100 | Batch 7100/10986 | Loss: 0.2458 | LR: 0.000500
Epoch 1/100 | Batch 7200/10986 | Loss: 0.2398 | LR: 0.000500
Epoch 1/100 | Batch 7300/10986 | Loss: 0.2382 | LR: 0.000500
Epoch 1/100 | Batch 7400/10986 | Loss: 0.2378 | LR: 0.000500
Epoch 1/100 | Batch 7500/10986 | Loss: 0.2477 | LR: 0.000500
Epoch 1/100 | Batch 7600/10986 | Loss: 0.2392 | LR: 0.000500
Epoch 1/100 | Batch 7700/10986 | Loss: 0.2394 | LR: 0.000500
Epoch 1/100 | Batch 7800/10986 | Loss: 0.2377 | LR: 0.000500
Epoch 1/100 | Batch 7900/10986 | Loss: 0.2341 | LR: 0.000500
Epoch 1/100 | Batch 8000/10986 | Loss: 0.2358 | LR: 0.000500
Epoch 1/100 | Batch 8100/10986 | Loss: 0.2418 | LR: 0.000500
Epoch 1/100 | Batch 8200/10986 | Loss: 0.2330 | LR: 0.000500
Epoch 1/100 | Batch 8300/10986 | Loss: 0.2313 | LR: 0.000500
Epoch 1/100 | Batch 8400/10986 | Loss: 0.2368 | LR: 0.000500
Epoch 1/100 | Batch 8500/10986 | Loss: 0.2408 | LR: 0.000500
Epoch 1/100 | Batch 8600/10986 | Loss: 0.2336 | LR: 0.000500
Epoch 1/100 | Batch 8700/10986 | Loss: 0.2327 | LR: 0.000500
Epoch 1/100 | Batch 8800/10986 | Loss: 0.2375 | LR: 0.000500
Epoch 1/100 | Batch 8900/10986 | Loss: 0.2298 | LR: 0.000500
Epoch 1/100 | Batch 9000/10986 | Loss: 0.2291 | LR: 0.000500
Epoch 1/100 | Batch 9100/10986 | Loss: 0.2370 | LR: 0.000500
Epoch 1/100 | Batch 9200/10986 | Loss: 0.2296 | LR: 0.000500
Epoch 1/100 | Batch 9300/10986 | Loss: 0.2278 | LR: 0.000500
Epoch 1/100 | Batch 9400/10986 | Loss: 0.2213 | LR: 0.000500
Epoch 1/100 | Batch 9500/10986 | Loss: 0.2280 | LR: 0.000500
Epoch 1/100 | Batch 9600/10986 | Loss: 0.2304 | LR: 0.000500
Epoch 1/100 | Batch 9700/10986 | Loss: 0.2303 | LR: 0.000500
Epoch 1/100 | Batch 9800/10986 | Loss: 0.2275 | LR: 0.000500
Epoch 1/100 | Batch 9900/10986 | Loss: 0.2262 | LR: 0.000500
Epoch 1/100 | Batch 10000/10986 | Loss: 0.2231 | LR: 0.000500
Epoch 1/100 | Batch 10100/10986 | Loss: 0.2256 | LR: 0.000500
Epoch 1/100 | Batch 10200/10986 | Loss: 0.2303 | LR: 0.000500
Epoch 1/100 | Batch 10300/10986 | Loss: 0.2254 | LR: 0.000500
Epoch 1/100 | Batch 10400/10986 | Loss: 0.2262 | LR: 0.000500
Epoch 1/100 | Batch 10500/10986 | Loss: 0.2294 | LR: 0.000500
Epoch 1/100 | Batch 10600/10986 | Loss: 0.2237 | LR: 0.000500
Epoch 1/100 | Batch 10700/10986 | Loss: 0.2304 | LR: 0.000500
Epoch 1/100 | Batch 10800/10986 | Loss: 0.2297 | LR: 0.000500
Epoch 1/100 | Batch 10900/10986 | Loss: 0.2224 | LR: 0.000500

Epoch 1/100 Summary:
Average Training Loss: 3.9773
Average Validation Loss: 3.2238
Best Validation Loss: 3.2238
Learning Rate: 0.000500
Epoch 2/100 | Batch 0/10986 | Loss: 0.2298 | LR: 0.000500
Epoch 2/100 | Batch 100/10986 | Loss: 0.2316 | LR: 0.000500
Epoch 2/100 | Batch 200/10986 | Loss: 0.2239 | LR: 0.000500
Epoch 2/100 | Batch 300/10986 | Loss: 0.2259 | LR: 0.000500
Epoch 2/100 | Batch 400/10986 | Loss: 0.2273 | LR: 0.000500
Epoch 2/100 | Batch 500/10986 | Loss: 0.2245 | LR: 0.000500
Epoch 2/100 | Batch 600/10986 | Loss: 0.2195 | LR: 0.000500
Epoch 2/100 | Batch 700/10986 | Loss: 0.2191 | LR: 0.000500
Epoch 2/100 | Batch 800/10986 | Loss: 0.2218 | LR: 0.000500
Epoch 2/100 | Batch 900/10986 | Loss: 0.2207 | LR: 0.000500
Epoch 2/100 | Batch 1000/10986 | Loss: 0.2224 | LR: 0.000500
Epoch 2/100 | Batch 1100/10986 | Loss: 0.2236 | LR: 0.000500
Epoch 2/100 | Batch 1200/10986 | Loss: 0.2224 | LR: 0.000500
Epoch 2/100 | Batch 1300/10986 | Loss: 0.2200 | LR: 0.000500
Epoch 2/100 | Batch 1400/10986 | Loss: 0.2267 | LR: 0.000500
Epoch 2/100 | Batch 1500/10986 | Loss: 0.2245 | LR: 0.000500
Epoch 2/100 | Batch 1600/10986 | Loss: 0.2258 | LR: 0.000500
Epoch 2/100 | Batch 1700/10986 | Loss: 0.2330 | LR: 0.000500
Epoch 2/100 | Batch 1800/10986 | Loss: 0.2227 | LR: 0.000500
Epoch 2/100 | Batch 1900/10986 | Loss: 0.2186 | LR: 0.000500
Epoch 2/100 | Batch 2000/10986 | Loss: 0.2242 | LR: 0.000500
Epoch 2/100 | Batch 2100/10986 | Loss: 0.2144 | LR: 0.000500
Epoch 2/100 | Batch 2200/10986 | Loss: 0.2182 | LR: 0.000500
Epoch 2/100 | Batch 2300/10986 | Loss: 0.2208 | LR: 0.000500
Epoch 2/100 | Batch 2400/10986 | Loss: 0.2190 | LR: 0.000500
Epoch 2/100 | Batch 2500/10986 | Loss: 0.2263 | LR: 0.000500
Epoch 2/100 | Batch 2600/10986 | Loss: 0.2211 | LR: 0.000500
Epoch 2/100 | Batch 2700/10986 | Loss: 0.2170 | LR: 0.000500
Epoch 2/100 | Batch 2800/10986 | Loss: 0.2162 | LR: 0.000500
Epoch 2/100 | Batch 2900/10986 | Loss: 0.2213 | LR: 0.000500
Epoch 2/100 | Batch 3000/10986 | Loss: 0.2141 | LR: 0.000500
Epoch 2/100 | Batch 3100/10986 | Loss: 0.2188 | LR: 0.000500
Epoch 2/100 | Batch 3200/10986 | Loss: 0.2198 | LR: 0.000500
Epoch 2/100 | Batch 3300/10986 | Loss: 0.2242 | LR: 0.000500
Epoch 2/100 | Batch 3400/10986 | Loss: 0.2177 | LR: 0.000500
Epoch 2/100 | Batch 3500/10986 | Loss: 0.2268 | LR: 0.000500
Epoch 2/100 | Batch 3600/10986 | Loss: 0.2261 | LR: 0.000500
Epoch 2/100 | Batch 3700/10986 | Loss: 0.2154 | LR: 0.000500
Epoch 2/100 | Batch 3800/10986 | Loss: 0.2173 | LR: 0.000500
Epoch 2/100 | Batch 3900/10986 | Loss: 0.2204 | LR: 0.000500
Epoch 2/100 | Batch 4000/10986 | Loss: 0.2264 | LR: 0.000500
Epoch 2/100 | Batch 4100/10986 | Loss: 0.2221 | LR: 0.000500
Epoch 2/100 | Batch 4200/10986 | Loss: 0.2219 | LR: 0.000500
Epoch 2/100 | Batch 4300/10986 | Loss: 0.2253 | LR: 0.000500
Epoch 2/100 | Batch 4400/10986 | Loss: 0.2236 | LR: 0.000500
Epoch 2/100 | Batch 4500/10986 | Loss: 0.2279 | LR: 0.000500
Epoch 2/100 | Batch 4600/10986 | Loss: 0.2215 | LR: 0.000500
Epoch 2/100 | Batch 4700/10986 | Loss: 0.2189 | LR: 0.000500
Epoch 2/100 | Batch 4800/10986 | Loss: 0.2198 | LR: 0.000500
Epoch 2/100 | Batch 4900/10986 | Loss: 0.2156 | LR: 0.000500
Epoch 2/100 | Batch 5000/10986 | Loss: 0.2199 | LR: 0.000500
Epoch 2/100 | Batch 5100/10986 | Loss: 0.2183 | LR: 0.000500
Epoch 2/100 | Batch 5200/10986 | Loss: 0.2133 | LR: 0.000500
Epoch 2/100 | Batch 5300/10986 | Loss: 0.2174 | LR: 0.000500
Epoch 2/100 | Batch 5400/10986 | Loss: 0.2179 | LR: 0.000500
Epoch 2/100 | Batch 5500/10986 | Loss: 0.2226 | LR: 0.000500
Epoch 2/100 | Batch 5600/10986 | Loss: 0.2115 | LR: 0.000500
Epoch 2/100 | Batch 5700/10986 | Loss: 0.2224 | LR: 0.000500
Epoch 2/100 | Batch 5800/10986 | Loss: 0.2116 | LR: 0.000500
Epoch 2/100 | Batch 5900/10986 | Loss: 0.2187 | LR: 0.000500
Epoch 2/100 | Batch 6000/10986 | Loss: 0.2149 | LR: 0.000500
Epoch 2/100 | Batch 6100/10986 | Loss: 0.2146 | LR: 0.000500
Epoch 2/100 | Batch 6200/10986 | Loss: 0.2189 | LR: 0.000500
Epoch 2/100 | Batch 6300/10986 | Loss: 0.2153 | LR: 0.000500
Epoch 2/100 | Batch 6400/10986 | Loss: 0.2159 | LR: 0.000500
Epoch 2/100 | Batch 6500/10986 | Loss: 0.2125 | LR: 0.000500
Epoch 2/100 | Batch 6600/10986 | Loss: 0.2258 | LR: 0.000500
Epoch 2/100 | Batch 6700/10986 | Loss: 0.2195 | LR: 0.000500
Epoch 2/100 | Batch 6800/10986 | Loss: 0.2143 | LR: 0.000500
Epoch 2/100 | Batch 6900/10986 | Loss: 0.2193 | LR: 0.000500
Epoch 2/100 | Batch 7000/10986 | Loss: 0.2198 | LR: 0.000500
Epoch 2/100 | Batch 7100/10986 | Loss: 0.2256 | LR: 0.000500
Epoch 2/100 | Batch 7200/10986 | Loss: 0.2191 | LR: 0.000500
Epoch 2/100 | Batch 7300/10986 | Loss: 0.2181 | LR: 0.000500
Epoch 2/100 | Batch 7400/10986 | Loss: 0.2186 | LR: 0.000500
Epoch 2/100 | Batch 7500/10986 | Loss: 0.2279 | LR: 0.000500
Epoch 2/100 | Batch 7600/10986 | Loss: 0.2191 | LR: 0.000500
Epoch 2/100 | Batch 7700/10986 | Loss: 0.2187 | LR: 0.000500
Epoch 2/100 | Batch 7800/10986 | Loss: 0.2171 | LR: 0.000500
Epoch 2/100 | Batch 7900/10986 | Loss: 0.2152 | LR: 0.000500
Epoch 2/100 | Batch 8000/10986 | Loss: 0.2177 | LR: 0.000500
Epoch 2/100 | Batch 8100/10986 | Loss: 0.2219 | LR: 0.000500
Epoch 2/100 | Batch 8200/10986 | Loss: 0.2150 | LR: 0.000500
Epoch 2/100 | Batch 8300/10986 | Loss: 0.2122 | LR: 0.000500
Epoch 2/100 | Batch 8400/10986 | Loss: 0.2181 | LR: 0.000500
Epoch 2/100 | Batch 8500/10986 | Loss: 0.2220 | LR: 0.000500
Epoch 2/100 | Batch 8600/10986 | Loss: 0.2149 | LR: 0.000500
Epoch 2/100 | Batch 8700/10986 | Loss: 0.2140 | LR: 0.000500
Epoch 2/100 | Batch 8800/10986 | Loss: 0.2194 | LR: 0.000500
Epoch 2/100 | Batch 8900/10986 | Loss: 0.2125 | LR: 0.000500
Epoch 2/100 | Batch 9000/10986 | Loss: 0.2117 | LR: 0.000500
Epoch 2/100 | Batch 9100/10986 | Loss: 0.2174 | LR: 0.000500
Epoch 2/100 | Batch 9200/10986 | Loss: 0.2145 | LR: 0.000500
Epoch 2/100 | Batch 9300/10986 | Loss: 0.2111 | LR: 0.000500
Epoch 2/100 | Batch 9400/10986 | Loss: 0.2059 | LR: 0.000500
Epoch 2/100 | Batch 9500/10986 | Loss: 0.2133 | LR: 0.000500
Epoch 2/100 | Batch 9600/10986 | Loss: 0.2160 | LR: 0.000500
Epoch 2/100 | Batch 9700/10986 | Loss: 0.2150 | LR: 0.000500
Epoch 2/100 | Batch 9800/10986 | Loss: 0.2121 | LR: 0.000500
Epoch 2/100 | Batch 9900/10986 | Loss: 0.2111 | LR: 0.000500
Epoch 2/100 | Batch 10000/10986 | Loss: 0.2093 | LR: 0.000500
Epoch 2/100 | Batch 10100/10986 | Loss: 0.2116 | LR: 0.000500
Epoch 2/100 | Batch 10200/10986 | Loss: 0.2166 | LR: 0.000500
Epoch 2/100 | Batch 10300/10986 | Loss: 0.2104 | LR: 0.000500
Epoch 2/100 | Batch 10400/10986 | Loss: 0.2089 | LR: 0.000500
Epoch 2/100 | Batch 10500/10986 | Loss: 0.2145 | LR: 0.000500
Epoch 2/100 | Batch 10600/10986 | Loss: 0.2100 | LR: 0.000500
Epoch 2/100 | Batch 10700/10986 | Loss: 0.2149 | LR: 0.000500
Epoch 2/100 | Batch 10800/10986 | Loss: 0.2153 | LR: 0.000500
Epoch 2/100 | Batch 10900/10986 | Loss: 0.2082 | LR: 0.000500

Epoch 2/100 Summary:
Average Training Loss: 3.5057
Average Validation Loss: 2.9478
Best Validation Loss: 2.9478
Learning Rate: 0.000500
Epoch 3/100 | Batch 0/10986 | Loss: 0.2165 | LR: 0.000500
Epoch 3/100 | Batch 100/10986 | Loss: 0.2183 | LR: 0.000500
Epoch 3/100 | Batch 200/10986 | Loss: 0.2109 | LR: 0.000500
Epoch 3/100 | Batch 300/10986 | Loss: 0.2130 | LR: 0.000500
Epoch 3/100 | Batch 400/10986 | Loss: 0.2126 | LR: 0.000500
Epoch 3/100 | Batch 500/10986 | Loss: 0.2112 | LR: 0.000500
Epoch 3/100 | Batch 600/10986 | Loss: 0.2068 | LR: 0.000500
Epoch 3/100 | Batch 700/10986 | Loss: 0.2093 | LR: 0.000500
Epoch 3/100 | Batch 800/10986 | Loss: 0.2089 | LR: 0.000500
Epoch 3/100 | Batch 900/10986 | Loss: 0.2061 | LR: 0.000500
Epoch 3/100 | Batch 1000/10986 | Loss: 0.2082 | LR: 0.000500
Epoch 3/100 | Batch 1100/10986 | Loss: 0.2110 | LR: 0.000500
Epoch 3/100 | Batch 1200/10986 | Loss: 0.2097 | LR: 0.000499
Epoch 3/100 | Batch 1300/10986 | Loss: 0.2080 | LR: 0.000499
Epoch 3/100 | Batch 1400/10986 | Loss: 0.2138 | LR: 0.000499
Epoch 3/100 | Batch 1500/10986 | Loss: 0.2117 | LR: 0.000499
Epoch 3/100 | Batch 1600/10986 | Loss: 0.2134 | LR: 0.000499
Epoch 3/100 | Batch 1700/10986 | Loss: 0.2202 | LR: 0.000499
Epoch 3/100 | Batch 1800/10986 | Loss: 0.2098 | LR: 0.000499
Epoch 3/100 | Batch 1900/10986 | Loss: 0.2074 | LR: 0.000499
Epoch 3/100 | Batch 2000/10986 | Loss: 0.2122 | LR: 0.000499
Epoch 3/100 | Batch 2100/10986 | Loss: 0.2029 | LR: 0.000499
Epoch 3/100 | Batch 2200/10986 | Loss: 0.2058 | LR: 0.000499
Epoch 3/100 | Batch 2300/10986 | Loss: 0.2092 | LR: 0.000499
Epoch 3/100 | Batch 2400/10986 | Loss: 0.2056 | LR: 0.000499
Epoch 3/100 | Batch 2500/10986 | Loss: 0.2124 | LR: 0.000499
Epoch 3/100 | Batch 2600/10986 | Loss: 0.2061 | LR: 0.000499
Epoch 3/100 | Batch 2700/10986 | Loss: 0.2054 | LR: 0.000499
Epoch 3/100 | Batch 2800/10986 | Loss: 0.2047 | LR: 0.000499
Epoch 3/100 | Batch 2900/10986 | Loss: 0.2085 | LR: 0.000499
Epoch 3/100 | Batch 3000/10986 | Loss: 0.2043 | LR: 0.000499
Epoch 3/100 | Batch 3100/10986 | Loss: 0.2064 | LR: 0.000499
Epoch 3/100 | Batch 3200/10986 | Loss: 0.2078 | LR: 0.000499
Epoch 3/100 | Batch 3300/10986 | Loss: 0.2110 | LR: 0.000499
Epoch 3/100 | Batch 3400/10986 | Loss: 0.2058 | LR: 0.000499
Epoch 3/100 | Batch 3500/10986 | Loss: 0.2151 | LR: 0.000499
Epoch 3/100 | Batch 3600/10986 | Loss: 0.2119 | LR: 0.000499
Epoch 3/100 | Batch 3700/10986 | Loss: 0.2039 | LR: 0.000499
Epoch 3/100 | Batch 3800/10986 | Loss: 0.2063 | LR: 0.000499
Epoch 3/100 | Batch 3900/10986 | Loss: 0.2057 | LR: 0.000499
Epoch 3/100 | Batch 4000/10986 | Loss: 0.2122 | LR: 0.000499
Epoch 3/100 | Batch 4100/10986 | Loss: 0.2084 | LR: 0.000499
Epoch 3/100 | Batch 4200/10986 | Loss: 0.2068 | LR: 0.000499
Epoch 3/100 | Batch 4300/10986 | Loss: 0.2106 | LR: 0.000499
Epoch 3/100 | Batch 4400/10986 | Loss: 0.2062 | LR: 0.000499
Epoch 3/100 | Batch 4500/10986 | Loss: 0.2169 | LR: 0.000499
Epoch 3/100 | Batch 4600/10986 | Loss: 0.2063 | LR: 0.000499
Epoch 3/100 | Batch 4700/10986 | Loss: 0.2085 | LR: 0.000499
Epoch 3/100 | Batch 4800/10986 | Loss: 0.2052 | LR: 0.000499
Epoch 3/100 | Batch 4900/10986 | Loss: 0.2039 | LR: 0.000499
Epoch 3/100 | Batch 5000/10986 | Loss: 0.2049 | LR: 0.000499
Epoch 3/100 | Batch 5100/10986 | Loss: 0.2048 | LR: 0.000499
Epoch 3/100 | Batch 5200/10986 | Loss: 0.2019 | LR: 0.000499
Epoch 3/100 | Batch 5300/10986 | Loss: 0.2043 | LR: 0.000499
Epoch 3/100 | Batch 5400/10986 | Loss: 0.2034 | LR: 0.000499
Epoch 3/100 | Batch 5500/10986 | Loss: 0.2091 | LR: 0.000499
Epoch 3/100 | Batch 5600/10986 | Loss: 0.2006 | LR: 0.000499
Epoch 3/100 | Batch 5700/10986 | Loss: 0.2082 | LR: 0.000499
Epoch 3/100 | Batch 5800/10986 | Loss: 0.1996 | LR: 0.000499
Epoch 3/100 | Batch 5900/10986 | Loss: 0.2043 | LR: 0.000499
Epoch 3/100 | Batch 6000/10986 | Loss: 0.2018 | LR: 0.000499
Epoch 3/100 | Batch 6100/10986 | Loss: 0.2017 | LR: 0.000499
Epoch 3/100 | Batch 6200/10986 | Loss: 0.2046 | LR: 0.000499
Epoch 3/100 | Batch 6300/10986 | Loss: 0.2033 | LR: 0.000499
Epoch 3/100 | Batch 6400/10986 | Loss: 0.2033 | LR: 0.000499
Epoch 3/100 | Batch 6500/10986 | Loss: 0.2003 | LR: 0.000499
Epoch 3/100 | Batch 6600/10986 | Loss: 0.2095 | LR: 0.000499
Epoch 3/100 | Batch 6700/10986 | Loss: 0.2076 | LR: 0.000499
Epoch 3/100 | Batch 6800/10986 | Loss: 0.2022 | LR: 0.000499
Epoch 3/100 | Batch 6900/10986 | Loss: 0.2041 | LR: 0.000499
Epoch 3/100 | Batch 7000/10986 | Loss: 0.2062 | LR: 0.000499
Epoch 3/100 | Batch 7100/10986 | Loss: 0.2086 | LR: 0.000499
Epoch 3/100 | Batch 7200/10986 | Loss: 0.2048 | LR: 0.000499
Epoch 3/100 | Batch 7300/10986 | Loss: 0.2048 | LR: 0.000499
Epoch 3/100 | Batch 7400/10986 | Loss: 0.2053 | LR: 0.000499
Epoch 3/100 | Batch 7500/10986 | Loss: 0.2143 | LR: 0.000499
Epoch 3/100 | Batch 7600/10986 | Loss: 0.2052 | LR: 0.000499
Epoch 3/100 | Batch 7700/10986 | Loss: 0.2033 | LR: 0.000499
Epoch 3/100 | Batch 7800/10986 | Loss: 0.2027 | LR: 0.000499
Epoch 3/100 | Batch 7900/10986 | Loss: 0.2003 | LR: 0.000499
Epoch 3/100 | Batch 8000/10986 | Loss: 0.2024 | LR: 0.000499
Epoch 3/100 | Batch 8100/10986 | Loss: 0.2057 | LR: 0.000499
Epoch 3/100 | Batch 8200/10986 | Loss: 0.2020 | LR: 0.000499
Epoch 3/100 | Batch 8300/10986 | Loss: 0.2008 | LR: 0.000499
Epoch 3/100 | Batch 8400/10986 | Loss: 0.2057 | LR: 0.000499
Epoch 3/100 | Batch 8500/10986 | Loss: 0.2047 | LR: 0.000499
Epoch 3/100 | Batch 8600/10986 | Loss: 0.2014 | LR: 0.000499
Epoch 3/100 | Batch 8700/10986 | Loss: 0.1990 | LR: 0.000499
Epoch 3/100 | Batch 8800/10986 | Loss: 0.2057 | LR: 0.000499
Epoch 3/100 | Batch 8900/10986 | Loss: 0.1994 | LR: 0.000499
Epoch 3/100 | Batch 9000/10986 | Loss: 0.1989 | LR: 0.000499
Epoch 3/100 | Batch 9100/10986 | Loss: 0.2023 | LR: 0.000499
Epoch 3/100 | Batch 9200/10986 | Loss: 0.2008 | LR: 0.000499
Epoch 3/100 | Batch 9300/10986 | Loss: 0.1992 | LR: 0.000499
Epoch 3/100 | Batch 9400/10986 | Loss: 0.1952 | LR: 0.000499
Epoch 3/100 | Batch 9500/10986 | Loss: 0.1998 | LR: 0.000499
Epoch 3/100 | Batch 9600/10986 | Loss: 0.2020 | LR: 0.000499
Epoch 3/100 | Batch 9700/10986 | Loss: 0.1988 | LR: 0.000499
Epoch 3/100 | Batch 9800/10986 | Loss: 0.1983 | LR: 0.000499
Epoch 3/100 | Batch 9900/10986 | Loss: 0.1974 | LR: 0.000499
Epoch 3/100 | Batch 10000/10986 | Loss: 0.1973 | LR: 0.000499
Epoch 3/100 | Batch 10100/10986 | Loss: 0.1985 | LR: 0.000499
Epoch 3/100 | Batch 10200/10986 | Loss: 0.2023 | LR: 0.000499
Epoch 3/100 | Batch 10300/10986 | Loss: 0.1956 | LR: 0.000499
Epoch 3/100 | Batch 10400/10986 | Loss: 0.1953 | LR: 0.000499
Epoch 3/100 | Batch 10500/10986 | Loss: 0.2020 | LR: 0.000499
Epoch 3/100 | Batch 10600/10986 | Loss: 0.1974 | LR: 0.000499
Epoch 3/100 | Batch 10700/10986 | Loss: 0.1992 | LR: 0.000499
Epoch 3/100 | Batch 10800/10986 | Loss: 0.2001 | LR: 0.000499
Epoch 3/100 | Batch 10900/10986 | Loss: 0.1954 | LR: 0.000499

Epoch 3/100 Summary:
Average Training Loss: 3.2920
Average Validation Loss: 2.6501
Best Validation Loss: 2.6501
Learning Rate: 0.000499
Epoch 4/100 | Batch 0/10986 | Loss: 0.2021 | LR: 0.000499
Epoch 4/100 | Batch 100/10986 | Loss: 0.2036 | LR: 0.000499
Epoch 4/100 | Batch 200/10986 | Loss: 0.1976 | LR: 0.000499
Epoch 4/100 | Batch 300/10986 | Loss: 0.1990 | LR: 0.000499
Epoch 4/100 | Batch 400/10986 | Loss: 0.1963 | LR: 0.000499
Epoch 4/100 | Batch 500/10986 | Loss: 0.1977 | LR: 0.000499
Epoch 4/100 | Batch 600/10986 | Loss: 0.1932 | LR: 0.000499
Epoch 4/100 | Batch 700/10986 | Loss: 0.1955 | LR: 0.000499
Epoch 4/100 | Batch 800/10986 | Loss: 0.1953 | LR: 0.000499
Epoch 4/100 | Batch 900/10986 | Loss: 0.1905 | LR: 0.000499
Epoch 4/100 | Batch 1000/10986 | Loss: 0.1951 | LR: 0.000499
Epoch 4/100 | Batch 1100/10986 | Loss: 0.1978 | LR: 0.000499
Epoch 4/100 | Batch 1200/10986 | Loss: 0.1957 | LR: 0.000499
Epoch 4/100 | Batch 1300/10986 | Loss: 0.1971 | LR: 0.000499
Epoch 4/100 | Batch 1400/10986 | Loss: 0.1991 | LR: 0.000499
Epoch 4/100 | Batch 1500/10986 | Loss: 0.1971 | LR: 0.000499
Epoch 4/100 | Batch 1600/10986 | Loss: 0.1986 | LR: 0.000499
Epoch 4/100 | Batch 1700/10986 | Loss: 0.2056 | LR: 0.000499
Epoch 4/100 | Batch 1800/10986 | Loss: 0.1975 | LR: 0.000499
Epoch 4/100 | Batch 1900/10986 | Loss: 0.1963 | LR: 0.000499
Epoch 4/100 | Batch 2000/10986 | Loss: 0.1976 | LR: 0.000499
Epoch 4/100 | Batch 2100/10986 | Loss: 0.1909 | LR: 0.000499
Epoch 4/100 | Batch 2200/10986 | Loss: 0.1940 | LR: 0.000499
Epoch 4/100 | Batch 2300/10986 | Loss: 0.1968 | LR: 0.000499
Epoch 4/100 | Batch 2400/10986 | Loss: 0.1923 | LR: 0.000499
Epoch 4/100 | Batch 2500/10986 | Loss: 0.1997 | LR: 0.000499
Epoch 4/100 | Batch 2600/10986 | Loss: 0.1902 | LR: 0.000499
Epoch 4/100 | Batch 2700/10986 | Loss: 0.1928 | LR: 0.000499
Epoch 4/100 | Batch 2800/10986 | Loss: 0.1919 | LR: 0.000499
Epoch 4/100 | Batch 2900/10986 | Loss: 0.1971 | LR: 0.000499
Epoch 4/100 | Batch 3000/10986 | Loss: 0.1915 | LR: 0.000499
Epoch 4/100 | Batch 3100/10986 | Loss: 0.1947 | LR: 0.000499
Epoch 4/100 | Batch 3200/10986 | Loss: 0.1982 | LR: 0.000499
Epoch 4/100 | Batch 3300/10986 | Loss: 0.1965 | LR: 0.000499
Epoch 4/100 | Batch 3400/10986 | Loss: 0.1938 | LR: 0.000499
Epoch 4/100 | Batch 3500/10986 | Loss: 0.2023 | LR: 0.000499
Epoch 4/100 | Batch 3600/10986 | Loss: 0.1968 | LR: 0.000499
Epoch 4/100 | Batch 3700/10986 | Loss: 0.1926 | LR: 0.000499
Epoch 4/100 | Batch 3800/10986 | Loss: 0.1945 | LR: 0.000499
Epoch 4/100 | Batch 3900/10986 | Loss: 0.1899 | LR: 0.000499
Epoch 4/100 | Batch 4000/10986 | Loss: 0.1968 | LR: 0.000499
Epoch 4/100 | Batch 4100/10986 | Loss: 0.1947 | LR: 0.000499
Epoch 4/100 | Batch 4200/10986 | Loss: 0.1931 | LR: 0.000499
Epoch 4/100 | Batch 4300/10986 | Loss: 0.1952 | LR: 0.000499
Epoch 4/100 | Batch 4400/10986 | Loss: 0.1903 | LR: 0.000499
Epoch 4/100 | Batch 4500/10986 | Loss: 0.2055 | LR: 0.000499
Epoch 4/100 | Batch 4600/10986 | Loss: 0.1908 | LR: 0.000499
Epoch 4/100 | Batch 4700/10986 | Loss: 0.1957 | LR: 0.000499
Epoch 4/100 | Batch 4800/10986 | Loss: 0.1898 | LR: 0.000499
Epoch 4/100 | Batch 4900/10986 | Loss: 0.1896 | LR: 0.000499
Epoch 4/100 | Batch 5000/10986 | Loss: 0.1900 | LR: 0.000499
Epoch 4/100 | Batch 5100/10986 | Loss: 0.1918 | LR: 0.000499
Epoch 4/100 | Batch 5200/10986 | Loss: 0.1898 | LR: 0.000499
Epoch 4/100 | Batch 5300/10986 | Loss: 0.1903 | LR: 0.000499
Epoch 4/100 | Batch 5400/10986 | Loss: 0.1885 | LR: 0.000499
Epoch 4/100 | Batch 5500/10986 | Loss: 0.1952 | LR: 0.000499
Epoch 4/100 | Batch 5600/10986 | Loss: 0.1897 | LR: 0.000499
Epoch 4/100 | Batch 5700/10986 | Loss: 0.1941 | LR: 0.000499
Epoch 4/100 | Batch 5800/10986 | Loss: 0.1872 | LR: 0.000499
Epoch 4/100 | Batch 5900/10986 | Loss: 0.1909 | LR: 0.000499
Epoch 4/100 | Batch 6000/10986 | Loss: 0.1881 | LR: 0.000499
Epoch 4/100 | Batch 6100/10986 | Loss: 0.1888 | LR: 0.000499
Epoch 4/100 | Batch 6200/10986 | Loss: 0.1902 | LR: 0.000499
Epoch 4/100 | Batch 6300/10986 | Loss: 0.1914 | LR: 0.000499
Epoch 4/100 | Batch 6400/10986 | Loss: 0.1913 | LR: 0.000498
Epoch 4/100 | Batch 6500/10986 | Loss: 0.1885 | LR: 0.000498
Epoch 4/100 | Batch 6600/10986 | Loss: 0.1943 | LR: 0.000498
Epoch 4/100 | Batch 6700/10986 | Loss: 0.1954 | LR: 0.000498
Epoch 4/100 | Batch 6800/10986 | Loss: 0.1902 | LR: 0.000498
Epoch 4/100 | Batch 6900/10986 | Loss: 0.1903 | LR: 0.000498
Epoch 4/100 | Batch 7000/10986 | Loss: 0.1921 | LR: 0.000498
Epoch 4/100 | Batch 7100/10986 | Loss: 0.1910 | LR: 0.000498
Epoch 4/100 | Batch 7200/10986 | Loss: 0.1895 | LR: 0.000498
Epoch 4/100 | Batch 7300/10986 | Loss: 0.1919 | LR: 0.000498
Epoch 4/100 | Batch 7400/10986 | Loss: 0.1914 | LR: 0.000498
Epoch 4/100 | Batch 7500/10986 | Loss: 0.2010 | LR: 0.000498
Epoch 4/100 | Batch 7600/10986 | Loss: 0.1908 | LR: 0.000498
Epoch 4/100 | Batch 7700/10986 | Loss: 0.1871 | LR: 0.000498
Epoch 4/100 | Batch 7800/10986 | Loss: 0.1887 | LR: 0.000498
Epoch 4/100 | Batch 7900/10986 | Loss: 0.1850 | LR: 0.000498
Epoch 4/100 | Batch 8000/10986 | Loss: 0.1863 | LR: 0.000498
Epoch 4/100 | Batch 8100/10986 | Loss: 0.1908 | LR: 0.000498
Epoch 4/100 | Batch 8200/10986 | Loss: 0.1874 | LR: 0.000498
Epoch 4/100 | Batch 8300/10986 | Loss: 0.1894 | LR: 0.000498
Epoch 4/100 | Batch 8400/10986 | Loss: 0.1916 | LR: 0.000498
Epoch 4/100 | Batch 8500/10986 | Loss: 0.1883 | LR: 0.000498
Epoch 4/100 | Batch 8600/10986 | Loss: 0.1873 | LR: 0.000498
Epoch 4/100 | Batch 8700/10986 | Loss: 0.1835 | LR: 0.000498
Epoch 4/100 | Batch 8800/10986 | Loss: 0.1915 | LR: 0.000498
Epoch 4/100 | Batch 8900/10986 | Loss: 0.1840 | LR: 0.000498
Epoch 4/100 | Batch 9000/10986 | Loss: 0.1849 | LR: 0.000498
Epoch 4/100 | Batch 9100/10986 | Loss: 0.1853 | LR: 0.000498
Epoch 4/100 | Batch 9200/10986 | Loss: 0.1855 | LR: 0.000498
Epoch 4/100 | Batch 9300/10986 | Loss: 0.1854 | LR: 0.000498
Epoch 4/100 | Batch 9400/10986 | Loss: 0.1833 | LR: 0.000498
Epoch 4/100 | Batch 9500/10986 | Loss: 0.1865 | LR: 0.000498
Epoch 4/100 | Batch 9600/10986 | Loss: 0.1868 | LR: 0.000498
Epoch 4/100 | Batch 9700/10986 | Loss: 0.1804 | LR: 0.000498
Epoch 4/100 | Batch 9800/10986 | Loss: 0.1821 | LR: 0.000498
Epoch 4/100 | Batch 9900/10986 | Loss: 0.1810 | LR: 0.000498
Epoch 4/100 | Batch 10000/10986 | Loss: 0.1828 | LR: 0.000498
Epoch 4/100 | Batch 10100/10986 | Loss: 0.1836 | LR: 0.000498
Epoch 4/100 | Batch 10200/10986 | Loss: 0.1869 | LR: 0.000498
Epoch 4/100 | Batch 10300/10986 | Loss: 0.1792 | LR: 0.000498
Epoch 4/100 | Batch 10400/10986 | Loss: 0.1788 | LR: 0.000498
Epoch 4/100 | Batch 10500/10986 | Loss: 0.1875 | LR: 0.000498
Epoch 4/100 | Batch 10600/10986 | Loss: 0.1851 | LR: 0.000498
Epoch 4/100 | Batch 10700/10986 | Loss: 0.1827 | LR: 0.000498
Epoch 4/100 | Batch 10800/10986 | Loss: 0.1820 | LR: 0.000498
Epoch 4/100 | Batch 10900/10986 | Loss: 0.1802 | LR: 0.000498

Epoch 4/100 Summary:
Average Training Loss: 3.0655
Average Validation Loss: 2.3196
Best Validation Loss: 2.3196
Learning Rate: 0.000498
Epoch 5/100 | Batch 0/10986 | Loss: 0.1865 | LR: 0.000498
Epoch 5/100 | Batch 100/10986 | Loss: 0.1858 | LR: 0.000498
Epoch 5/100 | Batch 200/10986 | Loss: 0.1829 | LR: 0.000498
Epoch 5/100 | Batch 300/10986 | Loss: 0.1835 | LR: 0.000498
Epoch 5/100 | Batch 400/10986 | Loss: 0.1792 | LR: 0.000498
Epoch 5/100 | Batch 500/10986 | Loss: 0.1821 | LR: 0.000498
Epoch 5/100 | Batch 600/10986 | Loss: 0.1783 | LR: 0.000498
Epoch 5/100 | Batch 700/10986 | Loss: 0.1819 | LR: 0.000498
Epoch 5/100 | Batch 800/10986 | Loss: 0.1796 | LR: 0.000498
Epoch 5/100 | Batch 900/10986 | Loss: 0.1720 | LR: 0.000498
Epoch 5/100 | Batch 1000/10986 | Loss: 0.1789 | LR: 0.000498
Epoch 5/100 | Batch 1100/10986 | Loss: 0.1817 | LR: 0.000498
Epoch 5/100 | Batch 1200/10986 | Loss: 0.1783 | LR: 0.000498
Epoch 5/100 | Batch 1300/10986 | Loss: 0.1804 | LR: 0.000498
Epoch 5/100 | Batch 1400/10986 | Loss: 0.1813 | LR: 0.000498
Epoch 5/100 | Batch 1500/10986 | Loss: 0.1795 | LR: 0.000498
Epoch 5/100 | Batch 1600/10986 | Loss: 0.1817 | LR: 0.000498
Epoch 5/100 | Batch 1700/10986 | Loss: 0.1879 | LR: 0.000498
Epoch 5/100 | Batch 1800/10986 | Loss: 0.1820 | LR: 0.000498
Epoch 5/100 | Batch 1900/10986 | Loss: 0.1823 | LR: 0.000498
Epoch 5/100 | Batch 2000/10986 | Loss: 0.1813 | LR: 0.000498
Epoch 5/100 | Batch 2100/10986 | Loss: 0.1756 | LR: 0.000498
Epoch 5/100 | Batch 2200/10986 | Loss: 0.1795 | LR: 0.000498
Epoch 5/100 | Batch 2300/10986 | Loss: 0.1805 | LR: 0.000498
Epoch 5/100 | Batch 2400/10986 | Loss: 0.1756 | LR: 0.000498
Epoch 5/100 | Batch 2500/10986 | Loss: 0.1820 | LR: 0.000498
Epoch 5/100 | Batch 2600/10986 | Loss: 0.1704 | LR: 0.000498
Epoch 5/100 | Batch 2700/10986 | Loss: 0.1766 | LR: 0.000498
Epoch 5/100 | Batch 2800/10986 | Loss: 0.1768 | LR: 0.000498
Epoch 5/100 | Batch 2900/10986 | Loss: 0.1819 | LR: 0.000498
Epoch 5/100 | Batch 3000/10986 | Loss: 0.1768 | LR: 0.000498
Epoch 5/100 | Batch 3100/10986 | Loss: 0.1799 | LR: 0.000498
Epoch 5/100 | Batch 3200/10986 | Loss: 0.1823 | LR: 0.000498
Epoch 5/100 | Batch 3300/10986 | Loss: 0.1776 | LR: 0.000498
Epoch 5/100 | Batch 3400/10986 | Loss: 0.1798 | LR: 0.000498
Epoch 5/100 | Batch 3500/10986 | Loss: 0.1860 | LR: 0.000498
Epoch 5/100 | Batch 3600/10986 | Loss: 0.1779 | LR: 0.000498
Epoch 5/100 | Batch 3700/10986 | Loss: 0.1765 | LR: 0.000498
Epoch 5/100 | Batch 3800/10986 | Loss: 0.1776 | LR: 0.000498
Epoch 5/100 | Batch 3900/10986 | Loss: 0.1725 | LR: 0.000498
Epoch 5/100 | Batch 4000/10986 | Loss: 0.1779 | LR: 0.000498
Epoch 5/100 | Batch 4100/10986 | Loss: 0.1786 | LR: 0.000498
Epoch 5/100 | Batch 4200/10986 | Loss: 0.1767 | LR: 0.000498
Epoch 5/100 | Batch 4300/10986 | Loss: 0.1729 | LR: 0.000498
Epoch 5/100 | Batch 4400/10986 | Loss: 0.1712 | LR: 0.000498
Epoch 5/100 | Batch 4500/10986 | Loss: 0.1902 | LR: 0.000498
Epoch 5/100 | Batch 4600/10986 | Loss: 0.1707 | LR: 0.000498
Epoch 5/100 | Batch 4700/10986 | Loss: 0.1795 | LR: 0.000498
Epoch 5/100 | Batch 4800/10986 | Loss: 0.1708 | LR: 0.000498
Epoch 5/100 | Batch 4900/10986 | Loss: 0.1736 | LR: 0.000498
Epoch 5/100 | Batch 5000/10986 | Loss: 0.1721 | LR: 0.000498
Epoch 5/100 | Batch 5100/10986 | Loss: 0.1747 | LR: 0.000498
Epoch 5/100 | Batch 5200/10986 | Loss: 0.1743 | LR: 0.000498
Epoch 5/100 | Batch 5300/10986 | Loss: 0.1724 | LR: 0.000498
Epoch 5/100 | Batch 5400/10986 | Loss: 0.1708 | LR: 0.000498
Epoch 5/100 | Batch 5500/10986 | Loss: 0.1758 | LR: 0.000498
Epoch 5/100 | Batch 5600/10986 | Loss: 0.1746 | LR: 0.000498
Epoch 5/100 | Batch 5700/10986 | Loss: 0.1759 | LR: 0.000498
Epoch 5/100 | Batch 5800/10986 | Loss: 0.1719 | LR: 0.000498
Epoch 5/100 | Batch 5900/10986 | Loss: 0.1739 | LR: 0.000498
Epoch 5/100 | Batch 6000/10986 | Loss: 0.1705 | LR: 0.000498
Epoch 5/100 | Batch 6100/10986 | Loss: 0.1711 | LR: 0.000498
Epoch 5/100 | Batch 6200/10986 | Loss: 0.1718 | LR: 0.000498
Epoch 5/100 | Batch 6300/10986 | Loss: 0.1738 | LR: 0.000498
Epoch 5/100 | Batch 6400/10986 | Loss: 0.1754 | LR: 0.000498
Epoch 5/100 | Batch 6500/10986 | Loss: 0.1721 | LR: 0.000498
Epoch 5/100 | Batch 6600/10986 | Loss: 0.1756 | LR: 0.000497
Epoch 5/100 | Batch 6700/10986 | Loss: 0.1787 | LR: 0.000497
Epoch 5/100 | Batch 6800/10986 | Loss: 0.1732 | LR: 0.000497
Epoch 5/100 | Batch 6900/10986 | Loss: 0.1715 | LR: 0.000497
Epoch 5/100 | Batch 7000/10986 | Loss: 0.1747 | LR: 0.000497
Epoch 5/100 | Batch 7100/10986 | Loss: 0.1697 | LR: 0.000497
Epoch 5/100 | Batch 7200/10986 | Loss: 0.1701 | LR: 0.000497
Epoch 5/100 | Batch 7300/10986 | Loss: 0.1737 | LR: 0.000497
Epoch 5/100 | Batch 7400/10986 | Loss: 0.1737 | LR: 0.000497
Epoch 5/100 | Batch 7500/10986 | Loss: 0.1830 | LR: 0.000497
Epoch 5/100 | Batch 7600/10986 | Loss: 0.1735 | LR: 0.000497
Epoch 5/100 | Batch 7700/10986 | Loss: 0.1684 | LR: 0.000497
Epoch 5/100 | Batch 7800/10986 | Loss: 0.1717 | LR: 0.000497
Epoch 5/100 | Batch 7900/10986 | Loss: 0.1677 | LR: 0.000497
Epoch 5/100 | Batch 8000/10986 | Loss: 0.1669 | LR: 0.000497
Epoch 5/100 | Batch 8100/10986 | Loss: 0.1751 | LR: 0.000497
Epoch 5/100 | Batch 8200/10986 | Loss: 0.1708 | LR: 0.000497
Epoch 5/100 | Batch 8300/10986 | Loss: 0.1739 | LR: 0.000497
Epoch 5/100 | Batch 8400/10986 | Loss: 0.1743 | LR: 0.000497
Epoch 5/100 | Batch 8500/10986 | Loss: 0.1700 | LR: 0.000497
Epoch 5/100 | Batch 8600/10986 | Loss: 0.1706 | LR: 0.000497
Epoch 5/100 | Batch 8700/10986 | Loss: 0.1652 | LR: 0.000497
Epoch 5/100 | Batch 8800/10986 | Loss: 0.1747 | LR: 0.000497
Epoch 5/100 | Batch 8900/10986 | Loss: 0.1659 | LR: 0.000497
Epoch 5/100 | Batch 9000/10986 | Loss: 0.1673 | LR: 0.000497
Epoch 5/100 | Batch 9100/10986 | Loss: 0.1653 | LR: 0.000497
Epoch 5/100 | Batch 9200/10986 | Loss: 0.1678 | LR: 0.000497
Epoch 5/100 | Batch 9300/10986 | Loss: 0.1680 | LR: 0.000497
Epoch 5/100 | Batch 9400/10986 | Loss: 0.1684 | LR: 0.000497
Epoch 5/100 | Batch 9500/10986 | Loss: 0.1710 | LR: 0.000497
Epoch 5/100 | Batch 9600/10986 | Loss: 0.1695 | LR: 0.000497
Epoch 5/100 | Batch 9700/10986 | Loss: 0.1619 | LR: 0.000497
Epoch 5/100 | Batch 9800/10986 | Loss: 0.1645 | LR: 0.000497
Epoch 5/100 | Batch 9900/10986 | Loss: 0.1641 | LR: 0.000497
Epoch 5/100 | Batch 10000/10986 | Loss: 0.1654 | LR: 0.000497
Epoch 5/100 | Batch 10100/10986 | Loss: 0.1668 | LR: 0.000497
Epoch 5/100 | Batch 10200/10986 | Loss: 0.1708 | LR: 0.000497
Epoch 5/100 | Batch 10300/10986 | Loss: 0.1635 | LR: 0.000497
Epoch 5/100 | Batch 10400/10986 | Loss: 0.1616 | LR: 0.000497
Epoch 5/100 | Batch 10500/10986 | Loss: 0.1707 | LR: 0.000497
Epoch 5/100 | Batch 10600/10986 | Loss: 0.1702 | LR: 0.000497
Epoch 5/100 | Batch 10700/10986 | Loss: 0.1650 | LR: 0.000497
Epoch 5/100 | Batch 10800/10986 | Loss: 0.1650 | LR: 0.000497
Epoch 5/100 | Batch 10900/10986 | Loss: 0.1651 | LR: 0.000497

Epoch 5/100 Summary:
Average Training Loss: 2.7961
Average Validation Loss: 1.9986
Best Validation Loss: 1.9986
Learning Rate: 0.000497
Epoch 6/100 | Batch 0/10986 | Loss: 0.1711 | LR: 0.000497
Epoch 6/100 | Batch 100/10986 | Loss: 0.1700 | LR: 0.000497
Epoch 6/100 | Batch 200/10986 | Loss: 0.1685 | LR: 0.000497
Epoch 6/100 | Batch 300/10986 | Loss: 0.1672 | LR: 0.000497
Epoch 6/100 | Batch 400/10986 | Loss: 0.1632 | LR: 0.000497
Epoch 6/100 | Batch 500/10986 | Loss: 0.1676 | LR: 0.000497
Epoch 6/100 | Batch 600/10986 | Loss: 0.1617 | LR: 0.000497
Epoch 6/100 | Batch 700/10986 | Loss: 0.1683 | LR: 0.000497
Epoch 6/100 | Batch 800/10986 | Loss: 0.1650 | LR: 0.000497
Epoch 6/100 | Batch 900/10986 | Loss: 0.1557 | LR: 0.000497
Epoch 6/100 | Batch 1000/10986 | Loss: 0.1640 | LR: 0.000497
Epoch 6/100 | Batch 1100/10986 | Loss: 0.1649 | LR: 0.000497
Epoch 6/100 | Batch 1200/10986 | Loss: 0.1632 | LR: 0.000497
Epoch 6/100 | Batch 1300/10986 | Loss: 0.1653 | LR: 0.000497
Epoch 6/100 | Batch 1400/10986 | Loss: 0.1665 | LR: 0.000497
Epoch 6/100 | Batch 1500/10986 | Loss: 0.1638 | LR: 0.000497
Epoch 6/100 | Batch 1600/10986 | Loss: 0.1669 | LR: 0.000497
Epoch 6/100 | Batch 1700/10986 | Loss: 0.1735 | LR: 0.000497
Epoch 6/100 | Batch 1800/10986 | Loss: 0.1668 | LR: 0.000497
Epoch 6/100 | Batch 1900/10986 | Loss: 0.1691 | LR: 0.000497
Epoch 6/100 | Batch 2000/10986 | Loss: 0.1652 | LR: 0.000497
Epoch 6/100 | Batch 2100/10986 | Loss: 0.1626 | LR: 0.000497
Epoch 6/100 | Batch 2200/10986 | Loss: 0.1661 | LR: 0.000497
Epoch 6/100 | Batch 2300/10986 | Loss: 0.1660 | LR: 0.000497
Epoch 6/100 | Batch 2400/10986 | Loss: 0.1617 | LR: 0.000497
Epoch 6/100 | Batch 2500/10986 | Loss: 0.1669 | LR: 0.000497
Epoch 6/100 | Batch 2600/10986 | Loss: 0.1541 | LR: 0.000497
Epoch 6/100 | Batch 2700/10986 | Loss: 0.1614 | LR: 0.000497
Epoch 6/100 | Batch 2800/10986 | Loss: 0.1632 | LR: 0.000497
Epoch 6/100 | Batch 2900/10986 | Loss: 0.1680 | LR: 0.000497
Epoch 6/100 | Batch 3000/10986 | Loss: 0.1640 | LR: 0.000497
Epoch 6/100 | Batch 3100/10986 | Loss: 0.1662 | LR: 0.000497
Epoch 6/100 | Batch 3200/10986 | Loss: 0.1682 | LR: 0.000497
Epoch 6/100 | Batch 3300/10986 | Loss: 0.1634 | LR: 0.000497
Epoch 6/100 | Batch 3400/10986 | Loss: 0.1676 | LR: 0.000497
Epoch 6/100 | Batch 3500/10986 | Loss: 0.1725 | LR: 0.000497
Epoch 6/100 | Batch 3600/10986 | Loss: 0.1626 | LR: 0.000497
Epoch 6/100 | Batch 3700/10986 | Loss: 0.1635 | LR: 0.000497
Epoch 6/100 | Batch 3800/10986 | Loss: 0.1627 | LR: 0.000497
Epoch 6/100 | Batch 3900/10986 | Loss: 0.1577 | LR: 0.000497
Epoch 6/100 | Batch 4000/10986 | Loss: 0.1630 | LR: 0.000497
Epoch 6/100 | Batch 4100/10986 | Loss: 0.1647 | LR: 0.000497
Epoch 6/100 | Batch 4200/10986 | Loss: 0.1653 | LR: 0.000497
Epoch 6/100 | Batch 4300/10986 | Loss: 0.1574 | LR: 0.000497
Epoch 6/100 | Batch 4400/10986 | Loss: 0.1559 | LR: 0.000497
Epoch 6/100 | Batch 4500/10986 | Loss: 0.1780 | LR: 0.000497
Epoch 6/100 | Batch 4600/10986 | Loss: 0.1563 | LR: 0.000496
Epoch 6/100 | Batch 4700/10986 | Loss: 0.1653 | LR: 0.000496
Epoch 6/100 | Batch 4800/10986 | Loss: 0.1572 | LR: 0.000496
Epoch 6/100 | Batch 4900/10986 | Loss: 0.1617 | LR: 0.000496
Epoch 6/100 | Batch 5000/10986 | Loss: 0.1597 | LR: 0.000496
Epoch 6/100 | Batch 5100/10986 | Loss: 0.1623 | LR: 0.000496
Epoch 6/100 | Batch 5200/10986 | Loss: 0.1625 | LR: 0.000496
Epoch 6/100 | Batch 5300/10986 | Loss: 0.1600 | LR: 0.000496
Epoch 6/100 | Batch 5400/10986 | Loss: 0.1564 | LR: 0.000496
Epoch 6/100 | Batch 5500/10986 | Loss: 0.1623 | LR: 0.000496
Epoch 6/100 | Batch 5600/10986 | Loss: 0.1620 | LR: 0.000496
Epoch 6/100 | Batch 5700/10986 | Loss: 0.1626 | LR: 0.000496
Epoch 6/100 | Batch 5800/10986 | Loss: 0.1592 | LR: 0.000496
Epoch 6/100 | Batch 5900/10986 | Loss: 0.1603 | LR: 0.000496
Epoch 6/100 | Batch 6000/10986 | Loss: 0.1587 | LR: 0.000496
Epoch 6/100 | Batch 6100/10986 | Loss: 0.1583 | LR: 0.000496
Epoch 6/100 | Batch 6200/10986 | Loss: 0.1579 | LR: 0.000496
Epoch 6/100 | Batch 6300/10986 | Loss: 0.1618 | LR: 0.000496
Epoch 6/100 | Batch 6400/10986 | Loss: 0.1640 | LR: 0.000496
Epoch 6/100 | Batch 6500/10986 | Loss: 0.1600 | LR: 0.000496
Epoch 6/100 | Batch 6600/10986 | Loss: 0.1635 | LR: 0.000496
Epoch 6/100 | Batch 6700/10986 | Loss: 0.1671 | LR: 0.000496
Epoch 6/100 | Batch 6800/10986 | Loss: 0.1605 | LR: 0.000496
Epoch 6/100 | Batch 6900/10986 | Loss: 0.1587 | LR: 0.000496
Epoch 6/100 | Batch 7000/10986 | Loss: 0.1608 | LR: 0.000496
Epoch 6/100 | Batch 7100/10986 | Loss: 0.1558 | LR: 0.000496
Epoch 6/100 | Batch 7200/10986 | Loss: 0.1580 | LR: 0.000496
Epoch 6/100 | Batch 7300/10986 | Loss: 0.1621 | LR: 0.000496
Epoch 6/100 | Batch 7400/10986 | Loss: 0.1620 | LR: 0.000496
Epoch 6/100 | Batch 7500/10986 | Loss: 0.1716 | LR: 0.000496
Epoch 6/100 | Batch 7600/10986 | Loss: 0.1619 | LR: 0.000496
Epoch 6/100 | Batch 7700/10986 | Loss: 0.1568 | LR: 0.000496
Epoch 6/100 | Batch 7800/10986 | Loss: 0.1607 | LR: 0.000496
Epoch 6/100 | Batch 7900/10986 | Loss: 0.1558 | LR: 0.000496
Epoch 6/100 | Batch 8000/10986 | Loss: 0.1549 | LR: 0.000496
Epoch 6/100 | Batch 8100/10986 | Loss: 0.1645 | LR: 0.000496
Epoch 6/100 | Batch 8200/10986 | Loss: 0.1583 | LR: 0.000496
Epoch 6/100 | Batch 8300/10986 | Loss: 0.1634 | LR: 0.000496
Epoch 6/100 | Batch 8400/10986 | Loss: 0.1628 | LR: 0.000496
Epoch 6/100 | Batch 8500/10986 | Loss: 0.1578 | LR: 0.000496
Epoch 6/100 | Batch 8600/10986 | Loss: 0.1584 | LR: 0.000496
Epoch 6/100 | Batch 8700/10986 | Loss: 0.1541 | LR: 0.000496
Epoch 6/100 | Batch 8800/10986 | Loss: 0.1640 | LR: 0.000496
Epoch 6/100 | Batch 8900/10986 | Loss: 0.1541 | LR: 0.000496
Epoch 6/100 | Batch 9000/10986 | Loss: 0.1570 | LR: 0.000496
Epoch 6/100 | Batch 9100/10986 | Loss: 0.1541 | LR: 0.000496
Epoch 6/100 | Batch 9200/10986 | Loss: 0.1560 | LR: 0.000496
Epoch 6/100 | Batch 9300/10986 | Loss: 0.1569 | LR: 0.000496
Epoch 6/100 | Batch 9400/10986 | Loss: 0.1583 | LR: 0.000496
Epoch 6/100 | Batch 9500/10986 | Loss: 0.1613 | LR: 0.000496
Epoch 6/100 | Batch 9600/10986 | Loss: 0.1590 | LR: 0.000496
Epoch 6/100 | Batch 9700/10986 | Loss: 0.1504 | LR: 0.000496
Epoch 6/100 | Batch 9800/10986 | Loss: 0.1525 | LR: 0.000496
Epoch 6/100 | Batch 9900/10986 | Loss: 0.1531 | LR: 0.000496
Epoch 6/100 | Batch 10000/10986 | Loss: 0.1538 | LR: 0.000496
Epoch 6/100 | Batch 10100/10986 | Loss: 0.1563 | LR: 0.000496
Epoch 6/100 | Batch 10200/10986 | Loss: 0.1603 | LR: 0.000496
Epoch 6/100 | Batch 10300/10986 | Loss: 0.1524 | LR: 0.000496
Epoch 6/100 | Batch 10400/10986 | Loss: 0.1505 | LR: 0.000496
Epoch 6/100 | Batch 10500/10986 | Loss: 0.1600 | LR: 0.000496
Epoch 6/100 | Batch 10600/10986 | Loss: 0.1594 | LR: 0.000496
Epoch 6/100 | Batch 10700/10986 | Loss: 0.1558 | LR: 0.000496
Epoch 6/100 | Batch 10800/10986 | Loss: 0.1539 | LR: 0.000496
Epoch 6/100 | Batch 10900/10986 | Loss: 0.1554 | LR: 0.000496

Epoch 6/100 Summary:
Average Training Loss: 2.5897
Average Validation Loss: 1.8128
Best Validation Loss: 1.8128
Learning Rate: 0.000496
Epoch 7/100 | Batch 0/10986 | Loss: 0.1608 | LR: 0.000496
Epoch 7/100 | Batch 100/10986 | Loss: 0.1611 | LR: 0.000496
Epoch 7/100 | Batch 200/10986 | Loss: 0.1579 | LR: 0.000496
Epoch 7/100 | Batch 300/10986 | Loss: 0.1563 | LR: 0.000496
Epoch 7/100 | Batch 400/10986 | Loss: 0.1528 | LR: 0.000496
Epoch 7/100 | Batch 500/10986 | Loss: 0.1580 | LR: 0.000496
Epoch 7/100 | Batch 600/10986 | Loss: 0.1513 | LR: 0.000496
Epoch 7/100 | Batch 700/10986 | Loss: 0.1592 | LR: 0.000496
Epoch 7/100 | Batch 800/10986 | Loss: 0.1553 | LR: 0.000496
Epoch 7/100 | Batch 900/10986 | Loss: 0.1464 | LR: 0.000496
Epoch 7/100 | Batch 1000/10986 | Loss: 0.1551 | LR: 0.000496
Epoch 7/100 | Batch 1100/10986 | Loss: 0.1546 | LR: 0.000496
Epoch 7/100 | Batch 1200/10986 | Loss: 0.1534 | LR: 0.000496
Epoch 7/100 | Batch 1300/10986 | Loss: 0.1552 | LR: 0.000496
Epoch 7/100 | Batch 1400/10986 | Loss: 0.1569 | LR: 0.000496
Epoch 7/100 | Batch 1500/10986 | Loss: 0.1536 | LR: 0.000495
Epoch 7/100 | Batch 1600/10986 | Loss: 0.1573 | LR: 0.000495
Epoch 7/100 | Batch 1700/10986 | Loss: 0.1625 | LR: 0.000495
Epoch 7/100 | Batch 1800/10986 | Loss: 0.1559 | LR: 0.000495
Epoch 7/100 | Batch 1900/10986 | Loss: 0.1600 | LR: 0.000495
Epoch 7/100 | Batch 2000/10986 | Loss: 0.1554 | LR: 0.000495
Epoch 7/100 | Batch 2100/10986 | Loss: 0.1534 | LR: 0.000495
Epoch 7/100 | Batch 2200/10986 | Loss: 0.1568 | LR: 0.000495
Epoch 7/100 | Batch 2300/10986 | Loss: 0.1573 | LR: 0.000495
Epoch 7/100 | Batch 2400/10986 | Loss: 0.1523 | LR: 0.000495
Epoch 7/100 | Batch 2500/10986 | Loss: 0.1585 | LR: 0.000495
Epoch 7/100 | Batch 2600/10986 | Loss: 0.1449 | LR: 0.000495
Epoch 7/100 | Batch 2700/10986 | Loss: 0.1521 | LR: 0.000495
Epoch 7/100 | Batch 2800/10986 | Loss: 0.1544 | LR: 0.000495
Epoch 7/100 | Batch 2900/10986 | Loss: 0.1593 | LR: 0.000495
Epoch 7/100 | Batch 3000/10986 | Loss: 0.1554 | LR: 0.000495
Epoch 7/100 | Batch 3100/10986 | Loss: 0.1566 | LR: 0.000495
Epoch 7/100 | Batch 3200/10986 | Loss: 0.1598 | LR: 0.000495
Epoch 7/100 | Batch 3300/10986 | Loss: 0.1543 | LR: 0.000495
Epoch 7/100 | Batch 3400/10986 | Loss: 0.1589 | LR: 0.000495
Epoch 7/100 | Batch 3500/10986 | Loss: 0.1636 | LR: 0.000495
Epoch 7/100 | Batch 3600/10986 | Loss: 0.1523 | LR: 0.000495
Epoch 7/100 | Batch 3700/10986 | Loss: 0.1545 | LR: 0.000495
Epoch 7/100 | Batch 3800/10986 | Loss: 0.1531 | LR: 0.000495
Epoch 7/100 | Batch 3900/10986 | Loss: 0.1490 | LR: 0.000495
Epoch 7/100 | Batch 4000/10986 | Loss: 0.1539 | LR: 0.000495
Epoch 7/100 | Batch 4100/10986 | Loss: 0.1567 | LR: 0.000495
Epoch 7/100 | Batch 4200/10986 | Loss: 0.1563 | LR: 0.000495
Epoch 7/100 | Batch 4300/10986 | Loss: 0.1491 | LR: 0.000495
Epoch 7/100 | Batch 4400/10986 | Loss: 0.1475 | LR: 0.000495
Epoch 7/100 | Batch 4500/10986 | Loss: 0.1690 | LR: 0.000495
Epoch 7/100 | Batch 4600/10986 | Loss: 0.1474 | LR: 0.000495
Epoch 7/100 | Batch 4700/10986 | Loss: 0.1561 | LR: 0.000495
Epoch 7/100 | Batch 4800/10986 | Loss: 0.1483 | LR: 0.000495
Epoch 7/100 | Batch 4900/10986 | Loss: 0.1532 | LR: 0.000495
Epoch 7/100 | Batch 5000/10986 | Loss: 0.1502 | LR: 0.000495
Epoch 7/100 | Batch 5100/10986 | Loss: 0.1538 | LR: 0.000495
Epoch 7/100 | Batch 5200/10986 | Loss: 0.1540 | LR: 0.000495
Epoch 7/100 | Batch 5300/10986 | Loss: 0.1506 | LR: 0.000495
Epoch 7/100 | Batch 5400/10986 | Loss: 0.1467 | LR: 0.000495
Epoch 7/100 | Batch 5500/10986 | Loss: 0.1541 | LR: 0.000495
Epoch 7/100 | Batch 5600/10986 | Loss: 0.1532 | LR: 0.000495
Epoch 7/100 | Batch 5700/10986 | Loss: 0.1532 | LR: 0.000495
Epoch 7/100 | Batch 5800/10986 | Loss: 0.1500 | LR: 0.000495
Epoch 7/100 | Batch 5900/10986 | Loss: 0.1520 | LR: 0.000495
Epoch 7/100 | Batch 6000/10986 | Loss: 0.1503 | LR: 0.000495
Epoch 7/100 | Batch 6100/10986 | Loss: 0.1503 | LR: 0.000495
Epoch 7/100 | Batch 6200/10986 | Loss: 0.1499 | LR: 0.000495
Epoch 7/100 | Batch 6300/10986 | Loss: 0.1535 | LR: 0.000495
Epoch 7/100 | Batch 6400/10986 | Loss: 0.1559 | LR: 0.000495
Epoch 7/100 | Batch 6500/10986 | Loss: 0.1515 | LR: 0.000495
Epoch 7/100 | Batch 6600/10986 | Loss: 0.1543 | LR: 0.000495
Epoch 7/100 | Batch 6700/10986 | Loss: 0.1591 | LR: 0.000495
Epoch 7/100 | Batch 6800/10986 | Loss: 0.1518 | LR: 0.000495
Epoch 7/100 | Batch 6900/10986 | Loss: 0.1506 | LR: 0.000495
Epoch 7/100 | Batch 7000/10986 | Loss: 0.1524 | LR: 0.000495
Epoch 7/100 | Batch 7100/10986 | Loss: 0.1469 | LR: 0.000495
Epoch 7/100 | Batch 7200/10986 | Loss: 0.1495 | LR: 0.000495
Epoch 7/100 | Batch 7300/10986 | Loss: 0.1534 | LR: 0.000495
Epoch 7/100 | Batch 7400/10986 | Loss: 0.1533 | LR: 0.000495
Epoch 7/100 | Batch 7500/10986 | Loss: 0.1627 | LR: 0.000495
Epoch 7/100 | Batch 7600/10986 | Loss: 0.1544 | LR: 0.000495
Epoch 7/100 | Batch 7700/10986 | Loss: 0.1495 | LR: 0.000495
Epoch 7/100 | Batch 7800/10986 | Loss: 0.1526 | LR: 0.000495
Epoch 7/100 | Batch 7900/10986 | Loss: 0.1473 | LR: 0.000495
Epoch 7/100 | Batch 8000/10986 | Loss: 0.1464 | LR: 0.000495
Epoch 7/100 | Batch 8100/10986 | Loss: 0.1561 | LR: 0.000495
Epoch 7/100 | Batch 8200/10986 | Loss: 0.1507 | LR: 0.000495
Epoch 7/100 | Batch 8300/10986 | Loss: 0.1548 | LR: 0.000495
Epoch 7/100 | Batch 8400/10986 | Loss: 0.1539 | LR: 0.000495
Epoch 7/100 | Batch 8500/10986 | Loss: 0.1503 | LR: 0.000495
Epoch 7/100 | Batch 8600/10986 | Loss: 0.1505 | LR: 0.000494
Epoch 7/100 | Batch 8700/10986 | Loss: 0.1457 | LR: 0.000494
Epoch 7/100 | Batch 8800/10986 | Loss: 0.1562 | LR: 0.000494
Epoch 7/100 | Batch 8900/10986 | Loss: 0.1467 | LR: 0.000494
Epoch 7/100 | Batch 9000/10986 | Loss: 0.1489 | LR: 0.000494
Epoch 7/100 | Batch 9100/10986 | Loss: 0.1454 | LR: 0.000494
Epoch 7/100 | Batch 9200/10986 | Loss: 0.1478 | LR: 0.000494
Epoch 7/100 | Batch 9300/10986 | Loss: 0.1490 | LR: 0.000494
Epoch 7/100 | Batch 9400/10986 | Loss: 0.1507 | LR: 0.000494
Epoch 7/100 | Batch 9500/10986 | Loss: 0.1532 | LR: 0.000494
Epoch 7/100 | Batch 9600/10986 | Loss: 0.1507 | LR: 0.000494
Epoch 7/100 | Batch 9700/10986 | Loss: 0.1422 | LR: 0.000494
Epoch 7/100 | Batch 9800/10986 | Loss: 0.1444 | LR: 0.000494
Epoch 7/100 | Batch 9900/10986 | Loss: 0.1454 | LR: 0.000494
Epoch 7/100 | Batch 10000/10986 | Loss: 0.1458 | LR: 0.000494
Epoch 7/100 | Batch 10100/10986 | Loss: 0.1479 | LR: 0.000494
Epoch 7/100 | Batch 10200/10986 | Loss: 0.1527 | LR: 0.000494
Epoch 7/100 | Batch 10300/10986 | Loss: 0.1446 | LR: 0.000494
Epoch 7/100 | Batch 10400/10986 | Loss: 0.1440 | LR: 0.000494
Epoch 7/100 | Batch 10500/10986 | Loss: 0.1520 | LR: 0.000494
Epoch 7/100 | Batch 10600/10986 | Loss: 0.1523 | LR: 0.000494
Epoch 7/100 | Batch 10700/10986 | Loss: 0.1486 | LR: 0.000494
Epoch 7/100 | Batch 10800/10986 | Loss: 0.1464 | LR: 0.000494
Epoch 7/100 | Batch 10900/10986 | Loss: 0.1485 | LR: 0.000494

Epoch 7/100 Summary:
Average Training Loss: 2.4500
Average Validation Loss: 1.6843
Best Validation Loss: 1.6843
Learning Rate: 0.000494
Epoch 8/100 | Batch 0/10986 | Loss: 0.1541 | LR: 0.000494
Epoch 8/100 | Batch 100/10986 | Loss: 0.1538 | LR: 0.000494
Epoch 8/100 | Batch 200/10986 | Loss: 0.1502 | LR: 0.000494
Epoch 8/100 | Batch 300/10986 | Loss: 0.1478 | LR: 0.000494
Epoch 8/100 | Batch 400/10986 | Loss: 0.1458 | LR: 0.000494
Epoch 8/100 | Batch 500/10986 | Loss: 0.1512 | LR: 0.000494
Epoch 8/100 | Batch 600/10986 | Loss: 0.1433 | LR: 0.000494
Epoch 8/100 | Batch 700/10986 | Loss: 0.1521 | LR: 0.000494
Epoch 8/100 | Batch 800/10986 | Loss: 0.1481 | LR: 0.000494
Epoch 8/100 | Batch 900/10986 | Loss: 0.1401 | LR: 0.000494
Epoch 8/100 | Batch 1000/10986 | Loss: 0.1478 | LR: 0.000494
Epoch 8/100 | Batch 1100/10986 | Loss: 0.1483 | LR: 0.000494
Epoch 8/100 | Batch 1200/10986 | Loss: 0.1454 | LR: 0.000494
Epoch 8/100 | Batch 1300/10986 | Loss: 0.1486 | LR: 0.000494
Epoch 8/100 | Batch 1400/10986 | Loss: 0.1502 | LR: 0.000494
Epoch 8/100 | Batch 1500/10986 | Loss: 0.1457 | LR: 0.000494
Epoch 8/100 | Batch 1600/10986 | Loss: 0.1505 | LR: 0.000494
Epoch 8/100 | Batch 1700/10986 | Loss: 0.1548 | LR: 0.000494
Epoch 8/100 | Batch 1800/10986 | Loss: 0.1491 | LR: 0.000494
Epoch 8/100 | Batch 1900/10986 | Loss: 0.1535 | LR: 0.000494
Epoch 8/100 | Batch 2000/10986 | Loss: 0.1478 | LR: 0.000494
Epoch 8/100 | Batch 2100/10986 | Loss: 0.1464 | LR: 0.000494
Epoch 8/100 | Batch 2200/10986 | Loss: 0.1504 | LR: 0.000494
Epoch 8/100 | Batch 2300/10986 | Loss: 0.1503 | LR: 0.000494
Epoch 8/100 | Batch 2400/10986 | Loss: 0.1452 | LR: 0.000494
Epoch 8/100 | Batch 2500/10986 | Loss: 0.1514 | LR: 0.000494
Epoch 8/100 | Batch 2600/10986 | Loss: 0.1383 | LR: 0.000494
Epoch 8/100 | Batch 2700/10986 | Loss: 0.1453 | LR: 0.000494
Epoch 8/100 | Batch 2800/10986 | Loss: 0.1477 | LR: 0.000494
Epoch 8/100 | Batch 2900/10986 | Loss: 0.1520 | LR: 0.000494
Epoch 8/100 | Batch 3000/10986 | Loss: 0.1484 | LR: 0.000494
Epoch 8/100 | Batch 3100/10986 | Loss: 0.1497 | LR: 0.000494
Epoch 8/100 | Batch 3200/10986 | Loss: 0.1530 | LR: 0.000494
Epoch 8/100 | Batch 3300/10986 | Loss: 0.1466 | LR: 0.000494
Epoch 8/100 | Batch 3400/10986 | Loss: 0.1529 | LR: 0.000494
Epoch 8/100 | Batch 3500/10986 | Loss: 0.1574 | LR: 0.000494
Epoch 8/100 | Batch 3600/10986 | Loss: 0.1450 | LR: 0.000494
Epoch 8/100 | Batch 3700/10986 | Loss: 0.1473 | LR: 0.000494
Epoch 8/100 | Batch 3800/10986 | Loss: 0.1462 | LR: 0.000494
Epoch 8/100 | Batch 3900/10986 | Loss: 0.1429 | LR: 0.000494
Epoch 8/100 | Batch 4000/10986 | Loss: 0.1464 | LR: 0.000493
Epoch 8/100 | Batch 4100/10986 | Loss: 0.1498 | LR: 0.000493
Epoch 8/100 | Batch 4200/10986 | Loss: 0.1502 | LR: 0.000493
Epoch 8/100 | Batch 4300/10986 | Loss: 0.1424 | LR: 0.000493
Epoch 8/100 | Batch 4400/10986 | Loss: 0.1404 | LR: 0.000493
Epoch 8/100 | Batch 4500/10986 | Loss: 0.1634 | LR: 0.000493
Epoch 8/100 | Batch 4600/10986 | Loss: 0.1402 | LR: 0.000493
Epoch 8/100 | Batch 4700/10986 | Loss: 0.1496 | LR: 0.000493
Epoch 8/100 | Batch 4800/10986 | Loss: 0.1422 | LR: 0.000493
Epoch 8/100 | Batch 4900/10986 | Loss: 0.1468 | LR: 0.000493
Epoch 8/100 | Batch 5000/10986 | Loss: 0.1434 | LR: 0.000493
Epoch 8/100 | Batch 5100/10986 | Loss: 0.1471 | LR: 0.000493
Epoch 8/100 | Batch 5200/10986 | Loss: 0.1478 | LR: 0.000493
Epoch 8/100 | Batch 5300/10986 | Loss: 0.1443 | LR: 0.000493
Epoch 8/100 | Batch 5400/10986 | Loss: 0.1413 | LR: 0.000493
Epoch 8/100 | Batch 5500/10986 | Loss: 0.1477 | LR: 0.000493
Epoch 8/100 | Batch 5600/10986 | Loss: 0.1473 | LR: 0.000493
Epoch 8/100 | Batch 5700/10986 | Loss: 0.1474 | LR: 0.000493
Epoch 8/100 | Batch 5800/10986 | Loss: 0.1446 | LR: 0.000493
Epoch 8/100 | Batch 5900/10986 | Loss: 0.1452 | LR: 0.000493
Epoch 8/100 | Batch 6000/10986 | Loss: 0.1442 | LR: 0.000493
Epoch 8/100 | Batch 6100/10986 | Loss: 0.1438 | LR: 0.000493
Epoch 8/100 | Batch 6200/10986 | Loss: 0.1440 | LR: 0.000493
Epoch 8/100 | Batch 6300/10986 | Loss: 0.1479 | LR: 0.000493
Epoch 8/100 | Batch 6400/10986 | Loss: 0.1491 | LR: 0.000493
Epoch 8/100 | Batch 6500/10986 | Loss: 0.1453 | LR: 0.000493
Epoch 8/100 | Batch 6600/10986 | Loss: 0.1477 | LR: 0.000493
Epoch 8/100 | Batch 6700/10986 | Loss: 0.1536 | LR: 0.000493
Epoch 8/100 | Batch 6800/10986 | Loss: 0.1458 | LR: 0.000493
Epoch 8/100 | Batch 6900/10986 | Loss: 0.1440 | LR: 0.000493
Epoch 8/100 | Batch 7000/10986 | Loss: 0.1458 | LR: 0.000493
Epoch 8/100 | Batch 7100/10986 | Loss: 0.1400 | LR: 0.000493
Epoch 8/100 | Batch 7200/10986 | Loss: 0.1431 | LR: 0.000493
Epoch 8/100 | Batch 7300/10986 | Loss: 0.1464 | LR: 0.000493
Epoch 8/100 | Batch 7400/10986 | Loss: 0.1471 | LR: 0.000493
Epoch 8/100 | Batch 7500/10986 | Loss: 0.1566 | LR: 0.000493
Epoch 8/100 | Batch 7600/10986 | Loss: 0.1482 | LR: 0.000493
Epoch 8/100 | Batch 7700/10986 | Loss: 0.1447 | LR: 0.000493
Epoch 8/100 | Batch 7800/10986 | Loss: 0.1472 | LR: 0.000493
Epoch 8/100 | Batch 7900/10986 | Loss: 0.1417 | LR: 0.000493
Epoch 8/100 | Batch 8000/10986 | Loss: 0.1407 | LR: 0.000493
Epoch 8/100 | Batch 8100/10986 | Loss: 0.1505 | LR: 0.000493
Epoch 8/100 | Batch 8200/10986 | Loss: 0.1446 | LR: 0.000493
Epoch 8/100 | Batch 8300/10986 | Loss: 0.1492 | LR: 0.000493
Epoch 8/100 | Batch 8400/10986 | Loss: 0.1478 | LR: 0.000493
Epoch 8/100 | Batch 8500/10986 | Loss: 0.1447 | LR: 0.000493
Epoch 8/100 | Batch 8600/10986 | Loss: 0.1451 | LR: 0.000493
Epoch 8/100 | Batch 8700/10986 | Loss: 0.1415 | LR: 0.000493
Epoch 8/100 | Batch 8800/10986 | Loss: 0.1497 | LR: 0.000493
Epoch 8/100 | Batch 8900/10986 | Loss: 0.1406 | LR: 0.000493
Epoch 8/100 | Batch 9000/10986 | Loss: 0.1442 | LR: 0.000493
Epoch 8/100 | Batch 9100/10986 | Loss: 0.1396 | LR: 0.000493
Epoch 8/100 | Batch 9200/10986 | Loss: 0.1431 | LR: 0.000493
Epoch 8/100 | Batch 9300/10986 | Loss: 0.1434 | LR: 0.000493
Epoch 8/100 | Batch 9400/10986 | Loss: 0.1451 | LR: 0.000493
Epoch 8/100 | Batch 9500/10986 | Loss: 0.1475 | LR: 0.000493
Epoch 8/100 | Batch 9600/10986 | Loss: 0.1451 | LR: 0.000493
Epoch 8/100 | Batch 9700/10986 | Loss: 0.1365 | LR: 0.000493
Epoch 8/100 | Batch 9800/10986 | Loss: 0.1386 | LR: 0.000493
Epoch 8/100 | Batch 9900/10986 | Loss: 0.1409 | LR: 0.000492
Epoch 8/100 | Batch 10000/10986 | Loss: 0.1408 | LR: 0.000492
Epoch 8/100 | Batch 10100/10986 | Loss: 0.1426 | LR: 0.000492
Epoch 8/100 | Batch 10200/10986 | Loss: 0.1472 | LR: 0.000492
Epoch 8/100 | Batch 10300/10986 | Loss: 0.1392 | LR: 0.000492
Epoch 8/100 | Batch 10400/10986 | Loss: 0.1394 | LR: 0.000492
Epoch 8/100 | Batch 10500/10986 | Loss: 0.1475 | LR: 0.000492
Epoch 8/100 | Batch 10600/10986 | Loss: 0.1463 | LR: 0.000492
Epoch 8/100 | Batch 10700/10986 | Loss: 0.1437 | LR: 0.000492
Epoch 8/100 | Batch 10800/10986 | Loss: 0.1399 | LR: 0.000492
Epoch 8/100 | Batch 10900/10986 | Loss: 0.1432 | LR: 0.000492

Epoch 8/100 Summary:
Average Training Loss: 2.3475
Average Validation Loss: 1.6015
Best Validation Loss: 1.6015
Learning Rate: 0.000492
Epoch 9/100 | Batch 0/10986 | Loss: 0.1486 | LR: 0.000492
Epoch 9/100 | Batch 100/10986 | Loss: 0.1490 | LR: 0.000492
Epoch 9/100 | Batch 200/10986 | Loss: 0.1448 | LR: 0.000492
Epoch 9/100 | Batch 300/10986 | Loss: 0.1418 | LR: 0.000492
Epoch 9/100 | Batch 400/10986 | Loss: 0.1410 | LR: 0.000492
Epoch 9/100 | Batch 500/10986 | Loss: 0.1460 | LR: 0.000492
Epoch 9/100 | Batch 600/10986 | Loss: 0.1385 | LR: 0.000492
Epoch 9/100 | Batch 700/10986 | Loss: 0.1470 | LR: 0.000492
Epoch 9/100 | Batch 800/10986 | Loss: 0.1431 | LR: 0.000492
Epoch 9/100 | Batch 900/10986 | Loss: 0.1350 | LR: 0.000492
Epoch 9/100 | Batch 1000/10986 | Loss: 0.1436 | LR: 0.000492
Epoch 9/100 | Batch 1100/10986 | Loss: 0.1426 | LR: 0.000492
Epoch 9/100 | Batch 1200/10986 | Loss: 0.1409 | LR: 0.000492
Epoch 9/100 | Batch 1300/10986 | Loss: 0.1434 | LR: 0.000492
Epoch 9/100 | Batch 1400/10986 | Loss: 0.1451 | LR: 0.000492
Epoch 9/100 | Batch 1500/10986 | Loss: 0.1412 | LR: 0.000492
Epoch 9/100 | Batch 1600/10986 | Loss: 0.1453 | LR: 0.000492
Epoch 9/100 | Batch 1700/10986 | Loss: 0.1492 | LR: 0.000492
Epoch 9/100 | Batch 1800/10986 | Loss: 0.1443 | LR: 0.000492
Epoch 9/100 | Batch 1900/10986 | Loss: 0.1486 | LR: 0.000492
Epoch 9/100 | Batch 2000/10986 | Loss: 0.1422 | LR: 0.000492
Epoch 9/100 | Batch 2100/10986 | Loss: 0.1409 | LR: 0.000492
Epoch 9/100 | Batch 2200/10986 | Loss: 0.1459 | LR: 0.000492
Epoch 9/100 | Batch 2300/10986 | Loss: 0.1455 | LR: 0.000492
Epoch 9/100 | Batch 2400/10986 | Loss: 0.1414 | LR: 0.000492
Epoch 9/100 | Batch 2500/10986 | Loss: 0.1468 | LR: 0.000492
Epoch 9/100 | Batch 2600/10986 | Loss: 0.1343 | LR: 0.000492
Epoch 9/100 | Batch 2700/10986 | Loss: 0.1412 | LR: 0.000492
Epoch 9/100 | Batch 2800/10986 | Loss: 0.1428 | LR: 0.000492
Epoch 9/100 | Batch 2900/10986 | Loss: 0.1470 | LR: 0.000492
Epoch 9/100 | Batch 3000/10986 | Loss: 0.1436 | LR: 0.000492
Epoch 9/100 | Batch 3100/10986 | Loss: 0.1445 | LR: 0.000492
Epoch 9/100 | Batch 3200/10986 | Loss: 0.1488 | LR: 0.000492
Epoch 9/100 | Batch 3300/10986 | Loss: 0.1414 | LR: 0.000492
Epoch 9/100 | Batch 3400/10986 | Loss: 0.1480 | LR: 0.000492
Epoch 9/100 | Batch 3500/10986 | Loss: 0.1521 | LR: 0.000492
Epoch 9/100 | Batch 3600/10986 | Loss: 0.1404 | LR: 0.000492
Epoch 9/100 | Batch 3700/10986 | Loss: 0.1423 | LR: 0.000492
Epoch 9/100 | Batch 3800/10986 | Loss: 0.1420 | LR: 0.000492
Epoch 9/100 | Batch 3900/10986 | Loss: 0.1381 | LR: 0.000492
Epoch 9/100 | Batch 4000/10986 | Loss: 0.1423 | LR: 0.000492
Epoch 9/100 | Batch 4100/10986 | Loss: 0.1441 | LR: 0.000492
Epoch 9/100 | Batch 4200/10986 | Loss: 0.1448 | LR: 0.000492
Epoch 9/100 | Batch 4300/10986 | Loss: 0.1374 | LR: 0.000492
Epoch 9/100 | Batch 4400/10986 | Loss: 0.1356 | LR: 0.000492
Epoch 9/100 | Batch 4500/10986 | Loss: 0.1577 | LR: 0.000491
Epoch 9/100 | Batch 4600/10986 | Loss: 0.1352 | LR: 0.000491
Epoch 9/100 | Batch 4700/10986 | Loss: 0.1442 | LR: 0.000491
Epoch 9/100 | Batch 4800/10986 | Loss: 0.1381 | LR: 0.000491
Epoch 9/100 | Batch 4900/10986 | Loss: 0.1423 | LR: 0.000491
Epoch 9/100 | Batch 5000/10986 | Loss: 0.1397 | LR: 0.000491
Epoch 9/100 | Batch 5100/10986 | Loss: 0.1429 | LR: 0.000491
Epoch 9/100 | Batch 5200/10986 | Loss: 0.1436 | LR: 0.000491
Epoch 9/100 | Batch 5300/10986 | Loss: 0.1407 | LR: 0.000491
Epoch 9/100 | Batch 5400/10986 | Loss: 0.1377 | LR: 0.000491
Epoch 9/100 | Batch 5500/10986 | Loss: 0.1436 | LR: 0.000491
Epoch 9/100 | Batch 5600/10986 | Loss: 0.1429 | LR: 0.000491
Epoch 9/100 | Batch 5700/10986 | Loss: 0.1431 | LR: 0.000491
Epoch 9/100 | Batch 5800/10986 | Loss: 0.1400 | LR: 0.000491
Epoch 9/100 | Batch 5900/10986 | Loss: 0.1409 | LR: 0.000491
Epoch 9/100 | Batch 6000/10986 | Loss: 0.1399 | LR: 0.000491
Epoch 9/100 | Batch 6100/10986 | Loss: 0.1399 | LR: 0.000491
Epoch 9/100 | Batch 6200/10986 | Loss: 0.1397 | LR: 0.000491
Epoch 9/100 | Batch 6300/10986 | Loss: 0.1431 | LR: 0.000491
Epoch 9/100 | Batch 6400/10986 | Loss: 0.1444 | LR: 0.000491
Epoch 9/100 | Batch 6500/10986 | Loss: 0.1411 | LR: 0.000491
Epoch 9/100 | Batch 6600/10986 | Loss: 0.1431 | LR: 0.000491
Epoch 9/100 | Batch 6700/10986 | Loss: 0.1487 | LR: 0.000491
Epoch 9/100 | Batch 6800/10986 | Loss: 0.1414 | LR: 0.000491
Epoch 9/100 | Batch 6900/10986 | Loss: 0.1395 | LR: 0.000491
Epoch 9/100 | Batch 7000/10986 | Loss: 0.1419 | LR: 0.000491
Epoch 9/100 | Batch 7100/10986 | Loss: 0.1359 | LR: 0.000491
Epoch 9/100 | Batch 7200/10986 | Loss: 0.1395 | LR: 0.000491
Epoch 9/100 | Batch 7300/10986 | Loss: 0.1426 | LR: 0.000491
Epoch 9/100 | Batch 7400/10986 | Loss: 0.1432 | LR: 0.000491
Epoch 9/100 | Batch 7500/10986 | Loss: 0.1513 | LR: 0.000491
Epoch 9/100 | Batch 7600/10986 | Loss: 0.1445 | LR: 0.000491
Epoch 9/100 | Batch 7700/10986 | Loss: 0.1417 | LR: 0.000491
Epoch 9/100 | Batch 7800/10986 | Loss: 0.1430 | LR: 0.000491
Epoch 9/100 | Batch 7900/10986 | Loss: 0.1378 | LR: 0.000491
Epoch 9/100 | Batch 8000/10986 | Loss: 0.1370 | LR: 0.000491
Epoch 9/100 | Batch 8100/10986 | Loss: 0.1467 | LR: 0.000491
Epoch 9/100 | Batch 8200/10986 | Loss: 0.1411 | LR: 0.000491
Epoch 9/100 | Batch 8300/10986 | Loss: 0.1456 | LR: 0.000491
Epoch 9/100 | Batch 8400/10986 | Loss: 0.1435 | LR: 0.000491
Epoch 9/100 | Batch 8500/10986 | Loss: 0.1409 | LR: 0.000491
Epoch 9/100 | Batch 8600/10986 | Loss: 0.1408 | LR: 0.000491
Epoch 9/100 | Batch 8700/10986 | Loss: 0.1367 | LR: 0.000491
Epoch 9/100 | Batch 8800/10986 | Loss: 0.1459 | LR: 0.000491
Epoch 9/100 | Batch 8900/10986 | Loss: 0.1369 | LR: 0.000491
Epoch 9/100 | Batch 9000/10986 | Loss: 0.1399 | LR: 0.000491
Epoch 9/100 | Batch 9100/10986 | Loss: 0.1362 | LR: 0.000491
Epoch 9/100 | Batch 9200/10986 | Loss: 0.1401 | LR: 0.000491
Epoch 9/100 | Batch 9300/10986 | Loss: 0.1394 | LR: 0.000491
Epoch 9/100 | Batch 9400/10986 | Loss: 0.1417 | LR: 0.000491
Epoch 9/100 | Batch 9500/10986 | Loss: 0.1435 | LR: 0.000491
Epoch 9/100 | Batch 9600/10986 | Loss: 0.1406 | LR: 0.000491
Epoch 9/100 | Batch 9700/10986 | Loss: 0.1327 | LR: 0.000491
Epoch 9/100 | Batch 9800/10986 | Loss: 0.1354 | LR: 0.000490
Epoch 9/100 | Batch 9900/10986 | Loss: 0.1369 | LR: 0.000490
Epoch 9/100 | Batch 10000/10986 | Loss: 0.1370 | LR: 0.000490
Epoch 9/100 | Batch 10100/10986 | Loss: 0.1389 | LR: 0.000490
Epoch 9/100 | Batch 10200/10986 | Loss: 0.1431 | LR: 0.000490
Epoch 9/100 | Batch 10300/10986 | Loss: 0.1360 | LR: 0.000490
Epoch 9/100 | Batch 10400/10986 | Loss: 0.1359 | LR: 0.000490
Epoch 9/100 | Batch 10500/10986 | Loss: 0.1432 | LR: 0.000490
Epoch 9/100 | Batch 10600/10986 | Loss: 0.1426 | LR: 0.000490
Epoch 9/100 | Batch 10700/10986 | Loss: 0.1405 | LR: 0.000490
Epoch 9/100 | Batch 10800/10986 | Loss: 0.1367 | LR: 0.000490
Epoch 9/100 | Batch 10900/10986 | Loss: 0.1404 | LR: 0.000490

Epoch 9/100 Summary:
Average Training Loss: 2.2768
Average Validation Loss: 1.5439
Best Validation Loss: 1.5439
Learning Rate: 0.000490
Epoch 10/100 | Batch 0/10986 | Loss: 0.1452 | LR: 0.000490
Epoch 10/100 | Batch 100/10986 | Loss: 0.1451 | LR: 0.000490
Epoch 10/100 | Batch 200/10986 | Loss: 0.1420 | LR: 0.000490
Epoch 10/100 | Batch 300/10986 | Loss: 0.1383 | LR: 0.000490
Epoch 10/100 | Batch 400/10986 | Loss: 0.1379 | LR: 0.000490
Epoch 10/100 | Batch 500/10986 | Loss: 0.1431 | LR: 0.000490
Epoch 10/100 | Batch 600/10986 | Loss: 0.1349 | LR: 0.000490
Epoch 10/100 | Batch 700/10986 | Loss: 0.1440 | LR: 0.000490
Epoch 10/100 | Batch 800/10986 | Loss: 0.1391 | LR: 0.000490
Epoch 10/100 | Batch 900/10986 | Loss: 0.1314 | LR: 0.000490
Epoch 10/100 | Batch 1000/10986 | Loss: 0.1401 | LR: 0.000490
Epoch 10/100 | Batch 1100/10986 | Loss: 0.1391 | LR: 0.000490
Epoch 10/100 | Batch 1200/10986 | Loss: 0.1373 | LR: 0.000490
Epoch 10/100 | Batch 1300/10986 | Loss: 0.1396 | LR: 0.000490
Epoch 10/100 | Batch 1400/10986 | Loss: 0.1413 | LR: 0.000490
Epoch 10/100 | Batch 1500/10986 | Loss: 0.1376 | LR: 0.000490
Epoch 10/100 | Batch 1600/10986 | Loss: 0.1424 | LR: 0.000490
Epoch 10/100 | Batch 1700/10986 | Loss: 0.1450 | LR: 0.000490
Epoch 10/100 | Batch 1800/10986 | Loss: 0.1409 | LR: 0.000490
Epoch 10/100 | Batch 1900/10986 | Loss: 0.1454 | LR: 0.000490
Epoch 10/100 | Batch 2000/10986 | Loss: 0.1388 | LR: 0.000490
Epoch 10/100 | Batch 2100/10986 | Loss: 0.1380 | LR: 0.000490
Epoch 10/100 | Batch 2200/10986 | Loss: 0.1422 | LR: 0.000490
Epoch 10/100 | Batch 2300/10986 | Loss: 0.1425 | LR: 0.000490
Epoch 10/100 | Batch 2400/10986 | Loss: 0.1379 | LR: 0.000490
Epoch 10/100 | Batch 2500/10986 | Loss: 0.1426 | LR: 0.000490
Epoch 10/100 | Batch 2600/10986 | Loss: 0.1315 | LR: 0.000490
Epoch 10/100 | Batch 2700/10986 | Loss: 0.1379 | LR: 0.000490
Epoch 10/100 | Batch 2800/10986 | Loss: 0.1398 | LR: 0.000490
Epoch 10/100 | Batch 2900/10986 | Loss: 0.1440 | LR: 0.000490
Epoch 10/100 | Batch 3000/10986 | Loss: 0.1402 | LR: 0.000490
Epoch 10/100 | Batch 3100/10986 | Loss: 0.1411 | LR: 0.000490
Epoch 10/100 | Batch 3200/10986 | Loss: 0.1456 | LR: 0.000490
Epoch 10/100 | Batch 3300/10986 | Loss: 0.1378 | LR: 0.000490
Epoch 10/100 | Batch 3400/10986 | Loss: 0.1440 | LR: 0.000490
Epoch 10/100 | Batch 3500/10986 | Loss: 0.1491 | LR: 0.000490
Epoch 10/100 | Batch 3600/10986 | Loss: 0.1374 | LR: 0.000490
Epoch 10/100 | Batch 3700/10986 | Loss: 0.1393 | LR: 0.000490
Epoch 10/100 | Batch 3800/10986 | Loss: 0.1381 | LR: 0.000489
Epoch 10/100 | Batch 3900/10986 | Loss: 0.1347 | LR: 0.000489
Epoch 10/100 | Batch 4000/10986 | Loss: 0.1385 | LR: 0.000489
Epoch 10/100 | Batch 4100/10986 | Loss: 0.1411 | LR: 0.000489
Epoch 10/100 | Batch 4200/10986 | Loss: 0.1422 | LR: 0.000489
Epoch 10/100 | Batch 4300/10986 | Loss: 0.1346 | LR: 0.000489
Epoch 10/100 | Batch 4400/10986 | Loss: 0.1324 | LR: 0.000489
Epoch 10/100 | Batch 4500/10986 | Loss: 0.1546 | LR: 0.000489
Epoch 10/100 | Batch 4600/10986 | Loss: 0.1318 | LR: 0.000489
Epoch 10/100 | Batch 4700/10986 | Loss: 0.1409 | LR: 0.000489
Epoch 10/100 | Batch 4800/10986 | Loss: 0.1347 | LR: 0.000489
Epoch 10/100 | Batch 4900/10986 | Loss: 0.1389 | LR: 0.000489
Epoch 10/100 | Batch 5000/10986 | Loss: 0.1366 | LR: 0.000489
Epoch 10/100 | Batch 5100/10986 | Loss: 0.1400 | LR: 0.000489
Epoch 10/100 | Batch 5200/10986 | Loss: 0.1404 | LR: 0.000489
Epoch 10/100 | Batch 5300/10986 | Loss: 0.1381 | LR: 0.000489
Epoch 10/100 | Batch 5400/10986 | Loss: 0.1349 | LR: 0.000489
Epoch 10/100 | Batch 5500/10986 | Loss: 0.1404 | LR: 0.000489
Epoch 10/100 | Batch 5600/10986 | Loss: 0.1400 | LR: 0.000489
Epoch 10/100 | Batch 5700/10986 | Loss: 0.1395 | LR: 0.000489
Epoch 10/100 | Batch 5800/10986 | Loss: 0.1373 | LR: 0.000489
Epoch 10/100 | Batch 5900/10986 | Loss: 0.1376 | LR: 0.000489
Epoch 10/100 | Batch 6000/10986 | Loss: 0.1368 | LR: 0.000489
Epoch 10/100 | Batch 6100/10986 | Loss: 0.1366 | LR: 0.000489
Epoch 10/100 | Batch 6200/10986 | Loss: 0.1374 | LR: 0.000489
Epoch 10/100 | Batch 6300/10986 | Loss: 0.1405 | LR: 0.000489
Epoch 10/100 | Batch 6400/10986 | Loss: 0.1422 | LR: 0.000489
Epoch 10/100 | Batch 6500/10986 | Loss: 0.1381 | LR: 0.000489
Epoch 10/100 | Batch 6600/10986 | Loss: 0.1403 | LR: 0.000489
Epoch 10/100 | Batch 6700/10986 | Loss: 0.1459 | LR: 0.000489
Epoch 10/100 | Batch 6800/10986 | Loss: 0.1385 | LR: 0.000489
Epoch 10/100 | Batch 6900/10986 | Loss: 0.1367 | LR: 0.000489
Epoch 10/100 | Batch 7000/10986 | Loss: 0.1383 | LR: 0.000489
Epoch 10/100 | Batch 7100/10986 | Loss: 0.1323 | LR: 0.000489
Epoch 10/100 | Batch 7200/10986 | Loss: 0.1370 | LR: 0.000489
Epoch 10/100 | Batch 7300/10986 | Loss: 0.1396 | LR: 0.000489
Epoch 10/100 | Batch 7400/10986 | Loss: 0.1399 | LR: 0.000489
Epoch 10/100 | Batch 7500/10986 | Loss: 0.1477 | LR: 0.000489
Epoch 10/100 | Batch 7600/10986 | Loss: 0.1416 | LR: 0.000489
Epoch 10/100 | Batch 7700/10986 | Loss: 0.1386 | LR: 0.000489
Epoch 10/100 | Batch 7800/10986 | Loss: 0.1398 | LR: 0.000489
Epoch 10/100 | Batch 7900/10986 | Loss: 0.1350 | LR: 0.000489
Epoch 10/100 | Batch 8000/10986 | Loss: 0.1342 | LR: 0.000489
Epoch 10/100 | Batch 8100/10986 | Loss: 0.1435 | LR: 0.000489
Epoch 10/100 | Batch 8200/10986 | Loss: 0.1383 | LR: 0.000489
Epoch 10/100 | Batch 8300/10986 | Loss: 0.1429 | LR: 0.000489
Epoch 10/100 | Batch 8400/10986 | Loss: 0.1413 | LR: 0.000489
Epoch 10/100 | Batch 8500/10986 | Loss: 0.1376 | LR: 0.000489
Epoch 10/100 | Batch 8600/10986 | Loss: 0.1376 | LR: 0.000488
Epoch 10/100 | Batch 8700/10986 | Loss: 0.1345 | LR: 0.000488
Epoch 10/100 | Batch 8800/10986 | Loss: 0.1429 | LR: 0.000488
Epoch 10/100 | Batch 8900/10986 | Loss: 0.1338 | LR: 0.000488
Epoch 10/100 | Batch 9000/10986 | Loss: 0.1381 | LR: 0.000488
Epoch 10/100 | Batch 9100/10986 | Loss: 0.1331 | LR: 0.000488
Epoch 10/100 | Batch 9200/10986 | Loss: 0.1368 | LR: 0.000488
Epoch 10/100 | Batch 9300/10986 | Loss: 0.1372 | LR: 0.000488
Epoch 10/100 | Batch 9400/10986 | Loss: 0.1394 | LR: 0.000488
Epoch 10/100 | Batch 9500/10986 | Loss: 0.1408 | LR: 0.000488
Epoch 10/100 | Batch 9600/10986 | Loss: 0.1385 | LR: 0.000488
Epoch 10/100 | Batch 9700/10986 | Loss: 0.1297 | LR: 0.000488
Epoch 10/100 | Batch 9800/10986 | Loss: 0.1327 | LR: 0.000488
Epoch 10/100 | Batch 9900/10986 | Loss: 0.1343 | LR: 0.000488
Epoch 10/100 | Batch 10000/10986 | Loss: 0.1344 | LR: 0.000488
Epoch 10/100 | Batch 10100/10986 | Loss: 0.1366 | LR: 0.000488
Epoch 10/100 | Batch 10200/10986 | Loss: 0.1411 | LR: 0.000488
Epoch 10/100 | Batch 10300/10986 | Loss: 0.1336 | LR: 0.000488
Epoch 10/100 | Batch 10400/10986 | Loss: 0.1339 | LR: 0.000488
Epoch 10/100 | Batch 10500/10986 | Loss: 0.1405 | LR: 0.000488
Epoch 10/100 | Batch 10600/10986 | Loss: 0.1398 | LR: 0.000488
Epoch 10/100 | Batch 10700/10986 | Loss: 0.1381 | LR: 0.000488
Epoch 10/100 | Batch 10800/10986 | Loss: 0.1334 | LR: 0.000488
Epoch 10/100 | Batch 10900/10986 | Loss: 0.1379 | LR: 0.000488

Epoch 10/100 Summary:
Average Training Loss: 2.2284
Average Validation Loss: 1.5036
Best Validation Loss: 1.5036
Learning Rate: 0.000488
Epoch 11/100 | Batch 0/10986 | Loss: 0.1432 | LR: 0.000488
Epoch 11/100 | Batch 100/10986 | Loss: 0.1425 | LR: 0.000488
Epoch 11/100 | Batch 200/10986 | Loss: 0.1400 | LR: 0.000488
Epoch 11/100 | Batch 300/10986 | Loss: 0.1354 | LR: 0.000488
Epoch 11/100 | Batch 400/10986 | Loss: 0.1349 | LR: 0.000488
Epoch 11/100 | Batch 500/10986 | Loss: 0.1410 | LR: 0.000488
Epoch 11/100 | Batch 600/10986 | Loss: 0.1324 | LR: 0.000488
Epoch 11/100 | Batch 700/10986 | Loss: 0.1415 | LR: 0.000488
Epoch 11/100 | Batch 800/10986 | Loss: 0.1371 | LR: 0.000488
Epoch 11/100 | Batch 900/10986 | Loss: 0.1293 | LR: 0.000488
Epoch 11/100 | Batch 1000/10986 | Loss: 0.1384 | LR: 0.000488
Epoch 11/100 | Batch 1100/10986 | Loss: 0.1365 | LR: 0.000488
Epoch 11/100 | Batch 1200/10986 | Loss: 0.1351 | LR: 0.000488
Epoch 11/100 | Batch 1300/10986 | Loss: 0.1373 | LR: 0.000488
Epoch 11/100 | Batch 1400/10986 | Loss: 0.1392 | LR: 0.000488
Epoch 11/100 | Batch 1500/10986 | Loss: 0.1352 | LR: 0.000488
Epoch 11/100 | Batch 1600/10986 | Loss: 0.1401 | LR: 0.000488
Epoch 11/100 | Batch 1700/10986 | Loss: 0.1411 | LR: 0.000488
Epoch 11/100 | Batch 1800/10986 | Loss: 0.1389 | LR: 0.000488
Epoch 11/100 | Batch 1900/10986 | Loss: 0.1429 | LR: 0.000488
Epoch 11/100 | Batch 2000/10986 | Loss: 0.1364 | LR: 0.000488
Epoch 11/100 | Batch 2100/10986 | Loss: 0.1356 | LR: 0.000487
Epoch 11/100 | Batch 2200/10986 | Loss: 0.1395 | LR: 0.000487
Epoch 11/100 | Batch 2300/10986 | Loss: 0.1399 | LR: 0.000487
Epoch 11/100 | Batch 2400/10986 | Loss: 0.1353 | LR: 0.000487
Epoch 11/100 | Batch 2500/10986 | Loss: 0.1407 | LR: 0.000487
Epoch 11/100 | Batch 2600/10986 | Loss: 0.1293 | LR: 0.000487
Epoch 11/100 | Batch 2700/10986 | Loss: 0.1353 | LR: 0.000487
Epoch 11/100 | Batch 2800/10986 | Loss: 0.1380 | LR: 0.000487
Epoch 11/100 | Batch 2900/10986 | Loss: 0.1407 | LR: 0.000487
Epoch 11/100 | Batch 3000/10986 | Loss: 0.1385 | LR: 0.000487
Epoch 11/100 | Batch 3100/10986 | Loss: 0.1390 | LR: 0.000487
Epoch 11/100 | Batch 3200/10986 | Loss: 0.1428 | LR: 0.000487
Epoch 11/100 | Batch 3300/10986 | Loss: 0.1351 | LR: 0.000487
Epoch 11/100 | Batch 3400/10986 | Loss: 0.1420 | LR: 0.000487
Epoch 11/100 | Batch 3500/10986 | Loss: 0.1463 | LR: 0.000487
Epoch 11/100 | Batch 3600/10986 | Loss: 0.1350 | LR: 0.000487
Epoch 11/100 | Batch 3700/10986 | Loss: 0.1370 | LR: 0.000487
Epoch 11/100 | Batch 3800/10986 | Loss: 0.1361 | LR: 0.000487
Epoch 11/100 | Batch 3900/10986 | Loss: 0.1325 | LR: 0.000487
Epoch 11/100 | Batch 4000/10986 | Loss: 0.1361 | LR: 0.000487
Epoch 11/100 | Batch 4100/10986 | Loss: 0.1389 | LR: 0.000487
Epoch 11/100 | Batch 4200/10986 | Loss: 0.1403 | LR: 0.000487
Epoch 11/100 | Batch 4300/10986 | Loss: 0.1321 | LR: 0.000487
Epoch 11/100 | Batch 4400/10986 | Loss: 0.1303 | LR: 0.000487
Epoch 11/100 | Batch 4500/10986 | Loss: 0.1518 | LR: 0.000487
Epoch 11/100 | Batch 4600/10986 | Loss: 0.1296 | LR: 0.000487
Epoch 11/100 | Batch 4700/10986 | Loss: 0.1390 | LR: 0.000487
Epoch 11/100 | Batch 4800/10986 | Loss: 0.1333 | LR: 0.000487
Epoch 11/100 | Batch 4900/10986 | Loss: 0.1370 | LR: 0.000487
Epoch 11/100 | Batch 5000/10986 | Loss: 0.1346 | LR: 0.000487
Epoch 11/100 | Batch 5100/10986 | Loss: 0.1377 | LR: 0.000487
Epoch 11/100 | Batch 5200/10986 | Loss: 0.1384 | LR: 0.000487
Epoch 11/100 | Batch 5300/10986 | Loss: 0.1361 | LR: 0.000487
Epoch 11/100 | Batch 5400/10986 | Loss: 0.1329 | LR: 0.000487
Epoch 11/100 | Batch 5500/10986 | Loss: 0.1386 | LR: 0.000487
Epoch 11/100 | Batch 5600/10986 | Loss: 0.1380 | LR: 0.000487
Epoch 11/100 | Batch 5700/10986 | Loss: 0.1375 | LR: 0.000487
Epoch 11/100 | Batch 5800/10986 | Loss: 0.1348 | LR: 0.000487
Epoch 11/100 | Batch 5900/10986 | Loss: 0.1352 | LR: 0.000487
Epoch 11/100 | Batch 6000/10986 | Loss: 0.1343 | LR: 0.000487
Epoch 11/100 | Batch 6100/10986 | Loss: 0.1342 | LR: 0.000487
Epoch 11/100 | Batch 6200/10986 | Loss: 0.1358 | LR: 0.000487
Epoch 11/100 | Batch 6300/10986 | Loss: 0.1389 | LR: 0.000487
Epoch 11/100 | Batch 6400/10986 | Loss: 0.1394 | LR: 0.000487
Epoch 11/100 | Batch 6500/10986 | Loss: 0.1363 | LR: 0.000486
Epoch 11/100 | Batch 6600/10986 | Loss: 0.1383 | LR: 0.000486
Epoch 11/100 | Batch 6700/10986 | Loss: 0.1440 | LR: 0.000486
Epoch 11/100 | Batch 6800/10986 | Loss: 0.1357 | LR: 0.000486
Epoch 11/100 | Batch 6900/10986 | Loss: 0.1354 | LR: 0.000486
Epoch 11/100 | Batch 7000/10986 | Loss: 0.1365 | LR: 0.000486
Epoch 11/100 | Batch 7100/10986 | Loss: 0.1306 | LR: 0.000486
Epoch 11/100 | Batch 7200/10986 | Loss: 0.1345 | LR: 0.000486
Epoch 11/100 | Batch 7300/10986 | Loss: 0.1375 | LR: 0.000486
Epoch 11/100 | Batch 7400/10986 | Loss: 0.1378 | LR: 0.000486
Epoch 11/100 | Batch 7500/10986 | Loss: 0.1457 | LR: 0.000486
Epoch 11/100 | Batch 7600/10986 | Loss: 0.1397 | LR: 0.000486
Epoch 11/100 | Batch 7700/10986 | Loss: 0.1369 | LR: 0.000486
Epoch 11/100 | Batch 7800/10986 | Loss: 0.1376 | LR: 0.000486
Epoch 11/100 | Batch 7900/10986 | Loss: 0.1334 | LR: 0.000486
Epoch 11/100 | Batch 8000/10986 | Loss: 0.1319 | LR: 0.000486
Epoch 11/100 | Batch 8100/10986 | Loss: 0.1419 | LR: 0.000486
Epoch 11/100 | Batch 8200/10986 | Loss: 0.1366 | LR: 0.000486
Epoch 11/100 | Batch 8300/10986 | Loss: 0.1414 | LR: 0.000486
Epoch 11/100 | Batch 8400/10986 | Loss: 0.1386 | LR: 0.000486
Epoch 11/100 | Batch 8500/10986 | Loss: 0.1358 | LR: 0.000486
Epoch 11/100 | Batch 8600/10986 | Loss: 0.1359 | LR: 0.000486
Epoch 11/100 | Batch 8700/10986 | Loss: 0.1330 | LR: 0.000486
Epoch 11/100 | Batch 8800/10986 | Loss: 0.1412 | LR: 0.000486
Epoch 11/100 | Batch 8900/10986 | Loss: 0.1320 | LR: 0.000486
Epoch 11/100 | Batch 9000/10986 | Loss: 0.1358 | LR: 0.000486
Epoch 11/100 | Batch 9100/10986 | Loss: 0.1313 | LR: 0.000486
Epoch 11/100 | Batch 9200/10986 | Loss: 0.1348 | LR: 0.000486
Epoch 11/100 | Batch 9300/10986 | Loss: 0.1348 | LR: 0.000486
Epoch 11/100 | Batch 9400/10986 | Loss: 0.1375 | LR: 0.000486
Epoch 11/100 | Batch 9500/10986 | Loss: 0.1390 | LR: 0.000486
Epoch 11/100 | Batch 9600/10986 | Loss: 0.1364 | LR: 0.000486
Epoch 11/100 | Batch 9700/10986 | Loss: 0.1288 | LR: 0.000486
Epoch 11/100 | Batch 9800/10986 | Loss: 0.1309 | LR: 0.000486
Epoch 11/100 | Batch 9900/10986 | Loss: 0.1325 | LR: 0.000486
Epoch 11/100 | Batch 10000/10986 | Loss: 0.1326 | LR: 0.000486
Epoch 11/100 | Batch 10100/10986 | Loss: 0.1350 | LR: 0.000486
Epoch 11/100 | Batch 10200/10986 | Loss: 0.1392 | LR: 0.000486
Epoch 11/100 | Batch 10300/10986 | Loss: 0.1315 | LR: 0.000486
Epoch 11/100 | Batch 10400/10986 | Loss: 0.1324 | LR: 0.000486
Epoch 11/100 | Batch 10500/10986 | Loss: 0.1388 | LR: 0.000486
Epoch 11/100 | Batch 10600/10986 | Loss: 0.1379 | LR: 0.000486
Epoch 11/100 | Batch 10700/10986 | Loss: 0.1362 | LR: 0.000486
Epoch 11/100 | Batch 10800/10986 | Loss: 0.1319 | LR: 0.000485
Epoch 11/100 | Batch 10900/10986 | Loss: 0.1359 | LR: 0.000485

Epoch 11/100 Summary:
Average Training Loss: 2.1942
Average Validation Loss: 1.4762
Best Validation Loss: 1.4762
Learning Rate: 0.000485
Epoch 12/100 | Batch 0/10986 | Loss: 0.1417 | LR: 0.000485
Epoch 12/100 | Batch 100/10986 | Loss: 0.1407 | LR: 0.000485
Epoch 12/100 | Batch 200/10986 | Loss: 0.1379 | LR: 0.000485
Epoch 12/100 | Batch 300/10986 | Loss: 0.1336 | LR: 0.000485
Epoch 12/100 | Batch 400/10986 | Loss: 0.1333 | LR: 0.000485
Epoch 12/100 | Batch 500/10986 | Loss: 0.1393 | LR: 0.000485
Epoch 12/100 | Batch 600/10986 | Loss: 0.1308 | LR: 0.000485
Epoch 12/100 | Batch 700/10986 | Loss: 0.1397 | LR: 0.000485
Epoch 12/100 | Batch 800/10986 | Loss: 0.1349 | LR: 0.000485
Epoch 12/100 | Batch 900/10986 | Loss: 0.1284 | LR: 0.000485
Epoch 12/100 | Batch 1000/10986 | Loss: 0.1372 | LR: 0.000485
Epoch 12/100 | Batch 1100/10986 | Loss: 0.1351 | LR: 0.000485
Epoch 12/100 | Batch 1200/10986 | Loss: 0.1339 | LR: 0.000485
Epoch 12/100 | Batch 1300/10986 | Loss: 0.1352 | LR: 0.000485
Epoch 12/100 | Batch 1400/10986 | Loss: 0.1370 | LR: 0.000485
Epoch 12/100 | Batch 1500/10986 | Loss: 0.1326 | LR: 0.000485
Epoch 12/100 | Batch 1600/10986 | Loss: 0.1385 | LR: 0.000485
Epoch 12/100 | Batch 1700/10986 | Loss: 0.1390 | LR: 0.000485
Epoch 12/100 | Batch 1800/10986 | Loss: 0.1372 | LR: 0.000485
Epoch 12/100 | Batch 1900/10986 | Loss: 0.1412 | LR: 0.000485
Epoch 12/100 | Batch 2000/10986 | Loss: 0.1348 | LR: 0.000485
Epoch 12/100 | Batch 2100/10986 | Loss: 0.1338 | LR: 0.000485
Epoch 12/100 | Batch 2200/10986 | Loss: 0.1385 | LR: 0.000485
Epoch 12/100 | Batch 2300/10986 | Loss: 0.1388 | LR: 0.000485
Epoch 12/100 | Batch 2400/10986 | Loss: 0.1337 | LR: 0.000485
Epoch 12/100 | Batch 2500/10986 | Loss: 0.1386 | LR: 0.000485
Epoch 12/100 | Batch 2600/10986 | Loss: 0.1278 | LR: 0.000485
Epoch 12/100 | Batch 2700/10986 | Loss: 0.1337 | LR: 0.000485
Epoch 12/100 | Batch 2800/10986 | Loss: 0.1360 | LR: 0.000485
Epoch 12/100 | Batch 2900/10986 | Loss: 0.1387 | LR: 0.000485
Epoch 12/100 | Batch 3000/10986 | Loss: 0.1369 | LR: 0.000485
Epoch 12/100 | Batch 3100/10986 | Loss: 0.1375 | LR: 0.000485
Epoch 12/100 | Batch 3200/10986 | Loss: 0.1406 | LR: 0.000485
Epoch 12/100 | Batch 3300/10986 | Loss: 0.1332 | LR: 0.000485
Epoch 12/100 | Batch 3400/10986 | Loss: 0.1401 | LR: 0.000485
Epoch 12/100 | Batch 3500/10986 | Loss: 0.1442 | LR: 0.000485
Epoch 12/100 | Batch 3600/10986 | Loss: 0.1334 | LR: 0.000485
Epoch 12/100 | Batch 3700/10986 | Loss: 0.1360 | LR: 0.000485
Epoch 12/100 | Batch 3800/10986 | Loss: 0.1344 | LR: 0.000485
Epoch 12/100 | Batch 3900/10986 | Loss: 0.1309 | LR: 0.000484
Epoch 12/100 | Batch 4000/10986 | Loss: 0.1351 | LR: 0.000484
Epoch 12/100 | Batch 4100/10986 | Loss: 0.1376 | LR: 0.000484
Epoch 12/100 | Batch 4200/10986 | Loss: 0.1382 | LR: 0.000484
Epoch 12/100 | Batch 4300/10986 | Loss: 0.1305 | LR: 0.000484
Epoch 12/100 | Batch 4400/10986 | Loss: 0.1282 | LR: 0.000484
Epoch 12/100 | Batch 4500/10986 | Loss: 0.1501 | LR: 0.000484
Epoch 12/100 | Batch 4600/10986 | Loss: 0.1269 | LR: 0.000484
Epoch 12/100 | Batch 4700/10986 | Loss: 0.1366 | LR: 0.000484
Epoch 12/100 | Batch 4800/10986 | Loss: 0.1319 | LR: 0.000484
Epoch 12/100 | Batch 4900/10986 | Loss: 0.1354 | LR: 0.000484
Epoch 12/100 | Batch 5000/10986 | Loss: 0.1334 | LR: 0.000484
Epoch 12/100 | Batch 5100/10986 | Loss: 0.1365 | LR: 0.000484
Epoch 12/100 | Batch 5200/10986 | Loss: 0.1373 | LR: 0.000484
Epoch 12/100 | Batch 5300/10986 | Loss: 0.1345 | LR: 0.000484
Epoch 12/100 | Batch 5400/10986 | Loss: 0.1314 | LR: 0.000484
Epoch 12/100 | Batch 5500/10986 | Loss: 0.1367 | LR: 0.000484
Epoch 12/100 | Batch 5600/10986 | Loss: 0.1365 | LR: 0.000484
Epoch 12/100 | Batch 5700/10986 | Loss: 0.1357 | LR: 0.000484
Epoch 12/100 | Batch 5800/10986 | Loss: 0.1340 | LR: 0.000484
Epoch 12/100 | Batch 5900/10986 | Loss: 0.1339 | LR: 0.000484
Epoch 12/100 | Batch 6000/10986 | Loss: 0.1333 | LR: 0.000484
Epoch 12/100 | Batch 6100/10986 | Loss: 0.1332 | LR: 0.000484
Epoch 12/100 | Batch 6200/10986 | Loss: 0.1337 | LR: 0.000484
Epoch 12/100 | Batch 6300/10986 | Loss: 0.1372 | LR: 0.000484
Epoch 12/100 | Batch 6400/10986 | Loss: 0.1378 | LR: 0.000484
Epoch 12/100 | Batch 6500/10986 | Loss: 0.1345 | LR: 0.000484
Epoch 12/100 | Batch 6600/10986 | Loss: 0.1368 | LR: 0.000484
Epoch 12/100 | Batch 6700/10986 | Loss: 0.1422 | LR: 0.000484
Epoch 12/100 | Batch 6800/10986 | Loss: 0.1339 | LR: 0.000484
Epoch 12/100 | Batch 6900/10986 | Loss: 0.1334 | LR: 0.000484
Epoch 12/100 | Batch 7000/10986 | Loss: 0.1351 | LR: 0.000484
Epoch 12/100 | Batch 7100/10986 | Loss: 0.1292 | LR: 0.000484
Epoch 12/100 | Batch 7200/10986 | Loss: 0.1335 | LR: 0.000484
Epoch 12/100 | Batch 7300/10986 | Loss: 0.1352 | LR: 0.000484
Epoch 12/100 | Batch 7400/10986 | Loss: 0.1363 | LR: 0.000484
Epoch 12/100 | Batch 7500/10986 | Loss: 0.1430 | LR: 0.000484
Epoch 12/100 | Batch 7600/10986 | Loss: 0.1382 | LR: 0.000484
Epoch 12/100 | Batch 7700/10986 | Loss: 0.1346 | LR: 0.000484
Epoch 12/100 | Batch 7800/10986 | Loss: 0.1359 | LR: 0.000483
Epoch 12/100 | Batch 7900/10986 | Loss: 0.1319 | LR: 0.000483
Epoch 12/100 | Batch 8000/10986 | Loss: 0.1307 | LR: 0.000483
Epoch 12/100 | Batch 8100/10986 | Loss: 0.1397 | LR: 0.000483
Epoch 12/100 | Batch 8200/10986 | Loss: 0.1348 | LR: 0.000483
Epoch 12/100 | Batch 8300/10986 | Loss: 0.1396 | LR: 0.000483
Epoch 12/100 | Batch 8400/10986 | Loss: 0.1369 | LR: 0.000483
Epoch 12/100 | Batch 8500/10986 | Loss: 0.1339 | LR: 0.000483
Epoch 12/100 | Batch 8600/10986 | Loss: 0.1339 | LR: 0.000483
Epoch 12/100 | Batch 8700/10986 | Loss: 0.1314 | LR: 0.000483
Epoch 12/100 | Batch 8800/10986 | Loss: 0.1398 | LR: 0.000483
Epoch 12/100 | Batch 8900/10986 | Loss: 0.1303 | LR: 0.000483
Epoch 12/100 | Batch 9000/10986 | Loss: 0.1347 | LR: 0.000483
Epoch 12/100 | Batch 9100/10986 | Loss: 0.1300 | LR: 0.000483
Epoch 12/100 | Batch 9200/10986 | Loss: 0.1334 | LR: 0.000483
Epoch 12/100 | Batch 9300/10986 | Loss: 0.1333 | LR: 0.000483
Epoch 12/100 | Batch 9400/10986 | Loss: 0.1366 | LR: 0.000483
Epoch 12/100 | Batch 9500/10986 | Loss: 0.1366 | LR: 0.000483
Epoch 12/100 | Batch 9600/10986 | Loss: 0.1351 | LR: 0.000483
Epoch 12/100 | Batch 9700/10986 | Loss: 0.1266 | LR: 0.000483
Epoch 12/100 | Batch 9800/10986 | Loss: 0.1290 | LR: 0.000483
Epoch 12/100 | Batch 9900/10986 | Loss: 0.1312 | LR: 0.000483
Epoch 12/100 | Batch 10000/10986 | Loss: 0.1309 | LR: 0.000483
Epoch 12/100 | Batch 10100/10986 | Loss: 0.1329 | LR: 0.000483
Epoch 12/100 | Batch 10200/10986 | Loss: 0.1377 | LR: 0.000483
Epoch 12/100 | Batch 10300/10986 | Loss: 0.1301 | LR: 0.000483
Epoch 12/100 | Batch 10400/10986 | Loss: 0.1312 | LR: 0.000483
Epoch 12/100 | Batch 10500/10986 | Loss: 0.1372 | LR: 0.000483
Epoch 12/100 | Batch 10600/10986 | Loss: 0.1359 | LR: 0.000483
Epoch 12/100 | Batch 10700/10986 | Loss: 0.1346 | LR: 0.000483
Epoch 12/100 | Batch 10800/10986 | Loss: 0.1309 | LR: 0.000483
Epoch 12/100 | Batch 10900/10986 | Loss: 0.1345 | LR: 0.000483

Epoch 12/100 Summary:
Average Training Loss: 2.1676
Average Validation Loss: 1.4567
Best Validation Loss: 1.4567
Learning Rate: 0.000483
Epoch 13/100 | Batch 0/10986 | Loss: 0.1401 | LR: 0.000483
Epoch 13/100 | Batch 100/10986 | Loss: 0.1395 | LR: 0.000483
Epoch 13/100 | Batch 200/10986 | Loss: 0.1365 | LR: 0.000483
Epoch 13/100 | Batch 300/10986 | Loss: 0.1319 | LR: 0.000483
Epoch 13/100 | Batch 400/10986 | Loss: 0.1321 | LR: 0.000483
Epoch 13/100 | Batch 500/10986 | Loss: 0.1378 | LR: 0.000483
Epoch 13/100 | Batch 600/10986 | Loss: 0.1294 | LR: 0.000483
Epoch 13/100 | Batch 700/10986 | Loss: 0.1383 | LR: 0.000482
Epoch 13/100 | Batch 800/10986 | Loss: 0.1339 | LR: 0.000482
Epoch 13/100 | Batch 900/10986 | Loss: 0.1268 | LR: 0.000482
Epoch 13/100 | Batch 1000/10986 | Loss: 0.1355 | LR: 0.000482
Epoch 13/100 | Batch 1100/10986 | Loss: 0.1336 | LR: 0.000482
Epoch 13/100 | Batch 1200/10986 | Loss: 0.1326 | LR: 0.000482
Epoch 13/100 | Batch 1300/10986 | Loss: 0.1339 | LR: 0.000482
Epoch 13/100 | Batch 1400/10986 | Loss: 0.1356 | LR: 0.000482
Epoch 13/100 | Batch 1500/10986 | Loss: 0.1313 | LR: 0.000482
Epoch 13/100 | Batch 1600/10986 | Loss: 0.1369 | LR: 0.000482
Epoch 13/100 | Batch 1700/10986 | Loss: 0.1368 | LR: 0.000482
Epoch 13/100 | Batch 1800/10986 | Loss: 0.1356 | LR: 0.000482
Epoch 13/100 | Batch 1900/10986 | Loss: 0.1398 | LR: 0.000482
Epoch 13/100 | Batch 2000/10986 | Loss: 0.1326 | LR: 0.000482
Epoch 13/100 | Batch 2100/10986 | Loss: 0.1323 | LR: 0.000482
Epoch 13/100 | Batch 2200/10986 | Loss: 0.1368 | LR: 0.000482
Epoch 13/100 | Batch 2300/10986 | Loss: 0.1373 | LR: 0.000482
Epoch 13/100 | Batch 2400/10986 | Loss: 0.1328 | LR: 0.000482
Epoch 13/100 | Batch 2500/10986 | Loss: 0.1377 | LR: 0.000482
Epoch 13/100 | Batch 2600/10986 | Loss: 0.1267 | LR: 0.000482
Epoch 13/100 | Batch 2700/10986 | Loss: 0.1333 | LR: 0.000482
Epoch 13/100 | Batch 2800/10986 | Loss: 0.1350 | LR: 0.000482
Epoch 13/100 | Batch 2900/10986 | Loss: 0.1371 | LR: 0.000482
Epoch 13/100 | Batch 3000/10986 | Loss: 0.1349 | LR: 0.000482
Epoch 13/100 | Batch 3100/10986 | Loss: 0.1362 | LR: 0.000482
Epoch 13/100 | Batch 3200/10986 | Loss: 0.1400 | LR: 0.000482
Epoch 13/100 | Batch 3300/10986 | Loss: 0.1318 | LR: 0.000482
Epoch 13/100 | Batch 3400/10986 | Loss: 0.1385 | LR: 0.000482
Epoch 13/100 | Batch 3500/10986 | Loss: 0.1426 | LR: 0.000482
Epoch 13/100 | Batch 3600/10986 | Loss: 0.1320 | LR: 0.000482
Epoch 13/100 | Batch 3700/10986 | Loss: 0.1341 | LR: 0.000482
Epoch 13/100 | Batch 3800/10986 | Loss: 0.1335 | LR: 0.000482
Epoch 13/100 | Batch 3900/10986 | Loss: 0.1303 | LR: 0.000482
Epoch 13/100 | Batch 4000/10986 | Loss: 0.1333 | LR: 0.000482
Epoch 13/100 | Batch 4100/10986 | Loss: 0.1362 | LR: 0.000482
Epoch 13/100 | Batch 4200/10986 | Loss: 0.1368 | LR: 0.000482
Epoch 13/100 | Batch 4300/10986 | Loss: 0.1284 | LR: 0.000482
Epoch 13/100 | Batch 4400/10986 | Loss: 0.1273 | LR: 0.000482
Epoch 13/100 | Batch 4500/10986 | Loss: 0.1487 | LR: 0.000481
Epoch 13/100 | Batch 4600/10986 | Loss: 0.1255 | LR: 0.000481
Epoch 13/100 | Batch 4700/10986 | Loss: 0.1359 | LR: 0.000481
Epoch 13/100 | Batch 4800/10986 | Loss: 0.1305 | LR: 0.000481
Epoch 13/100 | Batch 4900/10986 | Loss: 0.1340 | LR: 0.000481
Epoch 13/100 | Batch 5000/10986 | Loss: 0.1324 | LR: 0.000481
Epoch 13/100 | Batch 5100/10986 | Loss: 0.1350 | LR: 0.000481
Epoch 13/100 | Batch 5200/10986 | Loss: 0.1360 | LR: 0.000481
Epoch 13/100 | Batch 5300/10986 | Loss: 0.1336 | LR: 0.000481
Epoch 13/100 | Batch 5400/10986 | Loss: 0.1300 | LR: 0.000481
Epoch 13/100 | Batch 5500/10986 | Loss: 0.1357 | LR: 0.000481
Epoch 13/100 | Batch 5600/10986 | Loss: 0.1355 | LR: 0.000481
Epoch 13/100 | Batch 5700/10986 | Loss: 0.1346 | LR: 0.000481
Epoch 13/100 | Batch 5800/10986 | Loss: 0.1322 | LR: 0.000481
Epoch 13/100 | Batch 5900/10986 | Loss: 0.1324 | LR: 0.000481
Epoch 13/100 | Batch 6000/10986 | Loss: 0.1312 | LR: 0.000481
Epoch 13/100 | Batch 6100/10986 | Loss: 0.1320 | LR: 0.000481
Epoch 13/100 | Batch 6200/10986 | Loss: 0.1329 | LR: 0.000481
Epoch 13/100 | Batch 6300/10986 | Loss: 0.1361 | LR: 0.000481
Epoch 13/100 | Batch 6400/10986 | Loss: 0.1367 | LR: 0.000481
Epoch 13/100 | Batch 6500/10986 | Loss: 0.1336 | LR: 0.000481
Epoch 13/100 | Batch 6600/10986 | Loss: 0.1353 | LR: 0.000481
Epoch 13/100 | Batch 6700/10986 | Loss: 0.1408 | LR: 0.000481
Epoch 13/100 | Batch 6800/10986 | Loss: 0.1326 | LR: 0.000481
Epoch 13/100 | Batch 6900/10986 | Loss: 0.1323 | LR: 0.000481
Epoch 13/100 | Batch 7000/10986 | Loss: 0.1338 | LR: 0.000481
Epoch 13/100 | Batch 7100/10986 | Loss: 0.1273 | LR: 0.000481
Epoch 13/100 | Batch 7200/10986 | Loss: 0.1323 | LR: 0.000481
Epoch 13/100 | Batch 7300/10986 | Loss: 0.1342 | LR: 0.000481
Epoch 13/100 | Batch 7400/10986 | Loss: 0.1356 | LR: 0.000481
Epoch 13/100 | Batch 7500/10986 | Loss: 0.1415 | LR: 0.000481
Epoch 13/100 | Batch 7600/10986 | Loss: 0.1370 | LR: 0.000481
Epoch 13/100 | Batch 7700/10986 | Loss: 0.1332 | LR: 0.000481
Epoch 13/100 | Batch 7800/10986 | Loss: 0.1338 | LR: 0.000481
Epoch 13/100 | Batch 7900/10986 | Loss: 0.1308 | LR: 0.000481
Epoch 13/100 | Batch 8000/10986 | Loss: 0.1294 | LR: 0.000481
Epoch 13/100 | Batch 8100/10986 | Loss: 0.1389 | LR: 0.000480
Epoch 13/100 | Batch 8200/10986 | Loss: 0.1337 | LR: 0.000480
Epoch 13/100 | Batch 8300/10986 | Loss: 0.1383 | LR: 0.000480
Epoch 13/100 | Batch 8400/10986 | Loss: 0.1358 | LR: 0.000480
Epoch 13/100 | Batch 8500/10986 | Loss: 0.1325 | LR: 0.000480
Epoch 13/100 | Batch 8600/10986 | Loss: 0.1323 | LR: 0.000480
Epoch 13/100 | Batch 8700/10986 | Loss: 0.1299 | LR: 0.000480
Epoch 13/100 | Batch 8800/10986 | Loss: 0.1387 | LR: 0.000480
Epoch 13/100 | Batch 8900/10986 | Loss: 0.1292 | LR: 0.000480
Epoch 13/100 | Batch 9000/10986 | Loss: 0.1335 | LR: 0.000480
Epoch 13/100 | Batch 9100/10986 | Loss: 0.1290 | LR: 0.000480
Epoch 13/100 | Batch 9200/10986 | Loss: 0.1324 | LR: 0.000480
Epoch 13/100 | Batch 9300/10986 | Loss: 0.1324 | LR: 0.000480
Epoch 13/100 | Batch 9400/10986 | Loss: 0.1352 | LR: 0.000480
Epoch 13/100 | Batch 9500/10986 | Loss: 0.1359 | LR: 0.000480
Epoch 13/100 | Batch 9600/10986 | Loss: 0.1338 | LR: 0.000480
Epoch 13/100 | Batch 9700/10986 | Loss: 0.1256 | LR: 0.000480
Epoch 13/100 | Batch 9800/10986 | Loss: 0.1281 | LR: 0.000480
Epoch 13/100 | Batch 9900/10986 | Loss: 0.1299 | LR: 0.000480
Epoch 13/100 | Batch 10000/10986 | Loss: 0.1301 | LR: 0.000480
Epoch 13/100 | Batch 10100/10986 | Loss: 0.1317 | LR: 0.000480
Epoch 13/100 | Batch 10200/10986 | Loss: 0.1365 | LR: 0.000480
Epoch 13/100 | Batch 10300/10986 | Loss: 0.1288 | LR: 0.000480
Epoch 13/100 | Batch 10400/10986 | Loss: 0.1300 | LR: 0.000480
Epoch 13/100 | Batch 10500/10986 | Loss: 0.1356 | LR: 0.000480
Epoch 13/100 | Batch 10600/10986 | Loss: 0.1353 | LR: 0.000480
Epoch 13/100 | Batch 10700/10986 | Loss: 0.1333 | LR: 0.000480
Epoch 13/100 | Batch 10800/10986 | Loss: 0.1298 | LR: 0.000480
Epoch 13/100 | Batch 10900/10986 | Loss: 0.1333 | LR: 0.000480

Epoch 13/100 Summary:
Average Training Loss: 2.1466
Average Validation Loss: 1.4392
Best Validation Loss: 1.4392
Learning Rate: 0.000480
Epoch 14/100 | Batch 0/10986 | Loss: 0.1389 | LR: 0.000480
Epoch 14/100 | Batch 100/10986 | Loss: 0.1383 | LR: 0.000480
Epoch 14/100 | Batch 200/10986 | Loss: 0.1354 | LR: 0.000480
Epoch 14/100 | Batch 300/10986 | Loss: 0.1309 | LR: 0.000480
Epoch 14/100 | Batch 400/10986 | Loss: 0.1311 | LR: 0.000480
Epoch 14/100 | Batch 500/10986 | Loss: 0.1367 | LR: 0.000480
Epoch 14/100 | Batch 600/10986 | Loss: 0.1284 | LR: 0.000480
Epoch 14/100 | Batch 700/10986 | Loss: 0.1370 | LR: 0.000479
Epoch 14/100 | Batch 800/10986 | Loss: 0.1328 | LR: 0.000479
Epoch 14/100 | Batch 900/10986 | Loss: 0.1260 | LR: 0.000479
Epoch 14/100 | Batch 1000/10986 | Loss: 0.1346 | LR: 0.000479
Epoch 14/100 | Batch 1100/10986 | Loss: 0.1324 | LR: 0.000479
Epoch 14/100 | Batch 1200/10986 | Loss: 0.1317 | LR: 0.000479
Epoch 14/100 | Batch 1300/10986 | Loss: 0.1329 | LR: 0.000479
Epoch 14/100 | Batch 1400/10986 | Loss: 0.1342 | LR: 0.000479
Epoch 14/100 | Batch 1500/10986 | Loss: 0.1301 | LR: 0.000479
Epoch 14/100 | Batch 1600/10986 | Loss: 0.1362 | LR: 0.000479
Epoch 14/100 | Batch 1700/10986 | Loss: 0.1353 | LR: 0.000479
Epoch 14/100 | Batch 1800/10986 | Loss: 0.1340 | LR: 0.000479
Epoch 14/100 | Batch 1900/10986 | Loss: 0.1387 | LR: 0.000479
Epoch 14/100 | Batch 2000/10986 | Loss: 0.1314 | LR: 0.000479
Epoch 14/100 | Batch 2100/10986 | Loss: 0.1313 | LR: 0.000479
Epoch 14/100 | Batch 2200/10986 | Loss: 0.1356 | LR: 0.000479
Epoch 14/100 | Batch 2300/10986 | Loss: 0.1355 | LR: 0.000479
Epoch 14/100 | Batch 2400/10986 | Loss: 0.1317 | LR: 0.000479
Epoch 14/100 | Batch 2500/10986 | Loss: 0.1368 | LR: 0.000479
Epoch 14/100 | Batch 2600/10986 | Loss: 0.1253 | LR: 0.000479
Epoch 14/100 | Batch 2700/10986 | Loss: 0.1317 | LR: 0.000479
Epoch 14/100 | Batch 2800/10986 | Loss: 0.1340 | LR: 0.000479
Epoch 14/100 | Batch 2900/10986 | Loss: 0.1364 | LR: 0.000479
Epoch 14/100 | Batch 3000/10986 | Loss: 0.1340 | LR: 0.000479
Epoch 14/100 | Batch 3100/10986 | Loss: 0.1349 | LR: 0.000479
Epoch 14/100 | Batch 3200/10986 | Loss: 0.1388 | LR: 0.000479
Epoch 14/100 | Batch 3300/10986 | Loss: 0.1303 | LR: 0.000479
Epoch 14/100 | Batch 3400/10986 | Loss: 0.1369 | LR: 0.000479
Epoch 14/100 | Batch 3500/10986 | Loss: 0.1407 | LR: 0.000479
Epoch 14/100 | Batch 3600/10986 | Loss: 0.1310 | LR: 0.000479
Epoch 14/100 | Batch 3700/10986 | Loss: 0.1333 | LR: 0.000479
Epoch 14/100 | Batch 3800/10986 | Loss: 0.1321 | LR: 0.000479
Epoch 14/100 | Batch 3900/10986 | Loss: 0.1295 | LR: 0.000479
Epoch 14/100 | Batch 4000/10986 | Loss: 0.1325 | LR: 0.000479
Epoch 14/100 | Batch 4100/10986 | Loss: 0.1341 | LR: 0.000479
Epoch 14/100 | Batch 4200/10986 | Loss: 0.1362 | LR: 0.000478
Epoch 14/100 | Batch 4300/10986 | Loss: 0.1277 | LR: 0.000478
Epoch 14/100 | Batch 4400/10986 | Loss: 0.1264 | LR: 0.000478
Epoch 14/100 | Batch 4500/10986 | Loss: 0.1468 | LR: 0.000478
Epoch 14/100 | Batch 4600/10986 | Loss: 0.1251 | LR: 0.000478
Epoch 14/100 | Batch 4700/10986 | Loss: 0.1346 | LR: 0.000478
Epoch 14/100 | Batch 4800/10986 | Loss: 0.1293 | LR: 0.000478
Epoch 14/100 | Batch 4900/10986 | Loss: 0.1326 | LR: 0.000478
WARNING: NaN/Inf loss detected at batch 4981, skipping...
Epoch 14/100 | Batch 5000/10986 | Loss: 0.1313 | LR: 0.000478
Epoch 14/100 | Batch 5100/10986 | Loss: 0.1339 | LR: 0.000478
Epoch 14/100 | Batch 5200/10986 | Loss: 0.1349 | LR: 0.000478
Epoch 14/100 | Batch 5300/10986 | Loss: 0.1325 | LR: 0.000478
Epoch 14/100 | Batch 5400/10986 | Loss: 0.1288 | LR: 0.000478
Epoch 14/100 | Batch 5500/10986 | Loss: 0.1343 | LR: 0.000478
Epoch 14/100 | Batch 5600/10986 | Loss: 0.1349 | LR: 0.000478
Epoch 14/100 | Batch 5700/10986 | Loss: 0.1327 | LR: 0.000478
Epoch 14/100 | Batch 5800/10986 | Loss: 0.1310 | LR: 0.000478
Epoch 14/100 | Batch 5900/10986 | Loss: 0.1312 | LR: 0.000478
Epoch 14/100 | Batch 6000/10986 | Loss: 0.1305 | LR: 0.000478
Epoch 14/100 | Batch 6100/10986 | Loss: 0.1308 | LR: 0.000478
Epoch 14/100 | Batch 6200/10986 | Loss: 0.1315 | LR: 0.000478
Epoch 14/100 | Batch 6300/10986 | Loss: 0.1353 | LR: 0.000478
Epoch 14/100 | Batch 6400/10986 | Loss: 0.1355 | LR: 0.000478
WARNING: NaN/Inf loss detected at batch 6461, skipping...
Epoch 14/100 | Batch 6500/10986 | Loss: 0.1326 | LR: 0.000478
Epoch 14/100 | Batch 6600/10986 | Loss: 0.1343 | LR: 0.000478
Epoch 14/100 | Batch 6700/10986 | Loss: 0.1403 | LR: 0.000478
Epoch 14/100 | Batch 6800/10986 | Loss: 0.1314 | LR: 0.000478
Epoch 14/100 | Batch 6900/10986 | Loss: 0.1312 | LR: 0.000478
Epoch 14/100 | Batch 7000/10986 | Loss: 0.1329 | LR: 0.000478
Epoch 14/100 | Batch 7100/10986 | Loss: 0.1266 | LR: 0.000478
Epoch 14/100 | Batch 7200/10986 | Loss: 0.1318 | LR: 0.000478
Epoch 14/100 | Batch 7300/10986 | Loss: 0.1335 | LR: 0.000478
Epoch 14/100 | Batch 7400/10986 | Loss: 0.1344 | LR: 0.000478
Epoch 14/100 | Batch 7500/10986 | Loss: 0.1400 | LR: 0.000478
WARNING: NaN/Inf loss detected at batch 7541, skipping...
Epoch 14/100 | Batch 7600/10986 | Loss: 0.1359 | LR: 0.000477
Epoch 14/100 | Batch 7700/10986 | Loss: 0.1325 | LR: 0.000477
Epoch 14/100 | Batch 7800/10986 | Loss: 0.1333 | LR: 0.000477
Epoch 14/100 | Batch 7900/10986 | Loss: 0.1298 | LR: 0.000477
Epoch 14/100 | Batch 8000/10986 | Loss: 0.1282 | LR: 0.000477
WARNING: NaN/Inf loss detected at batch 8014, skipping...
Epoch 14/100 | Batch 8100/10986 | Loss: 0.1376 | LR: 0.000477
Epoch 14/100 | Batch 8200/10986 | Loss: 0.1329 | LR: 0.000477
Epoch 14/100 | Batch 8300/10986 | Loss: 0.1372 | LR: 0.000477
Epoch 14/100 | Batch 8400/10986 | Loss: 0.1346 | LR: 0.000477
WARNING: NaN/Inf loss detected at batch 8430, skipping...
Epoch 14/100 | Batch 8500/10986 | Loss: 0.1308 | LR: 0.000477
Epoch 14/100 | Batch 8600/10986 | Loss: 0.1313 | LR: 0.000477
Epoch 14/100 | Batch 8700/10986 | Loss: 0.1295 | LR: 0.000477
Epoch 14/100 | Batch 8800/10986 | Loss: 0.1377 | LR: 0.000477
Epoch 14/100 | Batch 8900/10986 | Loss: 0.1286 | LR: 0.000477
Epoch 14/100 | Batch 9000/10986 | Loss: 0.1325 | LR: 0.000477
Epoch 14/100 | Batch 9100/10986 | Loss: 0.1277 | LR: 0.000477
Epoch 14/100 | Batch 9200/10986 | Loss: 0.1312 | LR: 0.000477
Epoch 14/100 | Batch 9300/10986 | Loss: 0.1312 | LR: 0.000477
Epoch 14/100 | Batch 9400/10986 | Loss: 0.1348 | LR: 0.000477
Epoch 14/100 | Batch 9500/10986 | Loss: 0.1350 | LR: 0.000477
Epoch 14/100 | Batch 9600/10986 | Loss: 0.1328 | LR: 0.000477
Epoch 14/100 | Batch 9700/10986 | Loss: 0.1248 | LR: 0.000477
Epoch 14/100 | Batch 9800/10986 | Loss: 0.1267 | LR: 0.000477
Epoch 14/100 | Batch 9900/10986 | Loss: 0.1289 | LR: 0.000477
Epoch 14/100 | Batch 10000/10986 | Loss: 0.1293 | LR: 0.000477
Epoch 14/100 | Batch 10100/10986 | Loss: 0.1312 | LR: 0.000477
Epoch 14/100 | Batch 10200/10986 | Loss: 0.1352 | LR: 0.000477
Epoch 14/100 | Batch 10300/10986 | Loss: 0.1282 | LR: 0.000477
Epoch 14/100 | Batch 10400/10986 | Loss: 0.1293 | LR: 0.000477
Epoch 14/100 | Batch 10500/10986 | Loss: 0.1350 | LR: 0.000477
WARNING: NaN/Inf loss detected at batch 10554, skipping...
Epoch 14/100 | Batch 10600/10986 | Loss: 0.1340 | LR: 0.000477
Epoch 14/100 | Batch 10700/10986 | Loss: 0.1325 | LR: 0.000477
Epoch 14/100 | Batch 10800/10986 | Loss: 0.1285 | LR: 0.000477
Epoch 14/100 | Batch 10900/10986 | Loss: 0.1329 | LR: 0.000476

Epoch 14/100 Summary:
Average Training Loss: 2.1290
Average Validation Loss: 1.4248
Best Validation Loss: 1.4248
Learning Rate: 0.000476
Epoch 15/100 | Batch 0/10986 | Loss: 0.1376 | LR: 0.000476
WARNING: NaN/Inf loss detected at batch 16, skipping...
WARNING: NaN/Inf loss detected at batch 26, skipping...
Epoch 15/100 | Batch 100/10986 | Loss: 0.1372 | LR: 0.000476
Epoch 15/100 | Batch 200/10986 | Loss: 0.1344 | LR: 0.000476
Epoch 15/100 | Batch 300/10986 | Loss: 0.1297 | LR: 0.000476
Epoch 15/100 | Batch 400/10986 | Loss: 0.1300 | LR: 0.000476
Epoch 15/100 | Batch 500/10986 | Loss: 0.1358 | LR: 0.000476
Epoch 15/100 | Batch 600/10986 | Loss: 0.1276 | LR: 0.000476
Epoch 15/100 | Batch 700/10986 | Loss: 0.1364 | LR: 0.000476
Epoch 15/100 | Batch 800/10986 | Loss: 0.1315 | LR: 0.000476
WARNING: NaN/Inf loss detected at batch 875, skipping...
Epoch 15/100 | Batch 900/10986 | Loss: 0.1252 | LR: 0.000476
Epoch 15/100 | Batch 1000/10986 | Loss: 0.1339 | LR: 0.000476
Epoch 15/100 | Batch 1100/10986 | Loss: 0.1319 | LR: 0.000476
Epoch 15/100 | Batch 1200/10986 | Loss: 0.1308 | LR: 0.000476
Epoch 15/100 | Batch 1300/10986 | Loss: 0.1318 | LR: 0.000476
Epoch 15/100 | Batch 1400/10986 | Loss: 0.1335 | LR: 0.000476
Epoch 15/100 | Batch 1500/10986 | Loss: 0.1292 | LR: 0.000476
Epoch 15/100 | Batch 1600/10986 | Loss: 0.1350 | LR: 0.000476
WARNING: NaN/Inf loss detected at batch 1616, skipping...
WARNING: NaN/Inf loss detected at batch 1648, skipping...
Epoch 15/100 | Batch 1700/10986 | Loss: 0.1330 | LR: 0.000476
Epoch 15/100 | Batch 1800/10986 | Loss: 0.1336 | LR: 0.000476
Epoch 15/100 | Batch 1900/10986 | Loss: 0.1378 | LR: 0.000476
Epoch 15/100 | Batch 2000/10986 | Loss: 0.1306 | LR: 0.000476
Epoch 15/100 | Batch 2100/10986 | Loss: 0.1306 | LR: 0.000476
Epoch 15/100 | Batch 2200/10986 | Loss: 0.1351 | LR: 0.000476
Epoch 15/100 | Batch 2300/10986 | Loss: 0.1350 | LR: 0.000476
Epoch 15/100 | Batch 2400/10986 | Loss: 0.1308 | LR: 0.000476
WARNING: NaN/Inf loss detected at batch 2424, skipping...
WARNING: NaN/Inf loss detected at batch 2490, skipping...
WARNING: NaN/Inf loss detected at batch 2497, skipping...
Epoch 15/100 | Batch 2500/10986 | Loss: 0.1352 | LR: 0.000476
Epoch 15/100 | Batch 2600/10986 | Loss: 0.1248 | LR: 0.000476
WARNING: NaN/Inf loss detected at batch 2678, skipping...
Epoch 15/100 | Batch 2700/10986 | Loss: 0.1306 | LR: 0.000476
WARNING: NaN/Inf loss detected at batch 2709, skipping...
Epoch 15/100 | Batch 2800/10986 | Loss: 0.1331 | LR: 0.000476
Epoch 15/100 | Batch 2900/10986 | Loss: 0.1350 | LR: 0.000476
WARNING: NaN/Inf loss detected at batch 2947, skipping...
WARNING: NaN/Inf loss detected at batch 2981, skipping...
Epoch 15/100 | Batch 3000/10986 | Loss: 0.1330 | LR: 0.000476
WARNING: NaN/Inf loss detected at batch 3025, skipping...
WARNING: NaN/Inf loss detected at batch 3029, skipping...
Epoch 15/100 | Batch 3100/10986 | Loss: 0.1344 | LR: 0.000476
Epoch 15/100 | Batch 3200/10986 | Loss: 0.1377 | LR: 0.000475
Epoch 15/100 | Batch 3300/10986 | Loss: 0.1294 | LR: 0.000475
WARNING: NaN/Inf loss detected at batch 3368, skipping...
WARNING: NaN/Inf loss detected at batch 3369, skipping...
Epoch 15/100 | Batch 3400/10986 | Loss: 0.1361 | LR: 0.000475
Epoch 15/100 | Batch 3500/10986 | Loss: 0.1398 | LR: 0.000475
WARNING: NaN/Inf loss detected at batch 3539, skipping...
Epoch 15/100 | Batch 3600/10986 | Loss: 0.1299 | LR: 0.000475
Epoch 15/100 | Batch 3700/10986 | Loss: 0.1324 | LR: 0.000475
Epoch 15/100 | Batch 3800/10986 | Loss: 0.1316 | LR: 0.000475
Epoch 15/100 | Batch 3900/10986 | Loss: 0.1291 | LR: 0.000475
Epoch 15/100 | Batch 4000/10986 | Loss: 0.1314 | LR: 0.000475
WARNING: NaN/Inf loss detected at batch 4025, skipping...
Epoch 15/100 | Batch 4100/10986 | Loss: 0.1335 | LR: 0.000475
WARNING: NaN/Inf loss detected at batch 4185, skipping...
Epoch 15/100 | Batch 4200/10986 | Loss: 0.1350 | LR: 0.000475
Epoch 15/100 | Batch 4300/10986 | Loss: 0.1267 | LR: 0.000475
WARNING: NaN/Inf loss detected at batch 4359, skipping...
WARNING: NaN/Inf loss detected at batch 4368, skipping...
Epoch 15/100 | Batch 4400/10986 | Loss: 0.1253 | LR: 0.000475
Epoch 15/100 | Batch 4500/10986 | Loss: 0.1456 | LR: 0.000475
WARNING: NaN/Inf loss detected at batch 4579, skipping...
WARNING: NaN/Inf loss detected at batch 4596, skipping...
Epoch 15/100 | Batch 4600/10986 | Loss: 0.1238 | LR: 0.000475
Epoch 15/100 | Batch 4700/10986 | Loss: 0.1328 | LR: 0.000475
WARNING: NaN/Inf loss detected at batch 4724, skipping...
WARNING: NaN/Inf loss detected at batch 4783, skipping...
Epoch 15/100 | Batch 4800/10986 | Loss: 0.1286 | LR: 0.000475
WARNING: NaN/Inf loss detected at batch 4825, skipping...
WARNING: NaN/Inf loss detected at batch 4892, skipping...
Epoch 15/100 | Batch 4900/10986 | Loss: 0.1323 | LR: 0.000475
Epoch 15/100 | Batch 5000/10986 | Loss: 0.1303 | LR: 0.000475
WARNING: NaN/Inf loss detected at batch 5049, skipping...
WARNING: NaN/Inf loss detected at batch 5050, skipping...
Epoch 15/100 | Batch 5100/10986 | Loss: 0.1328 | LR: 0.000475
WARNING: NaN/Inf loss detected at batch 5117, skipping...
WARNING: NaN/Inf loss detected at batch 5143, skipping...
WARNING: NaN/Inf loss detected at batch 5169, skipping...
WARNING: NaN/Inf loss detected at batch 5199, skipping...
Epoch 15/100 | Batch 5200/10986 | Loss: 0.1346 | LR: 0.000475
WARNING: NaN/Inf loss detected at batch 5254, skipping...
Epoch 15/100 | Batch 5300/10986 | Loss: 0.1318 | LR: 0.000475
WARNING: NaN/Inf loss detected at batch 5354, skipping...
WARNING: NaN/Inf loss detected at batch 5369, skipping...
Epoch 15/100 | Batch 5400/10986 | Loss: 0.1278 | LR: 0.000475
Epoch 15/100 | Batch 5500/10986 | Loss: 0.1337 | LR: 0.000475
WARNING: NaN/Inf loss detected at batch 5581, skipping...
Epoch 15/100 | Batch 5600/10986 | Loss: 0.1338 | LR: 0.000475
Epoch 15/100 | Batch 5700/10986 | Loss: 0.1320 | LR: 0.000475
WARNING: NaN/Inf loss detected at batch 5773, skipping...
Epoch 15/100 | Batch 5800/10986 | Loss: 0.1309 | LR: 0.000475
Epoch 15/100 | Batch 5900/10986 | Loss: 0.1306 | LR: 0.000475
WARNING: NaN/Inf loss detected at batch 5903, skipping...
Epoch 15/100 | Batch 6000/10986 | Loss: 0.1295 | LR: 0.000475
Epoch 15/100 | Batch 6100/10986 | Loss: 0.1300 | LR: 0.000475
Epoch 15/100 | Batch 6200/10986 | Loss: 0.1312 | LR: 0.000475
Epoch 15/100 | Batch 6300/10986 | Loss: 0.1347 | LR: 0.000475
Epoch 15/100 | Batch 6400/10986 | Loss: 0.1348 | LR: 0.000475
WARNING: NaN/Inf loss detected at batch 6441, skipping...
WARNING: NaN/Inf loss detected at batch 6466, skipping...
Epoch 15/100 | Batch 6500/10986 | Loss: 0.1316 | LR: 0.000474
WARNING: NaN/Inf loss detected at batch 6558, skipping...
Epoch 15/100 | Batch 6600/10986 | Loss: 0.1338 | LR: 0.000474
WARNING: NaN/Inf loss detected at batch 6664, skipping...
Epoch 15/100 | Batch 6700/10986 | Loss: 0.1383 | LR: 0.000474
Epoch 15/100 | Batch 6800/10986 | Loss: 0.1307 | LR: 0.000474
WARNING: NaN/Inf loss detected at batch 6809, skipping...
Epoch 15/100 | Batch 6900/10986 | Loss: 0.1305 | LR: 0.000474
WARNING: NaN/Inf loss detected at batch 6936, skipping...
WARNING: NaN/Inf loss detected at batch 6980, skipping...
Epoch 15/100 | Batch 7000/10986 | Loss: 0.1319 | LR: 0.000474
Epoch 15/100 | Batch 7100/10986 | Loss: 0.1253 | LR: 0.000474
WARNING: NaN/Inf loss detected at batch 7137, skipping...
WARNING: NaN/Inf loss detected at batch 7166, skipping...
WARNING: NaN/Inf loss detected at batch 7173, skipping...
WARNING: NaN/Inf loss detected at batch 7188, skipping...
Epoch 15/100 | Batch 7200/10986 | Loss: 0.1305 | LR: 0.000474
WARNING: NaN/Inf loss detected at batch 7209, skipping...
WARNING: NaN/Inf loss detected at batch 7216, skipping...
WARNING: NaN/Inf loss detected at batch 7238, skipping...
Epoch 15/100 | Batch 7300/10986 | Loss: 0.1321 | LR: 0.000474
WARNING: NaN/Inf loss detected at batch 7306, skipping...
WARNING: NaN/Inf loss detected at batch 7354, skipping...
Epoch 15/100 | Batch 7400/10986 | Loss: 0.1334 | LR: 0.000474
WARNING: NaN/Inf loss detected at batch 7455, skipping...
Epoch 15/100 | Batch 7500/10986 | Loss: 0.1391 | LR: 0.000474
WARNING: NaN/Inf loss detected at batch 7513, skipping...
Epoch 15/100 | Batch 7600/10986 | Loss: 0.1354 | LR: 0.000474
WARNING: NaN/Inf loss detected at batch 7607, skipping...
WARNING: NaN/Inf loss detected at batch 7612, skipping...
WARNING: NaN/Inf loss detected at batch 7683, skipping...
WARNING: NaN/Inf loss detected at batch 7685, skipping...
Epoch 15/100 | Batch 7700/10986 | Loss: 0.1314 | LR: 0.000474
WARNING: NaN/Inf loss detected at batch 7728, skipping...
WARNING: NaN/Inf loss detected at batch 7733, skipping...
WARNING: NaN/Inf loss detected at batch 7735, skipping...
Epoch 15/100 | Batch 7800/10986 | Loss: 0.1320 | LR: 0.000474
Epoch 15/100 | Batch 7900/10986 | Loss: 0.1294 | LR: 0.000474
WARNING: NaN/Inf loss detected at batch 7942, skipping...
WARNING: NaN/Inf loss detected at batch 7971, skipping...
Epoch 15/100 | Batch 8000/10986 | Loss: 0.1277 | LR: 0.000474
WARNING: NaN/Inf loss detected at batch 8013, skipping...
WARNING: NaN/Inf loss detected at batch 8014, skipping...
WARNING: NaN/Inf loss detected at batch 8017, skipping...
WARNING: NaN/Inf loss detected at batch 8034, skipping...
WARNING: NaN/Inf loss detected at batch 8047, skipping...
WARNING: NaN/Inf loss detected at batch 8098, skipping...
Epoch 15/100 | Batch 8100/10986 | Loss: 0.1362 | LR: 0.000474
WARNING: NaN/Inf loss detected at batch 8103, skipping...
WARNING: NaN/Inf loss detected at batch 8120, skipping...
Epoch 15/100 | Batch 8200/10986 | Loss: 0.1317 | LR: 0.000474
WARNING: NaN/Inf loss detected at batch 8221, skipping...
Epoch 15/100 | Batch 8300/10986 | Loss: 0.1364 | LR: 0.000474
Epoch 15/100 | Batch 8400/10986 | Loss: 0.1338 | LR: 0.000474
WARNING: NaN/Inf loss detected at batch 8409, skipping...
WARNING: NaN/Inf loss detected at batch 8437, skipping...
Epoch 15/100 | Batch 8500/10986 | Loss: 0.1304 | LR: 0.000474
Epoch 15/100 | Batch 8600/10986 | Loss: 0.1308 | LR: 0.000474
Epoch 15/100 | Batch 8700/10986 | Loss: 0.1281 | LR: 0.000474
WARNING: NaN/Inf loss detected at batch 8718, skipping...
Epoch 15/100 | Batch 8800/10986 | Loss: 0.1360 | LR: 0.000474
WARNING: NaN/Inf loss detected at batch 8811, skipping...
WARNING: NaN/Inf loss detected at batch 8845, skipping...
Epoch 15/100 | Batch 8900/10986 | Loss: 0.1277 | LR: 0.000474
Epoch 15/100 | Batch 9000/10986 | Loss: 0.1317 | LR: 0.000474
WARNING: NaN/Inf loss detected at batch 9015, skipping...
WARNING: NaN/Inf loss detected at batch 9057, skipping...
WARNING: NaN/Inf loss detected at batch 9059, skipping...
WARNING: NaN/Inf loss detected at batch 9097, skipping...
Epoch 15/100 | Batch 9100/10986 | Loss: 0.1267 | LR: 0.000474
WARNING: NaN/Inf loss detected at batch 9174, skipping...
Epoch 15/100 | Batch 9200/10986 | Loss: 0.1302 | LR: 0.000474
WARNING: NaN/Inf loss detected at batch 9249, skipping...
Epoch 15/100 | Batch 9300/10986 | Loss: 0.1304 | LR: 0.000474
WARNING: NaN/Inf loss detected at batch 9334, skipping...
WARNING: NaN/Inf loss detected at batch 9347, skipping...
WARNING: NaN/Inf loss detected at batch 9364, skipping...
Epoch 15/100 | Batch 9400/10986 | Loss: 0.1339 | LR: 0.000474
WARNING: NaN/Inf loss detected at batch 9401, skipping...
WARNING: NaN/Inf loss detected at batch 9463, skipping...
WARNING: NaN/Inf loss detected at batch 9481, skipping...
Epoch 15/100 | Batch 9500/10986 | Loss: 0.1340 | LR: 0.000474
Epoch 15/100 | Batch 9600/10986 | Loss: 0.1316 | LR: 0.000474
WARNING: NaN/Inf loss detected at batch 9651, skipping...
Epoch 15/100 | Batch 9700/10986 | Loss: 0.1234 | LR: 0.000473
WARNING: NaN/Inf loss detected at batch 9770, skipping...
WARNING: NaN/Inf loss detected at batch 9777, skipping...
WARNING: NaN/Inf loss detected at batch 9796, skipping...
Epoch 15/100 | Batch 9800/10986 | Loss: 0.1256 | LR: 0.000473
WARNING: NaN/Inf loss detected at batch 9814, skipping...
Epoch 15/100 | Batch 9900/10986 | Loss: 0.1285 | LR: 0.000473
WARNING: NaN/Inf loss detected at batch 9922, skipping...
WARNING: NaN/Inf loss detected at batch 9928, skipping...
WARNING: NaN/Inf loss detected at batch 9963, skipping...
Epoch 15/100 | Batch 10000/10986 | Loss: 0.1284 | LR: 0.000473
WARNING: NaN/Inf loss detected at batch 10058, skipping...
Epoch 15/100 | Batch 10100/10986 | Loss: 0.1304 | LR: 0.000473
Epoch 15/100 | Batch 10200/10986 | Loss: 0.1350 | LR: 0.000473
WARNING: NaN/Inf loss detected at batch 10242, skipping...
Epoch 15/100 | Batch 10300/10986 | Loss: 0.1271 | LR: 0.000473
Epoch 15/100 | Batch 10400/10986 | Loss: 0.1288 | LR: 0.000473
Epoch 15/100 | Batch 10500/10986 | Loss: 0.1339 | LR: 0.000473
WARNING: NaN/Inf loss detected at batch 10539, skipping...
WARNING: NaN/Inf loss detected at batch 10554, skipping...
Epoch 15/100 | Batch 10600/10986 | Loss: 0.1329 | LR: 0.000473
WARNING: NaN/Inf loss detected at batch 10639, skipping...
Epoch 15/100 | Batch 10700/10986 | Loss: 0.1311 | LR: 0.000473
WARNING: NaN/Inf loss detected at batch 10731, skipping...
Epoch 15/100 | Batch 10800/10986 | Loss: 0.1274 | LR: 0.000473
WARNING: NaN/Inf loss detected at batch 10879, skipping...
WARNING: NaN/Inf loss detected at batch 10883, skipping...
Epoch 15/100 | Batch 10900/10986 | Loss: 0.1322 | LR: 0.000473

Epoch 15/100 Summary:
Average Training Loss: 2.1146
Average Validation Loss: 1.4129
Best Validation Loss: 1.4129
Learning Rate: 0.000473
Epoch 16/100 | Batch 0/10986 | Loss: 0.1374 | LR: 0.000473
WARNING: NaN/Inf loss detected at batch 56, skipping...
WARNING: NaN/Inf loss detected at batch 75, skipping...
WARNING: NaN/Inf loss detected at batch 83, skipping...
Epoch 16/100 | Batch 100/10986 | Loss: 0.1358 | LR: 0.000473
Epoch 16/100 | Batch 200/10986 | Loss: 0.1337 | LR: 0.000473
WARNING: NaN/Inf loss detected at batch 268, skipping...
Epoch 16/100 | Batch 300/10986 | Loss: 0.1286 | LR: 0.000473
WARNING: NaN/Inf loss detected at batch 381, skipping...
Epoch 16/100 | Batch 400/10986 | Loss: 0.1292 | LR: 0.000473
WARNING: NaN/Inf loss detected at batch 448, skipping...
WARNING: NaN/Inf loss detected at batch 456, skipping...
WARNING: NaN/Inf loss detected at batch 474, skipping...
WARNING: NaN/Inf loss detected at batch 479, skipping...
WARNING: NaN/Inf loss detected at batch 481, skipping...
WARNING: NaN/Inf loss detected at batch 482, skipping...
Epoch 16/100 | Batch 500/10986 | Loss: 0.1353 | LR: 0.000473
WARNING: NaN/Inf loss detected at batch 563, skipping...
Epoch 16/100 | Batch 600/10986 | Loss: 0.1262 | LR: 0.000473
Epoch 16/100 | Batch 700/10986 | Loss: 0.1352 | LR: 0.000473
WARNING: NaN/Inf loss detected at batch 702, skipping...
WARNING: NaN/Inf loss detected at batch 758, skipping...
Epoch 16/100 | Batch 800/10986 | Loss: 0.1315 | LR: 0.000473
WARNING: NaN/Inf loss detected at batch 801, skipping...
WARNING: NaN/Inf loss detected at batch 808, skipping...
WARNING: NaN/Inf loss detected at batch 810, skipping...
WARNING: NaN/Inf loss detected at batch 857, skipping...
WARNING: NaN/Inf loss detected at batch 866, skipping...
WARNING: NaN/Inf loss detected at batch 875, skipping...
WARNING: NaN/Inf loss detected at batch 888, skipping...
WARNING: NaN/Inf loss detected at batch 893, skipping...
Epoch 16/100 | Batch 900/10986 | Loss: 0.1243 | LR: 0.000473
WARNING: NaN/Inf loss detected at batch 909, skipping...
WARNING: NaN/Inf loss detected at batch 920, skipping...
WARNING: NaN/Inf loss detected at batch 924, skipping...
WARNING: NaN/Inf loss detected at batch 940, skipping...
WARNING: NaN/Inf loss detected at batch 989, skipping...
WARNING: NaN/Inf loss detected at batch 999, skipping...
Epoch 16/100 | Batch 1000/10986 | Loss: 0.1332 | LR: 0.000473
WARNING: NaN/Inf loss detected at batch 1020, skipping...
WARNING: NaN/Inf loss detected at batch 1073, skipping...
WARNING: NaN/Inf loss detected at batch 1075, skipping...
WARNING: NaN/Inf loss detected at batch 1083, skipping...
Epoch 16/100 | Batch 1100/10986 | Loss: 0.1310 | LR: 0.000473
WARNING: NaN/Inf loss detected at batch 1159, skipping...
Epoch 16/100 | Batch 1200/10986 | Loss: 0.1299 | LR: 0.000473
WARNING: NaN/Inf loss detected at batch 1238, skipping...
Epoch 16/100 | Batch 1300/10986 | Loss: 0.1314 | LR: 0.000473
Epoch 16/100 | Batch 1400/10986 | Loss: 0.1325 | LR: 0.000473
WARNING: NaN/Inf loss detected at batch 1402, skipping...
WARNING: NaN/Inf loss detected at batch 1410, skipping...
WARNING: NaN/Inf loss detected at batch 1419, skipping...
WARNING: NaN/Inf loss detected at batch 1475, skipping...
WARNING: NaN/Inf loss detected at batch 1483, skipping...
Epoch 16/100 | Batch 1500/10986 | Loss: 0.1282 | LR: 0.000473
WARNING: NaN/Inf loss detected at batch 1558, skipping...
WARNING: NaN/Inf loss detected at batch 1559, skipping...
WARNING: NaN/Inf loss detected at batch 1568, skipping...
Epoch 16/100 | Batch 1600/10986 | Loss: 0.1346 | LR: 0.000473
WARNING: NaN/Inf loss detected at batch 1694, skipping...
Epoch 16/100 | Batch 1700/10986 | Loss: 0.1326 | LR: 0.000473
Epoch 16/100 | Batch 1800/10986 | Loss: 0.1328 | LR: 0.000472
WARNING: NaN/Inf loss detected at batch 1886, skipping...
Epoch 16/100 | Batch 1900/10986 | Loss: 0.1374 | LR: 0.000472
WARNING: NaN/Inf loss detected at batch 1921, skipping...
WARNING: NaN/Inf loss detected at batch 1931, skipping...
WARNING: NaN/Inf loss detected at batch 1936, skipping...
WARNING: NaN/Inf loss detected at batch 1994, skipping...
WARNING: NaN/Inf loss detected at batch 1997, skipping...
Epoch 16/100 | Batch 2000/10986 | Loss: 0.1299 | LR: 0.000472
WARNING: NaN/Inf loss detected at batch 2052, skipping...
WARNING: NaN/Inf loss detected at batch 2068, skipping...
Epoch 16/100 | Batch 2100/10986 | Loss: 0.1301 | LR: 0.000472
WARNING: NaN/Inf loss detected at batch 2124, skipping...
WARNING: NaN/Inf loss detected at batch 2190, skipping...
Epoch 16/100 | Batch 2200/10986 | Loss: 0.1337 | LR: 0.000472
WARNING: NaN/Inf loss detected at batch 2268, skipping...
Epoch 16/100 | Batch 2300/10986 | Loss: 0.1338 | LR: 0.000472
WARNING: NaN/Inf loss detected at batch 2305, skipping...
WARNING: NaN/Inf loss detected at batch 2308, skipping...
WARNING: NaN/Inf loss detected at batch 2312, skipping...
WARNING: NaN/Inf loss detected at batch 2325, skipping...
Epoch 16/100 | Batch 2400/10986 | Loss: 0.1296 | LR: 0.000472
WARNING: NaN/Inf loss detected at batch 2416, skipping...
WARNING: NaN/Inf loss detected at batch 2447, skipping...
WARNING: NaN/Inf loss detected at batch 2479, skipping...
WARNING: NaN/Inf loss detected at batch 2490, skipping...
Epoch 16/100 | Batch 2500/10986 | Loss: 0.1346 | LR: 0.000472
WARNING: NaN/Inf loss detected at batch 2571, skipping...
Epoch 16/100 | Batch 2600/10986 | Loss: 0.1238 | LR: 0.000472
WARNING: NaN/Inf loss detected at batch 2606, skipping...
WARNING: NaN/Inf loss detected at batch 2636, skipping...
WARNING: NaN/Inf loss detected at batch 2637, skipping...
Epoch 16/100 | Batch 2700/10986 | Loss: 0.1301 | LR: 0.000472
WARNING: NaN/Inf loss detected at batch 2711, skipping...
Epoch 16/100 | Batch 2800/10986 | Loss: 0.1321 | LR: 0.000472
WARNING: NaN/Inf loss detected at batch 2840, skipping...
WARNING: NaN/Inf loss detected at batch 2854, skipping...
WARNING: NaN/Inf loss detected at batch 2887, skipping...
Epoch 16/100 | Batch 2900/10986 | Loss: 0.1341 | LR: 0.000472
WARNING: NaN/Inf loss detected at batch 2914, skipping...
WARNING: NaN/Inf loss detected at batch 2923, skipping...
WARNING: NaN/Inf loss detected at batch 2940, skipping...
WARNING: NaN/Inf loss detected at batch 2952, skipping...
Epoch 16/100 | Batch 3000/10986 | Loss: 0.1330 | LR: 0.000472
WARNING: NaN/Inf loss detected at batch 3024, skipping...
WARNING: NaN/Inf loss detected at batch 3026, skipping...
WARNING: NaN/Inf loss detected at batch 3027, skipping...
WARNING: NaN/Inf loss detected at batch 3063, skipping...
WARNING: NaN/Inf loss detected at batch 3082, skipping...
Epoch 16/100 | Batch 3100/10986 | Loss: 0.1340 | LR: 0.000472
WARNING: NaN/Inf loss detected at batch 3123, skipping...
WARNING: NaN/Inf loss detected at batch 3174, skipping...
Epoch 16/100 | Batch 3200/10986 | Loss: 0.1369 | LR: 0.000472
WARNING: NaN/Inf loss detected at batch 3259, skipping...
WARNING: NaN/Inf loss detected at batch 3268, skipping...
Epoch 16/100 | Batch 3300/10986 | Loss: 0.1283 | LR: 0.000472
WARNING: NaN/Inf loss detected at batch 3332, skipping...
WARNING: NaN/Inf loss detected at batch 3337, skipping...
WARNING: NaN/Inf loss detected at batch 3365, skipping...
WARNING: NaN/Inf loss detected at batch 3366, skipping...
WARNING: NaN/Inf loss detected at batch 3370, skipping...
WARNING: NaN/Inf loss detected at batch 3396, skipping...
Epoch 16/100 | Batch 3400/10986 | Loss: 0.1348 | LR: 0.000472
WARNING: NaN/Inf loss detected at batch 3401, skipping...
WARNING: NaN/Inf loss detected at batch 3419, skipping...
WARNING: NaN/Inf loss detected at batch 3427, skipping...
WARNING: NaN/Inf loss detected at batch 3446, skipping...
WARNING: NaN/Inf loss detected at batch 3451, skipping...
WARNING: NaN/Inf loss detected at batch 3486, skipping...
Epoch 16/100 | Batch 3500/10986 | Loss: 0.1391 | LR: 0.000472
WARNING: NaN/Inf loss detected at batch 3520, skipping...
WARNING: NaN/Inf loss detected at batch 3561, skipping...
Epoch 16/100 | Batch 3600/10986 | Loss: 0.1290 | LR: 0.000472
WARNING: NaN/Inf loss detected at batch 3683, skipping...
WARNING: NaN/Inf loss detected at batch 3696, skipping...
Epoch 16/100 | Batch 3700/10986 | Loss: 0.1318 | LR: 0.000472
WARNING: NaN/Inf loss detected at batch 3752, skipping...
Epoch 16/100 | Batch 3800/10986 | Loss: 0.1307 | LR: 0.000472
WARNING: NaN/Inf loss detected at batch 3841, skipping...
Epoch 16/100 | Batch 3900/10986 | Loss: 0.1280 | LR: 0.000472
WARNING: NaN/Inf loss detected at batch 3947, skipping...
Epoch 16/100 | Batch 4000/10986 | Loss: 0.1305 | LR: 0.000472
WARNING: NaN/Inf loss detected at batch 4009, skipping...
WARNING: NaN/Inf loss detected at batch 4040, skipping...
WARNING: NaN/Inf loss detected at batch 4091, skipping...
Epoch 16/100 | Batch 4100/10986 | Loss: 0.1331 | LR: 0.000472
WARNING: NaN/Inf loss detected at batch 4156, skipping...
WARNING: NaN/Inf loss detected at batch 4167, skipping...
Epoch 16/100 | Batch 4200/10986 | Loss: 0.1344 | LR: 0.000472
WARNING: NaN/Inf loss detected at batch 4236, skipping...
WARNING: NaN/Inf loss detected at batch 4274, skipping...
WARNING: NaN/Inf loss detected at batch 4279, skipping...
Epoch 16/100 | Batch 4300/10986 | Loss: 0.1254 | LR: 0.000472
WARNING: NaN/Inf loss detected at batch 4306, skipping...
WARNING: NaN/Inf loss detected at batch 4333, skipping...
WARNING: NaN/Inf loss detected at batch 4359, skipping...
WARNING: NaN/Inf loss detected at batch 4377, skipping...
Epoch 16/100 | Batch 4400/10986 | Loss: 0.1247 | LR: 0.000472
WARNING: NaN/Inf loss detected at batch 4419, skipping...
WARNING: NaN/Inf loss detected at batch 4435, skipping...
WARNING: NaN/Inf loss detected at batch 4455, skipping...
WARNING: NaN/Inf loss detected at batch 4492, skipping...
Epoch 16/100 | Batch 4500/10986 | Loss: 0.1444 | LR: 0.000472
WARNING: NaN/Inf loss detected at batch 4550, skipping...
WARNING: NaN/Inf loss detected at batch 4576, skipping...
WARNING: NaN/Inf loss detected at batch 4595, skipping...
Epoch 16/100 | Batch 4600/10986 | Loss: 0.1229 | LR: 0.000472
WARNING: NaN/Inf loss detected at batch 4613, skipping...
WARNING: NaN/Inf loss detected at batch 4650, skipping...
WARNING: NaN/Inf loss detected at batch 4682, skipping...
Epoch 16/100 | Batch 4700/10986 | Loss: 0.1322 | LR: 0.000472
WARNING: NaN/Inf loss detected at batch 4702, skipping...
WARNING: NaN/Inf loss detected at batch 4724, skipping...
WARNING: NaN/Inf loss detected at batch 4796, skipping...
Epoch 16/100 | Batch 4800/10986 | Loss: 0.1277 | LR: 0.000472
WARNING: NaN/Inf loss detected at batch 4819, skipping...
WARNING: NaN/Inf loss detected at batch 4825, skipping...
WARNING: NaN/Inf loss detected at batch 4850, skipping...
Epoch 16/100 | Batch 4900/10986 | Loss: 0.1312 | LR: 0.000472
WARNING: NaN/Inf loss detected at batch 4945, skipping...
WARNING: NaN/Inf loss detected at batch 4981, skipping...
WARNING: NaN/Inf loss detected at batch 4998, skipping...
Epoch 16/100 | Batch 5000/10986 | Loss: 0.1299 | LR: 0.000471
WARNING: NaN/Inf loss detected at batch 5011, skipping...
WARNING: NaN/Inf loss detected at batch 5019, skipping...
WARNING: NaN/Inf loss detected at batch 5032, skipping...
WARNING: NaN/Inf loss detected at batch 5043, skipping...
WARNING: NaN/Inf loss detected at batch 5088, skipping...
WARNING: NaN/Inf loss detected at batch 5091, skipping...
Epoch 16/100 | Batch 5100/10986 | Loss: 0.1324 | LR: 0.000471
WARNING: NaN/Inf loss detected at batch 5116, skipping...
WARNING: NaN/Inf loss detected at batch 5129, skipping...
WARNING: NaN/Inf loss detected at batch 5145, skipping...
WARNING: NaN/Inf loss detected at batch 5155, skipping...
WARNING: NaN/Inf loss detected at batch 5182, skipping...
WARNING: NaN/Inf loss detected at batch 5190, skipping...
Epoch 16/100 | Batch 5200/10986 | Loss: 0.1337 | LR: 0.000471
WARNING: NaN/Inf loss detected at batch 5207, skipping...
WARNING: NaN/Inf loss detected at batch 5210, skipping...
WARNING: NaN/Inf loss detected at batch 5240, skipping...
WARNING: NaN/Inf loss detected at batch 5241, skipping...
WARNING: NaN/Inf loss detected at batch 5242, skipping...
WARNING: NaN/Inf loss detected at batch 5247, skipping...
WARNING: NaN/Inf loss detected at batch 5268, skipping...
WARNING: NaN/Inf loss detected at batch 5284, skipping...
WARNING: NaN/Inf loss detected at batch 5296, skipping...
Epoch 16/100 | Batch 5300/10986 | Loss: 0.1305 | LR: 0.000471
WARNING: NaN/Inf loss detected at batch 5312, skipping...
WARNING: NaN/Inf loss detected at batch 5320, skipping...
WARNING: NaN/Inf loss detected at batch 5330, skipping...
WARNING: NaN/Inf loss detected at batch 5353, skipping...
Epoch 16/100 | Batch 5400/10986 | Loss: 0.1272 | LR: 0.000471
WARNING: NaN/Inf loss detected at batch 5445, skipping...
Epoch 16/100 | Batch 5500/10986 | Loss: 0.1324 | LR: 0.000471
WARNING: NaN/Inf loss detected at batch 5502, skipping...
WARNING: NaN/Inf loss detected at batch 5506, skipping...
WARNING: NaN/Inf loss detected at batch 5522, skipping...
WARNING: NaN/Inf loss detected at batch 5578, skipping...
WARNING: NaN/Inf loss detected at batch 5588, skipping...
Epoch 16/100 | Batch 5600/10986 | Loss: 0.1334 | LR: 0.000471
WARNING: NaN/Inf loss detected at batch 5612, skipping...
WARNING: NaN/Inf loss detected at batch 5628, skipping...
WARNING: NaN/Inf loss detected at batch 5629, skipping...
WARNING: NaN/Inf loss detected at batch 5635, skipping...
WARNING: NaN/Inf loss detected at batch 5643, skipping...
WARNING: NaN/Inf loss detected at batch 5644, skipping...
WARNING: NaN/Inf loss detected at batch 5648, skipping...
WARNING: NaN/Inf loss detected at batch 5655, skipping...
WARNING: NaN/Inf loss detected at batch 5681, skipping...
WARNING: NaN/Inf loss detected at batch 5700, skipping...
WARNING: NaN/Inf loss detected at batch 5713, skipping...
WARNING: NaN/Inf loss detected at batch 5746, skipping...
WARNING: NaN/Inf loss detected at batch 5753, skipping...
WARNING: NaN/Inf loss detected at batch 5783, skipping...
Epoch 16/100 | Batch 5800/10986 | Loss: 0.1298 | LR: 0.000471
WARNING: NaN/Inf loss detected at batch 5810, skipping...
Epoch 16/100 | Batch 5900/10986 | Loss: 0.1298 | LR: 0.000471
WARNING: NaN/Inf loss detected at batch 5905, skipping...
Epoch 16/100 | Batch 6000/10986 | Loss: 0.1285 | LR: 0.000471
Epoch 16/100 | Batch 6100/10986 | Loss: 0.1291 | LR: 0.000471
Epoch 16/100 | Batch 6200/10986 | Loss: 0.1304 | LR: 0.000471
WARNING: NaN/Inf loss detected at batch 6238, skipping...
WARNING: NaN/Inf loss detected at batch 6247, skipping...
WARNING: NaN/Inf loss detected at batch 6262, skipping...
WARNING: NaN/Inf loss detected at batch 6280, skipping...
WARNING: NaN/Inf loss detected at batch 6291, skipping...
Epoch 16/100 | Batch 6300/10986 | Loss: 0.1343 | LR: 0.000471
WARNING: NaN/Inf loss detected at batch 6304, skipping...
WARNING: NaN/Inf loss detected at batch 6314, skipping...
WARNING: NaN/Inf loss detected at batch 6318, skipping...
WARNING: NaN/Inf loss detected at batch 6334, skipping...
WARNING: NaN/Inf loss detected at batch 6365, skipping...
WARNING: NaN/Inf loss detected at batch 6368, skipping...
WARNING: NaN/Inf loss detected at batch 6379, skipping...
WARNING: NaN/Inf loss detected at batch 6386, skipping...
Epoch 16/100 | Batch 6400/10986 | Loss: 0.1346 | LR: 0.000471
WARNING: NaN/Inf loss detected at batch 6421, skipping...
WARNING: NaN/Inf loss detected at batch 6461, skipping...
WARNING: NaN/Inf loss detected at batch 6465, skipping...
WARNING: NaN/Inf loss detected at batch 6486, skipping...
Epoch 16/100 | Batch 6500/10986 | Loss: 0.1312 | LR: 0.000471
WARNING: NaN/Inf loss detected at batch 6590, skipping...
Epoch 16/100 | Batch 6600/10986 | Loss: 0.1324 | LR: 0.000471
WARNING: NaN/Inf loss detected at batch 6631, skipping...
Epoch 16/100 | Batch 6700/10986 | Loss: 0.1379 | LR: 0.000471
Epoch 16/100 | Batch 6800/10986 | Loss: 0.1296 | LR: 0.000471
WARNING: NaN/Inf loss detected at batch 6809, skipping...
WARNING: NaN/Inf loss detected at batch 6846, skipping...
WARNING: NaN/Inf loss detected at batch 6848, skipping...
WARNING: NaN/Inf loss detected at batch 6849, skipping...
Epoch 16/100 | Batch 6900/10986 | Loss: 0.1295 | LR: 0.000471
WARNING: NaN/Inf loss detected at batch 6912, skipping...
WARNING: NaN/Inf loss detected at batch 6922, skipping...
WARNING: NaN/Inf loss detected at batch 6970, skipping...
Epoch 16/100 | Batch 7000/10986 | Loss: 0.1307 | LR: 0.000471
WARNING: NaN/Inf loss detected at batch 7042, skipping...
WARNING: NaN/Inf loss detected at batch 7059, skipping...
Epoch 16/100 | Batch 7100/10986 | Loss: 0.1250 | LR: 0.000471
WARNING: NaN/Inf loss detected at batch 7137, skipping...
WARNING: NaN/Inf loss detected at batch 7192, skipping...
Epoch 16/100 | Batch 7200/10986 | Loss: 0.1299 | LR: 0.000471
WARNING: NaN/Inf loss detected at batch 7215, skipping...
WARNING: NaN/Inf loss detected at batch 7216, skipping...
WARNING: NaN/Inf loss detected at batch 7243, skipping...
WARNING: NaN/Inf loss detected at batch 7266, skipping...
WARNING: NaN/Inf loss detected at batch 7268, skipping...
WARNING: NaN/Inf loss detected at batch 7278, skipping...
WARNING: NaN/Inf loss detected at batch 7283, skipping...
Epoch 16/100 | Batch 7300/10986 | Loss: 0.1313 | LR: 0.000471
WARNING: NaN/Inf loss detected at batch 7386, skipping...
WARNING: NaN/Inf loss detected at batch 7399, skipping...
Epoch 16/100 | Batch 7400/10986 | Loss: 0.1330 | LR: 0.000471
WARNING: NaN/Inf loss detected at batch 7411, skipping...
Epoch 16/100 | Batch 7500/10986 | Loss: 0.1378 | LR: 0.000471
WARNING: NaN/Inf loss detected at batch 7503, skipping...
WARNING: NaN/Inf loss detected at batch 7511, skipping...
WARNING: NaN/Inf loss detected at batch 7521, skipping...
WARNING: NaN/Inf loss detected at batch 7579, skipping...
WARNING: NaN/Inf loss detected at batch 7582, skipping...
WARNING: NaN/Inf loss detected at batch 7585, skipping...
WARNING: NaN/Inf loss detected at batch 7594, skipping...
Epoch 16/100 | Batch 7600/10986 | Loss: 0.1339 | LR: 0.000471
WARNING: NaN/Inf loss detected at batch 7607, skipping...
WARNING: NaN/Inf loss detected at batch 7609, skipping...
WARNING: NaN/Inf loss detected at batch 7622, skipping...
WARNING: NaN/Inf loss detected at batch 7639, skipping...
WARNING: NaN/Inf loss detected at batch 7648, skipping...
WARNING: NaN/Inf loss detected at batch 7680, skipping...
Epoch 16/100 | Batch 7700/10986 | Loss: 0.1309 | LR: 0.000471
WARNING: NaN/Inf loss detected at batch 7702, skipping...
WARNING: NaN/Inf loss detected at batch 7724, skipping...
WARNING: NaN/Inf loss detected at batch 7733, skipping...
WARNING: NaN/Inf loss detected at batch 7773, skipping...
Epoch 16/100 | Batch 7800/10986 | Loss: 0.1313 | LR: 0.000471
WARNING: NaN/Inf loss detected at batch 7835, skipping...
WARNING: NaN/Inf loss detected at batch 7861, skipping...
Epoch 16/100 | Batch 7900/10986 | Loss: 0.1286 | LR: 0.000471
WARNING: NaN/Inf loss detected at batch 7927, skipping...
WARNING: NaN/Inf loss detected at batch 7960, skipping...
Epoch 16/100 | Batch 8000/10986 | Loss: 0.1267 | LR: 0.000471
Epoch 16/100 | Batch 8100/10986 | Loss: 0.1352 | LR: 0.000470
WARNING: NaN/Inf loss detected at batch 8120, skipping...
WARNING: NaN/Inf loss detected at batch 8199, skipping...
Epoch 16/100 | Batch 8200/10986 | Loss: 0.1311 | LR: 0.000470
WARNING: NaN/Inf loss detected at batch 8280, skipping...
Epoch 16/100 | Batch 8300/10986 | Loss: 0.1355 | LR: 0.000470
WARNING: NaN/Inf loss detected at batch 8321, skipping...
Epoch 16/100 | Batch 8400/10986 | Loss: 0.1324 | LR: 0.000470
WARNING: NaN/Inf loss detected at batch 8409, skipping...
WARNING: NaN/Inf loss detected at batch 8475, skipping...
Epoch 16/100 | Batch 8500/10986 | Loss: 0.1300 | LR: 0.000470
WARNING: NaN/Inf loss detected at batch 8551, skipping...
WARNING: NaN/Inf loss detected at batch 8593, skipping...
Epoch 16/100 | Batch 8600/10986 | Loss: 0.1293 | LR: 0.000470
WARNING: NaN/Inf loss detected at batch 8696, skipping...
Epoch 16/100 | Batch 8700/10986 | Loss: 0.1275 | LR: 0.000470
Epoch 16/100 | Batch 8800/10986 | Loss: 0.1357 | LR: 0.000470
WARNING: NaN/Inf loss detected at batch 8853, skipping...
WARNING: NaN/Inf loss detected at batch 8863, skipping...
Epoch 16/100 | Batch 8900/10986 | Loss: 0.1268 | LR: 0.000470
WARNING: NaN/Inf loss detected at batch 8943, skipping...
WARNING: NaN/Inf loss detected at batch 8955, skipping...
Epoch 16/100 | Batch 9000/10986 | Loss: 0.1312 | LR: 0.000470
WARNING: NaN/Inf loss detected at batch 9049, skipping...
WARNING: NaN/Inf loss detected at batch 9057, skipping...
WARNING: NaN/Inf loss detected at batch 9072, skipping...
WARNING: NaN/Inf loss detected at batch 9099, skipping...
Epoch 16/100 | Batch 9100/10986 | Loss: 0.1261 | LR: 0.000470
WARNING: NaN/Inf loss detected at batch 9161, skipping...
WARNING: NaN/Inf loss detected at batch 9199, skipping...
Epoch 16/100 | Batch 9200/10986 | Loss: 0.1294 | LR: 0.000470
WARNING: NaN/Inf loss detected at batch 9218, skipping...
WARNING: NaN/Inf loss detected at batch 9227, skipping...
WARNING: NaN/Inf loss detected at batch 9254, skipping...
WARNING: NaN/Inf loss detected at batch 9255, skipping...
Epoch 16/100 | Batch 9300/10986 | Loss: 0.1299 | LR: 0.000470
WARNING: NaN/Inf loss detected at batch 9328, skipping...
WARNING: NaN/Inf loss detected at batch 9351, skipping...
Epoch 16/100 | Batch 9400/10986 | Loss: 0.1334 | LR: 0.000470
WARNING: NaN/Inf loss detected at batch 9471, skipping...
WARNING: NaN/Inf loss detected at batch 9481, skipping...
WARNING: NaN/Inf loss detected at batch 9490, skipping...
WARNING: NaN/Inf loss detected at batch 9491, skipping...
WARNING: NaN/Inf loss detected at batch 9495, skipping...
Epoch 16/100 | Batch 9500/10986 | Loss: 0.1331 | LR: 0.000470
WARNING: NaN/Inf loss detected at batch 9503, skipping...
WARNING: NaN/Inf loss detected at batch 9505, skipping...
WARNING: NaN/Inf loss detected at batch 9518, skipping...
Epoch 16/100 | Batch 9600/10986 | Loss: 0.1313 | LR: 0.000470
WARNING: NaN/Inf loss detected at batch 9612, skipping...
WARNING: NaN/Inf loss detected at batch 9642, skipping...
WARNING: NaN/Inf loss detected at batch 9663, skipping...
Epoch 16/100 | Batch 9700/10986 | Loss: 0.1230 | LR: 0.000470
WARNING: NaN/Inf loss detected at batch 9750, skipping...
WARNING: NaN/Inf loss detected at batch 9789, skipping...
WARNING: NaN/Inf loss detected at batch 9793, skipping...
WARNING: NaN/Inf loss detected at batch 9797, skipping...
Epoch 16/100 | Batch 9800/10986 | Loss: 0.1250 | LR: 0.000470
Epoch 16/100 | Batch 9900/10986 | Loss: 0.1280 | LR: 0.000470
Epoch 16/100 | Batch 10000/10986 | Loss: 0.1278 | LR: 0.000470
WARNING: NaN/Inf loss detected at batch 10013, skipping...
WARNING: NaN/Inf loss detected at batch 10026, skipping...
WARNING: NaN/Inf loss detected at batch 10058, skipping...
Epoch 16/100 | Batch 10100/10986 | Loss: 0.1302 | LR: 0.000470
Epoch 16/100 | Batch 10200/10986 | Loss: 0.1341 | LR: 0.000470
Epoch 16/100 | Batch 10300/10986 | Loss: 0.1267 | LR: 0.000470
Epoch 16/100 | Batch 10400/10986 | Loss: 0.1279 | LR: 0.000470
WARNING: NaN/Inf loss detected at batch 10418, skipping...
Epoch 16/100 | Batch 10500/10986 | Loss: 0.1332 | LR: 0.000470
Epoch 16/100 | Batch 10600/10986 | Loss: 0.1325 | LR: 0.000470
WARNING: NaN/Inf loss detected at batch 10694, skipping...
Epoch 16/100 | Batch 10700/10986 | Loss: 0.1309 | LR: 0.000470
WARNING: NaN/Inf loss detected at batch 10711, skipping...
WARNING: NaN/Inf loss detected at batch 10712, skipping...
WARNING: NaN/Inf loss detected at batch 10752, skipping...
WARNING: NaN/Inf loss detected at batch 10774, skipping...
WARNING: NaN/Inf loss detected at batch 10784, skipping...
Epoch 16/100 | Batch 10800/10986 | Loss: 0.1272 | LR: 0.000470
WARNING: NaN/Inf loss detected at batch 10847, skipping...
WARNING: NaN/Inf loss detected at batch 10870, skipping...
WARNING: NaN/Inf loss detected at batch 10897, skipping...
Epoch 16/100 | Batch 10900/10986 | Loss: 0.1316 | LR: 0.000470
WARNING: NaN/Inf loss detected at batch 10959, skipping...
WARNING: NaN/Inf loss detected at batch 10978, skipping...

Epoch 16/100 Summary:
Average Training Loss: 2.1022
Average Validation Loss: 1.4024
Best Validation Loss: 1.4024
Learning Rate: 0.000470
Epoch 17/100 | Batch 0/10986 | Loss: 0.1361 | LR: 0.000470
WARNING: NaN/Inf loss detected at batch 76, skipping...
WARNING: NaN/Inf loss detected at batch 100, skipping...
WARNING: NaN/Inf loss detected at batch 110, skipping...
WARNING: NaN/Inf loss detected at batch 133, skipping...
WARNING: NaN/Inf loss detected at batch 159, skipping...
Epoch 17/100 | Batch 200/10986 | Loss: 0.1328 | LR: 0.000469
WARNING: NaN/Inf loss detected at batch 205, skipping...
WARNING: NaN/Inf loss detected at batch 215, skipping...
WARNING: NaN/Inf loss detected at batch 236, skipping...
WARNING: NaN/Inf loss detected at batch 265, skipping...
WARNING: NaN/Inf loss detected at batch 271, skipping...
Epoch 17/100 | Batch 300/10986 | Loss: 0.1281 | LR: 0.000469
WARNING: NaN/Inf loss detected at batch 366, skipping...
Epoch 17/100 | Batch 400/10986 | Loss: 0.1283 | LR: 0.000469
WARNING: NaN/Inf loss detected at batch 424, skipping...
WARNING: NaN/Inf loss detected at batch 474, skipping...
WARNING: NaN/Inf loss detected at batch 481, skipping...
WARNING: NaN/Inf loss detected at batch 496, skipping...
WARNING: NaN/Inf loss detected at batch 497, skipping...
Epoch 17/100 | Batch 500/10986 | Loss: 0.1341 | LR: 0.000469
WARNING: NaN/Inf loss detected at batch 594, skipping...
WARNING: NaN/Inf loss detected at batch 595, skipping...
Epoch 17/100 | Batch 600/10986 | Loss: 0.1260 | LR: 0.000469
WARNING: NaN/Inf loss detected at batch 607, skipping...
WARNING: NaN/Inf loss detected at batch 673, skipping...
WARNING: NaN/Inf loss detected at batch 698, skipping...
Epoch 17/100 | Batch 700/10986 | Loss: 0.1349 | LR: 0.000469
WARNING: NaN/Inf loss detected at batch 728, skipping...
Epoch 17/100 | Batch 800/10986 | Loss: 0.1302 | LR: 0.000469
WARNING: NaN/Inf loss detected at batch 823, skipping...
WARNING: NaN/Inf loss detected at batch 855, skipping...
WARNING: NaN/Inf loss detected at batch 871, skipping...
Epoch 17/100 | Batch 900/10986 | Loss: 0.1239 | LR: 0.000469
WARNING: NaN/Inf loss detected at batch 924, skipping...
WARNING: NaN/Inf loss detected at batch 996, skipping...
WARNING: NaN/Inf loss detected at batch 999, skipping...
Epoch 17/100 | Batch 1000/10986 | Loss: 0.1321 | LR: 0.000469
WARNING: NaN/Inf loss detected at batch 1020, skipping...
WARNING: NaN/Inf loss detected at batch 1032, skipping...
WARNING: NaN/Inf loss detected at batch 1051, skipping...
WARNING: NaN/Inf loss detected at batch 1061, skipping...
WARNING: NaN/Inf loss detected at batch 1065, skipping...
WARNING: NaN/Inf loss detected at batch 1079, skipping...
WARNING: NaN/Inf loss detected at batch 1089, skipping...
Epoch 17/100 | Batch 1100/10986 | Loss: 0.1301 | LR: 0.000469
WARNING: NaN/Inf loss detected at batch 1105, skipping...
WARNING: NaN/Inf loss detected at batch 1112, skipping...
WARNING: NaN/Inf loss detected at batch 1129, skipping...
WARNING: NaN/Inf loss detected at batch 1130, skipping...
WARNING: NaN/Inf loss detected at batch 1168, skipping...
WARNING: NaN/Inf loss detected at batch 1177, skipping...
WARNING: NaN/Inf loss detected at batch 1181, skipping...
WARNING: NaN/Inf loss detected at batch 1188, skipping...
Epoch 17/100 | Batch 1200/10986 | Loss: 0.1289 | LR: 0.000469
WARNING: NaN/Inf loss detected at batch 1235, skipping...
Epoch 17/100 | Batch 1300/10986 | Loss: 0.1302 | LR: 0.000469
WARNING: NaN/Inf loss detected at batch 1314, skipping...
WARNING: NaN/Inf loss detected at batch 1325, skipping...
WARNING: NaN/Inf loss detected at batch 1384, skipping...
WARNING: NaN/Inf loss detected at batch 1394, skipping...
WARNING: NaN/Inf loss detected at batch 1399, skipping...
Epoch 17/100 | Batch 1400/10986 | Loss: 0.1322 | LR: 0.000469
WARNING: NaN/Inf loss detected at batch 1406, skipping...
WARNING: NaN/Inf loss detected at batch 1408, skipping...
WARNING: NaN/Inf loss detected at batch 1432, skipping...
WARNING: NaN/Inf loss detected at batch 1452, skipping...
WARNING: NaN/Inf loss detected at batch 1457, skipping...
Epoch 17/100 | Batch 1500/10986 | Loss: 0.1280 | LR: 0.000469
WARNING: NaN/Inf loss detected at batch 1529, skipping...
Epoch 17/100 | Batch 1600/10986 | Loss: 0.1337 | LR: 0.000469
WARNING: NaN/Inf loss detected at batch 1605, skipping...
WARNING: NaN/Inf loss detected at batch 1670, skipping...
Epoch 17/100 | Batch 1700/10986 | Loss: 0.1315 | LR: 0.000469
WARNING: NaN/Inf loss detected at batch 1731, skipping...
Epoch 17/100 | Batch 1800/10986 | Loss: 0.1324 | LR: 0.000469
WARNING: NaN/Inf loss detected at batch 1829, skipping...
WARNING: NaN/Inf loss detected at batch 1878, skipping...
Epoch 17/100 | Batch 1900/10986 | Loss: 0.1361 | LR: 0.000469
WARNING: NaN/Inf loss detected at batch 1944, skipping...
WARNING: NaN/Inf loss detected at batch 1991, skipping...
Epoch 17/100 | Batch 2000/10986 | Loss: 0.1289 | LR: 0.000469
WARNING: NaN/Inf loss detected at batch 2016, skipping...
WARNING: NaN/Inf loss detected at batch 2052, skipping...
WARNING: NaN/Inf loss detected at batch 2074, skipping...
Epoch 17/100 | Batch 2100/10986 | Loss: 0.1290 | LR: 0.000469
WARNING: NaN/Inf loss detected at batch 2173, skipping...
WARNING: NaN/Inf loss detected at batch 2190, skipping...
Epoch 17/100 | Batch 2200/10986 | Loss: 0.1335 | LR: 0.000469
Epoch 17/100 | Batch 2300/10986 | Loss: 0.1332 | LR: 0.000469
WARNING: NaN/Inf loss detected at batch 2310, skipping...
Epoch 17/100 | Batch 2400/10986 | Loss: 0.1294 | LR: 0.000469
WARNING: NaN/Inf loss detected at batch 2490, skipping...
Epoch 17/100 | Batch 2500/10986 | Loss: 0.1339 | LR: 0.000469
WARNING: NaN/Inf loss detected at batch 2547, skipping...
WARNING: NaN/Inf loss detected at batch 2589, skipping...
WARNING: NaN/Inf loss detected at batch 2595, skipping...
WARNING: NaN/Inf loss detected at batch 2597, skipping...
Epoch 17/100 | Batch 2600/10986 | Loss: 0.1232 | LR: 0.000469
WARNING: NaN/Inf loss detected at batch 2635, skipping...
WARNING: NaN/Inf loss detected at batch 2637, skipping...
Epoch 17/100 | Batch 2700/10986 | Loss: 0.1298 | LR: 0.000469
WARNING: NaN/Inf loss detected at batch 2714, skipping...
WARNING: NaN/Inf loss detected at batch 2720, skipping...
WARNING: NaN/Inf loss detected at batch 2751, skipping...
Epoch 17/100 | Batch 2800/10986 | Loss: 0.1319 | LR: 0.000469
WARNING: NaN/Inf loss detected at batch 2845, skipping...
WARNING: NaN/Inf loss detected at batch 2854, skipping...
WARNING: NaN/Inf loss detected at batch 2873, skipping...
WARNING: NaN/Inf loss detected at batch 2880, skipping...
Epoch 17/100 | Batch 2900/10986 | Loss: 0.1336 | LR: 0.000469
WARNING: NaN/Inf loss detected at batch 2901, skipping...
WARNING: NaN/Inf loss detected at batch 2919, skipping...
WARNING: NaN/Inf loss detected at batch 2993, skipping...
Epoch 17/100 | Batch 3000/10986 | Loss: 0.1322 | LR: 0.000468
WARNING: NaN/Inf loss detected at batch 3012, skipping...
WARNING: NaN/Inf loss detected at batch 3015, skipping...
WARNING: NaN/Inf loss detected at batch 3023, skipping...
WARNING: NaN/Inf loss detected at batch 3025, skipping...
WARNING: NaN/Inf loss detected at batch 3027, skipping...
WARNING: NaN/Inf loss detected at batch 3043, skipping...
WARNING: NaN/Inf loss detected at batch 3047, skipping...
WARNING: NaN/Inf loss detected at batch 3052, skipping...
WARNING: NaN/Inf loss detected at batch 3074, skipping...
WARNING: NaN/Inf loss detected at batch 3078, skipping...
Epoch 17/100 | Batch 3100/10986 | Loss: 0.1329 | LR: 0.000468
WARNING: NaN/Inf loss detected at batch 3103, skipping...
WARNING: NaN/Inf loss detected at batch 3140, skipping...
WARNING: NaN/Inf loss detected at batch 3157, skipping...
WARNING: NaN/Inf loss detected at batch 3158, skipping...
WARNING: NaN/Inf loss detected at batch 3171, skipping...
WARNING: NaN/Inf loss detected at batch 3176, skipping...
WARNING: NaN/Inf loss detected at batch 3191, skipping...
WARNING: NaN/Inf loss detected at batch 3194, skipping...
WARNING: NaN/Inf loss detected at batch 3196, skipping...
WARNING: NaN/Inf loss detected at batch 3198, skipping...
Epoch 17/100 | Batch 3200/10986 | Loss: 0.1364 | LR: 0.000468
WARNING: NaN/Inf loss detected at batch 3217, skipping...
WARNING: NaN/Inf loss detected at batch 3226, skipping...
WARNING: NaN/Inf loss detected at batch 3255, skipping...
Epoch 17/100 | Batch 3300/10986 | Loss: 0.1274 | LR: 0.000468
WARNING: NaN/Inf loss detected at batch 3315, skipping...
WARNING: NaN/Inf loss detected at batch 3333, skipping...
WARNING: NaN/Inf loss detected at batch 3356, skipping...
WARNING: NaN/Inf loss detected at batch 3357, skipping...
WARNING: NaN/Inf loss detected at batch 3369, skipping...
WARNING: NaN/Inf loss detected at batch 3377, skipping...
Epoch 17/100 | Batch 3400/10986 | Loss: 0.1347 | LR: 0.000468
WARNING: NaN/Inf loss detected at batch 3416, skipping...
WARNING: NaN/Inf loss detected at batch 3429, skipping...
WARNING: NaN/Inf loss detected at batch 3435, skipping...
WARNING: NaN/Inf loss detected at batch 3440, skipping...
WARNING: NaN/Inf loss detected at batch 3453, skipping...
WARNING: NaN/Inf loss detected at batch 3465, skipping...
WARNING: NaN/Inf loss detected at batch 3470, skipping...
WARNING: NaN/Inf loss detected at batch 3483, skipping...
WARNING: NaN/Inf loss detected at batch 3497, skipping...
Epoch 17/100 | Batch 3500/10986 | Loss: 0.1381 | LR: 0.000468
WARNING: NaN/Inf loss detected at batch 3502, skipping...
WARNING: NaN/Inf loss detected at batch 3505, skipping...
WARNING: NaN/Inf loss detected at batch 3514, skipping...
WARNING: NaN/Inf loss detected at batch 3515, skipping...
WARNING: NaN/Inf loss detected at batch 3518, skipping...
WARNING: NaN/Inf loss detected at batch 3591, skipping...
Epoch 17/100 | Batch 3600/10986 | Loss: 0.1287 | LR: 0.000468
WARNING: NaN/Inf loss detected at batch 3612, skipping...
WARNING: NaN/Inf loss detected at batch 3617, skipping...
WARNING: NaN/Inf loss detected at batch 3626, skipping...
WARNING: NaN/Inf loss detected at batch 3645, skipping...
WARNING: NaN/Inf loss detected at batch 3683, skipping...
WARNING: NaN/Inf loss detected at batch 3684, skipping...
WARNING: NaN/Inf loss detected at batch 3689, skipping...
Epoch 17/100 | Batch 3700/10986 | Loss: 0.1311 | LR: 0.000468
WARNING: NaN/Inf loss detected at batch 3705, skipping...
WARNING: NaN/Inf loss detected at batch 3775, skipping...
Epoch 17/100 | Batch 3800/10986 | Loss: 0.1303 | LR: 0.000468
WARNING: NaN/Inf loss detected at batch 3813, skipping...
WARNING: NaN/Inf loss detected at batch 3845, skipping...
WARNING: NaN/Inf loss detected at batch 3848, skipping...
WARNING: NaN/Inf loss detected at batch 3885, skipping...
Epoch 17/100 | Batch 3900/10986 | Loss: 0.1276 | LR: 0.000468
WARNING: NaN/Inf loss detected at batch 3965, skipping...
WARNING: NaN/Inf loss detected at batch 3999, skipping...
Epoch 17/100 | Batch 4000/10986 | Loss: 0.1299 | LR: 0.000468
WARNING: NaN/Inf loss detected at batch 4024, skipping...
WARNING: NaN/Inf loss detected at batch 4025, skipping...
WARNING: NaN/Inf loss detected at batch 4031, skipping...
WARNING: NaN/Inf loss detected at batch 4051, skipping...
WARNING: NaN/Inf loss detected at batch 4058, skipping...
WARNING: NaN/Inf loss detected at batch 4067, skipping...
Epoch 17/100 | Batch 4100/10986 | Loss: 0.1321 | LR: 0.000468
WARNING: NaN/Inf loss detected at batch 4138, skipping...
WARNING: NaN/Inf loss detected at batch 4183, skipping...
Epoch 17/100 | Batch 4200/10986 | Loss: 0.1336 | LR: 0.000468
WARNING: NaN/Inf loss detected at batch 4234, skipping...
WARNING: NaN/Inf loss detected at batch 4274, skipping...
WARNING: NaN/Inf loss detected at batch 4279, skipping...
WARNING: NaN/Inf loss detected at batch 4282, skipping...
Epoch 17/100 | Batch 4300/10986 | Loss: 0.1248 | LR: 0.000468
WARNING: NaN/Inf loss detected at batch 4313, skipping...
WARNING: NaN/Inf loss detected at batch 4332, skipping...
WARNING: NaN/Inf loss detected at batch 4334, skipping...
WARNING: NaN/Inf loss detected at batch 4349, skipping...
WARNING: NaN/Inf loss detected at batch 4368, skipping...
WARNING: NaN/Inf loss detected at batch 4370, skipping...
WARNING: NaN/Inf loss detected at batch 4378, skipping...
Epoch 17/100 | Batch 4400/10986 | Loss: 0.1239 | LR: 0.000468
WARNING: NaN/Inf loss detected at batch 4409, skipping...
WARNING: NaN/Inf loss detected at batch 4419, skipping...
WARNING: NaN/Inf loss detected at batch 4426, skipping...
WARNING: NaN/Inf loss detected at batch 4428, skipping...
WARNING: NaN/Inf loss detected at batch 4429, skipping...
WARNING: NaN/Inf loss detected at batch 4435, skipping...
WARNING: NaN/Inf loss detected at batch 4437, skipping...
WARNING: NaN/Inf loss detected at batch 4456, skipping...
WARNING: NaN/Inf loss detected at batch 4458, skipping...
WARNING: NaN/Inf loss detected at batch 4465, skipping...
WARNING: NaN/Inf loss detected at batch 4468, skipping...
WARNING: NaN/Inf loss detected at batch 4494, skipping...
Epoch 17/100 | Batch 4500/10986 | Loss: 0.1436 | LR: 0.000468
WARNING: NaN/Inf loss detected at batch 4552, skipping...
WARNING: NaN/Inf loss detected at batch 4567, skipping...
WARNING: NaN/Inf loss detected at batch 4575, skipping...
WARNING: NaN/Inf loss detected at batch 4578, skipping...
WARNING: NaN/Inf loss detected at batch 4597, skipping...
Epoch 17/100 | Batch 4600/10986 | Loss: 0.1218 | LR: 0.000468
WARNING: NaN/Inf loss detected at batch 4607, skipping...
WARNING: NaN/Inf loss detected at batch 4654, skipping...
WARNING: NaN/Inf loss detected at batch 4659, skipping...
WARNING: NaN/Inf loss detected at batch 4660, skipping...
WARNING: NaN/Inf loss detected at batch 4665, skipping...
WARNING: NaN/Inf loss detected at batch 4667, skipping...
WARNING: NaN/Inf loss detected at batch 4669, skipping...
WARNING: NaN/Inf loss detected at batch 4671, skipping...
WARNING: NaN/Inf loss detected at batch 4673, skipping...
WARNING: NaN/Inf loss detected at batch 4683, skipping...
Epoch 17/100 | Batch 4700/10986 | Loss: 0.1324 | LR: 0.000468
WARNING: NaN/Inf loss detected at batch 4705, skipping...
WARNING: NaN/Inf loss detected at batch 4753, skipping...
WARNING: NaN/Inf loss detected at batch 4764, skipping...
WARNING: NaN/Inf loss detected at batch 4781, skipping...
WARNING: NaN/Inf loss detected at batch 4794, skipping...
Epoch 17/100 | Batch 4800/10986 | Loss: 0.1274 | LR: 0.000468
WARNING: NaN/Inf loss detected at batch 4806, skipping...
WARNING: NaN/Inf loss detected at batch 4825, skipping...
WARNING: NaN/Inf loss detected at batch 4832, skipping...
WARNING: NaN/Inf loss detected at batch 4843, skipping...
WARNING: NaN/Inf loss detected at batch 4849, skipping...
WARNING: NaN/Inf loss detected at batch 4850, skipping...
WARNING: NaN/Inf loss detected at batch 4887, skipping...
WARNING: NaN/Inf loss detected at batch 4892, skipping...
WARNING: NaN/Inf loss detected at batch 4900, skipping...
WARNING: NaN/Inf loss detected at batch 4924, skipping...
WARNING: NaN/Inf loss detected at batch 4951, skipping...
Epoch 17/100 | Batch 5000/10986 | Loss: 0.1290 | LR: 0.000468
WARNING: NaN/Inf loss detected at batch 5009, skipping...
WARNING: NaN/Inf loss detected at batch 5020, skipping...
WARNING: NaN/Inf loss detected at batch 5025, skipping...
WARNING: NaN/Inf loss detected at batch 5035, skipping...
Epoch 17/100 | Batch 5100/10986 | Loss: 0.1320 | LR: 0.000468
WARNING: NaN/Inf loss detected at batch 5111, skipping...
WARNING: NaN/Inf loss detected at batch 5125, skipping...
WARNING: NaN/Inf loss detected at batch 5143, skipping...
WARNING: NaN/Inf loss detected at batch 5169, skipping...
WARNING: NaN/Inf loss detected at batch 5180, skipping...
WARNING: NaN/Inf loss detected at batch 5190, skipping...
Epoch 17/100 | Batch 5200/10986 | Loss: 0.1330 | LR: 0.000468
WARNING: NaN/Inf loss detected at batch 5206, skipping...
WARNING: NaN/Inf loss detected at batch 5238, skipping...
WARNING: NaN/Inf loss detected at batch 5243, skipping...
WARNING: NaN/Inf loss detected at batch 5260, skipping...
WARNING: NaN/Inf loss detected at batch 5284, skipping...
Epoch 17/100 | Batch 5300/10986 | Loss: 0.1307 | LR: 0.000468
WARNING: NaN/Inf loss detected at batch 5330, skipping...
Epoch 17/100 | Batch 5400/10986 | Loss: 0.1268 | LR: 0.000468
WARNING: NaN/Inf loss detected at batch 5477, skipping...
Epoch 17/100 | Batch 5500/10986 | Loss: 0.1317 | LR: 0.000468
WARNING: NaN/Inf loss detected at batch 5502, skipping...
WARNING: NaN/Inf loss detected at batch 5532, skipping...
WARNING: NaN/Inf loss detected at batch 5553, skipping...
WARNING: NaN/Inf loss detected at batch 5570, skipping...
Epoch 17/100 | Batch 5600/10986 | Loss: 0.1324 | LR: 0.000468
WARNING: NaN/Inf loss detected at batch 5625, skipping...
WARNING: NaN/Inf loss detected at batch 5632, skipping...
WARNING: NaN/Inf loss detected at batch 5640, skipping...
WARNING: NaN/Inf loss detected at batch 5645, skipping...
WARNING: NaN/Inf loss detected at batch 5681, skipping...
WARNING: NaN/Inf loss detected at batch 5700, skipping...
WARNING: NaN/Inf loss detected at batch 5708, skipping...
WARNING: NaN/Inf loss detected at batch 5749, skipping...
WARNING: NaN/Inf loss detected at batch 5765, skipping...
WARNING: NaN/Inf loss detected at batch 5783, skipping...
Epoch 17/100 | Batch 5800/10986 | Loss: 0.1289 | LR: 0.000468
WARNING: NaN/Inf loss detected at batch 5803, skipping...
WARNING: NaN/Inf loss detected at batch 5809, skipping...
WARNING: NaN/Inf loss detected at batch 5826, skipping...
WARNING: NaN/Inf loss detected at batch 5851, skipping...
WARNING: NaN/Inf loss detected at batch 5873, skipping...
WARNING: NaN/Inf loss detected at batch 5884, skipping...
WARNING: NaN/Inf loss detected at batch 5895, skipping...
WARNING: NaN/Inf loss detected at batch 5897, skipping...
WARNING: NaN/Inf loss detected at batch 5898, skipping...
Epoch 17/100 | Batch 5900/10986 | Loss: 0.1287 | LR: 0.000468
WARNING: NaN/Inf loss detected at batch 5904, skipping...
WARNING: NaN/Inf loss detected at batch 5992, skipping...
Epoch 17/100 | Batch 6000/10986 | Loss: 0.1278 | LR: 0.000468
WARNING: NaN/Inf loss detected at batch 6055, skipping...
Epoch 17/100 | Batch 6100/10986 | Loss: 0.1288 | LR: 0.000467
WARNING: NaN/Inf loss detected at batch 6118, skipping...
Epoch 17/100 | Batch 6200/10986 | Loss: 0.1293 | LR: 0.000467
WARNING: NaN/Inf loss detected at batch 6211, skipping...
WARNING: NaN/Inf loss detected at batch 6238, skipping...
WARNING: NaN/Inf loss detected at batch 6247, skipping...
WARNING: NaN/Inf loss detected at batch 6251, skipping...
WARNING: NaN/Inf loss detected at batch 6254, skipping...
WARNING: NaN/Inf loss detected at batch 6269, skipping...
WARNING: NaN/Inf loss detected at batch 6291, skipping...
WARNING: NaN/Inf loss detected at batch 6300, skipping...
WARNING: NaN/Inf loss detected at batch 6302, skipping...
WARNING: NaN/Inf loss detected at batch 6304, skipping...
WARNING: NaN/Inf loss detected at batch 6314, skipping...
WARNING: NaN/Inf loss detected at batch 6316, skipping...
WARNING: NaN/Inf loss detected at batch 6334, skipping...
WARNING: NaN/Inf loss detected at batch 6346, skipping...
WARNING: NaN/Inf loss detected at batch 6368, skipping...
WARNING: NaN/Inf loss detected at batch 6386, skipping...
WARNING: NaN/Inf loss detected at batch 6387, skipping...
Epoch 17/100 | Batch 6400/10986 | Loss: 0.1333 | LR: 0.000467
WARNING: NaN/Inf loss detected at batch 6421, skipping...
WARNING: NaN/Inf loss detected at batch 6465, skipping...
WARNING: NaN/Inf loss detected at batch 6470, skipping...
WARNING: NaN/Inf loss detected at batch 6472, skipping...
WARNING: NaN/Inf loss detected at batch 6473, skipping...
WARNING: NaN/Inf loss detected at batch 6484, skipping...
Epoch 17/100 | Batch 6500/10986 | Loss: 0.1306 | LR: 0.000467
WARNING: NaN/Inf loss detected at batch 6525, skipping...
Epoch 17/100 | Batch 6600/10986 | Loss: 0.1321 | LR: 0.000467
WARNING: NaN/Inf loss detected at batch 6653, skipping...
WARNING: NaN/Inf loss detected at batch 6683, skipping...
Epoch 17/100 | Batch 6700/10986 | Loss: 0.1366 | LR: 0.000467
WARNING: NaN/Inf loss detected at batch 6734, skipping...
WARNING: NaN/Inf loss detected at batch 6752, skipping...
WARNING: NaN/Inf loss detected at batch 6800, skipping...
WARNING: NaN/Inf loss detected at batch 6846, skipping...
WARNING: NaN/Inf loss detected at batch 6847, skipping...
WARNING: NaN/Inf loss detected at batch 6849, skipping...
WARNING: NaN/Inf loss detected at batch 6886, skipping...
WARNING: NaN/Inf loss detected at batch 6898, skipping...
Epoch 17/100 | Batch 6900/10986 | Loss: 0.1288 | LR: 0.000467
WARNING: NaN/Inf loss detected at batch 6903, skipping...
WARNING: NaN/Inf loss detected at batch 6919, skipping...
WARNING: NaN/Inf loss detected at batch 6978, skipping...
WARNING: NaN/Inf loss detected at batch 6980, skipping...
Epoch 17/100 | Batch 7000/10986 | Loss: 0.1305 | LR: 0.000467
WARNING: NaN/Inf loss detected at batch 7008, skipping...
WARNING: NaN/Inf loss detected at batch 7015, skipping...
WARNING: NaN/Inf loss detected at batch 7027, skipping...
WARNING: NaN/Inf loss detected at batch 7034, skipping...
Epoch 17/100 | Batch 7100/10986 | Loss: 0.1241 | LR: 0.000467
WARNING: NaN/Inf loss detected at batch 7106, skipping...
WARNING: NaN/Inf loss detected at batch 7131, skipping...
WARNING: NaN/Inf loss detected at batch 7138, skipping...
WARNING: NaN/Inf loss detected at batch 7166, skipping...
WARNING: NaN/Inf loss detected at batch 7171, skipping...
WARNING: NaN/Inf loss detected at batch 7185, skipping...
Epoch 17/100 | Batch 7200/10986 | Loss: 0.1296 | LR: 0.000467
WARNING: NaN/Inf loss detected at batch 7204, skipping...
WARNING: NaN/Inf loss detected at batch 7214, skipping...
WARNING: NaN/Inf loss detected at batch 7215, skipping...
WARNING: NaN/Inf loss detected at batch 7216, skipping...
WARNING: NaN/Inf loss detected at batch 7217, skipping...
WARNING: NaN/Inf loss detected at batch 7224, skipping...
WARNING: NaN/Inf loss detected at batch 7227, skipping...
WARNING: NaN/Inf loss detected at batch 7228, skipping...
WARNING: NaN/Inf loss detected at batch 7247, skipping...
WARNING: NaN/Inf loss detected at batch 7251, skipping...
WARNING: NaN/Inf loss detected at batch 7256, skipping...
WARNING: NaN/Inf loss detected at batch 7257, skipping...
WARNING: NaN/Inf loss detected at batch 7271, skipping...
WARNING: NaN/Inf loss detected at batch 7272, skipping...
WARNING: NaN/Inf loss detected at batch 7279, skipping...
WARNING: NaN/Inf loss detected at batch 7282, skipping...
WARNING: NaN/Inf loss detected at batch 7283, skipping...
WARNING: NaN/Inf loss detected at batch 7291, skipping...
WARNING: NaN/Inf loss detected at batch 7294, skipping...
WARNING: NaN/Inf loss detected at batch 7296, skipping...
WARNING: NaN/Inf loss detected at batch 7298, skipping...
Epoch 17/100 | Batch 7300/10986 | Loss: 0.1306 | LR: 0.000467
WARNING: NaN/Inf loss detected at batch 7313, skipping...
WARNING: NaN/Inf loss detected at batch 7315, skipping...
WARNING: NaN/Inf loss detected at batch 7320, skipping...
WARNING: NaN/Inf loss detected at batch 7353, skipping...
WARNING: NaN/Inf loss detected at batch 7354, skipping...
WARNING: NaN/Inf loss detected at batch 7378, skipping...
WARNING: NaN/Inf loss detected at batch 7386, skipping...
WARNING: NaN/Inf loss detected at batch 7395, skipping...
WARNING: NaN/Inf loss detected at batch 7399, skipping...
Epoch 17/100 | Batch 7400/10986 | Loss: 0.1325 | LR: 0.000467
WARNING: NaN/Inf loss detected at batch 7435, skipping...
WARNING: NaN/Inf loss detected at batch 7452, skipping...
WARNING: NaN/Inf loss detected at batch 7496, skipping...
Epoch 17/100 | Batch 7500/10986 | Loss: 0.1370 | LR: 0.000467
WARNING: NaN/Inf loss detected at batch 7502, skipping...
WARNING: NaN/Inf loss detected at batch 7515, skipping...
WARNING: NaN/Inf loss detected at batch 7578, skipping...
Epoch 17/100 | Batch 7600/10986 | Loss: 0.1338 | LR: 0.000467
WARNING: NaN/Inf loss detected at batch 7610, skipping...
WARNING: NaN/Inf loss detected at batch 7612, skipping...
WARNING: NaN/Inf loss detected at batch 7656, skipping...
Epoch 17/100 | Batch 7700/10986 | Loss: 0.1306 | LR: 0.000467
WARNING: NaN/Inf loss detected at batch 7707, skipping...
WARNING: NaN/Inf loss detected at batch 7718, skipping...
WARNING: NaN/Inf loss detected at batch 7722, skipping...
WARNING: NaN/Inf loss detected at batch 7724, skipping...
WARNING: NaN/Inf loss detected at batch 7727, skipping...
WARNING: NaN/Inf loss detected at batch 7728, skipping...
WARNING: NaN/Inf loss detected at batch 7731, skipping...
WARNING: NaN/Inf loss detected at batch 7733, skipping...
WARNING: NaN/Inf loss detected at batch 7735, skipping...
Epoch 17/100 | Batch 7800/10986 | Loss: 0.1306 | LR: 0.000467
WARNING: NaN/Inf loss detected at batch 7816, skipping...
WARNING: NaN/Inf loss detected at batch 7829, skipping...
WARNING: NaN/Inf loss detected at batch 7845, skipping...
WARNING: NaN/Inf loss detected at batch 7856, skipping...
Epoch 17/100 | Batch 7900/10986 | Loss: 0.1281 | LR: 0.000467
WARNING: NaN/Inf loss detected at batch 7939, skipping...
WARNING: NaN/Inf loss detected at batch 7956, skipping...
WARNING: NaN/Inf loss detected at batch 7957, skipping...
WARNING: NaN/Inf loss detected at batch 7960, skipping...
WARNING: NaN/Inf loss detected at batch 7963, skipping...
WARNING: NaN/Inf loss detected at batch 7980, skipping...
WARNING: NaN/Inf loss detected at batch 7985, skipping...
WARNING: NaN/Inf loss detected at batch 7989, skipping...
Epoch 17/100 | Batch 8000/10986 | Loss: 0.1263 | LR: 0.000467
WARNING: NaN/Inf loss detected at batch 8010, skipping...
WARNING: NaN/Inf loss detected at batch 8013, skipping...
WARNING: NaN/Inf loss detected at batch 8014, skipping...
WARNING: NaN/Inf loss detected at batch 8015, skipping...
WARNING: NaN/Inf loss detected at batch 8025, skipping...
WARNING: NaN/Inf loss detected at batch 8029, skipping...
WARNING: NaN/Inf loss detected at batch 8035, skipping...
WARNING: NaN/Inf loss detected at batch 8048, skipping...
WARNING: NaN/Inf loss detected at batch 8062, skipping...
WARNING: NaN/Inf loss detected at batch 8097, skipping...
Epoch 17/100 | Batch 8100/10986 | Loss: 0.1348 | LR: 0.000467
WARNING: NaN/Inf loss detected at batch 8161, skipping...
Epoch 17/100 | Batch 8200/10986 | Loss: 0.1302 | LR: 0.000467
WARNING: NaN/Inf loss detected at batch 8219, skipping...
WARNING: NaN/Inf loss detected at batch 8238, skipping...
Epoch 17/100 | Batch 8300/10986 | Loss: 0.1352 | LR: 0.000467
Epoch 17/100 | Batch 8400/10986 | Loss: 0.1320 | LR: 0.000467
Epoch 17/100 | Batch 8500/10986 | Loss: 0.1292 | LR: 0.000467
Epoch 17/100 | Batch 8600/10986 | Loss: 0.1292 | LR: 0.000467
WARNING: NaN/Inf loss detected at batch 8662, skipping...
Epoch 17/100 | Batch 8700/10986 | Loss: 0.1266 | LR: 0.000467
Epoch 17/100 | Batch 8800/10986 | Loss: 0.1355 | LR: 0.000467
WARNING: NaN/Inf loss detected at batch 8807, skipping...
WARNING: NaN/Inf loss detected at batch 8869, skipping...
Epoch 17/100 | Batch 8900/10986 | Loss: 0.1265 | LR: 0.000467
WARNING: NaN/Inf loss detected at batch 8919, skipping...
WARNING: NaN/Inf loss detected at batch 8921, skipping...
WARNING: NaN/Inf loss detected at batch 8942, skipping...
Epoch 17/100 | Batch 9000/10986 | Loss: 0.1304 | LR: 0.000466
Epoch 17/100 | Batch 9100/10986 | Loss: 0.1254 | LR: 0.000466
Epoch 17/100 | Batch 9200/10986 | Loss: 0.1287 | LR: 0.000466
WARNING: NaN/Inf loss detected at batch 9227, skipping...
Epoch 17/100 | Batch 9300/10986 | Loss: 0.1294 | LR: 0.000466
WARNING: NaN/Inf loss detected at batch 9321, skipping...
WARNING: NaN/Inf loss detected at batch 9357, skipping...
WARNING: NaN/Inf loss detected at batch 9380, skipping...
Epoch 17/100 | Batch 9400/10986 | Loss: 0.1326 | LR: 0.000466
WARNING: NaN/Inf loss detected at batch 9452, skipping...
WARNING: NaN/Inf loss detected at batch 9494, skipping...
WARNING: NaN/Inf loss detected at batch 9495, skipping...
Epoch 17/100 | Batch 9500/10986 | Loss: 0.1328 | LR: 0.000466
WARNING: NaN/Inf loss detected at batch 9503, skipping...
WARNING: NaN/Inf loss detected at batch 9518, skipping...
WARNING: NaN/Inf loss detected at batch 9540, skipping...
WARNING: NaN/Inf loss detected at batch 9549, skipping...
WARNING: NaN/Inf loss detected at batch 9554, skipping...
WARNING: NaN/Inf loss detected at batch 9580, skipping...
WARNING: NaN/Inf loss detected at batch 9582, skipping...
WARNING: NaN/Inf loss detected at batch 9592, skipping...
Epoch 17/100 | Batch 9600/10986 | Loss: 0.1307 | LR: 0.000466
WARNING: NaN/Inf loss detected at batch 9612, skipping...
WARNING: NaN/Inf loss detected at batch 9642, skipping...
WARNING: NaN/Inf loss detected at batch 9658, skipping...
WARNING: NaN/Inf loss detected at batch 9678, skipping...
WARNING: NaN/Inf loss detected at batch 9688, skipping...
Epoch 17/100 | Batch 9700/10986 | Loss: 0.1229 | LR: 0.000466
WARNING: NaN/Inf loss detected at batch 9708, skipping...
WARNING: NaN/Inf loss detected at batch 9712, skipping...
WARNING: NaN/Inf loss detected at batch 9722, skipping...
WARNING: NaN/Inf loss detected at batch 9731, skipping...
WARNING: NaN/Inf loss detected at batch 9743, skipping...
WARNING: NaN/Inf loss detected at batch 9744, skipping...
WARNING: NaN/Inf loss detected at batch 9754, skipping...
WARNING: NaN/Inf loss detected at batch 9761, skipping...
WARNING: NaN/Inf loss detected at batch 9780, skipping...
WARNING: NaN/Inf loss detected at batch 9783, skipping...
WARNING: NaN/Inf loss detected at batch 9785, skipping...
Epoch 17/100 | Batch 9800/10986 | Loss: 0.1244 | LR: 0.000466
WARNING: NaN/Inf loss detected at batch 9814, skipping...
Epoch 17/100 | Batch 9900/10986 | Loss: 0.1273 | LR: 0.000466
WARNING: NaN/Inf loss detected at batch 9918, skipping...
WARNING: NaN/Inf loss detected at batch 9952, skipping...
WARNING: NaN/Inf loss detected at batch 9962, skipping...
Epoch 17/100 | Batch 10000/10986 | Loss: 0.1268 | LR: 0.000466
WARNING: NaN/Inf loss detected at batch 10043, skipping...
Epoch 17/100 | Batch 10100/10986 | Loss: 0.1293 | LR: 0.000466
Epoch 17/100 | Batch 10200/10986 | Loss: 0.1336 | LR: 0.000466
Epoch 17/100 | Batch 10300/10986 | Loss: 0.1259 | LR: 0.000466
Epoch 17/100 | Batch 10400/10986 | Loss: 0.1277 | LR: 0.000466
WARNING: NaN/Inf loss detected at batch 10461, skipping...
WARNING: NaN/Inf loss detected at batch 10480, skipping...
WARNING: NaN/Inf loss detected at batch 10492, skipping...
Epoch 17/100 | Batch 10500/10986 | Loss: 0.1322 | LR: 0.000466
WARNING: NaN/Inf loss detected at batch 10536, skipping...
WARNING: NaN/Inf loss detected at batch 10554, skipping...
WARNING: NaN/Inf loss detected at batch 10570, skipping...
Epoch 17/100 | Batch 10600/10986 | Loss: 0.1317 | LR: 0.000466
WARNING: NaN/Inf loss detected at batch 10639, skipping...
Epoch 17/100 | Batch 10700/10986 | Loss: 0.1302 | LR: 0.000466
WARNING: NaN/Inf loss detected at batch 10774, skipping...
WARNING: NaN/Inf loss detected at batch 10790, skipping...
Epoch 17/100 | Batch 10800/10986 | Loss: 0.1265 | LR: 0.000466
WARNING: NaN/Inf loss detected at batch 10885, skipping...
Epoch 17/100 | Batch 10900/10986 | Loss: 0.1309 | LR: 0.000466
WARNING: NaN/Inf loss detected at batch 10902, skipping...
WARNING: NaN/Inf loss detected at batch 10908, skipping...
WARNING: NaN/Inf loss detected at batch 10932, skipping...
WARNING: NaN/Inf loss detected at batch 10941, skipping...

Epoch 17/100 Summary:
Average Training Loss: 2.0920
Average Validation Loss: 1.3957
Best Validation Loss: 1.3957
Learning Rate: 0.000466
Epoch 18/100 | Batch 0/10986 | Loss: 0.1361 | LR: 0.000466
WARNING: NaN/Inf loss detected at batch 7, skipping...
WARNING: NaN/Inf loss detected at batch 42, skipping...
WARNING: NaN/Inf loss detected at batch 43, skipping...
WARNING: NaN/Inf loss detected at batch 54, skipping...
Epoch 18/100 | Batch 100/10986 | Loss: 0.1345 | LR: 0.000466
Epoch 18/100 | Batch 200/10986 | Loss: 0.1327 | LR: 0.000466
WARNING: NaN/Inf loss detected at batch 246, skipping...
WARNING: NaN/Inf loss detected at batch 265, skipping...
WARNING: NaN/Inf loss detected at batch 267, skipping...
WARNING: NaN/Inf loss detected at batch 270, skipping...
WARNING: NaN/Inf loss detected at batch 271, skipping...
WARNING: NaN/Inf loss detected at batch 274, skipping...
WARNING: NaN/Inf loss detected at batch 275, skipping...
WARNING: NaN/Inf loss detected at batch 276, skipping...
Epoch 18/100 | Batch 300/10986 | Loss: 0.1281 | LR: 0.000466
WARNING: NaN/Inf loss detected at batch 339, skipping...
WARNING: NaN/Inf loss detected at batch 354, skipping...
WARNING: NaN/Inf loss detected at batch 368, skipping...
WARNING: NaN/Inf loss detected at batch 379, skipping...
WARNING: NaN/Inf loss detected at batch 392, skipping...
Epoch 18/100 | Batch 400/10986 | Loss: 0.1279 | LR: 0.000466
WARNING: NaN/Inf loss detected at batch 448, skipping...
WARNING: NaN/Inf loss detected at batch 481, skipping...
Epoch 18/100 | Batch 500/10986 | Loss: 0.1340 | LR: 0.000466
WARNING: NaN/Inf loss detected at batch 532, skipping...
WARNING: NaN/Inf loss detected at batch 536, skipping...
WARNING: NaN/Inf loss detected at batch 541, skipping...
WARNING: NaN/Inf loss detected at batch 547, skipping...
WARNING: NaN/Inf loss detected at batch 548, skipping...
WARNING: NaN/Inf loss detected at batch 557, skipping...
WARNING: NaN/Inf loss detected at batch 578, skipping...
WARNING: NaN/Inf loss detected at batch 595, skipping...
Epoch 18/100 | Batch 600/10986 | Loss: 0.1254 | LR: 0.000466
WARNING: NaN/Inf loss detected at batch 609, skipping...
WARNING: NaN/Inf loss detected at batch 615, skipping...
WARNING: NaN/Inf loss detected at batch 625, skipping...
WARNING: NaN/Inf loss detected at batch 644, skipping...
WARNING: NaN/Inf loss detected at batch 687, skipping...
WARNING: NaN/Inf loss detected at batch 694, skipping...
Epoch 18/100 | Batch 700/10986 | Loss: 0.1343 | LR: 0.000466
WARNING: NaN/Inf loss detected at batch 702, skipping...
WARNING: NaN/Inf loss detected at batch 706, skipping...
WARNING: NaN/Inf loss detected at batch 713, skipping...
WARNING: NaN/Inf loss detected at batch 723, skipping...
Epoch 18/100 | Batch 800/10986 | Loss: 0.1301 | LR: 0.000466
WARNING: NaN/Inf loss detected at batch 805, skipping...
WARNING: NaN/Inf loss detected at batch 851, skipping...
Epoch 18/100 | Batch 900/10986 | Loss: 0.1233 | LR: 0.000465
WARNING: NaN/Inf loss detected at batch 908, skipping...
WARNING: NaN/Inf loss detected at batch 914, skipping...
WARNING: NaN/Inf loss detected at batch 918, skipping...
WARNING: NaN/Inf loss detected at batch 934, skipping...
WARNING: NaN/Inf loss detected at batch 941, skipping...
Epoch 18/100 | Batch 1000/10986 | Loss: 0.1315 | LR: 0.000465
WARNING: NaN/Inf loss detected at batch 1061, skipping...
WARNING: NaN/Inf loss detected at batch 1065, skipping...
WARNING: NaN/Inf loss detected at batch 1074, skipping...
WARNING: NaN/Inf loss detected at batch 1087, skipping...
Epoch 18/100 | Batch 1100/10986 | Loss: 0.1299 | LR: 0.000465
WARNING: NaN/Inf loss detected at batch 1101, skipping...
WARNING: NaN/Inf loss detected at batch 1112, skipping...
WARNING: NaN/Inf loss detected at batch 1126, skipping...
WARNING: NaN/Inf loss detected at batch 1128, skipping...
WARNING: NaN/Inf loss detected at batch 1163, skipping...
WARNING: NaN/Inf loss detected at batch 1166, skipping...
WARNING: NaN/Inf loss detected at batch 1169, skipping...
WARNING: NaN/Inf loss detected at batch 1178, skipping...
WARNING: NaN/Inf loss detected at batch 1181, skipping...
WARNING: NaN/Inf loss detected at batch 1195, skipping...
Epoch 18/100 | Batch 1200/10986 | Loss: 0.1285 | LR: 0.000465
WARNING: NaN/Inf loss detected at batch 1223, skipping...
Epoch 18/100 | Batch 1300/10986 | Loss: 0.1300 | LR: 0.000465
WARNING: NaN/Inf loss detected at batch 1362, skipping...
WARNING: NaN/Inf loss detected at batch 1384, skipping...
WARNING: NaN/Inf loss detected at batch 1396, skipping...
Epoch 18/100 | Batch 1400/10986 | Loss: 0.1311 | LR: 0.000465
WARNING: NaN/Inf loss detected at batch 1406, skipping...
WARNING: NaN/Inf loss detected at batch 1411, skipping...
WARNING: NaN/Inf loss detected at batch 1432, skipping...
WARNING: NaN/Inf loss detected at batch 1434, skipping...
WARNING: NaN/Inf loss detected at batch 1435, skipping...
WARNING: NaN/Inf loss detected at batch 1455, skipping...
WARNING: NaN/Inf loss detected at batch 1477, skipping...
Epoch 18/100 | Batch 1500/10986 | Loss: 0.1272 | LR: 0.000465
WARNING: NaN/Inf loss detected at batch 1529, skipping...
WARNING: NaN/Inf loss detected at batch 1554, skipping...
WARNING: NaN/Inf loss detected at batch 1559, skipping...
WARNING: NaN/Inf loss detected at batch 1561, skipping...
WARNING: NaN/Inf loss detected at batch 1563, skipping...
WARNING: NaN/Inf loss detected at batch 1593, skipping...
WARNING: NaN/Inf loss detected at batch 1595, skipping...
Epoch 18/100 | Batch 1600/10986 | Loss: 0.1330 | LR: 0.000465
WARNING: NaN/Inf loss detected at batch 1636, skipping...
WARNING: NaN/Inf loss detected at batch 1642, skipping...
Epoch 18/100 | Batch 1700/10986 | Loss: 0.1307 | LR: 0.000465
WARNING: NaN/Inf loss detected at batch 1749, skipping...
WARNING: NaN/Inf loss detected at batch 1762, skipping...
WARNING: NaN/Inf loss detected at batch 1784, skipping...
WARNING: NaN/Inf loss detected at batch 1785, skipping...
Epoch 18/100 | Batch 1800/10986 | Loss: 0.1318 | LR: 0.000465
WARNING: NaN/Inf loss detected at batch 1807, skipping...
WARNING: NaN/Inf loss detected at batch 1821, skipping...
WARNING: NaN/Inf loss detected at batch 1864, skipping...
WARNING: NaN/Inf loss detected at batch 1865, skipping...
Epoch 18/100 | Batch 1900/10986 | Loss: 0.1364 | LR: 0.000465
Epoch 18/100 | Batch 2000/10986 | Loss: 0.1278 | LR: 0.000465
WARNING: NaN/Inf loss detected at batch 2006, skipping...
WARNING: NaN/Inf loss detected at batch 2072, skipping...
WARNING: NaN/Inf loss detected at batch 2076, skipping...
WARNING: NaN/Inf loss detected at batch 2083, skipping...
Epoch 18/100 | Batch 2100/10986 | Loss: 0.1285 | LR: 0.000465
WARNING: NaN/Inf loss detected at batch 2102, skipping...
WARNING: NaN/Inf loss detected at batch 2108, skipping...
WARNING: NaN/Inf loss detected at batch 2133, skipping...
WARNING: NaN/Inf loss detected at batch 2171, skipping...
WARNING: NaN/Inf loss detected at batch 2190, skipping...
Epoch 18/100 | Batch 2200/10986 | Loss: 0.1327 | LR: 0.000465
WARNING: NaN/Inf loss detected at batch 2221, skipping...
WARNING: NaN/Inf loss detected at batch 2251, skipping...
WARNING: NaN/Inf loss detected at batch 2252, skipping...
WARNING: NaN/Inf loss detected at batch 2256, skipping...
WARNING: NaN/Inf loss detected at batch 2267, skipping...
WARNING: NaN/Inf loss detected at batch 2268, skipping...
WARNING: NaN/Inf loss detected at batch 2272, skipping...
Epoch 18/100 | Batch 2300/10986 | Loss: 0.1330 | LR: 0.000465
WARNING: NaN/Inf loss detected at batch 2302, skipping...
WARNING: NaN/Inf loss detected at batch 2304, skipping...
WARNING: NaN/Inf loss detected at batch 2312, skipping...
WARNING: NaN/Inf loss detected at batch 2313, skipping...
WARNING: NaN/Inf loss detected at batch 2314, skipping...
WARNING: NaN/Inf loss detected at batch 2339, skipping...
WARNING: NaN/Inf loss detected at batch 2351, skipping...
Epoch 18/100 | Batch 2400/10986 | Loss: 0.1287 | LR: 0.000465
WARNING: NaN/Inf loss detected at batch 2406, skipping...
WARNING: NaN/Inf loss detected at batch 2432, skipping...
WARNING: NaN/Inf loss detected at batch 2464, skipping...
WARNING: NaN/Inf loss detected at batch 2481, skipping...
WARNING: NaN/Inf loss detected at batch 2485, skipping...
WARNING: NaN/Inf loss detected at batch 2490, skipping...
WARNING: NaN/Inf loss detected at batch 2491, skipping...
Epoch 18/100 | Batch 2500/10986 | Loss: 0.1334 | LR: 0.000465
WARNING: NaN/Inf loss detected at batch 2501, skipping...
WARNING: NaN/Inf loss detected at batch 2568, skipping...
WARNING: NaN/Inf loss detected at batch 2589, skipping...
WARNING: NaN/Inf loss detected at batch 2597, skipping...
Epoch 18/100 | Batch 2600/10986 | Loss: 0.1232 | LR: 0.000465
WARNING: NaN/Inf loss detected at batch 2604, skipping...
WARNING: NaN/Inf loss detected at batch 2608, skipping...
WARNING: NaN/Inf loss detected at batch 2613, skipping...
WARNING: NaN/Inf loss detected at batch 2628, skipping...
WARNING: NaN/Inf loss detected at batch 2633, skipping...
WARNING: NaN/Inf loss detected at batch 2635, skipping...
Epoch 18/100 | Batch 2700/10986 | Loss: 0.1292 | LR: 0.000465
WARNING: NaN/Inf loss detected at batch 2716, skipping...
WARNING: NaN/Inf loss detected at batch 2717, skipping...
WARNING: NaN/Inf loss detected at batch 2718, skipping...
WARNING: NaN/Inf loss detected at batch 2719, skipping...
WARNING: NaN/Inf loss detected at batch 2720, skipping...
WARNING: NaN/Inf loss detected at batch 2721, skipping...
WARNING: NaN/Inf loss detected at batch 2734, skipping...
WARNING: NaN/Inf loss detected at batch 2751, skipping...
WARNING: NaN/Inf loss detected at batch 2753, skipping...
WARNING: NaN/Inf loss detected at batch 2780, skipping...
Epoch 18/100 | Batch 2800/10986 | Loss: 0.1317 | LR: 0.000465
WARNING: NaN/Inf loss detected at batch 2817, skipping...
WARNING: NaN/Inf loss detected at batch 2827, skipping...
WARNING: NaN/Inf loss detected at batch 2854, skipping...
WARNING: NaN/Inf loss detected at batch 2874, skipping...
Epoch 18/100 | Batch 2900/10986 | Loss: 0.1329 | LR: 0.000465
WARNING: NaN/Inf loss detected at batch 2949, skipping...
WARNING: NaN/Inf loss detected at batch 2964, skipping...
Epoch 18/100 | Batch 3000/10986 | Loss: 0.1316 | LR: 0.000465
WARNING: NaN/Inf loss detected at batch 3015, skipping...
WARNING: NaN/Inf loss detected at batch 3027, skipping...
WARNING: NaN/Inf loss detected at batch 3029, skipping...
WARNING: NaN/Inf loss detected at batch 3052, skipping...
WARNING: NaN/Inf loss detected at batch 3053, skipping...
WARNING: NaN/Inf loss detected at batch 3059, skipping...
WARNING: NaN/Inf loss detected at batch 3074, skipping...
WARNING: NaN/Inf loss detected at batch 3085, skipping...
Epoch 18/100 | Batch 3100/10986 | Loss: 0.1324 | LR: 0.000465
WARNING: NaN/Inf loss detected at batch 3154, skipping...
Epoch 18/100 | Batch 3200/10986 | Loss: 0.1357 | LR: 0.000465
WARNING: NaN/Inf loss detected at batch 3226, skipping...
WARNING: NaN/Inf loss detected at batch 3268, skipping...
Epoch 18/100 | Batch 3300/10986 | Loss: 0.1269 | LR: 0.000465
WARNING: NaN/Inf loss detected at batch 3366, skipping...
WARNING: NaN/Inf loss detected at batch 3375, skipping...
Epoch 18/100 | Batch 3400/10986 | Loss: 0.1338 | LR: 0.000465
WARNING: NaN/Inf loss detected at batch 3499, skipping...
Epoch 18/100 | Batch 3500/10986 | Loss: 0.1376 | LR: 0.000465
WARNING: NaN/Inf loss detected at batch 3578, skipping...
Epoch 18/100 | Batch 3600/10986 | Loss: 0.1276 | LR: 0.000465
WARNING: NaN/Inf loss detected at batch 3625, skipping...
WARNING: NaN/Inf loss detected at batch 3635, skipping...
WARNING: NaN/Inf loss detected at batch 3647, skipping...
WARNING: NaN/Inf loss detected at batch 3683, skipping...
WARNING: NaN/Inf loss detected at batch 3696, skipping...
Epoch 18/100 | Batch 3700/10986 | Loss: 0.1305 | LR: 0.000465
WARNING: NaN/Inf loss detected at batch 3749, skipping...
WARNING: NaN/Inf loss detected at batch 3754, skipping...
Epoch 18/100 | Batch 3800/10986 | Loss: 0.1293 | LR: 0.000464
Epoch 18/100 | Batch 3900/10986 | Loss: 0.1267 | LR: 0.000464
WARNING: NaN/Inf loss detected at batch 3905, skipping...
WARNING: NaN/Inf loss detected at batch 3963, skipping...
WARNING: NaN/Inf loss detected at batch 3995, skipping...
WARNING: NaN/Inf loss detected at batch 3999, skipping...
Epoch 18/100 | Batch 4000/10986 | Loss: 0.1293 | LR: 0.000464
WARNING: NaN/Inf loss detected at batch 4025, skipping...
WARNING: NaN/Inf loss detected at batch 4066, skipping...
Epoch 18/100 | Batch 4100/10986 | Loss: 0.1316 | LR: 0.000464
WARNING: NaN/Inf loss detected at batch 4113, skipping...
WARNING: NaN/Inf loss detected at batch 4126, skipping...
WARNING: NaN/Inf loss detected at batch 4157, skipping...
WARNING: NaN/Inf loss detected at batch 4183, skipping...
Epoch 18/100 | Batch 4200/10986 | Loss: 0.1335 | LR: 0.000464
WARNING: NaN/Inf loss detected at batch 4204, skipping...
WARNING: NaN/Inf loss detected at batch 4205, skipping...
WARNING: NaN/Inf loss detected at batch 4274, skipping...
WARNING: NaN/Inf loss detected at batch 4276, skipping...
WARNING: NaN/Inf loss detected at batch 4282, skipping...
WARNING: NaN/Inf loss detected at batch 4298, skipping...
Epoch 18/100 | Batch 4300/10986 | Loss: 0.1241 | LR: 0.000464
WARNING: NaN/Inf loss detected at batch 4304, skipping...
WARNING: NaN/Inf loss detected at batch 4345, skipping...
WARNING: NaN/Inf loss detected at batch 4346, skipping...
WARNING: NaN/Inf loss detected at batch 4368, skipping...
WARNING: NaN/Inf loss detected at batch 4376, skipping...
WARNING: NaN/Inf loss detected at batch 4378, skipping...
WARNING: NaN/Inf loss detected at batch 4385, skipping...
WARNING: NaN/Inf loss detected at batch 4386, skipping...
Epoch 18/100 | Batch 4400/10986 | Loss: 0.1231 | LR: 0.000464
WARNING: NaN/Inf loss detected at batch 4419, skipping...
WARNING: NaN/Inf loss detected at batch 4427, skipping...
WARNING: NaN/Inf loss detected at batch 4436, skipping...
WARNING: NaN/Inf loss detected at batch 4456, skipping...
WARNING: NaN/Inf loss detected at batch 4464, skipping...
WARNING: NaN/Inf loss detected at batch 4475, skipping...
Epoch 18/100 | Batch 4500/10986 | Loss: 0.1433 | LR: 0.000464
WARNING: NaN/Inf loss detected at batch 4531, skipping...
