Using device: cuda
Loading training data...
Loading data from data/enwik8
Training sparse transformer model...
Initial learning rate: 0.000000
Target learning rate: 0.000100
Warmup steps: 4000
Epoch 1/100 | Batch 0/43947 | Loss: 5.5443 | LR: 0.000000
Epoch 1/100 | Batch 100/43947 | Loss: 5.5434 | LR: 0.000000
Epoch 1/100 | Batch 200/43947 | Loss: 5.5425 | LR: 0.000000
Epoch 1/100 | Batch 300/43947 | Loss: 5.5431 | LR: 0.000001
Epoch 1/100 | Batch 400/43947 | Loss: 5.5438 | LR: 0.000001
Epoch 1/100 | Batch 500/43947 | Loss: 5.5438 | LR: 0.000002
Epoch 1/100 | Batch 600/43947 | Loss: 5.5416 | LR: 0.000002
Epoch 1/100 | Batch 700/43947 | Loss: 5.5428 | LR: 0.000003
Epoch 1/100 | Batch 800/43947 | Loss: 5.5418 | LR: 0.000004
Epoch 1/100 | Batch 900/43947 | Loss: 5.5384 | LR: 0.000005
Epoch 1/100 | Batch 1000/43947 | Loss: 5.5386 | LR: 0.000006
Epoch 1/100 | Batch 1100/43947 | Loss: 5.5380 | LR: 0.000008
Epoch 1/100 | Batch 1200/43947 | Loss: 5.5370 | LR: 0.000009
Epoch 1/100 | Batch 1300/43947 | Loss: 5.5329 | LR: 0.000011
Epoch 1/100 | Batch 1400/43947 | Loss: 5.5307 | LR: 0.000012
Epoch 1/100 | Batch 1500/43947 | Loss: 5.5282 | LR: 0.000014
Epoch 1/100 | Batch 1600/43947 | Loss: 5.5267 | LR: 0.000016
Epoch 1/100 | Batch 1700/43947 | Loss: 5.5201 | LR: 0.000018
Epoch 1/100 | Batch 1800/43947 | Loss: 5.5143 | LR: 0.000020
Epoch 1/100 | Batch 1900/43947 | Loss: 5.5107 | LR: 0.000023
Epoch 1/100 | Batch 2000/43947 | Loss: 5.5069 | LR: 0.000025
Epoch 1/100 | Batch 2100/43947 | Loss: 5.5015 | LR: 0.000028
Epoch 1/100 | Batch 2200/43947 | Loss: 5.4958 | LR: 0.000030
Epoch 1/100 | Batch 2300/43947 | Loss: 5.4851 | LR: 0.000033
Epoch 1/100 | Batch 2400/43947 | Loss: 5.4772 | LR: 0.000036
Epoch 1/100 | Batch 2500/43947 | Loss: 5.4696 | LR: 0.000039
Epoch 1/100 | Batch 2600/43947 | Loss: 5.4592 | LR: 0.000042
Epoch 1/100 | Batch 2700/43947 | Loss: 5.4564 | LR: 0.000046
Epoch 1/100 | Batch 2800/43947 | Loss: 5.4423 | LR: 0.000049
Epoch 1/100 | Batch 2900/43947 | Loss: 5.4323 | LR: 0.000053
Epoch 1/100 | Batch 3000/43947 | Loss: 5.4142 | LR: 0.000056
Epoch 1/100 | Batch 3100/43947 | Loss: 5.4023 | LR: 0.000060
Epoch 1/100 | Batch 3200/43947 | Loss: 5.3875 | LR: 0.000064
Epoch 1/100 | Batch 3300/43947 | Loss: 5.3713 | LR: 0.000068
Epoch 1/100 | Batch 3400/43947 | Loss: 5.3570 | LR: 0.000072
Epoch 1/100 | Batch 3500/43947 | Loss: 5.3427 | LR: 0.000077
Epoch 1/100 | Batch 3600/43947 | Loss: 5.3243 | LR: 0.000081
Epoch 1/100 | Batch 3700/43947 | Loss: 5.3120 | LR: 0.000086
Epoch 1/100 | Batch 3800/43947 | Loss: 5.3064 | LR: 0.000090
Epoch 1/100 | Batch 3900/43947 | Loss: 5.2678 | LR: 0.000095
Epoch 1/100 | Batch 4000/43947 | Loss: 5.2389 | LR: 0.000100
Epoch 1/100 | Batch 4100/43947 | Loss: 5.2457 | LR: 0.000100
Epoch 1/100 | Batch 4200/43947 | Loss: 5.1946 | LR: 0.000100
Epoch 1/100 | Batch 4300/43947 | Loss: 5.1927 | LR: 0.000100
Epoch 1/100 | Batch 4400/43947 | Loss: 5.1507 | LR: 0.000100
Epoch 1/100 | Batch 4500/43947 | Loss: 5.1494 | LR: 0.000100
Epoch 1/100 | Batch 4600/43947 | Loss: 5.1138 | LR: 0.000100
Epoch 1/100 | Batch 4700/43947 | Loss: 5.1202 | LR: 0.000100
Epoch 1/100 | Batch 4800/43947 | Loss: 5.0890 | LR: 0.000100
Epoch 1/100 | Batch 4900/43947 | Loss: 5.0369 | LR: 0.000100
Epoch 1/100 | Batch 5000/43947 | Loss: 5.0234 | LR: 0.000100
Epoch 1/100 | Batch 5100/43947 | Loss: 5.0507 | LR: 0.000100
Epoch 1/100 | Batch 5200/43947 | Loss: 5.0145 | LR: 0.000100
Epoch 1/100 | Batch 5300/43947 | Loss: 4.9862 | LR: 0.000100
Epoch 1/100 | Batch 5400/43947 | Loss: 4.9230 | LR: 0.000100
Epoch 1/100 | Batch 5500/43947 | Loss: 4.9324 | LR: 0.000100
Epoch 1/100 | Batch 5600/43947 | Loss: 4.9248 | LR: 0.000100
Epoch 1/100 | Batch 5700/43947 | Loss: 4.8936 | LR: 0.000100
Epoch 1/100 | Batch 5800/43947 | Loss: 4.8553 | LR: 0.000100
Epoch 1/100 | Batch 5900/43947 | Loss: 4.8564 | LR: 0.000100
Epoch 1/100 | Batch 6000/43947 | Loss: 4.8308 | LR: 0.000100
Epoch 1/100 | Batch 6100/43947 | Loss: 4.8538 | LR: 0.000100
Epoch 1/100 | Batch 6200/43947 | Loss: 4.8435 | LR: 0.000100
Epoch 1/100 | Batch 6300/43947 | Loss: 4.7960 | LR: 0.000100
Epoch 1/100 | Batch 6400/43947 | Loss: 4.8202 | LR: 0.000100
Epoch 1/100 | Batch 6500/43947 | Loss: 4.7643 | LR: 0.000100
Epoch 1/100 | Batch 6600/43947 | Loss: 4.6707 | LR: 0.000100
Epoch 1/100 | Batch 6700/43947 | Loss: 4.7209 | LR: 0.000100
Epoch 1/100 | Batch 6800/43947 | Loss: 4.7444 | LR: 0.000100
Epoch 1/100 | Batch 6900/43947 | Loss: 4.6781 | LR: 0.000100
Epoch 1/100 | Batch 7000/43947 | Loss: 4.6480 | LR: 0.000100
Epoch 1/100 | Batch 7100/43947 | Loss: 4.6566 | LR: 0.000100
Epoch 1/100 | Batch 7200/43947 | Loss: 4.6328 | LR: 0.000100
Epoch 1/100 | Batch 7300/43947 | Loss: 4.6306 | LR: 0.000100
Epoch 1/100 | Batch 7400/43947 | Loss: 4.5582 | LR: 0.000100
Epoch 1/100 | Batch 7500/43947 | Loss: 4.5345 | LR: 0.000100
Epoch 1/100 | Batch 7600/43947 | Loss: 4.5244 | LR: 0.000100
Epoch 1/100 | Batch 7700/43947 | Loss: 4.6035 | LR: 0.000100
Epoch 1/100 | Batch 7800/43947 | Loss: 4.5007 | LR: 0.000100
Epoch 1/100 | Batch 7900/43947 | Loss: 4.5091 | LR: 0.000100
Epoch 1/100 | Batch 8000/43947 | Loss: 4.5150 | LR: 0.000100
Epoch 1/100 | Batch 8100/43947 | Loss: 4.4556 | LR: 0.000100
Epoch 1/100 | Batch 8200/43947 | Loss: 4.4599 | LR: 0.000100
Epoch 1/100 | Batch 8300/43947 | Loss: 4.4149 | LR: 0.000100
Epoch 1/100 | Batch 8400/43947 | Loss: 4.4088 | LR: 0.000100
Epoch 1/100 | Batch 8500/43947 | Loss: 4.3854 | LR: 0.000100
Epoch 1/100 | Batch 8600/43947 | Loss: 4.3713 | LR: 0.000100
Epoch 1/100 | Batch 8700/43947 | Loss: 4.4073 | LR: 0.000100
Epoch 1/100 | Batch 8800/43947 | Loss: 4.3846 | LR: 0.000100
Epoch 1/100 | Batch 8900/43947 | Loss: 4.3916 | LR: 0.000100
Epoch 1/100 | Batch 9000/43947 | Loss: 4.3558 | LR: 0.000100
Epoch 1/100 | Batch 9100/43947 | Loss: 4.3359 | LR: 0.000100
Epoch 1/100 | Batch 9200/43947 | Loss: 4.3291 | LR: 0.000100
Epoch 1/100 | Batch 9300/43947 | Loss: 4.2749 | LR: 0.000100
Epoch 1/100 | Batch 9400/43947 | Loss: 4.2600 | LR: 0.000100
Epoch 1/100 | Batch 9500/43947 | Loss: 4.2808 | LR: 0.000100
Epoch 1/100 | Batch 9600/43947 | Loss: 4.2749 | LR: 0.000100
Epoch 1/100 | Batch 9700/43947 | Loss: 4.2707 | LR: 0.000100
Epoch 1/100 | Batch 9800/43947 | Loss: 4.2017 | LR: 0.000100
Epoch 1/100 | Batch 9900/43947 | Loss: 4.2616 | LR: 0.000100
Epoch 1/100 | Batch 10000/43947 | Loss: 4.2540 | LR: 0.000100
Epoch 1/100 | Batch 10100/43947 | Loss: 4.1945 | LR: 0.000100
Epoch 1/100 | Batch 10200/43947 | Loss: 4.2402 | LR: 0.000100
Epoch 1/100 | Batch 10300/43947 | Loss: 4.2315 | LR: 0.000100
Epoch 1/100 | Batch 10400/43947 | Loss: 4.2142 | LR: 0.000100
Epoch 1/100 | Batch 10500/43947 | Loss: 4.1298 | LR: 0.000100
Epoch 1/100 | Batch 10600/43947 | Loss: 4.1286 | LR: 0.000100
Epoch 1/100 | Batch 10700/43947 | Loss: 4.1784 | LR: 0.000100
Epoch 1/100 | Batch 10800/43947 | Loss: 4.1658 | LR: 0.000100
Epoch 1/100 | Batch 10900/43947 | Loss: 4.2578 | LR: 0.000100
Epoch 1/100 | Batch 11000/43947 | Loss: 4.2294 | LR: 0.000100
Epoch 1/100 | Batch 11100/43947 | Loss: 4.1548 | LR: 0.000100
Epoch 1/100 | Batch 11200/43947 | Loss: 4.0961 | LR: 0.000100
Epoch 1/100 | Batch 11300/43947 | Loss: 4.1045 | LR: 0.000100
Epoch 1/100 | Batch 11400/43947 | Loss: 4.1181 | LR: 0.000100
Epoch 1/100 | Batch 11500/43947 | Loss: 4.1970 | LR: 0.000100
Epoch 1/100 | Batch 11600/43947 | Loss: 4.0505 | LR: 0.000100
Epoch 1/100 | Batch 11700/43947 | Loss: 4.1654 | LR: 0.000100
Epoch 1/100 | Batch 11800/43947 | Loss: 4.1706 | LR: 0.000100
Epoch 1/100 | Batch 11900/43947 | Loss: 3.9662 | LR: 0.000100
Epoch 1/100 | Batch 12000/43947 | Loss: 4.0697 | LR: 0.000100
Epoch 1/100 | Batch 12100/43947 | Loss: 4.1386 | LR: 0.000100
Epoch 1/100 | Batch 12200/43947 | Loss: 4.0841 | LR: 0.000100
Epoch 1/100 | Batch 12300/43947 | Loss: 4.0116 | LR: 0.000100
Epoch 1/100 | Batch 12400/43947 | Loss: 3.9873 | LR: 0.000100
Epoch 1/100 | Batch 12500/43947 | Loss: 3.9995 | LR: 0.000100
Epoch 1/100 | Batch 12600/43947 | Loss: 4.1534 | LR: 0.000100
Epoch 1/100 | Batch 12700/43947 | Loss: 4.0557 | LR: 0.000100
Epoch 1/100 | Batch 12800/43947 | Loss: 3.9429 | LR: 0.000100
Epoch 1/100 | Batch 12900/43947 | Loss: 3.9817 | LR: 0.000100
Epoch 1/100 | Batch 13000/43947 | Loss: 3.9063 | LR: 0.000100
Epoch 1/100 | Batch 13100/43947 | Loss: 3.9540 | LR: 0.000100
Epoch 1/100 | Batch 13200/43947 | Loss: 4.0072 | LR: 0.000100
Epoch 1/100 | Batch 13300/43947 | Loss: 3.9674 | LR: 0.000100
Epoch 1/100 | Batch 13400/43947 | Loss: 4.0275 | LR: 0.000100
Epoch 1/100 | Batch 13500/43947 | Loss: 3.9609 | LR: 0.000100
Epoch 1/100 | Batch 13600/43947 | Loss: 3.8158 | LR: 0.000100
Epoch 1/100 | Batch 13700/43947 | Loss: 3.9706 | LR: 0.000100
Epoch 1/100 | Batch 13800/43947 | Loss: 3.9360 | LR: 0.000100
Epoch 1/100 | Batch 13900/43947 | Loss: 3.9028 | LR: 0.000100
Epoch 1/100 | Batch 14000/43947 | Loss: 4.1336 | LR: 0.000100
Epoch 1/100 | Batch 14100/43947 | Loss: 4.0030 | LR: 0.000100
Epoch 1/100 | Batch 14200/43947 | Loss: 3.9413 | LR: 0.000100
Epoch 1/100 | Batch 14300/43947 | Loss: 3.8978 | LR: 0.000100
Epoch 1/100 | Batch 14400/43947 | Loss: 3.9700 | LR: 0.000100
Epoch 1/100 | Batch 14500/43947 | Loss: 4.0523 | LR: 0.000100
Epoch 1/100 | Batch 14600/43947 | Loss: 3.9549 | LR: 0.000100
Epoch 1/100 | Batch 14700/43947 | Loss: 3.9836 | LR: 0.000100
Epoch 1/100 | Batch 14800/43947 | Loss: 3.9472 | LR: 0.000100
Epoch 1/100 | Batch 14900/43947 | Loss: 3.9437 | LR: 0.000100
Epoch 1/100 | Batch 15000/43947 | Loss: 3.9914 | LR: 0.000100
Epoch 1/100 | Batch 15100/43947 | Loss: 4.0794 | LR: 0.000100
Epoch 1/100 | Batch 15200/43947 | Loss: 3.8813 | LR: 0.000100
Epoch 1/100 | Batch 15300/43947 | Loss: 4.0519 | LR: 0.000100
Epoch 1/100 | Batch 15400/43947 | Loss: 3.9609 | LR: 0.000100
Epoch 1/100 | Batch 15500/43947 | Loss: 3.9825 | LR: 0.000100
Epoch 1/100 | Batch 15600/43947 | Loss: 3.8511 | LR: 0.000100
Epoch 1/100 | Batch 15700/43947 | Loss: 3.9934 | LR: 0.000100
Epoch 1/100 | Batch 15800/43947 | Loss: 3.9010 | LR: 0.000100
Epoch 1/100 | Batch 15900/43947 | Loss: 3.8352 | LR: 0.000100
Epoch 1/100 | Batch 16000/43947 | Loss: 3.9150 | LR: 0.000100
Epoch 1/100 | Batch 16100/43947 | Loss: 3.8919 | LR: 0.000100
Epoch 1/100 | Batch 16200/43947 | Loss: 3.8699 | LR: 0.000100
Epoch 1/100 | Batch 16300/43947 | Loss: 3.9304 | LR: 0.000100
Epoch 1/100 | Batch 16400/43947 | Loss: 3.9328 | LR: 0.000100
Epoch 1/100 | Batch 16500/43947 | Loss: 3.9199 | LR: 0.000100
Epoch 1/100 | Batch 16600/43947 | Loss: 3.9882 | LR: 0.000100
Epoch 1/100 | Batch 16700/43947 | Loss: 3.9784 | LR: 0.000100
Epoch 1/100 | Batch 16800/43947 | Loss: 4.0300 | LR: 0.000100
Epoch 1/100 | Batch 16900/43947 | Loss: 3.8797 | LR: 0.000100
Epoch 1/100 | Batch 17000/43947 | Loss: 4.0298 | LR: 0.000100
Epoch 1/100 | Batch 17100/43947 | Loss: 3.9877 | LR: 0.000100
Epoch 1/100 | Batch 17200/43947 | Loss: 3.9413 | LR: 0.000100
Epoch 1/100 | Batch 17300/43947 | Loss: 3.9576 | LR: 0.000100
Epoch 1/100 | Batch 17400/43947 | Loss: 4.0634 | LR: 0.000100
Epoch 1/100 | Batch 17500/43947 | Loss: 3.8593 | LR: 0.000100
Epoch 1/100 | Batch 17600/43947 | Loss: 3.8369 | LR: 0.000100
Epoch 1/100 | Batch 17700/43947 | Loss: 3.9133 | LR: 0.000100
Epoch 1/100 | Batch 17800/43947 | Loss: 3.8829 | LR: 0.000100
Epoch 1/100 | Batch 17900/43947 | Loss: 3.8506 | LR: 0.000100
Epoch 1/100 | Batch 18000/43947 | Loss: 3.9330 | LR: 0.000100
Epoch 1/100 | Batch 18100/43947 | Loss: 3.9475 | LR: 0.000100
Epoch 1/100 | Batch 18200/43947 | Loss: 3.8549 | LR: 0.000100
Epoch 1/100 | Batch 18300/43947 | Loss: 3.8177 | LR: 0.000100
Epoch 1/100 | Batch 18400/43947 | Loss: 3.8155 | LR: 0.000100
Epoch 1/100 | Batch 18500/43947 | Loss: 3.7838 | LR: 0.000100
Epoch 1/100 | Batch 18600/43947 | Loss: 3.9697 | LR: 0.000100
Epoch 1/100 | Batch 18700/43947 | Loss: 3.8118 | LR: 0.000100
Epoch 1/100 | Batch 18800/43947 | Loss: 3.9208 | LR: 0.000100
Epoch 1/100 | Batch 18900/43947 | Loss: 4.0412 | LR: 0.000100
Epoch 1/100 | Batch 19000/43947 | Loss: 3.9958 | LR: 0.000100
Epoch 1/100 | Batch 19100/43947 | Loss: 3.8444 | LR: 0.000100
Epoch 1/100 | Batch 19200/43947 | Loss: 3.7919 | LR: 0.000100
Epoch 1/100 | Batch 19300/43947 | Loss: 3.7996 | LR: 0.000100
Epoch 1/100 | Batch 19400/43947 | Loss: 3.8539 | LR: 0.000100
Epoch 1/100 | Batch 19500/43947 | Loss: 3.8207 | LR: 0.000100
Epoch 1/100 | Batch 19600/43947 | Loss: 3.9093 | LR: 0.000100
Epoch 1/100 | Batch 19700/43947 | Loss: 3.8459 | LR: 0.000100
Epoch 1/100 | Batch 19800/43947 | Loss: 3.8595 | LR: 0.000100
Epoch 1/100 | Batch 19900/43947 | Loss: 3.7933 | LR: 0.000100
Epoch 1/100 | Batch 20000/43947 | Loss: 3.9019 | LR: 0.000100
Epoch 1/100 | Batch 20100/43947 | Loss: 3.7980 | LR: 0.000100
Epoch 1/100 | Batch 20200/43947 | Loss: 3.8070 | LR: 0.000100
Epoch 1/100 | Batch 20300/43947 | Loss: 3.9227 | LR: 0.000100
Epoch 1/100 | Batch 20400/43947 | Loss: 3.9240 | LR: 0.000100
Epoch 1/100 | Batch 20500/43947 | Loss: 3.8125 | LR: 0.000100
Epoch 1/100 | Batch 20600/43947 | Loss: 3.7924 | LR: 0.000100
Epoch 1/100 | Batch 20700/43947 | Loss: 3.7093 | LR: 0.000100
Epoch 1/100 | Batch 20800/43947 | Loss: 3.7767 | LR: 0.000100
Epoch 1/100 | Batch 20900/43947 | Loss: 3.8332 | LR: 0.000100
Epoch 1/100 | Batch 21000/43947 | Loss: 3.8310 | LR: 0.000100
Epoch 1/100 | Batch 21100/43947 | Loss: 3.9455 | LR: 0.000100
Epoch 1/100 | Batch 21200/43947 | Loss: 3.7353 | LR: 0.000100
Epoch 1/100 | Batch 21300/43947 | Loss: 3.7900 | LR: 0.000100
Epoch 1/100 | Batch 21400/43947 | Loss: 3.7956 | LR: 0.000100
Epoch 1/100 | Batch 21500/43947 | Loss: 3.7092 | LR: 0.000100
Epoch 1/100 | Batch 21600/43947 | Loss: 3.7260 | LR: 0.000100
Epoch 1/100 | Batch 21700/43947 | Loss: 3.9178 | LR: 0.000100
Epoch 1/100 | Batch 21800/43947 | Loss: 3.8164 | LR: 0.000100
Epoch 1/100 | Batch 21900/43947 | Loss: 3.8777 | LR: 0.000100
Epoch 1/100 | Batch 22000/43947 | Loss: 3.7300 | LR: 0.000100
Epoch 1/100 | Batch 22100/43947 | Loss: 3.9639 | LR: 0.000100
Epoch 1/100 | Batch 22200/43947 | Loss: 3.8760 | LR: 0.000100
Epoch 1/100 | Batch 22300/43947 | Loss: 3.9040 | LR: 0.000100
Epoch 1/100 | Batch 22400/43947 | Loss: 3.7780 | LR: 0.000100
Epoch 1/100 | Batch 22500/43947 | Loss: 3.7877 | LR: 0.000100
Epoch 1/100 | Batch 22600/43947 | Loss: 3.8728 | LR: 0.000100
Epoch 1/100 | Batch 22700/43947 | Loss: 3.8140 | LR: 0.000100
Epoch 1/100 | Batch 22800/43947 | Loss: 3.7642 | LR: 0.000100
Epoch 1/100 | Batch 22900/43947 | Loss: 3.8521 | LR: 0.000100
Epoch 1/100 | Batch 23000/43947 | Loss: 3.6913 | LR: 0.000100
Epoch 1/100 | Batch 23100/43947 | Loss: 3.8449 | LR: 0.000100
Epoch 1/100 | Batch 23200/43947 | Loss: 3.7609 | LR: 0.000100
Epoch 1/100 | Batch 23300/43947 | Loss: 3.7968 | LR: 0.000100
Epoch 1/100 | Batch 23400/43947 | Loss: 3.7975 | LR: 0.000100
Epoch 1/100 | Batch 23500/43947 | Loss: 3.7856 | LR: 0.000100
Epoch 1/100 | Batch 23600/43947 | Loss: 3.9244 | LR: 0.000100
Epoch 1/100 | Batch 23700/43947 | Loss: 3.8101 | LR: 0.000100
Epoch 1/100 | Batch 23800/43947 | Loss: 3.7613 | LR: 0.000100
Epoch 1/100 | Batch 23900/43947 | Loss: 3.7726 | LR: 0.000100
Epoch 1/100 | Batch 24000/43947 | Loss: 3.7184 | LR: 0.000100
Epoch 1/100 | Batch 24100/43947 | Loss: 3.8390 | LR: 0.000100
Epoch 1/100 | Batch 24200/43947 | Loss: 3.7899 | LR: 0.000100
Epoch 1/100 | Batch 24300/43947 | Loss: 3.7608 | LR: 0.000100
Epoch 1/100 | Batch 24400/43947 | Loss: 3.7969 | LR: 0.000100
Epoch 1/100 | Batch 24500/43947 | Loss: 3.7710 | LR: 0.000100
Epoch 1/100 | Batch 24600/43947 | Loss: 3.7010 | LR: 0.000100
Epoch 1/100 | Batch 24700/43947 | Loss: 3.7441 | LR: 0.000100
Epoch 1/100 | Batch 24800/43947 | Loss: 3.7003 | LR: 0.000100
Epoch 1/100 | Batch 24900/43947 | Loss: 3.7988 | LR: 0.000100
Epoch 1/100 | Batch 25000/43947 | Loss: 3.7091 | LR: 0.000100
Epoch 1/100 | Batch 25100/43947 | Loss: 3.7684 | LR: 0.000100
Epoch 1/100 | Batch 25200/43947 | Loss: 3.8395 | LR: 0.000100
Epoch 1/100 | Batch 25300/43947 | Loss: 3.7522 | LR: 0.000100
Epoch 1/100 | Batch 25400/43947 | Loss: 3.7618 | LR: 0.000100
Epoch 1/100 | Batch 25500/43947 | Loss: 3.8087 | LR: 0.000100
Epoch 1/100 | Batch 25600/43947 | Loss: 3.7462 | LR: 0.000100
Epoch 1/100 | Batch 25700/43947 | Loss: 3.7484 | LR: 0.000100
Epoch 1/100 | Batch 25800/43947 | Loss: 3.7390 | LR: 0.000100
Epoch 1/100 | Batch 25900/43947 | Loss: 3.8569 | LR: 0.000100
Epoch 1/100 | Batch 26000/43947 | Loss: 3.7210 | LR: 0.000100
Epoch 1/100 | Batch 26100/43947 | Loss: 3.8229 | LR: 0.000100
Epoch 1/100 | Batch 26200/43947 | Loss: 3.7434 | LR: 0.000100
Epoch 1/100 | Batch 26300/43947 | Loss: 3.7490 | LR: 0.000100
Epoch 1/100 | Batch 26400/43947 | Loss: 3.8963 | LR: 0.000100
Epoch 1/100 | Batch 26500/43947 | Loss: 3.7592 | LR: 0.000100
Epoch 1/100 | Batch 26600/43947 | Loss: 3.7288 | LR: 0.000100
Epoch 1/100 | Batch 26700/43947 | Loss: 3.8290 | LR: 0.000100
Epoch 1/100 | Batch 26800/43947 | Loss: 3.8312 | LR: 0.000100
Epoch 1/100 | Batch 26900/43947 | Loss: 3.6988 | LR: 0.000100
Epoch 1/100 | Batch 27000/43947 | Loss: 3.8067 | LR: 0.000100
Epoch 1/100 | Batch 27100/43947 | Loss: 3.7366 | LR: 0.000100
Epoch 1/100 | Batch 27200/43947 | Loss: 3.7581 | LR: 0.000100
Epoch 1/100 | Batch 27300/43947 | Loss: 3.6950 | LR: 0.000100
Epoch 1/100 | Batch 27400/43947 | Loss: 3.7443 | LR: 0.000100
Epoch 1/100 | Batch 27500/43947 | Loss: 3.7417 | LR: 0.000100
Epoch 1/100 | Batch 27600/43947 | Loss: 3.6903 | LR: 0.000100
Epoch 1/100 | Batch 27700/43947 | Loss: 3.6527 | LR: 0.000100
Epoch 1/100 | Batch 27800/43947 | Loss: 3.7723 | LR: 0.000100
Epoch 1/100 | Batch 27900/43947 | Loss: 3.7432 | LR: 0.000100
Epoch 1/100 | Batch 28000/43947 | Loss: 3.6422 | LR: 0.000100
Epoch 1/100 | Batch 28100/43947 | Loss: 3.7402 | LR: 0.000100
Epoch 1/100 | Batch 28200/43947 | Loss: 3.8275 | LR: 0.000100
Epoch 1/100 | Batch 28300/43947 | Loss: 3.6656 | LR: 0.000100
Epoch 1/100 | Batch 28400/43947 | Loss: 3.7677 | LR: 0.000100
Epoch 1/100 | Batch 28500/43947 | Loss: 3.7612 | LR: 0.000100
Epoch 1/100 | Batch 28600/43947 | Loss: 3.7741 | LR: 0.000100
Epoch 1/100 | Batch 28700/43947 | Loss: 3.6880 | LR: 0.000100
Epoch 1/100 | Batch 28800/43947 | Loss: 3.8212 | LR: 0.000100
Epoch 1/100 | Batch 28900/43947 | Loss: 3.7608 | LR: 0.000100
Epoch 1/100 | Batch 29000/43947 | Loss: 3.7791 | LR: 0.000100
Epoch 1/100 | Batch 29100/43947 | Loss: 3.6454 | LR: 0.000100
Epoch 1/100 | Batch 29200/43947 | Loss: 3.7238 | LR: 0.000100
Epoch 1/100 | Batch 29300/43947 | Loss: 3.7768 | LR: 0.000100
Epoch 1/100 | Batch 29400/43947 | Loss: 3.6729 | LR: 0.000100
Epoch 1/100 | Batch 29500/43947 | Loss: 3.6687 | LR: 0.000100
Epoch 1/100 | Batch 29600/43947 | Loss: 3.8082 | LR: 0.000100
Epoch 1/100 | Batch 29700/43947 | Loss: 3.7595 | LR: 0.000100
Epoch 1/100 | Batch 29800/43947 | Loss: 3.7551 | LR: 0.000100
Epoch 1/100 | Batch 29900/43947 | Loss: 3.7766 | LR: 0.000100
Epoch 1/100 | Batch 30000/43947 | Loss: 3.8264 | LR: 0.000100
Epoch 1/100 | Batch 30100/43947 | Loss: 3.7085 | LR: 0.000100
Epoch 1/100 | Batch 30200/43947 | Loss: 3.7303 | LR: 0.000100
Epoch 1/100 | Batch 30300/43947 | Loss: 3.7355 | LR: 0.000100
Epoch 1/100 | Batch 30400/43947 | Loss: 3.8068 | LR: 0.000100
Epoch 1/100 | Batch 30500/43947 | Loss: 3.7549 | LR: 0.000100
Epoch 1/100 | Batch 30600/43947 | Loss: 3.6939 | LR: 0.000100
Epoch 1/100 | Batch 30700/43947 | Loss: 3.7339 | LR: 0.000100
Epoch 1/100 | Batch 30800/43947 | Loss: 3.7341 | LR: 0.000100
Epoch 1/100 | Batch 30900/43947 | Loss: 3.7383 | LR: 0.000100
Epoch 1/100 | Batch 31000/43947 | Loss: 3.7033 | LR: 0.000100
Epoch 1/100 | Batch 31100/43947 | Loss: 3.8807 | LR: 0.000100
Epoch 1/100 | Batch 31200/43947 | Loss: 3.7146 | LR: 0.000100
Epoch 1/100 | Batch 31300/43947 | Loss: 3.7407 | LR: 0.000100
Epoch 1/100 | Batch 31400/43947 | Loss: 3.6492 | LR: 0.000100
Epoch 1/100 | Batch 31500/43947 | Loss: 3.6184 | LR: 0.000100
Epoch 1/100 | Batch 31600/43947 | Loss: 3.7818 | LR: 0.000100
Epoch 1/100 | Batch 31700/43947 | Loss: 3.6743 | LR: 0.000100
Epoch 1/100 | Batch 31800/43947 | Loss: 3.7581 | LR: 0.000100
Epoch 1/100 | Batch 31900/43947 | Loss: 3.7717 | LR: 0.000100
Epoch 1/100 | Batch 32000/43947 | Loss: 3.6801 | LR: 0.000100
Epoch 1/100 | Batch 32100/43947 | Loss: 3.6978 | LR: 0.000100
Epoch 1/100 | Batch 32200/43947 | Loss: 3.7918 | LR: 0.000100
Epoch 1/100 | Batch 32300/43947 | Loss: 3.6660 | LR: 0.000100
Epoch 1/100 | Batch 32400/43947 | Loss: 3.8005 | LR: 0.000100
Epoch 1/100 | Batch 32500/43947 | Loss: 3.7888 | LR: 0.000100
Epoch 1/100 | Batch 32600/43947 | Loss: 3.7199 | LR: 0.000100
Epoch 1/100 | Batch 32700/43947 | Loss: 3.6841 | LR: 0.000100
Epoch 1/100 | Batch 32800/43947 | Loss: 3.7817 | LR: 0.000100
Epoch 1/100 | Batch 32900/43947 | Loss: 3.6788 | LR: 0.000100
Epoch 1/100 | Batch 33000/43947 | Loss: 3.7061 | LR: 0.000100
Epoch 1/100 | Batch 33100/43947 | Loss: 3.6782 | LR: 0.000100
Epoch 1/100 | Batch 33200/43947 | Loss: 3.6873 | LR: 0.000100
Epoch 1/100 | Batch 33300/43947 | Loss: 3.8282 | LR: 0.000100
Epoch 1/100 | Batch 33400/43947 | Loss: 3.5843 | LR: 0.000100
Epoch 1/100 | Batch 33500/43947 | Loss: 3.6079 | LR: 0.000100
Epoch 1/100 | Batch 33600/43947 | Loss: 3.7248 | LR: 0.000100
Epoch 1/100 | Batch 33700/43947 | Loss: 3.7656 | LR: 0.000100
Epoch 1/100 | Batch 33800/43947 | Loss: 3.6763 | LR: 0.000100
Epoch 1/100 | Batch 33900/43947 | Loss: 3.7326 | LR: 0.000100
Epoch 1/100 | Batch 34000/43947 | Loss: 3.6798 | LR: 0.000100
Epoch 1/100 | Batch 34100/43947 | Loss: 3.6231 | LR: 0.000100
Epoch 1/100 | Batch 34200/43947 | Loss: 3.6813 | LR: 0.000100
Epoch 1/100 | Batch 34300/43947 | Loss: 3.7025 | LR: 0.000100
Epoch 1/100 | Batch 34400/43947 | Loss: 3.6483 | LR: 0.000100
Epoch 1/100 | Batch 34500/43947 | Loss: 3.6535 | LR: 0.000100
Epoch 1/100 | Batch 34600/43947 | Loss: 3.6650 | LR: 0.000100
Epoch 1/100 | Batch 34700/43947 | Loss: 3.6763 | LR: 0.000100
Epoch 1/100 | Batch 34800/43947 | Loss: 3.7359 | LR: 0.000100
Epoch 1/100 | Batch 34900/43947 | Loss: 3.6658 | LR: 0.000100
Epoch 1/100 | Batch 35000/43947 | Loss: 3.6346 | LR: 0.000100
Epoch 1/100 | Batch 35100/43947 | Loss: 3.6619 | LR: 0.000100
Epoch 1/100 | Batch 35200/43947 | Loss: 3.7413 | LR: 0.000100
Epoch 1/100 | Batch 35300/43947 | Loss: 3.6615 | LR: 0.000100
Epoch 1/100 | Batch 35400/43947 | Loss: 3.6977 | LR: 0.000100
Epoch 1/100 | Batch 35500/43947 | Loss: 3.6365 | LR: 0.000100
Epoch 1/100 | Batch 35600/43947 | Loss: 3.7166 | LR: 0.000100
Epoch 1/100 | Batch 35700/43947 | Loss: 3.6750 | LR: 0.000100
Epoch 1/100 | Batch 35800/43947 | Loss: 3.5875 | LR: 0.000100
Epoch 1/100 | Batch 35900/43947 | Loss: 3.6297 | LR: 0.000100
Epoch 1/100 | Batch 36000/43947 | Loss: 3.7177 | LR: 0.000100
Epoch 1/100 | Batch 36100/43947 | Loss: 3.6847 | LR: 0.000100
Epoch 1/100 | Batch 36200/43947 | Loss: 3.6586 | LR: 0.000100
Epoch 1/100 | Batch 36300/43947 | Loss: 3.8528 | LR: 0.000100
Epoch 1/100 | Batch 36400/43947 | Loss: 3.6454 | LR: 0.000100
Epoch 1/100 | Batch 36500/43947 | Loss: 3.6122 | LR: 0.000100
Epoch 1/100 | Batch 36600/43947 | Loss: 3.6619 | LR: 0.000100
Epoch 1/100 | Batch 36700/43947 | Loss: 3.6220 | LR: 0.000100
Epoch 1/100 | Batch 36800/43947 | Loss: 3.5580 | LR: 0.000100
Epoch 1/100 | Batch 36900/43947 | Loss: 3.5946 | LR: 0.000100
Epoch 1/100 | Batch 37000/43947 | Loss: 3.6325 | LR: 0.000100
Epoch 1/100 | Batch 37100/43947 | Loss: 3.7223 | LR: 0.000100
Epoch 1/100 | Batch 37200/43947 | Loss: 3.5444 | LR: 0.000100
Epoch 1/100 | Batch 37300/43947 | Loss: 3.6909 | LR: 0.000100
Epoch 1/100 | Batch 37400/43947 | Loss: 3.8049 | LR: 0.000100
Epoch 1/100 | Batch 37500/43947 | Loss: 3.5890 | LR: 0.000100
Epoch 1/100 | Batch 37600/43947 | Loss: 3.5597 | LR: 0.000100
Epoch 1/100 | Batch 37700/43947 | Loss: 3.6871 | LR: 0.000100
Epoch 1/100 | Batch 37800/43947 | Loss: 3.6548 | LR: 0.000100
Epoch 1/100 | Batch 37900/43947 | Loss: 3.6660 | LR: 0.000100
Epoch 1/100 | Batch 38000/43947 | Loss: 3.7128 | LR: 0.000100
Epoch 1/100 | Batch 38100/43947 | Loss: 3.6644 | LR: 0.000100
Epoch 1/100 | Batch 38200/43947 | Loss: 3.6519 | LR: 0.000100
Epoch 1/100 | Batch 38300/43947 | Loss: 3.6253 | LR: 0.000100
Epoch 1/100 | Batch 38400/43947 | Loss: 3.6424 | LR: 0.000100
Epoch 1/100 | Batch 38500/43947 | Loss: 3.5563 | LR: 0.000100
Epoch 1/100 | Batch 38600/43947 | Loss: 3.6363 | LR: 0.000100
Epoch 1/100 | Batch 38700/43947 | Loss: 3.6227 | LR: 0.000100
Epoch 1/100 | Batch 38800/43947 | Loss: 3.6127 | LR: 0.000100
Epoch 1/100 | Batch 38900/43947 | Loss: 3.5534 | LR: 0.000100
Epoch 1/100 | Batch 39000/43947 | Loss: 3.5995 | LR: 0.000100
Epoch 1/100 | Batch 39100/43947 | Loss: 3.6693 | LR: 0.000100
Epoch 1/100 | Batch 39200/43947 | Loss: 3.5932 | LR: 0.000100
Epoch 1/100 | Batch 39300/43947 | Loss: 3.5993 | LR: 0.000100
Epoch 1/100 | Batch 39400/43947 | Loss: 3.6507 | LR: 0.000100
Epoch 1/100 | Batch 39500/43947 | Loss: 3.6743 | LR: 0.000100
Epoch 1/100 | Batch 39600/43947 | Loss: 3.5580 | LR: 0.000100
Epoch 1/100 | Batch 39700/43947 | Loss: 3.6032 | LR: 0.000100
Epoch 1/100 | Batch 39800/43947 | Loss: 3.6630 | LR: 0.000100
Epoch 1/100 | Batch 39900/43947 | Loss: 3.5648 | LR: 0.000100
Epoch 1/100 | Batch 40000/43947 | Loss: 3.4914 | LR: 0.000100
Epoch 1/100 | Batch 40100/43947 | Loss: 3.6313 | LR: 0.000100
Epoch 1/100 | Batch 40200/43947 | Loss: 3.7270 | LR: 0.000100
Epoch 1/100 | Batch 40300/43947 | Loss: 3.6074 | LR: 0.000100
Epoch 1/100 | Batch 40400/43947 | Loss: 3.5663 | LR: 0.000100
Epoch 1/100 | Batch 40500/43947 | Loss: 3.5810 | LR: 0.000100
Epoch 1/100 | Batch 40600/43947 | Loss: 3.6054 | LR: 0.000100
Epoch 1/100 | Batch 40700/43947 | Loss: 3.5895 | LR: 0.000100
Epoch 1/100 | Batch 40800/43947 | Loss: 3.6552 | LR: 0.000100
Epoch 1/100 | Batch 40900/43947 | Loss: 3.5136 | LR: 0.000100
Epoch 1/100 | Batch 41000/43947 | Loss: 3.5541 | LR: 0.000100
Epoch 1/100 | Batch 41100/43947 | Loss: 3.6084 | LR: 0.000100
Epoch 1/100 | Batch 41200/43947 | Loss: 3.4837 | LR: 0.000100
Epoch 1/100 | Batch 41300/43947 | Loss: 3.6241 | LR: 0.000100
Epoch 1/100 | Batch 41400/43947 | Loss: 3.5238 | LR: 0.000100
Epoch 1/100 | Batch 41500/43947 | Loss: 3.5240 | LR: 0.000100
Epoch 1/100 | Batch 41600/43947 | Loss: 3.4925 | LR: 0.000100
Epoch 1/100 | Batch 41700/43947 | Loss: 3.5280 | LR: 0.000100
Epoch 1/100 | Batch 41800/43947 | Loss: 3.6261 | LR: 0.000100
Epoch 1/100 | Batch 41900/43947 | Loss: 3.6753 | LR: 0.000100
Epoch 1/100 | Batch 42000/43947 | Loss: 3.6474 | LR: 0.000100
Epoch 1/100 | Batch 42100/43947 | Loss: 3.6170 | LR: 0.000100
Epoch 1/100 | Batch 42200/43947 | Loss: 3.6612 | LR: 0.000100
Epoch 1/100 | Batch 42300/43947 | Loss: 3.5822 | LR: 0.000100
Epoch 1/100 | Batch 42400/43947 | Loss: 3.5435 | LR: 0.000100
Epoch 1/100 | Batch 42500/43947 | Loss: 3.5899 | LR: 0.000100
Epoch 1/100 | Batch 42600/43947 | Loss: 3.5803 | LR: 0.000100
Epoch 1/100 | Batch 42700/43947 | Loss: 3.5962 | LR: 0.000100
Epoch 1/100 | Batch 42800/43947 | Loss: 3.5445 | LR: 0.000100
Epoch 1/100 | Batch 42900/43947 | Loss: 3.6700 | LR: 0.000100
Epoch 1/100 | Batch 43000/43947 | Loss: 3.5575 | LR: 0.000100
Epoch 1/100 | Batch 43100/43947 | Loss: 3.7250 | LR: 0.000100
Epoch 1/100 | Batch 43200/43947 | Loss: 3.7161 | LR: 0.000100
Epoch 1/100 | Batch 43300/43947 | Loss: 3.5800 | LR: 0.000100
Epoch 1/100 | Batch 43400/43947 | Loss: 3.5321 | LR: 0.000100
Epoch 1/100 | Batch 43500/43947 | Loss: 3.5656 | LR: 0.000100
Epoch 1/100 | Batch 43600/43947 | Loss: 3.5805 | LR: 0.000100
Epoch 1/100 | Batch 43700/43947 | Loss: 3.5427 | LR: 0.000100
Epoch 1/100 | Batch 43800/43947 | Loss: 3.5553 | LR: 0.000100
Epoch 1/100 | Batch 43900/43947 | Loss: 3.5641 | LR: 0.000100

Epoch 1/100 Summary:
Average Training Loss: 4.0689
Average Validation Loss: 3.5827
Best Validation Loss: 3.5827
Learning Rate: 0.000100
Epoch 2/100 | Batch 0/43947 | Loss: 3.7727 | LR: 0.000085
Epoch 2/100 | Batch 100/43947 | Loss: 3.5036 | LR: 0.000085
Epoch 2/100 | Batch 200/43947 | Loss: 3.6789 | LR: 0.000085
Epoch 2/100 | Batch 300/43947 | Loss: 3.5038 | LR: 0.000085
Epoch 2/100 | Batch 400/43947 | Loss: 3.6543 | LR: 0.000085
Epoch 2/100 | Batch 500/43947 | Loss: 3.7415 | LR: 0.000085
Epoch 2/100 | Batch 600/43947 | Loss: 3.6762 | LR: 0.000085
Epoch 2/100 | Batch 700/43947 | Loss: 3.6704 | LR: 0.000085
Epoch 2/100 | Batch 800/43947 | Loss: 3.5947 | LR: 0.000085
Epoch 2/100 | Batch 900/43947 | Loss: 3.5358 | LR: 0.000085
Epoch 2/100 | Batch 1000/43947 | Loss: 3.5937 | LR: 0.000085
Epoch 2/100 | Batch 1100/43947 | Loss: 3.7732 | LR: 0.000085
Epoch 2/100 | Batch 1200/43947 | Loss: 3.5387 | LR: 0.000085
Epoch 2/100 | Batch 1300/43947 | Loss: 3.5965 | LR: 0.000085
Epoch 2/100 | Batch 1400/43947 | Loss: 3.5882 | LR: 0.000085
Epoch 2/100 | Batch 1500/43947 | Loss: 3.6437 | LR: 0.000085
Epoch 2/100 | Batch 1600/43947 | Loss: 3.6673 | LR: 0.000085
Epoch 2/100 | Batch 1700/43947 | Loss: 3.5417 | LR: 0.000085
Epoch 2/100 | Batch 1800/43947 | Loss: 3.4733 | LR: 0.000085
Epoch 2/100 | Batch 1900/43947 | Loss: 3.5707 | LR: 0.000085
Epoch 2/100 | Batch 2000/43947 | Loss: 3.7617 | LR: 0.000085
Epoch 2/100 | Batch 2100/43947 | Loss: 3.5944 | LR: 0.000085
Epoch 2/100 | Batch 2200/43947 | Loss: 3.6599 | LR: 0.000085
Epoch 2/100 | Batch 2300/43947 | Loss: 3.5509 | LR: 0.000085
Epoch 2/100 | Batch 2400/43947 | Loss: 3.5551 | LR: 0.000085
Epoch 2/100 | Batch 2500/43947 | Loss: 3.6141 | LR: 0.000085
Epoch 2/100 | Batch 2600/43947 | Loss: 3.6013 | LR: 0.000085
Epoch 2/100 | Batch 2700/43947 | Loss: 3.6722 | LR: 0.000085
Epoch 2/100 | Batch 2800/43947 | Loss: 3.6228 | LR: 0.000085
Epoch 2/100 | Batch 2900/43947 | Loss: 3.5921 | LR: 0.000085
Epoch 2/100 | Batch 3000/43947 | Loss: 3.5669 | LR: 0.000085
Epoch 2/100 | Batch 3100/43947 | Loss: 3.5191 | LR: 0.000085
Epoch 2/100 | Batch 3200/43947 | Loss: 3.5078 | LR: 0.000085
Epoch 2/100 | Batch 3300/43947 | Loss: 3.5294 | LR: 0.000085
Epoch 2/100 | Batch 3400/43947 | Loss: 3.5246 | LR: 0.000085
Epoch 2/100 | Batch 3500/43947 | Loss: 3.6132 | LR: 0.000085
Epoch 2/100 | Batch 3600/43947 | Loss: 3.5301 | LR: 0.000085
Epoch 2/100 | Batch 3700/43947 | Loss: 3.5906 | LR: 0.000085
Epoch 2/100 | Batch 3800/43947 | Loss: 3.7031 | LR: 0.000085
Epoch 2/100 | Batch 3900/43947 | Loss: 3.5546 | LR: 0.000085
Epoch 2/100 | Batch 4000/43947 | Loss: 3.5211 | LR: 0.000085
Epoch 2/100 | Batch 4100/43947 | Loss: 3.7000 | LR: 0.000085
Epoch 2/100 | Batch 4200/43947 | Loss: 3.5047 | LR: 0.000085
Epoch 2/100 | Batch 4300/43947 | Loss: 3.5788 | LR: 0.000085
Epoch 2/100 | Batch 4400/43947 | Loss: 3.5192 | LR: 0.000085
Epoch 2/100 | Batch 4500/43947 | Loss: 3.6131 | LR: 0.000085
Epoch 2/100 | Batch 4600/43947 | Loss: 3.5398 | LR: 0.000085
Epoch 2/100 | Batch 4700/43947 | Loss: 3.6672 | LR: 0.000085
Epoch 2/100 | Batch 4800/43947 | Loss: 3.6315 | LR: 0.000085
Epoch 2/100 | Batch 4900/43947 | Loss: 3.5312 | LR: 0.000085
Epoch 2/100 | Batch 5000/43947 | Loss: 3.5189 | LR: 0.000085
Epoch 2/100 | Batch 5100/43947 | Loss: 3.6877 | LR: 0.000085
Epoch 2/100 | Batch 5200/43947 | Loss: 3.6434 | LR: 0.000085
Epoch 2/100 | Batch 5300/43947 | Loss: 3.5978 | LR: 0.000085
Epoch 2/100 | Batch 5400/43947 | Loss: 3.4608 | LR: 0.000085
Epoch 2/100 | Batch 5500/43947 | Loss: 3.5349 | LR: 0.000085
Epoch 2/100 | Batch 5600/43947 | Loss: 3.5750 | LR: 0.000085
Epoch 2/100 | Batch 5700/43947 | Loss: 3.5601 | LR: 0.000085
Epoch 2/100 | Batch 5800/43947 | Loss: 3.4918 | LR: 0.000085
Epoch 2/100 | Batch 5900/43947 | Loss: 3.5418 | LR: 0.000085
Epoch 2/100 | Batch 6000/43947 | Loss: 3.5535 | LR: 0.000085
Epoch 2/100 | Batch 6100/43947 | Loss: 3.6223 | LR: 0.000085
Epoch 2/100 | Batch 6200/43947 | Loss: 3.6310 | LR: 0.000085
Epoch 2/100 | Batch 6300/43947 | Loss: 3.5750 | LR: 0.000085
Epoch 2/100 | Batch 6400/43947 | Loss: 3.7508 | LR: 0.000085
Epoch 2/100 | Batch 6500/43947 | Loss: 3.6188 | LR: 0.000085
Epoch 2/100 | Batch 6600/43947 | Loss: 3.4170 | LR: 0.000085
Epoch 2/100 | Batch 6700/43947 | Loss: 3.5600 | LR: 0.000085
Epoch 2/100 | Batch 6800/43947 | Loss: 3.7154 | LR: 0.000085
Epoch 2/100 | Batch 6900/43947 | Loss: 3.5898 | LR: 0.000085
Epoch 2/100 | Batch 7000/43947 | Loss: 3.5535 | LR: 0.000085
Epoch 2/100 | Batch 7100/43947 | Loss: 3.5695 | LR: 0.000085
Epoch 2/100 | Batch 7200/43947 | Loss: 3.5922 | LR: 0.000085
Epoch 2/100 | Batch 7300/43947 | Loss: 3.6418 | LR: 0.000085
Epoch 2/100 | Batch 7400/43947 | Loss: 3.4951 | LR: 0.000085
Epoch 2/100 | Batch 7500/43947 | Loss: 3.5045 | LR: 0.000085
Epoch 2/100 | Batch 7600/43947 | Loss: 3.4653 | LR: 0.000085
Epoch 2/100 | Batch 7700/43947 | Loss: 3.6259 | LR: 0.000085
Epoch 2/100 | Batch 7800/43947 | Loss: 3.5238 | LR: 0.000085
Epoch 2/100 | Batch 7900/43947 | Loss: 3.5273 | LR: 0.000085
Epoch 2/100 | Batch 8000/43947 | Loss: 3.5933 | LR: 0.000085
Epoch 2/100 | Batch 8100/43947 | Loss: 3.5150 | LR: 0.000085
Epoch 2/100 | Batch 8200/43947 | Loss: 3.5510 | LR: 0.000085
Epoch 2/100 | Batch 8300/43947 | Loss: 3.5030 | LR: 0.000085
Epoch 2/100 | Batch 8400/43947 | Loss: 3.5190 | LR: 0.000085
Epoch 2/100 | Batch 8500/43947 | Loss: 3.4672 | LR: 0.000085
Epoch 2/100 | Batch 8600/43947 | Loss: 3.5111 | LR: 0.000085
Epoch 2/100 | Batch 8700/43947 | Loss: 3.5714 | LR: 0.000085
Epoch 2/100 | Batch 8800/43947 | Loss: 3.5410 | LR: 0.000085
Epoch 2/100 | Batch 8900/43947 | Loss: 3.5729 | LR: 0.000085
Epoch 2/100 | Batch 9000/43947 | Loss: 3.5407 | LR: 0.000085
Epoch 2/100 | Batch 9100/43947 | Loss: 3.5258 | LR: 0.000085
Epoch 2/100 | Batch 9200/43947 | Loss: 3.5316 | LR: 0.000085
Epoch 2/100 | Batch 9300/43947 | Loss: 3.5168 | LR: 0.000085
Epoch 2/100 | Batch 9400/43947 | Loss: 3.4774 | LR: 0.000085
Epoch 2/100 | Batch 9500/43947 | Loss: 3.5330 | LR: 0.000085
Epoch 2/100 | Batch 9600/43947 | Loss: 3.5115 | LR: 0.000085
Epoch 2/100 | Batch 9700/43947 | Loss: 3.5304 | LR: 0.000085
Epoch 2/100 | Batch 9800/43947 | Loss: 3.4729 | LR: 0.000085
Epoch 2/100 | Batch 9900/43947 | Loss: 3.5302 | LR: 0.000085
Epoch 2/100 | Batch 10000/43947 | Loss: 3.5888 | LR: 0.000085
Epoch 2/100 | Batch 10100/43947 | Loss: 3.5350 | LR: 0.000085
Epoch 2/100 | Batch 10200/43947 | Loss: 3.5678 | LR: 0.000085
Epoch 2/100 | Batch 10300/43947 | Loss: 3.6023 | LR: 0.000085
Epoch 2/100 | Batch 10400/43947 | Loss: 3.5869 | LR: 0.000085
Epoch 2/100 | Batch 10500/43947 | Loss: 3.4595 | LR: 0.000085
Epoch 2/100 | Batch 10600/43947 | Loss: 3.5171 | LR: 0.000085
Epoch 2/100 | Batch 10700/43947 | Loss: 3.5879 | LR: 0.000085
Epoch 2/100 | Batch 10800/43947 | Loss: 3.5450 | LR: 0.000085
Epoch 2/100 | Batch 10900/43947 | Loss: 3.6484 | LR: 0.000085
Epoch 2/100 | Batch 11000/43947 | Loss: 3.6531 | LR: 0.000085
Epoch 2/100 | Batch 11100/43947 | Loss: 3.5510 | LR: 0.000085
Epoch 2/100 | Batch 11200/43947 | Loss: 3.4873 | LR: 0.000085
Epoch 2/100 | Batch 11300/43947 | Loss: 3.5606 | LR: 0.000085
Epoch 2/100 | Batch 11400/43947 | Loss: 3.5189 | LR: 0.000085
Epoch 2/100 | Batch 11500/43947 | Loss: 3.6105 | LR: 0.000085
Epoch 2/100 | Batch 11600/43947 | Loss: 3.4956 | LR: 0.000085
Epoch 2/100 | Batch 11700/43947 | Loss: 3.5949 | LR: 0.000085
Epoch 2/100 | Batch 11800/43947 | Loss: 3.6211 | LR: 0.000085
Epoch 2/100 | Batch 11900/43947 | Loss: 3.4449 | LR: 0.000085
Epoch 2/100 | Batch 12000/43947 | Loss: 3.5233 | LR: 0.000085
Epoch 2/100 | Batch 12100/43947 | Loss: 3.5986 | LR: 0.000085
Epoch 2/100 | Batch 12200/43947 | Loss: 3.5684 | LR: 0.000085
Epoch 2/100 | Batch 12300/43947 | Loss: 3.5249 | LR: 0.000085
Epoch 2/100 | Batch 12400/43947 | Loss: 3.4839 | LR: 0.000085
Epoch 2/100 | Batch 12500/43947 | Loss: 3.4815 | LR: 0.000085
Epoch 2/100 | Batch 12600/43947 | Loss: 3.6584 | LR: 0.000085
Epoch 2/100 | Batch 12700/43947 | Loss: 3.5556 | LR: 0.000085
Epoch 2/100 | Batch 12800/43947 | Loss: 3.4553 | LR: 0.000085
Epoch 2/100 | Batch 12900/43947 | Loss: 3.4934 | LR: 0.000085
Epoch 2/100 | Batch 13000/43947 | Loss: 3.4126 | LR: 0.000085
Epoch 2/100 | Batch 13100/43947 | Loss: 3.4581 | LR: 0.000085
Epoch 2/100 | Batch 13200/43947 | Loss: 3.5447 | LR: 0.000085
Epoch 2/100 | Batch 13300/43947 | Loss: 3.4871 | LR: 0.000085
Epoch 2/100 | Batch 13400/43947 | Loss: 3.5466 | LR: 0.000085
Epoch 2/100 | Batch 13500/43947 | Loss: 3.4893 | LR: 0.000085
Epoch 2/100 | Batch 13600/43947 | Loss: 3.3715 | LR: 0.000085
Epoch 2/100 | Batch 13700/43947 | Loss: 3.5278 | LR: 0.000085
Epoch 2/100 | Batch 13800/43947 | Loss: 3.4856 | LR: 0.000085
Epoch 2/100 | Batch 13900/43947 | Loss: 3.4604 | LR: 0.000085
Epoch 2/100 | Batch 14000/43947 | Loss: 3.6431 | LR: 0.000085
Epoch 2/100 | Batch 14100/43947 | Loss: 3.5131 | LR: 0.000085
Epoch 2/100 | Batch 14200/43947 | Loss: 3.5025 | LR: 0.000085
Epoch 2/100 | Batch 14300/43947 | Loss: 3.4480 | LR: 0.000085
Epoch 2/100 | Batch 14400/43947 | Loss: 3.5266 | LR: 0.000085
Epoch 2/100 | Batch 14500/43947 | Loss: 3.5868 | LR: 0.000085
Epoch 2/100 | Batch 14600/43947 | Loss: 3.5230 | LR: 0.000085
Epoch 2/100 | Batch 14700/43947 | Loss: 3.4995 | LR: 0.000085
Epoch 2/100 | Batch 14800/43947 | Loss: 3.5061 | LR: 0.000085
Epoch 2/100 | Batch 14900/43947 | Loss: 3.4996 | LR: 0.000085
Epoch 2/100 | Batch 15000/43947 | Loss: 3.5605 | LR: 0.000085
Epoch 2/100 | Batch 15100/43947 | Loss: 3.5953 | LR: 0.000085
Epoch 2/100 | Batch 15200/43947 | Loss: 3.4844 | LR: 0.000085
Epoch 2/100 | Batch 15300/43947 | Loss: 3.6467 | LR: 0.000085
Epoch 2/100 | Batch 15400/43947 | Loss: 3.5319 | LR: 0.000085
Epoch 2/100 | Batch 15500/43947 | Loss: 3.5571 | LR: 0.000085
Epoch 2/100 | Batch 15600/43947 | Loss: 3.4053 | LR: 0.000085
Epoch 2/100 | Batch 15700/43947 | Loss: 3.5979 | LR: 0.000085
Epoch 2/100 | Batch 15800/43947 | Loss: 3.4745 | LR: 0.000085
Epoch 2/100 | Batch 15900/43947 | Loss: 3.4389 | LR: 0.000085
Epoch 2/100 | Batch 16000/43947 | Loss: 3.5038 | LR: 0.000085
Epoch 2/100 | Batch 16100/43947 | Loss: 3.4899 | LR: 0.000085
Epoch 2/100 | Batch 16200/43947 | Loss: 3.4752 | LR: 0.000085
Epoch 2/100 | Batch 16300/43947 | Loss: 3.5304 | LR: 0.000085
Epoch 2/100 | Batch 16400/43947 | Loss: 3.4878 | LR: 0.000085
Epoch 2/100 | Batch 16500/43947 | Loss: 3.5222 | LR: 0.000085
Epoch 2/100 | Batch 16600/43947 | Loss: 3.5219 | LR: 0.000085
Epoch 2/100 | Batch 16700/43947 | Loss: 3.5486 | LR: 0.000085
Epoch 2/100 | Batch 16800/43947 | Loss: 3.6318 | LR: 0.000085
Epoch 2/100 | Batch 16900/43947 | Loss: 3.4617 | LR: 0.000085
Epoch 2/100 | Batch 17000/43947 | Loss: 3.5845 | LR: 0.000085
Epoch 2/100 | Batch 17100/43947 | Loss: 3.5644 | LR: 0.000085
Epoch 2/100 | Batch 17200/43947 | Loss: 3.5104 | LR: 0.000085
Epoch 2/100 | Batch 17300/43947 | Loss: 3.5607 | LR: 0.000085
Epoch 2/100 | Batch 17400/43947 | Loss: 3.6085 | LR: 0.000085
Epoch 2/100 | Batch 17500/43947 | Loss: 3.4831 | LR: 0.000085
Epoch 2/100 | Batch 17600/43947 | Loss: 3.4558 | LR: 0.000085
Epoch 2/100 | Batch 17700/43947 | Loss: 3.5202 | LR: 0.000085
Epoch 2/100 | Batch 17800/43947 | Loss: 3.4966 | LR: 0.000085
Epoch 2/100 | Batch 17900/43947 | Loss: 3.4759 | LR: 0.000085
Epoch 2/100 | Batch 18000/43947 | Loss: 3.5529 | LR: 0.000085
Epoch 2/100 | Batch 18100/43947 | Loss: 3.5633 | LR: 0.000085
Epoch 2/100 | Batch 18200/43947 | Loss: 3.4930 | LR: 0.000085
Epoch 2/100 | Batch 18300/43947 | Loss: 3.4274 | LR: 0.000085
Epoch 2/100 | Batch 18400/43947 | Loss: 3.4244 | LR: 0.000085
Epoch 2/100 | Batch 18500/43947 | Loss: 3.4158 | LR: 0.000085
Epoch 2/100 | Batch 18600/43947 | Loss: 3.5467 | LR: 0.000085
Epoch 2/100 | Batch 18700/43947 | Loss: 3.4395 | LR: 0.000085
Epoch 2/100 | Batch 18800/43947 | Loss: 3.5323 | LR: 0.000085
Epoch 2/100 | Batch 18900/43947 | Loss: 3.6572 | LR: 0.000085
Epoch 2/100 | Batch 19000/43947 | Loss: 3.5867 | LR: 0.000085
Epoch 2/100 | Batch 19100/43947 | Loss: 3.4994 | LR: 0.000085
Epoch 2/100 | Batch 19200/43947 | Loss: 3.4264 | LR: 0.000085
Epoch 2/100 | Batch 19300/43947 | Loss: 3.4464 | LR: 0.000085
Epoch 2/100 | Batch 19400/43947 | Loss: 3.4871 | LR: 0.000085
Epoch 2/100 | Batch 19500/43947 | Loss: 3.4581 | LR: 0.000085
Epoch 2/100 | Batch 19600/43947 | Loss: 3.5053 | LR: 0.000085
Epoch 2/100 | Batch 19700/43947 | Loss: 3.4575 | LR: 0.000085
Epoch 2/100 | Batch 19800/43947 | Loss: 3.4995 | LR: 0.000085
Epoch 2/100 | Batch 19900/43947 | Loss: 3.4519 | LR: 0.000085
Epoch 2/100 | Batch 20000/43947 | Loss: 3.5388 | LR: 0.000085
Epoch 2/100 | Batch 20100/43947 | Loss: 3.4275 | LR: 0.000085
Epoch 2/100 | Batch 20200/43947 | Loss: 3.4416 | LR: 0.000085
Epoch 2/100 | Batch 20300/43947 | Loss: 3.5511 | LR: 0.000085
Epoch 2/100 | Batch 20400/43947 | Loss: 3.5419 | LR: 0.000085
Epoch 2/100 | Batch 20500/43947 | Loss: 3.4862 | LR: 0.000085
Epoch 2/100 | Batch 20600/43947 | Loss: 3.4328 | LR: 0.000085
Epoch 2/100 | Batch 20700/43947 | Loss: 3.3788 | LR: 0.000085
Epoch 2/100 | Batch 20800/43947 | Loss: 3.4160 | LR: 0.000085
Epoch 2/100 | Batch 20900/43947 | Loss: 3.4759 | LR: 0.000085
Epoch 2/100 | Batch 21000/43947 | Loss: 3.5100 | LR: 0.000085
Epoch 2/100 | Batch 21100/43947 | Loss: 3.5767 | LR: 0.000085
Epoch 2/100 | Batch 21200/43947 | Loss: 3.4016 | LR: 0.000085
Epoch 2/100 | Batch 21300/43947 | Loss: 3.4492 | LR: 0.000085
Epoch 2/100 | Batch 21400/43947 | Loss: 3.4667 | LR: 0.000085
Epoch 2/100 | Batch 21500/43947 | Loss: 3.3760 | LR: 0.000085
Epoch 2/100 | Batch 21600/43947 | Loss: 3.3766 | LR: 0.000085
Epoch 2/100 | Batch 21700/43947 | Loss: 3.5716 | LR: 0.000085
Epoch 2/100 | Batch 21800/43947 | Loss: 3.4759 | LR: 0.000085
Epoch 2/100 | Batch 21900/43947 | Loss: 3.5396 | LR: 0.000085
Epoch 2/100 | Batch 22000/43947 | Loss: 3.3912 | LR: 0.000085
Epoch 2/100 | Batch 22100/43947 | Loss: 3.5875 | LR: 0.000085
Epoch 2/100 | Batch 22200/43947 | Loss: 3.5107 | LR: 0.000085
Epoch 2/100 | Batch 22300/43947 | Loss: 3.5506 | LR: 0.000085
Epoch 2/100 | Batch 22400/43947 | Loss: 3.4454 | LR: 0.000085
Epoch 2/100 | Batch 22500/43947 | Loss: 3.4621 | LR: 0.000085
Epoch 2/100 | Batch 22600/43947 | Loss: 3.5205 | LR: 0.000085
Epoch 2/100 | Batch 22700/43947 | Loss: 3.4855 | LR: 0.000085
Epoch 2/100 | Batch 22800/43947 | Loss: 3.4459 | LR: 0.000085
Epoch 2/100 | Batch 22900/43947 | Loss: 3.4950 | LR: 0.000085
Epoch 2/100 | Batch 23000/43947 | Loss: 3.3959 | LR: 0.000085
Epoch 2/100 | Batch 23100/43947 | Loss: 3.5026 | LR: 0.000085
Epoch 2/100 | Batch 23200/43947 | Loss: 3.4272 | LR: 0.000085
Epoch 2/100 | Batch 23300/43947 | Loss: 3.4622 | LR: 0.000085
Epoch 2/100 | Batch 23400/43947 | Loss: 3.4542 | LR: 0.000085
Epoch 2/100 | Batch 23500/43947 | Loss: 3.4705 | LR: 0.000085
Epoch 2/100 | Batch 23600/43947 | Loss: 3.5833 | LR: 0.000085
Epoch 2/100 | Batch 23700/43947 | Loss: 3.4964 | LR: 0.000085
Epoch 2/100 | Batch 23800/43947 | Loss: 3.4507 | LR: 0.000085
Epoch 2/100 | Batch 23900/43947 | Loss: 3.4676 | LR: 0.000085
Epoch 2/100 | Batch 24000/43947 | Loss: 3.4240 | LR: 0.000085
Epoch 2/100 | Batch 24100/43947 | Loss: 3.4923 | LR: 0.000085
Epoch 2/100 | Batch 24200/43947 | Loss: 3.4579 | LR: 0.000085
Epoch 2/100 | Batch 24300/43947 | Loss: 3.4508 | LR: 0.000085
Epoch 2/100 | Batch 24400/43947 | Loss: 3.4931 | LR: 0.000085
Epoch 2/100 | Batch 24500/43947 | Loss: 3.4878 | LR: 0.000085
Epoch 2/100 | Batch 24600/43947 | Loss: 3.4108 | LR: 0.000085
Epoch 2/100 | Batch 24700/43947 | Loss: 3.4575 | LR: 0.000085
Epoch 2/100 | Batch 24800/43947 | Loss: 3.4134 | LR: 0.000085
Epoch 2/100 | Batch 24900/43947 | Loss: 3.4982 | LR: 0.000085
Epoch 2/100 | Batch 25000/43947 | Loss: 3.4173 | LR: 0.000085
Epoch 2/100 | Batch 25100/43947 | Loss: 3.4697 | LR: 0.000085
Epoch 2/100 | Batch 25200/43947 | Loss: 3.5298 | LR: 0.000085
Epoch 2/100 | Batch 25300/43947 | Loss: 3.4311 | LR: 0.000085
Epoch 2/100 | Batch 25400/43947 | Loss: 3.4701 | LR: 0.000085
Epoch 2/100 | Batch 25500/43947 | Loss: 3.5257 | LR: 0.000085
Epoch 2/100 | Batch 25600/43947 | Loss: 3.4398 | LR: 0.000085
Epoch 2/100 | Batch 25700/43947 | Loss: 3.4817 | LR: 0.000085
Epoch 2/100 | Batch 25800/43947 | Loss: 3.4137 | LR: 0.000085
Epoch 2/100 | Batch 25900/43947 | Loss: 3.5500 | LR: 0.000085
Epoch 2/100 | Batch 26000/43947 | Loss: 3.4479 | LR: 0.000085
Epoch 2/100 | Batch 26100/43947 | Loss: 3.5246 | LR: 0.000085
Epoch 2/100 | Batch 26200/43947 | Loss: 3.4609 | LR: 0.000085
Epoch 2/100 | Batch 26300/43947 | Loss: 3.4455 | LR: 0.000085
Epoch 2/100 | Batch 26400/43947 | Loss: 3.5562 | LR: 0.000085
Epoch 2/100 | Batch 26500/43947 | Loss: 3.4498 | LR: 0.000085
Epoch 2/100 | Batch 26600/43947 | Loss: 3.4498 | LR: 0.000085
Epoch 2/100 | Batch 26700/43947 | Loss: 3.5545 | LR: 0.000085
Epoch 2/100 | Batch 26800/43947 | Loss: 3.5355 | LR: 0.000085
Epoch 2/100 | Batch 26900/43947 | Loss: 3.4355 | LR: 0.000085
Epoch 2/100 | Batch 27000/43947 | Loss: 3.5234 | LR: 0.000085
Epoch 2/100 | Batch 27100/43947 | Loss: 3.4531 | LR: 0.000085
Epoch 2/100 | Batch 27200/43947 | Loss: 3.4687 | LR: 0.000085
Epoch 2/100 | Batch 27300/43947 | Loss: 3.4015 | LR: 0.000085
Epoch 2/100 | Batch 27400/43947 | Loss: 3.4788 | LR: 0.000085
Epoch 2/100 | Batch 27500/43947 | Loss: 3.4600 | LR: 0.000085
Epoch 2/100 | Batch 27600/43947 | Loss: 3.3877 | LR: 0.000085
Epoch 2/100 | Batch 27700/43947 | Loss: 3.3820 | LR: 0.000085
Epoch 2/100 | Batch 27800/43947 | Loss: 3.4757 | LR: 0.000085
Epoch 2/100 | Batch 27900/43947 | Loss: 3.4602 | LR: 0.000085
Epoch 2/100 | Batch 28000/43947 | Loss: 3.3836 | LR: 0.000085
Epoch 2/100 | Batch 28100/43947 | Loss: 3.4525 | LR: 0.000085
Epoch 2/100 | Batch 28200/43947 | Loss: 3.5334 | LR: 0.000085
Epoch 2/100 | Batch 28300/43947 | Loss: 3.4076 | LR: 0.000085
Epoch 2/100 | Batch 28400/43947 | Loss: 3.4742 | LR: 0.000085
Epoch 2/100 | Batch 28500/43947 | Loss: 3.4649 | LR: 0.000085
Epoch 2/100 | Batch 28600/43947 | Loss: 3.4951 | LR: 0.000085
Epoch 2/100 | Batch 28700/43947 | Loss: 3.4412 | LR: 0.000085
Epoch 2/100 | Batch 28800/43947 | Loss: 3.5030 | LR: 0.000085
Epoch 2/100 | Batch 28900/43947 | Loss: 3.4875 | LR: 0.000085
Epoch 2/100 | Batch 29000/43947 | Loss: 3.4870 | LR: 0.000085
Epoch 2/100 | Batch 29100/43947 | Loss: 3.3894 | LR: 0.000085
Epoch 2/100 | Batch 29200/43947 | Loss: 3.4644 | LR: 0.000085
Epoch 2/100 | Batch 29300/43947 | Loss: 3.4941 | LR: 0.000085
Epoch 2/100 | Batch 29400/43947 | Loss: 3.4084 | LR: 0.000085
Epoch 2/100 | Batch 29500/43947 | Loss: 3.4163 | LR: 0.000085
Epoch 2/100 | Batch 29600/43947 | Loss: 3.5350 | LR: 0.000085
Epoch 2/100 | Batch 29700/43947 | Loss: 3.4945 | LR: 0.000085
Epoch 2/100 | Batch 29800/43947 | Loss: 3.4659 | LR: 0.000085
Epoch 2/100 | Batch 29900/43947 | Loss: 3.4785 | LR: 0.000085
Epoch 2/100 | Batch 30000/43947 | Loss: 3.5588 | LR: 0.000085
Epoch 2/100 | Batch 30100/43947 | Loss: 3.4368 | LR: 0.000085
Epoch 2/100 | Batch 30200/43947 | Loss: 3.4451 | LR: 0.000085
Epoch 2/100 | Batch 30300/43947 | Loss: 3.4684 | LR: 0.000085
Epoch 2/100 | Batch 30400/43947 | Loss: 3.5362 | LR: 0.000085
Epoch 2/100 | Batch 30500/43947 | Loss: 3.4946 | LR: 0.000085
Epoch 2/100 | Batch 30600/43947 | Loss: 3.4183 | LR: 0.000085
Epoch 2/100 | Batch 30700/43947 | Loss: 3.4637 | LR: 0.000085
Epoch 2/100 | Batch 30800/43947 | Loss: 3.4598 | LR: 0.000085
Epoch 2/100 | Batch 30900/43947 | Loss: 3.4730 | LR: 0.000085
Epoch 2/100 | Batch 31000/43947 | Loss: 3.4514 | LR: 0.000085
Epoch 2/100 | Batch 31100/43947 | Loss: 3.5915 | LR: 0.000085
Epoch 2/100 | Batch 31200/43947 | Loss: 3.4490 | LR: 0.000085
Epoch 2/100 | Batch 31300/43947 | Loss: 3.4766 | LR: 0.000085
Epoch 2/100 | Batch 31400/43947 | Loss: 3.4005 | LR: 0.000085
Epoch 2/100 | Batch 31500/43947 | Loss: 3.3724 | LR: 0.000085
Epoch 2/100 | Batch 31600/43947 | Loss: 3.5141 | LR: 0.000085
Epoch 2/100 | Batch 31700/43947 | Loss: 3.4248 | LR: 0.000085
Epoch 2/100 | Batch 31800/43947 | Loss: 3.5007 | LR: 0.000085
Epoch 2/100 | Batch 31900/43947 | Loss: 3.5216 | LR: 0.000085
Epoch 2/100 | Batch 32000/43947 | Loss: 3.4239 | LR: 0.000085
Epoch 2/100 | Batch 32100/43947 | Loss: 3.4421 | LR: 0.000085
Epoch 2/100 | Batch 32200/43947 | Loss: 3.5043 | LR: 0.000085
Epoch 2/100 | Batch 32300/43947 | Loss: 3.3983 | LR: 0.000085
Epoch 2/100 | Batch 32400/43947 | Loss: 3.5242 | LR: 0.000085
Epoch 2/100 | Batch 32500/43947 | Loss: 3.5347 | LR: 0.000085
Epoch 2/100 | Batch 32600/43947 | Loss: 3.4382 | LR: 0.000085
Epoch 2/100 | Batch 32700/43947 | Loss: 3.4221 | LR: 0.000085
Epoch 2/100 | Batch 32800/43947 | Loss: 3.5199 | LR: 0.000085
Epoch 2/100 | Batch 32900/43947 | Loss: 3.4360 | LR: 0.000085
Epoch 2/100 | Batch 33000/43947 | Loss: 3.4519 | LR: 0.000085
Epoch 2/100 | Batch 33100/43947 | Loss: 3.4258 | LR: 0.000085
Epoch 2/100 | Batch 33200/43947 | Loss: 3.4434 | LR: 0.000085
Epoch 2/100 | Batch 33300/43947 | Loss: 3.5561 | LR: 0.000085
Epoch 2/100 | Batch 33400/43947 | Loss: 3.3623 | LR: 0.000085
Epoch 2/100 | Batch 33500/43947 | Loss: 3.3712 | LR: 0.000085
Epoch 2/100 | Batch 33600/43947 | Loss: 3.4171 | LR: 0.000085
Epoch 2/100 | Batch 33700/43947 | Loss: 3.4729 | LR: 0.000085
Epoch 2/100 | Batch 33800/43947 | Loss: 3.4442 | LR: 0.000085
Epoch 2/100 | Batch 33900/43947 | Loss: 3.4955 | LR: 0.000085
Epoch 2/100 | Batch 34000/43947 | Loss: 3.4265 | LR: 0.000085
Epoch 2/100 | Batch 34100/43947 | Loss: 3.3902 | LR: 0.000085
Epoch 2/100 | Batch 34200/43947 | Loss: 3.4277 | LR: 0.000085
Epoch 2/100 | Batch 34300/43947 | Loss: 3.4650 | LR: 0.000085
Epoch 2/100 | Batch 34400/43947 | Loss: 3.4098 | LR: 0.000085
Epoch 2/100 | Batch 34500/43947 | Loss: 3.3947 | LR: 0.000085
Epoch 2/100 | Batch 34600/43947 | Loss: 3.4415 | LR: 0.000085
Epoch 2/100 | Batch 34700/43947 | Loss: 3.4232 | LR: 0.000085
Epoch 2/100 | Batch 34800/43947 | Loss: 3.4897 | LR: 0.000085
Epoch 2/100 | Batch 34900/43947 | Loss: 3.4526 | LR: 0.000085
Epoch 2/100 | Batch 35000/43947 | Loss: 3.4075 | LR: 0.000085
Epoch 2/100 | Batch 35100/43947 | Loss: 3.4401 | LR: 0.000085
Epoch 2/100 | Batch 35200/43947 | Loss: 3.4962 | LR: 0.000085
Epoch 2/100 | Batch 35300/43947 | Loss: 3.4587 | LR: 0.000085
Epoch 2/100 | Batch 35400/43947 | Loss: 3.4470 | LR: 0.000085
Epoch 2/100 | Batch 35500/43947 | Loss: 3.4217 | LR: 0.000085
Epoch 2/100 | Batch 35600/43947 | Loss: 3.4435 | LR: 0.000085
Epoch 2/100 | Batch 35700/43947 | Loss: 3.4306 | LR: 0.000085
Epoch 2/100 | Batch 35800/43947 | Loss: 3.3609 | LR: 0.000085
Epoch 2/100 | Batch 35900/43947 | Loss: 3.3827 | LR: 0.000085
Epoch 2/100 | Batch 36000/43947 | Loss: 3.4872 | LR: 0.000085
Epoch 2/100 | Batch 36100/43947 | Loss: 3.4440 | LR: 0.000085
Epoch 2/100 | Batch 36200/43947 | Loss: 3.4420 | LR: 0.000085
Epoch 2/100 | Batch 36300/43947 | Loss: 3.5899 | LR: 0.000085
Epoch 2/100 | Batch 36400/43947 | Loss: 3.4051 | LR: 0.000085
Epoch 2/100 | Batch 36500/43947 | Loss: 3.3936 | LR: 0.000085
Epoch 2/100 | Batch 36600/43947 | Loss: 3.4444 | LR: 0.000085
Epoch 2/100 | Batch 36700/43947 | Loss: 3.4131 | LR: 0.000085
Epoch 2/100 | Batch 36800/43947 | Loss: 3.3496 | LR: 0.000085
Epoch 2/100 | Batch 36900/43947 | Loss: 3.3851 | LR: 0.000085
Epoch 2/100 | Batch 37000/43947 | Loss: 3.4009 | LR: 0.000085
Epoch 2/100 | Batch 37100/43947 | Loss: 3.4816 | LR: 0.000085
Epoch 2/100 | Batch 37200/43947 | Loss: 3.3587 | LR: 0.000085
Epoch 2/100 | Batch 37300/43947 | Loss: 3.4913 | LR: 0.000085
Epoch 2/100 | Batch 37400/43947 | Loss: 3.5530 | LR: 0.000085
Epoch 2/100 | Batch 37500/43947 | Loss: 3.3759 | LR: 0.000085
Epoch 2/100 | Batch 37600/43947 | Loss: 3.3761 | LR: 0.000085
Epoch 2/100 | Batch 37700/43947 | Loss: 3.4360 | LR: 0.000085
Epoch 2/100 | Batch 37800/43947 | Loss: 3.4453 | LR: 0.000085
Epoch 2/100 | Batch 37900/43947 | Loss: 3.4553 | LR: 0.000085
Epoch 2/100 | Batch 38000/43947 | Loss: 3.4701 | LR: 0.000085
Epoch 2/100 | Batch 38100/43947 | Loss: 3.4491 | LR: 0.000085
Epoch 2/100 | Batch 38200/43947 | Loss: 3.4108 | LR: 0.000085
Epoch 2/100 | Batch 38300/43947 | Loss: 3.3890 | LR: 0.000085
Epoch 2/100 | Batch 38400/43947 | Loss: 3.4164 | LR: 0.000085
Epoch 2/100 | Batch 38500/43947 | Loss: 3.3471 | LR: 0.000085
Epoch 2/100 | Batch 38600/43947 | Loss: 3.4245 | LR: 0.000085
Epoch 2/100 | Batch 38700/43947 | Loss: 3.4139 | LR: 0.000085
Epoch 2/100 | Batch 38800/43947 | Loss: 3.3984 | LR: 0.000085
Epoch 2/100 | Batch 38900/43947 | Loss: 3.3467 | LR: 0.000085
Epoch 2/100 | Batch 39000/43947 | Loss: 3.4053 | LR: 0.000085
Epoch 2/100 | Batch 39100/43947 | Loss: 3.4651 | LR: 0.000085
Epoch 2/100 | Batch 39200/43947 | Loss: 3.4162 | LR: 0.000085
Epoch 2/100 | Batch 39300/43947 | Loss: 3.3870 | LR: 0.000085
Epoch 2/100 | Batch 39400/43947 | Loss: 3.4311 | LR: 0.000085
Epoch 2/100 | Batch 39500/43947 | Loss: 3.4519 | LR: 0.000085
Epoch 2/100 | Batch 39600/43947 | Loss: 3.3669 | LR: 0.000085
Epoch 2/100 | Batch 39700/43947 | Loss: 3.4058 | LR: 0.000085
Epoch 2/100 | Batch 39800/43947 | Loss: 3.4451 | LR: 0.000085
Epoch 2/100 | Batch 39900/43947 | Loss: 3.3774 | LR: 0.000085
Epoch 2/100 | Batch 40000/43947 | Loss: 3.3250 | LR: 0.000085
Epoch 2/100 | Batch 40100/43947 | Loss: 3.4362 | LR: 0.000085
Epoch 2/100 | Batch 40200/43947 | Loss: 3.4929 | LR: 0.000085
Epoch 2/100 | Batch 40300/43947 | Loss: 3.4053 | LR: 0.000085
Epoch 2/100 | Batch 40400/43947 | Loss: 3.3779 | LR: 0.000085
Epoch 2/100 | Batch 40500/43947 | Loss: 3.3867 | LR: 0.000085
Epoch 2/100 | Batch 40600/43947 | Loss: 3.3830 | LR: 0.000085
Epoch 2/100 | Batch 40700/43947 | Loss: 3.4081 | LR: 0.000085
Epoch 2/100 | Batch 40800/43947 | Loss: 3.4392 | LR: 0.000085
Epoch 2/100 | Batch 40900/43947 | Loss: 3.3341 | LR: 0.000085
Epoch 2/100 | Batch 41000/43947 | Loss: 3.3660 | LR: 0.000085
Epoch 2/100 | Batch 41100/43947 | Loss: 3.4145 | LR: 0.000085
Epoch 2/100 | Batch 41200/43947 | Loss: 3.3046 | LR: 0.000085
Epoch 2/100 | Batch 41300/43947 | Loss: 3.4424 | LR: 0.000085
Epoch 2/100 | Batch 41400/43947 | Loss: 3.3526 | LR: 0.000085
Epoch 2/100 | Batch 41500/43947 | Loss: 3.3467 | LR: 0.000085
Epoch 2/100 | Batch 41600/43947 | Loss: 3.3207 | LR: 0.000085
Epoch 2/100 | Batch 41700/43947 | Loss: 3.3311 | LR: 0.000085
Epoch 2/100 | Batch 41800/43947 | Loss: 3.4186 | LR: 0.000085
Epoch 2/100 | Batch 41900/43947 | Loss: 3.4516 | LR: 0.000085
Epoch 2/100 | Batch 42000/43947 | Loss: 3.4292 | LR: 0.000085
Epoch 2/100 | Batch 42100/43947 | Loss: 3.4244 | LR: 0.000085
Epoch 2/100 | Batch 42200/43947 | Loss: 3.4610 | LR: 0.000085
Epoch 2/100 | Batch 42300/43947 | Loss: 3.3936 | LR: 0.000085
Epoch 2/100 | Batch 42400/43947 | Loss: 3.3619 | LR: 0.000085
Epoch 2/100 | Batch 42500/43947 | Loss: 3.3796 | LR: 0.000085
Epoch 2/100 | Batch 42600/43947 | Loss: 3.3758 | LR: 0.000085
Epoch 2/100 | Batch 42700/43947 | Loss: 3.3990 | LR: 0.000085
Epoch 2/100 | Batch 42800/43947 | Loss: 3.3651 | LR: 0.000085
Epoch 2/100 | Batch 42900/43947 | Loss: 3.4624 | LR: 0.000085
Epoch 2/100 | Batch 43000/43947 | Loss: 3.3572 | LR: 0.000085
Epoch 2/100 | Batch 43100/43947 | Loss: 3.5263 | LR: 0.000085
Epoch 2/100 | Batch 43200/43947 | Loss: 3.5190 | LR: 0.000085
Epoch 2/100 | Batch 43300/43947 | Loss: 3.3973 | LR: 0.000085
Epoch 2/100 | Batch 43400/43947 | Loss: 3.3634 | LR: 0.000085
Epoch 2/100 | Batch 43500/43947 | Loss: 3.3790 | LR: 0.000085
Epoch 2/100 | Batch 43600/43947 | Loss: 3.4098 | LR: 0.000085
Epoch 2/100 | Batch 43700/43947 | Loss: 3.3689 | LR: 0.000085
Epoch 2/100 | Batch 43800/43947 | Loss: 3.3735 | LR: 0.000085
Epoch 2/100 | Batch 43900/43947 | Loss: 3.3720 | LR: 0.000085

Epoch 2/100 Summary:
Average Training Loss: 3.4935
Average Validation Loss: 3.3780
Best Validation Loss: 3.3780
Learning Rate: 0.000085
Epoch 3/100 | Batch 0/43947 | Loss: 3.5576 | LR: 0.000072
Epoch 3/100 | Batch 100/43947 | Loss: 3.3072 | LR: 0.000072
Epoch 3/100 | Batch 200/43947 | Loss: 3.4758 | LR: 0.000072
Epoch 3/100 | Batch 300/43947 | Loss: 3.3313 | LR: 0.000072
Epoch 3/100 | Batch 400/43947 | Loss: 3.4737 | LR: 0.000072
Epoch 3/100 | Batch 500/43947 | Loss: 3.5073 | LR: 0.000072
Epoch 3/100 | Batch 600/43947 | Loss: 3.4925 | LR: 0.000072
Epoch 3/100 | Batch 700/43947 | Loss: 3.4535 | LR: 0.000072
Epoch 3/100 | Batch 800/43947 | Loss: 3.4056 | LR: 0.000072
Epoch 3/100 | Batch 900/43947 | Loss: 3.3750 | LR: 0.000072
Epoch 3/100 | Batch 1000/43947 | Loss: 3.4188 | LR: 0.000072
Epoch 3/100 | Batch 1100/43947 | Loss: 3.5956 | LR: 0.000072
Epoch 3/100 | Batch 1200/43947 | Loss: 3.3565 | LR: 0.000072
Epoch 3/100 | Batch 1300/43947 | Loss: 3.4303 | LR: 0.000072
Epoch 3/100 | Batch 1400/43947 | Loss: 3.3790 | LR: 0.000072
Epoch 3/100 | Batch 1500/43947 | Loss: 3.4540 | LR: 0.000072
Epoch 3/100 | Batch 1600/43947 | Loss: 3.4863 | LR: 0.000072
Epoch 3/100 | Batch 1700/43947 | Loss: 3.3642 | LR: 0.000072
Epoch 3/100 | Batch 1800/43947 | Loss: 3.3119 | LR: 0.000072
Epoch 3/100 | Batch 1900/43947 | Loss: 3.4039 | LR: 0.000072
Epoch 3/100 | Batch 2000/43947 | Loss: 3.5567 | LR: 0.000072
Epoch 3/100 | Batch 2100/43947 | Loss: 3.4076 | LR: 0.000072
Epoch 3/100 | Batch 2200/43947 | Loss: 3.4721 | LR: 0.000072
Epoch 3/100 | Batch 2300/43947 | Loss: 3.3944 | LR: 0.000072
Epoch 3/100 | Batch 2400/43947 | Loss: 3.3845 | LR: 0.000072
Epoch 3/100 | Batch 2500/43947 | Loss: 3.4443 | LR: 0.000072
Epoch 3/100 | Batch 2600/43947 | Loss: 3.4374 | LR: 0.000072
Epoch 3/100 | Batch 2700/43947 | Loss: 3.4842 | LR: 0.000072
Epoch 3/100 | Batch 2800/43947 | Loss: 3.4376 | LR: 0.000072
Epoch 3/100 | Batch 2900/43947 | Loss: 3.3867 | LR: 0.000072
Epoch 3/100 | Batch 3000/43947 | Loss: 3.3836 | LR: 0.000072
Epoch 3/100 | Batch 3100/43947 | Loss: 3.3512 | LR: 0.000072
Epoch 3/100 | Batch 3200/43947 | Loss: 3.3272 | LR: 0.000072
Epoch 3/100 | Batch 3300/43947 | Loss: 3.3577 | LR: 0.000072
Epoch 3/100 | Batch 3400/43947 | Loss: 3.3461 | LR: 0.000072
Epoch 3/100 | Batch 3500/43947 | Loss: 3.4411 | LR: 0.000072
Epoch 3/100 | Batch 3600/43947 | Loss: 3.3545 | LR: 0.000072
Epoch 3/100 | Batch 3700/43947 | Loss: 3.4318 | LR: 0.000072
Epoch 3/100 | Batch 3800/43947 | Loss: 3.5137 | LR: 0.000072
Epoch 3/100 | Batch 3900/43947 | Loss: 3.3791 | LR: 0.000072
Epoch 3/100 | Batch 4000/43947 | Loss: 3.3617 | LR: 0.000072
Epoch 3/100 | Batch 4100/43947 | Loss: 3.4945 | LR: 0.000072
Epoch 3/100 | Batch 4200/43947 | Loss: 3.3519 | LR: 0.000072
Epoch 3/100 | Batch 4300/43947 | Loss: 3.4077 | LR: 0.000072
Epoch 3/100 | Batch 4400/43947 | Loss: 3.3668 | LR: 0.000072
Epoch 3/100 | Batch 4500/43947 | Loss: 3.4334 | LR: 0.000072
Epoch 3/100 | Batch 4600/43947 | Loss: 3.3799 | LR: 0.000072
Epoch 3/100 | Batch 4700/43947 | Loss: 3.4638 | LR: 0.000072
Epoch 3/100 | Batch 4800/43947 | Loss: 3.4530 | LR: 0.000072
Epoch 3/100 | Batch 4900/43947 | Loss: 3.3710 | LR: 0.000072
Epoch 3/100 | Batch 5000/43947 | Loss: 3.3564 | LR: 0.000072
Epoch 3/100 | Batch 5100/43947 | Loss: 3.4851 | LR: 0.000072
Epoch 3/100 | Batch 5200/43947 | Loss: 3.4591 | LR: 0.000072
Epoch 3/100 | Batch 5300/43947 | Loss: 3.4259 | LR: 0.000072
Epoch 3/100 | Batch 5400/43947 | Loss: 3.3150 | LR: 0.000072
Epoch 3/100 | Batch 5500/43947 | Loss: 3.3817 | LR: 0.000072
Epoch 3/100 | Batch 5600/43947 | Loss: 3.3990 | LR: 0.000072
Epoch 3/100 | Batch 5700/43947 | Loss: 3.3937 | LR: 0.000072
Epoch 3/100 | Batch 5800/43947 | Loss: 3.3247 | LR: 0.000072
Epoch 3/100 | Batch 5900/43947 | Loss: 3.3797 | LR: 0.000072
Epoch 3/100 | Batch 6000/43947 | Loss: 3.3880 | LR: 0.000072
Epoch 3/100 | Batch 6100/43947 | Loss: 3.4320 | LR: 0.000072
Epoch 3/100 | Batch 6200/43947 | Loss: 3.4513 | LR: 0.000072
Epoch 3/100 | Batch 6300/43947 | Loss: 3.4060 | LR: 0.000072
Epoch 3/100 | Batch 6400/43947 | Loss: 3.5553 | LR: 0.000072
Epoch 3/100 | Batch 6500/43947 | Loss: 3.4475 | LR: 0.000072
Epoch 3/100 | Batch 6600/43947 | Loss: 3.2673 | LR: 0.000072
Epoch 3/100 | Batch 6700/43947 | Loss: 3.3860 | LR: 0.000072
Epoch 3/100 | Batch 6800/43947 | Loss: 3.5567 | LR: 0.000072
Epoch 3/100 | Batch 6900/43947 | Loss: 3.4261 | LR: 0.000072
Epoch 3/100 | Batch 7000/43947 | Loss: 3.3910 | LR: 0.000072
Epoch 3/100 | Batch 7100/43947 | Loss: 3.4088 | LR: 0.000072
Epoch 3/100 | Batch 7200/43947 | Loss: 3.4372 | LR: 0.000072
Epoch 3/100 | Batch 7300/43947 | Loss: 3.4722 | LR: 0.000072
Epoch 3/100 | Batch 7400/43947 | Loss: 3.3423 | LR: 0.000072
Epoch 3/100 | Batch 7500/43947 | Loss: 3.3553 | LR: 0.000072
Epoch 3/100 | Batch 7600/43947 | Loss: 3.3105 | LR: 0.000072
Epoch 3/100 | Batch 7700/43947 | Loss: 3.4434 | LR: 0.000072
Epoch 3/100 | Batch 7800/43947 | Loss: 3.3745 | LR: 0.000072
Epoch 3/100 | Batch 7900/43947 | Loss: 3.3400 | LR: 0.000072
Epoch 3/100 | Batch 8000/43947 | Loss: 3.4250 | LR: 0.000072
Epoch 3/100 | Batch 8100/43947 | Loss: 3.3550 | LR: 0.000072
Epoch 3/100 | Batch 8200/43947 | Loss: 3.4013 | LR: 0.000072
Epoch 3/100 | Batch 8300/43947 | Loss: 3.3602 | LR: 0.000072
Epoch 3/100 | Batch 8400/43947 | Loss: 3.3769 | LR: 0.000072
Epoch 3/100 | Batch 8500/43947 | Loss: 3.3019 | LR: 0.000072
Epoch 3/100 | Batch 8600/43947 | Loss: 3.3600 | LR: 0.000072
Epoch 3/100 | Batch 8700/43947 | Loss: 3.4131 | LR: 0.000072
Epoch 3/100 | Batch 8800/43947 | Loss: 3.3968 | LR: 0.000072
Epoch 3/100 | Batch 8900/43947 | Loss: 3.4009 | LR: 0.000072
Epoch 3/100 | Batch 9000/43947 | Loss: 3.4014 | LR: 0.000072
Epoch 3/100 | Batch 9100/43947 | Loss: 3.3538 | LR: 0.000072
Epoch 3/100 | Batch 9200/43947 | Loss: 3.3816 | LR: 0.000072
Epoch 3/100 | Batch 9300/43947 | Loss: 3.3724 | LR: 0.000072
Epoch 3/100 | Batch 9400/43947 | Loss: 3.3394 | LR: 0.000072
Epoch 3/100 | Batch 9500/43947 | Loss: 3.3780 | LR: 0.000072
Epoch 3/100 | Batch 9600/43947 | Loss: 3.3611 | LR: 0.000072
Epoch 3/100 | Batch 9700/43947 | Loss: 3.3751 | LR: 0.000072
Epoch 3/100 | Batch 9800/43947 | Loss: 3.3410 | LR: 0.000072
Epoch 3/100 | Batch 9900/43947 | Loss: 3.3834 | LR: 0.000072
Epoch 3/100 | Batch 10000/43947 | Loss: 3.4262 | LR: 0.000072
Epoch 3/100 | Batch 10100/43947 | Loss: 3.4000 | LR: 0.000072
Epoch 3/100 | Batch 10200/43947 | Loss: 3.4002 | LR: 0.000072
Epoch 3/100 | Batch 10300/43947 | Loss: 3.4486 | LR: 0.000072
Epoch 3/100 | Batch 10400/43947 | Loss: 3.4263 | LR: 0.000072
Epoch 3/100 | Batch 10500/43947 | Loss: 3.3331 | LR: 0.000072
Epoch 3/100 | Batch 10600/43947 | Loss: 3.3632 | LR: 0.000072
Epoch 3/100 | Batch 10700/43947 | Loss: 3.4468 | LR: 0.000072
Epoch 3/100 | Batch 10800/43947 | Loss: 3.3938 | LR: 0.000072
Epoch 3/100 | Batch 10900/43947 | Loss: 3.4615 | LR: 0.000072
Epoch 3/100 | Batch 11000/43947 | Loss: 3.4758 | LR: 0.000072
Epoch 3/100 | Batch 11100/43947 | Loss: 3.3746 | LR: 0.000072
Epoch 3/100 | Batch 11200/43947 | Loss: 3.3341 | LR: 0.000072
Epoch 3/100 | Batch 11300/43947 | Loss: 3.4174 | LR: 0.000072
Epoch 3/100 | Batch 11400/43947 | Loss: 3.3653 | LR: 0.000072
Epoch 3/100 | Batch 11500/43947 | Loss: 3.4406 | LR: 0.000072
Epoch 3/100 | Batch 11600/43947 | Loss: 3.3698 | LR: 0.000072
Epoch 3/100 | Batch 11700/43947 | Loss: 3.4216 | LR: 0.000072
Epoch 3/100 | Batch 11800/43947 | Loss: 3.4630 | LR: 0.000072
Epoch 3/100 | Batch 11900/43947 | Loss: 3.3177 | LR: 0.000072
Epoch 3/100 | Batch 12000/43947 | Loss: 3.3862 | LR: 0.000072
Epoch 3/100 | Batch 12100/43947 | Loss: 3.4263 | LR: 0.000072
Epoch 3/100 | Batch 12200/43947 | Loss: 3.4117 | LR: 0.000072
Epoch 3/100 | Batch 12300/43947 | Loss: 3.3791 | LR: 0.000072
Epoch 3/100 | Batch 12400/43947 | Loss: 3.3484 | LR: 0.000072
Epoch 3/100 | Batch 12500/43947 | Loss: 3.3526 | LR: 0.000072
Epoch 3/100 | Batch 12600/43947 | Loss: 3.5227 | LR: 0.000072
Epoch 3/100 | Batch 12700/43947 | Loss: 3.3989 | LR: 0.000072
Epoch 3/100 | Batch 12800/43947 | Loss: 3.3115 | LR: 0.000072
Epoch 3/100 | Batch 12900/43947 | Loss: 3.3576 | LR: 0.000072
Epoch 3/100 | Batch 13000/43947 | Loss: 3.2732 | LR: 0.000072
Epoch 3/100 | Batch 13100/43947 | Loss: 3.3334 | LR: 0.000072
Epoch 3/100 | Batch 13200/43947 | Loss: 3.3978 | LR: 0.000072
Epoch 3/100 | Batch 13300/43947 | Loss: 3.3623 | LR: 0.000072
Epoch 3/100 | Batch 13400/43947 | Loss: 3.4018 | LR: 0.000072
Epoch 3/100 | Batch 13500/43947 | Loss: 3.3622 | LR: 0.000072
Epoch 3/100 | Batch 13600/43947 | Loss: 3.2569 | LR: 0.000072
Epoch 3/100 | Batch 13700/43947 | Loss: 3.4031 | LR: 0.000072
Epoch 3/100 | Batch 13800/43947 | Loss: 3.3324 | LR: 0.000072
Epoch 3/100 | Batch 13900/43947 | Loss: 3.3413 | LR: 0.000072
Epoch 3/100 | Batch 14000/43947 | Loss: 3.4602 | LR: 0.000072
Epoch 3/100 | Batch 14100/43947 | Loss: 3.3569 | LR: 0.000072
Epoch 3/100 | Batch 14200/43947 | Loss: 3.3650 | LR: 0.000072
Epoch 3/100 | Batch 14300/43947 | Loss: 3.3191 | LR: 0.000072
Epoch 3/100 | Batch 14400/43947 | Loss: 3.3794 | LR: 0.000072
Epoch 3/100 | Batch 14500/43947 | Loss: 3.4177 | LR: 0.000072
Epoch 3/100 | Batch 14600/43947 | Loss: 3.3949 | LR: 0.000072
Epoch 3/100 | Batch 14700/43947 | Loss: 3.3596 | LR: 0.000072
Epoch 3/100 | Batch 14800/43947 | Loss: 3.3617 | LR: 0.000072
Epoch 3/100 | Batch 14900/43947 | Loss: 3.3610 | LR: 0.000072
Epoch 3/100 | Batch 15000/43947 | Loss: 3.4161 | LR: 0.000072
Epoch 3/100 | Batch 15100/43947 | Loss: 3.4388 | LR: 0.000072
Epoch 3/100 | Batch 15200/43947 | Loss: 3.3379 | LR: 0.000072
Epoch 3/100 | Batch 15300/43947 | Loss: 3.4997 | LR: 0.000072
Epoch 3/100 | Batch 15400/43947 | Loss: 3.3673 | LR: 0.000072
Epoch 3/100 | Batch 15500/43947 | Loss: 3.4171 | LR: 0.000072
Epoch 3/100 | Batch 15600/43947 | Loss: 3.2738 | LR: 0.000072
Epoch 3/100 | Batch 15700/43947 | Loss: 3.4475 | LR: 0.000072
Epoch 3/100 | Batch 15800/43947 | Loss: 3.3588 | LR: 0.000072
Epoch 3/100 | Batch 15900/43947 | Loss: 3.3128 | LR: 0.000072
Epoch 3/100 | Batch 16000/43947 | Loss: 3.3715 | LR: 0.000072
Epoch 3/100 | Batch 16100/43947 | Loss: 3.3537 | LR: 0.000072
Epoch 3/100 | Batch 16200/43947 | Loss: 3.3349 | LR: 0.000072
Epoch 3/100 | Batch 16300/43947 | Loss: 3.4016 | LR: 0.000072
Epoch 3/100 | Batch 16400/43947 | Loss: 3.3510 | LR: 0.000072
Epoch 3/100 | Batch 16500/43947 | Loss: 3.3869 | LR: 0.000072
Epoch 3/100 | Batch 16600/43947 | Loss: 3.3734 | LR: 0.000072
Epoch 3/100 | Batch 16700/43947 | Loss: 3.4003 | LR: 0.000072
Epoch 3/100 | Batch 16800/43947 | Loss: 3.5001 | LR: 0.000072
Epoch 3/100 | Batch 16900/43947 | Loss: 3.3202 | LR: 0.000072
Epoch 3/100 | Batch 17000/43947 | Loss: 3.4343 | LR: 0.000072
Epoch 3/100 | Batch 17100/43947 | Loss: 3.4304 | LR: 0.000072
Epoch 3/100 | Batch 17200/43947 | Loss: 3.3623 | LR: 0.000072
Epoch 3/100 | Batch 17300/43947 | Loss: 3.4095 | LR: 0.000072
Epoch 3/100 | Batch 17400/43947 | Loss: 3.4220 | LR: 0.000072
Epoch 3/100 | Batch 17500/43947 | Loss: 3.3725 | LR: 0.000072
Epoch 3/100 | Batch 17600/43947 | Loss: 3.3214 | LR: 0.000072
Epoch 3/100 | Batch 17700/43947 | Loss: 3.3886 | LR: 0.000072
Epoch 3/100 | Batch 17800/43947 | Loss: 3.3639 | LR: 0.000072
Epoch 3/100 | Batch 17900/43947 | Loss: 3.3524 | LR: 0.000072
Epoch 3/100 | Batch 18000/43947 | Loss: 3.4327 | LR: 0.000072
Epoch 3/100 | Batch 18100/43947 | Loss: 3.4306 | LR: 0.000072
Epoch 3/100 | Batch 18200/43947 | Loss: 3.3552 | LR: 0.000072
Epoch 3/100 | Batch 18300/43947 | Loss: 3.2969 | LR: 0.000072
Epoch 3/100 | Batch 18400/43947 | Loss: 3.2821 | LR: 0.000072
Epoch 3/100 | Batch 18500/43947 | Loss: 3.3056 | LR: 0.000072
Epoch 3/100 | Batch 18600/43947 | Loss: 3.3947 | LR: 0.000072
Epoch 3/100 | Batch 18700/43947 | Loss: 3.3392 | LR: 0.000072
Epoch 3/100 | Batch 18800/43947 | Loss: 3.3890 | LR: 0.000072
Epoch 3/100 | Batch 18900/43947 | Loss: 3.4803 | LR: 0.000072
Epoch 3/100 | Batch 19000/43947 | Loss: 3.4388 | LR: 0.000072
Epoch 3/100 | Batch 19100/43947 | Loss: 3.3962 | LR: 0.000072
Epoch 3/100 | Batch 19200/43947 | Loss: 3.3107 | LR: 0.000072
Epoch 3/100 | Batch 19300/43947 | Loss: 3.3237 | LR: 0.000072
Epoch 3/100 | Batch 19400/43947 | Loss: 3.3647 | LR: 0.000072
Epoch 3/100 | Batch 19500/43947 | Loss: 3.3296 | LR: 0.000072
Epoch 3/100 | Batch 19600/43947 | Loss: 3.3676 | LR: 0.000072
Epoch 3/100 | Batch 19700/43947 | Loss: 3.3334 | LR: 0.000072
Epoch 3/100 | Batch 19800/43947 | Loss: 3.3615 | LR: 0.000072
Epoch 3/100 | Batch 19900/43947 | Loss: 3.3317 | LR: 0.000072
Epoch 3/100 | Batch 20000/43947 | Loss: 3.4047 | LR: 0.000072
Epoch 3/100 | Batch 20100/43947 | Loss: 3.3073 | LR: 0.000072
Epoch 3/100 | Batch 20200/43947 | Loss: 3.3165 | LR: 0.000072
Epoch 3/100 | Batch 20300/43947 | Loss: 3.4067 | LR: 0.000072
Epoch 3/100 | Batch 20400/43947 | Loss: 3.3953 | LR: 0.000072
Epoch 3/100 | Batch 20500/43947 | Loss: 3.3714 | LR: 0.000072
Epoch 3/100 | Batch 20600/43947 | Loss: 3.3165 | LR: 0.000072
Epoch 3/100 | Batch 20700/43947 | Loss: 3.2548 | LR: 0.000072
Epoch 3/100 | Batch 20800/43947 | Loss: 3.2955 | LR: 0.000072
Epoch 3/100 | Batch 20900/43947 | Loss: 3.3504 | LR: 0.000072
Epoch 3/100 | Batch 21000/43947 | Loss: 3.3930 | LR: 0.000072
Epoch 3/100 | Batch 21100/43947 | Loss: 3.4320 | LR: 0.000072
Epoch 3/100 | Batch 21200/43947 | Loss: 3.2882 | LR: 0.000072
Epoch 3/100 | Batch 21300/43947 | Loss: 3.3411 | LR: 0.000072
Epoch 3/100 | Batch 21400/43947 | Loss: 3.3469 | LR: 0.000072
Epoch 3/100 | Batch 21500/43947 | Loss: 3.2758 | LR: 0.000072
Epoch 3/100 | Batch 21600/43947 | Loss: 3.2690 | LR: 0.000072
Epoch 3/100 | Batch 21700/43947 | Loss: 3.4493 | LR: 0.000072
Epoch 3/100 | Batch 21800/43947 | Loss: 3.3647 | LR: 0.000072
Epoch 3/100 | Batch 21900/43947 | Loss: 3.4098 | LR: 0.000072
Epoch 3/100 | Batch 22000/43947 | Loss: 3.2818 | LR: 0.000072
Epoch 3/100 | Batch 22100/43947 | Loss: 3.4321 | LR: 0.000072
Epoch 3/100 | Batch 22200/43947 | Loss: 3.3832 | LR: 0.000072
Epoch 3/100 | Batch 22300/43947 | Loss: 3.4210 | LR: 0.000072
Epoch 3/100 | Batch 22400/43947 | Loss: 3.3304 | LR: 0.000072
Epoch 3/100 | Batch 22500/43947 | Loss: 3.3355 | LR: 0.000072
Epoch 3/100 | Batch 22600/43947 | Loss: 3.3895 | LR: 0.000072
Epoch 3/100 | Batch 22700/43947 | Loss: 3.3783 | LR: 0.000072
Epoch 3/100 | Batch 22800/43947 | Loss: 3.3234 | LR: 0.000072
Epoch 3/100 | Batch 22900/43947 | Loss: 3.3534 | LR: 0.000072
Epoch 3/100 | Batch 23000/43947 | Loss: 3.2877 | LR: 0.000072
Epoch 3/100 | Batch 23100/43947 | Loss: 3.3662 | LR: 0.000072
Epoch 3/100 | Batch 23200/43947 | Loss: 3.3082 | LR: 0.000072
Epoch 3/100 | Batch 23300/43947 | Loss: 3.3279 | LR: 0.000072
Epoch 3/100 | Batch 23400/43947 | Loss: 3.3171 | LR: 0.000072
Epoch 3/100 | Batch 23500/43947 | Loss: 3.3595 | LR: 0.000072
Epoch 3/100 | Batch 23600/43947 | Loss: 3.4586 | LR: 0.000072
Epoch 3/100 | Batch 23700/43947 | Loss: 3.3753 | LR: 0.000072
Epoch 3/100 | Batch 23800/43947 | Loss: 3.3331 | LR: 0.000072
Epoch 3/100 | Batch 23900/43947 | Loss: 3.3588 | LR: 0.000072
Epoch 3/100 | Batch 24000/43947 | Loss: 3.3191 | LR: 0.000072
Epoch 3/100 | Batch 24100/43947 | Loss: 3.3640 | LR: 0.000072
Epoch 3/100 | Batch 24200/43947 | Loss: 3.3253 | LR: 0.000072
Epoch 3/100 | Batch 24300/43947 | Loss: 3.3447 | LR: 0.000072
Epoch 3/100 | Batch 24400/43947 | Loss: 3.3707 | LR: 0.000072
Epoch 3/100 | Batch 24500/43947 | Loss: 3.3753 | LR: 0.000072
Epoch 3/100 | Batch 24600/43947 | Loss: 3.3084 | LR: 0.000072
Epoch 3/100 | Batch 24700/43947 | Loss: 3.3537 | LR: 0.000072
Epoch 3/100 | Batch 24800/43947 | Loss: 3.3078 | LR: 0.000072
Epoch 3/100 | Batch 24900/43947 | Loss: 3.3999 | LR: 0.000072
Epoch 3/100 | Batch 25000/43947 | Loss: 3.3126 | LR: 0.000072
Epoch 3/100 | Batch 25100/43947 | Loss: 3.3632 | LR: 0.000072
Epoch 3/100 | Batch 25200/43947 | Loss: 3.4106 | LR: 0.000072
Epoch 3/100 | Batch 25300/43947 | Loss: 3.2913 | LR: 0.000072
Epoch 3/100 | Batch 25400/43947 | Loss: 3.3631 | LR: 0.000072
Epoch 3/100 | Batch 25500/43947 | Loss: 3.4241 | LR: 0.000072
Epoch 3/100 | Batch 25600/43947 | Loss: 3.3299 | LR: 0.000072
Epoch 3/100 | Batch 25700/43947 | Loss: 3.3748 | LR: 0.000072
Epoch 3/100 | Batch 25800/43947 | Loss: 3.2991 | LR: 0.000072
Epoch 3/100 | Batch 25900/43947 | Loss: 3.4252 | LR: 0.000072
Epoch 3/100 | Batch 26000/43947 | Loss: 3.3410 | LR: 0.000072
Epoch 3/100 | Batch 26100/43947 | Loss: 3.4084 | LR: 0.000072
Epoch 3/100 | Batch 26200/43947 | Loss: 3.3580 | LR: 0.000072
Epoch 3/100 | Batch 26300/43947 | Loss: 3.3252 | LR: 0.000072
Epoch 3/100 | Batch 26400/43947 | Loss: 3.4154 | LR: 0.000072
Epoch 3/100 | Batch 26500/43947 | Loss: 3.3395 | LR: 0.000072
Epoch 3/100 | Batch 26600/43947 | Loss: 3.3360 | LR: 0.000072
Epoch 3/100 | Batch 26700/43947 | Loss: 3.4446 | LR: 0.000072
Epoch 3/100 | Batch 26800/43947 | Loss: 3.4137 | LR: 0.000072
Epoch 3/100 | Batch 26900/43947 | Loss: 3.3287 | LR: 0.000072
Epoch 3/100 | Batch 27000/43947 | Loss: 3.4023 | LR: 0.000072
Epoch 3/100 | Batch 27100/43947 | Loss: 3.3310 | LR: 0.000072
Epoch 3/100 | Batch 27200/43947 | Loss: 3.3679 | LR: 0.000072
Epoch 3/100 | Batch 27300/43947 | Loss: 3.3000 | LR: 0.000072
Epoch 3/100 | Batch 27400/43947 | Loss: 3.3686 | LR: 0.000072
Epoch 3/100 | Batch 27500/43947 | Loss: 3.3524 | LR: 0.000072
Epoch 3/100 | Batch 27600/43947 | Loss: 3.2711 | LR: 0.000072
Epoch 3/100 | Batch 27700/43947 | Loss: 3.2671 | LR: 0.000072
Epoch 3/100 | Batch 27800/43947 | Loss: 3.3543 | LR: 0.000072
Epoch 3/100 | Batch 27900/43947 | Loss: 3.3545 | LR: 0.000072
Epoch 3/100 | Batch 28000/43947 | Loss: 3.3041 | LR: 0.000072
Epoch 3/100 | Batch 28100/43947 | Loss: 3.3356 | LR: 0.000072
Epoch 3/100 | Batch 28200/43947 | Loss: 3.4184 | LR: 0.000072
Epoch 3/100 | Batch 28300/43947 | Loss: 3.3138 | LR: 0.000072
Epoch 3/100 | Batch 28400/43947 | Loss: 3.3612 | LR: 0.000072
Epoch 3/100 | Batch 28500/43947 | Loss: 3.3629 | LR: 0.000072
Epoch 3/100 | Batch 28600/43947 | Loss: 3.3736 | LR: 0.000072
Epoch 3/100 | Batch 28700/43947 | Loss: 3.3338 | LR: 0.000072
Epoch 3/100 | Batch 28800/43947 | Loss: 3.3544 | LR: 0.000072
Epoch 3/100 | Batch 28900/43947 | Loss: 3.3582 | LR: 0.000072
Epoch 3/100 | Batch 29000/43947 | Loss: 3.3744 | LR: 0.000072
Epoch 3/100 | Batch 29100/43947 | Loss: 3.2805 | LR: 0.000072
Epoch 3/100 | Batch 29200/43947 | Loss: 3.3496 | LR: 0.000072
Epoch 3/100 | Batch 29300/43947 | Loss: 3.3804 | LR: 0.000072
Epoch 3/100 | Batch 29400/43947 | Loss: 3.2932 | LR: 0.000072
Epoch 3/100 | Batch 29500/43947 | Loss: 3.3156 | LR: 0.000072
Epoch 3/100 | Batch 29600/43947 | Loss: 3.4187 | LR: 0.000072
Epoch 3/100 | Batch 29700/43947 | Loss: 3.3874 | LR: 0.000072
Epoch 3/100 | Batch 29800/43947 | Loss: 3.3421 | LR: 0.000072
Epoch 3/100 | Batch 29900/43947 | Loss: 3.3581 | LR: 0.000072
Epoch 3/100 | Batch 30000/43947 | Loss: 3.4508 | LR: 0.000072
Epoch 3/100 | Batch 30100/43947 | Loss: 3.3223 | LR: 0.000072
Epoch 3/100 | Batch 30200/43947 | Loss: 3.3487 | LR: 0.000072
Epoch 3/100 | Batch 30300/43947 | Loss: 3.3540 | LR: 0.000072
Epoch 3/100 | Batch 30400/43947 | Loss: 3.4221 | LR: 0.000072
Epoch 3/100 | Batch 30500/43947 | Loss: 3.3752 | LR: 0.000072
Epoch 3/100 | Batch 30600/43947 | Loss: 3.3070 | LR: 0.000072
Epoch 3/100 | Batch 30700/43947 | Loss: 3.3619 | LR: 0.000072
Epoch 3/100 | Batch 30800/43947 | Loss: 3.3324 | LR: 0.000072
Epoch 3/100 | Batch 30900/43947 | Loss: 3.3643 | LR: 0.000072
Epoch 3/100 | Batch 31000/43947 | Loss: 3.3530 | LR: 0.000072
Epoch 3/100 | Batch 31100/43947 | Loss: 3.4653 | LR: 0.000072
Epoch 3/100 | Batch 31200/43947 | Loss: 3.3340 | LR: 0.000072
Epoch 3/100 | Batch 31300/43947 | Loss: 3.3681 | LR: 0.000072
Epoch 3/100 | Batch 31400/43947 | Loss: 3.3007 | LR: 0.000072
Epoch 3/100 | Batch 31500/43947 | Loss: 3.2746 | LR: 0.000072
Epoch 3/100 | Batch 31600/43947 | Loss: 3.3985 | LR: 0.000072
Epoch 3/100 | Batch 31700/43947 | Loss: 3.3043 | LR: 0.000072
Epoch 3/100 | Batch 31800/43947 | Loss: 3.4080 | LR: 0.000072
Epoch 3/100 | Batch 31900/43947 | Loss: 3.4255 | LR: 0.000072
Epoch 3/100 | Batch 32000/43947 | Loss: 3.3014 | LR: 0.000072
Epoch 3/100 | Batch 32100/43947 | Loss: 3.3316 | LR: 0.000072
Epoch 3/100 | Batch 32200/43947 | Loss: 3.3923 | LR: 0.000072
Epoch 3/100 | Batch 32300/43947 | Loss: 3.2887 | LR: 0.000072
Epoch 3/100 | Batch 32400/43947 | Loss: 3.4135 | LR: 0.000072
Epoch 3/100 | Batch 32500/43947 | Loss: 3.4274 | LR: 0.000072
Epoch 3/100 | Batch 32600/43947 | Loss: 3.3057 | LR: 0.000072
Epoch 3/100 | Batch 32700/43947 | Loss: 3.3174 | LR: 0.000072
Epoch 3/100 | Batch 32800/43947 | Loss: 3.4079 | LR: 0.000072
Epoch 3/100 | Batch 32900/43947 | Loss: 3.3292 | LR: 0.000072
Epoch 3/100 | Batch 33000/43947 | Loss: 3.3553 | LR: 0.000072
Epoch 3/100 | Batch 33100/43947 | Loss: 3.3182 | LR: 0.000072
Epoch 3/100 | Batch 33200/43947 | Loss: 3.3481 | LR: 0.000072
Epoch 3/100 | Batch 33300/43947 | Loss: 3.4371 | LR: 0.000072
Epoch 3/100 | Batch 33400/43947 | Loss: 3.2748 | LR: 0.000072
Epoch 3/100 | Batch 33500/43947 | Loss: 3.2908 | LR: 0.000072
Epoch 3/100 | Batch 33600/43947 | Loss: 3.2912 | LR: 0.000072
Epoch 3/100 | Batch 33700/43947 | Loss: 3.3456 | LR: 0.000072
Epoch 3/100 | Batch 33800/43947 | Loss: 3.3513 | LR: 0.000072
Epoch 3/100 | Batch 33900/43947 | Loss: 3.3931 | LR: 0.000072
Epoch 3/100 | Batch 34000/43947 | Loss: 3.3192 | LR: 0.000072
Epoch 3/100 | Batch 34100/43947 | Loss: 3.3010 | LR: 0.000072
Epoch 3/100 | Batch 34200/43947 | Loss: 3.3331 | LR: 0.000072
Epoch 3/100 | Batch 34300/43947 | Loss: 3.3765 | LR: 0.000072
Epoch 3/100 | Batch 34400/43947 | Loss: 3.3199 | LR: 0.000072
Epoch 3/100 | Batch 34500/43947 | Loss: 3.3039 | LR: 0.000072
Epoch 3/100 | Batch 34600/43947 | Loss: 3.3368 | LR: 0.000072
Epoch 3/100 | Batch 34700/43947 | Loss: 3.3256 | LR: 0.000072
Epoch 3/100 | Batch 34800/43947 | Loss: 3.3782 | LR: 0.000072
Epoch 3/100 | Batch 34900/43947 | Loss: 3.3639 | LR: 0.000072
Epoch 3/100 | Batch 35000/43947 | Loss: 3.3156 | LR: 0.000072
Epoch 3/100 | Batch 35100/43947 | Loss: 3.3517 | LR: 0.000072
Epoch 3/100 | Batch 35200/43947 | Loss: 3.3873 | LR: 0.000072
Epoch 3/100 | Batch 35300/43947 | Loss: 3.3553 | LR: 0.000072
Epoch 3/100 | Batch 35400/43947 | Loss: 3.3299 | LR: 0.000072
Epoch 3/100 | Batch 35500/43947 | Loss: 3.3224 | LR: 0.000072
Epoch 3/100 | Batch 35600/43947 | Loss: 3.3458 | LR: 0.000072
Epoch 3/100 | Batch 35700/43947 | Loss: 3.3212 | LR: 0.000072
Epoch 3/100 | Batch 35800/43947 | Loss: 3.2795 | LR: 0.000072
Epoch 3/100 | Batch 35900/43947 | Loss: 3.2798 | LR: 0.000072
Epoch 3/100 | Batch 36000/43947 | Loss: 3.3808 | LR: 0.000072
Epoch 3/100 | Batch 36100/43947 | Loss: 3.3403 | LR: 0.000072
Epoch 3/100 | Batch 36200/43947 | Loss: 3.3427 | LR: 0.000072
Epoch 3/100 | Batch 36300/43947 | Loss: 3.4772 | LR: 0.000072
Epoch 3/100 | Batch 36400/43947 | Loss: 3.3016 | LR: 0.000072
Epoch 3/100 | Batch 36500/43947 | Loss: 3.3088 | LR: 0.000072
Epoch 3/100 | Batch 36600/43947 | Loss: 3.3301 | LR: 0.000072
Epoch 3/100 | Batch 36700/43947 | Loss: 3.3398 | LR: 0.000072
Epoch 3/100 | Batch 36800/43947 | Loss: 3.2678 | LR: 0.000072
Epoch 3/100 | Batch 36900/43947 | Loss: 3.2937 | LR: 0.000072
Epoch 3/100 | Batch 37000/43947 | Loss: 3.3092 | LR: 0.000072
Epoch 3/100 | Batch 37100/43947 | Loss: 3.3590 | LR: 0.000072
Epoch 3/100 | Batch 37200/43947 | Loss: 3.2778 | LR: 0.000072
Epoch 3/100 | Batch 37300/43947 | Loss: 3.3970 | LR: 0.000072
Epoch 3/100 | Batch 37400/43947 | Loss: 3.4276 | LR: 0.000072
Epoch 3/100 | Batch 37500/43947 | Loss: 3.2801 | LR: 0.000072
Epoch 3/100 | Batch 37600/43947 | Loss: 3.2969 | LR: 0.000072
Epoch 3/100 | Batch 37700/43947 | Loss: 3.3229 | LR: 0.000072
Epoch 3/100 | Batch 37800/43947 | Loss: 3.3317 | LR: 0.000072
Epoch 3/100 | Batch 37900/43947 | Loss: 3.3691 | LR: 0.000072
Epoch 3/100 | Batch 38000/43947 | Loss: 3.3573 | LR: 0.000072
Epoch 3/100 | Batch 38100/43947 | Loss: 3.3384 | LR: 0.000072
Epoch 3/100 | Batch 38200/43947 | Loss: 3.3080 | LR: 0.000072
Epoch 3/100 | Batch 38300/43947 | Loss: 3.2927 | LR: 0.000072
Epoch 3/100 | Batch 38400/43947 | Loss: 3.3136 | LR: 0.000072
Epoch 3/100 | Batch 38500/43947 | Loss: 3.2615 | LR: 0.000072
Epoch 3/100 | Batch 38600/43947 | Loss: 3.3352 | LR: 0.000072
Epoch 3/100 | Batch 38700/43947 | Loss: 3.3328 | LR: 0.000072
Epoch 3/100 | Batch 38800/43947 | Loss: 3.3204 | LR: 0.000072
Epoch 3/100 | Batch 38900/43947 | Loss: 3.2707 | LR: 0.000072
Epoch 3/100 | Batch 39000/43947 | Loss: 3.3113 | LR: 0.000072
Epoch 3/100 | Batch 39100/43947 | Loss: 3.3622 | LR: 0.000072
Epoch 3/100 | Batch 39200/43947 | Loss: 3.3384 | LR: 0.000072
Epoch 3/100 | Batch 39300/43947 | Loss: 3.3049 | LR: 0.000072
Epoch 3/100 | Batch 39400/43947 | Loss: 3.3290 | LR: 0.000072
Epoch 3/100 | Batch 39500/43947 | Loss: 3.3506 | LR: 0.000072
Epoch 3/100 | Batch 39600/43947 | Loss: 3.2751 | LR: 0.000072
Epoch 3/100 | Batch 39700/43947 | Loss: 3.3319 | LR: 0.000072
Epoch 3/100 | Batch 39800/43947 | Loss: 3.3567 | LR: 0.000072
Epoch 3/100 | Batch 39900/43947 | Loss: 3.2923 | LR: 0.000072
Epoch 3/100 | Batch 40000/43947 | Loss: 3.2609 | LR: 0.000072
Epoch 3/100 | Batch 40100/43947 | Loss: 3.3573 | LR: 0.000072
Epoch 3/100 | Batch 40200/43947 | Loss: 3.3795 | LR: 0.000072
Epoch 3/100 | Batch 40300/43947 | Loss: 3.3084 | LR: 0.000072
Epoch 3/100 | Batch 40400/43947 | Loss: 3.2853 | LR: 0.000072
Epoch 3/100 | Batch 40500/43947 | Loss: 3.3023 | LR: 0.000072
Epoch 3/100 | Batch 40600/43947 | Loss: 3.2999 | LR: 0.000072
Epoch 3/100 | Batch 40700/43947 | Loss: 3.3198 | LR: 0.000072
Epoch 3/100 | Batch 40800/43947 | Loss: 3.3420 | LR: 0.000072
Epoch 3/100 | Batch 40900/43947 | Loss: 3.2708 | LR: 0.000072
Epoch 3/100 | Batch 41000/43947 | Loss: 3.2766 | LR: 0.000072
Epoch 3/100 | Batch 41100/43947 | Loss: 3.3278 | LR: 0.000072
Epoch 3/100 | Batch 41200/43947 | Loss: 3.2309 | LR: 0.000072
Epoch 3/100 | Batch 41300/43947 | Loss: 3.3529 | LR: 0.000072
Epoch 3/100 | Batch 41400/43947 | Loss: 3.2746 | LR: 0.000072
Epoch 3/100 | Batch 41500/43947 | Loss: 3.2701 | LR: 0.000072
Epoch 3/100 | Batch 41600/43947 | Loss: 3.2528 | LR: 0.000072
Epoch 3/100 | Batch 41700/43947 | Loss: 3.2560 | LR: 0.000072
Epoch 3/100 | Batch 41800/43947 | Loss: 3.3246 | LR: 0.000072
Epoch 3/100 | Batch 41900/43947 | Loss: 3.3425 | LR: 0.000072
Epoch 3/100 | Batch 42000/43947 | Loss: 3.3208 | LR: 0.000072
Epoch 3/100 | Batch 42100/43947 | Loss: 3.3326 | LR: 0.000072
Epoch 3/100 | Batch 42200/43947 | Loss: 3.3638 | LR: 0.000072
Epoch 3/100 | Batch 42300/43947 | Loss: 3.3074 | LR: 0.000072
Epoch 3/100 | Batch 42400/43947 | Loss: 3.2867 | LR: 0.000072
Epoch 3/100 | Batch 42500/43947 | Loss: 3.2848 | LR: 0.000072
Epoch 3/100 | Batch 42600/43947 | Loss: 3.2876 | LR: 0.000072
Epoch 3/100 | Batch 42700/43947 | Loss: 3.3030 | LR: 0.000072
Epoch 3/100 | Batch 42800/43947 | Loss: 3.2960 | LR: 0.000072
Epoch 3/100 | Batch 42900/43947 | Loss: 3.3642 | LR: 0.000072
Epoch 3/100 | Batch 43000/43947 | Loss: 3.2798 | LR: 0.000072
Epoch 3/100 | Batch 43100/43947 | Loss: 3.4216 | LR: 0.000072
Epoch 3/100 | Batch 43200/43947 | Loss: 3.4228 | LR: 0.000072
Epoch 3/100 | Batch 43300/43947 | Loss: 3.3086 | LR: 0.000072
Epoch 3/100 | Batch 43400/43947 | Loss: 3.2904 | LR: 0.000072
Epoch 3/100 | Batch 43500/43947 | Loss: 3.2800 | LR: 0.000072
Epoch 3/100 | Batch 43600/43947 | Loss: 3.3262 | LR: 0.000072
Epoch 3/100 | Batch 43700/43947 | Loss: 3.2836 | LR: 0.000072
Epoch 3/100 | Batch 43800/43947 | Loss: 3.2868 | LR: 0.000072
Epoch 3/100 | Batch 43900/43947 | Loss: 3.2886 | LR: 0.000072

Epoch 3/100 Summary:
Average Training Loss: 3.3651
Average Validation Loss: 3.2708
Best Validation Loss: 3.2708
Learning Rate: 0.000072
Epoch 4/100 | Batch 0/43947 | Loss: 3.4383 | LR: 0.000061
Epoch 4/100 | Batch 100/43947 | Loss: 3.2394 | LR: 0.000061
Epoch 4/100 | Batch 200/43947 | Loss: 3.3981 | LR: 0.000061
Epoch 4/100 | Batch 300/43947 | Loss: 3.2486 | LR: 0.000061
Epoch 4/100 | Batch 400/43947 | Loss: 3.4002 | LR: 0.000061
Epoch 4/100 | Batch 500/43947 | Loss: 3.4118 | LR: 0.000061
Epoch 4/100 | Batch 600/43947 | Loss: 3.3982 | LR: 0.000061
Epoch 4/100 | Batch 700/43947 | Loss: 3.3631 | LR: 0.000061
Epoch 4/100 | Batch 800/43947 | Loss: 3.3428 | LR: 0.000061
Epoch 4/100 | Batch 900/43947 | Loss: 3.3040 | LR: 0.000061
Epoch 4/100 | Batch 1000/43947 | Loss: 3.3314 | LR: 0.000061
Epoch 4/100 | Batch 1100/43947 | Loss: 3.4944 | LR: 0.000061
Epoch 4/100 | Batch 1200/43947 | Loss: 3.2979 | LR: 0.000061
Epoch 4/100 | Batch 1300/43947 | Loss: 3.3501 | LR: 0.000061
Epoch 4/100 | Batch 1400/43947 | Loss: 3.2800 | LR: 0.000061
Epoch 4/100 | Batch 1500/43947 | Loss: 3.3846 | LR: 0.000061
Epoch 4/100 | Batch 1600/43947 | Loss: 3.3861 | LR: 0.000061
Epoch 4/100 | Batch 1700/43947 | Loss: 3.2756 | LR: 0.000061
Epoch 4/100 | Batch 1800/43947 | Loss: 3.2472 | LR: 0.000061
Epoch 4/100 | Batch 1900/43947 | Loss: 3.3189 | LR: 0.000061
Epoch 4/100 | Batch 2000/43947 | Loss: 3.4703 | LR: 0.000061
Epoch 4/100 | Batch 2100/43947 | Loss: 3.3114 | LR: 0.000061
Epoch 4/100 | Batch 2200/43947 | Loss: 3.3817 | LR: 0.000061
Epoch 4/100 | Batch 2300/43947 | Loss: 3.3075 | LR: 0.000061
Epoch 4/100 | Batch 2400/43947 | Loss: 3.2955 | LR: 0.000061
Epoch 4/100 | Batch 2500/43947 | Loss: 3.3589 | LR: 0.000061
Epoch 4/100 | Batch 2600/43947 | Loss: 3.3618 | LR: 0.000061
Epoch 4/100 | Batch 2700/43947 | Loss: 3.3933 | LR: 0.000061
Epoch 4/100 | Batch 2800/43947 | Loss: 3.3353 | LR: 0.000061
Epoch 4/100 | Batch 2900/43947 | Loss: 3.3040 | LR: 0.000061
Epoch 4/100 | Batch 3000/43947 | Loss: 3.2921 | LR: 0.000061
Epoch 4/100 | Batch 3100/43947 | Loss: 3.2622 | LR: 0.000061
Epoch 4/100 | Batch 3200/43947 | Loss: 3.2597 | LR: 0.000061
Epoch 4/100 | Batch 3300/43947 | Loss: 3.2872 | LR: 0.000061
Epoch 4/100 | Batch 3400/43947 | Loss: 3.2696 | LR: 0.000061
Epoch 4/100 | Batch 3500/43947 | Loss: 3.3605 | LR: 0.000061
Epoch 4/100 | Batch 3600/43947 | Loss: 3.2635 | LR: 0.000061
Epoch 4/100 | Batch 3700/43947 | Loss: 3.3445 | LR: 0.000061
Epoch 4/100 | Batch 3800/43947 | Loss: 3.4201 | LR: 0.000061
Epoch 4/100 | Batch 3900/43947 | Loss: 3.2969 | LR: 0.000061
Epoch 4/100 | Batch 4000/43947 | Loss: 3.2974 | LR: 0.000061
Epoch 4/100 | Batch 4100/43947 | Loss: 3.4094 | LR: 0.000061
Epoch 4/100 | Batch 4200/43947 | Loss: 3.2691 | LR: 0.000061
Epoch 4/100 | Batch 4300/43947 | Loss: 3.3223 | LR: 0.000061
Epoch 4/100 | Batch 4400/43947 | Loss: 3.2834 | LR: 0.000061
Epoch 4/100 | Batch 4500/43947 | Loss: 3.3515 | LR: 0.000061
Epoch 4/100 | Batch 4600/43947 | Loss: 3.2999 | LR: 0.000061
Epoch 4/100 | Batch 4700/43947 | Loss: 3.3766 | LR: 0.000061
Epoch 4/100 | Batch 4800/43947 | Loss: 3.3605 | LR: 0.000061
Epoch 4/100 | Batch 4900/43947 | Loss: 3.2907 | LR: 0.000061
Epoch 4/100 | Batch 5000/43947 | Loss: 3.2753 | LR: 0.000061
Epoch 4/100 | Batch 5100/43947 | Loss: 3.3918 | LR: 0.000061
Epoch 4/100 | Batch 5200/43947 | Loss: 3.3614 | LR: 0.000061
Epoch 4/100 | Batch 5300/43947 | Loss: 3.3379 | LR: 0.000061
Epoch 4/100 | Batch 5400/43947 | Loss: 3.2476 | LR: 0.000061
Epoch 4/100 | Batch 5500/43947 | Loss: 3.3152 | LR: 0.000061
Epoch 4/100 | Batch 5600/43947 | Loss: 3.3189 | LR: 0.000061
Epoch 4/100 | Batch 5700/43947 | Loss: 3.3158 | LR: 0.000061
Epoch 4/100 | Batch 5800/43947 | Loss: 3.2621 | LR: 0.000061
Epoch 4/100 | Batch 5900/43947 | Loss: 3.3083 | LR: 0.000061
Epoch 4/100 | Batch 6000/43947 | Loss: 3.3099 | LR: 0.000061
Epoch 4/100 | Batch 6100/43947 | Loss: 3.3494 | LR: 0.000061
Epoch 4/100 | Batch 6200/43947 | Loss: 3.3620 | LR: 0.000061
Epoch 4/100 | Batch 6300/43947 | Loss: 3.3427 | LR: 0.000061
Epoch 4/100 | Batch 6400/43947 | Loss: 3.4646 | LR: 0.000061
Epoch 4/100 | Batch 6500/43947 | Loss: 3.3649 | LR: 0.000061
Epoch 4/100 | Batch 6600/43947 | Loss: 3.2088 | LR: 0.000061
Epoch 4/100 | Batch 6700/43947 | Loss: 3.3176 | LR: 0.000061
Epoch 4/100 | Batch 6800/43947 | Loss: 3.4736 | LR: 0.000061
Epoch 4/100 | Batch 6900/43947 | Loss: 3.3515 | LR: 0.000061
Epoch 4/100 | Batch 7000/43947 | Loss: 3.3175 | LR: 0.000061
Epoch 4/100 | Batch 7100/43947 | Loss: 3.3229 | LR: 0.000061
Epoch 4/100 | Batch 7200/43947 | Loss: 3.3523 | LR: 0.000061
Epoch 4/100 | Batch 7300/43947 | Loss: 3.3886 | LR: 0.000061
Epoch 4/100 | Batch 7400/43947 | Loss: 3.2660 | LR: 0.000061
Epoch 4/100 | Batch 7500/43947 | Loss: 3.2856 | LR: 0.000061
Epoch 4/100 | Batch 7600/43947 | Loss: 3.2226 | LR: 0.000061
Epoch 4/100 | Batch 7700/43947 | Loss: 3.3603 | LR: 0.000061
Epoch 4/100 | Batch 7800/43947 | Loss: 3.2956 | LR: 0.000061
Epoch 4/100 | Batch 7900/43947 | Loss: 3.2748 | LR: 0.000061
Epoch 4/100 | Batch 8000/43947 | Loss: 3.3651 | LR: 0.000061
Epoch 4/100 | Batch 8100/43947 | Loss: 3.2798 | LR: 0.000061
Epoch 4/100 | Batch 8200/43947 | Loss: 3.3348 | LR: 0.000061
Epoch 4/100 | Batch 8300/43947 | Loss: 3.3014 | LR: 0.000061
Epoch 4/100 | Batch 8400/43947 | Loss: 3.3062 | LR: 0.000061
Epoch 4/100 | Batch 8500/43947 | Loss: 3.2266 | LR: 0.000061
Epoch 4/100 | Batch 8600/43947 | Loss: 3.2780 | LR: 0.000061
Epoch 4/100 | Batch 8700/43947 | Loss: 3.3324 | LR: 0.000061
Epoch 4/100 | Batch 8800/43947 | Loss: 3.3294 | LR: 0.000061
Epoch 4/100 | Batch 8900/43947 | Loss: 3.3228 | LR: 0.000061
Epoch 4/100 | Batch 9000/43947 | Loss: 3.3167 | LR: 0.000061
Epoch 4/100 | Batch 9100/43947 | Loss: 3.2845 | LR: 0.000061
Epoch 4/100 | Batch 9200/43947 | Loss: 3.2996 | LR: 0.000061
Epoch 4/100 | Batch 9300/43947 | Loss: 3.2834 | LR: 0.000061
Epoch 4/100 | Batch 9400/43947 | Loss: 3.2726 | LR: 0.000061
Epoch 4/100 | Batch 9500/43947 | Loss: 3.3122 | LR: 0.000061
Epoch 4/100 | Batch 9600/43947 | Loss: 3.2963 | LR: 0.000061
Epoch 4/100 | Batch 9700/43947 | Loss: 3.2906 | LR: 0.000061
Epoch 4/100 | Batch 9800/43947 | Loss: 3.2804 | LR: 0.000061
Epoch 4/100 | Batch 9900/43947 | Loss: 3.3111 | LR: 0.000061
Epoch 4/100 | Batch 10000/43947 | Loss: 3.3545 | LR: 0.000061
Epoch 4/100 | Batch 10100/43947 | Loss: 3.3382 | LR: 0.000061
Epoch 4/100 | Batch 10200/43947 | Loss: 3.3337 | LR: 0.000061
Epoch 4/100 | Batch 10300/43947 | Loss: 3.3635 | LR: 0.000061
Epoch 4/100 | Batch 10400/43947 | Loss: 3.3359 | LR: 0.000061
Epoch 4/100 | Batch 10500/43947 | Loss: 3.2646 | LR: 0.000061
Epoch 4/100 | Batch 10600/43947 | Loss: 3.2987 | LR: 0.000061
Epoch 4/100 | Batch 10700/43947 | Loss: 3.3979 | LR: 0.000061
Epoch 4/100 | Batch 10800/43947 | Loss: 3.3222 | LR: 0.000061
Epoch 4/100 | Batch 10900/43947 | Loss: 3.3898 | LR: 0.000061
Epoch 4/100 | Batch 11000/43947 | Loss: 3.3978 | LR: 0.000061
Epoch 4/100 | Batch 11100/43947 | Loss: 3.3158 | LR: 0.000061
Epoch 4/100 | Batch 11200/43947 | Loss: 3.2604 | LR: 0.000061
Epoch 4/100 | Batch 11300/43947 | Loss: 3.3483 | LR: 0.000061
Epoch 4/100 | Batch 11400/43947 | Loss: 3.2875 | LR: 0.000061
Epoch 4/100 | Batch 11500/43947 | Loss: 3.3435 | LR: 0.000061
Epoch 4/100 | Batch 11600/43947 | Loss: 3.2963 | LR: 0.000061
Epoch 4/100 | Batch 11700/43947 | Loss: 3.3262 | LR: 0.000061
Epoch 4/100 | Batch 11800/43947 | Loss: 3.3931 | LR: 0.000061
Epoch 4/100 | Batch 11900/43947 | Loss: 3.2559 | LR: 0.000061
Epoch 4/100 | Batch 12000/43947 | Loss: 3.3042 | LR: 0.000061
Epoch 4/100 | Batch 12100/43947 | Loss: 3.3467 | LR: 0.000061
Epoch 4/100 | Batch 12200/43947 | Loss: 3.3222 | LR: 0.000061
Epoch 4/100 | Batch 12300/43947 | Loss: 3.2978 | LR: 0.000061
Epoch 4/100 | Batch 12400/43947 | Loss: 3.2815 | LR: 0.000061
Epoch 4/100 | Batch 12500/43947 | Loss: 3.2858 | LR: 0.000061
Epoch 4/100 | Batch 12600/43947 | Loss: 3.4468 | LR: 0.000061
Epoch 4/100 | Batch 12700/43947 | Loss: 3.3359 | LR: 0.000061
Epoch 4/100 | Batch 12800/43947 | Loss: 3.2485 | LR: 0.000061
Epoch 4/100 | Batch 12900/43947 | Loss: 3.2850 | LR: 0.000061
Epoch 4/100 | Batch 13000/43947 | Loss: 3.2010 | LR: 0.000061
Epoch 4/100 | Batch 13100/43947 | Loss: 3.2478 | LR: 0.000061
Epoch 4/100 | Batch 13200/43947 | Loss: 3.3288 | LR: 0.000061
Epoch 4/100 | Batch 13300/43947 | Loss: 3.2843 | LR: 0.000061
Epoch 4/100 | Batch 13400/43947 | Loss: 3.3308 | LR: 0.000061
Epoch 4/100 | Batch 13500/43947 | Loss: 3.2942 | LR: 0.000061
Epoch 4/100 | Batch 13600/43947 | Loss: 3.1954 | LR: 0.000061
Epoch 4/100 | Batch 13700/43947 | Loss: 3.3310 | LR: 0.000061
Epoch 4/100 | Batch 13800/43947 | Loss: 3.2749 | LR: 0.000061
Epoch 4/100 | Batch 13900/43947 | Loss: 3.2785 | LR: 0.000061
Epoch 4/100 | Batch 14000/43947 | Loss: 3.3649 | LR: 0.000061
Epoch 4/100 | Batch 14100/43947 | Loss: 3.2742 | LR: 0.000061
Epoch 4/100 | Batch 14200/43947 | Loss: 3.2933 | LR: 0.000061
Epoch 4/100 | Batch 14300/43947 | Loss: 3.2671 | LR: 0.000061
Epoch 4/100 | Batch 14400/43947 | Loss: 3.3111 | LR: 0.000061
Epoch 4/100 | Batch 14500/43947 | Loss: 3.3251 | LR: 0.000061
Epoch 4/100 | Batch 14600/43947 | Loss: 3.3295 | LR: 0.000061
Epoch 4/100 | Batch 14700/43947 | Loss: 3.3013 | LR: 0.000061
Epoch 4/100 | Batch 14800/43947 | Loss: 3.3117 | LR: 0.000061
Epoch 4/100 | Batch 14900/43947 | Loss: 3.3076 | LR: 0.000061
Epoch 4/100 | Batch 15000/43947 | Loss: 3.3472 | LR: 0.000061
Epoch 4/100 | Batch 15100/43947 | Loss: 3.3644 | LR: 0.000061
Epoch 4/100 | Batch 15200/43947 | Loss: 3.2781 | LR: 0.000061
Epoch 4/100 | Batch 15300/43947 | Loss: 3.4273 | LR: 0.000061
Epoch 4/100 | Batch 15400/43947 | Loss: 3.2975 | LR: 0.000061
Epoch 4/100 | Batch 15500/43947 | Loss: 3.3458 | LR: 0.000061
Epoch 4/100 | Batch 15600/43947 | Loss: 3.2142 | LR: 0.000061
Epoch 4/100 | Batch 15700/43947 | Loss: 3.3818 | LR: 0.000061
Epoch 4/100 | Batch 15800/43947 | Loss: 3.2869 | LR: 0.000061
Epoch 4/100 | Batch 15900/43947 | Loss: 3.2554 | LR: 0.000061
Epoch 4/100 | Batch 16000/43947 | Loss: 3.3130 | LR: 0.000061
Epoch 4/100 | Batch 16100/43947 | Loss: 3.2754 | LR: 0.000061
Epoch 4/100 | Batch 16200/43947 | Loss: 3.2649 | LR: 0.000061
Epoch 4/100 | Batch 16300/43947 | Loss: 3.3322 | LR: 0.000061
Epoch 4/100 | Batch 16400/43947 | Loss: 3.2724 | LR: 0.000061
Epoch 4/100 | Batch 16500/43947 | Loss: 3.3077 | LR: 0.000061
Epoch 4/100 | Batch 16600/43947 | Loss: 3.3040 | LR: 0.000061
Epoch 4/100 | Batch 16700/43947 | Loss: 3.3491 | LR: 0.000061
Epoch 4/100 | Batch 16800/43947 | Loss: 3.4274 | LR: 0.000061
Epoch 4/100 | Batch 16900/43947 | Loss: 3.2458 | LR: 0.000061
Epoch 4/100 | Batch 17000/43947 | Loss: 3.3596 | LR: 0.000061
Epoch 4/100 | Batch 17100/43947 | Loss: 3.3642 | LR: 0.000061
Epoch 4/100 | Batch 17200/43947 | Loss: 3.2902 | LR: 0.000061
Epoch 4/100 | Batch 17300/43947 | Loss: 3.3352 | LR: 0.000061
Epoch 4/100 | Batch 17400/43947 | Loss: 3.3457 | LR: 0.000061
Epoch 4/100 | Batch 17500/43947 | Loss: 3.2994 | LR: 0.000061
Epoch 4/100 | Batch 17600/43947 | Loss: 3.2724 | LR: 0.000061
Epoch 4/100 | Batch 17700/43947 | Loss: 3.3170 | LR: 0.000061
Epoch 4/100 | Batch 17800/43947 | Loss: 3.3112 | LR: 0.000061
Epoch 4/100 | Batch 17900/43947 | Loss: 3.3032 | LR: 0.000061
Epoch 4/100 | Batch 18000/43947 | Loss: 3.3673 | LR: 0.000061
Epoch 4/100 | Batch 18100/43947 | Loss: 3.3738 | LR: 0.000061
Epoch 4/100 | Batch 18200/43947 | Loss: 3.2886 | LR: 0.000061
Epoch 4/100 | Batch 18300/43947 | Loss: 3.2510 | LR: 0.000061
Epoch 4/100 | Batch 18400/43947 | Loss: 3.2250 | LR: 0.000061
Epoch 4/100 | Batch 18500/43947 | Loss: 3.2390 | LR: 0.000061
Epoch 4/100 | Batch 18600/43947 | Loss: 3.3342 | LR: 0.000061
Epoch 4/100 | Batch 18700/43947 | Loss: 3.2810 | LR: 0.000061
Epoch 4/100 | Batch 18800/43947 | Loss: 3.3033 | LR: 0.000061
Epoch 4/100 | Batch 18900/43947 | Loss: 3.3955 | LR: 0.000061
Epoch 4/100 | Batch 19000/43947 | Loss: 3.3587 | LR: 0.000061
Epoch 4/100 | Batch 19100/43947 | Loss: 3.3325 | LR: 0.000061
Epoch 4/100 | Batch 19200/43947 | Loss: 3.2436 | LR: 0.000061
Epoch 4/100 | Batch 19300/43947 | Loss: 3.2740 | LR: 0.000061
Epoch 4/100 | Batch 19400/43947 | Loss: 3.3011 | LR: 0.000061
Epoch 4/100 | Batch 19500/43947 | Loss: 3.2808 | LR: 0.000061
Epoch 4/100 | Batch 19600/43947 | Loss: 3.2801 | LR: 0.000061
Epoch 4/100 | Batch 19700/43947 | Loss: 3.2845 | LR: 0.000061
Epoch 4/100 | Batch 19800/43947 | Loss: 3.3123 | LR: 0.000061
Epoch 4/100 | Batch 19900/43947 | Loss: 3.2775 | LR: 0.000061
Epoch 4/100 | Batch 20000/43947 | Loss: 3.3654 | LR: 0.000061
Epoch 4/100 | Batch 20100/43947 | Loss: 3.2472 | LR: 0.000061
Epoch 4/100 | Batch 20200/43947 | Loss: 3.2576 | LR: 0.000061
Epoch 4/100 | Batch 20300/43947 | Loss: 3.3361 | LR: 0.000061
Epoch 4/100 | Batch 20400/43947 | Loss: 3.3353 | LR: 0.000061
Epoch 4/100 | Batch 20500/43947 | Loss: 3.3132 | LR: 0.000061
Epoch 4/100 | Batch 20600/43947 | Loss: 3.2643 | LR: 0.000061
Epoch 4/100 | Batch 20700/43947 | Loss: 3.2022 | LR: 0.000061
Epoch 4/100 | Batch 20800/43947 | Loss: 3.2429 | LR: 0.000061
Epoch 4/100 | Batch 20900/43947 | Loss: 3.2958 | LR: 0.000061
Epoch 4/100 | Batch 21000/43947 | Loss: 3.3356 | LR: 0.000061
Epoch 4/100 | Batch 21100/43947 | Loss: 3.3444 | LR: 0.000061
Epoch 4/100 | Batch 21200/43947 | Loss: 3.2101 | LR: 0.000061
Epoch 4/100 | Batch 21300/43947 | Loss: 3.2764 | LR: 0.000061
Epoch 4/100 | Batch 21400/43947 | Loss: 3.2870 | LR: 0.000061
Epoch 4/100 | Batch 21500/43947 | Loss: 3.2242 | LR: 0.000061
Epoch 4/100 | Batch 21600/43947 | Loss: 3.2023 | LR: 0.000061
Epoch 4/100 | Batch 21700/43947 | Loss: 3.3699 | LR: 0.000061
Epoch 4/100 | Batch 21800/43947 | Loss: 3.3118 | LR: 0.000061
Epoch 4/100 | Batch 21900/43947 | Loss: 3.3597 | LR: 0.000061
Epoch 4/100 | Batch 22000/43947 | Loss: 3.2264 | LR: 0.000061
Epoch 4/100 | Batch 22100/43947 | Loss: 3.3475 | LR: 0.000061
Epoch 4/100 | Batch 22200/43947 | Loss: 3.3066 | LR: 0.000061
Epoch 4/100 | Batch 22300/43947 | Loss: 3.3524 | LR: 0.000061
Epoch 4/100 | Batch 22400/43947 | Loss: 3.2807 | LR: 0.000061
Epoch 4/100 | Batch 22500/43947 | Loss: 3.2740 | LR: 0.000061
Epoch 4/100 | Batch 22600/43947 | Loss: 3.3125 | LR: 0.000061
Epoch 4/100 | Batch 22700/43947 | Loss: 3.2949 | LR: 0.000061
Epoch 4/100 | Batch 22800/43947 | Loss: 3.2623 | LR: 0.000061
Epoch 4/100 | Batch 22900/43947 | Loss: 3.2845 | LR: 0.000061
Epoch 4/100 | Batch 23000/43947 | Loss: 3.2401 | LR: 0.000061
Epoch 4/100 | Batch 23100/43947 | Loss: 3.2925 | LR: 0.000061
Epoch 4/100 | Batch 23200/43947 | Loss: 3.2523 | LR: 0.000061
Epoch 4/100 | Batch 23300/43947 | Loss: 3.2539 | LR: 0.000061
Epoch 4/100 | Batch 23400/43947 | Loss: 3.2493 | LR: 0.000061
Epoch 4/100 | Batch 23500/43947 | Loss: 3.2933 | LR: 0.000061
Epoch 4/100 | Batch 23600/43947 | Loss: 3.3877 | LR: 0.000061
Epoch 4/100 | Batch 23700/43947 | Loss: 3.3265 | LR: 0.000061
Epoch 4/100 | Batch 23800/43947 | Loss: 3.2733 | LR: 0.000061
Epoch 4/100 | Batch 23900/43947 | Loss: 3.3040 | LR: 0.000061
Epoch 4/100 | Batch 24000/43947 | Loss: 3.2829 | LR: 0.000061
Epoch 4/100 | Batch 24100/43947 | Loss: 3.3169 | LR: 0.000061
Epoch 4/100 | Batch 24200/43947 | Loss: 3.2875 | LR: 0.000061
Epoch 4/100 | Batch 24300/43947 | Loss: 3.2821 | LR: 0.000061
Epoch 4/100 | Batch 24400/43947 | Loss: 3.3132 | LR: 0.000061
Epoch 4/100 | Batch 24500/43947 | Loss: 3.3304 | LR: 0.000061
Epoch 4/100 | Batch 24600/43947 | Loss: 3.2636 | LR: 0.000061
Epoch 4/100 | Batch 24700/43947 | Loss: 3.3050 | LR: 0.000061
Epoch 4/100 | Batch 24800/43947 | Loss: 3.2518 | LR: 0.000061
Epoch 4/100 | Batch 24900/43947 | Loss: 3.3338 | LR: 0.000061
Epoch 4/100 | Batch 25000/43947 | Loss: 3.2662 | LR: 0.000061
Epoch 4/100 | Batch 25100/43947 | Loss: 3.3082 | LR: 0.000061
Epoch 4/100 | Batch 25200/43947 | Loss: 3.3459 | LR: 0.000061
Epoch 4/100 | Batch 25300/43947 | Loss: 3.2510 | LR: 0.000061
Epoch 4/100 | Batch 25400/43947 | Loss: 3.3056 | LR: 0.000061
Epoch 4/100 | Batch 25500/43947 | Loss: 3.3727 | LR: 0.000061
Epoch 4/100 | Batch 25600/43947 | Loss: 3.2737 | LR: 0.000061
Epoch 4/100 | Batch 25700/43947 | Loss: 3.3176 | LR: 0.000061
Epoch 4/100 | Batch 25800/43947 | Loss: 3.2478 | LR: 0.000061
Epoch 4/100 | Batch 25900/43947 | Loss: 3.3714 | LR: 0.000061
Epoch 4/100 | Batch 26000/43947 | Loss: 3.2876 | LR: 0.000061
Epoch 4/100 | Batch 26100/43947 | Loss: 3.3510 | LR: 0.000061
Epoch 4/100 | Batch 26200/43947 | Loss: 3.2922 | LR: 0.000061
Epoch 4/100 | Batch 26300/43947 | Loss: 3.2675 | LR: 0.000061
Epoch 4/100 | Batch 26400/43947 | Loss: 3.3327 | LR: 0.000061
Epoch 4/100 | Batch 26500/43947 | Loss: 3.2752 | LR: 0.000061
Epoch 4/100 | Batch 26600/43947 | Loss: 3.2884 | LR: 0.000061
Epoch 4/100 | Batch 26700/43947 | Loss: 3.3892 | LR: 0.000061
Epoch 4/100 | Batch 26800/43947 | Loss: 3.3538 | LR: 0.000061
Epoch 4/100 | Batch 26900/43947 | Loss: 3.2789 | LR: 0.000061
Epoch 4/100 | Batch 27000/43947 | Loss: 3.3418 | LR: 0.000061
Epoch 4/100 | Batch 27100/43947 | Loss: 3.2656 | LR: 0.000061
Epoch 4/100 | Batch 27200/43947 | Loss: 3.3032 | LR: 0.000061
Epoch 4/100 | Batch 27300/43947 | Loss: 3.2468 | LR: 0.000061
Epoch 4/100 | Batch 27400/43947 | Loss: 3.3068 | LR: 0.000061
Epoch 4/100 | Batch 27500/43947 | Loss: 3.2948 | LR: 0.000061
Epoch 4/100 | Batch 27600/43947 | Loss: 3.2172 | LR: 0.000061
Epoch 4/100 | Batch 27700/43947 | Loss: 3.2092 | LR: 0.000061
Epoch 4/100 | Batch 27800/43947 | Loss: 3.3025 | LR: 0.000061
Epoch 4/100 | Batch 27900/43947 | Loss: 3.2977 | LR: 0.000061
Epoch 4/100 | Batch 28000/43947 | Loss: 3.2541 | LR: 0.000061
Epoch 4/100 | Batch 28100/43947 | Loss: 3.2836 | LR: 0.000061
Epoch 4/100 | Batch 28200/43947 | Loss: 3.3646 | LR: 0.000061
Epoch 4/100 | Batch 28300/43947 | Loss: 3.2654 | LR: 0.000061
Epoch 4/100 | Batch 28400/43947 | Loss: 3.3098 | LR: 0.000061
Epoch 4/100 | Batch 28500/43947 | Loss: 3.2859 | LR: 0.000061
Epoch 4/100 | Batch 28600/43947 | Loss: 3.3189 | LR: 0.000061
Epoch 4/100 | Batch 28700/43947 | Loss: 3.2821 | LR: 0.000061
Epoch 4/100 | Batch 28800/43947 | Loss: 3.2768 | LR: 0.000061
Epoch 4/100 | Batch 28900/43947 | Loss: 3.3250 | LR: 0.000061
Epoch 4/100 | Batch 29000/43947 | Loss: 3.2999 | LR: 0.000061
Epoch 4/100 | Batch 29100/43947 | Loss: 3.2228 | LR: 0.000061
Epoch 4/100 | Batch 29200/43947 | Loss: 3.2850 | LR: 0.000061
Epoch 4/100 | Batch 29300/43947 | Loss: 3.3134 | LR: 0.000061
Epoch 4/100 | Batch 29400/43947 | Loss: 3.2372 | LR: 0.000061
Epoch 4/100 | Batch 29500/43947 | Loss: 3.2596 | LR: 0.000061
Epoch 4/100 | Batch 29600/43947 | Loss: 3.3591 | LR: 0.000061
Epoch 4/100 | Batch 29700/43947 | Loss: 3.3213 | LR: 0.000061
Epoch 4/100 | Batch 29800/43947 | Loss: 3.2942 | LR: 0.000061
Epoch 4/100 | Batch 29900/43947 | Loss: 3.2731 | LR: 0.000061
Epoch 4/100 | Batch 30000/43947 | Loss: 3.3871 | LR: 0.000061
Epoch 4/100 | Batch 30100/43947 | Loss: 3.2578 | LR: 0.000061
Epoch 4/100 | Batch 30200/43947 | Loss: 3.2678 | LR: 0.000061
Epoch 4/100 | Batch 30300/43947 | Loss: 3.3038 | LR: 0.000061
Epoch 4/100 | Batch 30400/43947 | Loss: 3.3497 | LR: 0.000061
Epoch 4/100 | Batch 30500/43947 | Loss: 3.3210 | LR: 0.000061
Epoch 4/100 | Batch 30600/43947 | Loss: 3.2624 | LR: 0.000061
Epoch 4/100 | Batch 30700/43947 | Loss: 3.2977 | LR: 0.000061
Epoch 4/100 | Batch 30800/43947 | Loss: 3.2885 | LR: 0.000061
Epoch 4/100 | Batch 30900/43947 | Loss: 3.2995 | LR: 0.000061
Epoch 4/100 | Batch 31000/43947 | Loss: 3.2949 | LR: 0.000061
Epoch 4/100 | Batch 31100/43947 | Loss: 3.4042 | LR: 0.000061
Epoch 4/100 | Batch 31200/43947 | Loss: 3.2828 | LR: 0.000061
Epoch 4/100 | Batch 31300/43947 | Loss: 3.3037 | LR: 0.000061
Epoch 4/100 | Batch 31400/43947 | Loss: 3.2433 | LR: 0.000061
Epoch 4/100 | Batch 31500/43947 | Loss: 3.2208 | LR: 0.000061
Epoch 4/100 | Batch 31600/43947 | Loss: 3.3350 | LR: 0.000061
Epoch 4/100 | Batch 31700/43947 | Loss: 3.2525 | LR: 0.000061
Epoch 4/100 | Batch 31800/43947 | Loss: 3.3344 | LR: 0.000061
Epoch 4/100 | Batch 31900/43947 | Loss: 3.3681 | LR: 0.000061
Epoch 4/100 | Batch 32000/43947 | Loss: 3.2408 | LR: 0.000061
Epoch 4/100 | Batch 32100/43947 | Loss: 3.2875 | LR: 0.000061
Epoch 4/100 | Batch 32200/43947 | Loss: 3.3429 | LR: 0.000061
Epoch 4/100 | Batch 32300/43947 | Loss: 3.2367 | LR: 0.000061
Epoch 4/100 | Batch 32400/43947 | Loss: 3.3475 | LR: 0.000061
Epoch 4/100 | Batch 32500/43947 | Loss: 3.3660 | LR: 0.000061
Epoch 4/100 | Batch 32600/43947 | Loss: 3.2513 | LR: 0.000061
Epoch 4/100 | Batch 32700/43947 | Loss: 3.2613 | LR: 0.000061
Epoch 4/100 | Batch 32800/43947 | Loss: 3.3460 | LR: 0.000061
Epoch 4/100 | Batch 32900/43947 | Loss: 3.2725 | LR: 0.000061
Epoch 4/100 | Batch 33000/43947 | Loss: 3.3027 | LR: 0.000061
Epoch 4/100 | Batch 33100/43947 | Loss: 3.2607 | LR: 0.000061
Epoch 4/100 | Batch 33200/43947 | Loss: 3.2934 | LR: 0.000061
Epoch 4/100 | Batch 33300/43947 | Loss: 3.3704 | LR: 0.000061
Epoch 4/100 | Batch 33400/43947 | Loss: 3.2318 | LR: 0.000061
Epoch 4/100 | Batch 33500/43947 | Loss: 3.2313 | LR: 0.000061
Epoch 4/100 | Batch 33600/43947 | Loss: 3.2254 | LR: 0.000061
Epoch 4/100 | Batch 33700/43947 | Loss: 3.2822 | LR: 0.000061
Epoch 4/100 | Batch 33800/43947 | Loss: 3.2934 | LR: 0.000061
Epoch 4/100 | Batch 33900/43947 | Loss: 3.3346 | LR: 0.000061
Epoch 4/100 | Batch 34000/43947 | Loss: 3.2620 | LR: 0.000061
Epoch 4/100 | Batch 34100/43947 | Loss: 3.2597 | LR: 0.000061
Epoch 4/100 | Batch 34200/43947 | Loss: 3.2754 | LR: 0.000061
Epoch 4/100 | Batch 34300/43947 | Loss: 3.3319 | LR: 0.000061
Epoch 4/100 | Batch 34400/43947 | Loss: 3.2743 | LR: 0.000061
Epoch 4/100 | Batch 34500/43947 | Loss: 3.2355 | LR: 0.000061
Epoch 4/100 | Batch 34600/43947 | Loss: 3.3096 | LR: 0.000061
Epoch 4/100 | Batch 34700/43947 | Loss: 3.2561 | LR: 0.000061
Epoch 4/100 | Batch 34800/43947 | Loss: 3.3228 | LR: 0.000061
Epoch 4/100 | Batch 34900/43947 | Loss: 3.3193 | LR: 0.000061
Epoch 4/100 | Batch 35000/43947 | Loss: 3.2683 | LR: 0.000061
Epoch 4/100 | Batch 35100/43947 | Loss: 3.2838 | LR: 0.000061
Epoch 4/100 | Batch 35200/43947 | Loss: 3.3333 | LR: 0.000061
Epoch 4/100 | Batch 35300/43947 | Loss: 3.3188 | LR: 0.000061
Epoch 4/100 | Batch 35400/43947 | Loss: 3.2716 | LR: 0.000061
Epoch 4/100 | Batch 35500/43947 | Loss: 3.2809 | LR: 0.000061
Epoch 4/100 | Batch 35600/43947 | Loss: 3.2842 | LR: 0.000061
Epoch 4/100 | Batch 35700/43947 | Loss: 3.2584 | LR: 0.000061
Epoch 4/100 | Batch 35800/43947 | Loss: 3.2386 | LR: 0.000061
Epoch 4/100 | Batch 35900/43947 | Loss: 3.2465 | LR: 0.000061
Epoch 4/100 | Batch 36000/43947 | Loss: 3.3517 | LR: 0.000061
Epoch 4/100 | Batch 36100/43947 | Loss: 3.2934 | LR: 0.000061
Epoch 4/100 | Batch 36200/43947 | Loss: 3.2966 | LR: 0.000061
Epoch 4/100 | Batch 36300/43947 | Loss: 3.4098 | LR: 0.000061
Epoch 4/100 | Batch 36400/43947 | Loss: 3.2561 | LR: 0.000061
Epoch 4/100 | Batch 36500/43947 | Loss: 3.2444 | LR: 0.000061
Epoch 4/100 | Batch 36600/43947 | Loss: 3.2792 | LR: 0.000061
Epoch 4/100 | Batch 36700/43947 | Loss: 3.2846 | LR: 0.000061
Epoch 4/100 | Batch 36800/43947 | Loss: 3.2178 | LR: 0.000061
Epoch 4/100 | Batch 36900/43947 | Loss: 3.2479 | LR: 0.000061
Epoch 4/100 | Batch 37000/43947 | Loss: 3.2588 | LR: 0.000061
Epoch 4/100 | Batch 37100/43947 | Loss: 3.3217 | LR: 0.000061
Epoch 4/100 | Batch 37200/43947 | Loss: 3.2458 | LR: 0.000061
Epoch 4/100 | Batch 37300/43947 | Loss: 3.3396 | LR: 0.000061
Epoch 4/100 | Batch 37400/43947 | Loss: 3.3577 | LR: 0.000061
Epoch 4/100 | Batch 37500/43947 | Loss: 3.2339 | LR: 0.000061
Epoch 4/100 | Batch 37600/43947 | Loss: 3.2444 | LR: 0.000061
Epoch 4/100 | Batch 37700/43947 | Loss: 3.2670 | LR: 0.000061
Epoch 4/100 | Batch 37800/43947 | Loss: 3.2997 | LR: 0.000061
Epoch 4/100 | Batch 37900/43947 | Loss: 3.3254 | LR: 0.000061
Epoch 4/100 | Batch 38000/43947 | Loss: 3.2947 | LR: 0.000061
Epoch 4/100 | Batch 38100/43947 | Loss: 3.2905 | LR: 0.000061
Epoch 4/100 | Batch 38200/43947 | Loss: 3.2589 | LR: 0.000061
Epoch 4/100 | Batch 38300/43947 | Loss: 3.2369 | LR: 0.000061
Epoch 4/100 | Batch 38400/43947 | Loss: 3.2427 | LR: 0.000061
Epoch 4/100 | Batch 38500/43947 | Loss: 3.2092 | LR: 0.000061
Epoch 4/100 | Batch 38600/43947 | Loss: 3.2681 | LR: 0.000061
Epoch 4/100 | Batch 38700/43947 | Loss: 3.2879 | LR: 0.000061
Epoch 4/100 | Batch 38800/43947 | Loss: 3.2711 | LR: 0.000061
Epoch 4/100 | Batch 38900/43947 | Loss: 3.2331 | LR: 0.000061
Epoch 4/100 | Batch 39000/43947 | Loss: 3.2585 | LR: 0.000061
Epoch 4/100 | Batch 39100/43947 | Loss: 3.3137 | LR: 0.000061
Epoch 4/100 | Batch 39200/43947 | Loss: 3.2871 | LR: 0.000061
Epoch 4/100 | Batch 39300/43947 | Loss: 3.2490 | LR: 0.000061
Epoch 4/100 | Batch 39400/43947 | Loss: 3.2791 | LR: 0.000061
Epoch 4/100 | Batch 39500/43947 | Loss: 3.2804 | LR: 0.000061
Epoch 4/100 | Batch 39600/43947 | Loss: 3.2322 | LR: 0.000061
Epoch 4/100 | Batch 39700/43947 | Loss: 3.2910 | LR: 0.000061
Epoch 4/100 | Batch 39800/43947 | Loss: 3.3087 | LR: 0.000061
Epoch 4/100 | Batch 39900/43947 | Loss: 3.2392 | LR: 0.000061
Epoch 4/100 | Batch 40000/43947 | Loss: 3.2169 | LR: 0.000061
Epoch 4/100 | Batch 40100/43947 | Loss: 3.2881 | LR: 0.000061
Epoch 4/100 | Batch 40200/43947 | Loss: 3.3265 | LR: 0.000061
Epoch 4/100 | Batch 40300/43947 | Loss: 3.2660 | LR: 0.000061
Epoch 4/100 | Batch 40400/43947 | Loss: 3.2409 | LR: 0.000061
Epoch 4/100 | Batch 40500/43947 | Loss: 3.2667 | LR: 0.000061
Epoch 4/100 | Batch 40600/43947 | Loss: 3.2530 | LR: 0.000061
Epoch 4/100 | Batch 40700/43947 | Loss: 3.2757 | LR: 0.000061
Epoch 4/100 | Batch 40800/43947 | Loss: 3.2693 | LR: 0.000061
Epoch 4/100 | Batch 40900/43947 | Loss: 3.2134 | LR: 0.000061
Epoch 4/100 | Batch 41000/43947 | Loss: 3.2454 | LR: 0.000061
Epoch 4/100 | Batch 41100/43947 | Loss: 3.2768 | LR: 0.000061
Epoch 4/100 | Batch 41200/43947 | Loss: 3.2026 | LR: 0.000061
Epoch 4/100 | Batch 41300/43947 | Loss: 3.2995 | LR: 0.000061
Epoch 4/100 | Batch 41400/43947 | Loss: 3.2390 | LR: 0.000061
Epoch 4/100 | Batch 41500/43947 | Loss: 3.2394 | LR: 0.000061
Epoch 4/100 | Batch 41600/43947 | Loss: 3.2231 | LR: 0.000061
Epoch 4/100 | Batch 41700/43947 | Loss: 3.2146 | LR: 0.000061
Epoch 4/100 | Batch 41800/43947 | Loss: 3.2839 | LR: 0.000061
Epoch 4/100 | Batch 41900/43947 | Loss: 3.2925 | LR: 0.000061
Epoch 4/100 | Batch 42000/43947 | Loss: 3.2987 | LR: 0.000061
Epoch 4/100 | Batch 42100/43947 | Loss: 3.2823 | LR: 0.000061
Epoch 4/100 | Batch 42200/43947 | Loss: 3.3106 | LR: 0.000061
Epoch 4/100 | Batch 42300/43947 | Loss: 3.2598 | LR: 0.000061
Epoch 4/100 | Batch 42400/43947 | Loss: 3.2386 | LR: 0.000061
Epoch 4/100 | Batch 42500/43947 | Loss: 3.2379 | LR: 0.000061
Epoch 4/100 | Batch 42600/43947 | Loss: 3.2515 | LR: 0.000061
Epoch 4/100 | Batch 42700/43947 | Loss: 3.2466 | LR: 0.000061
Epoch 4/100 | Batch 42800/43947 | Loss: 3.2329 | LR: 0.000061
Epoch 4/100 | Batch 42900/43947 | Loss: 3.3223 | LR: 0.000061
Epoch 4/100 | Batch 43000/43947 | Loss: 3.2270 | LR: 0.000061
Epoch 4/100 | Batch 43100/43947 | Loss: 3.3721 | LR: 0.000061
Epoch 4/100 | Batch 43200/43947 | Loss: 3.3616 | LR: 0.000061
Epoch 4/100 | Batch 43300/43947 | Loss: 3.2565 | LR: 0.000061
Epoch 4/100 | Batch 43400/43947 | Loss: 3.2412 | LR: 0.000061
Epoch 4/100 | Batch 43500/43947 | Loss: 3.2366 | LR: 0.000061
Epoch 4/100 | Batch 43600/43947 | Loss: 3.2733 | LR: 0.000061
Epoch 4/100 | Batch 43700/43947 | Loss: 3.2352 | LR: 0.000061
Epoch 4/100 | Batch 43800/43947 | Loss: 3.2519 | LR: 0.000061
Epoch 4/100 | Batch 43900/43947 | Loss: 3.2483 | LR: 0.000061

Epoch 4/100 Summary:
Average Training Loss: 3.3007
Average Validation Loss: 3.2060
Best Validation Loss: 3.2060
Learning Rate: 0.000061
Epoch 5/100 | Batch 0/43947 | Loss: 3.3700 | LR: 0.000052
Epoch 5/100 | Batch 100/43947 | Loss: 3.1868 | LR: 0.000052
Epoch 5/100 | Batch 200/43947 | Loss: 3.3375 | LR: 0.000052
Epoch 5/100 | Batch 300/43947 | Loss: 3.1978 | LR: 0.000052
Epoch 5/100 | Batch 400/43947 | Loss: 3.3530 | LR: 0.000052
Epoch 5/100 | Batch 500/43947 | Loss: 3.3414 | LR: 0.000052
Epoch 5/100 | Batch 600/43947 | Loss: 3.3531 | LR: 0.000052
Epoch 5/100 | Batch 700/43947 | Loss: 3.2877 | LR: 0.000052
Epoch 5/100 | Batch 800/43947 | Loss: 3.2900 | LR: 0.000052
Epoch 5/100 | Batch 900/43947 | Loss: 3.2672 | LR: 0.000052
Epoch 5/100 | Batch 1000/43947 | Loss: 3.3025 | LR: 0.000052
Epoch 5/100 | Batch 1100/43947 | Loss: 3.4533 | LR: 0.000052
Epoch 5/100 | Batch 1200/43947 | Loss: 3.2505 | LR: 0.000052
Epoch 5/100 | Batch 1300/43947 | Loss: 3.3147 | LR: 0.000052
Epoch 5/100 | Batch 1400/43947 | Loss: 3.2500 | LR: 0.000052
Epoch 5/100 | Batch 1500/43947 | Loss: 3.3376 | LR: 0.000052
Epoch 5/100 | Batch 1600/43947 | Loss: 3.3509 | LR: 0.000052
Epoch 5/100 | Batch 1700/43947 | Loss: 3.2488 | LR: 0.000052
Epoch 5/100 | Batch 1800/43947 | Loss: 3.2013 | LR: 0.000052
Epoch 5/100 | Batch 1900/43947 | Loss: 3.2887 | LR: 0.000052
Epoch 5/100 | Batch 2000/43947 | Loss: 3.4222 | LR: 0.000052
Epoch 5/100 | Batch 2100/43947 | Loss: 3.2600 | LR: 0.000052
Epoch 5/100 | Batch 2200/43947 | Loss: 3.3317 | LR: 0.000052
Epoch 5/100 | Batch 2300/43947 | Loss: 3.2655 | LR: 0.000052
Epoch 5/100 | Batch 2400/43947 | Loss: 3.2656 | LR: 0.000052
Epoch 5/100 | Batch 2500/43947 | Loss: 3.3193 | LR: 0.000052
Epoch 5/100 | Batch 2600/43947 | Loss: 3.3141 | LR: 0.000052
Epoch 5/100 | Batch 2700/43947 | Loss: 3.3376 | LR: 0.000052
Epoch 5/100 | Batch 2800/43947 | Loss: 3.2973 | LR: 0.000052
Epoch 5/100 | Batch 2900/43947 | Loss: 3.2590 | LR: 0.000052
Epoch 5/100 | Batch 3000/43947 | Loss: 3.2621 | LR: 0.000052
Epoch 5/100 | Batch 3100/43947 | Loss: 3.2142 | LR: 0.000052
Epoch 5/100 | Batch 3200/43947 | Loss: 3.2217 | LR: 0.000052
Epoch 5/100 | Batch 3300/43947 | Loss: 3.2507 | LR: 0.000052
Epoch 5/100 | Batch 3400/43947 | Loss: 3.2151 | LR: 0.000052
Epoch 5/100 | Batch 3500/43947 | Loss: 3.3153 | LR: 0.000052
Epoch 5/100 | Batch 3600/43947 | Loss: 3.2102 | LR: 0.000052
Epoch 5/100 | Batch 3700/43947 | Loss: 3.3057 | LR: 0.000052
Epoch 5/100 | Batch 3800/43947 | Loss: 3.3842 | LR: 0.000052
Epoch 5/100 | Batch 3900/43947 | Loss: 3.2661 | LR: 0.000052
Epoch 5/100 | Batch 4000/43947 | Loss: 3.2413 | LR: 0.000052
Epoch 5/100 | Batch 4100/43947 | Loss: 3.3460 | LR: 0.000052
Epoch 5/100 | Batch 4200/43947 | Loss: 3.2296 | LR: 0.000052
Epoch 5/100 | Batch 4300/43947 | Loss: 3.2809 | LR: 0.000052
Epoch 5/100 | Batch 4400/43947 | Loss: 3.2604 | LR: 0.000052
Epoch 5/100 | Batch 4500/43947 | Loss: 3.3067 | LR: 0.000052
Epoch 5/100 | Batch 4600/43947 | Loss: 3.2563 | LR: 0.000052
Epoch 5/100 | Batch 4700/43947 | Loss: 3.3177 | LR: 0.000052
Epoch 5/100 | Batch 4800/43947 | Loss: 3.3046 | LR: 0.000052
Epoch 5/100 | Batch 4900/43947 | Loss: 3.2716 | LR: 0.000052
Epoch 5/100 | Batch 5000/43947 | Loss: 3.2320 | LR: 0.000052
Epoch 5/100 | Batch 5100/43947 | Loss: 3.3379 | LR: 0.000052
Epoch 5/100 | Batch 5200/43947 | Loss: 3.3147 | LR: 0.000052
Epoch 5/100 | Batch 5300/43947 | Loss: 3.3008 | LR: 0.000052
Epoch 5/100 | Batch 5400/43947 | Loss: 3.1967 | LR: 0.000052
Epoch 5/100 | Batch 5500/43947 | Loss: 3.2499 | LR: 0.000052
Epoch 5/100 | Batch 5600/43947 | Loss: 3.2859 | LR: 0.000052
Epoch 5/100 | Batch 5700/43947 | Loss: 3.2774 | LR: 0.000052
Epoch 5/100 | Batch 5800/43947 | Loss: 3.2261 | LR: 0.000052
Epoch 5/100 | Batch 5900/43947 | Loss: 3.2650 | LR: 0.000052
Epoch 5/100 | Batch 6000/43947 | Loss: 3.2762 | LR: 0.000052
Epoch 5/100 | Batch 6100/43947 | Loss: 3.2764 | LR: 0.000052
Epoch 5/100 | Batch 6200/43947 | Loss: 3.3108 | LR: 0.000052
Epoch 5/100 | Batch 6300/43947 | Loss: 3.2919 | LR: 0.000052
Epoch 5/100 | Batch 6400/43947 | Loss: 3.4056 | LR: 0.000052
Epoch 5/100 | Batch 6500/43947 | Loss: 3.3217 | LR: 0.000052
Epoch 5/100 | Batch 6600/43947 | Loss: 3.1737 | LR: 0.000052
Epoch 5/100 | Batch 6700/43947 | Loss: 3.2687 | LR: 0.000052
Epoch 5/100 | Batch 6800/43947 | Loss: 3.4284 | LR: 0.000052
Epoch 5/100 | Batch 6900/43947 | Loss: 3.3045 | LR: 0.000052
Epoch 5/100 | Batch 7000/43947 | Loss: 3.2833 | LR: 0.000052
Epoch 5/100 | Batch 7100/43947 | Loss: 3.2932 | LR: 0.000052
Epoch 5/100 | Batch 7200/43947 | Loss: 3.3228 | LR: 0.000052
Epoch 5/100 | Batch 7300/43947 | Loss: 3.3397 | LR: 0.000052
Epoch 5/100 | Batch 7400/43947 | Loss: 3.2398 | LR: 0.000052
Epoch 5/100 | Batch 7500/43947 | Loss: 3.2534 | LR: 0.000052
Epoch 5/100 | Batch 7600/43947 | Loss: 3.1909 | LR: 0.000052
Epoch 5/100 | Batch 7700/43947 | Loss: 3.2993 | LR: 0.000052
Epoch 5/100 | Batch 7800/43947 | Loss: 3.2611 | LR: 0.000052
Epoch 5/100 | Batch 7900/43947 | Loss: 3.2210 | LR: 0.000052
Epoch 5/100 | Batch 8000/43947 | Loss: 3.3142 | LR: 0.000052
Epoch 5/100 | Batch 8100/43947 | Loss: 3.2352 | LR: 0.000052
Epoch 5/100 | Batch 8200/43947 | Loss: 3.2971 | LR: 0.000052
Epoch 5/100 | Batch 8300/43947 | Loss: 3.2787 | LR: 0.000052
Epoch 5/100 | Batch 8400/43947 | Loss: 3.2738 | LR: 0.000052
Epoch 5/100 | Batch 8500/43947 | Loss: 3.1738 | LR: 0.000052
Epoch 5/100 | Batch 8600/43947 | Loss: 3.2553 | LR: 0.000052
Epoch 5/100 | Batch 8700/43947 | Loss: 3.2857 | LR: 0.000052
Epoch 5/100 | Batch 8800/43947 | Loss: 3.2792 | LR: 0.000052
Epoch 5/100 | Batch 8900/43947 | Loss: 3.2860 | LR: 0.000052
Epoch 5/100 | Batch 9000/43947 | Loss: 3.2948 | LR: 0.000052
Epoch 5/100 | Batch 9100/43947 | Loss: 3.2358 | LR: 0.000052
Epoch 5/100 | Batch 9200/43947 | Loss: 3.2611 | LR: 0.000052
Epoch 5/100 | Batch 9300/43947 | Loss: 3.2521 | LR: 0.000052
Epoch 5/100 | Batch 9400/43947 | Loss: 3.2419 | LR: 0.000052
Epoch 5/100 | Batch 9500/43947 | Loss: 3.2811 | LR: 0.000052
Epoch 5/100 | Batch 9600/43947 | Loss: 3.2607 | LR: 0.000052
Epoch 5/100 | Batch 9700/43947 | Loss: 3.2418 | LR: 0.000052
Epoch 5/100 | Batch 9800/43947 | Loss: 3.2586 | LR: 0.000052
Epoch 5/100 | Batch 9900/43947 | Loss: 3.2718 | LR: 0.000052
Epoch 5/100 | Batch 10000/43947 | Loss: 3.3125 | LR: 0.000052
Epoch 5/100 | Batch 10100/43947 | Loss: 3.2964 | LR: 0.000052
Epoch 5/100 | Batch 10200/43947 | Loss: 3.2793 | LR: 0.000052
Epoch 5/100 | Batch 10300/43947 | Loss: 3.3214 | LR: 0.000052
Epoch 5/100 | Batch 10400/43947 | Loss: 3.2853 | LR: 0.000052
Epoch 5/100 | Batch 10500/43947 | Loss: 3.2297 | LR: 0.000052
Epoch 5/100 | Batch 10600/43947 | Loss: 3.2525 | LR: 0.000052
Epoch 5/100 | Batch 10700/43947 | Loss: 3.3443 | LR: 0.000052
Epoch 5/100 | Batch 10800/43947 | Loss: 3.2703 | LR: 0.000052
Epoch 5/100 | Batch 10900/43947 | Loss: 3.3352 | LR: 0.000052
Epoch 5/100 | Batch 11000/43947 | Loss: 3.3477 | LR: 0.000052
Epoch 5/100 | Batch 11100/43947 | Loss: 3.2503 | LR: 0.000052
Epoch 5/100 | Batch 11200/43947 | Loss: 3.2190 | LR: 0.000052
Epoch 5/100 | Batch 11300/43947 | Loss: 3.2970 | LR: 0.000052
Epoch 5/100 | Batch 11400/43947 | Loss: 3.2456 | LR: 0.000052
Epoch 5/100 | Batch 11500/43947 | Loss: 3.3000 | LR: 0.000052
Epoch 5/100 | Batch 11600/43947 | Loss: 3.2521 | LR: 0.000052
Epoch 5/100 | Batch 11700/43947 | Loss: 3.2845 | LR: 0.000052
Epoch 5/100 | Batch 11800/43947 | Loss: 3.3417 | LR: 0.000052
Epoch 5/100 | Batch 11900/43947 | Loss: 3.2268 | LR: 0.000052
Epoch 5/100 | Batch 12000/43947 | Loss: 3.2661 | LR: 0.000052
Epoch 5/100 | Batch 12100/43947 | Loss: 3.3002 | LR: 0.000052
Epoch 5/100 | Batch 12200/43947 | Loss: 3.2764 | LR: 0.000052
Epoch 5/100 | Batch 12300/43947 | Loss: 3.2650 | LR: 0.000052
Epoch 5/100 | Batch 12400/43947 | Loss: 3.2479 | LR: 0.000052
Epoch 5/100 | Batch 12500/43947 | Loss: 3.2423 | LR: 0.000052
Epoch 5/100 | Batch 12600/43947 | Loss: 3.3931 | LR: 0.000052
Epoch 5/100 | Batch 12700/43947 | Loss: 3.3102 | LR: 0.000052
Epoch 5/100 | Batch 12800/43947 | Loss: 3.2213 | LR: 0.000052
Epoch 5/100 | Batch 12900/43947 | Loss: 3.2715 | LR: 0.000052
Epoch 5/100 | Batch 13000/43947 | Loss: 3.1770 | LR: 0.000052
Epoch 5/100 | Batch 13100/43947 | Loss: 3.2251 | LR: 0.000052
Epoch 5/100 | Batch 13200/43947 | Loss: 3.2793 | LR: 0.000052
Epoch 5/100 | Batch 13300/43947 | Loss: 3.2530 | LR: 0.000052
Epoch 5/100 | Batch 13400/43947 | Loss: 3.2937 | LR: 0.000052
Epoch 5/100 | Batch 13500/43947 | Loss: 3.2726 | LR: 0.000052
Epoch 5/100 | Batch 13600/43947 | Loss: 3.1630 | LR: 0.000052
Epoch 5/100 | Batch 13700/43947 | Loss: 3.3099 | LR: 0.000052
Epoch 5/100 | Batch 13800/43947 | Loss: 3.2376 | LR: 0.000052
Epoch 5/100 | Batch 13900/43947 | Loss: 3.2468 | LR: 0.000052
Epoch 5/100 | Batch 14000/43947 | Loss: 3.3080 | LR: 0.000052
Epoch 5/100 | Batch 14100/43947 | Loss: 3.2201 | LR: 0.000052
Epoch 5/100 | Batch 14200/43947 | Loss: 3.2555 | LR: 0.000052
Epoch 5/100 | Batch 14300/43947 | Loss: 3.2033 | LR: 0.000052
Epoch 5/100 | Batch 14400/43947 | Loss: 3.2678 | LR: 0.000052
Epoch 5/100 | Batch 14500/43947 | Loss: 3.2643 | LR: 0.000052
Epoch 5/100 | Batch 14600/43947 | Loss: 3.2972 | LR: 0.000052
Epoch 5/100 | Batch 14700/43947 | Loss: 3.2606 | LR: 0.000052
Epoch 5/100 | Batch 14800/43947 | Loss: 3.2767 | LR: 0.000052
Epoch 5/100 | Batch 14900/43947 | Loss: 3.2478 | LR: 0.000052
Epoch 5/100 | Batch 15000/43947 | Loss: 3.2949 | LR: 0.000052
Epoch 5/100 | Batch 15100/43947 | Loss: 3.3160 | LR: 0.000052
Epoch 5/100 | Batch 15200/43947 | Loss: 3.2439 | LR: 0.000052
Epoch 5/100 | Batch 15300/43947 | Loss: 3.3852 | LR: 0.000052
Epoch 5/100 | Batch 15400/43947 | Loss: 3.2549 | LR: 0.000052
Epoch 5/100 | Batch 15500/43947 | Loss: 3.2980 | LR: 0.000052
Epoch 5/100 | Batch 15600/43947 | Loss: 3.1949 | LR: 0.000052
Epoch 5/100 | Batch 15700/43947 | Loss: 3.3403 | LR: 0.000052
Epoch 5/100 | Batch 15800/43947 | Loss: 3.2373 | LR: 0.000052
Epoch 5/100 | Batch 15900/43947 | Loss: 3.2180 | LR: 0.000052
Epoch 5/100 | Batch 16000/43947 | Loss: 3.2618 | LR: 0.000052
Epoch 5/100 | Batch 16100/43947 | Loss: 3.2474 | LR: 0.000052
Epoch 5/100 | Batch 16200/43947 | Loss: 3.2191 | LR: 0.000052
Epoch 5/100 | Batch 16300/43947 | Loss: 3.2977 | LR: 0.000052
Epoch 5/100 | Batch 16400/43947 | Loss: 3.2388 | LR: 0.000052
Epoch 5/100 | Batch 16500/43947 | Loss: 3.2650 | LR: 0.000052
Epoch 5/100 | Batch 16600/43947 | Loss: 3.2478 | LR: 0.000052
Epoch 5/100 | Batch 16700/43947 | Loss: 3.3099 | LR: 0.000052
Epoch 5/100 | Batch 16800/43947 | Loss: 3.3972 | LR: 0.000052
Epoch 5/100 | Batch 16900/43947 | Loss: 3.2210 | LR: 0.000052
Epoch 5/100 | Batch 17000/43947 | Loss: 3.3270 | LR: 0.000052
Epoch 5/100 | Batch 17100/43947 | Loss: 3.3182 | LR: 0.000052
Epoch 5/100 | Batch 17200/43947 | Loss: 3.2552 | LR: 0.000052
Epoch 5/100 | Batch 17300/43947 | Loss: 3.2744 | LR: 0.000052
Epoch 5/100 | Batch 17400/43947 | Loss: 3.3000 | LR: 0.000052
Epoch 5/100 | Batch 17500/43947 | Loss: 3.2793 | LR: 0.000052
Epoch 5/100 | Batch 17600/43947 | Loss: 3.2257 | LR: 0.000052
Epoch 5/100 | Batch 17700/43947 | Loss: 3.2736 | LR: 0.000052
Epoch 5/100 | Batch 17800/43947 | Loss: 3.2776 | LR: 0.000052
Epoch 5/100 | Batch 17900/43947 | Loss: 3.2740 | LR: 0.000052
Epoch 5/100 | Batch 18000/43947 | Loss: 3.3280 | LR: 0.000052
Epoch 5/100 | Batch 18100/43947 | Loss: 3.3408 | LR: 0.000052
Epoch 5/100 | Batch 18200/43947 | Loss: 3.2528 | LR: 0.000052
Epoch 5/100 | Batch 18300/43947 | Loss: 3.2076 | LR: 0.000052
Epoch 5/100 | Batch 18400/43947 | Loss: 3.1757 | LR: 0.000052
Epoch 5/100 | Batch 18500/43947 | Loss: 3.2143 | LR: 0.000052
Epoch 5/100 | Batch 18600/43947 | Loss: 3.2870 | LR: 0.000052
Epoch 5/100 | Batch 18700/43947 | Loss: 3.2507 | LR: 0.000052
Epoch 5/100 | Batch 18800/43947 | Loss: 3.2732 | LR: 0.000052
Epoch 5/100 | Batch 18900/43947 | Loss: 3.3382 | LR: 0.000052
Epoch 5/100 | Batch 19000/43947 | Loss: 3.3019 | LR: 0.000052
Epoch 5/100 | Batch 19100/43947 | Loss: 3.2991 | LR: 0.000052
Epoch 5/100 | Batch 19200/43947 | Loss: 3.2080 | LR: 0.000052
Epoch 5/100 | Batch 19300/43947 | Loss: 3.2494 | LR: 0.000052
Epoch 5/100 | Batch 19400/43947 | Loss: 3.2582 | LR: 0.000052
Epoch 5/100 | Batch 19500/43947 | Loss: 3.2473 | LR: 0.000052
Epoch 5/100 | Batch 19600/43947 | Loss: 3.2307 | LR: 0.000052
Epoch 5/100 | Batch 19700/43947 | Loss: 3.2382 | LR: 0.000052
Epoch 5/100 | Batch 19800/43947 | Loss: 3.2622 | LR: 0.000052
Epoch 5/100 | Batch 19900/43947 | Loss: 3.2542 | LR: 0.000052
Epoch 5/100 | Batch 20000/43947 | Loss: 3.3245 | LR: 0.000052
Epoch 5/100 | Batch 20100/43947 | Loss: 3.2227 | LR: 0.000052
Epoch 5/100 | Batch 20200/43947 | Loss: 3.2154 | LR: 0.000052
Epoch 5/100 | Batch 20300/43947 | Loss: 3.2969 | LR: 0.000052
Epoch 5/100 | Batch 20400/43947 | Loss: 3.2885 | LR: 0.000052
Epoch 5/100 | Batch 20500/43947 | Loss: 3.2865 | LR: 0.000052
Epoch 5/100 | Batch 20600/43947 | Loss: 3.2231 | LR: 0.000052
Epoch 5/100 | Batch 20700/43947 | Loss: 3.1672 | LR: 0.000052
Epoch 5/100 | Batch 20800/43947 | Loss: 3.2070 | LR: 0.000052
Epoch 5/100 | Batch 20900/43947 | Loss: 3.2416 | LR: 0.000052
Epoch 5/100 | Batch 21000/43947 | Loss: 3.3030 | LR: 0.000052
Epoch 5/100 | Batch 21100/43947 | Loss: 3.2949 | LR: 0.000052
Epoch 5/100 | Batch 21200/43947 | Loss: 3.1825 | LR: 0.000052
Epoch 5/100 | Batch 21300/43947 | Loss: 3.2501 | LR: 0.000052
Epoch 5/100 | Batch 21400/43947 | Loss: 3.2568 | LR: 0.000052
Epoch 5/100 | Batch 21500/43947 | Loss: 3.1878 | LR: 0.000052
Epoch 5/100 | Batch 21600/43947 | Loss: 3.1859 | LR: 0.000052
Epoch 5/100 | Batch 21700/43947 | Loss: 3.3380 | LR: 0.000052
Epoch 5/100 | Batch 21800/43947 | Loss: 3.2643 | LR: 0.000052
Epoch 5/100 | Batch 21900/43947 | Loss: 3.3142 | LR: 0.000052
Epoch 5/100 | Batch 22000/43947 | Loss: 3.1987 | LR: 0.000052
Epoch 5/100 | Batch 22100/43947 | Loss: 3.3099 | LR: 0.000052
Epoch 5/100 | Batch 22200/43947 | Loss: 3.2625 | LR: 0.000052
Epoch 5/100 | Batch 22300/43947 | Loss: 3.3173 | LR: 0.000052
Epoch 5/100 | Batch 22400/43947 | Loss: 3.2417 | LR: 0.000052
Epoch 5/100 | Batch 22500/43947 | Loss: 3.2460 | LR: 0.000052
Epoch 5/100 | Batch 22600/43947 | Loss: 3.2838 | LR: 0.000052
Epoch 5/100 | Batch 22700/43947 | Loss: 3.2689 | LR: 0.000052
Epoch 5/100 | Batch 22800/43947 | Loss: 3.2461 | LR: 0.000052
Epoch 5/100 | Batch 22900/43947 | Loss: 3.2422 | LR: 0.000052
Epoch 5/100 | Batch 23000/43947 | Loss: 3.2148 | LR: 0.000052
Epoch 5/100 | Batch 23100/43947 | Loss: 3.2393 | LR: 0.000052
Epoch 5/100 | Batch 23200/43947 | Loss: 3.2249 | LR: 0.000052
Epoch 5/100 | Batch 23300/43947 | Loss: 3.2143 | LR: 0.000052
Epoch 5/100 | Batch 23400/43947 | Loss: 3.2209 | LR: 0.000052
Epoch 5/100 | Batch 23500/43947 | Loss: 3.2502 | LR: 0.000052
Epoch 5/100 | Batch 23600/43947 | Loss: 3.3485 | LR: 0.000052
Epoch 5/100 | Batch 23700/43947 | Loss: 3.2911 | LR: 0.000052
Epoch 5/100 | Batch 23800/43947 | Loss: 3.2424 | LR: 0.000052
Epoch 5/100 | Batch 23900/43947 | Loss: 3.2714 | LR: 0.000052
Epoch 5/100 | Batch 24000/43947 | Loss: 3.2527 | LR: 0.000052
Epoch 5/100 | Batch 24100/43947 | Loss: 3.2523 | LR: 0.000052
Epoch 5/100 | Batch 24200/43947 | Loss: 3.2442 | LR: 0.000052
Epoch 5/100 | Batch 24300/43947 | Loss: 3.2495 | LR: 0.000052
Epoch 5/100 | Batch 24400/43947 | Loss: 3.2649 | LR: 0.000052
Epoch 5/100 | Batch 24500/43947 | Loss: 3.2765 | LR: 0.000052
Epoch 5/100 | Batch 24600/43947 | Loss: 3.2394 | LR: 0.000052
Epoch 5/100 | Batch 24700/43947 | Loss: 3.2835 | LR: 0.000052
Epoch 5/100 | Batch 24800/43947 | Loss: 3.2256 | LR: 0.000052
Epoch 5/100 | Batch 24900/43947 | Loss: 3.3036 | LR: 0.000052
Epoch 5/100 | Batch 25000/43947 | Loss: 3.2339 | LR: 0.000052
Epoch 5/100 | Batch 25100/43947 | Loss: 3.2745 | LR: 0.000052
Epoch 5/100 | Batch 25200/43947 | Loss: 3.3112 | LR: 0.000052
Epoch 5/100 | Batch 25300/43947 | Loss: 3.2108 | LR: 0.000052
Epoch 5/100 | Batch 25400/43947 | Loss: 3.2711 | LR: 0.000052
Epoch 5/100 | Batch 25500/43947 | Loss: 3.3189 | LR: 0.000052
Epoch 5/100 | Batch 25600/43947 | Loss: 3.2268 | LR: 0.000052
Epoch 5/100 | Batch 25700/43947 | Loss: 3.2801 | LR: 0.000052
Epoch 5/100 | Batch 25800/43947 | Loss: 3.2142 | LR: 0.000052
Epoch 5/100 | Batch 25900/43947 | Loss: 3.3434 | LR: 0.000052
Epoch 5/100 | Batch 26000/43947 | Loss: 3.2646 | LR: 0.000052
Epoch 5/100 | Batch 26100/43947 | Loss: 3.3230 | LR: 0.000052
Epoch 5/100 | Batch 26200/43947 | Loss: 3.2794 | LR: 0.000052
Epoch 5/100 | Batch 26300/43947 | Loss: 3.2321 | LR: 0.000052
Epoch 5/100 | Batch 26400/43947 | Loss: 3.2854 | LR: 0.000052
Epoch 5/100 | Batch 26500/43947 | Loss: 3.2406 | LR: 0.000052
Epoch 5/100 | Batch 26600/43947 | Loss: 3.2707 | LR: 0.000052
Epoch 5/100 | Batch 26700/43947 | Loss: 3.3617 | LR: 0.000052
Epoch 5/100 | Batch 26800/43947 | Loss: 3.3145 | LR: 0.000052
Epoch 5/100 | Batch 26900/43947 | Loss: 3.2446 | LR: 0.000052
Epoch 5/100 | Batch 27000/43947 | Loss: 3.3043 | LR: 0.000052
Epoch 5/100 | Batch 27100/43947 | Loss: 3.2470 | LR: 0.000052
Epoch 5/100 | Batch 27200/43947 | Loss: 3.2737 | LR: 0.000052
Epoch 5/100 | Batch 27300/43947 | Loss: 3.2228 | LR: 0.000052
Epoch 5/100 | Batch 27400/43947 | Loss: 3.2948 | LR: 0.000052
Epoch 5/100 | Batch 27500/43947 | Loss: 3.2417 | LR: 0.000052
Epoch 5/100 | Batch 27600/43947 | Loss: 3.2057 | LR: 0.000052
Epoch 5/100 | Batch 27700/43947 | Loss: 3.1970 | LR: 0.000052
Epoch 5/100 | Batch 27800/43947 | Loss: 3.2626 | LR: 0.000052
Epoch 5/100 | Batch 27900/43947 | Loss: 3.2751 | LR: 0.000052
Epoch 5/100 | Batch 28000/43947 | Loss: 3.2179 | LR: 0.000052
Epoch 5/100 | Batch 28100/43947 | Loss: 3.2357 | LR: 0.000052
Epoch 5/100 | Batch 28200/43947 | Loss: 3.3310 | LR: 0.000052
Epoch 5/100 | Batch 28300/43947 | Loss: 3.2493 | LR: 0.000052
Epoch 5/100 | Batch 28400/43947 | Loss: 3.2879 | LR: 0.000052
Epoch 5/100 | Batch 28500/43947 | Loss: 3.2690 | LR: 0.000052
Epoch 5/100 | Batch 28600/43947 | Loss: 3.2921 | LR: 0.000052
Epoch 5/100 | Batch 28700/43947 | Loss: 3.2453 | LR: 0.000052
Epoch 5/100 | Batch 28800/43947 | Loss: 3.2244 | LR: 0.000052
Epoch 5/100 | Batch 28900/43947 | Loss: 3.2845 | LR: 0.000052
Epoch 5/100 | Batch 29000/43947 | Loss: 3.2693 | LR: 0.000052
Epoch 5/100 | Batch 29100/43947 | Loss: 3.1936 | LR: 0.000052
Epoch 5/100 | Batch 29200/43947 | Loss: 3.2581 | LR: 0.000052
Epoch 5/100 | Batch 29300/43947 | Loss: 3.2797 | LR: 0.000052
Epoch 5/100 | Batch 29400/43947 | Loss: 3.2068 | LR: 0.000052
Epoch 5/100 | Batch 29500/43947 | Loss: 3.2289 | LR: 0.000052
Epoch 5/100 | Batch 29600/43947 | Loss: 3.3323 | LR: 0.000052
Epoch 5/100 | Batch 29700/43947 | Loss: 3.2910 | LR: 0.000052
Epoch 5/100 | Batch 29800/43947 | Loss: 3.2441 | LR: 0.000052
Epoch 5/100 | Batch 29900/43947 | Loss: 3.2716 | LR: 0.000052
Epoch 5/100 | Batch 30000/43947 | Loss: 3.3495 | LR: 0.000052
Epoch 5/100 | Batch 30100/43947 | Loss: 3.2301 | LR: 0.000052
Epoch 5/100 | Batch 30200/43947 | Loss: 3.2508 | LR: 0.000052
Epoch 5/100 | Batch 30300/43947 | Loss: 3.2612 | LR: 0.000052
Epoch 5/100 | Batch 30400/43947 | Loss: 3.3181 | LR: 0.000052
Epoch 5/100 | Batch 30500/43947 | Loss: 3.2804 | LR: 0.000052
Epoch 5/100 | Batch 30600/43947 | Loss: 3.2309 | LR: 0.000052
Epoch 5/100 | Batch 30700/43947 | Loss: 3.2852 | LR: 0.000052
Epoch 5/100 | Batch 30800/43947 | Loss: 3.2367 | LR: 0.000052
Epoch 5/100 | Batch 30900/43947 | Loss: 3.2557 | LR: 0.000052
Epoch 5/100 | Batch 31000/43947 | Loss: 3.2489 | LR: 0.000052
Epoch 5/100 | Batch 31100/43947 | Loss: 3.3660 | LR: 0.000052
Epoch 5/100 | Batch 31200/43947 | Loss: 3.2466 | LR: 0.000052
Epoch 5/100 | Batch 31300/43947 | Loss: 3.2718 | LR: 0.000052
Epoch 5/100 | Batch 31400/43947 | Loss: 3.2266 | LR: 0.000052
Epoch 5/100 | Batch 31500/43947 | Loss: 3.2013 | LR: 0.000052
Epoch 5/100 | Batch 31600/43947 | Loss: 3.2943 | LR: 0.000052
Epoch 5/100 | Batch 31700/43947 | Loss: 3.2115 | LR: 0.000052
Epoch 5/100 | Batch 31800/43947 | Loss: 3.3029 | LR: 0.000052
Epoch 5/100 | Batch 31900/43947 | Loss: 3.3408 | LR: 0.000052
Epoch 5/100 | Batch 32000/43947 | Loss: 3.2213 | LR: 0.000052
Epoch 5/100 | Batch 32100/43947 | Loss: 3.2366 | LR: 0.000052
Epoch 5/100 | Batch 32200/43947 | Loss: 3.2892 | LR: 0.000052
Epoch 5/100 | Batch 32300/43947 | Loss: 3.2084 | LR: 0.000052
Epoch 5/100 | Batch 32400/43947 | Loss: 3.3258 | LR: 0.000052
Epoch 5/100 | Batch 32500/43947 | Loss: 3.3283 | LR: 0.000052
Epoch 5/100 | Batch 32600/43947 | Loss: 3.2185 | LR: 0.000052
Epoch 5/100 | Batch 32700/43947 | Loss: 3.2301 | LR: 0.000052
Epoch 5/100 | Batch 32800/43947 | Loss: 3.3123 | LR: 0.000052
Epoch 5/100 | Batch 32900/43947 | Loss: 3.2430 | LR: 0.000052
Epoch 5/100 | Batch 33000/43947 | Loss: 3.2796 | LR: 0.000052
Epoch 5/100 | Batch 33100/43947 | Loss: 3.2273 | LR: 0.000052
Epoch 5/100 | Batch 33200/43947 | Loss: 3.2574 | LR: 0.000052
Epoch 5/100 | Batch 33300/43947 | Loss: 3.3199 | LR: 0.000052
Epoch 5/100 | Batch 33400/43947 | Loss: 3.2022 | LR: 0.000052
Epoch 5/100 | Batch 33500/43947 | Loss: 3.2090 | LR: 0.000052
Epoch 5/100 | Batch 33600/43947 | Loss: 3.1885 | LR: 0.000052
Epoch 5/100 | Batch 33700/43947 | Loss: 3.2527 | LR: 0.000052
Epoch 5/100 | Batch 33800/43947 | Loss: 3.2686 | LR: 0.000052
Epoch 5/100 | Batch 33900/43947 | Loss: 3.3236 | LR: 0.000052
Epoch 5/100 | Batch 34000/43947 | Loss: 3.2213 | LR: 0.000052
Epoch 5/100 | Batch 34100/43947 | Loss: 3.2309 | LR: 0.000052
Epoch 5/100 | Batch 34200/43947 | Loss: 3.2454 | LR: 0.000052
Epoch 5/100 | Batch 34300/43947 | Loss: 3.2765 | LR: 0.000052
Epoch 5/100 | Batch 34400/43947 | Loss: 3.2443 | LR: 0.000052
Epoch 5/100 | Batch 34500/43947 | Loss: 3.2220 | LR: 0.000052
Epoch 5/100 | Batch 34600/43947 | Loss: 3.2717 | LR: 0.000052
Epoch 5/100 | Batch 34700/43947 | Loss: 3.2371 | LR: 0.000052
Epoch 5/100 | Batch 34800/43947 | Loss: 3.2782 | LR: 0.000052
Epoch 5/100 | Batch 34900/43947 | Loss: 3.2872 | LR: 0.000052
Epoch 5/100 | Batch 35000/43947 | Loss: 3.2451 | LR: 0.000052
Epoch 5/100 | Batch 35100/43947 | Loss: 3.2773 | LR: 0.000052
Epoch 5/100 | Batch 35200/43947 | Loss: 3.2960 | LR: 0.000052
Epoch 5/100 | Batch 35300/43947 | Loss: 3.2846 | LR: 0.000052
Epoch 5/100 | Batch 35400/43947 | Loss: 3.2472 | LR: 0.000052
Epoch 5/100 | Batch 35500/43947 | Loss: 3.2683 | LR: 0.000052
Epoch 5/100 | Batch 35600/43947 | Loss: 3.2647 | LR: 0.000052
Epoch 5/100 | Batch 35700/43947 | Loss: 3.2304 | LR: 0.000052
Epoch 5/100 | Batch 35800/43947 | Loss: 3.2144 | LR: 0.000052
Epoch 5/100 | Batch 35900/43947 | Loss: 3.2083 | LR: 0.000052
Epoch 5/100 | Batch 36000/43947 | Loss: 3.2819 | LR: 0.000052
Epoch 5/100 | Batch 36100/43947 | Loss: 3.2532 | LR: 0.000052
Epoch 5/100 | Batch 36200/43947 | Loss: 3.2795 | LR: 0.000052
Epoch 5/100 | Batch 36300/43947 | Loss: 3.3808 | LR: 0.000052
Epoch 5/100 | Batch 36400/43947 | Loss: 3.2377 | LR: 0.000052
Epoch 5/100 | Batch 36500/43947 | Loss: 3.2261 | LR: 0.000052
Epoch 5/100 | Batch 36600/43947 | Loss: 3.2509 | LR: 0.000052
Epoch 5/100 | Batch 36700/43947 | Loss: 3.2476 | LR: 0.000052
Epoch 5/100 | Batch 36800/43947 | Loss: 3.1986 | LR: 0.000052
Epoch 5/100 | Batch 36900/43947 | Loss: 3.2325 | LR: 0.000052
Epoch 5/100 | Batch 37000/43947 | Loss: 3.2217 | LR: 0.000052
Epoch 5/100 | Batch 37100/43947 | Loss: 3.2832 | LR: 0.000052
Epoch 5/100 | Batch 37200/43947 | Loss: 3.2140 | LR: 0.000052
Epoch 5/100 | Batch 37300/43947 | Loss: 3.3208 | LR: 0.000052
Epoch 5/100 | Batch 37400/43947 | Loss: 3.3235 | LR: 0.000052
Epoch 5/100 | Batch 37500/43947 | Loss: 3.2033 | LR: 0.000052
Epoch 5/100 | Batch 37600/43947 | Loss: 3.2357 | LR: 0.000052
Epoch 5/100 | Batch 37700/43947 | Loss: 3.2224 | LR: 0.000052
Epoch 5/100 | Batch 37800/43947 | Loss: 3.2570 | LR: 0.000052
Epoch 5/100 | Batch 37900/43947 | Loss: 3.2747 | LR: 0.000052
Epoch 5/100 | Batch 38000/43947 | Loss: 3.2682 | LR: 0.000052
Epoch 5/100 | Batch 38100/43947 | Loss: 3.2471 | LR: 0.000052
Epoch 5/100 | Batch 38200/43947 | Loss: 3.2284 | LR: 0.000052
Epoch 5/100 | Batch 38300/43947 | Loss: 3.2009 | LR: 0.000052
Epoch 5/100 | Batch 38400/43947 | Loss: 3.2256 | LR: 0.000052
Epoch 5/100 | Batch 38500/43947 | Loss: 3.1859 | LR: 0.000052
Epoch 5/100 | Batch 38600/43947 | Loss: 3.2468 | LR: 0.000052
Epoch 5/100 | Batch 38700/43947 | Loss: 3.2533 | LR: 0.000052
Epoch 5/100 | Batch 38800/43947 | Loss: 3.2423 | LR: 0.000052
Epoch 5/100 | Batch 38900/43947 | Loss: 3.2030 | LR: 0.000052
Epoch 5/100 | Batch 39000/43947 | Loss: 3.2307 | LR: 0.000052
Epoch 5/100 | Batch 39100/43947 | Loss: 3.2707 | LR: 0.000052
Epoch 5/100 | Batch 39200/43947 | Loss: 3.2776 | LR: 0.000052
Epoch 5/100 | Batch 39300/43947 | Loss: 3.2132 | LR: 0.000052
Epoch 5/100 | Batch 39400/43947 | Loss: 3.2556 | LR: 0.000052
Epoch 5/100 | Batch 39500/43947 | Loss: 3.2639 | LR: 0.000052
Epoch 5/100 | Batch 39600/43947 | Loss: 3.2068 | LR: 0.000052
Epoch 5/100 | Batch 39700/43947 | Loss: 3.2730 | LR: 0.000052
Epoch 5/100 | Batch 39800/43947 | Loss: 3.2866 | LR: 0.000052
Epoch 5/100 | Batch 39900/43947 | Loss: 3.2346 | LR: 0.000052
Epoch 5/100 | Batch 40000/43947 | Loss: 3.1933 | LR: 0.000052
Epoch 5/100 | Batch 40100/43947 | Loss: 3.2796 | LR: 0.000052
Epoch 5/100 | Batch 40200/43947 | Loss: 3.3025 | LR: 0.000052
Epoch 5/100 | Batch 40300/43947 | Loss: 3.2404 | LR: 0.000052
Epoch 5/100 | Batch 40400/43947 | Loss: 3.2173 | LR: 0.000052
Epoch 5/100 | Batch 40500/43947 | Loss: 3.2357 | LR: 0.000052
Epoch 5/100 | Batch 40600/43947 | Loss: 3.2102 | LR: 0.000052
Epoch 5/100 | Batch 40700/43947 | Loss: 3.2593 | LR: 0.000052
Epoch 5/100 | Batch 40800/43947 | Loss: 3.2126 | LR: 0.000052
Epoch 5/100 | Batch 40900/43947 | Loss: 3.2049 | LR: 0.000052
Epoch 5/100 | Batch 41000/43947 | Loss: 3.2165 | LR: 0.000052
Epoch 5/100 | Batch 41100/43947 | Loss: 3.2579 | LR: 0.000052
Epoch 5/100 | Batch 41200/43947 | Loss: 3.1777 | LR: 0.000052
Epoch 5/100 | Batch 41300/43947 | Loss: 3.2733 | LR: 0.000052
Epoch 5/100 | Batch 41400/43947 | Loss: 3.2159 | LR: 0.000052
Epoch 5/100 | Batch 41500/43947 | Loss: 3.2074 | LR: 0.000052
Epoch 5/100 | Batch 41600/43947 | Loss: 3.1888 | LR: 0.000052
Epoch 5/100 | Batch 41700/43947 | Loss: 3.1935 | LR: 0.000052
Epoch 5/100 | Batch 41800/43947 | Loss: 3.2562 | LR: 0.000052
Epoch 5/100 | Batch 41900/43947 | Loss: 3.2634 | LR: 0.000052
Epoch 5/100 | Batch 42000/43947 | Loss: 3.2489 | LR: 0.000052
Epoch 5/100 | Batch 42100/43947 | Loss: 3.2586 | LR: 0.000052
Epoch 5/100 | Batch 42200/43947 | Loss: 3.2802 | LR: 0.000052
Epoch 5/100 | Batch 42300/43947 | Loss: 3.2439 | LR: 0.000052
Epoch 5/100 | Batch 42400/43947 | Loss: 3.2118 | LR: 0.000052
Epoch 5/100 | Batch 42500/43947 | Loss: 3.2078 | LR: 0.000052
Epoch 5/100 | Batch 42600/43947 | Loss: 3.2126 | LR: 0.000052
Epoch 5/100 | Batch 42700/43947 | Loss: 3.2199 | LR: 0.000052
Epoch 5/100 | Batch 42800/43947 | Loss: 3.1955 | LR: 0.000052
Epoch 5/100 | Batch 42900/43947 | Loss: 3.2889 | LR: 0.000052
Epoch 5/100 | Batch 43000/43947 | Loss: 3.1846 | LR: 0.000052
Epoch 5/100 | Batch 43100/43947 | Loss: 3.3413 | LR: 0.000052
Epoch 5/100 | Batch 43200/43947 | Loss: 3.3333 | LR: 0.000052
Epoch 5/100 | Batch 43300/43947 | Loss: 3.2291 | LR: 0.000052
Epoch 5/100 | Batch 43400/43947 | Loss: 3.2138 | LR: 0.000052
Epoch 5/100 | Batch 43500/43947 | Loss: 3.2123 | LR: 0.000052
Epoch 5/100 | Batch 43600/43947 | Loss: 3.2497 | LR: 0.000052
Epoch 5/100 | Batch 43700/43947 | Loss: 3.2222 | LR: 0.000052
Epoch 5/100 | Batch 43800/43947 | Loss: 3.2172 | LR: 0.000052
Epoch 5/100 | Batch 43900/43947 | Loss: 3.2035 | LR: 0.000052

Epoch 5/100 Summary:
Average Training Loss: 3.2644
Average Validation Loss: 3.1643
Best Validation Loss: 3.1643
Learning Rate: 0.000052
Epoch 6/100 | Batch 0/43947 | Loss: 3.3476 | LR: 0.000044
Epoch 6/100 | Batch 100/43947 | Loss: 3.1644 | LR: 0.000044
Epoch 6/100 | Batch 200/43947 | Loss: 3.2959 | LR: 0.000044
Epoch 6/100 | Batch 300/43947 | Loss: 3.1760 | LR: 0.000044
Epoch 6/100 | Batch 400/43947 | Loss: 3.3292 | LR: 0.000044
Epoch 6/100 | Batch 500/43947 | Loss: 3.3103 | LR: 0.000044
Epoch 6/100 | Batch 600/43947 | Loss: 3.3244 | LR: 0.000044
Epoch 6/100 | Batch 700/43947 | Loss: 3.2570 | LR: 0.000044
Epoch 6/100 | Batch 800/43947 | Loss: 3.2601 | LR: 0.000044
Epoch 6/100 | Batch 900/43947 | Loss: 3.2444 | LR: 0.000044
Epoch 6/100 | Batch 1000/43947 | Loss: 3.2703 | LR: 0.000044
Epoch 6/100 | Batch 1100/43947 | Loss: 3.4277 | LR: 0.000044
Epoch 6/100 | Batch 1200/43947 | Loss: 3.2418 | LR: 0.000044
Epoch 6/100 | Batch 1300/43947 | Loss: 3.2985 | LR: 0.000044
Epoch 6/100 | Batch 1400/43947 | Loss: 3.1984 | LR: 0.000044
Epoch 6/100 | Batch 1500/43947 | Loss: 3.2983 | LR: 0.000044
Epoch 6/100 | Batch 1600/43947 | Loss: 3.3049 | LR: 0.000044
Epoch 6/100 | Batch 1700/43947 | Loss: 3.2080 | LR: 0.000044
Epoch 6/100 | Batch 1800/43947 | Loss: 3.1947 | LR: 0.000044
Epoch 6/100 | Batch 1900/43947 | Loss: 3.2680 | LR: 0.000044
Epoch 6/100 | Batch 2000/43947 | Loss: 3.4002 | LR: 0.000044
Epoch 6/100 | Batch 2100/43947 | Loss: 3.2454 | LR: 0.000044
Epoch 6/100 | Batch 2200/43947 | Loss: 3.3083 | LR: 0.000044
Epoch 6/100 | Batch 2300/43947 | Loss: 3.2298 | LR: 0.000044
Epoch 6/100 | Batch 2400/43947 | Loss: 3.2278 | LR: 0.000044
Epoch 6/100 | Batch 2500/43947 | Loss: 3.2889 | LR: 0.000044
Epoch 6/100 | Batch 2600/43947 | Loss: 3.2785 | LR: 0.000044
Epoch 6/100 | Batch 2700/43947 | Loss: 3.2925 | LR: 0.000044
Epoch 6/100 | Batch 2800/43947 | Loss: 3.2567 | LR: 0.000044
Epoch 6/100 | Batch 2900/43947 | Loss: 3.2299 | LR: 0.000044
Epoch 6/100 | Batch 3000/43947 | Loss: 3.2384 | LR: 0.000044
Epoch 6/100 | Batch 3100/43947 | Loss: 3.2000 | LR: 0.000044
Epoch 6/100 | Batch 3200/43947 | Loss: 3.2092 | LR: 0.000044
Epoch 6/100 | Batch 3300/43947 | Loss: 3.2282 | LR: 0.000044
Epoch 6/100 | Batch 3400/43947 | Loss: 3.1835 | LR: 0.000044
Epoch 6/100 | Batch 3500/43947 | Loss: 3.3034 | LR: 0.000044
Epoch 6/100 | Batch 3600/43947 | Loss: 3.2086 | LR: 0.000044
Epoch 6/100 | Batch 3700/43947 | Loss: 3.2816 | LR: 0.000044
Epoch 6/100 | Batch 3800/43947 | Loss: 3.3448 | LR: 0.000044
Epoch 6/100 | Batch 3900/43947 | Loss: 3.2400 | LR: 0.000044
Epoch 6/100 | Batch 4000/43947 | Loss: 3.2261 | LR: 0.000044
Epoch 6/100 | Batch 4100/43947 | Loss: 3.3205 | LR: 0.000044
Epoch 6/100 | Batch 4200/43947 | Loss: 3.2114 | LR: 0.000044
Epoch 6/100 | Batch 4300/43947 | Loss: 3.2502 | LR: 0.000044
Epoch 6/100 | Batch 4400/43947 | Loss: 3.2208 | LR: 0.000044
Epoch 6/100 | Batch 4500/43947 | Loss: 3.2794 | LR: 0.000044
Epoch 6/100 | Batch 4600/43947 | Loss: 3.2412 | LR: 0.000044
Epoch 6/100 | Batch 4700/43947 | Loss: 3.2814 | LR: 0.000044
Epoch 6/100 | Batch 4800/43947 | Loss: 3.2663 | LR: 0.000044
Epoch 6/100 | Batch 4900/43947 | Loss: 3.2428 | LR: 0.000044
Epoch 6/100 | Batch 5000/43947 | Loss: 3.2296 | LR: 0.000044
Epoch 6/100 | Batch 5100/43947 | Loss: 3.3150 | LR: 0.000044
Epoch 6/100 | Batch 5200/43947 | Loss: 3.3005 | LR: 0.000044
Epoch 6/100 | Batch 5300/43947 | Loss: 3.2627 | LR: 0.000044
Epoch 6/100 | Batch 5400/43947 | Loss: 3.1794 | LR: 0.000044
Epoch 6/100 | Batch 5500/43947 | Loss: 3.2399 | LR: 0.000044
Epoch 6/100 | Batch 5600/43947 | Loss: 3.2452 | LR: 0.000044
Epoch 6/100 | Batch 5700/43947 | Loss: 3.2402 | LR: 0.000044
Epoch 6/100 | Batch 5800/43947 | Loss: 3.2021 | LR: 0.000044
Epoch 6/100 | Batch 5900/43947 | Loss: 3.2395 | LR: 0.000044
Epoch 6/100 | Batch 6000/43947 | Loss: 3.2444 | LR: 0.000044
Epoch 6/100 | Batch 6100/43947 | Loss: 3.2649 | LR: 0.000044
Epoch 6/100 | Batch 6200/43947 | Loss: 3.2983 | LR: 0.000044
Epoch 6/100 | Batch 6300/43947 | Loss: 3.2550 | LR: 0.000044
Epoch 6/100 | Batch 6400/43947 | Loss: 3.3747 | LR: 0.000044
Epoch 6/100 | Batch 6500/43947 | Loss: 3.2838 | LR: 0.000044
Epoch 6/100 | Batch 6600/43947 | Loss: 3.1526 | LR: 0.000044
Epoch 6/100 | Batch 6700/43947 | Loss: 3.2543 | LR: 0.000044
Epoch 6/100 | Batch 6800/43947 | Loss: 3.3888 | LR: 0.000044
Epoch 6/100 | Batch 6900/43947 | Loss: 3.2684 | LR: 0.000044
Epoch 6/100 | Batch 7000/43947 | Loss: 3.2450 | LR: 0.000044
Epoch 6/100 | Batch 7100/43947 | Loss: 3.2484 | LR: 0.000044
Epoch 6/100 | Batch 7200/43947 | Loss: 3.2910 | LR: 0.000044
Epoch 6/100 | Batch 7300/43947 | Loss: 3.3236 | LR: 0.000044
Epoch 6/100 | Batch 7400/43947 | Loss: 3.2176 | LR: 0.000044
Epoch 6/100 | Batch 7500/43947 | Loss: 3.2263 | LR: 0.000044
Epoch 6/100 | Batch 7600/43947 | Loss: 3.1555 | LR: 0.000044
Epoch 6/100 | Batch 7700/43947 | Loss: 3.2764 | LR: 0.000044
Epoch 6/100 | Batch 7800/43947 | Loss: 3.2435 | LR: 0.000044
Epoch 6/100 | Batch 7900/43947 | Loss: 3.1957 | LR: 0.000044
Epoch 6/100 | Batch 8000/43947 | Loss: 3.2885 | LR: 0.000044
Epoch 6/100 | Batch 8100/43947 | Loss: 3.2092 | LR: 0.000044
Epoch 6/100 | Batch 8200/43947 | Loss: 3.2674 | LR: 0.000044
Epoch 6/100 | Batch 8300/43947 | Loss: 3.2465 | LR: 0.000044
Epoch 6/100 | Batch 8400/43947 | Loss: 3.2450 | LR: 0.000044
Epoch 6/100 | Batch 8500/43947 | Loss: 3.1508 | LR: 0.000044
Epoch 6/100 | Batch 8600/43947 | Loss: 3.2274 | LR: 0.000044
Epoch 6/100 | Batch 8700/43947 | Loss: 3.2586 | LR: 0.000044
Epoch 6/100 | Batch 8800/43947 | Loss: 3.2545 | LR: 0.000044
Epoch 6/100 | Batch 8900/43947 | Loss: 3.2568 | LR: 0.000044
Epoch 6/100 | Batch 9000/43947 | Loss: 3.2698 | LR: 0.000044
Epoch 6/100 | Batch 9100/43947 | Loss: 3.2195 | LR: 0.000044
Epoch 6/100 | Batch 9200/43947 | Loss: 3.2239 | LR: 0.000044
Epoch 6/100 | Batch 9300/43947 | Loss: 3.2283 | LR: 0.000044
Epoch 6/100 | Batch 9400/43947 | Loss: 3.2240 | LR: 0.000044
Epoch 6/100 | Batch 9500/43947 | Loss: 3.2537 | LR: 0.000044
Epoch 6/100 | Batch 9600/43947 | Loss: 3.2188 | LR: 0.000044
Epoch 6/100 | Batch 9700/43947 | Loss: 3.2193 | LR: 0.000044
Epoch 6/100 | Batch 9800/43947 | Loss: 3.2263 | LR: 0.000044
Epoch 6/100 | Batch 9900/43947 | Loss: 3.2498 | LR: 0.000044
Epoch 6/100 | Batch 10000/43947 | Loss: 3.2817 | LR: 0.000044
Epoch 6/100 | Batch 10100/43947 | Loss: 3.2720 | LR: 0.000044
Epoch 6/100 | Batch 10200/43947 | Loss: 3.2786 | LR: 0.000044
Epoch 6/100 | Batch 10300/43947 | Loss: 3.2798 | LR: 0.000044
Epoch 6/100 | Batch 10400/43947 | Loss: 3.2620 | LR: 0.000044
Epoch 6/100 | Batch 10500/43947 | Loss: 3.2164 | LR: 0.000044
Epoch 6/100 | Batch 10600/43947 | Loss: 3.2288 | LR: 0.000044
Epoch 6/100 | Batch 10700/43947 | Loss: 3.3224 | LR: 0.000044
Epoch 6/100 | Batch 10800/43947 | Loss: 3.2345 | LR: 0.000044
Epoch 6/100 | Batch 10900/43947 | Loss: 3.2942 | LR: 0.000044
Epoch 6/100 | Batch 11000/43947 | Loss: 3.3257 | LR: 0.000044
Epoch 6/100 | Batch 11100/43947 | Loss: 3.2196 | LR: 0.000044
Epoch 6/100 | Batch 11200/43947 | Loss: 3.1900 | LR: 0.000044
Epoch 6/100 | Batch 11300/43947 | Loss: 3.2899 | LR: 0.000044
Epoch 6/100 | Batch 11400/43947 | Loss: 3.2215 | LR: 0.000044
Epoch 6/100 | Batch 11500/43947 | Loss: 3.2968 | LR: 0.000044
Epoch 6/100 | Batch 11600/43947 | Loss: 3.2383 | LR: 0.000044
Epoch 6/100 | Batch 11700/43947 | Loss: 3.2527 | LR: 0.000044
Epoch 6/100 | Batch 11800/43947 | Loss: 3.3070 | LR: 0.000044
Epoch 6/100 | Batch 11900/43947 | Loss: 3.2136 | LR: 0.000044
Epoch 6/100 | Batch 12000/43947 | Loss: 3.2419 | LR: 0.000044
Epoch 6/100 | Batch 12100/43947 | Loss: 3.2814 | LR: 0.000044
Epoch 6/100 | Batch 12200/43947 | Loss: 3.2595 | LR: 0.000044
Epoch 6/100 | Batch 12300/43947 | Loss: 3.2481 | LR: 0.000044
Epoch 6/100 | Batch 12400/43947 | Loss: 3.2063 | LR: 0.000044
Epoch 6/100 | Batch 12500/43947 | Loss: 3.2325 | LR: 0.000044
Epoch 6/100 | Batch 12600/43947 | Loss: 3.3612 | LR: 0.000044
Epoch 6/100 | Batch 12700/43947 | Loss: 3.2694 | LR: 0.000044
Epoch 6/100 | Batch 12800/43947 | Loss: 3.2005 | LR: 0.000044
Epoch 6/100 | Batch 12900/43947 | Loss: 3.2397 | LR: 0.000044
Epoch 6/100 | Batch 13000/43947 | Loss: 3.1517 | LR: 0.000044
Epoch 6/100 | Batch 13100/43947 | Loss: 3.1992 | LR: 0.000044
Epoch 6/100 | Batch 13200/43947 | Loss: 3.2575 | LR: 0.000044
Epoch 6/100 | Batch 13300/43947 | Loss: 3.2336 | LR: 0.000044
Epoch 6/100 | Batch 13400/43947 | Loss: 3.2805 | LR: 0.000044
Epoch 6/100 | Batch 13500/43947 | Loss: 3.2506 | LR: 0.000044
Epoch 6/100 | Batch 13600/43947 | Loss: 3.1506 | LR: 0.000044
Epoch 6/100 | Batch 13700/43947 | Loss: 3.2828 | LR: 0.000044
Epoch 6/100 | Batch 13800/43947 | Loss: 3.2120 | LR: 0.000044
Epoch 6/100 | Batch 13900/43947 | Loss: 3.2327 | LR: 0.000044
Epoch 6/100 | Batch 14000/43947 | Loss: 3.2613 | LR: 0.000044
Epoch 6/100 | Batch 14100/43947 | Loss: 3.2099 | LR: 0.000044
Epoch 6/100 | Batch 14200/43947 | Loss: 3.2356 | LR: 0.000044
Epoch 6/100 | Batch 14300/43947 | Loss: 3.2170 | LR: 0.000044
Epoch 6/100 | Batch 14400/43947 | Loss: 3.2367 | LR: 0.000044
Epoch 6/100 | Batch 14500/43947 | Loss: 3.2386 | LR: 0.000044
Epoch 6/100 | Batch 14600/43947 | Loss: 3.2619 | LR: 0.000044
Epoch 6/100 | Batch 14700/43947 | Loss: 3.2491 | LR: 0.000044
Epoch 6/100 | Batch 14800/43947 | Loss: 3.2455 | LR: 0.000044
Epoch 6/100 | Batch 14900/43947 | Loss: 3.2196 | LR: 0.000044
Epoch 6/100 | Batch 15000/43947 | Loss: 3.2845 | LR: 0.000044
Epoch 6/100 | Batch 15100/43947 | Loss: 3.2896 | LR: 0.000044
Epoch 6/100 | Batch 15200/43947 | Loss: 3.2213 | LR: 0.000044
Epoch 6/100 | Batch 15300/43947 | Loss: 3.3438 | LR: 0.000044
Epoch 6/100 | Batch 15400/43947 | Loss: 3.2170 | LR: 0.000044
Epoch 6/100 | Batch 15500/43947 | Loss: 3.2736 | LR: 0.000044
Epoch 6/100 | Batch 15600/43947 | Loss: 3.1692 | LR: 0.000044
Epoch 6/100 | Batch 15700/43947 | Loss: 3.3049 | LR: 0.000044
Epoch 6/100 | Batch 15800/43947 | Loss: 3.2191 | LR: 0.000044
Epoch 6/100 | Batch 15900/43947 | Loss: 3.1992 | LR: 0.000044
Epoch 6/100 | Batch 16000/43947 | Loss: 3.2546 | LR: 0.000044
Epoch 6/100 | Batch 16100/43947 | Loss: 3.2225 | LR: 0.000044
Epoch 6/100 | Batch 16200/43947 | Loss: 3.1941 | LR: 0.000044
Epoch 6/100 | Batch 16300/43947 | Loss: 3.2737 | LR: 0.000044
Epoch 6/100 | Batch 16400/43947 | Loss: 3.2118 | LR: 0.000044
Epoch 6/100 | Batch 16500/43947 | Loss: 3.2540 | LR: 0.000044
Epoch 6/100 | Batch 16600/43947 | Loss: 3.2500 | LR: 0.000044
Epoch 6/100 | Batch 16700/43947 | Loss: 3.2759 | LR: 0.000044
Epoch 6/100 | Batch 16800/43947 | Loss: 3.3791 | LR: 0.000044
Epoch 6/100 | Batch 16900/43947 | Loss: 3.1868 | LR: 0.000044
Epoch 6/100 | Batch 17000/43947 | Loss: 3.2968 | LR: 0.000044
Epoch 6/100 | Batch 17100/43947 | Loss: 3.2999 | LR: 0.000044
Epoch 6/100 | Batch 17200/43947 | Loss: 3.2260 | LR: 0.000044
Epoch 6/100 | Batch 17300/43947 | Loss: 3.2653 | LR: 0.000044
Epoch 6/100 | Batch 17400/43947 | Loss: 3.2626 | LR: 0.000044
Epoch 6/100 | Batch 17500/43947 | Loss: 3.2654 | LR: 0.000044
Epoch 6/100 | Batch 17600/43947 | Loss: 3.2079 | LR: 0.000044
Epoch 6/100 | Batch 17700/43947 | Loss: 3.2388 | LR: 0.000044
Epoch 6/100 | Batch 17800/43947 | Loss: 3.2515 | LR: 0.000044
Epoch 6/100 | Batch 17900/43947 | Loss: 3.2567 | LR: 0.000044
Epoch 6/100 | Batch 18000/43947 | Loss: 3.3072 | LR: 0.000044
Epoch 6/100 | Batch 18100/43947 | Loss: 3.3182 | LR: 0.000044
Epoch 6/100 | Batch 18200/43947 | Loss: 3.2302 | LR: 0.000044
Epoch 6/100 | Batch 18300/43947 | Loss: 3.1710 | LR: 0.000044
Epoch 6/100 | Batch 18400/43947 | Loss: 3.1512 | LR: 0.000044
Epoch 6/100 | Batch 18500/43947 | Loss: 3.2067 | LR: 0.000044
Epoch 6/100 | Batch 18600/43947 | Loss: 3.2554 | LR: 0.000044
Epoch 6/100 | Batch 18700/43947 | Loss: 3.2328 | LR: 0.000044
Epoch 6/100 | Batch 18800/43947 | Loss: 3.2435 | LR: 0.000044
Epoch 6/100 | Batch 18900/43947 | Loss: 3.3080 | LR: 0.000044
Epoch 6/100 | Batch 19000/43947 | Loss: 3.2781 | LR: 0.000044
Epoch 6/100 | Batch 19100/43947 | Loss: 3.2728 | LR: 0.000044
Epoch 6/100 | Batch 19200/43947 | Loss: 3.1864 | LR: 0.000044
Epoch 6/100 | Batch 19300/43947 | Loss: 3.2480 | LR: 0.000044
Epoch 6/100 | Batch 19400/43947 | Loss: 3.2290 | LR: 0.000044
Epoch 6/100 | Batch 19500/43947 | Loss: 3.2174 | LR: 0.000044
Epoch 6/100 | Batch 19600/43947 | Loss: 3.2161 | LR: 0.000044
Epoch 6/100 | Batch 19700/43947 | Loss: 3.2268 | LR: 0.000044
Epoch 6/100 | Batch 19800/43947 | Loss: 3.2306 | LR: 0.000044
Epoch 6/100 | Batch 19900/43947 | Loss: 3.2301 | LR: 0.000044
Epoch 6/100 | Batch 20000/43947 | Loss: 3.2980 | LR: 0.000044
Epoch 6/100 | Batch 20100/43947 | Loss: 3.2007 | LR: 0.000044
Epoch 6/100 | Batch 20200/43947 | Loss: 3.2171 | LR: 0.000044
Epoch 6/100 | Batch 20300/43947 | Loss: 3.2803 | LR: 0.000044
Epoch 6/100 | Batch 20400/43947 | Loss: 3.2581 | LR: 0.000044
Epoch 6/100 | Batch 20500/43947 | Loss: 3.2754 | LR: 0.000044
Epoch 6/100 | Batch 20600/43947 | Loss: 3.1989 | LR: 0.000044
Epoch 6/100 | Batch 20700/43947 | Loss: 3.1437 | LR: 0.000044
Epoch 6/100 | Batch 20800/43947 | Loss: 3.1995 | LR: 0.000044
Epoch 6/100 | Batch 20900/43947 | Loss: 3.2327 | LR: 0.000044
Epoch 6/100 | Batch 21000/43947 | Loss: 3.2792 | LR: 0.000044
Epoch 6/100 | Batch 21100/43947 | Loss: 3.2616 | LR: 0.000044
Epoch 6/100 | Batch 21200/43947 | Loss: 3.1594 | LR: 0.000044
Epoch 6/100 | Batch 21300/43947 | Loss: 3.2222 | LR: 0.000044
Epoch 6/100 | Batch 21400/43947 | Loss: 3.2161 | LR: 0.000044
Epoch 6/100 | Batch 21500/43947 | Loss: 3.1844 | LR: 0.000044
Epoch 6/100 | Batch 21600/43947 | Loss: 3.1522 | LR: 0.000044
Epoch 6/100 | Batch 21700/43947 | Loss: 3.3290 | LR: 0.000044
Epoch 6/100 | Batch 21800/43947 | Loss: 3.2401 | LR: 0.000044
Epoch 6/100 | Batch 21900/43947 | Loss: 3.2871 | LR: 0.000044
Epoch 6/100 | Batch 22000/43947 | Loss: 3.1855 | LR: 0.000044
Epoch 6/100 | Batch 22100/43947 | Loss: 3.2766 | LR: 0.000044
Epoch 6/100 | Batch 22200/43947 | Loss: 3.2420 | LR: 0.000044
Epoch 6/100 | Batch 22300/43947 | Loss: 3.2930 | LR: 0.000044
Epoch 6/100 | Batch 22400/43947 | Loss: 3.2064 | LR: 0.000044
Epoch 6/100 | Batch 22500/43947 | Loss: 3.2154 | LR: 0.000044
Epoch 6/100 | Batch 22600/43947 | Loss: 3.2638 | LR: 0.000044
Epoch 6/100 | Batch 22700/43947 | Loss: 3.2321 | LR: 0.000044
Epoch 6/100 | Batch 22800/43947 | Loss: 3.2114 | LR: 0.000044
Epoch 6/100 | Batch 22900/43947 | Loss: 3.2319 | LR: 0.000044
Epoch 6/100 | Batch 23000/43947 | Loss: 3.2005 | LR: 0.000044
Epoch 6/100 | Batch 23100/43947 | Loss: 3.2237 | LR: 0.000044
Epoch 6/100 | Batch 23200/43947 | Loss: 3.1900 | LR: 0.000044
Epoch 6/100 | Batch 23300/43947 | Loss: 3.2110 | LR: 0.000044
Epoch 6/100 | Batch 23400/43947 | Loss: 3.2014 | LR: 0.000044
Epoch 6/100 | Batch 23500/43947 | Loss: 3.2467 | LR: 0.000044
Epoch 6/100 | Batch 23600/43947 | Loss: 3.3335 | LR: 0.000044
Epoch 6/100 | Batch 23700/43947 | Loss: 3.2599 | LR: 0.000044
Epoch 6/100 | Batch 23800/43947 | Loss: 3.2395 | LR: 0.000044
Epoch 6/100 | Batch 23900/43947 | Loss: 3.2560 | LR: 0.000044
Epoch 6/100 | Batch 24000/43947 | Loss: 3.2420 | LR: 0.000044
Epoch 6/100 | Batch 24100/43947 | Loss: 3.2360 | LR: 0.000044
Epoch 6/100 | Batch 24200/43947 | Loss: 3.2241 | LR: 0.000044
Epoch 6/100 | Batch 24300/43947 | Loss: 3.2352 | LR: 0.000044
Epoch 6/100 | Batch 24400/43947 | Loss: 3.2388 | LR: 0.000044
Epoch 6/100 | Batch 24500/43947 | Loss: 3.2597 | LR: 0.000044
Epoch 6/100 | Batch 24600/43947 | Loss: 3.2237 | LR: 0.000044
Epoch 6/100 | Batch 24700/43947 | Loss: 3.2513 | LR: 0.000044
Epoch 6/100 | Batch 24800/43947 | Loss: 3.2040 | LR: 0.000044
Epoch 6/100 | Batch 24900/43947 | Loss: 3.2777 | LR: 0.000044
Epoch 6/100 | Batch 25000/43947 | Loss: 3.2174 | LR: 0.000044
Epoch 6/100 | Batch 25100/43947 | Loss: 3.2833 | LR: 0.000044
Epoch 6/100 | Batch 25200/43947 | Loss: 3.2965 | LR: 0.000044
Epoch 6/100 | Batch 25300/43947 | Loss: 3.2045 | LR: 0.000044
Epoch 6/100 | Batch 25400/43947 | Loss: 3.2643 | LR: 0.000044
Epoch 6/100 | Batch 25500/43947 | Loss: 3.3122 | LR: 0.000044
Epoch 6/100 | Batch 25600/43947 | Loss: 3.2180 | LR: 0.000044
Epoch 6/100 | Batch 25700/43947 | Loss: 3.2644 | LR: 0.000044
Epoch 6/100 | Batch 25800/43947 | Loss: 3.2053 | LR: 0.000044
Epoch 6/100 | Batch 25900/43947 | Loss: 3.3141 | LR: 0.000044
Epoch 6/100 | Batch 26000/43947 | Loss: 3.2378 | LR: 0.000044
Epoch 6/100 | Batch 26100/43947 | Loss: 3.3113 | LR: 0.000044
Epoch 6/100 | Batch 26200/43947 | Loss: 3.2612 | LR: 0.000044
Epoch 6/100 | Batch 26300/43947 | Loss: 3.2034 | LR: 0.000044
Epoch 6/100 | Batch 26400/43947 | Loss: 3.2669 | LR: 0.000044
Epoch 6/100 | Batch 26500/43947 | Loss: 3.2227 | LR: 0.000044
Epoch 6/100 | Batch 26600/43947 | Loss: 3.2395 | LR: 0.000044
Epoch 6/100 | Batch 26700/43947 | Loss: 3.3266 | LR: 0.000044
Epoch 6/100 | Batch 26800/43947 | Loss: 3.3094 | LR: 0.000044
Epoch 6/100 | Batch 26900/43947 | Loss: 3.2419 | LR: 0.000044
Epoch 6/100 | Batch 27000/43947 | Loss: 3.2892 | LR: 0.000044
Epoch 6/100 | Batch 27100/43947 | Loss: 3.2268 | LR: 0.000044
Epoch 6/100 | Batch 27200/43947 | Loss: 3.2539 | LR: 0.000044
Epoch 6/100 | Batch 27300/43947 | Loss: 3.1925 | LR: 0.000044
Epoch 6/100 | Batch 27400/43947 | Loss: 3.2815 | LR: 0.000044
Epoch 6/100 | Batch 27500/43947 | Loss: 3.2302 | LR: 0.000044
Epoch 6/100 | Batch 27600/43947 | Loss: 3.1681 | LR: 0.000044
Epoch 6/100 | Batch 27700/43947 | Loss: 3.1711 | LR: 0.000044
Epoch 6/100 | Batch 27800/43947 | Loss: 3.2422 | LR: 0.000044
Epoch 6/100 | Batch 27900/43947 | Loss: 3.2520 | LR: 0.000044
Epoch 6/100 | Batch 28000/43947 | Loss: 3.2123 | LR: 0.000044
Epoch 6/100 | Batch 28100/43947 | Loss: 3.2177 | LR: 0.000044
Epoch 6/100 | Batch 28200/43947 | Loss: 3.2956 | LR: 0.000044
Epoch 6/100 | Batch 28300/43947 | Loss: 3.2252 | LR: 0.000044
Epoch 6/100 | Batch 28400/43947 | Loss: 3.2434 | LR: 0.000044
Epoch 6/100 | Batch 28500/43947 | Loss: 3.2232 | LR: 0.000044
Epoch 6/100 | Batch 28600/43947 | Loss: 3.2730 | LR: 0.000044
Epoch 6/100 | Batch 28700/43947 | Loss: 3.2361 | LR: 0.000044
Epoch 6/100 | Batch 28800/43947 | Loss: 3.1941 | LR: 0.000044
Epoch 6/100 | Batch 28900/43947 | Loss: 3.2670 | LR: 0.000044
Epoch 6/100 | Batch 29000/43947 | Loss: 3.2430 | LR: 0.000044
Epoch 6/100 | Batch 29100/43947 | Loss: 3.1632 | LR: 0.000044
Epoch 6/100 | Batch 29200/43947 | Loss: 3.2334 | LR: 0.000044
Epoch 6/100 | Batch 29300/43947 | Loss: 3.2696 | LR: 0.000044
Epoch 6/100 | Batch 29400/43947 | Loss: 3.1884 | LR: 0.000044
Epoch 6/100 | Batch 29500/43947 | Loss: 3.2065 | LR: 0.000044
Epoch 6/100 | Batch 29600/43947 | Loss: 3.3032 | LR: 0.000044
Epoch 6/100 | Batch 29700/43947 | Loss: 3.2870 | LR: 0.000044
Epoch 6/100 | Batch 29800/43947 | Loss: 3.2299 | LR: 0.000044
Epoch 6/100 | Batch 29900/43947 | Loss: 3.2290 | LR: 0.000044
Epoch 6/100 | Batch 30000/43947 | Loss: 3.3483 | LR: 0.000044
Epoch 6/100 | Batch 30100/43947 | Loss: 3.2151 | LR: 0.000044
Epoch 6/100 | Batch 30200/43947 | Loss: 3.2122 | LR: 0.000044
Epoch 6/100 | Batch 30300/43947 | Loss: 3.2541 | LR: 0.000044
Epoch 6/100 | Batch 30400/43947 | Loss: 3.2869 | LR: 0.000044
Epoch 6/100 | Batch 30500/43947 | Loss: 3.2514 | LR: 0.000044
Epoch 6/100 | Batch 30600/43947 | Loss: 3.2037 | LR: 0.000044
Epoch 6/100 | Batch 30700/43947 | Loss: 3.2535 | LR: 0.000044
Epoch 6/100 | Batch 30800/43947 | Loss: 3.2175 | LR: 0.000044
Epoch 6/100 | Batch 30900/43947 | Loss: 3.2385 | LR: 0.000044
Epoch 6/100 | Batch 31000/43947 | Loss: 3.2443 | LR: 0.000044
Epoch 6/100 | Batch 31100/43947 | Loss: 3.3339 | LR: 0.000044
Epoch 6/100 | Batch 31200/43947 | Loss: 3.2239 | LR: 0.000044
Epoch 6/100 | Batch 31300/43947 | Loss: 3.2528 | LR: 0.000044
Epoch 6/100 | Batch 31400/43947 | Loss: 3.1841 | LR: 0.000044
Epoch 6/100 | Batch 31500/43947 | Loss: 3.1599 | LR: 0.000044
Epoch 6/100 | Batch 31600/43947 | Loss: 3.2816 | LR: 0.000044
Epoch 6/100 | Batch 31700/43947 | Loss: 3.1955 | LR: 0.000044
Epoch 6/100 | Batch 31800/43947 | Loss: 3.2805 | LR: 0.000044
Epoch 6/100 | Batch 31900/43947 | Loss: 3.3334 | LR: 0.000044
Epoch 6/100 | Batch 32000/43947 | Loss: 3.1899 | LR: 0.000044
Epoch 6/100 | Batch 32100/43947 | Loss: 3.2275 | LR: 0.000044
Epoch 6/100 | Batch 32200/43947 | Loss: 3.2719 | LR: 0.000044
Epoch 6/100 | Batch 32300/43947 | Loss: 3.1821 | LR: 0.000044
Epoch 6/100 | Batch 32400/43947 | Loss: 3.3048 | LR: 0.000044
Epoch 6/100 | Batch 32500/43947 | Loss: 3.2738 | LR: 0.000044
Epoch 6/100 | Batch 32600/43947 | Loss: 3.1822 | LR: 0.000044
Epoch 6/100 | Batch 32700/43947 | Loss: 3.2058 | LR: 0.000044
Epoch 6/100 | Batch 32800/43947 | Loss: 3.2887 | LR: 0.000044
Epoch 6/100 | Batch 32900/43947 | Loss: 3.1988 | LR: 0.000044
Epoch 6/100 | Batch 33000/43947 | Loss: 3.2594 | LR: 0.000044
Epoch 6/100 | Batch 33100/43947 | Loss: 3.2064 | LR: 0.000044
Epoch 6/100 | Batch 33200/43947 | Loss: 3.2512 | LR: 0.000044
Epoch 6/100 | Batch 33300/43947 | Loss: 3.2951 | LR: 0.000044
Epoch 6/100 | Batch 33400/43947 | Loss: 3.1859 | LR: 0.000044
Epoch 6/100 | Batch 33500/43947 | Loss: 3.1781 | LR: 0.000044
Epoch 6/100 | Batch 33600/43947 | Loss: 3.1618 | LR: 0.000044
Epoch 6/100 | Batch 33700/43947 | Loss: 3.2197 | LR: 0.000044
Epoch 6/100 | Batch 33800/43947 | Loss: 3.2399 | LR: 0.000044
Epoch 6/100 | Batch 33900/43947 | Loss: 3.2866 | LR: 0.000044
Epoch 6/100 | Batch 34000/43947 | Loss: 3.2261 | LR: 0.000044
Epoch 6/100 | Batch 34100/43947 | Loss: 3.1971 | LR: 0.000044
Epoch 6/100 | Batch 34200/43947 | Loss: 3.2282 | LR: 0.000044
Epoch 6/100 | Batch 34300/43947 | Loss: 3.2576 | LR: 0.000044
Epoch 6/100 | Batch 34400/43947 | Loss: 3.2165 | LR: 0.000044
Epoch 6/100 | Batch 34500/43947 | Loss: 3.1888 | LR: 0.000044
Epoch 6/100 | Batch 34600/43947 | Loss: 3.2605 | LR: 0.000044
Epoch 6/100 | Batch 34700/43947 | Loss: 3.1987 | LR: 0.000044
Epoch 6/100 | Batch 34800/43947 | Loss: 3.2671 | LR: 0.000044
Epoch 6/100 | Batch 34900/43947 | Loss: 3.2805 | LR: 0.000044
Epoch 6/100 | Batch 35000/43947 | Loss: 3.2262 | LR: 0.000044
Epoch 6/100 | Batch 35100/43947 | Loss: 3.2452 | LR: 0.000044
Epoch 6/100 | Batch 35200/43947 | Loss: 3.2884 | LR: 0.000044
Epoch 6/100 | Batch 35300/43947 | Loss: 3.2761 | LR: 0.000044
Epoch 6/100 | Batch 35400/43947 | Loss: 3.2190 | LR: 0.000044
Epoch 6/100 | Batch 35500/43947 | Loss: 3.2443 | LR: 0.000044
Epoch 6/100 | Batch 35600/43947 | Loss: 3.2393 | LR: 0.000044
Epoch 6/100 | Batch 35700/43947 | Loss: 3.2008 | LR: 0.000044
Epoch 6/100 | Batch 35800/43947 | Loss: 3.2045 | LR: 0.000044
Epoch 6/100 | Batch 35900/43947 | Loss: 3.1921 | LR: 0.000044
Epoch 6/100 | Batch 36000/43947 | Loss: 3.2687 | LR: 0.000044
Epoch 6/100 | Batch 36100/43947 | Loss: 3.2361 | LR: 0.000044
Epoch 6/100 | Batch 36200/43947 | Loss: 3.2371 | LR: 0.000044
Epoch 6/100 | Batch 36300/43947 | Loss: 3.3444 | LR: 0.000044
Epoch 6/100 | Batch 36400/43947 | Loss: 3.2259 | LR: 0.000044
Epoch 6/100 | Batch 36500/43947 | Loss: 3.2115 | LR: 0.000044
Epoch 6/100 | Batch 36600/43947 | Loss: 3.2238 | LR: 0.000044
Epoch 6/100 | Batch 36700/43947 | Loss: 3.2399 | LR: 0.000044
Epoch 6/100 | Batch 36800/43947 | Loss: 3.1829 | LR: 0.000044
Epoch 6/100 | Batch 36900/43947 | Loss: 3.1998 | LR: 0.000044
Epoch 6/100 | Batch 37000/43947 | Loss: 3.2075 | LR: 0.000044
Epoch 6/100 | Batch 37100/43947 | Loss: 3.2653 | LR: 0.000044
Epoch 6/100 | Batch 37200/43947 | Loss: 3.2050 | LR: 0.000044
Epoch 6/100 | Batch 37300/43947 | Loss: 3.2831 | LR: 0.000044
Epoch 6/100 | Batch 37400/43947 | Loss: 3.2974 | LR: 0.000044
Epoch 6/100 | Batch 37500/43947 | Loss: 3.1914 | LR: 0.000044
Epoch 6/100 | Batch 37600/43947 | Loss: 3.1929 | LR: 0.000044
Epoch 6/100 | Batch 37700/43947 | Loss: 3.2355 | LR: 0.000044
Epoch 6/100 | Batch 37800/43947 | Loss: 3.2299 | LR: 0.000044
Epoch 6/100 | Batch 37900/43947 | Loss: 3.2615 | LR: 0.000044
Epoch 6/100 | Batch 38000/43947 | Loss: 3.2359 | LR: 0.000044
Epoch 6/100 | Batch 38100/43947 | Loss: 3.2345 | LR: 0.000044
Epoch 6/100 | Batch 38200/43947 | Loss: 3.1946 | LR: 0.000044
Epoch 6/100 | Batch 38300/43947 | Loss: 3.1633 | LR: 0.000044
Epoch 6/100 | Batch 38400/43947 | Loss: 3.2061 | LR: 0.000044
Epoch 6/100 | Batch 38500/43947 | Loss: 3.1795 | LR: 0.000044
Epoch 6/100 | Batch 38600/43947 | Loss: 3.2190 | LR: 0.000044
Epoch 6/100 | Batch 38700/43947 | Loss: 3.2553 | LR: 0.000044
Epoch 6/100 | Batch 38800/43947 | Loss: 3.2325 | LR: 0.000044
Epoch 6/100 | Batch 38900/43947 | Loss: 3.1779 | LR: 0.000044
Epoch 6/100 | Batch 39000/43947 | Loss: 3.2049 | LR: 0.000044
Epoch 6/100 | Batch 39100/43947 | Loss: 3.2304 | LR: 0.000044
Epoch 6/100 | Batch 39200/43947 | Loss: 3.2585 | LR: 0.000044
Epoch 6/100 | Batch 39300/43947 | Loss: 3.2083 | LR: 0.000044
Epoch 6/100 | Batch 39400/43947 | Loss: 3.2454 | LR: 0.000044
Epoch 6/100 | Batch 39500/43947 | Loss: 3.2358 | LR: 0.000044
Epoch 6/100 | Batch 39600/43947 | Loss: 3.1995 | LR: 0.000044
Epoch 6/100 | Batch 39700/43947 | Loss: 3.2519 | LR: 0.000044
Epoch 6/100 | Batch 39800/43947 | Loss: 3.2629 | LR: 0.000044
Epoch 6/100 | Batch 39900/43947 | Loss: 3.2115 | LR: 0.000044
Epoch 6/100 | Batch 40000/43947 | Loss: 3.1806 | LR: 0.000044
Epoch 6/100 | Batch 40100/43947 | Loss: 3.2602 | LR: 0.000044
Epoch 6/100 | Batch 40200/43947 | Loss: 3.2889 | LR: 0.000044
Epoch 6/100 | Batch 40300/43947 | Loss: 3.2222 | LR: 0.000044
Epoch 6/100 | Batch 40400/43947 | Loss: 3.2085 | LR: 0.000044
Epoch 6/100 | Batch 40500/43947 | Loss: 3.2229 | LR: 0.000044
Epoch 6/100 | Batch 40600/43947 | Loss: 3.2057 | LR: 0.000044
Epoch 6/100 | Batch 40700/43947 | Loss: 3.2319 | LR: 0.000044
Epoch 6/100 | Batch 40800/43947 | Loss: 3.1898 | LR: 0.000044
Epoch 6/100 | Batch 40900/43947 | Loss: 3.1928 | LR: 0.000044
Epoch 6/100 | Batch 41000/43947 | Loss: 3.2043 | LR: 0.000044
Epoch 6/100 | Batch 41100/43947 | Loss: 3.2210 | LR: 0.000044
Epoch 6/100 | Batch 41200/43947 | Loss: 3.1648 | LR: 0.000044
Epoch 6/100 | Batch 41300/43947 | Loss: 3.2449 | LR: 0.000044
Epoch 6/100 | Batch 41400/43947 | Loss: 3.1945 | LR: 0.000044
Epoch 6/100 | Batch 41500/43947 | Loss: 3.2001 | LR: 0.000044
Epoch 6/100 | Batch 41600/43947 | Loss: 3.1773 | LR: 0.000044
Epoch 6/100 | Batch 41700/43947 | Loss: 3.1709 | LR: 0.000044
Epoch 6/100 | Batch 41800/43947 | Loss: 3.2404 | LR: 0.000044
Epoch 6/100 | Batch 41900/43947 | Loss: 3.2513 | LR: 0.000044
Epoch 6/100 | Batch 42000/43947 | Loss: 3.2357 | LR: 0.000044
Epoch 6/100 | Batch 42100/43947 | Loss: 3.2399 | LR: 0.000044
Epoch 6/100 | Batch 42200/43947 | Loss: 3.2626 | LR: 0.000044
Epoch 6/100 | Batch 42300/43947 | Loss: 3.2104 | LR: 0.000044
Epoch 6/100 | Batch 42400/43947 | Loss: 3.2001 | LR: 0.000044
Epoch 6/100 | Batch 42500/43947 | Loss: 3.2001 | LR: 0.000044
Epoch 6/100 | Batch 42600/43947 | Loss: 3.1799 | LR: 0.000044
Epoch 6/100 | Batch 42700/43947 | Loss: 3.1981 | LR: 0.000044
Epoch 6/100 | Batch 42800/43947 | Loss: 3.1997 | LR: 0.000044
Epoch 6/100 | Batch 42900/43947 | Loss: 3.2864 | LR: 0.000044
Epoch 6/100 | Batch 43000/43947 | Loss: 3.1817 | LR: 0.000044
Epoch 6/100 | Batch 43100/43947 | Loss: 3.3227 | LR: 0.000044
Epoch 6/100 | Batch 43200/43947 | Loss: 3.3115 | LR: 0.000044
Epoch 6/100 | Batch 43300/43947 | Loss: 3.2110 | LR: 0.000044
Epoch 6/100 | Batch 43400/43947 | Loss: 3.2004 | LR: 0.000044
Epoch 6/100 | Batch 43500/43947 | Loss: 3.2019 | LR: 0.000044
Epoch 6/100 | Batch 43600/43947 | Loss: 3.2354 | LR: 0.000044
Epoch 6/100 | Batch 43700/43947 | Loss: 3.1975 | LR: 0.000044
Epoch 6/100 | Batch 43800/43947 | Loss: 3.2190 | LR: 0.000044
Epoch 6/100 | Batch 43900/43947 | Loss: 3.2067 | LR: 0.000044

Epoch 6/100 Summary:
Average Training Loss: 3.2421
Average Validation Loss: 3.1360
Best Validation Loss: 3.1360
Learning Rate: 0.000044
Epoch 7/100 | Batch 0/43947 | Loss: 3.3360 | LR: 0.000037
Epoch 7/100 | Batch 100/43947 | Loss: 3.1541 | LR: 0.000037
Epoch 7/100 | Batch 200/43947 | Loss: 3.2859 | LR: 0.000037
Epoch 7/100 | Batch 300/43947 | Loss: 3.1532 | LR: 0.000037
Epoch 7/100 | Batch 400/43947 | Loss: 3.3151 | LR: 0.000037
Epoch 7/100 | Batch 500/43947 | Loss: 3.2899 | LR: 0.000037
Epoch 7/100 | Batch 600/43947 | Loss: 3.3178 | LR: 0.000037
Epoch 7/100 | Batch 700/43947 | Loss: 3.2497 | LR: 0.000037
Epoch 7/100 | Batch 800/43947 | Loss: 3.2413 | LR: 0.000037
Epoch 7/100 | Batch 900/43947 | Loss: 3.2363 | LR: 0.000037
Epoch 7/100 | Batch 1000/43947 | Loss: 3.2533 | LR: 0.000037
Epoch 7/100 | Batch 1100/43947 | Loss: 3.4063 | LR: 0.000037
Epoch 7/100 | Batch 1200/43947 | Loss: 3.2035 | LR: 0.000037
Epoch 7/100 | Batch 1300/43947 | Loss: 3.2821 | LR: 0.000037
Epoch 7/100 | Batch 1400/43947 | Loss: 3.1938 | LR: 0.000037
Epoch 7/100 | Batch 1500/43947 | Loss: 3.2899 | LR: 0.000037
Epoch 7/100 | Batch 1600/43947 | Loss: 3.2981 | LR: 0.000037
Epoch 7/100 | Batch 1700/43947 | Loss: 3.1974 | LR: 0.000037
Epoch 7/100 | Batch 1800/43947 | Loss: 3.1713 | LR: 0.000037
Epoch 7/100 | Batch 1900/43947 | Loss: 3.2490 | LR: 0.000037
Epoch 7/100 | Batch 2000/43947 | Loss: 3.3764 | LR: 0.000037
Epoch 7/100 | Batch 2100/43947 | Loss: 3.2169 | LR: 0.000037
Epoch 7/100 | Batch 2200/43947 | Loss: 3.2844 | LR: 0.000037
Epoch 7/100 | Batch 2300/43947 | Loss: 3.2176 | LR: 0.000037
Epoch 7/100 | Batch 2400/43947 | Loss: 3.2254 | LR: 0.000037
Epoch 7/100 | Batch 2500/43947 | Loss: 3.2673 | LR: 0.000037
Epoch 7/100 | Batch 2600/43947 | Loss: 3.2741 | LR: 0.000037
Epoch 7/100 | Batch 2700/43947 | Loss: 3.2892 | LR: 0.000037
Epoch 7/100 | Batch 2800/43947 | Loss: 3.2373 | LR: 0.000037
Epoch 7/100 | Batch 2900/43947 | Loss: 3.1991 | LR: 0.000037
Epoch 7/100 | Batch 3000/43947 | Loss: 3.1945 | LR: 0.000037
Epoch 7/100 | Batch 3100/43947 | Loss: 3.1685 | LR: 0.000037
Epoch 7/100 | Batch 3200/43947 | Loss: 3.2058 | LR: 0.000037
Epoch 7/100 | Batch 3300/43947 | Loss: 3.2073 | LR: 0.000037
Epoch 7/100 | Batch 3400/43947 | Loss: 3.1601 | LR: 0.000037
Epoch 7/100 | Batch 3500/43947 | Loss: 3.2827 | LR: 0.000037
Epoch 7/100 | Batch 3600/43947 | Loss: 3.1653 | LR: 0.000037
Epoch 7/100 | Batch 3700/43947 | Loss: 3.2576 | LR: 0.000037
Epoch 7/100 | Batch 3800/43947 | Loss: 3.3255 | LR: 0.000037
Epoch 7/100 | Batch 3900/43947 | Loss: 3.2300 | LR: 0.000037
Epoch 7/100 | Batch 4000/43947 | Loss: 3.2106 | LR: 0.000037
Epoch 7/100 | Batch 4100/43947 | Loss: 3.2981 | LR: 0.000037
Epoch 7/100 | Batch 4200/43947 | Loss: 3.2091 | LR: 0.000037
Epoch 7/100 | Batch 4300/43947 | Loss: 3.2410 | LR: 0.000037
Epoch 7/100 | Batch 4400/43947 | Loss: 3.2020 | LR: 0.000037
Epoch 7/100 | Batch 4500/43947 | Loss: 3.2550 | LR: 0.000037
Epoch 7/100 | Batch 4600/43947 | Loss: 3.2407 | LR: 0.000037
Epoch 7/100 | Batch 4700/43947 | Loss: 3.2695 | LR: 0.000037
Epoch 7/100 | Batch 4800/43947 | Loss: 3.2630 | LR: 0.000037
Epoch 7/100 | Batch 4900/43947 | Loss: 3.2343 | LR: 0.000037
Epoch 7/100 | Batch 5000/43947 | Loss: 3.1866 | LR: 0.000037
Epoch 7/100 | Batch 5100/43947 | Loss: 3.2976 | LR: 0.000037
Epoch 7/100 | Batch 5200/43947 | Loss: 3.2660 | LR: 0.000037
Epoch 7/100 | Batch 5300/43947 | Loss: 3.2436 | LR: 0.000037
Epoch 7/100 | Batch 5400/43947 | Loss: 3.1541 | LR: 0.000037
Epoch 7/100 | Batch 5500/43947 | Loss: 3.2253 | LR: 0.000037
Epoch 7/100 | Batch 5600/43947 | Loss: 3.2284 | LR: 0.000037
Epoch 7/100 | Batch 5700/43947 | Loss: 3.2310 | LR: 0.000037
Epoch 7/100 | Batch 5800/43947 | Loss: 3.1808 | LR: 0.000037
Epoch 7/100 | Batch 5900/43947 | Loss: 3.2178 | LR: 0.000037
Epoch 7/100 | Batch 6000/43947 | Loss: 3.2394 | LR: 0.000037
Epoch 7/100 | Batch 6100/43947 | Loss: 3.2402 | LR: 0.000037
Epoch 7/100 | Batch 6200/43947 | Loss: 3.2693 | LR: 0.000037
Epoch 7/100 | Batch 6300/43947 | Loss: 3.2269 | LR: 0.000037
Epoch 7/100 | Batch 6400/43947 | Loss: 3.3645 | LR: 0.000037
Epoch 7/100 | Batch 6500/43947 | Loss: 3.2624 | LR: 0.000037
Epoch 7/100 | Batch 6600/43947 | Loss: 3.1353 | LR: 0.000037
Epoch 7/100 | Batch 6700/43947 | Loss: 3.2313 | LR: 0.000037
Epoch 7/100 | Batch 6800/43947 | Loss: 3.3622 | LR: 0.000037
Epoch 7/100 | Batch 6900/43947 | Loss: 3.2486 | LR: 0.000037
Epoch 7/100 | Batch 7000/43947 | Loss: 3.2176 | LR: 0.000037
Epoch 7/100 | Batch 7100/43947 | Loss: 3.2547 | LR: 0.000037
Epoch 7/100 | Batch 7200/43947 | Loss: 3.2911 | LR: 0.000037
Epoch 7/100 | Batch 7300/43947 | Loss: 3.3148 | LR: 0.000037
Epoch 7/100 | Batch 7400/43947 | Loss: 3.2012 | LR: 0.000037
Epoch 7/100 | Batch 7500/43947 | Loss: 3.2061 | LR: 0.000037
Epoch 7/100 | Batch 7600/43947 | Loss: 3.1504 | LR: 0.000037
Epoch 7/100 | Batch 7700/43947 | Loss: 3.2629 | LR: 0.000037
Epoch 7/100 | Batch 7800/43947 | Loss: 3.2133 | LR: 0.000037
Epoch 7/100 | Batch 7900/43947 | Loss: 3.1734 | LR: 0.000037
Epoch 7/100 | Batch 8000/43947 | Loss: 3.2812 | LR: 0.000037
Epoch 7/100 | Batch 8100/43947 | Loss: 3.1967 | LR: 0.000037
Epoch 7/100 | Batch 8200/43947 | Loss: 3.2458 | LR: 0.000037
Epoch 7/100 | Batch 8300/43947 | Loss: 3.2230 | LR: 0.000037
Epoch 7/100 | Batch 8400/43947 | Loss: 3.2240 | LR: 0.000037
Epoch 7/100 | Batch 8500/43947 | Loss: 3.1576 | LR: 0.000037
Epoch 7/100 | Batch 8600/43947 | Loss: 3.2115 | LR: 0.000037
Epoch 7/100 | Batch 8700/43947 | Loss: 3.2473 | LR: 0.000037
Epoch 7/100 | Batch 8800/43947 | Loss: 3.2553 | LR: 0.000037
Epoch 7/100 | Batch 8900/43947 | Loss: 3.2463 | LR: 0.000037
Epoch 7/100 | Batch 9000/43947 | Loss: 3.2325 | LR: 0.000037
Epoch 7/100 | Batch 9100/43947 | Loss: 3.2066 | LR: 0.000037
Epoch 7/100 | Batch 9200/43947 | Loss: 3.2244 | LR: 0.000037
Epoch 7/100 | Batch 9300/43947 | Loss: 3.2043 | LR: 0.000037
Epoch 7/100 | Batch 9400/43947 | Loss: 3.1987 | LR: 0.000037
Epoch 7/100 | Batch 9500/43947 | Loss: 3.2643 | LR: 0.000037
Epoch 7/100 | Batch 9600/43947 | Loss: 3.2315 | LR: 0.000037
Epoch 7/100 | Batch 9700/43947 | Loss: 3.2002 | LR: 0.000037
Epoch 7/100 | Batch 9800/43947 | Loss: 3.2163 | LR: 0.000037
Epoch 7/100 | Batch 9900/43947 | Loss: 3.2164 | LR: 0.000037
Epoch 7/100 | Batch 10000/43947 | Loss: 3.2640 | LR: 0.000037
Epoch 7/100 | Batch 10100/43947 | Loss: 3.2526 | LR: 0.000037
Epoch 7/100 | Batch 10200/43947 | Loss: 3.2303 | LR: 0.000037
Epoch 7/100 | Batch 10300/43947 | Loss: 3.2731 | LR: 0.000037
Epoch 7/100 | Batch 10400/43947 | Loss: 3.2359 | LR: 0.000037
Epoch 7/100 | Batch 10500/43947 | Loss: 3.1949 | LR: 0.000037
Epoch 7/100 | Batch 10600/43947 | Loss: 3.2000 | LR: 0.000037
Epoch 7/100 | Batch 10700/43947 | Loss: 3.3157 | LR: 0.000037
Epoch 7/100 | Batch 10800/43947 | Loss: 3.2399 | LR: 0.000037
Epoch 7/100 | Batch 10900/43947 | Loss: 3.2694 | LR: 0.000037
Epoch 7/100 | Batch 11000/43947 | Loss: 3.3065 | LR: 0.000037
Epoch 7/100 | Batch 11100/43947 | Loss: 3.2216 | LR: 0.000037
Epoch 7/100 | Batch 11200/43947 | Loss: 3.1520 | LR: 0.000037
Epoch 7/100 | Batch 11300/43947 | Loss: 3.2763 | LR: 0.000037
Epoch 7/100 | Batch 11400/43947 | Loss: 3.2087 | LR: 0.000037
Epoch 7/100 | Batch 11500/43947 | Loss: 3.2773 | LR: 0.000037
Epoch 7/100 | Batch 11600/43947 | Loss: 3.2087 | LR: 0.000037
Epoch 7/100 | Batch 11700/43947 | Loss: 3.2077 | LR: 0.000037
Epoch 7/100 | Batch 11800/43947 | Loss: 3.3052 | LR: 0.000037
Epoch 7/100 | Batch 11900/43947 | Loss: 3.1961 | LR: 0.000037
Epoch 7/100 | Batch 12000/43947 | Loss: 3.2320 | LR: 0.000037
Epoch 7/100 | Batch 12100/43947 | Loss: 3.2415 | LR: 0.000037
Epoch 7/100 | Batch 12200/43947 | Loss: 3.2443 | LR: 0.000037
Epoch 7/100 | Batch 12300/43947 | Loss: 3.2144 | LR: 0.000037
Epoch 7/100 | Batch 12400/43947 | Loss: 3.2047 | LR: 0.000037
Epoch 7/100 | Batch 12500/43947 | Loss: 3.2120 | LR: 0.000037
Epoch 7/100 | Batch 12600/43947 | Loss: 3.3533 | LR: 0.000037
Epoch 7/100 | Batch 12700/43947 | Loss: 3.2413 | LR: 0.000037
Epoch 7/100 | Batch 12800/43947 | Loss: 3.1919 | LR: 0.000037
Epoch 7/100 | Batch 12900/43947 | Loss: 3.2210 | LR: 0.000037
Epoch 7/100 | Batch 13000/43947 | Loss: 3.1227 | LR: 0.000037
Epoch 7/100 | Batch 13100/43947 | Loss: 3.1892 | LR: 0.000037
Epoch 7/100 | Batch 13200/43947 | Loss: 3.2531 | LR: 0.000037
Epoch 7/100 | Batch 13300/43947 | Loss: 3.2168 | LR: 0.000037
Epoch 7/100 | Batch 13400/43947 | Loss: 3.2495 | LR: 0.000037
Epoch 7/100 | Batch 13500/43947 | Loss: 3.2254 | LR: 0.000037
Epoch 7/100 | Batch 13600/43947 | Loss: 3.1347 | LR: 0.000037
Epoch 7/100 | Batch 13700/43947 | Loss: 3.2598 | LR: 0.000037
Epoch 7/100 | Batch 13800/43947 | Loss: 3.1987 | LR: 0.000037
Epoch 7/100 | Batch 13900/43947 | Loss: 3.2234 | LR: 0.000037
Epoch 7/100 | Batch 14000/43947 | Loss: 3.2497 | LR: 0.000037
Epoch 7/100 | Batch 14100/43947 | Loss: 3.2010 | LR: 0.000037
Epoch 7/100 | Batch 14200/43947 | Loss: 3.2004 | LR: 0.000037
Epoch 7/100 | Batch 14300/43947 | Loss: 3.1959 | LR: 0.000037
Epoch 7/100 | Batch 14400/43947 | Loss: 3.2333 | LR: 0.000037
Epoch 7/100 | Batch 14500/43947 | Loss: 3.2125 | LR: 0.000037
Epoch 7/100 | Batch 14600/43947 | Loss: 3.2395 | LR: 0.000037
Epoch 7/100 | Batch 14700/43947 | Loss: 3.2318 | LR: 0.000037
Epoch 7/100 | Batch 14800/43947 | Loss: 3.2340 | LR: 0.000037
Epoch 7/100 | Batch 14900/43947 | Loss: 3.1967 | LR: 0.000037
Epoch 7/100 | Batch 15000/43947 | Loss: 3.2626 | LR: 0.000037
Epoch 7/100 | Batch 15100/43947 | Loss: 3.2809 | LR: 0.000037
Epoch 7/100 | Batch 15200/43947 | Loss: 3.2095 | LR: 0.000037
Epoch 7/100 | Batch 15300/43947 | Loss: 3.3447 | LR: 0.000037
Epoch 7/100 | Batch 15400/43947 | Loss: 3.2038 | LR: 0.000037
Epoch 7/100 | Batch 15500/43947 | Loss: 3.2548 | LR: 0.000037
Epoch 7/100 | Batch 15600/43947 | Loss: 3.1521 | LR: 0.000037
Epoch 7/100 | Batch 15700/43947 | Loss: 3.2940 | LR: 0.000037
Epoch 7/100 | Batch 15800/43947 | Loss: 3.1974 | LR: 0.000037
Epoch 7/100 | Batch 15900/43947 | Loss: 3.1965 | LR: 0.000037
Epoch 7/100 | Batch 16000/43947 | Loss: 3.2485 | LR: 0.000037
Epoch 7/100 | Batch 16100/43947 | Loss: 3.2244 | LR: 0.000037
Epoch 7/100 | Batch 16200/43947 | Loss: 3.1774 | LR: 0.000037
Epoch 7/100 | Batch 16300/43947 | Loss: 3.2440 | LR: 0.000037
Epoch 7/100 | Batch 16400/43947 | Loss: 3.2100 | LR: 0.000037
Epoch 7/100 | Batch 16500/43947 | Loss: 3.2375 | LR: 0.000037
Epoch 7/100 | Batch 16600/43947 | Loss: 3.2032 | LR: 0.000037
Epoch 7/100 | Batch 16700/43947 | Loss: 3.2680 | LR: 0.000037
Epoch 7/100 | Batch 16800/43947 | Loss: 3.3630 | LR: 0.000037
Epoch 7/100 | Batch 16900/43947 | Loss: 3.1691 | LR: 0.000037
Epoch 7/100 | Batch 17000/43947 | Loss: 3.2689 | LR: 0.000037
Epoch 7/100 | Batch 17100/43947 | Loss: 3.2723 | LR: 0.000037
Epoch 7/100 | Batch 17200/43947 | Loss: 3.2213 | LR: 0.000037
Epoch 7/100 | Batch 17300/43947 | Loss: 3.2455 | LR: 0.000037
Epoch 7/100 | Batch 17400/43947 | Loss: 3.2423 | LR: 0.000037
Epoch 7/100 | Batch 17500/43947 | Loss: 3.2385 | LR: 0.000037
Epoch 7/100 | Batch 17600/43947 | Loss: 3.1956 | LR: 0.000037
Epoch 7/100 | Batch 17700/43947 | Loss: 3.2178 | LR: 0.000037
Epoch 7/100 | Batch 17800/43947 | Loss: 3.2254 | LR: 0.000037
Epoch 7/100 | Batch 17900/43947 | Loss: 3.2389 | LR: 0.000037
Epoch 7/100 | Batch 18000/43947 | Loss: 3.2869 | LR: 0.000037
Epoch 7/100 | Batch 18100/43947 | Loss: 3.3013 | LR: 0.000037
Epoch 7/100 | Batch 18200/43947 | Loss: 3.2144 | LR: 0.000037
Epoch 7/100 | Batch 18300/43947 | Loss: 3.1751 | LR: 0.000037
Epoch 7/100 | Batch 18400/43947 | Loss: 3.1444 | LR: 0.000037
Epoch 7/100 | Batch 18500/43947 | Loss: 3.1865 | LR: 0.000037
Epoch 7/100 | Batch 18600/43947 | Loss: 3.2520 | LR: 0.000037
Epoch 7/100 | Batch 18700/43947 | Loss: 3.2196 | LR: 0.000037
Epoch 7/100 | Batch 18800/43947 | Loss: 3.2122 | LR: 0.000037
Epoch 7/100 | Batch 18900/43947 | Loss: 3.2838 | LR: 0.000037
Epoch 7/100 | Batch 19000/43947 | Loss: 3.2589 | LR: 0.000037
Epoch 7/100 | Batch 19100/43947 | Loss: 3.2536 | LR: 0.000037
Epoch 7/100 | Batch 19200/43947 | Loss: 3.1734 | LR: 0.000037
Epoch 7/100 | Batch 19300/43947 | Loss: 3.2180 | LR: 0.000037
Epoch 7/100 | Batch 19400/43947 | Loss: 3.2287 | LR: 0.000037
Epoch 7/100 | Batch 19500/43947 | Loss: 3.2180 | LR: 0.000037
Epoch 7/100 | Batch 19600/43947 | Loss: 3.2073 | LR: 0.000037
Epoch 7/100 | Batch 19700/43947 | Loss: 3.2021 | LR: 0.000037
Epoch 7/100 | Batch 19800/43947 | Loss: 3.2175 | LR: 0.000037
Epoch 7/100 | Batch 19900/43947 | Loss: 3.2012 | LR: 0.000037
Epoch 7/100 | Batch 20000/43947 | Loss: 3.2978 | LR: 0.000037
Epoch 7/100 | Batch 20100/43947 | Loss: 3.1862 | LR: 0.000037
Epoch 7/100 | Batch 20200/43947 | Loss: 3.1913 | LR: 0.000037
Epoch 7/100 | Batch 20300/43947 | Loss: 3.2444 | LR: 0.000037
Epoch 7/100 | Batch 20400/43947 | Loss: 3.2577 | LR: 0.000037
Epoch 7/100 | Batch 20500/43947 | Loss: 3.2498 | LR: 0.000037
Epoch 7/100 | Batch 20600/43947 | Loss: 3.2028 | LR: 0.000037
Epoch 7/100 | Batch 20700/43947 | Loss: 3.1275 | LR: 0.000037
Epoch 7/100 | Batch 20800/43947 | Loss: 3.1877 | LR: 0.000037
Epoch 7/100 | Batch 20900/43947 | Loss: 3.2147 | LR: 0.000037
Epoch 7/100 | Batch 21000/43947 | Loss: 3.2731 | LR: 0.000037
Epoch 7/100 | Batch 21100/43947 | Loss: 3.2614 | LR: 0.000037
Epoch 7/100 | Batch 21200/43947 | Loss: 3.1434 | LR: 0.000037
Epoch 7/100 | Batch 21300/43947 | Loss: 3.2209 | LR: 0.000037
Epoch 7/100 | Batch 21400/43947 | Loss: 3.2086 | LR: 0.000037
Epoch 7/100 | Batch 21500/43947 | Loss: 3.1575 | LR: 0.000037
Epoch 7/100 | Batch 21600/43947 | Loss: 3.1544 | LR: 0.000037
Epoch 7/100 | Batch 21700/43947 | Loss: 3.2967 | LR: 0.000037
Epoch 7/100 | Batch 21800/43947 | Loss: 3.2298 | LR: 0.000037
Epoch 7/100 | Batch 21900/43947 | Loss: 3.2694 | LR: 0.000037
Epoch 7/100 | Batch 22000/43947 | Loss: 3.1741 | LR: 0.000037
Epoch 7/100 | Batch 22100/43947 | Loss: 3.2532 | LR: 0.000037
Epoch 7/100 | Batch 22200/43947 | Loss: 3.2225 | LR: 0.000037
Epoch 7/100 | Batch 22300/43947 | Loss: 3.2705 | LR: 0.000037
Epoch 7/100 | Batch 22400/43947 | Loss: 3.2232 | LR: 0.000037
Epoch 7/100 | Batch 22500/43947 | Loss: 3.1948 | LR: 0.000037
Epoch 7/100 | Batch 22600/43947 | Loss: 3.2404 | LR: 0.000037
Epoch 7/100 | Batch 22700/43947 | Loss: 3.2387 | LR: 0.000037
Epoch 7/100 | Batch 22800/43947 | Loss: 3.2053 | LR: 0.000037
Epoch 7/100 | Batch 22900/43947 | Loss: 3.1977 | LR: 0.000037
Epoch 7/100 | Batch 23000/43947 | Loss: 3.1827 | LR: 0.000037
Epoch 7/100 | Batch 23100/43947 | Loss: 3.1992 | LR: 0.000037
Epoch 7/100 | Batch 23200/43947 | Loss: 3.1895 | LR: 0.000037
Epoch 7/100 | Batch 23300/43947 | Loss: 3.1911 | LR: 0.000037
Epoch 7/100 | Batch 23400/43947 | Loss: 3.1893 | LR: 0.000037
Epoch 7/100 | Batch 23500/43947 | Loss: 3.2195 | LR: 0.000037
Epoch 7/100 | Batch 23600/43947 | Loss: 3.3140 | LR: 0.000037
Epoch 7/100 | Batch 23700/43947 | Loss: 3.2421 | LR: 0.000037
Epoch 7/100 | Batch 23800/43947 | Loss: 3.2282 | LR: 0.000037
Epoch 7/100 | Batch 23900/43947 | Loss: 3.2402 | LR: 0.000037
Epoch 7/100 | Batch 24000/43947 | Loss: 3.2246 | LR: 0.000037
Epoch 7/100 | Batch 24100/43947 | Loss: 3.2119 | LR: 0.000037
Epoch 7/100 | Batch 24200/43947 | Loss: 3.1968 | LR: 0.000037
Epoch 7/100 | Batch 24300/43947 | Loss: 3.2320 | LR: 0.000037
Epoch 7/100 | Batch 24400/43947 | Loss: 3.2424 | LR: 0.000037
Epoch 7/100 | Batch 24500/43947 | Loss: 3.2556 | LR: 0.000037
Epoch 7/100 | Batch 24600/43947 | Loss: 3.2124 | LR: 0.000037
Epoch 7/100 | Batch 24700/43947 | Loss: 3.2311 | LR: 0.000037
Epoch 7/100 | Batch 24800/43947 | Loss: 3.1866 | LR: 0.000037
Epoch 7/100 | Batch 24900/43947 | Loss: 3.2642 | LR: 0.000037
Epoch 7/100 | Batch 25000/43947 | Loss: 3.2114 | LR: 0.000037
Epoch 7/100 | Batch 25100/43947 | Loss: 3.2505 | LR: 0.000037
Epoch 7/100 | Batch 25200/43947 | Loss: 3.2853 | LR: 0.000037
Epoch 7/100 | Batch 25300/43947 | Loss: 3.1711 | LR: 0.000037
Epoch 7/100 | Batch 25400/43947 | Loss: 3.2345 | LR: 0.000037
Epoch 7/100 | Batch 25500/43947 | Loss: 3.2954 | LR: 0.000037
Epoch 7/100 | Batch 25600/43947 | Loss: 3.2156 | LR: 0.000037
Epoch 7/100 | Batch 25700/43947 | Loss: 3.2382 | LR: 0.000037
Epoch 7/100 | Batch 25800/43947 | Loss: 3.1813 | LR: 0.000037
Epoch 7/100 | Batch 25900/43947 | Loss: 3.2832 | LR: 0.000037
Epoch 7/100 | Batch 26000/43947 | Loss: 3.2146 | LR: 0.000037
Epoch 7/100 | Batch 26100/43947 | Loss: 3.3159 | LR: 0.000037
Epoch 7/100 | Batch 26200/43947 | Loss: 3.2350 | LR: 0.000037
Epoch 7/100 | Batch 26300/43947 | Loss: 3.1927 | LR: 0.000037
Epoch 7/100 | Batch 26400/43947 | Loss: 3.2584 | LR: 0.000037
Epoch 7/100 | Batch 26500/43947 | Loss: 3.1922 | LR: 0.000037
Epoch 7/100 | Batch 26600/43947 | Loss: 3.2334 | LR: 0.000037
Epoch 7/100 | Batch 26700/43947 | Loss: 3.3063 | LR: 0.000037
Epoch 7/100 | Batch 26800/43947 | Loss: 3.2813 | LR: 0.000037
Epoch 7/100 | Batch 26900/43947 | Loss: 3.2174 | LR: 0.000037
Epoch 7/100 | Batch 27000/43947 | Loss: 3.2866 | LR: 0.000037
Epoch 7/100 | Batch 27100/43947 | Loss: 3.2109 | LR: 0.000037
Epoch 7/100 | Batch 27200/43947 | Loss: 3.2452 | LR: 0.000037
Epoch 7/100 | Batch 27300/43947 | Loss: 3.2043 | LR: 0.000037
Epoch 7/100 | Batch 27400/43947 | Loss: 3.2628 | LR: 0.000037
Epoch 7/100 | Batch 27500/43947 | Loss: 3.2147 | LR: 0.000037
Epoch 7/100 | Batch 27600/43947 | Loss: 3.1542 | LR: 0.000037
Epoch 7/100 | Batch 27700/43947 | Loss: 3.1471 | LR: 0.000037
Epoch 7/100 | Batch 27800/43947 | Loss: 3.2395 | LR: 0.000037
Epoch 7/100 | Batch 27900/43947 | Loss: 3.2187 | LR: 0.000037
Epoch 7/100 | Batch 28000/43947 | Loss: 3.1890 | LR: 0.000037
Epoch 7/100 | Batch 28100/43947 | Loss: 3.1970 | LR: 0.000037
Epoch 7/100 | Batch 28200/43947 | Loss: 3.2878 | LR: 0.000037
Epoch 7/100 | Batch 28300/43947 | Loss: 3.2093 | LR: 0.000037
Epoch 7/100 | Batch 28400/43947 | Loss: 3.2468 | LR: 0.000037
Epoch 7/100 | Batch 28500/43947 | Loss: 3.2282 | LR: 0.000037
Epoch 7/100 | Batch 28600/43947 | Loss: 3.2401 | LR: 0.000037
Epoch 7/100 | Batch 28700/43947 | Loss: 3.2326 | LR: 0.000037
Epoch 7/100 | Batch 28800/43947 | Loss: 3.1844 | LR: 0.000037
Epoch 7/100 | Batch 28900/43947 | Loss: 3.2591 | LR: 0.000037
Epoch 7/100 | Batch 29000/43947 | Loss: 3.2474 | LR: 0.000037
Epoch 7/100 | Batch 29100/43947 | Loss: 3.1688 | LR: 0.000037
Epoch 7/100 | Batch 29200/43947 | Loss: 3.2254 | LR: 0.000037
Epoch 7/100 | Batch 29300/43947 | Loss: 3.2482 | LR: 0.000037
Epoch 7/100 | Batch 29400/43947 | Loss: 3.1831 | LR: 0.000037
Epoch 7/100 | Batch 29500/43947 | Loss: 3.1993 | LR: 0.000037
Epoch 7/100 | Batch 29600/43947 | Loss: 3.2863 | LR: 0.000037
Epoch 7/100 | Batch 29700/43947 | Loss: 3.2574 | LR: 0.000037
Epoch 7/100 | Batch 29800/43947 | Loss: 3.2036 | LR: 0.000037
Epoch 7/100 | Batch 29900/43947 | Loss: 3.2120 | LR: 0.000037
Epoch 7/100 | Batch 30000/43947 | Loss: 3.3204 | LR: 0.000037
Epoch 7/100 | Batch 30100/43947 | Loss: 3.1906 | LR: 0.000037
Epoch 7/100 | Batch 30200/43947 | Loss: 3.2190 | LR: 0.000037
Epoch 7/100 | Batch 30300/43947 | Loss: 3.2350 | LR: 0.000037
Epoch 7/100 | Batch 30400/43947 | Loss: 3.2720 | LR: 0.000037
Epoch 7/100 | Batch 30500/43947 | Loss: 3.2438 | LR: 0.000037
Epoch 7/100 | Batch 30600/43947 | Loss: 3.2050 | LR: 0.000037
Epoch 7/100 | Batch 30700/43947 | Loss: 3.2336 | LR: 0.000037
Epoch 7/100 | Batch 30800/43947 | Loss: 3.2034 | LR: 0.000037
Epoch 7/100 | Batch 30900/43947 | Loss: 3.2249 | LR: 0.000037
Epoch 7/100 | Batch 31000/43947 | Loss: 3.2275 | LR: 0.000037
Epoch 7/100 | Batch 31100/43947 | Loss: 3.3248 | LR: 0.000037
Epoch 7/100 | Batch 31200/43947 | Loss: 3.2089 | LR: 0.000037
Epoch 7/100 | Batch 31300/43947 | Loss: 3.2334 | LR: 0.000037
Epoch 7/100 | Batch 31400/43947 | Loss: 3.1942 | LR: 0.000037
Epoch 7/100 | Batch 31500/43947 | Loss: 3.1549 | LR: 0.000037
Epoch 7/100 | Batch 31600/43947 | Loss: 3.2645 | LR: 0.000037
Epoch 7/100 | Batch 31700/43947 | Loss: 3.2028 | LR: 0.000037
Epoch 7/100 | Batch 31800/43947 | Loss: 3.2780 | LR: 0.000037
Epoch 7/100 | Batch 31900/43947 | Loss: 3.3235 | LR: 0.000037
Epoch 7/100 | Batch 32000/43947 | Loss: 3.1846 | LR: 0.000037
Epoch 7/100 | Batch 32100/43947 | Loss: 3.1950 | LR: 0.000037
Epoch 7/100 | Batch 32200/43947 | Loss: 3.2654 | LR: 0.000037
Epoch 7/100 | Batch 32300/43947 | Loss: 3.1654 | LR: 0.000037
Epoch 7/100 | Batch 32400/43947 | Loss: 3.2829 | LR: 0.000037
Epoch 7/100 | Batch 32500/43947 | Loss: 3.2940 | LR: 0.000037
Epoch 7/100 | Batch 32600/43947 | Loss: 3.1710 | LR: 0.000037
Epoch 7/100 | Batch 32700/43947 | Loss: 3.1917 | LR: 0.000037
Epoch 7/100 | Batch 32800/43947 | Loss: 3.2711 | LR: 0.000037
Epoch 7/100 | Batch 32900/43947 | Loss: 3.1937 | LR: 0.000037
Epoch 7/100 | Batch 33000/43947 | Loss: 3.2627 | LR: 0.000037
Epoch 7/100 | Batch 33100/43947 | Loss: 3.1939 | LR: 0.000037
Epoch 7/100 | Batch 33200/43947 | Loss: 3.2194 | LR: 0.000037
Epoch 7/100 | Batch 33300/43947 | Loss: 3.2905 | LR: 0.000037
Epoch 7/100 | Batch 33400/43947 | Loss: 3.1932 | LR: 0.000037
Epoch 7/100 | Batch 33500/43947 | Loss: 3.1655 | LR: 0.000037
Epoch 7/100 | Batch 33600/43947 | Loss: 3.1477 | LR: 0.000037
Epoch 7/100 | Batch 33700/43947 | Loss: 3.2180 | LR: 0.000037
Epoch 7/100 | Batch 33800/43947 | Loss: 3.2358 | LR: 0.000037
Epoch 7/100 | Batch 33900/43947 | Loss: 3.2826 | LR: 0.000037
Epoch 7/100 | Batch 34000/43947 | Loss: 3.1931 | LR: 0.000037
Epoch 7/100 | Batch 34100/43947 | Loss: 3.1850 | LR: 0.000037
Epoch 7/100 | Batch 34200/43947 | Loss: 3.2070 | LR: 0.000037
Epoch 7/100 | Batch 34300/43947 | Loss: 3.2512 | LR: 0.000037
Epoch 7/100 | Batch 34400/43947 | Loss: 3.1908 | LR: 0.000037
Epoch 7/100 | Batch 34500/43947 | Loss: 3.1925 | LR: 0.000037
Epoch 7/100 | Batch 34600/43947 | Loss: 3.2473 | LR: 0.000037
Epoch 7/100 | Batch 34700/43947 | Loss: 3.1754 | LR: 0.000037
Epoch 7/100 | Batch 34800/43947 | Loss: 3.2382 | LR: 0.000037
Epoch 7/100 | Batch 34900/43947 | Loss: 3.2630 | LR: 0.000037
Epoch 7/100 | Batch 35000/43947 | Loss: 3.2153 | LR: 0.000037
Epoch 7/100 | Batch 35100/43947 | Loss: 3.2256 | LR: 0.000037
Epoch 7/100 | Batch 35200/43947 | Loss: 3.2617 | LR: 0.000037
Epoch 7/100 | Batch 35300/43947 | Loss: 3.2559 | LR: 0.000037
Epoch 7/100 | Batch 35400/43947 | Loss: 3.1952 | LR: 0.000037
Epoch 7/100 | Batch 35500/43947 | Loss: 3.2237 | LR: 0.000037
Epoch 7/100 | Batch 35600/43947 | Loss: 3.2135 | LR: 0.000037
Epoch 7/100 | Batch 35700/43947 | Loss: 3.1880 | LR: 0.000037
Epoch 7/100 | Batch 35800/43947 | Loss: 3.1886 | LR: 0.000037
Epoch 7/100 | Batch 35900/43947 | Loss: 3.1893 | LR: 0.000037
Epoch 7/100 | Batch 36000/43947 | Loss: 3.2500 | LR: 0.000037
Epoch 7/100 | Batch 36100/43947 | Loss: 3.1868 | LR: 0.000037
Epoch 7/100 | Batch 36200/43947 | Loss: 3.2142 | LR: 0.000037
Epoch 7/100 | Batch 36300/43947 | Loss: 3.3273 | LR: 0.000037
Epoch 7/100 | Batch 36400/43947 | Loss: 3.1929 | LR: 0.000037
Epoch 7/100 | Batch 36500/43947 | Loss: 3.1655 | LR: 0.000037
Epoch 7/100 | Batch 36600/43947 | Loss: 3.2110 | LR: 0.000037
Epoch 7/100 | Batch 36700/43947 | Loss: 3.2341 | LR: 0.000037
Epoch 7/100 | Batch 36800/43947 | Loss: 3.1658 | LR: 0.000037
Epoch 7/100 | Batch 36900/43947 | Loss: 3.2035 | LR: 0.000037
Epoch 7/100 | Batch 37000/43947 | Loss: 3.1952 | LR: 0.000037
Epoch 7/100 | Batch 37100/43947 | Loss: 3.2656 | LR: 0.000037
Epoch 7/100 | Batch 37200/43947 | Loss: 3.1807 | LR: 0.000037
Epoch 7/100 | Batch 37300/43947 | Loss: 3.2917 | LR: 0.000037
Epoch 7/100 | Batch 37400/43947 | Loss: 3.2873 | LR: 0.000037
Epoch 7/100 | Batch 37500/43947 | Loss: 3.1621 | LR: 0.000037
Epoch 7/100 | Batch 37600/43947 | Loss: 3.1880 | LR: 0.000037
Epoch 7/100 | Batch 37700/43947 | Loss: 3.2031 | LR: 0.000037
Epoch 7/100 | Batch 37800/43947 | Loss: 3.2299 | LR: 0.000037
Epoch 7/100 | Batch 37900/43947 | Loss: 3.2434 | LR: 0.000037
Epoch 7/100 | Batch 38000/43947 | Loss: 3.2411 | LR: 0.000037
Epoch 7/100 | Batch 38100/43947 | Loss: 3.2107 | LR: 0.000037
Epoch 7/100 | Batch 38200/43947 | Loss: 3.1959 | LR: 0.000037
Epoch 7/100 | Batch 38300/43947 | Loss: 3.1455 | LR: 0.000037
Epoch 7/100 | Batch 38400/43947 | Loss: 3.1743 | LR: 0.000037
Epoch 7/100 | Batch 38500/43947 | Loss: 3.1583 | LR: 0.000037
Epoch 7/100 | Batch 38600/43947 | Loss: 3.2204 | LR: 0.000037
Epoch 7/100 | Batch 38700/43947 | Loss: 3.2519 | LR: 0.000037
Epoch 7/100 | Batch 38800/43947 | Loss: 3.2236 | LR: 0.000037
Epoch 7/100 | Batch 38900/43947 | Loss: 3.1651 | LR: 0.000037
Epoch 7/100 | Batch 39000/43947 | Loss: 3.2020 | LR: 0.000037
Epoch 7/100 | Batch 39100/43947 | Loss: 3.2490 | LR: 0.000037
Epoch 7/100 | Batch 39200/43947 | Loss: 3.2421 | LR: 0.000037
Epoch 7/100 | Batch 39300/43947 | Loss: 3.2027 | LR: 0.000037
Epoch 7/100 | Batch 39400/43947 | Loss: 3.2368 | LR: 0.000037
Epoch 7/100 | Batch 39500/43947 | Loss: 3.2109 | LR: 0.000037
Epoch 7/100 | Batch 39600/43947 | Loss: 3.1663 | LR: 0.000037
Epoch 7/100 | Batch 39700/43947 | Loss: 3.2382 | LR: 0.000037
Epoch 7/100 | Batch 39800/43947 | Loss: 3.2470 | LR: 0.000037
Epoch 7/100 | Batch 39900/43947 | Loss: 3.2004 | LR: 0.000037
Epoch 7/100 | Batch 40000/43947 | Loss: 3.1686 | LR: 0.000037
Epoch 7/100 | Batch 40100/43947 | Loss: 3.2330 | LR: 0.000037
Epoch 7/100 | Batch 40200/43947 | Loss: 3.2743 | LR: 0.000037
Epoch 7/100 | Batch 40300/43947 | Loss: 3.2064 | LR: 0.000037
Epoch 7/100 | Batch 40400/43947 | Loss: 3.2001 | LR: 0.000037
Epoch 7/100 | Batch 40500/43947 | Loss: 3.2187 | LR: 0.000037
Epoch 7/100 | Batch 40600/43947 | Loss: 3.1970 | LR: 0.000037
Epoch 7/100 | Batch 40700/43947 | Loss: 3.2288 | LR: 0.000037
Epoch 7/100 | Batch 40800/43947 | Loss: 3.1738 | LR: 0.000037
Epoch 7/100 | Batch 40900/43947 | Loss: 3.1701 | LR: 0.000037
Epoch 7/100 | Batch 41000/43947 | Loss: 3.1975 | LR: 0.000037
Epoch 7/100 | Batch 41100/43947 | Loss: 3.2474 | LR: 0.000037
Epoch 7/100 | Batch 41200/43947 | Loss: 3.1617 | LR: 0.000037
Epoch 7/100 | Batch 41300/43947 | Loss: 3.2409 | LR: 0.000037
Epoch 7/100 | Batch 41400/43947 | Loss: 3.1925 | LR: 0.000037
Epoch 7/100 | Batch 41500/43947 | Loss: 3.1979 | LR: 0.000037
Epoch 7/100 | Batch 41600/43947 | Loss: 3.1696 | LR: 0.000037
Epoch 7/100 | Batch 41700/43947 | Loss: 3.1778 | LR: 0.000037
Epoch 7/100 | Batch 41800/43947 | Loss: 3.2309 | LR: 0.000037
Epoch 7/100 | Batch 41900/43947 | Loss: 3.2354 | LR: 0.000037
Epoch 7/100 | Batch 42000/43947 | Loss: 3.1972 | LR: 0.000037
Epoch 7/100 | Batch 42100/43947 | Loss: 3.2308 | LR: 0.000037
Epoch 7/100 | Batch 42200/43947 | Loss: 3.2516 | LR: 0.000037
Epoch 7/100 | Batch 42300/43947 | Loss: 3.2188 | LR: 0.000037
Epoch 7/100 | Batch 42400/43947 | Loss: 3.1880 | LR: 0.000037
Epoch 7/100 | Batch 42500/43947 | Loss: 3.1780 | LR: 0.000037
Epoch 7/100 | Batch 42600/43947 | Loss: 3.1723 | LR: 0.000037
Epoch 7/100 | Batch 42700/43947 | Loss: 3.1808 | LR: 0.000037
Epoch 7/100 | Batch 42800/43947 | Loss: 3.1878 | LR: 0.000037
Epoch 7/100 | Batch 42900/43947 | Loss: 3.2599 | LR: 0.000037
Epoch 7/100 | Batch 43000/43947 | Loss: 3.1663 | LR: 0.000037
Epoch 7/100 | Batch 43100/43947 | Loss: 3.2971 | LR: 0.000037
Epoch 7/100 | Batch 43200/43947 | Loss: 3.3012 | LR: 0.000037
Epoch 7/100 | Batch 43300/43947 | Loss: 3.1950 | LR: 0.000037
Epoch 7/100 | Batch 43400/43947 | Loss: 3.1845 | LR: 0.000037
Epoch 7/100 | Batch 43500/43947 | Loss: 3.1934 | LR: 0.000037
Epoch 7/100 | Batch 43600/43947 | Loss: 3.2183 | LR: 0.000037
Epoch 7/100 | Batch 43700/43947 | Loss: 3.1837 | LR: 0.000037
Epoch 7/100 | Batch 43800/43947 | Loss: 3.1825 | LR: 0.000037
Epoch 7/100 | Batch 43900/43947 | Loss: 3.1768 | LR: 0.000037

Epoch 7/100 Summary:
Average Training Loss: 3.2277
Average Validation Loss: 3.1162
Best Validation Loss: 3.1162
Learning Rate: 0.000037
Epoch 8/100 | Batch 0/43947 | Loss: 3.3076 | LR: 0.000032
Epoch 8/100 | Batch 100/43947 | Loss: 3.1456 | LR: 0.000032
Epoch 8/100 | Batch 200/43947 | Loss: 3.2694 | LR: 0.000032
Epoch 8/100 | Batch 300/43947 | Loss: 3.1531 | LR: 0.000032
Epoch 8/100 | Batch 400/43947 | Loss: 3.2903 | LR: 0.000032
Epoch 8/100 | Batch 500/43947 | Loss: 3.2713 | LR: 0.000032
Epoch 8/100 | Batch 600/43947 | Loss: 3.2882 | LR: 0.000032
Epoch 8/100 | Batch 700/43947 | Loss: 3.2488 | LR: 0.000032
Epoch 8/100 | Batch 800/43947 | Loss: 3.2195 | LR: 0.000032
Epoch 8/100 | Batch 900/43947 | Loss: 3.2024 | LR: 0.000032
Epoch 8/100 | Batch 1000/43947 | Loss: 3.2476 | LR: 0.000032
Epoch 8/100 | Batch 1100/43947 | Loss: 3.3870 | LR: 0.000032
Epoch 8/100 | Batch 1200/43947 | Loss: 3.1910 | LR: 0.000032
Epoch 8/100 | Batch 1300/43947 | Loss: 3.2681 | LR: 0.000032
Epoch 8/100 | Batch 1400/43947 | Loss: 3.1709 | LR: 0.000032
Epoch 8/100 | Batch 1500/43947 | Loss: 3.2729 | LR: 0.000032
Epoch 8/100 | Batch 1600/43947 | Loss: 3.2728 | LR: 0.000032
Epoch 8/100 | Batch 1700/43947 | Loss: 3.1788 | LR: 0.000032
Epoch 8/100 | Batch 1800/43947 | Loss: 3.1599 | LR: 0.000032
Epoch 8/100 | Batch 1900/43947 | Loss: 3.2398 | LR: 0.000032
Epoch 8/100 | Batch 2000/43947 | Loss: 3.3555 | LR: 0.000032
Epoch 8/100 | Batch 2100/43947 | Loss: 3.2176 | LR: 0.000032
Epoch 8/100 | Batch 2200/43947 | Loss: 3.2573 | LR: 0.000032
Epoch 8/100 | Batch 2300/43947 | Loss: 3.2175 | LR: 0.000032
Epoch 8/100 | Batch 2400/43947 | Loss: 3.2013 | LR: 0.000032
Epoch 8/100 | Batch 2500/43947 | Loss: 3.2511 | LR: 0.000032
Epoch 8/100 | Batch 2600/43947 | Loss: 3.2671 | LR: 0.000032
Epoch 8/100 | Batch 2700/43947 | Loss: 3.2617 | LR: 0.000032
Epoch 8/100 | Batch 2800/43947 | Loss: 3.2146 | LR: 0.000032
Epoch 8/100 | Batch 2900/43947 | Loss: 3.1991 | LR: 0.000032
Epoch 8/100 | Batch 3000/43947 | Loss: 3.1931 | LR: 0.000032
Epoch 8/100 | Batch 3100/43947 | Loss: 3.1586 | LR: 0.000032
Epoch 8/100 | Batch 3200/43947 | Loss: 3.1850 | LR: 0.000032
Epoch 8/100 | Batch 3300/43947 | Loss: 3.1947 | LR: 0.000032
Epoch 8/100 | Batch 3400/43947 | Loss: 3.1504 | LR: 0.000032
Epoch 8/100 | Batch 3500/43947 | Loss: 3.2655 | LR: 0.000032
Epoch 8/100 | Batch 3600/43947 | Loss: 3.1604 | LR: 0.000032
Epoch 8/100 | Batch 3700/43947 | Loss: 3.2587 | LR: 0.000032
Epoch 8/100 | Batch 3800/43947 | Loss: 3.3082 | LR: 0.000032
Epoch 8/100 | Batch 3900/43947 | Loss: 3.2075 | LR: 0.000032
Epoch 8/100 | Batch 4000/43947 | Loss: 3.1955 | LR: 0.000032
Epoch 8/100 | Batch 4100/43947 | Loss: 3.2848 | LR: 0.000032
Epoch 8/100 | Batch 4200/43947 | Loss: 3.1917 | LR: 0.000032
Epoch 8/100 | Batch 4300/43947 | Loss: 3.2158 | LR: 0.000032
Epoch 8/100 | Batch 4400/43947 | Loss: 3.1974 | LR: 0.000032
Epoch 8/100 | Batch 4500/43947 | Loss: 3.2541 | LR: 0.000032
Epoch 8/100 | Batch 4600/43947 | Loss: 3.2260 | LR: 0.000032
Epoch 8/100 | Batch 4700/43947 | Loss: 3.2541 | LR: 0.000032
Epoch 8/100 | Batch 4800/43947 | Loss: 3.2308 | LR: 0.000032
Epoch 8/100 | Batch 4900/43947 | Loss: 3.2079 | LR: 0.000032
Epoch 8/100 | Batch 5000/43947 | Loss: 3.1860 | LR: 0.000032
Epoch 8/100 | Batch 5100/43947 | Loss: 3.2559 | LR: 0.000032
Epoch 8/100 | Batch 5200/43947 | Loss: 3.2625 | LR: 0.000032
Epoch 8/100 | Batch 5300/43947 | Loss: 3.2382 | LR: 0.000032
Epoch 8/100 | Batch 5400/43947 | Loss: 3.1497 | LR: 0.000032
Epoch 8/100 | Batch 5500/43947 | Loss: 3.2171 | LR: 0.000032
Epoch 8/100 | Batch 5600/43947 | Loss: 3.2204 | LR: 0.000032
Epoch 8/100 | Batch 5700/43947 | Loss: 3.2185 | LR: 0.000032
Epoch 8/100 | Batch 5800/43947 | Loss: 3.1709 | LR: 0.000032
Epoch 8/100 | Batch 5900/43947 | Loss: 3.1888 | LR: 0.000032
Epoch 8/100 | Batch 6000/43947 | Loss: 3.2351 | LR: 0.000032
Epoch 8/100 | Batch 6100/43947 | Loss: 3.2288 | LR: 0.000032
Epoch 8/100 | Batch 6200/43947 | Loss: 3.2521 | LR: 0.000032
Epoch 8/100 | Batch 6300/43947 | Loss: 3.2481 | LR: 0.000032
Epoch 8/100 | Batch 6400/43947 | Loss: 3.3369 | LR: 0.000032
Epoch 8/100 | Batch 6500/43947 | Loss: 3.2470 | LR: 0.000032
Epoch 8/100 | Batch 6600/43947 | Loss: 3.1174 | LR: 0.000032
Epoch 8/100 | Batch 6700/43947 | Loss: 3.2216 | LR: 0.000032
Epoch 8/100 | Batch 6800/43947 | Loss: 3.3682 | LR: 0.000032
Epoch 8/100 | Batch 6900/43947 | Loss: 3.2473 | LR: 0.000032
Epoch 8/100 | Batch 7000/43947 | Loss: 3.2268 | LR: 0.000032
Epoch 8/100 | Batch 7100/43947 | Loss: 3.2387 | LR: 0.000032
Epoch 8/100 | Batch 7200/43947 | Loss: 3.2704 | LR: 0.000032
Epoch 8/100 | Batch 7300/43947 | Loss: 3.2832 | LR: 0.000032
Epoch 8/100 | Batch 7400/43947 | Loss: 3.1838 | LR: 0.000032
Epoch 8/100 | Batch 7500/43947 | Loss: 3.2041 | LR: 0.000032
Epoch 8/100 | Batch 7600/43947 | Loss: 3.1286 | LR: 0.000032
Epoch 8/100 | Batch 7700/43947 | Loss: 3.2481 | LR: 0.000032
Epoch 8/100 | Batch 7800/43947 | Loss: 3.2181 | LR: 0.000032
Epoch 8/100 | Batch 7900/43947 | Loss: 3.1808 | LR: 0.000032
Epoch 8/100 | Batch 8000/43947 | Loss: 3.2646 | LR: 0.000032
Epoch 8/100 | Batch 8100/43947 | Loss: 3.1916 | LR: 0.000032
Epoch 8/100 | Batch 8200/43947 | Loss: 3.2425 | LR: 0.000032
Epoch 8/100 | Batch 8300/43947 | Loss: 3.2134 | LR: 0.000032
Epoch 8/100 | Batch 8400/43947 | Loss: 3.2317 | LR: 0.000032
Epoch 8/100 | Batch 8500/43947 | Loss: 3.1322 | LR: 0.000032
Epoch 8/100 | Batch 8600/43947 | Loss: 3.1898 | LR: 0.000032
Epoch 8/100 | Batch 8700/43947 | Loss: 3.2340 | LR: 0.000032
Epoch 8/100 | Batch 8800/43947 | Loss: 3.2383 | LR: 0.000032
Epoch 8/100 | Batch 8900/43947 | Loss: 3.2184 | LR: 0.000032
Epoch 8/100 | Batch 9000/43947 | Loss: 3.2390 | LR: 0.000032
Epoch 8/100 | Batch 9100/43947 | Loss: 3.1926 | LR: 0.000032
Epoch 8/100 | Batch 9200/43947 | Loss: 3.2115 | LR: 0.000032
Epoch 8/100 | Batch 9300/43947 | Loss: 3.2130 | LR: 0.000032
Epoch 8/100 | Batch 9400/43947 | Loss: 3.2066 | LR: 0.000032
Epoch 8/100 | Batch 9500/43947 | Loss: 3.2221 | LR: 0.000032
Epoch 8/100 | Batch 9600/43947 | Loss: 3.2072 | LR: 0.000032
Epoch 8/100 | Batch 9700/43947 | Loss: 3.1818 | LR: 0.000032
Epoch 8/100 | Batch 9800/43947 | Loss: 3.2095 | LR: 0.000032
Epoch 8/100 | Batch 9900/43947 | Loss: 3.2251 | LR: 0.000032
Epoch 8/100 | Batch 10000/43947 | Loss: 3.2627 | LR: 0.000032
Epoch 8/100 | Batch 10100/43947 | Loss: 3.2491 | LR: 0.000032
Epoch 8/100 | Batch 10200/43947 | Loss: 3.2403 | LR: 0.000032
Epoch 8/100 | Batch 10300/43947 | Loss: 3.2607 | LR: 0.000032
Epoch 8/100 | Batch 10400/43947 | Loss: 3.2259 | LR: 0.000032
Epoch 8/100 | Batch 10500/43947 | Loss: 3.1901 | LR: 0.000032
Epoch 8/100 | Batch 10600/43947 | Loss: 3.2179 | LR: 0.000032
Epoch 8/100 | Batch 10700/43947 | Loss: 3.2909 | LR: 0.000032
Epoch 8/100 | Batch 10800/43947 | Loss: 3.2157 | LR: 0.000032
Epoch 8/100 | Batch 10900/43947 | Loss: 3.2614 | LR: 0.000032
Epoch 8/100 | Batch 11000/43947 | Loss: 3.3033 | LR: 0.000032
Epoch 8/100 | Batch 11100/43947 | Loss: 3.1833 | LR: 0.000032
Epoch 8/100 | Batch 11200/43947 | Loss: 3.1497 | LR: 0.000032
Epoch 8/100 | Batch 11300/43947 | Loss: 3.2667 | LR: 0.000032
Epoch 8/100 | Batch 11400/43947 | Loss: 3.1909 | LR: 0.000032
Epoch 8/100 | Batch 11500/43947 | Loss: 3.2631 | LR: 0.000032
Epoch 8/100 | Batch 11600/43947 | Loss: 3.1976 | LR: 0.000032
Epoch 8/100 | Batch 11700/43947 | Loss: 3.2256 | LR: 0.000032
Epoch 8/100 | Batch 11800/43947 | Loss: 3.2933 | LR: 0.000032
Epoch 8/100 | Batch 11900/43947 | Loss: 3.1809 | LR: 0.000032
Epoch 8/100 | Batch 12000/43947 | Loss: 3.2251 | LR: 0.000032
Epoch 8/100 | Batch 12100/43947 | Loss: 3.2389 | LR: 0.000032
Epoch 8/100 | Batch 12200/43947 | Loss: 3.2482 | LR: 0.000032
Epoch 8/100 | Batch 12300/43947 | Loss: 3.2175 | LR: 0.000032
Epoch 8/100 | Batch 12400/43947 | Loss: 3.1849 | LR: 0.000032
Epoch 8/100 | Batch 12500/43947 | Loss: 3.2087 | LR: 0.000032
Epoch 8/100 | Batch 12600/43947 | Loss: 3.3487 | LR: 0.000032
Epoch 8/100 | Batch 12700/43947 | Loss: 3.2488 | LR: 0.000032
Epoch 8/100 | Batch 12800/43947 | Loss: 3.1917 | LR: 0.000032
Epoch 8/100 | Batch 12900/43947 | Loss: 3.2202 | LR: 0.000032
Epoch 8/100 | Batch 13000/43947 | Loss: 3.1351 | LR: 0.000032
Epoch 8/100 | Batch 13100/43947 | Loss: 3.1798 | LR: 0.000032
Epoch 8/100 | Batch 13200/43947 | Loss: 3.2342 | LR: 0.000032
Epoch 8/100 | Batch 13300/43947 | Loss: 3.1863 | LR: 0.000032
Epoch 8/100 | Batch 13400/43947 | Loss: 3.2264 | LR: 0.000032
Epoch 8/100 | Batch 13500/43947 | Loss: 3.2266 | LR: 0.000032
Epoch 8/100 | Batch 13600/43947 | Loss: 3.1217 | LR: 0.000032
Epoch 8/100 | Batch 13700/43947 | Loss: 3.2662 | LR: 0.000032
Epoch 8/100 | Batch 13800/43947 | Loss: 3.1965 | LR: 0.000032
Epoch 8/100 | Batch 13900/43947 | Loss: 3.2030 | LR: 0.000032
Epoch 8/100 | Batch 14000/43947 | Loss: 3.2460 | LR: 0.000032
Epoch 8/100 | Batch 14100/43947 | Loss: 3.1977 | LR: 0.000032
Epoch 8/100 | Batch 14200/43947 | Loss: 3.2093 | LR: 0.000032
Epoch 8/100 | Batch 14300/43947 | Loss: 3.1877 | LR: 0.000032
Epoch 8/100 | Batch 14400/43947 | Loss: 3.2265 | LR: 0.000032
Epoch 8/100 | Batch 14500/43947 | Loss: 3.2222 | LR: 0.000032
Epoch 8/100 | Batch 14600/43947 | Loss: 3.2322 | LR: 0.000032
Epoch 8/100 | Batch 14700/43947 | Loss: 3.2188 | LR: 0.000032
Epoch 8/100 | Batch 14800/43947 | Loss: 3.2221 | LR: 0.000032
Epoch 8/100 | Batch 14900/43947 | Loss: 3.1987 | LR: 0.000032
Epoch 8/100 | Batch 15000/43947 | Loss: 3.2507 | LR: 0.000032
Epoch 8/100 | Batch 15100/43947 | Loss: 3.2550 | LR: 0.000032
Epoch 8/100 | Batch 15200/43947 | Loss: 3.2023 | LR: 0.000032
Epoch 8/100 | Batch 15300/43947 | Loss: 3.3389 | LR: 0.000032
Epoch 8/100 | Batch 15400/43947 | Loss: 3.2174 | LR: 0.000032
Epoch 8/100 | Batch 15500/43947 | Loss: 3.2495 | LR: 0.000032
Epoch 8/100 | Batch 15600/43947 | Loss: 3.1380 | LR: 0.000032
Epoch 8/100 | Batch 15700/43947 | Loss: 3.2820 | LR: 0.000032
Epoch 8/100 | Batch 15800/43947 | Loss: 3.1834 | LR: 0.000032
Epoch 8/100 | Batch 15900/43947 | Loss: 3.1763 | LR: 0.000032
Epoch 8/100 | Batch 16000/43947 | Loss: 3.2285 | LR: 0.000032
Epoch 8/100 | Batch 16100/43947 | Loss: 3.1953 | LR: 0.000032
Epoch 8/100 | Batch 16200/43947 | Loss: 3.1711 | LR: 0.000032
Epoch 8/100 | Batch 16300/43947 | Loss: 3.2632 | LR: 0.000032
Epoch 8/100 | Batch 16400/43947 | Loss: 3.1961 | LR: 0.000032
Epoch 8/100 | Batch 16500/43947 | Loss: 3.2026 | LR: 0.000032
Epoch 8/100 | Batch 16600/43947 | Loss: 3.1950 | LR: 0.000032
Epoch 8/100 | Batch 16700/43947 | Loss: 3.2461 | LR: 0.000032
Epoch 8/100 | Batch 16800/43947 | Loss: 3.3255 | LR: 0.000032
Epoch 8/100 | Batch 16900/43947 | Loss: 3.1566 | LR: 0.000032
Epoch 8/100 | Batch 17000/43947 | Loss: 3.2429 | LR: 0.000032
Epoch 8/100 | Batch 17100/43947 | Loss: 3.2534 | LR: 0.000032
Epoch 8/100 | Batch 17200/43947 | Loss: 3.1926 | LR: 0.000032
Epoch 8/100 | Batch 17300/43947 | Loss: 3.2316 | LR: 0.000032
Epoch 8/100 | Batch 17400/43947 | Loss: 3.2265 | LR: 0.000032
Epoch 8/100 | Batch 17500/43947 | Loss: 3.2310 | LR: 0.000032
Epoch 8/100 | Batch 17600/43947 | Loss: 3.1752 | LR: 0.000032
Epoch 8/100 | Batch 17700/43947 | Loss: 3.2054 | LR: 0.000032
Epoch 8/100 | Batch 17800/43947 | Loss: 3.2126 | LR: 0.000032
Epoch 8/100 | Batch 17900/43947 | Loss: 3.2308 | LR: 0.000032
Epoch 8/100 | Batch 18000/43947 | Loss: 3.2788 | LR: 0.000032
Epoch 8/100 | Batch 18100/43947 | Loss: 3.3018 | LR: 0.000032
Epoch 8/100 | Batch 18200/43947 | Loss: 3.1973 | LR: 0.000032
Epoch 8/100 | Batch 18300/43947 | Loss: 3.1572 | LR: 0.000032
Epoch 8/100 | Batch 18400/43947 | Loss: 3.1291 | LR: 0.000032
Epoch 8/100 | Batch 18500/43947 | Loss: 3.1814 | LR: 0.000032
Epoch 8/100 | Batch 18600/43947 | Loss: 3.2494 | LR: 0.000032
Epoch 8/100 | Batch 18700/43947 | Loss: 3.2095 | LR: 0.000032
Epoch 8/100 | Batch 18800/43947 | Loss: 3.2134 | LR: 0.000032
Epoch 8/100 | Batch 18900/43947 | Loss: 3.2559 | LR: 0.000032
Epoch 8/100 | Batch 19000/43947 | Loss: 3.2488 | LR: 0.000032
Epoch 8/100 | Batch 19100/43947 | Loss: 3.2503 | LR: 0.000032
Epoch 8/100 | Batch 19200/43947 | Loss: 3.1682 | LR: 0.000032
Epoch 8/100 | Batch 19300/43947 | Loss: 3.2158 | LR: 0.000032
Epoch 8/100 | Batch 19400/43947 | Loss: 3.1932 | LR: 0.000032
Epoch 8/100 | Batch 19500/43947 | Loss: 3.1870 | LR: 0.000032
Epoch 8/100 | Batch 19600/43947 | Loss: 3.1806 | LR: 0.000032
Epoch 8/100 | Batch 19700/43947 | Loss: 3.1963 | LR: 0.000032
Epoch 8/100 | Batch 19800/43947 | Loss: 3.2029 | LR: 0.000032
Epoch 8/100 | Batch 19900/43947 | Loss: 3.2064 | LR: 0.000032
Epoch 8/100 | Batch 20000/43947 | Loss: 3.2852 | LR: 0.000032
Epoch 8/100 | Batch 20100/43947 | Loss: 3.1806 | LR: 0.000032
Epoch 8/100 | Batch 20200/43947 | Loss: 3.1907 | LR: 0.000032
Epoch 8/100 | Batch 20300/43947 | Loss: 3.2349 | LR: 0.000032
Epoch 8/100 | Batch 20400/43947 | Loss: 3.2323 | LR: 0.000032
Epoch 8/100 | Batch 20500/43947 | Loss: 3.2636 | LR: 0.000032
Epoch 8/100 | Batch 20600/43947 | Loss: 3.1646 | LR: 0.000032
Epoch 8/100 | Batch 20700/43947 | Loss: 3.1183 | LR: 0.000032
Epoch 8/100 | Batch 20800/43947 | Loss: 3.1700 | LR: 0.000032
Epoch 8/100 | Batch 20900/43947 | Loss: 3.2058 | LR: 0.000032
Epoch 8/100 | Batch 21000/43947 | Loss: 3.2617 | LR: 0.000032
Epoch 8/100 | Batch 21100/43947 | Loss: 3.2262 | LR: 0.000032
Epoch 8/100 | Batch 21200/43947 | Loss: 3.1381 | LR: 0.000032
Epoch 8/100 | Batch 21300/43947 | Loss: 3.2144 | LR: 0.000032
Epoch 8/100 | Batch 21400/43947 | Loss: 3.2266 | LR: 0.000032
Epoch 8/100 | Batch 21500/43947 | Loss: 3.1532 | LR: 0.000032
Epoch 8/100 | Batch 21600/43947 | Loss: 3.1471 | LR: 0.000032
Epoch 8/100 | Batch 21700/43947 | Loss: 3.2870 | LR: 0.000032
Epoch 8/100 | Batch 21800/43947 | Loss: 3.2176 | LR: 0.000032
Epoch 8/100 | Batch 21900/43947 | Loss: 3.2804 | LR: 0.000032
Epoch 8/100 | Batch 22000/43947 | Loss: 3.1466 | LR: 0.000032
Epoch 8/100 | Batch 22100/43947 | Loss: 3.2624 | LR: 0.000032
Epoch 8/100 | Batch 22200/43947 | Loss: 3.2219 | LR: 0.000032
Epoch 8/100 | Batch 22300/43947 | Loss: 3.2693 | LR: 0.000032
Epoch 8/100 | Batch 22400/43947 | Loss: 3.2177 | LR: 0.000032
Epoch 8/100 | Batch 22500/43947 | Loss: 3.1917 | LR: 0.000032
Epoch 8/100 | Batch 22600/43947 | Loss: 3.2284 | LR: 0.000032
Epoch 8/100 | Batch 22700/43947 | Loss: 3.2365 | LR: 0.000032
Epoch 8/100 | Batch 22800/43947 | Loss: 3.2091 | LR: 0.000032
Epoch 8/100 | Batch 22900/43947 | Loss: 3.1919 | LR: 0.000032
Epoch 8/100 | Batch 23000/43947 | Loss: 3.1827 | LR: 0.000032
Epoch 8/100 | Batch 23100/43947 | Loss: 3.1799 | LR: 0.000032
Epoch 8/100 | Batch 23200/43947 | Loss: 3.1635 | LR: 0.000032
Epoch 8/100 | Batch 23300/43947 | Loss: 3.1921 | LR: 0.000032
Epoch 8/100 | Batch 23400/43947 | Loss: 3.1761 | LR: 0.000032
Epoch 8/100 | Batch 23500/43947 | Loss: 3.2080 | LR: 0.000032
Epoch 8/100 | Batch 23600/43947 | Loss: 3.3096 | LR: 0.000032
Epoch 8/100 | Batch 23700/43947 | Loss: 3.2350 | LR: 0.000032
Epoch 8/100 | Batch 23800/43947 | Loss: 3.2012 | LR: 0.000032
Epoch 8/100 | Batch 23900/43947 | Loss: 3.2166 | LR: 0.000032
Epoch 8/100 | Batch 24000/43947 | Loss: 3.2186 | LR: 0.000032
Epoch 8/100 | Batch 24100/43947 | Loss: 3.2042 | LR: 0.000032
Epoch 8/100 | Batch 24200/43947 | Loss: 3.1978 | LR: 0.000032
Epoch 8/100 | Batch 24300/43947 | Loss: 3.2093 | LR: 0.000032
Epoch 8/100 | Batch 24400/43947 | Loss: 3.2026 | LR: 0.000032
Epoch 8/100 | Batch 24500/43947 | Loss: 3.2379 | LR: 0.000032
Epoch 8/100 | Batch 24600/43947 | Loss: 3.1930 | LR: 0.000032
Epoch 8/100 | Batch 24700/43947 | Loss: 3.2485 | LR: 0.000032
Epoch 8/100 | Batch 24800/43947 | Loss: 3.1841 | LR: 0.000032
Epoch 8/100 | Batch 24900/43947 | Loss: 3.2575 | LR: 0.000032
Epoch 8/100 | Batch 25000/43947 | Loss: 3.1946 | LR: 0.000032
Epoch 8/100 | Batch 25100/43947 | Loss: 3.2552 | LR: 0.000032
Epoch 8/100 | Batch 25200/43947 | Loss: 3.2662 | LR: 0.000032
Epoch 8/100 | Batch 25300/43947 | Loss: 3.1651 | LR: 0.000032
Epoch 8/100 | Batch 25400/43947 | Loss: 3.2370 | LR: 0.000032
Epoch 8/100 | Batch 25500/43947 | Loss: 3.2915 | LR: 0.000032
Epoch 8/100 | Batch 25600/43947 | Loss: 3.1934 | LR: 0.000032
Epoch 8/100 | Batch 25700/43947 | Loss: 3.2421 | LR: 0.000032
Epoch 8/100 | Batch 25800/43947 | Loss: 3.1788 | LR: 0.000032
Epoch 8/100 | Batch 25900/43947 | Loss: 3.2748 | LR: 0.000032
Epoch 8/100 | Batch 26000/43947 | Loss: 3.2118 | LR: 0.000032
Epoch 8/100 | Batch 26100/43947 | Loss: 3.2972 | LR: 0.000032
Epoch 8/100 | Batch 26200/43947 | Loss: 3.2305 | LR: 0.000032
Epoch 8/100 | Batch 26300/43947 | Loss: 3.1884 | LR: 0.000032
Epoch 8/100 | Batch 26400/43947 | Loss: 3.2344 | LR: 0.000032
Epoch 8/100 | Batch 26500/43947 | Loss: 3.1994 | LR: 0.000032
Epoch 8/100 | Batch 26600/43947 | Loss: 3.2219 | LR: 0.000032
Epoch 8/100 | Batch 26700/43947 | Loss: 3.3165 | LR: 0.000032
Epoch 8/100 | Batch 26800/43947 | Loss: 3.2866 | LR: 0.000032
Epoch 8/100 | Batch 26900/43947 | Loss: 3.2126 | LR: 0.000032
Epoch 8/100 | Batch 27000/43947 | Loss: 3.2715 | LR: 0.000032
Epoch 8/100 | Batch 27100/43947 | Loss: 3.2051 | LR: 0.000032
Epoch 8/100 | Batch 27200/43947 | Loss: 3.2410 | LR: 0.000032
Epoch 8/100 | Batch 27300/43947 | Loss: 3.1622 | LR: 0.000032
Epoch 8/100 | Batch 27400/43947 | Loss: 3.2543 | LR: 0.000032
Epoch 8/100 | Batch 27500/43947 | Loss: 3.1967 | LR: 0.000032
Epoch 8/100 | Batch 27600/43947 | Loss: 3.1247 | LR: 0.000032
Epoch 8/100 | Batch 27700/43947 | Loss: 3.1549 | LR: 0.000032
Epoch 8/100 | Batch 27800/43947 | Loss: 3.2349 | LR: 0.000032
Epoch 8/100 | Batch 27900/43947 | Loss: 3.2447 | LR: 0.000032
Epoch 8/100 | Batch 28000/43947 | Loss: 3.1941 | LR: 0.000032
Epoch 8/100 | Batch 28100/43947 | Loss: 3.1968 | LR: 0.000032
Epoch 8/100 | Batch 28200/43947 | Loss: 3.2808 | LR: 0.000032
Epoch 8/100 | Batch 28300/43947 | Loss: 3.1904 | LR: 0.000032
Epoch 8/100 | Batch 28400/43947 | Loss: 3.2199 | LR: 0.000032
Epoch 8/100 | Batch 28500/43947 | Loss: 3.2124 | LR: 0.000032
Epoch 8/100 | Batch 28600/43947 | Loss: 3.2505 | LR: 0.000032
Epoch 8/100 | Batch 28700/43947 | Loss: 3.2378 | LR: 0.000032
Epoch 8/100 | Batch 28800/43947 | Loss: 3.1794 | LR: 0.000032
Epoch 8/100 | Batch 28900/43947 | Loss: 3.2464 | LR: 0.000032
Epoch 8/100 | Batch 29000/43947 | Loss: 3.2263 | LR: 0.000032
Epoch 8/100 | Batch 29100/43947 | Loss: 3.1503 | LR: 0.000032
Epoch 8/100 | Batch 29200/43947 | Loss: 3.2216 | LR: 0.000032
Epoch 8/100 | Batch 29300/43947 | Loss: 3.2494 | LR: 0.000032
Epoch 8/100 | Batch 29400/43947 | Loss: 3.1673 | LR: 0.000032
Epoch 8/100 | Batch 29500/43947 | Loss: 3.1843 | LR: 0.000032
Epoch 8/100 | Batch 29600/43947 | Loss: 3.2707 | LR: 0.000032
Epoch 8/100 | Batch 29700/43947 | Loss: 3.2475 | LR: 0.000032
Epoch 8/100 | Batch 29800/43947 | Loss: 3.2051 | LR: 0.000032
Epoch 8/100 | Batch 29900/43947 | Loss: 3.2018 | LR: 0.000032
Epoch 8/100 | Batch 30000/43947 | Loss: 3.3150 | LR: 0.000032
Epoch 8/100 | Batch 30100/43947 | Loss: 3.1971 | LR: 0.000032
Epoch 8/100 | Batch 30200/43947 | Loss: 3.2031 | LR: 0.000032
Epoch 8/100 | Batch 30300/43947 | Loss: 3.2091 | LR: 0.000032
Epoch 8/100 | Batch 30400/43947 | Loss: 3.2659 | LR: 0.000032
Epoch 8/100 | Batch 30500/43947 | Loss: 3.2309 | LR: 0.000032
Epoch 8/100 | Batch 30600/43947 | Loss: 3.2020 | LR: 0.000032
Epoch 8/100 | Batch 30700/43947 | Loss: 3.2296 | LR: 0.000032
Epoch 8/100 | Batch 30800/43947 | Loss: 3.2056 | LR: 0.000032
Epoch 8/100 | Batch 30900/43947 | Loss: 3.2322 | LR: 0.000032
Epoch 8/100 | Batch 31000/43947 | Loss: 3.2188 | LR: 0.000032
Epoch 8/100 | Batch 31100/43947 | Loss: 3.3085 | LR: 0.000032
Epoch 8/100 | Batch 31200/43947 | Loss: 3.2010 | LR: 0.000032
Epoch 8/100 | Batch 31300/43947 | Loss: 3.2196 | LR: 0.000032
Epoch 8/100 | Batch 31400/43947 | Loss: 3.1871 | LR: 0.000032
Epoch 8/100 | Batch 31500/43947 | Loss: 3.1473 | LR: 0.000032
Epoch 8/100 | Batch 31600/43947 | Loss: 3.2469 | LR: 0.000032
Epoch 8/100 | Batch 31700/43947 | Loss: 3.1664 | LR: 0.000032
Epoch 8/100 | Batch 31800/43947 | Loss: 3.2632 | LR: 0.000032
Epoch 8/100 | Batch 31900/43947 | Loss: 3.2982 | LR: 0.000032
Epoch 8/100 | Batch 32000/43947 | Loss: 3.1689 | LR: 0.000032
Epoch 8/100 | Batch 32100/43947 | Loss: 3.2028 | LR: 0.000032
Epoch 8/100 | Batch 32200/43947 | Loss: 3.2431 | LR: 0.000032
Epoch 8/100 | Batch 32300/43947 | Loss: 3.1577 | LR: 0.000032
Epoch 8/100 | Batch 32400/43947 | Loss: 3.2765 | LR: 0.000032
Epoch 8/100 | Batch 32500/43947 | Loss: 3.2676 | LR: 0.000032
Epoch 8/100 | Batch 32600/43947 | Loss: 3.1623 | LR: 0.000032
Epoch 8/100 | Batch 32700/43947 | Loss: 3.1916 | LR: 0.000032
Epoch 8/100 | Batch 32800/43947 | Loss: 3.2617 | LR: 0.000032
Epoch 8/100 | Batch 32900/43947 | Loss: 3.1926 | LR: 0.000032
Epoch 8/100 | Batch 33000/43947 | Loss: 3.2280 | LR: 0.000032
Epoch 8/100 | Batch 33100/43947 | Loss: 3.1899 | LR: 0.000032
Epoch 8/100 | Batch 33200/43947 | Loss: 3.1999 | LR: 0.000032
Epoch 8/100 | Batch 33300/43947 | Loss: 3.2715 | LR: 0.000032
Epoch 8/100 | Batch 33400/43947 | Loss: 3.1759 | LR: 0.000032
Epoch 8/100 | Batch 33500/43947 | Loss: 3.1619 | LR: 0.000032
Epoch 8/100 | Batch 33600/43947 | Loss: 3.1334 | LR: 0.000032
Epoch 8/100 | Batch 33700/43947 | Loss: 3.1844 | LR: 0.000032
Epoch 8/100 | Batch 33800/43947 | Loss: 3.2118 | LR: 0.000032
Epoch 8/100 | Batch 33900/43947 | Loss: 3.2770 | LR: 0.000032
Epoch 8/100 | Batch 34000/43947 | Loss: 3.1816 | LR: 0.000032
Epoch 8/100 | Batch 34100/43947 | Loss: 3.1929 | LR: 0.000032
Epoch 8/100 | Batch 34200/43947 | Loss: 3.1989 | LR: 0.000032
Epoch 8/100 | Batch 34300/43947 | Loss: 3.2524 | LR: 0.000032
Epoch 8/100 | Batch 34400/43947 | Loss: 3.1984 | LR: 0.000032
Epoch 8/100 | Batch 34500/43947 | Loss: 3.1648 | LR: 0.000032
Epoch 8/100 | Batch 34600/43947 | Loss: 3.2218 | LR: 0.000032
Epoch 8/100 | Batch 34700/43947 | Loss: 3.1840 | LR: 0.000032
Epoch 8/100 | Batch 34800/43947 | Loss: 3.2281 | LR: 0.000032
Epoch 8/100 | Batch 34900/43947 | Loss: 3.2560 | LR: 0.000032
Epoch 8/100 | Batch 35000/43947 | Loss: 3.2174 | LR: 0.000032
Epoch 8/100 | Batch 35100/43947 | Loss: 3.2321 | LR: 0.000032
Epoch 8/100 | Batch 35200/43947 | Loss: 3.2778 | LR: 0.000032
Epoch 8/100 | Batch 35300/43947 | Loss: 3.2419 | LR: 0.000032
Epoch 8/100 | Batch 35400/43947 | Loss: 3.1877 | LR: 0.000032
Epoch 8/100 | Batch 35500/43947 | Loss: 3.1994 | LR: 0.000032
Epoch 8/100 | Batch 35600/43947 | Loss: 3.2084 | LR: 0.000032
Epoch 8/100 | Batch 35700/43947 | Loss: 3.1742 | LR: 0.000032
Epoch 8/100 | Batch 35800/43947 | Loss: 3.1765 | LR: 0.000032
Epoch 8/100 | Batch 35900/43947 | Loss: 3.1602 | LR: 0.000032
Epoch 8/100 | Batch 36000/43947 | Loss: 3.2600 | LR: 0.000032
Epoch 8/100 | Batch 36100/43947 | Loss: 3.1963 | LR: 0.000032
Epoch 8/100 | Batch 36200/43947 | Loss: 3.2256 | LR: 0.000032
Epoch 8/100 | Batch 36300/43947 | Loss: 3.3191 | LR: 0.000032
Epoch 8/100 | Batch 36400/43947 | Loss: 3.2041 | LR: 0.000032
Epoch 8/100 | Batch 36500/43947 | Loss: 3.1807 | LR: 0.000032
Epoch 8/100 | Batch 36600/43947 | Loss: 3.2147 | LR: 0.000032
Epoch 8/100 | Batch 36700/43947 | Loss: 3.2200 | LR: 0.000032
Epoch 8/100 | Batch 36800/43947 | Loss: 3.1679 | LR: 0.000032
Epoch 8/100 | Batch 36900/43947 | Loss: 3.1939 | LR: 0.000032
Epoch 8/100 | Batch 37000/43947 | Loss: 3.1931 | LR: 0.000032
Epoch 8/100 | Batch 37100/43947 | Loss: 3.2252 | LR: 0.000032
Epoch 8/100 | Batch 37200/43947 | Loss: 3.2051 | LR: 0.000032
Epoch 8/100 | Batch 37300/43947 | Loss: 3.2872 | LR: 0.000032
Epoch 8/100 | Batch 37400/43947 | Loss: 3.2686 | LR: 0.000032
Epoch 8/100 | Batch 37500/43947 | Loss: 3.1697 | LR: 0.000032
Epoch 8/100 | Batch 37600/43947 | Loss: 3.2064 | LR: 0.000032
Epoch 8/100 | Batch 37700/43947 | Loss: 3.1987 | LR: 0.000032
Epoch 8/100 | Batch 37800/43947 | Loss: 3.2058 | LR: 0.000032
Epoch 8/100 | Batch 37900/43947 | Loss: 3.2450 | LR: 0.000032
Epoch 8/100 | Batch 38000/43947 | Loss: 3.2253 | LR: 0.000032
Epoch 8/100 | Batch 38100/43947 | Loss: 3.2082 | LR: 0.000032
Epoch 8/100 | Batch 38200/43947 | Loss: 3.1790 | LR: 0.000032
Epoch 8/100 | Batch 38300/43947 | Loss: 3.1574 | LR: 0.000032
Epoch 8/100 | Batch 38400/43947 | Loss: 3.1811 | LR: 0.000032
Epoch 8/100 | Batch 38500/43947 | Loss: 3.1514 | LR: 0.000032
Epoch 8/100 | Batch 38600/43947 | Loss: 3.2164 | LR: 0.000032
Epoch 8/100 | Batch 38700/43947 | Loss: 3.2447 | LR: 0.000032
Epoch 8/100 | Batch 38800/43947 | Loss: 3.2141 | LR: 0.000032
Epoch 8/100 | Batch 38900/43947 | Loss: 3.1566 | LR: 0.000032
Epoch 8/100 | Batch 39000/43947 | Loss: 3.1822 | LR: 0.000032
Epoch 8/100 | Batch 39100/43947 | Loss: 3.2422 | LR: 0.000032
Epoch 8/100 | Batch 39200/43947 | Loss: 3.2438 | LR: 0.000032
Epoch 8/100 | Batch 39300/43947 | Loss: 3.1905 | LR: 0.000032
Epoch 8/100 | Batch 39400/43947 | Loss: 3.2102 | LR: 0.000032
Epoch 8/100 | Batch 39500/43947 | Loss: 3.2167 | LR: 0.000032
Epoch 8/100 | Batch 39600/43947 | Loss: 3.1607 | LR: 0.000032
Epoch 8/100 | Batch 39700/43947 | Loss: 3.2281 | LR: 0.000032
Epoch 8/100 | Batch 39800/43947 | Loss: 3.2563 | LR: 0.000032
Epoch 8/100 | Batch 39900/43947 | Loss: 3.2024 | LR: 0.000032
Epoch 8/100 | Batch 40000/43947 | Loss: 3.1689 | LR: 0.000032
Epoch 8/100 | Batch 40100/43947 | Loss: 3.2306 | LR: 0.000032
Epoch 8/100 | Batch 40200/43947 | Loss: 3.2594 | LR: 0.000032
Epoch 8/100 | Batch 40300/43947 | Loss: 3.2156 | LR: 0.000032
Epoch 8/100 | Batch 40400/43947 | Loss: 3.1854 | LR: 0.000032
Epoch 8/100 | Batch 40500/43947 | Loss: 3.2028 | LR: 0.000032
Epoch 8/100 | Batch 40600/43947 | Loss: 3.1719 | LR: 0.000032
Epoch 8/100 | Batch 40700/43947 | Loss: 3.2139 | LR: 0.000032
Epoch 8/100 | Batch 40800/43947 | Loss: 3.1683 | LR: 0.000032
Epoch 8/100 | Batch 40900/43947 | Loss: 3.1773 | LR: 0.000032
Epoch 8/100 | Batch 41000/43947 | Loss: 3.1691 | LR: 0.000032
Epoch 8/100 | Batch 41100/43947 | Loss: 3.2200 | LR: 0.000032
Epoch 8/100 | Batch 41200/43947 | Loss: 3.1618 | LR: 0.000032
Epoch 8/100 | Batch 41300/43947 | Loss: 3.2305 | LR: 0.000032
Epoch 8/100 | Batch 41400/43947 | Loss: 3.1727 | LR: 0.000032
Epoch 8/100 | Batch 41500/43947 | Loss: 3.1834 | LR: 0.000032
Epoch 8/100 | Batch 41600/43947 | Loss: 3.1693 | LR: 0.000032
Epoch 8/100 | Batch 41700/43947 | Loss: 3.1610 | LR: 0.000032
Epoch 8/100 | Batch 41800/43947 | Loss: 3.2049 | LR: 0.000032
Epoch 8/100 | Batch 41900/43947 | Loss: 3.2177 | LR: 0.000032
Epoch 8/100 | Batch 42000/43947 | Loss: 3.1990 | LR: 0.000032
Epoch 8/100 | Batch 42100/43947 | Loss: 3.2037 | LR: 0.000032
Epoch 8/100 | Batch 42200/43947 | Loss: 3.2359 | LR: 0.000032
Epoch 8/100 | Batch 42300/43947 | Loss: 3.1975 | LR: 0.000032
Epoch 8/100 | Batch 42400/43947 | Loss: 3.1652 | LR: 0.000032
Epoch 8/100 | Batch 42500/43947 | Loss: 3.1617 | LR: 0.000032
Epoch 8/100 | Batch 42600/43947 | Loss: 3.1705 | LR: 0.000032
Epoch 8/100 | Batch 42700/43947 | Loss: 3.1748 | LR: 0.000032
Epoch 8/100 | Batch 42800/43947 | Loss: 3.1655 | LR: 0.000032
Epoch 8/100 | Batch 42900/43947 | Loss: 3.2416 | LR: 0.000032
Epoch 8/100 | Batch 43000/43947 | Loss: 3.1681 | LR: 0.000032
Epoch 8/100 | Batch 43100/43947 | Loss: 3.2770 | LR: 0.000032
Epoch 8/100 | Batch 43200/43947 | Loss: 3.2941 | LR: 0.000032
Epoch 8/100 | Batch 43300/43947 | Loss: 3.2019 | LR: 0.000032
Epoch 8/100 | Batch 43400/43947 | Loss: 3.1871 | LR: 0.000032
Epoch 8/100 | Batch 43500/43947 | Loss: 3.1636 | LR: 0.000032
Epoch 8/100 | Batch 43600/43947 | Loss: 3.2225 | LR: 0.000032
Epoch 8/100 | Batch 43700/43947 | Loss: 3.1963 | LR: 0.000032
Epoch 8/100 | Batch 43800/43947 | Loss: 3.1799 | LR: 0.000032
Epoch 8/100 | Batch 43900/43947 | Loss: 3.1809 | LR: 0.000032

Epoch 8/100 Summary:
Average Training Loss: 3.2178
Average Validation Loss: 3.1019
Best Validation Loss: 3.1019
Learning Rate: 0.000032
Epoch 9/100 | Batch 0/43947 | Loss: 3.3132 | LR: 0.000027
Epoch 9/100 | Batch 100/43947 | Loss: 3.1215 | LR: 0.000027
Epoch 9/100 | Batch 200/43947 | Loss: 3.2482 | LR: 0.000027
Epoch 9/100 | Batch 300/43947 | Loss: 3.1403 | LR: 0.000027
Epoch 9/100 | Batch 400/43947 | Loss: 3.2951 | LR: 0.000027
Epoch 9/100 | Batch 500/43947 | Loss: 3.2561 | LR: 0.000027
Epoch 9/100 | Batch 600/43947 | Loss: 3.2873 | LR: 0.000027
Epoch 9/100 | Batch 700/43947 | Loss: 3.2300 | LR: 0.000027
Epoch 9/100 | Batch 800/43947 | Loss: 3.2116 | LR: 0.000027
Epoch 9/100 | Batch 900/43947 | Loss: 3.2133 | LR: 0.000027
Epoch 9/100 | Batch 1000/43947 | Loss: 3.2305 | LR: 0.000027
Epoch 9/100 | Batch 1100/43947 | Loss: 3.3856 | LR: 0.000027
Epoch 9/100 | Batch 1200/43947 | Loss: 3.1908 | LR: 0.000027
Epoch 9/100 | Batch 1300/43947 | Loss: 3.2554 | LR: 0.000027
Epoch 9/100 | Batch 1400/43947 | Loss: 3.1676 | LR: 0.000027
Epoch 9/100 | Batch 1500/43947 | Loss: 3.2641 | LR: 0.000027
Epoch 9/100 | Batch 1600/43947 | Loss: 3.2786 | LR: 0.000027
Epoch 9/100 | Batch 1700/43947 | Loss: 3.1767 | LR: 0.000027
Epoch 9/100 | Batch 1800/43947 | Loss: 3.1569 | LR: 0.000027
Epoch 9/100 | Batch 1900/43947 | Loss: 3.2282 | LR: 0.000027
Epoch 9/100 | Batch 2000/43947 | Loss: 3.3443 | LR: 0.000027
Epoch 9/100 | Batch 2100/43947 | Loss: 3.2087 | LR: 0.000027
Epoch 9/100 | Batch 2200/43947 | Loss: 3.2568 | LR: 0.000027
Epoch 9/100 | Batch 2300/43947 | Loss: 3.2123 | LR: 0.000027
Epoch 9/100 | Batch 2400/43947 | Loss: 3.1819 | LR: 0.000027
Epoch 9/100 | Batch 2500/43947 | Loss: 3.2443 | LR: 0.000027
Epoch 9/100 | Batch 2600/43947 | Loss: 3.2554 | LR: 0.000027
Epoch 9/100 | Batch 2700/43947 | Loss: 3.2664 | LR: 0.000027
Epoch 9/100 | Batch 2800/43947 | Loss: 3.2125 | LR: 0.000027
Epoch 9/100 | Batch 2900/43947 | Loss: 3.1837 | LR: 0.000027
Epoch 9/100 | Batch 3000/43947 | Loss: 3.1934 | LR: 0.000027
Epoch 9/100 | Batch 3100/43947 | Loss: 3.1664 | LR: 0.000027
Epoch 9/100 | Batch 3200/43947 | Loss: 3.1697 | LR: 0.000027
Epoch 9/100 | Batch 3300/43947 | Loss: 3.1866 | LR: 0.000027
Epoch 9/100 | Batch 3400/43947 | Loss: 3.1480 | LR: 0.000027
Epoch 9/100 | Batch 3500/43947 | Loss: 3.2661 | LR: 0.000027
Epoch 9/100 | Batch 3600/43947 | Loss: 3.1531 | LR: 0.000027
Epoch 9/100 | Batch 3700/43947 | Loss: 3.2436 | LR: 0.000027
Epoch 9/100 | Batch 3800/43947 | Loss: 3.2894 | LR: 0.000027
Epoch 9/100 | Batch 3900/43947 | Loss: 3.2212 | LR: 0.000027
Epoch 9/100 | Batch 4000/43947 | Loss: 3.1963 | LR: 0.000027
Epoch 9/100 | Batch 4100/43947 | Loss: 3.2555 | LR: 0.000027
Epoch 9/100 | Batch 4200/43947 | Loss: 3.1906 | LR: 0.000027
Epoch 9/100 | Batch 4300/43947 | Loss: 3.2163 | LR: 0.000027
Epoch 9/100 | Batch 4400/43947 | Loss: 3.1924 | LR: 0.000027
Epoch 9/100 | Batch 4500/43947 | Loss: 3.2436 | LR: 0.000027
Epoch 9/100 | Batch 4600/43947 | Loss: 3.2016 | LR: 0.000027
Epoch 9/100 | Batch 4700/43947 | Loss: 3.2484 | LR: 0.000027
Epoch 9/100 | Batch 4800/43947 | Loss: 3.2331 | LR: 0.000027
Epoch 9/100 | Batch 4900/43947 | Loss: 3.2307 | LR: 0.000027
Epoch 9/100 | Batch 5000/43947 | Loss: 3.1818 | LR: 0.000027
Epoch 9/100 | Batch 5100/43947 | Loss: 3.2697 | LR: 0.000027
Epoch 9/100 | Batch 5200/43947 | Loss: 3.2581 | LR: 0.000027
Epoch 9/100 | Batch 5300/43947 | Loss: 3.2300 | LR: 0.000027
Epoch 9/100 | Batch 5400/43947 | Loss: 3.1452 | LR: 0.000027
Epoch 9/100 | Batch 5500/43947 | Loss: 3.1962 | LR: 0.000027
Epoch 9/100 | Batch 5600/43947 | Loss: 3.2022 | LR: 0.000027
Epoch 9/100 | Batch 5700/43947 | Loss: 3.2065 | LR: 0.000027
Epoch 9/100 | Batch 5800/43947 | Loss: 3.1534 | LR: 0.000027
Epoch 9/100 | Batch 5900/43947 | Loss: 3.2040 | LR: 0.000027
Epoch 9/100 | Batch 6000/43947 | Loss: 3.2098 | LR: 0.000027
Epoch 9/100 | Batch 6100/43947 | Loss: 3.2160 | LR: 0.000027
Epoch 9/100 | Batch 6200/43947 | Loss: 3.2440 | LR: 0.000027
Epoch 9/100 | Batch 6300/43947 | Loss: 3.2263 | LR: 0.000027
Epoch 9/100 | Batch 6400/43947 | Loss: 3.3364 | LR: 0.000027
Epoch 9/100 | Batch 6500/43947 | Loss: 3.2518 | LR: 0.000027
Epoch 9/100 | Batch 6600/43947 | Loss: 3.1254 | LR: 0.000027
Epoch 9/100 | Batch 6700/43947 | Loss: 3.2145 | LR: 0.000027
Epoch 9/100 | Batch 6800/43947 | Loss: 3.3492 | LR: 0.000027
Epoch 9/100 | Batch 6900/43947 | Loss: 3.2384 | LR: 0.000027
Epoch 9/100 | Batch 7000/43947 | Loss: 3.2045 | LR: 0.000027
Epoch 9/100 | Batch 7100/43947 | Loss: 3.2164 | LR: 0.000027
Epoch 9/100 | Batch 7200/43947 | Loss: 3.2665 | LR: 0.000027
Epoch 9/100 | Batch 7300/43947 | Loss: 3.2964 | LR: 0.000027
Epoch 9/100 | Batch 7400/43947 | Loss: 3.1764 | LR: 0.000027
Epoch 9/100 | Batch 7500/43947 | Loss: 3.1972 | LR: 0.000027
Epoch 9/100 | Batch 7600/43947 | Loss: 3.1182 | LR: 0.000027
Epoch 9/100 | Batch 7700/43947 | Loss: 3.2340 | LR: 0.000027
Epoch 9/100 | Batch 7800/43947 | Loss: 3.2147 | LR: 0.000027
Epoch 9/100 | Batch 7900/43947 | Loss: 3.1763 | LR: 0.000027
Epoch 9/100 | Batch 8000/43947 | Loss: 3.2267 | LR: 0.000027
Epoch 9/100 | Batch 8100/43947 | Loss: 3.1929 | LR: 0.000027
Epoch 9/100 | Batch 8200/43947 | Loss: 3.2345 | LR: 0.000027
Epoch 9/100 | Batch 8300/43947 | Loss: 3.2152 | LR: 0.000027
Epoch 9/100 | Batch 8400/43947 | Loss: 3.2095 | LR: 0.000027
Epoch 9/100 | Batch 8500/43947 | Loss: 3.1217 | LR: 0.000027
Epoch 9/100 | Batch 8600/43947 | Loss: 3.1834 | LR: 0.000027
Epoch 9/100 | Batch 8700/43947 | Loss: 3.2300 | LR: 0.000027
Epoch 9/100 | Batch 8800/43947 | Loss: 3.2251 | LR: 0.000027
Epoch 9/100 | Batch 8900/43947 | Loss: 3.2164 | LR: 0.000027
Epoch 9/100 | Batch 9000/43947 | Loss: 3.2195 | LR: 0.000027
Epoch 9/100 | Batch 9100/43947 | Loss: 3.1885 | LR: 0.000027
Epoch 9/100 | Batch 9200/43947 | Loss: 3.2146 | LR: 0.000027
Epoch 9/100 | Batch 9300/43947 | Loss: 3.1945 | LR: 0.000027
Epoch 9/100 | Batch 9400/43947 | Loss: 3.1876 | LR: 0.000027
Epoch 9/100 | Batch 9500/43947 | Loss: 3.2132 | LR: 0.000027
Epoch 9/100 | Batch 9600/43947 | Loss: 3.1907 | LR: 0.000027
Epoch 9/100 | Batch 9700/43947 | Loss: 3.1908 | LR: 0.000027
Epoch 9/100 | Batch 9800/43947 | Loss: 3.1950 | LR: 0.000027
Epoch 9/100 | Batch 9900/43947 | Loss: 3.2063 | LR: 0.000027
Epoch 9/100 | Batch 10000/43947 | Loss: 3.2350 | LR: 0.000027
Epoch 9/100 | Batch 10100/43947 | Loss: 3.2347 | LR: 0.000027
Epoch 9/100 | Batch 10200/43947 | Loss: 3.2333 | LR: 0.000027
Epoch 9/100 | Batch 10300/43947 | Loss: 3.2493 | LR: 0.000027
Epoch 9/100 | Batch 10400/43947 | Loss: 3.2019 | LR: 0.000027
Epoch 9/100 | Batch 10500/43947 | Loss: 3.1711 | LR: 0.000027
Epoch 9/100 | Batch 10600/43947 | Loss: 3.1898 | LR: 0.000027
Epoch 9/100 | Batch 10700/43947 | Loss: 3.2942 | LR: 0.000027
Epoch 9/100 | Batch 10800/43947 | Loss: 3.2113 | LR: 0.000027
Epoch 9/100 | Batch 10900/43947 | Loss: 3.2555 | LR: 0.000027
Epoch 9/100 | Batch 11000/43947 | Loss: 3.2747 | LR: 0.000027
Epoch 9/100 | Batch 11100/43947 | Loss: 3.1929 | LR: 0.000027
Epoch 9/100 | Batch 11200/43947 | Loss: 3.1405 | LR: 0.000027
Epoch 9/100 | Batch 11300/43947 | Loss: 3.2578 | LR: 0.000027
Epoch 9/100 | Batch 11400/43947 | Loss: 3.1835 | LR: 0.000027
Epoch 9/100 | Batch 11500/43947 | Loss: 3.2431 | LR: 0.000027
Epoch 9/100 | Batch 11600/43947 | Loss: 3.1936 | LR: 0.000027
Epoch 9/100 | Batch 11700/43947 | Loss: 3.2111 | LR: 0.000027
Epoch 9/100 | Batch 11800/43947 | Loss: 3.2770 | LR: 0.000027
Epoch 9/100 | Batch 11900/43947 | Loss: 3.1676 | LR: 0.000027
Epoch 9/100 | Batch 12000/43947 | Loss: 3.2151 | LR: 0.000027
Epoch 9/100 | Batch 12100/43947 | Loss: 3.2422 | LR: 0.000027
Epoch 9/100 | Batch 12200/43947 | Loss: 3.2238 | LR: 0.000027
Epoch 9/100 | Batch 12300/43947 | Loss: 3.2186 | LR: 0.000027
Epoch 9/100 | Batch 12400/43947 | Loss: 3.1913 | LR: 0.000027
Epoch 9/100 | Batch 12500/43947 | Loss: 3.2174 | LR: 0.000027
Epoch 9/100 | Batch 12600/43947 | Loss: 3.3432 | LR: 0.000027
Epoch 9/100 | Batch 12700/43947 | Loss: 3.2287 | LR: 0.000027
Epoch 9/100 | Batch 12800/43947 | Loss: 3.1696 | LR: 0.000027
Epoch 9/100 | Batch 12900/43947 | Loss: 3.2207 | LR: 0.000027
Epoch 9/100 | Batch 13000/43947 | Loss: 3.1295 | LR: 0.000027
Epoch 9/100 | Batch 13100/43947 | Loss: 3.1617 | LR: 0.000027
Epoch 9/100 | Batch 13200/43947 | Loss: 3.2141 | LR: 0.000027
Epoch 9/100 | Batch 13300/43947 | Loss: 3.2147 | LR: 0.000027
Epoch 9/100 | Batch 13400/43947 | Loss: 3.2280 | LR: 0.000027
Epoch 9/100 | Batch 13500/43947 | Loss: 3.2313 | LR: 0.000027
Epoch 9/100 | Batch 13600/43947 | Loss: 3.1170 | LR: 0.000027
Epoch 9/100 | Batch 13700/43947 | Loss: 3.2523 | LR: 0.000027
Epoch 9/100 | Batch 13800/43947 | Loss: 3.1820 | LR: 0.000027
Epoch 9/100 | Batch 13900/43947 | Loss: 3.2005 | LR: 0.000027
Epoch 9/100 | Batch 14000/43947 | Loss: 3.2192 | LR: 0.000027
Epoch 9/100 | Batch 14100/43947 | Loss: 3.1722 | LR: 0.000027
Epoch 9/100 | Batch 14200/43947 | Loss: 3.2152 | LR: 0.000027
Epoch 9/100 | Batch 14300/43947 | Loss: 3.1911 | LR: 0.000027
Epoch 9/100 | Batch 14400/43947 | Loss: 3.2198 | LR: 0.000027
Epoch 9/100 | Batch 14500/43947 | Loss: 3.2018 | LR: 0.000027
Epoch 9/100 | Batch 14600/43947 | Loss: 3.2363 | LR: 0.000027
Epoch 9/100 | Batch 14700/43947 | Loss: 3.2052 | LR: 0.000027
Epoch 9/100 | Batch 14800/43947 | Loss: 3.2140 | LR: 0.000027
Epoch 9/100 | Batch 14900/43947 | Loss: 3.1901 | LR: 0.000027
Epoch 9/100 | Batch 15000/43947 | Loss: 3.2379 | LR: 0.000027
Epoch 9/100 | Batch 15100/43947 | Loss: 3.2522 | LR: 0.000027
Epoch 9/100 | Batch 15200/43947 | Loss: 3.1952 | LR: 0.000027
Epoch 9/100 | Batch 15300/43947 | Loss: 3.3219 | LR: 0.000027
Epoch 9/100 | Batch 15400/43947 | Loss: 3.1812 | LR: 0.000027
Epoch 9/100 | Batch 15500/43947 | Loss: 3.2532 | LR: 0.000027
Epoch 9/100 | Batch 15600/43947 | Loss: 3.1495 | LR: 0.000027
Epoch 9/100 | Batch 15700/43947 | Loss: 3.2591 | LR: 0.000027
Epoch 9/100 | Batch 15800/43947 | Loss: 3.1868 | LR: 0.000027
Epoch 9/100 | Batch 15900/43947 | Loss: 3.1776 | LR: 0.000027
Epoch 9/100 | Batch 16000/43947 | Loss: 3.2258 | LR: 0.000027
Epoch 9/100 | Batch 16100/43947 | Loss: 3.2001 | LR: 0.000027
Epoch 9/100 | Batch 16200/43947 | Loss: 3.1697 | LR: 0.000027
Epoch 9/100 | Batch 16300/43947 | Loss: 3.2391 | LR: 0.000027
Epoch 9/100 | Batch 16400/43947 | Loss: 3.1762 | LR: 0.000027
Epoch 9/100 | Batch 16500/43947 | Loss: 3.2246 | LR: 0.000027
Epoch 9/100 | Batch 16600/43947 | Loss: 3.1797 | LR: 0.000027
Epoch 9/100 | Batch 16700/43947 | Loss: 3.2397 | LR: 0.000027
Epoch 9/100 | Batch 16800/43947 | Loss: 3.3271 | LR: 0.000027
Epoch 9/100 | Batch 16900/43947 | Loss: 3.1488 | LR: 0.000027
Epoch 9/100 | Batch 17000/43947 | Loss: 3.2374 | LR: 0.000027
Epoch 9/100 | Batch 17100/43947 | Loss: 3.2765 | LR: 0.000027
Epoch 9/100 | Batch 17200/43947 | Loss: 3.2036 | LR: 0.000027
Epoch 9/100 | Batch 17300/43947 | Loss: 3.2324 | LR: 0.000027
Epoch 9/100 | Batch 17400/43947 | Loss: 3.2210 | LR: 0.000027
Epoch 9/100 | Batch 17500/43947 | Loss: 3.2176 | LR: 0.000027
Epoch 9/100 | Batch 17600/43947 | Loss: 3.1742 | LR: 0.000027
Epoch 9/100 | Batch 17700/43947 | Loss: 3.1998 | LR: 0.000027
Epoch 9/100 | Batch 17800/43947 | Loss: 3.2280 | LR: 0.000027
Epoch 9/100 | Batch 17900/43947 | Loss: 3.2227 | LR: 0.000027
Epoch 9/100 | Batch 18000/43947 | Loss: 3.2488 | LR: 0.000027
Epoch 9/100 | Batch 18100/43947 | Loss: 3.2826 | LR: 0.000027
Epoch 9/100 | Batch 18200/43947 | Loss: 3.1914 | LR: 0.000027
Epoch 9/100 | Batch 18300/43947 | Loss: 3.1420 | LR: 0.000027
Epoch 9/100 | Batch 18400/43947 | Loss: 3.1105 | LR: 0.000027
Epoch 9/100 | Batch 18500/43947 | Loss: 3.1689 | LR: 0.000027
Epoch 9/100 | Batch 18600/43947 | Loss: 3.2368 | LR: 0.000027
Epoch 9/100 | Batch 18700/43947 | Loss: 3.2005 | LR: 0.000027
Epoch 9/100 | Batch 18800/43947 | Loss: 3.1945 | LR: 0.000027
Epoch 9/100 | Batch 18900/43947 | Loss: 3.2680 | LR: 0.000027
Epoch 9/100 | Batch 19000/43947 | Loss: 3.2441 | LR: 0.000027
Epoch 9/100 | Batch 19100/43947 | Loss: 3.2458 | LR: 0.000027
Epoch 9/100 | Batch 19200/43947 | Loss: 3.1478 | LR: 0.000027
Epoch 9/100 | Batch 19300/43947 | Loss: 3.2216 | LR: 0.000027
Epoch 9/100 | Batch 19400/43947 | Loss: 3.2031 | LR: 0.000027
Epoch 9/100 | Batch 19500/43947 | Loss: 3.2030 | LR: 0.000027
Epoch 9/100 | Batch 19600/43947 | Loss: 3.1640 | LR: 0.000027
Epoch 9/100 | Batch 19700/43947 | Loss: 3.1880 | LR: 0.000027
Epoch 9/100 | Batch 19800/43947 | Loss: 3.2001 | LR: 0.000027
Epoch 9/100 | Batch 19900/43947 | Loss: 3.1936 | LR: 0.000027
Epoch 9/100 | Batch 20000/43947 | Loss: 3.2661 | LR: 0.000027
Epoch 9/100 | Batch 20100/43947 | Loss: 3.1631 | LR: 0.000027
Epoch 9/100 | Batch 20200/43947 | Loss: 3.1830 | LR: 0.000027
Epoch 9/100 | Batch 20300/43947 | Loss: 3.2220 | LR: 0.000027
Epoch 9/100 | Batch 20400/43947 | Loss: 3.2235 | LR: 0.000027
Epoch 9/100 | Batch 20500/43947 | Loss: 3.2247 | LR: 0.000027
Epoch 9/100 | Batch 20600/43947 | Loss: 3.1829 | LR: 0.000027
Epoch 9/100 | Batch 20700/43947 | Loss: 3.1240 | LR: 0.000027
Epoch 9/100 | Batch 20800/43947 | Loss: 3.1712 | LR: 0.000027
Epoch 9/100 | Batch 20900/43947 | Loss: 3.2146 | LR: 0.000027
Epoch 9/100 | Batch 21000/43947 | Loss: 3.2565 | LR: 0.000027
Epoch 9/100 | Batch 21100/43947 | Loss: 3.2286 | LR: 0.000027
Epoch 9/100 | Batch 21200/43947 | Loss: 3.1263 | LR: 0.000027
Epoch 9/100 | Batch 21300/43947 | Loss: 3.2053 | LR: 0.000027
Epoch 9/100 | Batch 21400/43947 | Loss: 3.2015 | LR: 0.000027
Epoch 9/100 | Batch 21500/43947 | Loss: 3.1552 | LR: 0.000027
Epoch 9/100 | Batch 21600/43947 | Loss: 3.1180 | LR: 0.000027
Epoch 9/100 | Batch 21700/43947 | Loss: 3.2847 | LR: 0.000027
Epoch 9/100 | Batch 21800/43947 | Loss: 3.2164 | LR: 0.000027
Epoch 9/100 | Batch 21900/43947 | Loss: 3.2727 | LR: 0.000027
Epoch 9/100 | Batch 22000/43947 | Loss: 3.1527 | LR: 0.000027
Epoch 9/100 | Batch 22100/43947 | Loss: 3.2436 | LR: 0.000027
Epoch 9/100 | Batch 22200/43947 | Loss: 3.2250 | LR: 0.000027
Epoch 9/100 | Batch 22300/43947 | Loss: 3.2686 | LR: 0.000027
Epoch 9/100 | Batch 22400/43947 | Loss: 3.2027 | LR: 0.000027
Epoch 9/100 | Batch 22500/43947 | Loss: 3.1729 | LR: 0.000027
Epoch 9/100 | Batch 22600/43947 | Loss: 3.2249 | LR: 0.000027
Epoch 9/100 | Batch 22700/43947 | Loss: 3.2160 | LR: 0.000027
Epoch 9/100 | Batch 22800/43947 | Loss: 3.1759 | LR: 0.000027
Epoch 9/100 | Batch 22900/43947 | Loss: 3.1836 | LR: 0.000027
Epoch 9/100 | Batch 23000/43947 | Loss: 3.1811 | LR: 0.000027
Epoch 9/100 | Batch 23100/43947 | Loss: 3.1823 | LR: 0.000027
Epoch 9/100 | Batch 23200/43947 | Loss: 3.1684 | LR: 0.000027
Epoch 9/100 | Batch 23300/43947 | Loss: 3.1657 | LR: 0.000027
Epoch 9/100 | Batch 23400/43947 | Loss: 3.1615 | LR: 0.000027
Epoch 9/100 | Batch 23500/43947 | Loss: 3.2061 | LR: 0.000027
Epoch 9/100 | Batch 23600/43947 | Loss: 3.2929 | LR: 0.000027
Epoch 9/100 | Batch 23700/43947 | Loss: 3.2273 | LR: 0.000027
Epoch 9/100 | Batch 23800/43947 | Loss: 3.1956 | LR: 0.000027
Epoch 9/100 | Batch 23900/43947 | Loss: 3.2187 | LR: 0.000027
Epoch 9/100 | Batch 24000/43947 | Loss: 3.2041 | LR: 0.000027
Epoch 9/100 | Batch 24100/43947 | Loss: 3.2065 | LR: 0.000027
Epoch 9/100 | Batch 24200/43947 | Loss: 3.1880 | LR: 0.000027
Epoch 9/100 | Batch 24300/43947 | Loss: 3.2145 | LR: 0.000027
Epoch 9/100 | Batch 24400/43947 | Loss: 3.2184 | LR: 0.000027
Epoch 9/100 | Batch 24500/43947 | Loss: 3.2209 | LR: 0.000027
Epoch 9/100 | Batch 24600/43947 | Loss: 3.1969 | LR: 0.000027
Epoch 9/100 | Batch 24700/43947 | Loss: 3.2374 | LR: 0.000027
Epoch 9/100 | Batch 24800/43947 | Loss: 3.1763 | LR: 0.000027
Epoch 9/100 | Batch 24900/43947 | Loss: 3.2531 | LR: 0.000027
Epoch 9/100 | Batch 25000/43947 | Loss: 3.2014 | LR: 0.000027
Epoch 9/100 | Batch 25100/43947 | Loss: 3.2328 | LR: 0.000027
Epoch 9/100 | Batch 25200/43947 | Loss: 3.2696 | LR: 0.000027
Epoch 9/100 | Batch 25300/43947 | Loss: 3.1641 | LR: 0.000027
Epoch 9/100 | Batch 25400/43947 | Loss: 3.2188 | LR: 0.000027
Epoch 9/100 | Batch 25500/43947 | Loss: 3.2872 | LR: 0.000027
Epoch 9/100 | Batch 25600/43947 | Loss: 3.1893 | LR: 0.000027
Epoch 9/100 | Batch 25700/43947 | Loss: 3.2396 | LR: 0.000027
Epoch 9/100 | Batch 25800/43947 | Loss: 3.1641 | LR: 0.000027
Epoch 9/100 | Batch 25900/43947 | Loss: 3.2679 | LR: 0.000027
Epoch 9/100 | Batch 26000/43947 | Loss: 3.2079 | LR: 0.000027
Epoch 9/100 | Batch 26100/43947 | Loss: 3.2797 | LR: 0.000027
Epoch 9/100 | Batch 26200/43947 | Loss: 3.2341 | LR: 0.000027
Epoch 9/100 | Batch 26300/43947 | Loss: 3.1879 | LR: 0.000027
Epoch 9/100 | Batch 26400/43947 | Loss: 3.2234 | LR: 0.000027
Epoch 9/100 | Batch 26500/43947 | Loss: 3.1770 | LR: 0.000027
Epoch 9/100 | Batch 26600/43947 | Loss: 3.1979 | LR: 0.000027
Epoch 9/100 | Batch 26700/43947 | Loss: 3.3032 | LR: 0.000027
Epoch 9/100 | Batch 26800/43947 | Loss: 3.2724 | LR: 0.000027
Epoch 9/100 | Batch 26900/43947 | Loss: 3.1973 | LR: 0.000027
Epoch 9/100 | Batch 27000/43947 | Loss: 3.2439 | LR: 0.000027
Epoch 9/100 | Batch 27100/43947 | Loss: 3.1915 | LR: 0.000027
Epoch 9/100 | Batch 27200/43947 | Loss: 3.2206 | LR: 0.000027
Epoch 9/100 | Batch 27300/43947 | Loss: 3.1687 | LR: 0.000027
Epoch 9/100 | Batch 27400/43947 | Loss: 3.2569 | LR: 0.000027
Epoch 9/100 | Batch 27500/43947 | Loss: 3.1890 | LR: 0.000027
Epoch 9/100 | Batch 27600/43947 | Loss: 3.1354 | LR: 0.000027
Epoch 9/100 | Batch 27700/43947 | Loss: 3.1502 | LR: 0.000027
Epoch 9/100 | Batch 27800/43947 | Loss: 3.2150 | LR: 0.000027
Epoch 9/100 | Batch 27900/43947 | Loss: 3.2209 | LR: 0.000027
Epoch 9/100 | Batch 28000/43947 | Loss: 3.1856 | LR: 0.000027
Epoch 9/100 | Batch 28100/43947 | Loss: 3.2034 | LR: 0.000027
Epoch 9/100 | Batch 28200/43947 | Loss: 3.2729 | LR: 0.000027
Epoch 9/100 | Batch 28300/43947 | Loss: 3.2022 | LR: 0.000027
Epoch 9/100 | Batch 28400/43947 | Loss: 3.2280 | LR: 0.000027
Epoch 9/100 | Batch 28500/43947 | Loss: 3.1992 | LR: 0.000027
Epoch 9/100 | Batch 28600/43947 | Loss: 3.2536 | LR: 0.000027
Epoch 9/100 | Batch 28700/43947 | Loss: 3.2272 | LR: 0.000027
Epoch 9/100 | Batch 28800/43947 | Loss: 3.1609 | LR: 0.000027
Epoch 9/100 | Batch 28900/43947 | Loss: 3.2441 | LR: 0.000027
Epoch 9/100 | Batch 29000/43947 | Loss: 3.2247 | LR: 0.000027
Epoch 9/100 | Batch 29100/43947 | Loss: 3.1645 | LR: 0.000027
Epoch 9/100 | Batch 29200/43947 | Loss: 3.2042 | LR: 0.000027
Epoch 9/100 | Batch 29300/43947 | Loss: 3.2317 | LR: 0.000027
Epoch 9/100 | Batch 29400/43947 | Loss: 3.1605 | LR: 0.000027
Epoch 9/100 | Batch 29500/43947 | Loss: 3.1997 | LR: 0.000027
Epoch 9/100 | Batch 29600/43947 | Loss: 3.2737 | LR: 0.000027
Epoch 9/100 | Batch 29700/43947 | Loss: 3.2517 | LR: 0.000027
Epoch 9/100 | Batch 29800/43947 | Loss: 3.2002 | LR: 0.000027
Epoch 9/100 | Batch 29900/43947 | Loss: 3.2193 | LR: 0.000027
Epoch 9/100 | Batch 30000/43947 | Loss: 3.2994 | LR: 0.000027
Epoch 9/100 | Batch 30100/43947 | Loss: 3.1728 | LR: 0.000027
Epoch 9/100 | Batch 30200/43947 | Loss: 3.1877 | LR: 0.000027
Epoch 9/100 | Batch 30300/43947 | Loss: 3.2076 | LR: 0.000027
Epoch 9/100 | Batch 30400/43947 | Loss: 3.2587 | LR: 0.000027
Epoch 9/100 | Batch 30500/43947 | Loss: 3.2270 | LR: 0.000027
Epoch 9/100 | Batch 30600/43947 | Loss: 3.1776 | LR: 0.000027
Epoch 9/100 | Batch 30700/43947 | Loss: 3.2131 | LR: 0.000027
Epoch 9/100 | Batch 30800/43947 | Loss: 3.1863 | LR: 0.000027
Epoch 9/100 | Batch 30900/43947 | Loss: 3.2057 | LR: 0.000027
Epoch 9/100 | Batch 31000/43947 | Loss: 3.1940 | LR: 0.000027
Epoch 9/100 | Batch 31100/43947 | Loss: 3.3026 | LR: 0.000027
Epoch 9/100 | Batch 31200/43947 | Loss: 3.2014 | LR: 0.000027
Epoch 9/100 | Batch 31300/43947 | Loss: 3.2217 | LR: 0.000027
Epoch 9/100 | Batch 31400/43947 | Loss: 3.1825 | LR: 0.000027
Epoch 9/100 | Batch 31500/43947 | Loss: 3.1514 | LR: 0.000027
Epoch 9/100 | Batch 31600/43947 | Loss: 3.2336 | LR: 0.000027
Epoch 9/100 | Batch 31700/43947 | Loss: 3.1730 | LR: 0.000027
Epoch 9/100 | Batch 31800/43947 | Loss: 3.2577 | LR: 0.000027
Epoch 9/100 | Batch 31900/43947 | Loss: 3.3127 | LR: 0.000027
Epoch 9/100 | Batch 32000/43947 | Loss: 3.1665 | LR: 0.000027
Epoch 9/100 | Batch 32100/43947 | Loss: 3.1961 | LR: 0.000027
Epoch 9/100 | Batch 32200/43947 | Loss: 3.2317 | LR: 0.000027
Epoch 9/100 | Batch 32300/43947 | Loss: 3.1536 | LR: 0.000027
Epoch 9/100 | Batch 32400/43947 | Loss: 3.2549 | LR: 0.000027
Epoch 9/100 | Batch 32500/43947 | Loss: 3.2720 | LR: 0.000027
Epoch 9/100 | Batch 32600/43947 | Loss: 3.1491 | LR: 0.000027
Epoch 9/100 | Batch 32700/43947 | Loss: 3.1863 | LR: 0.000027
Epoch 9/100 | Batch 32800/43947 | Loss: 3.2577 | LR: 0.000027
Epoch 9/100 | Batch 32900/43947 | Loss: 3.1736 | LR: 0.000027
Epoch 9/100 | Batch 33000/43947 | Loss: 3.2388 | LR: 0.000027
Epoch 9/100 | Batch 33100/43947 | Loss: 3.1983 | LR: 0.000027
Epoch 9/100 | Batch 33200/43947 | Loss: 3.2096 | LR: 0.000027
Epoch 9/100 | Batch 33300/43947 | Loss: 3.2676 | LR: 0.000027
Epoch 9/100 | Batch 33400/43947 | Loss: 3.1634 | LR: 0.000027
Epoch 9/100 | Batch 33500/43947 | Loss: 3.1799 | LR: 0.000027
Epoch 9/100 | Batch 33600/43947 | Loss: 3.1373 | LR: 0.000027
Epoch 9/100 | Batch 33700/43947 | Loss: 3.1922 | LR: 0.000027
Epoch 9/100 | Batch 33800/43947 | Loss: 3.2122 | LR: 0.000027
Epoch 9/100 | Batch 33900/43947 | Loss: 3.2604 | LR: 0.000027
Epoch 9/100 | Batch 34000/43947 | Loss: 3.1817 | LR: 0.000027
Epoch 9/100 | Batch 34100/43947 | Loss: 3.1861 | LR: 0.000027
Epoch 9/100 | Batch 34200/43947 | Loss: 3.1975 | LR: 0.000027
Epoch 9/100 | Batch 34300/43947 | Loss: 3.2457 | LR: 0.000027
Epoch 9/100 | Batch 34400/43947 | Loss: 3.1950 | LR: 0.000027
Epoch 9/100 | Batch 34500/43947 | Loss: 3.1577 | LR: 0.000027
Epoch 9/100 | Batch 34600/43947 | Loss: 3.2135 | LR: 0.000027
Epoch 9/100 | Batch 34700/43947 | Loss: 3.1668 | LR: 0.000027
Epoch 9/100 | Batch 34800/43947 | Loss: 3.2243 | LR: 0.000027
Epoch 9/100 | Batch 34900/43947 | Loss: 3.2644 | LR: 0.000027
Epoch 9/100 | Batch 35000/43947 | Loss: 3.2005 | LR: 0.000027
Epoch 9/100 | Batch 35100/43947 | Loss: 3.2076 | LR: 0.000027
Epoch 9/100 | Batch 35200/43947 | Loss: 3.2376 | LR: 0.000027
Epoch 9/100 | Batch 35300/43947 | Loss: 3.2561 | LR: 0.000027
Epoch 9/100 | Batch 35400/43947 | Loss: 3.1871 | LR: 0.000027
Epoch 9/100 | Batch 35500/43947 | Loss: 3.2043 | LR: 0.000027
Epoch 9/100 | Batch 35600/43947 | Loss: 3.2124 | LR: 0.000027
Epoch 9/100 | Batch 35700/43947 | Loss: 3.1701 | LR: 0.000027
Epoch 9/100 | Batch 35800/43947 | Loss: 3.2019 | LR: 0.000027
Epoch 9/100 | Batch 35900/43947 | Loss: 3.1720 | LR: 0.000027
Epoch 9/100 | Batch 36000/43947 | Loss: 3.2407 | LR: 0.000027
Epoch 9/100 | Batch 36100/43947 | Loss: 3.2064 | LR: 0.000027
Epoch 9/100 | Batch 36200/43947 | Loss: 3.2281 | LR: 0.000027
Epoch 9/100 | Batch 36300/43947 | Loss: 3.3151 | LR: 0.000027
Epoch 9/100 | Batch 36400/43947 | Loss: 3.1862 | LR: 0.000027
Epoch 9/100 | Batch 36500/43947 | Loss: 3.1750 | LR: 0.000027
Epoch 9/100 | Batch 36600/43947 | Loss: 3.1990 | LR: 0.000027
Epoch 9/100 | Batch 36700/43947 | Loss: 3.2067 | LR: 0.000027
Epoch 9/100 | Batch 36800/43947 | Loss: 3.1630 | LR: 0.000027
Epoch 9/100 | Batch 36900/43947 | Loss: 3.1611 | LR: 0.000027
Epoch 9/100 | Batch 37000/43947 | Loss: 3.1896 | LR: 0.000027
Epoch 9/100 | Batch 37100/43947 | Loss: 3.2048 | LR: 0.000027
Epoch 9/100 | Batch 37200/43947 | Loss: 3.1967 | LR: 0.000027
Epoch 9/100 | Batch 37300/43947 | Loss: 3.2829 | LR: 0.000027
Epoch 9/100 | Batch 37400/43947 | Loss: 3.2738 | LR: 0.000027
Epoch 9/100 | Batch 37500/43947 | Loss: 3.1455 | LR: 0.000027
Epoch 9/100 | Batch 37600/43947 | Loss: 3.1776 | LR: 0.000027
Epoch 9/100 | Batch 37700/43947 | Loss: 3.1935 | LR: 0.000027
Epoch 9/100 | Batch 37800/43947 | Loss: 3.1902 | LR: 0.000027
Epoch 9/100 | Batch 37900/43947 | Loss: 3.2312 | LR: 0.000027
Epoch 9/100 | Batch 38000/43947 | Loss: 3.2151 | LR: 0.000027
Epoch 9/100 | Batch 38100/43947 | Loss: 3.2001 | LR: 0.000027
Epoch 9/100 | Batch 38200/43947 | Loss: 3.1682 | LR: 0.000027
Epoch 9/100 | Batch 38300/43947 | Loss: 3.1576 | LR: 0.000027
Epoch 9/100 | Batch 38400/43947 | Loss: 3.1737 | LR: 0.000027
Epoch 9/100 | Batch 38500/43947 | Loss: 3.1411 | LR: 0.000027
Epoch 9/100 | Batch 38600/43947 | Loss: 3.1937 | LR: 0.000027
Epoch 9/100 | Batch 38700/43947 | Loss: 3.2262 | LR: 0.000027
Epoch 9/100 | Batch 38800/43947 | Loss: 3.2207 | LR: 0.000027
Epoch 9/100 | Batch 38900/43947 | Loss: 3.1772 | LR: 0.000027
Epoch 9/100 | Batch 39000/43947 | Loss: 3.1828 | LR: 0.000027
Epoch 9/100 | Batch 39100/43947 | Loss: 3.2213 | LR: 0.000027
Epoch 9/100 | Batch 39200/43947 | Loss: 3.2327 | LR: 0.000027
Epoch 9/100 | Batch 39300/43947 | Loss: 3.1786 | LR: 0.000027
Epoch 9/100 | Batch 39400/43947 | Loss: 3.2009 | LR: 0.000027
Epoch 9/100 | Batch 39500/43947 | Loss: 3.2034 | LR: 0.000027
Epoch 9/100 | Batch 39600/43947 | Loss: 3.1595 | LR: 0.000027
Epoch 9/100 | Batch 39700/43947 | Loss: 3.2258 | LR: 0.000027
Epoch 9/100 | Batch 39800/43947 | Loss: 3.2454 | LR: 0.000027
Epoch 9/100 | Batch 39900/43947 | Loss: 3.1994 | LR: 0.000027
Epoch 9/100 | Batch 40000/43947 | Loss: 3.1550 | LR: 0.000027
Epoch 9/100 | Batch 40100/43947 | Loss: 3.2354 | LR: 0.000027
Epoch 9/100 | Batch 40200/43947 | Loss: 3.2294 | LR: 0.000027
Epoch 9/100 | Batch 40300/43947 | Loss: 3.1979 | LR: 0.000027
Epoch 9/100 | Batch 40400/43947 | Loss: 3.1806 | LR: 0.000027
Epoch 9/100 | Batch 40500/43947 | Loss: 3.2124 | LR: 0.000027
Epoch 9/100 | Batch 40600/43947 | Loss: 3.1752 | LR: 0.000027
Epoch 9/100 | Batch 40700/43947 | Loss: 3.2082 | LR: 0.000027
Epoch 9/100 | Batch 40800/43947 | Loss: 3.1649 | LR: 0.000027
Epoch 9/100 | Batch 40900/43947 | Loss: 3.1891 | LR: 0.000027
Epoch 9/100 | Batch 41000/43947 | Loss: 3.1784 | LR: 0.000027
Epoch 9/100 | Batch 41100/43947 | Loss: 3.2279 | LR: 0.000027
Epoch 9/100 | Batch 41200/43947 | Loss: 3.1565 | LR: 0.000027
Epoch 9/100 | Batch 41300/43947 | Loss: 3.2292 | LR: 0.000027
Epoch 9/100 | Batch 41400/43947 | Loss: 3.1908 | LR: 0.000027
Epoch 9/100 | Batch 41500/43947 | Loss: 3.1681 | LR: 0.000027
Epoch 9/100 | Batch 41600/43947 | Loss: 3.1480 | LR: 0.000027
Epoch 9/100 | Batch 41700/43947 | Loss: 3.1620 | LR: 0.000027
Epoch 9/100 | Batch 41800/43947 | Loss: 3.2101 | LR: 0.000027
Epoch 9/100 | Batch 41900/43947 | Loss: 3.2131 | LR: 0.000027
Epoch 9/100 | Batch 42000/43947 | Loss: 3.1884 | LR: 0.000027
Epoch 9/100 | Batch 42100/43947 | Loss: 3.2032 | LR: 0.000027
Epoch 9/100 | Batch 42200/43947 | Loss: 3.2222 | LR: 0.000027
Epoch 9/100 | Batch 42300/43947 | Loss: 3.1832 | LR: 0.000027
Epoch 9/100 | Batch 42400/43947 | Loss: 3.1583 | LR: 0.000027
Epoch 9/100 | Batch 42500/43947 | Loss: 3.1727 | LR: 0.000027
Epoch 9/100 | Batch 42600/43947 | Loss: 3.1505 | LR: 0.000027
Epoch 9/100 | Batch 42700/43947 | Loss: 3.1681 | LR: 0.000027
Epoch 9/100 | Batch 42800/43947 | Loss: 3.1620 | LR: 0.000027
Epoch 9/100 | Batch 42900/43947 | Loss: 3.2488 | LR: 0.000027
Epoch 9/100 | Batch 43000/43947 | Loss: 3.1631 | LR: 0.000027
Epoch 9/100 | Batch 43100/43947 | Loss: 3.2877 | LR: 0.000027
Epoch 9/100 | Batch 43200/43947 | Loss: 3.2933 | LR: 0.000027
Epoch 9/100 | Batch 43300/43947 | Loss: 3.1866 | LR: 0.000027
Epoch 9/100 | Batch 43400/43947 | Loss: 3.1885 | LR: 0.000027
Epoch 9/100 | Batch 43500/43947 | Loss: 3.1909 | LR: 0.000027
Epoch 9/100 | Batch 43600/43947 | Loss: 3.2097 | LR: 0.000027
Epoch 9/100 | Batch 43700/43947 | Loss: 3.1731 | LR: 0.000027
Epoch 9/100 | Batch 43800/43947 | Loss: 3.1902 | LR: 0.000027
Epoch 9/100 | Batch 43900/43947 | Loss: 3.1808 | LR: 0.000027

Epoch 9/100 Summary:
Average Training Loss: 3.2108
Average Validation Loss: 3.0912
Best Validation Loss: 3.0912
Learning Rate: 0.000027
Epoch 10/100 | Batch 0/43947 | Loss: 3.3089 | LR: 0.000023
Epoch 10/100 | Batch 100/43947 | Loss: 3.1366 | LR: 0.000023
Epoch 10/100 | Batch 200/43947 | Loss: 3.2516 | LR: 0.000023
Epoch 10/100 | Batch 300/43947 | Loss: 3.1301 | LR: 0.000023
Epoch 10/100 | Batch 400/43947 | Loss: 3.2717 | LR: 0.000023
Epoch 10/100 | Batch 500/43947 | Loss: 3.2498 | LR: 0.000023
Epoch 10/100 | Batch 600/43947 | Loss: 3.2909 | LR: 0.000023
Epoch 10/100 | Batch 700/43947 | Loss: 3.2101 | LR: 0.000023
Epoch 10/100 | Batch 800/43947 | Loss: 3.2066 | LR: 0.000023
Epoch 10/100 | Batch 900/43947 | Loss: 3.1972 | LR: 0.000023
Epoch 10/100 | Batch 1000/43947 | Loss: 3.2224 | LR: 0.000023
Epoch 10/100 | Batch 1100/43947 | Loss: 3.3653 | LR: 0.000023
Epoch 10/100 | Batch 1200/43947 | Loss: 3.1803 | LR: 0.000023
Epoch 10/100 | Batch 1300/43947 | Loss: 3.2353 | LR: 0.000023
Epoch 10/100 | Batch 1400/43947 | Loss: 3.1597 | LR: 0.000023
Epoch 10/100 | Batch 1500/43947 | Loss: 3.2742 | LR: 0.000023
Epoch 10/100 | Batch 1600/43947 | Loss: 3.2754 | LR: 0.000023
Epoch 10/100 | Batch 1700/43947 | Loss: 3.1611 | LR: 0.000023
Epoch 10/100 | Batch 1800/43947 | Loss: 3.1445 | LR: 0.000023
Epoch 10/100 | Batch 1900/43947 | Loss: 3.2332 | LR: 0.000023
Epoch 10/100 | Batch 2000/43947 | Loss: 3.3495 | LR: 0.000023
Epoch 10/100 | Batch 2100/43947 | Loss: 3.1918 | LR: 0.000023
Epoch 10/100 | Batch 2200/43947 | Loss: 3.2549 | LR: 0.000023
Epoch 10/100 | Batch 2300/43947 | Loss: 3.2030 | LR: 0.000023
Epoch 10/100 | Batch 2400/43947 | Loss: 3.1920 | LR: 0.000023
Epoch 10/100 | Batch 2500/43947 | Loss: 3.2284 | LR: 0.000023
Epoch 10/100 | Batch 2600/43947 | Loss: 3.2402 | LR: 0.000023
Epoch 10/100 | Batch 2700/43947 | Loss: 3.2531 | LR: 0.000023
Epoch 10/100 | Batch 2800/43947 | Loss: 3.2045 | LR: 0.000023
Epoch 10/100 | Batch 2900/43947 | Loss: 3.1848 | LR: 0.000023
Epoch 10/100 | Batch 3000/43947 | Loss: 3.1743 | LR: 0.000023
Epoch 10/100 | Batch 3100/43947 | Loss: 3.1599 | LR: 0.000023
Epoch 10/100 | Batch 3200/43947 | Loss: 3.1818 | LR: 0.000023
Epoch 10/100 | Batch 3300/43947 | Loss: 3.1800 | LR: 0.000023
Epoch 10/100 | Batch 3400/43947 | Loss: 3.1384 | LR: 0.000023
Epoch 10/100 | Batch 3500/43947 | Loss: 3.2397 | LR: 0.000023
Epoch 10/100 | Batch 3600/43947 | Loss: 3.1368 | LR: 0.000023
Epoch 10/100 | Batch 3700/43947 | Loss: 3.2332 | LR: 0.000023
Epoch 10/100 | Batch 3800/43947 | Loss: 3.3082 | LR: 0.000023
Epoch 10/100 | Batch 3900/43947 | Loss: 3.2162 | LR: 0.000023
Epoch 10/100 | Batch 4000/43947 | Loss: 3.1799 | LR: 0.000023
Epoch 10/100 | Batch 4100/43947 | Loss: 3.2592 | LR: 0.000023
Epoch 10/100 | Batch 4200/43947 | Loss: 3.1669 | LR: 0.000023
Epoch 10/100 | Batch 4300/43947 | Loss: 3.2177 | LR: 0.000023
Epoch 10/100 | Batch 4400/43947 | Loss: 3.1867 | LR: 0.000023
Epoch 10/100 | Batch 4500/43947 | Loss: 3.2388 | LR: 0.000023
Epoch 10/100 | Batch 4600/43947 | Loss: 3.2133 | LR: 0.000023
Epoch 10/100 | Batch 4700/43947 | Loss: 3.2334 | LR: 0.000023
Epoch 10/100 | Batch 4800/43947 | Loss: 3.2299 | LR: 0.000023
Epoch 10/100 | Batch 4900/43947 | Loss: 3.2144 | LR: 0.000023
Epoch 10/100 | Batch 5000/43947 | Loss: 3.1743 | LR: 0.000023
Epoch 10/100 | Batch 5100/43947 | Loss: 3.2462 | LR: 0.000023
Epoch 10/100 | Batch 5200/43947 | Loss: 3.2321 | LR: 0.000023
Epoch 10/100 | Batch 5300/43947 | Loss: 3.2254 | LR: 0.000023
Epoch 10/100 | Batch 5400/43947 | Loss: 3.1536 | LR: 0.000023
Epoch 10/100 | Batch 5500/43947 | Loss: 3.1947 | LR: 0.000023
Epoch 10/100 | Batch 5600/43947 | Loss: 3.2080 | LR: 0.000023
Epoch 10/100 | Batch 5700/43947 | Loss: 3.2049 | LR: 0.000023
Epoch 10/100 | Batch 5800/43947 | Loss: 3.1667 | LR: 0.000023
Epoch 10/100 | Batch 5900/43947 | Loss: 3.1959 | LR: 0.000023
Epoch 10/100 | Batch 6000/43947 | Loss: 3.2017 | LR: 0.000023
Epoch 10/100 | Batch 6100/43947 | Loss: 3.2239 | LR: 0.000023
Epoch 10/100 | Batch 6200/43947 | Loss: 3.2365 | LR: 0.000023
Epoch 10/100 | Batch 6300/43947 | Loss: 3.2095 | LR: 0.000023
Epoch 10/100 | Batch 6400/43947 | Loss: 3.3233 | LR: 0.000023
Epoch 10/100 | Batch 6500/43947 | Loss: 3.2285 | LR: 0.000023
Epoch 10/100 | Batch 6600/43947 | Loss: 3.1012 | LR: 0.000023
Epoch 10/100 | Batch 6700/43947 | Loss: 3.2030 | LR: 0.000023
Epoch 10/100 | Batch 6800/43947 | Loss: 3.3456 | LR: 0.000023
Epoch 10/100 | Batch 6900/43947 | Loss: 3.2347 | LR: 0.000023
Epoch 10/100 | Batch 7000/43947 | Loss: 3.2059 | LR: 0.000023
Epoch 10/100 | Batch 7100/43947 | Loss: 3.2298 | LR: 0.000023
Epoch 10/100 | Batch 7200/43947 | Loss: 3.2462 | LR: 0.000023
Epoch 10/100 | Batch 7300/43947 | Loss: 3.2862 | LR: 0.000023
Epoch 10/100 | Batch 7400/43947 | Loss: 3.1763 | LR: 0.000023
Epoch 10/100 | Batch 7500/43947 | Loss: 3.1994 | LR: 0.000023
Epoch 10/100 | Batch 7600/43947 | Loss: 3.1120 | LR: 0.000023
Epoch 10/100 | Batch 7700/43947 | Loss: 3.2306 | LR: 0.000023
Epoch 10/100 | Batch 7800/43947 | Loss: 3.1949 | LR: 0.000023
Epoch 10/100 | Batch 7900/43947 | Loss: 3.1758 | LR: 0.000023
Epoch 10/100 | Batch 8000/43947 | Loss: 3.2389 | LR: 0.000023
Epoch 10/100 | Batch 8100/43947 | Loss: 3.1740 | LR: 0.000023
Epoch 10/100 | Batch 8200/43947 | Loss: 3.2269 | LR: 0.000023
Epoch 10/100 | Batch 8300/43947 | Loss: 3.2230 | LR: 0.000023
Epoch 10/100 | Batch 8400/43947 | Loss: 3.2174 | LR: 0.000023
Epoch 10/100 | Batch 8500/43947 | Loss: 3.1241 | LR: 0.000023
Epoch 10/100 | Batch 8600/43947 | Loss: 3.1853 | LR: 0.000023
Epoch 10/100 | Batch 8700/43947 | Loss: 3.2242 | LR: 0.000023
Epoch 10/100 | Batch 8800/43947 | Loss: 3.2250 | LR: 0.000023
Epoch 10/100 | Batch 8900/43947 | Loss: 3.2074 | LR: 0.000023
Epoch 10/100 | Batch 9000/43947 | Loss: 3.2035 | LR: 0.000023
Epoch 10/100 | Batch 9100/43947 | Loss: 3.1803 | LR: 0.000023
Epoch 10/100 | Batch 9200/43947 | Loss: 3.1874 | LR: 0.000023
Epoch 10/100 | Batch 9300/43947 | Loss: 3.2083 | LR: 0.000023
Epoch 10/100 | Batch 9400/43947 | Loss: 3.1945 | LR: 0.000023
Epoch 10/100 | Batch 9500/43947 | Loss: 3.2195 | LR: 0.000023
Epoch 10/100 | Batch 9600/43947 | Loss: 3.2109 | LR: 0.000023
Epoch 10/100 | Batch 9700/43947 | Loss: 3.1819 | LR: 0.000023
Epoch 10/100 | Batch 9800/43947 | Loss: 3.1959 | LR: 0.000023
Epoch 10/100 | Batch 9900/43947 | Loss: 3.1912 | LR: 0.000023
Epoch 10/100 | Batch 10000/43947 | Loss: 3.2438 | LR: 0.000023
Epoch 10/100 | Batch 10100/43947 | Loss: 3.2315 | LR: 0.000023
Epoch 10/100 | Batch 10200/43947 | Loss: 3.2228 | LR: 0.000023
Epoch 10/100 | Batch 10300/43947 | Loss: 3.2469 | LR: 0.000023
Epoch 10/100 | Batch 10400/43947 | Loss: 3.2135 | LR: 0.000023
Epoch 10/100 | Batch 10500/43947 | Loss: 3.1805 | LR: 0.000023
Epoch 10/100 | Batch 10600/43947 | Loss: 3.1968 | LR: 0.000023
Epoch 10/100 | Batch 10700/43947 | Loss: 3.2957 | LR: 0.000023
Epoch 10/100 | Batch 10800/43947 | Loss: 3.2065 | LR: 0.000023
Epoch 10/100 | Batch 10900/43947 | Loss: 3.2302 | LR: 0.000023
Epoch 10/100 | Batch 11000/43947 | Loss: 3.2786 | LR: 0.000023
Epoch 10/100 | Batch 11100/43947 | Loss: 3.1780 | LR: 0.000023
Epoch 10/100 | Batch 11200/43947 | Loss: 3.1430 | LR: 0.000023
Epoch 10/100 | Batch 11300/43947 | Loss: 3.2562 | LR: 0.000023
Epoch 10/100 | Batch 11400/43947 | Loss: 3.1719 | LR: 0.000023
Epoch 10/100 | Batch 11500/43947 | Loss: 3.2266 | LR: 0.000023
Epoch 10/100 | Batch 11600/43947 | Loss: 3.1933 | LR: 0.000023
Epoch 10/100 | Batch 11700/43947 | Loss: 3.1994 | LR: 0.000023
Epoch 10/100 | Batch 11800/43947 | Loss: 3.2705 | LR: 0.000023
Epoch 10/100 | Batch 11900/43947 | Loss: 3.1902 | LR: 0.000023
Epoch 10/100 | Batch 12000/43947 | Loss: 3.2147 | LR: 0.000023
Epoch 10/100 | Batch 12100/43947 | Loss: 3.2194 | LR: 0.000023
Epoch 10/100 | Batch 12200/43947 | Loss: 3.2209 | LR: 0.000023
Epoch 10/100 | Batch 12300/43947 | Loss: 3.2050 | LR: 0.000023
Epoch 10/100 | Batch 12400/43947 | Loss: 3.1910 | LR: 0.000023
Epoch 10/100 | Batch 12500/43947 | Loss: 3.1966 | LR: 0.000023
Epoch 10/100 | Batch 12600/43947 | Loss: 3.3355 | LR: 0.000023
Epoch 10/100 | Batch 12700/43947 | Loss: 3.2185 | LR: 0.000023
Epoch 10/100 | Batch 12800/43947 | Loss: 3.1767 | LR: 0.000023
Epoch 10/100 | Batch 12900/43947 | Loss: 3.2137 | LR: 0.000023
Epoch 10/100 | Batch 13000/43947 | Loss: 3.1145 | LR: 0.000023
Epoch 10/100 | Batch 13100/43947 | Loss: 3.1539 | LR: 0.000023
Epoch 10/100 | Batch 13200/43947 | Loss: 3.2056 | LR: 0.000023
Epoch 10/100 | Batch 13300/43947 | Loss: 3.2035 | LR: 0.000023
Epoch 10/100 | Batch 13400/43947 | Loss: 3.2315 | LR: 0.000023
Epoch 10/100 | Batch 13500/43947 | Loss: 3.2204 | LR: 0.000023
Epoch 10/100 | Batch 13600/43947 | Loss: 3.1142 | LR: 0.000023
Epoch 10/100 | Batch 13700/43947 | Loss: 3.2360 | LR: 0.000023
Epoch 10/100 | Batch 13800/43947 | Loss: 3.1859 | LR: 0.000023
Epoch 10/100 | Batch 13900/43947 | Loss: 3.2002 | LR: 0.000023
Epoch 10/100 | Batch 14000/43947 | Loss: 3.2247 | LR: 0.000023
Epoch 10/100 | Batch 14100/43947 | Loss: 3.1682 | LR: 0.000023
Epoch 10/100 | Batch 14200/43947 | Loss: 3.2112 | LR: 0.000023
Epoch 10/100 | Batch 14300/43947 | Loss: 3.1730 | LR: 0.000023
Epoch 10/100 | Batch 14400/43947 | Loss: 3.2143 | LR: 0.000023
Epoch 10/100 | Batch 14500/43947 | Loss: 3.1877 | LR: 0.000023
Epoch 10/100 | Batch 14600/43947 | Loss: 3.2218 | LR: 0.000023
Epoch 10/100 | Batch 14700/43947 | Loss: 3.1963 | LR: 0.000023
Epoch 10/100 | Batch 14800/43947 | Loss: 3.2181 | LR: 0.000023
Epoch 10/100 | Batch 14900/43947 | Loss: 3.1885 | LR: 0.000023
Epoch 10/100 | Batch 15000/43947 | Loss: 3.2444 | LR: 0.000023
Epoch 10/100 | Batch 15100/43947 | Loss: 3.2595 | LR: 0.000023
Epoch 10/100 | Batch 15200/43947 | Loss: 3.1762 | LR: 0.000023
Epoch 10/100 | Batch 15300/43947 | Loss: 3.3177 | LR: 0.000023
Epoch 10/100 | Batch 15400/43947 | Loss: 3.1989 | LR: 0.000023
Epoch 10/100 | Batch 15500/43947 | Loss: 3.2255 | LR: 0.000023
Epoch 10/100 | Batch 15600/43947 | Loss: 3.1403 | LR: 0.000023
Epoch 10/100 | Batch 15700/43947 | Loss: 3.2567 | LR: 0.000023
Epoch 10/100 | Batch 15800/43947 | Loss: 3.1781 | LR: 0.000023
Epoch 10/100 | Batch 15900/43947 | Loss: 3.1649 | LR: 0.000023
Epoch 10/100 | Batch 16000/43947 | Loss: 3.2113 | LR: 0.000023
Epoch 10/100 | Batch 16100/43947 | Loss: 3.1917 | LR: 0.000023
Epoch 10/100 | Batch 16200/43947 | Loss: 3.1569 | LR: 0.000023
Epoch 10/100 | Batch 16300/43947 | Loss: 3.2172 | LR: 0.000023
Epoch 10/100 | Batch 16400/43947 | Loss: 3.1793 | LR: 0.000023
Epoch 10/100 | Batch 16500/43947 | Loss: 3.2018 | LR: 0.000023
Epoch 10/100 | Batch 16600/43947 | Loss: 3.1759 | LR: 0.000023
Epoch 10/100 | Batch 16700/43947 | Loss: 3.2518 | LR: 0.000023
Epoch 10/100 | Batch 16800/43947 | Loss: 3.3219 | LR: 0.000023
Epoch 10/100 | Batch 16900/43947 | Loss: 3.1507 | LR: 0.000023
Epoch 10/100 | Batch 17000/43947 | Loss: 3.2502 | LR: 0.000023
Epoch 10/100 | Batch 17100/43947 | Loss: 3.2593 | LR: 0.000023
Epoch 10/100 | Batch 17200/43947 | Loss: 3.1940 | LR: 0.000023
Epoch 10/100 | Batch 17300/43947 | Loss: 3.2246 | LR: 0.000023
Epoch 10/100 | Batch 17400/43947 | Loss: 3.2147 | LR: 0.000023
Epoch 10/100 | Batch 17500/43947 | Loss: 3.2202 | LR: 0.000023
Epoch 10/100 | Batch 17600/43947 | Loss: 3.1681 | LR: 0.000023
Epoch 10/100 | Batch 17700/43947 | Loss: 3.2114 | LR: 0.000023
Epoch 10/100 | Batch 17800/43947 | Loss: 3.1994 | LR: 0.000023
Epoch 10/100 | Batch 17900/43947 | Loss: 3.2375 | LR: 0.000023
Epoch 10/100 | Batch 18000/43947 | Loss: 3.2756 | LR: 0.000023
Epoch 10/100 | Batch 18100/43947 | Loss: 3.2789 | LR: 0.000023
Epoch 10/100 | Batch 18200/43947 | Loss: 3.2077 | LR: 0.000023
Epoch 10/100 | Batch 18300/43947 | Loss: 3.1309 | LR: 0.000023
Epoch 10/100 | Batch 18400/43947 | Loss: 3.1118 | LR: 0.000023
Epoch 10/100 | Batch 18500/43947 | Loss: 3.1627 | LR: 0.000023
Epoch 10/100 | Batch 18600/43947 | Loss: 3.2189 | LR: 0.000023
Epoch 10/100 | Batch 18700/43947 | Loss: 3.2060 | LR: 0.000023
Epoch 10/100 | Batch 18800/43947 | Loss: 3.1940 | LR: 0.000023
Epoch 10/100 | Batch 18900/43947 | Loss: 3.2665 | LR: 0.000023
Epoch 10/100 | Batch 19000/43947 | Loss: 3.2385 | LR: 0.000023
Epoch 10/100 | Batch 19100/43947 | Loss: 3.2318 | LR: 0.000023
Epoch 10/100 | Batch 19200/43947 | Loss: 3.1639 | LR: 0.000023
Epoch 10/100 | Batch 19300/43947 | Loss: 3.1938 | LR: 0.000023
Epoch 10/100 | Batch 19400/43947 | Loss: 3.1820 | LR: 0.000023
Epoch 10/100 | Batch 19500/43947 | Loss: 3.1926 | LR: 0.000023
Epoch 10/100 | Batch 19600/43947 | Loss: 3.1583 | LR: 0.000023
Epoch 10/100 | Batch 19700/43947 | Loss: 3.1812 | LR: 0.000023
Epoch 10/100 | Batch 19800/43947 | Loss: 3.1914 | LR: 0.000023
Epoch 10/100 | Batch 19900/43947 | Loss: 3.1949 | LR: 0.000023
Epoch 10/100 | Batch 20000/43947 | Loss: 3.2512 | LR: 0.000023
Epoch 10/100 | Batch 20100/43947 | Loss: 3.1479 | LR: 0.000023
Epoch 10/100 | Batch 20200/43947 | Loss: 3.1563 | LR: 0.000023
Epoch 10/100 | Batch 20300/43947 | Loss: 3.2166 | LR: 0.000023
Epoch 10/100 | Batch 20400/43947 | Loss: 3.2256 | LR: 0.000023
Epoch 10/100 | Batch 20500/43947 | Loss: 3.2337 | LR: 0.000023
Epoch 10/100 | Batch 20600/43947 | Loss: 3.1749 | LR: 0.000023
Epoch 10/100 | Batch 20700/43947 | Loss: 3.0944 | LR: 0.000023
Epoch 10/100 | Batch 20800/43947 | Loss: 3.1669 | LR: 0.000023
Epoch 10/100 | Batch 20900/43947 | Loss: 3.1899 | LR: 0.000023
Epoch 10/100 | Batch 21000/43947 | Loss: 3.2504 | LR: 0.000023
Epoch 10/100 | Batch 21100/43947 | Loss: 3.2038 | LR: 0.000023
Epoch 10/100 | Batch 21200/43947 | Loss: 3.1369 | LR: 0.000023
Epoch 10/100 | Batch 21300/43947 | Loss: 3.1879 | LR: 0.000023
Epoch 10/100 | Batch 21400/43947 | Loss: 3.1864 | LR: 0.000023
Epoch 10/100 | Batch 21500/43947 | Loss: 3.1567 | LR: 0.000023
Epoch 10/100 | Batch 21600/43947 | Loss: 3.1445 | LR: 0.000023
Epoch 10/100 | Batch 21700/43947 | Loss: 3.2884 | LR: 0.000023
Epoch 10/100 | Batch 21800/43947 | Loss: 3.2153 | LR: 0.000023
Epoch 10/100 | Batch 21900/43947 | Loss: 3.2534 | LR: 0.000023
Epoch 10/100 | Batch 22000/43947 | Loss: 3.1508 | LR: 0.000023
Epoch 10/100 | Batch 22100/43947 | Loss: 3.2435 | LR: 0.000023
Epoch 10/100 | Batch 22200/43947 | Loss: 3.1971 | LR: 0.000023
Epoch 10/100 | Batch 22300/43947 | Loss: 3.2497 | LR: 0.000023
Epoch 10/100 | Batch 22400/43947 | Loss: 3.1972 | LR: 0.000023
Epoch 10/100 | Batch 22500/43947 | Loss: 3.1929 | LR: 0.000023
Epoch 10/100 | Batch 22600/43947 | Loss: 3.2107 | LR: 0.000023
Epoch 10/100 | Batch 22700/43947 | Loss: 3.2131 | LR: 0.000023
Epoch 10/100 | Batch 22800/43947 | Loss: 3.1862 | LR: 0.000023
Epoch 10/100 | Batch 22900/43947 | Loss: 3.1800 | LR: 0.000023
Epoch 10/100 | Batch 23000/43947 | Loss: 3.1614 | LR: 0.000023
Epoch 10/100 | Batch 23100/43947 | Loss: 3.1619 | LR: 0.000023
Epoch 10/100 | Batch 23200/43947 | Loss: 3.1696 | LR: 0.000023
Epoch 10/100 | Batch 23300/43947 | Loss: 3.1584 | LR: 0.000023
Epoch 10/100 | Batch 23400/43947 | Loss: 3.1625 | LR: 0.000023
Epoch 10/100 | Batch 23500/43947 | Loss: 3.2119 | LR: 0.000023
Epoch 10/100 | Batch 23600/43947 | Loss: 3.2677 | LR: 0.000023
Epoch 10/100 | Batch 23700/43947 | Loss: 3.2177 | LR: 0.000023
Epoch 10/100 | Batch 23800/43947 | Loss: 3.1867 | LR: 0.000023
Epoch 10/100 | Batch 23900/43947 | Loss: 3.2224 | LR: 0.000023
Epoch 10/100 | Batch 24000/43947 | Loss: 3.1885 | LR: 0.000023
Epoch 10/100 | Batch 24100/43947 | Loss: 3.1871 | LR: 0.000023
Epoch 10/100 | Batch 24200/43947 | Loss: 3.1750 | LR: 0.000023
Epoch 10/100 | Batch 24300/43947 | Loss: 3.1846 | LR: 0.000023
Epoch 10/100 | Batch 24400/43947 | Loss: 3.1936 | LR: 0.000023
Epoch 10/100 | Batch 24500/43947 | Loss: 3.2288 | LR: 0.000023
Epoch 10/100 | Batch 24600/43947 | Loss: 3.2023 | LR: 0.000023
Epoch 10/100 | Batch 24700/43947 | Loss: 3.2267 | LR: 0.000023
Epoch 10/100 | Batch 24800/43947 | Loss: 3.1888 | LR: 0.000023
Epoch 10/100 | Batch 24900/43947 | Loss: 3.2581 | LR: 0.000023
Epoch 10/100 | Batch 25000/43947 | Loss: 3.1890 | LR: 0.000023
Epoch 10/100 | Batch 25100/43947 | Loss: 3.2322 | LR: 0.000023
Epoch 10/100 | Batch 25200/43947 | Loss: 3.2513 | LR: 0.000023
Epoch 10/100 | Batch 25300/43947 | Loss: 3.1489 | LR: 0.000023
Epoch 10/100 | Batch 25400/43947 | Loss: 3.2197 | LR: 0.000023
Epoch 10/100 | Batch 25500/43947 | Loss: 3.2533 | LR: 0.000023
Epoch 10/100 | Batch 25600/43947 | Loss: 3.1824 | LR: 0.000023
Epoch 10/100 | Batch 25700/43947 | Loss: 3.2150 | LR: 0.000023
Epoch 10/100 | Batch 25800/43947 | Loss: 3.1794 | LR: 0.000023
Epoch 10/100 | Batch 25900/43947 | Loss: 3.2796 | LR: 0.000023
Epoch 10/100 | Batch 26000/43947 | Loss: 3.2149 | LR: 0.000023
Epoch 10/100 | Batch 26100/43947 | Loss: 3.2763 | LR: 0.000023
Epoch 10/100 | Batch 26200/43947 | Loss: 3.2115 | LR: 0.000023
Epoch 10/100 | Batch 26300/43947 | Loss: 3.1760 | LR: 0.000023
Epoch 10/100 | Batch 26400/43947 | Loss: 3.2157 | LR: 0.000023
Epoch 10/100 | Batch 26500/43947 | Loss: 3.1884 | LR: 0.000023
Epoch 10/100 | Batch 26600/43947 | Loss: 3.1960 | LR: 0.000023
Epoch 10/100 | Batch 26700/43947 | Loss: 3.2835 | LR: 0.000023
Epoch 10/100 | Batch 26800/43947 | Loss: 3.2705 | LR: 0.000023
Epoch 10/100 | Batch 26900/43947 | Loss: 3.2177 | LR: 0.000023
Epoch 10/100 | Batch 27000/43947 | Loss: 3.2429 | LR: 0.000023
Epoch 10/100 | Batch 27100/43947 | Loss: 3.1911 | LR: 0.000023
Epoch 10/100 | Batch 27200/43947 | Loss: 3.2256 | LR: 0.000023
Epoch 10/100 | Batch 27300/43947 | Loss: 3.1461 | LR: 0.000023
Epoch 10/100 | Batch 27400/43947 | Loss: 3.2400 | LR: 0.000023
Epoch 10/100 | Batch 27500/43947 | Loss: 3.2002 | LR: 0.000023
Epoch 10/100 | Batch 27600/43947 | Loss: 3.1337 | LR: 0.000023
Epoch 10/100 | Batch 27700/43947 | Loss: 3.1413 | LR: 0.000023
Epoch 10/100 | Batch 27800/43947 | Loss: 3.2213 | LR: 0.000023
Epoch 10/100 | Batch 27900/43947 | Loss: 3.2311 | LR: 0.000023
Epoch 10/100 | Batch 28000/43947 | Loss: 3.1817 | LR: 0.000023
Epoch 10/100 | Batch 28100/43947 | Loss: 3.1800 | LR: 0.000023
Epoch 10/100 | Batch 28200/43947 | Loss: 3.2786 | LR: 0.000023
Epoch 10/100 | Batch 28300/43947 | Loss: 3.1876 | LR: 0.000023
Epoch 10/100 | Batch 28400/43947 | Loss: 3.2303 | LR: 0.000023
Epoch 10/100 | Batch 28500/43947 | Loss: 3.1954 | LR: 0.000023
Epoch 10/100 | Batch 28600/43947 | Loss: 3.2343 | LR: 0.000023
Epoch 10/100 | Batch 28700/43947 | Loss: 3.2239 | LR: 0.000023
Epoch 10/100 | Batch 28800/43947 | Loss: 3.1583 | LR: 0.000023
Epoch 10/100 | Batch 28900/43947 | Loss: 3.2086 | LR: 0.000023
Epoch 10/100 | Batch 29000/43947 | Loss: 3.2427 | LR: 0.000023
Epoch 10/100 | Batch 29100/43947 | Loss: 3.1351 | LR: 0.000023
Epoch 10/100 | Batch 29200/43947 | Loss: 3.1965 | LR: 0.000023
Epoch 10/100 | Batch 29300/43947 | Loss: 3.2303 | LR: 0.000023
Epoch 10/100 | Batch 29400/43947 | Loss: 3.1462 | LR: 0.000023
Epoch 10/100 | Batch 29500/43947 | Loss: 3.1872 | LR: 0.000023
Epoch 10/100 | Batch 29600/43947 | Loss: 3.2562 | LR: 0.000023
Epoch 10/100 | Batch 29700/43947 | Loss: 3.2333 | LR: 0.000023
Epoch 10/100 | Batch 29800/43947 | Loss: 3.1927 | LR: 0.000023
Epoch 10/100 | Batch 29900/43947 | Loss: 3.2055 | LR: 0.000023
Epoch 10/100 | Batch 30000/43947 | Loss: 3.2892 | LR: 0.000023
Epoch 10/100 | Batch 30100/43947 | Loss: 3.1700 | LR: 0.000023
Epoch 10/100 | Batch 30200/43947 | Loss: 3.1706 | LR: 0.000023
Epoch 10/100 | Batch 30300/43947 | Loss: 3.2017 | LR: 0.000023
Epoch 10/100 | Batch 30400/43947 | Loss: 3.2477 | LR: 0.000023
Epoch 10/100 | Batch 30500/43947 | Loss: 3.2358 | LR: 0.000023
Epoch 10/100 | Batch 30600/43947 | Loss: 3.1890 | LR: 0.000023
Epoch 10/100 | Batch 30700/43947 | Loss: 3.2184 | LR: 0.000023
Epoch 10/100 | Batch 30800/43947 | Loss: 3.1737 | LR: 0.000023
Epoch 10/100 | Batch 30900/43947 | Loss: 3.1934 | LR: 0.000023
Epoch 10/100 | Batch 31000/43947 | Loss: 3.2260 | LR: 0.000023
Epoch 10/100 | Batch 31100/43947 | Loss: 3.2844 | LR: 0.000023
Epoch 10/100 | Batch 31200/43947 | Loss: 3.1725 | LR: 0.000023
Epoch 10/100 | Batch 31300/43947 | Loss: 3.2204 | LR: 0.000023
Epoch 10/100 | Batch 31400/43947 | Loss: 3.1741 | LR: 0.000023
Epoch 10/100 | Batch 31500/43947 | Loss: 3.1482 | LR: 0.000023
Epoch 10/100 | Batch 31600/43947 | Loss: 3.2285 | LR: 0.000023
Epoch 10/100 | Batch 31700/43947 | Loss: 3.1594 | LR: 0.000023
Epoch 10/100 | Batch 31800/43947 | Loss: 3.2481 | LR: 0.000023
Epoch 10/100 | Batch 31900/43947 | Loss: 3.3115 | LR: 0.000023
Epoch 10/100 | Batch 32000/43947 | Loss: 3.1781 | LR: 0.000023
Epoch 10/100 | Batch 32100/43947 | Loss: 3.1768 | LR: 0.000023
Epoch 10/100 | Batch 32200/43947 | Loss: 3.2374 | LR: 0.000023
Epoch 10/100 | Batch 32300/43947 | Loss: 3.1395 | LR: 0.000023
Epoch 10/100 | Batch 32400/43947 | Loss: 3.2550 | LR: 0.000023
Epoch 10/100 | Batch 32500/43947 | Loss: 3.2642 | LR: 0.000023
Epoch 10/100 | Batch 32600/43947 | Loss: 3.1411 | LR: 0.000023
Epoch 10/100 | Batch 32700/43947 | Loss: 3.1672 | LR: 0.000023
Epoch 10/100 | Batch 32800/43947 | Loss: 3.2421 | LR: 0.000023
Epoch 10/100 | Batch 32900/43947 | Loss: 3.1603 | LR: 0.000023
Epoch 10/100 | Batch 33000/43947 | Loss: 3.2360 | LR: 0.000023
Epoch 10/100 | Batch 33100/43947 | Loss: 3.1915 | LR: 0.000023
Epoch 10/100 | Batch 33200/43947 | Loss: 3.2066 | LR: 0.000023
Epoch 10/100 | Batch 33300/43947 | Loss: 3.2546 | LR: 0.000023
Epoch 10/100 | Batch 33400/43947 | Loss: 3.1592 | LR: 0.000023
Epoch 10/100 | Batch 33500/43947 | Loss: 3.1742 | LR: 0.000023
Epoch 10/100 | Batch 33600/43947 | Loss: 3.1216 | LR: 0.000023
Epoch 10/100 | Batch 33700/43947 | Loss: 3.1899 | LR: 0.000023
Epoch 10/100 | Batch 33800/43947 | Loss: 3.2119 | LR: 0.000023
Epoch 10/100 | Batch 33900/43947 | Loss: 3.2740 | LR: 0.000023
Epoch 10/100 | Batch 34000/43947 | Loss: 3.1833 | LR: 0.000023
Epoch 10/100 | Batch 34100/43947 | Loss: 3.1705 | LR: 0.000023
Epoch 10/100 | Batch 34200/43947 | Loss: 3.1947 | LR: 0.000023
Epoch 10/100 | Batch 34300/43947 | Loss: 3.2278 | LR: 0.000023
Epoch 10/100 | Batch 34400/43947 | Loss: 3.1902 | LR: 0.000023
Epoch 10/100 | Batch 34500/43947 | Loss: 3.1790 | LR: 0.000023
Epoch 10/100 | Batch 34600/43947 | Loss: 3.2421 | LR: 0.000023
Epoch 10/100 | Batch 34700/43947 | Loss: 3.1628 | LR: 0.000023
Epoch 10/100 | Batch 34800/43947 | Loss: 3.2308 | LR: 0.000023
Epoch 10/100 | Batch 34900/43947 | Loss: 3.2565 | LR: 0.000023
Epoch 10/100 | Batch 35000/43947 | Loss: 3.1904 | LR: 0.000023
Epoch 10/100 | Batch 35100/43947 | Loss: 3.2164 | LR: 0.000023
Epoch 10/100 | Batch 35200/43947 | Loss: 3.2399 | LR: 0.000023
Epoch 10/100 | Batch 35300/43947 | Loss: 3.2401 | LR: 0.000023
Epoch 10/100 | Batch 35400/43947 | Loss: 3.1840 | LR: 0.000023
Epoch 10/100 | Batch 35500/43947 | Loss: 3.2053 | LR: 0.000023
Epoch 10/100 | Batch 35600/43947 | Loss: 3.1990 | LR: 0.000023
Epoch 10/100 | Batch 35700/43947 | Loss: 3.1530 | LR: 0.000023
Epoch 10/100 | Batch 35800/43947 | Loss: 3.1779 | LR: 0.000023
Epoch 10/100 | Batch 35900/43947 | Loss: 3.1653 | LR: 0.000023
Epoch 10/100 | Batch 36000/43947 | Loss: 3.2250 | LR: 0.000023
Epoch 10/100 | Batch 36100/43947 | Loss: 3.2017 | LR: 0.000023
Epoch 10/100 | Batch 36200/43947 | Loss: 3.2290 | LR: 0.000023
Epoch 10/100 | Batch 36300/43947 | Loss: 3.3098 | LR: 0.000023
Epoch 10/100 | Batch 36400/43947 | Loss: 3.1680 | LR: 0.000023
Epoch 10/100 | Batch 36500/43947 | Loss: 3.1670 | LR: 0.000023
Epoch 10/100 | Batch 36600/43947 | Loss: 3.2087 | LR: 0.000023
Epoch 10/100 | Batch 36700/43947 | Loss: 3.2223 | LR: 0.000023
Epoch 10/100 | Batch 36800/43947 | Loss: 3.1731 | LR: 0.000023
Epoch 10/100 | Batch 36900/43947 | Loss: 3.1673 | LR: 0.000023
Epoch 10/100 | Batch 37000/43947 | Loss: 3.1588 | LR: 0.000023
Epoch 10/100 | Batch 37100/43947 | Loss: 3.2303 | LR: 0.000023
Epoch 10/100 | Batch 37200/43947 | Loss: 3.1695 | LR: 0.000023
Epoch 10/100 | Batch 37300/43947 | Loss: 3.2571 | LR: 0.000023
Epoch 10/100 | Batch 37400/43947 | Loss: 3.2626 | LR: 0.000023
Epoch 10/100 | Batch 37500/43947 | Loss: 3.1434 | LR: 0.000023
Epoch 10/100 | Batch 37600/43947 | Loss: 3.1980 | LR: 0.000023
Epoch 10/100 | Batch 37700/43947 | Loss: 3.1878 | LR: 0.000023
Epoch 10/100 | Batch 37800/43947 | Loss: 3.1946 | LR: 0.000023
Epoch 10/100 | Batch 37900/43947 | Loss: 3.2405 | LR: 0.000023
Epoch 10/100 | Batch 38000/43947 | Loss: 3.1837 | LR: 0.000023
Epoch 10/100 | Batch 38100/43947 | Loss: 3.1964 | LR: 0.000023
Epoch 10/100 | Batch 38200/43947 | Loss: 3.1614 | LR: 0.000023
Epoch 10/100 | Batch 38300/43947 | Loss: 3.1410 | LR: 0.000023
Epoch 10/100 | Batch 38400/43947 | Loss: 3.1631 | LR: 0.000023
Epoch 10/100 | Batch 38500/43947 | Loss: 3.1419 | LR: 0.000023
Epoch 10/100 | Batch 38600/43947 | Loss: 3.1842 | LR: 0.000023
Epoch 10/100 | Batch 38700/43947 | Loss: 3.2180 | LR: 0.000023
Epoch 10/100 | Batch 38800/43947 | Loss: 3.1903 | LR: 0.000023
Epoch 10/100 | Batch 38900/43947 | Loss: 3.1521 | LR: 0.000023
Epoch 10/100 | Batch 39000/43947 | Loss: 3.1965 | LR: 0.000023
Epoch 10/100 | Batch 39100/43947 | Loss: 3.2098 | LR: 0.000023
Epoch 10/100 | Batch 39200/43947 | Loss: 3.2554 | LR: 0.000023
Epoch 10/100 | Batch 39300/43947 | Loss: 3.1778 | LR: 0.000023
Epoch 10/100 | Batch 39400/43947 | Loss: 3.2160 | LR: 0.000023
Epoch 10/100 | Batch 39500/43947 | Loss: 3.2121 | LR: 0.000023
Epoch 10/100 | Batch 39600/43947 | Loss: 3.1721 | LR: 0.000023
Epoch 10/100 | Batch 39700/43947 | Loss: 3.2134 | LR: 0.000023
Epoch 10/100 | Batch 39800/43947 | Loss: 3.2427 | LR: 0.000023
Epoch 10/100 | Batch 39900/43947 | Loss: 3.2027 | LR: 0.000023
Epoch 10/100 | Batch 40000/43947 | Loss: 3.1560 | LR: 0.000023
Epoch 10/100 | Batch 40100/43947 | Loss: 3.2199 | LR: 0.000023
Epoch 10/100 | Batch 40200/43947 | Loss: 3.2408 | LR: 0.000023
Epoch 10/100 | Batch 40300/43947 | Loss: 3.2009 | LR: 0.000023
Epoch 10/100 | Batch 40400/43947 | Loss: 3.1695 | LR: 0.000023
Epoch 10/100 | Batch 40500/43947 | Loss: 3.2120 | LR: 0.000023
Epoch 10/100 | Batch 40600/43947 | Loss: 3.1806 | LR: 0.000023
Epoch 10/100 | Batch 40700/43947 | Loss: 3.1868 | LR: 0.000023
Epoch 10/100 | Batch 40800/43947 | Loss: 3.1402 | LR: 0.000023
Epoch 10/100 | Batch 40900/43947 | Loss: 3.1731 | LR: 0.000023
Epoch 10/100 | Batch 41000/43947 | Loss: 3.1691 | LR: 0.000023
Epoch 10/100 | Batch 41100/43947 | Loss: 3.2121 | LR: 0.000023
Epoch 10/100 | Batch 41200/43947 | Loss: 3.1459 | LR: 0.000023
Epoch 10/100 | Batch 41300/43947 | Loss: 3.2163 | LR: 0.000023
Epoch 10/100 | Batch 41400/43947 | Loss: 3.1557 | LR: 0.000023
Epoch 10/100 | Batch 41500/43947 | Loss: 3.1771 | LR: 0.000023
Epoch 10/100 | Batch 41600/43947 | Loss: 3.1635 | LR: 0.000023
Epoch 10/100 | Batch 41700/43947 | Loss: 3.1471 | LR: 0.000023
Epoch 10/100 | Batch 41800/43947 | Loss: 3.1967 | LR: 0.000023
Epoch 10/100 | Batch 41900/43947 | Loss: 3.2119 | LR: 0.000023
Epoch 10/100 | Batch 42000/43947 | Loss: 3.1979 | LR: 0.000023
Epoch 10/100 | Batch 42100/43947 | Loss: 3.2172 | LR: 0.000023
Epoch 10/100 | Batch 42200/43947 | Loss: 3.2415 | LR: 0.000023
Epoch 10/100 | Batch 42300/43947 | Loss: 3.2010 | LR: 0.000023
Epoch 10/100 | Batch 42400/43947 | Loss: 3.1718 | LR: 0.000023
Epoch 10/100 | Batch 42500/43947 | Loss: 3.1628 | LR: 0.000023
Epoch 10/100 | Batch 42600/43947 | Loss: 3.1635 | LR: 0.000023
Epoch 10/100 | Batch 42700/43947 | Loss: 3.1700 | LR: 0.000023
Epoch 10/100 | Batch 42800/43947 | Loss: 3.1800 | LR: 0.000023
Epoch 10/100 | Batch 42900/43947 | Loss: 3.2466 | LR: 0.000023
Epoch 10/100 | Batch 43000/43947 | Loss: 3.1431 | LR: 0.000023
Epoch 10/100 | Batch 43100/43947 | Loss: 3.2717 | LR: 0.000023
Epoch 10/100 | Batch 43200/43947 | Loss: 3.2874 | LR: 0.000023
Epoch 10/100 | Batch 43300/43947 | Loss: 3.1880 | LR: 0.000023
Epoch 10/100 | Batch 43400/43947 | Loss: 3.1743 | LR: 0.000023
Epoch 10/100 | Batch 43500/43947 | Loss: 3.1770 | LR: 0.000023
Epoch 10/100 | Batch 43600/43947 | Loss: 3.2039 | LR: 0.000023
Epoch 10/100 | Batch 43700/43947 | Loss: 3.1746 | LR: 0.000023
Epoch 10/100 | Batch 43800/43947 | Loss: 3.1818 | LR: 0.000023
Epoch 10/100 | Batch 43900/43947 | Loss: 3.1594 | LR: 0.000023

Epoch 10/100 Summary:
Average Training Loss: 3.2057
Average Validation Loss: 3.0831
Best Validation Loss: 3.0831
Learning Rate: 0.000023
Epoch 11/100 | Batch 0/43947 | Loss: 3.2977 | LR: 0.000019
Epoch 11/100 | Batch 100/43947 | Loss: 3.1254 | LR: 0.000019
Epoch 11/100 | Batch 200/43947 | Loss: 3.2512 | LR: 0.000019
Epoch 11/100 | Batch 300/43947 | Loss: 3.1346 | LR: 0.000019
Epoch 11/100 | Batch 400/43947 | Loss: 3.2787 | LR: 0.000019
Epoch 11/100 | Batch 500/43947 | Loss: 3.2331 | LR: 0.000019
Epoch 11/100 | Batch 600/43947 | Loss: 3.2740 | LR: 0.000019
Epoch 11/100 | Batch 700/43947 | Loss: 3.2040 | LR: 0.000019
Epoch 11/100 | Batch 800/43947 | Loss: 3.2291 | LR: 0.000019
Epoch 11/100 | Batch 900/43947 | Loss: 3.2201 | LR: 0.000019
Epoch 11/100 | Batch 1000/43947 | Loss: 3.2366 | LR: 0.000019
Epoch 11/100 | Batch 1100/43947 | Loss: 3.3599 | LR: 0.000019
Epoch 11/100 | Batch 1200/43947 | Loss: 3.2051 | LR: 0.000019
Epoch 11/100 | Batch 1300/43947 | Loss: 3.2541 | LR: 0.000019
Epoch 11/100 | Batch 1400/43947 | Loss: 3.1501 | LR: 0.000019
Epoch 11/100 | Batch 1500/43947 | Loss: 3.2573 | LR: 0.000019
Epoch 11/100 | Batch 1600/43947 | Loss: 3.2484 | LR: 0.000019
Epoch 11/100 | Batch 1700/43947 | Loss: 3.1676 | LR: 0.000019
Epoch 11/100 | Batch 1800/43947 | Loss: 3.1506 | LR: 0.000019
Epoch 11/100 | Batch 1900/43947 | Loss: 3.2126 | LR: 0.000019
Epoch 11/100 | Batch 2000/43947 | Loss: 3.3497 | LR: 0.000019
Epoch 11/100 | Batch 2100/43947 | Loss: 3.1996 | LR: 0.000019
Epoch 11/100 | Batch 2200/43947 | Loss: 3.2576 | LR: 0.000019
Epoch 11/100 | Batch 2300/43947 | Loss: 3.2050 | LR: 0.000019
Epoch 11/100 | Batch 2400/43947 | Loss: 3.1795 | LR: 0.000019
Epoch 11/100 | Batch 2500/43947 | Loss: 3.2321 | LR: 0.000019
Epoch 11/100 | Batch 2600/43947 | Loss: 3.2408 | LR: 0.000019
Epoch 11/100 | Batch 2700/43947 | Loss: 3.2448 | LR: 0.000019
Epoch 11/100 | Batch 2800/43947 | Loss: 3.2179 | LR: 0.000019
Epoch 11/100 | Batch 2900/43947 | Loss: 3.1709 | LR: 0.000019
Epoch 11/100 | Batch 3000/43947 | Loss: 3.1847 | LR: 0.000019
Epoch 11/100 | Batch 3100/43947 | Loss: 3.1660 | LR: 0.000019
Epoch 11/100 | Batch 3200/43947 | Loss: 3.1743 | LR: 0.000019
Epoch 11/100 | Batch 3300/43947 | Loss: 3.1819 | LR: 0.000019
Epoch 11/100 | Batch 3400/43947 | Loss: 3.1370 | LR: 0.000019
Epoch 11/100 | Batch 3500/43947 | Loss: 3.2416 | LR: 0.000019
Epoch 11/100 | Batch 3600/43947 | Loss: 3.1441 | LR: 0.000019
Epoch 11/100 | Batch 3700/43947 | Loss: 3.2409 | LR: 0.000019
Epoch 11/100 | Batch 3800/43947 | Loss: 3.2771 | LR: 0.000019
Epoch 11/100 | Batch 3900/43947 | Loss: 3.2003 | LR: 0.000019
Epoch 11/100 | Batch 4000/43947 | Loss: 3.1862 | LR: 0.000019
Epoch 11/100 | Batch 4100/43947 | Loss: 3.2431 | LR: 0.000019
Epoch 11/100 | Batch 4200/43947 | Loss: 3.1659 | LR: 0.000019
Epoch 11/100 | Batch 4300/43947 | Loss: 3.2169 | LR: 0.000019
Epoch 11/100 | Batch 4400/43947 | Loss: 3.1795 | LR: 0.000019
Epoch 11/100 | Batch 4500/43947 | Loss: 3.2290 | LR: 0.000019
Epoch 11/100 | Batch 4600/43947 | Loss: 3.2158 | LR: 0.000019
Epoch 11/100 | Batch 4700/43947 | Loss: 3.2136 | LR: 0.000019
Epoch 11/100 | Batch 4800/43947 | Loss: 3.2291 | LR: 0.000019
Epoch 11/100 | Batch 4900/43947 | Loss: 3.1847 | LR: 0.000019
Epoch 11/100 | Batch 5000/43947 | Loss: 3.1586 | LR: 0.000019
Epoch 11/100 | Batch 5100/43947 | Loss: 3.2427 | LR: 0.000019
Epoch 11/100 | Batch 5200/43947 | Loss: 3.2297 | LR: 0.000019
Epoch 11/100 | Batch 5300/43947 | Loss: 3.2077 | LR: 0.000019
Epoch 11/100 | Batch 5400/43947 | Loss: 3.1424 | LR: 0.000019
Epoch 11/100 | Batch 5500/43947 | Loss: 3.1913 | LR: 0.000019
Epoch 11/100 | Batch 5600/43947 | Loss: 3.1867 | LR: 0.000019
Epoch 11/100 | Batch 5700/43947 | Loss: 3.1975 | LR: 0.000019
Epoch 11/100 | Batch 5800/43947 | Loss: 3.1547 | LR: 0.000019
Epoch 11/100 | Batch 5900/43947 | Loss: 3.1998 | LR: 0.000019
Epoch 11/100 | Batch 6000/43947 | Loss: 3.2037 | LR: 0.000019
Epoch 11/100 | Batch 6100/43947 | Loss: 3.1995 | LR: 0.000019
Epoch 11/100 | Batch 6200/43947 | Loss: 3.2297 | LR: 0.000019
Epoch 11/100 | Batch 6300/43947 | Loss: 3.2203 | LR: 0.000019
Epoch 11/100 | Batch 6400/43947 | Loss: 3.3322 | LR: 0.000019
Epoch 11/100 | Batch 6500/43947 | Loss: 3.2437 | LR: 0.000019
Epoch 11/100 | Batch 6600/43947 | Loss: 3.0899 | LR: 0.000019
Epoch 11/100 | Batch 6700/43947 | Loss: 3.1983 | LR: 0.000019
Epoch 11/100 | Batch 6800/43947 | Loss: 3.3535 | LR: 0.000019
Epoch 11/100 | Batch 6900/43947 | Loss: 3.2373 | LR: 0.000019
Epoch 11/100 | Batch 7000/43947 | Loss: 3.2047 | LR: 0.000019
Epoch 11/100 | Batch 7100/43947 | Loss: 3.1952 | LR: 0.000019
Epoch 11/100 | Batch 7200/43947 | Loss: 3.2414 | LR: 0.000019
Epoch 11/100 | Batch 7300/43947 | Loss: 3.2607 | LR: 0.000019
Epoch 11/100 | Batch 7400/43947 | Loss: 3.1630 | LR: 0.000019
Epoch 11/100 | Batch 7500/43947 | Loss: 3.1782 | LR: 0.000019
Epoch 11/100 | Batch 7600/43947 | Loss: 3.1044 | LR: 0.000019
Epoch 11/100 | Batch 7700/43947 | Loss: 3.2253 | LR: 0.000019
Epoch 11/100 | Batch 7800/43947 | Loss: 3.2004 | LR: 0.000019
Epoch 11/100 | Batch 7900/43947 | Loss: 3.1574 | LR: 0.000019
Epoch 11/100 | Batch 8000/43947 | Loss: 3.2360 | LR: 0.000019
Epoch 11/100 | Batch 8100/43947 | Loss: 3.1914 | LR: 0.000019
Epoch 11/100 | Batch 8200/43947 | Loss: 3.2318 | LR: 0.000019
Epoch 11/100 | Batch 8300/43947 | Loss: 3.2165 | LR: 0.000019
Epoch 11/100 | Batch 8400/43947 | Loss: 3.1989 | LR: 0.000019
Epoch 11/100 | Batch 8500/43947 | Loss: 3.1233 | LR: 0.000019
Epoch 11/100 | Batch 8600/43947 | Loss: 3.1708 | LR: 0.000019
Epoch 11/100 | Batch 8700/43947 | Loss: 3.2113 | LR: 0.000019
Epoch 11/100 | Batch 8800/43947 | Loss: 3.2415 | LR: 0.000019
Epoch 11/100 | Batch 8900/43947 | Loss: 3.2123 | LR: 0.000019
Epoch 11/100 | Batch 9000/43947 | Loss: 3.2138 | LR: 0.000019
Epoch 11/100 | Batch 9100/43947 | Loss: 3.1816 | LR: 0.000019
Epoch 11/100 | Batch 9200/43947 | Loss: 3.1897 | LR: 0.000019
Epoch 11/100 | Batch 9300/43947 | Loss: 3.1770 | LR: 0.000019
Epoch 11/100 | Batch 9400/43947 | Loss: 3.1681 | LR: 0.000019
Epoch 11/100 | Batch 9500/43947 | Loss: 3.2068 | LR: 0.000019
Epoch 11/100 | Batch 9600/43947 | Loss: 3.1899 | LR: 0.000019
Epoch 11/100 | Batch 9700/43947 | Loss: 3.1658 | LR: 0.000019
Epoch 11/100 | Batch 9800/43947 | Loss: 3.1874 | LR: 0.000019
Epoch 11/100 | Batch 9900/43947 | Loss: 3.1826 | LR: 0.000019
Epoch 11/100 | Batch 10000/43947 | Loss: 3.2346 | LR: 0.000019
Epoch 11/100 | Batch 10100/43947 | Loss: 3.2219 | LR: 0.000019
Epoch 11/100 | Batch 10200/43947 | Loss: 3.2369 | LR: 0.000019
Epoch 11/100 | Batch 10300/43947 | Loss: 3.2515 | LR: 0.000019
Epoch 11/100 | Batch 10400/43947 | Loss: 3.2177 | LR: 0.000019
Epoch 11/100 | Batch 10500/43947 | Loss: 3.1718 | LR: 0.000019
Epoch 11/100 | Batch 10600/43947 | Loss: 3.1899 | LR: 0.000019
Epoch 11/100 | Batch 10700/43947 | Loss: 3.2651 | LR: 0.000019
Epoch 11/100 | Batch 10800/43947 | Loss: 3.1912 | LR: 0.000019
Epoch 11/100 | Batch 10900/43947 | Loss: 3.2342 | LR: 0.000019
Epoch 11/100 | Batch 11000/43947 | Loss: 3.2716 | LR: 0.000019
Epoch 11/100 | Batch 11100/43947 | Loss: 3.1830 | LR: 0.000019
Epoch 11/100 | Batch 11200/43947 | Loss: 3.1260 | LR: 0.000019
Epoch 11/100 | Batch 11300/43947 | Loss: 3.2669 | LR: 0.000019
Epoch 11/100 | Batch 11400/43947 | Loss: 3.1684 | LR: 0.000019
Epoch 11/100 | Batch 11500/43947 | Loss: 3.2335 | LR: 0.000019
Epoch 11/100 | Batch 11600/43947 | Loss: 3.2090 | LR: 0.000019
Epoch 11/100 | Batch 11700/43947 | Loss: 3.2027 | LR: 0.000019
Epoch 11/100 | Batch 11800/43947 | Loss: 3.2672 | LR: 0.000019
Epoch 11/100 | Batch 11900/43947 | Loss: 3.1767 | LR: 0.000019
Epoch 11/100 | Batch 12000/43947 | Loss: 3.2080 | LR: 0.000019
Epoch 11/100 | Batch 12100/43947 | Loss: 3.2122 | LR: 0.000019
Epoch 11/100 | Batch 12200/43947 | Loss: 3.1996 | LR: 0.000019
Epoch 11/100 | Batch 12300/43947 | Loss: 3.2211 | LR: 0.000019
Epoch 11/100 | Batch 12400/43947 | Loss: 3.1882 | LR: 0.000019
Epoch 11/100 | Batch 12500/43947 | Loss: 3.1878 | LR: 0.000019
Epoch 11/100 | Batch 12600/43947 | Loss: 3.3302 | LR: 0.000019
Epoch 11/100 | Batch 12700/43947 | Loss: 3.2304 | LR: 0.000019
Epoch 11/100 | Batch 12800/43947 | Loss: 3.1578 | LR: 0.000019
Epoch 11/100 | Batch 12900/43947 | Loss: 3.2132 | LR: 0.000019
Epoch 11/100 | Batch 13000/43947 | Loss: 3.1138 | LR: 0.000019
Epoch 11/100 | Batch 13100/43947 | Loss: 3.1533 | LR: 0.000019
Epoch 11/100 | Batch 13200/43947 | Loss: 3.1924 | LR: 0.000019
Epoch 11/100 | Batch 13300/43947 | Loss: 3.1896 | LR: 0.000019
Epoch 11/100 | Batch 13400/43947 | Loss: 3.2347 | LR: 0.000019
Epoch 11/100 | Batch 13500/43947 | Loss: 3.2040 | LR: 0.000019
Epoch 11/100 | Batch 13600/43947 | Loss: 3.1183 | LR: 0.000019
Epoch 11/100 | Batch 13700/43947 | Loss: 3.2385 | LR: 0.000019
Epoch 11/100 | Batch 13800/43947 | Loss: 3.1637 | LR: 0.000019
Epoch 11/100 | Batch 13900/43947 | Loss: 3.1838 | LR: 0.000019
Epoch 11/100 | Batch 14000/43947 | Loss: 3.1970 | LR: 0.000019
Epoch 11/100 | Batch 14100/43947 | Loss: 3.1689 | LR: 0.000019
Epoch 11/100 | Batch 14200/43947 | Loss: 3.2003 | LR: 0.000019
Epoch 11/100 | Batch 14300/43947 | Loss: 3.1710 | LR: 0.000019
Epoch 11/100 | Batch 14400/43947 | Loss: 3.2147 | LR: 0.000019
Epoch 11/100 | Batch 14500/43947 | Loss: 3.1711 | LR: 0.000019
Epoch 11/100 | Batch 14600/43947 | Loss: 3.2312 | LR: 0.000019
Epoch 11/100 | Batch 14700/43947 | Loss: 3.1959 | LR: 0.000019
Epoch 11/100 | Batch 14800/43947 | Loss: 3.2137 | LR: 0.000019
Epoch 11/100 | Batch 14900/43947 | Loss: 3.1902 | LR: 0.000019
Epoch 11/100 | Batch 15000/43947 | Loss: 3.2304 | LR: 0.000019
Epoch 11/100 | Batch 15100/43947 | Loss: 3.2470 | LR: 0.000019
Epoch 11/100 | Batch 15200/43947 | Loss: 3.1846 | LR: 0.000019
Epoch 11/100 | Batch 15300/43947 | Loss: 3.3203 | LR: 0.000019
Epoch 11/100 | Batch 15400/43947 | Loss: 3.1937 | LR: 0.000019
Epoch 11/100 | Batch 15500/43947 | Loss: 3.2279 | LR: 0.000019
Epoch 11/100 | Batch 15600/43947 | Loss: 3.1076 | LR: 0.000019
Epoch 11/100 | Batch 15700/43947 | Loss: 3.2658 | LR: 0.000019
Epoch 11/100 | Batch 15800/43947 | Loss: 3.1668 | LR: 0.000019
Epoch 11/100 | Batch 15900/43947 | Loss: 3.1775 | LR: 0.000019
Epoch 11/100 | Batch 16000/43947 | Loss: 3.1995 | LR: 0.000019
Epoch 11/100 | Batch 16100/43947 | Loss: 3.1799 | LR: 0.000019
Epoch 11/100 | Batch 16200/43947 | Loss: 3.1526 | LR: 0.000019
Epoch 11/100 | Batch 16300/43947 | Loss: 3.2240 | LR: 0.000019
Epoch 11/100 | Batch 16400/43947 | Loss: 3.1694 | LR: 0.000019
Epoch 11/100 | Batch 16500/43947 | Loss: 3.2083 | LR: 0.000019
Epoch 11/100 | Batch 16600/43947 | Loss: 3.1739 | LR: 0.000019
Epoch 11/100 | Batch 16700/43947 | Loss: 3.2464 | LR: 0.000019
Epoch 11/100 | Batch 16800/43947 | Loss: 3.3292 | LR: 0.000019
Epoch 11/100 | Batch 16900/43947 | Loss: 3.1393 | LR: 0.000019
Epoch 11/100 | Batch 17000/43947 | Loss: 3.2499 | LR: 0.000019
Epoch 11/100 | Batch 17100/43947 | Loss: 3.2434 | LR: 0.000019
Epoch 11/100 | Batch 17200/43947 | Loss: 3.1903 | LR: 0.000019
Epoch 11/100 | Batch 17300/43947 | Loss: 3.2092 | LR: 0.000019
Epoch 11/100 | Batch 17400/43947 | Loss: 3.2076 | LR: 0.000019
Epoch 11/100 | Batch 17500/43947 | Loss: 3.2093 | LR: 0.000019
Epoch 11/100 | Batch 17600/43947 | Loss: 3.1759 | LR: 0.000019
Epoch 11/100 | Batch 17700/43947 | Loss: 3.2012 | LR: 0.000019
Epoch 11/100 | Batch 17800/43947 | Loss: 3.2039 | LR: 0.000019
Epoch 11/100 | Batch 17900/43947 | Loss: 3.2280 | LR: 0.000019
Epoch 11/100 | Batch 18000/43947 | Loss: 3.2687 | LR: 0.000019
Epoch 11/100 | Batch 18100/43947 | Loss: 3.2692 | LR: 0.000019
Epoch 11/100 | Batch 18200/43947 | Loss: 3.1750 | LR: 0.000019
Epoch 11/100 | Batch 18300/43947 | Loss: 3.1300 | LR: 0.000019
Epoch 11/100 | Batch 18400/43947 | Loss: 3.1141 | LR: 0.000019
Epoch 11/100 | Batch 18500/43947 | Loss: 3.1660 | LR: 0.000019
Epoch 11/100 | Batch 18600/43947 | Loss: 3.2153 | LR: 0.000019
Epoch 11/100 | Batch 18700/43947 | Loss: 3.2030 | LR: 0.000019
Epoch 11/100 | Batch 18800/43947 | Loss: 3.2014 | LR: 0.000019
Epoch 11/100 | Batch 18900/43947 | Loss: 3.2444 | LR: 0.000019
Epoch 11/100 | Batch 19000/43947 | Loss: 3.2346 | LR: 0.000019
Epoch 11/100 | Batch 19100/43947 | Loss: 3.2448 | LR: 0.000019
Epoch 11/100 | Batch 19200/43947 | Loss: 3.1573 | LR: 0.000019
Epoch 11/100 | Batch 19300/43947 | Loss: 3.2002 | LR: 0.000019
Epoch 11/100 | Batch 19400/43947 | Loss: 3.2060 | LR: 0.000019
Epoch 11/100 | Batch 19500/43947 | Loss: 3.1830 | LR: 0.000019
Epoch 11/100 | Batch 19600/43947 | Loss: 3.1487 | LR: 0.000019
Epoch 11/100 | Batch 19700/43947 | Loss: 3.1829 | LR: 0.000019
Epoch 11/100 | Batch 19800/43947 | Loss: 3.2013 | LR: 0.000019
Epoch 11/100 | Batch 19900/43947 | Loss: 3.1858 | LR: 0.000019
Epoch 11/100 | Batch 20000/43947 | Loss: 3.2585 | LR: 0.000019
Epoch 11/100 | Batch 20100/43947 | Loss: 3.1663 | LR: 0.000019
Epoch 11/100 | Batch 20200/43947 | Loss: 3.1570 | LR: 0.000019
Epoch 11/100 | Batch 20300/43947 | Loss: 3.2165 | LR: 0.000019
Epoch 11/100 | Batch 20400/43947 | Loss: 3.2260 | LR: 0.000019
Epoch 11/100 | Batch 20500/43947 | Loss: 3.2333 | LR: 0.000019
Epoch 11/100 | Batch 20600/43947 | Loss: 3.1667 | LR: 0.000019
Epoch 11/100 | Batch 20700/43947 | Loss: 3.1162 | LR: 0.000019
Epoch 11/100 | Batch 20800/43947 | Loss: 3.1799 | LR: 0.000019
Epoch 11/100 | Batch 20900/43947 | Loss: 3.1868 | LR: 0.000019
Epoch 11/100 | Batch 21000/43947 | Loss: 3.2373 | LR: 0.000019
Epoch 11/100 | Batch 21100/43947 | Loss: 3.2325 | LR: 0.000019
Epoch 11/100 | Batch 21200/43947 | Loss: 3.1140 | LR: 0.000019
Epoch 11/100 | Batch 21300/43947 | Loss: 3.1933 | LR: 0.000019
Epoch 11/100 | Batch 21400/43947 | Loss: 3.1827 | LR: 0.000019
Epoch 11/100 | Batch 21500/43947 | Loss: 3.1395 | LR: 0.000019
Epoch 11/100 | Batch 21600/43947 | Loss: 3.1327 | LR: 0.000019
Epoch 11/100 | Batch 21700/43947 | Loss: 3.2741 | LR: 0.000019
Epoch 11/100 | Batch 21800/43947 | Loss: 3.2080 | LR: 0.000019
Epoch 11/100 | Batch 21900/43947 | Loss: 3.2603 | LR: 0.000019
Epoch 11/100 | Batch 22000/43947 | Loss: 3.1454 | LR: 0.000019
Epoch 11/100 | Batch 22100/43947 | Loss: 3.2253 | LR: 0.000019
Epoch 11/100 | Batch 22200/43947 | Loss: 3.2001 | LR: 0.000019
Epoch 11/100 | Batch 22300/43947 | Loss: 3.2609 | LR: 0.000019
Epoch 11/100 | Batch 22400/43947 | Loss: 3.2076 | LR: 0.000019
Epoch 11/100 | Batch 22500/43947 | Loss: 3.1704 | LR: 0.000019
Epoch 11/100 | Batch 22600/43947 | Loss: 3.2093 | LR: 0.000019
Epoch 11/100 | Batch 22700/43947 | Loss: 3.2276 | LR: 0.000019
Epoch 11/100 | Batch 22800/43947 | Loss: 3.1695 | LR: 0.000019
Epoch 11/100 | Batch 22900/43947 | Loss: 3.1616 | LR: 0.000019
Epoch 11/100 | Batch 23000/43947 | Loss: 3.1622 | LR: 0.000019
Epoch 11/100 | Batch 23100/43947 | Loss: 3.1662 | LR: 0.000019
Epoch 11/100 | Batch 23200/43947 | Loss: 3.1754 | LR: 0.000019
Epoch 11/100 | Batch 23300/43947 | Loss: 3.1555 | LR: 0.000019
Epoch 11/100 | Batch 23400/43947 | Loss: 3.1524 | LR: 0.000019
Epoch 11/100 | Batch 23500/43947 | Loss: 3.2102 | LR: 0.000019
Epoch 11/100 | Batch 23600/43947 | Loss: 3.2667 | LR: 0.000019
Epoch 11/100 | Batch 23700/43947 | Loss: 3.2263 | LR: 0.000019
Epoch 11/100 | Batch 23800/43947 | Loss: 3.2063 | LR: 0.000019
Epoch 11/100 | Batch 23900/43947 | Loss: 3.2247 | LR: 0.000019
Epoch 11/100 | Batch 24000/43947 | Loss: 3.2005 | LR: 0.000019
Epoch 11/100 | Batch 24100/43947 | Loss: 3.1956 | LR: 0.000019
Epoch 11/100 | Batch 24200/43947 | Loss: 3.1837 | LR: 0.000019
Epoch 11/100 | Batch 24300/43947 | Loss: 3.1889 | LR: 0.000019
Epoch 11/100 | Batch 24400/43947 | Loss: 3.1831 | LR: 0.000019
Epoch 11/100 | Batch 24500/43947 | Loss: 3.2238 | LR: 0.000019
Epoch 11/100 | Batch 24600/43947 | Loss: 3.1854 | LR: 0.000019
Epoch 11/100 | Batch 24700/43947 | Loss: 3.2304 | LR: 0.000019
Epoch 11/100 | Batch 24800/43947 | Loss: 3.1654 | LR: 0.000019
Epoch 11/100 | Batch 24900/43947 | Loss: 3.2536 | LR: 0.000019
Epoch 11/100 | Batch 25000/43947 | Loss: 3.1906 | LR: 0.000019
Epoch 11/100 | Batch 25100/43947 | Loss: 3.2378 | LR: 0.000019
Epoch 11/100 | Batch 25200/43947 | Loss: 3.2494 | LR: 0.000019
Epoch 11/100 | Batch 25300/43947 | Loss: 3.1437 | LR: 0.000019
Epoch 11/100 | Batch 25400/43947 | Loss: 3.2203 | LR: 0.000019
Epoch 11/100 | Batch 25500/43947 | Loss: 3.2642 | LR: 0.000019
Epoch 11/100 | Batch 25600/43947 | Loss: 3.1889 | LR: 0.000019
Epoch 11/100 | Batch 25700/43947 | Loss: 3.2212 | LR: 0.000019
Epoch 11/100 | Batch 25800/43947 | Loss: 3.1660 | LR: 0.000019
Epoch 11/100 | Batch 25900/43947 | Loss: 3.2743 | LR: 0.000019
Epoch 11/100 | Batch 26000/43947 | Loss: 3.1927 | LR: 0.000019
Epoch 11/100 | Batch 26100/43947 | Loss: 3.2712 | LR: 0.000019
Epoch 11/100 | Batch 26200/43947 | Loss: 3.2156 | LR: 0.000019
Epoch 11/100 | Batch 26300/43947 | Loss: 3.1680 | LR: 0.000019
Epoch 11/100 | Batch 26400/43947 | Loss: 3.2064 | LR: 0.000019
Epoch 11/100 | Batch 26500/43947 | Loss: 3.1785 | LR: 0.000019
Epoch 11/100 | Batch 26600/43947 | Loss: 3.2062 | LR: 0.000019
Epoch 11/100 | Batch 26700/43947 | Loss: 3.2928 | LR: 0.000019
Epoch 11/100 | Batch 26800/43947 | Loss: 3.2570 | LR: 0.000019
Epoch 11/100 | Batch 26900/43947 | Loss: 3.1845 | LR: 0.000019
Epoch 11/100 | Batch 27000/43947 | Loss: 3.2440 | LR: 0.000019
Epoch 11/100 | Batch 27100/43947 | Loss: 3.1751 | LR: 0.000019
Epoch 11/100 | Batch 27200/43947 | Loss: 3.2066 | LR: 0.000019
Epoch 11/100 | Batch 27300/43947 | Loss: 3.1651 | LR: 0.000019
Epoch 11/100 | Batch 27400/43947 | Loss: 3.2463 | LR: 0.000019
Epoch 11/100 | Batch 27500/43947 | Loss: 3.2041 | LR: 0.000019
Epoch 11/100 | Batch 27600/43947 | Loss: 3.1445 | LR: 0.000019
Epoch 11/100 | Batch 27700/43947 | Loss: 3.1535 | LR: 0.000019
Epoch 11/100 | Batch 27800/43947 | Loss: 3.2111 | LR: 0.000019
Epoch 11/100 | Batch 27900/43947 | Loss: 3.2298 | LR: 0.000019
Epoch 11/100 | Batch 28000/43947 | Loss: 3.1912 | LR: 0.000019
Epoch 11/100 | Batch 28100/43947 | Loss: 3.1627 | LR: 0.000019
Epoch 11/100 | Batch 28200/43947 | Loss: 3.2665 | LR: 0.000019
Epoch 11/100 | Batch 28300/43947 | Loss: 3.1872 | LR: 0.000019
Epoch 11/100 | Batch 28400/43947 | Loss: 3.2158 | LR: 0.000019
Epoch 11/100 | Batch 28500/43947 | Loss: 3.2067 | LR: 0.000019
Epoch 11/100 | Batch 28600/43947 | Loss: 3.2364 | LR: 0.000019
Epoch 11/100 | Batch 28700/43947 | Loss: 3.2069 | LR: 0.000019
Epoch 11/100 | Batch 28800/43947 | Loss: 3.1622 | LR: 0.000019
Epoch 11/100 | Batch 28900/43947 | Loss: 3.2229 | LR: 0.000019
Epoch 11/100 | Batch 29000/43947 | Loss: 3.2130 | LR: 0.000019
Epoch 11/100 | Batch 29100/43947 | Loss: 3.1346 | LR: 0.000019
Epoch 11/100 | Batch 29200/43947 | Loss: 3.2103 | LR: 0.000019
Epoch 11/100 | Batch 29300/43947 | Loss: 3.2247 | LR: 0.000019
Epoch 11/100 | Batch 29400/43947 | Loss: 3.1582 | LR: 0.000019
Epoch 11/100 | Batch 29500/43947 | Loss: 3.1971 | LR: 0.000019
Epoch 11/100 | Batch 29600/43947 | Loss: 3.2671 | LR: 0.000019
Epoch 11/100 | Batch 29700/43947 | Loss: 3.2474 | LR: 0.000019
Epoch 11/100 | Batch 29800/43947 | Loss: 3.1749 | LR: 0.000019
Epoch 11/100 | Batch 29900/43947 | Loss: 3.2046 | LR: 0.000019
Epoch 11/100 | Batch 30000/43947 | Loss: 3.2764 | LR: 0.000019
Epoch 11/100 | Batch 30100/43947 | Loss: 3.1825 | LR: 0.000019
Epoch 11/100 | Batch 30200/43947 | Loss: 3.1872 | LR: 0.000019
Epoch 11/100 | Batch 30300/43947 | Loss: 3.2095 | LR: 0.000019
Epoch 11/100 | Batch 30400/43947 | Loss: 3.2551 | LR: 0.000019
Epoch 11/100 | Batch 30500/43947 | Loss: 3.2122 | LR: 0.000019
Epoch 11/100 | Batch 30600/43947 | Loss: 3.1795 | LR: 0.000019
Epoch 11/100 | Batch 30700/43947 | Loss: 3.2083 | LR: 0.000019
Epoch 11/100 | Batch 30800/43947 | Loss: 3.1653 | LR: 0.000019
Epoch 11/100 | Batch 30900/43947 | Loss: 3.1985 | LR: 0.000019
Epoch 11/100 | Batch 31000/43947 | Loss: 3.2000 | LR: 0.000019
Epoch 11/100 | Batch 31100/43947 | Loss: 3.2759 | LR: 0.000019
Epoch 11/100 | Batch 31200/43947 | Loss: 3.1968 | LR: 0.000019
Epoch 11/100 | Batch 31300/43947 | Loss: 3.2094 | LR: 0.000019
Epoch 11/100 | Batch 31400/43947 | Loss: 3.1637 | LR: 0.000019
Epoch 11/100 | Batch 31500/43947 | Loss: 3.1304 | LR: 0.000019
Epoch 11/100 | Batch 31600/43947 | Loss: 3.2287 | LR: 0.000019
Epoch 11/100 | Batch 31700/43947 | Loss: 3.1634 | LR: 0.000019
Epoch 11/100 | Batch 31800/43947 | Loss: 3.2321 | LR: 0.000019
Epoch 11/100 | Batch 31900/43947 | Loss: 3.2908 | LR: 0.000019
Epoch 11/100 | Batch 32000/43947 | Loss: 3.1471 | LR: 0.000019
Epoch 11/100 | Batch 32100/43947 | Loss: 3.1829 | LR: 0.000019
Epoch 11/100 | Batch 32200/43947 | Loss: 3.2319 | LR: 0.000019
Epoch 11/100 | Batch 32300/43947 | Loss: 3.1319 | LR: 0.000019
Epoch 11/100 | Batch 32400/43947 | Loss: 3.2587 | LR: 0.000019
Epoch 11/100 | Batch 32500/43947 | Loss: 3.2672 | LR: 0.000019
Epoch 11/100 | Batch 32600/43947 | Loss: 3.1453 | LR: 0.000019
Epoch 11/100 | Batch 32700/43947 | Loss: 3.1574 | LR: 0.000019
Epoch 11/100 | Batch 32800/43947 | Loss: 3.2432 | LR: 0.000019
Epoch 11/100 | Batch 32900/43947 | Loss: 3.1605 | LR: 0.000019
Epoch 11/100 | Batch 33000/43947 | Loss: 3.2090 | LR: 0.000019
Epoch 11/100 | Batch 33100/43947 | Loss: 3.1842 | LR: 0.000019
Epoch 11/100 | Batch 33200/43947 | Loss: 3.2050 | LR: 0.000019
Epoch 11/100 | Batch 33300/43947 | Loss: 3.2473 | LR: 0.000019
Epoch 11/100 | Batch 33400/43947 | Loss: 3.1693 | LR: 0.000019
Epoch 11/100 | Batch 33500/43947 | Loss: 3.1547 | LR: 0.000019
Epoch 11/100 | Batch 33600/43947 | Loss: 3.1263 | LR: 0.000019
Epoch 11/100 | Batch 33700/43947 | Loss: 3.1869 | LR: 0.000019
Epoch 11/100 | Batch 33800/43947 | Loss: 3.2053 | LR: 0.000019
Epoch 11/100 | Batch 33900/43947 | Loss: 3.2575 | LR: 0.000019
Epoch 11/100 | Batch 34000/43947 | Loss: 3.1691 | LR: 0.000019
Epoch 11/100 | Batch 34100/43947 | Loss: 3.1739 | LR: 0.000019
Epoch 11/100 | Batch 34200/43947 | Loss: 3.1831 | LR: 0.000019
Epoch 11/100 | Batch 34300/43947 | Loss: 3.2217 | LR: 0.000019
Epoch 11/100 | Batch 34400/43947 | Loss: 3.1963 | LR: 0.000019
Epoch 11/100 | Batch 34500/43947 | Loss: 3.1537 | LR: 0.000019
Epoch 11/100 | Batch 34600/43947 | Loss: 3.2143 | LR: 0.000019
Epoch 11/100 | Batch 34700/43947 | Loss: 3.1748 | LR: 0.000019
Epoch 11/100 | Batch 34800/43947 | Loss: 3.2275 | LR: 0.000019
Epoch 11/100 | Batch 34900/43947 | Loss: 3.2752 | LR: 0.000019
Epoch 11/100 | Batch 35000/43947 | Loss: 3.1919 | LR: 0.000019
Epoch 11/100 | Batch 35100/43947 | Loss: 3.2198 | LR: 0.000019
Epoch 11/100 | Batch 35200/43947 | Loss: 3.2283 | LR: 0.000019
Epoch 11/100 | Batch 35300/43947 | Loss: 3.2476 | LR: 0.000019
Epoch 11/100 | Batch 35400/43947 | Loss: 3.1773 | LR: 0.000019
Epoch 11/100 | Batch 35500/43947 | Loss: 3.1881 | LR: 0.000019
Epoch 11/100 | Batch 35600/43947 | Loss: 3.1946 | LR: 0.000019
Epoch 11/100 | Batch 35700/43947 | Loss: 3.1543 | LR: 0.000019
Epoch 11/100 | Batch 35800/43947 | Loss: 3.1859 | LR: 0.000019
Epoch 11/100 | Batch 35900/43947 | Loss: 3.1472 | LR: 0.000019
Epoch 11/100 | Batch 36000/43947 | Loss: 3.2169 | LR: 0.000019
Epoch 11/100 | Batch 36100/43947 | Loss: 3.1852 | LR: 0.000019
Epoch 11/100 | Batch 36200/43947 | Loss: 3.2108 | LR: 0.000019
Epoch 11/100 | Batch 36300/43947 | Loss: 3.3109 | LR: 0.000019
Epoch 11/100 | Batch 36400/43947 | Loss: 3.1709 | LR: 0.000019
Epoch 11/100 | Batch 36500/43947 | Loss: 3.1638 | LR: 0.000019
Epoch 11/100 | Batch 36600/43947 | Loss: 3.1957 | LR: 0.000019
Epoch 11/100 | Batch 36700/43947 | Loss: 3.2157 | LR: 0.000019
Epoch 11/100 | Batch 36800/43947 | Loss: 3.1582 | LR: 0.000019
Epoch 11/100 | Batch 36900/43947 | Loss: 3.1628 | LR: 0.000019
Epoch 11/100 | Batch 37000/43947 | Loss: 3.1829 | LR: 0.000019
Epoch 11/100 | Batch 37100/43947 | Loss: 3.2208 | LR: 0.000019
Epoch 11/100 | Batch 37200/43947 | Loss: 3.1838 | LR: 0.000019
Epoch 11/100 | Batch 37300/43947 | Loss: 3.2656 | LR: 0.000019
Epoch 11/100 | Batch 37400/43947 | Loss: 3.2713 | LR: 0.000019
Epoch 11/100 | Batch 37500/43947 | Loss: 3.1606 | LR: 0.000019
Epoch 11/100 | Batch 37600/43947 | Loss: 3.1819 | LR: 0.000019
Epoch 11/100 | Batch 37700/43947 | Loss: 3.1812 | LR: 0.000019
Epoch 11/100 | Batch 37800/43947 | Loss: 3.1943 | LR: 0.000019
Epoch 11/100 | Batch 37900/43947 | Loss: 3.2499 | LR: 0.000019
Epoch 11/100 | Batch 38000/43947 | Loss: 3.2026 | LR: 0.000019
Epoch 11/100 | Batch 38100/43947 | Loss: 3.1890 | LR: 0.000019
Epoch 11/100 | Batch 38200/43947 | Loss: 3.1856 | LR: 0.000019
Epoch 11/100 | Batch 38300/43947 | Loss: 3.1406 | LR: 0.000019
Epoch 11/100 | Batch 38400/43947 | Loss: 3.1901 | LR: 0.000019
Epoch 11/100 | Batch 38500/43947 | Loss: 3.1346 | LR: 0.000019
Epoch 11/100 | Batch 38600/43947 | Loss: 3.1860 | LR: 0.000019
Epoch 11/100 | Batch 38700/43947 | Loss: 3.2137 | LR: 0.000019
Epoch 11/100 | Batch 38800/43947 | Loss: 3.1936 | LR: 0.000019
Epoch 11/100 | Batch 38900/43947 | Loss: 3.1625 | LR: 0.000019
Epoch 11/100 | Batch 39000/43947 | Loss: 3.1792 | LR: 0.000019
Epoch 11/100 | Batch 39100/43947 | Loss: 3.2035 | LR: 0.000019
Epoch 11/100 | Batch 39200/43947 | Loss: 3.2177 | LR: 0.000019
Epoch 11/100 | Batch 39300/43947 | Loss: 3.1641 | LR: 0.000019
Epoch 11/100 | Batch 39400/43947 | Loss: 3.1993 | LR: 0.000019
Epoch 11/100 | Batch 39500/43947 | Loss: 3.1994 | LR: 0.000019
Epoch 11/100 | Batch 39600/43947 | Loss: 3.1488 | LR: 0.000019
Epoch 11/100 | Batch 39700/43947 | Loss: 3.2123 | LR: 0.000019
Epoch 11/100 | Batch 39800/43947 | Loss: 3.2333 | LR: 0.000019
Epoch 11/100 | Batch 39900/43947 | Loss: 3.1762 | LR: 0.000019
Epoch 11/100 | Batch 40000/43947 | Loss: 3.1653 | LR: 0.000019
Epoch 11/100 | Batch 40100/43947 | Loss: 3.2112 | LR: 0.000019
Epoch 11/100 | Batch 40200/43947 | Loss: 3.2527 | LR: 0.000019
Epoch 11/100 | Batch 40300/43947 | Loss: 3.1905 | LR: 0.000019
Epoch 11/100 | Batch 40400/43947 | Loss: 3.1869 | LR: 0.000019
Epoch 11/100 | Batch 40500/43947 | Loss: 3.1878 | LR: 0.000019
Epoch 11/100 | Batch 40600/43947 | Loss: 3.1801 | LR: 0.000019
Epoch 11/100 | Batch 40700/43947 | Loss: 3.2206 | LR: 0.000019
Epoch 11/100 | Batch 40800/43947 | Loss: 3.1491 | LR: 0.000019
Epoch 11/100 | Batch 40900/43947 | Loss: 3.1573 | LR: 0.000019
Epoch 11/100 | Batch 41000/43947 | Loss: 3.1652 | LR: 0.000019
Epoch 11/100 | Batch 41100/43947 | Loss: 3.2147 | LR: 0.000019
Epoch 11/100 | Batch 41200/43947 | Loss: 3.1319 | LR: 0.000019
Epoch 11/100 | Batch 41300/43947 | Loss: 3.2145 | LR: 0.000019
Epoch 11/100 | Batch 41400/43947 | Loss: 3.1823 | LR: 0.000019
Epoch 11/100 | Batch 41500/43947 | Loss: 3.1676 | LR: 0.000019
Epoch 11/100 | Batch 41600/43947 | Loss: 3.1387 | LR: 0.000019
Epoch 11/100 | Batch 41700/43947 | Loss: 3.1581 | LR: 0.000019
Epoch 11/100 | Batch 41800/43947 | Loss: 3.1988 | LR: 0.000019
Epoch 11/100 | Batch 41900/43947 | Loss: 3.2073 | LR: 0.000019
Epoch 11/100 | Batch 42000/43947 | Loss: 3.1835 | LR: 0.000019
Epoch 11/100 | Batch 42100/43947 | Loss: 3.2109 | LR: 0.000019
Epoch 11/100 | Batch 42200/43947 | Loss: 3.2446 | LR: 0.000019
Epoch 11/100 | Batch 42300/43947 | Loss: 3.1924 | LR: 0.000019
Epoch 11/100 | Batch 42400/43947 | Loss: 3.1747 | LR: 0.000019
Epoch 11/100 | Batch 42500/43947 | Loss: 3.1482 | LR: 0.000019
Epoch 11/100 | Batch 42600/43947 | Loss: 3.1461 | LR: 0.000019
Epoch 11/100 | Batch 42700/43947 | Loss: 3.1788 | LR: 0.000019
Epoch 11/100 | Batch 42800/43947 | Loss: 3.1607 | LR: 0.000019
Epoch 11/100 | Batch 42900/43947 | Loss: 3.2387 | LR: 0.000019
Epoch 11/100 | Batch 43000/43947 | Loss: 3.1333 | LR: 0.000019
Epoch 11/100 | Batch 43100/43947 | Loss: 3.2669 | LR: 0.000019
Epoch 11/100 | Batch 43200/43947 | Loss: 3.2802 | LR: 0.000019
Epoch 11/100 | Batch 43300/43947 | Loss: 3.1808 | LR: 0.000019
Epoch 11/100 | Batch 43400/43947 | Loss: 3.1579 | LR: 0.000019
Epoch 11/100 | Batch 43500/43947 | Loss: 3.1712 | LR: 0.000019
Epoch 11/100 | Batch 43600/43947 | Loss: 3.1936 | LR: 0.000019
Epoch 11/100 | Batch 43700/43947 | Loss: 3.1720 | LR: 0.000019
Epoch 11/100 | Batch 43800/43947 | Loss: 3.1869 | LR: 0.000019
Epoch 11/100 | Batch 43900/43947 | Loss: 3.1663 | LR: 0.000019

Epoch 11/100 Summary:
Average Training Loss: 3.2019
Average Validation Loss: 3.0769
Best Validation Loss: 3.0769
Learning Rate: 0.000019
Epoch 12/100 | Batch 0/43947 | Loss: 3.2823 | LR: 0.000016
Epoch 12/100 | Batch 100/43947 | Loss: 3.1019 | LR: 0.000016
Epoch 12/100 | Batch 200/43947 | Loss: 3.2405 | LR: 0.000016
Epoch 12/100 | Batch 300/43947 | Loss: 3.1244 | LR: 0.000016
Epoch 12/100 | Batch 400/43947 | Loss: 3.2628 | LR: 0.000016
Epoch 12/100 | Batch 500/43947 | Loss: 3.2530 | LR: 0.000016
Epoch 12/100 | Batch 600/43947 | Loss: 3.2888 | LR: 0.000016
Epoch 12/100 | Batch 700/43947 | Loss: 3.2266 | LR: 0.000016
Epoch 12/100 | Batch 800/43947 | Loss: 3.2208 | LR: 0.000016
Epoch 12/100 | Batch 900/43947 | Loss: 3.1982 | LR: 0.000016
Epoch 12/100 | Batch 1000/43947 | Loss: 3.2264 | LR: 0.000016
Epoch 12/100 | Batch 1100/43947 | Loss: 3.3582 | LR: 0.000016
Epoch 12/100 | Batch 1200/43947 | Loss: 3.1868 | LR: 0.000016
Epoch 12/100 | Batch 1300/43947 | Loss: 3.2483 | LR: 0.000016
Epoch 12/100 | Batch 1400/43947 | Loss: 3.1526 | LR: 0.000016
Epoch 12/100 | Batch 1500/43947 | Loss: 3.2611 | LR: 0.000016
Epoch 12/100 | Batch 1600/43947 | Loss: 3.2503 | LR: 0.000016
Epoch 12/100 | Batch 1700/43947 | Loss: 3.1680 | LR: 0.000016
Epoch 12/100 | Batch 1800/43947 | Loss: 3.1300 | LR: 0.000016
Epoch 12/100 | Batch 1900/43947 | Loss: 3.2185 | LR: 0.000016
Epoch 12/100 | Batch 2000/43947 | Loss: 3.3405 | LR: 0.000016
Epoch 12/100 | Batch 2100/43947 | Loss: 3.1862 | LR: 0.000016
Epoch 12/100 | Batch 2200/43947 | Loss: 3.2476 | LR: 0.000016
Epoch 12/100 | Batch 2300/43947 | Loss: 3.1904 | LR: 0.000016
Epoch 12/100 | Batch 2400/43947 | Loss: 3.1835 | LR: 0.000016
Epoch 12/100 | Batch 2500/43947 | Loss: 3.2294 | LR: 0.000016
Epoch 12/100 | Batch 2600/43947 | Loss: 3.2501 | LR: 0.000016
Epoch 12/100 | Batch 2700/43947 | Loss: 3.2413 | LR: 0.000016
Epoch 12/100 | Batch 2800/43947 | Loss: 3.2017 | LR: 0.000016
Epoch 12/100 | Batch 2900/43947 | Loss: 3.1568 | LR: 0.000016
Epoch 12/100 | Batch 3000/43947 | Loss: 3.1738 | LR: 0.000016
Epoch 12/100 | Batch 3100/43947 | Loss: 3.1421 | LR: 0.000016
Epoch 12/100 | Batch 3200/43947 | Loss: 3.1491 | LR: 0.000016
Epoch 12/100 | Batch 3300/43947 | Loss: 3.1709 | LR: 0.000016
Epoch 12/100 | Batch 3400/43947 | Loss: 3.1303 | LR: 0.000016
Epoch 12/100 | Batch 3500/43947 | Loss: 3.2437 | LR: 0.000016
Epoch 12/100 | Batch 3600/43947 | Loss: 3.1479 | LR: 0.000016
Epoch 12/100 | Batch 3700/43947 | Loss: 3.2282 | LR: 0.000016
Epoch 12/100 | Batch 3800/43947 | Loss: 3.2730 | LR: 0.000016
Epoch 12/100 | Batch 3900/43947 | Loss: 3.2109 | LR: 0.000016
Epoch 12/100 | Batch 4000/43947 | Loss: 3.1866 | LR: 0.000016
Epoch 12/100 | Batch 4100/43947 | Loss: 3.2398 | LR: 0.000016
Epoch 12/100 | Batch 4200/43947 | Loss: 3.1715 | LR: 0.000016
Epoch 12/100 | Batch 4300/43947 | Loss: 3.2074 | LR: 0.000016
Epoch 12/100 | Batch 4400/43947 | Loss: 3.1795 | LR: 0.000016
Epoch 12/100 | Batch 4500/43947 | Loss: 3.2300 | LR: 0.000016
Epoch 12/100 | Batch 4600/43947 | Loss: 3.1786 | LR: 0.000016
Epoch 12/100 | Batch 4700/43947 | Loss: 3.2181 | LR: 0.000016
Epoch 12/100 | Batch 4800/43947 | Loss: 3.2187 | LR: 0.000016
Epoch 12/100 | Batch 4900/43947 | Loss: 3.2092 | LR: 0.000016
Epoch 12/100 | Batch 5000/43947 | Loss: 3.1829 | LR: 0.000016
Epoch 12/100 | Batch 5100/43947 | Loss: 3.2217 | LR: 0.000016
Epoch 12/100 | Batch 5200/43947 | Loss: 3.2173 | LR: 0.000016
Epoch 12/100 | Batch 5300/43947 | Loss: 3.2206 | LR: 0.000016
Epoch 12/100 | Batch 5400/43947 | Loss: 3.1309 | LR: 0.000016
Epoch 12/100 | Batch 5500/43947 | Loss: 3.2028 | LR: 0.000016
Epoch 12/100 | Batch 5600/43947 | Loss: 3.2118 | LR: 0.000016
Epoch 12/100 | Batch 5700/43947 | Loss: 3.1883 | LR: 0.000016
Epoch 12/100 | Batch 5800/43947 | Loss: 3.1519 | LR: 0.000016
Epoch 12/100 | Batch 5900/43947 | Loss: 3.1825 | LR: 0.000016
Epoch 12/100 | Batch 6000/43947 | Loss: 3.1971 | LR: 0.000016
Epoch 12/100 | Batch 6100/43947 | Loss: 3.1912 | LR: 0.000016
Epoch 12/100 | Batch 6200/43947 | Loss: 3.2394 | LR: 0.000016
Epoch 12/100 | Batch 6300/43947 | Loss: 3.2028 | LR: 0.000016
Epoch 12/100 | Batch 6400/43947 | Loss: 3.3078 | LR: 0.000016
Epoch 12/100 | Batch 6500/43947 | Loss: 3.2294 | LR: 0.000016
Epoch 12/100 | Batch 6600/43947 | Loss: 3.1225 | LR: 0.000016
Epoch 12/100 | Batch 6700/43947 | Loss: 3.1970 | LR: 0.000016
Epoch 12/100 | Batch 6800/43947 | Loss: 3.3411 | LR: 0.000016
Epoch 12/100 | Batch 6900/43947 | Loss: 3.2164 | LR: 0.000016
Epoch 12/100 | Batch 7000/43947 | Loss: 3.1971 | LR: 0.000016
Epoch 12/100 | Batch 7100/43947 | Loss: 3.2118 | LR: 0.000016
Epoch 12/100 | Batch 7200/43947 | Loss: 3.2456 | LR: 0.000016
Epoch 12/100 | Batch 7300/43947 | Loss: 3.2757 | LR: 0.000016
Epoch 12/100 | Batch 7400/43947 | Loss: 3.1672 | LR: 0.000016
Epoch 12/100 | Batch 7500/43947 | Loss: 3.1925 | LR: 0.000016
Epoch 12/100 | Batch 7600/43947 | Loss: 3.1195 | LR: 0.000016
Epoch 12/100 | Batch 7700/43947 | Loss: 3.2231 | LR: 0.000016
Epoch 12/100 | Batch 7800/43947 | Loss: 3.2121 | LR: 0.000016
Epoch 12/100 | Batch 7900/43947 | Loss: 3.1489 | LR: 0.000016
Epoch 12/100 | Batch 8000/43947 | Loss: 3.2280 | LR: 0.000016
Epoch 12/100 | Batch 8100/43947 | Loss: 3.1733 | LR: 0.000016
Epoch 12/100 | Batch 8200/43947 | Loss: 3.2324 | LR: 0.000016
Epoch 12/100 | Batch 8300/43947 | Loss: 3.2037 | LR: 0.000016
Epoch 12/100 | Batch 8400/43947 | Loss: 3.2110 | LR: 0.000016
Epoch 12/100 | Batch 8500/43947 | Loss: 3.1161 | LR: 0.000016
Epoch 12/100 | Batch 8600/43947 | Loss: 3.1637 | LR: 0.000016
Epoch 12/100 | Batch 8700/43947 | Loss: 3.2123 | LR: 0.000016
Epoch 12/100 | Batch 8800/43947 | Loss: 3.2150 | LR: 0.000016
Epoch 12/100 | Batch 8900/43947 | Loss: 3.2074 | LR: 0.000016
Epoch 12/100 | Batch 9000/43947 | Loss: 3.1880 | LR: 0.000016
Epoch 12/100 | Batch 9100/43947 | Loss: 3.1719 | LR: 0.000016
Epoch 12/100 | Batch 9200/43947 | Loss: 3.1990 | LR: 0.000016
Epoch 12/100 | Batch 9300/43947 | Loss: 3.1841 | LR: 0.000016
Epoch 12/100 | Batch 9400/43947 | Loss: 3.1856 | LR: 0.000016
Epoch 12/100 | Batch 9500/43947 | Loss: 3.2117 | LR: 0.000016
Epoch 12/100 | Batch 9600/43947 | Loss: 3.2044 | LR: 0.000016
Epoch 12/100 | Batch 9700/43947 | Loss: 3.1738 | LR: 0.000016
Epoch 12/100 | Batch 9800/43947 | Loss: 3.1816 | LR: 0.000016
Epoch 12/100 | Batch 9900/43947 | Loss: 3.1870 | LR: 0.000016
Epoch 12/100 | Batch 10000/43947 | Loss: 3.2316 | LR: 0.000016
Epoch 12/100 | Batch 10100/43947 | Loss: 3.2286 | LR: 0.000016
Epoch 12/100 | Batch 10200/43947 | Loss: 3.2180 | LR: 0.000016
Epoch 12/100 | Batch 10300/43947 | Loss: 3.2251 | LR: 0.000016
Epoch 12/100 | Batch 10400/43947 | Loss: 3.2063 | LR: 0.000016
Epoch 12/100 | Batch 10500/43947 | Loss: 3.1622 | LR: 0.000016
Epoch 12/100 | Batch 10600/43947 | Loss: 3.1943 | LR: 0.000016
Epoch 12/100 | Batch 10700/43947 | Loss: 3.2743 | LR: 0.000016
Epoch 12/100 | Batch 10800/43947 | Loss: 3.2114 | LR: 0.000016
Epoch 12/100 | Batch 10900/43947 | Loss: 3.2257 | LR: 0.000016
Epoch 12/100 | Batch 11000/43947 | Loss: 3.2665 | LR: 0.000016
Epoch 12/100 | Batch 11100/43947 | Loss: 3.1653 | LR: 0.000016
Epoch 12/100 | Batch 11200/43947 | Loss: 3.1495 | LR: 0.000016
Epoch 12/100 | Batch 11300/43947 | Loss: 3.2576 | LR: 0.000016
Epoch 12/100 | Batch 11400/43947 | Loss: 3.1909 | LR: 0.000016
Epoch 12/100 | Batch 11500/43947 | Loss: 3.2283 | LR: 0.000016
Epoch 12/100 | Batch 11600/43947 | Loss: 3.1949 | LR: 0.000016
Epoch 12/100 | Batch 11700/43947 | Loss: 3.1810 | LR: 0.000016
Epoch 12/100 | Batch 11800/43947 | Loss: 3.2594 | LR: 0.000016
Epoch 12/100 | Batch 11900/43947 | Loss: 3.1700 | LR: 0.000016
Epoch 12/100 | Batch 12000/43947 | Loss: 3.1987 | LR: 0.000016
Epoch 12/100 | Batch 12100/43947 | Loss: 3.2028 | LR: 0.000016
Epoch 12/100 | Batch 12200/43947 | Loss: 3.2022 | LR: 0.000016
Epoch 12/100 | Batch 12300/43947 | Loss: 3.1916 | LR: 0.000016
Epoch 12/100 | Batch 12400/43947 | Loss: 3.1811 | LR: 0.000016
Epoch 12/100 | Batch 12500/43947 | Loss: 3.1866 | LR: 0.000016
Epoch 12/100 | Batch 12600/43947 | Loss: 3.3309 | LR: 0.000016
Epoch 12/100 | Batch 12700/43947 | Loss: 3.2207 | LR: 0.000016
Epoch 12/100 | Batch 12800/43947 | Loss: 3.1568 | LR: 0.000016
Epoch 12/100 | Batch 12900/43947 | Loss: 3.1966 | LR: 0.000016
Epoch 12/100 | Batch 13000/43947 | Loss: 3.1117 | LR: 0.000016
Epoch 12/100 | Batch 13100/43947 | Loss: 3.1569 | LR: 0.000016
Epoch 12/100 | Batch 13200/43947 | Loss: 3.2108 | LR: 0.000016
Epoch 12/100 | Batch 13300/43947 | Loss: 3.1884 | LR: 0.000016
Epoch 12/100 | Batch 13400/43947 | Loss: 3.2228 | LR: 0.000016
Epoch 12/100 | Batch 13500/43947 | Loss: 3.1975 | LR: 0.000016
Epoch 12/100 | Batch 13600/43947 | Loss: 3.1205 | LR: 0.000016
Epoch 12/100 | Batch 13700/43947 | Loss: 3.2251 | LR: 0.000016
Epoch 12/100 | Batch 13800/43947 | Loss: 3.1726 | LR: 0.000016
Epoch 12/100 | Batch 13900/43947 | Loss: 3.1970 | LR: 0.000016
Epoch 12/100 | Batch 14000/43947 | Loss: 3.2149 | LR: 0.000016
Epoch 12/100 | Batch 14100/43947 | Loss: 3.1552 | LR: 0.000016
Epoch 12/100 | Batch 14200/43947 | Loss: 3.1880 | LR: 0.000016
Epoch 12/100 | Batch 14300/43947 | Loss: 3.1677 | LR: 0.000016
Epoch 12/100 | Batch 14400/43947 | Loss: 3.2052 | LR: 0.000016
Epoch 12/100 | Batch 14500/43947 | Loss: 3.1898 | LR: 0.000016
Epoch 12/100 | Batch 14600/43947 | Loss: 3.2176 | LR: 0.000016
Epoch 12/100 | Batch 14700/43947 | Loss: 3.1911 | LR: 0.000016
Epoch 12/100 | Batch 14800/43947 | Loss: 3.2189 | LR: 0.000016
Epoch 12/100 | Batch 14900/43947 | Loss: 3.1766 | LR: 0.000016
Epoch 12/100 | Batch 15000/43947 | Loss: 3.2389 | LR: 0.000016
Epoch 12/100 | Batch 15100/43947 | Loss: 3.2408 | LR: 0.000016
Epoch 12/100 | Batch 15200/43947 | Loss: 3.1738 | LR: 0.000016
Epoch 12/100 | Batch 15300/43947 | Loss: 3.3062 | LR: 0.000016
Epoch 12/100 | Batch 15400/43947 | Loss: 3.1940 | LR: 0.000016
Epoch 12/100 | Batch 15500/43947 | Loss: 3.2158 | LR: 0.000016
Epoch 12/100 | Batch 15600/43947 | Loss: 3.1296 | LR: 0.000016
Epoch 12/100 | Batch 15700/43947 | Loss: 3.2413 | LR: 0.000016
Epoch 12/100 | Batch 15800/43947 | Loss: 3.1710 | LR: 0.000016
Epoch 12/100 | Batch 15900/43947 | Loss: 3.1564 | LR: 0.000016
Epoch 12/100 | Batch 16000/43947 | Loss: 3.2066 | LR: 0.000016
Epoch 12/100 | Batch 16100/43947 | Loss: 3.1750 | LR: 0.000016
Epoch 12/100 | Batch 16200/43947 | Loss: 3.1473 | LR: 0.000016
Epoch 12/100 | Batch 16300/43947 | Loss: 3.2196 | LR: 0.000016
Epoch 12/100 | Batch 16400/43947 | Loss: 3.1763 | LR: 0.000016
Epoch 12/100 | Batch 16500/43947 | Loss: 3.1964 | LR: 0.000016
Epoch 12/100 | Batch 16600/43947 | Loss: 3.1878 | LR: 0.000016
Epoch 12/100 | Batch 16700/43947 | Loss: 3.2385 | LR: 0.000016
Epoch 12/100 | Batch 16800/43947 | Loss: 3.3185 | LR: 0.000016
Epoch 12/100 | Batch 16900/43947 | Loss: 3.1343 | LR: 0.000016
Epoch 12/100 | Batch 17000/43947 | Loss: 3.2528 | LR: 0.000016
Epoch 12/100 | Batch 17100/43947 | Loss: 3.2668 | LR: 0.000016
Epoch 12/100 | Batch 17200/43947 | Loss: 3.1815 | LR: 0.000016
Epoch 12/100 | Batch 17300/43947 | Loss: 3.2287 | LR: 0.000016
Epoch 12/100 | Batch 17400/43947 | Loss: 3.2130 | LR: 0.000016
Epoch 12/100 | Batch 17500/43947 | Loss: 3.2151 | LR: 0.000016
Epoch 12/100 | Batch 17600/43947 | Loss: 3.1650 | LR: 0.000016
Epoch 12/100 | Batch 17700/43947 | Loss: 3.1933 | LR: 0.000016
Epoch 12/100 | Batch 17800/43947 | Loss: 3.2089 | LR: 0.000016
Epoch 12/100 | Batch 17900/43947 | Loss: 3.2146 | LR: 0.000016
Epoch 12/100 | Batch 18000/43947 | Loss: 3.2587 | LR: 0.000016
Epoch 12/100 | Batch 18100/43947 | Loss: 3.2786 | LR: 0.000016
Epoch 12/100 | Batch 18200/43947 | Loss: 3.1822 | LR: 0.000016
Epoch 12/100 | Batch 18300/43947 | Loss: 3.1378 | LR: 0.000016
Epoch 12/100 | Batch 18400/43947 | Loss: 3.1092 | LR: 0.000016
Epoch 12/100 | Batch 18500/43947 | Loss: 3.1711 | LR: 0.000016
Epoch 12/100 | Batch 18600/43947 | Loss: 3.2112 | LR: 0.000016
Epoch 12/100 | Batch 18700/43947 | Loss: 3.2006 | LR: 0.000016
Epoch 12/100 | Batch 18800/43947 | Loss: 3.1845 | LR: 0.000016
Epoch 12/100 | Batch 18900/43947 | Loss: 3.2486 | LR: 0.000016
Epoch 12/100 | Batch 19000/43947 | Loss: 3.2277 | LR: 0.000016
Epoch 12/100 | Batch 19100/43947 | Loss: 3.2290 | LR: 0.000016
Epoch 12/100 | Batch 19200/43947 | Loss: 3.1469 | LR: 0.000016
Epoch 12/100 | Batch 19300/43947 | Loss: 3.2129 | LR: 0.000016
Epoch 12/100 | Batch 19400/43947 | Loss: 3.1731 | LR: 0.000016
Epoch 12/100 | Batch 19500/43947 | Loss: 3.1834 | LR: 0.000016
Epoch 12/100 | Batch 19600/43947 | Loss: 3.1505 | LR: 0.000016
Epoch 12/100 | Batch 19700/43947 | Loss: 3.1740 | LR: 0.000016
Epoch 12/100 | Batch 19800/43947 | Loss: 3.1950 | LR: 0.000016
Epoch 12/100 | Batch 19900/43947 | Loss: 3.1819 | LR: 0.000016
Epoch 12/100 | Batch 20000/43947 | Loss: 3.2560 | LR: 0.000016
Epoch 12/100 | Batch 20100/43947 | Loss: 3.1489 | LR: 0.000016
Epoch 12/100 | Batch 20200/43947 | Loss: 3.1628 | LR: 0.000016
Epoch 12/100 | Batch 20300/43947 | Loss: 3.2106 | LR: 0.000016
Epoch 12/100 | Batch 20400/43947 | Loss: 3.2178 | LR: 0.000016
Epoch 12/100 | Batch 20500/43947 | Loss: 3.2263 | LR: 0.000016
Epoch 12/100 | Batch 20600/43947 | Loss: 3.1780 | LR: 0.000016
Epoch 12/100 | Batch 20700/43947 | Loss: 3.1186 | LR: 0.000016
Epoch 12/100 | Batch 20800/43947 | Loss: 3.1684 | LR: 0.000016
Epoch 12/100 | Batch 20900/43947 | Loss: 3.1779 | LR: 0.000016
Epoch 12/100 | Batch 21000/43947 | Loss: 3.2399 | LR: 0.000016
Epoch 12/100 | Batch 21100/43947 | Loss: 3.1998 | LR: 0.000016
Epoch 12/100 | Batch 21200/43947 | Loss: 3.1224 | LR: 0.000016
Epoch 12/100 | Batch 21300/43947 | Loss: 3.1886 | LR: 0.000016
Epoch 12/100 | Batch 21400/43947 | Loss: 3.1808 | LR: 0.000016
Epoch 12/100 | Batch 21500/43947 | Loss: 3.1384 | LR: 0.000016
Epoch 12/100 | Batch 21600/43947 | Loss: 3.1185 | LR: 0.000016
Epoch 12/100 | Batch 21700/43947 | Loss: 3.2782 | LR: 0.000016
Epoch 12/100 | Batch 21800/43947 | Loss: 3.1793 | LR: 0.000016
Epoch 12/100 | Batch 21900/43947 | Loss: 3.2742 | LR: 0.000016
Epoch 12/100 | Batch 22000/43947 | Loss: 3.1328 | LR: 0.000016
Epoch 12/100 | Batch 22100/43947 | Loss: 3.2214 | LR: 0.000016
Epoch 12/100 | Batch 22200/43947 | Loss: 3.2118 | LR: 0.000016
Epoch 12/100 | Batch 22300/43947 | Loss: 3.2472 | LR: 0.000016
Epoch 12/100 | Batch 22400/43947 | Loss: 3.2027 | LR: 0.000016
Epoch 12/100 | Batch 22500/43947 | Loss: 3.1721 | LR: 0.000016
Epoch 12/100 | Batch 22600/43947 | Loss: 3.1950 | LR: 0.000016
Epoch 12/100 | Batch 22700/43947 | Loss: 3.2052 | LR: 0.000016
Epoch 12/100 | Batch 22800/43947 | Loss: 3.1849 | LR: 0.000016
Epoch 12/100 | Batch 22900/43947 | Loss: 3.1764 | LR: 0.000016
Epoch 12/100 | Batch 23000/43947 | Loss: 3.1539 | LR: 0.000016
Epoch 12/100 | Batch 23100/43947 | Loss: 3.1663 | LR: 0.000016
Epoch 12/100 | Batch 23200/43947 | Loss: 3.1721 | LR: 0.000016
Epoch 12/100 | Batch 23300/43947 | Loss: 3.1683 | LR: 0.000016
Epoch 12/100 | Batch 23400/43947 | Loss: 3.1529 | LR: 0.000016
Epoch 12/100 | Batch 23500/43947 | Loss: 3.1959 | LR: 0.000016
Epoch 12/100 | Batch 23600/43947 | Loss: 3.2822 | LR: 0.000016
Epoch 12/100 | Batch 23700/43947 | Loss: 3.2184 | LR: 0.000016
Epoch 12/100 | Batch 23800/43947 | Loss: 3.1755 | LR: 0.000016
Epoch 12/100 | Batch 23900/43947 | Loss: 3.2137 | LR: 0.000016
Epoch 12/100 | Batch 24000/43947 | Loss: 3.2037 | LR: 0.000016
Epoch 12/100 | Batch 24100/43947 | Loss: 3.1768 | LR: 0.000016
Epoch 12/100 | Batch 24200/43947 | Loss: 3.1725 | LR: 0.000016
Epoch 12/100 | Batch 24300/43947 | Loss: 3.1905 | LR: 0.000016
Epoch 12/100 | Batch 24400/43947 | Loss: 3.2204 | LR: 0.000016
Epoch 12/100 | Batch 24500/43947 | Loss: 3.2065 | LR: 0.000016
Epoch 12/100 | Batch 24600/43947 | Loss: 3.1713 | LR: 0.000016
Epoch 12/100 | Batch 24700/43947 | Loss: 3.2172 | LR: 0.000016
Epoch 12/100 | Batch 24800/43947 | Loss: 3.1750 | LR: 0.000016
Epoch 12/100 | Batch 24900/43947 | Loss: 3.2177 | LR: 0.000016
Epoch 12/100 | Batch 25000/43947 | Loss: 3.1901 | LR: 0.000016
Epoch 12/100 | Batch 25100/43947 | Loss: 3.2102 | LR: 0.000016
Epoch 12/100 | Batch 25200/43947 | Loss: 3.2398 | LR: 0.000016
Epoch 12/100 | Batch 25300/43947 | Loss: 3.1584 | LR: 0.000016
Epoch 12/100 | Batch 25400/43947 | Loss: 3.2036 | LR: 0.000016
Epoch 12/100 | Batch 25500/43947 | Loss: 3.2408 | LR: 0.000016
Epoch 12/100 | Batch 25600/43947 | Loss: 3.1931 | LR: 0.000016
Epoch 12/100 | Batch 25700/43947 | Loss: 3.2252 | LR: 0.000016
Epoch 12/100 | Batch 25800/43947 | Loss: 3.1720 | LR: 0.000016
Epoch 12/100 | Batch 25900/43947 | Loss: 3.2668 | LR: 0.000016
Epoch 12/100 | Batch 26000/43947 | Loss: 3.2047 | LR: 0.000016
Epoch 12/100 | Batch 26100/43947 | Loss: 3.2776 | LR: 0.000016
Epoch 12/100 | Batch 26200/43947 | Loss: 3.2198 | LR: 0.000016
Epoch 12/100 | Batch 26300/43947 | Loss: 3.1673 | LR: 0.000016
Epoch 12/100 | Batch 26400/43947 | Loss: 3.2288 | LR: 0.000016
Epoch 12/100 | Batch 26500/43947 | Loss: 3.1836 | LR: 0.000016
Epoch 12/100 | Batch 26600/43947 | Loss: 3.1894 | LR: 0.000016
Epoch 12/100 | Batch 26700/43947 | Loss: 3.2889 | LR: 0.000016
Epoch 12/100 | Batch 26800/43947 | Loss: 3.2757 | LR: 0.000016
Epoch 12/100 | Batch 26900/43947 | Loss: 3.1839 | LR: 0.000016
Epoch 12/100 | Batch 27000/43947 | Loss: 3.2374 | LR: 0.000016
Epoch 12/100 | Batch 27100/43947 | Loss: 3.1884 | LR: 0.000016
Epoch 12/100 | Batch 27200/43947 | Loss: 3.2102 | LR: 0.000016
Epoch 12/100 | Batch 27300/43947 | Loss: 3.1570 | LR: 0.000016
Epoch 12/100 | Batch 27400/43947 | Loss: 3.2049 | LR: 0.000016
Epoch 12/100 | Batch 27500/43947 | Loss: 3.1932 | LR: 0.000016
Epoch 12/100 | Batch 27600/43947 | Loss: 3.1422 | LR: 0.000016
Epoch 12/100 | Batch 27700/43947 | Loss: 3.1512 | LR: 0.000016
Epoch 12/100 | Batch 27800/43947 | Loss: 3.2199 | LR: 0.000016
Epoch 12/100 | Batch 27900/43947 | Loss: 3.2056 | LR: 0.000016
Epoch 12/100 | Batch 28000/43947 | Loss: 3.1702 | LR: 0.000016
Epoch 12/100 | Batch 28100/43947 | Loss: 3.1970 | LR: 0.000016
Epoch 12/100 | Batch 28200/43947 | Loss: 3.2508 | LR: 0.000016
Epoch 12/100 | Batch 28300/43947 | Loss: 3.1788 | LR: 0.000016
Epoch 12/100 | Batch 28400/43947 | Loss: 3.2188 | LR: 0.000016
Epoch 12/100 | Batch 28500/43947 | Loss: 3.1722 | LR: 0.000016
Epoch 12/100 | Batch 28600/43947 | Loss: 3.2182 | LR: 0.000016
Epoch 12/100 | Batch 28700/43947 | Loss: 3.2012 | LR: 0.000016
Epoch 12/100 | Batch 28800/43947 | Loss: 3.1665 | LR: 0.000016
Epoch 12/100 | Batch 28900/43947 | Loss: 3.2321 | LR: 0.000016
Epoch 12/100 | Batch 29000/43947 | Loss: 3.2184 | LR: 0.000016
Epoch 12/100 | Batch 29100/43947 | Loss: 3.1451 | LR: 0.000016
Epoch 12/100 | Batch 29200/43947 | Loss: 3.2171 | LR: 0.000016
Epoch 12/100 | Batch 29300/43947 | Loss: 3.2243 | LR: 0.000016
Epoch 12/100 | Batch 29400/43947 | Loss: 3.1501 | LR: 0.000016
Epoch 12/100 | Batch 29500/43947 | Loss: 3.1957 | LR: 0.000016
Epoch 12/100 | Batch 29600/43947 | Loss: 3.2682 | LR: 0.000016
Epoch 12/100 | Batch 29700/43947 | Loss: 3.2242 | LR: 0.000016
Epoch 12/100 | Batch 29800/43947 | Loss: 3.1907 | LR: 0.000016
Epoch 12/100 | Batch 29900/43947 | Loss: 3.1863 | LR: 0.000016
Epoch 12/100 | Batch 30000/43947 | Loss: 3.2955 | LR: 0.000016
Epoch 12/100 | Batch 30100/43947 | Loss: 3.1673 | LR: 0.000016
Epoch 12/100 | Batch 30200/43947 | Loss: 3.1771 | LR: 0.000016
Epoch 12/100 | Batch 30300/43947 | Loss: 3.2106 | LR: 0.000016
Epoch 12/100 | Batch 30400/43947 | Loss: 3.2602 | LR: 0.000016
Epoch 12/100 | Batch 30500/43947 | Loss: 3.2151 | LR: 0.000016
Epoch 12/100 | Batch 30600/43947 | Loss: 3.1700 | LR: 0.000016
Epoch 12/100 | Batch 30700/43947 | Loss: 3.2238 | LR: 0.000016
Epoch 12/100 | Batch 30800/43947 | Loss: 3.1609 | LR: 0.000016
Epoch 12/100 | Batch 30900/43947 | Loss: 3.1916 | LR: 0.000016
Epoch 12/100 | Batch 31000/43947 | Loss: 3.2027 | LR: 0.000016
Epoch 12/100 | Batch 31100/43947 | Loss: 3.2985 | LR: 0.000016
Epoch 12/100 | Batch 31200/43947 | Loss: 3.1745 | LR: 0.000016
Epoch 12/100 | Batch 31300/43947 | Loss: 3.1976 | LR: 0.000016
Epoch 12/100 | Batch 31400/43947 | Loss: 3.1558 | LR: 0.000016
Epoch 12/100 | Batch 31500/43947 | Loss: 3.1251 | LR: 0.000016
Epoch 12/100 | Batch 31600/43947 | Loss: 3.2452 | LR: 0.000016
Epoch 12/100 | Batch 31700/43947 | Loss: 3.1482 | LR: 0.000016
Epoch 12/100 | Batch 31800/43947 | Loss: 3.2228 | LR: 0.000016
Epoch 12/100 | Batch 31900/43947 | Loss: 3.3052 | LR: 0.000016
Epoch 12/100 | Batch 32000/43947 | Loss: 3.1657 | LR: 0.000016
Epoch 12/100 | Batch 32100/43947 | Loss: 3.1609 | LR: 0.000016
Epoch 12/100 | Batch 32200/43947 | Loss: 3.2229 | LR: 0.000016
Epoch 12/100 | Batch 32300/43947 | Loss: 3.1274 | LR: 0.000016
Epoch 12/100 | Batch 32400/43947 | Loss: 3.2462 | LR: 0.000016
Epoch 12/100 | Batch 32500/43947 | Loss: 3.2522 | LR: 0.000016
Epoch 12/100 | Batch 32600/43947 | Loss: 3.1421 | LR: 0.000016
Epoch 12/100 | Batch 32700/43947 | Loss: 3.1545 | LR: 0.000016
Epoch 12/100 | Batch 32800/43947 | Loss: 3.2414 | LR: 0.000016
Epoch 12/100 | Batch 32900/43947 | Loss: 3.1777 | LR: 0.000016
Epoch 12/100 | Batch 33000/43947 | Loss: 3.2297 | LR: 0.000016
Epoch 12/100 | Batch 33100/43947 | Loss: 3.1645 | LR: 0.000016
Epoch 12/100 | Batch 33200/43947 | Loss: 3.2061 | LR: 0.000016
Epoch 12/100 | Batch 33300/43947 | Loss: 3.2468 | LR: 0.000016
Epoch 12/100 | Batch 33400/43947 | Loss: 3.1718 | LR: 0.000016
Epoch 12/100 | Batch 33500/43947 | Loss: 3.1588 | LR: 0.000016
Epoch 12/100 | Batch 33600/43947 | Loss: 3.1286 | LR: 0.000016
Epoch 12/100 | Batch 33700/43947 | Loss: 3.1673 | LR: 0.000016
Epoch 12/100 | Batch 33800/43947 | Loss: 3.2115 | LR: 0.000016
Epoch 12/100 | Batch 33900/43947 | Loss: 3.2652 | LR: 0.000016
Epoch 12/100 | Batch 34000/43947 | Loss: 3.1696 | LR: 0.000016
Epoch 12/100 | Batch 34100/43947 | Loss: 3.1815 | LR: 0.000016
Epoch 12/100 | Batch 34200/43947 | Loss: 3.2008 | LR: 0.000016
Epoch 12/100 | Batch 34300/43947 | Loss: 3.2322 | LR: 0.000016
Epoch 12/100 | Batch 34400/43947 | Loss: 3.1840 | LR: 0.000016
Epoch 12/100 | Batch 34500/43947 | Loss: 3.1541 | LR: 0.000016
Epoch 12/100 | Batch 34600/43947 | Loss: 3.2132 | LR: 0.000016
Epoch 12/100 | Batch 34700/43947 | Loss: 3.1625 | LR: 0.000016
Epoch 12/100 | Batch 34800/43947 | Loss: 3.2068 | LR: 0.000016
Epoch 12/100 | Batch 34900/43947 | Loss: 3.2364 | LR: 0.000016
Epoch 12/100 | Batch 35000/43947 | Loss: 3.1889 | LR: 0.000016
Epoch 12/100 | Batch 35100/43947 | Loss: 3.2073 | LR: 0.000016
Epoch 12/100 | Batch 35200/43947 | Loss: 3.2381 | LR: 0.000016
Epoch 12/100 | Batch 35300/43947 | Loss: 3.2443 | LR: 0.000016
Epoch 12/100 | Batch 35400/43947 | Loss: 3.1823 | LR: 0.000016
Epoch 12/100 | Batch 35500/43947 | Loss: 3.2025 | LR: 0.000016
Epoch 12/100 | Batch 35600/43947 | Loss: 3.1978 | LR: 0.000016
Epoch 12/100 | Batch 35700/43947 | Loss: 3.1580 | LR: 0.000016
Epoch 12/100 | Batch 35800/43947 | Loss: 3.1659 | LR: 0.000016
Epoch 12/100 | Batch 35900/43947 | Loss: 3.1637 | LR: 0.000016
Epoch 12/100 | Batch 36000/43947 | Loss: 3.2131 | LR: 0.000016
Epoch 12/100 | Batch 36100/43947 | Loss: 3.1789 | LR: 0.000016
Epoch 12/100 | Batch 36200/43947 | Loss: 3.2146 | LR: 0.000016
Epoch 12/100 | Batch 36300/43947 | Loss: 3.2932 | LR: 0.000016
Epoch 12/100 | Batch 36400/43947 | Loss: 3.1676 | LR: 0.000016
Epoch 12/100 | Batch 36500/43947 | Loss: 3.1620 | LR: 0.000016
Epoch 12/100 | Batch 36600/43947 | Loss: 3.1822 | LR: 0.000016
Epoch 12/100 | Batch 36700/43947 | Loss: 3.2068 | LR: 0.000016
Epoch 12/100 | Batch 36800/43947 | Loss: 3.1530 | LR: 0.000016
Epoch 12/100 | Batch 36900/43947 | Loss: 3.1589 | LR: 0.000016
Epoch 12/100 | Batch 37000/43947 | Loss: 3.1812 | LR: 0.000016
Epoch 12/100 | Batch 37100/43947 | Loss: 3.2078 | LR: 0.000016
Epoch 12/100 | Batch 37200/43947 | Loss: 3.1744 | LR: 0.000016
Epoch 12/100 | Batch 37300/43947 | Loss: 3.2447 | LR: 0.000016
Epoch 12/100 | Batch 37400/43947 | Loss: 3.2442 | LR: 0.000016
Epoch 12/100 | Batch 37500/43947 | Loss: 3.1419 | LR: 0.000016
Epoch 12/100 | Batch 37600/43947 | Loss: 3.1791 | LR: 0.000016
Epoch 12/100 | Batch 37700/43947 | Loss: 3.1848 | LR: 0.000016
Epoch 12/100 | Batch 37800/43947 | Loss: 3.2058 | LR: 0.000016
Epoch 12/100 | Batch 37900/43947 | Loss: 3.2129 | LR: 0.000016
Epoch 12/100 | Batch 38000/43947 | Loss: 3.1860 | LR: 0.000016
Epoch 12/100 | Batch 38100/43947 | Loss: 3.1940 | LR: 0.000016
Epoch 12/100 | Batch 38200/43947 | Loss: 3.1722 | LR: 0.000016
Epoch 12/100 | Batch 38300/43947 | Loss: 3.1279 | LR: 0.000016
Epoch 12/100 | Batch 38400/43947 | Loss: 3.1620 | LR: 0.000016
Epoch 12/100 | Batch 38500/43947 | Loss: 3.1238 | LR: 0.000016
Epoch 12/100 | Batch 38600/43947 | Loss: 3.1901 | LR: 0.000016
Epoch 12/100 | Batch 38700/43947 | Loss: 3.2160 | LR: 0.000016
Epoch 12/100 | Batch 38800/43947 | Loss: 3.1970 | LR: 0.000016
Epoch 12/100 | Batch 38900/43947 | Loss: 3.1662 | LR: 0.000016
Epoch 12/100 | Batch 39000/43947 | Loss: 3.1760 | LR: 0.000016
Epoch 12/100 | Batch 39100/43947 | Loss: 3.2171 | LR: 0.000016
Epoch 12/100 | Batch 39200/43947 | Loss: 3.2263 | LR: 0.000016
Epoch 12/100 | Batch 39300/43947 | Loss: 3.1793 | LR: 0.000016
Epoch 12/100 | Batch 39400/43947 | Loss: 3.2053 | LR: 0.000016
Epoch 12/100 | Batch 39500/43947 | Loss: 3.2026 | LR: 0.000016
Epoch 12/100 | Batch 39600/43947 | Loss: 3.1503 | LR: 0.000016
Epoch 12/100 | Batch 39700/43947 | Loss: 3.2174 | LR: 0.000016
Epoch 12/100 | Batch 39800/43947 | Loss: 3.2318 | LR: 0.000016
Epoch 12/100 | Batch 39900/43947 | Loss: 3.1677 | LR: 0.000016
Epoch 12/100 | Batch 40000/43947 | Loss: 3.1571 | LR: 0.000016
Epoch 12/100 | Batch 40100/43947 | Loss: 3.2284 | LR: 0.000016
Epoch 12/100 | Batch 40200/43947 | Loss: 3.2438 | LR: 0.000016
Epoch 12/100 | Batch 40300/43947 | Loss: 3.1912 | LR: 0.000016
Epoch 12/100 | Batch 40400/43947 | Loss: 3.1695 | LR: 0.000016
Epoch 12/100 | Batch 40500/43947 | Loss: 3.2037 | LR: 0.000016
Epoch 12/100 | Batch 40600/43947 | Loss: 3.1675 | LR: 0.000016
Epoch 12/100 | Batch 40700/43947 | Loss: 3.2185 | LR: 0.000016
Epoch 12/100 | Batch 40800/43947 | Loss: 3.1572 | LR: 0.000016
Epoch 12/100 | Batch 40900/43947 | Loss: 3.1502 | LR: 0.000016
Epoch 12/100 | Batch 41000/43947 | Loss: 3.1752 | LR: 0.000016
Epoch 12/100 | Batch 41100/43947 | Loss: 3.2058 | LR: 0.000016
Epoch 12/100 | Batch 41200/43947 | Loss: 3.1507 | LR: 0.000016
Epoch 12/100 | Batch 41300/43947 | Loss: 3.2182 | LR: 0.000016
Epoch 12/100 | Batch 41400/43947 | Loss: 3.1672 | LR: 0.000016
Epoch 12/100 | Batch 41500/43947 | Loss: 3.1594 | LR: 0.000016
Epoch 12/100 | Batch 41600/43947 | Loss: 3.1469 | LR: 0.000016
Epoch 12/100 | Batch 41700/43947 | Loss: 3.1572 | LR: 0.000016
Epoch 12/100 | Batch 41800/43947 | Loss: 3.2065 | LR: 0.000016
Epoch 12/100 | Batch 41900/43947 | Loss: 3.1899 | LR: 0.000016
Epoch 12/100 | Batch 42000/43947 | Loss: 3.1636 | LR: 0.000016
Epoch 12/100 | Batch 42100/43947 | Loss: 3.1996 | LR: 0.000016
Epoch 12/100 | Batch 42200/43947 | Loss: 3.2358 | LR: 0.000016
Epoch 12/100 | Batch 42300/43947 | Loss: 3.1842 | LR: 0.000016
Epoch 12/100 | Batch 42400/43947 | Loss: 3.1590 | LR: 0.000016
Epoch 12/100 | Batch 42500/43947 | Loss: 3.1645 | LR: 0.000016
Epoch 12/100 | Batch 42600/43947 | Loss: 3.1476 | LR: 0.000016
Epoch 12/100 | Batch 42700/43947 | Loss: 3.1713 | LR: 0.000016
Epoch 12/100 | Batch 42800/43947 | Loss: 3.1765 | LR: 0.000016
Epoch 12/100 | Batch 42900/43947 | Loss: 3.2268 | LR: 0.000016
Epoch 12/100 | Batch 43000/43947 | Loss: 3.1347 | LR: 0.000016
Epoch 12/100 | Batch 43100/43947 | Loss: 3.2655 | LR: 0.000016
Epoch 12/100 | Batch 43200/43947 | Loss: 3.2695 | LR: 0.000016
Epoch 12/100 | Batch 43300/43947 | Loss: 3.1486 | LR: 0.000016
Epoch 12/100 | Batch 43400/43947 | Loss: 3.1603 | LR: 0.000016
Epoch 12/100 | Batch 43500/43947 | Loss: 3.1664 | LR: 0.000016
Epoch 12/100 | Batch 43600/43947 | Loss: 3.2025 | LR: 0.000016
Epoch 12/100 | Batch 43700/43947 | Loss: 3.1614 | LR: 0.000016
Epoch 12/100 | Batch 43800/43947 | Loss: 3.1932 | LR: 0.000016
Epoch 12/100 | Batch 43900/43947 | Loss: 3.1600 | LR: 0.000016

Epoch 12/100 Summary:
Average Training Loss: 3.1990
Average Validation Loss: 3.0720
Best Validation Loss: 3.0720
Learning Rate: 0.000016
Epoch 13/100 | Batch 0/43947 | Loss: 3.2812 | LR: 0.000014
Epoch 13/100 | Batch 100/43947 | Loss: 3.1260 | LR: 0.000014
Epoch 13/100 | Batch 200/43947 | Loss: 3.2446 | LR: 0.000014
Epoch 13/100 | Batch 300/43947 | Loss: 3.1236 | LR: 0.000014
Epoch 13/100 | Batch 400/43947 | Loss: 3.2802 | LR: 0.000014
Epoch 13/100 | Batch 500/43947 | Loss: 3.2373 | LR: 0.000014
Epoch 13/100 | Batch 600/43947 | Loss: 3.2658 | LR: 0.000014
Epoch 13/100 | Batch 700/43947 | Loss: 3.2086 | LR: 0.000014
Epoch 13/100 | Batch 800/43947 | Loss: 3.1918 | LR: 0.000014
Epoch 13/100 | Batch 900/43947 | Loss: 3.2041 | LR: 0.000014
Epoch 13/100 | Batch 1000/43947 | Loss: 3.2207 | LR: 0.000014
Epoch 13/100 | Batch 1100/43947 | Loss: 3.3459 | LR: 0.000014
Epoch 13/100 | Batch 1200/43947 | Loss: 3.1938 | LR: 0.000014
Epoch 13/100 | Batch 1300/43947 | Loss: 3.2297 | LR: 0.000014
Epoch 13/100 | Batch 1400/43947 | Loss: 3.1529 | LR: 0.000014
Epoch 13/100 | Batch 1500/43947 | Loss: 3.2607 | LR: 0.000014
Epoch 13/100 | Batch 1600/43947 | Loss: 3.2484 | LR: 0.000014
Epoch 13/100 | Batch 1700/43947 | Loss: 3.1591 | LR: 0.000014
Epoch 13/100 | Batch 1800/43947 | Loss: 3.1244 | LR: 0.000014
Epoch 13/100 | Batch 1900/43947 | Loss: 3.2140 | LR: 0.000014
Epoch 13/100 | Batch 2000/43947 | Loss: 3.3376 | LR: 0.000014
Epoch 13/100 | Batch 2100/43947 | Loss: 3.1761 | LR: 0.000014
Epoch 13/100 | Batch 2200/43947 | Loss: 3.2407 | LR: 0.000014
Epoch 13/100 | Batch 2300/43947 | Loss: 3.2083 | LR: 0.000014
Epoch 13/100 | Batch 2400/43947 | Loss: 3.1738 | LR: 0.000014
Epoch 13/100 | Batch 2500/43947 | Loss: 3.2079 | LR: 0.000014
Epoch 13/100 | Batch 2600/43947 | Loss: 3.2416 | LR: 0.000014
Epoch 13/100 | Batch 2700/43947 | Loss: 3.2341 | LR: 0.000014
Epoch 13/100 | Batch 2800/43947 | Loss: 3.2086 | LR: 0.000014
Epoch 13/100 | Batch 2900/43947 | Loss: 3.1657 | LR: 0.000014
Epoch 13/100 | Batch 3000/43947 | Loss: 3.1642 | LR: 0.000014
Epoch 13/100 | Batch 3100/43947 | Loss: 3.1330 | LR: 0.000014
Epoch 13/100 | Batch 3200/43947 | Loss: 3.1528 | LR: 0.000014
Epoch 13/100 | Batch 3300/43947 | Loss: 3.1831 | LR: 0.000014
Epoch 13/100 | Batch 3400/43947 | Loss: 3.1380 | LR: 0.000014
Epoch 13/100 | Batch 3500/43947 | Loss: 3.2494 | LR: 0.000014
Epoch 13/100 | Batch 3600/43947 | Loss: 3.1195 | LR: 0.000014
Epoch 13/100 | Batch 3700/43947 | Loss: 3.2352 | LR: 0.000014
Epoch 13/100 | Batch 3800/43947 | Loss: 3.2964 | LR: 0.000014
Epoch 13/100 | Batch 3900/43947 | Loss: 3.1910 | LR: 0.000014
Epoch 13/100 | Batch 4000/43947 | Loss: 3.1835 | LR: 0.000014
Epoch 13/100 | Batch 4100/43947 | Loss: 3.2499 | LR: 0.000014
Epoch 13/100 | Batch 4200/43947 | Loss: 3.1777 | LR: 0.000014
Epoch 13/100 | Batch 4300/43947 | Loss: 3.1980 | LR: 0.000014
Epoch 13/100 | Batch 4400/43947 | Loss: 3.1728 | LR: 0.000014
Epoch 13/100 | Batch 4500/43947 | Loss: 3.2268 | LR: 0.000014
Epoch 13/100 | Batch 4600/43947 | Loss: 3.1898 | LR: 0.000014
Epoch 13/100 | Batch 4700/43947 | Loss: 3.2222 | LR: 0.000014
Epoch 13/100 | Batch 4800/43947 | Loss: 3.2128 | LR: 0.000014
Epoch 13/100 | Batch 4900/43947 | Loss: 3.1931 | LR: 0.000014
Epoch 13/100 | Batch 5000/43947 | Loss: 3.1640 | LR: 0.000014
Epoch 13/100 | Batch 5100/43947 | Loss: 3.2496 | LR: 0.000014
Epoch 13/100 | Batch 5200/43947 | Loss: 3.2149 | LR: 0.000014
Epoch 13/100 | Batch 5300/43947 | Loss: 3.2123 | LR: 0.000014
Epoch 13/100 | Batch 5400/43947 | Loss: 3.1425 | LR: 0.000014
Epoch 13/100 | Batch 5500/43947 | Loss: 3.1962 | LR: 0.000014
Epoch 13/100 | Batch 5600/43947 | Loss: 3.1984 | LR: 0.000014
Epoch 13/100 | Batch 5700/43947 | Loss: 3.1929 | LR: 0.000014
Epoch 13/100 | Batch 5800/43947 | Loss: 3.1471 | LR: 0.000014
Epoch 13/100 | Batch 5900/43947 | Loss: 3.1926 | LR: 0.000014
Epoch 13/100 | Batch 6000/43947 | Loss: 3.1982 | LR: 0.000014
Epoch 13/100 | Batch 6100/43947 | Loss: 3.2093 | LR: 0.000014
Epoch 13/100 | Batch 6200/43947 | Loss: 3.2351 | LR: 0.000014
Epoch 13/100 | Batch 6300/43947 | Loss: 3.1913 | LR: 0.000014
Epoch 13/100 | Batch 6400/43947 | Loss: 3.3112 | LR: 0.000014
Epoch 13/100 | Batch 6500/43947 | Loss: 3.2233 | LR: 0.000014
Epoch 13/100 | Batch 6600/43947 | Loss: 3.1020 | LR: 0.000014
Epoch 13/100 | Batch 6700/43947 | Loss: 3.1840 | LR: 0.000014
Epoch 13/100 | Batch 6800/43947 | Loss: 3.3368 | LR: 0.000014
Epoch 13/100 | Batch 6900/43947 | Loss: 3.2265 | LR: 0.000014
Epoch 13/100 | Batch 7000/43947 | Loss: 3.1897 | LR: 0.000014
Epoch 13/100 | Batch 7100/43947 | Loss: 3.2149 | LR: 0.000014
Epoch 13/100 | Batch 7200/43947 | Loss: 3.2567 | LR: 0.000014
Epoch 13/100 | Batch 7300/43947 | Loss: 3.2749 | LR: 0.000014
Epoch 13/100 | Batch 7400/43947 | Loss: 3.1664 | LR: 0.000014
Epoch 13/100 | Batch 7500/43947 | Loss: 3.1869 | LR: 0.000014
Epoch 13/100 | Batch 7600/43947 | Loss: 3.1066 | LR: 0.000014
Epoch 13/100 | Batch 7700/43947 | Loss: 3.2259 | LR: 0.000014
Epoch 13/100 | Batch 7800/43947 | Loss: 3.1916 | LR: 0.000014
Epoch 13/100 | Batch 7900/43947 | Loss: 3.1461 | LR: 0.000014
Epoch 13/100 | Batch 8000/43947 | Loss: 3.2256 | LR: 0.000014
Epoch 13/100 | Batch 8100/43947 | Loss: 3.1815 | LR: 0.000014
Epoch 13/100 | Batch 8200/43947 | Loss: 3.2423 | LR: 0.000014
Epoch 13/100 | Batch 8300/43947 | Loss: 3.2090 | LR: 0.000014
Epoch 13/100 | Batch 8400/43947 | Loss: 3.1961 | LR: 0.000014
Epoch 13/100 | Batch 8500/43947 | Loss: 3.1096 | LR: 0.000014
Epoch 13/100 | Batch 8600/43947 | Loss: 3.1740 | LR: 0.000014
Epoch 13/100 | Batch 8700/43947 | Loss: 3.1985 | LR: 0.000014
Epoch 13/100 | Batch 8800/43947 | Loss: 3.2209 | LR: 0.000014
Epoch 13/100 | Batch 8900/43947 | Loss: 3.2073 | LR: 0.000014
Epoch 13/100 | Batch 9000/43947 | Loss: 3.2024 | LR: 0.000014
Epoch 13/100 | Batch 9100/43947 | Loss: 3.1691 | LR: 0.000014
Epoch 13/100 | Batch 9200/43947 | Loss: 3.1776 | LR: 0.000014
Epoch 13/100 | Batch 9300/43947 | Loss: 3.1836 | LR: 0.000014
Epoch 13/100 | Batch 9400/43947 | Loss: 3.1792 | LR: 0.000014
Epoch 13/100 | Batch 9500/43947 | Loss: 3.2004 | LR: 0.000014
Epoch 13/100 | Batch 9600/43947 | Loss: 3.1735 | LR: 0.000014
Epoch 13/100 | Batch 9700/43947 | Loss: 3.1638 | LR: 0.000014
Epoch 13/100 | Batch 9800/43947 | Loss: 3.1961 | LR: 0.000014
Epoch 13/100 | Batch 9900/43947 | Loss: 3.1885 | LR: 0.000014
Epoch 13/100 | Batch 10000/43947 | Loss: 3.2361 | LR: 0.000014
Epoch 13/100 | Batch 10100/43947 | Loss: 3.2144 | LR: 0.000014
Epoch 13/100 | Batch 10200/43947 | Loss: 3.2143 | LR: 0.000014
Epoch 13/100 | Batch 10300/43947 | Loss: 3.2414 | LR: 0.000014
Epoch 13/100 | Batch 10400/43947 | Loss: 3.2069 | LR: 0.000014
Epoch 13/100 | Batch 10500/43947 | Loss: 3.1751 | LR: 0.000014
Epoch 13/100 | Batch 10600/43947 | Loss: 3.1784 | LR: 0.000014
Epoch 13/100 | Batch 10700/43947 | Loss: 3.2568 | LR: 0.000014
Epoch 13/100 | Batch 10800/43947 | Loss: 3.1985 | LR: 0.000014
Epoch 13/100 | Batch 10900/43947 | Loss: 3.2374 | LR: 0.000014
Epoch 13/100 | Batch 11000/43947 | Loss: 3.2576 | LR: 0.000014
Epoch 13/100 | Batch 11100/43947 | Loss: 3.1647 | LR: 0.000014
Epoch 13/100 | Batch 11200/43947 | Loss: 3.1192 | LR: 0.000014
Epoch 13/100 | Batch 11300/43947 | Loss: 3.2528 | LR: 0.000014
Epoch 13/100 | Batch 11400/43947 | Loss: 3.1749 | LR: 0.000014
Epoch 13/100 | Batch 11500/43947 | Loss: 3.2319 | LR: 0.000014
Epoch 13/100 | Batch 11600/43947 | Loss: 3.1969 | LR: 0.000014
Epoch 13/100 | Batch 11700/43947 | Loss: 3.1791 | LR: 0.000014
Epoch 13/100 | Batch 11800/43947 | Loss: 3.2714 | LR: 0.000014
Epoch 13/100 | Batch 11900/43947 | Loss: 3.1728 | LR: 0.000014
Epoch 13/100 | Batch 12000/43947 | Loss: 3.1882 | LR: 0.000014
Epoch 13/100 | Batch 12100/43947 | Loss: 3.2182 | LR: 0.000014
Epoch 13/100 | Batch 12200/43947 | Loss: 3.1834 | LR: 0.000014
Epoch 13/100 | Batch 12300/43947 | Loss: 3.2007 | LR: 0.000014
Epoch 13/100 | Batch 12400/43947 | Loss: 3.1701 | LR: 0.000014
Epoch 13/100 | Batch 12500/43947 | Loss: 3.1825 | LR: 0.000014
Epoch 13/100 | Batch 12600/43947 | Loss: 3.3223 | LR: 0.000014
Epoch 13/100 | Batch 12700/43947 | Loss: 3.2128 | LR: 0.000014
Epoch 13/100 | Batch 12800/43947 | Loss: 3.1638 | LR: 0.000014
Epoch 13/100 | Batch 12900/43947 | Loss: 3.1906 | LR: 0.000014
Epoch 13/100 | Batch 13000/43947 | Loss: 3.1157 | LR: 0.000014
Epoch 13/100 | Batch 13100/43947 | Loss: 3.1552 | LR: 0.000014
Epoch 13/100 | Batch 13200/43947 | Loss: 3.2089 | LR: 0.000014
Epoch 13/100 | Batch 13300/43947 | Loss: 3.1656 | LR: 0.000014
Epoch 13/100 | Batch 13400/43947 | Loss: 3.2263 | LR: 0.000014
Epoch 13/100 | Batch 13500/43947 | Loss: 3.1995 | LR: 0.000014
Epoch 13/100 | Batch 13600/43947 | Loss: 3.1092 | LR: 0.000014
Epoch 13/100 | Batch 13700/43947 | Loss: 3.2451 | LR: 0.000014
Epoch 13/100 | Batch 13800/43947 | Loss: 3.1551 | LR: 0.000014
Epoch 13/100 | Batch 13900/43947 | Loss: 3.1923 | LR: 0.000014
Epoch 13/100 | Batch 14000/43947 | Loss: 3.2051 | LR: 0.000014
Epoch 13/100 | Batch 14100/43947 | Loss: 3.1502 | LR: 0.000014
Epoch 13/100 | Batch 14200/43947 | Loss: 3.2018 | LR: 0.000014
Epoch 13/100 | Batch 14300/43947 | Loss: 3.1665 | LR: 0.000014
Epoch 13/100 | Batch 14400/43947 | Loss: 3.2015 | LR: 0.000014
Epoch 13/100 | Batch 14500/43947 | Loss: 3.1677 | LR: 0.000014
Epoch 13/100 | Batch 14600/43947 | Loss: 3.2040 | LR: 0.000014
Epoch 13/100 | Batch 14700/43947 | Loss: 3.1812 | LR: 0.000014
Epoch 13/100 | Batch 14800/43947 | Loss: 3.1992 | LR: 0.000014
Epoch 13/100 | Batch 14900/43947 | Loss: 3.1679 | LR: 0.000014
Epoch 13/100 | Batch 15000/43947 | Loss: 3.2286 | LR: 0.000014
Epoch 13/100 | Batch 15100/43947 | Loss: 3.2356 | LR: 0.000014
Epoch 13/100 | Batch 15200/43947 | Loss: 3.1717 | LR: 0.000014
Epoch 13/100 | Batch 15300/43947 | Loss: 3.3055 | LR: 0.000014
Epoch 13/100 | Batch 15400/43947 | Loss: 3.1776 | LR: 0.000014
Epoch 13/100 | Batch 15500/43947 | Loss: 3.2354 | LR: 0.000014
Epoch 13/100 | Batch 15600/43947 | Loss: 3.1316 | LR: 0.000014
Epoch 13/100 | Batch 15700/43947 | Loss: 3.2438 | LR: 0.000014
Epoch 13/100 | Batch 15800/43947 | Loss: 3.1765 | LR: 0.000014
Epoch 13/100 | Batch 15900/43947 | Loss: 3.1694 | LR: 0.000014
Epoch 13/100 | Batch 16000/43947 | Loss: 3.2002 | LR: 0.000014
Epoch 13/100 | Batch 16100/43947 | Loss: 3.1690 | LR: 0.000014
Epoch 13/100 | Batch 16200/43947 | Loss: 3.1515 | LR: 0.000014
Epoch 13/100 | Batch 16300/43947 | Loss: 3.2392 | LR: 0.000014
Epoch 13/100 | Batch 16400/43947 | Loss: 3.1691 | LR: 0.000014
Epoch 13/100 | Batch 16500/43947 | Loss: 3.1989 | LR: 0.000014
Epoch 13/100 | Batch 16600/43947 | Loss: 3.1689 | LR: 0.000014
Epoch 13/100 | Batch 16700/43947 | Loss: 3.2349 | LR: 0.000014
Epoch 13/100 | Batch 16800/43947 | Loss: 3.2902 | LR: 0.000014
Epoch 13/100 | Batch 16900/43947 | Loss: 3.1335 | LR: 0.000014
Epoch 13/100 | Batch 17000/43947 | Loss: 3.2316 | LR: 0.000014
Epoch 13/100 | Batch 17100/43947 | Loss: 3.2275 | LR: 0.000014
Epoch 13/100 | Batch 17200/43947 | Loss: 3.1970 | LR: 0.000014
Epoch 13/100 | Batch 17300/43947 | Loss: 3.2161 | LR: 0.000014
Epoch 13/100 | Batch 17400/43947 | Loss: 3.2077 | LR: 0.000014
Epoch 13/100 | Batch 17500/43947 | Loss: 3.2233 | LR: 0.000014
Epoch 13/100 | Batch 17600/43947 | Loss: 3.1425 | LR: 0.000014
Epoch 13/100 | Batch 17700/43947 | Loss: 3.1948 | LR: 0.000014
Epoch 13/100 | Batch 17800/43947 | Loss: 3.2190 | LR: 0.000014
Epoch 13/100 | Batch 17900/43947 | Loss: 3.2187 | LR: 0.000014
Epoch 13/100 | Batch 18000/43947 | Loss: 3.2523 | LR: 0.000014
Epoch 13/100 | Batch 18100/43947 | Loss: 3.2736 | LR: 0.000014
Epoch 13/100 | Batch 18200/43947 | Loss: 3.1961 | LR: 0.000014
Epoch 13/100 | Batch 18300/43947 | Loss: 3.1219 | LR: 0.000014
Epoch 13/100 | Batch 18400/43947 | Loss: 3.1112 | LR: 0.000014
Epoch 13/100 | Batch 18500/43947 | Loss: 3.1584 | LR: 0.000014
Epoch 13/100 | Batch 18600/43947 | Loss: 3.2158 | LR: 0.000014
Epoch 13/100 | Batch 18700/43947 | Loss: 3.1847 | LR: 0.000014
Epoch 13/100 | Batch 18800/43947 | Loss: 3.1817 | LR: 0.000014
Epoch 13/100 | Batch 18900/43947 | Loss: 3.2478 | LR: 0.000014
Epoch 13/100 | Batch 19000/43947 | Loss: 3.2340 | LR: 0.000014
Epoch 13/100 | Batch 19100/43947 | Loss: 3.2431 | LR: 0.000014
Epoch 13/100 | Batch 19200/43947 | Loss: 3.1419 | LR: 0.000014
Epoch 13/100 | Batch 19300/43947 | Loss: 3.2037 | LR: 0.000014
Epoch 13/100 | Batch 19400/43947 | Loss: 3.1791 | LR: 0.000014
Epoch 13/100 | Batch 19500/43947 | Loss: 3.1864 | LR: 0.000014
Epoch 13/100 | Batch 19600/43947 | Loss: 3.1431 | LR: 0.000014
Epoch 13/100 | Batch 19700/43947 | Loss: 3.1878 | LR: 0.000014
Epoch 13/100 | Batch 19800/43947 | Loss: 3.1813 | LR: 0.000014
Epoch 13/100 | Batch 19900/43947 | Loss: 3.1803 | LR: 0.000014
Epoch 13/100 | Batch 20000/43947 | Loss: 3.2432 | LR: 0.000014
Epoch 13/100 | Batch 20100/43947 | Loss: 3.1594 | LR: 0.000014
Epoch 13/100 | Batch 20200/43947 | Loss: 3.1822 | LR: 0.000014
Epoch 13/100 | Batch 20300/43947 | Loss: 3.2144 | LR: 0.000014
Epoch 13/100 | Batch 20400/43947 | Loss: 3.2169 | LR: 0.000014
Epoch 13/100 | Batch 20500/43947 | Loss: 3.2279 | LR: 0.000014
Epoch 13/100 | Batch 20600/43947 | Loss: 3.1735 | LR: 0.000014
Epoch 13/100 | Batch 20700/43947 | Loss: 3.1047 | LR: 0.000014
Epoch 13/100 | Batch 20800/43947 | Loss: 3.1566 | LR: 0.000014
Epoch 13/100 | Batch 20900/43947 | Loss: 3.1884 | LR: 0.000014
Epoch 13/100 | Batch 21000/43947 | Loss: 3.2383 | LR: 0.000014
Epoch 13/100 | Batch 21100/43947 | Loss: 3.2130 | LR: 0.000014
Epoch 13/100 | Batch 21200/43947 | Loss: 3.1245 | LR: 0.000014
Epoch 13/100 | Batch 21300/43947 | Loss: 3.1999 | LR: 0.000014
Epoch 13/100 | Batch 21400/43947 | Loss: 3.1750 | LR: 0.000014
Epoch 13/100 | Batch 21500/43947 | Loss: 3.1354 | LR: 0.000014
Epoch 13/100 | Batch 21600/43947 | Loss: 3.1398 | LR: 0.000014
Epoch 13/100 | Batch 21700/43947 | Loss: 3.2624 | LR: 0.000014
Epoch 13/100 | Batch 21800/43947 | Loss: 3.1882 | LR: 0.000014
Epoch 13/100 | Batch 21900/43947 | Loss: 3.2413 | LR: 0.000014
Epoch 13/100 | Batch 22000/43947 | Loss: 3.1519 | LR: 0.000014
Epoch 13/100 | Batch 22100/43947 | Loss: 3.2378 | LR: 0.000014
Epoch 13/100 | Batch 22200/43947 | Loss: 3.1885 | LR: 0.000014
Epoch 13/100 | Batch 22300/43947 | Loss: 3.2411 | LR: 0.000014
Epoch 13/100 | Batch 22400/43947 | Loss: 3.1879 | LR: 0.000014
Epoch 13/100 | Batch 22500/43947 | Loss: 3.1515 | LR: 0.000014
Epoch 13/100 | Batch 22600/43947 | Loss: 3.2021 | LR: 0.000014
Epoch 13/100 | Batch 22700/43947 | Loss: 3.1986 | LR: 0.000014
Epoch 13/100 | Batch 22800/43947 | Loss: 3.1785 | LR: 0.000014
Epoch 13/100 | Batch 22900/43947 | Loss: 3.1761 | LR: 0.000014
Epoch 13/100 | Batch 23000/43947 | Loss: 3.1477 | LR: 0.000014
Epoch 13/100 | Batch 23100/43947 | Loss: 3.1648 | LR: 0.000014
Epoch 13/100 | Batch 23200/43947 | Loss: 3.1456 | LR: 0.000014
Epoch 13/100 | Batch 23300/43947 | Loss: 3.1468 | LR: 0.000014
Epoch 13/100 | Batch 23400/43947 | Loss: 3.1537 | LR: 0.000014
Epoch 13/100 | Batch 23500/43947 | Loss: 3.1933 | LR: 0.000014
Epoch 13/100 | Batch 23600/43947 | Loss: 3.2587 | LR: 0.000014
Epoch 13/100 | Batch 23700/43947 | Loss: 3.2209 | LR: 0.000014
Epoch 13/100 | Batch 23800/43947 | Loss: 3.1959 | LR: 0.000014
Epoch 13/100 | Batch 23900/43947 | Loss: 3.2141 | LR: 0.000014
Epoch 13/100 | Batch 24000/43947 | Loss: 3.2164 | LR: 0.000014
Epoch 13/100 | Batch 24100/43947 | Loss: 3.1791 | LR: 0.000014
Epoch 13/100 | Batch 24200/43947 | Loss: 3.1777 | LR: 0.000014
Epoch 13/100 | Batch 24300/43947 | Loss: 3.1933 | LR: 0.000014
Epoch 13/100 | Batch 24400/43947 | Loss: 3.2070 | LR: 0.000014
Epoch 13/100 | Batch 24500/43947 | Loss: 3.2150 | LR: 0.000014
Epoch 13/100 | Batch 24600/43947 | Loss: 3.1662 | LR: 0.000014
Epoch 13/100 | Batch 24700/43947 | Loss: 3.2203 | LR: 0.000014
Epoch 13/100 | Batch 24800/43947 | Loss: 3.1562 | LR: 0.000014
Epoch 13/100 | Batch 24900/43947 | Loss: 3.2271 | LR: 0.000014
Epoch 13/100 | Batch 25000/43947 | Loss: 3.1869 | LR: 0.000014
Epoch 13/100 | Batch 25100/43947 | Loss: 3.2210 | LR: 0.000014
Epoch 13/100 | Batch 25200/43947 | Loss: 3.2600 | LR: 0.000014
Epoch 13/100 | Batch 25300/43947 | Loss: 3.1410 | LR: 0.000014
Epoch 13/100 | Batch 25400/43947 | Loss: 3.2055 | LR: 0.000014
Epoch 13/100 | Batch 25500/43947 | Loss: 3.2545 | LR: 0.000014
Epoch 13/100 | Batch 25600/43947 | Loss: 3.1848 | LR: 0.000014
Epoch 13/100 | Batch 25700/43947 | Loss: 3.2135 | LR: 0.000014
Epoch 13/100 | Batch 25800/43947 | Loss: 3.1487 | LR: 0.000014
Epoch 13/100 | Batch 25900/43947 | Loss: 3.2651 | LR: 0.000014
Epoch 13/100 | Batch 26000/43947 | Loss: 3.1938 | LR: 0.000014
Epoch 13/100 | Batch 26100/43947 | Loss: 3.2736 | LR: 0.000014
Epoch 13/100 | Batch 26200/43947 | Loss: 3.2192 | LR: 0.000014
Epoch 13/100 | Batch 26300/43947 | Loss: 3.1717 | LR: 0.000014
Epoch 13/100 | Batch 26400/43947 | Loss: 3.2084 | LR: 0.000014
Epoch 13/100 | Batch 26500/43947 | Loss: 3.1618 | LR: 0.000014
Epoch 13/100 | Batch 26600/43947 | Loss: 3.2202 | LR: 0.000014
Epoch 13/100 | Batch 26700/43947 | Loss: 3.2895 | LR: 0.000014
Epoch 13/100 | Batch 26800/43947 | Loss: 3.2572 | LR: 0.000014
Epoch 13/100 | Batch 26900/43947 | Loss: 3.1931 | LR: 0.000014
Epoch 13/100 | Batch 27000/43947 | Loss: 3.2430 | LR: 0.000014
Epoch 13/100 | Batch 27100/43947 | Loss: 3.1922 | LR: 0.000014
Epoch 13/100 | Batch 27200/43947 | Loss: 3.2078 | LR: 0.000014
Epoch 13/100 | Batch 27300/43947 | Loss: 3.1612 | LR: 0.000014
Epoch 13/100 | Batch 27400/43947 | Loss: 3.2315 | LR: 0.000014
Epoch 13/100 | Batch 27500/43947 | Loss: 3.1891 | LR: 0.000014
Epoch 13/100 | Batch 27600/43947 | Loss: 3.1297 | LR: 0.000014
Epoch 13/100 | Batch 27700/43947 | Loss: 3.1171 | LR: 0.000014
Epoch 13/100 | Batch 27800/43947 | Loss: 3.2134 | LR: 0.000014
Epoch 13/100 | Batch 27900/43947 | Loss: 3.2076 | LR: 0.000014
Epoch 13/100 | Batch 28000/43947 | Loss: 3.1737 | LR: 0.000014
Epoch 13/100 | Batch 28100/43947 | Loss: 3.1771 | LR: 0.000014
Epoch 13/100 | Batch 28200/43947 | Loss: 3.2523 | LR: 0.000014
Epoch 13/100 | Batch 28300/43947 | Loss: 3.1726 | LR: 0.000014
Epoch 13/100 | Batch 28400/43947 | Loss: 3.2039 | LR: 0.000014
Epoch 13/100 | Batch 28500/43947 | Loss: 3.1964 | LR: 0.000014
Epoch 13/100 | Batch 28600/43947 | Loss: 3.2178 | LR: 0.000014
Epoch 13/100 | Batch 28700/43947 | Loss: 3.2262 | LR: 0.000014
Epoch 13/100 | Batch 28800/43947 | Loss: 3.1483 | LR: 0.000014
Epoch 13/100 | Batch 28900/43947 | Loss: 3.2182 | LR: 0.000014
Epoch 13/100 | Batch 29000/43947 | Loss: 3.2112 | LR: 0.000014
Epoch 13/100 | Batch 29100/43947 | Loss: 3.1603 | LR: 0.000014
Epoch 13/100 | Batch 29200/43947 | Loss: 3.1870 | LR: 0.000014
Epoch 13/100 | Batch 29300/43947 | Loss: 3.2266 | LR: 0.000014
Epoch 13/100 | Batch 29400/43947 | Loss: 3.1608 | LR: 0.000014
Epoch 13/100 | Batch 29500/43947 | Loss: 3.1750 | LR: 0.000014
Epoch 13/100 | Batch 29600/43947 | Loss: 3.2467 | LR: 0.000014
Epoch 13/100 | Batch 29700/43947 | Loss: 3.2254 | LR: 0.000014
Epoch 13/100 | Batch 29800/43947 | Loss: 3.1777 | LR: 0.000014
Epoch 13/100 | Batch 29900/43947 | Loss: 3.1788 | LR: 0.000014
Epoch 13/100 | Batch 30000/43947 | Loss: 3.2789 | LR: 0.000014
Epoch 13/100 | Batch 30100/43947 | Loss: 3.1508 | LR: 0.000014
Epoch 13/100 | Batch 30200/43947 | Loss: 3.1792 | LR: 0.000014
Epoch 13/100 | Batch 30300/43947 | Loss: 3.2099 | LR: 0.000014
Epoch 13/100 | Batch 30400/43947 | Loss: 3.2213 | LR: 0.000014
Epoch 13/100 | Batch 30500/43947 | Loss: 3.2074 | LR: 0.000014
Epoch 13/100 | Batch 30600/43947 | Loss: 3.1644 | LR: 0.000014
Epoch 13/100 | Batch 30700/43947 | Loss: 3.1968 | LR: 0.000014
Epoch 13/100 | Batch 30800/43947 | Loss: 3.1778 | LR: 0.000014
Epoch 13/100 | Batch 30900/43947 | Loss: 3.2105 | LR: 0.000014
Epoch 13/100 | Batch 31000/43947 | Loss: 3.1948 | LR: 0.000014
Epoch 13/100 | Batch 31100/43947 | Loss: 3.2744 | LR: 0.000014
Epoch 13/100 | Batch 31200/43947 | Loss: 3.1749 | LR: 0.000014
Epoch 13/100 | Batch 31300/43947 | Loss: 3.1967 | LR: 0.000014
Epoch 13/100 | Batch 31400/43947 | Loss: 3.1593 | LR: 0.000014
Epoch 13/100 | Batch 31500/43947 | Loss: 3.1427 | LR: 0.000014
Epoch 13/100 | Batch 31600/43947 | Loss: 3.2276 | LR: 0.000014
Epoch 13/100 | Batch 31700/43947 | Loss: 3.1411 | LR: 0.000014
Epoch 13/100 | Batch 31800/43947 | Loss: 3.2452 | LR: 0.000014
Epoch 13/100 | Batch 31900/43947 | Loss: 3.2871 | LR: 0.000014
Epoch 13/100 | Batch 32000/43947 | Loss: 3.1479 | LR: 0.000014
Epoch 13/100 | Batch 32100/43947 | Loss: 3.1775 | LR: 0.000014
Epoch 13/100 | Batch 32200/43947 | Loss: 3.2420 | LR: 0.000014
Epoch 13/100 | Batch 32300/43947 | Loss: 3.1436 | LR: 0.000014
Epoch 13/100 | Batch 32400/43947 | Loss: 3.2554 | LR: 0.000014
Epoch 13/100 | Batch 32500/43947 | Loss: 3.2553 | LR: 0.000014
Epoch 13/100 | Batch 32600/43947 | Loss: 3.1386 | LR: 0.000014
Epoch 13/100 | Batch 32700/43947 | Loss: 3.1501 | LR: 0.000014
Epoch 13/100 | Batch 32800/43947 | Loss: 3.2480 | LR: 0.000014
Epoch 13/100 | Batch 32900/43947 | Loss: 3.1615 | LR: 0.000014
Epoch 13/100 | Batch 33000/43947 | Loss: 3.2279 | LR: 0.000014
Epoch 13/100 | Batch 33100/43947 | Loss: 3.1692 | LR: 0.000014
Epoch 13/100 | Batch 33200/43947 | Loss: 3.1980 | LR: 0.000014
Epoch 13/100 | Batch 33300/43947 | Loss: 3.2479 | LR: 0.000014
Epoch 13/100 | Batch 33400/43947 | Loss: 3.1651 | LR: 0.000014
Epoch 13/100 | Batch 33500/43947 | Loss: 3.1326 | LR: 0.000014
Epoch 13/100 | Batch 33600/43947 | Loss: 3.1305 | LR: 0.000014
Epoch 13/100 | Batch 33700/43947 | Loss: 3.1676 | LR: 0.000014
Epoch 13/100 | Batch 33800/43947 | Loss: 3.2030 | LR: 0.000014
Epoch 13/100 | Batch 33900/43947 | Loss: 3.2609 | LR: 0.000014
Epoch 13/100 | Batch 34000/43947 | Loss: 3.1603 | LR: 0.000014
Epoch 13/100 | Batch 34100/43947 | Loss: 3.1773 | LR: 0.000014
Epoch 13/100 | Batch 34200/43947 | Loss: 3.1880 | LR: 0.000014
Epoch 13/100 | Batch 34300/43947 | Loss: 3.2331 | LR: 0.000014
Epoch 13/100 | Batch 34400/43947 | Loss: 3.1991 | LR: 0.000014
Epoch 13/100 | Batch 34500/43947 | Loss: 3.1584 | LR: 0.000014
Epoch 13/100 | Batch 34600/43947 | Loss: 3.2064 | LR: 0.000014
Epoch 13/100 | Batch 34700/43947 | Loss: 3.1811 | LR: 0.000014
Epoch 13/100 | Batch 34800/43947 | Loss: 3.2114 | LR: 0.000014
Epoch 13/100 | Batch 34900/43947 | Loss: 3.2526 | LR: 0.000014
Epoch 13/100 | Batch 35000/43947 | Loss: 3.1858 | LR: 0.000014
Epoch 13/100 | Batch 35100/43947 | Loss: 3.2008 | LR: 0.000014
Epoch 13/100 | Batch 35200/43947 | Loss: 3.2390 | LR: 0.000014
Epoch 13/100 | Batch 35300/43947 | Loss: 3.2380 | LR: 0.000014
Epoch 13/100 | Batch 35400/43947 | Loss: 3.1453 | LR: 0.000014
Epoch 13/100 | Batch 35500/43947 | Loss: 3.2018 | LR: 0.000014
Epoch 13/100 | Batch 35600/43947 | Loss: 3.1940 | LR: 0.000014
Epoch 13/100 | Batch 35700/43947 | Loss: 3.1427 | LR: 0.000014
Epoch 13/100 | Batch 35800/43947 | Loss: 3.1773 | LR: 0.000014
Epoch 13/100 | Batch 35900/43947 | Loss: 3.1442 | LR: 0.000014
Epoch 13/100 | Batch 36000/43947 | Loss: 3.2335 | LR: 0.000014
Epoch 13/100 | Batch 36100/43947 | Loss: 3.2016 | LR: 0.000014
Epoch 13/100 | Batch 36200/43947 | Loss: 3.2142 | LR: 0.000014
Epoch 13/100 | Batch 36300/43947 | Loss: 3.2981 | LR: 0.000014
Epoch 13/100 | Batch 36400/43947 | Loss: 3.1723 | LR: 0.000014
Epoch 13/100 | Batch 36500/43947 | Loss: 3.1782 | LR: 0.000014
Epoch 13/100 | Batch 36600/43947 | Loss: 3.1915 | LR: 0.000014
Epoch 13/100 | Batch 36700/43947 | Loss: 3.2144 | LR: 0.000014
Epoch 13/100 | Batch 36800/43947 | Loss: 3.1478 | LR: 0.000014
Epoch 13/100 | Batch 36900/43947 | Loss: 3.1740 | LR: 0.000014
Epoch 13/100 | Batch 37000/43947 | Loss: 3.1688 | LR: 0.000014
Epoch 13/100 | Batch 37100/43947 | Loss: 3.2107 | LR: 0.000014
Epoch 13/100 | Batch 37200/43947 | Loss: 3.1807 | LR: 0.000014
Epoch 13/100 | Batch 37300/43947 | Loss: 3.2627 | LR: 0.000014
Epoch 13/100 | Batch 37400/43947 | Loss: 3.2441 | LR: 0.000014
Epoch 13/100 | Batch 37500/43947 | Loss: 3.1547 | LR: 0.000014
Epoch 13/100 | Batch 37600/43947 | Loss: 3.1905 | LR: 0.000014
Epoch 13/100 | Batch 37700/43947 | Loss: 3.1922 | LR: 0.000014
Epoch 13/100 | Batch 37800/43947 | Loss: 3.1829 | LR: 0.000014
Epoch 13/100 | Batch 37900/43947 | Loss: 3.2235 | LR: 0.000014
Epoch 13/100 | Batch 38000/43947 | Loss: 3.1959 | LR: 0.000014
Epoch 13/100 | Batch 38100/43947 | Loss: 3.1811 | LR: 0.000014
Epoch 13/100 | Batch 38200/43947 | Loss: 3.1664 | LR: 0.000014
Epoch 13/100 | Batch 38300/43947 | Loss: 3.1208 | LR: 0.000014
Epoch 13/100 | Batch 38400/43947 | Loss: 3.1640 | LR: 0.000014
Epoch 13/100 | Batch 38500/43947 | Loss: 3.1383 | LR: 0.000014
Epoch 13/100 | Batch 38600/43947 | Loss: 3.1836 | LR: 0.000014
Epoch 13/100 | Batch 38700/43947 | Loss: 3.2175 | LR: 0.000014
Epoch 13/100 | Batch 38800/43947 | Loss: 3.1855 | LR: 0.000014
Epoch 13/100 | Batch 38900/43947 | Loss: 3.1366 | LR: 0.000014
Epoch 13/100 | Batch 39000/43947 | Loss: 3.1843 | LR: 0.000014
Epoch 13/100 | Batch 39100/43947 | Loss: 3.1895 | LR: 0.000014
Epoch 13/100 | Batch 39200/43947 | Loss: 3.2387 | LR: 0.000014
Epoch 13/100 | Batch 39300/43947 | Loss: 3.1786 | LR: 0.000014
Epoch 13/100 | Batch 39400/43947 | Loss: 3.1888 | LR: 0.000014
Epoch 13/100 | Batch 39500/43947 | Loss: 3.2091 | LR: 0.000014
Epoch 13/100 | Batch 39600/43947 | Loss: 3.1201 | LR: 0.000014
Epoch 13/100 | Batch 39700/43947 | Loss: 3.2232 | LR: 0.000014
Epoch 13/100 | Batch 39800/43947 | Loss: 3.2310 | LR: 0.000014
Epoch 13/100 | Batch 39900/43947 | Loss: 3.1900 | LR: 0.000014
Epoch 13/100 | Batch 40000/43947 | Loss: 3.1577 | LR: 0.000014
Epoch 13/100 | Batch 40100/43947 | Loss: 3.2306 | LR: 0.000014
Epoch 13/100 | Batch 40200/43947 | Loss: 3.2252 | LR: 0.000014
Epoch 13/100 | Batch 40300/43947 | Loss: 3.1841 | LR: 0.000014
Epoch 13/100 | Batch 40400/43947 | Loss: 3.1588 | LR: 0.000014
Epoch 13/100 | Batch 40500/43947 | Loss: 3.2048 | LR: 0.000014
Epoch 13/100 | Batch 40600/43947 | Loss: 3.1592 | LR: 0.000014
Epoch 13/100 | Batch 40700/43947 | Loss: 3.1949 | LR: 0.000014
Epoch 13/100 | Batch 40800/43947 | Loss: 3.1458 | LR: 0.000014
Epoch 13/100 | Batch 40900/43947 | Loss: 3.1662 | LR: 0.000014
Epoch 13/100 | Batch 41000/43947 | Loss: 3.1616 | LR: 0.000014
Epoch 13/100 | Batch 41100/43947 | Loss: 3.2114 | LR: 0.000014
Epoch 13/100 | Batch 41200/43947 | Loss: 3.1351 | LR: 0.000014
Epoch 13/100 | Batch 41300/43947 | Loss: 3.2180 | LR: 0.000014
Epoch 13/100 | Batch 41400/43947 | Loss: 3.1610 | LR: 0.000014
Epoch 13/100 | Batch 41500/43947 | Loss: 3.1830 | LR: 0.000014
Epoch 13/100 | Batch 41600/43947 | Loss: 3.1382 | LR: 0.000014
Epoch 13/100 | Batch 41700/43947 | Loss: 3.1434 | LR: 0.000014
Epoch 13/100 | Batch 41800/43947 | Loss: 3.2014 | LR: 0.000014
Epoch 13/100 | Batch 41900/43947 | Loss: 3.1966 | LR: 0.000014
Epoch 13/100 | Batch 42000/43947 | Loss: 3.1801 | LR: 0.000014
Epoch 13/100 | Batch 42100/43947 | Loss: 3.1911 | LR: 0.000014
Epoch 13/100 | Batch 42200/43947 | Loss: 3.2158 | LR: 0.000014
Epoch 13/100 | Batch 42300/43947 | Loss: 3.1644 | LR: 0.000014
Epoch 13/100 | Batch 42400/43947 | Loss: 3.1680 | LR: 0.000014
Epoch 13/100 | Batch 42500/43947 | Loss: 3.1476 | LR: 0.000014
Epoch 13/100 | Batch 42600/43947 | Loss: 3.1418 | LR: 0.000014
Epoch 13/100 | Batch 42700/43947 | Loss: 3.1620 | LR: 0.000014
Epoch 13/100 | Batch 42800/43947 | Loss: 3.1579 | LR: 0.000014
Epoch 13/100 | Batch 42900/43947 | Loss: 3.2448 | LR: 0.000014
Epoch 13/100 | Batch 43000/43947 | Loss: 3.1556 | LR: 0.000014
Epoch 13/100 | Batch 43100/43947 | Loss: 3.2845 | LR: 0.000014
Epoch 13/100 | Batch 43200/43947 | Loss: 3.2910 | LR: 0.000014
Epoch 13/100 | Batch 43300/43947 | Loss: 3.1689 | LR: 0.000014
Epoch 13/100 | Batch 43400/43947 | Loss: 3.1727 | LR: 0.000014
Epoch 13/100 | Batch 43500/43947 | Loss: 3.1591 | LR: 0.000014
Epoch 13/100 | Batch 43600/43947 | Loss: 3.2073 | LR: 0.000014
Epoch 13/100 | Batch 43700/43947 | Loss: 3.1620 | LR: 0.000014
Epoch 13/100 | Batch 43800/43947 | Loss: 3.1657 | LR: 0.000014
Epoch 13/100 | Batch 43900/43947 | Loss: 3.1705 | LR: 0.000014

Epoch 13/100 Summary:
Average Training Loss: 3.1966
Average Validation Loss: 3.0681
Best Validation Loss: 3.0681
Learning Rate: 0.000014
Epoch 14/100 | Batch 0/43947 | Loss: 3.2923 | LR: 0.000012
Epoch 14/100 | Batch 100/43947 | Loss: 3.1079 | LR: 0.000012
Epoch 14/100 | Batch 200/43947 | Loss: 3.2115 | LR: 0.000012
Epoch 14/100 | Batch 300/43947 | Loss: 3.1169 | LR: 0.000012
Epoch 14/100 | Batch 400/43947 | Loss: 3.2613 | LR: 0.000012
Epoch 14/100 | Batch 500/43947 | Loss: 3.2348 | LR: 0.000012
Epoch 14/100 | Batch 600/43947 | Loss: 3.2713 | LR: 0.000012
Epoch 14/100 | Batch 700/43947 | Loss: 3.2221 | LR: 0.000012
Epoch 14/100 | Batch 800/43947 | Loss: 3.2022 | LR: 0.000012
Epoch 14/100 | Batch 900/43947 | Loss: 3.1872 | LR: 0.000012
Epoch 14/100 | Batch 1000/43947 | Loss: 3.2149 | LR: 0.000012
Epoch 14/100 | Batch 1100/43947 | Loss: 3.3531 | LR: 0.000012
Epoch 14/100 | Batch 1200/43947 | Loss: 3.1865 | LR: 0.000012
Epoch 14/100 | Batch 1300/43947 | Loss: 3.2332 | LR: 0.000012
Epoch 14/100 | Batch 1400/43947 | Loss: 3.1536 | LR: 0.000012
Epoch 14/100 | Batch 1500/43947 | Loss: 3.2564 | LR: 0.000012
Epoch 14/100 | Batch 1600/43947 | Loss: 3.2333 | LR: 0.000012
Epoch 14/100 | Batch 1700/43947 | Loss: 3.1575 | LR: 0.000012
Epoch 14/100 | Batch 1800/43947 | Loss: 3.1329 | LR: 0.000012
Epoch 14/100 | Batch 1900/43947 | Loss: 3.2047 | LR: 0.000012
Epoch 14/100 | Batch 2000/43947 | Loss: 3.3219 | LR: 0.000012
Epoch 14/100 | Batch 2100/43947 | Loss: 3.1890 | LR: 0.000012
Epoch 14/100 | Batch 2200/43947 | Loss: 3.2332 | LR: 0.000012
Epoch 14/100 | Batch 2300/43947 | Loss: 3.2028 | LR: 0.000012
Epoch 14/100 | Batch 2400/43947 | Loss: 3.1811 | LR: 0.000012
Epoch 14/100 | Batch 2500/43947 | Loss: 3.2115 | LR: 0.000012
Epoch 14/100 | Batch 2600/43947 | Loss: 3.2268 | LR: 0.000012
Epoch 14/100 | Batch 2700/43947 | Loss: 3.2441 | LR: 0.000012
Epoch 14/100 | Batch 2800/43947 | Loss: 3.1834 | LR: 0.000012
Epoch 14/100 | Batch 2900/43947 | Loss: 3.1742 | LR: 0.000012
Epoch 14/100 | Batch 3000/43947 | Loss: 3.1775 | LR: 0.000012
Epoch 14/100 | Batch 3100/43947 | Loss: 3.1476 | LR: 0.000012
Epoch 14/100 | Batch 3200/43947 | Loss: 3.1649 | LR: 0.000012
Epoch 14/100 | Batch 3300/43947 | Loss: 3.1758 | LR: 0.000012
Epoch 14/100 | Batch 3400/43947 | Loss: 3.1177 | LR: 0.000012
Epoch 14/100 | Batch 3500/43947 | Loss: 3.2433 | LR: 0.000012
Epoch 14/100 | Batch 3600/43947 | Loss: 3.1310 | LR: 0.000012
Epoch 14/100 | Batch 3700/43947 | Loss: 3.2271 | LR: 0.000012
Epoch 14/100 | Batch 3800/43947 | Loss: 3.2674 | LR: 0.000012
Epoch 14/100 | Batch 3900/43947 | Loss: 3.1898 | LR: 0.000012
Epoch 14/100 | Batch 4000/43947 | Loss: 3.1822 | LR: 0.000012
Epoch 14/100 | Batch 4100/43947 | Loss: 3.2403 | LR: 0.000012
Epoch 14/100 | Batch 4200/43947 | Loss: 3.1750 | LR: 0.000012
Epoch 14/100 | Batch 4300/43947 | Loss: 3.1936 | LR: 0.000012
Epoch 14/100 | Batch 4400/43947 | Loss: 3.1688 | LR: 0.000012
Epoch 14/100 | Batch 4500/43947 | Loss: 3.2186 | LR: 0.000012
Epoch 14/100 | Batch 4600/43947 | Loss: 3.1949 | LR: 0.000012
Epoch 14/100 | Batch 4700/43947 | Loss: 3.2267 | LR: 0.000012
Epoch 14/100 | Batch 4800/43947 | Loss: 3.2106 | LR: 0.000012
Epoch 14/100 | Batch 4900/43947 | Loss: 3.1972 | LR: 0.000012
Epoch 14/100 | Batch 5000/43947 | Loss: 3.1535 | LR: 0.000012
Epoch 14/100 | Batch 5100/43947 | Loss: 3.2341 | LR: 0.000012
Epoch 14/100 | Batch 5200/43947 | Loss: 3.2163 | LR: 0.000012
Epoch 14/100 | Batch 5300/43947 | Loss: 3.2092 | LR: 0.000012
Epoch 14/100 | Batch 5400/43947 | Loss: 3.1470 | LR: 0.000012
Epoch 14/100 | Batch 5500/43947 | Loss: 3.1966 | LR: 0.000012
Epoch 14/100 | Batch 5600/43947 | Loss: 3.1900 | LR: 0.000012
Epoch 14/100 | Batch 5700/43947 | Loss: 3.1783 | LR: 0.000012
Epoch 14/100 | Batch 5800/43947 | Loss: 3.1509 | LR: 0.000012
Epoch 14/100 | Batch 5900/43947 | Loss: 3.1779 | LR: 0.000012
Epoch 14/100 | Batch 6000/43947 | Loss: 3.1995 | LR: 0.000012
Epoch 14/100 | Batch 6100/43947 | Loss: 3.1949 | LR: 0.000012
Epoch 14/100 | Batch 6200/43947 | Loss: 3.2280 | LR: 0.000012
Epoch 14/100 | Batch 6300/43947 | Loss: 3.2004 | LR: 0.000012
Epoch 14/100 | Batch 6400/43947 | Loss: 3.2930 | LR: 0.000012
Epoch 14/100 | Batch 6500/43947 | Loss: 3.2151 | LR: 0.000012
Epoch 14/100 | Batch 6600/43947 | Loss: 3.0954 | LR: 0.000012
Epoch 14/100 | Batch 6700/43947 | Loss: 3.1985 | LR: 0.000012
Epoch 14/100 | Batch 6800/43947 | Loss: 3.3323 | LR: 0.000012
Epoch 14/100 | Batch 6900/43947 | Loss: 3.2181 | LR: 0.000012
Epoch 14/100 | Batch 7000/43947 | Loss: 3.1863 | LR: 0.000012
Epoch 14/100 | Batch 7100/43947 | Loss: 3.2097 | LR: 0.000012
Epoch 14/100 | Batch 7200/43947 | Loss: 3.2125 | LR: 0.000012
Epoch 14/100 | Batch 7300/43947 | Loss: 3.2564 | LR: 0.000012
Epoch 14/100 | Batch 7400/43947 | Loss: 3.1676 | LR: 0.000012
Epoch 14/100 | Batch 7500/43947 | Loss: 3.1671 | LR: 0.000012
Epoch 14/100 | Batch 7600/43947 | Loss: 3.1164 | LR: 0.000012
Epoch 14/100 | Batch 7700/43947 | Loss: 3.2220 | LR: 0.000012
Epoch 14/100 | Batch 7800/43947 | Loss: 3.1768 | LR: 0.000012
Epoch 14/100 | Batch 7900/43947 | Loss: 3.1551 | LR: 0.000012
Epoch 14/100 | Batch 8000/43947 | Loss: 3.2177 | LR: 0.000012
Epoch 14/100 | Batch 8100/43947 | Loss: 3.1741 | LR: 0.000012
Epoch 14/100 | Batch 8200/43947 | Loss: 3.2300 | LR: 0.000012
Epoch 14/100 | Batch 8300/43947 | Loss: 3.1933 | LR: 0.000012
Epoch 14/100 | Batch 8400/43947 | Loss: 3.2060 | LR: 0.000012
Epoch 14/100 | Batch 8500/43947 | Loss: 3.1152 | LR: 0.000012
Epoch 14/100 | Batch 8600/43947 | Loss: 3.1848 | LR: 0.000012
Epoch 14/100 | Batch 8700/43947 | Loss: 3.2050 | LR: 0.000012
Epoch 14/100 | Batch 8800/43947 | Loss: 3.2064 | LR: 0.000012
Epoch 14/100 | Batch 8900/43947 | Loss: 3.2208 | LR: 0.000012
Epoch 14/100 | Batch 9000/43947 | Loss: 3.1991 | LR: 0.000012
Epoch 14/100 | Batch 9100/43947 | Loss: 3.1679 | LR: 0.000012
Epoch 14/100 | Batch 9200/43947 | Loss: 3.1800 | LR: 0.000012
Epoch 14/100 | Batch 9300/43947 | Loss: 3.1734 | LR: 0.000012
Epoch 14/100 | Batch 9400/43947 | Loss: 3.1790 | LR: 0.000012
Epoch 14/100 | Batch 9500/43947 | Loss: 3.2106 | LR: 0.000012
Epoch 14/100 | Batch 9600/43947 | Loss: 3.1695 | LR: 0.000012
Epoch 14/100 | Batch 9700/43947 | Loss: 3.1785 | LR: 0.000012
Epoch 14/100 | Batch 9800/43947 | Loss: 3.1798 | LR: 0.000012
Epoch 14/100 | Batch 9900/43947 | Loss: 3.2036 | LR: 0.000012
Epoch 14/100 | Batch 10000/43947 | Loss: 3.2215 | LR: 0.000012
Epoch 14/100 | Batch 10100/43947 | Loss: 3.2303 | LR: 0.000012
Epoch 14/100 | Batch 10200/43947 | Loss: 3.2061 | LR: 0.000012
Epoch 14/100 | Batch 10300/43947 | Loss: 3.2356 | LR: 0.000012
Epoch 14/100 | Batch 10400/43947 | Loss: 3.2119 | LR: 0.000012
Epoch 14/100 | Batch 10500/43947 | Loss: 3.1694 | LR: 0.000012
Epoch 14/100 | Batch 10600/43947 | Loss: 3.1814 | LR: 0.000012
Epoch 14/100 | Batch 10700/43947 | Loss: 3.2642 | LR: 0.000012
Epoch 14/100 | Batch 10800/43947 | Loss: 3.2030 | LR: 0.000012
Epoch 14/100 | Batch 10900/43947 | Loss: 3.2200 | LR: 0.000012
Epoch 14/100 | Batch 11000/43947 | Loss: 3.2585 | LR: 0.000012
Epoch 14/100 | Batch 11100/43947 | Loss: 3.1662 | LR: 0.000012
Epoch 14/100 | Batch 11200/43947 | Loss: 3.1227 | LR: 0.000012
Epoch 14/100 | Batch 11300/43947 | Loss: 3.2569 | LR: 0.000012
Epoch 14/100 | Batch 11400/43947 | Loss: 3.1895 | LR: 0.000012
Epoch 14/100 | Batch 11500/43947 | Loss: 3.2235 | LR: 0.000012
Epoch 14/100 | Batch 11600/43947 | Loss: 3.1747 | LR: 0.000012
Epoch 14/100 | Batch 11700/43947 | Loss: 3.1879 | LR: 0.000012
Epoch 14/100 | Batch 11800/43947 | Loss: 3.2647 | LR: 0.000012
Epoch 14/100 | Batch 11900/43947 | Loss: 3.1859 | LR: 0.000012
Epoch 14/100 | Batch 12000/43947 | Loss: 3.1927 | LR: 0.000012
Epoch 14/100 | Batch 12100/43947 | Loss: 3.1926 | LR: 0.000012
Epoch 14/100 | Batch 12200/43947 | Loss: 3.1995 | LR: 0.000012
Epoch 14/100 | Batch 12300/43947 | Loss: 3.1799 | LR: 0.000012
Epoch 14/100 | Batch 12400/43947 | Loss: 3.1799 | LR: 0.000012
Epoch 14/100 | Batch 12500/43947 | Loss: 3.1861 | LR: 0.000012
Epoch 14/100 | Batch 12600/43947 | Loss: 3.3020 | LR: 0.000012
Epoch 14/100 | Batch 12700/43947 | Loss: 3.2356 | LR: 0.000012
Epoch 14/100 | Batch 12800/43947 | Loss: 3.1528 | LR: 0.000012
Epoch 14/100 | Batch 12900/43947 | Loss: 3.2047 | LR: 0.000012
Epoch 14/100 | Batch 13000/43947 | Loss: 3.0994 | LR: 0.000012
Epoch 14/100 | Batch 13100/43947 | Loss: 3.1608 | LR: 0.000012
Epoch 14/100 | Batch 13200/43947 | Loss: 3.1924 | LR: 0.000012
Epoch 14/100 | Batch 13300/43947 | Loss: 3.1651 | LR: 0.000012
Epoch 14/100 | Batch 13400/43947 | Loss: 3.2164 | LR: 0.000012
Epoch 14/100 | Batch 13500/43947 | Loss: 3.2282 | LR: 0.000012
Epoch 14/100 | Batch 13600/43947 | Loss: 3.0974 | LR: 0.000012
Epoch 14/100 | Batch 13700/43947 | Loss: 3.2484 | LR: 0.000012
Epoch 14/100 | Batch 13800/43947 | Loss: 3.1527 | LR: 0.000012
Epoch 14/100 | Batch 13900/43947 | Loss: 3.1991 | LR: 0.000012
Epoch 14/100 | Batch 14000/43947 | Loss: 3.1909 | LR: 0.000012
Epoch 14/100 | Batch 14100/43947 | Loss: 3.1599 | LR: 0.000012
Epoch 14/100 | Batch 14200/43947 | Loss: 3.1994 | LR: 0.000012
Epoch 14/100 | Batch 14300/43947 | Loss: 3.1548 | LR: 0.000012
Epoch 14/100 | Batch 14400/43947 | Loss: 3.2034 | LR: 0.000012
Epoch 14/100 | Batch 14500/43947 | Loss: 3.1745 | LR: 0.000012
Epoch 14/100 | Batch 14600/43947 | Loss: 3.2109 | LR: 0.000012
Epoch 14/100 | Batch 14700/43947 | Loss: 3.1985 | LR: 0.000012
Epoch 14/100 | Batch 14800/43947 | Loss: 3.1951 | LR: 0.000012
Epoch 14/100 | Batch 14900/43947 | Loss: 3.1767 | LR: 0.000012
Epoch 14/100 | Batch 15000/43947 | Loss: 3.2280 | LR: 0.000012
Epoch 14/100 | Batch 15100/43947 | Loss: 3.2353 | LR: 0.000012
Epoch 14/100 | Batch 15200/43947 | Loss: 3.1982 | LR: 0.000012
Epoch 14/100 | Batch 15300/43947 | Loss: 3.2894 | LR: 0.000012
Epoch 14/100 | Batch 15400/43947 | Loss: 3.1786 | LR: 0.000012
Epoch 14/100 | Batch 15500/43947 | Loss: 3.2264 | LR: 0.000012
Epoch 14/100 | Batch 15600/43947 | Loss: 3.1112 | LR: 0.000012
Epoch 14/100 | Batch 15700/43947 | Loss: 3.2549 | LR: 0.000012
Epoch 14/100 | Batch 15800/43947 | Loss: 3.1761 | LR: 0.000012
Epoch 14/100 | Batch 15900/43947 | Loss: 3.1564 | LR: 0.000012
Epoch 14/100 | Batch 16000/43947 | Loss: 3.1945 | LR: 0.000012
Epoch 14/100 | Batch 16100/43947 | Loss: 3.1881 | LR: 0.000012
Epoch 14/100 | Batch 16200/43947 | Loss: 3.1627 | LR: 0.000012
Epoch 14/100 | Batch 16300/43947 | Loss: 3.2321 | LR: 0.000012
Epoch 14/100 | Batch 16400/43947 | Loss: 3.1794 | LR: 0.000012
Epoch 14/100 | Batch 16500/43947 | Loss: 3.1985 | LR: 0.000012
Epoch 14/100 | Batch 16600/43947 | Loss: 3.1683 | LR: 0.000012
Epoch 14/100 | Batch 16700/43947 | Loss: 3.2205 | LR: 0.000012
Epoch 14/100 | Batch 16800/43947 | Loss: 3.2935 | LR: 0.000012
Epoch 14/100 | Batch 16900/43947 | Loss: 3.1455 | LR: 0.000012
Epoch 14/100 | Batch 17000/43947 | Loss: 3.2290 | LR: 0.000012
Epoch 14/100 | Batch 17100/43947 | Loss: 3.2310 | LR: 0.000012
Epoch 14/100 | Batch 17200/43947 | Loss: 3.1817 | LR: 0.000012
Epoch 14/100 | Batch 17300/43947 | Loss: 3.2165 | LR: 0.000012
Epoch 14/100 | Batch 17400/43947 | Loss: 3.2173 | LR: 0.000012
Epoch 14/100 | Batch 17500/43947 | Loss: 3.2106 | LR: 0.000012
Epoch 14/100 | Batch 17600/43947 | Loss: 3.1612 | LR: 0.000012
Epoch 14/100 | Batch 17700/43947 | Loss: 3.1924 | LR: 0.000012
Epoch 14/100 | Batch 17800/43947 | Loss: 3.1909 | LR: 0.000012
Epoch 14/100 | Batch 17900/43947 | Loss: 3.1934 | LR: 0.000012
Epoch 14/100 | Batch 18000/43947 | Loss: 3.2458 | LR: 0.000012
Epoch 14/100 | Batch 18100/43947 | Loss: 3.2811 | LR: 0.000012
Epoch 14/100 | Batch 18200/43947 | Loss: 3.1698 | LR: 0.000012
Epoch 14/100 | Batch 18300/43947 | Loss: 3.1616 | LR: 0.000012
Epoch 14/100 | Batch 18400/43947 | Loss: 3.1196 | LR: 0.000012
Epoch 14/100 | Batch 18500/43947 | Loss: 3.1481 | LR: 0.000012
Epoch 14/100 | Batch 18600/43947 | Loss: 3.2146 | LR: 0.000012
Epoch 14/100 | Batch 18700/43947 | Loss: 3.2020 | LR: 0.000012
Epoch 14/100 | Batch 18800/43947 | Loss: 3.1925 | LR: 0.000012
Epoch 14/100 | Batch 18900/43947 | Loss: 3.2388 | LR: 0.000012
Epoch 14/100 | Batch 19000/43947 | Loss: 3.2344 | LR: 0.000012
Epoch 14/100 | Batch 19100/43947 | Loss: 3.2370 | LR: 0.000012
Epoch 14/100 | Batch 19200/43947 | Loss: 3.1412 | LR: 0.000012
Epoch 14/100 | Batch 19300/43947 | Loss: 3.1896 | LR: 0.000012
Epoch 14/100 | Batch 19400/43947 | Loss: 3.1684 | LR: 0.000012
Epoch 14/100 | Batch 19500/43947 | Loss: 3.1816 | LR: 0.000012
Epoch 14/100 | Batch 19600/43947 | Loss: 3.1402 | LR: 0.000012
Epoch 14/100 | Batch 19700/43947 | Loss: 3.1769 | LR: 0.000012
Epoch 14/100 | Batch 19800/43947 | Loss: 3.1901 | LR: 0.000012
Epoch 14/100 | Batch 19900/43947 | Loss: 3.1844 | LR: 0.000012
Epoch 14/100 | Batch 20000/43947 | Loss: 3.2660 | LR: 0.000012
Epoch 14/100 | Batch 20100/43947 | Loss: 3.1478 | LR: 0.000012
Epoch 14/100 | Batch 20200/43947 | Loss: 3.1475 | LR: 0.000012
Epoch 14/100 | Batch 20300/43947 | Loss: 3.1950 | LR: 0.000012
Epoch 14/100 | Batch 20400/43947 | Loss: 3.2069 | LR: 0.000012
Epoch 14/100 | Batch 20500/43947 | Loss: 3.2256 | LR: 0.000012
Epoch 14/100 | Batch 20600/43947 | Loss: 3.1723 | LR: 0.000012
Epoch 14/100 | Batch 20700/43947 | Loss: 3.0990 | LR: 0.000012
Epoch 14/100 | Batch 20800/43947 | Loss: 3.1569 | LR: 0.000012
Epoch 14/100 | Batch 20900/43947 | Loss: 3.2005 | LR: 0.000012
Epoch 14/100 | Batch 21000/43947 | Loss: 3.2393 | LR: 0.000012
Epoch 14/100 | Batch 21100/43947 | Loss: 3.2085 | LR: 0.000012
Epoch 14/100 | Batch 21200/43947 | Loss: 3.1115 | LR: 0.000012
Epoch 14/100 | Batch 21300/43947 | Loss: 3.1791 | LR: 0.000012
Epoch 14/100 | Batch 21400/43947 | Loss: 3.1675 | LR: 0.000012
Epoch 14/100 | Batch 21500/43947 | Loss: 3.1384 | LR: 0.000012
Epoch 14/100 | Batch 21600/43947 | Loss: 3.1317 | LR: 0.000012
Epoch 14/100 | Batch 21700/43947 | Loss: 3.2672 | LR: 0.000012
Epoch 14/100 | Batch 21800/43947 | Loss: 3.2046 | LR: 0.000012
Epoch 14/100 | Batch 21900/43947 | Loss: 3.2493 | LR: 0.000012
Epoch 14/100 | Batch 22000/43947 | Loss: 3.1420 | LR: 0.000012
Epoch 14/100 | Batch 22100/43947 | Loss: 3.2240 | LR: 0.000012
Epoch 14/100 | Batch 22200/43947 | Loss: 3.1938 | LR: 0.000012
Epoch 14/100 | Batch 22300/43947 | Loss: 3.2446 | LR: 0.000012
Epoch 14/100 | Batch 22400/43947 | Loss: 3.2010 | LR: 0.000012
Epoch 14/100 | Batch 22500/43947 | Loss: 3.1679 | LR: 0.000012
Epoch 14/100 | Batch 22600/43947 | Loss: 3.1881 | LR: 0.000012
Epoch 14/100 | Batch 22700/43947 | Loss: 3.1937 | LR: 0.000012
Epoch 14/100 | Batch 22800/43947 | Loss: 3.1868 | LR: 0.000012
Epoch 14/100 | Batch 22900/43947 | Loss: 3.1666 | LR: 0.000012
Epoch 14/100 | Batch 23000/43947 | Loss: 3.1695 | LR: 0.000012
Epoch 14/100 | Batch 23100/43947 | Loss: 3.1762 | LR: 0.000012
Epoch 14/100 | Batch 23200/43947 | Loss: 3.1609 | LR: 0.000012
Epoch 14/100 | Batch 23300/43947 | Loss: 3.1613 | LR: 0.000012
Epoch 14/100 | Batch 23400/43947 | Loss: 3.1549 | LR: 0.000012
Epoch 14/100 | Batch 23500/43947 | Loss: 3.1974 | LR: 0.000012
Epoch 14/100 | Batch 23600/43947 | Loss: 3.2756 | LR: 0.000012
Epoch 14/100 | Batch 23700/43947 | Loss: 3.2068 | LR: 0.000012
Epoch 14/100 | Batch 23800/43947 | Loss: 3.1863 | LR: 0.000012
Epoch 14/100 | Batch 23900/43947 | Loss: 3.1988 | LR: 0.000012
Epoch 14/100 | Batch 24000/43947 | Loss: 3.2102 | LR: 0.000012
Epoch 14/100 | Batch 24100/43947 | Loss: 3.1768 | LR: 0.000012
Epoch 14/100 | Batch 24200/43947 | Loss: 3.1605 | LR: 0.000012
Epoch 14/100 | Batch 24300/43947 | Loss: 3.1982 | LR: 0.000012
Epoch 14/100 | Batch 24400/43947 | Loss: 3.2029 | LR: 0.000012
Epoch 14/100 | Batch 24500/43947 | Loss: 3.2176 | LR: 0.000012
Epoch 14/100 | Batch 24600/43947 | Loss: 3.1801 | LR: 0.000012
Epoch 14/100 | Batch 24700/43947 | Loss: 3.2391 | LR: 0.000012
Epoch 14/100 | Batch 24800/43947 | Loss: 3.1548 | LR: 0.000012
Epoch 14/100 | Batch 24900/43947 | Loss: 3.2267 | LR: 0.000012
Epoch 14/100 | Batch 25000/43947 | Loss: 3.1631 | LR: 0.000012
Epoch 14/100 | Batch 25100/43947 | Loss: 3.2185 | LR: 0.000012
Epoch 14/100 | Batch 25200/43947 | Loss: 3.2422 | LR: 0.000012
Epoch 14/100 | Batch 25300/43947 | Loss: 3.1530 | LR: 0.000012
Epoch 14/100 | Batch 25400/43947 | Loss: 3.2188 | LR: 0.000012
Epoch 14/100 | Batch 25500/43947 | Loss: 3.2344 | LR: 0.000012
Epoch 14/100 | Batch 25600/43947 | Loss: 3.1739 | LR: 0.000012
Epoch 14/100 | Batch 25700/43947 | Loss: 3.2325 | LR: 0.000012
Epoch 14/100 | Batch 25800/43947 | Loss: 3.1568 | LR: 0.000012
Epoch 14/100 | Batch 25900/43947 | Loss: 3.2544 | LR: 0.000012
Epoch 14/100 | Batch 26000/43947 | Loss: 3.2018 | LR: 0.000012
Epoch 14/100 | Batch 26100/43947 | Loss: 3.2595 | LR: 0.000012
Epoch 14/100 | Batch 26200/43947 | Loss: 3.2054 | LR: 0.000012
Epoch 14/100 | Batch 26300/43947 | Loss: 3.1743 | LR: 0.000012
Epoch 14/100 | Batch 26400/43947 | Loss: 3.2025 | LR: 0.000012
Epoch 14/100 | Batch 26500/43947 | Loss: 3.1917 | LR: 0.000012
Epoch 14/100 | Batch 26600/43947 | Loss: 3.1918 | LR: 0.000012
Epoch 14/100 | Batch 26700/43947 | Loss: 3.3007 | LR: 0.000012
Epoch 14/100 | Batch 26800/43947 | Loss: 3.2570 | LR: 0.000012
Epoch 14/100 | Batch 26900/43947 | Loss: 3.1729 | LR: 0.000012
Epoch 14/100 | Batch 27000/43947 | Loss: 3.2486 | LR: 0.000012
Epoch 14/100 | Batch 27100/43947 | Loss: 3.1935 | LR: 0.000012
Epoch 14/100 | Batch 27200/43947 | Loss: 3.2142 | LR: 0.000012
Epoch 14/100 | Batch 27300/43947 | Loss: 3.1495 | LR: 0.000012
Epoch 14/100 | Batch 27400/43947 | Loss: 3.2246 | LR: 0.000012
Epoch 14/100 | Batch 27500/43947 | Loss: 3.1994 | LR: 0.000012
Epoch 14/100 | Batch 27600/43947 | Loss: 3.1401 | LR: 0.000012
Epoch 14/100 | Batch 27700/43947 | Loss: 3.1471 | LR: 0.000012
Epoch 14/100 | Batch 27800/43947 | Loss: 3.2105 | LR: 0.000012
Epoch 14/100 | Batch 27900/43947 | Loss: 3.1907 | LR: 0.000012
Epoch 14/100 | Batch 28000/43947 | Loss: 3.1802 | LR: 0.000012
Epoch 14/100 | Batch 28100/43947 | Loss: 3.1867 | LR: 0.000012
Epoch 14/100 | Batch 28200/43947 | Loss: 3.2683 | LR: 0.000012
Epoch 14/100 | Batch 28300/43947 | Loss: 3.1924 | LR: 0.000012
Epoch 14/100 | Batch 28400/43947 | Loss: 3.2130 | LR: 0.000012
Epoch 14/100 | Batch 28500/43947 | Loss: 3.1747 | LR: 0.000012
Epoch 14/100 | Batch 28600/43947 | Loss: 3.1962 | LR: 0.000012
Epoch 14/100 | Batch 28700/43947 | Loss: 3.1927 | LR: 0.000012
Epoch 14/100 | Batch 28800/43947 | Loss: 3.1451 | LR: 0.000012
Epoch 14/100 | Batch 28900/43947 | Loss: 3.2311 | LR: 0.000012
Epoch 14/100 | Batch 29000/43947 | Loss: 3.2002 | LR: 0.000012
Epoch 14/100 | Batch 29100/43947 | Loss: 3.1457 | LR: 0.000012
Epoch 14/100 | Batch 29200/43947 | Loss: 3.1956 | LR: 0.000012
Epoch 14/100 | Batch 29300/43947 | Loss: 3.2121 | LR: 0.000012
Epoch 14/100 | Batch 29400/43947 | Loss: 3.1475 | LR: 0.000012
Epoch 14/100 | Batch 29500/43947 | Loss: 3.1773 | LR: 0.000012
Epoch 14/100 | Batch 29600/43947 | Loss: 3.2652 | LR: 0.000012
Epoch 14/100 | Batch 29700/43947 | Loss: 3.2232 | LR: 0.000012
Epoch 14/100 | Batch 29800/43947 | Loss: 3.1691 | LR: 0.000012
Epoch 14/100 | Batch 29900/43947 | Loss: 3.1676 | LR: 0.000012
Epoch 14/100 | Batch 30000/43947 | Loss: 3.2879 | LR: 0.000012
Epoch 14/100 | Batch 30100/43947 | Loss: 3.1557 | LR: 0.000012
Epoch 14/100 | Batch 30200/43947 | Loss: 3.1823 | LR: 0.000012
Epoch 14/100 | Batch 30300/43947 | Loss: 3.2193 | LR: 0.000012
Epoch 14/100 | Batch 30400/43947 | Loss: 3.2272 | LR: 0.000012
Epoch 14/100 | Batch 30500/43947 | Loss: 3.2139 | LR: 0.000012
Epoch 14/100 | Batch 30600/43947 | Loss: 3.1843 | LR: 0.000012
Epoch 14/100 | Batch 30700/43947 | Loss: 3.2215 | LR: 0.000012
Epoch 14/100 | Batch 30800/43947 | Loss: 3.1647 | LR: 0.000012
Epoch 14/100 | Batch 30900/43947 | Loss: 3.2009 | LR: 0.000012
Epoch 14/100 | Batch 31000/43947 | Loss: 3.1992 | LR: 0.000012
Epoch 14/100 | Batch 31100/43947 | Loss: 3.2987 | LR: 0.000012
Epoch 14/100 | Batch 31200/43947 | Loss: 3.1899 | LR: 0.000012
Epoch 14/100 | Batch 31300/43947 | Loss: 3.2053 | LR: 0.000012
Epoch 14/100 | Batch 31400/43947 | Loss: 3.1645 | LR: 0.000012
Epoch 14/100 | Batch 31500/43947 | Loss: 3.1179 | LR: 0.000012
Epoch 14/100 | Batch 31600/43947 | Loss: 3.2172 | LR: 0.000012
Epoch 14/100 | Batch 31700/43947 | Loss: 3.1604 | LR: 0.000012
Epoch 14/100 | Batch 31800/43947 | Loss: 3.2461 | LR: 0.000012
Epoch 14/100 | Batch 31900/43947 | Loss: 3.2733 | LR: 0.000012
Epoch 14/100 | Batch 32000/43947 | Loss: 3.1648 | LR: 0.000012
Epoch 14/100 | Batch 32100/43947 | Loss: 3.1513 | LR: 0.000012
Epoch 14/100 | Batch 32200/43947 | Loss: 3.2106 | LR: 0.000012
Epoch 14/100 | Batch 32300/43947 | Loss: 3.1491 | LR: 0.000012
Epoch 14/100 | Batch 32400/43947 | Loss: 3.2485 | LR: 0.000012
Epoch 14/100 | Batch 32500/43947 | Loss: 3.2621 | LR: 0.000012
Epoch 14/100 | Batch 32600/43947 | Loss: 3.1486 | LR: 0.000012
Epoch 14/100 | Batch 32700/43947 | Loss: 3.1650 | LR: 0.000012
Epoch 14/100 | Batch 32800/43947 | Loss: 3.2273 | LR: 0.000012
Epoch 14/100 | Batch 32900/43947 | Loss: 3.1600 | LR: 0.000012
Epoch 14/100 | Batch 33000/43947 | Loss: 3.2171 | LR: 0.000012
Epoch 14/100 | Batch 33100/43947 | Loss: 3.1533 | LR: 0.000012
Epoch 14/100 | Batch 33200/43947 | Loss: 3.1994 | LR: 0.000012
Epoch 14/100 | Batch 33300/43947 | Loss: 3.2307 | LR: 0.000012
Epoch 14/100 | Batch 33400/43947 | Loss: 3.1545 | LR: 0.000012
Epoch 14/100 | Batch 33500/43947 | Loss: 3.1501 | LR: 0.000012
Epoch 14/100 | Batch 33600/43947 | Loss: 3.1241 | LR: 0.000012
Epoch 14/100 | Batch 33700/43947 | Loss: 3.1581 | LR: 0.000012
Epoch 14/100 | Batch 33800/43947 | Loss: 3.1993 | LR: 0.000012
Epoch 14/100 | Batch 33900/43947 | Loss: 3.2463 | LR: 0.000012
Epoch 14/100 | Batch 34000/43947 | Loss: 3.1549 | LR: 0.000012
Epoch 14/100 | Batch 34100/43947 | Loss: 3.1518 | LR: 0.000012
Epoch 14/100 | Batch 34200/43947 | Loss: 3.1770 | LR: 0.000012
Epoch 14/100 | Batch 34300/43947 | Loss: 3.2454 | LR: 0.000012
Epoch 14/100 | Batch 34400/43947 | Loss: 3.1780 | LR: 0.000012
Epoch 14/100 | Batch 34500/43947 | Loss: 3.1533 | LR: 0.000012
Epoch 14/100 | Batch 34600/43947 | Loss: 3.2225 | LR: 0.000012
Epoch 14/100 | Batch 34700/43947 | Loss: 3.1450 | LR: 0.000012
Epoch 14/100 | Batch 34800/43947 | Loss: 3.2119 | LR: 0.000012
Epoch 14/100 | Batch 34900/43947 | Loss: 3.2489 | LR: 0.000012
Epoch 14/100 | Batch 35000/43947 | Loss: 3.1921 | LR: 0.000012
Epoch 14/100 | Batch 35100/43947 | Loss: 3.1951 | LR: 0.000012
Epoch 14/100 | Batch 35200/43947 | Loss: 3.2297 | LR: 0.000012
Epoch 14/100 | Batch 35300/43947 | Loss: 3.2313 | LR: 0.000012
Epoch 14/100 | Batch 35400/43947 | Loss: 3.1715 | LR: 0.000012
Epoch 14/100 | Batch 35500/43947 | Loss: 3.2089 | LR: 0.000012
Epoch 14/100 | Batch 35600/43947 | Loss: 3.2138 | LR: 0.000012
Epoch 14/100 | Batch 35700/43947 | Loss: 3.1644 | LR: 0.000012
Epoch 14/100 | Batch 35800/43947 | Loss: 3.1760 | LR: 0.000012
Epoch 14/100 | Batch 35900/43947 | Loss: 3.1649 | LR: 0.000012
Epoch 14/100 | Batch 36000/43947 | Loss: 3.2113 | LR: 0.000012
Epoch 14/100 | Batch 36100/43947 | Loss: 3.1930 | LR: 0.000012
Epoch 14/100 | Batch 36200/43947 | Loss: 3.2039 | LR: 0.000012
Epoch 14/100 | Batch 36300/43947 | Loss: 3.2994 | LR: 0.000012
Epoch 14/100 | Batch 36400/43947 | Loss: 3.1736 | LR: 0.000012
Epoch 14/100 | Batch 36500/43947 | Loss: 3.1583 | LR: 0.000012
Epoch 14/100 | Batch 36600/43947 | Loss: 3.1790 | LR: 0.000012
Epoch 14/100 | Batch 36700/43947 | Loss: 3.2012 | LR: 0.000012
Epoch 14/100 | Batch 36800/43947 | Loss: 3.1554 | LR: 0.000012
Epoch 14/100 | Batch 36900/43947 | Loss: 3.1540 | LR: 0.000012
Epoch 14/100 | Batch 37000/43947 | Loss: 3.1685 | LR: 0.000012
Epoch 14/100 | Batch 37100/43947 | Loss: 3.2187 | LR: 0.000012
Epoch 14/100 | Batch 37200/43947 | Loss: 3.1651 | LR: 0.000012
Epoch 14/100 | Batch 37300/43947 | Loss: 3.2626 | LR: 0.000012
Epoch 14/100 | Batch 37400/43947 | Loss: 3.2423 | LR: 0.000012
Epoch 14/100 | Batch 37500/43947 | Loss: 3.1516 | LR: 0.000012
Epoch 14/100 | Batch 37600/43947 | Loss: 3.1799 | LR: 0.000012
Epoch 14/100 | Batch 37700/43947 | Loss: 3.1855 | LR: 0.000012
Epoch 14/100 | Batch 37800/43947 | Loss: 3.1815 | LR: 0.000012
Epoch 14/100 | Batch 37900/43947 | Loss: 3.2255 | LR: 0.000012
Epoch 14/100 | Batch 38000/43947 | Loss: 3.1977 | LR: 0.000012
Epoch 14/100 | Batch 38100/43947 | Loss: 3.1957 | LR: 0.000012
Epoch 14/100 | Batch 38200/43947 | Loss: 3.1610 | LR: 0.000012
Epoch 14/100 | Batch 38300/43947 | Loss: 3.1243 | LR: 0.000012
Epoch 14/100 | Batch 38400/43947 | Loss: 3.1787 | LR: 0.000012
Epoch 14/100 | Batch 38500/43947 | Loss: 3.1235 | LR: 0.000012
Epoch 14/100 | Batch 38600/43947 | Loss: 3.1820 | LR: 0.000012
Epoch 14/100 | Batch 38700/43947 | Loss: 3.2268 | LR: 0.000012
Epoch 14/100 | Batch 38800/43947 | Loss: 3.2033 | LR: 0.000012
Epoch 14/100 | Batch 38900/43947 | Loss: 3.1569 | LR: 0.000012
Epoch 14/100 | Batch 39000/43947 | Loss: 3.1674 | LR: 0.000012
Epoch 14/100 | Batch 39100/43947 | Loss: 3.2115 | LR: 0.000012
Epoch 14/100 | Batch 39200/43947 | Loss: 3.2060 | LR: 0.000012
Epoch 14/100 | Batch 39300/43947 | Loss: 3.1843 | LR: 0.000012
Epoch 14/100 | Batch 39400/43947 | Loss: 3.2034 | LR: 0.000012
Epoch 14/100 | Batch 39500/43947 | Loss: 3.1775 | LR: 0.000012
Epoch 14/100 | Batch 39600/43947 | Loss: 3.1520 | LR: 0.000012
Epoch 14/100 | Batch 39700/43947 | Loss: 3.2023 | LR: 0.000012
Epoch 14/100 | Batch 39800/43947 | Loss: 3.2235 | LR: 0.000012
Epoch 14/100 | Batch 39900/43947 | Loss: 3.1972 | LR: 0.000012
Epoch 14/100 | Batch 40000/43947 | Loss: 3.1826 | LR: 0.000012
Epoch 14/100 | Batch 40100/43947 | Loss: 3.2335 | LR: 0.000012
Epoch 14/100 | Batch 40200/43947 | Loss: 3.2351 | LR: 0.000012
Epoch 14/100 | Batch 40300/43947 | Loss: 3.2081 | LR: 0.000012
Epoch 14/100 | Batch 40400/43947 | Loss: 3.1536 | LR: 0.000012
Epoch 14/100 | Batch 40500/43947 | Loss: 3.1843 | LR: 0.000012
Epoch 14/100 | Batch 40600/43947 | Loss: 3.1510 | LR: 0.000012
Epoch 14/100 | Batch 40700/43947 | Loss: 3.2027 | LR: 0.000012
Epoch 14/100 | Batch 40800/43947 | Loss: 3.1425 | LR: 0.000012
Epoch 14/100 | Batch 40900/43947 | Loss: 3.1711 | LR: 0.000012
Epoch 14/100 | Batch 41000/43947 | Loss: 3.1599 | LR: 0.000012
Epoch 14/100 | Batch 41100/43947 | Loss: 3.1973 | LR: 0.000012
Epoch 14/100 | Batch 41200/43947 | Loss: 3.1290 | LR: 0.000012
Epoch 14/100 | Batch 41300/43947 | Loss: 3.2161 | LR: 0.000012
Epoch 14/100 | Batch 41400/43947 | Loss: 3.1716 | LR: 0.000012
Epoch 14/100 | Batch 41500/43947 | Loss: 3.1676 | LR: 0.000012
Epoch 14/100 | Batch 41600/43947 | Loss: 3.1498 | LR: 0.000012
Epoch 14/100 | Batch 41700/43947 | Loss: 3.1293 | LR: 0.000012
Epoch 14/100 | Batch 41800/43947 | Loss: 3.2051 | LR: 0.000012
Epoch 14/100 | Batch 41900/43947 | Loss: 3.2015 | LR: 0.000012
Epoch 14/100 | Batch 42000/43947 | Loss: 3.1744 | LR: 0.000012
Epoch 14/100 | Batch 42100/43947 | Loss: 3.2002 | LR: 0.000012
Epoch 14/100 | Batch 42200/43947 | Loss: 3.2304 | LR: 0.000012
Epoch 14/100 | Batch 42300/43947 | Loss: 3.1864 | LR: 0.000012
Epoch 14/100 | Batch 42400/43947 | Loss: 3.1703 | LR: 0.000012
Epoch 14/100 | Batch 42500/43947 | Loss: 3.1723 | LR: 0.000012
Epoch 14/100 | Batch 42600/43947 | Loss: 3.1292 | LR: 0.000012
Epoch 14/100 | Batch 42700/43947 | Loss: 3.1641 | LR: 0.000012
Epoch 14/100 | Batch 42800/43947 | Loss: 3.1574 | LR: 0.000012
Epoch 14/100 | Batch 42900/43947 | Loss: 3.2250 | LR: 0.000012
Epoch 14/100 | Batch 43000/43947 | Loss: 3.1359 | LR: 0.000012
Epoch 14/100 | Batch 43100/43947 | Loss: 3.2685 | LR: 0.000012
Epoch 14/100 | Batch 43200/43947 | Loss: 3.2730 | LR: 0.000012
Epoch 14/100 | Batch 43300/43947 | Loss: 3.1731 | LR: 0.000012
Epoch 14/100 | Batch 43400/43947 | Loss: 3.1769 | LR: 0.000012
Epoch 14/100 | Batch 43500/43947 | Loss: 3.1558 | LR: 0.000012
Epoch 14/100 | Batch 43600/43947 | Loss: 3.1948 | LR: 0.000012
Epoch 14/100 | Batch 43700/43947 | Loss: 3.1807 | LR: 0.000012
Epoch 14/100 | Batch 43800/43947 | Loss: 3.1810 | LR: 0.000012
Epoch 14/100 | Batch 43900/43947 | Loss: 3.1623 | LR: 0.000012

Epoch 14/100 Summary:
Average Training Loss: 3.1948
Average Validation Loss: 3.0650
Best Validation Loss: 3.0650
Learning Rate: 0.000012
Epoch 15/100 | Batch 0/43947 | Loss: 3.3005 | LR: 0.000010
Epoch 15/100 | Batch 100/43947 | Loss: 3.1017 | LR: 0.000010
Epoch 15/100 | Batch 200/43947 | Loss: 3.2207 | LR: 0.000010
Epoch 15/100 | Batch 300/43947 | Loss: 3.1273 | LR: 0.000010
Epoch 15/100 | Batch 400/43947 | Loss: 3.2389 | LR: 0.000010
Epoch 15/100 | Batch 500/43947 | Loss: 3.2261 | LR: 0.000010
Epoch 15/100 | Batch 600/43947 | Loss: 3.2520 | LR: 0.000010
Epoch 15/100 | Batch 700/43947 | Loss: 3.1925 | LR: 0.000010
Epoch 15/100 | Batch 800/43947 | Loss: 3.2087 | LR: 0.000010
Epoch 15/100 | Batch 900/43947 | Loss: 3.2085 | LR: 0.000010
Epoch 15/100 | Batch 1000/43947 | Loss: 3.2236 | LR: 0.000010
Epoch 15/100 | Batch 1100/43947 | Loss: 3.3479 | LR: 0.000010
Epoch 15/100 | Batch 1200/43947 | Loss: 3.1903 | LR: 0.000010
Epoch 15/100 | Batch 1300/43947 | Loss: 3.2327 | LR: 0.000010
Epoch 15/100 | Batch 1400/43947 | Loss: 3.1446 | LR: 0.000010
Epoch 15/100 | Batch 1500/43947 | Loss: 3.2574 | LR: 0.000010
Epoch 15/100 | Batch 1600/43947 | Loss: 3.2615 | LR: 0.000010
Epoch 15/100 | Batch 1700/43947 | Loss: 3.1604 | LR: 0.000010
Epoch 15/100 | Batch 1800/43947 | Loss: 3.1532 | LR: 0.000010
Epoch 15/100 | Batch 1900/43947 | Loss: 3.2078 | LR: 0.000010
Epoch 15/100 | Batch 2000/43947 | Loss: 3.3313 | LR: 0.000010
Epoch 15/100 | Batch 2100/43947 | Loss: 3.1602 | LR: 0.000010
Epoch 15/100 | Batch 2200/43947 | Loss: 3.2396 | LR: 0.000010
Epoch 15/100 | Batch 2300/43947 | Loss: 3.2051 | LR: 0.000010
Epoch 15/100 | Batch 2400/43947 | Loss: 3.1778 | LR: 0.000010
Epoch 15/100 | Batch 2500/43947 | Loss: 3.2247 | LR: 0.000010
Epoch 15/100 | Batch 2600/43947 | Loss: 3.2341 | LR: 0.000010
Epoch 15/100 | Batch 2700/43947 | Loss: 3.2369 | LR: 0.000010
Epoch 15/100 | Batch 2800/43947 | Loss: 3.1924 | LR: 0.000010
Epoch 15/100 | Batch 2900/43947 | Loss: 3.1611 | LR: 0.000010
Epoch 15/100 | Batch 3000/43947 | Loss: 3.1636 | LR: 0.000010
Epoch 15/100 | Batch 3100/43947 | Loss: 3.1364 | LR: 0.000010
Epoch 15/100 | Batch 3200/43947 | Loss: 3.1832 | LR: 0.000010
Epoch 15/100 | Batch 3300/43947 | Loss: 3.1620 | LR: 0.000010
Epoch 15/100 | Batch 3400/43947 | Loss: 3.1258 | LR: 0.000010
Epoch 15/100 | Batch 3500/43947 | Loss: 3.2361 | LR: 0.000010
Epoch 15/100 | Batch 3600/43947 | Loss: 3.1381 | LR: 0.000010
Epoch 15/100 | Batch 3700/43947 | Loss: 3.2118 | LR: 0.000010
Epoch 15/100 | Batch 3800/43947 | Loss: 3.2770 | LR: 0.000010
Epoch 15/100 | Batch 3900/43947 | Loss: 3.1917 | LR: 0.000010
Epoch 15/100 | Batch 4000/43947 | Loss: 3.1777 | LR: 0.000010
Epoch 15/100 | Batch 4100/43947 | Loss: 3.2454 | LR: 0.000010
Epoch 15/100 | Batch 4200/43947 | Loss: 3.1586 | LR: 0.000010
Epoch 15/100 | Batch 4300/43947 | Loss: 3.1930 | LR: 0.000010
Epoch 15/100 | Batch 4400/43947 | Loss: 3.1801 | LR: 0.000010
Epoch 15/100 | Batch 4500/43947 | Loss: 3.2098 | LR: 0.000010
Epoch 15/100 | Batch 4600/43947 | Loss: 3.1824 | LR: 0.000010
Epoch 15/100 | Batch 4700/43947 | Loss: 3.2145 | LR: 0.000010
Epoch 15/100 | Batch 4800/43947 | Loss: 3.1933 | LR: 0.000010
Epoch 15/100 | Batch 4900/43947 | Loss: 3.1966 | LR: 0.000010
Epoch 15/100 | Batch 5000/43947 | Loss: 3.1554 | LR: 0.000010
Epoch 15/100 | Batch 5100/43947 | Loss: 3.2420 | LR: 0.000010
Epoch 15/100 | Batch 5200/43947 | Loss: 3.2172 | LR: 0.000010
Epoch 15/100 | Batch 5300/43947 | Loss: 3.2072 | LR: 0.000010
Epoch 15/100 | Batch 5400/43947 | Loss: 3.1458 | LR: 0.000010
Epoch 15/100 | Batch 5500/43947 | Loss: 3.1748 | LR: 0.000010
Epoch 15/100 | Batch 5600/43947 | Loss: 3.1907 | LR: 0.000010
Epoch 15/100 | Batch 5700/43947 | Loss: 3.1930 | LR: 0.000010
Epoch 15/100 | Batch 5800/43947 | Loss: 3.1422 | LR: 0.000010
Epoch 15/100 | Batch 5900/43947 | Loss: 3.1736 | LR: 0.000010
Epoch 15/100 | Batch 6000/43947 | Loss: 3.1983 | LR: 0.000010
Epoch 15/100 | Batch 6100/43947 | Loss: 3.1917 | LR: 0.000010
Epoch 15/100 | Batch 6200/43947 | Loss: 3.2327 | LR: 0.000010
Epoch 15/100 | Batch 6300/43947 | Loss: 3.2053 | LR: 0.000010
Epoch 15/100 | Batch 6400/43947 | Loss: 3.2879 | LR: 0.000010
Epoch 15/100 | Batch 6500/43947 | Loss: 3.2174 | LR: 0.000010
Epoch 15/100 | Batch 6600/43947 | Loss: 3.1043 | LR: 0.000010
Epoch 15/100 | Batch 6700/43947 | Loss: 3.2014 | LR: 0.000010
Epoch 15/100 | Batch 6800/43947 | Loss: 3.3216 | LR: 0.000010
Epoch 15/100 | Batch 6900/43947 | Loss: 3.2372 | LR: 0.000010
Epoch 15/100 | Batch 7000/43947 | Loss: 3.1984 | LR: 0.000010
Epoch 15/100 | Batch 7100/43947 | Loss: 3.2000 | LR: 0.000010
Epoch 15/100 | Batch 7200/43947 | Loss: 3.2318 | LR: 0.000010
Epoch 15/100 | Batch 7300/43947 | Loss: 3.2439 | LR: 0.000010
Epoch 15/100 | Batch 7400/43947 | Loss: 3.1677 | LR: 0.000010
Epoch 15/100 | Batch 7500/43947 | Loss: 3.1731 | LR: 0.000010
Epoch 15/100 | Batch 7600/43947 | Loss: 3.1031 | LR: 0.000010
Epoch 15/100 | Batch 7700/43947 | Loss: 3.2276 | LR: 0.000010
Epoch 15/100 | Batch 7800/43947 | Loss: 3.2066 | LR: 0.000010
Epoch 15/100 | Batch 7900/43947 | Loss: 3.1546 | LR: 0.000010
Epoch 15/100 | Batch 8000/43947 | Loss: 3.2440 | LR: 0.000010
Epoch 15/100 | Batch 8100/43947 | Loss: 3.1644 | LR: 0.000010
Epoch 15/100 | Batch 8200/43947 | Loss: 3.2173 | LR: 0.000010
Epoch 15/100 | Batch 8300/43947 | Loss: 3.1860 | LR: 0.000010
Epoch 15/100 | Batch 8400/43947 | Loss: 3.1998 | LR: 0.000010
Epoch 15/100 | Batch 8500/43947 | Loss: 3.1041 | LR: 0.000010
Epoch 15/100 | Batch 8600/43947 | Loss: 3.1601 | LR: 0.000010
Epoch 15/100 | Batch 8700/43947 | Loss: 3.2154 | LR: 0.000010
Epoch 15/100 | Batch 8800/43947 | Loss: 3.2200 | LR: 0.000010
Epoch 15/100 | Batch 8900/43947 | Loss: 3.1874 | LR: 0.000010
Epoch 15/100 | Batch 9000/43947 | Loss: 3.1980 | LR: 0.000010
Epoch 15/100 | Batch 9100/43947 | Loss: 3.1517 | LR: 0.000010
Epoch 15/100 | Batch 9200/43947 | Loss: 3.2019 | LR: 0.000010
Epoch 15/100 | Batch 9300/43947 | Loss: 3.1706 | LR: 0.000010
Epoch 15/100 | Batch 9400/43947 | Loss: 3.1673 | LR: 0.000010
Epoch 15/100 | Batch 9500/43947 | Loss: 3.2198 | LR: 0.000010
Epoch 15/100 | Batch 9600/43947 | Loss: 3.1889 | LR: 0.000010
Epoch 15/100 | Batch 9700/43947 | Loss: 3.1748 | LR: 0.000010
Epoch 15/100 | Batch 9800/43947 | Loss: 3.1883 | LR: 0.000010
Epoch 15/100 | Batch 9900/43947 | Loss: 3.1944 | LR: 0.000010
Epoch 15/100 | Batch 10000/43947 | Loss: 3.2163 | LR: 0.000010
Epoch 15/100 | Batch 10100/43947 | Loss: 3.2287 | LR: 0.000010
Epoch 15/100 | Batch 10200/43947 | Loss: 3.2056 | LR: 0.000010
Epoch 15/100 | Batch 10300/43947 | Loss: 3.2274 | LR: 0.000010
Epoch 15/100 | Batch 10400/43947 | Loss: 3.1827 | LR: 0.000010
Epoch 15/100 | Batch 10500/43947 | Loss: 3.1628 | LR: 0.000010
Epoch 15/100 | Batch 10600/43947 | Loss: 3.1762 | LR: 0.000010
Epoch 15/100 | Batch 10700/43947 | Loss: 3.2722 | LR: 0.000010
Epoch 15/100 | Batch 10800/43947 | Loss: 3.1969 | LR: 0.000010
Epoch 15/100 | Batch 10900/43947 | Loss: 3.2091 | LR: 0.000010
Epoch 15/100 | Batch 11000/43947 | Loss: 3.2772 | LR: 0.000010
Epoch 15/100 | Batch 11100/43947 | Loss: 3.1370 | LR: 0.000010
Epoch 15/100 | Batch 11200/43947 | Loss: 3.1332 | LR: 0.000010
Epoch 15/100 | Batch 11300/43947 | Loss: 3.2441 | LR: 0.000010
Epoch 15/100 | Batch 11400/43947 | Loss: 3.1673 | LR: 0.000010
Epoch 15/100 | Batch 11500/43947 | Loss: 3.2100 | LR: 0.000010
Epoch 15/100 | Batch 11600/43947 | Loss: 3.1747 | LR: 0.000010
Epoch 15/100 | Batch 11700/43947 | Loss: 3.1686 | LR: 0.000010
Epoch 15/100 | Batch 11800/43947 | Loss: 3.2565 | LR: 0.000010
Epoch 15/100 | Batch 11900/43947 | Loss: 3.1587 | LR: 0.000010
Epoch 15/100 | Batch 12000/43947 | Loss: 3.1847 | LR: 0.000010
Epoch 15/100 | Batch 12100/43947 | Loss: 3.2174 | LR: 0.000010
Epoch 15/100 | Batch 12200/43947 | Loss: 3.1847 | LR: 0.000010
Epoch 15/100 | Batch 12300/43947 | Loss: 3.1817 | LR: 0.000010
Epoch 15/100 | Batch 12400/43947 | Loss: 3.1554 | LR: 0.000010
Epoch 15/100 | Batch 12500/43947 | Loss: 3.1647 | LR: 0.000010
Epoch 15/100 | Batch 12600/43947 | Loss: 3.3326 | LR: 0.000010
Epoch 15/100 | Batch 12700/43947 | Loss: 3.2327 | LR: 0.000010
Epoch 15/100 | Batch 12800/43947 | Loss: 3.1411 | LR: 0.000010
Epoch 15/100 | Batch 12900/43947 | Loss: 3.1935 | LR: 0.000010
Epoch 15/100 | Batch 13000/43947 | Loss: 3.1030 | LR: 0.000010
Epoch 15/100 | Batch 13100/43947 | Loss: 3.1458 | LR: 0.000010
Epoch 15/100 | Batch 13200/43947 | Loss: 3.1691 | LR: 0.000010
Epoch 15/100 | Batch 13300/43947 | Loss: 3.1742 | LR: 0.000010
Epoch 15/100 | Batch 13400/43947 | Loss: 3.2112 | LR: 0.000010
Epoch 15/100 | Batch 13500/43947 | Loss: 3.2036 | LR: 0.000010
Epoch 15/100 | Batch 13600/43947 | Loss: 3.1151 | LR: 0.000010
Epoch 15/100 | Batch 13700/43947 | Loss: 3.2290 | LR: 0.000010
Epoch 15/100 | Batch 13800/43947 | Loss: 3.1650 | LR: 0.000010
Epoch 15/100 | Batch 13900/43947 | Loss: 3.1902 | LR: 0.000010
Epoch 15/100 | Batch 14000/43947 | Loss: 3.2055 | LR: 0.000010
Epoch 15/100 | Batch 14100/43947 | Loss: 3.1510 | LR: 0.000010
Epoch 15/100 | Batch 14200/43947 | Loss: 3.1847 | LR: 0.000010
Epoch 15/100 | Batch 14300/43947 | Loss: 3.1555 | LR: 0.000010
Epoch 15/100 | Batch 14400/43947 | Loss: 3.1927 | LR: 0.000010
Epoch 15/100 | Batch 14500/43947 | Loss: 3.1711 | LR: 0.000010
Epoch 15/100 | Batch 14600/43947 | Loss: 3.2246 | LR: 0.000010
Epoch 15/100 | Batch 14700/43947 | Loss: 3.1907 | LR: 0.000010
Epoch 15/100 | Batch 14800/43947 | Loss: 3.2079 | LR: 0.000010
Epoch 15/100 | Batch 14900/43947 | Loss: 3.1629 | LR: 0.000010
Epoch 15/100 | Batch 15000/43947 | Loss: 3.2136 | LR: 0.000010
Epoch 15/100 | Batch 15100/43947 | Loss: 3.2321 | LR: 0.000010
Epoch 15/100 | Batch 15200/43947 | Loss: 3.1651 | LR: 0.000010
Epoch 15/100 | Batch 15300/43947 | Loss: 3.2948 | LR: 0.000010
Epoch 15/100 | Batch 15400/43947 | Loss: 3.1857 | LR: 0.000010
Epoch 15/100 | Batch 15500/43947 | Loss: 3.2319 | LR: 0.000010
Epoch 15/100 | Batch 15600/43947 | Loss: 3.1143 | LR: 0.000010
Epoch 15/100 | Batch 15700/43947 | Loss: 3.2602 | LR: 0.000010
Epoch 15/100 | Batch 15800/43947 | Loss: 3.1868 | LR: 0.000010
Epoch 15/100 | Batch 15900/43947 | Loss: 3.1477 | LR: 0.000010
Epoch 15/100 | Batch 16000/43947 | Loss: 3.2030 | LR: 0.000010
Epoch 15/100 | Batch 16100/43947 | Loss: 3.1814 | LR: 0.000010
Epoch 15/100 | Batch 16200/43947 | Loss: 3.1433 | LR: 0.000010
Epoch 15/100 | Batch 16300/43947 | Loss: 3.2310 | LR: 0.000010
Epoch 15/100 | Batch 16400/43947 | Loss: 3.1408 | LR: 0.000010
Epoch 15/100 | Batch 16500/43947 | Loss: 3.1732 | LR: 0.000010
Epoch 15/100 | Batch 16600/43947 | Loss: 3.1750 | LR: 0.000010
Epoch 15/100 | Batch 16700/43947 | Loss: 3.2175 | LR: 0.000010
Epoch 15/100 | Batch 16800/43947 | Loss: 3.3083 | LR: 0.000010
Epoch 15/100 | Batch 16900/43947 | Loss: 3.1446 | LR: 0.000010
Epoch 15/100 | Batch 17000/43947 | Loss: 3.2448 | LR: 0.000010
Epoch 15/100 | Batch 17100/43947 | Loss: 3.2582 | LR: 0.000010
Epoch 15/100 | Batch 17200/43947 | Loss: 3.1808 | LR: 0.000010
Epoch 15/100 | Batch 17300/43947 | Loss: 3.2018 | LR: 0.000010
Epoch 15/100 | Batch 17400/43947 | Loss: 3.2182 | LR: 0.000010
Epoch 15/100 | Batch 17500/43947 | Loss: 3.2047 | LR: 0.000010
Epoch 15/100 | Batch 17600/43947 | Loss: 3.1505 | LR: 0.000010
Epoch 15/100 | Batch 17700/43947 | Loss: 3.1873 | LR: 0.000010
Epoch 15/100 | Batch 17800/43947 | Loss: 3.2051 | LR: 0.000010
Epoch 15/100 | Batch 17900/43947 | Loss: 3.2173 | LR: 0.000010
Epoch 15/100 | Batch 18000/43947 | Loss: 3.2474 | LR: 0.000010
Epoch 15/100 | Batch 18100/43947 | Loss: 3.2658 | LR: 0.000010
Epoch 15/100 | Batch 18200/43947 | Loss: 3.1914 | LR: 0.000010
Epoch 15/100 | Batch 18300/43947 | Loss: 3.1267 | LR: 0.000010
Epoch 15/100 | Batch 18400/43947 | Loss: 3.1055 | LR: 0.000010
Epoch 15/100 | Batch 18500/43947 | Loss: 3.1426 | LR: 0.000010
Epoch 15/100 | Batch 18600/43947 | Loss: 3.2191 | LR: 0.000010
Epoch 15/100 | Batch 18700/43947 | Loss: 3.1856 | LR: 0.000010
Epoch 15/100 | Batch 18800/43947 | Loss: 3.1598 | LR: 0.000010
Epoch 15/100 | Batch 18900/43947 | Loss: 3.2301 | LR: 0.000010
Epoch 15/100 | Batch 19000/43947 | Loss: 3.2242 | LR: 0.000010
Epoch 15/100 | Batch 19100/43947 | Loss: 3.2408 | LR: 0.000010
Epoch 15/100 | Batch 19200/43947 | Loss: 3.1409 | LR: 0.000010
Epoch 15/100 | Batch 19300/43947 | Loss: 3.1939 | LR: 0.000010
Epoch 15/100 | Batch 19400/43947 | Loss: 3.1830 | LR: 0.000010
Epoch 15/100 | Batch 19500/43947 | Loss: 3.1762 | LR: 0.000010
Epoch 15/100 | Batch 19600/43947 | Loss: 3.1507 | LR: 0.000010
Epoch 15/100 | Batch 19700/43947 | Loss: 3.1652 | LR: 0.000010
Epoch 15/100 | Batch 19800/43947 | Loss: 3.1925 | LR: 0.000010
Epoch 15/100 | Batch 19900/43947 | Loss: 3.1753 | LR: 0.000010
Epoch 15/100 | Batch 20000/43947 | Loss: 3.2672 | LR: 0.000010
Epoch 15/100 | Batch 20100/43947 | Loss: 3.1674 | LR: 0.000010
Epoch 15/100 | Batch 20200/43947 | Loss: 3.1532 | LR: 0.000010
Epoch 15/100 | Batch 20300/43947 | Loss: 3.2156 | LR: 0.000010
Epoch 15/100 | Batch 20400/43947 | Loss: 3.2161 | LR: 0.000010
Epoch 15/100 | Batch 20500/43947 | Loss: 3.2219 | LR: 0.000010
Epoch 15/100 | Batch 20600/43947 | Loss: 3.1707 | LR: 0.000010
Epoch 15/100 | Batch 20700/43947 | Loss: 3.0984 | LR: 0.000010
Epoch 15/100 | Batch 20800/43947 | Loss: 3.1592 | LR: 0.000010
Epoch 15/100 | Batch 20900/43947 | Loss: 3.1740 | LR: 0.000010
Epoch 15/100 | Batch 21000/43947 | Loss: 3.2258 | LR: 0.000010
Epoch 15/100 | Batch 21100/43947 | Loss: 3.2054 | LR: 0.000010
Epoch 15/100 | Batch 21200/43947 | Loss: 3.1142 | LR: 0.000010
Epoch 15/100 | Batch 21300/43947 | Loss: 3.1902 | LR: 0.000010
Epoch 15/100 | Batch 21400/43947 | Loss: 3.1636 | LR: 0.000010
Epoch 15/100 | Batch 21500/43947 | Loss: 3.1353 | LR: 0.000010
Epoch 15/100 | Batch 21600/43947 | Loss: 3.1296 | LR: 0.000010
Epoch 15/100 | Batch 21700/43947 | Loss: 3.2565 | LR: 0.000010
Epoch 15/100 | Batch 21800/43947 | Loss: 3.1877 | LR: 0.000010
Epoch 15/100 | Batch 21900/43947 | Loss: 3.2330 | LR: 0.000010
Epoch 15/100 | Batch 22000/43947 | Loss: 3.1317 | LR: 0.000010
Epoch 15/100 | Batch 22100/43947 | Loss: 3.2320 | LR: 0.000010
Epoch 15/100 | Batch 22200/43947 | Loss: 3.1852 | LR: 0.000010
Epoch 15/100 | Batch 22300/43947 | Loss: 3.2407 | LR: 0.000010
Epoch 15/100 | Batch 22400/43947 | Loss: 3.1801 | LR: 0.000010
Epoch 15/100 | Batch 22500/43947 | Loss: 3.1621 | LR: 0.000010
Epoch 15/100 | Batch 22600/43947 | Loss: 3.1942 | LR: 0.000010
Epoch 15/100 | Batch 22700/43947 | Loss: 3.2020 | LR: 0.000010
Epoch 15/100 | Batch 22800/43947 | Loss: 3.1683 | LR: 0.000010
Epoch 15/100 | Batch 22900/43947 | Loss: 3.1547 | LR: 0.000010
Epoch 15/100 | Batch 23000/43947 | Loss: 3.1552 | LR: 0.000010
Epoch 15/100 | Batch 23100/43947 | Loss: 3.1622 | LR: 0.000010
Epoch 15/100 | Batch 23200/43947 | Loss: 3.1782 | LR: 0.000010
Epoch 15/100 | Batch 23300/43947 | Loss: 3.1411 | LR: 0.000010
Epoch 15/100 | Batch 23400/43947 | Loss: 3.1535 | LR: 0.000010
Epoch 15/100 | Batch 23500/43947 | Loss: 3.1934 | LR: 0.000010
Epoch 15/100 | Batch 23600/43947 | Loss: 3.2533 | LR: 0.000010
Epoch 15/100 | Batch 23700/43947 | Loss: 3.2096 | LR: 0.000010
Epoch 15/100 | Batch 23800/43947 | Loss: 3.1911 | LR: 0.000010
Epoch 15/100 | Batch 23900/43947 | Loss: 3.2102 | LR: 0.000010
Epoch 15/100 | Batch 24000/43947 | Loss: 3.1843 | LR: 0.000010
Epoch 15/100 | Batch 24100/43947 | Loss: 3.1793 | LR: 0.000010
Epoch 15/100 | Batch 24200/43947 | Loss: 3.1757 | LR: 0.000010
Epoch 15/100 | Batch 24300/43947 | Loss: 3.1589 | LR: 0.000010
Epoch 15/100 | Batch 24400/43947 | Loss: 3.1960 | LR: 0.000010
Epoch 15/100 | Batch 24500/43947 | Loss: 3.2079 | LR: 0.000010
Epoch 15/100 | Batch 24600/43947 | Loss: 3.1814 | LR: 0.000010
Epoch 15/100 | Batch 24700/43947 | Loss: 3.2353 | LR: 0.000010
Epoch 15/100 | Batch 24800/43947 | Loss: 3.1616 | LR: 0.000010
Epoch 15/100 | Batch 24900/43947 | Loss: 3.2327 | LR: 0.000010
Epoch 15/100 | Batch 25000/43947 | Loss: 3.1865 | LR: 0.000010
Epoch 15/100 | Batch 25100/43947 | Loss: 3.2120 | LR: 0.000010
Epoch 15/100 | Batch 25200/43947 | Loss: 3.2526 | LR: 0.000010
Epoch 15/100 | Batch 25300/43947 | Loss: 3.1381 | LR: 0.000010
Epoch 15/100 | Batch 25400/43947 | Loss: 3.2075 | LR: 0.000010
Epoch 15/100 | Batch 25500/43947 | Loss: 3.2583 | LR: 0.000010
Epoch 15/100 | Batch 25600/43947 | Loss: 3.1717 | LR: 0.000010
Epoch 15/100 | Batch 25700/43947 | Loss: 3.2206 | LR: 0.000010
Epoch 15/100 | Batch 25800/43947 | Loss: 3.1655 | LR: 0.000010
Epoch 15/100 | Batch 25900/43947 | Loss: 3.2477 | LR: 0.000010
Epoch 15/100 | Batch 26000/43947 | Loss: 3.1921 | LR: 0.000010
Epoch 15/100 | Batch 26100/43947 | Loss: 3.2623 | LR: 0.000010
Epoch 15/100 | Batch 26200/43947 | Loss: 3.2258 | LR: 0.000010
Epoch 15/100 | Batch 26300/43947 | Loss: 3.1714 | LR: 0.000010
Epoch 15/100 | Batch 26400/43947 | Loss: 3.2037 | LR: 0.000010
Epoch 15/100 | Batch 26500/43947 | Loss: 3.1473 | LR: 0.000010
Epoch 15/100 | Batch 26600/43947 | Loss: 3.1841 | LR: 0.000010
Epoch 15/100 | Batch 26700/43947 | Loss: 3.2815 | LR: 0.000010
Epoch 15/100 | Batch 26800/43947 | Loss: 3.2753 | LR: 0.000010
Epoch 15/100 | Batch 26900/43947 | Loss: 3.1951 | LR: 0.000010
Epoch 15/100 | Batch 27000/43947 | Loss: 3.2290 | LR: 0.000010
Epoch 15/100 | Batch 27100/43947 | Loss: 3.1881 | LR: 0.000010
Epoch 15/100 | Batch 27200/43947 | Loss: 3.2008 | LR: 0.000010
Epoch 15/100 | Batch 27300/43947 | Loss: 3.1676 | LR: 0.000010
Epoch 15/100 | Batch 27400/43947 | Loss: 3.2434 | LR: 0.000010
Epoch 15/100 | Batch 27500/43947 | Loss: 3.1708 | LR: 0.000010
Epoch 15/100 | Batch 27600/43947 | Loss: 3.1527 | LR: 0.000010
Epoch 15/100 | Batch 27700/43947 | Loss: 3.1296 | LR: 0.000010
Epoch 15/100 | Batch 27800/43947 | Loss: 3.2044 | LR: 0.000010
Epoch 15/100 | Batch 27900/43947 | Loss: 3.2200 | LR: 0.000010
Epoch 15/100 | Batch 28000/43947 | Loss: 3.1598 | LR: 0.000010
Epoch 15/100 | Batch 28100/43947 | Loss: 3.1683 | LR: 0.000010
Epoch 15/100 | Batch 28200/43947 | Loss: 3.2465 | LR: 0.000010
Epoch 15/100 | Batch 28300/43947 | Loss: 3.1959 | LR: 0.000010
Epoch 15/100 | Batch 28400/43947 | Loss: 3.2119 | LR: 0.000010
Epoch 15/100 | Batch 28500/43947 | Loss: 3.1663 | LR: 0.000010
Epoch 15/100 | Batch 28600/43947 | Loss: 3.2135 | LR: 0.000010
Epoch 15/100 | Batch 28700/43947 | Loss: 3.2228 | LR: 0.000010
Epoch 15/100 | Batch 28800/43947 | Loss: 3.1423 | LR: 0.000010
Epoch 15/100 | Batch 28900/43947 | Loss: 3.2236 | LR: 0.000010
Epoch 15/100 | Batch 29000/43947 | Loss: 3.2108 | LR: 0.000010
Epoch 15/100 | Batch 29100/43947 | Loss: 3.1525 | LR: 0.000010
Epoch 15/100 | Batch 29200/43947 | Loss: 3.1905 | LR: 0.000010
Epoch 15/100 | Batch 29300/43947 | Loss: 3.2154 | LR: 0.000010
Epoch 15/100 | Batch 29400/43947 | Loss: 3.1415 | LR: 0.000010
Epoch 15/100 | Batch 29500/43947 | Loss: 3.1766 | LR: 0.000010
Epoch 15/100 | Batch 29600/43947 | Loss: 3.2621 | LR: 0.000010
Epoch 15/100 | Batch 29700/43947 | Loss: 3.2202 | LR: 0.000010
Epoch 15/100 | Batch 29800/43947 | Loss: 3.1678 | LR: 0.000010
Epoch 15/100 | Batch 29900/43947 | Loss: 3.1807 | LR: 0.000010
Epoch 15/100 | Batch 30000/43947 | Loss: 3.2963 | LR: 0.000010
Epoch 15/100 | Batch 30100/43947 | Loss: 3.1646 | LR: 0.000010
Epoch 15/100 | Batch 30200/43947 | Loss: 3.1688 | LR: 0.000010
Epoch 15/100 | Batch 30300/43947 | Loss: 3.2032 | LR: 0.000010
Epoch 15/100 | Batch 30400/43947 | Loss: 3.2311 | LR: 0.000010
Epoch 15/100 | Batch 30500/43947 | Loss: 3.2077 | LR: 0.000010
Epoch 15/100 | Batch 30600/43947 | Loss: 3.1722 | LR: 0.000010
Epoch 15/100 | Batch 30700/43947 | Loss: 3.2116 | LR: 0.000010
Epoch 15/100 | Batch 30800/43947 | Loss: 3.1767 | LR: 0.000010
Epoch 15/100 | Batch 30900/43947 | Loss: 3.1893 | LR: 0.000010
Epoch 15/100 | Batch 31000/43947 | Loss: 3.2153 | LR: 0.000010
Epoch 15/100 | Batch 31100/43947 | Loss: 3.2777 | LR: 0.000010
Epoch 15/100 | Batch 31200/43947 | Loss: 3.1678 | LR: 0.000010
Epoch 15/100 | Batch 31300/43947 | Loss: 3.2084 | LR: 0.000010
Epoch 15/100 | Batch 31400/43947 | Loss: 3.1615 | LR: 0.000010
Epoch 15/100 | Batch 31500/43947 | Loss: 3.1272 | LR: 0.000010
Epoch 15/100 | Batch 31600/43947 | Loss: 3.2077 | LR: 0.000010
Epoch 15/100 | Batch 31700/43947 | Loss: 3.1555 | LR: 0.000010
Epoch 15/100 | Batch 31800/43947 | Loss: 3.2493 | LR: 0.000010
Epoch 15/100 | Batch 31900/43947 | Loss: 3.2949 | LR: 0.000010
Epoch 15/100 | Batch 32000/43947 | Loss: 3.1539 | LR: 0.000010
Epoch 15/100 | Batch 32100/43947 | Loss: 3.1803 | LR: 0.000010
Epoch 15/100 | Batch 32200/43947 | Loss: 3.2310 | LR: 0.000010
Epoch 15/100 | Batch 32300/43947 | Loss: 3.1301 | LR: 0.000010
Epoch 15/100 | Batch 32400/43947 | Loss: 3.2579 | LR: 0.000010
Epoch 15/100 | Batch 32500/43947 | Loss: 3.2636 | LR: 0.000010
Epoch 15/100 | Batch 32600/43947 | Loss: 3.1316 | LR: 0.000010
Epoch 15/100 | Batch 32700/43947 | Loss: 3.1285 | LR: 0.000010
Epoch 15/100 | Batch 32800/43947 | Loss: 3.2419 | LR: 0.000010
Epoch 15/100 | Batch 32900/43947 | Loss: 3.1628 | LR: 0.000010
Epoch 15/100 | Batch 33000/43947 | Loss: 3.2099 | LR: 0.000010
Epoch 15/100 | Batch 33100/43947 | Loss: 3.1743 | LR: 0.000010
Epoch 15/100 | Batch 33200/43947 | Loss: 3.2148 | LR: 0.000010
Epoch 15/100 | Batch 33300/43947 | Loss: 3.2312 | LR: 0.000010
Epoch 15/100 | Batch 33400/43947 | Loss: 3.1626 | LR: 0.000010
Epoch 15/100 | Batch 33500/43947 | Loss: 3.1438 | LR: 0.000010
Epoch 15/100 | Batch 33600/43947 | Loss: 3.1206 | LR: 0.000010
Epoch 15/100 | Batch 33700/43947 | Loss: 3.1510 | LR: 0.000010
Epoch 15/100 | Batch 33800/43947 | Loss: 3.2061 | LR: 0.000010
Epoch 15/100 | Batch 33900/43947 | Loss: 3.2522 | LR: 0.000010
Epoch 15/100 | Batch 34000/43947 | Loss: 3.1613 | LR: 0.000010
Epoch 15/100 | Batch 34100/43947 | Loss: 3.1565 | LR: 0.000010
Epoch 15/100 | Batch 34200/43947 | Loss: 3.1690 | LR: 0.000010
Epoch 15/100 | Batch 34300/43947 | Loss: 3.2332 | LR: 0.000010
Epoch 15/100 | Batch 34400/43947 | Loss: 3.1649 | LR: 0.000010
Epoch 15/100 | Batch 34500/43947 | Loss: 3.1599 | LR: 0.000010
Epoch 15/100 | Batch 34600/43947 | Loss: 3.2017 | LR: 0.000010
Epoch 15/100 | Batch 34700/43947 | Loss: 3.1486 | LR: 0.000010
Epoch 15/100 | Batch 34800/43947 | Loss: 3.2012 | LR: 0.000010
Epoch 15/100 | Batch 34900/43947 | Loss: 3.2468 | LR: 0.000010
Epoch 15/100 | Batch 35000/43947 | Loss: 3.1782 | LR: 0.000010
Epoch 15/100 | Batch 35100/43947 | Loss: 3.1903 | LR: 0.000010
Epoch 15/100 | Batch 35200/43947 | Loss: 3.2443 | LR: 0.000010
Epoch 15/100 | Batch 35300/43947 | Loss: 3.2334 | LR: 0.000010
Epoch 15/100 | Batch 35400/43947 | Loss: 3.1615 | LR: 0.000010
Epoch 15/100 | Batch 35500/43947 | Loss: 3.1874 | LR: 0.000010
Epoch 15/100 | Batch 35600/43947 | Loss: 3.1879 | LR: 0.000010
Epoch 15/100 | Batch 35700/43947 | Loss: 3.1655 | LR: 0.000010
Epoch 15/100 | Batch 35800/43947 | Loss: 3.1615 | LR: 0.000010
Epoch 15/100 | Batch 35900/43947 | Loss: 3.1596 | LR: 0.000010
Epoch 15/100 | Batch 36000/43947 | Loss: 3.2221 | LR: 0.000010
Epoch 15/100 | Batch 36100/43947 | Loss: 3.1830 | LR: 0.000010
Epoch 15/100 | Batch 36200/43947 | Loss: 3.2028 | LR: 0.000010
Epoch 15/100 | Batch 36300/43947 | Loss: 3.2870 | LR: 0.000010
Epoch 15/100 | Batch 36400/43947 | Loss: 3.1876 | LR: 0.000010
Epoch 15/100 | Batch 36500/43947 | Loss: 3.1672 | LR: 0.000010
Epoch 15/100 | Batch 36600/43947 | Loss: 3.1921 | LR: 0.000010
Epoch 15/100 | Batch 36700/43947 | Loss: 3.1836 | LR: 0.000010
Epoch 15/100 | Batch 36800/43947 | Loss: 3.1492 | LR: 0.000010
Epoch 15/100 | Batch 36900/43947 | Loss: 3.1592 | LR: 0.000010
Epoch 15/100 | Batch 37000/43947 | Loss: 3.1530 | LR: 0.000010
Epoch 15/100 | Batch 37100/43947 | Loss: 3.2157 | LR: 0.000010
Epoch 15/100 | Batch 37200/43947 | Loss: 3.1773 | LR: 0.000010
Epoch 15/100 | Batch 37300/43947 | Loss: 3.2431 | LR: 0.000010
Epoch 15/100 | Batch 37400/43947 | Loss: 3.2370 | LR: 0.000010
Epoch 15/100 | Batch 37500/43947 | Loss: 3.1405 | LR: 0.000010
Epoch 15/100 | Batch 37600/43947 | Loss: 3.1691 | LR: 0.000010
Epoch 15/100 | Batch 37700/43947 | Loss: 3.1538 | LR: 0.000010
Epoch 15/100 | Batch 37800/43947 | Loss: 3.1825 | LR: 0.000010
Epoch 15/100 | Batch 37900/43947 | Loss: 3.2113 | LR: 0.000010
Epoch 15/100 | Batch 38000/43947 | Loss: 3.1993 | LR: 0.000010
Epoch 15/100 | Batch 38100/43947 | Loss: 3.2020 | LR: 0.000010
Epoch 15/100 | Batch 38200/43947 | Loss: 3.1390 | LR: 0.000010
Epoch 15/100 | Batch 38300/43947 | Loss: 3.1262 | LR: 0.000010
Epoch 15/100 | Batch 38400/43947 | Loss: 3.1584 | LR: 0.000010
Epoch 15/100 | Batch 38500/43947 | Loss: 3.1561 | LR: 0.000010
Epoch 15/100 | Batch 38600/43947 | Loss: 3.1723 | LR: 0.000010
Epoch 15/100 | Batch 38700/43947 | Loss: 3.2137 | LR: 0.000010
Epoch 15/100 | Batch 38800/43947 | Loss: 3.1993 | LR: 0.000010
Epoch 15/100 | Batch 38900/43947 | Loss: 3.1469 | LR: 0.000010
Epoch 15/100 | Batch 39000/43947 | Loss: 3.1726 | LR: 0.000010
Epoch 15/100 | Batch 39100/43947 | Loss: 3.2149 | LR: 0.000010
Epoch 15/100 | Batch 39200/43947 | Loss: 3.2292 | LR: 0.000010
Epoch 15/100 | Batch 39300/43947 | Loss: 3.1601 | LR: 0.000010
Epoch 15/100 | Batch 39400/43947 | Loss: 3.2043 | LR: 0.000010
Epoch 15/100 | Batch 39500/43947 | Loss: 3.1911 | LR: 0.000010
Epoch 15/100 | Batch 39600/43947 | Loss: 3.1445 | LR: 0.000010
Epoch 15/100 | Batch 39700/43947 | Loss: 3.2207 | LR: 0.000010
Epoch 15/100 | Batch 39800/43947 | Loss: 3.2112 | LR: 0.000010
Epoch 15/100 | Batch 39900/43947 | Loss: 3.1894 | LR: 0.000010
Epoch 15/100 | Batch 40000/43947 | Loss: 3.1438 | LR: 0.000010
Epoch 15/100 | Batch 40100/43947 | Loss: 3.2205 | LR: 0.000010
Epoch 15/100 | Batch 40200/43947 | Loss: 3.2155 | LR: 0.000010
Epoch 15/100 | Batch 40300/43947 | Loss: 3.1873 | LR: 0.000010
Epoch 15/100 | Batch 40400/43947 | Loss: 3.1686 | LR: 0.000010
Epoch 15/100 | Batch 40500/43947 | Loss: 3.2029 | LR: 0.000010
Epoch 15/100 | Batch 40600/43947 | Loss: 3.1623 | LR: 0.000010
Epoch 15/100 | Batch 40700/43947 | Loss: 3.1907 | LR: 0.000010
Epoch 15/100 | Batch 40800/43947 | Loss: 3.1522 | LR: 0.000010
Epoch 15/100 | Batch 40900/43947 | Loss: 3.1697 | LR: 0.000010
Epoch 15/100 | Batch 41000/43947 | Loss: 3.1737 | LR: 0.000010
Epoch 15/100 | Batch 41100/43947 | Loss: 3.2129 | LR: 0.000010
Epoch 15/100 | Batch 41200/43947 | Loss: 3.1326 | LR: 0.000010
Epoch 15/100 | Batch 41300/43947 | Loss: 3.2067 | LR: 0.000010
Epoch 15/100 | Batch 41400/43947 | Loss: 3.1649 | LR: 0.000010
Epoch 15/100 | Batch 41500/43947 | Loss: 3.1750 | LR: 0.000010
Epoch 15/100 | Batch 41600/43947 | Loss: 3.1474 | LR: 0.000010
Epoch 15/100 | Batch 41700/43947 | Loss: 3.1272 | LR: 0.000010
Epoch 15/100 | Batch 41800/43947 | Loss: 3.2051 | LR: 0.000010
Epoch 15/100 | Batch 41900/43947 | Loss: 3.1820 | LR: 0.000010
Epoch 15/100 | Batch 42000/43947 | Loss: 3.1702 | LR: 0.000010
Epoch 15/100 | Batch 42100/43947 | Loss: 3.1899 | LR: 0.000010
Epoch 15/100 | Batch 42200/43947 | Loss: 3.2272 | LR: 0.000010
Epoch 15/100 | Batch 42300/43947 | Loss: 3.1819 | LR: 0.000010
Epoch 15/100 | Batch 42400/43947 | Loss: 3.1676 | LR: 0.000010
Epoch 15/100 | Batch 42500/43947 | Loss: 3.1552 | LR: 0.000010
Epoch 15/100 | Batch 42600/43947 | Loss: 3.1502 | LR: 0.000010
Epoch 15/100 | Batch 42700/43947 | Loss: 3.1490 | LR: 0.000010
Epoch 15/100 | Batch 42800/43947 | Loss: 3.1619 | LR: 0.000010
Epoch 15/100 | Batch 42900/43947 | Loss: 3.2159 | LR: 0.000010
Epoch 15/100 | Batch 43000/43947 | Loss: 3.1445 | LR: 0.000010
Epoch 15/100 | Batch 43100/43947 | Loss: 3.2604 | LR: 0.000010
Epoch 15/100 | Batch 43200/43947 | Loss: 3.2713 | LR: 0.000010
Epoch 15/100 | Batch 43300/43947 | Loss: 3.1693 | LR: 0.000010
Epoch 15/100 | Batch 43400/43947 | Loss: 3.1800 | LR: 0.000010
Epoch 15/100 | Batch 43500/43947 | Loss: 3.1759 | LR: 0.000010
Epoch 15/100 | Batch 43600/43947 | Loss: 3.1961 | LR: 0.000010
Epoch 15/100 | Batch 43700/43947 | Loss: 3.1678 | LR: 0.000010
Epoch 15/100 | Batch 43800/43947 | Loss: 3.1841 | LR: 0.000010
Epoch 15/100 | Batch 43900/43947 | Loss: 3.1546 | LR: 0.000010

Epoch 15/100 Summary:
Average Training Loss: 3.1934
Average Validation Loss: 3.0624
Best Validation Loss: 3.0624
Learning Rate: 0.000010
Epoch 16/100 | Batch 0/43947 | Loss: 3.2882 | LR: 0.000010
Epoch 16/100 | Batch 100/43947 | Loss: 3.1073 | LR: 0.000010
Epoch 16/100 | Batch 200/43947 | Loss: 3.2263 | LR: 0.000010
Epoch 16/100 | Batch 300/43947 | Loss: 3.1205 | LR: 0.000010
Epoch 16/100 | Batch 400/43947 | Loss: 3.2605 | LR: 0.000010
Epoch 16/100 | Batch 500/43947 | Loss: 3.2295 | LR: 0.000010
Epoch 16/100 | Batch 600/43947 | Loss: 3.2607 | LR: 0.000010
Epoch 16/100 | Batch 700/43947 | Loss: 3.2252 | LR: 0.000010
Epoch 16/100 | Batch 800/43947 | Loss: 3.1916 | LR: 0.000010
Epoch 16/100 | Batch 900/43947 | Loss: 3.1970 | LR: 0.000010
Epoch 16/100 | Batch 1000/43947 | Loss: 3.2138 | LR: 0.000010
Epoch 16/100 | Batch 1100/43947 | Loss: 3.3679 | LR: 0.000010
Epoch 16/100 | Batch 1200/43947 | Loss: 3.1638 | LR: 0.000010
Epoch 16/100 | Batch 1300/43947 | Loss: 3.2546 | LR: 0.000010
Epoch 16/100 | Batch 1400/43947 | Loss: 3.1491 | LR: 0.000010
Epoch 16/100 | Batch 1500/43947 | Loss: 3.2428 | LR: 0.000010
Epoch 16/100 | Batch 1600/43947 | Loss: 3.2487 | LR: 0.000010
Epoch 16/100 | Batch 1700/43947 | Loss: 3.1740 | LR: 0.000010
Epoch 16/100 | Batch 1800/43947 | Loss: 3.1252 | LR: 0.000010
Epoch 16/100 | Batch 1900/43947 | Loss: 3.2134 | LR: 0.000010
Epoch 16/100 | Batch 2000/43947 | Loss: 3.3486 | LR: 0.000010
Epoch 16/100 | Batch 2100/43947 | Loss: 3.1672 | LR: 0.000010
Epoch 16/100 | Batch 2200/43947 | Loss: 3.2405 | LR: 0.000010
Epoch 16/100 | Batch 2300/43947 | Loss: 3.1834 | LR: 0.000010
Epoch 16/100 | Batch 2400/43947 | Loss: 3.1800 | LR: 0.000010
Epoch 16/100 | Batch 2500/43947 | Loss: 3.2023 | LR: 0.000010
Epoch 16/100 | Batch 2600/43947 | Loss: 3.2406 | LR: 0.000010
Epoch 16/100 | Batch 2700/43947 | Loss: 3.2377 | LR: 0.000010
Epoch 16/100 | Batch 2800/43947 | Loss: 3.1950 | LR: 0.000010
Epoch 16/100 | Batch 2900/43947 | Loss: 3.1528 | LR: 0.000010
Epoch 16/100 | Batch 3000/43947 | Loss: 3.1747 | LR: 0.000010
Epoch 16/100 | Batch 3100/43947 | Loss: 3.1538 | LR: 0.000010
Epoch 16/100 | Batch 3200/43947 | Loss: 3.1547 | LR: 0.000010
Epoch 16/100 | Batch 3300/43947 | Loss: 3.1579 | LR: 0.000010
Epoch 16/100 | Batch 3400/43947 | Loss: 3.1195 | LR: 0.000010
Epoch 16/100 | Batch 3500/43947 | Loss: 3.2277 | LR: 0.000010
Epoch 16/100 | Batch 3600/43947 | Loss: 3.1528 | LR: 0.000010
Epoch 16/100 | Batch 3700/43947 | Loss: 3.2253 | LR: 0.000010
Epoch 16/100 | Batch 3800/43947 | Loss: 3.2625 | LR: 0.000010
Epoch 16/100 | Batch 3900/43947 | Loss: 3.1817 | LR: 0.000010
Epoch 16/100 | Batch 4000/43947 | Loss: 3.1747 | LR: 0.000010
Epoch 16/100 | Batch 4100/43947 | Loss: 3.2382 | LR: 0.000010
Epoch 16/100 | Batch 4200/43947 | Loss: 3.1704 | LR: 0.000010
Epoch 16/100 | Batch 4300/43947 | Loss: 3.1969 | LR: 0.000010
Epoch 16/100 | Batch 4400/43947 | Loss: 3.1545 | LR: 0.000010
Epoch 16/100 | Batch 4500/43947 | Loss: 3.2245 | LR: 0.000010
Epoch 16/100 | Batch 4600/43947 | Loss: 3.1823 | LR: 0.000010
Epoch 16/100 | Batch 4700/43947 | Loss: 3.2190 | LR: 0.000010
Epoch 16/100 | Batch 4800/43947 | Loss: 3.1954 | LR: 0.000010
Epoch 16/100 | Batch 4900/43947 | Loss: 3.2037 | LR: 0.000010
Epoch 16/100 | Batch 5000/43947 | Loss: 3.1673 | LR: 0.000010
Epoch 16/100 | Batch 5100/43947 | Loss: 3.2311 | LR: 0.000010
Epoch 16/100 | Batch 5200/43947 | Loss: 3.2093 | LR: 0.000010
Epoch 16/100 | Batch 5300/43947 | Loss: 3.2155 | LR: 0.000010
Epoch 16/100 | Batch 5400/43947 | Loss: 3.1178 | LR: 0.000010
Epoch 16/100 | Batch 5500/43947 | Loss: 3.1891 | LR: 0.000010
Epoch 16/100 | Batch 5600/43947 | Loss: 3.1911 | LR: 0.000010
Epoch 16/100 | Batch 5700/43947 | Loss: 3.1824 | LR: 0.000010
Epoch 16/100 | Batch 5800/43947 | Loss: 3.1578 | LR: 0.000010
Epoch 16/100 | Batch 5900/43947 | Loss: 3.1739 | LR: 0.000010
Epoch 16/100 | Batch 6000/43947 | Loss: 3.1952 | LR: 0.000010
Epoch 16/100 | Batch 6100/43947 | Loss: 3.1898 | LR: 0.000010
Epoch 16/100 | Batch 6200/43947 | Loss: 3.2208 | LR: 0.000010
Epoch 16/100 | Batch 6300/43947 | Loss: 3.1970 | LR: 0.000010
Epoch 16/100 | Batch 6400/43947 | Loss: 3.3056 | LR: 0.000010
Epoch 16/100 | Batch 6500/43947 | Loss: 3.2205 | LR: 0.000010
Epoch 16/100 | Batch 6600/43947 | Loss: 3.1047 | LR: 0.000010
Epoch 16/100 | Batch 6700/43947 | Loss: 3.2144 | LR: 0.000010
Epoch 16/100 | Batch 6800/43947 | Loss: 3.3306 | LR: 0.000010
Epoch 16/100 | Batch 6900/43947 | Loss: 3.2220 | LR: 0.000010
Epoch 16/100 | Batch 7000/43947 | Loss: 3.1813 | LR: 0.000010
Epoch 16/100 | Batch 7100/43947 | Loss: 3.2133 | LR: 0.000010
Epoch 16/100 | Batch 7200/43947 | Loss: 3.2585 | LR: 0.000010
Epoch 16/100 | Batch 7300/43947 | Loss: 3.2597 | LR: 0.000010
Epoch 16/100 | Batch 7400/43947 | Loss: 3.1912 | LR: 0.000010
Epoch 16/100 | Batch 7500/43947 | Loss: 3.1825 | LR: 0.000010
Epoch 16/100 | Batch 7600/43947 | Loss: 3.1041 | LR: 0.000010
Epoch 16/100 | Batch 7700/43947 | Loss: 3.2360 | LR: 0.000010
Epoch 16/100 | Batch 7800/43947 | Loss: 3.2026 | LR: 0.000010
Epoch 16/100 | Batch 7900/43947 | Loss: 3.1453 | LR: 0.000010
Epoch 16/100 | Batch 8000/43947 | Loss: 3.2289 | LR: 0.000010
Epoch 16/100 | Batch 8100/43947 | Loss: 3.1502 | LR: 0.000010
Epoch 16/100 | Batch 8200/43947 | Loss: 3.2126 | LR: 0.000010
Epoch 16/100 | Batch 8300/43947 | Loss: 3.2140 | LR: 0.000010
Epoch 16/100 | Batch 8400/43947 | Loss: 3.2040 | LR: 0.000010
Epoch 16/100 | Batch 8500/43947 | Loss: 3.1159 | LR: 0.000010
Epoch 16/100 | Batch 8600/43947 | Loss: 3.1856 | LR: 0.000010
Epoch 16/100 | Batch 8700/43947 | Loss: 3.2063 | LR: 0.000010
Epoch 16/100 | Batch 8800/43947 | Loss: 3.2323 | LR: 0.000010
Epoch 16/100 | Batch 8900/43947 | Loss: 3.1832 | LR: 0.000010
Epoch 16/100 | Batch 9000/43947 | Loss: 3.2140 | LR: 0.000010
Epoch 16/100 | Batch 9100/43947 | Loss: 3.1487 | LR: 0.000010
Epoch 16/100 | Batch 9200/43947 | Loss: 3.1864 | LR: 0.000010
Epoch 16/100 | Batch 9300/43947 | Loss: 3.1525 | LR: 0.000010
Epoch 16/100 | Batch 9400/43947 | Loss: 3.1723 | LR: 0.000010
Epoch 16/100 | Batch 9500/43947 | Loss: 3.2121 | LR: 0.000010
Epoch 16/100 | Batch 9600/43947 | Loss: 3.1696 | LR: 0.000010
Epoch 16/100 | Batch 9700/43947 | Loss: 3.1662 | LR: 0.000010
Epoch 16/100 | Batch 9800/43947 | Loss: 3.2029 | LR: 0.000010
Epoch 16/100 | Batch 9900/43947 | Loss: 3.1812 | LR: 0.000010
Epoch 16/100 | Batch 10000/43947 | Loss: 3.2257 | LR: 0.000010
Epoch 16/100 | Batch 10100/43947 | Loss: 3.2262 | LR: 0.000010
Epoch 16/100 | Batch 10200/43947 | Loss: 3.2187 | LR: 0.000010
Epoch 16/100 | Batch 10300/43947 | Loss: 3.2408 | LR: 0.000010
Epoch 16/100 | Batch 10400/43947 | Loss: 3.2127 | LR: 0.000010
Epoch 16/100 | Batch 10500/43947 | Loss: 3.1736 | LR: 0.000010
Epoch 16/100 | Batch 10600/43947 | Loss: 3.1946 | LR: 0.000010
Epoch 16/100 | Batch 10700/43947 | Loss: 3.2671 | LR: 0.000010
Epoch 16/100 | Batch 10800/43947 | Loss: 3.1903 | LR: 0.000010
Epoch 16/100 | Batch 10900/43947 | Loss: 3.2246 | LR: 0.000010
Epoch 16/100 | Batch 11000/43947 | Loss: 3.2398 | LR: 0.000010
Epoch 16/100 | Batch 11100/43947 | Loss: 3.1679 | LR: 0.000010
Epoch 16/100 | Batch 11200/43947 | Loss: 3.1220 | LR: 0.000010
Epoch 16/100 | Batch 11300/43947 | Loss: 3.2370 | LR: 0.000010
Epoch 16/100 | Batch 11400/43947 | Loss: 3.1686 | LR: 0.000010
Epoch 16/100 | Batch 11500/43947 | Loss: 3.2099 | LR: 0.000010
Epoch 16/100 | Batch 11600/43947 | Loss: 3.1624 | LR: 0.000010
Epoch 16/100 | Batch 11700/43947 | Loss: 3.1810 | LR: 0.000010
Epoch 16/100 | Batch 11800/43947 | Loss: 3.2461 | LR: 0.000010
Epoch 16/100 | Batch 11900/43947 | Loss: 3.1643 | LR: 0.000010
Epoch 16/100 | Batch 12000/43947 | Loss: 3.1885 | LR: 0.000010
Epoch 16/100 | Batch 12100/43947 | Loss: 3.2152 | LR: 0.000010
Epoch 16/100 | Batch 12200/43947 | Loss: 3.2126 | LR: 0.000010
Epoch 16/100 | Batch 12300/43947 | Loss: 3.2010 | LR: 0.000010
Epoch 16/100 | Batch 12400/43947 | Loss: 3.1583 | LR: 0.000010
Epoch 16/100 | Batch 12500/43947 | Loss: 3.1928 | LR: 0.000010
Epoch 16/100 | Batch 12600/43947 | Loss: 3.3211 | LR: 0.000010
Epoch 16/100 | Batch 12700/43947 | Loss: 3.2203 | LR: 0.000010
Epoch 16/100 | Batch 12800/43947 | Loss: 3.1483 | LR: 0.000010
Epoch 16/100 | Batch 12900/43947 | Loss: 3.1973 | LR: 0.000010
Epoch 16/100 | Batch 13000/43947 | Loss: 3.0967 | LR: 0.000010
Epoch 16/100 | Batch 13100/43947 | Loss: 3.1474 | LR: 0.000010
Epoch 16/100 | Batch 13200/43947 | Loss: 3.2045 | LR: 0.000010
Epoch 16/100 | Batch 13300/43947 | Loss: 3.1722 | LR: 0.000010
Epoch 16/100 | Batch 13400/43947 | Loss: 3.2229 | LR: 0.000010
Epoch 16/100 | Batch 13500/43947 | Loss: 3.2085 | LR: 0.000010
Epoch 16/100 | Batch 13600/43947 | Loss: 3.1301 | LR: 0.000010
Epoch 16/100 | Batch 13700/43947 | Loss: 3.2372 | LR: 0.000010
Epoch 16/100 | Batch 13800/43947 | Loss: 3.1479 | LR: 0.000010
Epoch 16/100 | Batch 13900/43947 | Loss: 3.1997 | LR: 0.000010
Epoch 16/100 | Batch 14000/43947 | Loss: 3.1965 | LR: 0.000010
Epoch 16/100 | Batch 14100/43947 | Loss: 3.1629 | LR: 0.000010
Epoch 16/100 | Batch 14200/43947 | Loss: 3.1848 | LR: 0.000010
Epoch 16/100 | Batch 14300/43947 | Loss: 3.1501 | LR: 0.000010
Epoch 16/100 | Batch 14400/43947 | Loss: 3.1986 | LR: 0.000010
Epoch 16/100 | Batch 14500/43947 | Loss: 3.1653 | LR: 0.000010
Epoch 16/100 | Batch 14600/43947 | Loss: 3.2004 | LR: 0.000010
Epoch 16/100 | Batch 14700/43947 | Loss: 3.1773 | LR: 0.000010
Epoch 16/100 | Batch 14800/43947 | Loss: 3.1895 | LR: 0.000010
Epoch 16/100 | Batch 14900/43947 | Loss: 3.1787 | LR: 0.000010
Epoch 16/100 | Batch 15000/43947 | Loss: 3.2066 | LR: 0.000010
Epoch 16/100 | Batch 15100/43947 | Loss: 3.2082 | LR: 0.000010
Epoch 16/100 | Batch 15200/43947 | Loss: 3.1637 | LR: 0.000010
Epoch 16/100 | Batch 15300/43947 | Loss: 3.3123 | LR: 0.000010
Epoch 16/100 | Batch 15400/43947 | Loss: 3.1669 | LR: 0.000010
Epoch 16/100 | Batch 15500/43947 | Loss: 3.2233 | LR: 0.000010
Epoch 16/100 | Batch 15600/43947 | Loss: 3.1078 | LR: 0.000010
Epoch 16/100 | Batch 15700/43947 | Loss: 3.2528 | LR: 0.000010
Epoch 16/100 | Batch 15800/43947 | Loss: 3.1738 | LR: 0.000010
Epoch 16/100 | Batch 15900/43947 | Loss: 3.1345 | LR: 0.000010
Epoch 16/100 | Batch 16000/43947 | Loss: 3.1894 | LR: 0.000010
Epoch 16/100 | Batch 16100/43947 | Loss: 3.1933 | LR: 0.000010
Epoch 16/100 | Batch 16200/43947 | Loss: 3.1486 | LR: 0.000010
Epoch 16/100 | Batch 16300/43947 | Loss: 3.2111 | LR: 0.000010
Epoch 16/100 | Batch 16400/43947 | Loss: 3.1545 | LR: 0.000010
Epoch 16/100 | Batch 16500/43947 | Loss: 3.1808 | LR: 0.000010
Epoch 16/100 | Batch 16600/43947 | Loss: 3.1759 | LR: 0.000010
Epoch 16/100 | Batch 16700/43947 | Loss: 3.2202 | LR: 0.000010
Epoch 16/100 | Batch 16800/43947 | Loss: 3.3086 | LR: 0.000010
Epoch 16/100 | Batch 16900/43947 | Loss: 3.1279 | LR: 0.000010
Epoch 16/100 | Batch 17000/43947 | Loss: 3.2408 | LR: 0.000010
Epoch 16/100 | Batch 17100/43947 | Loss: 3.2445 | LR: 0.000010
Epoch 16/100 | Batch 17200/43947 | Loss: 3.1731 | LR: 0.000010
Epoch 16/100 | Batch 17300/43947 | Loss: 3.2074 | LR: 0.000010
Epoch 16/100 | Batch 17400/43947 | Loss: 3.2037 | LR: 0.000010
Epoch 16/100 | Batch 17500/43947 | Loss: 3.2142 | LR: 0.000010
Epoch 16/100 | Batch 17600/43947 | Loss: 3.1547 | LR: 0.000010
Epoch 16/100 | Batch 17700/43947 | Loss: 3.2080 | LR: 0.000010
Epoch 16/100 | Batch 17800/43947 | Loss: 3.1969 | LR: 0.000010
Epoch 16/100 | Batch 17900/43947 | Loss: 3.2049 | LR: 0.000010
Epoch 16/100 | Batch 18000/43947 | Loss: 3.2794 | LR: 0.000010
Epoch 16/100 | Batch 18100/43947 | Loss: 3.2692 | LR: 0.000010
Epoch 16/100 | Batch 18200/43947 | Loss: 3.1930 | LR: 0.000010
Epoch 16/100 | Batch 18300/43947 | Loss: 3.1435 | LR: 0.000010
Epoch 16/100 | Batch 18400/43947 | Loss: 3.0883 | LR: 0.000010
Epoch 16/100 | Batch 18500/43947 | Loss: 3.1421 | LR: 0.000010
Epoch 16/100 | Batch 18600/43947 | Loss: 3.2090 | LR: 0.000010
Epoch 16/100 | Batch 18700/43947 | Loss: 3.1847 | LR: 0.000010
Epoch 16/100 | Batch 18800/43947 | Loss: 3.1722 | LR: 0.000010
Epoch 16/100 | Batch 18900/43947 | Loss: 3.2335 | LR: 0.000010
Epoch 16/100 | Batch 19000/43947 | Loss: 3.2105 | LR: 0.000010
Epoch 16/100 | Batch 19100/43947 | Loss: 3.2283 | LR: 0.000010
Epoch 16/100 | Batch 19200/43947 | Loss: 3.1377 | LR: 0.000010
Epoch 16/100 | Batch 19300/43947 | Loss: 3.1971 | LR: 0.000010
Epoch 16/100 | Batch 19400/43947 | Loss: 3.1777 | LR: 0.000010
Epoch 16/100 | Batch 19500/43947 | Loss: 3.1791 | LR: 0.000010
Epoch 16/100 | Batch 19600/43947 | Loss: 3.1528 | LR: 0.000010
Epoch 16/100 | Batch 19700/43947 | Loss: 3.1635 | LR: 0.000010
Epoch 16/100 | Batch 19800/43947 | Loss: 3.1888 | LR: 0.000010
Epoch 16/100 | Batch 19900/43947 | Loss: 3.1851 | LR: 0.000010
Epoch 16/100 | Batch 20000/43947 | Loss: 3.2662 | LR: 0.000010
Epoch 16/100 | Batch 20100/43947 | Loss: 3.1494 | LR: 0.000010
Epoch 16/100 | Batch 20200/43947 | Loss: 3.1553 | LR: 0.000010
Epoch 16/100 | Batch 20300/43947 | Loss: 3.1990 | LR: 0.000010
Epoch 16/100 | Batch 20400/43947 | Loss: 3.2081 | LR: 0.000010
Epoch 16/100 | Batch 20500/43947 | Loss: 3.2072 | LR: 0.000010
Epoch 16/100 | Batch 20600/43947 | Loss: 3.1482 | LR: 0.000010
Epoch 16/100 | Batch 20700/43947 | Loss: 3.1068 | LR: 0.000010
Epoch 16/100 | Batch 20800/43947 | Loss: 3.1651 | LR: 0.000010
Epoch 16/100 | Batch 20900/43947 | Loss: 3.1809 | LR: 0.000010
Epoch 16/100 | Batch 21000/43947 | Loss: 3.2306 | LR: 0.000010
Epoch 16/100 | Batch 21100/43947 | Loss: 3.2069 | LR: 0.000010
Epoch 16/100 | Batch 21200/43947 | Loss: 3.1251 | LR: 0.000010
Epoch 16/100 | Batch 21300/43947 | Loss: 3.1835 | LR: 0.000010
Epoch 16/100 | Batch 21400/43947 | Loss: 3.1753 | LR: 0.000010
Epoch 16/100 | Batch 21500/43947 | Loss: 3.1410 | LR: 0.000010
Epoch 16/100 | Batch 21600/43947 | Loss: 3.1353 | LR: 0.000010
Epoch 16/100 | Batch 21700/43947 | Loss: 3.2711 | LR: 0.000010
Epoch 16/100 | Batch 21800/43947 | Loss: 3.1978 | LR: 0.000010
Epoch 16/100 | Batch 21900/43947 | Loss: 3.2460 | LR: 0.000010
Epoch 16/100 | Batch 22000/43947 | Loss: 3.1436 | LR: 0.000010
Epoch 16/100 | Batch 22100/43947 | Loss: 3.2080 | LR: 0.000010
Epoch 16/100 | Batch 22200/43947 | Loss: 3.1981 | LR: 0.000010
Epoch 16/100 | Batch 22300/43947 | Loss: 3.2301 | LR: 0.000010
Epoch 16/100 | Batch 22400/43947 | Loss: 3.1939 | LR: 0.000010
Epoch 16/100 | Batch 22500/43947 | Loss: 3.1526 | LR: 0.000010
Epoch 16/100 | Batch 22600/43947 | Loss: 3.1791 | LR: 0.000010
Epoch 16/100 | Batch 22700/43947 | Loss: 3.1966 | LR: 0.000010
Epoch 16/100 | Batch 22800/43947 | Loss: 3.1774 | LR: 0.000010
Epoch 16/100 | Batch 22900/43947 | Loss: 3.1534 | LR: 0.000010
Epoch 16/100 | Batch 23000/43947 | Loss: 3.1603 | LR: 0.000010
Epoch 16/100 | Batch 23100/43947 | Loss: 3.1683 | LR: 0.000010
Epoch 16/100 | Batch 23200/43947 | Loss: 3.1535 | LR: 0.000010
Epoch 16/100 | Batch 23300/43947 | Loss: 3.1739 | LR: 0.000010
Epoch 16/100 | Batch 23400/43947 | Loss: 3.1522 | LR: 0.000010
Epoch 16/100 | Batch 23500/43947 | Loss: 3.1907 | LR: 0.000010
Epoch 16/100 | Batch 23600/43947 | Loss: 3.2709 | LR: 0.000010
Epoch 16/100 | Batch 23700/43947 | Loss: 3.2022 | LR: 0.000010
Epoch 16/100 | Batch 23800/43947 | Loss: 3.1978 | LR: 0.000010
Epoch 16/100 | Batch 23900/43947 | Loss: 3.2224 | LR: 0.000010
Epoch 16/100 | Batch 24000/43947 | Loss: 3.1941 | LR: 0.000010
Epoch 16/100 | Batch 24100/43947 | Loss: 3.1803 | LR: 0.000010
Epoch 16/100 | Batch 24200/43947 | Loss: 3.1636 | LR: 0.000010
Epoch 16/100 | Batch 24300/43947 | Loss: 3.1839 | LR: 0.000010
Epoch 16/100 | Batch 24400/43947 | Loss: 3.2068 | LR: 0.000010
Epoch 16/100 | Batch 24500/43947 | Loss: 3.1845 | LR: 0.000010
Epoch 16/100 | Batch 24600/43947 | Loss: 3.1760 | LR: 0.000010
Epoch 16/100 | Batch 24700/43947 | Loss: 3.2142 | LR: 0.000010
Epoch 16/100 | Batch 24800/43947 | Loss: 3.1562 | LR: 0.000010
Epoch 16/100 | Batch 24900/43947 | Loss: 3.2382 | LR: 0.000010
Epoch 16/100 | Batch 25000/43947 | Loss: 3.1727 | LR: 0.000010
Epoch 16/100 | Batch 25100/43947 | Loss: 3.2163 | LR: 0.000010
Epoch 16/100 | Batch 25200/43947 | Loss: 3.2424 | LR: 0.000010
Epoch 16/100 | Batch 25300/43947 | Loss: 3.1396 | LR: 0.000010
Epoch 16/100 | Batch 25400/43947 | Loss: 3.2125 | LR: 0.000010
Epoch 16/100 | Batch 25500/43947 | Loss: 3.2504 | LR: 0.000010
Epoch 16/100 | Batch 25600/43947 | Loss: 3.1702 | LR: 0.000010
Epoch 16/100 | Batch 25700/43947 | Loss: 3.2231 | LR: 0.000010
Epoch 16/100 | Batch 25800/43947 | Loss: 3.1835 | LR: 0.000010
Epoch 16/100 | Batch 25900/43947 | Loss: 3.2598 | LR: 0.000010
Epoch 16/100 | Batch 26000/43947 | Loss: 3.1917 | LR: 0.000010
Epoch 16/100 | Batch 26100/43947 | Loss: 3.2637 | LR: 0.000010
Epoch 16/100 | Batch 26200/43947 | Loss: 3.2112 | LR: 0.000010
Epoch 16/100 | Batch 26300/43947 | Loss: 3.1485 | LR: 0.000010
Epoch 16/100 | Batch 26400/43947 | Loss: 3.2106 | LR: 0.000010
Epoch 16/100 | Batch 26500/43947 | Loss: 3.1656 | LR: 0.000010
Epoch 16/100 | Batch 26600/43947 | Loss: 3.1791 | LR: 0.000010
Epoch 16/100 | Batch 26700/43947 | Loss: 3.2888 | LR: 0.000010
Epoch 16/100 | Batch 26800/43947 | Loss: 3.2640 | LR: 0.000010
Epoch 16/100 | Batch 26900/43947 | Loss: 3.1945 | LR: 0.000010
Epoch 16/100 | Batch 27000/43947 | Loss: 3.2200 | LR: 0.000010
Epoch 16/100 | Batch 27100/43947 | Loss: 3.1670 | LR: 0.000010
Epoch 16/100 | Batch 27200/43947 | Loss: 3.2076 | LR: 0.000010
Epoch 16/100 | Batch 27300/43947 | Loss: 3.1325 | LR: 0.000010
Epoch 16/100 | Batch 27400/43947 | Loss: 3.2354 | LR: 0.000010
Epoch 16/100 | Batch 27500/43947 | Loss: 3.1771 | LR: 0.000010
Epoch 16/100 | Batch 27600/43947 | Loss: 3.1319 | LR: 0.000010
Epoch 16/100 | Batch 27700/43947 | Loss: 3.1166 | LR: 0.000010
Epoch 16/100 | Batch 27800/43947 | Loss: 3.1900 | LR: 0.000010
Epoch 16/100 | Batch 27900/43947 | Loss: 3.1885 | LR: 0.000010
Epoch 16/100 | Batch 28000/43947 | Loss: 3.1771 | LR: 0.000010
Epoch 16/100 | Batch 28100/43947 | Loss: 3.1715 | LR: 0.000010
Epoch 16/100 | Batch 28200/43947 | Loss: 3.2475 | LR: 0.000010
Epoch 16/100 | Batch 28300/43947 | Loss: 3.1914 | LR: 0.000010
Epoch 16/100 | Batch 28400/43947 | Loss: 3.2047 | LR: 0.000010
Epoch 16/100 | Batch 28500/43947 | Loss: 3.1633 | LR: 0.000010
Epoch 16/100 | Batch 28600/43947 | Loss: 3.2033 | LR: 0.000010
Epoch 16/100 | Batch 28700/43947 | Loss: 3.2131 | LR: 0.000010
Epoch 16/100 | Batch 28800/43947 | Loss: 3.1447 | LR: 0.000010
Epoch 16/100 | Batch 28900/43947 | Loss: 3.2191 | LR: 0.000010
Epoch 16/100 | Batch 29000/43947 | Loss: 3.2194 | LR: 0.000010
Epoch 16/100 | Batch 29100/43947 | Loss: 3.1479 | LR: 0.000010
Epoch 16/100 | Batch 29200/43947 | Loss: 3.1833 | LR: 0.000010
Epoch 16/100 | Batch 29300/43947 | Loss: 3.2281 | LR: 0.000010
Epoch 16/100 | Batch 29400/43947 | Loss: 3.1350 | LR: 0.000010
Epoch 16/100 | Batch 29500/43947 | Loss: 3.1793 | LR: 0.000010
Epoch 16/100 | Batch 29600/43947 | Loss: 3.2604 | LR: 0.000010
Epoch 16/100 | Batch 29700/43947 | Loss: 3.2348 | LR: 0.000010
Epoch 16/100 | Batch 29800/43947 | Loss: 3.1799 | LR: 0.000010
Epoch 16/100 | Batch 29900/43947 | Loss: 3.1665 | LR: 0.000010
Epoch 16/100 | Batch 30000/43947 | Loss: 3.2836 | LR: 0.000010
Epoch 16/100 | Batch 30100/43947 | Loss: 3.1592 | LR: 0.000010
Epoch 16/100 | Batch 30200/43947 | Loss: 3.1774 | LR: 0.000010
Epoch 16/100 | Batch 30300/43947 | Loss: 3.2170 | LR: 0.000010
Epoch 16/100 | Batch 30400/43947 | Loss: 3.2377 | LR: 0.000010
Epoch 16/100 | Batch 30500/43947 | Loss: 3.2083 | LR: 0.000010
Epoch 16/100 | Batch 30600/43947 | Loss: 3.1636 | LR: 0.000010
Epoch 16/100 | Batch 30700/43947 | Loss: 3.2037 | LR: 0.000010
Epoch 16/100 | Batch 30800/43947 | Loss: 3.1691 | LR: 0.000010
Epoch 16/100 | Batch 30900/43947 | Loss: 3.1810 | LR: 0.000010
Epoch 16/100 | Batch 31000/43947 | Loss: 3.1809 | LR: 0.000010
Epoch 16/100 | Batch 31100/43947 | Loss: 3.2711 | LR: 0.000010
Epoch 16/100 | Batch 31200/43947 | Loss: 3.1909 | LR: 0.000010
Epoch 16/100 | Batch 31300/43947 | Loss: 3.2124 | LR: 0.000010
Epoch 16/100 | Batch 31400/43947 | Loss: 3.1550 | LR: 0.000010
Epoch 16/100 | Batch 31500/43947 | Loss: 3.1316 | LR: 0.000010
Epoch 16/100 | Batch 31600/43947 | Loss: 3.2286 | LR: 0.000010
Epoch 16/100 | Batch 31700/43947 | Loss: 3.1650 | LR: 0.000010
Epoch 16/100 | Batch 31800/43947 | Loss: 3.2176 | LR: 0.000010
Epoch 16/100 | Batch 31900/43947 | Loss: 3.3002 | LR: 0.000010
Epoch 16/100 | Batch 32000/43947 | Loss: 3.1674 | LR: 0.000010
Epoch 16/100 | Batch 32100/43947 | Loss: 3.1736 | LR: 0.000010
Epoch 16/100 | Batch 32200/43947 | Loss: 3.2297 | LR: 0.000010
Epoch 16/100 | Batch 32300/43947 | Loss: 3.1330 | LR: 0.000010
Epoch 16/100 | Batch 32400/43947 | Loss: 3.2267 | LR: 0.000010
Epoch 16/100 | Batch 32500/43947 | Loss: 3.2469 | LR: 0.000010
Epoch 16/100 | Batch 32600/43947 | Loss: 3.1277 | LR: 0.000010
Epoch 16/100 | Batch 32700/43947 | Loss: 3.1478 | LR: 0.000010
Epoch 16/100 | Batch 32800/43947 | Loss: 3.2299 | LR: 0.000010
Epoch 16/100 | Batch 32900/43947 | Loss: 3.1695 | LR: 0.000010
Epoch 16/100 | Batch 33000/43947 | Loss: 3.2155 | LR: 0.000010
Epoch 16/100 | Batch 33100/43947 | Loss: 3.1539 | LR: 0.000010
Epoch 16/100 | Batch 33200/43947 | Loss: 3.1823 | LR: 0.000010
Epoch 16/100 | Batch 33300/43947 | Loss: 3.2473 | LR: 0.000010
Epoch 16/100 | Batch 33400/43947 | Loss: 3.1507 | LR: 0.000010
Epoch 16/100 | Batch 33500/43947 | Loss: 3.1428 | LR: 0.000010
Epoch 16/100 | Batch 33600/43947 | Loss: 3.1111 | LR: 0.000010
Epoch 16/100 | Batch 33700/43947 | Loss: 3.1750 | LR: 0.000010
Epoch 16/100 | Batch 33800/43947 | Loss: 3.1973 | LR: 0.000010
Epoch 16/100 | Batch 33900/43947 | Loss: 3.2352 | LR: 0.000010
Epoch 16/100 | Batch 34000/43947 | Loss: 3.1513 | LR: 0.000010
Epoch 16/100 | Batch 34100/43947 | Loss: 3.1690 | LR: 0.000010
Epoch 16/100 | Batch 34200/43947 | Loss: 3.1950 | LR: 0.000010
Epoch 16/100 | Batch 34300/43947 | Loss: 3.2287 | LR: 0.000010
Epoch 16/100 | Batch 34400/43947 | Loss: 3.1721 | LR: 0.000010
Epoch 16/100 | Batch 34500/43947 | Loss: 3.1463 | LR: 0.000010
Epoch 16/100 | Batch 34600/43947 | Loss: 3.2254 | LR: 0.000010
Epoch 16/100 | Batch 34700/43947 | Loss: 3.1544 | LR: 0.000010
Epoch 16/100 | Batch 34800/43947 | Loss: 3.2159 | LR: 0.000010
Epoch 16/100 | Batch 34900/43947 | Loss: 3.2296 | LR: 0.000010
Epoch 16/100 | Batch 35000/43947 | Loss: 3.1680 | LR: 0.000010
Epoch 16/100 | Batch 35100/43947 | Loss: 3.2196 | LR: 0.000010
Epoch 16/100 | Batch 35200/43947 | Loss: 3.2351 | LR: 0.000010
Epoch 16/100 | Batch 35300/43947 | Loss: 3.2177 | LR: 0.000010
Epoch 16/100 | Batch 35400/43947 | Loss: 3.1655 | LR: 0.000010
Epoch 16/100 | Batch 35500/43947 | Loss: 3.1935 | LR: 0.000010
Epoch 16/100 | Batch 35600/43947 | Loss: 3.1859 | LR: 0.000010
Epoch 16/100 | Batch 35700/43947 | Loss: 3.1244 | LR: 0.000010
Epoch 16/100 | Batch 35800/43947 | Loss: 3.1853 | LR: 0.000010
Epoch 16/100 | Batch 35900/43947 | Loss: 3.1500 | LR: 0.000010
Epoch 16/100 | Batch 36000/43947 | Loss: 3.2126 | LR: 0.000010
Epoch 16/100 | Batch 36100/43947 | Loss: 3.1711 | LR: 0.000010
Epoch 16/100 | Batch 36200/43947 | Loss: 3.1870 | LR: 0.000010
Epoch 16/100 | Batch 36300/43947 | Loss: 3.2904 | LR: 0.000010
Epoch 16/100 | Batch 36400/43947 | Loss: 3.1826 | LR: 0.000010
Epoch 16/100 | Batch 36500/43947 | Loss: 3.1633 | LR: 0.000010
Epoch 16/100 | Batch 36600/43947 | Loss: 3.1907 | LR: 0.000010
Epoch 16/100 | Batch 36700/43947 | Loss: 3.2027 | LR: 0.000010
Epoch 16/100 | Batch 36800/43947 | Loss: 3.1560 | LR: 0.000010
Epoch 16/100 | Batch 36900/43947 | Loss: 3.1640 | LR: 0.000010
Epoch 16/100 | Batch 37000/43947 | Loss: 3.1726 | LR: 0.000010
Epoch 16/100 | Batch 37100/43947 | Loss: 3.2196 | LR: 0.000010
Epoch 16/100 | Batch 37200/43947 | Loss: 3.1670 | LR: 0.000010
Epoch 16/100 | Batch 37300/43947 | Loss: 3.2472 | LR: 0.000010
Epoch 16/100 | Batch 37400/43947 | Loss: 3.2438 | LR: 0.000010
Epoch 16/100 | Batch 37500/43947 | Loss: 3.1464 | LR: 0.000010
Epoch 16/100 | Batch 37600/43947 | Loss: 3.1735 | LR: 0.000010
Epoch 16/100 | Batch 37700/43947 | Loss: 3.1796 | LR: 0.000010
Epoch 16/100 | Batch 37800/43947 | Loss: 3.1901 | LR: 0.000010
Epoch 16/100 | Batch 37900/43947 | Loss: 3.2319 | LR: 0.000010
Epoch 16/100 | Batch 38000/43947 | Loss: 3.1797 | LR: 0.000010
Epoch 16/100 | Batch 38100/43947 | Loss: 3.1770 | LR: 0.000010
Epoch 16/100 | Batch 38200/43947 | Loss: 3.1617 | LR: 0.000010
Epoch 16/100 | Batch 38300/43947 | Loss: 3.1414 | LR: 0.000010
Epoch 16/100 | Batch 38400/43947 | Loss: 3.1643 | LR: 0.000010
Epoch 16/100 | Batch 38500/43947 | Loss: 3.1354 | LR: 0.000010
Epoch 16/100 | Batch 38600/43947 | Loss: 3.1811 | LR: 0.000010
Epoch 16/100 | Batch 38700/43947 | Loss: 3.2066 | LR: 0.000010
Epoch 16/100 | Batch 38800/43947 | Loss: 3.1848 | LR: 0.000010
Epoch 16/100 | Batch 38900/43947 | Loss: 3.1503 | LR: 0.000010
Epoch 16/100 | Batch 39000/43947 | Loss: 3.1636 | LR: 0.000010
Epoch 16/100 | Batch 39100/43947 | Loss: 3.1929 | LR: 0.000010
Epoch 16/100 | Batch 39200/43947 | Loss: 3.2187 | LR: 0.000010
Epoch 16/100 | Batch 39300/43947 | Loss: 3.1730 | LR: 0.000010
Epoch 16/100 | Batch 39400/43947 | Loss: 3.2052 | LR: 0.000010
Epoch 16/100 | Batch 39500/43947 | Loss: 3.2019 | LR: 0.000010
Epoch 16/100 | Batch 39600/43947 | Loss: 3.1410 | LR: 0.000010
Epoch 16/100 | Batch 39700/43947 | Loss: 3.1958 | LR: 0.000010
Epoch 16/100 | Batch 39800/43947 | Loss: 3.2287 | LR: 0.000010
Epoch 16/100 | Batch 39900/43947 | Loss: 3.1764 | LR: 0.000010
Epoch 16/100 | Batch 40000/43947 | Loss: 3.1394 | LR: 0.000010
Epoch 16/100 | Batch 40100/43947 | Loss: 3.2320 | LR: 0.000010
Epoch 16/100 | Batch 40200/43947 | Loss: 3.2297 | LR: 0.000010
Epoch 16/100 | Batch 40300/43947 | Loss: 3.1835 | LR: 0.000010
Epoch 16/100 | Batch 40400/43947 | Loss: 3.1517 | LR: 0.000010
Epoch 16/100 | Batch 40500/43947 | Loss: 3.1847 | LR: 0.000010
Epoch 16/100 | Batch 40600/43947 | Loss: 3.1523 | LR: 0.000010
Epoch 16/100 | Batch 40700/43947 | Loss: 3.2099 | LR: 0.000010
Epoch 16/100 | Batch 40800/43947 | Loss: 3.1431 | LR: 0.000010
Epoch 16/100 | Batch 40900/43947 | Loss: 3.1478 | LR: 0.000010
Epoch 16/100 | Batch 41000/43947 | Loss: 3.1653 | LR: 0.000010
Epoch 16/100 | Batch 41100/43947 | Loss: 3.2152 | LR: 0.000010
Epoch 16/100 | Batch 41200/43947 | Loss: 3.1192 | LR: 0.000010
Epoch 16/100 | Batch 41300/43947 | Loss: 3.2149 | LR: 0.000010
Epoch 16/100 | Batch 41400/43947 | Loss: 3.1641 | LR: 0.000010
Epoch 16/100 | Batch 41500/43947 | Loss: 3.1636 | LR: 0.000010
Epoch 16/100 | Batch 41600/43947 | Loss: 3.1285 | LR: 0.000010
Epoch 16/100 | Batch 41700/43947 | Loss: 3.1513 | LR: 0.000010
Epoch 16/100 | Batch 41800/43947 | Loss: 3.1874 | LR: 0.000010
Epoch 16/100 | Batch 41900/43947 | Loss: 3.1980 | LR: 0.000010
Epoch 16/100 | Batch 42000/43947 | Loss: 3.1693 | LR: 0.000010
Epoch 16/100 | Batch 42100/43947 | Loss: 3.1862 | LR: 0.000010
Epoch 16/100 | Batch 42200/43947 | Loss: 3.2170 | LR: 0.000010
Epoch 16/100 | Batch 42300/43947 | Loss: 3.1597 | LR: 0.000010
Epoch 16/100 | Batch 42400/43947 | Loss: 3.1468 | LR: 0.000010
Epoch 16/100 | Batch 42500/43947 | Loss: 3.1451 | LR: 0.000010
Epoch 16/100 | Batch 42600/43947 | Loss: 3.1351 | LR: 0.000010
Epoch 16/100 | Batch 42700/43947 | Loss: 3.1711 | LR: 0.000010
Epoch 16/100 | Batch 42800/43947 | Loss: 3.1603 | LR: 0.000010
Epoch 16/100 | Batch 42900/43947 | Loss: 3.2229 | LR: 0.000010
Epoch 16/100 | Batch 43000/43947 | Loss: 3.1447 | LR: 0.000010
Epoch 16/100 | Batch 43100/43947 | Loss: 3.2800 | LR: 0.000010
Epoch 16/100 | Batch 43200/43947 | Loss: 3.2647 | LR: 0.000010
Epoch 16/100 | Batch 43300/43947 | Loss: 3.1471 | LR: 0.000010
Epoch 16/100 | Batch 43400/43947 | Loss: 3.1704 | LR: 0.000010
Epoch 16/100 | Batch 43500/43947 | Loss: 3.1536 | LR: 0.000010
Epoch 16/100 | Batch 43600/43947 | Loss: 3.1981 | LR: 0.000010
Epoch 16/100 | Batch 43700/43947 | Loss: 3.1595 | LR: 0.000010
Epoch 16/100 | Batch 43800/43947 | Loss: 3.1729 | LR: 0.000010
Epoch 16/100 | Batch 43900/43947 | Loss: 3.1542 | LR: 0.000010

Epoch 16/100 Summary:
Average Training Loss: 3.1922
Average Validation Loss: 3.0600
Best Validation Loss: 3.0600
Learning Rate: 0.000010
Epoch 17/100 | Batch 0/43947 | Loss: 3.2854 | LR: 0.000010
Epoch 17/100 | Batch 100/43947 | Loss: 3.1216 | LR: 0.000010
Epoch 17/100 | Batch 200/43947 | Loss: 3.2384 | LR: 0.000010
Epoch 17/100 | Batch 300/43947 | Loss: 3.1308 | LR: 0.000010
Epoch 17/100 | Batch 400/43947 | Loss: 3.2564 | LR: 0.000010
Epoch 17/100 | Batch 500/43947 | Loss: 3.2235 | LR: 0.000010
Epoch 17/100 | Batch 600/43947 | Loss: 3.2653 | LR: 0.000010
Epoch 17/100 | Batch 700/43947 | Loss: 3.1940 | LR: 0.000010
Epoch 17/100 | Batch 800/43947 | Loss: 3.2004 | LR: 0.000010
Epoch 17/100 | Batch 900/43947 | Loss: 3.2076 | LR: 0.000010
Epoch 17/100 | Batch 1000/43947 | Loss: 3.2184 | LR: 0.000010
Epoch 17/100 | Batch 1100/43947 | Loss: 3.3583 | LR: 0.000010
Epoch 17/100 | Batch 1200/43947 | Loss: 3.1798 | LR: 0.000010
Epoch 17/100 | Batch 1300/43947 | Loss: 3.2313 | LR: 0.000010
Epoch 17/100 | Batch 1400/43947 | Loss: 3.1329 | LR: 0.000010
Epoch 17/100 | Batch 1500/43947 | Loss: 3.2490 | LR: 0.000010
Epoch 17/100 | Batch 1600/43947 | Loss: 3.2515 | LR: 0.000010
Epoch 17/100 | Batch 1700/43947 | Loss: 3.1326 | LR: 0.000010
Epoch 17/100 | Batch 1800/43947 | Loss: 3.1414 | LR: 0.000010
Epoch 17/100 | Batch 1900/43947 | Loss: 3.2107 | LR: 0.000010
Epoch 17/100 | Batch 2000/43947 | Loss: 3.3336 | LR: 0.000010
Epoch 17/100 | Batch 2100/43947 | Loss: 3.1781 | LR: 0.000010
Epoch 17/100 | Batch 2200/43947 | Loss: 3.2254 | LR: 0.000010
Epoch 17/100 | Batch 2300/43947 | Loss: 3.1941 | LR: 0.000010
Epoch 17/100 | Batch 2400/43947 | Loss: 3.1759 | LR: 0.000010
Epoch 17/100 | Batch 2500/43947 | Loss: 3.2170 | LR: 0.000010
Epoch 17/100 | Batch 2600/43947 | Loss: 3.2343 | LR: 0.000010
Epoch 17/100 | Batch 2700/43947 | Loss: 3.2395 | LR: 0.000010
Epoch 17/100 | Batch 2800/43947 | Loss: 3.1850 | LR: 0.000010
Epoch 17/100 | Batch 2900/43947 | Loss: 3.1615 | LR: 0.000010
Epoch 17/100 | Batch 3000/43947 | Loss: 3.1627 | LR: 0.000010
Epoch 17/100 | Batch 3100/43947 | Loss: 3.1572 | LR: 0.000010
Epoch 17/100 | Batch 3200/43947 | Loss: 3.1536 | LR: 0.000010
Epoch 17/100 | Batch 3300/43947 | Loss: 3.1683 | LR: 0.000010
Epoch 17/100 | Batch 3400/43947 | Loss: 3.1201 | LR: 0.000010
Epoch 17/100 | Batch 3500/43947 | Loss: 3.2328 | LR: 0.000010
Epoch 17/100 | Batch 3600/43947 | Loss: 3.1203 | LR: 0.000010
Epoch 17/100 | Batch 3700/43947 | Loss: 3.2120 | LR: 0.000010
Epoch 17/100 | Batch 3800/43947 | Loss: 3.2547 | LR: 0.000010
Epoch 17/100 | Batch 3900/43947 | Loss: 3.1758 | LR: 0.000010
Epoch 17/100 | Batch 4000/43947 | Loss: 3.1562 | LR: 0.000010
Epoch 17/100 | Batch 4100/43947 | Loss: 3.2335 | LR: 0.000010
Epoch 17/100 | Batch 4200/43947 | Loss: 3.1558 | LR: 0.000010
Epoch 17/100 | Batch 4300/43947 | Loss: 3.2061 | LR: 0.000010
Epoch 17/100 | Batch 4400/43947 | Loss: 3.1522 | LR: 0.000010
Epoch 17/100 | Batch 4500/43947 | Loss: 3.2207 | LR: 0.000010
Epoch 17/100 | Batch 4600/43947 | Loss: 3.1875 | LR: 0.000010
Epoch 17/100 | Batch 4700/43947 | Loss: 3.2220 | LR: 0.000010
Epoch 17/100 | Batch 4800/43947 | Loss: 3.2099 | LR: 0.000010
Epoch 17/100 | Batch 4900/43947 | Loss: 3.1897 | LR: 0.000010
Epoch 17/100 | Batch 5000/43947 | Loss: 3.1599 | LR: 0.000010
Epoch 17/100 | Batch 5100/43947 | Loss: 3.2262 | LR: 0.000010
Epoch 17/100 | Batch 5200/43947 | Loss: 3.2139 | LR: 0.000010
Epoch 17/100 | Batch 5300/43947 | Loss: 3.1966 | LR: 0.000010
Epoch 17/100 | Batch 5400/43947 | Loss: 3.1379 | LR: 0.000010
Epoch 17/100 | Batch 5500/43947 | Loss: 3.1839 | LR: 0.000010
Epoch 17/100 | Batch 5600/43947 | Loss: 3.1828 | LR: 0.000010
Epoch 17/100 | Batch 5700/43947 | Loss: 3.1832 | LR: 0.000010
Epoch 17/100 | Batch 5800/43947 | Loss: 3.1411 | LR: 0.000010
Epoch 17/100 | Batch 5900/43947 | Loss: 3.1683 | LR: 0.000010
Epoch 17/100 | Batch 6000/43947 | Loss: 3.1764 | LR: 0.000010
Epoch 17/100 | Batch 6100/43947 | Loss: 3.1703 | LR: 0.000010
Epoch 17/100 | Batch 6200/43947 | Loss: 3.2233 | LR: 0.000010
Epoch 17/100 | Batch 6300/43947 | Loss: 3.2163 | LR: 0.000010
Epoch 17/100 | Batch 6400/43947 | Loss: 3.3025 | LR: 0.000010
Epoch 17/100 | Batch 6500/43947 | Loss: 3.2346 | LR: 0.000010
Epoch 17/100 | Batch 6600/43947 | Loss: 3.0965 | LR: 0.000010
Epoch 17/100 | Batch 6700/43947 | Loss: 3.2015 | LR: 0.000010
Epoch 17/100 | Batch 6800/43947 | Loss: 3.3331 | LR: 0.000010
Epoch 17/100 | Batch 6900/43947 | Loss: 3.2315 | LR: 0.000010
Epoch 17/100 | Batch 7000/43947 | Loss: 3.1912 | LR: 0.000010
Epoch 17/100 | Batch 7100/43947 | Loss: 3.2117 | LR: 0.000010
Epoch 17/100 | Batch 7200/43947 | Loss: 3.2376 | LR: 0.000010
Epoch 17/100 | Batch 7300/43947 | Loss: 3.2581 | LR: 0.000010
Epoch 17/100 | Batch 7400/43947 | Loss: 3.1751 | LR: 0.000010
Epoch 17/100 | Batch 7500/43947 | Loss: 3.1767 | LR: 0.000010
Epoch 17/100 | Batch 7600/43947 | Loss: 3.0956 | LR: 0.000010
Epoch 17/100 | Batch 7700/43947 | Loss: 3.2198 | LR: 0.000010
Epoch 17/100 | Batch 7800/43947 | Loss: 3.1789 | LR: 0.000010
Epoch 17/100 | Batch 7900/43947 | Loss: 3.1587 | LR: 0.000010
Epoch 17/100 | Batch 8000/43947 | Loss: 3.2305 | LR: 0.000010
Epoch 17/100 | Batch 8100/43947 | Loss: 3.1558 | LR: 0.000010
Epoch 17/100 | Batch 8200/43947 | Loss: 3.2125 | LR: 0.000010
Epoch 17/100 | Batch 8300/43947 | Loss: 3.2135 | LR: 0.000010
Epoch 17/100 | Batch 8400/43947 | Loss: 3.1935 | LR: 0.000010
Epoch 17/100 | Batch 8500/43947 | Loss: 3.1012 | LR: 0.000010
Epoch 17/100 | Batch 8600/43947 | Loss: 3.1567 | LR: 0.000010
Epoch 17/100 | Batch 8700/43947 | Loss: 3.2052 | LR: 0.000010
Epoch 17/100 | Batch 8800/43947 | Loss: 3.2094 | LR: 0.000010
Epoch 17/100 | Batch 8900/43947 | Loss: 3.2026 | LR: 0.000010
Epoch 17/100 | Batch 9000/43947 | Loss: 3.1962 | LR: 0.000010
Epoch 17/100 | Batch 9100/43947 | Loss: 3.1510 | LR: 0.000010
Epoch 17/100 | Batch 9200/43947 | Loss: 3.1736 | LR: 0.000010
Epoch 17/100 | Batch 9300/43947 | Loss: 3.1650 | LR: 0.000010
Epoch 17/100 | Batch 9400/43947 | Loss: 3.1719 | LR: 0.000010
Epoch 17/100 | Batch 9500/43947 | Loss: 3.1870 | LR: 0.000010
Epoch 17/100 | Batch 9600/43947 | Loss: 3.1845 | LR: 0.000010
Epoch 17/100 | Batch 9700/43947 | Loss: 3.1687 | LR: 0.000010
Epoch 17/100 | Batch 9800/43947 | Loss: 3.1852 | LR: 0.000010
Epoch 17/100 | Batch 9900/43947 | Loss: 3.1695 | LR: 0.000010
Epoch 17/100 | Batch 10000/43947 | Loss: 3.2150 | LR: 0.000010
Epoch 17/100 | Batch 10100/43947 | Loss: 3.2311 | LR: 0.000010
Epoch 17/100 | Batch 10200/43947 | Loss: 3.2129 | LR: 0.000010
Epoch 17/100 | Batch 10300/43947 | Loss: 3.2414 | LR: 0.000010
Epoch 17/100 | Batch 10400/43947 | Loss: 3.1904 | LR: 0.000010
Epoch 17/100 | Batch 10500/43947 | Loss: 3.1597 | LR: 0.000010
Epoch 17/100 | Batch 10600/43947 | Loss: 3.1879 | LR: 0.000010
Epoch 17/100 | Batch 10700/43947 | Loss: 3.2526 | LR: 0.000010
Epoch 17/100 | Batch 10800/43947 | Loss: 3.2017 | LR: 0.000010
Epoch 17/100 | Batch 10900/43947 | Loss: 3.2268 | LR: 0.000010
Epoch 17/100 | Batch 11000/43947 | Loss: 3.2603 | LR: 0.000010
Epoch 17/100 | Batch 11100/43947 | Loss: 3.1658 | LR: 0.000010
Epoch 17/100 | Batch 11200/43947 | Loss: 3.1346 | LR: 0.000010
Epoch 17/100 | Batch 11300/43947 | Loss: 3.2606 | LR: 0.000010
Epoch 17/100 | Batch 11400/43947 | Loss: 3.1867 | LR: 0.000010
Epoch 17/100 | Batch 11500/43947 | Loss: 3.2280 | LR: 0.000010
Epoch 17/100 | Batch 11600/43947 | Loss: 3.1643 | LR: 0.000010
Epoch 17/100 | Batch 11700/43947 | Loss: 3.1779 | LR: 0.000010
Epoch 17/100 | Batch 11800/43947 | Loss: 3.2607 | LR: 0.000010
Epoch 17/100 | Batch 11900/43947 | Loss: 3.1658 | LR: 0.000010
Epoch 17/100 | Batch 12000/43947 | Loss: 3.1851 | LR: 0.000010
Epoch 17/100 | Batch 12100/43947 | Loss: 3.2186 | LR: 0.000010
Epoch 17/100 | Batch 12200/43947 | Loss: 3.1962 | LR: 0.000010
Epoch 17/100 | Batch 12300/43947 | Loss: 3.1893 | LR: 0.000010
Epoch 17/100 | Batch 12400/43947 | Loss: 3.1548 | LR: 0.000010
Epoch 17/100 | Batch 12500/43947 | Loss: 3.1781 | LR: 0.000010
Epoch 17/100 | Batch 12600/43947 | Loss: 3.3130 | LR: 0.000010
Epoch 17/100 | Batch 12700/43947 | Loss: 3.2037 | LR: 0.000010
Epoch 17/100 | Batch 12800/43947 | Loss: 3.1486 | LR: 0.000010
Epoch 17/100 | Batch 12900/43947 | Loss: 3.1899 | LR: 0.000010
Epoch 17/100 | Batch 13000/43947 | Loss: 3.0998 | LR: 0.000010
Epoch 17/100 | Batch 13100/43947 | Loss: 3.1478 | LR: 0.000010
Epoch 17/100 | Batch 13200/43947 | Loss: 3.1925 | LR: 0.000010
Epoch 17/100 | Batch 13300/43947 | Loss: 3.1843 | LR: 0.000010
Epoch 17/100 | Batch 13400/43947 | Loss: 3.2115 | LR: 0.000010
Epoch 17/100 | Batch 13500/43947 | Loss: 3.2018 | LR: 0.000010
Epoch 17/100 | Batch 13600/43947 | Loss: 3.1087 | LR: 0.000010
Epoch 17/100 | Batch 13700/43947 | Loss: 3.2318 | LR: 0.000010
Epoch 17/100 | Batch 13800/43947 | Loss: 3.1486 | LR: 0.000010
Epoch 17/100 | Batch 13900/43947 | Loss: 3.1804 | LR: 0.000010
Epoch 17/100 | Batch 14000/43947 | Loss: 3.2093 | LR: 0.000010
Epoch 17/100 | Batch 14100/43947 | Loss: 3.1500 | LR: 0.000010
Epoch 17/100 | Batch 14200/43947 | Loss: 3.1960 | LR: 0.000010
Epoch 17/100 | Batch 14300/43947 | Loss: 3.1606 | LR: 0.000010
Epoch 17/100 | Batch 14400/43947 | Loss: 3.1888 | LR: 0.000010
Epoch 17/100 | Batch 14500/43947 | Loss: 3.1471 | LR: 0.000010
Epoch 17/100 | Batch 14600/43947 | Loss: 3.2128 | LR: 0.000010
Epoch 17/100 | Batch 14700/43947 | Loss: 3.1967 | LR: 0.000010
Epoch 17/100 | Batch 14800/43947 | Loss: 3.1963 | LR: 0.000010
Epoch 17/100 | Batch 14900/43947 | Loss: 3.1651 | LR: 0.000010
Epoch 17/100 | Batch 15000/43947 | Loss: 3.2050 | LR: 0.000010
Epoch 17/100 | Batch 15100/43947 | Loss: 3.2325 | LR: 0.000010
Epoch 17/100 | Batch 15200/43947 | Loss: 3.1696 | LR: 0.000010
Epoch 17/100 | Batch 15300/43947 | Loss: 3.2960 | LR: 0.000010
Epoch 17/100 | Batch 15400/43947 | Loss: 3.1808 | LR: 0.000010
Epoch 17/100 | Batch 15500/43947 | Loss: 3.2282 | LR: 0.000010
Epoch 17/100 | Batch 15600/43947 | Loss: 3.1124 | LR: 0.000010
Epoch 17/100 | Batch 15700/43947 | Loss: 3.2619 | LR: 0.000010
Epoch 17/100 | Batch 15800/43947 | Loss: 3.1534 | LR: 0.000010
Epoch 17/100 | Batch 15900/43947 | Loss: 3.1352 | LR: 0.000010
Epoch 17/100 | Batch 16000/43947 | Loss: 3.1801 | LR: 0.000010
Epoch 17/100 | Batch 16100/43947 | Loss: 3.1805 | LR: 0.000010
Epoch 17/100 | Batch 16200/43947 | Loss: 3.1473 | LR: 0.000010
Epoch 17/100 | Batch 16300/43947 | Loss: 3.2250 | LR: 0.000010
Epoch 17/100 | Batch 16400/43947 | Loss: 3.1404 | LR: 0.000010
Epoch 17/100 | Batch 16500/43947 | Loss: 3.1874 | LR: 0.000010
Epoch 17/100 | Batch 16600/43947 | Loss: 3.1804 | LR: 0.000010
Epoch 17/100 | Batch 16700/43947 | Loss: 3.2331 | LR: 0.000010
Epoch 17/100 | Batch 16800/43947 | Loss: 3.2911 | LR: 0.000010
Epoch 17/100 | Batch 16900/43947 | Loss: 3.1246 | LR: 0.000010
Epoch 17/100 | Batch 17000/43947 | Loss: 3.2255 | LR: 0.000010
Epoch 17/100 | Batch 17100/43947 | Loss: 3.2190 | LR: 0.000010
Epoch 17/100 | Batch 17200/43947 | Loss: 3.1668 | LR: 0.000010
Epoch 17/100 | Batch 17300/43947 | Loss: 3.2149 | LR: 0.000010
Epoch 17/100 | Batch 17400/43947 | Loss: 3.2035 | LR: 0.000010
Epoch 17/100 | Batch 17500/43947 | Loss: 3.2062 | LR: 0.000010
Epoch 17/100 | Batch 17600/43947 | Loss: 3.1414 | LR: 0.000010
Epoch 17/100 | Batch 17700/43947 | Loss: 3.1638 | LR: 0.000010
Epoch 17/100 | Batch 17800/43947 | Loss: 3.1957 | LR: 0.000010
Epoch 17/100 | Batch 17900/43947 | Loss: 3.2244 | LR: 0.000010
Epoch 17/100 | Batch 18000/43947 | Loss: 3.2626 | LR: 0.000010
Epoch 17/100 | Batch 18100/43947 | Loss: 3.2586 | LR: 0.000010
Epoch 17/100 | Batch 18200/43947 | Loss: 3.1702 | LR: 0.000010
Epoch 17/100 | Batch 18300/43947 | Loss: 3.1254 | LR: 0.000010
Epoch 17/100 | Batch 18400/43947 | Loss: 3.0898 | LR: 0.000010
Epoch 17/100 | Batch 18500/43947 | Loss: 3.1481 | LR: 0.000010
Epoch 17/100 | Batch 18600/43947 | Loss: 3.2085 | LR: 0.000010
Epoch 17/100 | Batch 18700/43947 | Loss: 3.1843 | LR: 0.000010
Epoch 17/100 | Batch 18800/43947 | Loss: 3.1759 | LR: 0.000010
Epoch 17/100 | Batch 18900/43947 | Loss: 3.2329 | LR: 0.000010
Epoch 17/100 | Batch 19000/43947 | Loss: 3.2147 | LR: 0.000010
Epoch 17/100 | Batch 19100/43947 | Loss: 3.2311 | LR: 0.000010
Epoch 17/100 | Batch 19200/43947 | Loss: 3.1361 | LR: 0.000010
Epoch 17/100 | Batch 19300/43947 | Loss: 3.2065 | LR: 0.000010
Epoch 17/100 | Batch 19400/43947 | Loss: 3.1854 | LR: 0.000010
Epoch 17/100 | Batch 19500/43947 | Loss: 3.1805 | LR: 0.000010
Epoch 17/100 | Batch 19600/43947 | Loss: 3.1455 | LR: 0.000010
Epoch 17/100 | Batch 19700/43947 | Loss: 3.1689 | LR: 0.000010
Epoch 17/100 | Batch 19800/43947 | Loss: 3.1715 | LR: 0.000010
Epoch 17/100 | Batch 19900/43947 | Loss: 3.1857 | LR: 0.000010
Epoch 17/100 | Batch 20000/43947 | Loss: 3.2552 | LR: 0.000010
Epoch 17/100 | Batch 20100/43947 | Loss: 3.1591 | LR: 0.000010
Epoch 17/100 | Batch 20200/43947 | Loss: 3.1570 | LR: 0.000010
Epoch 17/100 | Batch 20300/43947 | Loss: 3.2032 | LR: 0.000010
Epoch 17/100 | Batch 20400/43947 | Loss: 3.2040 | LR: 0.000010
Epoch 17/100 | Batch 20500/43947 | Loss: 3.2284 | LR: 0.000010
Epoch 17/100 | Batch 20600/43947 | Loss: 3.1542 | LR: 0.000010
Epoch 17/100 | Batch 20700/43947 | Loss: 3.1056 | LR: 0.000010
Epoch 17/100 | Batch 20800/43947 | Loss: 3.1577 | LR: 0.000010
Epoch 17/100 | Batch 20900/43947 | Loss: 3.1799 | LR: 0.000010
Epoch 17/100 | Batch 21000/43947 | Loss: 3.2276 | LR: 0.000010
Epoch 17/100 | Batch 21100/43947 | Loss: 3.2031 | LR: 0.000010
Epoch 17/100 | Batch 21200/43947 | Loss: 3.1181 | LR: 0.000010
Epoch 17/100 | Batch 21300/43947 | Loss: 3.1887 | LR: 0.000010
Epoch 17/100 | Batch 21400/43947 | Loss: 3.1856 | LR: 0.000010
Epoch 17/100 | Batch 21500/43947 | Loss: 3.1491 | LR: 0.000010
Epoch 17/100 | Batch 21600/43947 | Loss: 3.1147 | LR: 0.000010
Epoch 17/100 | Batch 21700/43947 | Loss: 3.2598 | LR: 0.000010
Epoch 17/100 | Batch 21800/43947 | Loss: 3.1817 | LR: 0.000010
Epoch 17/100 | Batch 21900/43947 | Loss: 3.2453 | LR: 0.000010
Epoch 17/100 | Batch 22000/43947 | Loss: 3.1403 | LR: 0.000010
Epoch 17/100 | Batch 22100/43947 | Loss: 3.2144 | LR: 0.000010
Epoch 17/100 | Batch 22200/43947 | Loss: 3.1747 | LR: 0.000010
Epoch 17/100 | Batch 22300/43947 | Loss: 3.2410 | LR: 0.000010
Epoch 17/100 | Batch 22400/43947 | Loss: 3.1838 | LR: 0.000010
Epoch 17/100 | Batch 22500/43947 | Loss: 3.1608 | LR: 0.000010
Epoch 17/100 | Batch 22600/43947 | Loss: 3.1980 | LR: 0.000010
Epoch 17/100 | Batch 22700/43947 | Loss: 3.1913 | LR: 0.000010
Epoch 17/100 | Batch 22800/43947 | Loss: 3.1777 | LR: 0.000010
Epoch 17/100 | Batch 22900/43947 | Loss: 3.1593 | LR: 0.000010
Epoch 17/100 | Batch 23000/43947 | Loss: 3.1631 | LR: 0.000010
Epoch 17/100 | Batch 23100/43947 | Loss: 3.1807 | LR: 0.000010
Epoch 17/100 | Batch 23200/43947 | Loss: 3.1450 | LR: 0.000010
Epoch 17/100 | Batch 23300/43947 | Loss: 3.1495 | LR: 0.000010
Epoch 17/100 | Batch 23400/43947 | Loss: 3.1394 | LR: 0.000010
Epoch 17/100 | Batch 23500/43947 | Loss: 3.1975 | LR: 0.000010
Epoch 17/100 | Batch 23600/43947 | Loss: 3.2700 | LR: 0.000010
Epoch 17/100 | Batch 23700/43947 | Loss: 3.2199 | LR: 0.000010
Epoch 17/100 | Batch 23800/43947 | Loss: 3.1841 | LR: 0.000010
Epoch 17/100 | Batch 23900/43947 | Loss: 3.2131 | LR: 0.000010
Epoch 17/100 | Batch 24000/43947 | Loss: 3.2090 | LR: 0.000010
Epoch 17/100 | Batch 24100/43947 | Loss: 3.1856 | LR: 0.000010
Epoch 17/100 | Batch 24200/43947 | Loss: 3.1628 | LR: 0.000010
Epoch 17/100 | Batch 24300/43947 | Loss: 3.1847 | LR: 0.000010
Epoch 17/100 | Batch 24400/43947 | Loss: 3.1966 | LR: 0.000010
Epoch 17/100 | Batch 24500/43947 | Loss: 3.1907 | LR: 0.000010
Epoch 17/100 | Batch 24600/43947 | Loss: 3.1777 | LR: 0.000010
Epoch 17/100 | Batch 24700/43947 | Loss: 3.2135 | LR: 0.000010
Epoch 17/100 | Batch 24800/43947 | Loss: 3.1536 | LR: 0.000010
Epoch 17/100 | Batch 24900/43947 | Loss: 3.2393 | LR: 0.000010
Epoch 17/100 | Batch 25000/43947 | Loss: 3.1631 | LR: 0.000010
Epoch 17/100 | Batch 25100/43947 | Loss: 3.2216 | LR: 0.000010
Epoch 17/100 | Batch 25200/43947 | Loss: 3.2324 | LR: 0.000010
Epoch 17/100 | Batch 25300/43947 | Loss: 3.1352 | LR: 0.000010
Epoch 17/100 | Batch 25400/43947 | Loss: 3.2219 | LR: 0.000010
Epoch 17/100 | Batch 25500/43947 | Loss: 3.2595 | LR: 0.000010
Epoch 17/100 | Batch 25600/43947 | Loss: 3.1638 | LR: 0.000010
Epoch 17/100 | Batch 25700/43947 | Loss: 3.2264 | LR: 0.000010
Epoch 17/100 | Batch 25800/43947 | Loss: 3.1663 | LR: 0.000010
Epoch 17/100 | Batch 25900/43947 | Loss: 3.2451 | LR: 0.000010
Epoch 17/100 | Batch 26000/43947 | Loss: 3.1957 | LR: 0.000010
Epoch 17/100 | Batch 26100/43947 | Loss: 3.2601 | LR: 0.000010
Epoch 17/100 | Batch 26200/43947 | Loss: 3.2024 | LR: 0.000010
Epoch 17/100 | Batch 26300/43947 | Loss: 3.1605 | LR: 0.000010
Epoch 17/100 | Batch 26400/43947 | Loss: 3.1907 | LR: 0.000010
Epoch 17/100 | Batch 26500/43947 | Loss: 3.1657 | LR: 0.000010
Epoch 17/100 | Batch 26600/43947 | Loss: 3.1902 | LR: 0.000010
Epoch 17/100 | Batch 26700/43947 | Loss: 3.2863 | LR: 0.000010
Epoch 17/100 | Batch 26800/43947 | Loss: 3.2609 | LR: 0.000010
Epoch 17/100 | Batch 26900/43947 | Loss: 3.1999 | LR: 0.000010
Epoch 17/100 | Batch 27000/43947 | Loss: 3.2382 | LR: 0.000010
Epoch 17/100 | Batch 27100/43947 | Loss: 3.1756 | LR: 0.000010
Epoch 17/100 | Batch 27200/43947 | Loss: 3.2203 | LR: 0.000010
Epoch 17/100 | Batch 27300/43947 | Loss: 3.1542 | LR: 0.000010
Epoch 17/100 | Batch 27400/43947 | Loss: 3.2137 | LR: 0.000010
Epoch 17/100 | Batch 27500/43947 | Loss: 3.1787 | LR: 0.000010
Epoch 17/100 | Batch 27600/43947 | Loss: 3.1252 | LR: 0.000010
Epoch 17/100 | Batch 27700/43947 | Loss: 3.1126 | LR: 0.000010
Epoch 17/100 | Batch 27800/43947 | Loss: 3.1726 | LR: 0.000010
Epoch 17/100 | Batch 27900/43947 | Loss: 3.2022 | LR: 0.000010
Epoch 17/100 | Batch 28000/43947 | Loss: 3.1692 | LR: 0.000010
Epoch 17/100 | Batch 28100/43947 | Loss: 3.1711 | LR: 0.000010
Epoch 17/100 | Batch 28200/43947 | Loss: 3.2443 | LR: 0.000010
Epoch 17/100 | Batch 28300/43947 | Loss: 3.1557 | LR: 0.000010
Epoch 17/100 | Batch 28400/43947 | Loss: 3.2073 | LR: 0.000010
Epoch 17/100 | Batch 28500/43947 | Loss: 3.1827 | LR: 0.000010
Epoch 17/100 | Batch 28600/43947 | Loss: 3.2048 | LR: 0.000010
Epoch 17/100 | Batch 28700/43947 | Loss: 3.2189 | LR: 0.000010
Epoch 17/100 | Batch 28800/43947 | Loss: 3.1476 | LR: 0.000010
Epoch 17/100 | Batch 28900/43947 | Loss: 3.2231 | LR: 0.000010
Epoch 17/100 | Batch 29000/43947 | Loss: 3.2056 | LR: 0.000010
Epoch 17/100 | Batch 29100/43947 | Loss: 3.1428 | LR: 0.000010
Epoch 17/100 | Batch 29200/43947 | Loss: 3.2136 | LR: 0.000010
Epoch 17/100 | Batch 29300/43947 | Loss: 3.2175 | LR: 0.000010
Epoch 17/100 | Batch 29400/43947 | Loss: 3.1512 | LR: 0.000010
Epoch 17/100 | Batch 29500/43947 | Loss: 3.1913 | LR: 0.000010
Epoch 17/100 | Batch 29600/43947 | Loss: 3.2490 | LR: 0.000010
Epoch 17/100 | Batch 29700/43947 | Loss: 3.2271 | LR: 0.000010
Epoch 17/100 | Batch 29800/43947 | Loss: 3.1635 | LR: 0.000010
Epoch 17/100 | Batch 29900/43947 | Loss: 3.1687 | LR: 0.000010
Epoch 17/100 | Batch 30000/43947 | Loss: 3.2798 | LR: 0.000010
Epoch 17/100 | Batch 30100/43947 | Loss: 3.1817 | LR: 0.000010
Epoch 17/100 | Batch 30200/43947 | Loss: 3.1690 | LR: 0.000010
Epoch 17/100 | Batch 30300/43947 | Loss: 3.2057 | LR: 0.000010
Epoch 17/100 | Batch 30400/43947 | Loss: 3.2591 | LR: 0.000010
Epoch 17/100 | Batch 30500/43947 | Loss: 3.2094 | LR: 0.000010
Epoch 17/100 | Batch 30600/43947 | Loss: 3.1529 | LR: 0.000010
Epoch 17/100 | Batch 30700/43947 | Loss: 3.2002 | LR: 0.000010
Epoch 17/100 | Batch 30800/43947 | Loss: 3.1565 | LR: 0.000010
Epoch 17/100 | Batch 30900/43947 | Loss: 3.1742 | LR: 0.000010
Epoch 17/100 | Batch 31000/43947 | Loss: 3.1900 | LR: 0.000010
Epoch 17/100 | Batch 31100/43947 | Loss: 3.2655 | LR: 0.000010
Epoch 17/100 | Batch 31200/43947 | Loss: 3.1684 | LR: 0.000010
Epoch 17/100 | Batch 31300/43947 | Loss: 3.2065 | LR: 0.000010
Epoch 17/100 | Batch 31400/43947 | Loss: 3.1610 | LR: 0.000010
Epoch 17/100 | Batch 31500/43947 | Loss: 3.1204 | LR: 0.000010
Epoch 17/100 | Batch 31600/43947 | Loss: 3.2142 | LR: 0.000010
Epoch 17/100 | Batch 31700/43947 | Loss: 3.1513 | LR: 0.000010
Epoch 17/100 | Batch 31800/43947 | Loss: 3.2226 | LR: 0.000010
Epoch 17/100 | Batch 31900/43947 | Loss: 3.2761 | LR: 0.000010
Epoch 17/100 | Batch 32000/43947 | Loss: 3.1432 | LR: 0.000010
Epoch 17/100 | Batch 32100/43947 | Loss: 3.1619 | LR: 0.000010
Epoch 17/100 | Batch 32200/43947 | Loss: 3.2223 | LR: 0.000010
Epoch 17/100 | Batch 32300/43947 | Loss: 3.1149 | LR: 0.000010
Epoch 17/100 | Batch 32400/43947 | Loss: 3.2389 | LR: 0.000010
Epoch 17/100 | Batch 32500/43947 | Loss: 3.2430 | LR: 0.000010
Epoch 17/100 | Batch 32600/43947 | Loss: 3.1416 | LR: 0.000010
Epoch 17/100 | Batch 32700/43947 | Loss: 3.1293 | LR: 0.000010
Epoch 17/100 | Batch 32800/43947 | Loss: 3.2280 | LR: 0.000010
Epoch 17/100 | Batch 32900/43947 | Loss: 3.1731 | LR: 0.000010
Epoch 17/100 | Batch 33000/43947 | Loss: 3.2251 | LR: 0.000010
Epoch 17/100 | Batch 33100/43947 | Loss: 3.1832 | LR: 0.000010
Epoch 17/100 | Batch 33200/43947 | Loss: 3.1994 | LR: 0.000010
Epoch 17/100 | Batch 33300/43947 | Loss: 3.2447 | LR: 0.000010
Epoch 17/100 | Batch 33400/43947 | Loss: 3.1516 | LR: 0.000010
Epoch 17/100 | Batch 33500/43947 | Loss: 3.1329 | LR: 0.000010
Epoch 17/100 | Batch 33600/43947 | Loss: 3.1331 | LR: 0.000010
Epoch 17/100 | Batch 33700/43947 | Loss: 3.1498 | LR: 0.000010
Epoch 17/100 | Batch 33800/43947 | Loss: 3.1857 | LR: 0.000010
Epoch 17/100 | Batch 33900/43947 | Loss: 3.2335 | LR: 0.000010
Epoch 17/100 | Batch 34000/43947 | Loss: 3.1511 | LR: 0.000010
Epoch 17/100 | Batch 34100/43947 | Loss: 3.1759 | LR: 0.000010
Epoch 17/100 | Batch 34200/43947 | Loss: 3.1869 | LR: 0.000010
Epoch 17/100 | Batch 34300/43947 | Loss: 3.2379 | LR: 0.000010
Epoch 17/100 | Batch 34400/43947 | Loss: 3.1619 | LR: 0.000010
Epoch 17/100 | Batch 34500/43947 | Loss: 3.1551 | LR: 0.000010
Epoch 17/100 | Batch 34600/43947 | Loss: 3.2125 | LR: 0.000010
Epoch 17/100 | Batch 34700/43947 | Loss: 3.1470 | LR: 0.000010
Epoch 17/100 | Batch 34800/43947 | Loss: 3.2120 | LR: 0.000010
Epoch 17/100 | Batch 34900/43947 | Loss: 3.2365 | LR: 0.000010
Epoch 17/100 | Batch 35000/43947 | Loss: 3.1933 | LR: 0.000010
Epoch 17/100 | Batch 35100/43947 | Loss: 3.2117 | LR: 0.000010
Epoch 17/100 | Batch 35200/43947 | Loss: 3.2380 | LR: 0.000010
Epoch 17/100 | Batch 35300/43947 | Loss: 3.2195 | LR: 0.000010
Epoch 17/100 | Batch 35400/43947 | Loss: 3.1534 | LR: 0.000010
Epoch 17/100 | Batch 35500/43947 | Loss: 3.1926 | LR: 0.000010
Epoch 17/100 | Batch 35600/43947 | Loss: 3.1819 | LR: 0.000010
Epoch 17/100 | Batch 35700/43947 | Loss: 3.1460 | LR: 0.000010
Epoch 17/100 | Batch 35800/43947 | Loss: 3.1750 | LR: 0.000010
Epoch 17/100 | Batch 35900/43947 | Loss: 3.1556 | LR: 0.000010
Epoch 17/100 | Batch 36000/43947 | Loss: 3.1932 | LR: 0.000010
Epoch 17/100 | Batch 36100/43947 | Loss: 3.1853 | LR: 0.000010
Epoch 17/100 | Batch 36200/43947 | Loss: 3.2127 | LR: 0.000010
Epoch 17/100 | Batch 36300/43947 | Loss: 3.2681 | LR: 0.000010
Epoch 17/100 | Batch 36400/43947 | Loss: 3.1764 | LR: 0.000010
Epoch 17/100 | Batch 36500/43947 | Loss: 3.1731 | LR: 0.000010
Epoch 17/100 | Batch 36600/43947 | Loss: 3.1956 | LR: 0.000010
Epoch 17/100 | Batch 36700/43947 | Loss: 3.2112 | LR: 0.000010
Epoch 17/100 | Batch 36800/43947 | Loss: 3.1430 | LR: 0.000010
Epoch 17/100 | Batch 36900/43947 | Loss: 3.1685 | LR: 0.000010
Epoch 17/100 | Batch 37000/43947 | Loss: 3.1682 | LR: 0.000010
Epoch 17/100 | Batch 37100/43947 | Loss: 3.1974 | LR: 0.000010
Epoch 17/100 | Batch 37200/43947 | Loss: 3.1836 | LR: 0.000010
Epoch 17/100 | Batch 37300/43947 | Loss: 3.2375 | LR: 0.000010
Epoch 17/100 | Batch 37400/43947 | Loss: 3.2553 | LR: 0.000010
Epoch 17/100 | Batch 37500/43947 | Loss: 3.1385 | LR: 0.000010
Epoch 17/100 | Batch 37600/43947 | Loss: 3.1799 | LR: 0.000010
Epoch 17/100 | Batch 37700/43947 | Loss: 3.1769 | LR: 0.000010
Epoch 17/100 | Batch 37800/43947 | Loss: 3.2043 | LR: 0.000010
Epoch 17/100 | Batch 37900/43947 | Loss: 3.2392 | LR: 0.000010
Epoch 17/100 | Batch 38000/43947 | Loss: 3.2061 | LR: 0.000010
Epoch 17/100 | Batch 38100/43947 | Loss: 3.1705 | LR: 0.000010
Epoch 17/100 | Batch 38200/43947 | Loss: 3.1612 | LR: 0.000010
Epoch 17/100 | Batch 38300/43947 | Loss: 3.1260 | LR: 0.000010
Epoch 17/100 | Batch 38400/43947 | Loss: 3.1538 | LR: 0.000010
Epoch 17/100 | Batch 38500/43947 | Loss: 3.1182 | LR: 0.000010
Epoch 17/100 | Batch 38600/43947 | Loss: 3.1710 | LR: 0.000010
Epoch 17/100 | Batch 38700/43947 | Loss: 3.2084 | LR: 0.000010
Epoch 17/100 | Batch 38800/43947 | Loss: 3.1883 | LR: 0.000010
Epoch 17/100 | Batch 38900/43947 | Loss: 3.1344 | LR: 0.000010
Epoch 17/100 | Batch 39000/43947 | Loss: 3.1627 | LR: 0.000010
Epoch 17/100 | Batch 39100/43947 | Loss: 3.2045 | LR: 0.000010
Epoch 17/100 | Batch 39200/43947 | Loss: 3.2151 | LR: 0.000010
Epoch 17/100 | Batch 39300/43947 | Loss: 3.1650 | LR: 0.000010
Epoch 17/100 | Batch 39400/43947 | Loss: 3.1941 | LR: 0.000010
Epoch 17/100 | Batch 39500/43947 | Loss: 3.1850 | LR: 0.000010
Epoch 17/100 | Batch 39600/43947 | Loss: 3.1386 | LR: 0.000010
Epoch 17/100 | Batch 39700/43947 | Loss: 3.2204 | LR: 0.000010
Epoch 17/100 | Batch 39800/43947 | Loss: 3.2185 | LR: 0.000010
Epoch 17/100 | Batch 39900/43947 | Loss: 3.1832 | LR: 0.000010
Epoch 17/100 | Batch 40000/43947 | Loss: 3.1390 | LR: 0.000010
Epoch 17/100 | Batch 40100/43947 | Loss: 3.2051 | LR: 0.000010
Epoch 17/100 | Batch 40200/43947 | Loss: 3.2384 | LR: 0.000010
Epoch 17/100 | Batch 40300/43947 | Loss: 3.1836 | LR: 0.000010
Epoch 17/100 | Batch 40400/43947 | Loss: 3.1544 | LR: 0.000010
Epoch 17/100 | Batch 40500/43947 | Loss: 3.1855 | LR: 0.000010
Epoch 17/100 | Batch 40600/43947 | Loss: 3.1624 | LR: 0.000010
Epoch 17/100 | Batch 40700/43947 | Loss: 3.2113 | LR: 0.000010
Epoch 17/100 | Batch 40800/43947 | Loss: 3.1470 | LR: 0.000010
Epoch 17/100 | Batch 40900/43947 | Loss: 3.1562 | LR: 0.000010
Epoch 17/100 | Batch 41000/43947 | Loss: 3.1586 | LR: 0.000010
Epoch 17/100 | Batch 41100/43947 | Loss: 3.2074 | LR: 0.000010
Epoch 17/100 | Batch 41200/43947 | Loss: 3.1329 | LR: 0.000010
Epoch 17/100 | Batch 41300/43947 | Loss: 3.2146 | LR: 0.000010
Epoch 17/100 | Batch 41400/43947 | Loss: 3.1613 | LR: 0.000010
Epoch 17/100 | Batch 41500/43947 | Loss: 3.1512 | LR: 0.000010
Epoch 17/100 | Batch 41600/43947 | Loss: 3.1402 | LR: 0.000010
Epoch 17/100 | Batch 41700/43947 | Loss: 3.1500 | LR: 0.000010
Epoch 17/100 | Batch 41800/43947 | Loss: 3.1812 | LR: 0.000010
Epoch 17/100 | Batch 41900/43947 | Loss: 3.1907 | LR: 0.000010
Epoch 17/100 | Batch 42000/43947 | Loss: 3.1642 | LR: 0.000010
Epoch 17/100 | Batch 42100/43947 | Loss: 3.1914 | LR: 0.000010
Epoch 17/100 | Batch 42200/43947 | Loss: 3.2083 | LR: 0.000010
Epoch 17/100 | Batch 42300/43947 | Loss: 3.1863 | LR: 0.000010
Epoch 17/100 | Batch 42400/43947 | Loss: 3.1479 | LR: 0.000010
Epoch 17/100 | Batch 42500/43947 | Loss: 3.1493 | LR: 0.000010
Epoch 17/100 | Batch 42600/43947 | Loss: 3.1392 | LR: 0.000010
Epoch 17/100 | Batch 42700/43947 | Loss: 3.1612 | LR: 0.000010
Epoch 17/100 | Batch 42800/43947 | Loss: 3.1390 | LR: 0.000010
Epoch 17/100 | Batch 42900/43947 | Loss: 3.2317 | LR: 0.000010
Epoch 17/100 | Batch 43000/43947 | Loss: 3.1416 | LR: 0.000010
Epoch 17/100 | Batch 43100/43947 | Loss: 3.2775 | LR: 0.000010
Epoch 17/100 | Batch 43200/43947 | Loss: 3.2542 | LR: 0.000010
Epoch 17/100 | Batch 43300/43947 | Loss: 3.1444 | LR: 0.000010
Epoch 17/100 | Batch 43400/43947 | Loss: 3.1690 | LR: 0.000010
Epoch 17/100 | Batch 43500/43947 | Loss: 3.1431 | LR: 0.000010
Epoch 17/100 | Batch 43600/43947 | Loss: 3.1891 | LR: 0.000010
Epoch 17/100 | Batch 43700/43947 | Loss: 3.1571 | LR: 0.000010
Epoch 17/100 | Batch 43800/43947 | Loss: 3.1769 | LR: 0.000010
Epoch 17/100 | Batch 43900/43947 | Loss: 3.1540 | LR: 0.000010

Epoch 17/100 Summary:
Average Training Loss: 3.1909
Average Validation Loss: 3.0576
Best Validation Loss: 3.0576
Learning Rate: 0.000010
Epoch 18/100 | Batch 0/43947 | Loss: 3.2940 | LR: 0.000010
Epoch 18/100 | Batch 100/43947 | Loss: 3.0948 | LR: 0.000010
Epoch 18/100 | Batch 200/43947 | Loss: 3.2149 | LR: 0.000010
Epoch 18/100 | Batch 300/43947 | Loss: 3.1228 | LR: 0.000010
Epoch 18/100 | Batch 400/43947 | Loss: 3.2483 | LR: 0.000010
Epoch 18/100 | Batch 500/43947 | Loss: 3.2404 | LR: 0.000010
Epoch 18/100 | Batch 600/43947 | Loss: 3.2626 | LR: 0.000010
Epoch 18/100 | Batch 700/43947 | Loss: 3.2060 | LR: 0.000010
Epoch 18/100 | Batch 800/43947 | Loss: 3.2229 | LR: 0.000010
Epoch 18/100 | Batch 900/43947 | Loss: 3.2092 | LR: 0.000010
Epoch 18/100 | Batch 1000/43947 | Loss: 3.2174 | LR: 0.000010
Epoch 18/100 | Batch 1100/43947 | Loss: 3.3564 | LR: 0.000010
Epoch 18/100 | Batch 1200/43947 | Loss: 3.1769 | LR: 0.000010
Epoch 18/100 | Batch 1300/43947 | Loss: 3.2297 | LR: 0.000010
Epoch 18/100 | Batch 1400/43947 | Loss: 3.1519 | LR: 0.000010
Epoch 18/100 | Batch 1500/43947 | Loss: 3.2345 | LR: 0.000010
Epoch 18/100 | Batch 1600/43947 | Loss: 3.2319 | LR: 0.000010
Epoch 18/100 | Batch 1700/43947 | Loss: 3.1539 | LR: 0.000010
Epoch 18/100 | Batch 1800/43947 | Loss: 3.1150 | LR: 0.000010
Epoch 18/100 | Batch 1900/43947 | Loss: 3.2021 | LR: 0.000010
Epoch 18/100 | Batch 2000/43947 | Loss: 3.3353 | LR: 0.000010
Epoch 18/100 | Batch 2100/43947 | Loss: 3.1598 | LR: 0.000010
Epoch 18/100 | Batch 2200/43947 | Loss: 3.2267 | LR: 0.000010
Epoch 18/100 | Batch 2300/43947 | Loss: 3.1712 | LR: 0.000010
Epoch 18/100 | Batch 2400/43947 | Loss: 3.1710 | LR: 0.000010
Epoch 18/100 | Batch 2500/43947 | Loss: 3.2103 | LR: 0.000010
Epoch 18/100 | Batch 2600/43947 | Loss: 3.2391 | LR: 0.000010
Epoch 18/100 | Batch 2700/43947 | Loss: 3.2134 | LR: 0.000010
Epoch 18/100 | Batch 2800/43947 | Loss: 3.1857 | LR: 0.000010
Epoch 18/100 | Batch 2900/43947 | Loss: 3.1342 | LR: 0.000010
Epoch 18/100 | Batch 3000/43947 | Loss: 3.1625 | LR: 0.000010
Epoch 18/100 | Batch 3100/43947 | Loss: 3.1491 | LR: 0.000010
Epoch 18/100 | Batch 3200/43947 | Loss: 3.1613 | LR: 0.000010
Epoch 18/100 | Batch 3300/43947 | Loss: 3.1647 | LR: 0.000010
Epoch 18/100 | Batch 3400/43947 | Loss: 3.1145 | LR: 0.000010
Epoch 18/100 | Batch 3500/43947 | Loss: 3.2353 | LR: 0.000010
Epoch 18/100 | Batch 3600/43947 | Loss: 3.1296 | LR: 0.000010
Epoch 18/100 | Batch 3700/43947 | Loss: 3.2097 | LR: 0.000010
Epoch 18/100 | Batch 3800/43947 | Loss: 3.2673 | LR: 0.000010
Epoch 18/100 | Batch 3900/43947 | Loss: 3.1702 | LR: 0.000010
Epoch 18/100 | Batch 4000/43947 | Loss: 3.1740 | LR: 0.000010
Epoch 18/100 | Batch 4100/43947 | Loss: 3.2409 | LR: 0.000010
Epoch 18/100 | Batch 4200/43947 | Loss: 3.1598 | LR: 0.000010
Epoch 18/100 | Batch 4300/43947 | Loss: 3.2041 | LR: 0.000010
Epoch 18/100 | Batch 4400/43947 | Loss: 3.1614 | LR: 0.000010
Epoch 18/100 | Batch 4500/43947 | Loss: 3.2128 | LR: 0.000010
Epoch 18/100 | Batch 4600/43947 | Loss: 3.1975 | LR: 0.000010
Epoch 18/100 | Batch 4700/43947 | Loss: 3.2208 | LR: 0.000010
Epoch 18/100 | Batch 4800/43947 | Loss: 3.2054 | LR: 0.000010
Epoch 18/100 | Batch 4900/43947 | Loss: 3.1993 | LR: 0.000010
Epoch 18/100 | Batch 5000/43947 | Loss: 3.1527 | LR: 0.000010
Epoch 18/100 | Batch 5100/43947 | Loss: 3.2355 | LR: 0.000010
Epoch 18/100 | Batch 5200/43947 | Loss: 3.1941 | LR: 0.000010
Epoch 18/100 | Batch 5300/43947 | Loss: 3.2032 | LR: 0.000010
Epoch 18/100 | Batch 5400/43947 | Loss: 3.1220 | LR: 0.000010
Epoch 18/100 | Batch 5500/43947 | Loss: 3.1854 | LR: 0.000010
Epoch 18/100 | Batch 5600/43947 | Loss: 3.1704 | LR: 0.000010
Epoch 18/100 | Batch 5700/43947 | Loss: 3.1847 | LR: 0.000010
Epoch 18/100 | Batch 5800/43947 | Loss: 3.1423 | LR: 0.000010
Epoch 18/100 | Batch 5900/43947 | Loss: 3.1804 | LR: 0.000010
Epoch 18/100 | Batch 6000/43947 | Loss: 3.1915 | LR: 0.000010
Epoch 18/100 | Batch 6100/43947 | Loss: 3.2003 | LR: 0.000010
Epoch 18/100 | Batch 6200/43947 | Loss: 3.2382 | LR: 0.000010
Epoch 18/100 | Batch 6300/43947 | Loss: 3.2001 | LR: 0.000010
Epoch 18/100 | Batch 6400/43947 | Loss: 3.2941 | LR: 0.000010
Epoch 18/100 | Batch 6500/43947 | Loss: 3.2203 | LR: 0.000010
Epoch 18/100 | Batch 6600/43947 | Loss: 3.0991 | LR: 0.000010
Epoch 18/100 | Batch 6700/43947 | Loss: 3.1791 | LR: 0.000010
Epoch 18/100 | Batch 6800/43947 | Loss: 3.3123 | LR: 0.000010
Epoch 18/100 | Batch 6900/43947 | Loss: 3.2151 | LR: 0.000010
Epoch 18/100 | Batch 7000/43947 | Loss: 3.1907 | LR: 0.000010
Epoch 18/100 | Batch 7100/43947 | Loss: 3.2093 | LR: 0.000010
Epoch 18/100 | Batch 7200/43947 | Loss: 3.2365 | LR: 0.000010
Epoch 18/100 | Batch 7300/43947 | Loss: 3.2602 | LR: 0.000010
Epoch 18/100 | Batch 7400/43947 | Loss: 3.1561 | LR: 0.000010
Epoch 18/100 | Batch 7500/43947 | Loss: 3.1841 | LR: 0.000010
Epoch 18/100 | Batch 7600/43947 | Loss: 3.1048 | LR: 0.000010
Epoch 18/100 | Batch 7700/43947 | Loss: 3.2249 | LR: 0.000010
Epoch 18/100 | Batch 7800/43947 | Loss: 3.1749 | LR: 0.000010
Epoch 18/100 | Batch 7900/43947 | Loss: 3.1406 | LR: 0.000010
Epoch 18/100 | Batch 8000/43947 | Loss: 3.2204 | LR: 0.000010
Epoch 18/100 | Batch 8100/43947 | Loss: 3.1494 | LR: 0.000010
Epoch 18/100 | Batch 8200/43947 | Loss: 3.2099 | LR: 0.000010
Epoch 18/100 | Batch 8300/43947 | Loss: 3.1931 | LR: 0.000010
Epoch 18/100 | Batch 8400/43947 | Loss: 3.1981 | LR: 0.000010
Epoch 18/100 | Batch 8500/43947 | Loss: 3.1113 | LR: 0.000010
Epoch 18/100 | Batch 8600/43947 | Loss: 3.1679 | LR: 0.000010
Epoch 18/100 | Batch 8700/43947 | Loss: 3.1977 | LR: 0.000010
Epoch 18/100 | Batch 8800/43947 | Loss: 3.2149 | LR: 0.000010
Epoch 18/100 | Batch 8900/43947 | Loss: 3.1905 | LR: 0.000010
Epoch 18/100 | Batch 9000/43947 | Loss: 3.1809 | LR: 0.000010
Epoch 18/100 | Batch 9100/43947 | Loss: 3.1652 | LR: 0.000010
Epoch 18/100 | Batch 9200/43947 | Loss: 3.1694 | LR: 0.000010
Epoch 18/100 | Batch 9300/43947 | Loss: 3.1711 | LR: 0.000010
Epoch 18/100 | Batch 9400/43947 | Loss: 3.1649 | LR: 0.000010
Epoch 18/100 | Batch 9500/43947 | Loss: 3.1889 | LR: 0.000010
Epoch 18/100 | Batch 9600/43947 | Loss: 3.1695 | LR: 0.000010
Epoch 18/100 | Batch 9700/43947 | Loss: 3.1645 | LR: 0.000010
Epoch 18/100 | Batch 9800/43947 | Loss: 3.1690 | LR: 0.000010
Epoch 18/100 | Batch 9900/43947 | Loss: 3.1711 | LR: 0.000010
Epoch 18/100 | Batch 10000/43947 | Loss: 3.2287 | LR: 0.000010
Epoch 18/100 | Batch 10100/43947 | Loss: 3.2068 | LR: 0.000010
Epoch 18/100 | Batch 10200/43947 | Loss: 3.2090 | LR: 0.000010
Epoch 18/100 | Batch 10300/43947 | Loss: 3.2394 | LR: 0.000010
Epoch 18/100 | Batch 10400/43947 | Loss: 3.1967 | LR: 0.000010
Epoch 18/100 | Batch 10500/43947 | Loss: 3.1551 | LR: 0.000010
Epoch 18/100 | Batch 10600/43947 | Loss: 3.1831 | LR: 0.000010
Epoch 18/100 | Batch 10700/43947 | Loss: 3.2572 | LR: 0.000010
Epoch 18/100 | Batch 10800/43947 | Loss: 3.1985 | LR: 0.000010
Epoch 18/100 | Batch 10900/43947 | Loss: 3.2294 | LR: 0.000010
Epoch 18/100 | Batch 11000/43947 | Loss: 3.2608 | LR: 0.000010
Epoch 18/100 | Batch 11100/43947 | Loss: 3.1791 | LR: 0.000010
Epoch 18/100 | Batch 11200/43947 | Loss: 3.1345 | LR: 0.000010
Epoch 18/100 | Batch 11300/43947 | Loss: 3.2366 | LR: 0.000010
Epoch 18/100 | Batch 11400/43947 | Loss: 3.1761 | LR: 0.000010
Epoch 18/100 | Batch 11500/43947 | Loss: 3.2131 | LR: 0.000010
Epoch 18/100 | Batch 11600/43947 | Loss: 3.1745 | LR: 0.000010
Epoch 18/100 | Batch 11700/43947 | Loss: 3.1704 | LR: 0.000010
Epoch 18/100 | Batch 11800/43947 | Loss: 3.2645 | LR: 0.000010
Epoch 18/100 | Batch 11900/43947 | Loss: 3.1668 | LR: 0.000010
Epoch 18/100 | Batch 12000/43947 | Loss: 3.1860 | LR: 0.000010
Epoch 18/100 | Batch 12100/43947 | Loss: 3.2015 | LR: 0.000010
Epoch 18/100 | Batch 12200/43947 | Loss: 3.1787 | LR: 0.000010
Epoch 18/100 | Batch 12300/43947 | Loss: 3.1784 | LR: 0.000010
Epoch 18/100 | Batch 12400/43947 | Loss: 3.1640 | LR: 0.000010
Epoch 18/100 | Batch 12500/43947 | Loss: 3.1867 | LR: 0.000010
Epoch 18/100 | Batch 12600/43947 | Loss: 3.3131 | LR: 0.000010
Epoch 18/100 | Batch 12700/43947 | Loss: 3.2183 | LR: 0.000010
Epoch 18/100 | Batch 12800/43947 | Loss: 3.1483 | LR: 0.000010
Epoch 18/100 | Batch 12900/43947 | Loss: 3.1744 | LR: 0.000010
Epoch 18/100 | Batch 13000/43947 | Loss: 3.1062 | LR: 0.000010
Epoch 18/100 | Batch 13100/43947 | Loss: 3.1398 | LR: 0.000010
Epoch 18/100 | Batch 13200/43947 | Loss: 3.1808 | LR: 0.000010
Epoch 18/100 | Batch 13300/43947 | Loss: 3.1618 | LR: 0.000010
Epoch 18/100 | Batch 13400/43947 | Loss: 3.2147 | LR: 0.000010
Epoch 18/100 | Batch 13500/43947 | Loss: 3.2079 | LR: 0.000010
Epoch 18/100 | Batch 13600/43947 | Loss: 3.1017 | LR: 0.000010
Epoch 18/100 | Batch 13700/43947 | Loss: 3.2321 | LR: 0.000010
Epoch 18/100 | Batch 13800/43947 | Loss: 3.1640 | LR: 0.000010
Epoch 18/100 | Batch 13900/43947 | Loss: 3.1935 | LR: 0.000010
Epoch 18/100 | Batch 14000/43947 | Loss: 3.1906 | LR: 0.000010
Epoch 18/100 | Batch 14100/43947 | Loss: 3.1527 | LR: 0.000010
Epoch 18/100 | Batch 14200/43947 | Loss: 3.1854 | LR: 0.000010
Epoch 18/100 | Batch 14300/43947 | Loss: 3.1730 | LR: 0.000010
Epoch 18/100 | Batch 14400/43947 | Loss: 3.1830 | LR: 0.000010
Epoch 18/100 | Batch 14500/43947 | Loss: 3.1481 | LR: 0.000010
Epoch 18/100 | Batch 14600/43947 | Loss: 3.2025 | LR: 0.000010
Epoch 18/100 | Batch 14700/43947 | Loss: 3.2039 | LR: 0.000010
Epoch 18/100 | Batch 14800/43947 | Loss: 3.1817 | LR: 0.000010
Epoch 18/100 | Batch 14900/43947 | Loss: 3.1602 | LR: 0.000010
Epoch 18/100 | Batch 15000/43947 | Loss: 3.2345 | LR: 0.000010
Epoch 18/100 | Batch 15100/43947 | Loss: 3.2245 | LR: 0.000010
Epoch 18/100 | Batch 15200/43947 | Loss: 3.1539 | LR: 0.000010
Epoch 18/100 | Batch 15300/43947 | Loss: 3.3032 | LR: 0.000010
Epoch 18/100 | Batch 15400/43947 | Loss: 3.1745 | LR: 0.000010
Epoch 18/100 | Batch 15500/43947 | Loss: 3.2067 | LR: 0.000010
Epoch 18/100 | Batch 15600/43947 | Loss: 3.1155 | LR: 0.000010
Epoch 18/100 | Batch 15700/43947 | Loss: 3.2432 | LR: 0.000010
Epoch 18/100 | Batch 15800/43947 | Loss: 3.1578 | LR: 0.000010
Epoch 18/100 | Batch 15900/43947 | Loss: 3.1485 | LR: 0.000010
Epoch 18/100 | Batch 16000/43947 | Loss: 3.1848 | LR: 0.000010
Epoch 18/100 | Batch 16100/43947 | Loss: 3.1831 | LR: 0.000010
Epoch 18/100 | Batch 16200/43947 | Loss: 3.1511 | LR: 0.000010
Epoch 18/100 | Batch 16300/43947 | Loss: 3.2261 | LR: 0.000010
Epoch 18/100 | Batch 16400/43947 | Loss: 3.1607 | LR: 0.000010
Epoch 18/100 | Batch 16500/43947 | Loss: 3.2032 | LR: 0.000010
Epoch 18/100 | Batch 16600/43947 | Loss: 3.1686 | LR: 0.000010
Epoch 18/100 | Batch 16700/43947 | Loss: 3.2194 | LR: 0.000010
Epoch 18/100 | Batch 16800/43947 | Loss: 3.3071 | LR: 0.000010
Epoch 18/100 | Batch 16900/43947 | Loss: 3.1192 | LR: 0.000010
Epoch 18/100 | Batch 17000/43947 | Loss: 3.2297 | LR: 0.000010
Epoch 18/100 | Batch 17100/43947 | Loss: 3.2289 | LR: 0.000010
Epoch 18/100 | Batch 17200/43947 | Loss: 3.1593 | LR: 0.000010
Epoch 18/100 | Batch 17300/43947 | Loss: 3.2036 | LR: 0.000010
Epoch 18/100 | Batch 17400/43947 | Loss: 3.2090 | LR: 0.000010
Epoch 18/100 | Batch 17500/43947 | Loss: 3.1932 | LR: 0.000010
Epoch 18/100 | Batch 17600/43947 | Loss: 3.1591 | LR: 0.000010
Epoch 18/100 | Batch 17700/43947 | Loss: 3.1869 | LR: 0.000010
Epoch 18/100 | Batch 17800/43947 | Loss: 3.1865 | LR: 0.000010
Epoch 18/100 | Batch 17900/43947 | Loss: 3.1974 | LR: 0.000010
Epoch 18/100 | Batch 18000/43947 | Loss: 3.2416 | LR: 0.000010
Epoch 18/100 | Batch 18100/43947 | Loss: 3.2679 | LR: 0.000010
Epoch 18/100 | Batch 18200/43947 | Loss: 3.1756 | LR: 0.000010
Epoch 18/100 | Batch 18300/43947 | Loss: 3.1330 | LR: 0.000010
Epoch 18/100 | Batch 18400/43947 | Loss: 3.0834 | LR: 0.000010
Epoch 18/100 | Batch 18500/43947 | Loss: 3.1770 | LR: 0.000010
Epoch 18/100 | Batch 18600/43947 | Loss: 3.2149 | LR: 0.000010
Epoch 18/100 | Batch 18700/43947 | Loss: 3.1877 | LR: 0.000010
Epoch 18/100 | Batch 18800/43947 | Loss: 3.1911 | LR: 0.000010
Epoch 18/100 | Batch 18900/43947 | Loss: 3.2318 | LR: 0.000010
Epoch 18/100 | Batch 19000/43947 | Loss: 3.2303 | LR: 0.000010
Epoch 18/100 | Batch 19100/43947 | Loss: 3.2263 | LR: 0.000010
Epoch 18/100 | Batch 19200/43947 | Loss: 3.1415 | LR: 0.000010
Epoch 18/100 | Batch 19300/43947 | Loss: 3.1849 | LR: 0.000010
Epoch 18/100 | Batch 19400/43947 | Loss: 3.1889 | LR: 0.000010
Epoch 18/100 | Batch 19500/43947 | Loss: 3.1629 | LR: 0.000010
Epoch 18/100 | Batch 19600/43947 | Loss: 3.1554 | LR: 0.000010
Epoch 18/100 | Batch 19700/43947 | Loss: 3.1541 | LR: 0.000010
Epoch 18/100 | Batch 19800/43947 | Loss: 3.1714 | LR: 0.000010
Epoch 18/100 | Batch 19900/43947 | Loss: 3.1902 | LR: 0.000010
Epoch 18/100 | Batch 20000/43947 | Loss: 3.2485 | LR: 0.000010
Epoch 18/100 | Batch 20100/43947 | Loss: 3.1536 | LR: 0.000010
Epoch 18/100 | Batch 20200/43947 | Loss: 3.1445 | LR: 0.000010
Epoch 18/100 | Batch 20300/43947 | Loss: 3.2127 | LR: 0.000010
Epoch 18/100 | Batch 20400/43947 | Loss: 3.2068 | LR: 0.000010
Epoch 18/100 | Batch 20500/43947 | Loss: 3.2013 | LR: 0.000010
Epoch 18/100 | Batch 20600/43947 | Loss: 3.1564 | LR: 0.000010
Epoch 18/100 | Batch 20700/43947 | Loss: 3.1024 | LR: 0.000010
Epoch 18/100 | Batch 20800/43947 | Loss: 3.1524 | LR: 0.000010
Epoch 18/100 | Batch 20900/43947 | Loss: 3.1782 | LR: 0.000010
Epoch 18/100 | Batch 21000/43947 | Loss: 3.2359 | LR: 0.000010
Epoch 18/100 | Batch 21100/43947 | Loss: 3.1962 | LR: 0.000010
Epoch 18/100 | Batch 21200/43947 | Loss: 3.1044 | LR: 0.000010
Epoch 18/100 | Batch 21300/43947 | Loss: 3.1677 | LR: 0.000010
Epoch 18/100 | Batch 21400/43947 | Loss: 3.1681 | LR: 0.000010
Epoch 18/100 | Batch 21500/43947 | Loss: 3.1271 | LR: 0.000010
Epoch 18/100 | Batch 21600/43947 | Loss: 3.1217 | LR: 0.000010
Epoch 18/100 | Batch 21700/43947 | Loss: 3.2628 | LR: 0.000010
Epoch 18/100 | Batch 21800/43947 | Loss: 3.1904 | LR: 0.000010
Epoch 18/100 | Batch 21900/43947 | Loss: 3.2274 | LR: 0.000010
Epoch 18/100 | Batch 22000/43947 | Loss: 3.1363 | LR: 0.000010
Epoch 18/100 | Batch 22100/43947 | Loss: 3.2132 | LR: 0.000010
Epoch 18/100 | Batch 22200/43947 | Loss: 3.1844 | LR: 0.000010
Epoch 18/100 | Batch 22300/43947 | Loss: 3.2273 | LR: 0.000010
Epoch 18/100 | Batch 22400/43947 | Loss: 3.1810 | LR: 0.000010
Epoch 18/100 | Batch 22500/43947 | Loss: 3.1655 | LR: 0.000010
Epoch 18/100 | Batch 22600/43947 | Loss: 3.2016 | LR: 0.000010
Epoch 18/100 | Batch 22700/43947 | Loss: 3.1906 | LR: 0.000010
Epoch 18/100 | Batch 22800/43947 | Loss: 3.1634 | LR: 0.000010
Epoch 18/100 | Batch 22900/43947 | Loss: 3.1810 | LR: 0.000010
Epoch 18/100 | Batch 23000/43947 | Loss: 3.1410 | LR: 0.000010
Epoch 18/100 | Batch 23100/43947 | Loss: 3.1696 | LR: 0.000010
Epoch 18/100 | Batch 23200/43947 | Loss: 3.1703 | LR: 0.000010
Epoch 18/100 | Batch 23300/43947 | Loss: 3.1405 | LR: 0.000010
Epoch 18/100 | Batch 23400/43947 | Loss: 3.1411 | LR: 0.000010
Epoch 18/100 | Batch 23500/43947 | Loss: 3.1734 | LR: 0.000010
Epoch 18/100 | Batch 23600/43947 | Loss: 3.2674 | LR: 0.000010
Epoch 18/100 | Batch 23700/43947 | Loss: 3.2080 | LR: 0.000010
Epoch 18/100 | Batch 23800/43947 | Loss: 3.1776 | LR: 0.000010
Epoch 18/100 | Batch 23900/43947 | Loss: 3.2245 | LR: 0.000010
Epoch 18/100 | Batch 24000/43947 | Loss: 3.1836 | LR: 0.000010
Epoch 18/100 | Batch 24100/43947 | Loss: 3.1831 | LR: 0.000010
Epoch 18/100 | Batch 24200/43947 | Loss: 3.1526 | LR: 0.000010
Epoch 18/100 | Batch 24300/43947 | Loss: 3.1770 | LR: 0.000010
Epoch 18/100 | Batch 24400/43947 | Loss: 3.1825 | LR: 0.000010
Epoch 18/100 | Batch 24500/43947 | Loss: 3.2076 | LR: 0.000010
Epoch 18/100 | Batch 24600/43947 | Loss: 3.1778 | LR: 0.000010
Epoch 18/100 | Batch 24700/43947 | Loss: 3.2250 | LR: 0.000010
Epoch 18/100 | Batch 24800/43947 | Loss: 3.1579 | LR: 0.000010
Epoch 18/100 | Batch 24900/43947 | Loss: 3.2400 | LR: 0.000010
Epoch 18/100 | Batch 25000/43947 | Loss: 3.1615 | LR: 0.000010
Epoch 18/100 | Batch 25100/43947 | Loss: 3.2220 | LR: 0.000010
Epoch 18/100 | Batch 25200/43947 | Loss: 3.2468 | LR: 0.000010
Epoch 18/100 | Batch 25300/43947 | Loss: 3.1555 | LR: 0.000010
Epoch 18/100 | Batch 25400/43947 | Loss: 3.2245 | LR: 0.000010
Epoch 18/100 | Batch 25500/43947 | Loss: 3.2577 | LR: 0.000010
Epoch 18/100 | Batch 25600/43947 | Loss: 3.1572 | LR: 0.000010
Epoch 18/100 | Batch 25700/43947 | Loss: 3.2263 | LR: 0.000010
Epoch 18/100 | Batch 25800/43947 | Loss: 3.1568 | LR: 0.000010
Epoch 18/100 | Batch 25900/43947 | Loss: 3.2486 | LR: 0.000010
Epoch 18/100 | Batch 26000/43947 | Loss: 3.1855 | LR: 0.000010
Epoch 18/100 | Batch 26100/43947 | Loss: 3.2480 | LR: 0.000010
Epoch 18/100 | Batch 26200/43947 | Loss: 3.2160 | LR: 0.000010
Epoch 18/100 | Batch 26300/43947 | Loss: 3.1698 | LR: 0.000010
Epoch 18/100 | Batch 26400/43947 | Loss: 3.2022 | LR: 0.000010
Epoch 18/100 | Batch 26500/43947 | Loss: 3.1770 | LR: 0.000010
Epoch 18/100 | Batch 26600/43947 | Loss: 3.1955 | LR: 0.000010
Epoch 18/100 | Batch 26700/43947 | Loss: 3.2776 | LR: 0.000010
Epoch 18/100 | Batch 26800/43947 | Loss: 3.2555 | LR: 0.000010
Epoch 18/100 | Batch 26900/43947 | Loss: 3.1730 | LR: 0.000010
Epoch 18/100 | Batch 27000/43947 | Loss: 3.2233 | LR: 0.000010
Epoch 18/100 | Batch 27100/43947 | Loss: 3.1774 | LR: 0.000010
Epoch 18/100 | Batch 27200/43947 | Loss: 3.2022 | LR: 0.000010
Epoch 18/100 | Batch 27300/43947 | Loss: 3.1484 | LR: 0.000010
Epoch 18/100 | Batch 27400/43947 | Loss: 3.2211 | LR: 0.000010
Epoch 18/100 | Batch 27500/43947 | Loss: 3.1803 | LR: 0.000010
Epoch 18/100 | Batch 27600/43947 | Loss: 3.1375 | LR: 0.000010
Epoch 18/100 | Batch 27700/43947 | Loss: 3.1354 | LR: 0.000010
Epoch 18/100 | Batch 27800/43947 | Loss: 3.2095 | LR: 0.000010
Epoch 18/100 | Batch 27900/43947 | Loss: 3.1989 | LR: 0.000010
Epoch 18/100 | Batch 28000/43947 | Loss: 3.1718 | LR: 0.000010
Epoch 18/100 | Batch 28100/43947 | Loss: 3.1922 | LR: 0.000010
Epoch 18/100 | Batch 28200/43947 | Loss: 3.2510 | LR: 0.000010
Epoch 18/100 | Batch 28300/43947 | Loss: 3.1800 | LR: 0.000010
Epoch 18/100 | Batch 28400/43947 | Loss: 3.2043 | LR: 0.000010
Epoch 18/100 | Batch 28500/43947 | Loss: 3.1884 | LR: 0.000010
Epoch 18/100 | Batch 28600/43947 | Loss: 3.2318 | LR: 0.000010
Epoch 18/100 | Batch 28700/43947 | Loss: 3.2112 | LR: 0.000010
Epoch 18/100 | Batch 28800/43947 | Loss: 3.1496 | LR: 0.000010
Epoch 18/100 | Batch 28900/43947 | Loss: 3.2009 | LR: 0.000010
Epoch 18/100 | Batch 29000/43947 | Loss: 3.1748 | LR: 0.000010
Epoch 18/100 | Batch 29100/43947 | Loss: 3.1374 | LR: 0.000010
Epoch 18/100 | Batch 29200/43947 | Loss: 3.1877 | LR: 0.000010
Epoch 18/100 | Batch 29300/43947 | Loss: 3.2268 | LR: 0.000010
Epoch 18/100 | Batch 29400/43947 | Loss: 3.1386 | LR: 0.000010
Epoch 18/100 | Batch 29500/43947 | Loss: 3.1656 | LR: 0.000010
Epoch 18/100 | Batch 29600/43947 | Loss: 3.2468 | LR: 0.000010
Epoch 18/100 | Batch 29700/43947 | Loss: 3.2228 | LR: 0.000010
Epoch 18/100 | Batch 29800/43947 | Loss: 3.1581 | LR: 0.000010
Epoch 18/100 | Batch 29900/43947 | Loss: 3.1939 | LR: 0.000010
Epoch 18/100 | Batch 30000/43947 | Loss: 3.2729 | LR: 0.000010
Epoch 18/100 | Batch 30100/43947 | Loss: 3.1671 | LR: 0.000010
Epoch 18/100 | Batch 30200/43947 | Loss: 3.1741 | LR: 0.000010
Epoch 18/100 | Batch 30300/43947 | Loss: 3.1824 | LR: 0.000010
Epoch 18/100 | Batch 30400/43947 | Loss: 3.2491 | LR: 0.000010
Epoch 18/100 | Batch 30500/43947 | Loss: 3.2159 | LR: 0.000010
Epoch 18/100 | Batch 30600/43947 | Loss: 3.1632 | LR: 0.000010
Epoch 18/100 | Batch 30700/43947 | Loss: 3.1944 | LR: 0.000010
Epoch 18/100 | Batch 30800/43947 | Loss: 3.1652 | LR: 0.000010
Epoch 18/100 | Batch 30900/43947 | Loss: 3.1884 | LR: 0.000010
Epoch 18/100 | Batch 31000/43947 | Loss: 3.1877 | LR: 0.000010
Epoch 18/100 | Batch 31100/43947 | Loss: 3.2751 | LR: 0.000010
Epoch 18/100 | Batch 31200/43947 | Loss: 3.1744 | LR: 0.000010
Epoch 18/100 | Batch 31300/43947 | Loss: 3.2091 | LR: 0.000010
Epoch 18/100 | Batch 31400/43947 | Loss: 3.1503 | LR: 0.000010
Epoch 18/100 | Batch 31500/43947 | Loss: 3.1098 | LR: 0.000010
Epoch 18/100 | Batch 31600/43947 | Loss: 3.2060 | LR: 0.000010
Epoch 18/100 | Batch 31700/43947 | Loss: 3.1403 | LR: 0.000010
Epoch 18/100 | Batch 31800/43947 | Loss: 3.2176 | LR: 0.000010
Epoch 18/100 | Batch 31900/43947 | Loss: 3.2848 | LR: 0.000010
Epoch 18/100 | Batch 32000/43947 | Loss: 3.1460 | LR: 0.000010
Epoch 18/100 | Batch 32100/43947 | Loss: 3.1693 | LR: 0.000010
Epoch 18/100 | Batch 32200/43947 | Loss: 3.2073 | LR: 0.000010
Epoch 18/100 | Batch 32300/43947 | Loss: 3.1394 | LR: 0.000010
Epoch 18/100 | Batch 32400/43947 | Loss: 3.2447 | LR: 0.000010
Epoch 18/100 | Batch 32500/43947 | Loss: 3.2632 | LR: 0.000010
Epoch 18/100 | Batch 32600/43947 | Loss: 3.1270 | LR: 0.000010
Epoch 18/100 | Batch 32700/43947 | Loss: 3.1557 | LR: 0.000010
Epoch 18/100 | Batch 32800/43947 | Loss: 3.2278 | LR: 0.000010
Epoch 18/100 | Batch 32900/43947 | Loss: 3.1615 | LR: 0.000010
Epoch 18/100 | Batch 33000/43947 | Loss: 3.2223 | LR: 0.000010
Epoch 18/100 | Batch 33100/43947 | Loss: 3.1999 | LR: 0.000010
Epoch 18/100 | Batch 33200/43947 | Loss: 3.1865 | LR: 0.000010
Epoch 18/100 | Batch 33300/43947 | Loss: 3.2335 | LR: 0.000010
Epoch 18/100 | Batch 33400/43947 | Loss: 3.1486 | LR: 0.000010
Epoch 18/100 | Batch 33500/43947 | Loss: 3.1554 | LR: 0.000010
Epoch 18/100 | Batch 33600/43947 | Loss: 3.1250 | LR: 0.000010
Epoch 18/100 | Batch 33700/43947 | Loss: 3.1609 | LR: 0.000010
Epoch 18/100 | Batch 33800/43947 | Loss: 3.1914 | LR: 0.000010
Epoch 18/100 | Batch 33900/43947 | Loss: 3.2370 | LR: 0.000010
Epoch 18/100 | Batch 34000/43947 | Loss: 3.1492 | LR: 0.000010
Epoch 18/100 | Batch 34100/43947 | Loss: 3.1602 | LR: 0.000010
Epoch 18/100 | Batch 34200/43947 | Loss: 3.1804 | LR: 0.000010
Epoch 18/100 | Batch 34300/43947 | Loss: 3.2321 | LR: 0.000010
Epoch 18/100 | Batch 34400/43947 | Loss: 3.1849 | LR: 0.000010
Epoch 18/100 | Batch 34500/43947 | Loss: 3.1640 | LR: 0.000010
Epoch 18/100 | Batch 34600/43947 | Loss: 3.2012 | LR: 0.000010
Epoch 18/100 | Batch 34700/43947 | Loss: 3.1614 | LR: 0.000010
Epoch 18/100 | Batch 34800/43947 | Loss: 3.1946 | LR: 0.000010
Epoch 18/100 | Batch 34900/43947 | Loss: 3.2521 | LR: 0.000010
Epoch 18/100 | Batch 35000/43947 | Loss: 3.1908 | LR: 0.000010
Epoch 18/100 | Batch 35100/43947 | Loss: 3.1993 | LR: 0.000010
Epoch 18/100 | Batch 35200/43947 | Loss: 3.2207 | LR: 0.000010
Epoch 18/100 | Batch 35300/43947 | Loss: 3.2179 | LR: 0.000010
Epoch 18/100 | Batch 35400/43947 | Loss: 3.1458 | LR: 0.000010
Epoch 18/100 | Batch 35500/43947 | Loss: 3.1842 | LR: 0.000010
Epoch 18/100 | Batch 35600/43947 | Loss: 3.1883 | LR: 0.000010
Epoch 18/100 | Batch 35700/43947 | Loss: 3.1439 | LR: 0.000010
Epoch 18/100 | Batch 35800/43947 | Loss: 3.1623 | LR: 0.000010
Epoch 18/100 | Batch 35900/43947 | Loss: 3.1588 | LR: 0.000010
Epoch 18/100 | Batch 36000/43947 | Loss: 3.2024 | LR: 0.000010
Epoch 18/100 | Batch 36100/43947 | Loss: 3.1823 | LR: 0.000010
Epoch 18/100 | Batch 36200/43947 | Loss: 3.2084 | LR: 0.000010
Epoch 18/100 | Batch 36300/43947 | Loss: 3.2899 | LR: 0.000010
Epoch 18/100 | Batch 36400/43947 | Loss: 3.1662 | LR: 0.000010
Epoch 18/100 | Batch 36500/43947 | Loss: 3.1606 | LR: 0.000010
Epoch 18/100 | Batch 36600/43947 | Loss: 3.1905 | LR: 0.000010
Epoch 18/100 | Batch 36700/43947 | Loss: 3.2021 | LR: 0.000010
Epoch 18/100 | Batch 36800/43947 | Loss: 3.1503 | LR: 0.000010
Epoch 18/100 | Batch 36900/43947 | Loss: 3.1554 | LR: 0.000010
Epoch 18/100 | Batch 37000/43947 | Loss: 3.1714 | LR: 0.000010
Epoch 18/100 | Batch 37100/43947 | Loss: 3.2138 | LR: 0.000010
Epoch 18/100 | Batch 37200/43947 | Loss: 3.1719 | LR: 0.000010
Epoch 18/100 | Batch 37300/43947 | Loss: 3.2499 | LR: 0.000010
Epoch 18/100 | Batch 37400/43947 | Loss: 3.2272 | LR: 0.000010
Epoch 18/100 | Batch 37500/43947 | Loss: 3.1491 | LR: 0.000010
Epoch 18/100 | Batch 37600/43947 | Loss: 3.1569 | LR: 0.000010
Epoch 18/100 | Batch 37700/43947 | Loss: 3.1576 | LR: 0.000010
Epoch 18/100 | Batch 37800/43947 | Loss: 3.1860 | LR: 0.000010
Epoch 18/100 | Batch 37900/43947 | Loss: 3.2123 | LR: 0.000010
Epoch 18/100 | Batch 38000/43947 | Loss: 3.2036 | LR: 0.000010
Epoch 18/100 | Batch 38100/43947 | Loss: 3.1751 | LR: 0.000010
Epoch 18/100 | Batch 38200/43947 | Loss: 3.1565 | LR: 0.000010
Epoch 18/100 | Batch 38300/43947 | Loss: 3.1409 | LR: 0.000010
Epoch 18/100 | Batch 38400/43947 | Loss: 3.1529 | LR: 0.000010
Epoch 18/100 | Batch 38500/43947 | Loss: 3.1157 | LR: 0.000010
Epoch 18/100 | Batch 38600/43947 | Loss: 3.1659 | LR: 0.000010
Epoch 18/100 | Batch 38700/43947 | Loss: 3.2036 | LR: 0.000010
Epoch 18/100 | Batch 38800/43947 | Loss: 3.1792 | LR: 0.000010
Epoch 18/100 | Batch 38900/43947 | Loss: 3.1532 | LR: 0.000010
Epoch 18/100 | Batch 39000/43947 | Loss: 3.1663 | LR: 0.000010
Epoch 18/100 | Batch 39100/43947 | Loss: 3.1888 | LR: 0.000010
Epoch 18/100 | Batch 39200/43947 | Loss: 3.2244 | LR: 0.000010
Epoch 18/100 | Batch 39300/43947 | Loss: 3.1612 | LR: 0.000010
Epoch 18/100 | Batch 39400/43947 | Loss: 3.1908 | LR: 0.000010
Epoch 18/100 | Batch 39500/43947 | Loss: 3.1936 | LR: 0.000010
Epoch 18/100 | Batch 39600/43947 | Loss: 3.1501 | LR: 0.000010
Epoch 18/100 | Batch 39700/43947 | Loss: 3.1992 | LR: 0.000010
Epoch 18/100 | Batch 39800/43947 | Loss: 3.2231 | LR: 0.000010
Epoch 18/100 | Batch 39900/43947 | Loss: 3.1774 | LR: 0.000010
Epoch 18/100 | Batch 40000/43947 | Loss: 3.1529 | LR: 0.000010
Epoch 18/100 | Batch 40100/43947 | Loss: 3.2084 | LR: 0.000010
Epoch 18/100 | Batch 40200/43947 | Loss: 3.2322 | LR: 0.000010
Epoch 18/100 | Batch 40300/43947 | Loss: 3.1915 | LR: 0.000010
Epoch 18/100 | Batch 40400/43947 | Loss: 3.1349 | LR: 0.000010
Epoch 18/100 | Batch 40500/43947 | Loss: 3.2057 | LR: 0.000010
Epoch 18/100 | Batch 40600/43947 | Loss: 3.1574 | LR: 0.000010
Epoch 18/100 | Batch 40700/43947 | Loss: 3.1956 | LR: 0.000010
Epoch 18/100 | Batch 40800/43947 | Loss: 3.1141 | LR: 0.000010
Epoch 18/100 | Batch 40900/43947 | Loss: 3.1444 | LR: 0.000010
Epoch 18/100 | Batch 41000/43947 | Loss: 3.1684 | LR: 0.000010
Epoch 18/100 | Batch 41100/43947 | Loss: 3.1981 | LR: 0.000010
Epoch 18/100 | Batch 41200/43947 | Loss: 3.1321 | LR: 0.000010
Epoch 18/100 | Batch 41300/43947 | Loss: 3.2151 | LR: 0.000010
Epoch 18/100 | Batch 41400/43947 | Loss: 3.1558 | LR: 0.000010
Epoch 18/100 | Batch 41500/43947 | Loss: 3.1539 | LR: 0.000010
Epoch 18/100 | Batch 41600/43947 | Loss: 3.1285 | LR: 0.000010
Epoch 18/100 | Batch 41700/43947 | Loss: 3.1263 | LR: 0.000010
Epoch 18/100 | Batch 41800/43947 | Loss: 3.1924 | LR: 0.000010
Epoch 18/100 | Batch 41900/43947 | Loss: 3.1918 | LR: 0.000010
Epoch 18/100 | Batch 42000/43947 | Loss: 3.1707 | LR: 0.000010
Epoch 18/100 | Batch 42100/43947 | Loss: 3.1847 | LR: 0.000010
Epoch 18/100 | Batch 42200/43947 | Loss: 3.2168 | LR: 0.000010
Epoch 18/100 | Batch 42300/43947 | Loss: 3.1881 | LR: 0.000010
Epoch 18/100 | Batch 42400/43947 | Loss: 3.1490 | LR: 0.000010
Epoch 18/100 | Batch 42500/43947 | Loss: 3.1464 | LR: 0.000010
Epoch 18/100 | Batch 42600/43947 | Loss: 3.1460 | LR: 0.000010
Epoch 18/100 | Batch 42700/43947 | Loss: 3.1686 | LR: 0.000010
Epoch 18/100 | Batch 42800/43947 | Loss: 3.1543 | LR: 0.000010
Epoch 18/100 | Batch 42900/43947 | Loss: 3.2194 | LR: 0.000010
Epoch 18/100 | Batch 43000/43947 | Loss: 3.1213 | LR: 0.000010
Epoch 18/100 | Batch 43100/43947 | Loss: 3.2667 | LR: 0.000010
Epoch 18/100 | Batch 43200/43947 | Loss: 3.2529 | LR: 0.000010
Epoch 18/100 | Batch 43300/43947 | Loss: 3.1707 | LR: 0.000010
Epoch 18/100 | Batch 43400/43947 | Loss: 3.1571 | LR: 0.000010
Epoch 18/100 | Batch 43500/43947 | Loss: 3.1572 | LR: 0.000010
Epoch 18/100 | Batch 43600/43947 | Loss: 3.2074 | LR: 0.000010
Epoch 18/100 | Batch 43700/43947 | Loss: 3.1724 | LR: 0.000010
Epoch 18/100 | Batch 43800/43947 | Loss: 3.1805 | LR: 0.000010
Epoch 18/100 | Batch 43900/43947 | Loss: 3.1481 | LR: 0.000010

Epoch 18/100 Summary:
Average Training Loss: 3.1898
Average Validation Loss: 3.0553
Best Validation Loss: 3.0553
Learning Rate: 0.000010
Epoch 19/100 | Batch 0/43947 | Loss: 3.2662 | LR: 0.000010
Epoch 19/100 | Batch 100/43947 | Loss: 3.0963 | LR: 0.000010
Epoch 19/100 | Batch 200/43947 | Loss: 3.2208 | LR: 0.000010
Epoch 19/100 | Batch 300/43947 | Loss: 3.1077 | LR: 0.000010
Epoch 19/100 | Batch 400/43947 | Loss: 3.2472 | LR: 0.000010
Epoch 19/100 | Batch 500/43947 | Loss: 3.2216 | LR: 0.000010
Epoch 19/100 | Batch 600/43947 | Loss: 3.2582 | LR: 0.000010
Epoch 19/100 | Batch 700/43947 | Loss: 3.2088 | LR: 0.000010
Epoch 19/100 | Batch 800/43947 | Loss: 3.2202 | LR: 0.000010
Epoch 19/100 | Batch 900/43947 | Loss: 3.1969 | LR: 0.000010
Epoch 19/100 | Batch 1000/43947 | Loss: 3.2345 | LR: 0.000010
Epoch 19/100 | Batch 1100/43947 | Loss: 3.3534 | LR: 0.000010
Epoch 19/100 | Batch 1200/43947 | Loss: 3.1777 | LR: 0.000010
Epoch 19/100 | Batch 1300/43947 | Loss: 3.2305 | LR: 0.000010
Epoch 19/100 | Batch 1400/43947 | Loss: 3.1270 | LR: 0.000010
Epoch 19/100 | Batch 1500/43947 | Loss: 3.2372 | LR: 0.000010
Epoch 19/100 | Batch 1600/43947 | Loss: 3.2545 | LR: 0.000010
Epoch 19/100 | Batch 1700/43947 | Loss: 3.1526 | LR: 0.000010
Epoch 19/100 | Batch 1800/43947 | Loss: 3.1148 | LR: 0.000010
Epoch 19/100 | Batch 1900/43947 | Loss: 3.2113 | LR: 0.000010
Epoch 19/100 | Batch 2000/43947 | Loss: 3.3262 | LR: 0.000010
Epoch 19/100 | Batch 2100/43947 | Loss: 3.1751 | LR: 0.000010
Epoch 19/100 | Batch 2200/43947 | Loss: 3.2409 | LR: 0.000010
Epoch 19/100 | Batch 2300/43947 | Loss: 3.1629 | LR: 0.000010
Epoch 19/100 | Batch 2400/43947 | Loss: 3.1817 | LR: 0.000010
Epoch 19/100 | Batch 2500/43947 | Loss: 3.2156 | LR: 0.000010
Epoch 19/100 | Batch 2600/43947 | Loss: 3.2265 | LR: 0.000010
Epoch 19/100 | Batch 2700/43947 | Loss: 3.2299 | LR: 0.000010
Epoch 19/100 | Batch 2800/43947 | Loss: 3.1881 | LR: 0.000010
Epoch 19/100 | Batch 2900/43947 | Loss: 3.1602 | LR: 0.000010
Epoch 19/100 | Batch 3000/43947 | Loss: 3.1650 | LR: 0.000010
Epoch 19/100 | Batch 3100/43947 | Loss: 3.1216 | LR: 0.000010
Epoch 19/100 | Batch 3200/43947 | Loss: 3.1608 | LR: 0.000010
Epoch 19/100 | Batch 3300/43947 | Loss: 3.1544 | LR: 0.000010
Epoch 19/100 | Batch 3400/43947 | Loss: 3.1163 | LR: 0.000010
Epoch 19/100 | Batch 3500/43947 | Loss: 3.2355 | LR: 0.000010
Epoch 19/100 | Batch 3600/43947 | Loss: 3.1201 | LR: 0.000010
Epoch 19/100 | Batch 3700/43947 | Loss: 3.2132 | LR: 0.000010
Epoch 19/100 | Batch 3800/43947 | Loss: 3.2538 | LR: 0.000010
Epoch 19/100 | Batch 3900/43947 | Loss: 3.1819 | LR: 0.000010
Epoch 19/100 | Batch 4000/43947 | Loss: 3.1813 | LR: 0.000010
Epoch 19/100 | Batch 4100/43947 | Loss: 3.2164 | LR: 0.000010
Epoch 19/100 | Batch 4200/43947 | Loss: 3.1684 | LR: 0.000010
Epoch 19/100 | Batch 4300/43947 | Loss: 3.2112 | LR: 0.000010
Epoch 19/100 | Batch 4400/43947 | Loss: 3.1530 | LR: 0.000010
Epoch 19/100 | Batch 4500/43947 | Loss: 3.2074 | LR: 0.000010
Epoch 19/100 | Batch 4600/43947 | Loss: 3.1943 | LR: 0.000010
Epoch 19/100 | Batch 4700/43947 | Loss: 3.2245 | LR: 0.000010
Epoch 19/100 | Batch 4800/43947 | Loss: 3.1911 | LR: 0.000010
Epoch 19/100 | Batch 4900/43947 | Loss: 3.1882 | LR: 0.000010
Epoch 19/100 | Batch 5000/43947 | Loss: 3.1571 | LR: 0.000010
Epoch 19/100 | Batch 5100/43947 | Loss: 3.2354 | LR: 0.000010
Epoch 19/100 | Batch 5200/43947 | Loss: 3.2315 | LR: 0.000010
Epoch 19/100 | Batch 5300/43947 | Loss: 3.2085 | LR: 0.000010
Epoch 19/100 | Batch 5400/43947 | Loss: 3.1414 | LR: 0.000010
Epoch 19/100 | Batch 5500/43947 | Loss: 3.1986 | LR: 0.000010
Epoch 19/100 | Batch 5600/43947 | Loss: 3.1918 | LR: 0.000010
Epoch 19/100 | Batch 5700/43947 | Loss: 3.1853 | LR: 0.000010
Epoch 19/100 | Batch 5800/43947 | Loss: 3.1407 | LR: 0.000010
Epoch 19/100 | Batch 5900/43947 | Loss: 3.1526 | LR: 0.000010
Epoch 19/100 | Batch 6000/43947 | Loss: 3.1735 | LR: 0.000010
Epoch 19/100 | Batch 6100/43947 | Loss: 3.1744 | LR: 0.000010
Epoch 19/100 | Batch 6200/43947 | Loss: 3.2090 | LR: 0.000010
Epoch 19/100 | Batch 6300/43947 | Loss: 3.2024 | LR: 0.000010
Epoch 19/100 | Batch 6400/43947 | Loss: 3.2982 | LR: 0.000010
Epoch 19/100 | Batch 6500/43947 | Loss: 3.2213 | LR: 0.000010
Epoch 19/100 | Batch 6600/43947 | Loss: 3.1047 | LR: 0.000010
Epoch 19/100 | Batch 6700/43947 | Loss: 3.1936 | LR: 0.000010
Epoch 19/100 | Batch 6800/43947 | Loss: 3.3279 | LR: 0.000010
Epoch 19/100 | Batch 6900/43947 | Loss: 3.2143 | LR: 0.000010
Epoch 19/100 | Batch 7000/43947 | Loss: 3.1855 | LR: 0.000010
Epoch 19/100 | Batch 7100/43947 | Loss: 3.1800 | LR: 0.000010
Epoch 19/100 | Batch 7200/43947 | Loss: 3.2504 | LR: 0.000010
Epoch 19/100 | Batch 7300/43947 | Loss: 3.2523 | LR: 0.000010
Epoch 19/100 | Batch 7400/43947 | Loss: 3.1599 | LR: 0.000010
Epoch 19/100 | Batch 7500/43947 | Loss: 3.1663 | LR: 0.000010
Epoch 19/100 | Batch 7600/43947 | Loss: 3.0927 | LR: 0.000010
Epoch 19/100 | Batch 7700/43947 | Loss: 3.2122 | LR: 0.000010
Epoch 19/100 | Batch 7800/43947 | Loss: 3.1865 | LR: 0.000010
Epoch 19/100 | Batch 7900/43947 | Loss: 3.1457 | LR: 0.000010
Epoch 19/100 | Batch 8000/43947 | Loss: 3.2212 | LR: 0.000010
Epoch 19/100 | Batch 8100/43947 | Loss: 3.1546 | LR: 0.000010
Epoch 19/100 | Batch 8200/43947 | Loss: 3.2100 | LR: 0.000010
Epoch 19/100 | Batch 8300/43947 | Loss: 3.2151 | LR: 0.000010
Epoch 19/100 | Batch 8400/43947 | Loss: 3.1954 | LR: 0.000010
Epoch 19/100 | Batch 8500/43947 | Loss: 3.1087 | LR: 0.000010
Epoch 19/100 | Batch 8600/43947 | Loss: 3.1533 | LR: 0.000010
Epoch 19/100 | Batch 8700/43947 | Loss: 3.1997 | LR: 0.000010
Epoch 19/100 | Batch 8800/43947 | Loss: 3.2106 | LR: 0.000010
Epoch 19/100 | Batch 8900/43947 | Loss: 3.1898 | LR: 0.000010
Epoch 19/100 | Batch 9000/43947 | Loss: 3.2009 | LR: 0.000010
Epoch 19/100 | Batch 9100/43947 | Loss: 3.1671 | LR: 0.000010
Epoch 19/100 | Batch 9200/43947 | Loss: 3.1782 | LR: 0.000010
Epoch 19/100 | Batch 9300/43947 | Loss: 3.1956 | LR: 0.000010
Epoch 19/100 | Batch 9400/43947 | Loss: 3.1661 | LR: 0.000010
Epoch 19/100 | Batch 9500/43947 | Loss: 3.2025 | LR: 0.000010
Epoch 19/100 | Batch 9600/43947 | Loss: 3.1739 | LR: 0.000010
Epoch 19/100 | Batch 9700/43947 | Loss: 3.1525 | LR: 0.000010
Epoch 19/100 | Batch 9800/43947 | Loss: 3.1678 | LR: 0.000010
Epoch 19/100 | Batch 9900/43947 | Loss: 3.1660 | LR: 0.000010
Epoch 19/100 | Batch 10000/43947 | Loss: 3.2270 | LR: 0.000010
Epoch 19/100 | Batch 10100/43947 | Loss: 3.2305 | LR: 0.000010
Epoch 19/100 | Batch 10200/43947 | Loss: 3.1986 | LR: 0.000010
Epoch 19/100 | Batch 10300/43947 | Loss: 3.2341 | LR: 0.000010
Epoch 19/100 | Batch 10400/43947 | Loss: 3.1963 | LR: 0.000010
Epoch 19/100 | Batch 10500/43947 | Loss: 3.1462 | LR: 0.000010
Epoch 19/100 | Batch 10600/43947 | Loss: 3.1615 | LR: 0.000010
Epoch 19/100 | Batch 10700/43947 | Loss: 3.2604 | LR: 0.000010
Epoch 19/100 | Batch 10800/43947 | Loss: 3.1831 | LR: 0.000010
Epoch 19/100 | Batch 10900/43947 | Loss: 3.2129 | LR: 0.000010
Epoch 19/100 | Batch 11000/43947 | Loss: 3.2617 | LR: 0.000010
Epoch 19/100 | Batch 11100/43947 | Loss: 3.1636 | LR: 0.000010
Epoch 19/100 | Batch 11200/43947 | Loss: 3.1418 | LR: 0.000010
Epoch 19/100 | Batch 11300/43947 | Loss: 3.2344 | LR: 0.000010
Epoch 19/100 | Batch 11400/43947 | Loss: 3.1882 | LR: 0.000010
Epoch 19/100 | Batch 11500/43947 | Loss: 3.2312 | LR: 0.000010
Epoch 19/100 | Batch 11600/43947 | Loss: 3.1666 | LR: 0.000010
Epoch 19/100 | Batch 11700/43947 | Loss: 3.1710 | LR: 0.000010
Epoch 19/100 | Batch 11800/43947 | Loss: 3.2646 | LR: 0.000010
Epoch 19/100 | Batch 11900/43947 | Loss: 3.1552 | LR: 0.000010
Epoch 19/100 | Batch 12000/43947 | Loss: 3.1767 | LR: 0.000010
Epoch 19/100 | Batch 12100/43947 | Loss: 3.1969 | LR: 0.000010
Epoch 19/100 | Batch 12200/43947 | Loss: 3.1838 | LR: 0.000010
Epoch 19/100 | Batch 12300/43947 | Loss: 3.1907 | LR: 0.000010
Epoch 19/100 | Batch 12400/43947 | Loss: 3.1574 | LR: 0.000010
Epoch 19/100 | Batch 12500/43947 | Loss: 3.1703 | LR: 0.000010
Epoch 19/100 | Batch 12600/43947 | Loss: 3.2976 | LR: 0.000010
Epoch 19/100 | Batch 12700/43947 | Loss: 3.2219 | LR: 0.000010
Epoch 19/100 | Batch 12800/43947 | Loss: 3.1613 | LR: 0.000010
Epoch 19/100 | Batch 12900/43947 | Loss: 3.1944 | LR: 0.000010
Epoch 19/100 | Batch 13000/43947 | Loss: 3.1080 | LR: 0.000010
Epoch 19/100 | Batch 13100/43947 | Loss: 3.1477 | LR: 0.000010
Epoch 19/100 | Batch 13200/43947 | Loss: 3.1872 | LR: 0.000010
Epoch 19/100 | Batch 13300/43947 | Loss: 3.1676 | LR: 0.000010
Epoch 19/100 | Batch 13400/43947 | Loss: 3.2152 | LR: 0.000010
Epoch 19/100 | Batch 13500/43947 | Loss: 3.1951 | LR: 0.000010
Epoch 19/100 | Batch 13600/43947 | Loss: 3.1117 | LR: 0.000010
Epoch 19/100 | Batch 13700/43947 | Loss: 3.2246 | LR: 0.000010
Epoch 19/100 | Batch 13800/43947 | Loss: 3.1551 | LR: 0.000010
Epoch 19/100 | Batch 13900/43947 | Loss: 3.1798 | LR: 0.000010
Epoch 19/100 | Batch 14000/43947 | Loss: 3.1845 | LR: 0.000010
Epoch 19/100 | Batch 14100/43947 | Loss: 3.1351 | LR: 0.000010
Epoch 19/100 | Batch 14200/43947 | Loss: 3.2049 | LR: 0.000010
Epoch 19/100 | Batch 14300/43947 | Loss: 3.1482 | LR: 0.000010
Epoch 19/100 | Batch 14400/43947 | Loss: 3.1940 | LR: 0.000010
Epoch 19/100 | Batch 14500/43947 | Loss: 3.1537 | LR: 0.000010
Epoch 19/100 | Batch 14600/43947 | Loss: 3.2138 | LR: 0.000010
Epoch 19/100 | Batch 14700/43947 | Loss: 3.1780 | LR: 0.000010
Epoch 19/100 | Batch 14800/43947 | Loss: 3.1972 | LR: 0.000010
Epoch 19/100 | Batch 14900/43947 | Loss: 3.1802 | LR: 0.000010
Epoch 19/100 | Batch 15000/43947 | Loss: 3.2140 | LR: 0.000010
Epoch 19/100 | Batch 15100/43947 | Loss: 3.2191 | LR: 0.000010
Epoch 19/100 | Batch 15200/43947 | Loss: 3.1533 | LR: 0.000010
Epoch 19/100 | Batch 15300/43947 | Loss: 3.2997 | LR: 0.000010
Epoch 19/100 | Batch 15400/43947 | Loss: 3.1730 | LR: 0.000010
Epoch 19/100 | Batch 15500/43947 | Loss: 3.2107 | LR: 0.000010
Epoch 19/100 | Batch 15600/43947 | Loss: 3.1263 | LR: 0.000010
Epoch 19/100 | Batch 15700/43947 | Loss: 3.2369 | LR: 0.000010
Epoch 19/100 | Batch 15800/43947 | Loss: 3.1482 | LR: 0.000010
Epoch 19/100 | Batch 15900/43947 | Loss: 3.1426 | LR: 0.000010
Epoch 19/100 | Batch 16000/43947 | Loss: 3.2038 | LR: 0.000010
Epoch 19/100 | Batch 16100/43947 | Loss: 3.1734 | LR: 0.000010
Epoch 19/100 | Batch 16200/43947 | Loss: 3.1414 | LR: 0.000010
Epoch 19/100 | Batch 16300/43947 | Loss: 3.2120 | LR: 0.000010
Epoch 19/100 | Batch 16400/43947 | Loss: 3.1425 | LR: 0.000010
Epoch 19/100 | Batch 16500/43947 | Loss: 3.1872 | LR: 0.000010
Epoch 19/100 | Batch 16600/43947 | Loss: 3.1941 | LR: 0.000010
Epoch 19/100 | Batch 16700/43947 | Loss: 3.2215 | LR: 0.000010
Epoch 19/100 | Batch 16800/43947 | Loss: 3.2814 | LR: 0.000010
Epoch 19/100 | Batch 16900/43947 | Loss: 3.1232 | LR: 0.000010
Epoch 19/100 | Batch 17000/43947 | Loss: 3.2156 | LR: 0.000010
Epoch 19/100 | Batch 17100/43947 | Loss: 3.2240 | LR: 0.000010
Epoch 19/100 | Batch 17200/43947 | Loss: 3.1697 | LR: 0.000010
Epoch 19/100 | Batch 17300/43947 | Loss: 3.2069 | LR: 0.000010
Epoch 19/100 | Batch 17400/43947 | Loss: 3.2125 | LR: 0.000010
Epoch 19/100 | Batch 17500/43947 | Loss: 3.2289 | LR: 0.000010
Epoch 19/100 | Batch 17600/43947 | Loss: 3.1561 | LR: 0.000010
Epoch 19/100 | Batch 17700/43947 | Loss: 3.1780 | LR: 0.000010
Epoch 19/100 | Batch 17800/43947 | Loss: 3.1980 | LR: 0.000010
Epoch 19/100 | Batch 17900/43947 | Loss: 3.2123 | LR: 0.000010
Epoch 19/100 | Batch 18000/43947 | Loss: 3.2275 | LR: 0.000010
Epoch 19/100 | Batch 18100/43947 | Loss: 3.2761 | LR: 0.000010
Epoch 19/100 | Batch 18200/43947 | Loss: 3.1785 | LR: 0.000010
Epoch 19/100 | Batch 18300/43947 | Loss: 3.1452 | LR: 0.000010
Epoch 19/100 | Batch 18400/43947 | Loss: 3.1027 | LR: 0.000010
Epoch 19/100 | Batch 18500/43947 | Loss: 3.1519 | LR: 0.000010
Epoch 19/100 | Batch 18600/43947 | Loss: 3.1925 | LR: 0.000010
Epoch 19/100 | Batch 18700/43947 | Loss: 3.2023 | LR: 0.000010
Epoch 19/100 | Batch 18800/43947 | Loss: 3.1677 | LR: 0.000010
Epoch 19/100 | Batch 18900/43947 | Loss: 3.2516 | LR: 0.000010
Epoch 19/100 | Batch 19000/43947 | Loss: 3.2084 | LR: 0.000010
Epoch 19/100 | Batch 19100/43947 | Loss: 3.2329 | LR: 0.000010
Epoch 19/100 | Batch 19200/43947 | Loss: 3.1573 | LR: 0.000010
Epoch 19/100 | Batch 19300/43947 | Loss: 3.1783 | LR: 0.000010
Epoch 19/100 | Batch 19400/43947 | Loss: 3.1691 | LR: 0.000010
Epoch 19/100 | Batch 19500/43947 | Loss: 3.1771 | LR: 0.000010
Epoch 19/100 | Batch 19600/43947 | Loss: 3.1497 | LR: 0.000010
Epoch 19/100 | Batch 19700/43947 | Loss: 3.1620 | LR: 0.000010
Epoch 19/100 | Batch 19800/43947 | Loss: 3.1756 | LR: 0.000010
Epoch 19/100 | Batch 19900/43947 | Loss: 3.1862 | LR: 0.000010
Epoch 19/100 | Batch 20000/43947 | Loss: 3.2613 | LR: 0.000010
Epoch 19/100 | Batch 20100/43947 | Loss: 3.1552 | LR: 0.000010
Epoch 19/100 | Batch 20200/43947 | Loss: 3.1342 | LR: 0.000010
Epoch 19/100 | Batch 20300/43947 | Loss: 3.2005 | LR: 0.000010
Epoch 19/100 | Batch 20400/43947 | Loss: 3.1973 | LR: 0.000010
Epoch 19/100 | Batch 20500/43947 | Loss: 3.2126 | LR: 0.000010
Epoch 19/100 | Batch 20600/43947 | Loss: 3.1561 | LR: 0.000010
Epoch 19/100 | Batch 20700/43947 | Loss: 3.1192 | LR: 0.000010
Epoch 19/100 | Batch 20800/43947 | Loss: 3.1708 | LR: 0.000010
Epoch 19/100 | Batch 20900/43947 | Loss: 3.1643 | LR: 0.000010
Epoch 19/100 | Batch 21000/43947 | Loss: 3.2275 | LR: 0.000010
Epoch 19/100 | Batch 21100/43947 | Loss: 3.1885 | LR: 0.000010
Epoch 19/100 | Batch 21200/43947 | Loss: 3.1074 | LR: 0.000010
Epoch 19/100 | Batch 21300/43947 | Loss: 3.1924 | LR: 0.000010
Epoch 19/100 | Batch 21400/43947 | Loss: 3.1912 | LR: 0.000010
Epoch 19/100 | Batch 21500/43947 | Loss: 3.1453 | LR: 0.000010
Epoch 19/100 | Batch 21600/43947 | Loss: 3.1153 | LR: 0.000010
Epoch 19/100 | Batch 21700/43947 | Loss: 3.2317 | LR: 0.000010
Epoch 19/100 | Batch 21800/43947 | Loss: 3.1990 | LR: 0.000010
Epoch 19/100 | Batch 21900/43947 | Loss: 3.2308 | LR: 0.000010
Epoch 19/100 | Batch 22000/43947 | Loss: 3.1274 | LR: 0.000010
Epoch 19/100 | Batch 22100/43947 | Loss: 3.2080 | LR: 0.000010
Epoch 19/100 | Batch 22200/43947 | Loss: 3.1813 | LR: 0.000010
Epoch 19/100 | Batch 22300/43947 | Loss: 3.2536 | LR: 0.000010
Epoch 19/100 | Batch 22400/43947 | Loss: 3.1769 | LR: 0.000010
Epoch 19/100 | Batch 22500/43947 | Loss: 3.1725 | LR: 0.000010
Epoch 19/100 | Batch 22600/43947 | Loss: 3.1982 | LR: 0.000010
Epoch 19/100 | Batch 22700/43947 | Loss: 3.1759 | LR: 0.000010
Epoch 19/100 | Batch 22800/43947 | Loss: 3.1719 | LR: 0.000010
Epoch 19/100 | Batch 22900/43947 | Loss: 3.1646 | LR: 0.000010
Epoch 19/100 | Batch 23000/43947 | Loss: 3.1596 | LR: 0.000010
Epoch 19/100 | Batch 23100/43947 | Loss: 3.1617 | LR: 0.000010
Epoch 19/100 | Batch 23200/43947 | Loss: 3.1701 | LR: 0.000010
Epoch 19/100 | Batch 23300/43947 | Loss: 3.1325 | LR: 0.000010
Epoch 19/100 | Batch 23400/43947 | Loss: 3.1461 | LR: 0.000010
Epoch 19/100 | Batch 23500/43947 | Loss: 3.2022 | LR: 0.000010
Epoch 19/100 | Batch 23600/43947 | Loss: 3.2579 | LR: 0.000010
Epoch 19/100 | Batch 23700/43947 | Loss: 3.2155 | LR: 0.000010
Epoch 19/100 | Batch 23800/43947 | Loss: 3.1844 | LR: 0.000010
Epoch 19/100 | Batch 23900/43947 | Loss: 3.2033 | LR: 0.000010
Epoch 19/100 | Batch 24000/43947 | Loss: 3.2043 | LR: 0.000010
Epoch 19/100 | Batch 24100/43947 | Loss: 3.1702 | LR: 0.000010
Epoch 19/100 | Batch 24200/43947 | Loss: 3.1614 | LR: 0.000010
Epoch 19/100 | Batch 24300/43947 | Loss: 3.1794 | LR: 0.000010
Epoch 19/100 | Batch 24400/43947 | Loss: 3.2009 | LR: 0.000010
Epoch 19/100 | Batch 24500/43947 | Loss: 3.2116 | LR: 0.000010
Epoch 19/100 | Batch 24600/43947 | Loss: 3.1899 | LR: 0.000010
Epoch 19/100 | Batch 24700/43947 | Loss: 3.2221 | LR: 0.000010
Epoch 19/100 | Batch 24800/43947 | Loss: 3.1786 | LR: 0.000010
Epoch 19/100 | Batch 24900/43947 | Loss: 3.2297 | LR: 0.000010
Epoch 19/100 | Batch 25000/43947 | Loss: 3.1766 | LR: 0.000010
Epoch 19/100 | Batch 25100/43947 | Loss: 3.2109 | LR: 0.000010
Epoch 19/100 | Batch 25200/43947 | Loss: 3.2389 | LR: 0.000010
Epoch 19/100 | Batch 25300/43947 | Loss: 3.1595 | LR: 0.000010
Epoch 19/100 | Batch 25400/43947 | Loss: 3.2003 | LR: 0.000010
Epoch 19/100 | Batch 25500/43947 | Loss: 3.2509 | LR: 0.000010
Epoch 19/100 | Batch 25600/43947 | Loss: 3.1681 | LR: 0.000010
Epoch 19/100 | Batch 25700/43947 | Loss: 3.2166 | LR: 0.000010
Epoch 19/100 | Batch 25800/43947 | Loss: 3.1437 | LR: 0.000010
Epoch 19/100 | Batch 25900/43947 | Loss: 3.2717 | LR: 0.000010
Epoch 19/100 | Batch 26000/43947 | Loss: 3.2038 | LR: 0.000010
Epoch 19/100 | Batch 26100/43947 | Loss: 3.2762 | LR: 0.000010
Epoch 19/100 | Batch 26200/43947 | Loss: 3.2198 | LR: 0.000010
Epoch 19/100 | Batch 26300/43947 | Loss: 3.1580 | LR: 0.000010
Epoch 19/100 | Batch 26400/43947 | Loss: 3.1979 | LR: 0.000010
Epoch 19/100 | Batch 26500/43947 | Loss: 3.1597 | LR: 0.000010
Epoch 19/100 | Batch 26600/43947 | Loss: 3.1964 | LR: 0.000010
Epoch 19/100 | Batch 26700/43947 | Loss: 3.2939 | LR: 0.000010
Epoch 19/100 | Batch 26800/43947 | Loss: 3.2434 | LR: 0.000010
Epoch 19/100 | Batch 26900/43947 | Loss: 3.1818 | LR: 0.000010
Epoch 19/100 | Batch 27000/43947 | Loss: 3.2231 | LR: 0.000010
Epoch 19/100 | Batch 27100/43947 | Loss: 3.1836 | LR: 0.000010
Epoch 19/100 | Batch 27200/43947 | Loss: 3.1982 | LR: 0.000010
Epoch 19/100 | Batch 27300/43947 | Loss: 3.1684 | LR: 0.000010
Epoch 19/100 | Batch 27400/43947 | Loss: 3.2243 | LR: 0.000010
Epoch 19/100 | Batch 27500/43947 | Loss: 3.1872 | LR: 0.000010
Epoch 19/100 | Batch 27600/43947 | Loss: 3.1136 | LR: 0.000010
Epoch 19/100 | Batch 27700/43947 | Loss: 3.1252 | LR: 0.000010
Epoch 19/100 | Batch 27800/43947 | Loss: 3.1845 | LR: 0.000010
Epoch 19/100 | Batch 27900/43947 | Loss: 3.1885 | LR: 0.000010
Epoch 19/100 | Batch 28000/43947 | Loss: 3.1714 | LR: 0.000010
Epoch 19/100 | Batch 28100/43947 | Loss: 3.1499 | LR: 0.000010
Epoch 19/100 | Batch 28200/43947 | Loss: 3.2429 | LR: 0.000010
Epoch 19/100 | Batch 28300/43947 | Loss: 3.1728 | LR: 0.000010
Epoch 19/100 | Batch 28400/43947 | Loss: 3.1821 | LR: 0.000010
Epoch 19/100 | Batch 28500/43947 | Loss: 3.1749 | LR: 0.000010
Epoch 19/100 | Batch 28600/43947 | Loss: 3.2044 | LR: 0.000010
Epoch 19/100 | Batch 28700/43947 | Loss: 3.2185 | LR: 0.000010
Epoch 19/100 | Batch 28800/43947 | Loss: 3.1313 | LR: 0.000010
Epoch 19/100 | Batch 28900/43947 | Loss: 3.2097 | LR: 0.000010
Epoch 19/100 | Batch 29000/43947 | Loss: 3.1975 | LR: 0.000010
Epoch 19/100 | Batch 29100/43947 | Loss: 3.1364 | LR: 0.000010
Epoch 19/100 | Batch 29200/43947 | Loss: 3.2038 | LR: 0.000010
Epoch 19/100 | Batch 29300/43947 | Loss: 3.2067 | LR: 0.000010
Epoch 19/100 | Batch 29400/43947 | Loss: 3.1376 | LR: 0.000010
Epoch 19/100 | Batch 29500/43947 | Loss: 3.1722 | LR: 0.000010
Epoch 19/100 | Batch 29600/43947 | Loss: 3.2361 | LR: 0.000010
Epoch 19/100 | Batch 29700/43947 | Loss: 3.2129 | LR: 0.000010
Epoch 19/100 | Batch 29800/43947 | Loss: 3.1619 | LR: 0.000010
Epoch 19/100 | Batch 29900/43947 | Loss: 3.1735 | LR: 0.000010
Epoch 19/100 | Batch 30000/43947 | Loss: 3.2797 | LR: 0.000010
Epoch 19/100 | Batch 30100/43947 | Loss: 3.1672 | LR: 0.000010
Epoch 19/100 | Batch 30200/43947 | Loss: 3.1725 | LR: 0.000010
Epoch 19/100 | Batch 30300/43947 | Loss: 3.2066 | LR: 0.000010
Epoch 19/100 | Batch 30400/43947 | Loss: 3.2282 | LR: 0.000010
Epoch 19/100 | Batch 30500/43947 | Loss: 3.2114 | LR: 0.000010
Epoch 19/100 | Batch 30600/43947 | Loss: 3.1421 | LR: 0.000010
Epoch 19/100 | Batch 30700/43947 | Loss: 3.1824 | LR: 0.000010
Epoch 19/100 | Batch 30800/43947 | Loss: 3.1589 | LR: 0.000010
Epoch 19/100 | Batch 30900/43947 | Loss: 3.1797 | LR: 0.000010
Epoch 19/100 | Batch 31000/43947 | Loss: 3.1934 | LR: 0.000010
Epoch 19/100 | Batch 31100/43947 | Loss: 3.2728 | LR: 0.000010
Epoch 19/100 | Batch 31200/43947 | Loss: 3.1763 | LR: 0.000010
Epoch 19/100 | Batch 31300/43947 | Loss: 3.2051 | LR: 0.000010
Epoch 19/100 | Batch 31400/43947 | Loss: 3.1729 | LR: 0.000010
Epoch 19/100 | Batch 31500/43947 | Loss: 3.1265 | LR: 0.000010
Epoch 19/100 | Batch 31600/43947 | Loss: 3.2075 | LR: 0.000010
Epoch 19/100 | Batch 31700/43947 | Loss: 3.1371 | LR: 0.000010
Epoch 19/100 | Batch 31800/43947 | Loss: 3.2344 | LR: 0.000010
Epoch 19/100 | Batch 31900/43947 | Loss: 3.2992 | LR: 0.000010
Epoch 19/100 | Batch 32000/43947 | Loss: 3.1700 | LR: 0.000010
Epoch 19/100 | Batch 32100/43947 | Loss: 3.1711 | LR: 0.000010
Epoch 19/100 | Batch 32200/43947 | Loss: 3.2111 | LR: 0.000010
Epoch 19/100 | Batch 32300/43947 | Loss: 3.1138 | LR: 0.000010
Epoch 19/100 | Batch 32400/43947 | Loss: 3.2573 | LR: 0.000010
Epoch 19/100 | Batch 32500/43947 | Loss: 3.2493 | LR: 0.000010
Epoch 19/100 | Batch 32600/43947 | Loss: 3.1356 | LR: 0.000010
Epoch 19/100 | Batch 32700/43947 | Loss: 3.1518 | LR: 0.000010
Epoch 19/100 | Batch 32800/43947 | Loss: 3.2350 | LR: 0.000010
Epoch 19/100 | Batch 32900/43947 | Loss: 3.1501 | LR: 0.000010
Epoch 19/100 | Batch 33000/43947 | Loss: 3.2147 | LR: 0.000010
Epoch 19/100 | Batch 33100/43947 | Loss: 3.1716 | LR: 0.000010
Epoch 19/100 | Batch 33200/43947 | Loss: 3.1873 | LR: 0.000010
Epoch 19/100 | Batch 33300/43947 | Loss: 3.2351 | LR: 0.000010
Epoch 19/100 | Batch 33400/43947 | Loss: 3.1633 | LR: 0.000010
Epoch 19/100 | Batch 33500/43947 | Loss: 3.1381 | LR: 0.000010
Epoch 19/100 | Batch 33600/43947 | Loss: 3.1221 | LR: 0.000010
Epoch 19/100 | Batch 33700/43947 | Loss: 3.1637 | LR: 0.000010
Epoch 19/100 | Batch 33800/43947 | Loss: 3.1973 | LR: 0.000010
Epoch 19/100 | Batch 33900/43947 | Loss: 3.2349 | LR: 0.000010
Epoch 19/100 | Batch 34000/43947 | Loss: 3.1612 | LR: 0.000010
Epoch 19/100 | Batch 34100/43947 | Loss: 3.1590 | LR: 0.000010
Epoch 19/100 | Batch 34200/43947 | Loss: 3.1658 | LR: 0.000010
Epoch 19/100 | Batch 34300/43947 | Loss: 3.2367 | LR: 0.000010
Epoch 19/100 | Batch 34400/43947 | Loss: 3.1862 | LR: 0.000010
Epoch 19/100 | Batch 34500/43947 | Loss: 3.1481 | LR: 0.000010
Epoch 19/100 | Batch 34600/43947 | Loss: 3.2103 | LR: 0.000010
Epoch 19/100 | Batch 34700/43947 | Loss: 3.1583 | LR: 0.000010
Epoch 19/100 | Batch 34800/43947 | Loss: 3.2193 | LR: 0.000010
Epoch 19/100 | Batch 34900/43947 | Loss: 3.2494 | LR: 0.000010
Epoch 19/100 | Batch 35000/43947 | Loss: 3.1881 | LR: 0.000010
Epoch 19/100 | Batch 35100/43947 | Loss: 3.2002 | LR: 0.000010
Epoch 19/100 | Batch 35200/43947 | Loss: 3.2195 | LR: 0.000010
Epoch 19/100 | Batch 35300/43947 | Loss: 3.2223 | LR: 0.000010
Epoch 19/100 | Batch 35400/43947 | Loss: 3.1567 | LR: 0.000010
Epoch 19/100 | Batch 35500/43947 | Loss: 3.1851 | LR: 0.000010
Epoch 19/100 | Batch 35600/43947 | Loss: 3.1815 | LR: 0.000010
Epoch 19/100 | Batch 35700/43947 | Loss: 3.1499 | LR: 0.000010
Epoch 19/100 | Batch 35800/43947 | Loss: 3.1828 | LR: 0.000010
Epoch 19/100 | Batch 35900/43947 | Loss: 3.1474 | LR: 0.000010
Epoch 19/100 | Batch 36000/43947 | Loss: 3.2119 | LR: 0.000010
Epoch 19/100 | Batch 36100/43947 | Loss: 3.1645 | LR: 0.000010
Epoch 19/100 | Batch 36200/43947 | Loss: 3.1964 | LR: 0.000010
Epoch 19/100 | Batch 36300/43947 | Loss: 3.2842 | LR: 0.000010
Epoch 19/100 | Batch 36400/43947 | Loss: 3.1696 | LR: 0.000010
Epoch 19/100 | Batch 36500/43947 | Loss: 3.1597 | LR: 0.000010
Epoch 19/100 | Batch 36600/43947 | Loss: 3.1771 | LR: 0.000010
Epoch 19/100 | Batch 36700/43947 | Loss: 3.1934 | LR: 0.000010
Epoch 19/100 | Batch 36800/43947 | Loss: 3.1533 | LR: 0.000010
Epoch 19/100 | Batch 36900/43947 | Loss: 3.1617 | LR: 0.000010
Epoch 19/100 | Batch 37000/43947 | Loss: 3.1679 | LR: 0.000010
Epoch 19/100 | Batch 37100/43947 | Loss: 3.2144 | LR: 0.000010
Epoch 19/100 | Batch 37200/43947 | Loss: 3.1711 | LR: 0.000010
Epoch 19/100 | Batch 37300/43947 | Loss: 3.2403 | LR: 0.000010
Epoch 19/100 | Batch 37400/43947 | Loss: 3.2427 | LR: 0.000010
Epoch 19/100 | Batch 37500/43947 | Loss: 3.1533 | LR: 0.000010
Epoch 19/100 | Batch 37600/43947 | Loss: 3.1710 | LR: 0.000010
Epoch 19/100 | Batch 37700/43947 | Loss: 3.1591 | LR: 0.000010
Epoch 19/100 | Batch 37800/43947 | Loss: 3.1775 | LR: 0.000010
Epoch 19/100 | Batch 37900/43947 | Loss: 3.2209 | LR: 0.000010
Epoch 19/100 | Batch 38000/43947 | Loss: 3.1913 | LR: 0.000010
Epoch 19/100 | Batch 38100/43947 | Loss: 3.1854 | LR: 0.000010
Epoch 19/100 | Batch 38200/43947 | Loss: 3.1356 | LR: 0.000010
Epoch 19/100 | Batch 38300/43947 | Loss: 3.1362 | LR: 0.000010
Epoch 19/100 | Batch 38400/43947 | Loss: 3.1614 | LR: 0.000010
Epoch 19/100 | Batch 38500/43947 | Loss: 3.1353 | LR: 0.000010
Epoch 19/100 | Batch 38600/43947 | Loss: 3.1814 | LR: 0.000010
Epoch 19/100 | Batch 38700/43947 | Loss: 3.2035 | LR: 0.000010
Epoch 19/100 | Batch 38800/43947 | Loss: 3.1836 | LR: 0.000010
Epoch 19/100 | Batch 38900/43947 | Loss: 3.1304 | LR: 0.000010
Epoch 19/100 | Batch 39000/43947 | Loss: 3.1554 | LR: 0.000010
Epoch 19/100 | Batch 39100/43947 | Loss: 3.2176 | LR: 0.000010
Epoch 19/100 | Batch 39200/43947 | Loss: 3.2121 | LR: 0.000010
Epoch 19/100 | Batch 39300/43947 | Loss: 3.1611 | LR: 0.000010
Epoch 19/100 | Batch 39400/43947 | Loss: 3.1735 | LR: 0.000010
Epoch 19/100 | Batch 39500/43947 | Loss: 3.1920 | LR: 0.000010
Epoch 19/100 | Batch 39600/43947 | Loss: 3.1485 | LR: 0.000010
Epoch 19/100 | Batch 39700/43947 | Loss: 3.1962 | LR: 0.000010
Epoch 19/100 | Batch 39800/43947 | Loss: 3.2268 | LR: 0.000010
Epoch 19/100 | Batch 39900/43947 | Loss: 3.1826 | LR: 0.000010
Epoch 19/100 | Batch 40000/43947 | Loss: 3.1200 | LR: 0.000010
Epoch 19/100 | Batch 40100/43947 | Loss: 3.2231 | LR: 0.000010
Epoch 19/100 | Batch 40200/43947 | Loss: 3.2131 | LR: 0.000010
Epoch 19/100 | Batch 40300/43947 | Loss: 3.1780 | LR: 0.000010
Epoch 19/100 | Batch 40400/43947 | Loss: 3.1411 | LR: 0.000010
Epoch 19/100 | Batch 40500/43947 | Loss: 3.1777 | LR: 0.000010
Epoch 19/100 | Batch 40600/43947 | Loss: 3.1434 | LR: 0.000010
Epoch 19/100 | Batch 40700/43947 | Loss: 3.1903 | LR: 0.000010
Epoch 19/100 | Batch 40800/43947 | Loss: 3.1447 | LR: 0.000010
Epoch 19/100 | Batch 40900/43947 | Loss: 3.1384 | LR: 0.000010
Epoch 19/100 | Batch 41000/43947 | Loss: 3.1567 | LR: 0.000010
Epoch 19/100 | Batch 41100/43947 | Loss: 3.1937 | LR: 0.000010
Epoch 19/100 | Batch 41200/43947 | Loss: 3.1423 | LR: 0.000010
Epoch 19/100 | Batch 41300/43947 | Loss: 3.1991 | LR: 0.000010
Epoch 19/100 | Batch 41400/43947 | Loss: 3.1567 | LR: 0.000010
Epoch 19/100 | Batch 41500/43947 | Loss: 3.1630 | LR: 0.000010
Epoch 19/100 | Batch 41600/43947 | Loss: 3.1447 | LR: 0.000010
Epoch 19/100 | Batch 41700/43947 | Loss: 3.1306 | LR: 0.000010
Epoch 19/100 | Batch 41800/43947 | Loss: 3.2008 | LR: 0.000010
Epoch 19/100 | Batch 41900/43947 | Loss: 3.1928 | LR: 0.000010
Epoch 19/100 | Batch 42000/43947 | Loss: 3.1577 | LR: 0.000010
Epoch 19/100 | Batch 42100/43947 | Loss: 3.1814 | LR: 0.000010
Epoch 19/100 | Batch 42200/43947 | Loss: 3.1952 | LR: 0.000010
Epoch 19/100 | Batch 42300/43947 | Loss: 3.1705 | LR: 0.000010
Epoch 19/100 | Batch 42400/43947 | Loss: 3.1560 | LR: 0.000010
Epoch 19/100 | Batch 42500/43947 | Loss: 3.1560 | LR: 0.000010
Epoch 19/100 | Batch 42600/43947 | Loss: 3.1419 | LR: 0.000010
Epoch 19/100 | Batch 42700/43947 | Loss: 3.1401 | LR: 0.000010
Epoch 19/100 | Batch 42800/43947 | Loss: 3.1478 | LR: 0.000010
Epoch 19/100 | Batch 42900/43947 | Loss: 3.2264 | LR: 0.000010
Epoch 19/100 | Batch 43000/43947 | Loss: 3.1609 | LR: 0.000010
Epoch 19/100 | Batch 43100/43947 | Loss: 3.2599 | LR: 0.000010
Epoch 19/100 | Batch 43200/43947 | Loss: 3.2819 | LR: 0.000010
Epoch 19/100 | Batch 43300/43947 | Loss: 3.1573 | LR: 0.000010
Epoch 19/100 | Batch 43400/43947 | Loss: 3.1597 | LR: 0.000010
Epoch 19/100 | Batch 43500/43947 | Loss: 3.1547 | LR: 0.000010
Epoch 19/100 | Batch 43600/43947 | Loss: 3.1904 | LR: 0.000010
Epoch 19/100 | Batch 43700/43947 | Loss: 3.1563 | LR: 0.000010
Epoch 19/100 | Batch 43800/43947 | Loss: 3.1850 | LR: 0.000010
Epoch 19/100 | Batch 43900/43947 | Loss: 3.1466 | LR: 0.000010

Epoch 19/100 Summary:
Average Training Loss: 3.1887
Average Validation Loss: 3.0531
Best Validation Loss: 3.0531
Learning Rate: 0.000010
Epoch 20/100 | Batch 0/43947 | Loss: 3.2810 | LR: 0.000010
Epoch 20/100 | Batch 100/43947 | Loss: 3.1073 | LR: 0.000010
Epoch 20/100 | Batch 200/43947 | Loss: 3.2246 | LR: 0.000010
Epoch 20/100 | Batch 300/43947 | Loss: 3.1193 | LR: 0.000010
Epoch 20/100 | Batch 400/43947 | Loss: 3.2612 | LR: 0.000010
Epoch 20/100 | Batch 500/43947 | Loss: 3.2150 | LR: 0.000010
Epoch 20/100 | Batch 600/43947 | Loss: 3.2453 | LR: 0.000010
Epoch 20/100 | Batch 700/43947 | Loss: 3.1892 | LR: 0.000010
Epoch 20/100 | Batch 800/43947 | Loss: 3.1968 | LR: 0.000010
Epoch 20/100 | Batch 900/43947 | Loss: 3.2102 | LR: 0.000010
Epoch 20/100 | Batch 1000/43947 | Loss: 3.2001 | LR: 0.000010
Epoch 20/100 | Batch 1100/43947 | Loss: 3.3353 | LR: 0.000010
Epoch 20/100 | Batch 1200/43947 | Loss: 3.1682 | LR: 0.000010
Epoch 20/100 | Batch 1300/43947 | Loss: 3.2399 | LR: 0.000010
Epoch 20/100 | Batch 1400/43947 | Loss: 3.1373 | LR: 0.000010
Epoch 20/100 | Batch 1500/43947 | Loss: 3.2335 | LR: 0.000010
Epoch 20/100 | Batch 1600/43947 | Loss: 3.2361 | LR: 0.000010
Epoch 20/100 | Batch 1700/43947 | Loss: 3.1515 | LR: 0.000010
Epoch 20/100 | Batch 1800/43947 | Loss: 3.1298 | LR: 0.000010
Epoch 20/100 | Batch 1900/43947 | Loss: 3.2109 | LR: 0.000010
Epoch 20/100 | Batch 2000/43947 | Loss: 3.3395 | LR: 0.000010
Epoch 20/100 | Batch 2100/43947 | Loss: 3.1693 | LR: 0.000010
Epoch 20/100 | Batch 2200/43947 | Loss: 3.2386 | LR: 0.000010
Epoch 20/100 | Batch 2300/43947 | Loss: 3.1834 | LR: 0.000010
Epoch 20/100 | Batch 2400/43947 | Loss: 3.1681 | LR: 0.000010
Epoch 20/100 | Batch 2500/43947 | Loss: 3.2020 | LR: 0.000010
Epoch 20/100 | Batch 2600/43947 | Loss: 3.2084 | LR: 0.000010
Epoch 20/100 | Batch 2700/43947 | Loss: 3.2208 | LR: 0.000010
Epoch 20/100 | Batch 2800/43947 | Loss: 3.1875 | LR: 0.000010
Epoch 20/100 | Batch 2900/43947 | Loss: 3.1583 | LR: 0.000010
Epoch 20/100 | Batch 3000/43947 | Loss: 3.1693 | LR: 0.000010
Epoch 20/100 | Batch 3100/43947 | Loss: 3.1418 | LR: 0.000010
Epoch 20/100 | Batch 3200/43947 | Loss: 3.1411 | LR: 0.000010
Epoch 20/100 | Batch 3300/43947 | Loss: 3.1468 | LR: 0.000010
Epoch 20/100 | Batch 3400/43947 | Loss: 3.1213 | LR: 0.000010
Epoch 20/100 | Batch 3500/43947 | Loss: 3.2272 | LR: 0.000010
Epoch 20/100 | Batch 3600/43947 | Loss: 3.1371 | LR: 0.000010
Epoch 20/100 | Batch 3700/43947 | Loss: 3.2178 | LR: 0.000010
Epoch 20/100 | Batch 3800/43947 | Loss: 3.2557 | LR: 0.000010
Epoch 20/100 | Batch 3900/43947 | Loss: 3.2072 | LR: 0.000010
Epoch 20/100 | Batch 4000/43947 | Loss: 3.1823 | LR: 0.000010
Epoch 20/100 | Batch 4100/43947 | Loss: 3.2313 | LR: 0.000010
Epoch 20/100 | Batch 4200/43947 | Loss: 3.1560 | LR: 0.000010
Epoch 20/100 | Batch 4300/43947 | Loss: 3.2001 | LR: 0.000010
Epoch 20/100 | Batch 4400/43947 | Loss: 3.1623 | LR: 0.000010
Epoch 20/100 | Batch 4500/43947 | Loss: 3.1940 | LR: 0.000010
Epoch 20/100 | Batch 4600/43947 | Loss: 3.1943 | LR: 0.000010
Epoch 20/100 | Batch 4700/43947 | Loss: 3.2192 | LR: 0.000010
Epoch 20/100 | Batch 4800/43947 | Loss: 3.1911 | LR: 0.000010
Epoch 20/100 | Batch 4900/43947 | Loss: 3.1913 | LR: 0.000010
Epoch 20/100 | Batch 5000/43947 | Loss: 3.1639 | LR: 0.000010
Epoch 20/100 | Batch 5100/43947 | Loss: 3.2128 | LR: 0.000010
Epoch 20/100 | Batch 5200/43947 | Loss: 3.2086 | LR: 0.000010
Epoch 20/100 | Batch 5300/43947 | Loss: 3.2090 | LR: 0.000010
Epoch 20/100 | Batch 5400/43947 | Loss: 3.1246 | LR: 0.000010
Epoch 20/100 | Batch 5500/43947 | Loss: 3.1759 | LR: 0.000010
Epoch 20/100 | Batch 5600/43947 | Loss: 3.1812 | LR: 0.000010
Epoch 20/100 | Batch 5700/43947 | Loss: 3.1914 | LR: 0.000010
Epoch 20/100 | Batch 5800/43947 | Loss: 3.1526 | LR: 0.000010
Epoch 20/100 | Batch 5900/43947 | Loss: 3.1754 | LR: 0.000010
Epoch 20/100 | Batch 6000/43947 | Loss: 3.1953 | LR: 0.000010
Epoch 20/100 | Batch 6100/43947 | Loss: 3.1797 | LR: 0.000010
Epoch 20/100 | Batch 6200/43947 | Loss: 3.2103 | LR: 0.000010
Epoch 20/100 | Batch 6300/43947 | Loss: 3.1913 | LR: 0.000010
Epoch 20/100 | Batch 6400/43947 | Loss: 3.3091 | LR: 0.000010
Epoch 20/100 | Batch 6500/43947 | Loss: 3.2289 | LR: 0.000010
Epoch 20/100 | Batch 6600/43947 | Loss: 3.1036 | LR: 0.000010
Epoch 20/100 | Batch 6700/43947 | Loss: 3.1878 | LR: 0.000010
Epoch 20/100 | Batch 6800/43947 | Loss: 3.3332 | LR: 0.000010
Epoch 20/100 | Batch 6900/43947 | Loss: 3.2254 | LR: 0.000010
Epoch 20/100 | Batch 7000/43947 | Loss: 3.1980 | LR: 0.000010
Epoch 20/100 | Batch 7100/43947 | Loss: 3.1992 | LR: 0.000010
Epoch 20/100 | Batch 7200/43947 | Loss: 3.2428 | LR: 0.000010
Epoch 20/100 | Batch 7300/43947 | Loss: 3.2444 | LR: 0.000010
Epoch 20/100 | Batch 7400/43947 | Loss: 3.1434 | LR: 0.000010
Epoch 20/100 | Batch 7500/43947 | Loss: 3.1690 | LR: 0.000010
Epoch 20/100 | Batch 7600/43947 | Loss: 3.1064 | LR: 0.000010
Epoch 20/100 | Batch 7700/43947 | Loss: 3.2079 | LR: 0.000010
