Using device: cuda
Loading training data...
Loading data from data/enwik8
Training model...
Training on device: cuda
Using mixed precision training (FP16)
Using gradient accumulation with 4 steps
Effective batch size: 128
Epoch 1/40, Batch 10/2746, Loss: 5.5748
Epoch 1/40, Batch 20/2746, Loss: 5.5424
Epoch 1/40, Batch 30/2746, Loss: 5.5008
Epoch 1/40, Batch 40/2746, Loss: 5.4980
Epoch 1/40, Batch 50/2746, Loss: 5.4482
Epoch 1/40, Batch 60/2746, Loss: 5.4122
Epoch 1/40, Batch 70/2746, Loss: 5.3464
Epoch 1/40, Batch 80/2746, Loss: 5.2655
Epoch 1/40, Batch 90/2746, Loss: 5.1796
Epoch 1/40, Batch 100/2746, Loss: 5.1388
Epoch 1/40, Batch 110/2746, Loss: 5.0241
Epoch 1/40, Batch 120/2746, Loss: 4.9485
Epoch 1/40, Batch 130/2746, Loss: 4.8399
Epoch 1/40, Batch 140/2746, Loss: 4.8699
Epoch 1/40, Batch 150/2746, Loss: 4.7224
Epoch 1/40, Batch 160/2746, Loss: 4.5668
Epoch 1/40, Batch 170/2746, Loss: 4.4657
Epoch 1/40, Batch 180/2746, Loss: 4.4092
Epoch 1/40, Batch 190/2746, Loss: 4.3405
Epoch 1/40, Batch 200/2746, Loss: 4.5985
Epoch 1/40, Batch 210/2746, Loss: 4.2369
Epoch 1/40, Batch 220/2746, Loss: 4.2166
Epoch 1/40, Batch 230/2746, Loss: 4.0796
Epoch 1/40, Batch 240/2746, Loss: 4.0490
Epoch 1/40, Batch 250/2746, Loss: 3.9711
Epoch 1/40, Batch 260/2746, Loss: 4.0791
Epoch 1/40, Batch 270/2746, Loss: 3.9773
Epoch 1/40, Batch 280/2746, Loss: 3.9959
Epoch 1/40, Batch 290/2746, Loss: 3.9817
Epoch 1/40, Batch 300/2746, Loss: 3.9202
Epoch 1/40, Batch 310/2746, Loss: 3.8506
Epoch 1/40, Batch 320/2746, Loss: 3.8591
Epoch 1/40, Batch 330/2746, Loss: 3.8554
Epoch 1/40, Batch 340/2746, Loss: 3.8780
Epoch 1/40, Batch 350/2746, Loss: 3.8564
Epoch 1/40, Batch 360/2746, Loss: 3.7829
Epoch 1/40, Batch 370/2746, Loss: 3.8374
Epoch 1/40, Batch 380/2746, Loss: 3.7929
Epoch 1/40, Batch 390/2746, Loss: 3.7251
Epoch 1/40, Batch 400/2746, Loss: 3.7355
Epoch 1/40, Batch 410/2746, Loss: 3.6526
Epoch 1/40, Batch 420/2746, Loss: 3.7011
Epoch 1/40, Batch 430/2746, Loss: 3.6662
Epoch 1/40, Batch 440/2746, Loss: 3.6357
Epoch 1/40, Batch 450/2746, Loss: 3.6193
Epoch 1/40, Batch 460/2746, Loss: 3.6248
Epoch 1/40, Batch 470/2746, Loss: 3.5858
Epoch 1/40, Batch 480/2746, Loss: 3.6161
Epoch 1/40, Batch 490/2746, Loss: 3.4826
Epoch 1/40, Batch 500/2746, Loss: 3.5153
Epoch 1/40, Batch 510/2746, Loss: 3.5518
Epoch 1/40, Batch 520/2746, Loss: 3.4813
Epoch 1/40, Batch 530/2746, Loss: 3.3988
Epoch 1/40, Batch 540/2746, Loss: 3.4747
Epoch 1/40, Batch 550/2746, Loss: 3.4557
Epoch 1/40, Batch 560/2746, Loss: 3.3964
Epoch 1/40, Batch 570/2746, Loss: 3.4596
Epoch 1/40, Batch 580/2746, Loss: 3.3706
Epoch 1/40, Batch 590/2746, Loss: 3.2867
Epoch 1/40, Batch 600/2746, Loss: 3.2947
Epoch 1/40, Batch 610/2746, Loss: 3.2129
Epoch 1/40, Batch 620/2746, Loss: 3.2295
Epoch 1/40, Batch 630/2746, Loss: 3.1718
Epoch 1/40, Batch 640/2746, Loss: 3.3309
Epoch 1/40, Batch 650/2746, Loss: 3.1852
Epoch 1/40, Batch 660/2746, Loss: 3.2106
Epoch 1/40, Batch 670/2746, Loss: 3.1519
Epoch 1/40, Batch 680/2746, Loss: 3.1013
Epoch 1/40, Batch 690/2746, Loss: 3.1054
Epoch 1/40, Batch 700/2746, Loss: 3.1617
Epoch 1/40, Batch 710/2746, Loss: 3.2060
Epoch 1/40, Batch 720/2746, Loss: 3.1411
Epoch 1/40, Batch 730/2746, Loss: 3.1227
Epoch 1/40, Batch 740/2746, Loss: 3.1454
Epoch 1/40, Batch 750/2746, Loss: 3.1034
Epoch 1/40, Batch 760/2746, Loss: 3.0501
Epoch 1/40, Batch 770/2746, Loss: 3.0542
Epoch 1/40, Batch 780/2746, Loss: 3.1009
Epoch 1/40, Batch 790/2746, Loss: 3.0674
Epoch 1/40, Batch 800/2746, Loss: 3.0249
Epoch 1/40, Batch 810/2746, Loss: 2.9812
Epoch 1/40, Batch 820/2746, Loss: 3.1025
Epoch 1/40, Batch 830/2746, Loss: 3.0079
Epoch 1/40, Batch 840/2746, Loss: 3.0595
Epoch 1/40, Batch 850/2746, Loss: 2.9991
Epoch 1/40, Batch 860/2746, Loss: 3.0520
Epoch 1/40, Batch 870/2746, Loss: 2.9783
Epoch 1/40, Batch 880/2746, Loss: 3.0913
Epoch 1/40, Batch 890/2746, Loss: 2.9735
Epoch 1/40, Batch 900/2746, Loss: 2.9990
Epoch 1/40, Batch 910/2746, Loss: 3.0371
Epoch 1/40, Batch 920/2746, Loss: 2.9426
Epoch 1/40, Batch 930/2746, Loss: 2.9350
Epoch 1/40, Batch 940/2746, Loss: 2.9449
Epoch 1/40, Batch 950/2746, Loss: 2.8955
Epoch 1/40, Batch 960/2746, Loss: 2.9439
Epoch 1/40, Batch 970/2746, Loss: 2.9015
Epoch 1/40, Batch 980/2746, Loss: 2.9201
Epoch 1/40, Batch 990/2746, Loss: 2.9287
Epoch 1/40, Batch 1000/2746, Loss: 2.9762
Epoch 1/40, Batch 1010/2746, Loss: 2.8947
Epoch 1/40, Batch 1020/2746, Loss: 2.9523
Epoch 1/40, Batch 1030/2746, Loss: 2.8819
Epoch 1/40, Batch 1040/2746, Loss: 2.9305
Epoch 1/40, Batch 1050/2746, Loss: 2.9100
Epoch 1/40, Batch 1060/2746, Loss: 2.8849
Epoch 1/40, Batch 1070/2746, Loss: 2.9991
Epoch 1/40, Batch 1080/2746, Loss: 2.9151
Epoch 1/40, Batch 1090/2746, Loss: 2.8794
Epoch 1/40, Batch 1100/2746, Loss: 2.8717
Epoch 1/40, Batch 1110/2746, Loss: 2.9247
Epoch 1/40, Batch 1120/2746, Loss: 2.8344
Epoch 1/40, Batch 1130/2746, Loss: 2.8922
Epoch 1/40, Batch 1140/2746, Loss: 2.9026
Epoch 1/40, Batch 1150/2746, Loss: 2.9012
Epoch 1/40, Batch 1160/2746, Loss: 2.8815
Epoch 1/40, Batch 1170/2746, Loss: 2.9297
Epoch 1/40, Batch 1180/2746, Loss: 2.8792
Epoch 1/40, Batch 1190/2746, Loss: 2.8504
Epoch 1/40, Batch 1200/2746, Loss: 2.8764
Epoch 1/40, Batch 1210/2746, Loss: 2.8520
Epoch 1/40, Batch 1220/2746, Loss: 2.8644
Epoch 1/40, Batch 1230/2746, Loss: 2.8521
Epoch 1/40, Batch 1240/2746, Loss: 2.8687
Epoch 1/40, Batch 1250/2746, Loss: 2.8265
Epoch 1/40, Batch 1260/2746, Loss: 2.8515
Epoch 1/40, Batch 1270/2746, Loss: 2.8047
Epoch 1/40, Batch 1280/2746, Loss: 2.8051
Epoch 1/40, Batch 1290/2746, Loss: 2.8952
Epoch 1/40, Batch 1300/2746, Loss: 2.8045
Epoch 1/40, Batch 1310/2746, Loss: 2.8879
Epoch 1/40, Batch 1320/2746, Loss: 2.8527
Epoch 1/40, Batch 1330/2746, Loss: 2.8175
Epoch 1/40, Batch 1340/2746, Loss: 2.8165
Epoch 1/40, Batch 1350/2746, Loss: 2.8002
Epoch 1/40, Batch 1360/2746, Loss: 2.8077
Epoch 1/40, Batch 1370/2746, Loss: 2.8150
Epoch 1/40, Batch 1380/2746, Loss: 2.8533
Epoch 1/40, Batch 1390/2746, Loss: 2.8454
Epoch 1/40, Batch 1400/2746, Loss: 2.8936
Epoch 1/40, Batch 1410/2746, Loss: 2.7832
Epoch 1/40, Batch 1420/2746, Loss: 2.8043
Epoch 1/40, Batch 1430/2746, Loss: 2.8131
Epoch 1/40, Batch 1440/2746, Loss: 2.8198
Epoch 1/40, Batch 1450/2746, Loss: 2.7980
Epoch 1/40, Batch 1460/2746, Loss: 2.8581
Epoch 1/40, Batch 1470/2746, Loss: 2.7989
Epoch 1/40, Batch 1480/2746, Loss: 2.7779
Epoch 1/40, Batch 1490/2746, Loss: 2.8883
Epoch 1/40, Batch 1500/2746, Loss: 2.7571
Epoch 1/40, Batch 1510/2746, Loss: 2.8218
Epoch 1/40, Batch 1520/2746, Loss: 2.7983
Epoch 1/40, Batch 1530/2746, Loss: 2.7476
Epoch 1/40, Batch 1540/2746, Loss: 2.8192
Epoch 1/40, Batch 1550/2746, Loss: 2.8163
Epoch 1/40, Batch 1560/2746, Loss: 2.7784
Epoch 1/40, Batch 1570/2746, Loss: 2.7843
Epoch 1/40, Batch 1580/2746, Loss: 2.7469
Epoch 1/40, Batch 1590/2746, Loss: 2.8234
Epoch 1/40, Batch 1600/2746, Loss: 2.8091
Epoch 1/40, Batch 1610/2746, Loss: 2.7947
Epoch 1/40, Batch 1620/2746, Loss: 2.8170
Epoch 1/40, Batch 1630/2746, Loss: 2.7590
Epoch 1/40, Batch 1640/2746, Loss: 2.7177
Epoch 1/40, Batch 1650/2746, Loss: 2.7504
Epoch 1/40, Batch 1660/2746, Loss: 2.8590
Epoch 1/40, Batch 1670/2746, Loss: 2.8541
Epoch 1/40, Batch 1680/2746, Loss: 2.7950
Epoch 1/40, Batch 1690/2746, Loss: 2.8556
Epoch 1/40, Batch 1700/2746, Loss: 2.7539
Epoch 1/40, Batch 1710/2746, Loss: 2.7243
Epoch 1/40, Batch 1720/2746, Loss: 2.7811
Epoch 1/40, Batch 1730/2746, Loss: 2.7494
Epoch 1/40, Batch 1740/2746, Loss: 2.7237
Epoch 1/40, Batch 1750/2746, Loss: 2.7656
Epoch 1/40, Batch 1760/2746, Loss: 2.7589
Epoch 1/40, Batch 1770/2746, Loss: 2.7731
Epoch 1/40, Batch 1780/2746, Loss: 2.7541
Epoch 1/40, Batch 1790/2746, Loss: 2.7347
Epoch 1/40, Batch 1800/2746, Loss: 2.6893
Epoch 1/40, Batch 1810/2746, Loss: 2.7527
Epoch 1/40, Batch 1820/2746, Loss: 2.7304
Epoch 1/40, Batch 1830/2746, Loss: 2.8359
Epoch 1/40, Batch 1840/2746, Loss: 2.7506
Epoch 1/40, Batch 1850/2746, Loss: 2.7615
Epoch 1/40, Batch 1860/2746, Loss: 2.7636
Epoch 1/40, Batch 1870/2746, Loss: 2.7229
Epoch 1/40, Batch 1880/2746, Loss: 2.7004
Epoch 1/40, Batch 1890/2746, Loss: 2.6793
Epoch 1/40, Batch 1900/2746, Loss: 2.7451
Epoch 1/40, Batch 1910/2746, Loss: 2.6924
Epoch 1/40, Batch 1920/2746, Loss: 2.7469
Epoch 1/40, Batch 1930/2746, Loss: 2.7352
Epoch 1/40, Batch 1940/2746, Loss: 2.7623
Epoch 1/40, Batch 1950/2746, Loss: 2.7254
Epoch 1/40, Batch 1960/2746, Loss: 2.6820
Epoch 1/40, Batch 1970/2746, Loss: 2.6821
Epoch 1/40, Batch 1980/2746, Loss: 2.6945
Epoch 1/40, Batch 1990/2746, Loss: 2.7384
Epoch 1/40, Batch 2000/2746, Loss: 2.7137
Epoch 1/40, Batch 2010/2746, Loss: 2.7154
Epoch 1/40, Batch 2020/2746, Loss: 2.7356
Epoch 1/40, Batch 2030/2746, Loss: 2.6896
Epoch 1/40, Batch 2040/2746, Loss: 2.7049
Epoch 1/40, Batch 2050/2746, Loss: 2.6872
Epoch 1/40, Batch 2060/2746, Loss: 2.6941
Epoch 1/40, Batch 2070/2746, Loss: 2.7213
Epoch 1/40, Batch 2080/2746, Loss: 2.7189
Epoch 1/40, Batch 2090/2746, Loss: 2.7143
Epoch 1/40, Batch 2100/2746, Loss: 2.7317
Epoch 1/40, Batch 2110/2746, Loss: 2.7565
Epoch 1/40, Batch 2120/2746, Loss: 2.7345
Epoch 1/40, Batch 2130/2746, Loss: 2.7030
Epoch 1/40, Batch 2140/2746, Loss: 2.6460
Epoch 1/40, Batch 2150/2746, Loss: 2.7418
Epoch 1/40, Batch 2160/2746, Loss: 2.7609
Epoch 1/40, Batch 2170/2746, Loss: 2.7423
Epoch 1/40, Batch 2180/2746, Loss: 2.7488
Epoch 1/40, Batch 2190/2746, Loss: 2.7293
Epoch 1/40, Batch 2200/2746, Loss: 2.7107
Epoch 1/40, Batch 2210/2746, Loss: 2.7270
Epoch 1/40, Batch 2220/2746, Loss: 2.7341
Epoch 1/40, Batch 2230/2746, Loss: 2.7249
Epoch 1/40, Batch 2240/2746, Loss: 2.7093
Epoch 1/40, Batch 2250/2746, Loss: 2.7510
Epoch 1/40, Batch 2260/2746, Loss: 2.7502
Epoch 1/40, Batch 2270/2746, Loss: 2.6996
Epoch 1/40, Batch 2280/2746, Loss: 2.7233
Epoch 1/40, Batch 2290/2746, Loss: 2.7260
Epoch 1/40, Batch 2300/2746, Loss: 2.7267
Epoch 1/40, Batch 2310/2746, Loss: 2.6630
Epoch 1/40, Batch 2320/2746, Loss: 2.7164
Epoch 1/40, Batch 2330/2746, Loss: 2.7036
Epoch 1/40, Batch 2340/2746, Loss: 2.6928
Epoch 1/40, Batch 2350/2746, Loss: 2.7534
Epoch 1/40, Batch 2360/2746, Loss: 2.6934
Epoch 1/40, Batch 2370/2746, Loss: 2.7576
Epoch 1/40, Batch 2380/2746, Loss: 2.7020
Epoch 1/40, Batch 2390/2746, Loss: 2.8011
Epoch 1/40, Batch 2400/2746, Loss: 2.7029
Epoch 1/40, Batch 2410/2746, Loss: 2.6643
Epoch 1/40, Batch 2420/2746, Loss: 2.6971
Epoch 1/40, Batch 2430/2746, Loss: 2.7265
Epoch 1/40, Batch 2440/2746, Loss: 2.6780
Epoch 1/40, Batch 2450/2746, Loss: 2.6684
Epoch 1/40, Batch 2460/2746, Loss: 2.6149
Epoch 1/40, Batch 2470/2746, Loss: 2.6736
Epoch 1/40, Batch 2480/2746, Loss: 2.6915
Epoch 1/40, Batch 2490/2746, Loss: 2.6566
Epoch 1/40, Batch 2500/2746, Loss: 2.7316
Epoch 1/40, Batch 2510/2746, Loss: 2.6956
Epoch 1/40, Batch 2520/2746, Loss: 2.6715
Epoch 1/40, Batch 2530/2746, Loss: 2.7070
Epoch 1/40, Batch 2540/2746, Loss: 2.7035
Epoch 1/40, Batch 2550/2746, Loss: 2.6866
Epoch 1/40, Batch 2560/2746, Loss: 2.6920
Epoch 1/40, Batch 2570/2746, Loss: 2.6910
Epoch 1/40, Batch 2580/2746, Loss: 2.6508
Epoch 1/40, Batch 2590/2746, Loss: 2.6653
Epoch 1/40, Batch 2600/2746, Loss: 2.6416
Epoch 1/40, Batch 2610/2746, Loss: 2.7120
Epoch 1/40, Batch 2620/2746, Loss: 2.6413
Epoch 1/40, Batch 2630/2746, Loss: 2.6786
Epoch 1/40, Batch 2640/2746, Loss: 2.6924
Epoch 1/40, Batch 2650/2746, Loss: 2.7062
Epoch 1/40, Batch 2660/2746, Loss: 2.6413
Epoch 1/40, Batch 2670/2746, Loss: 2.6745
Epoch 1/40, Batch 2680/2746, Loss: 2.6928
Epoch 1/40, Batch 2690/2746, Loss: 2.6837
Epoch 1/40, Batch 2700/2746, Loss: 2.6583
Epoch 1/40, Batch 2710/2746, Loss: 2.6676
Epoch 1/40, Batch 2720/2746, Loss: 2.6425
Epoch 1/40, Batch 2730/2746, Loss: 2.6316
Epoch 1/40, Batch 2740/2746, Loss: 2.6660
New best model with validation loss: 2.6335, perplexity: 13.92
Epoch 1/40, Loss: 3.1204, Perplexity: 22.66, Val Loss: 2.6335, Val Perplexity: 13.92, Time: 6231.16s
Epoch 2/40, Batch 10/2746, Loss: 2.7515
Epoch 2/40, Batch 20/2746, Loss: 2.7428
Epoch 2/40, Batch 30/2746, Loss: 2.7473
Epoch 2/40, Batch 40/2746, Loss: 2.7062
Epoch 2/40, Batch 50/2746, Loss: 2.6886
Epoch 2/40, Batch 60/2746, Loss: 2.6655
Epoch 2/40, Batch 70/2746, Loss: 2.6784
Epoch 2/40, Batch 80/2746, Loss: 2.7418
Epoch 2/40, Batch 90/2746, Loss: 2.7087
Epoch 2/40, Batch 100/2746, Loss: 2.7002
Epoch 2/40, Batch 110/2746, Loss: 2.7294
Epoch 2/40, Batch 120/2746, Loss: 2.6699
Epoch 2/40, Batch 130/2746, Loss: 2.6652
Epoch 2/40, Batch 140/2746, Loss: 2.7192
Epoch 2/40, Batch 150/2746, Loss: 2.6800
Epoch 2/40, Batch 160/2746, Loss: 2.6480
Epoch 2/40, Batch 170/2746, Loss: 2.6675
Epoch 2/40, Batch 180/2746, Loss: 2.6548
Epoch 2/40, Batch 190/2746, Loss: 2.6743
Epoch 2/40, Batch 200/2746, Loss: 2.6409
Epoch 2/40, Batch 210/2746, Loss: 2.7109
Epoch 2/40, Batch 220/2746, Loss: 2.6255
Epoch 2/40, Batch 230/2746, Loss: 2.6551
Epoch 2/40, Batch 240/2746, Loss: 2.6404
Epoch 2/40, Batch 250/2746, Loss: 2.6428
Epoch 2/40, Batch 260/2746, Loss: 2.6521
Epoch 2/40, Batch 270/2746, Loss: 2.6937
Epoch 2/40, Batch 280/2746, Loss: 2.6928
Epoch 2/40, Batch 290/2746, Loss: 2.6692
Epoch 2/40, Batch 300/2746, Loss: 2.6694
Epoch 2/40, Batch 310/2746, Loss: 2.6306
Epoch 2/40, Batch 320/2746, Loss: 2.6301
Epoch 2/40, Batch 330/2746, Loss: 2.6421
Epoch 2/40, Batch 340/2746, Loss: 2.6157
Epoch 2/40, Batch 350/2746, Loss: 2.6375
Epoch 2/40, Batch 360/2746, Loss: 2.6216
Epoch 2/40, Batch 370/2746, Loss: 2.6811
Epoch 2/40, Batch 380/2746, Loss: 2.6122
Epoch 2/40, Batch 390/2746, Loss: 2.6468
Epoch 2/40, Batch 400/2746, Loss: 2.6899
Epoch 2/40, Batch 410/2746, Loss: 2.6022
Epoch 2/40, Batch 420/2746, Loss: 2.6234
Epoch 2/40, Batch 430/2746, Loss: 2.6370
Epoch 2/40, Batch 440/2746, Loss: 2.6427
Epoch 2/40, Batch 450/2746, Loss: 2.6529
Epoch 2/40, Batch 460/2746, Loss: 2.6754
Epoch 2/40, Batch 470/2746, Loss: 2.6642
Epoch 2/40, Batch 480/2746, Loss: 2.7002
Epoch 2/40, Batch 490/2746, Loss: 2.6427
Epoch 2/40, Batch 500/2746, Loss: 2.7059
Epoch 2/40, Batch 510/2746, Loss: 2.6495
Epoch 2/40, Batch 520/2746, Loss: 2.6435
Epoch 2/40, Batch 530/2746, Loss: 2.6668
Epoch 2/40, Batch 540/2746, Loss: 2.6856
Epoch 2/40, Batch 550/2746, Loss: 2.6622
Epoch 2/40, Batch 560/2746, Loss: 2.6365
Epoch 2/40, Batch 570/2746, Loss: 2.7003
Epoch 2/40, Batch 580/2746, Loss: 2.6569
Epoch 2/40, Batch 590/2746, Loss: 2.6462
Epoch 2/40, Batch 600/2746, Loss: 2.6553
Epoch 2/40, Batch 610/2746, Loss: 2.6309
Epoch 2/40, Batch 620/2746, Loss: 2.6664
Epoch 2/40, Batch 630/2746, Loss: 2.6537
Epoch 2/40, Batch 640/2746, Loss: 2.7400
Epoch 2/40, Batch 650/2746, Loss: 2.6592
Epoch 2/40, Batch 660/2746, Loss: 2.6710
Epoch 2/40, Batch 670/2746, Loss: 2.6611
Epoch 2/40, Batch 680/2746, Loss: 2.6453
Epoch 2/40, Batch 690/2746, Loss: 2.6322
Epoch 2/40, Batch 700/2746, Loss: 2.6452
Epoch 2/40, Batch 710/2746, Loss: 2.6424
Epoch 2/40, Batch 720/2746, Loss: 2.6481
Epoch 2/40, Batch 730/2746, Loss: 2.6578
Epoch 2/40, Batch 740/2746, Loss: 2.6864
Epoch 2/40, Batch 750/2746, Loss: 2.6275
Epoch 2/40, Batch 760/2746, Loss: 2.6269
Epoch 2/40, Batch 770/2746, Loss: 2.6277
Epoch 2/40, Batch 780/2746, Loss: 2.6628
Epoch 2/40, Batch 790/2746, Loss: 2.6873
Epoch 2/40, Batch 800/2746, Loss: 2.6818
Epoch 2/40, Batch 810/2746, Loss: 2.6346
Epoch 2/40, Batch 820/2746, Loss: 2.6786
Epoch 2/40, Batch 830/2746, Loss: 2.6571
Epoch 2/40, Batch 840/2746, Loss: 2.6491
Epoch 2/40, Batch 850/2746, Loss: 2.6352
Epoch 2/40, Batch 860/2746, Loss: 2.6546
Epoch 2/40, Batch 870/2746, Loss: 2.6488
Epoch 2/40, Batch 880/2746, Loss: 2.7198
Epoch 2/40, Batch 890/2746, Loss: 2.6657
Epoch 2/40, Batch 900/2746, Loss: 2.6521
Epoch 2/40, Batch 910/2746, Loss: 2.6602
Epoch 2/40, Batch 920/2746, Loss: 2.6330
Epoch 2/40, Batch 930/2746, Loss: 2.6507
Epoch 2/40, Batch 940/2746, Loss: 2.6508
Epoch 2/40, Batch 950/2746, Loss: 2.6551
Epoch 2/40, Batch 960/2746, Loss: 2.6785
Epoch 2/40, Batch 970/2746, Loss: 2.6594
Epoch 2/40, Batch 980/2746, Loss: 2.6276
Epoch 2/40, Batch 990/2746, Loss: 2.6606
Epoch 2/40, Batch 1000/2746, Loss: 2.7160
Epoch 2/40, Batch 1010/2746, Loss: 2.6239
Epoch 2/40, Batch 1020/2746, Loss: 2.6932
Epoch 2/40, Batch 1030/2746, Loss: 2.6313
Epoch 2/40, Batch 1040/2746, Loss: 2.6648
Epoch 2/40, Batch 1050/2746, Loss: 2.6335
Epoch 2/40, Batch 1060/2746, Loss: 2.6284
Epoch 2/40, Batch 1070/2746, Loss: 2.6776
Epoch 2/40, Batch 1080/2746, Loss: 2.6274
Epoch 2/40, Batch 1090/2746, Loss: 2.5997
Epoch 2/40, Batch 1100/2746, Loss: 2.6151
Epoch 2/40, Batch 1110/2746, Loss: 2.6677
Epoch 2/40, Batch 1120/2746, Loss: 2.6209
Epoch 2/40, Batch 1130/2746, Loss: 2.6505
Epoch 2/40, Batch 1140/2746, Loss: 2.6394
Epoch 2/40, Batch 1150/2746, Loss: 2.6754
Epoch 2/40, Batch 1160/2746, Loss: 2.6110
Epoch 2/40, Batch 1170/2746, Loss: 2.6502
Epoch 2/40, Batch 1180/2746, Loss: 2.6448
Epoch 2/40, Batch 1190/2746, Loss: 2.6546
Epoch 2/40, Batch 1200/2746, Loss: 2.5909
Epoch 2/40, Batch 1210/2746, Loss: 2.5816
Epoch 2/40, Batch 1220/2746, Loss: 2.6664
Epoch 2/40, Batch 1230/2746, Loss: 2.6228
Epoch 2/40, Batch 1240/2746, Loss: 2.6121
Epoch 2/40, Batch 1250/2746, Loss: 2.6197
Epoch 2/40, Batch 1260/2746, Loss: 2.6768
Epoch 2/40, Batch 1270/2746, Loss: 2.6114
Epoch 2/40, Batch 1280/2746, Loss: 2.6138
Epoch 2/40, Batch 1290/2746, Loss: 2.6757
Epoch 2/40, Batch 1300/2746, Loss: 2.6233
Epoch 2/40, Batch 1310/2746, Loss: 2.6861
Epoch 2/40, Batch 1320/2746, Loss: 2.6575
Epoch 2/40, Batch 1330/2746, Loss: 2.5902
Epoch 2/40, Batch 1340/2746, Loss: 2.6299
Epoch 2/40, Batch 1350/2746, Loss: 2.6105
Epoch 2/40, Batch 1360/2746, Loss: 2.6139
Epoch 2/40, Batch 1370/2746, Loss: 2.6179
Epoch 2/40, Batch 1380/2746, Loss: 2.6273
Epoch 2/40, Batch 1390/2746, Loss: 2.6549
Epoch 2/40, Batch 1400/2746, Loss: 2.6636
Epoch 2/40, Batch 1410/2746, Loss: 2.6296
Epoch 2/40, Batch 1420/2746, Loss: 2.6432
Epoch 2/40, Batch 1430/2746, Loss: 2.6321
Epoch 2/40, Batch 1440/2746, Loss: 2.6224
Epoch 2/40, Batch 1450/2746, Loss: 2.6476
Epoch 2/40, Batch 1460/2746, Loss: 2.6630
Epoch 2/40, Batch 1470/2746, Loss: 2.6312
Epoch 2/40, Batch 1480/2746, Loss: 2.6166
Epoch 2/40, Batch 1490/2746, Loss: 2.7095
Epoch 2/40, Batch 1500/2746, Loss: 2.5998
Epoch 2/40, Batch 1510/2746, Loss: 2.6571
Epoch 2/40, Batch 1520/2746, Loss: 2.6485
Epoch 2/40, Batch 1530/2746, Loss: 2.6010
Epoch 2/40, Batch 1540/2746, Loss: 2.6583
Epoch 2/40, Batch 1550/2746, Loss: 2.6579
Epoch 2/40, Batch 1560/2746, Loss: 2.6321
Epoch 2/40, Batch 1570/2746, Loss: 2.6354
Epoch 2/40, Batch 1580/2746, Loss: 2.6074
Epoch 2/40, Batch 1590/2746, Loss: 2.6682
Epoch 2/40, Batch 1600/2746, Loss: 2.6479
Epoch 2/40, Batch 1610/2746, Loss: 2.6272
Epoch 2/40, Batch 1620/2746, Loss: 2.6593
Epoch 2/40, Batch 1630/2746, Loss: 2.6079
Epoch 2/40, Batch 1640/2746, Loss: 2.5937
Epoch 2/40, Batch 1650/2746, Loss: 2.6183
Epoch 2/40, Batch 1660/2746, Loss: 2.6902
Epoch 2/40, Batch 1670/2746, Loss: 2.6638
Epoch 2/40, Batch 1680/2746, Loss: 2.6581
Epoch 2/40, Batch 1690/2746, Loss: 2.6729
Epoch 2/40, Batch 1700/2746, Loss: 2.6258
Epoch 2/40, Batch 1710/2746, Loss: 2.6013
Epoch 2/40, Batch 1720/2746, Loss: 2.6585
Epoch 2/40, Batch 1730/2746, Loss: 2.6395
Epoch 2/40, Batch 1740/2746, Loss: 2.6272
Epoch 2/40, Batch 1750/2746, Loss: 2.6246
Epoch 2/40, Batch 1760/2746, Loss: 2.6327
Epoch 2/40, Batch 1770/2746, Loss: 2.6291
Epoch 2/40, Batch 1780/2746, Loss: 2.6325
Epoch 2/40, Batch 1790/2746, Loss: 2.5955
Epoch 2/40, Batch 1800/2746, Loss: 2.5889
Epoch 2/40, Batch 1810/2746, Loss: 2.6277
Epoch 2/40, Batch 1820/2746, Loss: 2.6147
Epoch 2/40, Batch 1830/2746, Loss: 2.6808
Epoch 2/40, Batch 1840/2746, Loss: 2.6242
Epoch 2/40, Batch 1850/2746, Loss: 2.6298
Epoch 2/40, Batch 1860/2746, Loss: 2.6522
Epoch 2/40, Batch 1870/2746, Loss: 2.6123
Epoch 2/40, Batch 1880/2746, Loss: 2.6002
Epoch 2/40, Batch 1890/2746, Loss: 2.5896
Epoch 2/40, Batch 1900/2746, Loss: 2.6331
Epoch 2/40, Batch 1910/2746, Loss: 2.5958
Epoch 2/40, Batch 1920/2746, Loss: 2.6244
Epoch 2/40, Batch 1930/2746, Loss: 2.5973
Epoch 2/40, Batch 1940/2746, Loss: 2.6070
Epoch 2/40, Batch 1950/2746, Loss: 2.6210
Epoch 2/40, Batch 1960/2746, Loss: 2.5952
Epoch 2/40, Batch 1970/2746, Loss: 2.5933
Epoch 2/40, Batch 1980/2746, Loss: 2.5980
Epoch 2/40, Batch 1990/2746, Loss: 2.6332
Epoch 2/40, Batch 2000/2746, Loss: 2.6052
Epoch 2/40, Batch 2010/2746, Loss: 2.6267
Epoch 2/40, Batch 2020/2746, Loss: 2.6271
Epoch 2/40, Batch 2030/2746, Loss: 2.6091
Epoch 2/40, Batch 2040/2746, Loss: 2.5794
Epoch 2/40, Batch 2050/2746, Loss: 2.5626
Epoch 2/40, Batch 2060/2746, Loss: 2.5950
Epoch 2/40, Batch 2070/2746, Loss: 2.6068
Epoch 2/40, Batch 2080/2746, Loss: 2.5883
Epoch 2/40, Batch 2090/2746, Loss: 2.6117
Epoch 2/40, Batch 2100/2746, Loss: 2.6402
Epoch 2/40, Batch 2110/2746, Loss: 2.6999
Epoch 2/40, Batch 2120/2746, Loss: 2.6203
Epoch 2/40, Batch 2130/2746, Loss: 2.6099
Epoch 2/40, Batch 2140/2746, Loss: 2.5658
Epoch 2/40, Batch 2150/2746, Loss: 2.6520
Epoch 2/40, Batch 2160/2746, Loss: 2.6088
Epoch 2/40, Batch 2170/2746, Loss: 2.6388
Epoch 2/40, Batch 2180/2746, Loss: 2.6253
Epoch 2/40, Batch 2190/2746, Loss: 2.6280
Epoch 2/40, Batch 2200/2746, Loss: 2.6319
Epoch 2/40, Batch 2210/2746, Loss: 2.6111
Epoch 2/40, Batch 2220/2746, Loss: 2.6372
Epoch 2/40, Batch 2230/2746, Loss: 2.6330
Epoch 2/40, Batch 2240/2746, Loss: 2.6247
Epoch 2/40, Batch 2250/2746, Loss: 2.6492
Epoch 2/40, Batch 2260/2746, Loss: 2.6687
Epoch 2/40, Batch 2270/2746, Loss: 2.5964
Epoch 2/40, Batch 2280/2746, Loss: 2.6402
Epoch 2/40, Batch 2290/2746, Loss: 2.6133
Epoch 2/40, Batch 2300/2746, Loss: 2.6235
Epoch 2/40, Batch 2310/2746, Loss: 2.5815
Epoch 2/40, Batch 2320/2746, Loss: 2.6172
Epoch 2/40, Batch 2330/2746, Loss: 2.6281
Epoch 2/40, Batch 2340/2746, Loss: 2.6163
Epoch 2/40, Batch 2350/2746, Loss: 2.6592
Epoch 2/40, Batch 2360/2746, Loss: 2.6143
Epoch 2/40, Batch 2370/2746, Loss: 2.6727
Epoch 2/40, Batch 2380/2746, Loss: 2.6015
Epoch 2/40, Batch 2390/2746, Loss: 2.6835
Epoch 2/40, Batch 2400/2746, Loss: 2.6204
Epoch 2/40, Batch 2410/2746, Loss: 2.5917
Epoch 2/40, Batch 2420/2746, Loss: 2.6201
Epoch 2/40, Batch 2430/2746, Loss: 2.6360
Epoch 2/40, Batch 2440/2746, Loss: 2.5921
Epoch 2/40, Batch 2450/2746, Loss: 2.5865
Epoch 2/40, Batch 2460/2746, Loss: 2.5436
Epoch 2/40, Batch 2470/2746, Loss: 2.5744
Epoch 2/40, Batch 2480/2746, Loss: 2.6012
Epoch 2/40, Batch 2490/2746, Loss: 2.5859
Epoch 2/40, Batch 2500/2746, Loss: 2.6567
Epoch 2/40, Batch 2510/2746, Loss: 2.6251
Epoch 2/40, Batch 2520/2746, Loss: 2.6065
Epoch 2/40, Batch 2530/2746, Loss: 2.6344
Epoch 2/40, Batch 2540/2746, Loss: 2.6370
Epoch 2/40, Batch 2550/2746, Loss: 2.5974
Epoch 2/40, Batch 2560/2746, Loss: 2.5943
Epoch 2/40, Batch 2570/2746, Loss: 2.6105
Epoch 2/40, Batch 2580/2746, Loss: 2.5889
Epoch 2/40, Batch 2590/2746, Loss: 2.5817
Epoch 2/40, Batch 2600/2746, Loss: 2.5823
Epoch 2/40, Batch 2610/2746, Loss: 2.6498
Epoch 2/40, Batch 2620/2746, Loss: 2.5888
Epoch 2/40, Batch 2630/2746, Loss: 2.5991
Epoch 2/40, Batch 2640/2746, Loss: 2.5847
Epoch 2/40, Batch 2650/2746, Loss: 2.6216
Epoch 2/40, Batch 2660/2746, Loss: 2.5765
Epoch 2/40, Batch 2670/2746, Loss: 2.6108
Epoch 2/40, Batch 2680/2746, Loss: 2.6431
Epoch 2/40, Batch 2690/2746, Loss: 2.6147
Epoch 2/40, Batch 2700/2746, Loss: 2.5885
Epoch 2/40, Batch 2710/2746, Loss: 2.6264
Epoch 2/40, Batch 2720/2746, Loss: 2.5742
Epoch 2/40, Batch 2730/2746, Loss: 2.5805
Epoch 2/40, Batch 2740/2746, Loss: 2.6069
New best model with validation loss: 2.5557, perplexity: 12.88
Epoch 2/40, Loss: 2.6416, Perplexity: 14.04, Val Loss: 2.5557, Val Perplexity: 12.88, Time: 6230.02s
Epoch 3/40, Batch 10/2746, Loss: 2.6739
Epoch 3/40, Batch 20/2746, Loss: 2.6667
Epoch 3/40, Batch 30/2746, Loss: 2.6484
Epoch 3/40, Batch 40/2746, Loss: 2.6163
Epoch 3/40, Batch 50/2746, Loss: 2.6362
Epoch 3/40, Batch 60/2746, Loss: 2.6075
Epoch 3/40, Batch 70/2746, Loss: 2.6136
Epoch 3/40, Batch 80/2746, Loss: 2.6722
Epoch 3/40, Batch 90/2746, Loss: 2.6404
Epoch 3/40, Batch 100/2746, Loss: 2.6112
Epoch 3/40, Batch 110/2746, Loss: 2.6829
Epoch 3/40, Batch 120/2746, Loss: 2.6099
Epoch 3/40, Batch 130/2746, Loss: 2.5976
Epoch 3/40, Batch 140/2746, Loss: 2.6432
Epoch 3/40, Batch 150/2746, Loss: 2.5709
Epoch 3/40, Batch 160/2746, Loss: 2.5824
Epoch 3/40, Batch 170/2746, Loss: 2.6061
Epoch 3/40, Batch 180/2746, Loss: 2.5943
Epoch 3/40, Batch 190/2746, Loss: 2.6231
Epoch 3/40, Batch 200/2746, Loss: 2.5969
Epoch 3/40, Batch 210/2746, Loss: 2.6606
Epoch 3/40, Batch 220/2746, Loss: 2.5587
Epoch 3/40, Batch 230/2746, Loss: 2.6075
Epoch 3/40, Batch 240/2746, Loss: 2.5842
Epoch 3/40, Batch 250/2746, Loss: 2.6087
Epoch 3/40, Batch 260/2746, Loss: 2.5905
Epoch 3/40, Batch 270/2746, Loss: 2.6254
Epoch 3/40, Batch 280/2746, Loss: 2.6389
Epoch 3/40, Batch 290/2746, Loss: 2.6014
Epoch 3/40, Batch 300/2746, Loss: 2.6409
Epoch 3/40, Batch 310/2746, Loss: 2.5883
Epoch 3/40, Batch 320/2746, Loss: 2.5731
Epoch 3/40, Batch 330/2746, Loss: 2.5965
Epoch 3/40, Batch 340/2746, Loss: 2.5585
Epoch 3/40, Batch 350/2746, Loss: 2.5612
Epoch 3/40, Batch 360/2746, Loss: 2.5659
Epoch 3/40, Batch 370/2746, Loss: 2.6094
Epoch 3/40, Batch 380/2746, Loss: 2.5395
Epoch 3/40, Batch 390/2746, Loss: 2.5971
Epoch 3/40, Batch 400/2746, Loss: 2.6292
Epoch 3/40, Batch 410/2746, Loss: 2.5440
Epoch 3/40, Batch 420/2746, Loss: 2.5599
Epoch 3/40, Batch 430/2746, Loss: 2.5668
Epoch 3/40, Batch 440/2746, Loss: 2.5835
Epoch 3/40, Batch 450/2746, Loss: 2.5935
Epoch 3/40, Batch 460/2746, Loss: 2.6151
Epoch 3/40, Batch 470/2746, Loss: 2.6107
Epoch 3/40, Batch 480/2746, Loss: 2.6331
Epoch 3/40, Batch 490/2746, Loss: 2.6037
Epoch 3/40, Batch 500/2746, Loss: 2.6642
Epoch 3/40, Batch 510/2746, Loss: 2.5782
Epoch 3/40, Batch 520/2746, Loss: 2.5804
Epoch 3/40, Batch 530/2746, Loss: 2.6150
Epoch 3/40, Batch 540/2746, Loss: 2.6203
Epoch 3/40, Batch 550/2746, Loss: 2.5968
Epoch 3/40, Batch 560/2746, Loss: 2.5637
Epoch 3/40, Batch 570/2746, Loss: 2.6160
Epoch 3/40, Batch 580/2746, Loss: 2.6007
Epoch 3/40, Batch 590/2746, Loss: 2.5802
Epoch 3/40, Batch 600/2746, Loss: 2.5828
Epoch 3/40, Batch 610/2746, Loss: 2.5936
Epoch 3/40, Batch 620/2746, Loss: 2.6123
Epoch 3/40, Batch 630/2746, Loss: 2.5976
Epoch 3/40, Batch 640/2746, Loss: 2.6470
Epoch 3/40, Batch 650/2746, Loss: 2.5985
Epoch 3/40, Batch 660/2746, Loss: 2.6073
Epoch 3/40, Batch 670/2746, Loss: 2.6183
Epoch 3/40, Batch 680/2746, Loss: 2.5974
Epoch 3/40, Batch 690/2746, Loss: 2.5898
Epoch 3/40, Batch 700/2746, Loss: 2.5818
Epoch 3/40, Batch 710/2746, Loss: 2.5911
Epoch 3/40, Batch 720/2746, Loss: 2.5778
Epoch 3/40, Batch 730/2746, Loss: 2.5964
Epoch 3/40, Batch 740/2746, Loss: 2.6187
Epoch 3/40, Batch 750/2746, Loss: 2.5572
Epoch 3/40, Batch 760/2746, Loss: 2.5625
Epoch 3/40, Batch 770/2746, Loss: 2.5626
Epoch 3/40, Batch 780/2746, Loss: 2.6088
Epoch 3/40, Batch 790/2746, Loss: 2.6230
Epoch 3/40, Batch 800/2746, Loss: 2.6283
Epoch 3/40, Batch 810/2746, Loss: 2.5739
Epoch 3/40, Batch 820/2746, Loss: 2.5971
Epoch 3/40, Batch 830/2746, Loss: 2.5981
Epoch 3/40, Batch 840/2746, Loss: 2.5931
Epoch 3/40, Batch 850/2746, Loss: 2.5665
Epoch 3/40, Batch 860/2746, Loss: 2.5957
Epoch 3/40, Batch 870/2746, Loss: 2.6197
Epoch 3/40, Batch 880/2746, Loss: 2.6484
Epoch 3/40, Batch 890/2746, Loss: 2.6267
Epoch 3/40, Batch 900/2746, Loss: 2.5926
Epoch 3/40, Batch 910/2746, Loss: 2.5940
Epoch 3/40, Batch 920/2746, Loss: 2.5802
Epoch 3/40, Batch 930/2746, Loss: 2.5871
Epoch 3/40, Batch 940/2746, Loss: 2.5897
Epoch 3/40, Batch 950/2746, Loss: 2.6141
Epoch 3/40, Batch 960/2746, Loss: 2.6350
Epoch 3/40, Batch 970/2746, Loss: 2.6146
Epoch 3/40, Batch 980/2746, Loss: 2.5887
Epoch 3/40, Batch 990/2746, Loss: 2.6193
Epoch 3/40, Batch 1000/2746, Loss: 2.6747
Epoch 3/40, Batch 1010/2746, Loss: 2.5701
Epoch 3/40, Batch 1020/2746, Loss: 2.6440
Epoch 3/40, Batch 1030/2746, Loss: 2.5869
Epoch 3/40, Batch 1040/2746, Loss: 2.6004
Epoch 3/40, Batch 1050/2746, Loss: 2.5640
Epoch 3/40, Batch 1060/2746, Loss: 2.5864
Epoch 3/40, Batch 1070/2746, Loss: 2.6032
Epoch 3/40, Batch 1080/2746, Loss: 2.5677
Epoch 3/40, Batch 1090/2746, Loss: 2.5478
Epoch 3/40, Batch 1100/2746, Loss: 2.5531
Epoch 3/40, Batch 1110/2746, Loss: 2.6049
Epoch 3/40, Batch 1120/2746, Loss: 2.5786
Epoch 3/40, Batch 1130/2746, Loss: 2.5928
Epoch 3/40, Batch 1140/2746, Loss: 2.5812
Epoch 3/40, Batch 1150/2746, Loss: 2.6269
Epoch 3/40, Batch 1160/2746, Loss: 2.5630
Epoch 3/40, Batch 1170/2746, Loss: 2.5757
Epoch 3/40, Batch 1180/2746, Loss: 2.5818
Epoch 3/40, Batch 1190/2746, Loss: 2.6125
Epoch 3/40, Batch 1200/2746, Loss: 2.5360
Epoch 3/40, Batch 1210/2746, Loss: 2.5276
Epoch 3/40, Batch 1220/2746, Loss: 2.6165
Epoch 3/40, Batch 1230/2746, Loss: 2.5632
Epoch 3/40, Batch 1240/2746, Loss: 2.5520
Epoch 3/40, Batch 1250/2746, Loss: 2.5708
Epoch 3/40, Batch 1260/2746, Loss: 2.6163
Epoch 3/40, Batch 1270/2746, Loss: 2.5672
Epoch 3/40, Batch 1280/2746, Loss: 2.5731
Epoch 3/40, Batch 1290/2746, Loss: 2.6116
Epoch 3/40, Batch 1300/2746, Loss: 2.5790
Epoch 3/40, Batch 1310/2746, Loss: 2.6485
Epoch 3/40, Batch 1320/2746, Loss: 2.5994
Epoch 3/40, Batch 1330/2746, Loss: 2.5305
Epoch 3/40, Batch 1340/2746, Loss: 2.5806
Epoch 3/40, Batch 1350/2746, Loss: 2.5781
Epoch 3/40, Batch 1360/2746, Loss: 2.5583
Epoch 3/40, Batch 1370/2746, Loss: 2.5621
Epoch 3/40, Batch 1380/2746, Loss: 2.5627
Epoch 3/40, Batch 1390/2746, Loss: 2.5888
Epoch 3/40, Batch 1400/2746, Loss: 2.5933
Epoch 3/40, Batch 1410/2746, Loss: 2.5966
Epoch 3/40, Batch 1420/2746, Loss: 2.5994
Epoch 3/40, Batch 1430/2746, Loss: 2.5899
Epoch 3/40, Batch 1440/2746, Loss: 2.5719
Epoch 3/40, Batch 1450/2746, Loss: 2.5616
Epoch 3/40, Batch 1460/2746, Loss: 2.5985
Epoch 3/40, Batch 1470/2746, Loss: 2.5584
Epoch 3/40, Batch 1480/2746, Loss: 2.5729
Epoch 3/40, Batch 1490/2746, Loss: 2.6701
Epoch 3/40, Batch 1500/2746, Loss: 2.5634
Epoch 3/40, Batch 1510/2746, Loss: 2.6051
Epoch 3/40, Batch 1520/2746, Loss: 2.5902
Epoch 3/40, Batch 1530/2746, Loss: 2.5495
Epoch 3/40, Batch 1540/2746, Loss: 2.6235
Epoch 3/40, Batch 1550/2746, Loss: 2.6156
Epoch 3/40, Batch 1560/2746, Loss: 2.5516
Epoch 3/40, Batch 1570/2746, Loss: 2.5976
Epoch 3/40, Batch 1580/2746, Loss: 2.5691
Epoch 3/40, Batch 1590/2746, Loss: 2.6270
Epoch 3/40, Batch 1600/2746, Loss: 2.5988
Epoch 3/40, Batch 1610/2746, Loss: 2.5971
Epoch 3/40, Batch 1620/2746, Loss: 2.6047
Epoch 3/40, Batch 1630/2746, Loss: 2.5503
Epoch 3/40, Batch 1640/2746, Loss: 2.5624
Epoch 3/40, Batch 1650/2746, Loss: 2.5780
Epoch 3/40, Batch 1660/2746, Loss: 2.6318
Epoch 3/40, Batch 1670/2746, Loss: 2.6030
Epoch 3/40, Batch 1680/2746, Loss: 2.6141
Epoch 3/40, Batch 1690/2746, Loss: 2.6073
Epoch 3/40, Batch 1700/2746, Loss: 2.5890
Epoch 3/40, Batch 1710/2746, Loss: 2.5677
Epoch 3/40, Batch 1720/2746, Loss: 2.6144
Epoch 3/40, Batch 1730/2746, Loss: 2.5998
Epoch 3/40, Batch 1740/2746, Loss: 2.5884
Epoch 3/40, Batch 1750/2746, Loss: 2.5896
Epoch 3/40, Batch 1760/2746, Loss: 2.5863
Epoch 3/40, Batch 1770/2746, Loss: 2.5797
Epoch 3/40, Batch 1780/2746, Loss: 2.6018
Epoch 3/40, Batch 1790/2746, Loss: 2.5462
Epoch 3/40, Batch 1800/2746, Loss: 2.5444
Epoch 3/40, Batch 1810/2746, Loss: 2.5751
Epoch 3/40, Batch 1820/2746, Loss: 2.5916
Epoch 3/40, Batch 1830/2746, Loss: 2.6266
Epoch 3/40, Batch 1840/2746, Loss: 2.5815
Epoch 3/40, Batch 1850/2746, Loss: 2.5999
Epoch 3/40, Batch 1860/2746, Loss: 2.6186
Epoch 3/40, Batch 1870/2746, Loss: 2.5834
Epoch 3/40, Batch 1880/2746, Loss: 2.5757
Epoch 3/40, Batch 1890/2746, Loss: 2.5454
Epoch 3/40, Batch 1900/2746, Loss: 2.5963
Epoch 3/40, Batch 1910/2746, Loss: 2.5556
Epoch 3/40, Batch 1920/2746, Loss: 2.5965
Epoch 3/40, Batch 1930/2746, Loss: 2.5415
Epoch 3/40, Batch 1940/2746, Loss: 2.5360
Epoch 3/40, Batch 1950/2746, Loss: 2.5742
Epoch 3/40, Batch 1960/2746, Loss: 2.5559
Epoch 3/40, Batch 1970/2746, Loss: 2.5552
Epoch 3/40, Batch 1980/2746, Loss: 2.5531
Epoch 3/40, Batch 1990/2746, Loss: 2.5955
Epoch 3/40, Batch 2000/2746, Loss: 2.5648
Epoch 3/40, Batch 2010/2746, Loss: 2.5958
Epoch 3/40, Batch 2020/2746, Loss: 2.5723
Epoch 3/40, Batch 2030/2746, Loss: 2.5796
Epoch 3/40, Batch 2040/2746, Loss: 2.5339
Epoch 3/40, Batch 2050/2746, Loss: 2.5376
Epoch 3/40, Batch 2060/2746, Loss: 2.5409
Epoch 3/40, Batch 2070/2746, Loss: 2.5509
Epoch 3/40, Batch 2080/2746, Loss: 2.5419
Epoch 3/40, Batch 2090/2746, Loss: 2.5583
Epoch 3/40, Batch 2100/2746, Loss: 2.6114
Epoch 3/40, Batch 2110/2746, Loss: 2.6178
Epoch 3/40, Batch 2120/2746, Loss: 2.5589
Epoch 3/40, Batch 2130/2746, Loss: 2.5751
Epoch 3/40, Batch 2140/2746, Loss: 2.5423
Epoch 3/40, Batch 2150/2746, Loss: 2.6088
Epoch 3/40, Batch 2160/2746, Loss: 2.5541
Epoch 3/40, Batch 2170/2746, Loss: 2.5898
Epoch 3/40, Batch 2180/2746, Loss: 2.5786
Epoch 3/40, Batch 2190/2746, Loss: 2.6161
Epoch 3/40, Batch 2200/2746, Loss: 2.5981
Epoch 3/40, Batch 2210/2746, Loss: 2.5539
Epoch 3/40, Batch 2220/2746, Loss: 2.5900
Epoch 3/40, Batch 2230/2746, Loss: 2.6029
Epoch 3/40, Batch 2240/2746, Loss: 2.5884
Epoch 3/40, Batch 2250/2746, Loss: 2.5970
Epoch 3/40, Batch 2260/2746, Loss: 2.6297
Epoch 3/40, Batch 2270/2746, Loss: 2.5477
Epoch 3/40, Batch 2280/2746, Loss: 2.5931
Epoch 3/40, Batch 2290/2746, Loss: 2.5602
Epoch 3/40, Batch 2300/2746, Loss: 2.5835
Epoch 3/40, Batch 2310/2746, Loss: 2.5553
Epoch 3/40, Batch 2320/2746, Loss: 2.5773
Epoch 3/40, Batch 2330/2746, Loss: 2.6017
Epoch 3/40, Batch 2340/2746, Loss: 2.5764
Epoch 3/40, Batch 2350/2746, Loss: 2.6091
Epoch 3/40, Batch 2360/2746, Loss: 2.5891
Epoch 3/40, Batch 2370/2746, Loss: 2.6386
Epoch 3/40, Batch 2380/2746, Loss: 2.5532
Epoch 3/40, Batch 2390/2746, Loss: 2.6296
Epoch 3/40, Batch 2400/2746, Loss: 2.5716
Epoch 3/40, Batch 2410/2746, Loss: 2.5518
Epoch 3/40, Batch 2420/2746, Loss: 2.5852
Epoch 3/40, Batch 2430/2746, Loss: 2.5982
Epoch 3/40, Batch 2440/2746, Loss: 2.5504
Epoch 3/40, Batch 2450/2746, Loss: 2.5509
Epoch 3/40, Batch 2460/2746, Loss: 2.4823
Epoch 3/40, Batch 2470/2746, Loss: 2.5288
Epoch 3/40, Batch 2480/2746, Loss: 2.5468
Epoch 3/40, Batch 2490/2746, Loss: 2.5527
Epoch 3/40, Batch 2500/2746, Loss: 2.6162
Epoch 3/40, Batch 2510/2746, Loss: 2.5918
Epoch 3/40, Batch 2520/2746, Loss: 2.5657
Epoch 3/40, Batch 2530/2746, Loss: 2.6132
Epoch 3/40, Batch 2540/2746, Loss: 2.6013
Epoch 3/40, Batch 2550/2746, Loss: 2.5547
Epoch 3/40, Batch 2560/2746, Loss: 2.5454
Epoch 3/40, Batch 2570/2746, Loss: 2.5793
Epoch 3/40, Batch 2580/2746, Loss: 2.5539
Epoch 3/40, Batch 2590/2746, Loss: 2.5490
Epoch 3/40, Batch 2600/2746, Loss: 2.5502
Epoch 3/40, Batch 2610/2746, Loss: 2.6164
Epoch 3/40, Batch 2620/2746, Loss: 2.5647
Epoch 3/40, Batch 2630/2746, Loss: 2.5518
Epoch 3/40, Batch 2640/2746, Loss: 2.5303
Epoch 3/40, Batch 2650/2746, Loss: 2.5739
Epoch 3/40, Batch 2660/2746, Loss: 2.5529
Epoch 3/40, Batch 2670/2746, Loss: 2.5894
Epoch 3/40, Batch 2680/2746, Loss: 2.5932
Epoch 3/40, Batch 2690/2746, Loss: 2.5932
Epoch 3/40, Batch 2700/2746, Loss: 2.5521
Epoch 3/40, Batch 2710/2746, Loss: 2.5827
Epoch 3/40, Batch 2720/2746, Loss: 2.5434
Epoch 3/40, Batch 2730/2746, Loss: 2.5493
Epoch 3/40, Batch 2740/2746, Loss: 2.5737
New best model with validation loss: 2.5175, perplexity: 12.40
Epoch 3/40, Loss: 2.5899, Perplexity: 13.33, Val Loss: 2.5175, Val Perplexity: 12.40, Time: 6233.14s
Epoch 4/40, Batch 10/2746, Loss: 2.6353
Epoch 4/40, Batch 20/2746, Loss: 2.6245
Epoch 4/40, Batch 30/2746, Loss: 2.5963
Epoch 4/40, Batch 40/2746, Loss: 2.5707
Epoch 4/40, Batch 50/2746, Loss: 2.6099
Epoch 4/40, Batch 60/2746, Loss: 2.5769
Epoch 4/40, Batch 70/2746, Loss: 2.5706
Epoch 4/40, Batch 80/2746, Loss: 2.6358
Epoch 4/40, Batch 90/2746, Loss: 2.5958
Epoch 4/40, Batch 100/2746, Loss: 2.5738
Epoch 4/40, Batch 110/2746, Loss: 2.6583
Epoch 4/40, Batch 120/2746, Loss: 2.5766
Epoch 4/40, Batch 130/2746, Loss: 2.5631
Epoch 4/40, Batch 140/2746, Loss: 2.6142
Epoch 4/40, Batch 150/2746, Loss: 2.5296
Epoch 4/40, Batch 160/2746, Loss: 2.5521
Epoch 4/40, Batch 170/2746, Loss: 2.5746
Epoch 4/40, Batch 180/2746, Loss: 2.5664
Epoch 4/40, Batch 190/2746, Loss: 2.5946
Epoch 4/40, Batch 200/2746, Loss: 2.5749
Epoch 4/40, Batch 210/2746, Loss: 2.6030
Epoch 4/40, Batch 220/2746, Loss: 2.5150
Epoch 4/40, Batch 230/2746, Loss: 2.5744
Epoch 4/40, Batch 240/2746, Loss: 2.5587
Epoch 4/40, Batch 250/2746, Loss: 2.5811
Epoch 4/40, Batch 260/2746, Loss: 2.5611
Epoch 4/40, Batch 270/2746, Loss: 2.5963
Epoch 4/40, Batch 280/2746, Loss: 2.5976
Epoch 4/40, Batch 290/2746, Loss: 2.5709
Epoch 4/40, Batch 300/2746, Loss: 2.6034
Epoch 4/40, Batch 310/2746, Loss: 2.5297
Epoch 4/40, Batch 320/2746, Loss: 2.5412
Epoch 4/40, Batch 330/2746, Loss: 2.5432
Epoch 4/40, Batch 340/2746, Loss: 2.5221
Epoch 4/40, Batch 350/2746, Loss: 2.5150
Epoch 4/40, Batch 360/2746, Loss: 2.5512
Epoch 4/40, Batch 370/2746, Loss: 2.5645
Epoch 4/40, Batch 380/2746, Loss: 2.5007
Epoch 4/40, Batch 390/2746, Loss: 2.5594
Epoch 4/40, Batch 400/2746, Loss: 2.6047
Epoch 4/40, Batch 410/2746, Loss: 2.5125
Epoch 4/40, Batch 420/2746, Loss: 2.5256
Epoch 4/40, Batch 430/2746, Loss: 2.5388
Epoch 4/40, Batch 440/2746, Loss: 2.5410
Epoch 4/40, Batch 450/2746, Loss: 2.5588
Epoch 4/40, Batch 460/2746, Loss: 2.5798
Epoch 4/40, Batch 470/2746, Loss: 2.5819
Epoch 4/40, Batch 480/2746, Loss: 2.5949
Epoch 4/40, Batch 490/2746, Loss: 2.5708
Epoch 4/40, Batch 500/2746, Loss: 2.6258
Epoch 4/40, Batch 510/2746, Loss: 2.5454
Epoch 4/40, Batch 520/2746, Loss: 2.5478
Epoch 4/40, Batch 530/2746, Loss: 2.5878
Epoch 4/40, Batch 540/2746, Loss: 2.5953
Epoch 4/40, Batch 550/2746, Loss: 2.5577
Epoch 4/40, Batch 560/2746, Loss: 2.5234
Epoch 4/40, Batch 570/2746, Loss: 2.5652
Epoch 4/40, Batch 580/2746, Loss: 2.5501
Epoch 4/40, Batch 590/2746, Loss: 2.5440
Epoch 4/40, Batch 600/2746, Loss: 2.5349
Epoch 4/40, Batch 610/2746, Loss: 2.5670
Epoch 4/40, Batch 620/2746, Loss: 2.5778
Epoch 4/40, Batch 630/2746, Loss: 2.5702
Epoch 4/40, Batch 640/2746, Loss: 2.5959
Epoch 4/40, Batch 650/2746, Loss: 2.5561
Epoch 4/40, Batch 660/2746, Loss: 2.5688
Epoch 4/40, Batch 670/2746, Loss: 2.5849
Epoch 4/40, Batch 680/2746, Loss: 2.5721
Epoch 4/40, Batch 690/2746, Loss: 2.5683
Epoch 4/40, Batch 700/2746, Loss: 2.5377
Epoch 4/40, Batch 710/2746, Loss: 2.5222
Epoch 4/40, Batch 720/2746, Loss: 2.5450
Epoch 4/40, Batch 730/2746, Loss: 2.5659
Epoch 4/40, Batch 740/2746, Loss: 2.5798
Epoch 4/40, Batch 750/2746, Loss: 2.5245
Epoch 4/40, Batch 760/2746, Loss: 2.5324
Epoch 4/40, Batch 770/2746, Loss: 2.5238
Epoch 4/40, Batch 780/2746, Loss: 2.5707
Epoch 4/40, Batch 790/2746, Loss: 2.5965
Epoch 4/40, Batch 800/2746, Loss: 2.6033
Epoch 4/40, Batch 810/2746, Loss: 2.5437
Epoch 4/40, Batch 820/2746, Loss: 2.5591
Epoch 4/40, Batch 830/2746, Loss: 2.5694
Epoch 4/40, Batch 840/2746, Loss: 2.5590
Epoch 4/40, Batch 850/2746, Loss: 2.5289
Epoch 4/40, Batch 860/2746, Loss: 2.5515
Epoch 4/40, Batch 870/2746, Loss: 2.5803
Epoch 4/40, Batch 880/2746, Loss: 2.6191
Epoch 4/40, Batch 890/2746, Loss: 2.5999
Epoch 4/40, Batch 900/2746, Loss: 2.5439
Epoch 4/40, Batch 910/2746, Loss: 2.5655
Epoch 4/40, Batch 920/2746, Loss: 2.5407
Epoch 4/40, Batch 930/2746, Loss: 2.5627
Epoch 4/40, Batch 940/2746, Loss: 2.5431
Epoch 4/40, Batch 950/2746, Loss: 2.5851
Epoch 4/40, Batch 960/2746, Loss: 2.6020
Epoch 4/40, Batch 970/2746, Loss: 2.5824
Epoch 4/40, Batch 980/2746, Loss: 2.5530
Epoch 4/40, Batch 990/2746, Loss: 2.5963
Epoch 4/40, Batch 1000/2746, Loss: 2.6437
Epoch 4/40, Batch 1010/2746, Loss: 2.5413
Epoch 4/40, Batch 1020/2746, Loss: 2.5975
Epoch 4/40, Batch 1030/2746, Loss: 2.5572
Epoch 4/40, Batch 1040/2746, Loss: 2.5617
Epoch 4/40, Batch 1050/2746, Loss: 2.5297
Epoch 4/40, Batch 1060/2746, Loss: 2.5736
Epoch 4/40, Batch 1070/2746, Loss: 2.5556
Epoch 4/40, Batch 1080/2746, Loss: 2.5438
Epoch 4/40, Batch 1090/2746, Loss: 2.5220
Epoch 4/40, Batch 1100/2746, Loss: 2.5238
Epoch 4/40, Batch 1110/2746, Loss: 2.5632
Epoch 4/40, Batch 1120/2746, Loss: 2.5579
Epoch 4/40, Batch 1130/2746, Loss: 2.5627
Epoch 4/40, Batch 1140/2746, Loss: 2.5514
Epoch 4/40, Batch 1150/2746, Loss: 2.5915
Epoch 4/40, Batch 1160/2746, Loss: 2.5240
Epoch 4/40, Batch 1170/2746, Loss: 2.5379
Epoch 4/40, Batch 1180/2746, Loss: 2.5528
Epoch 4/40, Batch 1190/2746, Loss: 2.5917
Epoch 4/40, Batch 1200/2746, Loss: 2.5037
Epoch 4/40, Batch 1210/2746, Loss: 2.4805
Epoch 4/40, Batch 1220/2746, Loss: 2.5884
Epoch 4/40, Batch 1230/2746, Loss: 2.5278
Epoch 4/40, Batch 1240/2746, Loss: 2.5241
Epoch 4/40, Batch 1250/2746, Loss: 2.5456
Epoch 4/40, Batch 1260/2746, Loss: 2.5815
Epoch 4/40, Batch 1270/2746, Loss: 2.5318
Epoch 4/40, Batch 1280/2746, Loss: 2.5465
Epoch 4/40, Batch 1290/2746, Loss: 2.5826
Epoch 4/40, Batch 1300/2746, Loss: 2.5469
Epoch 4/40, Batch 1310/2746, Loss: 2.6132
Epoch 4/40, Batch 1320/2746, Loss: 2.5715
Epoch 4/40, Batch 1330/2746, Loss: 2.5016
Epoch 4/40, Batch 1340/2746, Loss: 2.5528
Epoch 4/40, Batch 1350/2746, Loss: 2.5346
Epoch 4/40, Batch 1360/2746, Loss: 2.5291
Epoch 4/40, Batch 1370/2746, Loss: 2.5415
Epoch 4/40, Batch 1380/2746, Loss: 2.5273
Epoch 4/40, Batch 1390/2746, Loss: 2.5568
Epoch 4/40, Batch 1400/2746, Loss: 2.5540
Epoch 4/40, Batch 1410/2746, Loss: 2.5819
Epoch 4/40, Batch 1420/2746, Loss: 2.5860
Epoch 4/40, Batch 1430/2746, Loss: 2.5458
Epoch 4/40, Batch 1440/2746, Loss: 2.5436
Epoch 4/40, Batch 1450/2746, Loss: 2.5310
Epoch 4/40, Batch 1460/2746, Loss: 2.5545
Epoch 4/40, Batch 1470/2746, Loss: 2.5265
Epoch 4/40, Batch 1480/2746, Loss: 2.5460
Epoch 4/40, Batch 1490/2746, Loss: 2.6664
Epoch 4/40, Batch 1500/2746, Loss: 2.5464
Epoch 4/40, Batch 1510/2746, Loss: 2.5754
Epoch 4/40, Batch 1520/2746, Loss: 2.5566
Epoch 4/40, Batch 1530/2746, Loss: 2.5251
Epoch 4/40, Batch 1540/2746, Loss: 2.5955
Epoch 4/40, Batch 1550/2746, Loss: 2.5992
Epoch 4/40, Batch 1560/2746, Loss: 2.5397
Epoch 4/40, Batch 1570/2746, Loss: 2.5539
Epoch 4/40, Batch 1580/2746, Loss: 2.5446
Epoch 4/40, Batch 1590/2746, Loss: 2.5907
Epoch 4/40, Batch 1600/2746, Loss: 2.5588
Epoch 4/40, Batch 1610/2746, Loss: 2.5573
Epoch 4/40, Batch 1620/2746, Loss: 2.5810
Epoch 4/40, Batch 1630/2746, Loss: 2.5317
Epoch 4/40, Batch 1640/2746, Loss: 2.5397
Epoch 4/40, Batch 1650/2746, Loss: 2.5546
Epoch 4/40, Batch 1660/2746, Loss: 2.6016
Epoch 4/40, Batch 1670/2746, Loss: 2.5752
Epoch 4/40, Batch 1680/2746, Loss: 2.5930
Epoch 4/40, Batch 1690/2746, Loss: 2.5735
Epoch 4/40, Batch 1700/2746, Loss: 2.5591
Epoch 4/40, Batch 1710/2746, Loss: 2.5487
Epoch 4/40, Batch 1720/2746, Loss: 2.5928
Epoch 4/40, Batch 1730/2746, Loss: 2.5734
Epoch 4/40, Batch 1740/2746, Loss: 2.5686
Epoch 4/40, Batch 1750/2746, Loss: 2.5652
Epoch 4/40, Batch 1760/2746, Loss: 2.5518
Epoch 4/40, Batch 1770/2746, Loss: 2.5546
Epoch 4/40, Batch 1780/2746, Loss: 2.5738
Epoch 4/40, Batch 1790/2746, Loss: 2.5146
Epoch 4/40, Batch 1800/2746, Loss: 2.5326
Epoch 4/40, Batch 1810/2746, Loss: 2.5492
Epoch 4/40, Batch 1820/2746, Loss: 2.5662
Epoch 4/40, Batch 1830/2746, Loss: 2.5916
Epoch 4/40, Batch 1840/2746, Loss: 2.5580
Epoch 4/40, Batch 1850/2746, Loss: 2.5525
Epoch 4/40, Batch 1860/2746, Loss: 2.5961
Epoch 4/40, Batch 1870/2746, Loss: 2.5587
Epoch 4/40, Batch 1880/2746, Loss: 2.5420
Epoch 4/40, Batch 1890/2746, Loss: 2.5192
Epoch 4/40, Batch 1900/2746, Loss: 2.5803
Epoch 4/40, Batch 1910/2746, Loss: 2.5445
Epoch 4/40, Batch 1920/2746, Loss: 2.5484
Epoch 4/40, Batch 1930/2746, Loss: 2.5086
Epoch 4/40, Batch 1940/2746, Loss: 2.5061
Epoch 4/40, Batch 1950/2746, Loss: 2.5632
Epoch 4/40, Batch 1960/2746, Loss: 2.5320
Epoch 4/40, Batch 1970/2746, Loss: 2.5379
Epoch 4/40, Batch 1980/2746, Loss: 2.5239
Epoch 4/40, Batch 1990/2746, Loss: 2.5712
Epoch 4/40, Batch 2000/2746, Loss: 2.5344
Epoch 4/40, Batch 2010/2746, Loss: 2.5753
Epoch 4/40, Batch 2020/2746, Loss: 2.5447
Epoch 4/40, Batch 2030/2746, Loss: 2.5585
Epoch 4/40, Batch 2040/2746, Loss: 2.5129
Epoch 4/40, Batch 2050/2746, Loss: 2.5010
Epoch 4/40, Batch 2060/2746, Loss: 2.5196
Epoch 4/40, Batch 2070/2746, Loss: 2.5025
Epoch 4/40, Batch 2080/2746, Loss: 2.5059
Epoch 4/40, Batch 2090/2746, Loss: 2.5339
Epoch 4/40, Batch 2100/2746, Loss: 2.5889
Epoch 4/40, Batch 2110/2746, Loss: 2.5964
Epoch 4/40, Batch 2120/2746, Loss: 2.5275
Epoch 4/40, Batch 2130/2746, Loss: 2.5524
Epoch 4/40, Batch 2140/2746, Loss: 2.5201
Epoch 4/40, Batch 2150/2746, Loss: 2.5731
Epoch 4/40, Batch 2160/2746, Loss: 2.5219
Epoch 4/40, Batch 2170/2746, Loss: 2.5553
Epoch 4/40, Batch 2180/2746, Loss: 2.5488
Epoch 4/40, Batch 2190/2746, Loss: 2.5766
Epoch 4/40, Batch 2200/2746, Loss: 2.5685
Epoch 4/40, Batch 2210/2746, Loss: 2.5182
Epoch 4/40, Batch 2220/2746, Loss: 2.5725
Epoch 4/40, Batch 2230/2746, Loss: 2.5644
Epoch 4/40, Batch 2240/2746, Loss: 2.5676
Epoch 4/40, Batch 2250/2746, Loss: 2.5582
Epoch 4/40, Batch 2260/2746, Loss: 2.6063
Epoch 4/40, Batch 2270/2746, Loss: 2.5120
Epoch 4/40, Batch 2280/2746, Loss: 2.5690
Epoch 4/40, Batch 2290/2746, Loss: 2.5304
Epoch 4/40, Batch 2300/2746, Loss: 2.5564
Epoch 4/40, Batch 2310/2746, Loss: 2.5294
Epoch 4/40, Batch 2320/2746, Loss: 2.5490
Epoch 4/40, Batch 2330/2746, Loss: 2.5687
Epoch 4/40, Batch 2340/2746, Loss: 2.5559
Epoch 4/40, Batch 2350/2746, Loss: 2.5759
Epoch 4/40, Batch 2360/2746, Loss: 2.5626
Epoch 4/40, Batch 2370/2746, Loss: 2.6123
Epoch 4/40, Batch 2380/2746, Loss: 2.5226
Epoch 4/40, Batch 2390/2746, Loss: 2.5976
Epoch 4/40, Batch 2400/2746, Loss: 2.5513
Epoch 4/40, Batch 2410/2746, Loss: 2.5323
Epoch 4/40, Batch 2420/2746, Loss: 2.5647
Epoch 4/40, Batch 2430/2746, Loss: 2.5760
Epoch 4/40, Batch 2440/2746, Loss: 2.5358
Epoch 4/40, Batch 2450/2746, Loss: 2.5189
Epoch 4/40, Batch 2460/2746, Loss: 2.4602
Epoch 4/40, Batch 2470/2746, Loss: 2.5096
Epoch 4/40, Batch 2480/2746, Loss: 2.5176
Epoch 4/40, Batch 2490/2746, Loss: 2.5283
Epoch 4/40, Batch 2500/2746, Loss: 2.5884
Epoch 4/40, Batch 2510/2746, Loss: 2.5698
Epoch 4/40, Batch 2520/2746, Loss: 2.5501
Epoch 4/40, Batch 2530/2746, Loss: 2.5947
Epoch 4/40, Batch 2540/2746, Loss: 2.5991
Epoch 4/40, Batch 2550/2746, Loss: 2.5308
Epoch 4/40, Batch 2560/2746, Loss: 2.5180
Epoch 4/40, Batch 2570/2746, Loss: 2.5556
Epoch 4/40, Batch 2580/2746, Loss: 2.5343
Epoch 4/40, Batch 2590/2746, Loss: 2.5184
Epoch 4/40, Batch 2600/2746, Loss: 2.5310
Epoch 4/40, Batch 2610/2746, Loss: 2.6086
Epoch 4/40, Batch 2620/2746, Loss: 2.5399
Epoch 4/40, Batch 2630/2746, Loss: 2.5213
Epoch 4/40, Batch 2640/2746, Loss: 2.5149
Epoch 4/40, Batch 2650/2746, Loss: 2.5532
Epoch 4/40, Batch 2660/2746, Loss: 2.5355
Epoch 4/40, Batch 2670/2746, Loss: 2.5671
Epoch 4/40, Batch 2680/2746, Loss: 2.5687
Epoch 4/40, Batch 2690/2746, Loss: 2.5784
Epoch 4/40, Batch 2700/2746, Loss: 2.5264
Epoch 4/40, Batch 2710/2746, Loss: 2.5721
Epoch 4/40, Batch 2720/2746, Loss: 2.5281
Epoch 4/40, Batch 2730/2746, Loss: 2.5384
Epoch 4/40, Batch 2740/2746, Loss: 2.5479
New best model with validation loss: 2.4976, perplexity: 12.15
Epoch 4/40, Loss: 2.5602, Perplexity: 12.94, Val Loss: 2.4976, Val Perplexity: 12.15, Time: 6226.27s
Epoch 5/40, Batch 10/2746, Loss: 2.6131
Epoch 5/40, Batch 20/2746, Loss: 2.6009
Epoch 5/40, Batch 30/2746, Loss: 2.5698
Epoch 5/40, Batch 40/2746, Loss: 2.5475
Epoch 5/40, Batch 50/2746, Loss: 2.5917
Epoch 5/40, Batch 60/2746, Loss: 2.5595
Epoch 5/40, Batch 70/2746, Loss: 2.5563
Epoch 5/40, Batch 80/2746, Loss: 2.6101
Epoch 5/40, Batch 90/2746, Loss: 2.5783
Epoch 5/40, Batch 100/2746, Loss: 2.5514
Epoch 5/40, Batch 110/2746, Loss: 2.6441
Epoch 5/40, Batch 120/2746, Loss: 2.5528
Epoch 5/40, Batch 130/2746, Loss: 2.5422
Epoch 5/40, Batch 140/2746, Loss: 2.5906
Epoch 5/40, Batch 150/2746, Loss: 2.4961
Epoch 5/40, Batch 160/2746, Loss: 2.5263
Epoch 5/40, Batch 170/2746, Loss: 2.5543
Epoch 5/40, Batch 180/2746, Loss: 2.5444
Epoch 5/40, Batch 190/2746, Loss: 2.5805
Epoch 5/40, Batch 200/2746, Loss: 2.5593
Epoch 5/40, Batch 210/2746, Loss: 2.5787
Epoch 5/40, Batch 220/2746, Loss: 2.4980
Epoch 5/40, Batch 230/2746, Loss: 2.5577
Epoch 5/40, Batch 240/2746, Loss: 2.5382
Epoch 5/40, Batch 250/2746, Loss: 2.5620
Epoch 5/40, Batch 260/2746, Loss: 2.5415
Epoch 5/40, Batch 270/2746, Loss: 2.5749
Epoch 5/40, Batch 280/2746, Loss: 2.5748
Epoch 5/40, Batch 290/2746, Loss: 2.5521
Epoch 5/40, Batch 300/2746, Loss: 2.5910
Epoch 5/40, Batch 310/2746, Loss: 2.5045
Epoch 5/40, Batch 320/2746, Loss: 2.5275
Epoch 5/40, Batch 330/2746, Loss: 2.5201
Epoch 5/40, Batch 340/2746, Loss: 2.5098
Epoch 5/40, Batch 350/2746, Loss: 2.4951
Epoch 5/40, Batch 360/2746, Loss: 2.5186
Epoch 5/40, Batch 370/2746, Loss: 2.5457
Epoch 5/40, Batch 380/2746, Loss: 2.4857
Epoch 5/40, Batch 390/2746, Loss: 2.5407
Epoch 5/40, Batch 400/2746, Loss: 2.5897
Epoch 5/40, Batch 410/2746, Loss: 2.5033
Epoch 5/40, Batch 420/2746, Loss: 2.5102
Epoch 5/40, Batch 430/2746, Loss: 2.5159
Epoch 5/40, Batch 440/2746, Loss: 2.5243
Epoch 5/40, Batch 450/2746, Loss: 2.5398
Epoch 5/40, Batch 460/2746, Loss: 2.5619
Epoch 5/40, Batch 470/2746, Loss: 2.5613
Epoch 5/40, Batch 480/2746, Loss: 2.5734
Epoch 5/40, Batch 490/2746, Loss: 2.5430
Epoch 5/40, Batch 500/2746, Loss: 2.6189
Epoch 5/40, Batch 510/2746, Loss: 2.5158
Epoch 5/40, Batch 520/2746, Loss: 2.5346
Epoch 5/40, Batch 530/2746, Loss: 2.5720
Epoch 5/40, Batch 540/2746, Loss: 2.5653
Epoch 5/40, Batch 550/2746, Loss: 2.5336
Epoch 5/40, Batch 560/2746, Loss: 2.5021
Epoch 5/40, Batch 570/2746, Loss: 2.5452
Epoch 5/40, Batch 580/2746, Loss: 2.5245
Epoch 5/40, Batch 590/2746, Loss: 2.5191
Epoch 5/40, Batch 600/2746, Loss: 2.5127
Epoch 5/40, Batch 610/2746, Loss: 2.5551
Epoch 5/40, Batch 620/2746, Loss: 2.5519
Epoch 5/40, Batch 630/2746, Loss: 2.5526
Epoch 5/40, Batch 640/2746, Loss: 2.5623
Epoch 5/40, Batch 650/2746, Loss: 2.5378
Epoch 5/40, Batch 660/2746, Loss: 2.5526
Epoch 5/40, Batch 670/2746, Loss: 2.5678
Epoch 5/40, Batch 680/2746, Loss: 2.5581
Epoch 5/40, Batch 690/2746, Loss: 2.5522
Epoch 5/40, Batch 700/2746, Loss: 2.5131
Epoch 5/40, Batch 710/2746, Loss: 2.4974
Epoch 5/40, Batch 720/2746, Loss: 2.5111
Epoch 5/40, Batch 730/2746, Loss: 2.5398
Epoch 5/40, Batch 740/2746, Loss: 2.5646
Epoch 5/40, Batch 750/2746, Loss: 2.5018
Epoch 5/40, Batch 760/2746, Loss: 2.5122
Epoch 5/40, Batch 770/2746, Loss: 2.4938
Epoch 5/40, Batch 780/2746, Loss: 2.5486
Epoch 5/40, Batch 790/2746, Loss: 2.5775
Epoch 5/40, Batch 800/2746, Loss: 2.5781
Epoch 5/40, Batch 810/2746, Loss: 2.5264
Epoch 5/40, Batch 820/2746, Loss: 2.5391
Epoch 5/40, Batch 830/2746, Loss: 2.5468
Epoch 5/40, Batch 840/2746, Loss: 2.5342
Epoch 5/40, Batch 850/2746, Loss: 2.5128
Epoch 5/40, Batch 860/2746, Loss: 2.5351
Epoch 5/40, Batch 870/2746, Loss: 2.5559
Epoch 5/40, Batch 880/2746, Loss: 2.5905
Epoch 5/40, Batch 890/2746, Loss: 2.5830
Epoch 5/40, Batch 900/2746, Loss: 2.5256
Epoch 5/40, Batch 910/2746, Loss: 2.5323
Epoch 5/40, Batch 920/2746, Loss: 2.5199
Epoch 5/40, Batch 930/2746, Loss: 2.5407
Epoch 5/40, Batch 940/2746, Loss: 2.5268
Epoch 5/40, Batch 950/2746, Loss: 2.5677
Epoch 5/40, Batch 960/2746, Loss: 2.5841
Epoch 5/40, Batch 970/2746, Loss: 2.5660
Epoch 5/40, Batch 980/2746, Loss: 2.5302
Epoch 5/40, Batch 990/2746, Loss: 2.5728
Epoch 5/40, Batch 1000/2746, Loss: 2.6250
Epoch 5/40, Batch 1010/2746, Loss: 2.5158
Epoch 5/40, Batch 1020/2746, Loss: 2.5798
Epoch 5/40, Batch 1030/2746, Loss: 2.5406
Epoch 5/40, Batch 1040/2746, Loss: 2.5414
Epoch 5/40, Batch 1050/2746, Loss: 2.5145
Epoch 5/40, Batch 1060/2746, Loss: 2.5605
Epoch 5/40, Batch 1070/2746, Loss: 2.5239
Epoch 5/40, Batch 1080/2746, Loss: 2.5181
Epoch 5/40, Batch 1090/2746, Loss: 2.4973
Epoch 5/40, Batch 1100/2746, Loss: 2.5047
Epoch 5/40, Batch 1110/2746, Loss: 2.5357
Epoch 5/40, Batch 1120/2746, Loss: 2.5381
Epoch 5/40, Batch 1130/2746, Loss: 2.5551
Epoch 5/40, Batch 1140/2746, Loss: 2.5268
Epoch 5/40, Batch 1150/2746, Loss: 2.5739
Epoch 5/40, Batch 1160/2746, Loss: 2.5070
Epoch 5/40, Batch 1170/2746, Loss: 2.5089
Epoch 5/40, Batch 1180/2746, Loss: 2.5384
Epoch 5/40, Batch 1190/2746, Loss: 2.5749
Epoch 5/40, Batch 1200/2746, Loss: 2.4858
Epoch 5/40, Batch 1210/2746, Loss: 2.4637
Epoch 5/40, Batch 1220/2746, Loss: 2.5684
Epoch 5/40, Batch 1230/2746, Loss: 2.5072
Epoch 5/40, Batch 1240/2746, Loss: 2.5015
Epoch 5/40, Batch 1250/2746, Loss: 2.5350
Epoch 5/40, Batch 1260/2746, Loss: 2.5721
Epoch 5/40, Batch 1270/2746, Loss: 2.5180
Epoch 5/40, Batch 1280/2746, Loss: 2.5287
Epoch 5/40, Batch 1290/2746, Loss: 2.5739
Epoch 5/40, Batch 1300/2746, Loss: 2.5351
Epoch 5/40, Batch 1310/2746, Loss: 2.5944
Epoch 5/40, Batch 1320/2746, Loss: 2.5543
Epoch 5/40, Batch 1330/2746, Loss: 2.4760
Epoch 5/40, Batch 1340/2746, Loss: 2.5359
Epoch 5/40, Batch 1350/2746, Loss: 2.5241
Epoch 5/40, Batch 1360/2746, Loss: 2.5037
Epoch 5/40, Batch 1370/2746, Loss: 2.5264
Epoch 5/40, Batch 1380/2746, Loss: 2.5097
Epoch 5/40, Batch 1390/2746, Loss: 2.5379
Epoch 5/40, Batch 1400/2746, Loss: 2.5256
Epoch 5/40, Batch 1410/2746, Loss: 2.5601
Epoch 5/40, Batch 1420/2746, Loss: 2.5581
Epoch 5/40, Batch 1430/2746, Loss: 2.5288
Epoch 5/40, Batch 1440/2746, Loss: 2.5447
Epoch 5/40, Batch 1450/2746, Loss: 2.5075
Epoch 5/40, Batch 1460/2746, Loss: 2.5371
Epoch 5/40, Batch 1470/2746, Loss: 2.5159
Epoch 5/40, Batch 1480/2746, Loss: 2.5351
Epoch 5/40, Batch 1490/2746, Loss: 2.6255
Epoch 5/40, Batch 1500/2746, Loss: 2.5261
Epoch 5/40, Batch 1510/2746, Loss: 2.5621
Epoch 5/40, Batch 1520/2746, Loss: 2.5414
Epoch 5/40, Batch 1530/2746, Loss: 2.5023
Epoch 5/40, Batch 1540/2746, Loss: 2.5797
Epoch 5/40, Batch 1550/2746, Loss: 2.5644
Epoch 5/40, Batch 1560/2746, Loss: 2.5135
Epoch 5/40, Batch 1570/2746, Loss: 2.5395
Epoch 5/40, Batch 1580/2746, Loss: 2.5262
Epoch 5/40, Batch 1590/2746, Loss: 2.5693
Epoch 5/40, Batch 1600/2746, Loss: 2.5443
Epoch 5/40, Batch 1610/2746, Loss: 2.5436
Epoch 5/40, Batch 1620/2746, Loss: 2.5596
Epoch 5/40, Batch 1630/2746, Loss: 2.5118
Epoch 5/40, Batch 1640/2746, Loss: 2.5247
Epoch 5/40, Batch 1650/2746, Loss: 2.5416
Epoch 5/40, Batch 1660/2746, Loss: 2.5771
Epoch 5/40, Batch 1670/2746, Loss: 2.5465
Epoch 5/40, Batch 1680/2746, Loss: 2.5587
Epoch 5/40, Batch 1690/2746, Loss: 2.5452
Epoch 5/40, Batch 1700/2746, Loss: 2.5397
Epoch 5/40, Batch 1710/2746, Loss: 2.5332
Epoch 5/40, Batch 1720/2746, Loss: 2.5708
Epoch 5/40, Batch 1730/2746, Loss: 2.5604
Epoch 5/40, Batch 1740/2746, Loss: 2.5526
Epoch 5/40, Batch 1750/2746, Loss: 2.5432
Epoch 5/40, Batch 1760/2746, Loss: 2.5324
Epoch 5/40, Batch 1770/2746, Loss: 2.5326
Epoch 5/40, Batch 1780/2746, Loss: 2.5545
Epoch 5/40, Batch 1790/2746, Loss: 2.4979
Epoch 5/40, Batch 1800/2746, Loss: 2.5130
Epoch 5/40, Batch 1810/2746, Loss: 2.5383
Epoch 5/40, Batch 1820/2746, Loss: 2.5533
Epoch 5/40, Batch 1830/2746, Loss: 2.5706
Epoch 5/40, Batch 1840/2746, Loss: 2.5363
Epoch 5/40, Batch 1850/2746, Loss: 2.5346
Epoch 5/40, Batch 1860/2746, Loss: 2.5846
Epoch 5/40, Batch 1870/2746, Loss: 2.5481
Epoch 5/40, Batch 1880/2746, Loss: 2.5296
Epoch 5/40, Batch 1890/2746, Loss: 2.5004
Epoch 5/40, Batch 1900/2746, Loss: 2.5683
Epoch 5/40, Batch 1910/2746, Loss: 2.5270
Epoch 5/40, Batch 1920/2746, Loss: 2.5285
Epoch 5/40, Batch 1930/2746, Loss: 2.4939
Epoch 5/40, Batch 1940/2746, Loss: 2.4792
Epoch 5/40, Batch 1950/2746, Loss: 2.5357
Epoch 5/40, Batch 1960/2746, Loss: 2.5190
Epoch 5/40, Batch 1970/2746, Loss: 2.5227
Epoch 5/40, Batch 1980/2746, Loss: 2.5333
Epoch 5/40, Batch 1990/2746, Loss: 2.5558
Epoch 5/40, Batch 2000/2746, Loss: 2.5155
Epoch 5/40, Batch 2010/2746, Loss: 2.5665
Epoch 5/40, Batch 2020/2746, Loss: 2.5227
Epoch 5/40, Batch 2030/2746, Loss: 2.5508
Epoch 5/40, Batch 2040/2746, Loss: 2.4966
Epoch 5/40, Batch 2050/2746, Loss: 2.4809
Epoch 5/40, Batch 2060/2746, Loss: 2.5034
Epoch 5/40, Batch 2070/2746, Loss: 2.4835
Epoch 5/40, Batch 2080/2746, Loss: 2.4807
Epoch 5/40, Batch 2090/2746, Loss: 2.5245
Epoch 5/40, Batch 2100/2746, Loss: 2.5729
Epoch 5/40, Batch 2110/2746, Loss: 2.5688
Epoch 5/40, Batch 2120/2746, Loss: 2.5077
Epoch 5/40, Batch 2130/2746, Loss: 2.5464
Epoch 5/40, Batch 2140/2746, Loss: 2.5067
Epoch 5/40, Batch 2150/2746, Loss: 2.5508
Epoch 5/40, Batch 2160/2746, Loss: 2.5006
Epoch 5/40, Batch 2170/2746, Loss: 2.5348
Epoch 5/40, Batch 2180/2746, Loss: 2.5347
Epoch 5/40, Batch 2190/2746, Loss: 2.5594
Epoch 5/40, Batch 2200/2746, Loss: 2.5569
Epoch 5/40, Batch 2210/2746, Loss: 2.4987
Epoch 5/40, Batch 2220/2746, Loss: 2.5380
Epoch 5/40, Batch 2230/2746, Loss: 2.5688
Epoch 5/40, Batch 2240/2746, Loss: 2.5444
Epoch 5/40, Batch 2250/2746, Loss: 2.5396
Epoch 5/40, Batch 2260/2746, Loss: 2.5900
Epoch 5/40, Batch 2270/2746, Loss: 2.4932
Epoch 5/40, Batch 2280/2746, Loss: 2.5601
Epoch 5/40, Batch 2290/2746, Loss: 2.5032
Epoch 5/40, Batch 2300/2746, Loss: 2.5344
Epoch 5/40, Batch 2310/2746, Loss: 2.5129
Epoch 5/40, Batch 2320/2746, Loss: 2.5283
Epoch 5/40, Batch 2330/2746, Loss: 2.5616
Epoch 5/40, Batch 2340/2746, Loss: 2.5370
Epoch 5/40, Batch 2350/2746, Loss: 2.5592
Epoch 5/40, Batch 2360/2746, Loss: 2.5496
Epoch 5/40, Batch 2370/2746, Loss: 2.5956
Epoch 5/40, Batch 2380/2746, Loss: 2.5011
Epoch 5/40, Batch 2390/2746, Loss: 2.5735
Epoch 5/40, Batch 2400/2746, Loss: 2.5371
Epoch 5/40, Batch 2410/2746, Loss: 2.5149
Epoch 5/40, Batch 2420/2746, Loss: 2.5529
Epoch 5/40, Batch 2430/2746, Loss: 2.5625
Epoch 5/40, Batch 2440/2746, Loss: 2.5210
Epoch 5/40, Batch 2450/2746, Loss: 2.5054
Epoch 5/40, Batch 2460/2746, Loss: 2.4644
Epoch 5/40, Batch 2470/2746, Loss: 2.5033
Epoch 5/40, Batch 2480/2746, Loss: 2.5020
Epoch 5/40, Batch 2490/2746, Loss: 2.5190
Epoch 5/40, Batch 2500/2746, Loss: 2.5694
Epoch 5/40, Batch 2510/2746, Loss: 2.5544
Epoch 5/40, Batch 2520/2746, Loss: 2.5351
Epoch 5/40, Batch 2530/2746, Loss: 2.5843
Epoch 5/40, Batch 2540/2746, Loss: 2.5691
Epoch 5/40, Batch 2550/2746, Loss: 2.5136
Epoch 5/40, Batch 2560/2746, Loss: 2.5001
Epoch 5/40, Batch 2570/2746, Loss: 2.5433
Epoch 5/40, Batch 2580/2746, Loss: 2.5228
Epoch 5/40, Batch 2590/2746, Loss: 2.5046
Epoch 5/40, Batch 2600/2746, Loss: 2.5157
Epoch 5/40, Batch 2610/2746, Loss: 2.5876
Epoch 5/40, Batch 2620/2746, Loss: 2.5262
Epoch 5/40, Batch 2630/2746, Loss: 2.4998
Epoch 5/40, Batch 2640/2746, Loss: 2.5010
Epoch 5/40, Batch 2650/2746, Loss: 2.5241
Epoch 5/40, Batch 2660/2746, Loss: 2.5281
Epoch 5/40, Batch 2670/2746, Loss: 2.5591
Epoch 5/40, Batch 2680/2746, Loss: 2.5657
Epoch 5/40, Batch 2690/2746, Loss: 2.5697
Epoch 5/40, Batch 2700/2746, Loss: 2.5107
Epoch 5/40, Batch 2710/2746, Loss: 2.5599
Epoch 5/40, Batch 2720/2746, Loss: 2.5153
Epoch 5/40, Batch 2730/2746, Loss: 2.5262
Epoch 5/40, Batch 2740/2746, Loss: 2.5296
New best model with validation loss: 2.4797, perplexity: 11.94
Epoch 5/40, Loss: 2.5411, Perplexity: 12.69, Val Loss: 2.4797, Val Perplexity: 11.94, Time: 6216.37s
Epoch 6/40, Batch 10/2746, Loss: 2.5997
Epoch 6/40, Batch 20/2746, Loss: 2.5823
Epoch 6/40, Batch 30/2746, Loss: 2.5555
Epoch 6/40, Batch 40/2746, Loss: 2.5201
Epoch 6/40, Batch 50/2746, Loss: 2.5760
Epoch 6/40, Batch 60/2746, Loss: 2.5477
Epoch 6/40, Batch 70/2746, Loss: 2.5404
Epoch 6/40, Batch 80/2746, Loss: 2.5959
Epoch 6/40, Batch 90/2746, Loss: 2.5532
Epoch 6/40, Batch 100/2746, Loss: 2.5363
Epoch 6/40, Batch 110/2746, Loss: 2.6326
Epoch 6/40, Batch 120/2746, Loss: 2.5359
Epoch 6/40, Batch 130/2746, Loss: 2.5259
Epoch 6/40, Batch 140/2746, Loss: 2.5637
Epoch 6/40, Batch 150/2746, Loss: 2.4765
Epoch 6/40, Batch 160/2746, Loss: 2.5116
Epoch 6/40, Batch 170/2746, Loss: 2.5387
Epoch 6/40, Batch 180/2746, Loss: 2.5365
Epoch 6/40, Batch 190/2746, Loss: 2.5727
Epoch 6/40, Batch 200/2746, Loss: 2.5588
Epoch 6/40, Batch 210/2746, Loss: 2.5691
Epoch 6/40, Batch 220/2746, Loss: 2.4852
Epoch 6/40, Batch 230/2746, Loss: 2.5453
Epoch 6/40, Batch 240/2746, Loss: 2.5307
Epoch 6/40, Batch 250/2746, Loss: 2.5558
Epoch 6/40, Batch 260/2746, Loss: 2.5353
Epoch 6/40, Batch 270/2746, Loss: 2.5609
Epoch 6/40, Batch 280/2746, Loss: 2.5590
Epoch 6/40, Batch 290/2746, Loss: 2.5308
Epoch 6/40, Batch 300/2746, Loss: 2.5795
Epoch 6/40, Batch 310/2746, Loss: 2.4855
Epoch 6/40, Batch 320/2746, Loss: 2.5116
Epoch 6/40, Batch 330/2746, Loss: 2.5041
Epoch 6/40, Batch 340/2746, Loss: 2.4986
Epoch 6/40, Batch 350/2746, Loss: 2.4743
Epoch 6/40, Batch 360/2746, Loss: 2.5091
Epoch 6/40, Batch 370/2746, Loss: 2.5271
Epoch 6/40, Batch 380/2746, Loss: 2.4690
Epoch 6/40, Batch 390/2746, Loss: 2.5261
Epoch 6/40, Batch 400/2746, Loss: 2.5590
Epoch 6/40, Batch 410/2746, Loss: 2.4817
Epoch 6/40, Batch 420/2746, Loss: 2.4909
Epoch 6/40, Batch 430/2746, Loss: 2.5002
Epoch 6/40, Batch 440/2746, Loss: 2.5123
Epoch 6/40, Batch 450/2746, Loss: 2.5269
Epoch 6/40, Batch 460/2746, Loss: 2.5733
Epoch 6/40, Batch 470/2746, Loss: 2.5492
Epoch 6/40, Batch 480/2746, Loss: 2.5551
Epoch 6/40, Batch 490/2746, Loss: 2.5262
Epoch 6/40, Batch 500/2746, Loss: 2.5908
Epoch 6/40, Batch 510/2746, Loss: 2.5038
Epoch 6/40, Batch 520/2746, Loss: 2.5134
Epoch 6/40, Batch 530/2746, Loss: 2.5572
Epoch 6/40, Batch 540/2746, Loss: 2.5588
Epoch 6/40, Batch 550/2746, Loss: 2.5220
Epoch 6/40, Batch 560/2746, Loss: 2.4853
Epoch 6/40, Batch 570/2746, Loss: 2.5215
Epoch 6/40, Batch 580/2746, Loss: 2.5124
Epoch 6/40, Batch 590/2746, Loss: 2.5002
Epoch 6/40, Batch 600/2746, Loss: 2.4910
Epoch 6/40, Batch 610/2746, Loss: 2.5428
Epoch 6/40, Batch 620/2746, Loss: 2.5406
Epoch 6/40, Batch 630/2746, Loss: 2.5385
Epoch 6/40, Batch 640/2746, Loss: 2.5405
Epoch 6/40, Batch 650/2746, Loss: 2.5169
Epoch 6/40, Batch 660/2746, Loss: 2.5193
Epoch 6/40, Batch 670/2746, Loss: 2.5550
Epoch 6/40, Batch 680/2746, Loss: 2.5448
Epoch 6/40, Batch 690/2746, Loss: 2.5408
Epoch 6/40, Batch 700/2746, Loss: 2.4975
Epoch 6/40, Batch 710/2746, Loss: 2.4682
Epoch 6/40, Batch 720/2746, Loss: 2.5012
Epoch 6/40, Batch 730/2746, Loss: 2.5230
Epoch 6/40, Batch 740/2746, Loss: 2.5516
Epoch 6/40, Batch 750/2746, Loss: 2.4834
Epoch 6/40, Batch 760/2746, Loss: 2.4955
Epoch 6/40, Batch 770/2746, Loss: 2.4769
Epoch 6/40, Batch 780/2746, Loss: 2.5254
Epoch 6/40, Batch 790/2746, Loss: 2.5593
Epoch 6/40, Batch 800/2746, Loss: 2.5615
Epoch 6/40, Batch 810/2746, Loss: 2.5183
Epoch 6/40, Batch 820/2746, Loss: 2.5199
Epoch 6/40, Batch 830/2746, Loss: 2.5367
Epoch 6/40, Batch 840/2746, Loss: 2.5145
Epoch 6/40, Batch 850/2746, Loss: 2.4879
Epoch 6/40, Batch 860/2746, Loss: 2.5165
Epoch 6/40, Batch 870/2746, Loss: 2.5427
Epoch 6/40, Batch 880/2746, Loss: 2.5730
Epoch 6/40, Batch 890/2746, Loss: 2.5753
Epoch 6/40, Batch 900/2746, Loss: 2.5039
Epoch 6/40, Batch 910/2746, Loss: 2.5156
Epoch 6/40, Batch 920/2746, Loss: 2.5071
Epoch 6/40, Batch 930/2746, Loss: 2.5223
Epoch 6/40, Batch 940/2746, Loss: 2.5065
Epoch 6/40, Batch 950/2746, Loss: 2.5531
Epoch 6/40, Batch 960/2746, Loss: 2.5705
Epoch 6/40, Batch 970/2746, Loss: 2.5595
Epoch 6/40, Batch 980/2746, Loss: 2.5259
Epoch 6/40, Batch 990/2746, Loss: 2.5655
Epoch 6/40, Batch 1000/2746, Loss: 2.6098
Epoch 6/40, Batch 1010/2746, Loss: 2.5069
Epoch 6/40, Batch 1020/2746, Loss: 2.5591
Epoch 6/40, Batch 1030/2746, Loss: 2.5229
Epoch 6/40, Batch 1040/2746, Loss: 2.5167
Epoch 6/40, Batch 1050/2746, Loss: 2.4964
Epoch 6/40, Batch 1060/2746, Loss: 2.5392
Epoch 6/40, Batch 1070/2746, Loss: 2.4993
Epoch 6/40, Batch 1080/2746, Loss: 2.5005
Epoch 6/40, Batch 1090/2746, Loss: 2.4827
Epoch 6/40, Batch 1100/2746, Loss: 2.4897
Epoch 6/40, Batch 1110/2746, Loss: 2.5130
Epoch 6/40, Batch 1120/2746, Loss: 2.5308
Epoch 6/40, Batch 1130/2746, Loss: 2.5237
Epoch 6/40, Batch 1140/2746, Loss: 2.5079
Epoch 6/40, Batch 1150/2746, Loss: 2.5592
Epoch 6/40, Batch 1160/2746, Loss: 2.4898
Epoch 6/40, Batch 1170/2746, Loss: 2.4969
Epoch 6/40, Batch 1180/2746, Loss: 2.5188
Epoch 6/40, Batch 1190/2746, Loss: 2.5597
Epoch 6/40, Batch 1200/2746, Loss: 2.4733
Epoch 6/40, Batch 1210/2746, Loss: 2.4445
Epoch 6/40, Batch 1220/2746, Loss: 2.5481
Epoch 6/40, Batch 1230/2746, Loss: 2.5039
Epoch 6/40, Batch 1240/2746, Loss: 2.4824
Epoch 6/40, Batch 1250/2746, Loss: 2.5150
Epoch 6/40, Batch 1260/2746, Loss: 2.5488
Epoch 6/40, Batch 1270/2746, Loss: 2.5032
Epoch 6/40, Batch 1280/2746, Loss: 2.5148
Epoch 6/40, Batch 1290/2746, Loss: 2.5533
Epoch 6/40, Batch 1300/2746, Loss: 2.5161
Epoch 6/40, Batch 1310/2746, Loss: 2.5860
Epoch 6/40, Batch 1320/2746, Loss: 2.5527
Epoch 6/40, Batch 1330/2746, Loss: 2.4625
Epoch 6/40, Batch 1340/2746, Loss: 2.5168
Epoch 6/40, Batch 1350/2746, Loss: 2.5080
Epoch 6/40, Batch 1360/2746, Loss: 2.4995
Epoch 6/40, Batch 1370/2746, Loss: 2.5087
Epoch 6/40, Batch 1380/2746, Loss: 2.4999
Epoch 6/40, Batch 1390/2746, Loss: 2.5174
Epoch 6/40, Batch 1400/2746, Loss: 2.5230
Epoch 6/40, Batch 1410/2746, Loss: 2.5568
Epoch 6/40, Batch 1420/2746, Loss: 2.5499
Epoch 6/40, Batch 1430/2746, Loss: 2.5122
Epoch 6/40, Batch 1440/2746, Loss: 2.5188
Epoch 6/40, Batch 1450/2746, Loss: 2.4930
Epoch 6/40, Batch 1460/2746, Loss: 2.5077
Epoch 6/40, Batch 1470/2746, Loss: 2.5035
Epoch 6/40, Batch 1480/2746, Loss: 2.5193
Epoch 6/40, Batch 1490/2746, Loss: 2.6150
Epoch 6/40, Batch 1500/2746, Loss: 2.5108
Epoch 6/40, Batch 1510/2746, Loss: 2.5457
Epoch 6/40, Batch 1520/2746, Loss: 2.5236
Epoch 6/40, Batch 1530/2746, Loss: 2.4859
Epoch 6/40, Batch 1540/2746, Loss: 2.5687
Epoch 6/40, Batch 1550/2746, Loss: 2.5519
Epoch 6/40, Batch 1560/2746, Loss: 2.4964
Epoch 6/40, Batch 1570/2746, Loss: 2.5254
Epoch 6/40, Batch 1580/2746, Loss: 2.5115
Epoch 6/40, Batch 1590/2746, Loss: 2.5586
Epoch 6/40, Batch 1600/2746, Loss: 2.5279
Epoch 6/40, Batch 1610/2746, Loss: 2.5295
Epoch 6/40, Batch 1620/2746, Loss: 2.5396
Epoch 6/40, Batch 1630/2746, Loss: 2.5011
Epoch 6/40, Batch 1640/2746, Loss: 2.5069
Epoch 6/40, Batch 1650/2746, Loss: 2.5303
Epoch 6/40, Batch 1660/2746, Loss: 2.5675
Epoch 6/40, Batch 1670/2746, Loss: 2.5319
Epoch 6/40, Batch 1680/2746, Loss: 2.5623
Epoch 6/40, Batch 1690/2746, Loss: 2.5260
Epoch 6/40, Batch 1700/2746, Loss: 2.5301
Epoch 6/40, Batch 1710/2746, Loss: 2.5222
Epoch 6/40, Batch 1720/2746, Loss: 2.5588
Epoch 6/40, Batch 1730/2746, Loss: 2.5459
Epoch 6/40, Batch 1740/2746, Loss: 2.5391
Epoch 6/40, Batch 1750/2746, Loss: 2.5364
Epoch 6/40, Batch 1760/2746, Loss: 2.5372
Epoch 6/40, Batch 1770/2746, Loss: 2.5263
Epoch 6/40, Batch 1780/2746, Loss: 2.5435
Epoch 6/40, Batch 1790/2746, Loss: 2.4856
Epoch 6/40, Batch 1800/2746, Loss: 2.4917
Epoch 6/40, Batch 1810/2746, Loss: 2.5127
Epoch 6/40, Batch 1820/2746, Loss: 2.5455
Epoch 6/40, Batch 1830/2746, Loss: 2.5576
Epoch 6/40, Batch 1840/2746, Loss: 2.5135
Epoch 6/40, Batch 1850/2746, Loss: 2.5189
Epoch 6/40, Batch 1860/2746, Loss: 2.5745
Epoch 6/40, Batch 1870/2746, Loss: 2.5444
Epoch 6/40, Batch 1880/2746, Loss: 2.5135
Epoch 6/40, Batch 1890/2746, Loss: 2.4951
Epoch 6/40, Batch 1900/2746, Loss: 2.5572
Epoch 6/40, Batch 1910/2746, Loss: 2.5256
Epoch 6/40, Batch 1920/2746, Loss: 2.5164
Epoch 6/40, Batch 1930/2746, Loss: 2.4814
Epoch 6/40, Batch 1940/2746, Loss: 2.4587
Epoch 6/40, Batch 1950/2746, Loss: 2.5293
Epoch 6/40, Batch 1960/2746, Loss: 2.5112
Epoch 6/40, Batch 1970/2746, Loss: 2.5236
Epoch 6/40, Batch 1980/2746, Loss: 2.4985
Epoch 6/40, Batch 1990/2746, Loss: 2.5463
Epoch 6/40, Batch 2000/2746, Loss: 2.5081
Epoch 6/40, Batch 2010/2746, Loss: 2.5534
Epoch 6/40, Batch 2020/2746, Loss: 2.5119
Epoch 6/40, Batch 2030/2746, Loss: 2.5392
Epoch 6/40, Batch 2040/2746, Loss: 2.4741
Epoch 6/40, Batch 2050/2746, Loss: 2.4621
Epoch 6/40, Batch 2060/2746, Loss: 2.4875
Epoch 6/40, Batch 2070/2746, Loss: 2.4879
Epoch 6/40, Batch 2080/2746, Loss: 2.4766
Epoch 6/40, Batch 2090/2746, Loss: 2.5050
Epoch 6/40, Batch 2100/2746, Loss: 2.5632
Epoch 6/40, Batch 2110/2746, Loss: 2.5615
Epoch 6/40, Batch 2120/2746, Loss: 2.5028
Epoch 6/40, Batch 2130/2746, Loss: 2.5215
Epoch 6/40, Batch 2140/2746, Loss: 2.4931
Epoch 6/40, Batch 2150/2746, Loss: 2.5343
Epoch 6/40, Batch 2160/2746, Loss: 2.4763
Epoch 6/40, Batch 2170/2746, Loss: 2.5229
Epoch 6/40, Batch 2180/2746, Loss: 2.5160
Epoch 6/40, Batch 2190/2746, Loss: 2.5835
Epoch 6/40, Batch 2200/2746, Loss: 2.5348
Epoch 6/40, Batch 2210/2746, Loss: 2.4783
Epoch 6/40, Batch 2220/2746, Loss: 2.5297
Epoch 6/40, Batch 2230/2746, Loss: 2.5376
Epoch 6/40, Batch 2240/2746, Loss: 2.5378
Epoch 6/40, Batch 2250/2746, Loss: 2.5207
Epoch 6/40, Batch 2260/2746, Loss: 2.5807
Epoch 6/40, Batch 2270/2746, Loss: 2.4832
Epoch 6/40, Batch 2280/2746, Loss: 2.5514
Epoch 6/40, Batch 2290/2746, Loss: 2.4905
Epoch 6/40, Batch 2300/2746, Loss: 2.5190
Epoch 6/40, Batch 2310/2746, Loss: 2.5098
Epoch 6/40, Batch 2320/2746, Loss: 2.5171
Epoch 6/40, Batch 2330/2746, Loss: 2.5581
Epoch 6/40, Batch 2340/2746, Loss: 2.5258
Epoch 6/40, Batch 2350/2746, Loss: 2.5372
Epoch 6/40, Batch 2360/2746, Loss: 2.5357
Epoch 6/40, Batch 2370/2746, Loss: 2.5779
Epoch 6/40, Batch 2380/2746, Loss: 2.4863
Epoch 6/40, Batch 2390/2746, Loss: 2.5590
Epoch 6/40, Batch 2400/2746, Loss: 2.5272
Epoch 6/40, Batch 2410/2746, Loss: 2.5051
Epoch 6/40, Batch 2420/2746, Loss: 2.5446
Epoch 6/40, Batch 2430/2746, Loss: 2.5512
Epoch 6/40, Batch 2440/2746, Loss: 2.5114
Epoch 6/40, Batch 2450/2746, Loss: 2.5020
Epoch 6/40, Batch 2460/2746, Loss: 2.4311
Epoch 6/40, Batch 2470/2746, Loss: 2.4821
Epoch 6/40, Batch 2480/2746, Loss: 2.4869
Epoch 6/40, Batch 2490/2746, Loss: 2.5072
Epoch 6/40, Batch 2500/2746, Loss: 2.5574
Epoch 6/40, Batch 2510/2746, Loss: 2.5308
Epoch 6/40, Batch 2520/2746, Loss: 2.5199
Epoch 6/40, Batch 2530/2746, Loss: 2.5735
Epoch 6/40, Batch 2540/2746, Loss: 2.5592
Epoch 6/40, Batch 2550/2746, Loss: 2.5005
Epoch 6/40, Batch 2560/2746, Loss: 2.4905
Epoch 6/40, Batch 2570/2746, Loss: 2.5344
Epoch 6/40, Batch 2580/2746, Loss: 2.5110
Epoch 6/40, Batch 2590/2746, Loss: 2.4845
Epoch 6/40, Batch 2600/2746, Loss: 2.5075
Epoch 6/40, Batch 2610/2746, Loss: 2.5873
Epoch 6/40, Batch 2620/2746, Loss: 2.5185
Epoch 6/40, Batch 2630/2746, Loss: 2.4888
Epoch 6/40, Batch 2640/2746, Loss: 2.5030
Epoch 6/40, Batch 2650/2746, Loss: 2.5069
Epoch 6/40, Batch 2660/2746, Loss: 2.5159
Epoch 6/40, Batch 2670/2746, Loss: 2.5427
Epoch 6/40, Batch 2680/2746, Loss: 2.5507
Epoch 6/40, Batch 2690/2746, Loss: 2.5581
Epoch 6/40, Batch 2700/2746, Loss: 2.4990
Epoch 6/40, Batch 2710/2746, Loss: 2.5484
Epoch 6/40, Batch 2720/2746, Loss: 2.4980
Epoch 6/40, Batch 2730/2746, Loss: 2.5204
Epoch 6/40, Batch 2740/2746, Loss: 2.5136
New best model with validation loss: 2.4658, perplexity: 11.77
Epoch 6/40, Loss: 2.5265, Perplexity: 12.51, Val Loss: 2.4658, Val Perplexity: 11.77, Time: 6224.03s
Epoch 7/40, Batch 10/2746, Loss: 2.5847
Epoch 7/40, Batch 20/2746, Loss: 2.5720
Epoch 7/40, Batch 30/2746, Loss: 2.5340
Epoch 7/40, Batch 40/2746, Loss: 2.5031
Epoch 7/40, Batch 50/2746, Loss: 2.5623
Epoch 7/40, Batch 60/2746, Loss: 2.5308
Epoch 7/40, Batch 70/2746, Loss: 2.5216
Epoch 7/40, Batch 80/2746, Loss: 2.5811
Epoch 7/40, Batch 90/2746, Loss: 2.5410
Epoch 7/40, Batch 100/2746, Loss: 2.5221
Epoch 7/40, Batch 110/2746, Loss: 2.6193
Epoch 7/40, Batch 120/2746, Loss: 2.5225
Epoch 7/40, Batch 130/2746, Loss: 2.5131
Epoch 7/40, Batch 140/2746, Loss: 2.5510
Epoch 7/40, Batch 150/2746, Loss: 2.4585
Epoch 7/40, Batch 160/2746, Loss: 2.5025
Epoch 7/40, Batch 170/2746, Loss: 2.5327
Epoch 7/40, Batch 180/2746, Loss: 2.5259
Epoch 7/40, Batch 190/2746, Loss: 2.5632
Epoch 7/40, Batch 200/2746, Loss: 2.5438
Epoch 7/40, Batch 210/2746, Loss: 2.5483
Epoch 7/40, Batch 220/2746, Loss: 2.4891
Epoch 7/40, Batch 230/2746, Loss: 2.5382
Epoch 7/40, Batch 240/2746, Loss: 2.5250
Epoch 7/40, Batch 250/2746, Loss: 2.5425
Epoch 7/40, Batch 260/2746, Loss: 2.5207
Epoch 7/40, Batch 270/2746, Loss: 2.5590
Epoch 7/40, Batch 280/2746, Loss: 2.5469
Epoch 7/40, Batch 290/2746, Loss: 2.5177
Epoch 7/40, Batch 300/2746, Loss: 2.5715
Epoch 7/40, Batch 310/2746, Loss: 2.4807
Epoch 7/40, Batch 320/2746, Loss: 2.4993
Epoch 7/40, Batch 330/2746, Loss: 2.4963
Epoch 7/40, Batch 340/2746, Loss: 2.4802
Epoch 7/40, Batch 350/2746, Loss: 2.4927
Epoch 7/40, Batch 360/2746, Loss: 2.4970
Epoch 7/40, Batch 370/2746, Loss: 2.5142
Epoch 7/40, Batch 380/2746, Loss: 2.4550
Epoch 7/40, Batch 390/2746, Loss: 2.5205
Epoch 7/40, Batch 400/2746, Loss: 2.5466
Epoch 7/40, Batch 410/2746, Loss: 2.4758
Epoch 7/40, Batch 420/2746, Loss: 2.4862
Epoch 7/40, Batch 430/2746, Loss: 2.4971
Epoch 7/40, Batch 440/2746, Loss: 2.4990
Epoch 7/40, Batch 450/2746, Loss: 2.5100
Epoch 7/40, Batch 460/2746, Loss: 2.5489
Epoch 7/40, Batch 470/2746, Loss: 2.5370
Epoch 7/40, Batch 480/2746, Loss: 2.5406
Epoch 7/40, Batch 490/2746, Loss: 2.5152
Epoch 7/40, Batch 500/2746, Loss: 2.5769
Epoch 7/40, Batch 510/2746, Loss: 2.4962
Epoch 7/40, Batch 520/2746, Loss: 2.5070
Epoch 7/40, Batch 530/2746, Loss: 2.5474
Epoch 7/40, Batch 540/2746, Loss: 2.5413
Epoch 7/40, Batch 550/2746, Loss: 2.5074
Epoch 7/40, Batch 560/2746, Loss: 2.4608
Epoch 7/40, Batch 570/2746, Loss: 2.5112
Epoch 7/40, Batch 580/2746, Loss: 2.5008
Epoch 7/40, Batch 590/2746, Loss: 2.4843
Epoch 7/40, Batch 600/2746, Loss: 2.4832
Epoch 7/40, Batch 610/2746, Loss: 2.5304
Epoch 7/40, Batch 620/2746, Loss: 2.5263
Epoch 7/40, Batch 630/2746, Loss: 2.5357
Epoch 7/40, Batch 640/2746, Loss: 2.5332
Epoch 7/40, Batch 650/2746, Loss: 2.5102
Epoch 7/40, Batch 660/2746, Loss: 2.5132
Epoch 7/40, Batch 670/2746, Loss: 2.5451
Epoch 7/40, Batch 680/2746, Loss: 2.5411
Epoch 7/40, Batch 690/2746, Loss: 2.5364
Epoch 7/40, Batch 700/2746, Loss: 2.4838
Epoch 7/40, Batch 710/2746, Loss: 2.4565
Epoch 7/40, Batch 720/2746, Loss: 2.4737
Epoch 7/40, Batch 730/2746, Loss: 2.5056
Epoch 7/40, Batch 740/2746, Loss: 2.5460
Epoch 7/40, Batch 750/2746, Loss: 2.4817
Epoch 7/40, Batch 760/2746, Loss: 2.4920
Epoch 7/40, Batch 770/2746, Loss: 2.4650
Epoch 7/40, Batch 780/2746, Loss: 2.5158
Epoch 7/40, Batch 790/2746, Loss: 2.5464
Epoch 7/40, Batch 800/2746, Loss: 2.5526
Epoch 7/40, Batch 810/2746, Loss: 2.5075
Epoch 7/40, Batch 820/2746, Loss: 2.4997
Epoch 7/40, Batch 830/2746, Loss: 2.5249
Epoch 7/40, Batch 840/2746, Loss: 2.5077
Epoch 7/40, Batch 850/2746, Loss: 2.4835
Epoch 7/40, Batch 860/2746, Loss: 2.5055
Epoch 7/40, Batch 870/2746, Loss: 2.5327
Epoch 7/40, Batch 880/2746, Loss: 2.5618
Epoch 7/40, Batch 890/2746, Loss: 2.5632
Epoch 7/40, Batch 900/2746, Loss: 2.5067
Epoch 7/40, Batch 910/2746, Loss: 2.4975
Epoch 7/40, Batch 920/2746, Loss: 2.4984
Epoch 7/40, Batch 930/2746, Loss: 2.5062
Epoch 7/40, Batch 940/2746, Loss: 2.5066
Epoch 7/40, Batch 950/2746, Loss: 2.5467
Epoch 7/40, Batch 960/2746, Loss: 2.5599
Epoch 7/40, Batch 970/2746, Loss: 2.5489
Epoch 7/40, Batch 980/2746, Loss: 2.5039
Epoch 7/40, Batch 990/2746, Loss: 2.5541
Epoch 7/40, Batch 1000/2746, Loss: 2.6111
Epoch 7/40, Batch 1010/2746, Loss: 2.4973
Epoch 7/40, Batch 1020/2746, Loss: 2.5494
Epoch 7/40, Batch 1030/2746, Loss: 2.5178
Epoch 7/40, Batch 1040/2746, Loss: 2.5020
Epoch 7/40, Batch 1050/2746, Loss: 2.4841
Epoch 7/40, Batch 1060/2746, Loss: 2.5237
Epoch 7/40, Batch 1070/2746, Loss: 2.4792
Epoch 7/40, Batch 1080/2746, Loss: 2.4947
Epoch 7/40, Batch 1090/2746, Loss: 2.4711
Epoch 7/40, Batch 1100/2746, Loss: 2.4703
Epoch 7/40, Batch 1110/2746, Loss: 2.5158
Epoch 7/40, Batch 1120/2746, Loss: 2.5248
Epoch 7/40, Batch 1130/2746, Loss: 2.5095
Epoch 7/40, Batch 1140/2746, Loss: 2.4985
Epoch 7/40, Batch 1150/2746, Loss: 2.5462
Epoch 7/40, Batch 1160/2746, Loss: 2.4800
Epoch 7/40, Batch 1170/2746, Loss: 2.4761
Epoch 7/40, Batch 1180/2746, Loss: 2.5124
Epoch 7/40, Batch 1190/2746, Loss: 2.5413
Epoch 7/40, Batch 1200/2746, Loss: 2.4702
Epoch 7/40, Batch 1210/2746, Loss: 2.4303
Epoch 7/40, Batch 1220/2746, Loss: 2.5344
Epoch 7/40, Batch 1230/2746, Loss: 2.4804
Epoch 7/40, Batch 1240/2746, Loss: 2.4705
Epoch 7/40, Batch 1250/2746, Loss: 2.5109
Epoch 7/40, Batch 1260/2746, Loss: 2.5363
Epoch 7/40, Batch 1270/2746, Loss: 2.4935
Epoch 7/40, Batch 1280/2746, Loss: 2.5107
Epoch 7/40, Batch 1290/2746, Loss: 2.5404
Epoch 7/40, Batch 1300/2746, Loss: 2.5119
Epoch 7/40, Batch 1310/2746, Loss: 2.5767
Epoch 7/40, Batch 1320/2746, Loss: 2.5336
Epoch 7/40, Batch 1330/2746, Loss: 2.4506
Epoch 7/40, Batch 1340/2746, Loss: 2.5016
Epoch 7/40, Batch 1350/2746, Loss: 2.5002
Epoch 7/40, Batch 1360/2746, Loss: 2.4784
Epoch 7/40, Batch 1370/2746, Loss: 2.5099
Epoch 7/40, Batch 1380/2746, Loss: 2.4897
Epoch 7/40, Batch 1390/2746, Loss: 2.4991
Epoch 7/40, Batch 1400/2746, Loss: 2.5059
Epoch 7/40, Batch 1410/2746, Loss: 2.5404
Epoch 7/40, Batch 1420/2746, Loss: 2.5427
Epoch 7/40, Batch 1430/2746, Loss: 2.4991
Epoch 7/40, Batch 1440/2746, Loss: 2.5058
Epoch 7/40, Batch 1450/2746, Loss: 2.4819
Epoch 7/40, Batch 1460/2746, Loss: 2.4952
Epoch 7/40, Batch 1470/2746, Loss: 2.4900
Epoch 7/40, Batch 1480/2746, Loss: 2.5178
Epoch 7/40, Batch 1490/2746, Loss: 2.6075
Epoch 7/40, Batch 1500/2746, Loss: 2.4987
Epoch 7/40, Batch 1510/2746, Loss: 2.5333
Epoch 7/40, Batch 1520/2746, Loss: 2.5121
Epoch 7/40, Batch 1530/2746, Loss: 2.4806
Epoch 7/40, Batch 1540/2746, Loss: 2.5541
Epoch 7/40, Batch 1550/2746, Loss: 2.5491
Epoch 7/40, Batch 1560/2746, Loss: 2.4913
Epoch 7/40, Batch 1570/2746, Loss: 2.5140
Epoch 7/40, Batch 1580/2746, Loss: 2.5090
Epoch 7/40, Batch 1590/2746, Loss: 2.5405
Epoch 7/40, Batch 1600/2746, Loss: 2.5154
Epoch 7/40, Batch 1610/2746, Loss: 2.5222
Epoch 7/40, Batch 1620/2746, Loss: 2.5318
Epoch 7/40, Batch 1630/2746, Loss: 2.4902
Epoch 7/40, Batch 1640/2746, Loss: 2.5013
Epoch 7/40, Batch 1650/2746, Loss: 2.5246
Epoch 7/40, Batch 1660/2746, Loss: 2.5419
Epoch 7/40, Batch 1670/2746, Loss: 2.5216
Epoch 7/40, Batch 1680/2746, Loss: 2.5305
Epoch 7/40, Batch 1690/2746, Loss: 2.5060
Epoch 7/40, Batch 1700/2746, Loss: 2.5183
Epoch 7/40, Batch 1710/2746, Loss: 2.5160
Epoch 7/40, Batch 1720/2746, Loss: 2.5432
Epoch 7/40, Batch 1730/2746, Loss: 2.5363
Epoch 7/40, Batch 1740/2746, Loss: 2.5295
Epoch 7/40, Batch 1750/2746, Loss: 2.5486
Epoch 7/40, Batch 1760/2746, Loss: 2.5028
Epoch 7/40, Batch 1770/2746, Loss: 2.5117
Epoch 7/40, Batch 1780/2746, Loss: 2.5330
Epoch 7/40, Batch 1790/2746, Loss: 2.4913
Epoch 7/40, Batch 1800/2746, Loss: 2.4891
Epoch 7/40, Batch 1810/2746, Loss: 2.5011
Epoch 7/40, Batch 1820/2746, Loss: 2.5348
Epoch 7/40, Batch 1830/2746, Loss: 2.5462
Epoch 7/40, Batch 1840/2746, Loss: 2.4973
Epoch 7/40, Batch 1850/2746, Loss: 2.5077
Epoch 7/40, Batch 1860/2746, Loss: 2.5639
Epoch 7/40, Batch 1870/2746, Loss: 2.5182
Epoch 7/40, Batch 1880/2746, Loss: 2.5125
Epoch 7/40, Batch 1890/2746, Loss: 2.4839
Epoch 7/40, Batch 1900/2746, Loss: 2.5587
Epoch 7/40, Batch 1910/2746, Loss: 2.5191
Epoch 7/40, Batch 1920/2746, Loss: 2.5079
Epoch 7/40, Batch 1930/2746, Loss: 2.4653
Epoch 7/40, Batch 1940/2746, Loss: 2.4420
Epoch 7/40, Batch 1950/2746, Loss: 2.5196
Epoch 7/40, Batch 1960/2746, Loss: 2.5158
Epoch 7/40, Batch 1970/2746, Loss: 2.5057
Epoch 7/40, Batch 1980/2746, Loss: 2.4891
Epoch 7/40, Batch 1990/2746, Loss: 2.5326
Epoch 7/40, Batch 2000/2746, Loss: 2.4928
Epoch 7/40, Batch 2010/2746, Loss: 2.5393
Epoch 7/40, Batch 2020/2746, Loss: 2.5000
Epoch 7/40, Batch 2030/2746, Loss: 2.5348
Epoch 7/40, Batch 2040/2746, Loss: 2.4745
Epoch 7/40, Batch 2050/2746, Loss: 2.4448
Epoch 7/40, Batch 2060/2746, Loss: 2.4772
Epoch 7/40, Batch 2070/2746, Loss: 2.4566
Epoch 7/40, Batch 2080/2746, Loss: 2.4533
Epoch 7/40, Batch 2090/2746, Loss: 2.4905
Epoch 7/40, Batch 2100/2746, Loss: 2.5771
Epoch 7/40, Batch 2110/2746, Loss: 2.5422
Epoch 7/40, Batch 2120/2746, Loss: 2.4801
Epoch 7/40, Batch 2130/2746, Loss: 2.5147
Epoch 7/40, Batch 2140/2746, Loss: 2.4888
Epoch 7/40, Batch 2150/2746, Loss: 2.5238
Epoch 7/40, Batch 2160/2746, Loss: 2.4668
Epoch 7/40, Batch 2170/2746, Loss: 2.5012
Epoch 7/40, Batch 2180/2746, Loss: 2.4972
Epoch 7/40, Batch 2190/2746, Loss: 2.5411
Epoch 7/40, Batch 2200/2746, Loss: 2.5284
Epoch 7/40, Batch 2210/2746, Loss: 2.4626
Epoch 7/40, Batch 2220/2746, Loss: 2.5152
Epoch 7/40, Batch 2230/2746, Loss: 2.5280
Epoch 7/40, Batch 2240/2746, Loss: 2.5339
Epoch 7/40, Batch 2250/2746, Loss: 2.5074
Epoch 7/40, Batch 2260/2746, Loss: 2.5704
Epoch 7/40, Batch 2270/2746, Loss: 2.4732
Epoch 7/40, Batch 2280/2746, Loss: 2.5337
Epoch 7/40, Batch 2290/2746, Loss: 2.4776
Epoch 7/40, Batch 2300/2746, Loss: 2.5057
Epoch 7/40, Batch 2310/2746, Loss: 2.5011
Epoch 7/40, Batch 2320/2746, Loss: 2.5058
Epoch 7/40, Batch 2330/2746, Loss: 2.5424
Epoch 7/40, Batch 2340/2746, Loss: 2.5193
Epoch 7/40, Batch 2350/2746, Loss: 2.5267
Epoch 7/40, Batch 2360/2746, Loss: 2.5227
Epoch 7/40, Batch 2370/2746, Loss: 2.5652
Epoch 7/40, Batch 2380/2746, Loss: 2.4703
Epoch 7/40, Batch 2390/2746, Loss: 2.5378
Epoch 7/40, Batch 2400/2746, Loss: 2.5136
Epoch 7/40, Batch 2410/2746, Loss: 2.4886
Epoch 7/40, Batch 2420/2746, Loss: 2.5342
Epoch 7/40, Batch 2430/2746, Loss: 2.5508
Epoch 7/40, Batch 2440/2746, Loss: 2.5089
Epoch 7/40, Batch 2450/2746, Loss: 2.4920
Epoch 7/40, Batch 2460/2746, Loss: 2.4266
Epoch 7/40, Batch 2470/2746, Loss: 2.4724
Epoch 7/40, Batch 2480/2746, Loss: 2.4701
Epoch 7/40, Batch 2490/2746, Loss: 2.5014
Epoch 7/40, Batch 2500/2746, Loss: 2.5550
Epoch 7/40, Batch 2510/2746, Loss: 2.5293
Epoch 7/40, Batch 2520/2746, Loss: 2.5133
Epoch 7/40, Batch 2530/2746, Loss: 2.5731
Epoch 7/40, Batch 2540/2746, Loss: 2.5521
Epoch 7/40, Batch 2550/2746, Loss: 2.4971
Epoch 7/40, Batch 2560/2746, Loss: 2.4808
Epoch 7/40, Batch 2570/2746, Loss: 2.5250
Epoch 7/40, Batch 2580/2746, Loss: 2.5086
Epoch 7/40, Batch 2590/2746, Loss: 2.4734
Epoch 7/40, Batch 2600/2746, Loss: 2.4981
Epoch 7/40, Batch 2610/2746, Loss: 2.5638
Epoch 7/40, Batch 2620/2746, Loss: 2.5139
Epoch 7/40, Batch 2630/2746, Loss: 2.4800
Epoch 7/40, Batch 2640/2746, Loss: 2.4731
Epoch 7/40, Batch 2650/2746, Loss: 2.5032
Epoch 7/40, Batch 2660/2746, Loss: 2.5114
Epoch 7/40, Batch 2670/2746, Loss: 2.5296
Epoch 7/40, Batch 2680/2746, Loss: 2.5370
Epoch 7/40, Batch 2690/2746, Loss: 2.5459
Epoch 7/40, Batch 2700/2746, Loss: 2.4874
Epoch 7/40, Batch 2710/2746, Loss: 2.5441
Epoch 7/40, Batch 2720/2746, Loss: 2.4909
Epoch 7/40, Batch 2730/2746, Loss: 2.5102
Epoch 7/40, Batch 2740/2746, Loss: 2.5091
New best model with validation loss: 2.4583, perplexity: 11.69
Epoch 7/40, Loss: 2.5152, Perplexity: 12.37, Val Loss: 2.4583, Val Perplexity: 11.69, Time: 6225.95s
Epoch 8/40, Batch 10/2746, Loss: 2.5790
Epoch 8/40, Batch 20/2746, Loss: 2.5570
Epoch 8/40, Batch 30/2746, Loss: 2.5246
Epoch 8/40, Batch 40/2746, Loss: 2.4929
Epoch 8/40, Batch 50/2746, Loss: 2.5626
Epoch 8/40, Batch 60/2746, Loss: 2.5217
Epoch 8/40, Batch 70/2746, Loss: 2.5069
Epoch 8/40, Batch 80/2746, Loss: 2.5766
Epoch 8/40, Batch 90/2746, Loss: 2.5228
Epoch 8/40, Batch 100/2746, Loss: 2.5138
Epoch 8/40, Batch 110/2746, Loss: 2.6071
Epoch 8/40, Batch 120/2746, Loss: 2.5148
Epoch 8/40, Batch 130/2746, Loss: 2.4988
Epoch 8/40, Batch 140/2746, Loss: 2.5268
Epoch 8/40, Batch 150/2746, Loss: 2.4473
Epoch 8/40, Batch 160/2746, Loss: 2.4926
Epoch 8/40, Batch 170/2746, Loss: 2.5186
Epoch 8/40, Batch 180/2746, Loss: 2.5205
Epoch 8/40, Batch 190/2746, Loss: 2.5554
Epoch 8/40, Batch 200/2746, Loss: 2.5392
Epoch 8/40, Batch 210/2746, Loss: 2.5369
Epoch 8/40, Batch 220/2746, Loss: 2.4620
Epoch 8/40, Batch 230/2746, Loss: 2.5298
Epoch 8/40, Batch 240/2746, Loss: 2.5179
Epoch 8/40, Batch 250/2746, Loss: 2.5387
Epoch 8/40, Batch 260/2746, Loss: 2.5119
Epoch 8/40, Batch 270/2746, Loss: 2.5481
Epoch 8/40, Batch 280/2746, Loss: 2.5378
Epoch 8/40, Batch 290/2746, Loss: 2.5032
Epoch 8/40, Batch 300/2746, Loss: 2.5691
Epoch 8/40, Batch 310/2746, Loss: 2.4663
Epoch 8/40, Batch 320/2746, Loss: 2.4847
Epoch 8/40, Batch 330/2746, Loss: 2.4865
Epoch 8/40, Batch 340/2746, Loss: 2.4691
Epoch 8/40, Batch 350/2746, Loss: 2.4507
Epoch 8/40, Batch 360/2746, Loss: 2.5135
Epoch 8/40, Batch 370/2746, Loss: 2.5064
Epoch 8/40, Batch 380/2746, Loss: 2.4548
Epoch 8/40, Batch 390/2746, Loss: 2.5115
Epoch 8/40, Batch 400/2746, Loss: 2.5444
Epoch 8/40, Batch 410/2746, Loss: 2.4683
Epoch 8/40, Batch 420/2746, Loss: 2.4773
Epoch 8/40, Batch 430/2746, Loss: 2.4858
Epoch 8/40, Batch 440/2746, Loss: 2.4934
Epoch 8/40, Batch 450/2746, Loss: 2.5074
Epoch 8/40, Batch 460/2746, Loss: 2.5345
Epoch 8/40, Batch 470/2746, Loss: 2.5318
Epoch 8/40, Batch 480/2746, Loss: 2.5380
Epoch 8/40, Batch 490/2746, Loss: 2.5125
Epoch 8/40, Batch 500/2746, Loss: 2.5715
Epoch 8/40, Batch 510/2746, Loss: 2.4774
Epoch 8/40, Batch 520/2746, Loss: 2.4894
Epoch 8/40, Batch 530/2746, Loss: 2.5455
Epoch 8/40, Batch 540/2746, Loss: 2.5235
Epoch 8/40, Batch 550/2746, Loss: 2.4940
Epoch 8/40, Batch 560/2746, Loss: 2.4649
Epoch 8/40, Batch 570/2746, Loss: 2.4866
Epoch 8/40, Batch 580/2746, Loss: 2.4934
Epoch 8/40, Batch 590/2746, Loss: 2.4739
Epoch 8/40, Batch 600/2746, Loss: 2.4690
Epoch 8/40, Batch 610/2746, Loss: 2.5219
Epoch 8/40, Batch 620/2746, Loss: 2.5231
Epoch 8/40, Batch 630/2746, Loss: 2.5213
Epoch 8/40, Batch 640/2746, Loss: 2.5166
Epoch 8/40, Batch 650/2746, Loss: 2.4914
Epoch 8/40, Batch 660/2746, Loss: 2.4984
Epoch 8/40, Batch 670/2746, Loss: 2.5256
Epoch 8/40, Batch 680/2746, Loss: 2.5282
Epoch 8/40, Batch 690/2746, Loss: 2.5244
Epoch 8/40, Batch 700/2746, Loss: 2.4692
Epoch 8/40, Batch 710/2746, Loss: 2.4401
Epoch 8/40, Batch 720/2746, Loss: 2.4642
Epoch 8/40, Batch 730/2746, Loss: 2.5033
Epoch 8/40, Batch 740/2746, Loss: 2.5279
Epoch 8/40, Batch 750/2746, Loss: 2.4652
Epoch 8/40, Batch 760/2746, Loss: 2.4781
Epoch 8/40, Batch 770/2746, Loss: 2.4526
Epoch 8/40, Batch 780/2746, Loss: 2.5078
Epoch 8/40, Batch 790/2746, Loss: 2.5332
Epoch 8/40, Batch 800/2746, Loss: 2.5699
Epoch 8/40, Batch 810/2746, Loss: 2.5169
Epoch 8/40, Batch 820/2746, Loss: 2.4906
Epoch 8/40, Batch 830/2746, Loss: 2.5118
Epoch 8/40, Batch 840/2746, Loss: 2.4862
Epoch 8/40, Batch 850/2746, Loss: 2.4766
Epoch 8/40, Batch 860/2746, Loss: 2.4940
Epoch 8/40, Batch 870/2746, Loss: 2.5224
Epoch 8/40, Batch 880/2746, Loss: 2.5495
Epoch 8/40, Batch 890/2746, Loss: 2.5530
Epoch 8/40, Batch 900/2746, Loss: 2.4798
Epoch 8/40, Batch 910/2746, Loss: 2.4895
Epoch 8/40, Batch 920/2746, Loss: 2.4817
Epoch 8/40, Batch 930/2746, Loss: 2.5072
Epoch 8/40, Batch 940/2746, Loss: 2.4915
Epoch 8/40, Batch 950/2746, Loss: 2.5388
Epoch 8/40, Batch 960/2746, Loss: 2.5527
Epoch 8/40, Batch 970/2746, Loss: 2.5405
Epoch 8/40, Batch 980/2746, Loss: 2.4994
Epoch 8/40, Batch 990/2746, Loss: 2.5395
Epoch 8/40, Batch 1000/2746, Loss: 2.5965
Epoch 8/40, Batch 1010/2746, Loss: 2.4895
Epoch 8/40, Batch 1020/2746, Loss: 2.5366
Epoch 8/40, Batch 1030/2746, Loss: 2.5006
Epoch 8/40, Batch 1040/2746, Loss: 2.4931
Epoch 8/40, Batch 1050/2746, Loss: 2.4749
Epoch 8/40, Batch 1060/2746, Loss: 2.5113
Epoch 8/40, Batch 1070/2746, Loss: 2.4672
Epoch 8/40, Batch 1080/2746, Loss: 2.4757
Epoch 8/40, Batch 1090/2746, Loss: 2.4588
Epoch 8/40, Batch 1100/2746, Loss: 2.4699
Epoch 8/40, Batch 1110/2746, Loss: 2.5108
Epoch 8/40, Batch 1120/2746, Loss: 2.5125
Epoch 8/40, Batch 1130/2746, Loss: 2.5049
Epoch 8/40, Batch 1140/2746, Loss: 2.4837
Epoch 8/40, Batch 1150/2746, Loss: 2.5468
Epoch 8/40, Batch 1160/2746, Loss: 2.4686
Epoch 8/40, Batch 1170/2746, Loss: 2.4597
Epoch 8/40, Batch 1180/2746, Loss: 2.5052
Epoch 8/40, Batch 1190/2746, Loss: 2.5302
Epoch 8/40, Batch 1200/2746, Loss: 2.4686
Epoch 8/40, Batch 1210/2746, Loss: 2.4193
Epoch 8/40, Batch 1220/2746, Loss: 2.5436
Epoch 8/40, Batch 1230/2746, Loss: 2.4694
Epoch 8/40, Batch 1240/2746, Loss: 2.4614
Epoch 8/40, Batch 1250/2746, Loss: 2.4976
Epoch 8/40, Batch 1260/2746, Loss: 2.5328
Epoch 8/40, Batch 1270/2746, Loss: 2.4926
Epoch 8/40, Batch 1280/2746, Loss: 2.5039
Epoch 8/40, Batch 1290/2746, Loss: 2.5410
Epoch 8/40, Batch 1300/2746, Loss: 2.5030
Epoch 8/40, Batch 1310/2746, Loss: 2.5707
Epoch 8/40, Batch 1320/2746, Loss: 2.5209
Epoch 8/40, Batch 1330/2746, Loss: 2.4395
Epoch 8/40, Batch 1340/2746, Loss: 2.4951
Epoch 8/40, Batch 1350/2746, Loss: 2.4880
Epoch 8/40, Batch 1360/2746, Loss: 2.4696
Epoch 8/40, Batch 1370/2746, Loss: 2.4897
Epoch 8/40, Batch 1380/2746, Loss: 2.4708
Epoch 8/40, Batch 1390/2746, Loss: 2.4935
Epoch 8/40, Batch 1400/2746, Loss: 2.4953
Epoch 8/40, Batch 1410/2746, Loss: 2.5384
Epoch 8/40, Batch 1420/2746, Loss: 2.5323
Epoch 8/40, Batch 1430/2746, Loss: 2.4915
Epoch 8/40, Batch 1440/2746, Loss: 2.4885
Epoch 8/40, Batch 1450/2746, Loss: 2.4720
Epoch 8/40, Batch 1460/2746, Loss: 2.4780
Epoch 8/40, Batch 1470/2746, Loss: 2.4800
Epoch 8/40, Batch 1480/2746, Loss: 2.5037
Epoch 8/40, Batch 1490/2746, Loss: 2.5975
Epoch 8/40, Batch 1500/2746, Loss: 2.4976
Epoch 8/40, Batch 1510/2746, Loss: 2.5238
Epoch 8/40, Batch 1520/2746, Loss: 2.4959
Epoch 8/40, Batch 1530/2746, Loss: 2.4777
Epoch 8/40, Batch 1540/2746, Loss: 2.5406
Epoch 8/40, Batch 1550/2746, Loss: 2.5337
Epoch 8/40, Batch 1560/2746, Loss: 2.4804
Epoch 8/40, Batch 1570/2746, Loss: 2.5045
Epoch 8/40, Batch 1580/2746, Loss: 2.5042
Epoch 8/40, Batch 1590/2746, Loss: 2.5499
Epoch 8/40, Batch 1600/2746, Loss: 2.5067
Epoch 8/40, Batch 1610/2746, Loss: 2.5141
Epoch 8/40, Batch 1620/2746, Loss: 2.5216
Epoch 8/40, Batch 1630/2746, Loss: 2.4881
Epoch 8/40, Batch 1640/2746, Loss: 2.4942
Epoch 8/40, Batch 1650/2746, Loss: 2.5181
Epoch 8/40, Batch 1660/2746, Loss: 2.5402
Epoch 8/40, Batch 1670/2746, Loss: 2.5177
Epoch 8/40, Batch 1680/2746, Loss: 2.5498
Epoch 8/40, Batch 1690/2746, Loss: 2.4890
Epoch 8/40, Batch 1700/2746, Loss: 2.5063
Epoch 8/40, Batch 1710/2746, Loss: 2.5058
Epoch 8/40, Batch 1720/2746, Loss: 2.5372
Epoch 8/40, Batch 1730/2746, Loss: 2.5325
Epoch 8/40, Batch 1740/2746, Loss: 2.5276
Epoch 8/40, Batch 1750/2746, Loss: 2.5182
Epoch 8/40, Batch 1760/2746, Loss: 2.4857
Epoch 8/40, Batch 1770/2746, Loss: 2.5061
Epoch 8/40, Batch 1780/2746, Loss: 2.5249
Epoch 8/40, Batch 1790/2746, Loss: 2.4659
Epoch 8/40, Batch 1800/2746, Loss: 2.4744
Epoch 8/40, Batch 1810/2746, Loss: 2.4944
Epoch 8/40, Batch 1820/2746, Loss: 2.5219
Epoch 8/40, Batch 1830/2746, Loss: 2.5416
Epoch 8/40, Batch 1840/2746, Loss: 2.4831
Epoch 8/40, Batch 1850/2746, Loss: 2.4941
Epoch 8/40, Batch 1860/2746, Loss: 2.5676
Epoch 8/40, Batch 1870/2746, Loss: 2.5014
Epoch 8/40, Batch 1880/2746, Loss: 2.5073
Epoch 8/40, Batch 1890/2746, Loss: 2.4785
Epoch 8/40, Batch 1900/2746, Loss: 2.5377
Epoch 8/40, Batch 1910/2746, Loss: 2.5144
Epoch 8/40, Batch 1920/2746, Loss: 2.4991
Epoch 8/40, Batch 1930/2746, Loss: 2.4775
Epoch 8/40, Batch 1940/2746, Loss: 2.4339
Epoch 8/40, Batch 1950/2746, Loss: 2.5164
Epoch 8/40, Batch 1960/2746, Loss: 2.4920
Epoch 8/40, Batch 1970/2746, Loss: 2.4967
Epoch 8/40, Batch 1980/2746, Loss: 2.4803
Epoch 8/40, Batch 1990/2746, Loss: 2.5198
Epoch 8/40, Batch 2000/2746, Loss: 2.4834
Epoch 8/40, Batch 2010/2746, Loss: 2.5360
Epoch 8/40, Batch 2020/2746, Loss: 2.4916
Epoch 8/40, Batch 2030/2746, Loss: 2.5331
Epoch 8/40, Batch 2040/2746, Loss: 2.4592
Epoch 8/40, Batch 2050/2746, Loss: 2.4304
Epoch 8/40, Batch 2060/2746, Loss: 2.4754
Epoch 8/40, Batch 2070/2746, Loss: 2.4463
Epoch 8/40, Batch 2080/2746, Loss: 2.4480
Epoch 8/40, Batch 2090/2746, Loss: 2.4782
Epoch 8/40, Batch 2100/2746, Loss: 2.5436
Epoch 8/40, Batch 2110/2746, Loss: 2.5354
Epoch 8/40, Batch 2120/2746, Loss: 2.4868
Epoch 8/40, Batch 2130/2746, Loss: 2.5094
Epoch 8/40, Batch 2140/2746, Loss: 2.4816
Epoch 8/40, Batch 2150/2746, Loss: 2.5276
Epoch 8/40, Batch 2160/2746, Loss: 2.4551
Epoch 8/40, Batch 2170/2746, Loss: 2.5055
Epoch 8/40, Batch 2180/2746, Loss: 2.4826
Epoch 8/40, Batch 2190/2746, Loss: 2.5322
Epoch 8/40, Batch 2200/2746, Loss: 2.5191
Epoch 8/40, Batch 2210/2746, Loss: 2.4543
Epoch 8/40, Batch 2220/2746, Loss: 2.5024
Epoch 8/40, Batch 2230/2746, Loss: 2.5193
Epoch 8/40, Batch 2240/2746, Loss: 2.5230
Epoch 8/40, Batch 2250/2746, Loss: 2.4980
Epoch 8/40, Batch 2260/2746, Loss: 2.5628
Epoch 8/40, Batch 2270/2746, Loss: 2.4662
Epoch 8/40, Batch 2280/2746, Loss: 2.5239
Epoch 8/40, Batch 2290/2746, Loss: 2.4659
Epoch 8/40, Batch 2300/2746, Loss: 2.4982
Epoch 8/40, Batch 2310/2746, Loss: 2.4963
Epoch 8/40, Batch 2320/2746, Loss: 2.5032
Epoch 8/40, Batch 2330/2746, Loss: 2.5342
Epoch 8/40, Batch 2340/2746, Loss: 2.5128
Epoch 8/40, Batch 2350/2746, Loss: 2.5274
Epoch 8/40, Batch 2360/2746, Loss: 2.5171
Epoch 8/40, Batch 2370/2746, Loss: 2.5607
Epoch 8/40, Batch 2380/2746, Loss: 2.4534
Epoch 8/40, Batch 2390/2746, Loss: 2.5288
Epoch 8/40, Batch 2400/2746, Loss: 2.5036
Epoch 8/40, Batch 2410/2746, Loss: 2.4812
Epoch 8/40, Batch 2420/2746, Loss: 2.5329
Epoch 8/40, Batch 2430/2746, Loss: 2.5471
Epoch 8/40, Batch 2440/2746, Loss: 2.5025
Epoch 8/40, Batch 2450/2746, Loss: 2.4834
Epoch 8/40, Batch 2460/2746, Loss: 2.4225
Epoch 8/40, Batch 2470/2746, Loss: 2.4596
Epoch 8/40, Batch 2480/2746, Loss: 2.4509
Epoch 8/40, Batch 2490/2746, Loss: 2.4947
Epoch 8/40, Batch 2500/2746, Loss: 2.5530
Epoch 8/40, Batch 2510/2746, Loss: 2.5128
Epoch 8/40, Batch 2520/2746, Loss: 2.5024
Epoch 8/40, Batch 2530/2746, Loss: 2.5567
Epoch 8/40, Batch 2540/2746, Loss: 2.5400
Epoch 8/40, Batch 2550/2746, Loss: 2.4872
Epoch 8/40, Batch 2560/2746, Loss: 2.4689
Epoch 8/40, Batch 2570/2746, Loss: 2.5172
Epoch 8/40, Batch 2580/2746, Loss: 2.4965
Epoch 8/40, Batch 2590/2746, Loss: 2.4976
Epoch 8/40, Batch 2600/2746, Loss: 2.5056
Epoch 8/40, Batch 2610/2746, Loss: 2.5632
Epoch 8/40, Batch 2620/2746, Loss: 2.5087
Epoch 8/40, Batch 2630/2746, Loss: 2.4691
Epoch 8/40, Batch 2640/2746, Loss: 2.4666
Epoch 8/40, Batch 2650/2746, Loss: 2.4900
Epoch 8/40, Batch 2660/2746, Loss: 2.5045
Epoch 8/40, Batch 2670/2746, Loss: 2.5206
Epoch 8/40, Batch 2680/2746, Loss: 2.5288
Epoch 8/40, Batch 2690/2746, Loss: 2.5387
Epoch 8/40, Batch 2700/2746, Loss: 2.4786
Epoch 8/40, Batch 2710/2746, Loss: 2.5381
Epoch 8/40, Batch 2720/2746, Loss: 2.4886
Epoch 8/40, Batch 2730/2746, Loss: 2.5028
Epoch 8/40, Batch 2740/2746, Loss: 2.5044
New best model with validation loss: 2.4483, perplexity: 11.57
Epoch 8/40, Loss: 2.5060, Perplexity: 12.26, Val Loss: 2.4483, Val Perplexity: 11.57, Time: 6220.93s
Epoch 9/40, Batch 10/2746, Loss: 2.5733
Epoch 9/40, Batch 20/2746, Loss: 2.5493
Epoch 9/40, Batch 30/2746, Loss: 2.5124
Epoch 9/40, Batch 40/2746, Loss: 2.4703
Epoch 9/40, Batch 50/2746, Loss: 2.5421
Epoch 9/40, Batch 60/2746, Loss: 2.5337
Epoch 9/40, Batch 70/2746, Loss: 2.4936
Epoch 9/40, Batch 80/2746, Loss: 2.5634
Epoch 9/40, Batch 90/2746, Loss: 2.5178
Epoch 9/40, Batch 100/2746, Loss: 2.5022
Epoch 9/40, Batch 110/2746, Loss: 2.6052
Epoch 9/40, Batch 120/2746, Loss: 2.5034
Epoch 9/40, Batch 130/2746, Loss: 2.5052
Epoch 9/40, Batch 140/2746, Loss: 2.5112
Epoch 9/40, Batch 150/2746, Loss: 2.4361
Epoch 9/40, Batch 160/2746, Loss: 2.4870
Epoch 9/40, Batch 170/2746, Loss: 2.5102
Epoch 9/40, Batch 180/2746, Loss: 2.5092
Epoch 9/40, Batch 190/2746, Loss: 2.5471
Epoch 9/40, Batch 200/2746, Loss: 2.5318
Epoch 9/40, Batch 210/2746, Loss: 2.5281
Epoch 9/40, Batch 220/2746, Loss: 2.4542
Epoch 9/40, Batch 230/2746, Loss: 2.5208
Epoch 9/40, Batch 240/2746, Loss: 2.5124
Epoch 9/40, Batch 250/2746, Loss: 2.5451
Epoch 9/40, Batch 260/2746, Loss: 2.5051
Epoch 9/40, Batch 270/2746, Loss: 2.5349
Epoch 9/40, Batch 280/2746, Loss: 2.5440
Epoch 9/40, Batch 290/2746, Loss: 2.5043
Epoch 9/40, Batch 300/2746, Loss: 2.5601
Epoch 9/40, Batch 310/2746, Loss: 2.4666
Epoch 9/40, Batch 320/2746, Loss: 2.4784
Epoch 9/40, Batch 330/2746, Loss: 2.4774
Epoch 9/40, Batch 340/2746, Loss: 2.4625
Epoch 9/40, Batch 350/2746, Loss: 2.4316
Epoch 9/40, Batch 360/2746, Loss: 2.4806
Epoch 9/40, Batch 370/2746, Loss: 2.5004
Epoch 9/40, Batch 380/2746, Loss: 2.4392
Epoch 9/40, Batch 390/2746, Loss: 2.5088
Epoch 9/40, Batch 400/2746, Loss: 2.5255
Epoch 9/40, Batch 410/2746, Loss: 2.4604
Epoch 9/40, Batch 420/2746, Loss: 2.4705
Epoch 9/40, Batch 430/2746, Loss: 2.4732
Epoch 9/40, Batch 440/2746, Loss: 2.4774
Epoch 9/40, Batch 450/2746, Loss: 2.4915
Epoch 9/40, Batch 460/2746, Loss: 2.5243
Epoch 9/40, Batch 470/2746, Loss: 2.5239
Epoch 9/40, Batch 480/2746, Loss: 2.5210
Epoch 9/40, Batch 490/2746, Loss: 2.5030
Epoch 9/40, Batch 500/2746, Loss: 2.5591
Epoch 9/40, Batch 510/2746, Loss: 2.4757
Epoch 9/40, Batch 520/2746, Loss: 2.4742
Epoch 9/40, Batch 530/2746, Loss: 2.5332
Epoch 9/40, Batch 540/2746, Loss: 2.5141
Epoch 9/40, Batch 550/2746, Loss: 2.4782
Epoch 9/40, Batch 560/2746, Loss: 2.4430
Epoch 9/40, Batch 570/2746, Loss: 2.4804
Epoch 9/40, Batch 580/2746, Loss: 2.4792
Epoch 9/40, Batch 590/2746, Loss: 2.4579
Epoch 9/40, Batch 600/2746, Loss: 2.4601
Epoch 9/40, Batch 610/2746, Loss: 2.5149
Epoch 9/40, Batch 620/2746, Loss: 2.5079
Epoch 9/40, Batch 630/2746, Loss: 2.5194
Epoch 9/40, Batch 640/2746, Loss: 2.4999
Epoch 9/40, Batch 650/2746, Loss: 2.4919
Epoch 9/40, Batch 660/2746, Loss: 2.4872
Epoch 9/40, Batch 670/2746, Loss: 2.5196
Epoch 9/40, Batch 680/2746, Loss: 2.5352
Epoch 9/40, Batch 690/2746, Loss: 2.5192
Epoch 9/40, Batch 700/2746, Loss: 2.4822
Epoch 9/40, Batch 710/2746, Loss: 2.4299
Epoch 9/40, Batch 720/2746, Loss: 2.4581
Epoch 9/40, Batch 730/2746, Loss: 2.4835
Epoch 9/40, Batch 740/2746, Loss: 2.5265
Epoch 9/40, Batch 750/2746, Loss: 2.4751
Epoch 9/40, Batch 760/2746, Loss: 2.4689
Epoch 9/40, Batch 770/2746, Loss: 2.4436
Epoch 9/40, Batch 780/2746, Loss: 2.4963
Epoch 9/40, Batch 790/2746, Loss: 2.5320
Epoch 9/40, Batch 800/2746, Loss: 2.5332
Epoch 9/40, Batch 810/2746, Loss: 2.4945
Epoch 9/40, Batch 820/2746, Loss: 2.4793
Epoch 9/40, Batch 830/2746, Loss: 2.5027
Epoch 9/40, Batch 840/2746, Loss: 2.4780
Epoch 9/40, Batch 850/2746, Loss: 2.4680
Epoch 9/40, Batch 860/2746, Loss: 2.4862
Epoch 9/40, Batch 870/2746, Loss: 2.5206
Epoch 9/40, Batch 880/2746, Loss: 2.5317
Epoch 9/40, Batch 890/2746, Loss: 2.5460
Epoch 9/40, Batch 900/2746, Loss: 2.4804
Epoch 9/40, Batch 910/2746, Loss: 2.4738
Epoch 9/40, Batch 920/2746, Loss: 2.4707
Epoch 9/40, Batch 930/2746, Loss: 2.4914
Epoch 9/40, Batch 940/2746, Loss: 2.4840
Epoch 9/40, Batch 950/2746, Loss: 2.5327
Epoch 9/40, Batch 960/2746, Loss: 2.5456
Epoch 9/40, Batch 970/2746, Loss: 2.5355
Epoch 9/40, Batch 980/2746, Loss: 2.4939
Epoch 9/40, Batch 990/2746, Loss: 2.5514
Epoch 9/40, Batch 1000/2746, Loss: 2.5852
Epoch 9/40, Batch 1010/2746, Loss: 2.4794
Epoch 9/40, Batch 1020/2746, Loss: 2.5283
Epoch 9/40, Batch 1030/2746, Loss: 2.4939
Epoch 9/40, Batch 1040/2746, Loss: 2.4781
Epoch 9/40, Batch 1050/2746, Loss: 2.4634
Epoch 9/40, Batch 1060/2746, Loss: 2.4908
Epoch 9/40, Batch 1070/2746, Loss: 2.4585
Epoch 9/40, Batch 1080/2746, Loss: 2.4598
Epoch 9/40, Batch 1090/2746, Loss: 2.4471
Epoch 9/40, Batch 1100/2746, Loss: 2.4580
Epoch 9/40, Batch 1110/2746, Loss: 2.4813
Epoch 9/40, Batch 1120/2746, Loss: 2.5116
Epoch 9/40, Batch 1130/2746, Loss: 2.4986
Epoch 9/40, Batch 1140/2746, Loss: 2.4798
Epoch 9/40, Batch 1150/2746, Loss: 2.5344
Epoch 9/40, Batch 1160/2746, Loss: 2.4607
Epoch 9/40, Batch 1170/2746, Loss: 2.4442
Epoch 9/40, Batch 1180/2746, Loss: 2.4970
Epoch 9/40, Batch 1190/2746, Loss: 2.5168
Epoch 9/40, Batch 1200/2746, Loss: 2.4478
Epoch 9/40, Batch 1210/2746, Loss: 2.4045
Epoch 9/40, Batch 1220/2746, Loss: 2.5210
Epoch 9/40, Batch 1230/2746, Loss: 2.4507
Epoch 9/40, Batch 1240/2746, Loss: 2.4521
Epoch 9/40, Batch 1250/2746, Loss: 2.4917
Epoch 9/40, Batch 1260/2746, Loss: 2.5154
Epoch 9/40, Batch 1270/2746, Loss: 2.4761
Epoch 9/40, Batch 1280/2746, Loss: 2.4870
Epoch 9/40, Batch 1290/2746, Loss: 2.5189
Epoch 9/40, Batch 1300/2746, Loss: 2.4915
Epoch 9/40, Batch 1310/2746, Loss: 2.5709
Epoch 9/40, Batch 1320/2746, Loss: 2.5064
Epoch 9/40, Batch 1330/2746, Loss: 2.4421
Epoch 9/40, Batch 1340/2746, Loss: 2.4888
Epoch 9/40, Batch 1350/2746, Loss: 2.4731
Epoch 9/40, Batch 1360/2746, Loss: 2.4563
Epoch 9/40, Batch 1370/2746, Loss: 2.4836
Epoch 9/40, Batch 1380/2746, Loss: 2.4641
Epoch 9/40, Batch 1390/2746, Loss: 2.4878
Epoch 9/40, Batch 1400/2746, Loss: 2.4807
Epoch 9/40, Batch 1410/2746, Loss: 2.5239
Epoch 9/40, Batch 1420/2746, Loss: 2.5325
Epoch 9/40, Batch 1430/2746, Loss: 2.4770
Epoch 9/40, Batch 1440/2746, Loss: 2.4844
Epoch 9/40, Batch 1450/2746, Loss: 2.4615
Epoch 9/40, Batch 1460/2746, Loss: 2.4664
Epoch 9/40, Batch 1470/2746, Loss: 2.4680
Epoch 9/40, Batch 1480/2746, Loss: 2.4970
Epoch 9/40, Batch 1490/2746, Loss: 2.5862
Epoch 9/40, Batch 1500/2746, Loss: 2.4842
Epoch 9/40, Batch 1510/2746, Loss: 2.5122
Epoch 9/40, Batch 1520/2746, Loss: 2.5011
Epoch 9/40, Batch 1530/2746, Loss: 2.4655
Epoch 9/40, Batch 1540/2746, Loss: 2.5424
Epoch 9/40, Batch 1550/2746, Loss: 2.5307
Epoch 9/40, Batch 1560/2746, Loss: 2.4728
Epoch 9/40, Batch 1570/2746, Loss: 2.5075
Epoch 9/40, Batch 1580/2746, Loss: 2.4974
Epoch 9/40, Batch 1590/2746, Loss: 2.5218
Epoch 9/40, Batch 1600/2746, Loss: 2.4968
Epoch 9/40, Batch 1610/2746, Loss: 2.5060
Epoch 9/40, Batch 1620/2746, Loss: 2.5025
Epoch 9/40, Batch 1630/2746, Loss: 2.4714
Epoch 9/40, Batch 1640/2746, Loss: 2.4910
Epoch 9/40, Batch 1650/2746, Loss: 2.5202
Epoch 9/40, Batch 1660/2746, Loss: 2.5249
Epoch 9/40, Batch 1670/2746, Loss: 2.5095
Epoch 9/40, Batch 1680/2746, Loss: 2.5081
Epoch 9/40, Batch 1690/2746, Loss: 2.4886
Epoch 9/40, Batch 1700/2746, Loss: 2.4975
Epoch 9/40, Batch 1710/2746, Loss: 2.4917
Epoch 9/40, Batch 1720/2746, Loss: 2.5245
Epoch 9/40, Batch 1730/2746, Loss: 2.5295
Epoch 9/40, Batch 1740/2746, Loss: 2.5161
Epoch 9/40, Batch 1750/2746, Loss: 2.5077
Epoch 9/40, Batch 1760/2746, Loss: 2.4740
Epoch 9/40, Batch 1770/2746, Loss: 2.4979
Epoch 9/40, Batch 1780/2746, Loss: 2.5169
Epoch 9/40, Batch 1790/2746, Loss: 2.4606
Epoch 9/40, Batch 1800/2746, Loss: 2.4722
Epoch 9/40, Batch 1810/2746, Loss: 2.4832
Epoch 9/40, Batch 1820/2746, Loss: 2.5174
Epoch 9/40, Batch 1830/2746, Loss: 2.5208
Epoch 9/40, Batch 1840/2746, Loss: 2.4861
Epoch 9/40, Batch 1850/2746, Loss: 2.4802
Epoch 9/40, Batch 1860/2746, Loss: 2.5515
Epoch 9/40, Batch 1870/2746, Loss: 2.4908
Epoch 9/40, Batch 1880/2746, Loss: 2.4962
Epoch 9/40, Batch 1890/2746, Loss: 2.4609
Epoch 9/40, Batch 1900/2746, Loss: 2.5406
Epoch 9/40, Batch 1910/2746, Loss: 2.5023
Epoch 9/40, Batch 1920/2746, Loss: 2.4842
Epoch 9/40, Batch 1930/2746, Loss: 2.4492
Epoch 9/40, Batch 1940/2746, Loss: 2.4193
Epoch 9/40, Batch 1950/2746, Loss: 2.4977
Epoch 9/40, Batch 1960/2746, Loss: 2.4828
Epoch 9/40, Batch 1970/2746, Loss: 2.4907
Epoch 9/40, Batch 1980/2746, Loss: 2.4812
Epoch 9/40, Batch 1990/2746, Loss: 2.5135
Epoch 9/40, Batch 2000/2746, Loss: 2.4803
Epoch 9/40, Batch 2010/2746, Loss: 2.5304
Epoch 9/40, Batch 2020/2746, Loss: 2.4767
Epoch 9/40, Batch 2030/2746, Loss: 2.5178
Epoch 9/40, Batch 2040/2746, Loss: 2.4465
Epoch 9/40, Batch 2050/2746, Loss: 2.4265
Epoch 9/40, Batch 2060/2746, Loss: 2.4650
Epoch 9/40, Batch 2070/2746, Loss: 2.4322
Epoch 9/40, Batch 2080/2746, Loss: 2.4281
Epoch 9/40, Batch 2090/2746, Loss: 2.4894
Epoch 9/40, Batch 2100/2746, Loss: 2.5366
Epoch 9/40, Batch 2110/2746, Loss: 2.5320
Epoch 9/40, Batch 2120/2746, Loss: 2.4646
Epoch 9/40, Batch 2130/2746, Loss: 2.4980
Epoch 9/40, Batch 2140/2746, Loss: 2.4807
Epoch 9/40, Batch 2150/2746, Loss: 2.5062
Epoch 9/40, Batch 2160/2746, Loss: 2.4418
Epoch 9/40, Batch 2170/2746, Loss: 2.4906
Epoch 9/40, Batch 2180/2746, Loss: 2.4726
Epoch 9/40, Batch 2190/2746, Loss: 2.5275
Epoch 9/40, Batch 2200/2746, Loss: 2.5140
Epoch 9/40, Batch 2210/2746, Loss: 2.4419
Epoch 9/40, Batch 2220/2746, Loss: 2.5012
Epoch 9/40, Batch 2230/2746, Loss: 2.5161
Epoch 9/40, Batch 2240/2746, Loss: 2.5228
Epoch 9/40, Batch 2250/2746, Loss: 2.4939
Epoch 9/40, Batch 2260/2746, Loss: 2.5587
Epoch 9/40, Batch 2270/2746, Loss: 2.4524
Epoch 9/40, Batch 2280/2746, Loss: 2.5212
Epoch 9/40, Batch 2290/2746, Loss: 2.4542
Epoch 9/40, Batch 2300/2746, Loss: 2.4886
Epoch 9/40, Batch 2310/2746, Loss: 2.4895
Epoch 9/40, Batch 2320/2746, Loss: 2.4881
Epoch 9/40, Batch 2330/2746, Loss: 2.5339
Epoch 9/40, Batch 2340/2746, Loss: 2.5009
Epoch 9/40, Batch 2350/2746, Loss: 2.5135
Epoch 9/40, Batch 2360/2746, Loss: 2.5059
Epoch 9/40, Batch 2370/2746, Loss: 2.5498
Epoch 9/40, Batch 2380/2746, Loss: 2.4574
Epoch 9/40, Batch 2390/2746, Loss: 2.5078
Epoch 9/40, Batch 2400/2746, Loss: 2.4959
Epoch 9/40, Batch 2410/2746, Loss: 2.4773
Epoch 9/40, Batch 2420/2746, Loss: 2.5240
Epoch 9/40, Batch 2430/2746, Loss: 2.5323
Epoch 9/40, Batch 2440/2746, Loss: 2.4921
Epoch 9/40, Batch 2450/2746, Loss: 2.4697
Epoch 9/40, Batch 2460/2746, Loss: 2.4251
Epoch 9/40, Batch 2470/2746, Loss: 2.4602
Epoch 9/40, Batch 2480/2746, Loss: 2.4427
Epoch 9/40, Batch 2490/2746, Loss: 2.4889
Epoch 9/40, Batch 2500/2746, Loss: 2.5410
Epoch 9/40, Batch 2510/2746, Loss: 2.5116
Epoch 9/40, Batch 2520/2746, Loss: 2.4924
Epoch 9/40, Batch 2530/2746, Loss: 2.5506
Epoch 9/40, Batch 2540/2746, Loss: 2.5394
Epoch 9/40, Batch 2550/2746, Loss: 2.4895
Epoch 9/40, Batch 2560/2746, Loss: 2.4537
Epoch 9/40, Batch 2570/2746, Loss: 2.5122
Epoch 9/40, Batch 2580/2746, Loss: 2.4916
Epoch 9/40, Batch 2590/2746, Loss: 2.4451
Epoch 9/40, Batch 2600/2746, Loss: 2.4876
Epoch 9/40, Batch 2610/2746, Loss: 2.5462
Epoch 9/40, Batch 2620/2746, Loss: 2.5006
Epoch 9/40, Batch 2630/2746, Loss: 2.4609
Epoch 9/40, Batch 2640/2746, Loss: 2.4525
Epoch 9/40, Batch 2650/2746, Loss: 2.4779
Epoch 9/40, Batch 2660/2746, Loss: 2.4945
Epoch 9/40, Batch 2670/2746, Loss: 2.5126
Epoch 9/40, Batch 2680/2746, Loss: 2.5246
Epoch 9/40, Batch 2690/2746, Loss: 2.5326
Epoch 9/40, Batch 2700/2746, Loss: 2.4742
Epoch 9/40, Batch 2710/2746, Loss: 2.5467
Epoch 9/40, Batch 2720/2746, Loss: 2.4798
Epoch 9/40, Batch 2730/2746, Loss: 2.4990
Epoch 9/40, Batch 2740/2746, Loss: 2.4932
New best model with validation loss: 2.4398, perplexity: 11.47
Epoch 9/40, Loss: 2.4970, Perplexity: 12.15, Val Loss: 2.4398, Val Perplexity: 11.47, Time: 6223.78s
Epoch 10/40, Batch 10/2746, Loss: 2.5572
Epoch 10/40, Batch 20/2746, Loss: 2.5387
Epoch 10/40, Batch 30/2746, Loss: 2.5048
Epoch 10/40, Batch 40/2746, Loss: 2.4533
Epoch 10/40, Batch 50/2746, Loss: 2.5347
Epoch 10/40, Batch 60/2746, Loss: 2.4980
Epoch 10/40, Batch 70/2746, Loss: 2.4958
Epoch 10/40, Batch 80/2746, Loss: 2.5678
Epoch 10/40, Batch 90/2746, Loss: 2.5085
Epoch 10/40, Batch 100/2746, Loss: 2.4887
Epoch 10/40, Batch 110/2746, Loss: 2.5999
Epoch 10/40, Batch 120/2746, Loss: 2.4952
Epoch 10/40, Batch 130/2746, Loss: 2.4810
Epoch 10/40, Batch 140/2746, Loss: 2.5026
Epoch 10/40, Batch 150/2746, Loss: 2.4284
Epoch 10/40, Batch 160/2746, Loss: 2.4798
Epoch 10/40, Batch 170/2746, Loss: 2.5045
Epoch 10/40, Batch 180/2746, Loss: 2.5039
Epoch 10/40, Batch 190/2746, Loss: 2.5402
Epoch 10/40, Batch 200/2746, Loss: 2.5262
Epoch 10/40, Batch 210/2746, Loss: 2.5216
Epoch 10/40, Batch 220/2746, Loss: 2.4441
Epoch 10/40, Batch 230/2746, Loss: 2.5155
Epoch 10/40, Batch 240/2746, Loss: 2.5117
Epoch 10/40, Batch 250/2746, Loss: 2.5253
Epoch 10/40, Batch 260/2746, Loss: 2.5004
Epoch 10/40, Batch 270/2746, Loss: 2.5319
Epoch 10/40, Batch 280/2746, Loss: 2.5165
Epoch 10/40, Batch 290/2746, Loss: 2.4941
Epoch 10/40, Batch 300/2746, Loss: 2.5525
Epoch 10/40, Batch 310/2746, Loss: 2.4603
Epoch 10/40, Batch 320/2746, Loss: 2.4670
Epoch 10/40, Batch 330/2746, Loss: 2.4682
Epoch 10/40, Batch 340/2746, Loss: 2.4552
Epoch 10/40, Batch 350/2746, Loss: 2.4200
Epoch 10/40, Batch 360/2746, Loss: 2.4806
Epoch 10/40, Batch 370/2746, Loss: 2.4919
Epoch 10/40, Batch 380/2746, Loss: 2.4301
Epoch 10/40, Batch 390/2746, Loss: 2.4958
Epoch 10/40, Batch 400/2746, Loss: 2.5182
Epoch 10/40, Batch 410/2746, Loss: 2.4562
Epoch 10/40, Batch 420/2746, Loss: 2.4636
Epoch 10/40, Batch 430/2746, Loss: 2.4700
Epoch 10/40, Batch 440/2746, Loss: 2.4716
Epoch 10/40, Batch 450/2746, Loss: 2.4870
Epoch 10/40, Batch 460/2746, Loss: 2.5102
Epoch 10/40, Batch 470/2746, Loss: 2.5194
Epoch 10/40, Batch 480/2746, Loss: 2.5172
Epoch 10/40, Batch 490/2746, Loss: 2.4954
Epoch 10/40, Batch 500/2746, Loss: 2.5557
Epoch 10/40, Batch 510/2746, Loss: 2.4611
Epoch 10/40, Batch 520/2746, Loss: 2.4694
Epoch 10/40, Batch 530/2746, Loss: 2.5239
Epoch 10/40, Batch 540/2746, Loss: 2.4978
Epoch 10/40, Batch 550/2746, Loss: 2.4729
Epoch 10/40, Batch 560/2746, Loss: 2.4390
Epoch 10/40, Batch 570/2746, Loss: 2.4682
Epoch 10/40, Batch 580/2746, Loss: 2.4667
Epoch 10/40, Batch 590/2746, Loss: 2.4599
Epoch 10/40, Batch 600/2746, Loss: 2.4499
Epoch 10/40, Batch 610/2746, Loss: 2.5077
Epoch 10/40, Batch 620/2746, Loss: 2.4938
Epoch 10/40, Batch 630/2746, Loss: 2.5092
Epoch 10/40, Batch 640/2746, Loss: 2.4992
Epoch 10/40, Batch 650/2746, Loss: 2.4777
Epoch 10/40, Batch 660/2746, Loss: 2.4822
Epoch 10/40, Batch 670/2746, Loss: 2.5142
Epoch 10/40, Batch 680/2746, Loss: 2.5215
Epoch 10/40, Batch 690/2746, Loss: 2.5093
Epoch 10/40, Batch 700/2746, Loss: 2.4488
Epoch 10/40, Batch 710/2746, Loss: 2.4191
Epoch 10/40, Batch 720/2746, Loss: 2.4449
Epoch 10/40, Batch 730/2746, Loss: 2.4760
Epoch 10/40, Batch 740/2746, Loss: 2.5134
Epoch 10/40, Batch 750/2746, Loss: 2.4530
Epoch 10/40, Batch 760/2746, Loss: 2.4630
Epoch 10/40, Batch 770/2746, Loss: 2.4442
Epoch 10/40, Batch 780/2746, Loss: 2.4902
Epoch 10/40, Batch 790/2746, Loss: 2.5163
Epoch 10/40, Batch 800/2746, Loss: 2.5232
Epoch 10/40, Batch 810/2746, Loss: 2.4839
Epoch 10/40, Batch 820/2746, Loss: 2.4695
Epoch 10/40, Batch 830/2746, Loss: 2.4951
Epoch 10/40, Batch 840/2746, Loss: 2.4603
Epoch 10/40, Batch 850/2746, Loss: 2.4492
Epoch 10/40, Batch 860/2746, Loss: 2.4747
Epoch 10/40, Batch 870/2746, Loss: 2.5086
Epoch 10/40, Batch 880/2746, Loss: 2.5242
Epoch 10/40, Batch 890/2746, Loss: 2.5350
Epoch 10/40, Batch 900/2746, Loss: 2.4617
Epoch 10/40, Batch 910/2746, Loss: 2.4602
Epoch 10/40, Batch 920/2746, Loss: 2.4653
Epoch 10/40, Batch 930/2746, Loss: 2.4776
Epoch 10/40, Batch 940/2746, Loss: 2.4731
Epoch 10/40, Batch 950/2746, Loss: 2.5503
Epoch 10/40, Batch 960/2746, Loss: 2.5376
Epoch 10/40, Batch 970/2746, Loss: 2.5238
Epoch 10/40, Batch 980/2746, Loss: 2.4870
Epoch 10/40, Batch 990/2746, Loss: 2.5239
Epoch 10/40, Batch 1000/2746, Loss: 2.5733
Epoch 10/40, Batch 1010/2746, Loss: 2.4721
Epoch 10/40, Batch 1020/2746, Loss: 2.5285
Epoch 10/40, Batch 1030/2746, Loss: 2.4869
Epoch 10/40, Batch 1040/2746, Loss: 2.4597
