Using device: cuda
Loading training data...
Loading data from data/enwik8
Training model...
Training on device: cuda
Using mixed precision training (FP16)
Using gradient accumulation with 4 steps
Effective batch size: 128
Epoch 1/100, Batch 10/2746, Loss: 5.5833
Epoch 1/100, Batch 20/2746, Loss: 5.5610
Epoch 1/100, Batch 30/2746, Loss: 5.5158
Epoch 1/100, Batch 40/2746, Loss: 5.4796
Epoch 1/100, Batch 50/2746, Loss: 5.4897
Epoch 1/100, Batch 60/2746, Loss: 5.4106
Epoch 1/100, Batch 70/2746, Loss: 5.3303
Epoch 1/100, Batch 80/2746, Loss: 5.2533
Epoch 1/100, Batch 90/2746, Loss: 5.1690
Epoch 1/100, Batch 100/2746, Loss: 5.1196
Epoch 1/100, Batch 110/2746, Loss: 4.9991
Epoch 1/100, Batch 120/2746, Loss: 5.0009
Epoch 1/100, Batch 130/2746, Loss: 4.8337
Epoch 1/100, Batch 140/2746, Loss: 4.7977
Epoch 1/100, Batch 150/2746, Loss: 4.7286
Epoch 1/100, Batch 160/2746, Loss: 4.5770
Epoch 1/100, Batch 170/2746, Loss: 4.4807
Epoch 1/100, Batch 180/2746, Loss: 4.4364
Epoch 1/100, Batch 190/2746, Loss: 4.4388
Epoch 1/100, Batch 200/2746, Loss: 4.2936
Epoch 1/100, Batch 210/2746, Loss: 4.3301
Epoch 1/100, Batch 220/2746, Loss: 4.2732
Epoch 1/100, Batch 230/2746, Loss: 4.1770
Epoch 1/100, Batch 240/2746, Loss: 4.1003
Epoch 1/100, Batch 250/2746, Loss: 4.0265
Epoch 1/100, Batch 260/2746, Loss: 4.0893
Epoch 1/100, Batch 270/2746, Loss: 4.0646
Epoch 1/100, Batch 280/2746, Loss: 4.0564
Epoch 1/100, Batch 290/2746, Loss: 4.0118
Epoch 1/100, Batch 300/2746, Loss: 3.9987
Epoch 1/100, Batch 310/2746, Loss: 3.9379
Epoch 1/100, Batch 320/2746, Loss: 3.8936
Epoch 1/100, Batch 330/2746, Loss: 3.9154
Epoch 1/100, Batch 340/2746, Loss: 3.9113
Epoch 1/100, Batch 350/2746, Loss: 3.9143
Epoch 1/100, Batch 360/2746, Loss: 3.8443
Epoch 1/100, Batch 370/2746, Loss: 3.9159
Epoch 1/100, Batch 380/2746, Loss: 3.8645
Epoch 1/100, Batch 390/2746, Loss: 3.7818
Epoch 1/100, Batch 400/2746, Loss: 3.7955
Epoch 1/100, Batch 410/2746, Loss: 3.7072
Epoch 1/100, Batch 420/2746, Loss: 3.7588
Epoch 1/100, Batch 430/2746, Loss: 3.7155
Epoch 1/100, Batch 440/2746, Loss: 3.7248
Epoch 1/100, Batch 450/2746, Loss: 3.6764
Epoch 1/100, Batch 460/2746, Loss: 3.6982
Epoch 1/100, Batch 470/2746, Loss: 3.6242
Epoch 1/100, Batch 480/2746, Loss: 3.6766
Epoch 1/100, Batch 490/2746, Loss: 3.5412
Epoch 1/100, Batch 500/2746, Loss: 3.5706
Epoch 1/100, Batch 510/2746, Loss: 3.6245
Epoch 1/100, Batch 520/2746, Loss: 3.5343
Epoch 1/100, Batch 530/2746, Loss: 3.4763
Epoch 1/100, Batch 540/2746, Loss: 3.5236
Epoch 1/100, Batch 550/2746, Loss: 3.4858
Epoch 1/100, Batch 560/2746, Loss: 3.4411
Epoch 1/100, Batch 570/2746, Loss: 3.5128
Epoch 1/100, Batch 580/2746, Loss: 3.4141
Epoch 1/100, Batch 590/2746, Loss: 3.3462
Epoch 1/100, Batch 600/2746, Loss: 3.3281
Epoch 1/100, Batch 610/2746, Loss: 3.2546
Epoch 1/100, Batch 620/2746, Loss: 3.3042
Epoch 1/100, Batch 630/2746, Loss: 3.2237
Epoch 1/100, Batch 640/2746, Loss: 3.3677
Epoch 1/100, Batch 650/2746, Loss: 3.2192
Epoch 1/100, Batch 660/2746, Loss: 3.2097
Epoch 1/100, Batch 670/2746, Loss: 3.1727
Epoch 1/100, Batch 680/2746, Loss: 3.1329
Epoch 1/100, Batch 690/2746, Loss: 3.1145
Epoch 1/100, Batch 700/2746, Loss: 3.2011
Epoch 1/100, Batch 710/2746, Loss: 3.2305
Epoch 1/100, Batch 720/2746, Loss: 3.1636
Epoch 1/100, Batch 730/2746, Loss: 3.1678
Epoch 1/100, Batch 740/2746, Loss: 3.1775
Epoch 1/100, Batch 750/2746, Loss: 3.1270
Epoch 1/100, Batch 760/2746, Loss: 3.0760
Epoch 1/100, Batch 770/2746, Loss: 3.0793
Epoch 1/100, Batch 780/2746, Loss: 3.0906
Epoch 1/100, Batch 790/2746, Loss: 3.0837
Epoch 1/100, Batch 800/2746, Loss: 3.0424
Epoch 1/100, Batch 810/2746, Loss: 2.9901
Epoch 1/100, Batch 820/2746, Loss: 3.1298
Epoch 1/100, Batch 830/2746, Loss: 3.0103
Epoch 1/100, Batch 840/2746, Loss: 3.0069
Epoch 1/100, Batch 850/2746, Loss: 3.0130
Epoch 1/100, Batch 860/2746, Loss: 3.0685
Epoch 1/100, Batch 870/2746, Loss: 2.9857
Epoch 1/100, Batch 880/2746, Loss: 3.0769
Epoch 1/100, Batch 890/2746, Loss: 2.9766
Epoch 1/100, Batch 900/2746, Loss: 2.9899
Epoch 1/100, Batch 910/2746, Loss: 3.0363
Epoch 1/100, Batch 920/2746, Loss: 2.9533
Epoch 1/100, Batch 930/2746, Loss: 2.9467
Epoch 1/100, Batch 940/2746, Loss: 2.9474
Epoch 1/100, Batch 950/2746, Loss: 2.9015
Epoch 1/100, Batch 960/2746, Loss: 3.0157
Epoch 1/100, Batch 970/2746, Loss: 2.9038
Epoch 1/100, Batch 980/2746, Loss: 2.9204
Epoch 1/100, Batch 990/2746, Loss: 2.9098
Epoch 1/100, Batch 1000/2746, Loss: 2.9879
Epoch 1/100, Batch 1010/2746, Loss: 2.8997
Epoch 1/100, Batch 1020/2746, Loss: 2.9522
Epoch 1/100, Batch 1030/2746, Loss: 2.8791
Epoch 1/100, Batch 1040/2746, Loss: 2.9365
Epoch 1/100, Batch 1050/2746, Loss: 2.8919
Epoch 1/100, Batch 1060/2746, Loss: 2.9003
Epoch 1/100, Batch 1070/2746, Loss: 2.9962
Epoch 1/100, Batch 1080/2746, Loss: 2.8922
Epoch 1/100, Batch 1090/2746, Loss: 2.8701
Epoch 1/100, Batch 1100/2746, Loss: 2.8525
Epoch 1/100, Batch 1110/2746, Loss: 2.9033
Epoch 1/100, Batch 1120/2746, Loss: 2.8353
Epoch 1/100, Batch 1130/2746, Loss: 2.8758
Epoch 1/100, Batch 1140/2746, Loss: 2.8998
Epoch 1/100, Batch 1150/2746, Loss: 2.8853
Epoch 1/100, Batch 1160/2746, Loss: 2.8658
Epoch 1/100, Batch 1170/2746, Loss: 2.8922
Epoch 1/100, Batch 1180/2746, Loss: 2.8563
Epoch 1/100, Batch 1190/2746, Loss: 2.8376
Epoch 1/100, Batch 1200/2746, Loss: 2.8321
Epoch 1/100, Batch 1210/2746, Loss: 2.8113
Epoch 1/100, Batch 1220/2746, Loss: 2.8495
Epoch 1/100, Batch 1230/2746, Loss: 2.8294
Epoch 1/100, Batch 1240/2746, Loss: 2.8620
Epoch 1/100, Batch 1250/2746, Loss: 2.8075
Epoch 1/100, Batch 1260/2746, Loss: 2.8466
Epoch 1/100, Batch 1270/2746, Loss: 2.7937
Epoch 1/100, Batch 1280/2746, Loss: 2.7867
Epoch 1/100, Batch 1290/2746, Loss: 2.8710
Epoch 1/100, Batch 1300/2746, Loss: 2.7803
Epoch 1/100, Batch 1310/2746, Loss: 2.8704
Epoch 1/100, Batch 1320/2746, Loss: 2.8323
Epoch 1/100, Batch 1330/2746, Loss: 2.7822
Epoch 1/100, Batch 1340/2746, Loss: 2.8000
Epoch 1/100, Batch 1350/2746, Loss: 2.7671
Epoch 1/100, Batch 1360/2746, Loss: 2.7739
Epoch 1/100, Batch 1370/2746, Loss: 2.7723
Epoch 1/100, Batch 1380/2746, Loss: 2.8205
Epoch 1/100, Batch 1390/2746, Loss: 2.8200
Epoch 1/100, Batch 1400/2746, Loss: 2.8511
Epoch 1/100, Batch 1410/2746, Loss: 2.7700
Epoch 1/100, Batch 1420/2746, Loss: 2.7999
Epoch 1/100, Batch 1430/2746, Loss: 2.7951
Epoch 1/100, Batch 1440/2746, Loss: 2.7999
Epoch 1/100, Batch 1450/2746, Loss: 2.7730
Epoch 1/100, Batch 1460/2746, Loss: 2.8247
Epoch 1/100, Batch 1470/2746, Loss: 2.7536
Epoch 1/100, Batch 1480/2746, Loss: 2.7647
Epoch 1/100, Batch 1490/2746, Loss: 2.8822
Epoch 1/100, Batch 1500/2746, Loss: 2.7612
Epoch 1/100, Batch 1510/2746, Loss: 2.7986
Epoch 1/100, Batch 1520/2746, Loss: 2.7779
Epoch 1/100, Batch 1530/2746, Loss: 2.7189
Epoch 1/100, Batch 1540/2746, Loss: 2.7757
Epoch 1/100, Batch 1550/2746, Loss: 2.8040
Epoch 1/100, Batch 1560/2746, Loss: 2.7522
Epoch 1/100, Batch 1570/2746, Loss: 2.7669
Epoch 1/100, Batch 1580/2746, Loss: 2.7186
Epoch 1/100, Batch 1590/2746, Loss: 2.7966
Epoch 1/100, Batch 1600/2746, Loss: 2.7876
Epoch 1/100, Batch 1610/2746, Loss: 2.7575
Epoch 1/100, Batch 1620/2746, Loss: 2.7828
Epoch 1/100, Batch 1630/2746, Loss: 2.7089
Epoch 1/100, Batch 1640/2746, Loss: 2.6934
Epoch 1/100, Batch 1650/2746, Loss: 2.7149
Epoch 1/100, Batch 1660/2746, Loss: 2.8205
Epoch 1/100, Batch 1670/2746, Loss: 2.8055
Epoch 1/100, Batch 1680/2746, Loss: 2.7641
Epoch 1/100, Batch 1690/2746, Loss: 2.8206
Epoch 1/100, Batch 1700/2746, Loss: 2.7299
Epoch 1/100, Batch 1710/2746, Loss: 2.7030
Epoch 1/100, Batch 1720/2746, Loss: 2.7587
Epoch 1/100, Batch 1730/2746, Loss: 2.7273
Epoch 1/100, Batch 1740/2746, Loss: 2.7026
Epoch 1/100, Batch 1750/2746, Loss: 2.7378
Epoch 1/100, Batch 1760/2746, Loss: 2.7128
Epoch 1/100, Batch 1770/2746, Loss: 2.7276
Epoch 1/100, Batch 1780/2746, Loss: 2.7231
Epoch 1/100, Batch 1790/2746, Loss: 2.7024
Epoch 1/100, Batch 1800/2746, Loss: 2.6556
Epoch 1/100, Batch 1810/2746, Loss: 2.7114
Epoch 1/100, Batch 1820/2746, Loss: 2.7002
Epoch 1/100, Batch 1830/2746, Loss: 2.7899
Epoch 1/100, Batch 1840/2746, Loss: 2.7084
Epoch 1/100, Batch 1850/2746, Loss: 2.7293
Epoch 1/100, Batch 1860/2746, Loss: 2.7402
Epoch 1/100, Batch 1870/2746, Loss: 2.6985
Epoch 1/100, Batch 1880/2746, Loss: 2.6533
Epoch 1/100, Batch 1890/2746, Loss: 2.6441
Epoch 1/100, Batch 1900/2746, Loss: 2.6994
Epoch 1/100, Batch 1910/2746, Loss: 2.6598
Epoch 1/100, Batch 1920/2746, Loss: 2.6982
Epoch 1/100, Batch 1930/2746, Loss: 2.6833
Epoch 1/100, Batch 1940/2746, Loss: 2.6831
Epoch 1/100, Batch 1950/2746, Loss: 2.6835
Epoch 1/100, Batch 1960/2746, Loss: 2.6463
Epoch 1/100, Batch 1970/2746, Loss: 2.6466
Epoch 1/100, Batch 1980/2746, Loss: 2.6546
Epoch 1/100, Batch 1990/2746, Loss: 2.6988
Epoch 1/100, Batch 2000/2746, Loss: 2.6560
Epoch 1/100, Batch 2010/2746, Loss: 2.6770
Epoch 1/100, Batch 2020/2746, Loss: 2.6829
Epoch 1/100, Batch 2030/2746, Loss: 2.6630
Epoch 1/100, Batch 2040/2746, Loss: 2.6450
Epoch 1/100, Batch 2050/2746, Loss: 2.6327
Epoch 1/100, Batch 2060/2746, Loss: 2.6496
Epoch 1/100, Batch 2070/2746, Loss: 2.6595
Epoch 1/100, Batch 2080/2746, Loss: 2.6922
Epoch 1/100, Batch 2090/2746, Loss: 2.6705
Epoch 1/100, Batch 2100/2746, Loss: 2.6875
Epoch 1/100, Batch 2110/2746, Loss: 2.6986
Epoch 1/100, Batch 2120/2746, Loss: 2.6687
Epoch 1/100, Batch 2130/2746, Loss: 2.6498
Epoch 1/100, Batch 2140/2746, Loss: 2.6148
Epoch 1/100, Batch 2150/2746, Loss: 2.6906
Epoch 1/100, Batch 2160/2746, Loss: 2.6757
Epoch 1/100, Batch 2170/2746, Loss: 2.6848
Epoch 1/100, Batch 2180/2746, Loss: 2.6884
Epoch 1/100, Batch 2190/2746, Loss: 2.6874
Epoch 1/100, Batch 2200/2746, Loss: 2.6598
Epoch 1/100, Batch 2210/2746, Loss: 2.6407
Epoch 1/100, Batch 2220/2746, Loss: 2.6456
Epoch 1/100, Batch 2230/2746, Loss: 2.6791
Epoch 1/100, Batch 2240/2746, Loss: 2.6595
Epoch 1/100, Batch 2250/2746, Loss: 2.6849
Epoch 1/100, Batch 2260/2746, Loss: 2.7123
Epoch 1/100, Batch 2270/2746, Loss: 2.6314
Epoch 1/100, Batch 2280/2746, Loss: 2.6433
Epoch 1/100, Batch 2290/2746, Loss: 2.6534
Epoch 1/100, Batch 2300/2746, Loss: 2.6637
Epoch 1/100, Batch 2310/2746, Loss: 2.6000
Epoch 1/100, Batch 2320/2746, Loss: 2.6351
Epoch 1/100, Batch 2330/2746, Loss: 2.6451
Epoch 1/100, Batch 2340/2746, Loss: 2.6307
Epoch 1/100, Batch 2350/2746, Loss: 2.6623
Epoch 1/100, Batch 2360/2746, Loss: 2.6388
Epoch 1/100, Batch 2370/2746, Loss: 2.6722
Epoch 1/100, Batch 2380/2746, Loss: 2.6089
Epoch 1/100, Batch 2390/2746, Loss: 2.7263
Epoch 1/100, Batch 2400/2746, Loss: 2.6366
Epoch 1/100, Batch 2410/2746, Loss: 2.6128
Epoch 1/100, Batch 2420/2746, Loss: 2.6198
Epoch 1/100, Batch 2430/2746, Loss: 2.6357
Epoch 1/100, Batch 2440/2746, Loss: 2.6148
Epoch 1/100, Batch 2450/2746, Loss: 2.5879
Epoch 1/100, Batch 2460/2746, Loss: 2.5249
Epoch 1/100, Batch 2470/2746, Loss: 2.5720
Epoch 1/100, Batch 2480/2746, Loss: 2.5959
Epoch 1/100, Batch 2490/2746, Loss: 2.5813
Epoch 1/100, Batch 2500/2746, Loss: 2.6543
Epoch 1/100, Batch 2510/2746, Loss: 2.6062
Epoch 1/100, Batch 2520/2746, Loss: 2.6021
Epoch 1/100, Batch 2530/2746, Loss: 2.6305
Epoch 1/100, Batch 2540/2746, Loss: 2.6195
Epoch 1/100, Batch 2550/2746, Loss: 2.5984
Epoch 1/100, Batch 2560/2746, Loss: 2.5958
Epoch 1/100, Batch 2570/2746, Loss: 2.6319
Epoch 1/100, Batch 2580/2746, Loss: 2.5530
Epoch 1/100, Batch 2590/2746, Loss: 2.5685
Epoch 1/100, Batch 2600/2746, Loss: 2.5782
Epoch 1/100, Batch 2610/2746, Loss: 2.6244
Epoch 1/100, Batch 2620/2746, Loss: 2.5653
Epoch 1/100, Batch 2630/2746, Loss: 2.5766
Epoch 1/100, Batch 2640/2746, Loss: 2.5629
Epoch 1/100, Batch 2650/2746, Loss: 2.6073
Epoch 1/100, Batch 2660/2746, Loss: 2.5589
Epoch 1/100, Batch 2670/2746, Loss: 2.6038
Epoch 1/100, Batch 2680/2746, Loss: 2.6159
Epoch 1/100, Batch 2690/2746, Loss: 2.6294
Epoch 1/100, Batch 2700/2746, Loss: 2.5472
Epoch 1/100, Batch 2710/2746, Loss: 2.5832
Epoch 1/100, Batch 2720/2746, Loss: 2.5439
Epoch 1/100, Batch 2730/2746, Loss: 2.5519
Epoch 1/100, Batch 2740/2746, Loss: 2.5734
New best model with validation loss: 2.4996, perplexity: 12.18
Epoch 1/100, Loss: 3.1014, Perplexity: 22.23, Val Loss: 2.4996, Val Perplexity: 12.18, Time: 3659.47s
Epoch 2/100, Batch 10/2746, Loss: 2.6321
Epoch 2/100, Batch 20/2746, Loss: 2.6492
Epoch 2/100, Batch 30/2746, Loss: 2.6263
Epoch 2/100, Batch 40/2746, Loss: 2.5945
Epoch 2/100, Batch 50/2746, Loss: 2.5898
Epoch 2/100, Batch 60/2746, Loss: 2.5669
Epoch 2/100, Batch 70/2746, Loss: 2.5507
Epoch 2/100, Batch 80/2746, Loss: 2.6167
Epoch 2/100, Batch 90/2746, Loss: 2.5936
Epoch 2/100, Batch 100/2746, Loss: 2.5635
Epoch 2/100, Batch 110/2746, Loss: 2.6469
Epoch 2/100, Batch 120/2746, Loss: 2.5509
Epoch 2/100, Batch 130/2746, Loss: 2.5368
Epoch 2/100, Batch 140/2746, Loss: 2.6165
Epoch 2/100, Batch 150/2746, Loss: 2.5202
Epoch 2/100, Batch 160/2746, Loss: 2.5300
Epoch 2/100, Batch 170/2746, Loss: 2.5673
Epoch 2/100, Batch 180/2746, Loss: 2.5428
Epoch 2/100, Batch 190/2746, Loss: 2.5796
Epoch 2/100, Batch 200/2746, Loss: 2.5605
Epoch 2/100, Batch 210/2746, Loss: 2.5834
Epoch 2/100, Batch 220/2746, Loss: 2.5036
Epoch 2/100, Batch 230/2746, Loss: 2.5561
Epoch 2/100, Batch 240/2746, Loss: 2.5537
Epoch 2/100, Batch 250/2746, Loss: 2.5528
Epoch 2/100, Batch 260/2746, Loss: 2.5290
Epoch 2/100, Batch 270/2746, Loss: 2.5603
Epoch 2/100, Batch 280/2746, Loss: 2.5838
Epoch 2/100, Batch 290/2746, Loss: 2.5321
Epoch 2/100, Batch 300/2746, Loss: 2.5592
Epoch 2/100, Batch 310/2746, Loss: 2.5251
Epoch 2/100, Batch 320/2746, Loss: 2.5327
Epoch 2/100, Batch 330/2746, Loss: 2.5120
Epoch 2/100, Batch 340/2746, Loss: 2.5188
Epoch 2/100, Batch 350/2746, Loss: 2.4856
Epoch 2/100, Batch 360/2746, Loss: 2.6219
Epoch 2/100, Batch 370/2746, Loss: 2.5480
Epoch 2/100, Batch 380/2746, Loss: 2.4835
Epoch 2/100, Batch 390/2746, Loss: 2.5282
Epoch 2/100, Batch 400/2746, Loss: 2.5869
Epoch 2/100, Batch 410/2746, Loss: 2.5249
Epoch 2/100, Batch 420/2746, Loss: 2.5184
Epoch 2/100, Batch 430/2746, Loss: 2.5047
Epoch 2/100, Batch 440/2746, Loss: 2.5069
Epoch 2/100, Batch 450/2746, Loss: 2.5295
Epoch 2/100, Batch 460/2746, Loss: 2.5432
Epoch 2/100, Batch 470/2746, Loss: 2.5218
Epoch 2/100, Batch 480/2746, Loss: 2.5590
Epoch 2/100, Batch 490/2746, Loss: 2.5038
Epoch 2/100, Batch 500/2746, Loss: 2.5682
Epoch 2/100, Batch 510/2746, Loss: 2.4838
Epoch 2/100, Batch 520/2746, Loss: 2.4933
Epoch 2/100, Batch 530/2746, Loss: 2.5418
Epoch 2/100, Batch 540/2746, Loss: 2.5370
Epoch 2/100, Batch 550/2746, Loss: 2.5215
Epoch 2/100, Batch 560/2746, Loss: 2.4284
Epoch 2/100, Batch 570/2746, Loss: 2.5564
Epoch 2/100, Batch 580/2746, Loss: 2.4972
Epoch 2/100, Batch 590/2746, Loss: 2.4935
Epoch 2/100, Batch 600/2746, Loss: 2.4825
Epoch 2/100, Batch 610/2746, Loss: 2.4984
Epoch 2/100, Batch 620/2746, Loss: 2.5319
Epoch 2/100, Batch 630/2746, Loss: 2.5158
Epoch 2/100, Batch 640/2746, Loss: 2.5513
Epoch 2/100, Batch 650/2746, Loss: 2.5125
Epoch 2/100, Batch 660/2746, Loss: 2.5256
Epoch 2/100, Batch 670/2746, Loss: 2.5154
Epoch 2/100, Batch 680/2746, Loss: 2.5252
Epoch 2/100, Batch 690/2746, Loss: 2.4964
Epoch 2/100, Batch 700/2746, Loss: 2.4563
Epoch 2/100, Batch 710/2746, Loss: 2.4436
Epoch 2/100, Batch 720/2746, Loss: 2.4685
Epoch 2/100, Batch 730/2746, Loss: 2.4818
Epoch 2/100, Batch 740/2746, Loss: 2.5160
Epoch 2/100, Batch 750/2746, Loss: 2.4584
Epoch 2/100, Batch 760/2746, Loss: 2.4528
Epoch 2/100, Batch 770/2746, Loss: 2.4785
Epoch 2/100, Batch 780/2746, Loss: 2.5137
Epoch 2/100, Batch 790/2746, Loss: 2.5309
Epoch 2/100, Batch 800/2746, Loss: 2.4967
Epoch 2/100, Batch 810/2746, Loss: 2.4403
Epoch 2/100, Batch 820/2746, Loss: 2.4774
Epoch 2/100, Batch 830/2746, Loss: 2.4618
Epoch 2/100, Batch 840/2746, Loss: 2.4324
Epoch 2/100, Batch 850/2746, Loss: 2.4271
Epoch 2/100, Batch 860/2746, Loss: 2.4624
Epoch 2/100, Batch 870/2746, Loss: 2.4464
Epoch 2/100, Batch 880/2746, Loss: 2.4928
Epoch 2/100, Batch 890/2746, Loss: 2.4697
Epoch 2/100, Batch 900/2746, Loss: 2.4280
Epoch 2/100, Batch 910/2746, Loss: 2.4346
Epoch 2/100, Batch 920/2746, Loss: 2.4142
Epoch 2/100, Batch 930/2746, Loss: 2.4348
Epoch 2/100, Batch 940/2746, Loss: 2.4123
Epoch 2/100, Batch 950/2746, Loss: 2.4609
Epoch 2/100, Batch 960/2746, Loss: 2.4932
Epoch 2/100, Batch 970/2746, Loss: 2.4702
Epoch 2/100, Batch 980/2746, Loss: 2.4100
Epoch 2/100, Batch 990/2746, Loss: 2.4814
Epoch 2/100, Batch 1000/2746, Loss: 2.5328
Epoch 2/100, Batch 1010/2746, Loss: 2.4106
Epoch 2/100, Batch 1020/2746, Loss: 2.4817
Epoch 2/100, Batch 1030/2746, Loss: 2.4219
Epoch 2/100, Batch 1040/2746, Loss: 2.4170
Epoch 2/100, Batch 1050/2746, Loss: 2.4019
Epoch 2/100, Batch 1060/2746, Loss: 2.4486
Epoch 2/100, Batch 1070/2746, Loss: 2.4309
Epoch 2/100, Batch 1080/2746, Loss: 2.3759
Epoch 2/100, Batch 1090/2746, Loss: 2.3610
Epoch 2/100, Batch 1100/2746, Loss: 2.4330
Epoch 2/100, Batch 1110/2746, Loss: 2.3899
Epoch 2/100, Batch 1120/2746, Loss: 2.4288
Epoch 2/100, Batch 1130/2746, Loss: 2.4159
Epoch 2/100, Batch 1140/2746, Loss: 2.4121
Epoch 2/100, Batch 1150/2746, Loss: 2.4365
Epoch 2/100, Batch 1160/2746, Loss: 2.3718
Epoch 2/100, Batch 1170/2746, Loss: 2.3975
Epoch 2/100, Batch 1180/2746, Loss: 2.4001
Epoch 2/100, Batch 1190/2746, Loss: 2.4166
Epoch 2/100, Batch 1200/2746, Loss: 2.3466
Epoch 2/100, Batch 1210/2746, Loss: 2.2954
Epoch 2/100, Batch 1220/2746, Loss: 2.4169
Epoch 2/100, Batch 1230/2746, Loss: 2.3905
Epoch 2/100, Batch 1240/2746, Loss: 2.3751
Epoch 2/100, Batch 1250/2746, Loss: 2.3806
Epoch 2/100, Batch 1260/2746, Loss: 2.4295
Epoch 2/100, Batch 1270/2746, Loss: 2.3655
Epoch 2/100, Batch 1280/2746, Loss: 2.3634
Epoch 2/100, Batch 1290/2746, Loss: 2.4045
Epoch 2/100, Batch 1300/2746, Loss: 2.3701
Epoch 2/100, Batch 1310/2746, Loss: 2.4424
Epoch 2/100, Batch 1320/2746, Loss: 2.3868
Epoch 2/100, Batch 1330/2746, Loss: 2.3236
Epoch 2/100, Batch 1340/2746, Loss: 2.3715
Epoch 2/100, Batch 1350/2746, Loss: 2.3541
Epoch 2/100, Batch 1360/2746, Loss: 2.3547
Epoch 2/100, Batch 1370/2746, Loss: 2.3491
Epoch 2/100, Batch 1380/2746, Loss: 2.3197
Epoch 2/100, Batch 1390/2746, Loss: 2.3266
Epoch 2/100, Batch 1400/2746, Loss: 2.3598
Epoch 2/100, Batch 1410/2746, Loss: 2.4046
Epoch 2/100, Batch 1420/2746, Loss: 2.3884
Epoch 2/100, Batch 1430/2746, Loss: 2.3506
Epoch 2/100, Batch 1440/2746, Loss: 2.3549
Epoch 2/100, Batch 1450/2746, Loss: 2.3574
Epoch 2/100, Batch 1460/2746, Loss: 2.3647
Epoch 2/100, Batch 1470/2746, Loss: 2.2965
Epoch 2/100, Batch 1480/2746, Loss: 2.3408
Epoch 2/100, Batch 1490/2746, Loss: 2.4439
Epoch 2/100, Batch 1500/2746, Loss: 2.3262
Epoch 2/100, Batch 1510/2746, Loss: 2.3576
Epoch 2/100, Batch 1520/2746, Loss: 2.3214
Epoch 2/100, Batch 1530/2746, Loss: 2.2922
Epoch 2/100, Batch 1540/2746, Loss: 2.3492
Epoch 2/100, Batch 1550/2746, Loss: 2.3558
Epoch 2/100, Batch 1560/2746, Loss: 2.2925
Epoch 2/100, Batch 1570/2746, Loss: 2.3645
Epoch 2/100, Batch 1580/2746, Loss: 2.2991
Epoch 2/100, Batch 1590/2746, Loss: 2.3564
Epoch 2/100, Batch 1600/2746, Loss: 2.4770
Epoch 2/100, Batch 1610/2746, Loss: 2.2999
Epoch 2/100, Batch 1620/2746, Loss: 2.3395
Epoch 2/100, Batch 1630/2746, Loss: 2.2778
Epoch 2/100, Batch 1640/2746, Loss: 2.3055
Epoch 2/100, Batch 1650/2746, Loss: 2.3445
Epoch 2/100, Batch 1660/2746, Loss: 2.3461
Epoch 2/100, Batch 1670/2746, Loss: 2.3064
Epoch 2/100, Batch 1680/2746, Loss: 2.3464
Epoch 2/100, Batch 1690/2746, Loss: 2.3293
Epoch 2/100, Batch 1700/2746, Loss: 2.3585
Epoch 2/100, Batch 1710/2746, Loss: 2.3175
Epoch 2/100, Batch 1720/2746, Loss: 2.3448
Epoch 2/100, Batch 1730/2746, Loss: 2.3374
Epoch 2/100, Batch 1740/2746, Loss: 2.3154
Epoch 2/100, Batch 1750/2746, Loss: 2.3096
Epoch 2/100, Batch 1760/2746, Loss: 2.2760
Epoch 2/100, Batch 1770/2746, Loss: 2.2798
Epoch 2/100, Batch 1780/2746, Loss: 2.3129
Epoch 2/100, Batch 1790/2746, Loss: 2.2646
Epoch 2/100, Batch 1800/2746, Loss: 2.2319
Epoch 2/100, Batch 1810/2746, Loss: 2.2585
Epoch 2/100, Batch 1820/2746, Loss: 2.3082
Epoch 2/100, Batch 1830/2746, Loss: 2.3467
Epoch 2/100, Batch 1840/2746, Loss: 2.2800
Epoch 2/100, Batch 1850/2746, Loss: 2.3170
Epoch 2/100, Batch 1860/2746, Loss: 2.3413
Epoch 2/100, Batch 1870/2746, Loss: 2.2754
Epoch 2/100, Batch 1880/2746, Loss: 2.2468
Epoch 2/100, Batch 1890/2746, Loss: 2.2459
Epoch 2/100, Batch 1900/2746, Loss: 2.3273
Epoch 2/100, Batch 1910/2746, Loss: 2.2515
Epoch 2/100, Batch 1920/2746, Loss: 2.2715
Epoch 2/100, Batch 1930/2746, Loss: 2.2227
Epoch 2/100, Batch 1940/2746, Loss: 2.1771
Epoch 2/100, Batch 1950/2746, Loss: 2.2612
Epoch 2/100, Batch 1960/2746, Loss: 2.2413
Epoch 2/100, Batch 1970/2746, Loss: 2.2434
Epoch 2/100, Batch 1980/2746, Loss: 2.2489
Epoch 2/100, Batch 1990/2746, Loss: 2.2810
Epoch 2/100, Batch 2000/2746, Loss: 2.2910
Epoch 2/100, Batch 2010/2746, Loss: 2.2646
Epoch 2/100, Batch 2020/2746, Loss: 2.2085
Epoch 2/100, Batch 2030/2746, Loss: 2.3773
Epoch 2/100, Batch 2040/2746, Loss: 2.2375
Epoch 2/100, Batch 2050/2746, Loss: 2.1962
Epoch 2/100, Batch 2060/2746, Loss: 2.2143
Epoch 2/100, Batch 2070/2746, Loss: 2.2043
Epoch 2/100, Batch 2080/2746, Loss: 2.2348
Epoch 2/100, Batch 2090/2746, Loss: 2.2130
Epoch 2/100, Batch 2100/2746, Loss: 2.2719
Epoch 2/100, Batch 2110/2746, Loss: 2.2888
Epoch 2/100, Batch 2120/2746, Loss: 2.1915
Epoch 2/100, Batch 2130/2746, Loss: 2.2483
Epoch 2/100, Batch 2140/2746, Loss: 2.2268
Epoch 2/100, Batch 2150/2746, Loss: 2.3092
Epoch 2/100, Batch 2160/2746, Loss: 2.2287
Epoch 2/100, Batch 2170/2746, Loss: 2.2424
Epoch 2/100, Batch 2180/2746, Loss: 2.2181
Epoch 2/100, Batch 2190/2746, Loss: 2.2683
Epoch 2/100, Batch 2200/2746, Loss: 2.2676
Epoch 2/100, Batch 2210/2746, Loss: 2.2379
Epoch 2/100, Batch 2220/2746, Loss: 2.1864
Epoch 2/100, Batch 2230/2746, Loss: 2.2900
Epoch 2/100, Batch 2240/2746, Loss: 2.2732
Epoch 2/100, Batch 2250/2746, Loss: 2.2458
Epoch 2/100, Batch 2260/2746, Loss: 2.2988
Epoch 2/100, Batch 2270/2746, Loss: 2.1913
Epoch 2/100, Batch 2280/2746, Loss: 2.2661
Epoch 2/100, Batch 2290/2746, Loss: 2.1589
Epoch 2/100, Batch 2300/2746, Loss: 2.3748
Epoch 2/100, Batch 2310/2746, Loss: 2.1747
Epoch 2/100, Batch 2320/2746, Loss: 2.2055
Epoch 2/100, Batch 2330/2746, Loss: 2.2320
Epoch 2/100, Batch 2340/2746, Loss: 2.2101
Epoch 2/100, Batch 2350/2746, Loss: 2.2169
Epoch 2/100, Batch 2360/2746, Loss: 2.2319
Epoch 2/100, Batch 2370/2746, Loss: 2.2349
Epoch 2/100, Batch 2380/2746, Loss: 2.1260
Epoch 2/100, Batch 2390/2746, Loss: 2.2608
Epoch 2/100, Batch 2400/2746, Loss: 2.1954
Epoch 2/100, Batch 2410/2746, Loss: 2.1613
Epoch 2/100, Batch 2420/2746, Loss: 2.2034
Epoch 2/100, Batch 2430/2746, Loss: 2.2509
Epoch 2/100, Batch 2440/2746, Loss: 2.1746
Epoch 2/100, Batch 2450/2746, Loss: 2.1603
Epoch 2/100, Batch 2460/2746, Loss: 2.0547
Epoch 2/100, Batch 2470/2746, Loss: 2.1098
Epoch 2/100, Batch 2480/2746, Loss: 2.1342
Epoch 2/100, Batch 2490/2746, Loss: 2.1606
Epoch 2/100, Batch 2500/2746, Loss: 2.2281
Epoch 2/100, Batch 2510/2746, Loss: 2.1773
Epoch 2/100, Batch 2520/2746, Loss: 2.1524
Epoch 2/100, Batch 2530/2746, Loss: 2.2347
Epoch 2/100, Batch 2540/2746, Loss: 2.1962
Epoch 2/100, Batch 2550/2746, Loss: 2.1309
Epoch 2/100, Batch 2560/2746, Loss: 2.1228
Epoch 2/100, Batch 2570/2746, Loss: 2.1831
Epoch 2/100, Batch 2580/2746, Loss: 2.1438
Epoch 2/100, Batch 2590/2746, Loss: 2.1320
Epoch 2/100, Batch 2600/2746, Loss: 2.1412
Epoch 2/100, Batch 2610/2746, Loss: 2.2029
Epoch 2/100, Batch 2620/2746, Loss: 2.1342
Epoch 2/100, Batch 2630/2746, Loss: 2.1193
Epoch 2/100, Batch 2640/2746, Loss: 2.0981
Epoch 2/100, Batch 2650/2746, Loss: 2.1313
Epoch 2/100, Batch 2660/2746, Loss: 2.1351
Epoch 2/100, Batch 2670/2746, Loss: 2.1335
Epoch 2/100, Batch 2680/2746, Loss: 2.1539
Epoch 2/100, Batch 2690/2746, Loss: 2.1651
Epoch 2/100, Batch 2700/2746, Loss: 2.0915
Epoch 2/100, Batch 2710/2746, Loss: 2.1649
Epoch 2/100, Batch 2720/2746, Loss: 2.0768
Epoch 2/100, Batch 2730/2746, Loss: 2.1584
Epoch 2/100, Batch 2740/2746, Loss: 2.1502
New best model with validation loss: 1.9744, perplexity: 7.20
Epoch 2/100, Loss: 2.3700, Perplexity: 10.70, Val Loss: 1.9744, Val Perplexity: 7.20, Time: 3658.48s
Epoch 3/100, Batch 10/2746, Loss: 2.1845
Epoch 3/100, Batch 20/2746, Loss: 2.1873
Epoch 3/100, Batch 30/2746, Loss: 2.1535
Epoch 3/100, Batch 40/2746, Loss: 2.1585
Epoch 3/100, Batch 50/2746, Loss: 2.1700
Epoch 3/100, Batch 60/2746, Loss: 2.1718
Epoch 3/100, Batch 70/2746, Loss: 2.1499
Epoch 3/100, Batch 80/2746, Loss: 2.1742
Epoch 3/100, Batch 90/2746, Loss: 2.1347
Epoch 3/100, Batch 100/2746, Loss: 2.0935
Epoch 3/100, Batch 110/2746, Loss: 2.2487
Epoch 3/100, Batch 120/2746, Loss: 2.0818
Epoch 3/100, Batch 130/2746, Loss: 2.0886
Epoch 3/100, Batch 140/2746, Loss: 2.1830
Epoch 3/100, Batch 150/2746, Loss: 2.0062
Epoch 3/100, Batch 160/2746, Loss: 2.0787
Epoch 3/100, Batch 170/2746, Loss: 2.1059
Epoch 3/100, Batch 180/2746, Loss: 2.1173
Epoch 3/100, Batch 190/2746, Loss: 2.1472
Epoch 3/100, Batch 200/2746, Loss: 2.1449
Epoch 3/100, Batch 210/2746, Loss: 2.1341
Epoch 3/100, Batch 220/2746, Loss: 2.0506
Epoch 3/100, Batch 230/2746, Loss: 2.1311
Epoch 3/100, Batch 240/2746, Loss: 2.1322
Epoch 3/100, Batch 250/2746, Loss: 2.1239
Epoch 3/100, Batch 260/2746, Loss: 2.0850
Epoch 3/100, Batch 270/2746, Loss: 2.1595
Epoch 3/100, Batch 280/2746, Loss: 2.1364
Epoch 3/100, Batch 290/2746, Loss: 2.0697
Epoch 3/100, Batch 300/2746, Loss: 2.1237
Epoch 3/100, Batch 310/2746, Loss: 2.0533
Epoch 3/100, Batch 320/2746, Loss: 2.0820
Epoch 3/100, Batch 330/2746, Loss: 2.0582
Epoch 3/100, Batch 340/2746, Loss: 2.0958
Epoch 3/100, Batch 350/2746, Loss: 1.9874
Epoch 3/100, Batch 360/2746, Loss: 2.0659
Epoch 3/100, Batch 370/2746, Loss: 2.0879
Epoch 3/100, Batch 380/2746, Loss: 2.0452
Epoch 3/100, Batch 390/2746, Loss: 2.0803
Epoch 3/100, Batch 400/2746, Loss: 2.2127
Epoch 3/100, Batch 410/2746, Loss: 2.0298
Epoch 3/100, Batch 420/2746, Loss: 2.0426
Epoch 3/100, Batch 430/2746, Loss: 2.0961
Epoch 3/100, Batch 440/2746, Loss: 2.0342
Epoch 3/100, Batch 450/2746, Loss: 2.0843
Epoch 3/100, Batch 460/2746, Loss: 2.0918
Epoch 3/100, Batch 470/2746, Loss: 2.1140
Epoch 3/100, Batch 480/2746, Loss: 2.1103
Epoch 3/100, Batch 490/2746, Loss: 2.0505
Epoch 3/100, Batch 500/2746, Loss: 2.1468
Epoch 3/100, Batch 510/2746, Loss: 1.9993
Epoch 3/100, Batch 520/2746, Loss: 2.0104
Epoch 3/100, Batch 530/2746, Loss: 2.1086
Epoch 3/100, Batch 540/2746, Loss: 2.0960
Epoch 3/100, Batch 550/2746, Loss: 2.0647
Epoch 3/100, Batch 560/2746, Loss: 1.9751
Epoch 3/100, Batch 570/2746, Loss: 2.0793
Epoch 3/100, Batch 580/2746, Loss: 2.0218
Epoch 3/100, Batch 590/2746, Loss: 2.0160
Epoch 3/100, Batch 600/2746, Loss: 2.0087
Epoch 3/100, Batch 610/2746, Loss: 2.0385
Epoch 3/100, Batch 620/2746, Loss: 2.2722
Epoch 3/100, Batch 630/2746, Loss: 2.0801
Epoch 3/100, Batch 640/2746, Loss: 2.1116
Epoch 3/100, Batch 650/2746, Loss: 2.0608
Epoch 3/100, Batch 660/2746, Loss: 2.0397
Epoch 3/100, Batch 670/2746, Loss: 2.0652
Epoch 3/100, Batch 680/2746, Loss: 2.0916
Epoch 3/100, Batch 690/2746, Loss: 2.0575
Epoch 3/100, Batch 700/2746, Loss: 1.9887
Epoch 3/100, Batch 710/2746, Loss: 1.9648
Epoch 3/100, Batch 720/2746, Loss: 2.0190
Epoch 3/100, Batch 730/2746, Loss: 2.0500
Epoch 3/100, Batch 740/2746, Loss: 2.0528
Epoch 3/100, Batch 750/2746, Loss: 1.9848
Epoch 3/100, Batch 760/2746, Loss: 1.9950
Epoch 3/100, Batch 770/2746, Loss: 2.0176
Epoch 3/100, Batch 780/2746, Loss: 2.0517
Epoch 3/100, Batch 790/2746, Loss: 2.1930
Epoch 3/100, Batch 800/2746, Loss: 2.0633
Epoch 3/100, Batch 810/2746, Loss: 2.0820
Epoch 3/100, Batch 820/2746, Loss: 2.0171
Epoch 3/100, Batch 830/2746, Loss: 2.0186
Epoch 3/100, Batch 840/2746, Loss: 2.0101
Epoch 3/100, Batch 850/2746, Loss: 1.9903
Epoch 3/100, Batch 860/2746, Loss: 2.0206
Epoch 3/100, Batch 870/2746, Loss: 2.0026
Epoch 3/100, Batch 880/2746, Loss: 2.0726
Epoch 3/100, Batch 890/2746, Loss: 2.0412
Epoch 3/100, Batch 900/2746, Loss: 1.9971
Epoch 3/100, Batch 910/2746, Loss: 2.0333
Epoch 3/100, Batch 920/2746, Loss: 1.9835
Epoch 3/100, Batch 930/2746, Loss: 1.9924
Epoch 3/100, Batch 940/2746, Loss: 1.9976
Epoch 3/100, Batch 950/2746, Loss: 2.0351
Epoch 3/100, Batch 960/2746, Loss: 2.0970
Epoch 3/100, Batch 970/2746, Loss: 2.0538
Epoch 3/100, Batch 980/2746, Loss: 1.9635
Epoch 3/100, Batch 990/2746, Loss: 2.0962
Epoch 3/100, Batch 1000/2746, Loss: 2.0994
Epoch 3/100, Batch 1010/2746, Loss: 2.0190
Epoch 3/100, Batch 1020/2746, Loss: 2.0537
Epoch 3/100, Batch 1030/2746, Loss: 1.9930
Epoch 3/100, Batch 1040/2746, Loss: 1.9955
Epoch 3/100, Batch 1050/2746, Loss: 1.9919
Epoch 3/100, Batch 1060/2746, Loss: 2.0423
Epoch 3/100, Batch 1070/2746, Loss: 1.9702
Epoch 3/100, Batch 1080/2746, Loss: 1.9348
Epoch 3/100, Batch 1090/2746, Loss: 1.9640
Epoch 3/100, Batch 1100/2746, Loss: 1.9702
Epoch 3/100, Batch 1110/2746, Loss: 1.9565
Epoch 3/100, Batch 1120/2746, Loss: 2.0361
Epoch 3/100, Batch 1130/2746, Loss: 1.9930
Epoch 3/100, Batch 1140/2746, Loss: 1.9618
Epoch 3/100, Batch 1150/2746, Loss: 2.0184
Epoch 3/100, Batch 1160/2746, Loss: 1.9317
Epoch 3/100, Batch 1170/2746, Loss: 2.0191
Epoch 3/100, Batch 1180/2746, Loss: 1.9904
Epoch 3/100, Batch 1190/2746, Loss: 2.0472
Epoch 3/100, Batch 1200/2746, Loss: 1.9203
Epoch 3/100, Batch 1210/2746, Loss: 1.8502
Epoch 3/100, Batch 1220/2746, Loss: 2.0552
Epoch 3/100, Batch 1230/2746, Loss: 1.9659
Epoch 3/100, Batch 1240/2746, Loss: 1.9935
Epoch 3/100, Batch 1250/2746, Loss: 1.9799
Epoch 3/100, Batch 1260/2746, Loss: 2.0004
Epoch 3/100, Batch 1270/2746, Loss: 1.9484
Epoch 3/100, Batch 1280/2746, Loss: 1.9348
Epoch 3/100, Batch 1290/2746, Loss: 1.9819
Epoch 3/100, Batch 1300/2746, Loss: 2.0041
Epoch 3/100, Batch 1310/2746, Loss: 2.0309
Epoch 3/100, Batch 1320/2746, Loss: 1.9650
Epoch 3/100, Batch 1330/2746, Loss: 1.9122
Epoch 3/100, Batch 1340/2746, Loss: 1.9584
Epoch 3/100, Batch 1350/2746, Loss: 1.9960
Epoch 3/100, Batch 1360/2746, Loss: 1.9432
Epoch 3/100, Batch 1370/2746, Loss: 1.9403
Epoch 3/100, Batch 1380/2746, Loss: 1.8953
Epoch 3/100, Batch 1390/2746, Loss: 1.9099
Epoch 3/100, Batch 1400/2746, Loss: 1.9412
Epoch 3/100, Batch 1410/2746, Loss: 2.0090
Epoch 3/100, Batch 1420/2746, Loss: 1.9841
Epoch 3/100, Batch 1430/2746, Loss: 1.9395
Epoch 3/100, Batch 1440/2746, Loss: 1.9477
Epoch 3/100, Batch 1450/2746, Loss: 1.9215
Epoch 3/100, Batch 1460/2746, Loss: 1.9122
Epoch 3/100, Batch 1470/2746, Loss: 1.8952
Epoch 3/100, Batch 1480/2746, Loss: 1.9538
Epoch 3/100, Batch 1490/2746, Loss: 2.0439
Epoch 3/100, Batch 1500/2746, Loss: 1.9436
Epoch 3/100, Batch 1510/2746, Loss: 1.9783
Epoch 3/100, Batch 1520/2746, Loss: 1.9372
Epoch 3/100, Batch 1530/2746, Loss: 1.9022
Epoch 3/100, Batch 1540/2746, Loss: 1.9553
Epoch 3/100, Batch 1550/2746, Loss: 1.9672
Epoch 3/100, Batch 1560/2746, Loss: 1.8940
Epoch 3/100, Batch 1570/2746, Loss: 1.9844
Epoch 3/100, Batch 1580/2746, Loss: 1.9243
Epoch 3/100, Batch 1590/2746, Loss: 1.9597
Epoch 3/100, Batch 1600/2746, Loss: 2.0029
Epoch 3/100, Batch 1610/2746, Loss: 1.9135
Epoch 3/100, Batch 1620/2746, Loss: 1.9830
Epoch 3/100, Batch 1630/2746, Loss: 1.8790
Epoch 3/100, Batch 1640/2746, Loss: 1.9170
Epoch 3/100, Batch 1650/2746, Loss: 1.9462
Epoch 3/100, Batch 1660/2746, Loss: 1.9362
Epoch 3/100, Batch 1670/2746, Loss: 1.9549
Epoch 3/100, Batch 1680/2746, Loss: 1.9423
Epoch 3/100, Batch 1690/2746, Loss: 1.9165
Epoch 3/100, Batch 1700/2746, Loss: 1.9133
Epoch 3/100, Batch 1710/2746, Loss: 2.0321
Epoch 3/100, Batch 1720/2746, Loss: 1.9633
Epoch 3/100, Batch 1730/2746, Loss: 1.9532
Epoch 3/100, Batch 1740/2746, Loss: 1.9197
Epoch 3/100, Batch 1750/2746, Loss: 1.8791
Epoch 3/100, Batch 1760/2746, Loss: 1.8818
Epoch 3/100, Batch 1770/2746, Loss: 1.8666
Epoch 3/100, Batch 1780/2746, Loss: 1.9256
Epoch 3/100, Batch 1790/2746, Loss: 1.8346
Epoch 3/100, Batch 1800/2746, Loss: 1.8231
Epoch 3/100, Batch 1810/2746, Loss: 1.8655
Epoch 3/100, Batch 1820/2746, Loss: 1.9637
Epoch 3/100, Batch 1830/2746, Loss: 1.9052
Epoch 3/100, Batch 1840/2746, Loss: 1.8911
Epoch 3/100, Batch 1850/2746, Loss: 1.9179
Epoch 3/100, Batch 1860/2746, Loss: 1.9394
Epoch 3/100, Batch 1870/2746, Loss: 1.8754
Epoch 3/100, Batch 1880/2746, Loss: 1.8687
Epoch 3/100, Batch 1890/2746, Loss: 1.8580
Epoch 3/100, Batch 1900/2746, Loss: 1.8981
Epoch 3/100, Batch 1910/2746, Loss: 1.8587
Epoch 3/100, Batch 1920/2746, Loss: 1.8812
Epoch 3/100, Batch 1930/2746, Loss: 1.7946
Epoch 3/100, Batch 1940/2746, Loss: 1.7520
Epoch 3/100, Batch 1950/2746, Loss: 1.8661
Epoch 3/100, Batch 1960/2746, Loss: 1.8281
Epoch 3/100, Batch 1970/2746, Loss: 1.8590
Epoch 3/100, Batch 1980/2746, Loss: 1.8386
Epoch 3/100, Batch 1990/2746, Loss: 1.8609
Epoch 3/100, Batch 2000/2746, Loss: 1.8190
Epoch 3/100, Batch 2010/2746, Loss: 1.8802
Epoch 3/100, Batch 2020/2746, Loss: 1.7874
Epoch 3/100, Batch 2030/2746, Loss: 1.8336
Epoch 3/100, Batch 2040/2746, Loss: 1.8412
Epoch 3/100, Batch 2050/2746, Loss: 1.8990
Epoch 3/100, Batch 2060/2746, Loss: 1.8195
Epoch 3/100, Batch 2070/2746, Loss: 1.7791
Epoch 3/100, Batch 2080/2746, Loss: 1.7811
Epoch 3/100, Batch 2090/2746, Loss: 1.8055
Epoch 3/100, Batch 2100/2746, Loss: 1.8879
Epoch 3/100, Batch 2110/2746, Loss: 1.8972
Epoch 3/100, Batch 2120/2746, Loss: 1.7801
Epoch 3/100, Batch 2130/2746, Loss: 1.8330
Epoch 3/100, Batch 2140/2746, Loss: 1.8112
Epoch 3/100, Batch 2150/2746, Loss: 1.8129
Epoch 3/100, Batch 2160/2746, Loss: 1.7763
Epoch 3/100, Batch 2170/2746, Loss: 1.9121
Epoch 3/100, Batch 2180/2746, Loss: 1.8045
Epoch 3/100, Batch 2190/2746, Loss: 1.8844
Epoch 3/100, Batch 2200/2746, Loss: 1.9454
Epoch 3/100, Batch 2210/2746, Loss: 1.7425
Epoch 3/100, Batch 2220/2746, Loss: 1.8049
Epoch 3/100, Batch 2230/2746, Loss: 2.0093
Epoch 3/100, Batch 2240/2746, Loss: 2.1043
Epoch 3/100, Batch 2250/2746, Loss: 1.8589
Epoch 3/100, Batch 2260/2746, Loss: 1.9490
Epoch 3/100, Batch 2270/2746, Loss: 1.7883
Epoch 3/100, Batch 2280/2746, Loss: 1.8592
Epoch 3/100, Batch 2290/2746, Loss: 1.7582
Epoch 3/100, Batch 2300/2746, Loss: 1.8151
Epoch 3/100, Batch 2310/2746, Loss: 1.7925
Epoch 3/100, Batch 2320/2746, Loss: 1.8175
Epoch 3/100, Batch 2330/2746, Loss: 1.8414
Epoch 3/100, Batch 2340/2746, Loss: 1.8126
Epoch 3/100, Batch 2350/2746, Loss: 1.8655
Epoch 3/100, Batch 2360/2746, Loss: 1.8539
Epoch 3/100, Batch 2370/2746, Loss: 1.8445
Epoch 3/100, Batch 2380/2746, Loss: 1.7079
Epoch 3/100, Batch 2390/2746, Loss: 1.8356
Epoch 3/100, Batch 2400/2746, Loss: 1.7937
Epoch 3/100, Batch 2410/2746, Loss: 1.7878
Epoch 3/100, Batch 2420/2746, Loss: 1.8584
Epoch 3/100, Batch 2430/2746, Loss: 1.9184
Epoch 3/100, Batch 2440/2746, Loss: 1.8915
Epoch 3/100, Batch 2450/2746, Loss: 1.7501
Epoch 3/100, Batch 2460/2746, Loss: 1.7007
Epoch 3/100, Batch 2470/2746, Loss: 1.7781
Epoch 3/100, Batch 2480/2746, Loss: 1.7517
Epoch 3/100, Batch 2490/2746, Loss: 1.7620
Epoch 3/100, Batch 2500/2746, Loss: 1.8373
Epoch 3/100, Batch 2510/2746, Loss: 1.8071
Epoch 3/100, Batch 2520/2746, Loss: 1.7855
Epoch 3/100, Batch 2530/2746, Loss: 1.8620
Epoch 3/100, Batch 2540/2746, Loss: 1.8174
Epoch 3/100, Batch 2550/2746, Loss: 1.7641
Epoch 3/100, Batch 2560/2746, Loss: 1.7367
Epoch 3/100, Batch 2570/2746, Loss: 1.8026
Epoch 3/100, Batch 2580/2746, Loss: 1.7497
Epoch 3/100, Batch 2590/2746, Loss: 1.7250
Epoch 3/100, Batch 2600/2746, Loss: 1.7700
Epoch 3/100, Batch 2610/2746, Loss: 1.8005
Epoch 3/100, Batch 2620/2746, Loss: 1.7701
Epoch 3/100, Batch 2630/2746, Loss: 1.7258
Epoch 3/100, Batch 2640/2746, Loss: 1.7242
Epoch 3/100, Batch 2650/2746, Loss: 1.7153
Epoch 3/100, Batch 2660/2746, Loss: 1.7548
Epoch 3/100, Batch 2670/2746, Loss: 1.7877
Epoch 3/100, Batch 2680/2746, Loss: 1.7614
Epoch 3/100, Batch 2690/2746, Loss: 1.7676
Epoch 3/100, Batch 2700/2746, Loss: 1.7616
Epoch 3/100, Batch 2710/2746, Loss: 1.8655
Epoch 3/100, Batch 2720/2746, Loss: 1.7523
Epoch 3/100, Batch 2730/2746, Loss: 1.7563
Epoch 3/100, Batch 2740/2746, Loss: 1.7398
New best model with validation loss: 1.5320, perplexity: 4.63
Epoch 3/100, Loss: 1.9581, Perplexity: 7.09, Val Loss: 1.5320, Val Perplexity: 4.63, Time: 3659.72s
Epoch 4/100, Batch 10/2746, Loss: 1.7934
Epoch 4/100, Batch 20/2746, Loss: 1.8044
Epoch 4/100, Batch 30/2746, Loss: 1.7636
Epoch 4/100, Batch 40/2746, Loss: 1.7484
Epoch 4/100, Batch 50/2746, Loss: 1.8542
Epoch 4/100, Batch 60/2746, Loss: 1.7385
Epoch 4/100, Batch 70/2746, Loss: 1.7718
Epoch 4/100, Batch 80/2746, Loss: 1.9577
Epoch 4/100, Batch 90/2746, Loss: 1.7456
Epoch 4/100, Batch 100/2746, Loss: 1.9481
Epoch 4/100, Batch 110/2746, Loss: 1.8666
Epoch 4/100, Batch 120/2746, Loss: 1.6907
Epoch 4/100, Batch 130/2746, Loss: 1.7497
Epoch 4/100, Batch 140/2746, Loss: 1.9181
Epoch 4/100, Batch 150/2746, Loss: 1.6879
Epoch 4/100, Batch 160/2746, Loss: 1.6970
Epoch 4/100, Batch 170/2746, Loss: 1.7861
Epoch 4/100, Batch 180/2746, Loss: 1.7479
Epoch 4/100, Batch 190/2746, Loss: 1.7781
Epoch 4/100, Batch 200/2746, Loss: 1.8221
Epoch 4/100, Batch 210/2746, Loss: 1.7751
Epoch 4/100, Batch 220/2746, Loss: 1.6970
Epoch 4/100, Batch 230/2746, Loss: 1.7596
Epoch 4/100, Batch 240/2746, Loss: 1.8598
Epoch 4/100, Batch 250/2746, Loss: 1.8014
Epoch 4/100, Batch 260/2746, Loss: 1.7464
Epoch 4/100, Batch 270/2746, Loss: 1.7704
Epoch 4/100, Batch 280/2746, Loss: 1.7627
Epoch 4/100, Batch 290/2746, Loss: 1.7430
Epoch 4/100, Batch 300/2746, Loss: 1.7707
Epoch 4/100, Batch 310/2746, Loss: 1.7009
Epoch 4/100, Batch 320/2746, Loss: 1.6990
Epoch 4/100, Batch 330/2746, Loss: 1.7118
Epoch 4/100, Batch 340/2746, Loss: 1.6929
Epoch 4/100, Batch 350/2746, Loss: 1.6104
Epoch 4/100, Batch 360/2746, Loss: 1.7027
Epoch 4/100, Batch 370/2746, Loss: 1.7118
Epoch 4/100, Batch 380/2746, Loss: 1.6487
Epoch 4/100, Batch 390/2746, Loss: 1.7211
Epoch 4/100, Batch 400/2746, Loss: 1.8271
Epoch 4/100, Batch 410/2746, Loss: 1.6644
Epoch 4/100, Batch 420/2746, Loss: 1.6821
Epoch 4/100, Batch 430/2746, Loss: 1.7265
Epoch 4/100, Batch 440/2746, Loss: 1.6716
Epoch 4/100, Batch 450/2746, Loss: 1.7175
Epoch 4/100, Batch 460/2746, Loss: 1.7296
Epoch 4/100, Batch 470/2746, Loss: 1.7550
Epoch 4/100, Batch 480/2746, Loss: 1.7220
Epoch 4/100, Batch 490/2746, Loss: 1.7145
Epoch 4/100, Batch 500/2746, Loss: 1.7876
Epoch 4/100, Batch 510/2746, Loss: 1.6448
Epoch 4/100, Batch 520/2746, Loss: 1.6557
Epoch 4/100, Batch 530/2746, Loss: 1.7822
Epoch 4/100, Batch 540/2746, Loss: 1.7401
Epoch 4/100, Batch 550/2746, Loss: 1.7616
Epoch 4/100, Batch 560/2746, Loss: 1.6147
Epoch 4/100, Batch 570/2746, Loss: 1.7138
Epoch 4/100, Batch 580/2746, Loss: 1.6267
Epoch 4/100, Batch 590/2746, Loss: 1.6419
Epoch 4/100, Batch 600/2746, Loss: 1.6485
Epoch 4/100, Batch 610/2746, Loss: 1.6746
Epoch 4/100, Batch 620/2746, Loss: 1.6861
Epoch 4/100, Batch 630/2746, Loss: 1.7078
Epoch 4/100, Batch 640/2746, Loss: 1.6889
Epoch 4/100, Batch 650/2746, Loss: 1.7082
Epoch 4/100, Batch 660/2746, Loss: 1.6695
Epoch 4/100, Batch 670/2746, Loss: 1.6875
Epoch 4/100, Batch 680/2746, Loss: 1.7192
Epoch 4/100, Batch 690/2746, Loss: 1.6906
Epoch 4/100, Batch 700/2746, Loss: 1.6760
Epoch 4/100, Batch 710/2746, Loss: 1.5806
Epoch 4/100, Batch 720/2746, Loss: 1.6638
Epoch 4/100, Batch 730/2746, Loss: 1.6960
Epoch 4/100, Batch 740/2746, Loss: 1.6806
Epoch 4/100, Batch 750/2746, Loss: 1.7882
Epoch 4/100, Batch 760/2746, Loss: 1.7115
Epoch 4/100, Batch 770/2746, Loss: 1.7859
Epoch 4/100, Batch 780/2746, Loss: 1.6714
Epoch 4/100, Batch 790/2746, Loss: 1.8622
Epoch 4/100, Batch 800/2746, Loss: 1.7271
Epoch 4/100, Batch 810/2746, Loss: 1.6546
Epoch 4/100, Batch 820/2746, Loss: 1.6503
Epoch 4/100, Batch 830/2746, Loss: 1.7233
Epoch 4/100, Batch 840/2746, Loss: 1.6621
Epoch 4/100, Batch 850/2746, Loss: 1.6294
Epoch 4/100, Batch 860/2746, Loss: 1.6968
Epoch 4/100, Batch 870/2746, Loss: 1.6850
Epoch 4/100, Batch 880/2746, Loss: 1.7045
Epoch 4/100, Batch 890/2746, Loss: 1.7038
Epoch 4/100, Batch 900/2746, Loss: 1.6558
Epoch 4/100, Batch 910/2746, Loss: 1.8313
Epoch 4/100, Batch 920/2746, Loss: 1.6448
Epoch 4/100, Batch 930/2746, Loss: 1.6318
Epoch 4/100, Batch 940/2746, Loss: 1.6108
Epoch 4/100, Batch 950/2746, Loss: 1.7028
Epoch 4/100, Batch 960/2746, Loss: 1.7214
Epoch 4/100, Batch 970/2746, Loss: 1.7203
Epoch 4/100, Batch 980/2746, Loss: 1.7599
Epoch 4/100, Batch 990/2746, Loss: 1.7435
Epoch 4/100, Batch 1000/2746, Loss: 1.7772
Epoch 4/100, Batch 1010/2746, Loss: 1.6305
Epoch 4/100, Batch 1020/2746, Loss: 1.7000
Epoch 4/100, Batch 1030/2746, Loss: 1.6413
Epoch 4/100, Batch 1040/2746, Loss: 1.6283
Epoch 4/100, Batch 1050/2746, Loss: 1.6132
Epoch 4/100, Batch 1060/2746, Loss: 1.7003
Epoch 4/100, Batch 1070/2746, Loss: 1.6213
Epoch 4/100, Batch 1080/2746, Loss: 1.6428
Epoch 4/100, Batch 1090/2746, Loss: 1.5934
Epoch 4/100, Batch 1100/2746, Loss: 1.6279
Epoch 4/100, Batch 1110/2746, Loss: 1.6120
Epoch 4/100, Batch 1120/2746, Loss: 1.8314
Epoch 4/100, Batch 1130/2746, Loss: 1.6672
Epoch 4/100, Batch 1140/2746, Loss: 1.6170
Epoch 4/100, Batch 1150/2746, Loss: 1.6636
Epoch 4/100, Batch 1160/2746, Loss: 1.5621
Epoch 4/100, Batch 1170/2746, Loss: 1.6315
Epoch 4/100, Batch 1180/2746, Loss: 1.6514
Epoch 4/100, Batch 1190/2746, Loss: 1.6650
Epoch 4/100, Batch 1200/2746, Loss: 1.6040
Epoch 4/100, Batch 1210/2746, Loss: 1.5027
Epoch 4/100, Batch 1220/2746, Loss: 1.7822
Epoch 4/100, Batch 1230/2746, Loss: 1.6106
Epoch 4/100, Batch 1240/2746, Loss: 1.5869
Epoch 4/100, Batch 1250/2746, Loss: 1.6880
Epoch 4/100, Batch 1260/2746, Loss: 1.6971
Epoch 4/100, Batch 1270/2746, Loss: 1.6110
Epoch 4/100, Batch 1280/2746, Loss: 1.6090
Epoch 4/100, Batch 1290/2746, Loss: 1.6305
Epoch 4/100, Batch 1300/2746, Loss: 1.6509
Epoch 4/100, Batch 1310/2746, Loss: 1.6964
Epoch 4/100, Batch 1320/2746, Loss: 1.7843
Epoch 4/100, Batch 1330/2746, Loss: 1.5422
Epoch 4/100, Batch 1340/2746, Loss: 1.6375
Epoch 4/100, Batch 1350/2746, Loss: 1.7760
Epoch 4/100, Batch 1360/2746, Loss: 1.8584
Epoch 4/100, Batch 1370/2746, Loss: 1.6972
Epoch 4/100, Batch 1380/2746, Loss: 1.5673
Epoch 4/100, Batch 1390/2746, Loss: 1.5692
Epoch 4/100, Batch 1400/2746, Loss: 1.5934
Epoch 4/100, Batch 1410/2746, Loss: 1.6569
Epoch 4/100, Batch 1420/2746, Loss: 1.6743
Epoch 4/100, Batch 1430/2746, Loss: 1.6309
Epoch 4/100, Batch 1440/2746, Loss: 1.6428
Epoch 4/100, Batch 1450/2746, Loss: 1.6216
Epoch 4/100, Batch 1460/2746, Loss: 1.5818
Epoch 4/100, Batch 1470/2746, Loss: 1.5931
Epoch 4/100, Batch 1480/2746, Loss: 1.6528
Epoch 4/100, Batch 1490/2746, Loss: 1.7129
Epoch 4/100, Batch 1500/2746, Loss: 1.6575
Epoch 4/100, Batch 1510/2746, Loss: 1.6434
Epoch 4/100, Batch 1520/2746, Loss: 1.6481
Epoch 4/100, Batch 1530/2746, Loss: 1.5863
Epoch 4/100, Batch 1540/2746, Loss: 1.6491
Epoch 4/100, Batch 1550/2746, Loss: 1.6367
Epoch 4/100, Batch 1560/2746, Loss: 1.6213
Epoch 4/100, Batch 1570/2746, Loss: 1.6890
Epoch 4/100, Batch 1580/2746, Loss: 1.6303
Epoch 4/100, Batch 1590/2746, Loss: 1.6425
Epoch 4/100, Batch 1600/2746, Loss: 1.6304
Epoch 4/100, Batch 1610/2746, Loss: 1.7424
Epoch 4/100, Batch 1620/2746, Loss: 1.6417
Epoch 4/100, Batch 1630/2746, Loss: 1.6028
Epoch 4/100, Batch 1640/2746, Loss: 1.6236
Epoch 4/100, Batch 1650/2746, Loss: 1.6479
Epoch 4/100, Batch 1660/2746, Loss: 1.6177
Epoch 4/100, Batch 1670/2746, Loss: 1.6018
Epoch 4/100, Batch 1680/2746, Loss: 1.6481
Epoch 4/100, Batch 1690/2746, Loss: 1.5461
Epoch 4/100, Batch 1700/2746, Loss: 1.6363
Epoch 4/100, Batch 1710/2746, Loss: 1.6678
Epoch 4/100, Batch 1720/2746, Loss: 1.6533
Epoch 4/100, Batch 1730/2746, Loss: 1.6471
Epoch 4/100, Batch 1740/2746, Loss: 1.6395
Epoch 4/100, Batch 1750/2746, Loss: 1.5825
Epoch 4/100, Batch 1760/2746, Loss: 1.5833
Epoch 4/100, Batch 1770/2746, Loss: 1.5794
Epoch 4/100, Batch 1780/2746, Loss: 1.6340
Epoch 4/100, Batch 1790/2746, Loss: 1.6835
Epoch 4/100, Batch 1800/2746, Loss: 1.5503
Epoch 4/100, Batch 1810/2746, Loss: 1.5838
Epoch 4/100, Batch 1820/2746, Loss: 1.6394
Epoch 4/100, Batch 1830/2746, Loss: 1.6063
Epoch 4/100, Batch 1840/2746, Loss: 1.5998
Epoch 4/100, Batch 1850/2746, Loss: 1.8184
Epoch 4/100, Batch 1860/2746, Loss: 1.6979
Epoch 4/100, Batch 1870/2746, Loss: 1.6008
Epoch 4/100, Batch 1880/2746, Loss: 1.6871
Epoch 4/100, Batch 1890/2746, Loss: 1.6121
Epoch 4/100, Batch 1900/2746, Loss: 1.6405
Epoch 4/100, Batch 1910/2746, Loss: 1.6019
Epoch 4/100, Batch 1920/2746, Loss: 1.8164
Epoch 4/100, Batch 1930/2746, Loss: 1.5565
Epoch 4/100, Batch 1940/2746, Loss: 1.5074
Epoch 4/100, Batch 1950/2746, Loss: 1.6394
Epoch 4/100, Batch 1960/2746, Loss: 1.5708
Epoch 4/100, Batch 1970/2746, Loss: 1.7010
Epoch 4/100, Batch 1980/2746, Loss: 1.6271
Epoch 4/100, Batch 1990/2746, Loss: 1.6042
Epoch 4/100, Batch 2000/2746, Loss: 1.5655
Epoch 4/100, Batch 2010/2746, Loss: 1.6332
Epoch 4/100, Batch 2020/2746, Loss: 1.5229
Epoch 4/100, Batch 2030/2746, Loss: 1.5693
Epoch 4/100, Batch 2040/2746, Loss: 1.5535
Epoch 4/100, Batch 2050/2746, Loss: 1.5329
Epoch 4/100, Batch 2060/2746, Loss: 1.7185
Epoch 4/100, Batch 2070/2746, Loss: 1.5335
Epoch 4/100, Batch 2080/2746, Loss: 1.5206
Epoch 4/100, Batch 2090/2746, Loss: 1.6108
Epoch 4/100, Batch 2100/2746, Loss: 1.6704
Epoch 4/100, Batch 2110/2746, Loss: 1.6301
Epoch 4/100, Batch 2120/2746, Loss: 1.5668
Epoch 4/100, Batch 2130/2746, Loss: 1.6027
Epoch 4/100, Batch 2140/2746, Loss: 1.6029
Epoch 4/100, Batch 2150/2746, Loss: 1.5553
Epoch 4/100, Batch 2160/2746, Loss: 1.5413
Epoch 4/100, Batch 2170/2746, Loss: 1.5628
Epoch 4/100, Batch 2180/2746, Loss: 1.5613
Epoch 4/100, Batch 2190/2746, Loss: 1.6191
Epoch 4/100, Batch 2200/2746, Loss: 1.6405
Epoch 4/100, Batch 2210/2746, Loss: 1.5117
Epoch 4/100, Batch 2220/2746, Loss: 1.5492
Epoch 4/100, Batch 2230/2746, Loss: 1.5796
Epoch 4/100, Batch 2240/2746, Loss: 1.6280
Epoch 4/100, Batch 2250/2746, Loss: 1.6015
Epoch 4/100, Batch 2260/2746, Loss: 1.6598
Epoch 4/100, Batch 2270/2746, Loss: 1.5650
Epoch 4/100, Batch 2280/2746, Loss: 1.5830
Epoch 4/100, Batch 2290/2746, Loss: 1.5336
Epoch 4/100, Batch 2300/2746, Loss: 1.5629
Epoch 4/100, Batch 2310/2746, Loss: 1.5419
Epoch 4/100, Batch 2320/2746, Loss: 1.5920
Epoch 4/100, Batch 2330/2746, Loss: 1.6121
Epoch 4/100, Batch 2340/2746, Loss: 1.8166
Epoch 4/100, Batch 2350/2746, Loss: 1.6043
Epoch 4/100, Batch 2360/2746, Loss: 1.6191
Epoch 4/100, Batch 2370/2746, Loss: 1.7391
Epoch 4/100, Batch 2380/2746, Loss: 1.4683
Epoch 4/100, Batch 2390/2746, Loss: 1.6077
Epoch 4/100, Batch 2400/2746, Loss: 1.5602
Epoch 4/100, Batch 2410/2746, Loss: 1.6251
Epoch 4/100, Batch 2420/2746, Loss: 1.6480
Epoch 4/100, Batch 2430/2746, Loss: 1.6192
Epoch 4/100, Batch 2440/2746, Loss: 1.5774
Epoch 4/100, Batch 2450/2746, Loss: 1.5459
Epoch 4/100, Batch 2460/2746, Loss: 1.4855
Epoch 4/100, Batch 2470/2746, Loss: 1.5414
Epoch 4/100, Batch 2480/2746, Loss: 1.5113
Epoch 4/100, Batch 2490/2746, Loss: 1.5654
Epoch 4/100, Batch 2500/2746, Loss: 1.6225
Epoch 4/100, Batch 2510/2746, Loss: 1.5952
Epoch 4/100, Batch 2520/2746, Loss: 1.5689
Epoch 4/100, Batch 2530/2746, Loss: 1.6521
Epoch 4/100, Batch 2540/2746, Loss: 1.6027
Epoch 4/100, Batch 2550/2746, Loss: 1.5395
Epoch 4/100, Batch 2560/2746, Loss: 1.5354
Epoch 4/100, Batch 2570/2746, Loss: 1.6939
Epoch 4/100, Batch 2580/2746, Loss: 1.5499
Epoch 4/100, Batch 2590/2746, Loss: 1.5065
Epoch 4/100, Batch 2600/2746, Loss: 1.5623
Epoch 4/100, Batch 2610/2746, Loss: 1.6385
Epoch 4/100, Batch 2620/2746, Loss: 1.5723
Epoch 4/100, Batch 2630/2746, Loss: 1.5188
Epoch 4/100, Batch 2640/2746, Loss: 1.5409
Epoch 4/100, Batch 2650/2746, Loss: 1.7524
Epoch 4/100, Batch 2660/2746, Loss: 1.6119
Epoch 4/100, Batch 2670/2746, Loss: 1.5662
Epoch 4/100, Batch 2680/2746, Loss: 1.5581
Epoch 4/100, Batch 2690/2746, Loss: 1.5563
Epoch 4/100, Batch 2700/2746, Loss: 1.4889
Epoch 4/100, Batch 2710/2746, Loss: 1.6209
Epoch 4/100, Batch 2720/2746, Loss: 1.5127
Epoch 4/100, Batch 2730/2746, Loss: 1.5446
Epoch 4/100, Batch 2740/2746, Loss: 1.5434
New best model with validation loss: 1.3388, perplexity: 3.81
Epoch 4/100, Loss: 1.6585, Perplexity: 5.25, Val Loss: 1.3388, Val Perplexity: 3.81, Time: 3662.25s
Epoch 5/100, Batch 10/2746, Loss: 1.5718
Epoch 5/100, Batch 20/2746, Loss: 1.6432
Epoch 5/100, Batch 30/2746, Loss: 1.5509
Epoch 5/100, Batch 40/2746, Loss: 1.5306
Epoch 5/100, Batch 50/2746, Loss: 1.5971
Epoch 5/100, Batch 60/2746, Loss: 1.5451
Epoch 5/100, Batch 70/2746, Loss: 1.5578
Epoch 5/100, Batch 80/2746, Loss: 1.5767
Epoch 5/100, Batch 90/2746, Loss: 1.5481
Epoch 5/100, Batch 100/2746, Loss: 1.5234
Epoch 5/100, Batch 110/2746, Loss: 1.6663
Epoch 5/100, Batch 120/2746, Loss: 1.5160
Epoch 5/100, Batch 130/2746, Loss: 1.5117
Epoch 5/100, Batch 140/2746, Loss: 1.5530
Epoch 5/100, Batch 150/2746, Loss: 1.5472
Epoch 5/100, Batch 160/2746, Loss: 1.5112
Epoch 5/100, Batch 170/2746, Loss: 1.5747
Epoch 5/100, Batch 180/2746, Loss: 1.5649
Epoch 5/100, Batch 190/2746, Loss: 1.6404
Epoch 5/100, Batch 200/2746, Loss: 1.6354
Epoch 5/100, Batch 210/2746, Loss: 1.5918
Epoch 5/100, Batch 220/2746, Loss: 1.7776
Epoch 5/100, Batch 230/2746, Loss: 1.6656
Epoch 5/100, Batch 240/2746, Loss: 1.6158
Epoch 5/100, Batch 250/2746, Loss: 1.6233
Epoch 5/100, Batch 260/2746, Loss: 1.5720
Epoch 5/100, Batch 270/2746, Loss: 1.5754
Epoch 5/100, Batch 280/2746, Loss: 1.5825
Epoch 5/100, Batch 290/2746, Loss: 1.5388
Epoch 5/100, Batch 300/2746, Loss: 1.5798
Epoch 5/100, Batch 310/2746, Loss: 1.5124
Epoch 5/100, Batch 320/2746, Loss: 1.5158
Epoch 5/100, Batch 330/2746, Loss: 1.6264
Epoch 5/100, Batch 340/2746, Loss: 1.5166
Epoch 5/100, Batch 350/2746, Loss: 1.4361
Epoch 5/100, Batch 360/2746, Loss: 1.5421
Epoch 5/100, Batch 370/2746, Loss: 1.6504
Epoch 5/100, Batch 380/2746, Loss: 1.4858
Epoch 5/100, Batch 390/2746, Loss: 1.6621
Epoch 5/100, Batch 400/2746, Loss: 1.6345
Epoch 5/100, Batch 410/2746, Loss: 1.4943
Epoch 5/100, Batch 420/2746, Loss: 1.5002
Epoch 5/100, Batch 430/2746, Loss: 1.5380
Epoch 5/100, Batch 440/2746, Loss: 1.6046
Epoch 5/100, Batch 450/2746, Loss: 1.7663
Epoch 5/100, Batch 460/2746, Loss: 1.5687
Epoch 5/100, Batch 470/2746, Loss: 1.5970
Epoch 5/100, Batch 480/2746, Loss: 1.5387
Epoch 5/100, Batch 490/2746, Loss: 1.5524
Epoch 5/100, Batch 500/2746, Loss: 1.6143
Epoch 5/100, Batch 510/2746, Loss: 1.4637
Epoch 5/100, Batch 520/2746, Loss: 1.4848
Epoch 5/100, Batch 530/2746, Loss: 1.5878
Epoch 5/100, Batch 540/2746, Loss: 1.5831
Epoch 5/100, Batch 550/2746, Loss: 1.5431
Epoch 5/100, Batch 560/2746, Loss: 1.4415
Epoch 5/100, Batch 570/2746, Loss: 1.5018
Epoch 5/100, Batch 580/2746, Loss: 1.4509
Epoch 5/100, Batch 590/2746, Loss: 1.5848
Epoch 5/100, Batch 600/2746, Loss: 1.5723
Epoch 5/100, Batch 610/2746, Loss: 1.5614
Epoch 5/100, Batch 620/2746, Loss: 1.6349
Epoch 5/100, Batch 630/2746, Loss: 1.5366
Epoch 5/100, Batch 640/2746, Loss: 1.5085
Epoch 5/100, Batch 650/2746, Loss: 1.5193
Epoch 5/100, Batch 660/2746, Loss: 1.5713
Epoch 5/100, Batch 670/2746, Loss: 1.5183
Epoch 5/100, Batch 680/2746, Loss: 1.6142
Epoch 5/100, Batch 690/2746, Loss: 1.5375
Epoch 5/100, Batch 700/2746, Loss: 1.5316
Epoch 5/100, Batch 710/2746, Loss: 1.4412
Epoch 5/100, Batch 720/2746, Loss: 1.5649
Epoch 5/100, Batch 730/2746, Loss: 1.5797
Epoch 5/100, Batch 740/2746, Loss: 1.5028
Epoch 5/100, Batch 750/2746, Loss: 1.4704
Epoch 5/100, Batch 760/2746, Loss: 1.4992
Epoch 5/100, Batch 770/2746, Loss: 1.5364
Epoch 5/100, Batch 780/2746, Loss: 1.5046
Epoch 5/100, Batch 790/2746, Loss: 1.5200
Epoch 5/100, Batch 800/2746, Loss: 1.5599
Epoch 5/100, Batch 810/2746, Loss: 1.5492
Epoch 5/100, Batch 820/2746, Loss: 1.4924
Epoch 5/100, Batch 830/2746, Loss: 1.5097
Epoch 5/100, Batch 840/2746, Loss: 1.5095
Epoch 5/100, Batch 850/2746, Loss: 1.5224
Epoch 5/100, Batch 860/2746, Loss: 1.4769
Epoch 5/100, Batch 870/2746, Loss: 1.5213
Epoch 5/100, Batch 880/2746, Loss: 1.5484
Epoch 5/100, Batch 890/2746, Loss: 1.5351
Epoch 5/100, Batch 900/2746, Loss: 1.6438
Epoch 5/100, Batch 910/2746, Loss: 1.4693
Epoch 5/100, Batch 920/2746, Loss: 1.5468
Epoch 5/100, Batch 930/2746, Loss: 1.4849
Epoch 5/100, Batch 940/2746, Loss: 1.4618
Epoch 5/100, Batch 950/2746, Loss: 1.5502
Epoch 5/100, Batch 960/2746, Loss: 1.6748
Epoch 5/100, Batch 970/2746, Loss: 1.6449
Epoch 5/100, Batch 980/2746, Loss: 1.4923
Epoch 5/100, Batch 990/2746, Loss: 1.5865
Epoch 5/100, Batch 1000/2746, Loss: 1.6545
Epoch 5/100, Batch 1010/2746, Loss: 1.4918
Epoch 5/100, Batch 1020/2746, Loss: 1.5509
Epoch 5/100, Batch 1030/2746, Loss: 1.4762
Epoch 5/100, Batch 1040/2746, Loss: 1.4726
Epoch 5/100, Batch 1050/2746, Loss: 1.4523
Epoch 5/100, Batch 1060/2746, Loss: 1.5260
Epoch 5/100, Batch 1070/2746, Loss: 1.4610
Epoch 5/100, Batch 1080/2746, Loss: 1.4507
Epoch 5/100, Batch 1090/2746, Loss: 1.4250
Epoch 5/100, Batch 1100/2746, Loss: 1.4850
Epoch 5/100, Batch 1110/2746, Loss: 1.4675
Epoch 5/100, Batch 1120/2746, Loss: 1.6888
Epoch 5/100, Batch 1130/2746, Loss: 1.4943
Epoch 5/100, Batch 1140/2746, Loss: 1.4687
Epoch 5/100, Batch 1150/2746, Loss: 1.5102
Epoch 5/100, Batch 1160/2746, Loss: 1.4024
Epoch 5/100, Batch 1170/2746, Loss: 1.4647
Epoch 5/100, Batch 1180/2746, Loss: 1.4990
Epoch 5/100, Batch 1190/2746, Loss: 1.5220
Epoch 5/100, Batch 1200/2746, Loss: 1.4664
Epoch 5/100, Batch 1210/2746, Loss: 1.4006
Epoch 5/100, Batch 1220/2746, Loss: 1.4801
Epoch 5/100, Batch 1230/2746, Loss: 1.4600
Epoch 5/100, Batch 1240/2746, Loss: 1.4488
Epoch 5/100, Batch 1250/2746, Loss: 1.4913
Epoch 5/100, Batch 1260/2746, Loss: 1.6815
Epoch 5/100, Batch 1270/2746, Loss: 1.5208
Epoch 5/100, Batch 1280/2746, Loss: 1.4827
Epoch 5/100, Batch 1290/2746, Loss: 1.4985
Epoch 5/100, Batch 1300/2746, Loss: 1.4894
Epoch 5/100, Batch 1310/2746, Loss: 1.5614
Epoch 5/100, Batch 1320/2746, Loss: 1.5181
Epoch 5/100, Batch 1330/2746, Loss: 1.4086
Epoch 5/100, Batch 1340/2746, Loss: 1.4898
Epoch 5/100, Batch 1350/2746, Loss: 1.5159
Epoch 5/100, Batch 1360/2746, Loss: 1.4994
Epoch 5/100, Batch 1370/2746, Loss: 1.4939
Epoch 5/100, Batch 1380/2746, Loss: 1.4816
Epoch 5/100, Batch 1390/2746, Loss: 1.4345
Epoch 5/100, Batch 1400/2746, Loss: 1.4482
Epoch 5/100, Batch 1410/2746, Loss: 1.5613
Epoch 5/100, Batch 1420/2746, Loss: 1.5317
Epoch 5/100, Batch 1430/2746, Loss: 1.5062
Epoch 5/100, Batch 1440/2746, Loss: 1.4966
Epoch 5/100, Batch 1450/2746, Loss: 1.4575
Epoch 5/100, Batch 1460/2746, Loss: 1.4990
Epoch 5/100, Batch 1470/2746, Loss: 1.4690
Epoch 5/100, Batch 1480/2746, Loss: 1.5102
Epoch 5/100, Batch 1490/2746, Loss: 1.5645
Epoch 5/100, Batch 1500/2746, Loss: 1.4664
Epoch 5/100, Batch 1510/2746, Loss: 1.5162
Epoch 5/100, Batch 1520/2746, Loss: 1.4791
Epoch 5/100, Batch 1530/2746, Loss: 1.4623
Epoch 5/100, Batch 1540/2746, Loss: 1.5029
Epoch 5/100, Batch 1550/2746, Loss: 1.5031
Epoch 5/100, Batch 1560/2746, Loss: 1.4507
Epoch 5/100, Batch 1570/2746, Loss: 1.5457
Epoch 5/100, Batch 1580/2746, Loss: 1.5104
Epoch 5/100, Batch 1590/2746, Loss: 1.6450
Epoch 5/100, Batch 1600/2746, Loss: 1.5068
Epoch 5/100, Batch 1610/2746, Loss: 1.4908
Epoch 5/100, Batch 1620/2746, Loss: 1.5127
Epoch 5/100, Batch 1630/2746, Loss: 1.4762
Epoch 5/100, Batch 1640/2746, Loss: 1.4944
Epoch 5/100, Batch 1650/2746, Loss: 1.5465
Epoch 5/100, Batch 1660/2746, Loss: 1.4890
Epoch 5/100, Batch 1670/2746, Loss: 1.4787
Epoch 5/100, Batch 1680/2746, Loss: 1.5173
Epoch 5/100, Batch 1690/2746, Loss: 1.4201
Epoch 5/100, Batch 1700/2746, Loss: 1.5237
Epoch 5/100, Batch 1710/2746, Loss: 1.5887
Epoch 5/100, Batch 1720/2746, Loss: 1.5301
Epoch 5/100, Batch 1730/2746, Loss: 1.4667
Epoch 5/100, Batch 1740/2746, Loss: 1.4940
Epoch 5/100, Batch 1750/2746, Loss: 1.4429
Epoch 5/100, Batch 1760/2746, Loss: 1.4612
Epoch 5/100, Batch 1770/2746, Loss: 1.4460
Epoch 5/100, Batch 1780/2746, Loss: 1.5065
Epoch 5/100, Batch 1790/2746, Loss: 1.4134
Epoch 5/100, Batch 1800/2746, Loss: 1.4381
Epoch 5/100, Batch 1810/2746, Loss: 1.4420
Epoch 5/100, Batch 1820/2746, Loss: 1.5104
Epoch 5/100, Batch 1830/2746, Loss: 1.4750
Epoch 5/100, Batch 1840/2746, Loss: 1.4672
Epoch 5/100, Batch 1850/2746, Loss: 1.4692
Epoch 5/100, Batch 1860/2746, Loss: 1.5292
Epoch 5/100, Batch 1870/2746, Loss: 1.5107
Epoch 5/100, Batch 1880/2746, Loss: 1.4890
Epoch 5/100, Batch 1890/2746, Loss: 1.5715
Epoch 5/100, Batch 1900/2746, Loss: 1.5483
Epoch 5/100, Batch 1910/2746, Loss: 1.4853
Epoch 5/100, Batch 1920/2746, Loss: 1.4879
Epoch 5/100, Batch 1930/2746, Loss: 1.4488
Epoch 5/100, Batch 1940/2746, Loss: 1.3854
Epoch 5/100, Batch 1950/2746, Loss: 1.5748
Epoch 5/100, Batch 1960/2746, Loss: 1.4712
Epoch 5/100, Batch 1970/2746, Loss: 1.4685
Epoch 5/100, Batch 1980/2746, Loss: 1.4629
Epoch 5/100, Batch 1990/2746, Loss: 1.4750
Epoch 5/100, Batch 2000/2746, Loss: 1.4410
Epoch 5/100, Batch 2010/2746, Loss: 1.6047
Epoch 5/100, Batch 2020/2746, Loss: 1.4376
Epoch 5/100, Batch 2030/2746, Loss: 1.4487
Epoch 5/100, Batch 2040/2746, Loss: 1.4571
Epoch 5/100, Batch 2050/2746, Loss: 1.4458
Epoch 5/100, Batch 2060/2746, Loss: 1.4345
Epoch 5/100, Batch 2070/2746, Loss: 1.4988
Epoch 5/100, Batch 2080/2746, Loss: 1.3967
Epoch 5/100, Batch 2090/2746, Loss: 1.5323
Epoch 5/100, Batch 2100/2746, Loss: 1.4993
Epoch 5/100, Batch 2110/2746, Loss: 1.5505
Epoch 5/100, Batch 2120/2746, Loss: 1.4019
Epoch 5/100, Batch 2130/2746, Loss: 1.4924
Epoch 5/100, Batch 2140/2746, Loss: 1.5484
Epoch 5/100, Batch 2150/2746, Loss: 1.4364
Epoch 5/100, Batch 2160/2746, Loss: 1.4288
Epoch 5/100, Batch 2170/2746, Loss: 1.4454
Epoch 5/100, Batch 2180/2746, Loss: 1.4378
Epoch 5/100, Batch 2190/2746, Loss: 1.5789
Epoch 5/100, Batch 2200/2746, Loss: 1.5343
Epoch 5/100, Batch 2210/2746, Loss: 1.4038
Epoch 5/100, Batch 2220/2746, Loss: 1.4308
Epoch 5/100, Batch 2230/2746, Loss: 1.4703
Epoch 5/100, Batch 2240/2746, Loss: 1.4996
Epoch 5/100, Batch 2250/2746, Loss: 1.5183
Epoch 5/100, Batch 2260/2746, Loss: 1.5648
Epoch 5/100, Batch 2270/2746, Loss: 1.4498
Epoch 5/100, Batch 2280/2746, Loss: 1.5156
Epoch 5/100, Batch 2290/2746, Loss: 1.4030
Epoch 5/100, Batch 2300/2746, Loss: 1.4478
Epoch 5/100, Batch 2310/2746, Loss: 1.5768
Epoch 5/100, Batch 2320/2746, Loss: 1.4604
Epoch 5/100, Batch 2330/2746, Loss: 1.4938
Epoch 5/100, Batch 2340/2746, Loss: 1.4691
Epoch 5/100, Batch 2350/2746, Loss: 1.4864
Epoch 5/100, Batch 2360/2746, Loss: 1.5165
Epoch 5/100, Batch 2370/2746, Loss: 1.5167
Epoch 5/100, Batch 2380/2746, Loss: 1.3516
Epoch 5/100, Batch 2390/2746, Loss: 1.4882
Epoch 5/100, Batch 2400/2746, Loss: 1.4423
Epoch 5/100, Batch 2410/2746, Loss: 1.4692
Epoch 5/100, Batch 2420/2746, Loss: 1.4990
Epoch 5/100, Batch 2430/2746, Loss: 1.5379
Epoch 5/100, Batch 2440/2746, Loss: 1.5321
Epoch 5/100, Batch 2450/2746, Loss: 1.4695
Epoch 5/100, Batch 2460/2746, Loss: 1.4102
Epoch 5/100, Batch 2470/2746, Loss: 1.4550
Epoch 5/100, Batch 2480/2746, Loss: 1.4451
Epoch 5/100, Batch 2490/2746, Loss: 1.4655
Epoch 5/100, Batch 2500/2746, Loss: 1.5136
Epoch 5/100, Batch 2510/2746, Loss: 1.4921
Epoch 5/100, Batch 2520/2746, Loss: 1.4622
Epoch 5/100, Batch 2530/2746, Loss: 1.5287
Epoch 5/100, Batch 2540/2746, Loss: 1.4944
Epoch 5/100, Batch 2550/2746, Loss: 1.6407
Epoch 5/100, Batch 2560/2746, Loss: 1.4310
Epoch 5/100, Batch 2570/2746, Loss: 1.4808
Epoch 5/100, Batch 2580/2746, Loss: 1.4402
Epoch 5/100, Batch 2590/2746, Loss: 1.4055
Epoch 5/100, Batch 2600/2746, Loss: 1.5333
Epoch 5/100, Batch 2610/2746, Loss: 1.4888
Epoch 5/100, Batch 2620/2746, Loss: 1.5280
Epoch 5/100, Batch 2630/2746, Loss: 1.4692
Epoch 5/100, Batch 2640/2746, Loss: 1.4401
Epoch 5/100, Batch 2650/2746, Loss: 1.4179
Epoch 5/100, Batch 2660/2746, Loss: 1.4515
Epoch 5/100, Batch 2670/2746, Loss: 1.4522
Epoch 5/100, Batch 2680/2746, Loss: 1.4546
Epoch 5/100, Batch 2690/2746, Loss: 1.4446
Epoch 5/100, Batch 2700/2746, Loss: 1.3970
Epoch 5/100, Batch 2710/2746, Loss: 1.5469
Epoch 5/100, Batch 2720/2746, Loss: 1.4072
Epoch 5/100, Batch 2730/2746, Loss: 1.4545
Epoch 5/100, Batch 2740/2746, Loss: 1.4298
New best model with validation loss: 1.2482, perplexity: 3.48
Epoch 5/100, Loss: 1.5112, Perplexity: 4.53, Val Loss: 1.2482, Val Perplexity: 3.48, Time: 3659.45s
Epoch 6/100, Batch 10/2746, Loss: 1.5064
Epoch 6/100, Batch 20/2746, Loss: 1.4881
Epoch 6/100, Batch 30/2746, Loss: 1.4442
Epoch 6/100, Batch 40/2746, Loss: 1.4140
Epoch 6/100, Batch 50/2746, Loss: 1.5486
Epoch 6/100, Batch 60/2746, Loss: 1.4435
Epoch 6/100, Batch 70/2746, Loss: 1.5519
Epoch 6/100, Batch 80/2746, Loss: 1.4688
Epoch 6/100, Batch 90/2746, Loss: 1.4448
Epoch 6/100, Batch 100/2746, Loss: 1.4087
Epoch 6/100, Batch 110/2746, Loss: 1.5618
Epoch 6/100, Batch 120/2746, Loss: 1.4099
Epoch 6/100, Batch 130/2746, Loss: 1.4183
Epoch 6/100, Batch 140/2746, Loss: 1.4383
Epoch 6/100, Batch 150/2746, Loss: 1.3489
Epoch 6/100, Batch 160/2746, Loss: 1.4121
Epoch 6/100, Batch 170/2746, Loss: 1.5487
Epoch 6/100, Batch 180/2746, Loss: 1.6366
Epoch 6/100, Batch 190/2746, Loss: 1.4904
Epoch 6/100, Batch 200/2746, Loss: 1.5403
Epoch 6/100, Batch 210/2746, Loss: 1.4896
Epoch 6/100, Batch 220/2746, Loss: 1.5339
Epoch 6/100, Batch 230/2746, Loss: 1.5127
Epoch 6/100, Batch 240/2746, Loss: 1.5055
Epoch 6/100, Batch 250/2746, Loss: 1.5290
Epoch 6/100, Batch 260/2746, Loss: 1.4747
Epoch 6/100, Batch 270/2746, Loss: 1.4740
Epoch 6/100, Batch 280/2746, Loss: 1.4829
Epoch 6/100, Batch 290/2746, Loss: 1.4422
Epoch 6/100, Batch 300/2746, Loss: 1.5066
Epoch 6/100, Batch 310/2746, Loss: 1.4177
Epoch 6/100, Batch 320/2746, Loss: 1.4173
Epoch 6/100, Batch 330/2746, Loss: 1.4521
Epoch 6/100, Batch 340/2746, Loss: 1.4200
Epoch 6/100, Batch 350/2746, Loss: 1.3476
Epoch 6/100, Batch 360/2746, Loss: 1.4552
Epoch 6/100, Batch 370/2746, Loss: 1.4370
Epoch 6/100, Batch 380/2746, Loss: 1.4078
Epoch 6/100, Batch 390/2746, Loss: 1.4529
Epoch 6/100, Batch 400/2746, Loss: 1.5328
Epoch 6/100, Batch 410/2746, Loss: 1.4047
Epoch 6/100, Batch 420/2746, Loss: 1.4352
Epoch 6/100, Batch 430/2746, Loss: 1.5001
Epoch 6/100, Batch 440/2746, Loss: 1.4719
Epoch 6/100, Batch 450/2746, Loss: 1.4690
Epoch 6/100, Batch 460/2746, Loss: 1.5653
Epoch 6/100, Batch 470/2746, Loss: 1.5860
Epoch 6/100, Batch 480/2746, Loss: 1.4587
Epoch 6/100, Batch 490/2746, Loss: 1.4598
Epoch 6/100, Batch 500/2746, Loss: 1.5141
Epoch 6/100, Batch 510/2746, Loss: 1.4135
Epoch 6/100, Batch 520/2746, Loss: 1.3924
Epoch 6/100, Batch 530/2746, Loss: 1.4748
Epoch 6/100, Batch 540/2746, Loss: 1.4973
Epoch 6/100, Batch 550/2746, Loss: 1.4612
Epoch 6/100, Batch 560/2746, Loss: 1.4086
Epoch 6/100, Batch 570/2746, Loss: 1.4023
Epoch 6/100, Batch 580/2746, Loss: 1.3636
Epoch 6/100, Batch 590/2746, Loss: 1.3733
Epoch 6/100, Batch 600/2746, Loss: 1.3804
Epoch 6/100, Batch 610/2746, Loss: 1.4395
Epoch 6/100, Batch 620/2746, Loss: 1.6775
Epoch 6/100, Batch 630/2746, Loss: 1.4444
Epoch 6/100, Batch 640/2746, Loss: 1.4227
Epoch 6/100, Batch 650/2746, Loss: 1.4990
Epoch 6/100, Batch 660/2746, Loss: 1.4190
Epoch 6/100, Batch 670/2746, Loss: 1.5107
Epoch 6/100, Batch 680/2746, Loss: 1.4720
Epoch 6/100, Batch 690/2746, Loss: 1.4403
Epoch 6/100, Batch 700/2746, Loss: 1.3890
Epoch 6/100, Batch 710/2746, Loss: 1.3241
Epoch 6/100, Batch 720/2746, Loss: 1.4124
Epoch 6/100, Batch 730/2746, Loss: 1.4351
Epoch 6/100, Batch 740/2746, Loss: 1.4013
Epoch 6/100, Batch 750/2746, Loss: 1.3663
Epoch 6/100, Batch 760/2746, Loss: 1.3760
Epoch 6/100, Batch 770/2746, Loss: 1.3732
Epoch 6/100, Batch 780/2746, Loss: 1.4022
Epoch 6/100, Batch 790/2746, Loss: 1.4333
Epoch 6/100, Batch 800/2746, Loss: 1.4476
Epoch 6/100, Batch 810/2746, Loss: 1.4034
Epoch 6/100, Batch 820/2746, Loss: 1.4280
Epoch 6/100, Batch 830/2746, Loss: 1.4070
Epoch 6/100, Batch 840/2746, Loss: 1.5375
Epoch 6/100, Batch 850/2746, Loss: 1.4016
Epoch 6/100, Batch 860/2746, Loss: 1.3907
Epoch 6/100, Batch 870/2746, Loss: 1.4632
Epoch 6/100, Batch 880/2746, Loss: 1.4360
Epoch 6/100, Batch 890/2746, Loss: 1.4510
Epoch 6/100, Batch 900/2746, Loss: 1.3960
Epoch 6/100, Batch 910/2746, Loss: 1.4283
Epoch 6/100, Batch 920/2746, Loss: 1.3985
Epoch 6/100, Batch 930/2746, Loss: 1.3769
Epoch 6/100, Batch 940/2746, Loss: 1.3697
Epoch 6/100, Batch 950/2746, Loss: 1.4638
Epoch 6/100, Batch 960/2746, Loss: 1.4689
Epoch 6/100, Batch 970/2746, Loss: 1.4888
Epoch 6/100, Batch 980/2746, Loss: 1.4133
Epoch 6/100, Batch 990/2746, Loss: 1.4990
Epoch 6/100, Batch 1000/2746, Loss: 1.4888
Epoch 6/100, Batch 1010/2746, Loss: 1.3943
Epoch 6/100, Batch 1020/2746, Loss: 1.4487
Epoch 6/100, Batch 1030/2746, Loss: 1.4177
Epoch 6/100, Batch 1040/2746, Loss: 1.3891
Epoch 6/100, Batch 1050/2746, Loss: 1.3779
Epoch 6/100, Batch 1060/2746, Loss: 1.4408
Epoch 6/100, Batch 1070/2746, Loss: 1.3916
Epoch 6/100, Batch 1080/2746, Loss: 1.3676
Epoch 6/100, Batch 1090/2746, Loss: 1.3906
Epoch 6/100, Batch 1100/2746, Loss: 1.4029
Epoch 6/100, Batch 1110/2746, Loss: 1.3706
Epoch 6/100, Batch 1120/2746, Loss: 1.4854
Epoch 6/100, Batch 1130/2746, Loss: 1.4078
Epoch 6/100, Batch 1140/2746, Loss: 1.3881
Epoch 6/100, Batch 1150/2746, Loss: 1.4220
Epoch 6/100, Batch 1160/2746, Loss: 1.3667
Epoch 6/100, Batch 1170/2746, Loss: 1.3802
Epoch 6/100, Batch 1180/2746, Loss: 1.4188
Epoch 6/100, Batch 1190/2746, Loss: 1.4395
Epoch 6/100, Batch 1200/2746, Loss: 1.4015
Epoch 6/100, Batch 1210/2746, Loss: 1.2886
Epoch 6/100, Batch 1220/2746, Loss: 1.3970
Epoch 6/100, Batch 1230/2746, Loss: 1.3713
Epoch 6/100, Batch 1240/2746, Loss: 1.3642
Epoch 6/100, Batch 1250/2746, Loss: 1.4462
Epoch 6/100, Batch 1260/2746, Loss: 1.4319
Epoch 6/100, Batch 1270/2746, Loss: 1.3847
Epoch 6/100, Batch 1280/2746, Loss: 1.4786
Epoch 6/100, Batch 1290/2746, Loss: 1.4099
Epoch 6/100, Batch 1300/2746, Loss: 1.3992
Epoch 6/100, Batch 1310/2746, Loss: 1.4643
Epoch 6/100, Batch 1320/2746, Loss: 1.4326
Epoch 6/100, Batch 1330/2746, Loss: 1.3320
Epoch 6/100, Batch 1340/2746, Loss: 1.4538
Epoch 6/100, Batch 1350/2746, Loss: 1.4297
Epoch 6/100, Batch 1360/2746, Loss: 1.4639
Epoch 6/100, Batch 1370/2746, Loss: 1.4273
Epoch 6/100, Batch 1380/2746, Loss: 1.3755
Epoch 6/100, Batch 1390/2746, Loss: 1.3400
Epoch 6/100, Batch 1400/2746, Loss: 1.3699
Epoch 6/100, Batch 1410/2746, Loss: 1.4379
Epoch 6/100, Batch 1420/2746, Loss: 1.5823
Epoch 6/100, Batch 1430/2746, Loss: 1.4196
Epoch 6/100, Batch 1440/2746, Loss: 1.4029
Epoch 6/100, Batch 1450/2746, Loss: 1.3820
Epoch 6/100, Batch 1460/2746, Loss: 1.3471
Epoch 6/100, Batch 1470/2746, Loss: 1.3713
Epoch 6/100, Batch 1480/2746, Loss: 1.4472
Epoch 6/100, Batch 1490/2746, Loss: 1.5440
Epoch 6/100, Batch 1500/2746, Loss: 1.3962
Epoch 6/100, Batch 1510/2746, Loss: 1.4253
Epoch 6/100, Batch 1520/2746, Loss: 1.3968
Epoch 6/100, Batch 1530/2746, Loss: 1.4283
Epoch 6/100, Batch 1540/2746, Loss: 1.4589
Epoch 6/100, Batch 1550/2746, Loss: 1.4303
Epoch 6/100, Batch 1560/2746, Loss: 1.4474
Epoch 6/100, Batch 1570/2746, Loss: 1.4541
Epoch 6/100, Batch 1580/2746, Loss: 1.4248
Epoch 6/100, Batch 1590/2746, Loss: 1.4321
Epoch 6/100, Batch 1600/2746, Loss: 1.4639
Epoch 6/100, Batch 1610/2746, Loss: 1.4085
Epoch 6/100, Batch 1620/2746, Loss: 1.4288
Epoch 6/100, Batch 1630/2746, Loss: 1.4358
Epoch 6/100, Batch 1640/2746, Loss: 1.4140
Epoch 6/100, Batch 1650/2746, Loss: 1.4400
Epoch 6/100, Batch 1660/2746, Loss: 1.3982
Epoch 6/100, Batch 1670/2746, Loss: 1.4445
Epoch 6/100, Batch 1680/2746, Loss: 1.5629
Epoch 6/100, Batch 1690/2746, Loss: 1.3373
Epoch 6/100, Batch 1700/2746, Loss: 1.4168
Epoch 6/100, Batch 1710/2746, Loss: 1.4671
Epoch 6/100, Batch 1720/2746, Loss: 1.4355
Epoch 6/100, Batch 1730/2746, Loss: 1.3878
Epoch 6/100, Batch 1740/2746, Loss: 1.4146
Epoch 6/100, Batch 1750/2746, Loss: 1.3551
Epoch 6/100, Batch 1760/2746, Loss: 1.4286
Epoch 6/100, Batch 1770/2746, Loss: 1.3689
Epoch 6/100, Batch 1780/2746, Loss: 1.4306
Epoch 6/100, Batch 1790/2746, Loss: 1.4000
Epoch 6/100, Batch 1800/2746, Loss: 1.3822
Epoch 6/100, Batch 1810/2746, Loss: 1.3707
Epoch 6/100, Batch 1820/2746, Loss: 1.5157
Epoch 6/100, Batch 1830/2746, Loss: 1.4532
Epoch 6/100, Batch 1840/2746, Loss: 1.3911
Epoch 6/100, Batch 1850/2746, Loss: 1.4058
Epoch 6/100, Batch 1860/2746, Loss: 1.4369
Epoch 6/100, Batch 1870/2746, Loss: 1.3997
Epoch 6/100, Batch 1880/2746, Loss: 1.4306
Epoch 6/100, Batch 1890/2746, Loss: 1.4010
Epoch 6/100, Batch 1900/2746, Loss: 1.4270
Epoch 6/100, Batch 1910/2746, Loss: 1.3986
Epoch 6/100, Batch 1920/2746, Loss: 1.3989
Epoch 6/100, Batch 1930/2746, Loss: 1.3459
Epoch 6/100, Batch 1940/2746, Loss: 1.3065
Epoch 6/100, Batch 1950/2746, Loss: 1.4129
Epoch 6/100, Batch 1960/2746, Loss: 1.3815
Epoch 6/100, Batch 1970/2746, Loss: 1.4132
Epoch 6/100, Batch 1980/2746, Loss: 1.4048
Epoch 6/100, Batch 1990/2746, Loss: 1.3972
Epoch 6/100, Batch 2000/2746, Loss: 1.3768
Epoch 6/100, Batch 2010/2746, Loss: 1.4364
Epoch 6/100, Batch 2020/2746, Loss: 1.3338
Epoch 6/100, Batch 2030/2746, Loss: 1.3799
Epoch 6/100, Batch 2040/2746, Loss: 1.3547
Epoch 6/100, Batch 2050/2746, Loss: 1.3363
Epoch 6/100, Batch 2060/2746, Loss: 1.3573
Epoch 6/100, Batch 2070/2746, Loss: 1.3413
Epoch 6/100, Batch 2080/2746, Loss: 1.3197
Epoch 6/100, Batch 2090/2746, Loss: 1.3664
Epoch 6/100, Batch 2100/2746, Loss: 1.4277
Epoch 6/100, Batch 2110/2746, Loss: 1.4334
Epoch 6/100, Batch 2120/2746, Loss: 1.3343
Epoch 6/100, Batch 2130/2746, Loss: 1.4138
Epoch 6/100, Batch 2140/2746, Loss: 1.4011
Epoch 6/100, Batch 2150/2746, Loss: 1.3638
Epoch 6/100, Batch 2160/2746, Loss: 1.3368
Epoch 6/100, Batch 2170/2746, Loss: 1.3794
Epoch 6/100, Batch 2180/2746, Loss: 1.3509
Epoch 6/100, Batch 2190/2746, Loss: 1.5373
Epoch 6/100, Batch 2200/2746, Loss: 1.6190
Epoch 6/100, Batch 2210/2746, Loss: 1.3246
Epoch 6/100, Batch 2220/2746, Loss: 1.3680
Epoch 6/100, Batch 2230/2746, Loss: 1.3772
Epoch 6/100, Batch 2240/2746, Loss: 1.4316
Epoch 6/100, Batch 2250/2746, Loss: 1.4118
Epoch 6/100, Batch 2260/2746, Loss: 1.4831
Epoch 6/100, Batch 2270/2746, Loss: 1.4256
Epoch 6/100, Batch 2280/2746, Loss: 1.3861
Epoch 6/100, Batch 2290/2746, Loss: 1.3298
Epoch 6/100, Batch 2300/2746, Loss: 1.3770
Epoch 6/100, Batch 2310/2746, Loss: 1.4034
Epoch 6/100, Batch 2320/2746, Loss: 1.3893
Epoch 6/100, Batch 2330/2746, Loss: 1.4294
Epoch 6/100, Batch 2340/2746, Loss: 1.4001
Epoch 6/100, Batch 2350/2746, Loss: 1.4189
Epoch 6/100, Batch 2360/2746, Loss: 1.4430
Epoch 6/100, Batch 2370/2746, Loss: 1.4457
Epoch 6/100, Batch 2380/2746, Loss: 1.3521
Epoch 6/100, Batch 2390/2746, Loss: 1.4074
Epoch 6/100, Batch 2400/2746, Loss: 1.3743
Epoch 6/100, Batch 2410/2746, Loss: 1.4014
Epoch 6/100, Batch 2420/2746, Loss: 1.4206
Epoch 6/100, Batch 2430/2746, Loss: 1.4283
Epoch 6/100, Batch 2440/2746, Loss: 1.4052
Epoch 6/100, Batch 2450/2746, Loss: 1.3507
Epoch 6/100, Batch 2460/2746, Loss: 1.3016
Epoch 6/100, Batch 2470/2746, Loss: 1.3553
Epoch 6/100, Batch 2480/2746, Loss: 1.3398
Epoch 6/100, Batch 2490/2746, Loss: 1.4172
Epoch 6/100, Batch 2500/2746, Loss: 1.4446
Epoch 6/100, Batch 2510/2746, Loss: 1.4233
Epoch 6/100, Batch 2520/2746, Loss: 1.3923
Epoch 6/100, Batch 2530/2746, Loss: 1.5277
Epoch 6/100, Batch 2540/2746, Loss: 1.4092
Epoch 6/100, Batch 2550/2746, Loss: 1.3758
Epoch 6/100, Batch 2560/2746, Loss: 1.3553
Epoch 6/100, Batch 2570/2746, Loss: 1.4023
Epoch 6/100, Batch 2580/2746, Loss: 1.3751
Epoch 6/100, Batch 2590/2746, Loss: 1.3824
Epoch 6/100, Batch 2600/2746, Loss: 1.5106
Epoch 6/100, Batch 2610/2746, Loss: 1.4084
Epoch 6/100, Batch 2620/2746, Loss: 1.3940
Epoch 6/100, Batch 2630/2746, Loss: 1.3964
Epoch 6/100, Batch 2640/2746, Loss: 1.3757
Epoch 6/100, Batch 2650/2746, Loss: 1.3327
Epoch 6/100, Batch 2660/2746, Loss: 1.3931
Epoch 6/100, Batch 2670/2746, Loss: 1.3761
Epoch 6/100, Batch 2680/2746, Loss: 1.3993
Epoch 6/100, Batch 2690/2746, Loss: 1.4587
Epoch 6/100, Batch 2700/2746, Loss: 1.3271
Epoch 6/100, Batch 2710/2746, Loss: 1.4988
Epoch 6/100, Batch 2720/2746, Loss: 1.3889
Epoch 6/100, Batch 2730/2746, Loss: 1.4065
Epoch 6/100, Batch 2740/2746, Loss: 1.3648
New best model with validation loss: 1.1943, perplexity: 3.30
Epoch 6/100, Loss: 1.4240, Perplexity: 4.15, Val Loss: 1.1943, Val Perplexity: 3.30, Time: 3647.96s
Epoch 7/100, Batch 10/2746, Loss: 1.3978
Epoch 7/100, Batch 20/2746, Loss: 1.4676
Epoch 7/100, Batch 30/2746, Loss: 1.4395
Epoch 7/100, Batch 40/2746, Loss: 1.3833
Epoch 7/100, Batch 50/2746, Loss: 1.4271
Epoch 7/100, Batch 60/2746, Loss: 1.4202
Epoch 7/100, Batch 70/2746, Loss: 1.3637
Epoch 7/100, Batch 80/2746, Loss: 1.3978
Epoch 7/100, Batch 90/2746, Loss: 1.3755
Epoch 7/100, Batch 100/2746, Loss: 1.3429
Epoch 7/100, Batch 110/2746, Loss: 1.5061
Epoch 7/100, Batch 120/2746, Loss: 1.3491
Epoch 7/100, Batch 130/2746, Loss: 1.3576
Epoch 7/100, Batch 140/2746, Loss: 1.5073
Epoch 7/100, Batch 150/2746, Loss: 1.2753
Epoch 7/100, Batch 160/2746, Loss: 1.3765
Epoch 7/100, Batch 170/2746, Loss: 1.3994
Epoch 7/100, Batch 180/2746, Loss: 1.4042
Epoch 7/100, Batch 190/2746, Loss: 1.4113
Epoch 7/100, Batch 200/2746, Loss: 1.4788
Epoch 7/100, Batch 210/2746, Loss: 1.4129
Epoch 7/100, Batch 220/2746, Loss: 1.3583
Epoch 7/100, Batch 230/2746, Loss: 1.4212
Epoch 7/100, Batch 240/2746, Loss: 1.4568
Epoch 7/100, Batch 250/2746, Loss: 1.4682
Epoch 7/100, Batch 260/2746, Loss: 1.4821
Epoch 7/100, Batch 270/2746, Loss: 1.4047
Epoch 7/100, Batch 280/2746, Loss: 1.4030
Epoch 7/100, Batch 290/2746, Loss: 1.3537
Epoch 7/100, Batch 300/2746, Loss: 1.4515
Epoch 7/100, Batch 310/2746, Loss: 1.3575
Epoch 7/100, Batch 320/2746, Loss: 1.3440
Epoch 7/100, Batch 330/2746, Loss: 1.4205
Epoch 7/100, Batch 340/2746, Loss: 1.4158
Epoch 7/100, Batch 350/2746, Loss: 1.3311
Epoch 7/100, Batch 360/2746, Loss: 1.3999
Epoch 7/100, Batch 370/2746, Loss: 1.3778
Epoch 7/100, Batch 380/2746, Loss: 1.3146
Epoch 7/100, Batch 390/2746, Loss: 1.4034
Epoch 7/100, Batch 400/2746, Loss: 1.4724
Epoch 7/100, Batch 410/2746, Loss: 1.3401
Epoch 7/100, Batch 420/2746, Loss: 1.3360
Epoch 7/100, Batch 430/2746, Loss: 1.4421
Epoch 7/100, Batch 440/2746, Loss: 1.3555
Epoch 7/100, Batch 450/2746, Loss: 1.4142
Epoch 7/100, Batch 460/2746, Loss: 1.4177
Epoch 7/100, Batch 470/2746, Loss: 1.4426
Epoch 7/100, Batch 480/2746, Loss: 1.4117
Epoch 7/100, Batch 490/2746, Loss: 1.3793
Epoch 7/100, Batch 500/2746, Loss: 1.4503
Epoch 7/100, Batch 510/2746, Loss: 1.3071
Epoch 7/100, Batch 520/2746, Loss: 1.3536
Epoch 7/100, Batch 530/2746, Loss: 1.4226
Epoch 7/100, Batch 540/2746, Loss: 1.5273
Epoch 7/100, Batch 550/2746, Loss: 1.3986
Epoch 7/100, Batch 560/2746, Loss: 1.2942
Epoch 7/100, Batch 570/2746, Loss: 1.3335
Epoch 7/100, Batch 580/2746, Loss: 1.2903
Epoch 7/100, Batch 590/2746, Loss: 1.3140
Epoch 7/100, Batch 600/2746, Loss: 1.3538
Epoch 7/100, Batch 610/2746, Loss: 1.3691
Epoch 7/100, Batch 620/2746, Loss: 1.7025
Epoch 7/100, Batch 630/2746, Loss: 1.3784
Epoch 7/100, Batch 640/2746, Loss: 1.3423
Epoch 7/100, Batch 650/2746, Loss: 1.3725
Epoch 7/100, Batch 660/2746, Loss: 1.3917
Epoch 7/100, Batch 670/2746, Loss: 1.3639
Epoch 7/100, Batch 680/2746, Loss: 1.4056
Epoch 7/100, Batch 690/2746, Loss: 1.3729
Epoch 7/100, Batch 700/2746, Loss: 1.4619
Epoch 7/100, Batch 710/2746, Loss: 1.2756
Epoch 7/100, Batch 720/2746, Loss: 1.3593
Epoch 7/100, Batch 730/2746, Loss: 1.3830
Epoch 7/100, Batch 740/2746, Loss: 1.3815
Epoch 7/100, Batch 750/2746, Loss: 1.2951
Epoch 7/100, Batch 760/2746, Loss: 1.3177
Epoch 7/100, Batch 770/2746, Loss: 1.3101
Epoch 7/100, Batch 780/2746, Loss: 1.3338
Epoch 7/100, Batch 790/2746, Loss: 1.3755
Epoch 7/100, Batch 800/2746, Loss: 1.4025
Epoch 7/100, Batch 810/2746, Loss: 1.3330
Epoch 7/100, Batch 820/2746, Loss: 1.3594
Epoch 7/100, Batch 830/2746, Loss: 1.3478
Epoch 7/100, Batch 840/2746, Loss: 1.3542
Epoch 7/100, Batch 850/2746, Loss: 1.3173
Epoch 7/100, Batch 860/2746, Loss: 1.3221
Epoch 7/100, Batch 870/2746, Loss: 1.4633
Epoch 7/100, Batch 880/2746, Loss: 1.3774
Epoch 7/100, Batch 890/2746, Loss: 1.3927
Epoch 7/100, Batch 900/2746, Loss: 1.3399
Epoch 7/100, Batch 910/2746, Loss: 1.3175
Epoch 7/100, Batch 920/2746, Loss: 1.3244
Epoch 7/100, Batch 930/2746, Loss: 1.3204
Epoch 7/100, Batch 940/2746, Loss: 1.3078
Epoch 7/100, Batch 950/2746, Loss: 1.4410
Epoch 7/100, Batch 960/2746, Loss: 1.4229
Epoch 7/100, Batch 970/2746, Loss: 1.4202
Epoch 7/100, Batch 980/2746, Loss: 1.3518
Epoch 7/100, Batch 990/2746, Loss: 1.4324
Epoch 7/100, Batch 1000/2746, Loss: 1.4234
Epoch 7/100, Batch 1010/2746, Loss: 1.3375
Epoch 7/100, Batch 1020/2746, Loss: 1.3857
Epoch 7/100, Batch 1030/2746, Loss: 1.3282
Epoch 7/100, Batch 1040/2746, Loss: 1.3269
Epoch 7/100, Batch 1050/2746, Loss: 1.3048
Epoch 7/100, Batch 1060/2746, Loss: 1.3833
Epoch 7/100, Batch 1070/2746, Loss: 1.3251
Epoch 7/100, Batch 1080/2746, Loss: 1.3550
Epoch 7/100, Batch 1090/2746, Loss: 1.2835
Epoch 7/100, Batch 1100/2746, Loss: 1.3732
Epoch 7/100, Batch 1110/2746, Loss: 1.3687
Epoch 7/100, Batch 1120/2746, Loss: 1.4233
Epoch 7/100, Batch 1130/2746, Loss: 1.3699
Epoch 7/100, Batch 1140/2746, Loss: 1.3269
Epoch 7/100, Batch 1150/2746, Loss: 1.3689
Epoch 7/100, Batch 1160/2746, Loss: 1.2715
Epoch 7/100, Batch 1170/2746, Loss: 1.3550
Epoch 7/100, Batch 1180/2746, Loss: 1.3619
Epoch 7/100, Batch 1190/2746, Loss: 1.4483
Epoch 7/100, Batch 1200/2746, Loss: 1.3369
Epoch 7/100, Batch 1210/2746, Loss: 1.3058
Epoch 7/100, Batch 1220/2746, Loss: 1.3296
Epoch 7/100, Batch 1230/2746, Loss: 1.3623
Epoch 7/100, Batch 1240/2746, Loss: 1.3385
Epoch 7/100, Batch 1250/2746, Loss: 1.3668
Epoch 7/100, Batch 1260/2746, Loss: 1.3786
Epoch 7/100, Batch 1270/2746, Loss: 1.3275
Epoch 7/100, Batch 1280/2746, Loss: 1.3794
Epoch 7/100, Batch 1290/2746, Loss: 1.3345
Epoch 7/100, Batch 1300/2746, Loss: 1.3399
Epoch 7/100, Batch 1310/2746, Loss: 1.4178
Epoch 7/100, Batch 1320/2746, Loss: 1.4205
Epoch 7/100, Batch 1330/2746, Loss: 1.2604
Epoch 7/100, Batch 1340/2746, Loss: 1.4063
Epoch 7/100, Batch 1350/2746, Loss: 1.3726
Epoch 7/100, Batch 1360/2746, Loss: 1.3521
Epoch 7/100, Batch 1370/2746, Loss: 1.3849
Epoch 7/100, Batch 1380/2746, Loss: 1.2883
Epoch 7/100, Batch 1390/2746, Loss: 1.2793
Epoch 7/100, Batch 1400/2746, Loss: 1.3526
Epoch 7/100, Batch 1410/2746, Loss: 1.4153
Epoch 7/100, Batch 1420/2746, Loss: 1.3841
Epoch 7/100, Batch 1430/2746, Loss: 1.3918
Epoch 7/100, Batch 1440/2746, Loss: 1.3462
Epoch 7/100, Batch 1450/2746, Loss: 1.3227
Epoch 7/100, Batch 1460/2746, Loss: 1.3329
Epoch 7/100, Batch 1470/2746, Loss: 1.3255
Epoch 7/100, Batch 1480/2746, Loss: 1.3616
Epoch 7/100, Batch 1490/2746, Loss: 1.4579
Epoch 7/100, Batch 1500/2746, Loss: 1.3451
Epoch 7/100, Batch 1510/2746, Loss: 1.3756
Epoch 7/100, Batch 1520/2746, Loss: 1.4089
Epoch 7/100, Batch 1530/2746, Loss: 1.3352
Epoch 7/100, Batch 1540/2746, Loss: 1.3642
Epoch 7/100, Batch 1550/2746, Loss: 1.3663
Epoch 7/100, Batch 1560/2746, Loss: 1.3160
Epoch 7/100, Batch 1570/2746, Loss: 1.4422
Epoch 7/100, Batch 1580/2746, Loss: 1.3722
Epoch 7/100, Batch 1590/2746, Loss: 1.3793
Epoch 7/100, Batch 1600/2746, Loss: 1.3846
Epoch 7/100, Batch 1610/2746, Loss: 1.3452
Epoch 7/100, Batch 1620/2746, Loss: 1.3802
Epoch 7/100, Batch 1630/2746, Loss: 1.3448
Epoch 7/100, Batch 1640/2746, Loss: 1.3637
Epoch 7/100, Batch 1650/2746, Loss: 1.3896
Epoch 7/100, Batch 1660/2746, Loss: 1.3819
Epoch 7/100, Batch 1670/2746, Loss: 1.3396
Epoch 7/100, Batch 1680/2746, Loss: 1.3563
Epoch 7/100, Batch 1690/2746, Loss: 1.2770
Epoch 7/100, Batch 1700/2746, Loss: 1.4063
Epoch 7/100, Batch 1710/2746, Loss: 1.4037
Epoch 7/100, Batch 1720/2746, Loss: 1.3786
Epoch 7/100, Batch 1730/2746, Loss: 1.3124
Epoch 7/100, Batch 1740/2746, Loss: 1.3673
Epoch 7/100, Batch 1750/2746, Loss: 1.4107
Epoch 7/100, Batch 1760/2746, Loss: 1.3938
Epoch 7/100, Batch 1770/2746, Loss: 1.3194
Epoch 7/100, Batch 1780/2746, Loss: 1.3994
Epoch 7/100, Batch 1790/2746, Loss: 1.2853
Epoch 7/100, Batch 1800/2746, Loss: 1.3009
Epoch 7/100, Batch 1810/2746, Loss: 1.3051
Epoch 7/100, Batch 1820/2746, Loss: 1.4225
Epoch 7/100, Batch 1830/2746, Loss: 1.3443
Epoch 7/100, Batch 1840/2746, Loss: 1.3390
Epoch 7/100, Batch 1850/2746, Loss: 1.3455
Epoch 7/100, Batch 1860/2746, Loss: 1.4196
Epoch 7/100, Batch 1870/2746, Loss: 1.3678
Epoch 7/100, Batch 1880/2746, Loss: 1.3871
Epoch 7/100, Batch 1890/2746, Loss: 1.3687
Epoch 7/100, Batch 1900/2746, Loss: 1.3704
Epoch 7/100, Batch 1910/2746, Loss: 1.3460
Epoch 7/100, Batch 1920/2746, Loss: 1.3473
Epoch 7/100, Batch 1930/2746, Loss: 1.2892
Epoch 7/100, Batch 1940/2746, Loss: 1.2504
Epoch 7/100, Batch 1950/2746, Loss: 1.3767
Epoch 7/100, Batch 1960/2746, Loss: 1.3307
Epoch 7/100, Batch 1970/2746, Loss: 1.4052
Epoch 7/100, Batch 1980/2746, Loss: 1.3365
Epoch 7/100, Batch 1990/2746, Loss: 1.3969
Epoch 7/100, Batch 2000/2746, Loss: 1.3171
Epoch 7/100, Batch 2010/2746, Loss: 1.3941
Epoch 7/100, Batch 2020/2746, Loss: 1.2651
Epoch 7/100, Batch 2030/2746, Loss: 1.3756
Epoch 7/100, Batch 2040/2746, Loss: 1.2977
Epoch 7/100, Batch 2050/2746, Loss: 1.2854
Epoch 7/100, Batch 2060/2746, Loss: 1.3799
Epoch 7/100, Batch 2070/2746, Loss: 1.3268
Epoch 7/100, Batch 2080/2746, Loss: 1.2644
Epoch 7/100, Batch 2090/2746, Loss: 1.3169
Epoch 7/100, Batch 2100/2746, Loss: 1.3682
Epoch 7/100, Batch 2110/2746, Loss: 1.4503
Epoch 7/100, Batch 2120/2746, Loss: 1.2801
Epoch 7/100, Batch 2130/2746, Loss: 1.3929
Epoch 7/100, Batch 2140/2746, Loss: 1.3598
Epoch 7/100, Batch 2150/2746, Loss: 1.3595
Epoch 7/100, Batch 2160/2746, Loss: 1.2841
Epoch 7/100, Batch 2170/2746, Loss: 1.3135
Epoch 7/100, Batch 2180/2746, Loss: 1.3011
Epoch 7/100, Batch 2190/2746, Loss: 1.3482
Epoch 7/100, Batch 2200/2746, Loss: 1.3691
Epoch 7/100, Batch 2210/2746, Loss: 1.3213
Epoch 7/100, Batch 2220/2746, Loss: 1.3073
Epoch 7/100, Batch 2230/2746, Loss: 1.3243
Epoch 7/100, Batch 2240/2746, Loss: 1.3727
Epoch 7/100, Batch 2250/2746, Loss: 1.3601
Epoch 7/100, Batch 2260/2746, Loss: 1.4257
Epoch 7/100, Batch 2270/2746, Loss: 1.3232
Epoch 7/100, Batch 2280/2746, Loss: 1.3674
Epoch 7/100, Batch 2290/2746, Loss: 1.2842
Epoch 7/100, Batch 2300/2746, Loss: 1.3612
Epoch 7/100, Batch 2310/2746, Loss: 1.3236
Epoch 7/100, Batch 2320/2746, Loss: 1.4066
Epoch 7/100, Batch 2330/2746, Loss: 1.3617
Epoch 7/100, Batch 2340/2746, Loss: 1.3410
Epoch 7/100, Batch 2350/2746, Loss: 1.3561
Epoch 7/100, Batch 2360/2746, Loss: 1.3823
Epoch 7/100, Batch 2370/2746, Loss: 1.3842
Epoch 7/100, Batch 2380/2746, Loss: 1.2353
Epoch 7/100, Batch 2390/2746, Loss: 1.3550
Epoch 7/100, Batch 2400/2746, Loss: 1.3215
Epoch 7/100, Batch 2410/2746, Loss: 1.3573
Epoch 7/100, Batch 2420/2746, Loss: 1.3769
Epoch 7/100, Batch 2430/2746, Loss: 1.4486
Epoch 7/100, Batch 2440/2746, Loss: 1.3480
Epoch 7/100, Batch 2450/2746, Loss: 1.3036
Epoch 7/100, Batch 2460/2746, Loss: 1.2484
Epoch 7/100, Batch 2470/2746, Loss: 1.3101
Epoch 7/100, Batch 2480/2746, Loss: 1.2921
Epoch 7/100, Batch 2490/2746, Loss: 1.4037
Epoch 7/100, Batch 2500/2746, Loss: 1.3868
Epoch 7/100, Batch 2510/2746, Loss: 1.3698
Epoch 7/100, Batch 2520/2746, Loss: 1.3486
Epoch 7/100, Batch 2530/2746, Loss: 1.4484
Epoch 7/100, Batch 2540/2746, Loss: 1.3520
Epoch 7/100, Batch 2550/2746, Loss: 1.3505
Epoch 7/100, Batch 2560/2746, Loss: 1.2962
Epoch 7/100, Batch 2570/2746, Loss: 1.5648
Epoch 7/100, Batch 2580/2746, Loss: 1.3367
Epoch 7/100, Batch 2590/2746, Loss: 1.3331
Epoch 7/100, Batch 2600/2746, Loss: 1.3816
Epoch 7/100, Batch 2610/2746, Loss: 1.3620
Epoch 7/100, Batch 2620/2746, Loss: 1.3548
Epoch 7/100, Batch 2630/2746, Loss: 1.2919
Epoch 7/100, Batch 2640/2746, Loss: 1.3127
Epoch 7/100, Batch 2650/2746, Loss: 1.2817
Epoch 7/100, Batch 2660/2746, Loss: 1.3456
Epoch 7/100, Batch 2670/2746, Loss: 1.3415
Epoch 7/100, Batch 2680/2746, Loss: 1.4022
Epoch 7/100, Batch 2690/2746, Loss: 1.3811
Epoch 7/100, Batch 2700/2746, Loss: 1.2814
Epoch 7/100, Batch 2710/2746, Loss: 1.3807
Epoch 7/100, Batch 2720/2746, Loss: 1.3112
Epoch 7/100, Batch 2730/2746, Loss: 1.4489
Epoch 7/100, Batch 2740/2746, Loss: 1.3134
New best model with validation loss: 1.1573, perplexity: 3.18
Epoch 7/100, Loss: 1.3645, Perplexity: 3.91, Val Loss: 1.1573, Val Perplexity: 3.18, Time: 3655.05s
Epoch 8/100, Batch 10/2746, Loss: 1.3980
Epoch 8/100, Batch 20/2746, Loss: 1.3520
Epoch 8/100, Batch 30/2746, Loss: 1.3438
Epoch 8/100, Batch 40/2746, Loss: 1.3076
Epoch 8/100, Batch 50/2746, Loss: 1.3838
Epoch 8/100, Batch 60/2746, Loss: 1.3066
Epoch 8/100, Batch 70/2746, Loss: 1.3127
Epoch 8/100, Batch 80/2746, Loss: 1.3515
Epoch 8/100, Batch 90/2746, Loss: 1.3417
Epoch 8/100, Batch 100/2746, Loss: 1.2970
Epoch 8/100, Batch 110/2746, Loss: 1.4533
Epoch 8/100, Batch 120/2746, Loss: 1.2929
Epoch 8/100, Batch 130/2746, Loss: 1.3100
Epoch 8/100, Batch 140/2746, Loss: 1.3143
Epoch 8/100, Batch 150/2746, Loss: 1.2951
Epoch 8/100, Batch 160/2746, Loss: 1.2985
Epoch 8/100, Batch 170/2746, Loss: 1.3897
Epoch 8/100, Batch 180/2746, Loss: 1.3846
Epoch 8/100, Batch 190/2746, Loss: 1.3721
Epoch 8/100, Batch 200/2746, Loss: 1.4241
Epoch 8/100, Batch 210/2746, Loss: 1.4121
Epoch 8/100, Batch 220/2746, Loss: 1.3166
Epoch 8/100, Batch 230/2746, Loss: 1.3969
Epoch 8/100, Batch 240/2746, Loss: 1.3827
Epoch 8/100, Batch 250/2746, Loss: 1.4147
Epoch 8/100, Batch 260/2746, Loss: 1.3816
Epoch 8/100, Batch 270/2746, Loss: 1.3855
Epoch 8/100, Batch 280/2746, Loss: 1.4257
Epoch 8/100, Batch 290/2746, Loss: 1.2873
Epoch 8/100, Batch 300/2746, Loss: 1.3774
Epoch 8/100, Batch 310/2746, Loss: 1.3007
Epoch 8/100, Batch 320/2746, Loss: 1.2970
Epoch 8/100, Batch 330/2746, Loss: 1.3288
Epoch 8/100, Batch 340/2746, Loss: 1.3533
Epoch 8/100, Batch 350/2746, Loss: 1.2345
Epoch 8/100, Batch 360/2746, Loss: 1.3759
Epoch 8/100, Batch 370/2746, Loss: 1.3296
Epoch 8/100, Batch 380/2746, Loss: 1.2686
Epoch 8/100, Batch 390/2746, Loss: 1.3398
Epoch 8/100, Batch 400/2746, Loss: 1.4162
Epoch 8/100, Batch 410/2746, Loss: 1.2849
Epoch 8/100, Batch 420/2746, Loss: 1.2942
Epoch 8/100, Batch 430/2746, Loss: 1.3362
Epoch 8/100, Batch 440/2746, Loss: 1.3096
Epoch 8/100, Batch 450/2746, Loss: 1.3583
Epoch 8/100, Batch 460/2746, Loss: 1.3588
Epoch 8/100, Batch 470/2746, Loss: 1.3919
Epoch 8/100, Batch 480/2746, Loss: 1.3209
Epoch 8/100, Batch 490/2746, Loss: 1.4004
Epoch 8/100, Batch 500/2746, Loss: 1.3958
Epoch 8/100, Batch 510/2746, Loss: 1.3168
Epoch 8/100, Batch 520/2746, Loss: 1.2802
Epoch 8/100, Batch 530/2746, Loss: 1.3854
Epoch 8/100, Batch 540/2746, Loss: 1.3740
Epoch 8/100, Batch 550/2746, Loss: 1.3946
Epoch 8/100, Batch 560/2746, Loss: 1.2921
Epoch 8/100, Batch 570/2746, Loss: 1.2863
Epoch 8/100, Batch 580/2746, Loss: 1.2385
Epoch 8/100, Batch 590/2746, Loss: 1.2209
Epoch 8/100, Batch 600/2746, Loss: 1.2556
Epoch 8/100, Batch 610/2746, Loss: 1.3618
Epoch 8/100, Batch 620/2746, Loss: 1.3573
Epoch 8/100, Batch 630/2746, Loss: 1.3392
Epoch 8/100, Batch 640/2746, Loss: 1.3458
Epoch 8/100, Batch 650/2746, Loss: 1.3287
Epoch 8/100, Batch 660/2746, Loss: 1.3795
Epoch 8/100, Batch 670/2746, Loss: 1.3137
Epoch 8/100, Batch 680/2746, Loss: 1.3681
Epoch 8/100, Batch 690/2746, Loss: 1.3311
Epoch 8/100, Batch 700/2746, Loss: 1.4067
Epoch 8/100, Batch 710/2746, Loss: 1.2878
Epoch 8/100, Batch 720/2746, Loss: 1.3089
Epoch 8/100, Batch 730/2746, Loss: 1.3402
Epoch 8/100, Batch 740/2746, Loss: 1.2892
Epoch 8/100, Batch 750/2746, Loss: 1.2540
Epoch 8/100, Batch 760/2746, Loss: 1.2718
Epoch 8/100, Batch 770/2746, Loss: 1.2731
Epoch 8/100, Batch 780/2746, Loss: 1.2849
Epoch 8/100, Batch 790/2746, Loss: 1.3238
Epoch 8/100, Batch 800/2746, Loss: 1.3480
Epoch 8/100, Batch 810/2746, Loss: 1.3304
Epoch 8/100, Batch 820/2746, Loss: 1.2835
Epoch 8/100, Batch 830/2746, Loss: 1.2929
Epoch 8/100, Batch 840/2746, Loss: 1.3102
Epoch 8/100, Batch 850/2746, Loss: 1.2591
Epoch 8/100, Batch 860/2746, Loss: 1.2712
Epoch 8/100, Batch 870/2746, Loss: 1.3281
Epoch 8/100, Batch 880/2746, Loss: 1.3722
Epoch 8/100, Batch 890/2746, Loss: 1.3400
Epoch 8/100, Batch 900/2746, Loss: 1.3255
Epoch 8/100, Batch 910/2746, Loss: 1.3117
Epoch 8/100, Batch 920/2746, Loss: 1.2883
Epoch 8/100, Batch 930/2746, Loss: 1.2903
Epoch 8/100, Batch 940/2746, Loss: 1.2598
Epoch 8/100, Batch 950/2746, Loss: 1.3878
Epoch 8/100, Batch 960/2746, Loss: 1.3848
Epoch 8/100, Batch 970/2746, Loss: 1.3874
Epoch 8/100, Batch 980/2746, Loss: 1.3511
Epoch 8/100, Batch 990/2746, Loss: 1.3781
Epoch 8/100, Batch 1000/2746, Loss: 1.4269
Epoch 8/100, Batch 1010/2746, Loss: 1.2967
Epoch 8/100, Batch 1020/2746, Loss: 1.3414
Epoch 8/100, Batch 1030/2746, Loss: 1.2815
Epoch 8/100, Batch 1040/2746, Loss: 1.2792
Epoch 8/100, Batch 1050/2746, Loss: 1.2608
Epoch 8/100, Batch 1060/2746, Loss: 1.3848
Epoch 8/100, Batch 1070/2746, Loss: 1.2845
Epoch 8/100, Batch 1080/2746, Loss: 1.2948
Epoch 8/100, Batch 1090/2746, Loss: 1.2305
Epoch 8/100, Batch 1100/2746, Loss: 1.2880
Epoch 8/100, Batch 1110/2746, Loss: 1.3096
Epoch 8/100, Batch 1120/2746, Loss: 1.3799
Epoch 8/100, Batch 1130/2746, Loss: 1.3006
Epoch 8/100, Batch 1140/2746, Loss: 1.3141
Epoch 8/100, Batch 1150/2746, Loss: 1.3252
Epoch 8/100, Batch 1160/2746, Loss: 1.3533
Epoch 8/100, Batch 1170/2746, Loss: 1.3292
Epoch 8/100, Batch 1180/2746, Loss: 1.3064
Epoch 8/100, Batch 1190/2746, Loss: 1.3909
Epoch 8/100, Batch 1200/2746, Loss: 1.3309
Epoch 8/100, Batch 1210/2746, Loss: 1.1938
Epoch 8/100, Batch 1220/2746, Loss: 1.2907
Epoch 8/100, Batch 1230/2746, Loss: 1.2712
Epoch 8/100, Batch 1240/2746, Loss: 1.3004
Epoch 8/100, Batch 1250/2746, Loss: 1.3602
Epoch 8/100, Batch 1260/2746, Loss: 1.3442
Epoch 8/100, Batch 1270/2746, Loss: 1.2954
Epoch 8/100, Batch 1280/2746, Loss: 1.3205
Epoch 8/100, Batch 1290/2746, Loss: 1.3037
Epoch 8/100, Batch 1300/2746, Loss: 1.3252
Epoch 8/100, Batch 1310/2746, Loss: 1.3966
Epoch 8/100, Batch 1320/2746, Loss: 1.3434
Epoch 8/100, Batch 1330/2746, Loss: 1.3169
Epoch 8/100, Batch 1340/2746, Loss: 1.3284
Epoch 8/100, Batch 1350/2746, Loss: 1.3622
Epoch 8/100, Batch 1360/2746, Loss: 1.3062
Epoch 8/100, Batch 1370/2746, Loss: 1.3198
Epoch 8/100, Batch 1380/2746, Loss: 1.2577
Epoch 8/100, Batch 1390/2746, Loss: 1.2410
Epoch 8/100, Batch 1400/2746, Loss: 1.2685
Epoch 8/100, Batch 1410/2746, Loss: 1.3497
Epoch 8/100, Batch 1420/2746, Loss: 1.3505
Epoch 8/100, Batch 1430/2746, Loss: 1.3062
Epoch 8/100, Batch 1440/2746, Loss: 1.2976
Epoch 8/100, Batch 1450/2746, Loss: 1.2795
Epoch 8/100, Batch 1460/2746, Loss: 1.2443
Epoch 8/100, Batch 1470/2746, Loss: 1.2884
Epoch 8/100, Batch 1480/2746, Loss: 1.3160
Epoch 8/100, Batch 1490/2746, Loss: 1.3780
Epoch 8/100, Batch 1500/2746, Loss: 1.2849
Epoch 8/100, Batch 1510/2746, Loss: 1.3390
Epoch 8/100, Batch 1520/2746, Loss: 1.3040
Epoch 8/100, Batch 1530/2746, Loss: 1.2794
Epoch 8/100, Batch 1540/2746, Loss: 1.3345
Epoch 8/100, Batch 1550/2746, Loss: 1.3773
Epoch 8/100, Batch 1560/2746, Loss: 1.2667
Epoch 8/100, Batch 1570/2746, Loss: 1.3544
Epoch 8/100, Batch 1580/2746, Loss: 1.3222
Epoch 8/100, Batch 1590/2746, Loss: 1.3956
Epoch 8/100, Batch 1600/2746, Loss: 1.3602
Epoch 8/100, Batch 1610/2746, Loss: 1.3443
Epoch 8/100, Batch 1620/2746, Loss: 1.3908
Epoch 8/100, Batch 1630/2746, Loss: 1.3042
Epoch 8/100, Batch 1640/2746, Loss: 1.3179
Epoch 8/100, Batch 1650/2746, Loss: 1.3807
Epoch 8/100, Batch 1660/2746, Loss: 1.2899
Epoch 8/100, Batch 1670/2746, Loss: 1.3401
Epoch 8/100, Batch 1680/2746, Loss: 1.3158
Epoch 8/100, Batch 1690/2746, Loss: 1.2386
Epoch 8/100, Batch 1700/2746, Loss: 1.3225
Epoch 8/100, Batch 1710/2746, Loss: 1.5106
Epoch 8/100, Batch 1720/2746, Loss: 1.3810
Epoch 8/100, Batch 1730/2746, Loss: 1.2739
Epoch 8/100, Batch 1740/2746, Loss: 1.3537
Epoch 8/100, Batch 1750/2746, Loss: 1.2568
Epoch 8/100, Batch 1760/2746, Loss: 1.2816
Epoch 8/100, Batch 1770/2746, Loss: 1.2745
Epoch 8/100, Batch 1780/2746, Loss: 1.3517
Epoch 8/100, Batch 1790/2746, Loss: 1.2745
Epoch 8/100, Batch 1800/2746, Loss: 1.2685
Epoch 8/100, Batch 1810/2746, Loss: 1.2679
Epoch 8/100, Batch 1820/2746, Loss: 1.4573
Epoch 8/100, Batch 1830/2746, Loss: 1.3077
Epoch 8/100, Batch 1840/2746, Loss: 1.2882
Epoch 8/100, Batch 1850/2746, Loss: 1.2964
Epoch 8/100, Batch 1860/2746, Loss: 1.3284
Epoch 8/100, Batch 1870/2746, Loss: 1.2954
Epoch 8/100, Batch 1880/2746, Loss: 1.4008
Epoch 8/100, Batch 1890/2746, Loss: 1.3488
Epoch 8/100, Batch 1900/2746, Loss: 1.3291
Epoch 8/100, Batch 1910/2746, Loss: 1.3001
Epoch 8/100, Batch 1920/2746, Loss: 1.3016
Epoch 8/100, Batch 1930/2746, Loss: 1.2373
Epoch 8/100, Batch 1940/2746, Loss: 1.2810
Epoch 8/100, Batch 1950/2746, Loss: 1.3171
Epoch 8/100, Batch 1960/2746, Loss: 1.3217
Epoch 8/100, Batch 1970/2746, Loss: 1.2935
Epoch 8/100, Batch 1980/2746, Loss: 1.2992
Epoch 8/100, Batch 1990/2746, Loss: 1.3384
Epoch 8/100, Batch 2000/2746, Loss: 1.2770
Epoch 8/100, Batch 2010/2746, Loss: 1.3433
Epoch 8/100, Batch 2020/2746, Loss: 1.2816
Epoch 8/100, Batch 2030/2746, Loss: 1.3247
Epoch 8/100, Batch 2040/2746, Loss: 1.2606
Epoch 8/100, Batch 2050/2746, Loss: 1.2381
Epoch 8/100, Batch 2060/2746, Loss: 1.2525
Epoch 8/100, Batch 2070/2746, Loss: 1.2324
Epoch 8/100, Batch 2080/2746, Loss: 1.2154
Epoch 8/100, Batch 2090/2746, Loss: 1.2779
Epoch 8/100, Batch 2100/2746, Loss: 1.3283
Epoch 8/100, Batch 2110/2746, Loss: 1.3345
Epoch 8/100, Batch 2120/2746, Loss: 1.2275
Epoch 8/100, Batch 2130/2746, Loss: 1.3513
Epoch 8/100, Batch 2140/2746, Loss: 1.3141
Epoch 8/100, Batch 2150/2746, Loss: 1.2972
Epoch 8/100, Batch 2160/2746, Loss: 1.2440
Epoch 8/100, Batch 2170/2746, Loss: 1.2750
Epoch 8/100, Batch 2180/2746, Loss: 1.2594
Epoch 8/100, Batch 2190/2746, Loss: 1.3201
Epoch 8/100, Batch 2200/2746, Loss: 1.3265
Epoch 8/100, Batch 2210/2746, Loss: 1.2323
Epoch 8/100, Batch 2220/2746, Loss: 1.2635
Epoch 8/100, Batch 2230/2746, Loss: 1.2876
Epoch 8/100, Batch 2240/2746, Loss: 1.3232
Epoch 8/100, Batch 2250/2746, Loss: 1.3390
Epoch 8/100, Batch 2260/2746, Loss: 1.3914
Epoch 8/100, Batch 2270/2746, Loss: 1.2886
Epoch 8/100, Batch 2280/2746, Loss: 1.3222
Epoch 8/100, Batch 2290/2746, Loss: 1.2878
Epoch 8/100, Batch 2300/2746, Loss: 1.2859
Epoch 8/100, Batch 2310/2746, Loss: 1.2514
Epoch 8/100, Batch 2320/2746, Loss: 1.3060
Epoch 8/100, Batch 2330/2746, Loss: 1.3265
Epoch 8/100, Batch 2340/2746, Loss: 1.3194
Epoch 8/100, Batch 2350/2746, Loss: 1.3718
Epoch 8/100, Batch 2360/2746, Loss: 1.3417
Epoch 8/100, Batch 2370/2746, Loss: 1.3476
Epoch 8/100, Batch 2380/2746, Loss: 1.1887
Epoch 8/100, Batch 2390/2746, Loss: 1.3166
Epoch 8/100, Batch 2400/2746, Loss: 1.2760
Epoch 8/100, Batch 2410/2746, Loss: 1.3181
Epoch 8/100, Batch 2420/2746, Loss: 1.3415
Epoch 8/100, Batch 2430/2746, Loss: 1.3367
Epoch 8/100, Batch 2440/2746, Loss: 1.3071
Epoch 8/100, Batch 2450/2746, Loss: 1.2551
Epoch 8/100, Batch 2460/2746, Loss: 1.2089
Epoch 8/100, Batch 2470/2746, Loss: 1.3116
Epoch 8/100, Batch 2480/2746, Loss: 1.2491
Epoch 8/100, Batch 2490/2746, Loss: 1.3101
Epoch 8/100, Batch 2500/2746, Loss: 1.3434
Epoch 8/100, Batch 2510/2746, Loss: 1.3187
Epoch 8/100, Batch 2520/2746, Loss: 1.3036
Epoch 8/100, Batch 2530/2746, Loss: 1.3648
Epoch 8/100, Batch 2540/2746, Loss: 1.3292
Epoch 8/100, Batch 2550/2746, Loss: 1.2742
Epoch 8/100, Batch 2560/2746, Loss: 1.2693
Epoch 8/100, Batch 2570/2746, Loss: 1.3298
Epoch 8/100, Batch 2580/2746, Loss: 1.2878
Epoch 8/100, Batch 2590/2746, Loss: 1.2411
Epoch 8/100, Batch 2600/2746, Loss: 1.3405
Epoch 8/100, Batch 2610/2746, Loss: 1.4184
Epoch 8/100, Batch 2620/2746, Loss: 1.3107
Epoch 8/100, Batch 2630/2746, Loss: 1.2514
Epoch 8/100, Batch 2640/2746, Loss: 1.2849
Epoch 8/100, Batch 2650/2746, Loss: 1.2822
Epoch 8/100, Batch 2660/2746, Loss: 1.3175
Epoch 8/100, Batch 2670/2746, Loss: 1.3033
Epoch 8/100, Batch 2680/2746, Loss: 1.3690
Epoch 8/100, Batch 2690/2746, Loss: 1.2894
Epoch 8/100, Batch 2700/2746, Loss: 1.2801
Epoch 8/100, Batch 2710/2746, Loss: 1.3992
Epoch 8/100, Batch 2720/2746, Loss: 1.2490
Epoch 8/100, Batch 2730/2746, Loss: 1.2916
Epoch 8/100, Batch 2740/2746, Loss: 1.2755
New best model with validation loss: 1.1233, perplexity: 3.08
Epoch 8/100, Loss: 1.3192, Perplexity: 3.74, Val Loss: 1.1233, Val Perplexity: 3.08, Time: 3668.16s
Epoch 9/100, Batch 10/2746, Loss: 1.2933
Epoch 9/100, Batch 20/2746, Loss: 1.3194
Epoch 9/100, Batch 30/2746, Loss: 1.2749
Epoch 9/100, Batch 40/2746, Loss: 1.2471
Epoch 9/100, Batch 50/2746, Loss: 1.3478
Epoch 9/100, Batch 60/2746, Loss: 1.2821
Epoch 9/100, Batch 70/2746, Loss: 1.3248
Epoch 9/100, Batch 80/2746, Loss: 1.3113
Epoch 9/100, Batch 90/2746, Loss: 1.3358
Epoch 9/100, Batch 100/2746, Loss: 1.2500
Epoch 9/100, Batch 110/2746, Loss: 1.3975
Epoch 9/100, Batch 120/2746, Loss: 1.2967
Epoch 9/100, Batch 130/2746, Loss: 1.2900
Epoch 9/100, Batch 140/2746, Loss: 1.2870
Epoch 9/100, Batch 150/2746, Loss: 1.1922
Epoch 9/100, Batch 160/2746, Loss: 1.2773
Epoch 9/100, Batch 170/2746, Loss: 1.3651
Epoch 9/100, Batch 180/2746, Loss: 1.3053
Epoch 9/100, Batch 190/2746, Loss: 1.3718
Epoch 9/100, Batch 200/2746, Loss: 1.3821
Epoch 9/100, Batch 210/2746, Loss: 1.3272
Epoch 9/100, Batch 220/2746, Loss: 1.2806
Epoch 9/100, Batch 230/2746, Loss: 1.3328
Epoch 9/100, Batch 240/2746, Loss: 1.3604
Epoch 9/100, Batch 250/2746, Loss: 1.3789
Epoch 9/100, Batch 260/2746, Loss: 1.3576
Epoch 9/100, Batch 270/2746, Loss: 1.4533
Epoch 9/100, Batch 280/2746, Loss: 1.3198
Epoch 9/100, Batch 290/2746, Loss: 1.2524
Epoch 9/100, Batch 300/2746, Loss: 1.3427
Epoch 9/100, Batch 310/2746, Loss: 1.2688
Epoch 9/100, Batch 320/2746, Loss: 1.2753
Epoch 9/100, Batch 330/2746, Loss: 1.2899
Epoch 9/100, Batch 340/2746, Loss: 1.2997
Epoch 9/100, Batch 350/2746, Loss: 1.1967
Epoch 9/100, Batch 360/2746, Loss: 1.3276
Epoch 9/100, Batch 370/2746, Loss: 1.3526
Epoch 9/100, Batch 380/2746, Loss: 1.2248
Epoch 9/100, Batch 390/2746, Loss: 1.3003
Epoch 9/100, Batch 400/2746, Loss: 1.3864
Epoch 9/100, Batch 410/2746, Loss: 1.2484
Epoch 9/100, Batch 420/2746, Loss: 1.2551
Epoch 9/100, Batch 430/2746, Loss: 1.3020
Epoch 9/100, Batch 440/2746, Loss: 1.2788
Epoch 9/100, Batch 450/2746, Loss: 1.3419
Epoch 9/100, Batch 460/2746, Loss: 1.3642
Epoch 9/100, Batch 470/2746, Loss: 1.3286
Epoch 9/100, Batch 480/2746, Loss: 1.2847
Epoch 9/100, Batch 490/2746, Loss: 1.3280
Epoch 9/100, Batch 500/2746, Loss: 1.3578
Epoch 9/100, Batch 510/2746, Loss: 1.2743
Epoch 9/100, Batch 520/2746, Loss: 1.2842
Epoch 9/100, Batch 530/2746, Loss: 1.3370
Epoch 9/100, Batch 540/2746, Loss: 1.3416
Epoch 9/100, Batch 550/2746, Loss: 1.3099
Epoch 9/100, Batch 560/2746, Loss: 1.2270
Epoch 9/100, Batch 570/2746, Loss: 1.2538
Epoch 9/100, Batch 580/2746, Loss: 1.2095
Epoch 9/100, Batch 590/2746, Loss: 1.1988
Epoch 9/100, Batch 600/2746, Loss: 1.3187
Epoch 9/100, Batch 610/2746, Loss: 1.2823
Epoch 9/100, Batch 620/2746, Loss: 1.3211
Epoch 9/100, Batch 630/2746, Loss: 1.3503
Epoch 9/100, Batch 640/2746, Loss: 1.2671
Epoch 9/100, Batch 650/2746, Loss: 1.3022
Epoch 9/100, Batch 660/2746, Loss: 1.3016
Epoch 9/100, Batch 670/2746, Loss: 1.2703
Epoch 9/100, Batch 680/2746, Loss: 1.3257
Epoch 9/100, Batch 690/2746, Loss: 1.2921
Epoch 9/100, Batch 700/2746, Loss: 1.2718
Epoch 9/100, Batch 710/2746, Loss: 1.1774
Epoch 9/100, Batch 720/2746, Loss: 1.2802
Epoch 9/100, Batch 730/2746, Loss: 1.3011
Epoch 9/100, Batch 740/2746, Loss: 1.2764
Epoch 9/100, Batch 750/2746, Loss: 1.2655
Epoch 9/100, Batch 760/2746, Loss: 1.2371
Epoch 9/100, Batch 770/2746, Loss: 1.2198
Epoch 9/100, Batch 780/2746, Loss: 1.2829
Epoch 9/100, Batch 790/2746, Loss: 1.2789
Epoch 9/100, Batch 800/2746, Loss: 1.3055
Epoch 9/100, Batch 810/2746, Loss: 1.2567
Epoch 9/100, Batch 820/2746, Loss: 1.2855
Epoch 9/100, Batch 830/2746, Loss: 1.2891
Epoch 9/100, Batch 840/2746, Loss: 1.2774
Epoch 9/100, Batch 850/2746, Loss: 1.2236
Epoch 9/100, Batch 860/2746, Loss: 1.2432
Epoch 9/100, Batch 870/2746, Loss: 1.2920
Epoch 9/100, Batch 880/2746, Loss: 1.2864
Epoch 9/100, Batch 890/2746, Loss: 1.3062
Epoch 9/100, Batch 900/2746, Loss: 1.2605
Epoch 9/100, Batch 910/2746, Loss: 1.3046
Epoch 9/100, Batch 920/2746, Loss: 1.3112
Epoch 9/100, Batch 930/2746, Loss: 1.2457
Epoch 9/100, Batch 940/2746, Loss: 1.2274
Epoch 9/100, Batch 950/2746, Loss: 1.3115
Epoch 9/100, Batch 960/2746, Loss: 1.3933
Epoch 9/100, Batch 970/2746, Loss: 1.3303
Epoch 9/100, Batch 980/2746, Loss: 1.3389
Epoch 9/100, Batch 990/2746, Loss: 1.3386
Epoch 9/100, Batch 1000/2746, Loss: 1.3784
Epoch 9/100, Batch 1010/2746, Loss: 1.2698
Epoch 9/100, Batch 1020/2746, Loss: 1.4709
Epoch 9/100, Batch 1030/2746, Loss: 1.2418
Epoch 9/100, Batch 1040/2746, Loss: 1.2381
Epoch 9/100, Batch 1050/2746, Loss: 1.2284
Epoch 9/100, Batch 1060/2746, Loss: 1.3442
Epoch 9/100, Batch 1070/2746, Loss: 1.3106
Epoch 9/100, Batch 1080/2746, Loss: 1.2193
Epoch 9/100, Batch 1090/2746, Loss: 1.1993
Epoch 9/100, Batch 1100/2746, Loss: 1.2521
Epoch 9/100, Batch 1110/2746, Loss: 1.2707
Epoch 9/100, Batch 1120/2746, Loss: 1.3452
Epoch 9/100, Batch 1130/2746, Loss: 1.3068
Epoch 9/100, Batch 1140/2746, Loss: 1.2440
Epoch 9/100, Batch 1150/2746, Loss: 1.3141
Epoch 9/100, Batch 1160/2746, Loss: 1.2687
Epoch 9/100, Batch 1170/2746, Loss: 1.2416
Epoch 9/100, Batch 1180/2746, Loss: 1.2733
Epoch 9/100, Batch 1190/2746, Loss: 1.3228
Epoch 9/100, Batch 1200/2746, Loss: 1.2615
Epoch 9/100, Batch 1210/2746, Loss: 1.1974
Epoch 9/100, Batch 1220/2746, Loss: 1.2493
Epoch 9/100, Batch 1230/2746, Loss: 1.2345
Epoch 9/100, Batch 1240/2746, Loss: 1.2381
Epoch 9/100, Batch 1250/2746, Loss: 1.2969
Epoch 9/100, Batch 1260/2746, Loss: 1.2997
Epoch 9/100, Batch 1270/2746, Loss: 1.2480
Epoch 9/100, Batch 1280/2746, Loss: 1.2510
Epoch 9/100, Batch 1290/2746, Loss: 1.2591
Epoch 9/100, Batch 1300/2746, Loss: 1.3205
Epoch 9/100, Batch 1310/2746, Loss: 1.3375
Epoch 9/100, Batch 1320/2746, Loss: 1.2720
Epoch 9/100, Batch 1330/2746, Loss: 1.1844
Epoch 9/100, Batch 1340/2746, Loss: 1.2833
Epoch 9/100, Batch 1350/2746, Loss: 1.3147
Epoch 9/100, Batch 1360/2746, Loss: 1.3292
Epoch 9/100, Batch 1370/2746, Loss: 1.2833
Epoch 9/100, Batch 1380/2746, Loss: 1.2163
Epoch 9/100, Batch 1390/2746, Loss: 1.2045
Epoch 9/100, Batch 1400/2746, Loss: 1.2317
Epoch 9/100, Batch 1410/2746, Loss: 1.3442
Epoch 9/100, Batch 1420/2746, Loss: 1.3068
Epoch 9/100, Batch 1430/2746, Loss: 1.2773
Epoch 9/100, Batch 1440/2746, Loss: 1.2975
Epoch 9/100, Batch 1450/2746, Loss: 1.2409
Epoch 9/100, Batch 1460/2746, Loss: 1.2226
Epoch 9/100, Batch 1470/2746, Loss: 1.2531
Epoch 9/100, Batch 1480/2746, Loss: 1.3200
Epoch 9/100, Batch 1490/2746, Loss: 1.3848
Epoch 9/100, Batch 1500/2746, Loss: 1.2680
Epoch 9/100, Batch 1510/2746, Loss: 1.2966
Epoch 9/100, Batch 1520/2746, Loss: 1.3781
Epoch 9/100, Batch 1530/2746, Loss: 1.2799
Epoch 9/100, Batch 1540/2746, Loss: 1.2862
Epoch 9/100, Batch 1550/2746, Loss: 1.3117
Epoch 9/100, Batch 1560/2746, Loss: 1.2290
Epoch 9/100, Batch 1570/2746, Loss: 1.3739
Epoch 9/100, Batch 1580/2746, Loss: 1.2881
Epoch 9/100, Batch 1590/2746, Loss: 1.2881
Epoch 9/100, Batch 1600/2746, Loss: 1.2900
Epoch 9/100, Batch 1610/2746, Loss: 1.2774
Epoch 9/100, Batch 1620/2746, Loss: 1.3038
Epoch 9/100, Batch 1630/2746, Loss: 1.2685
Epoch 9/100, Batch 1640/2746, Loss: 1.2801
Epoch 9/100, Batch 1650/2746, Loss: 1.3294
Epoch 9/100, Batch 1660/2746, Loss: 1.2619
Epoch 9/100, Batch 1670/2746, Loss: 1.2640
Epoch 9/100, Batch 1680/2746, Loss: 1.2698
Epoch 9/100, Batch 1690/2746, Loss: 1.2011
Epoch 9/100, Batch 1700/2746, Loss: 1.2849
Epoch 9/100, Batch 1710/2746, Loss: 1.3851
Epoch 9/100, Batch 1720/2746, Loss: 1.3032
Epoch 9/100, Batch 1730/2746, Loss: 1.2434
Epoch 9/100, Batch 1740/2746, Loss: 1.3189
Epoch 9/100, Batch 1750/2746, Loss: 1.2354
Epoch 9/100, Batch 1760/2746, Loss: 1.2543
Epoch 9/100, Batch 1770/2746, Loss: 1.2332
Epoch 9/100, Batch 1780/2746, Loss: 1.2865
Epoch 9/100, Batch 1790/2746, Loss: 1.2121
Epoch 9/100, Batch 1800/2746, Loss: 1.2346
Epoch 9/100, Batch 1810/2746, Loss: 1.2365
Epoch 9/100, Batch 1820/2746, Loss: 1.3176
Epoch 9/100, Batch 1830/2746, Loss: 1.2653
Epoch 9/100, Batch 1840/2746, Loss: 1.2577
Epoch 9/100, Batch 1850/2746, Loss: 1.2564
Epoch 9/100, Batch 1860/2746, Loss: 1.3014
Epoch 9/100, Batch 1870/2746, Loss: 1.2540
Epoch 9/100, Batch 1880/2746, Loss: 1.3463
Epoch 9/100, Batch 1890/2746, Loss: 1.2725
Epoch 9/100, Batch 1900/2746, Loss: 1.3035
Epoch 9/100, Batch 1910/2746, Loss: 1.2737
Epoch 9/100, Batch 1920/2746, Loss: 1.3294
Epoch 9/100, Batch 1930/2746, Loss: 1.2453
Epoch 9/100, Batch 1940/2746, Loss: 1.1787
Epoch 9/100, Batch 1950/2746, Loss: 1.2855
Epoch 9/100, Batch 1960/2746, Loss: 1.2519
Epoch 9/100, Batch 1970/2746, Loss: 1.2759
Epoch 9/100, Batch 1980/2746, Loss: 1.2687
Epoch 9/100, Batch 1990/2746, Loss: 1.2757
Epoch 9/100, Batch 2000/2746, Loss: 1.2501
Epoch 9/100, Batch 2010/2746, Loss: 1.3653
Epoch 9/100, Batch 2020/2746, Loss: 1.2507
Epoch 9/100, Batch 2030/2746, Loss: 1.2439
Epoch 9/100, Batch 2040/2746, Loss: 1.2250
Epoch 9/100, Batch 2050/2746, Loss: 1.2091
Epoch 9/100, Batch 2060/2746, Loss: 1.2271
Epoch 9/100, Batch 2070/2746, Loss: 1.2443
Epoch 9/100, Batch 2080/2746, Loss: 1.1787
Epoch 9/100, Batch 2090/2746, Loss: 1.2385
Epoch 9/100, Batch 2100/2746, Loss: 1.2868
Epoch 9/100, Batch 2110/2746, Loss: 1.3360
Epoch 9/100, Batch 2120/2746, Loss: 1.1856
Epoch 9/100, Batch 2130/2746, Loss: 1.3483
Epoch 9/100, Batch 2140/2746, Loss: 1.2786
Epoch 9/100, Batch 2150/2746, Loss: 1.2268
Epoch 9/100, Batch 2160/2746, Loss: 1.2181
Epoch 9/100, Batch 2170/2746, Loss: 1.2810
Epoch 9/100, Batch 2180/2746, Loss: 1.2244
Epoch 9/100, Batch 2190/2746, Loss: 1.2934
Epoch 9/100, Batch 2200/2746, Loss: 1.2902
Epoch 9/100, Batch 2210/2746, Loss: 1.1953
Epoch 9/100, Batch 2220/2746, Loss: 1.2203
Epoch 9/100, Batch 2230/2746, Loss: 1.2494
Epoch 9/100, Batch 2240/2746, Loss: 1.3075
Epoch 9/100, Batch 2250/2746, Loss: 1.3694
Epoch 9/100, Batch 2260/2746, Loss: 1.3507
Epoch 9/100, Batch 2270/2746, Loss: 1.2674
Epoch 9/100, Batch 2280/2746, Loss: 1.2647
Epoch 9/100, Batch 2290/2746, Loss: 1.2061
Epoch 9/100, Batch 2300/2746, Loss: 1.2568
Epoch 9/100, Batch 2310/2746, Loss: 1.2291
Epoch 9/100, Batch 2320/2746, Loss: 1.2750
Epoch 9/100, Batch 2330/2746, Loss: 1.3750
Epoch 9/100, Batch 2340/2746, Loss: 1.2795
Epoch 9/100, Batch 2350/2746, Loss: 1.2941
Epoch 9/100, Batch 2360/2746, Loss: 1.3094
Epoch 9/100, Batch 2370/2746, Loss: 1.3197
Epoch 9/100, Batch 2380/2746, Loss: 1.1646
Epoch 9/100, Batch 2390/2746, Loss: 1.3151
Epoch 9/100, Batch 2400/2746, Loss: 1.2668
Epoch 9/100, Batch 2410/2746, Loss: 1.2846
Epoch 9/100, Batch 2420/2746, Loss: 1.3081
Epoch 9/100, Batch 2430/2746, Loss: 1.3139
Epoch 9/100, Batch 2440/2746, Loss: 1.2796
Epoch 9/100, Batch 2450/2746, Loss: 1.2283
Epoch 9/100, Batch 2460/2746, Loss: 1.3243
Epoch 9/100, Batch 2470/2746, Loss: 1.2477
Epoch 9/100, Batch 2480/2746, Loss: 1.2183
Epoch 9/100, Batch 2490/2746, Loss: 1.2907
Epoch 9/100, Batch 2500/2746, Loss: 1.3183
Epoch 9/100, Batch 2510/2746, Loss: 1.2907
Epoch 9/100, Batch 2520/2746, Loss: 1.2993
Epoch 9/100, Batch 2530/2746, Loss: 1.3384
Epoch 9/100, Batch 2540/2746, Loss: 1.3138
Epoch 9/100, Batch 2550/2746, Loss: 1.2795
Epoch 9/100, Batch 2560/2746, Loss: 1.2416
Epoch 9/100, Batch 2570/2746, Loss: 1.2777
Epoch 9/100, Batch 2580/2746, Loss: 1.2538
Epoch 9/100, Batch 2590/2746, Loss: 1.2039
Epoch 9/100, Batch 2600/2746, Loss: 1.3134
Epoch 9/100, Batch 2610/2746, Loss: 1.2809
Epoch 9/100, Batch 2620/2746, Loss: 1.2732
Epoch 9/100, Batch 2630/2746, Loss: 1.3192
Epoch 9/100, Batch 2640/2746, Loss: 1.2461
Epoch 9/100, Batch 2650/2746, Loss: 1.2368
Epoch 9/100, Batch 2660/2746, Loss: 1.2793
Epoch 9/100, Batch 2670/2746, Loss: 1.2635
Epoch 9/100, Batch 2680/2746, Loss: 1.3220
Epoch 9/100, Batch 2690/2746, Loss: 1.2675
Epoch 9/100, Batch 2700/2746, Loss: 1.2061
Epoch 9/100, Batch 2710/2746, Loss: 1.3115
Epoch 9/100, Batch 2720/2746, Loss: 1.2338
Epoch 9/100, Batch 2730/2746, Loss: 1.2763
Epoch 9/100, Batch 2740/2746, Loss: 1.2449
New best model with validation loss: 1.0997, perplexity: 3.00
Epoch 9/100, Loss: 1.2850, Perplexity: 3.61, Val Loss: 1.0997, Val Perplexity: 3.00, Time: 3658.18s
Epoch 10/100, Batch 10/2746, Loss: 1.3527
Epoch 10/100, Batch 20/2746, Loss: 1.2904
Epoch 10/100, Batch 30/2746, Loss: 1.2470
Epoch 10/100, Batch 40/2746, Loss: 1.2188
Epoch 10/100, Batch 50/2746, Loss: 1.3056
Epoch 10/100, Batch 60/2746, Loss: 1.2427
Epoch 10/100, Batch 70/2746, Loss: 1.2544
Epoch 10/100, Batch 80/2746, Loss: 1.3347
Epoch 10/100, Batch 90/2746, Loss: 1.3005
Epoch 10/100, Batch 100/2746, Loss: 1.2164
Epoch 10/100, Batch 110/2746, Loss: 1.3702
Epoch 10/100, Batch 120/2746, Loss: 1.2637
Epoch 10/100, Batch 130/2746, Loss: 1.2593
Epoch 10/100, Batch 140/2746, Loss: 1.2534
Epoch 10/100, Batch 150/2746, Loss: 1.1688
Epoch 10/100, Batch 160/2746, Loss: 1.2280
Epoch 10/100, Batch 170/2746, Loss: 1.2898
Epoch 10/100, Batch 180/2746, Loss: 1.2859
Epoch 10/100, Batch 190/2746, Loss: 1.3006
Epoch 10/100, Batch 200/2746, Loss: 1.3488
Epoch 10/100, Batch 210/2746, Loss: 1.3020
Epoch 10/100, Batch 220/2746, Loss: 1.2832
Epoch 10/100, Batch 230/2746, Loss: 1.3970
Epoch 10/100, Batch 240/2746, Loss: 1.3619
Epoch 10/100, Batch 250/2746, Loss: 1.4163
Epoch 10/100, Batch 260/2746, Loss: 1.2949
Epoch 10/100, Batch 270/2746, Loss: 1.3480
Epoch 10/100, Batch 280/2746, Loss: 1.3290
Epoch 10/100, Batch 290/2746, Loss: 1.2618
Epoch 10/100, Batch 300/2746, Loss: 1.2974
Epoch 10/100, Batch 310/2746, Loss: 1.2650
Epoch 10/100, Batch 320/2746, Loss: 1.2882
Epoch 10/100, Batch 330/2746, Loss: 1.2675
Epoch 10/100, Batch 340/2746, Loss: 1.2687
Epoch 10/100, Batch 350/2746, Loss: 1.1694
Epoch 10/100, Batch 360/2746, Loss: 1.2676
Epoch 10/100, Batch 370/2746, Loss: 1.2498
Epoch 10/100, Batch 380/2746, Loss: 1.1982
Epoch 10/100, Batch 390/2746, Loss: 1.2828
Epoch 10/100, Batch 400/2746, Loss: 1.3377
Epoch 10/100, Batch 410/2746, Loss: 1.2818
Epoch 10/100, Batch 420/2746, Loss: 1.2622
Epoch 10/100, Batch 430/2746, Loss: 1.2709
Epoch 10/100, Batch 440/2746, Loss: 1.2456
Epoch 10/100, Batch 450/2746, Loss: 1.2499
Epoch 10/100, Batch 460/2746, Loss: 1.3062
Epoch 10/100, Batch 470/2746, Loss: 1.3065
Epoch 10/100, Batch 480/2746, Loss: 1.2662
Epoch 10/100, Batch 490/2746, Loss: 1.2664
Epoch 10/100, Batch 500/2746, Loss: 1.3274
Epoch 10/100, Batch 510/2746, Loss: 1.1901
Epoch 10/100, Batch 520/2746, Loss: 1.2132
Epoch 10/100, Batch 530/2746, Loss: 1.3258
Epoch 10/100, Batch 540/2746, Loss: 1.3148
Epoch 10/100, Batch 550/2746, Loss: 1.2807
Epoch 10/100, Batch 560/2746, Loss: 1.1939
Epoch 10/100, Batch 570/2746, Loss: 1.2248
Epoch 10/100, Batch 580/2746, Loss: 1.1841
Epoch 10/100, Batch 590/2746, Loss: 1.1647
Epoch 10/100, Batch 600/2746, Loss: 1.1931
Epoch 10/100, Batch 610/2746, Loss: 1.2577
Epoch 10/100, Batch 620/2746, Loss: 1.2522
Epoch 10/100, Batch 630/2746, Loss: 1.3030
Epoch 10/100, Batch 640/2746, Loss: 1.2298
Epoch 10/100, Batch 650/2746, Loss: 1.3652
Epoch 10/100, Batch 660/2746, Loss: 1.2444
Epoch 10/100, Batch 670/2746, Loss: 1.2396
Epoch 10/100, Batch 680/2746, Loss: 1.3325
Epoch 10/100, Batch 690/2746, Loss: 1.2669
Epoch 10/100, Batch 700/2746, Loss: 1.2064
Epoch 10/100, Batch 710/2746, Loss: 1.1564
Epoch 10/100, Batch 720/2746, Loss: 1.2382
Epoch 10/100, Batch 730/2746, Loss: 1.2735
Epoch 10/100, Batch 740/2746, Loss: 1.2818
Epoch 10/100, Batch 750/2746, Loss: 1.1843
Epoch 10/100, Batch 760/2746, Loss: 1.2019
Epoch 10/100, Batch 770/2746, Loss: 1.1956
Epoch 10/100, Batch 780/2746, Loss: 1.2232
Epoch 10/100, Batch 790/2746, Loss: 1.2584
Epoch 10/100, Batch 800/2746, Loss: 1.2712
Epoch 10/100, Batch 810/2746, Loss: 1.2528
Epoch 10/100, Batch 820/2746, Loss: 1.2562
Epoch 10/100, Batch 830/2746, Loss: 1.2331
Epoch 10/100, Batch 840/2746, Loss: 1.2447
Epoch 10/100, Batch 850/2746, Loss: 1.2085
Epoch 10/100, Batch 860/2746, Loss: 1.2105
Epoch 10/100, Batch 870/2746, Loss: 1.2579
Epoch 10/100, Batch 880/2746, Loss: 1.2704
Epoch 10/100, Batch 890/2746, Loss: 1.2770
Epoch 10/100, Batch 900/2746, Loss: 1.2336
Epoch 10/100, Batch 910/2746, Loss: 1.2135
Epoch 10/100, Batch 920/2746, Loss: 1.2639
Epoch 10/100, Batch 930/2746, Loss: 1.2218
Epoch 10/100, Batch 940/2746, Loss: 1.1952
Epoch 10/100, Batch 950/2746, Loss: 1.2913
Epoch 10/100, Batch 960/2746, Loss: 1.3459
Epoch 10/100, Batch 970/2746, Loss: 1.2926
Epoch 10/100, Batch 980/2746, Loss: 1.2457
Epoch 10/100, Batch 990/2746, Loss: 1.3243
Epoch 10/100, Batch 1000/2746, Loss: 1.3047
Epoch 10/100, Batch 1010/2746, Loss: 1.2679
Epoch 10/100, Batch 1020/2746, Loss: 1.2795
Epoch 10/100, Batch 1030/2746, Loss: 1.2095
Epoch 10/100, Batch 1040/2746, Loss: 1.2181
Epoch 10/100, Batch 1050/2746, Loss: 1.1962
Epoch 10/100, Batch 1060/2746, Loss: 1.2721
Epoch 10/100, Batch 1070/2746, Loss: 1.2037
Epoch 10/100, Batch 1080/2746, Loss: 1.2057
Epoch 10/100, Batch 1090/2746, Loss: 1.1668
Epoch 10/100, Batch 1100/2746, Loss: 1.2736
Epoch 10/100, Batch 1110/2746, Loss: 1.2525
Epoch 10/100, Batch 1120/2746, Loss: 1.4188
Epoch 10/100, Batch 1130/2746, Loss: 1.2343
Epoch 10/100, Batch 1140/2746, Loss: 1.2187
Epoch 10/100, Batch 1150/2746, Loss: 1.2518
Epoch 10/100, Batch 1160/2746, Loss: 1.1607
Epoch 10/100, Batch 1170/2746, Loss: 1.1996
Epoch 10/100, Batch 1180/2746, Loss: 1.2466
Epoch 10/100, Batch 1190/2746, Loss: 1.3488
Epoch 10/100, Batch 1200/2746, Loss: 1.2282
Epoch 10/100, Batch 1210/2746, Loss: 1.1282
Epoch 10/100, Batch 1220/2746, Loss: 1.2200
Epoch 10/100, Batch 1230/2746, Loss: 1.2456
Epoch 10/100, Batch 1240/2746, Loss: 1.2159
Epoch 10/100, Batch 1250/2746, Loss: 1.2566
Epoch 10/100, Batch 1260/2746, Loss: 1.2806
Epoch 10/100, Batch 1270/2746, Loss: 1.2310
Epoch 10/100, Batch 1280/2746, Loss: 1.2173
Epoch 10/100, Batch 1290/2746, Loss: 1.2264
Epoch 10/100, Batch 1300/2746, Loss: 1.2387
Epoch 10/100, Batch 1310/2746, Loss: 1.3344
Epoch 10/100, Batch 1320/2746, Loss: 1.2398
Epoch 10/100, Batch 1330/2746, Loss: 1.2065
Epoch 10/100, Batch 1340/2746, Loss: 1.2539
Epoch 10/100, Batch 1350/2746, Loss: 1.2680
Epoch 10/100, Batch 1360/2746, Loss: 1.2472
Epoch 10/100, Batch 1370/2746, Loss: 1.2518
Epoch 10/100, Batch 1380/2746, Loss: 1.1903
Epoch 10/100, Batch 1390/2746, Loss: 1.1718
Epoch 10/100, Batch 1400/2746, Loss: 1.2497
Epoch 10/100, Batch 1410/2746, Loss: 1.2856
Epoch 10/100, Batch 1420/2746, Loss: 1.2809
Epoch 10/100, Batch 1430/2746, Loss: 1.2796
Epoch 10/100, Batch 1440/2746, Loss: 1.2411
Epoch 10/100, Batch 1450/2746, Loss: 1.2168
Epoch 10/100, Batch 1460/2746, Loss: 1.1832
Epoch 10/100, Batch 1470/2746, Loss: 1.2729
Epoch 10/100, Batch 1480/2746, Loss: 1.2504
Epoch 10/100, Batch 1490/2746, Loss: 1.3094
Epoch 10/100, Batch 1500/2746, Loss: 1.2407
Epoch 10/100, Batch 1510/2746, Loss: 1.3039
Epoch 10/100, Batch 1520/2746, Loss: 1.2385
Epoch 10/100, Batch 1530/2746, Loss: 1.2539
Epoch 10/100, Batch 1540/2746, Loss: 1.2702
Epoch 10/100, Batch 1550/2746, Loss: 1.2515
Epoch 10/100, Batch 1560/2746, Loss: 1.2037
Epoch 10/100, Batch 1570/2746, Loss: 1.3025
Epoch 10/100, Batch 1580/2746, Loss: 1.2868
Epoch 10/100, Batch 1590/2746, Loss: 1.3172
Epoch 10/100, Batch 1600/2746, Loss: 1.2632
Epoch 10/100, Batch 1610/2746, Loss: 1.2527
Epoch 10/100, Batch 1620/2746, Loss: 1.2773
Epoch 10/100, Batch 1630/2746, Loss: 1.2954
Epoch 10/100, Batch 1640/2746, Loss: 1.2485
Epoch 10/100, Batch 1650/2746, Loss: 1.2860
Epoch 10/100, Batch 1660/2746, Loss: 1.2250
Epoch 10/100, Batch 1670/2746, Loss: 1.2339
Epoch 10/100, Batch 1680/2746, Loss: 1.2431
Epoch 10/100, Batch 1690/2746, Loss: 1.1746
Epoch 10/100, Batch 1700/2746, Loss: 1.2653
Epoch 10/100, Batch 1710/2746, Loss: 1.3030
Epoch 10/100, Batch 1720/2746, Loss: 1.2713
Epoch 10/100, Batch 1730/2746, Loss: 1.2673
Epoch 10/100, Batch 1740/2746, Loss: 1.2565
Epoch 10/100, Batch 1750/2746, Loss: 1.2640
Epoch 10/100, Batch 1760/2746, Loss: 1.2122
Epoch 10/100, Batch 1770/2746, Loss: 1.2118
Epoch 10/100, Batch 1780/2746, Loss: 1.2628
Epoch 10/100, Batch 1790/2746, Loss: 1.1862
Epoch 10/100, Batch 1800/2746, Loss: 1.2373
Epoch 10/100, Batch 1810/2746, Loss: 1.2042
Epoch 10/100, Batch 1820/2746, Loss: 1.2777
Epoch 10/100, Batch 1830/2746, Loss: 1.2382
Epoch 10/100, Batch 1840/2746, Loss: 1.2646
Epoch 10/100, Batch 1850/2746, Loss: 1.2261
Epoch 10/100, Batch 1860/2746, Loss: 1.2609
Epoch 10/100, Batch 1870/2746, Loss: 1.3652
Epoch 10/100, Batch 1880/2746, Loss: 1.2651
Epoch 10/100, Batch 1890/2746, Loss: 1.2488
Epoch 10/100, Batch 1900/2746, Loss: 1.2779
Epoch 10/100, Batch 1910/2746, Loss: 1.2729
Epoch 10/100, Batch 1920/2746, Loss: 1.2433
Epoch 10/100, Batch 1930/2746, Loss: 1.1896
Epoch 10/100, Batch 1940/2746, Loss: 1.1519
Epoch 10/100, Batch 1950/2746, Loss: 1.2599
Epoch 10/100, Batch 1960/2746, Loss: 1.2311
Epoch 10/100, Batch 1970/2746, Loss: 1.2428
Epoch 10/100, Batch 1980/2746, Loss: 1.2468
Epoch 10/100, Batch 1990/2746, Loss: 1.2573
Epoch 10/100, Batch 2000/2746, Loss: 1.2276
Epoch 10/100, Batch 2010/2746, Loss: 1.2833
Epoch 10/100, Batch 2020/2746, Loss: 1.1927
Epoch 10/100, Batch 2030/2746, Loss: 1.2176
Epoch 10/100, Batch 2040/2746, Loss: 1.1991
Epoch 10/100, Batch 2050/2746, Loss: 1.2307
Epoch 10/100, Batch 2060/2746, Loss: 1.2066
Epoch 10/100, Batch 2070/2746, Loss: 1.2076
Epoch 10/100, Batch 2080/2746, Loss: 1.1617
Epoch 10/100, Batch 2090/2746, Loss: 1.2098
Epoch 10/100, Batch 2100/2746, Loss: 1.2626
Epoch 10/100, Batch 2110/2746, Loss: 1.2982
Epoch 10/100, Batch 2120/2746, Loss: 1.1740
Epoch 10/100, Batch 2130/2746, Loss: 1.2512
Epoch 10/100, Batch 2140/2746, Loss: 1.2983
Epoch 10/100, Batch 2150/2746, Loss: 1.2420
Epoch 10/100, Batch 2160/2746, Loss: 1.2757
Epoch 10/100, Batch 2170/2746, Loss: 1.2051
Epoch 10/100, Batch 2180/2746, Loss: 1.1917
Epoch 10/100, Batch 2190/2746, Loss: 1.2635
Epoch 10/100, Batch 2200/2746, Loss: 1.2597
Epoch 10/100, Batch 2210/2746, Loss: 1.1740
Epoch 10/100, Batch 2220/2746, Loss: 1.2014
Epoch 10/100, Batch 2230/2746, Loss: 1.2210
Epoch 10/100, Batch 2240/2746, Loss: 1.2701
Epoch 10/100, Batch 2250/2746, Loss: 1.2613
Epoch 10/100, Batch 2260/2746, Loss: 1.3751
Epoch 10/100, Batch 2270/2746, Loss: 1.2238
Epoch 10/100, Batch 2280/2746, Loss: 1.2373
Epoch 10/100, Batch 2290/2746, Loss: 1.2039
Epoch 10/100, Batch 2300/2746, Loss: 1.2564
Epoch 10/100, Batch 2310/2746, Loss: 1.2360
Epoch 10/100, Batch 2320/2746, Loss: 1.2901
Epoch 10/100, Batch 2330/2746, Loss: 1.2916
Epoch 10/100, Batch 2340/2746, Loss: 1.3549
Epoch 10/100, Batch 2350/2746, Loss: 1.2599
Epoch 10/100, Batch 2360/2746, Loss: 1.2816
Epoch 10/100, Batch 2370/2746, Loss: 1.2824
Epoch 10/100, Batch 2380/2746, Loss: 1.1354
Epoch 10/100, Batch 2390/2746, Loss: 1.2573
Epoch 10/100, Batch 2400/2746, Loss: 1.2269
Epoch 10/100, Batch 2410/2746, Loss: 1.2825
Epoch 10/100, Batch 2420/2746, Loss: 1.2841
Epoch 10/100, Batch 2430/2746, Loss: 1.2730
Epoch 10/100, Batch 2440/2746, Loss: 1.2538
Epoch 10/100, Batch 2450/2746, Loss: 1.2347
Epoch 10/100, Batch 2460/2746, Loss: 1.1914
Epoch 10/100, Batch 2470/2746, Loss: 1.2367
Epoch 10/100, Batch 2480/2746, Loss: 1.1895
Epoch 10/100, Batch 2490/2746, Loss: 1.2656
Epoch 10/100, Batch 2500/2746, Loss: 1.2846
Epoch 10/100, Batch 2510/2746, Loss: 1.2671
Epoch 10/100, Batch 2520/2746, Loss: 1.2746
Epoch 10/100, Batch 2530/2746, Loss: 1.3088
Epoch 10/100, Batch 2540/2746, Loss: 1.2894
Epoch 10/100, Batch 2550/2746, Loss: 1.2086
Epoch 10/100, Batch 2560/2746, Loss: 1.2066
Epoch 10/100, Batch 2570/2746, Loss: 1.2545
Epoch 10/100, Batch 2580/2746, Loss: 1.2323
Epoch 10/100, Batch 2590/2746, Loss: 1.1787
Epoch 10/100, Batch 2600/2746, Loss: 1.2511
Epoch 10/100, Batch 2610/2746, Loss: 1.2574
Epoch 10/100, Batch 2620/2746, Loss: 1.2564
Epoch 10/100, Batch 2630/2746, Loss: 1.1973
Epoch 10/100, Batch 2640/2746, Loss: 1.2622
Epoch 10/100, Batch 2650/2746, Loss: 1.1816
Epoch 10/100, Batch 2660/2746, Loss: 1.2526
Epoch 10/100, Batch 2670/2746, Loss: 1.2518
Epoch 10/100, Batch 2680/2746, Loss: 1.2612
Epoch 10/100, Batch 2690/2746, Loss: 1.2472
Epoch 10/100, Batch 2700/2746, Loss: 1.1780
Epoch 10/100, Batch 2710/2746, Loss: 1.2831
Epoch 10/100, Batch 2720/2746, Loss: 1.2050
Epoch 10/100, Batch 2730/2746, Loss: 1.2279
Epoch 10/100, Batch 2740/2746, Loss: 1.2214
New best model with validation loss: 1.0774, perplexity: 2.94
Epoch 10/100, Loss: 1.2552, Perplexity: 3.51, Val Loss: 1.0774, Val Perplexity: 2.94, Time: 3658.90s
Epoch 11/100, Batch 10/2746, Loss: 1.2336
Epoch 11/100, Batch 20/2746, Loss: 1.2532
Epoch 11/100, Batch 30/2746, Loss: 1.3105
Epoch 11/100, Batch 40/2746, Loss: 1.2267
Epoch 11/100, Batch 50/2746, Loss: 1.5228
Epoch 11/100, Batch 60/2746, Loss: 1.2163
Epoch 11/100, Batch 70/2746, Loss: 1.2246
Epoch 11/100, Batch 80/2746, Loss: 1.2488
Epoch 11/100, Batch 90/2746, Loss: 1.2743
Epoch 11/100, Batch 100/2746, Loss: 1.2376
Epoch 11/100, Batch 110/2746, Loss: 1.3949
Epoch 11/100, Batch 120/2746, Loss: 1.1997
Epoch 11/100, Batch 130/2746, Loss: 1.2111
Epoch 11/100, Batch 140/2746, Loss: 1.2168
Epoch 11/100, Batch 150/2746, Loss: 1.1842
Epoch 11/100, Batch 160/2746, Loss: 1.2139
Epoch 11/100, Batch 170/2746, Loss: 1.2605
Epoch 11/100, Batch 180/2746, Loss: 1.2511
Epoch 11/100, Batch 190/2746, Loss: 1.2808
Epoch 11/100, Batch 200/2746, Loss: 1.3266
Epoch 11/100, Batch 210/2746, Loss: 1.2640
Epoch 11/100, Batch 220/2746, Loss: 1.2247
Epoch 11/100, Batch 230/2746, Loss: 1.2683
Epoch 11/100, Batch 240/2746, Loss: 1.2852
Epoch 11/100, Batch 250/2746, Loss: 1.3188
Epoch 11/100, Batch 260/2746, Loss: 1.2718
Epoch 11/100, Batch 270/2746, Loss: 1.2815
Epoch 11/100, Batch 280/2746, Loss: 1.2873
Epoch 11/100, Batch 290/2746, Loss: 1.2582
Epoch 11/100, Batch 300/2746, Loss: 1.2735
Epoch 11/100, Batch 310/2746, Loss: 1.2577
Epoch 11/100, Batch 320/2746, Loss: 1.2245
Epoch 11/100, Batch 330/2746, Loss: 1.2422
Epoch 11/100, Batch 340/2746, Loss: 1.2280
Epoch 11/100, Batch 350/2746, Loss: 1.1484
Epoch 11/100, Batch 360/2746, Loss: 1.2411
Epoch 11/100, Batch 370/2746, Loss: 1.2282
Epoch 11/100, Batch 380/2746, Loss: 1.1809
Epoch 11/100, Batch 390/2746, Loss: 1.2586
Epoch 11/100, Batch 400/2746, Loss: 1.3135
Epoch 11/100, Batch 410/2746, Loss: 1.2285
Epoch 11/100, Batch 420/2746, Loss: 1.2331
Epoch 11/100, Batch 430/2746, Loss: 1.2448
Epoch 11/100, Batch 440/2746, Loss: 1.2263
Epoch 11/100, Batch 450/2746, Loss: 1.2202
Epoch 11/100, Batch 460/2746, Loss: 1.2676
Epoch 11/100, Batch 470/2746, Loss: 1.2732
Epoch 11/100, Batch 480/2746, Loss: 1.2590
Epoch 11/100, Batch 490/2746, Loss: 1.2422
Epoch 11/100, Batch 500/2746, Loss: 1.3017
Epoch 11/100, Batch 510/2746, Loss: 1.1698
Epoch 11/100, Batch 520/2746, Loss: 1.1905
Epoch 11/100, Batch 530/2746, Loss: 1.2746
Epoch 11/100, Batch 540/2746, Loss: 1.2795
Epoch 11/100, Batch 550/2746, Loss: 1.2590
Epoch 11/100, Batch 560/2746, Loss: 1.2230
Epoch 11/100, Batch 570/2746, Loss: 1.2657
Epoch 11/100, Batch 580/2746, Loss: 1.1683
Epoch 11/100, Batch 590/2746, Loss: 1.1761
Epoch 11/100, Batch 600/2746, Loss: 1.1693
Epoch 11/100, Batch 610/2746, Loss: 1.2592
Epoch 11/100, Batch 620/2746, Loss: 1.2644
Epoch 11/100, Batch 630/2746, Loss: 1.2484
Epoch 11/100, Batch 640/2746, Loss: 1.2021
Epoch 11/100, Batch 650/2746, Loss: 1.3200
Epoch 11/100, Batch 660/2746, Loss: 1.2008
Epoch 11/100, Batch 670/2746, Loss: 1.2100
Epoch 11/100, Batch 680/2746, Loss: 1.2800
Epoch 11/100, Batch 690/2746, Loss: 1.2337
Epoch 11/100, Batch 700/2746, Loss: 1.2167
Epoch 11/100, Batch 710/2746, Loss: 1.1851
Epoch 11/100, Batch 720/2746, Loss: 1.2050
Epoch 11/100, Batch 730/2746, Loss: 1.2353
Epoch 11/100, Batch 740/2746, Loss: 1.2064
Epoch 11/100, Batch 750/2746, Loss: 1.1768
Epoch 11/100, Batch 760/2746, Loss: 1.1823
Epoch 11/100, Batch 770/2746, Loss: 1.1772
Epoch 11/100, Batch 780/2746, Loss: 1.2023
Epoch 11/100, Batch 790/2746, Loss: 1.2474
Epoch 11/100, Batch 800/2746, Loss: 1.2969
Epoch 11/100, Batch 810/2746, Loss: 1.1924
Epoch 11/100, Batch 820/2746, Loss: 1.1935
Epoch 11/100, Batch 830/2746, Loss: 1.2287
Epoch 11/100, Batch 840/2746, Loss: 1.2179
Epoch 11/100, Batch 850/2746, Loss: 1.1783
Epoch 11/100, Batch 860/2746, Loss: 1.1828
Epoch 11/100, Batch 870/2746, Loss: 1.2339
Epoch 11/100, Batch 880/2746, Loss: 1.2324
Epoch 11/100, Batch 890/2746, Loss: 1.6845
Epoch 11/100, Batch 900/2746, Loss: 1.2530
Epoch 11/100, Batch 910/2746, Loss: 1.2280
Epoch 11/100, Batch 920/2746, Loss: 1.2108
Epoch 11/100, Batch 930/2746, Loss: 1.2490
Epoch 11/100, Batch 940/2746, Loss: 1.1604
Epoch 11/100, Batch 950/2746, Loss: 1.2709
Epoch 11/100, Batch 960/2746, Loss: 1.2594
Epoch 11/100, Batch 970/2746, Loss: 1.2603
Epoch 11/100, Batch 980/2746, Loss: 1.2249
Epoch 11/100, Batch 990/2746, Loss: 1.2822
Epoch 11/100, Batch 1000/2746, Loss: 1.2920
Epoch 11/100, Batch 1010/2746, Loss: 1.2245
Epoch 11/100, Batch 1020/2746, Loss: 1.2783
Epoch 11/100, Batch 1030/2746, Loss: 1.1869
Epoch 11/100, Batch 1040/2746, Loss: 1.1923
Epoch 11/100, Batch 1050/2746, Loss: 1.1696
Epoch 11/100, Batch 1060/2746, Loss: 1.2862
Epoch 11/100, Batch 1070/2746, Loss: 1.2176
Epoch 11/100, Batch 1080/2746, Loss: 1.1714
Epoch 11/100, Batch 1090/2746, Loss: 1.1424
Epoch 11/100, Batch 1100/2746, Loss: 1.2000
Epoch 11/100, Batch 1110/2746, Loss: 1.2408
Epoch 11/100, Batch 1120/2746, Loss: 1.3141
Epoch 11/100, Batch 1130/2746, Loss: 1.2100
Epoch 11/100, Batch 1140/2746, Loss: 1.1980
Epoch 11/100, Batch 1150/2746, Loss: 1.2254
Epoch 11/100, Batch 1160/2746, Loss: 1.1309
Epoch 11/100, Batch 1170/2746, Loss: 1.2278
Epoch 11/100, Batch 1180/2746, Loss: 1.2263
Epoch 11/100, Batch 1190/2746, Loss: 1.2785
Epoch 11/100, Batch 1200/2746, Loss: 1.2143
Epoch 11/100, Batch 1210/2746, Loss: 1.1211
Epoch 11/100, Batch 1220/2746, Loss: 1.1936
Epoch 11/100, Batch 1230/2746, Loss: 1.1814
Epoch 11/100, Batch 1240/2746, Loss: 1.2653
Epoch 11/100, Batch 1250/2746, Loss: 1.2724
Epoch 11/100, Batch 1260/2746, Loss: 1.2433
Epoch 11/100, Batch 1270/2746, Loss: 1.2388
Epoch 11/100, Batch 1280/2746, Loss: 1.2594
Epoch 11/100, Batch 1290/2746, Loss: 1.1985
Epoch 11/100, Batch 1300/2746, Loss: 1.2458
Epoch 11/100, Batch 1310/2746, Loss: 1.2701
Epoch 11/100, Batch 1320/2746, Loss: 1.2118
Epoch 11/100, Batch 1330/2746, Loss: 1.1161
Epoch 11/100, Batch 1340/2746, Loss: 1.2627
Epoch 11/100, Batch 1350/2746, Loss: 1.2297
Epoch 11/100, Batch 1360/2746, Loss: 1.2139
Epoch 11/100, Batch 1370/2746, Loss: 1.2285
Epoch 11/100, Batch 1380/2746, Loss: 1.1702
Epoch 11/100, Batch 1390/2746, Loss: 1.1500
Epoch 11/100, Batch 1400/2746, Loss: 1.1852
Epoch 11/100, Batch 1410/2746, Loss: 1.3025
Epoch 11/100, Batch 1420/2746, Loss: 1.2565
Epoch 11/100, Batch 1430/2746, Loss: 1.2186
Epoch 11/100, Batch 1440/2746, Loss: 1.2159
Epoch 11/100, Batch 1450/2746, Loss: 1.2017
Epoch 11/100, Batch 1460/2746, Loss: 1.1934
Epoch 11/100, Batch 1470/2746, Loss: 1.2262
Epoch 11/100, Batch 1480/2746, Loss: 1.2201
Epoch 11/100, Batch 1490/2746, Loss: 1.2855
Epoch 11/100, Batch 1500/2746, Loss: 1.2178
Epoch 11/100, Batch 1510/2746, Loss: 1.2527
Epoch 11/100, Batch 1520/2746, Loss: 1.3368
Epoch 11/100, Batch 1530/2746, Loss: 1.1925
Epoch 11/100, Batch 1540/2746, Loss: 1.2706
Epoch 11/100, Batch 1550/2746, Loss: 1.2577
Epoch 11/100, Batch 1560/2746, Loss: 1.4332
Epoch 11/100, Batch 1570/2746, Loss: 1.2641
Epoch 11/100, Batch 1580/2746, Loss: 1.2876
Epoch 11/100, Batch 1590/2746, Loss: 1.2507
Epoch 11/100, Batch 1600/2746, Loss: 1.2682
Epoch 11/100, Batch 1610/2746, Loss: 1.2162
Epoch 11/100, Batch 1620/2746, Loss: 1.2676
Epoch 11/100, Batch 1630/2746, Loss: 1.2130
Epoch 11/100, Batch 1640/2746, Loss: 1.2852
Epoch 11/100, Batch 1650/2746, Loss: 1.2712
Epoch 11/100, Batch 1660/2746, Loss: 1.2150
Epoch 11/100, Batch 1670/2746, Loss: 1.2172
Epoch 11/100, Batch 1680/2746, Loss: 1.2239
Epoch 11/100, Batch 1690/2746, Loss: 1.1499
Epoch 11/100, Batch 1700/2746, Loss: 1.2595
Epoch 11/100, Batch 1710/2746, Loss: 1.3168
Epoch 11/100, Batch 1720/2746, Loss: 1.2528
Epoch 11/100, Batch 1730/2746, Loss: 1.1807
Epoch 11/100, Batch 1740/2746, Loss: 1.2305
Epoch 11/100, Batch 1750/2746, Loss: 1.2462
Epoch 11/100, Batch 1760/2746, Loss: 1.2180
Epoch 11/100, Batch 1770/2746, Loss: 1.1746
Epoch 11/100, Batch 1780/2746, Loss: 1.2433
Epoch 11/100, Batch 1790/2746, Loss: 1.1618
Epoch 11/100, Batch 1800/2746, Loss: 1.1788
Epoch 11/100, Batch 1810/2746, Loss: 1.2072
Epoch 11/100, Batch 1820/2746, Loss: 1.2567
Epoch 11/100, Batch 1830/2746, Loss: 1.2117
Epoch 11/100, Batch 1840/2746, Loss: 1.2487
Epoch 11/100, Batch 1850/2746, Loss: 1.2096
Epoch 11/100, Batch 1860/2746, Loss: 1.2826
Epoch 11/100, Batch 1870/2746, Loss: 1.2080
Epoch 11/100, Batch 1880/2746, Loss: 1.2746
Epoch 11/100, Batch 1890/2746, Loss: 1.2179
Epoch 11/100, Batch 1900/2746, Loss: 1.2563
Epoch 11/100, Batch 1910/2746, Loss: 1.2166
Epoch 11/100, Batch 1920/2746, Loss: 1.2672
Epoch 11/100, Batch 1930/2746, Loss: 1.1630
Epoch 11/100, Batch 1940/2746, Loss: 1.1625
Epoch 11/100, Batch 1950/2746, Loss: 1.2724
Epoch 11/100, Batch 1960/2746, Loss: 1.2155
Epoch 11/100, Batch 1970/2746, Loss: 1.2051
Epoch 11/100, Batch 1980/2746, Loss: 1.2594
Epoch 11/100, Batch 1990/2746, Loss: 1.2153
Epoch 11/100, Batch 2000/2746, Loss: 1.2058
Epoch 11/100, Batch 2010/2746, Loss: 1.2602
Epoch 11/100, Batch 2020/2746, Loss: 1.1446
Epoch 11/100, Batch 2030/2746, Loss: 1.1991
Epoch 11/100, Batch 2040/2746, Loss: 1.1780
Epoch 11/100, Batch 2050/2746, Loss: 1.1520
Epoch 11/100, Batch 2060/2746, Loss: 1.1765
Epoch 11/100, Batch 2070/2746, Loss: 1.1540
Epoch 11/100, Batch 2080/2746, Loss: 1.1718
Epoch 11/100, Batch 2090/2746, Loss: 1.2291
Epoch 11/100, Batch 2100/2746, Loss: 1.2676
Epoch 11/100, Batch 2110/2746, Loss: 1.2909
Epoch 11/100, Batch 2120/2746, Loss: 1.1442
Epoch 11/100, Batch 2130/2746, Loss: 1.2252
Epoch 11/100, Batch 2140/2746, Loss: 1.2273
Epoch 11/100, Batch 2150/2746, Loss: 1.1831
Epoch 11/100, Batch 2160/2746, Loss: 1.1629
Epoch 11/100, Batch 2170/2746, Loss: 1.2141
Epoch 11/100, Batch 2180/2746, Loss: 1.1762
Epoch 11/100, Batch 2190/2746, Loss: 1.2290
Epoch 11/100, Batch 2200/2746, Loss: 1.2759
Epoch 11/100, Batch 2210/2746, Loss: 1.1516
Epoch 11/100, Batch 2220/2746, Loss: 1.2072
Epoch 11/100, Batch 2230/2746, Loss: 1.2040
Epoch 11/100, Batch 2240/2746, Loss: 1.2412
Epoch 11/100, Batch 2250/2746, Loss: 1.2276
Epoch 11/100, Batch 2260/2746, Loss: 1.2974
Epoch 11/100, Batch 2270/2746, Loss: 1.2009
Epoch 11/100, Batch 2280/2746, Loss: 1.2386
Epoch 11/100, Batch 2290/2746, Loss: 1.1910
Epoch 11/100, Batch 2300/2746, Loss: 1.2050
Epoch 11/100, Batch 2310/2746, Loss: 1.2095
Epoch 11/100, Batch 2320/2746, Loss: 1.2649
Epoch 11/100, Batch 2330/2746, Loss: 1.2462
Epoch 11/100, Batch 2340/2746, Loss: 1.2654
Epoch 11/100, Batch 2350/2746, Loss: 1.2784
Epoch 11/100, Batch 2360/2746, Loss: 1.3500
Epoch 11/100, Batch 2370/2746, Loss: 1.2667
Epoch 11/100, Batch 2380/2746, Loss: 1.1227
Epoch 11/100, Batch 2390/2746, Loss: 1.2328
Epoch 11/100, Batch 2400/2746, Loss: 1.1947
Epoch 11/100, Batch 2410/2746, Loss: 1.2319
Epoch 11/100, Batch 2420/2746, Loss: 1.2795
Epoch 11/100, Batch 2430/2746, Loss: 1.2800
Epoch 11/100, Batch 2440/2746, Loss: 1.2791
Epoch 11/100, Batch 2450/2746, Loss: 1.1780
Epoch 11/100, Batch 2460/2746, Loss: 1.1431
Epoch 11/100, Batch 2470/2746, Loss: 1.1984
Epoch 11/100, Batch 2480/2746, Loss: 1.1661
Epoch 11/100, Batch 2490/2746, Loss: 1.2232
Epoch 11/100, Batch 2500/2746, Loss: 1.2608
Epoch 11/100, Batch 2510/2746, Loss: 1.2573
Epoch 11/100, Batch 2520/2746, Loss: 1.2167
Epoch 11/100, Batch 2530/2746, Loss: 1.2800
Epoch 11/100, Batch 2540/2746, Loss: 1.2294
Epoch 11/100, Batch 2550/2746, Loss: 1.2165
Epoch 11/100, Batch 2560/2746, Loss: 1.1872
Epoch 11/100, Batch 2570/2746, Loss: 1.2302
Epoch 11/100, Batch 2580/2746, Loss: 1.2070
Epoch 11/100, Batch 2590/2746, Loss: 1.1630
Epoch 11/100, Batch 2600/2746, Loss: 1.2161
Epoch 11/100, Batch 2610/2746, Loss: 1.2670
Epoch 11/100, Batch 2620/2746, Loss: 1.2286
Epoch 11/100, Batch 2630/2746, Loss: 1.1859
Epoch 11/100, Batch 2640/2746, Loss: 1.2133
Epoch 11/100, Batch 2650/2746, Loss: 1.1933
Epoch 11/100, Batch 2660/2746, Loss: 1.2691
Epoch 11/100, Batch 2670/2746, Loss: 1.2286
Epoch 11/100, Batch 2680/2746, Loss: 1.2268
Epoch 11/100, Batch 2690/2746, Loss: 1.2162
Epoch 11/100, Batch 2700/2746, Loss: 1.1610
Epoch 11/100, Batch 2710/2746, Loss: 1.2711
Epoch 11/100, Batch 2720/2746, Loss: 1.1960
Epoch 11/100, Batch 2730/2746, Loss: 1.2144
Epoch 11/100, Batch 2740/2746, Loss: 1.2064
New best model with validation loss: 1.0599, perplexity: 2.89
Epoch 11/100, Loss: 1.2302, Perplexity: 3.42, Val Loss: 1.0599, Val Perplexity: 2.89, Time: 3665.93s
Epoch 12/100, Batch 10/2746, Loss: 1.2118
Epoch 12/100, Batch 20/2746, Loss: 1.2861
Epoch 12/100, Batch 30/2746, Loss: 1.1883
Epoch 12/100, Batch 40/2746, Loss: 1.1761
Epoch 12/100, Batch 50/2746, Loss: 1.2594
Epoch 12/100, Batch 60/2746, Loss: 1.2348
Epoch 12/100, Batch 70/2746, Loss: 1.2034
Epoch 12/100, Batch 80/2746, Loss: 1.2211
Epoch 12/100, Batch 90/2746, Loss: 1.2120
Epoch 12/100, Batch 100/2746, Loss: 1.2143
Epoch 12/100, Batch 110/2746, Loss: 1.3255
Epoch 12/100, Batch 120/2746, Loss: 1.2187
Epoch 12/100, Batch 130/2746, Loss: 1.3416
Epoch 12/100, Batch 140/2746, Loss: 1.1953
Epoch 12/100, Batch 150/2746, Loss: 1.1197
Epoch 12/100, Batch 160/2746, Loss: 1.1905
Epoch 12/100, Batch 170/2746, Loss: 1.2250
Epoch 12/100, Batch 180/2746, Loss: 1.2762
Epoch 12/100, Batch 190/2746, Loss: 1.2546
Epoch 12/100, Batch 200/2746, Loss: 1.3127
Epoch 12/100, Batch 210/2746, Loss: 1.2416
Epoch 12/100, Batch 220/2746, Loss: 1.2134
Epoch 12/100, Batch 230/2746, Loss: 1.2809
Epoch 12/100, Batch 240/2746, Loss: 1.2636
Epoch 12/100, Batch 250/2746, Loss: 1.2882
Epoch 12/100, Batch 260/2746, Loss: 1.2561
Epoch 12/100, Batch 270/2746, Loss: 1.2337
Epoch 12/100, Batch 280/2746, Loss: 1.2338
Epoch 12/100, Batch 290/2746, Loss: 1.1706
Epoch 12/100, Batch 300/2746, Loss: 1.2654
Epoch 12/100, Batch 310/2746, Loss: 1.2743
Epoch 12/100, Batch 320/2746, Loss: 1.2013
Epoch 12/100, Batch 330/2746, Loss: 1.2218
Epoch 12/100, Batch 340/2746, Loss: 1.2292
Epoch 12/100, Batch 350/2746, Loss: 1.1186
Epoch 12/100, Batch 360/2746, Loss: 1.2221
Epoch 12/100, Batch 370/2746, Loss: 1.2093
Epoch 12/100, Batch 380/2746, Loss: 1.1510
Epoch 12/100, Batch 390/2746, Loss: 1.2437
Epoch 12/100, Batch 400/2746, Loss: 1.2889
Epoch 12/100, Batch 410/2746, Loss: 1.1873
Epoch 12/100, Batch 420/2746, Loss: 1.1712
Epoch 12/100, Batch 430/2746, Loss: 1.3254
Epoch 12/100, Batch 440/2746, Loss: 1.2072
Epoch 12/100, Batch 450/2746, Loss: 1.2052
Epoch 12/100, Batch 460/2746, Loss: 1.2459
Epoch 12/100, Batch 470/2746, Loss: 1.2663
Epoch 12/100, Batch 480/2746, Loss: 1.2138
Epoch 12/100, Batch 490/2746, Loss: 1.2612
Epoch 12/100, Batch 500/2746, Loss: 1.2875
Epoch 12/100, Batch 510/2746, Loss: 1.1487
Epoch 12/100, Batch 520/2746, Loss: 1.1712
Epoch 12/100, Batch 530/2746, Loss: 1.2483
Epoch 12/100, Batch 540/2746, Loss: 1.2659
Epoch 12/100, Batch 550/2746, Loss: 1.2369
Epoch 12/100, Batch 560/2746, Loss: 1.1815
Epoch 12/100, Batch 570/2746, Loss: 1.1804
Epoch 12/100, Batch 580/2746, Loss: 1.1339
Epoch 12/100, Batch 590/2746, Loss: 1.1275
Epoch 12/100, Batch 600/2746, Loss: 1.1516
Epoch 12/100, Batch 610/2746, Loss: 1.2059
Epoch 12/100, Batch 620/2746, Loss: 1.2105
Epoch 12/100, Batch 630/2746, Loss: 1.2227
Epoch 12/100, Batch 640/2746, Loss: 1.1811
Epoch 12/100, Batch 650/2746, Loss: 1.2662
Epoch 12/100, Batch 660/2746, Loss: 1.1791
Epoch 12/100, Batch 670/2746, Loss: 1.2999
Epoch 12/100, Batch 680/2746, Loss: 1.2443
Epoch 12/100, Batch 690/2746, Loss: 1.2488
Epoch 12/100, Batch 700/2746, Loss: 1.1644
Epoch 12/100, Batch 710/2746, Loss: 1.1071
Epoch 12/100, Batch 720/2746, Loss: 1.2000
Epoch 12/100, Batch 730/2746, Loss: 1.2478
Epoch 12/100, Batch 740/2746, Loss: 1.1707
Epoch 12/100, Batch 750/2746, Loss: 1.1766
Epoch 12/100, Batch 760/2746, Loss: 1.1822
Epoch 12/100, Batch 770/2746, Loss: 1.2040
Epoch 12/100, Batch 780/2746, Loss: 1.1795
Epoch 12/100, Batch 790/2746, Loss: 1.2503
Epoch 12/100, Batch 800/2746, Loss: 1.2394
Epoch 12/100, Batch 810/2746, Loss: 1.1739
Epoch 12/100, Batch 820/2746, Loss: 1.1767
Epoch 12/100, Batch 830/2746, Loss: 1.2246
Epoch 12/100, Batch 840/2746, Loss: 1.2006
Epoch 12/100, Batch 850/2746, Loss: 1.1500
Epoch 12/100, Batch 860/2746, Loss: 1.1729
Epoch 12/100, Batch 870/2746, Loss: 1.2161
Epoch 12/100, Batch 880/2746, Loss: 1.2072
Epoch 12/100, Batch 890/2746, Loss: 1.4792
Epoch 12/100, Batch 900/2746, Loss: 1.1773
Epoch 12/100, Batch 910/2746, Loss: 1.1604
Epoch 12/100, Batch 920/2746, Loss: 1.1726
Epoch 12/100, Batch 930/2746, Loss: 1.2131
Epoch 12/100, Batch 940/2746, Loss: 1.1750
Epoch 12/100, Batch 950/2746, Loss: 1.2394
Epoch 12/100, Batch 960/2746, Loss: 1.2755
Epoch 12/100, Batch 970/2746, Loss: 1.2852
Epoch 12/100, Batch 980/2746, Loss: 1.1931
Epoch 12/100, Batch 990/2746, Loss: 1.2519
Epoch 12/100, Batch 1000/2746, Loss: 1.2636
Epoch 12/100, Batch 1010/2746, Loss: 1.1958
Epoch 12/100, Batch 1020/2746, Loss: 1.2146
Epoch 12/100, Batch 1030/2746, Loss: 1.1653
Epoch 12/100, Batch 1040/2746, Loss: 1.2064
Epoch 12/100, Batch 1050/2746, Loss: 1.1608
Epoch 12/100, Batch 1060/2746, Loss: 1.2643
Epoch 12/100, Batch 1070/2746, Loss: 1.1561
Epoch 12/100, Batch 1080/2746, Loss: 1.1453
Epoch 12/100, Batch 1090/2746, Loss: 1.1145
Epoch 12/100, Batch 1100/2746, Loss: 1.2128
Epoch 12/100, Batch 1110/2746, Loss: 1.2080
Epoch 12/100, Batch 1120/2746, Loss: 1.2704
Epoch 12/100, Batch 1130/2746, Loss: 1.1867
Epoch 12/100, Batch 1140/2746, Loss: 1.2134
Epoch 12/100, Batch 1150/2746, Loss: 1.2000
Epoch 12/100, Batch 1160/2746, Loss: 1.1236
Epoch 12/100, Batch 1170/2746, Loss: 1.1638
Epoch 12/100, Batch 1180/2746, Loss: 1.2044
Epoch 12/100, Batch 1190/2746, Loss: 1.2184
Epoch 12/100, Batch 1200/2746, Loss: 1.1728
Epoch 12/100, Batch 1210/2746, Loss: 1.0836
Epoch 12/100, Batch 1220/2746, Loss: 1.1726
Epoch 12/100, Batch 1230/2746, Loss: 1.1593
Epoch 12/100, Batch 1240/2746, Loss: 1.1646
Epoch 12/100, Batch 1250/2746, Loss: 1.2171
Epoch 12/100, Batch 1260/2746, Loss: 1.2748
Epoch 12/100, Batch 1270/2746, Loss: 1.1958
Epoch 12/100, Batch 1280/2746, Loss: 1.1717
Epoch 12/100, Batch 1290/2746, Loss: 1.1842
Epoch 12/100, Batch 1300/2746, Loss: 1.1868
Epoch 12/100, Batch 1310/2746, Loss: 1.2580
Epoch 12/100, Batch 1320/2746, Loss: 1.2122
Epoch 12/100, Batch 1330/2746, Loss: 1.1431
Epoch 12/100, Batch 1340/2746, Loss: 1.2065
Epoch 12/100, Batch 1350/2746, Loss: 1.2154
Epoch 12/100, Batch 1360/2746, Loss: 1.1981
Epoch 12/100, Batch 1370/2746, Loss: 1.2069
Epoch 12/100, Batch 1380/2746, Loss: 1.1563
Epoch 12/100, Batch 1390/2746, Loss: 1.1278
Epoch 12/100, Batch 1400/2746, Loss: 1.1642
Epoch 12/100, Batch 1410/2746, Loss: 1.2357
Epoch 12/100, Batch 1420/2746, Loss: 1.2552
Epoch 12/100, Batch 1430/2746, Loss: 1.2018
Epoch 12/100, Batch 1440/2746, Loss: 1.1938
Epoch 12/100, Batch 1450/2746, Loss: 1.3145
Epoch 12/100, Batch 1460/2746, Loss: 1.1272
Epoch 12/100, Batch 1470/2746, Loss: 1.1848
Epoch 12/100, Batch 1480/2746, Loss: 1.2178
Epoch 12/100, Batch 1490/2746, Loss: 1.2705
Epoch 12/100, Batch 1500/2746, Loss: 1.1965
Epoch 12/100, Batch 1510/2746, Loss: 1.2119
Epoch 12/100, Batch 1520/2746, Loss: 1.1861
Epoch 12/100, Batch 1530/2746, Loss: 1.1771
Epoch 12/100, Batch 1540/2746, Loss: 1.2559
Epoch 12/100, Batch 1550/2746, Loss: 1.2021
Epoch 12/100, Batch 1560/2746, Loss: 1.1878
Epoch 12/100, Batch 1570/2746, Loss: 1.2976
Epoch 12/100, Batch 1580/2746, Loss: 1.2583
Epoch 12/100, Batch 1590/2746, Loss: 1.2184
Epoch 12/100, Batch 1600/2746, Loss: 1.2067
Epoch 12/100, Batch 1610/2746, Loss: 1.2502
Epoch 12/100, Batch 1620/2746, Loss: 1.2105
Epoch 12/100, Batch 1630/2746, Loss: 1.1935
Epoch 12/100, Batch 1640/2746, Loss: 1.2481
Epoch 12/100, Batch 1650/2746, Loss: 1.2540
Epoch 12/100, Batch 1660/2746, Loss: 1.2305
Epoch 12/100, Batch 1670/2746, Loss: 1.2474
Epoch 12/100, Batch 1680/2746, Loss: 1.2128
Epoch 12/100, Batch 1690/2746, Loss: 1.1433
Epoch 12/100, Batch 1700/2746, Loss: 1.2192
Epoch 12/100, Batch 1710/2746, Loss: 1.3015
Epoch 12/100, Batch 1720/2746, Loss: 1.2243
Epoch 12/100, Batch 1730/2746, Loss: 1.1641
Epoch 12/100, Batch 1740/2746, Loss: 1.2061
Epoch 12/100, Batch 1750/2746, Loss: 1.1615
Epoch 12/100, Batch 1760/2746, Loss: 1.1823
Epoch 12/100, Batch 1770/2746, Loss: 1.1606
Epoch 12/100, Batch 1780/2746, Loss: 1.2683
Epoch 12/100, Batch 1790/2746, Loss: 1.1456
Epoch 12/100, Batch 1800/2746, Loss: 1.1600
Epoch 12/100, Batch 1810/2746, Loss: 1.1588
Epoch 12/100, Batch 1820/2746, Loss: 1.2451
Epoch 12/100, Batch 1830/2746, Loss: 1.2326
Epoch 12/100, Batch 1840/2746, Loss: 1.1934
Epoch 12/100, Batch 1850/2746, Loss: 1.2205
Epoch 12/100, Batch 1860/2746, Loss: 1.2227
Epoch 12/100, Batch 1870/2746, Loss: 1.2017
Epoch 12/100, Batch 1880/2746, Loss: 1.2335
Epoch 12/100, Batch 1890/2746, Loss: 1.1944
Epoch 12/100, Batch 1900/2746, Loss: 1.2345
Epoch 12/100, Batch 1910/2746, Loss: 1.2469
Epoch 12/100, Batch 1920/2746, Loss: 1.2320
Epoch 12/100, Batch 1930/2746, Loss: 1.1327
Epoch 12/100, Batch 1940/2746, Loss: 1.1569
Epoch 12/100, Batch 1950/2746, Loss: 1.2136
Epoch 12/100, Batch 1960/2746, Loss: 1.2006
Epoch 12/100, Batch 1970/2746, Loss: 1.1909
Epoch 12/100, Batch 1980/2746, Loss: 1.1976
Epoch 12/100, Batch 1990/2746, Loss: 1.2189
Epoch 12/100, Batch 2000/2746, Loss: 1.2097
Epoch 12/100, Batch 2010/2746, Loss: 1.2397
Epoch 12/100, Batch 2020/2746, Loss: 1.1200
Epoch 12/100, Batch 2030/2746, Loss: 1.2185
Epoch 12/100, Batch 2040/2746, Loss: 1.1600
Epoch 12/100, Batch 2050/2746, Loss: 1.1378
Epoch 12/100, Batch 2060/2746, Loss: 1.1695
Epoch 12/100, Batch 2070/2746, Loss: 1.1347
Epoch 12/100, Batch 2080/2746, Loss: 1.1072
Epoch 12/100, Batch 2090/2746, Loss: 1.1735
Epoch 12/100, Batch 2100/2746, Loss: 1.2428
Epoch 12/100, Batch 2110/2746, Loss: 1.2309
Epoch 12/100, Batch 2120/2746, Loss: 1.2161
Epoch 12/100, Batch 2130/2746, Loss: 1.2137
Epoch 12/100, Batch 2140/2746, Loss: 1.2063
Epoch 12/100, Batch 2150/2746, Loss: 1.1496
Epoch 12/100, Batch 2160/2746, Loss: 1.1284
Epoch 12/100, Batch 2170/2746, Loss: 1.1694
Epoch 12/100, Batch 2180/2746, Loss: 1.1930
Epoch 12/100, Batch 2190/2746, Loss: 1.2179
Epoch 12/100, Batch 2200/2746, Loss: 1.2286
Epoch 12/100, Batch 2210/2746, Loss: 1.1340
Epoch 12/100, Batch 2220/2746, Loss: 1.1642
Epoch 12/100, Batch 2230/2746, Loss: 1.2172
Epoch 12/100, Batch 2240/2746, Loss: 1.2256
Epoch 12/100, Batch 2250/2746, Loss: 1.2344
Epoch 12/100, Batch 2260/2746, Loss: 1.2831
Epoch 12/100, Batch 2270/2746, Loss: 1.1798
Epoch 12/100, Batch 2280/2746, Loss: 1.1898
Epoch 12/100, Batch 2290/2746, Loss: 1.1367
Epoch 12/100, Batch 2300/2746, Loss: 1.1853
Epoch 12/100, Batch 2310/2746, Loss: 1.1522
Epoch 12/100, Batch 2320/2746, Loss: 1.1992
Epoch 12/100, Batch 2330/2746, Loss: 1.2264
Epoch 12/100, Batch 2340/2746, Loss: 1.2023
Epoch 12/100, Batch 2350/2746, Loss: 1.2187
Epoch 12/100, Batch 2360/2746, Loss: 1.2358
Epoch 12/100, Batch 2370/2746, Loss: 1.2447
Epoch 12/100, Batch 2380/2746, Loss: 1.1239
Epoch 12/100, Batch 2390/2746, Loss: 1.2103
Epoch 12/100, Batch 2400/2746, Loss: 1.2096
Epoch 12/100, Batch 2410/2746, Loss: 1.2242
Epoch 12/100, Batch 2420/2746, Loss: 1.2271
Epoch 12/100, Batch 2430/2746, Loss: 1.2359
Epoch 12/100, Batch 2440/2746, Loss: 1.2427
Epoch 12/100, Batch 2450/2746, Loss: 1.1595
Epoch 12/100, Batch 2460/2746, Loss: 1.1765
Epoch 12/100, Batch 2470/2746, Loss: 1.1688
Epoch 12/100, Batch 2480/2746, Loss: 1.1442
Epoch 12/100, Batch 2490/2746, Loss: 1.2434
Epoch 12/100, Batch 2500/2746, Loss: 1.2453
Epoch 12/100, Batch 2510/2746, Loss: 1.2239
Epoch 12/100, Batch 2520/2746, Loss: 1.2015
Epoch 12/100, Batch 2530/2746, Loss: 1.2611
Epoch 12/100, Batch 2540/2746, Loss: 1.2020
Epoch 12/100, Batch 2550/2746, Loss: 1.1754
Epoch 12/100, Batch 2560/2746, Loss: 1.1638
Epoch 12/100, Batch 2570/2746, Loss: 1.2550
Epoch 12/100, Batch 2580/2746, Loss: 1.2509
Epoch 12/100, Batch 2590/2746, Loss: 1.1358
Epoch 12/100, Batch 2600/2746, Loss: 1.2107
Epoch 12/100, Batch 2610/2746, Loss: 1.2211
Epoch 12/100, Batch 2620/2746, Loss: 1.2520
Epoch 12/100, Batch 2630/2746, Loss: 1.1950
Epoch 12/100, Batch 2640/2746, Loss: 1.1766
Epoch 12/100, Batch 2650/2746, Loss: 1.1345
Epoch 12/100, Batch 2660/2746, Loss: 1.2147
Epoch 12/100, Batch 2670/2746, Loss: 1.1999
Epoch 12/100, Batch 2680/2746, Loss: 1.2343
Epoch 12/100, Batch 2690/2746, Loss: 1.1934
Epoch 12/100, Batch 2700/2746, Loss: 1.1418
Epoch 12/100, Batch 2710/2746, Loss: 1.2471
Epoch 12/100, Batch 2720/2746, Loss: 1.1699
Epoch 12/100, Batch 2730/2746, Loss: 1.1982
Epoch 12/100, Batch 2740/2746, Loss: 1.1827
New best model with validation loss: 1.0462, perplexity: 2.85
Epoch 12/100, Loss: 1.2085, Perplexity: 3.35, Val Loss: 1.0462, Val Perplexity: 2.85, Time: 3658.02s
Epoch 13/100, Batch 10/2746, Loss: 1.2163
Epoch 13/100, Batch 20/2746, Loss: 1.2070
Epoch 13/100, Batch 30/2746, Loss: 1.1782
Epoch 13/100, Batch 40/2746, Loss: 1.1865
Epoch 13/100, Batch 50/2746, Loss: 1.2329
Epoch 13/100, Batch 60/2746, Loss: 1.1863
Epoch 13/100, Batch 70/2746, Loss: 1.1941
Epoch 13/100, Batch 80/2746, Loss: 1.2054
Epoch 13/100, Batch 90/2746, Loss: 1.1895
Epoch 13/100, Batch 100/2746, Loss: 1.1545
Epoch 13/100, Batch 110/2746, Loss: 1.2930
Epoch 13/100, Batch 120/2746, Loss: 1.1534
Epoch 13/100, Batch 130/2746, Loss: 1.1653
Epoch 13/100, Batch 140/2746, Loss: 1.1742
Epoch 13/100, Batch 150/2746, Loss: 1.0991
Epoch 13/100, Batch 160/2746, Loss: 1.2197
Epoch 13/100, Batch 170/2746, Loss: 1.2254
Epoch 13/100, Batch 180/2746, Loss: 1.2079
Epoch 13/100, Batch 190/2746, Loss: 1.2410
Epoch 13/100, Batch 200/2746, Loss: 1.2752
Epoch 13/100, Batch 210/2746, Loss: 1.2715
Epoch 13/100, Batch 220/2746, Loss: 1.1897
Epoch 13/100, Batch 230/2746, Loss: 1.2317
Epoch 13/100, Batch 240/2746, Loss: 1.2477
Epoch 13/100, Batch 250/2746, Loss: 1.2741
Epoch 13/100, Batch 260/2746, Loss: 1.3459
Epoch 13/100, Batch 270/2746, Loss: 1.2109
Epoch 13/100, Batch 280/2746, Loss: 1.2235
Epoch 13/100, Batch 290/2746, Loss: 1.1511
Epoch 13/100, Batch 300/2746, Loss: 1.2640
Epoch 13/100, Batch 310/2746, Loss: 1.1672
Epoch 13/100, Batch 320/2746, Loss: 1.1657
Epoch 13/100, Batch 330/2746, Loss: 1.2130
Epoch 13/100, Batch 340/2746, Loss: 1.2095
Epoch 13/100, Batch 350/2746, Loss: 1.1372
Epoch 13/100, Batch 360/2746, Loss: 1.1985
Epoch 13/100, Batch 370/2746, Loss: 1.1912
Epoch 13/100, Batch 380/2746, Loss: 1.1284
Epoch 13/100, Batch 390/2746, Loss: 1.2632
Epoch 13/100, Batch 400/2746, Loss: 1.3558
Epoch 13/100, Batch 410/2746, Loss: 1.1596
Epoch 13/100, Batch 420/2746, Loss: 1.1467
Epoch 13/100, Batch 430/2746, Loss: 1.2048
Epoch 13/100, Batch 440/2746, Loss: 1.2298
Epoch 13/100, Batch 450/2746, Loss: 1.1814
Epoch 13/100, Batch 460/2746, Loss: 1.2250
Epoch 13/100, Batch 470/2746, Loss: 1.2347
Epoch 13/100, Batch 480/2746, Loss: 1.2038
Epoch 13/100, Batch 490/2746, Loss: 1.2022
Epoch 13/100, Batch 500/2746, Loss: 1.2615
Epoch 13/100, Batch 510/2746, Loss: 1.1280
Epoch 13/100, Batch 520/2746, Loss: 1.1559
Epoch 13/100, Batch 530/2746, Loss: 1.2420
Epoch 13/100, Batch 540/2746, Loss: 1.2721
Epoch 13/100, Batch 550/2746, Loss: 1.2086
Epoch 13/100, Batch 560/2746, Loss: 1.1268
Epoch 13/100, Batch 570/2746, Loss: 1.1567
Epoch 13/100, Batch 580/2746, Loss: 1.1485
Epoch 13/100, Batch 590/2746, Loss: 1.1022
Epoch 13/100, Batch 600/2746, Loss: 1.1194
Epoch 13/100, Batch 610/2746, Loss: 1.1993
Epoch 13/100, Batch 620/2746, Loss: 1.1861
Epoch 13/100, Batch 630/2746, Loss: 1.2322
Epoch 13/100, Batch 640/2746, Loss: 1.1617
Epoch 13/100, Batch 650/2746, Loss: 1.2019
Epoch 13/100, Batch 660/2746, Loss: 1.1567
Epoch 13/100, Batch 670/2746, Loss: 1.1669
Epoch 13/100, Batch 680/2746, Loss: 1.2417
Epoch 13/100, Batch 690/2746, Loss: 1.1901
Epoch 13/100, Batch 700/2746, Loss: 1.2071
Epoch 13/100, Batch 710/2746, Loss: 1.0905
Epoch 13/100, Batch 720/2746, Loss: 1.1714
Epoch 13/100, Batch 730/2746, Loss: 1.2449
Epoch 13/100, Batch 740/2746, Loss: 1.1869
Epoch 13/100, Batch 750/2746, Loss: 1.1443
Epoch 13/100, Batch 760/2746, Loss: 1.1555
Epoch 13/100, Batch 770/2746, Loss: 1.1369
Epoch 13/100, Batch 780/2746, Loss: 1.1619
Epoch 13/100, Batch 790/2746, Loss: 1.1897
Epoch 13/100, Batch 800/2746, Loss: 1.2445
Epoch 13/100, Batch 810/2746, Loss: 1.1580
Epoch 13/100, Batch 820/2746, Loss: 1.1555
Epoch 13/100, Batch 830/2746, Loss: 1.2002
Epoch 13/100, Batch 840/2746, Loss: 1.1788
Epoch 13/100, Batch 850/2746, Loss: 1.1356
Epoch 13/100, Batch 860/2746, Loss: 1.1412
Epoch 13/100, Batch 870/2746, Loss: 1.1991
Epoch 13/100, Batch 880/2746, Loss: 1.1881
Epoch 13/100, Batch 890/2746, Loss: 1.2048
Epoch 13/100, Batch 900/2746, Loss: 1.1688
Epoch 13/100, Batch 910/2746, Loss: 1.1406
Epoch 13/100, Batch 920/2746, Loss: 1.1585
Epoch 13/100, Batch 930/2746, Loss: 1.2023
Epoch 13/100, Batch 940/2746, Loss: 1.1299
Epoch 13/100, Batch 950/2746, Loss: 1.2243
Epoch 13/100, Batch 960/2746, Loss: 1.2279
Epoch 13/100, Batch 970/2746, Loss: 1.2354
Epoch 13/100, Batch 980/2746, Loss: 1.1756
Epoch 13/100, Batch 990/2746, Loss: 1.2426
Epoch 13/100, Batch 1000/2746, Loss: 1.2431
Epoch 13/100, Batch 1010/2746, Loss: 1.2139
Epoch 13/100, Batch 1020/2746, Loss: 1.2475
Epoch 13/100, Batch 1030/2746, Loss: 1.1470
Epoch 13/100, Batch 1040/2746, Loss: 1.1609
Epoch 13/100, Batch 1050/2746, Loss: 1.1650
Epoch 13/100, Batch 1060/2746, Loss: 1.2093
Epoch 13/100, Batch 1070/2746, Loss: 1.1402
Epoch 13/100, Batch 1080/2746, Loss: 1.1301
Epoch 13/100, Batch 1090/2746, Loss: 1.1097
Epoch 13/100, Batch 1100/2746, Loss: 1.1557
Epoch 13/100, Batch 1110/2746, Loss: 1.1350
Epoch 13/100, Batch 1120/2746, Loss: 1.2458
Epoch 13/100, Batch 1130/2746, Loss: 1.2132
Epoch 13/100, Batch 1140/2746, Loss: 1.1551
Epoch 13/100, Batch 1150/2746, Loss: 1.2201
Epoch 13/100, Batch 1160/2746, Loss: 1.1047
Epoch 13/100, Batch 1170/2746, Loss: 1.1696
Epoch 13/100, Batch 1180/2746, Loss: 1.2138
Epoch 13/100, Batch 1190/2746, Loss: 1.2060
Epoch 13/100, Batch 1200/2746, Loss: 1.1744
Epoch 13/100, Batch 1210/2746, Loss: 1.0658
Epoch 13/100, Batch 1220/2746, Loss: 1.1709
Epoch 13/100, Batch 1230/2746, Loss: 1.1433
Epoch 13/100, Batch 1240/2746, Loss: 1.1490
Epoch 13/100, Batch 1250/2746, Loss: 1.1950
Epoch 13/100, Batch 1260/2746, Loss: 1.2102
Epoch 13/100, Batch 1270/2746, Loss: 1.1587
Epoch 13/100, Batch 1280/2746, Loss: 1.1660
Epoch 13/100, Batch 1290/2746, Loss: 1.1754
Epoch 13/100, Batch 1300/2746, Loss: 1.2002
Epoch 13/100, Batch 1310/2746, Loss: 1.2221
Epoch 13/100, Batch 1320/2746, Loss: 1.2142
Epoch 13/100, Batch 1330/2746, Loss: 1.0847
Epoch 13/100, Batch 1340/2746, Loss: 1.2334
Epoch 13/100, Batch 1350/2746, Loss: 1.2320
Epoch 13/100, Batch 1360/2746, Loss: 1.1741
Epoch 13/100, Batch 1370/2746, Loss: 1.2014
Epoch 13/100, Batch 1380/2746, Loss: 1.1539
Epoch 13/100, Batch 1390/2746, Loss: 1.1586
Epoch 13/100, Batch 1400/2746, Loss: 1.1652
Epoch 13/100, Batch 1410/2746, Loss: 1.2247
Epoch 13/100, Batch 1420/2746, Loss: 1.2062
Epoch 13/100, Batch 1430/2746, Loss: 1.1906
Epoch 13/100, Batch 1440/2746, Loss: 1.1699
Epoch 13/100, Batch 1450/2746, Loss: 1.1512
Epoch 13/100, Batch 1460/2746, Loss: 1.1144
Epoch 13/100, Batch 1470/2746, Loss: 1.1698
Epoch 13/100, Batch 1480/2746, Loss: 1.2321
Epoch 13/100, Batch 1490/2746, Loss: 1.2794
Epoch 13/100, Batch 1500/2746, Loss: 1.1620
Epoch 13/100, Batch 1510/2746, Loss: 1.1919
Epoch 13/100, Batch 1520/2746, Loss: 1.1746
Epoch 13/100, Batch 1530/2746, Loss: 1.1632
Epoch 13/100, Batch 1540/2746, Loss: 1.2328
Epoch 13/100, Batch 1550/2746, Loss: 1.1846
Epoch 13/100, Batch 1560/2746, Loss: 1.1360
Epoch 13/100, Batch 1570/2746, Loss: 1.2179
Epoch 13/100, Batch 1580/2746, Loss: 1.1921
Epoch 13/100, Batch 1590/2746, Loss: 1.1976
Epoch 13/100, Batch 1600/2746, Loss: 1.1888
Epoch 13/100, Batch 1610/2746, Loss: 1.1830
Epoch 13/100, Batch 1620/2746, Loss: 1.2277
Epoch 13/100, Batch 1630/2746, Loss: 1.1897
Epoch 13/100, Batch 1640/2746, Loss: 1.2183
Epoch 13/100, Batch 1650/2746, Loss: 1.2260
Epoch 13/100, Batch 1660/2746, Loss: 1.1756
Epoch 13/100, Batch 1670/2746, Loss: 1.1757
Epoch 13/100, Batch 1680/2746, Loss: 1.2283
Epoch 13/100, Batch 1690/2746, Loss: 1.1127
Epoch 13/100, Batch 1700/2746, Loss: 1.2010
Epoch 13/100, Batch 1710/2746, Loss: 1.2440
Epoch 13/100, Batch 1720/2746, Loss: 1.2096
Epoch 13/100, Batch 1730/2746, Loss: 1.1774
Epoch 13/100, Batch 1740/2746, Loss: 1.1870
Epoch 13/100, Batch 1750/2746, Loss: 1.1395
Epoch 13/100, Batch 1760/2746, Loss: 1.1485
Epoch 13/100, Batch 1770/2746, Loss: 1.1490
Epoch 13/100, Batch 1780/2746, Loss: 1.1958
Epoch 13/100, Batch 1790/2746, Loss: 1.1382
Epoch 13/100, Batch 1800/2746, Loss: 1.1352
Epoch 13/100, Batch 1810/2746, Loss: 1.1700
Epoch 13/100, Batch 1820/2746, Loss: 1.2119
Epoch 13/100, Batch 1830/2746, Loss: 1.1768
Epoch 13/100, Batch 1840/2746, Loss: 1.1921
Epoch 13/100, Batch 1850/2746, Loss: 1.2085
Epoch 13/100, Batch 1860/2746, Loss: 1.2751
Epoch 13/100, Batch 1870/2746, Loss: 1.1819
Epoch 13/100, Batch 1880/2746, Loss: 1.2030
Epoch 13/100, Batch 1890/2746, Loss: 1.1866
Epoch 13/100, Batch 1900/2746, Loss: 1.2403
Epoch 13/100, Batch 1910/2746, Loss: 1.1831
Epoch 13/100, Batch 1920/2746, Loss: 1.2256
Epoch 13/100, Batch 1930/2746, Loss: 1.1187
Epoch 13/100, Batch 1940/2746, Loss: 1.0831
Epoch 13/100, Batch 1950/2746, Loss: 1.2579
Epoch 13/100, Batch 1960/2746, Loss: 1.1666
Epoch 13/100, Batch 1970/2746, Loss: 1.2151
Epoch 13/100, Batch 1980/2746, Loss: 1.1740
Epoch 13/100, Batch 1990/2746, Loss: 1.1855
Epoch 13/100, Batch 2000/2746, Loss: 1.1713
Epoch 13/100, Batch 2010/2746, Loss: 1.2353
Epoch 13/100, Batch 2020/2746, Loss: 1.1087
Epoch 13/100, Batch 2030/2746, Loss: 1.1840
Epoch 13/100, Batch 2040/2746, Loss: 1.1377
Epoch 13/100, Batch 2050/2746, Loss: 1.1289
Epoch 13/100, Batch 2060/2746, Loss: 1.1348
Epoch 13/100, Batch 2070/2746, Loss: 1.1261
Epoch 13/100, Batch 2080/2746, Loss: 1.1022
Epoch 13/100, Batch 2090/2746, Loss: 1.1545
Epoch 13/100, Batch 2100/2746, Loss: 1.2070
Epoch 13/100, Batch 2110/2746, Loss: 1.2186
Epoch 13/100, Batch 2120/2746, Loss: 1.1044
Epoch 13/100, Batch 2130/2746, Loss: 1.2324
Epoch 13/100, Batch 2140/2746, Loss: 1.1896
Epoch 13/100, Batch 2150/2746, Loss: 1.1264
Epoch 13/100, Batch 2160/2746, Loss: 1.1108
Epoch 13/100, Batch 2170/2746, Loss: 1.1356
Epoch 13/100, Batch 2180/2746, Loss: 1.1313
Epoch 13/100, Batch 2190/2746, Loss: 1.2008
Epoch 13/100, Batch 2200/2746, Loss: 1.2269
Epoch 13/100, Batch 2210/2746, Loss: 1.1072
Epoch 13/100, Batch 2220/2746, Loss: 1.1872
Epoch 13/100, Batch 2230/2746, Loss: 1.1683
Epoch 13/100, Batch 2240/2746, Loss: 1.2043
Epoch 13/100, Batch 2250/2746, Loss: 1.2409
Epoch 13/100, Batch 2260/2746, Loss: 1.2977
Epoch 13/100, Batch 2270/2746, Loss: 1.2244
Epoch 13/100, Batch 2280/2746, Loss: 1.1814
Epoch 13/100, Batch 2290/2746, Loss: 1.1143
Epoch 13/100, Batch 2300/2746, Loss: 1.2043
Epoch 13/100, Batch 2310/2746, Loss: 1.1293
Epoch 13/100, Batch 2320/2746, Loss: 1.1857
Epoch 13/100, Batch 2330/2746, Loss: 1.2077
Epoch 13/100, Batch 2340/2746, Loss: 1.1811
Epoch 13/100, Batch 2350/2746, Loss: 1.2365
Epoch 13/100, Batch 2360/2746, Loss: 1.2176
Epoch 13/100, Batch 2370/2746, Loss: 1.2292
Epoch 13/100, Batch 2380/2746, Loss: 1.0722
Epoch 13/100, Batch 2390/2746, Loss: 1.2180
Epoch 13/100, Batch 2400/2746, Loss: 1.1527
Epoch 13/100, Batch 2410/2746, Loss: 1.2150
Epoch 13/100, Batch 2420/2746, Loss: 1.2057
Epoch 13/100, Batch 2430/2746, Loss: 1.2189
Epoch 13/100, Batch 2440/2746, Loss: 1.1893
Epoch 13/100, Batch 2450/2746, Loss: 1.1316
Epoch 13/100, Batch 2460/2746, Loss: 1.1347
Epoch 13/100, Batch 2470/2746, Loss: 1.1756
Epoch 13/100, Batch 2480/2746, Loss: 1.1339
Epoch 13/100, Batch 2490/2746, Loss: 1.2285
Epoch 13/100, Batch 2500/2746, Loss: 1.2539
Epoch 13/100, Batch 2510/2746, Loss: 1.2160
Epoch 13/100, Batch 2520/2746, Loss: 1.1849
Epoch 13/100, Batch 2530/2746, Loss: 1.2595
Epoch 13/100, Batch 2540/2746, Loss: 1.2155
Epoch 13/100, Batch 2550/2746, Loss: 1.1953
Epoch 13/100, Batch 2560/2746, Loss: 1.1587
Epoch 13/100, Batch 2570/2746, Loss: 1.1889
Epoch 13/100, Batch 2580/2746, Loss: 1.1736
Epoch 13/100, Batch 2590/2746, Loss: 1.1433
Epoch 13/100, Batch 2600/2746, Loss: 1.1878
Epoch 13/100, Batch 2610/2746, Loss: 1.1936
Epoch 13/100, Batch 2620/2746, Loss: 1.1937
Epoch 13/100, Batch 2630/2746, Loss: 1.1382
Epoch 13/100, Batch 2640/2746, Loss: 1.1658
Epoch 13/100, Batch 2650/2746, Loss: 1.1363
Epoch 13/100, Batch 2660/2746, Loss: 1.2013
Epoch 13/100, Batch 2670/2746, Loss: 1.1841
Epoch 13/100, Batch 2680/2746, Loss: 1.1900
Epoch 13/100, Batch 2690/2746, Loss: 1.1768
Epoch 13/100, Batch 2700/2746, Loss: 1.1332
Epoch 13/100, Batch 2710/2746, Loss: 1.2694
Epoch 13/100, Batch 2720/2746, Loss: 1.1556
Epoch 13/100, Batch 2730/2746, Loss: 1.1799
Epoch 13/100, Batch 2740/2746, Loss: 1.1661
New best model with validation loss: 1.0314, perplexity: 2.81
Epoch 13/100, Loss: 1.1890, Perplexity: 3.28, Val Loss: 1.0314, Val Perplexity: 2.81, Time: 3671.04s
Epoch 14/100, Batch 10/2746, Loss: 1.1620
Epoch 14/100, Batch 20/2746, Loss: 1.2817
Epoch 14/100, Batch 30/2746, Loss: 1.1870
Epoch 14/100, Batch 40/2746, Loss: 1.1238
Epoch 14/100, Batch 50/2746, Loss: 1.2228
Epoch 14/100, Batch 60/2746, Loss: 1.1522
Epoch 14/100, Batch 70/2746, Loss: 1.1919
Epoch 14/100, Batch 80/2746, Loss: 1.1883
Epoch 14/100, Batch 90/2746, Loss: 1.1740
Epoch 14/100, Batch 100/2746, Loss: 1.1363
Epoch 14/100, Batch 110/2746, Loss: 1.2765
Epoch 14/100, Batch 120/2746, Loss: 1.1292
Epoch 14/100, Batch 130/2746, Loss: 1.1518
Epoch 14/100, Batch 140/2746, Loss: 1.1711
Epoch 14/100, Batch 150/2746, Loss: 1.1601
Epoch 14/100, Batch 160/2746, Loss: 1.1526
Epoch 14/100, Batch 170/2746, Loss: 1.2280
Epoch 14/100, Batch 180/2746, Loss: 1.2129
Epoch 14/100, Batch 190/2746, Loss: 1.2920
Epoch 14/100, Batch 200/2746, Loss: 1.3254
Epoch 14/100, Batch 210/2746, Loss: 1.2041
Epoch 14/100, Batch 220/2746, Loss: 1.2000
Epoch 14/100, Batch 230/2746, Loss: 1.2095
Epoch 14/100, Batch 240/2746, Loss: 1.3186
Epoch 14/100, Batch 250/2746, Loss: 1.2541
Epoch 14/100, Batch 260/2746, Loss: 1.2141
Epoch 14/100, Batch 270/2746, Loss: 1.1987
Epoch 14/100, Batch 280/2746, Loss: 1.2088
Epoch 14/100, Batch 290/2746, Loss: 1.1542
Epoch 14/100, Batch 300/2746, Loss: 1.2423
Epoch 14/100, Batch 310/2746, Loss: 1.1601
Epoch 14/100, Batch 320/2746, Loss: 1.2011
Epoch 14/100, Batch 330/2746, Loss: 1.2162
Epoch 14/100, Batch 340/2746, Loss: 1.1630
Epoch 14/100, Batch 350/2746, Loss: 1.0832
Epoch 14/100, Batch 360/2746, Loss: 1.1883
Epoch 14/100, Batch 370/2746, Loss: 1.1771
Epoch 14/100, Batch 380/2746, Loss: 1.1068
Epoch 14/100, Batch 390/2746, Loss: 1.1972
Epoch 14/100, Batch 400/2746, Loss: 1.2554
Epoch 14/100, Batch 410/2746, Loss: 1.1399
Epoch 14/100, Batch 420/2746, Loss: 1.1686
Epoch 14/100, Batch 430/2746, Loss: 1.1953
Epoch 14/100, Batch 440/2746, Loss: 1.1656
Epoch 14/100, Batch 450/2746, Loss: 1.1730
Epoch 14/100, Batch 460/2746, Loss: 1.2486
Epoch 14/100, Batch 470/2746, Loss: 1.2715
Epoch 14/100, Batch 480/2746, Loss: 1.3574
Epoch 14/100, Batch 490/2746, Loss: 1.1884
Epoch 14/100, Batch 500/2746, Loss: 1.2784
Epoch 14/100, Batch 510/2746, Loss: 1.1215
Epoch 14/100, Batch 520/2746, Loss: 1.1349
Epoch 14/100, Batch 530/2746, Loss: 1.2258
Epoch 14/100, Batch 540/2746, Loss: 1.2253
Epoch 14/100, Batch 550/2746, Loss: 1.2892
Epoch 14/100, Batch 560/2746, Loss: 1.1129
Epoch 14/100, Batch 570/2746, Loss: 1.1415
Epoch 14/100, Batch 580/2746, Loss: 1.1370
Epoch 14/100, Batch 590/2746, Loss: 1.0801
Epoch 14/100, Batch 600/2746, Loss: 1.1149
Epoch 14/100, Batch 610/2746, Loss: 1.1764
Epoch 14/100, Batch 620/2746, Loss: 1.1868
Epoch 14/100, Batch 630/2746, Loss: 1.1880
Epoch 14/100, Batch 640/2746, Loss: 1.1419
Epoch 14/100, Batch 650/2746, Loss: 1.2240
Epoch 14/100, Batch 660/2746, Loss: 1.1427
Epoch 14/100, Batch 670/2746, Loss: 1.1743
Epoch 14/100, Batch 680/2746, Loss: 1.2165
Epoch 14/100, Batch 690/2746, Loss: 1.2009
Epoch 14/100, Batch 700/2746, Loss: 1.1665
Epoch 14/100, Batch 710/2746, Loss: 1.0797
Epoch 14/100, Batch 720/2746, Loss: 1.1520
Epoch 14/100, Batch 730/2746, Loss: 1.1900
Epoch 14/100, Batch 740/2746, Loss: 1.1334
Epoch 14/100, Batch 750/2746, Loss: 1.0973
Epoch 14/100, Batch 760/2746, Loss: 1.2527
Epoch 14/100, Batch 770/2746, Loss: 1.1447
Epoch 14/100, Batch 780/2746, Loss: 1.1750
Epoch 14/100, Batch 790/2746, Loss: 1.1753
Epoch 14/100, Batch 800/2746, Loss: 1.1938
Epoch 14/100, Batch 810/2746, Loss: 1.1290
Epoch 14/100, Batch 820/2746, Loss: 1.1437
Epoch 14/100, Batch 830/2746, Loss: 1.1511
Epoch 14/100, Batch 840/2746, Loss: 1.1705
Epoch 14/100, Batch 850/2746, Loss: 1.1174
Epoch 14/100, Batch 860/2746, Loss: 1.1197
Epoch 14/100, Batch 870/2746, Loss: 1.1738
Epoch 14/100, Batch 880/2746, Loss: 1.1764
Epoch 14/100, Batch 890/2746, Loss: 1.2051
Epoch 14/100, Batch 900/2746, Loss: 1.1567
Epoch 14/100, Batch 910/2746, Loss: 1.1739
Epoch 14/100, Batch 920/2746, Loss: 1.1803
Epoch 14/100, Batch 930/2746, Loss: 1.1419
Epoch 14/100, Batch 940/2746, Loss: 1.1179
Epoch 14/100, Batch 950/2746, Loss: 1.2184
Epoch 14/100, Batch 960/2746, Loss: 1.2548
Epoch 14/100, Batch 970/2746, Loss: 1.2324
Epoch 14/100, Batch 980/2746, Loss: 1.1558
Epoch 14/100, Batch 990/2746, Loss: 1.2462
Epoch 14/100, Batch 1000/2746, Loss: 1.2261
Epoch 14/100, Batch 1010/2746, Loss: 1.1583
Epoch 14/100, Batch 1020/2746, Loss: 1.2861
Epoch 14/100, Batch 1030/2746, Loss: 1.1384
Epoch 14/100, Batch 1040/2746, Loss: 1.1708
Epoch 14/100, Batch 1050/2746, Loss: 1.1691
Epoch 14/100, Batch 1060/2746, Loss: 1.2256
Epoch 14/100, Batch 1070/2746, Loss: 1.1190
Epoch 14/100, Batch 1080/2746, Loss: 1.1123
Epoch 14/100, Batch 1090/2746, Loss: 1.0838
Epoch 14/100, Batch 1100/2746, Loss: 1.1933
Epoch 14/100, Batch 1110/2746, Loss: 1.1451
Epoch 14/100, Batch 1120/2746, Loss: 1.2305
Epoch 14/100, Batch 1130/2746, Loss: 1.2040
Epoch 14/100, Batch 1140/2746, Loss: 1.1362
Epoch 14/100, Batch 1150/2746, Loss: 1.1608
Epoch 14/100, Batch 1160/2746, Loss: 1.0875
Epoch 14/100, Batch 1170/2746, Loss: 1.1159
Epoch 14/100, Batch 1180/2746, Loss: 1.1937
Epoch 14/100, Batch 1190/2746, Loss: 1.1851
Epoch 14/100, Batch 1200/2746, Loss: 1.1459
Epoch 14/100, Batch 1210/2746, Loss: 1.0568
Epoch 14/100, Batch 1220/2746, Loss: 1.1877
Epoch 14/100, Batch 1230/2746, Loss: 1.1383
Epoch 14/100, Batch 1240/2746, Loss: 1.1275
Epoch 14/100, Batch 1250/2746, Loss: 1.2278
Epoch 14/100, Batch 1260/2746, Loss: 1.1833
Epoch 14/100, Batch 1270/2746, Loss: 1.1551
Epoch 14/100, Batch 1280/2746, Loss: 1.3450
Epoch 14/100, Batch 1290/2746, Loss: 1.1464
Epoch 14/100, Batch 1300/2746, Loss: 1.1545
Epoch 14/100, Batch 1310/2746, Loss: 1.2497
Epoch 14/100, Batch 1320/2746, Loss: 1.1681
Epoch 14/100, Batch 1330/2746, Loss: 1.0667
Epoch 14/100, Batch 1340/2746, Loss: 1.2000
Epoch 14/100, Batch 1350/2746, Loss: 1.1792
Epoch 14/100, Batch 1360/2746, Loss: 1.1815
Epoch 14/100, Batch 1370/2746, Loss: 1.1707
Epoch 14/100, Batch 1380/2746, Loss: 1.1111
Epoch 14/100, Batch 1390/2746, Loss: 1.0976
Epoch 14/100, Batch 1400/2746, Loss: 1.1293
Epoch 14/100, Batch 1410/2746, Loss: 1.2104
Epoch 14/100, Batch 1420/2746, Loss: 1.1980
Epoch 14/100, Batch 1430/2746, Loss: 1.1544
Epoch 14/100, Batch 1440/2746, Loss: 1.1870
Epoch 14/100, Batch 1450/2746, Loss: 1.1320
Epoch 14/100, Batch 1460/2746, Loss: 1.0945
Epoch 14/100, Batch 1470/2746, Loss: 1.1735
Epoch 14/100, Batch 1480/2746, Loss: 1.1636
Epoch 14/100, Batch 1490/2746, Loss: 1.2534
Epoch 14/100, Batch 1500/2746, Loss: 1.1486
Epoch 14/100, Batch 1510/2746, Loss: 1.1700
Epoch 14/100, Batch 1520/2746, Loss: 1.1530
Epoch 14/100, Batch 1530/2746, Loss: 1.1357
Epoch 14/100, Batch 1540/2746, Loss: 1.2121
Epoch 14/100, Batch 1550/2746, Loss: 1.1703
Epoch 14/100, Batch 1560/2746, Loss: 1.1197
Epoch 14/100, Batch 1570/2746, Loss: 1.2175
Epoch 14/100, Batch 1580/2746, Loss: 1.1814
Epoch 14/100, Batch 1590/2746, Loss: 1.2013
Epoch 14/100, Batch 1600/2746, Loss: 1.1666
Epoch 14/100, Batch 1610/2746, Loss: 1.1609
Epoch 14/100, Batch 1620/2746, Loss: 1.2244
Epoch 14/100, Batch 1630/2746, Loss: 1.1600
Epoch 14/100, Batch 1640/2746, Loss: 1.1729
Epoch 14/100, Batch 1650/2746, Loss: 1.2137
Epoch 14/100, Batch 1660/2746, Loss: 1.1582
Epoch 14/100, Batch 1670/2746, Loss: 1.1507
Epoch 14/100, Batch 1680/2746, Loss: 1.1768
Epoch 14/100, Batch 1690/2746, Loss: 1.1336
Epoch 14/100, Batch 1700/2746, Loss: 1.1710
Epoch 14/100, Batch 1710/2746, Loss: 1.2260
Epoch 14/100, Batch 1720/2746, Loss: 1.2440
Epoch 14/100, Batch 1730/2746, Loss: 1.1229
Epoch 14/100, Batch 1740/2746, Loss: 1.1794
Epoch 14/100, Batch 1750/2746, Loss: 1.1386
Epoch 14/100, Batch 1760/2746, Loss: 1.1351
Epoch 14/100, Batch 1770/2746, Loss: 1.1291
Epoch 14/100, Batch 1780/2746, Loss: 1.1801
Epoch 14/100, Batch 1790/2746, Loss: 1.1620
Epoch 14/100, Batch 1800/2746, Loss: 1.1408
Epoch 14/100, Batch 1810/2746, Loss: 1.1373
Epoch 14/100, Batch 1820/2746, Loss: 1.2047
Epoch 14/100, Batch 1830/2746, Loss: 1.1567
Epoch 14/100, Batch 1840/2746, Loss: 1.2095
Epoch 14/100, Batch 1850/2746, Loss: 1.1530
Epoch 14/100, Batch 1860/2746, Loss: 1.1850
Epoch 14/100, Batch 1870/2746, Loss: 1.1661
Epoch 14/100, Batch 1880/2746, Loss: 1.1852
Epoch 14/100, Batch 1890/2746, Loss: 1.1618
Epoch 14/100, Batch 1900/2746, Loss: 1.2231
Epoch 14/100, Batch 1910/2746, Loss: 1.1903
Epoch 14/100, Batch 1920/2746, Loss: 1.1569
Epoch 14/100, Batch 1930/2746, Loss: 1.1077
Epoch 14/100, Batch 1940/2746, Loss: 1.0732
Epoch 14/100, Batch 1950/2746, Loss: 1.2067
Epoch 14/100, Batch 1960/2746, Loss: 1.1524
Epoch 14/100, Batch 1970/2746, Loss: 1.1661
Epoch 14/100, Batch 1980/2746, Loss: 1.1520
Epoch 14/100, Batch 1990/2746, Loss: 1.1661
Epoch 14/100, Batch 2000/2746, Loss: 1.1964
Epoch 14/100, Batch 2010/2746, Loss: 1.2122
Epoch 14/100, Batch 2020/2746, Loss: 1.0918
Epoch 14/100, Batch 2030/2746, Loss: 1.1409
Epoch 14/100, Batch 2040/2746, Loss: 1.1218
Epoch 14/100, Batch 2050/2746, Loss: 1.1034
Epoch 14/100, Batch 2060/2746, Loss: 1.1173
Epoch 14/100, Batch 2070/2746, Loss: 1.0992
Epoch 14/100, Batch 2080/2746, Loss: 1.0809
Epoch 14/100, Batch 2090/2746, Loss: 1.1584
Epoch 14/100, Batch 2100/2746, Loss: 1.1715
Epoch 14/100, Batch 2110/2746, Loss: 1.1950
Epoch 14/100, Batch 2120/2746, Loss: 1.1056
Epoch 14/100, Batch 2130/2746, Loss: 1.1867
Epoch 14/100, Batch 2140/2746, Loss: 1.1691
Epoch 14/100, Batch 2150/2746, Loss: 1.1157
Epoch 14/100, Batch 2160/2746, Loss: 1.0934
Epoch 14/100, Batch 2170/2746, Loss: 1.1518
Epoch 14/100, Batch 2180/2746, Loss: 1.1147
Epoch 14/100, Batch 2190/2746, Loss: 1.1683
Epoch 14/100, Batch 2200/2746, Loss: 1.1927
Epoch 14/100, Batch 2210/2746, Loss: 1.0896
Epoch 14/100, Batch 2220/2746, Loss: 1.1297
Epoch 14/100, Batch 2230/2746, Loss: 1.1534
Epoch 14/100, Batch 2240/2746, Loss: 1.1871
Epoch 14/100, Batch 2250/2746, Loss: 1.1681
Epoch 14/100, Batch 2260/2746, Loss: 1.2459
Epoch 14/100, Batch 2270/2746, Loss: 1.1917
Epoch 14/100, Batch 2280/2746, Loss: 1.1709
Epoch 14/100, Batch 2290/2746, Loss: 1.1818
Epoch 14/100, Batch 2300/2746, Loss: 1.1510
Epoch 14/100, Batch 2310/2746, Loss: 1.1522
Epoch 14/100, Batch 2320/2746, Loss: 1.1680
Epoch 14/100, Batch 2330/2746, Loss: 1.1791
Epoch 14/100, Batch 2340/2746, Loss: 1.1678
Epoch 14/100, Batch 2350/2746, Loss: 1.1937
Epoch 14/100, Batch 2360/2746, Loss: 1.2082
Epoch 14/100, Batch 2370/2746, Loss: 1.2089
Epoch 14/100, Batch 2380/2746, Loss: 1.0928
Epoch 14/100, Batch 2390/2746, Loss: 1.1733
Epoch 14/100, Batch 2400/2746, Loss: 1.1311
Epoch 14/100, Batch 2410/2746, Loss: 1.1736
Epoch 14/100, Batch 2420/2746, Loss: 1.1959
Epoch 14/100, Batch 2430/2746, Loss: 1.2045
Epoch 14/100, Batch 2440/2746, Loss: 1.1664
Epoch 14/100, Batch 2450/2746, Loss: 1.1820
Epoch 14/100, Batch 2460/2746, Loss: 1.0856
Epoch 14/100, Batch 2470/2746, Loss: 1.1974
Epoch 14/100, Batch 2480/2746, Loss: 1.1181
Epoch 14/100, Batch 2490/2746, Loss: 1.1607
Epoch 14/100, Batch 2500/2746, Loss: 1.2052
Epoch 14/100, Batch 2510/2746, Loss: 1.2170
Epoch 14/100, Batch 2520/2746, Loss: 1.1528
Epoch 14/100, Batch 2530/2746, Loss: 1.2607
Epoch 14/100, Batch 2540/2746, Loss: 1.2534
Epoch 14/100, Batch 2550/2746, Loss: 1.2617
Epoch 14/100, Batch 2560/2746, Loss: 1.1767
Epoch 14/100, Batch 2570/2746, Loss: 1.1818
Epoch 14/100, Batch 2580/2746, Loss: 1.1865
Epoch 14/100, Batch 2590/2746, Loss: 1.1435
Epoch 14/100, Batch 2600/2746, Loss: 1.1676
Epoch 14/100, Batch 2610/2746, Loss: 1.2219
Epoch 14/100, Batch 2620/2746, Loss: 1.2080
Epoch 14/100, Batch 2630/2746, Loss: 1.1233
Epoch 14/100, Batch 2640/2746, Loss: 1.1434
Epoch 14/100, Batch 2650/2746, Loss: 1.1007
Epoch 14/100, Batch 2660/2746, Loss: 1.1848
Epoch 14/100, Batch 2670/2746, Loss: 1.1674
Epoch 14/100, Batch 2680/2746, Loss: 1.1821
Epoch 14/100, Batch 2690/2746, Loss: 1.1944
Epoch 14/100, Batch 2700/2746, Loss: 1.1134
Epoch 14/100, Batch 2710/2746, Loss: 1.2055
Epoch 14/100, Batch 2720/2746, Loss: 1.1252
Epoch 14/100, Batch 2730/2746, Loss: 1.1634
Epoch 14/100, Batch 2740/2746, Loss: 1.2099
New best model with validation loss: 1.0206, perplexity: 2.77
Epoch 14/100, Loss: 1.1729, Perplexity: 3.23, Val Loss: 1.0206, Val Perplexity: 2.77, Time: 3656.01s
Epoch 15/100, Batch 10/2746, Loss: 1.2399
Epoch 15/100, Batch 20/2746, Loss: 1.2030
Epoch 15/100, Batch 30/2746, Loss: 1.1299
Epoch 15/100, Batch 40/2746, Loss: 1.1094
Epoch 15/100, Batch 50/2746, Loss: 1.2042
Epoch 15/100, Batch 60/2746, Loss: 1.2006
Epoch 15/100, Batch 70/2746, Loss: 1.1591
Epoch 15/100, Batch 80/2746, Loss: 1.1653
Epoch 15/100, Batch 90/2746, Loss: 1.1692
Epoch 15/100, Batch 100/2746, Loss: 1.1257
Epoch 15/100, Batch 110/2746, Loss: 1.2803
Epoch 15/100, Batch 120/2746, Loss: 1.1272
Epoch 15/100, Batch 130/2746, Loss: 1.1337
Epoch 15/100, Batch 140/2746, Loss: 1.1359
Epoch 15/100, Batch 150/2746, Loss: 1.0724
Epoch 15/100, Batch 160/2746, Loss: 1.1331
Epoch 15/100, Batch 170/2746, Loss: 1.1901
Epoch 15/100, Batch 180/2746, Loss: 1.1798
Epoch 15/100, Batch 190/2746, Loss: 1.2856
Epoch 15/100, Batch 200/2746, Loss: 1.2927
Epoch 15/100, Batch 210/2746, Loss: 1.1985
Epoch 15/100, Batch 220/2746, Loss: 1.1690
Epoch 15/100, Batch 230/2746, Loss: 1.2481
Epoch 15/100, Batch 240/2746, Loss: 1.2195
Epoch 15/100, Batch 250/2746, Loss: 1.2446
Epoch 15/100, Batch 260/2746, Loss: 1.2357
Epoch 15/100, Batch 270/2746, Loss: 1.1808
Epoch 15/100, Batch 280/2746, Loss: 1.2140
Epoch 15/100, Batch 290/2746, Loss: 1.1201
Epoch 15/100, Batch 300/2746, Loss: 1.1945
Epoch 15/100, Batch 310/2746, Loss: 1.1387
Epoch 15/100, Batch 320/2746, Loss: 1.1354
Epoch 15/100, Batch 330/2746, Loss: 1.1741
Epoch 15/100, Batch 340/2746, Loss: 1.1573
Epoch 15/100, Batch 350/2746, Loss: 1.0785
Epoch 15/100, Batch 360/2746, Loss: 1.1639
Epoch 15/100, Batch 370/2746, Loss: 1.1540
Epoch 15/100, Batch 380/2746, Loss: 1.0880
Epoch 15/100, Batch 390/2746, Loss: 1.1758
Epoch 15/100, Batch 400/2746, Loss: 1.2268
Epoch 15/100, Batch 410/2746, Loss: 1.1213
Epoch 15/100, Batch 420/2746, Loss: 1.1224
Epoch 15/100, Batch 430/2746, Loss: 1.1672
Epoch 15/100, Batch 440/2746, Loss: 1.1490
Epoch 15/100, Batch 450/2746, Loss: 1.2039
Epoch 15/100, Batch 460/2746, Loss: 1.1965
Epoch 15/100, Batch 470/2746, Loss: 1.1988
Epoch 15/100, Batch 480/2746, Loss: 1.1912
Epoch 15/100, Batch 490/2746, Loss: 1.1563
Epoch 15/100, Batch 500/2746, Loss: 1.2382
Epoch 15/100, Batch 510/2746, Loss: 1.1020
Epoch 15/100, Batch 520/2746, Loss: 1.2184
Epoch 15/100, Batch 530/2746, Loss: 1.1982
Epoch 15/100, Batch 540/2746, Loss: 1.2107
Epoch 15/100, Batch 550/2746, Loss: 1.2131
Epoch 15/100, Batch 560/2746, Loss: 1.1000
Epoch 15/100, Batch 570/2746, Loss: 1.1309
Epoch 15/100, Batch 580/2746, Loss: 1.0844
Epoch 15/100, Batch 590/2746, Loss: 1.1258
Epoch 15/100, Batch 600/2746, Loss: 1.1316
Epoch 15/100, Batch 610/2746, Loss: 1.1593
Epoch 15/100, Batch 620/2746, Loss: 1.1613
Epoch 15/100, Batch 630/2746, Loss: 1.1660
Epoch 15/100, Batch 640/2746, Loss: 1.1305
Epoch 15/100, Batch 650/2746, Loss: 1.1971
Epoch 15/100, Batch 660/2746, Loss: 1.1290
Epoch 15/100, Batch 670/2746, Loss: 1.1432
Epoch 15/100, Batch 680/2746, Loss: 1.2072
Epoch 15/100, Batch 690/2746, Loss: 1.1984
Epoch 15/100, Batch 700/2746, Loss: 1.1202
Epoch 15/100, Batch 710/2746, Loss: 1.0534
Epoch 15/100, Batch 720/2746, Loss: 1.1550
Epoch 15/100, Batch 730/2746, Loss: 1.1694
Epoch 15/100, Batch 740/2746, Loss: 1.1144
Epoch 15/100, Batch 750/2746, Loss: 1.1127
Epoch 15/100, Batch 760/2746, Loss: 1.1102
Epoch 15/100, Batch 770/2746, Loss: 1.1096
Epoch 15/100, Batch 780/2746, Loss: 1.1267
Epoch 15/100, Batch 790/2746, Loss: 1.1739
Epoch 15/100, Batch 800/2746, Loss: 1.2191
Epoch 15/100, Batch 810/2746, Loss: 1.1484
Epoch 15/100, Batch 820/2746, Loss: 1.1339
Epoch 15/100, Batch 830/2746, Loss: 1.2593
Epoch 15/100, Batch 840/2746, Loss: 1.1523
Epoch 15/100, Batch 850/2746, Loss: 1.1125
Epoch 15/100, Batch 860/2746, Loss: 1.1381
Epoch 15/100, Batch 870/2746, Loss: 1.1764
Epoch 15/100, Batch 880/2746, Loss: 1.1566
Epoch 15/100, Batch 890/2746, Loss: 1.1713
Epoch 15/100, Batch 900/2746, Loss: 1.1673
Epoch 15/100, Batch 910/2746, Loss: 1.1071
Epoch 15/100, Batch 920/2746, Loss: 1.1244
Epoch 15/100, Batch 930/2746, Loss: 1.1334
Epoch 15/100, Batch 940/2746, Loss: 1.1004
Epoch 15/100, Batch 950/2746, Loss: 1.1865
Epoch 15/100, Batch 960/2746, Loss: 1.2424
Epoch 15/100, Batch 970/2746, Loss: 1.2275
Epoch 15/100, Batch 980/2746, Loss: 1.1422
Epoch 15/100, Batch 990/2746, Loss: 1.2303
Epoch 15/100, Batch 1000/2746, Loss: 1.1991
Epoch 15/100, Batch 1010/2746, Loss: 1.1480
Epoch 15/100, Batch 1020/2746, Loss: 1.1614
Epoch 15/100, Batch 1030/2746, Loss: 1.1267
Epoch 15/100, Batch 1040/2746, Loss: 1.1253
Epoch 15/100, Batch 1050/2746, Loss: 1.1551
Epoch 15/100, Batch 1060/2746, Loss: 1.1618
Epoch 15/100, Batch 1070/2746, Loss: 1.1400
Epoch 15/100, Batch 1080/2746, Loss: 1.1016
Epoch 15/100, Batch 1090/2746, Loss: 1.0735
Epoch 15/100, Batch 1100/2746, Loss: 1.1602
Epoch 15/100, Batch 1110/2746, Loss: 1.1092
Epoch 15/100, Batch 1120/2746, Loss: 1.2147
Epoch 15/100, Batch 1130/2746, Loss: 1.1679
Epoch 15/100, Batch 1140/2746, Loss: 1.1271
Epoch 15/100, Batch 1150/2746, Loss: 1.1830
Epoch 15/100, Batch 1160/2746, Loss: 1.1488
Epoch 15/100, Batch 1170/2746, Loss: 1.0976
Epoch 15/100, Batch 1180/2746, Loss: 1.1597
Epoch 15/100, Batch 1190/2746, Loss: 1.1674
Epoch 15/100, Batch 1200/2746, Loss: 1.1615
Epoch 15/100, Batch 1210/2746, Loss: 1.0431
Epoch 15/100, Batch 1220/2746, Loss: 1.1533
Epoch 15/100, Batch 1230/2746, Loss: 1.1164
Epoch 15/100, Batch 1240/2746, Loss: 1.1173
Epoch 15/100, Batch 1250/2746, Loss: 1.1590
Epoch 15/100, Batch 1260/2746, Loss: 1.1874
Epoch 15/100, Batch 1270/2746, Loss: 1.1545
Epoch 15/100, Batch 1280/2746, Loss: 1.1174
Epoch 15/100, Batch 1290/2746, Loss: 1.1623
Epoch 15/100, Batch 1300/2746, Loss: 1.1629
Epoch 15/100, Batch 1310/2746, Loss: 1.1907
Epoch 15/100, Batch 1320/2746, Loss: 1.1419
Epoch 15/100, Batch 1330/2746, Loss: 1.0542
Epoch 15/100, Batch 1340/2746, Loss: 1.1462
Epoch 15/100, Batch 1350/2746, Loss: 1.1823
Epoch 15/100, Batch 1360/2746, Loss: 1.1684
Epoch 15/100, Batch 1370/2746, Loss: 1.1509
Epoch 15/100, Batch 1380/2746, Loss: 1.0923
Epoch 15/100, Batch 1390/2746, Loss: 1.1047
Epoch 15/100, Batch 1400/2746, Loss: 1.1252
Epoch 15/100, Batch 1410/2746, Loss: 1.1925
Epoch 15/100, Batch 1420/2746, Loss: 1.1742
Epoch 15/100, Batch 1430/2746, Loss: 1.1464
Epoch 15/100, Batch 1440/2746, Loss: 1.2424
Epoch 15/100, Batch 1450/2746, Loss: 1.1915
Epoch 15/100, Batch 1460/2746, Loss: 1.0759
Epoch 15/100, Batch 1470/2746, Loss: 1.1319
Epoch 15/100, Batch 1480/2746, Loss: 1.1487
Epoch 15/100, Batch 1490/2746, Loss: 1.1964
Epoch 15/100, Batch 1500/2746, Loss: 1.1307
Epoch 15/100, Batch 1510/2746, Loss: 1.1601
Epoch 15/100, Batch 1520/2746, Loss: 1.1388
Epoch 15/100, Batch 1530/2746, Loss: 1.1267
Epoch 15/100, Batch 1540/2746, Loss: 1.1790
Epoch 15/100, Batch 1550/2746, Loss: 1.1896
Epoch 15/100, Batch 1560/2746, Loss: 1.1023
Epoch 15/100, Batch 1570/2746, Loss: 1.1979
Epoch 15/100, Batch 1580/2746, Loss: 1.2192
Epoch 15/100, Batch 1590/2746, Loss: 1.2072
Epoch 15/100, Batch 1600/2746, Loss: 1.1632
Epoch 15/100, Batch 1610/2746, Loss: 1.1495
Epoch 15/100, Batch 1620/2746, Loss: 1.1805
Epoch 15/100, Batch 1630/2746, Loss: 1.1699
Epoch 15/100, Batch 1640/2746, Loss: 1.1828
Epoch 15/100, Batch 1650/2746, Loss: 1.2123
Epoch 15/100, Batch 1660/2746, Loss: 1.1398
Epoch 15/100, Batch 1670/2746, Loss: 1.1368
Epoch 15/100, Batch 1680/2746, Loss: 1.1549
Epoch 15/100, Batch 1690/2746, Loss: 1.0857
Epoch 15/100, Batch 1700/2746, Loss: 1.1727
Epoch 15/100, Batch 1710/2746, Loss: 1.2186
Epoch 15/100, Batch 1720/2746, Loss: 1.2138
Epoch 15/100, Batch 1730/2746, Loss: 1.1584
Epoch 15/100, Batch 1740/2746, Loss: 1.1659
Epoch 15/100, Batch 1750/2746, Loss: 1.1094
Epoch 15/100, Batch 1760/2746, Loss: 1.1276
Epoch 15/100, Batch 1770/2746, Loss: 1.2005
Epoch 15/100, Batch 1780/2746, Loss: 1.1902
Epoch 15/100, Batch 1790/2746, Loss: 1.1912
Epoch 15/100, Batch 1800/2746, Loss: 1.1128
Epoch 15/100, Batch 1810/2746, Loss: 1.1160
Epoch 15/100, Batch 1820/2746, Loss: 1.1927
Epoch 15/100, Batch 1830/2746, Loss: 1.1376
Epoch 15/100, Batch 1840/2746, Loss: 1.1319
Epoch 15/100, Batch 1850/2746, Loss: 1.1410
Epoch 15/100, Batch 1860/2746, Loss: 1.1688
Epoch 15/100, Batch 1870/2746, Loss: 1.1357
Epoch 15/100, Batch 1880/2746, Loss: 1.2103
Epoch 15/100, Batch 1890/2746, Loss: 1.1865
Epoch 15/100, Batch 1900/2746, Loss: 1.2118
Epoch 15/100, Batch 1910/2746, Loss: 1.1559
Epoch 15/100, Batch 1920/2746, Loss: 1.1566
Epoch 15/100, Batch 1930/2746, Loss: 1.0898
Epoch 15/100, Batch 1940/2746, Loss: 1.1032
Epoch 15/100, Batch 1950/2746, Loss: 1.1722
Epoch 15/100, Batch 1960/2746, Loss: 1.1371
Epoch 15/100, Batch 1970/2746, Loss: 1.1474
Epoch 15/100, Batch 1980/2746, Loss: 1.1501
Epoch 15/100, Batch 1990/2746, Loss: 1.1849
Epoch 15/100, Batch 2000/2746, Loss: 1.1390
Epoch 15/100, Batch 2010/2746, Loss: 1.1907
Epoch 15/100, Batch 2020/2746, Loss: 1.0919
Epoch 15/100, Batch 2030/2746, Loss: 1.1458
Epoch 15/100, Batch 2040/2746, Loss: 1.1438
Epoch 15/100, Batch 2050/2746, Loss: 1.0881
Epoch 15/100, Batch 2060/2746, Loss: 1.0995
Epoch 15/100, Batch 2070/2746, Loss: 1.0879
Epoch 15/100, Batch 2080/2746, Loss: 1.0610
Epoch 15/100, Batch 2090/2746, Loss: 1.1112
Epoch 15/100, Batch 2100/2746, Loss: 1.1611
Epoch 15/100, Batch 2110/2746, Loss: 1.2230
Epoch 15/100, Batch 2120/2746, Loss: 1.1247
Epoch 15/100, Batch 2130/2746, Loss: 1.1799
Epoch 15/100, Batch 2140/2746, Loss: 1.1951
Epoch 15/100, Batch 2150/2746, Loss: 1.1040
Epoch 15/100, Batch 2160/2746, Loss: 1.0654
Epoch 15/100, Batch 2170/2746, Loss: 1.1244
Epoch 15/100, Batch 2180/2746, Loss: 1.0998
Epoch 15/100, Batch 2190/2746, Loss: 1.1522
Epoch 15/100, Batch 2200/2746, Loss: 1.1620
Epoch 15/100, Batch 2210/2746, Loss: 1.0981
Epoch 15/100, Batch 2220/2746, Loss: 1.1469
Epoch 15/100, Batch 2230/2746, Loss: 1.1339
Epoch 15/100, Batch 2240/2746, Loss: 1.2018
Epoch 15/100, Batch 2250/2746, Loss: 1.1546
Epoch 15/100, Batch 2260/2746, Loss: 1.2384
Epoch 15/100, Batch 2270/2746, Loss: 1.1233
Epoch 15/100, Batch 2280/2746, Loss: 1.1498
Epoch 15/100, Batch 2290/2746, Loss: 1.0847
Epoch 15/100, Batch 2300/2746, Loss: 1.1424
Epoch 15/100, Batch 2310/2746, Loss: 1.1080
Epoch 15/100, Batch 2320/2746, Loss: 1.1538
Epoch 15/100, Batch 2330/2746, Loss: 1.1964
Epoch 15/100, Batch 2340/2746, Loss: 1.1515
Epoch 15/100, Batch 2350/2746, Loss: 1.1727
Epoch 15/100, Batch 2360/2746, Loss: 1.1819
Epoch 15/100, Batch 2370/2746, Loss: 1.2473
Epoch 15/100, Batch 2380/2746, Loss: 1.0868
Epoch 15/100, Batch 2390/2746, Loss: 1.2135
Epoch 15/100, Batch 2400/2746, Loss: 1.1496
Epoch 15/100, Batch 2410/2746, Loss: 1.1521
Epoch 15/100, Batch 2420/2746, Loss: 1.1915
Epoch 15/100, Batch 2430/2746, Loss: 1.1836
Epoch 15/100, Batch 2440/2746, Loss: 1.1626
Epoch 15/100, Batch 2450/2746, Loss: 1.1128
Epoch 15/100, Batch 2460/2746, Loss: 1.1064
Epoch 15/100, Batch 2470/2746, Loss: 1.1255
Epoch 15/100, Batch 2480/2746, Loss: 1.1485
Epoch 15/100, Batch 2490/2746, Loss: 1.1475
Epoch 15/100, Batch 2500/2746, Loss: 1.2050
Epoch 15/100, Batch 2510/2746, Loss: 1.1885
Epoch 15/100, Batch 2520/2746, Loss: 1.1380
Epoch 15/100, Batch 2530/2746, Loss: 1.2075
Epoch 15/100, Batch 2540/2746, Loss: 1.1488
Epoch 15/100, Batch 2550/2746, Loss: 1.1343
Epoch 15/100, Batch 2560/2746, Loss: 1.1254
Epoch 15/100, Batch 2570/2746, Loss: 1.1727
Epoch 15/100, Batch 2580/2746, Loss: 1.1523
Epoch 15/100, Batch 2590/2746, Loss: 1.0950
Epoch 15/100, Batch 2600/2746, Loss: 1.1628
Epoch 15/100, Batch 2610/2746, Loss: 1.1952
Epoch 15/100, Batch 2620/2746, Loss: 1.2643
Epoch 15/100, Batch 2630/2746, Loss: 1.1117
Epoch 15/100, Batch 2640/2746, Loss: 1.1272
Epoch 15/100, Batch 2650/2746, Loss: 1.0851
Epoch 15/100, Batch 2660/2746, Loss: 1.1762
Epoch 15/100, Batch 2670/2746, Loss: 1.1651
Epoch 15/100, Batch 2680/2746, Loss: 1.1674
Epoch 15/100, Batch 2690/2746, Loss: 1.1519
Epoch 15/100, Batch 2700/2746, Loss: 1.1482
Epoch 15/100, Batch 2710/2746, Loss: 1.2389
Epoch 15/100, Batch 2720/2746, Loss: 1.1170
Epoch 15/100, Batch 2730/2746, Loss: 1.1633
Epoch 15/100, Batch 2740/2746, Loss: 1.1611
New best model with validation loss: 1.0083, perplexity: 2.74
Epoch 15/100, Loss: 1.1573, Perplexity: 3.18, Val Loss: 1.0083, Val Perplexity: 2.74, Time: 3658.21s
Epoch 16/100, Batch 10/2746, Loss: 1.1357
Epoch 16/100, Batch 20/2746, Loss: 1.1936
Epoch 16/100, Batch 30/2746, Loss: 1.1188
Epoch 16/100, Batch 40/2746, Loss: 1.1695
Epoch 16/100, Batch 50/2746, Loss: 1.1855
Epoch 16/100, Batch 60/2746, Loss: 1.1360
Epoch 16/100, Batch 70/2746, Loss: 1.1507
Epoch 16/100, Batch 80/2746, Loss: 1.1565
Epoch 16/100, Batch 90/2746, Loss: 1.1404
Epoch 16/100, Batch 100/2746, Loss: 1.1084
Epoch 16/100, Batch 110/2746, Loss: 1.3324
Epoch 16/100, Batch 120/2746, Loss: 1.1040
Epoch 16/100, Batch 130/2746, Loss: 1.1171
Epoch 16/100, Batch 140/2746, Loss: 1.1173
Epoch 16/100, Batch 150/2746, Loss: 1.0489
Epoch 16/100, Batch 160/2746, Loss: 1.1691
Epoch 16/100, Batch 170/2746, Loss: 1.2248
Epoch 16/100, Batch 180/2746, Loss: 1.1956
Epoch 16/100, Batch 190/2746, Loss: 1.1976
Epoch 16/100, Batch 200/2746, Loss: 1.2250
Epoch 16/100, Batch 210/2746, Loss: 1.2047
Epoch 16/100, Batch 220/2746, Loss: 1.1420
Epoch 16/100, Batch 230/2746, Loss: 1.1775
Epoch 16/100, Batch 240/2746, Loss: 1.2127
Epoch 16/100, Batch 250/2746, Loss: 1.2262
Epoch 16/100, Batch 260/2746, Loss: 1.2714
Epoch 16/100, Batch 270/2746, Loss: 1.1647
Epoch 16/100, Batch 280/2746, Loss: 1.2235
Epoch 16/100, Batch 290/2746, Loss: 1.2556
Epoch 16/100, Batch 300/2746, Loss: 1.2203
Epoch 16/100, Batch 310/2746, Loss: 1.1768
Epoch 16/100, Batch 320/2746, Loss: 1.1753
Epoch 16/100, Batch 330/2746, Loss: 1.1606
Epoch 16/100, Batch 340/2746, Loss: 1.1405
Epoch 16/100, Batch 350/2746, Loss: 1.0666
Epoch 16/100, Batch 360/2746, Loss: 1.1852
Epoch 16/100, Batch 370/2746, Loss: 1.1385
Epoch 16/100, Batch 380/2746, Loss: 1.1071
Epoch 16/100, Batch 390/2746, Loss: 1.1813
Epoch 16/100, Batch 400/2746, Loss: 1.2511
Epoch 16/100, Batch 410/2746, Loss: 1.1396
Epoch 16/100, Batch 420/2746, Loss: 1.1016
Epoch 16/100, Batch 430/2746, Loss: 1.1653
Epoch 16/100, Batch 440/2746, Loss: 1.1284
Epoch 16/100, Batch 450/2746, Loss: 1.1301
Epoch 16/100, Batch 460/2746, Loss: 1.1731
Epoch 16/100, Batch 470/2746, Loss: 1.1862
Epoch 16/100, Batch 480/2746, Loss: 1.1499
Epoch 16/100, Batch 490/2746, Loss: 1.1540
Epoch 16/100, Batch 500/2746, Loss: 1.2533
Epoch 16/100, Batch 510/2746, Loss: 1.1256
Epoch 16/100, Batch 520/2746, Loss: 1.1009
Epoch 16/100, Batch 530/2746, Loss: 1.2172
Epoch 16/100, Batch 540/2746, Loss: 1.2380
Epoch 16/100, Batch 550/2746, Loss: 1.1796
Epoch 16/100, Batch 560/2746, Loss: 1.0855
Epoch 16/100, Batch 570/2746, Loss: 1.1232
Epoch 16/100, Batch 580/2746, Loss: 1.0790
Epoch 16/100, Batch 590/2746, Loss: 1.1346
Epoch 16/100, Batch 600/2746, Loss: 1.0782
Epoch 16/100, Batch 610/2746, Loss: 1.1414
Epoch 16/100, Batch 620/2746, Loss: 1.1510
Epoch 16/100, Batch 630/2746, Loss: 1.1686
Epoch 16/100, Batch 640/2746, Loss: 1.1613
Epoch 16/100, Batch 650/2746, Loss: 1.1610
Epoch 16/100, Batch 660/2746, Loss: 1.1576
Epoch 16/100, Batch 670/2746, Loss: 1.1233
Epoch 16/100, Batch 680/2746, Loss: 1.1868
Epoch 16/100, Batch 690/2746, Loss: 1.1497
Epoch 16/100, Batch 700/2746, Loss: 1.1343
Epoch 16/100, Batch 710/2746, Loss: 1.0485
Epoch 16/100, Batch 720/2746, Loss: 1.1165
Epoch 16/100, Batch 730/2746, Loss: 1.1506
Epoch 16/100, Batch 740/2746, Loss: 1.1060
Epoch 16/100, Batch 750/2746, Loss: 1.0702
Epoch 16/100, Batch 760/2746, Loss: 1.0951
Epoch 16/100, Batch 770/2746, Loss: 1.1293
Epoch 16/100, Batch 780/2746, Loss: 1.1058
Epoch 16/100, Batch 790/2746, Loss: 1.1495
Epoch 16/100, Batch 800/2746, Loss: 1.1657
Epoch 16/100, Batch 810/2746, Loss: 1.1115
Epoch 16/100, Batch 820/2746, Loss: 1.1404
Epoch 16/100, Batch 830/2746, Loss: 1.1558
Epoch 16/100, Batch 840/2746, Loss: 1.1694
Epoch 16/100, Batch 850/2746, Loss: 1.0837
Epoch 16/100, Batch 860/2746, Loss: 1.0990
Epoch 16/100, Batch 870/2746, Loss: 1.1492
Epoch 16/100, Batch 880/2746, Loss: 1.2114
Epoch 16/100, Batch 890/2746, Loss: 1.1641
Epoch 16/100, Batch 900/2746, Loss: 1.1136
Epoch 16/100, Batch 910/2746, Loss: 1.0906
Epoch 16/100, Batch 920/2746, Loss: 1.1224
Epoch 16/100, Batch 930/2746, Loss: 1.1053
Epoch 16/100, Batch 940/2746, Loss: 1.0951
Epoch 16/100, Batch 950/2746, Loss: 1.2508
Epoch 16/100, Batch 960/2746, Loss: 1.1848
Epoch 16/100, Batch 970/2746, Loss: 1.1886
Epoch 16/100, Batch 980/2746, Loss: 1.1332
Epoch 16/100, Batch 990/2746, Loss: 1.1895
Epoch 16/100, Batch 1000/2746, Loss: 1.1833
Epoch 16/100, Batch 1010/2746, Loss: 1.1312
Epoch 16/100, Batch 1020/2746, Loss: 1.1822
Epoch 16/100, Batch 1030/2746, Loss: 1.1099
Epoch 16/100, Batch 1040/2746, Loss: 1.1221
Epoch 16/100, Batch 1050/2746, Loss: 1.1246
Epoch 16/100, Batch 1060/2746, Loss: 1.1506
Epoch 16/100, Batch 1070/2746, Loss: 1.0895
Epoch 16/100, Batch 1080/2746, Loss: 1.1129
Epoch 16/100, Batch 1090/2746, Loss: 1.0625
Epoch 16/100, Batch 1100/2746, Loss: 1.1168
Epoch 16/100, Batch 1110/2746, Loss: 1.0872
Epoch 16/100, Batch 1120/2746, Loss: 1.2041
Epoch 16/100, Batch 1130/2746, Loss: 1.1294
Epoch 16/100, Batch 1140/2746, Loss: 1.1097
Epoch 16/100, Batch 1150/2746, Loss: 1.1345
Epoch 16/100, Batch 1160/2746, Loss: 1.1006
Epoch 16/100, Batch 1170/2746, Loss: 1.1094
Epoch 16/100, Batch 1180/2746, Loss: 1.1442
Epoch 16/100, Batch 1190/2746, Loss: 1.1900
Epoch 16/100, Batch 1200/2746, Loss: 1.1711
Epoch 16/100, Batch 1210/2746, Loss: 1.0682
Epoch 16/100, Batch 1220/2746, Loss: 1.0957
Epoch 16/100, Batch 1230/2746, Loss: 1.1079
Epoch 16/100, Batch 1240/2746, Loss: 1.0984
Epoch 16/100, Batch 1250/2746, Loss: 1.1538
Epoch 16/100, Batch 1260/2746, Loss: 1.1652
Epoch 16/100, Batch 1270/2746, Loss: 1.1550
Epoch 16/100, Batch 1280/2746, Loss: 1.1361
Epoch 16/100, Batch 1290/2746, Loss: 1.1212
Epoch 16/100, Batch 1300/2746, Loss: 1.1264
Epoch 16/100, Batch 1310/2746, Loss: 1.2049
Epoch 16/100, Batch 1320/2746, Loss: 1.1371
Epoch 16/100, Batch 1330/2746, Loss: 1.0714
Epoch 16/100, Batch 1340/2746, Loss: 1.1356
Epoch 16/100, Batch 1350/2746, Loss: 1.1504
Epoch 16/100, Batch 1360/2746, Loss: 1.1320
Epoch 16/100, Batch 1370/2746, Loss: 1.2374
Epoch 16/100, Batch 1380/2746, Loss: 1.0834
Epoch 16/100, Batch 1390/2746, Loss: 1.1140
Epoch 16/100, Batch 1400/2746, Loss: 1.0929
Epoch 16/100, Batch 1410/2746, Loss: 1.1837
Epoch 16/100, Batch 1420/2746, Loss: 1.1622
Epoch 16/100, Batch 1430/2746, Loss: 1.1469
Epoch 16/100, Batch 1440/2746, Loss: 1.1363
Epoch 16/100, Batch 1450/2746, Loss: 1.1093
Epoch 16/100, Batch 1460/2746, Loss: 1.0621
Epoch 16/100, Batch 1470/2746, Loss: 1.1526
Epoch 16/100, Batch 1480/2746, Loss: 1.1385
Epoch 16/100, Batch 1490/2746, Loss: 1.1913
Epoch 16/100, Batch 1500/2746, Loss: 1.1310
Epoch 16/100, Batch 1510/2746, Loss: 1.1748
Epoch 16/100, Batch 1520/2746, Loss: 1.1725
Epoch 16/100, Batch 1530/2746, Loss: 1.1132
Epoch 16/100, Batch 1540/2746, Loss: 1.1945
Epoch 16/100, Batch 1550/2746, Loss: 1.1476
Epoch 16/100, Batch 1560/2746, Loss: 1.0851
Epoch 16/100, Batch 1570/2746, Loss: 1.1862
Epoch 16/100, Batch 1580/2746, Loss: 1.1504
Epoch 16/100, Batch 1590/2746, Loss: 1.1655
Epoch 16/100, Batch 1600/2746, Loss: 1.1440
Epoch 16/100, Batch 1610/2746, Loss: 1.1395
Epoch 16/100, Batch 1620/2746, Loss: 1.1919
Epoch 16/100, Batch 1630/2746, Loss: 1.1295
Epoch 16/100, Batch 1640/2746, Loss: 1.1467
Epoch 16/100, Batch 1650/2746, Loss: 1.1973
Epoch 16/100, Batch 1660/2746, Loss: 1.1282
Epoch 16/100, Batch 1670/2746, Loss: 1.2062
Epoch 16/100, Batch 1680/2746, Loss: 1.1450
Epoch 16/100, Batch 1690/2746, Loss: 1.0692
Epoch 16/100, Batch 1700/2746, Loss: 1.1495
Epoch 16/100, Batch 1710/2746, Loss: 1.1944
Epoch 16/100, Batch 1720/2746, Loss: 1.1587
Epoch 16/100, Batch 1730/2746, Loss: 1.1103
Epoch 16/100, Batch 1740/2746, Loss: 1.1352
Epoch 16/100, Batch 1750/2746, Loss: 1.1273
Epoch 16/100, Batch 1760/2746, Loss: 1.1137
Epoch 16/100, Batch 1770/2746, Loss: 1.1045
Epoch 16/100, Batch 1780/2746, Loss: 1.2009
Epoch 16/100, Batch 1790/2746, Loss: 1.0720
Epoch 16/100, Batch 1800/2746, Loss: 1.0950
Epoch 16/100, Batch 1810/2746, Loss: 1.0984
Epoch 16/100, Batch 1820/2746, Loss: 1.1677
Epoch 16/100, Batch 1830/2746, Loss: 1.1293
Epoch 16/100, Batch 1840/2746, Loss: 1.1196
Epoch 16/100, Batch 1850/2746, Loss: 1.1521
Epoch 16/100, Batch 1860/2746, Loss: 1.2031
Epoch 16/100, Batch 1870/2746, Loss: 1.1649
Epoch 16/100, Batch 1880/2746, Loss: 1.2393
Epoch 16/100, Batch 1890/2746, Loss: 1.1834
Epoch 16/100, Batch 1900/2746, Loss: 1.3897
Epoch 16/100, Batch 1910/2746, Loss: 1.1305
Epoch 16/100, Batch 1920/2746, Loss: 1.1344
Epoch 16/100, Batch 1930/2746, Loss: 1.0774
Epoch 16/100, Batch 1940/2746, Loss: 1.0959
Epoch 16/100, Batch 1950/2746, Loss: 1.1429
Epoch 16/100, Batch 1960/2746, Loss: 1.1303
Epoch 16/100, Batch 1970/2746, Loss: 1.2151
Epoch 16/100, Batch 1980/2746, Loss: 1.1566
Epoch 16/100, Batch 1990/2746, Loss: 1.1427
Epoch 16/100, Batch 2000/2746, Loss: 1.1391
Epoch 16/100, Batch 2010/2746, Loss: 1.1999
Epoch 16/100, Batch 2020/2746, Loss: 1.0680
Epoch 16/100, Batch 2030/2746, Loss: 1.1265
Epoch 16/100, Batch 2040/2746, Loss: 1.0906
Epoch 16/100, Batch 2050/2746, Loss: 1.1102
Epoch 16/100, Batch 2060/2746, Loss: 1.0889
Epoch 16/100, Batch 2070/2746, Loss: 1.0730
Epoch 16/100, Batch 2080/2746, Loss: 1.0806
Epoch 16/100, Batch 2090/2746, Loss: 1.1027
Epoch 16/100, Batch 2100/2746, Loss: 1.1488
Epoch 16/100, Batch 2110/2746, Loss: 1.1718
Epoch 16/100, Batch 2120/2746, Loss: 1.0619
Epoch 16/100, Batch 2130/2746, Loss: 1.1967
Epoch 16/100, Batch 2140/2746, Loss: 1.1738
Epoch 16/100, Batch 2150/2746, Loss: 1.0911
Epoch 16/100, Batch 2160/2746, Loss: 1.1940
Epoch 16/100, Batch 2170/2746, Loss: 1.1215
Epoch 16/100, Batch 2180/2746, Loss: 1.0836
Epoch 16/100, Batch 2190/2746, Loss: 1.1841
Epoch 16/100, Batch 2200/2746, Loss: 1.1533
Epoch 16/100, Batch 2210/2746, Loss: 1.0656
Epoch 16/100, Batch 2220/2746, Loss: 1.0975
Epoch 16/100, Batch 2230/2746, Loss: 1.1617
Epoch 16/100, Batch 2240/2746, Loss: 1.1829
Epoch 16/100, Batch 2250/2746, Loss: 1.1387
Epoch 16/100, Batch 2260/2746, Loss: 1.2143
Epoch 16/100, Batch 2270/2746, Loss: 1.1259
Epoch 16/100, Batch 2280/2746, Loss: 1.2076
Epoch 16/100, Batch 2290/2746, Loss: 1.1012
Epoch 16/100, Batch 2300/2746, Loss: 1.1687
Epoch 16/100, Batch 2310/2746, Loss: 1.0963
Epoch 16/100, Batch 2320/2746, Loss: 1.1364
Epoch 16/100, Batch 2330/2746, Loss: 1.1833
Epoch 16/100, Batch 2340/2746, Loss: 1.1369
Epoch 16/100, Batch 2350/2746, Loss: 1.1561
Epoch 16/100, Batch 2360/2746, Loss: 1.2229
Epoch 16/100, Batch 2370/2746, Loss: 1.1930
Epoch 16/100, Batch 2380/2746, Loss: 1.0597
Epoch 16/100, Batch 2390/2746, Loss: 1.1743
Epoch 16/100, Batch 2400/2746, Loss: 1.1442
Epoch 16/100, Batch 2410/2746, Loss: 1.2044
Epoch 16/100, Batch 2420/2746, Loss: 1.1958
Epoch 16/100, Batch 2430/2746, Loss: 1.1745
Epoch 16/100, Batch 2440/2746, Loss: 1.1721
Epoch 16/100, Batch 2450/2746, Loss: 1.0944
Epoch 16/100, Batch 2460/2746, Loss: 1.0807
Epoch 16/100, Batch 2470/2746, Loss: 1.1191
Epoch 16/100, Batch 2480/2746, Loss: 1.0939
Epoch 16/100, Batch 2490/2746, Loss: 1.1359
Epoch 16/100, Batch 2500/2746, Loss: 1.1955
Epoch 16/100, Batch 2510/2746, Loss: 1.1561
Epoch 16/100, Batch 2520/2746, Loss: 1.1339
Epoch 16/100, Batch 2530/2746, Loss: 1.1912
Epoch 16/100, Batch 2540/2746, Loss: 1.1814
Epoch 16/100, Batch 2550/2746, Loss: 1.1463
Epoch 16/100, Batch 2560/2746, Loss: 1.1463
Epoch 16/100, Batch 2570/2746, Loss: 1.1502
Epoch 16/100, Batch 2580/2746, Loss: 1.1498
Epoch 16/100, Batch 2590/2746, Loss: 1.0777
Epoch 16/100, Batch 2600/2746, Loss: 1.1398
Epoch 16/100, Batch 2610/2746, Loss: 1.1527
Epoch 16/100, Batch 2620/2746, Loss: 1.1610
Epoch 16/100, Batch 2630/2746, Loss: 1.0904
Epoch 16/100, Batch 2640/2746, Loss: 1.1258
Epoch 16/100, Batch 2650/2746, Loss: 1.0877
Epoch 16/100, Batch 2660/2746, Loss: 1.1982
Epoch 16/100, Batch 2670/2746, Loss: 1.2031
Epoch 16/100, Batch 2680/2746, Loss: 1.1571
Epoch 16/100, Batch 2690/2746, Loss: 1.1368
Epoch 16/100, Batch 2700/2746, Loss: 1.0842
Epoch 16/100, Batch 2710/2746, Loss: 1.2257
Epoch 16/100, Batch 2720/2746, Loss: 1.1058
Epoch 16/100, Batch 2730/2746, Loss: 1.2238
Epoch 16/100, Batch 2740/2746, Loss: 1.1506
New best model with validation loss: 1.0010, perplexity: 2.72
Epoch 16/100, Loss: 1.1438, Perplexity: 3.14, Val Loss: 1.0010, Val Perplexity: 2.72, Time: 3659.71s
Epoch 17/100, Batch 10/2746, Loss: 1.1687
Epoch 17/100, Batch 20/2746, Loss: 1.1526
Epoch 17/100, Batch 30/2746, Loss: 1.1126
Epoch 17/100, Batch 40/2746, Loss: 1.0854
Epoch 17/100, Batch 50/2746, Loss: 1.1851
Epoch 17/100, Batch 60/2746, Loss: 1.1203
Epoch 17/100, Batch 70/2746, Loss: 1.1528
Epoch 17/100, Batch 80/2746, Loss: 1.1369
Epoch 17/100, Batch 90/2746, Loss: 1.1307
Epoch 17/100, Batch 100/2746, Loss: 1.0949
Epoch 17/100, Batch 110/2746, Loss: 1.3858
Epoch 17/100, Batch 120/2746, Loss: 1.0850
Epoch 17/100, Batch 130/2746, Loss: 1.1095
Epoch 17/100, Batch 140/2746, Loss: 1.1030
Epoch 17/100, Batch 150/2746, Loss: 1.0605
Epoch 17/100, Batch 160/2746, Loss: 1.1148
Epoch 17/100, Batch 170/2746, Loss: 1.1687
Epoch 17/100, Batch 180/2746, Loss: 1.1959
Epoch 17/100, Batch 190/2746, Loss: 1.1759
Epoch 17/100, Batch 200/2746, Loss: 1.2368
Epoch 17/100, Batch 210/2746, Loss: 1.1944
Epoch 17/100, Batch 220/2746, Loss: 1.1310
Epoch 17/100, Batch 230/2746, Loss: 1.1733
Epoch 17/100, Batch 240/2746, Loss: 1.1929
Epoch 17/100, Batch 250/2746, Loss: 1.2087
Epoch 17/100, Batch 260/2746, Loss: 1.1744
Epoch 17/100, Batch 270/2746, Loss: 1.1550
Epoch 17/100, Batch 280/2746, Loss: 1.1565
Epoch 17/100, Batch 290/2746, Loss: 1.0918
Epoch 17/100, Batch 300/2746, Loss: 1.1805
Epoch 17/100, Batch 310/2746, Loss: 1.1067
Epoch 17/100, Batch 320/2746, Loss: 1.1143
Epoch 17/100, Batch 330/2746, Loss: 1.1448
Epoch 17/100, Batch 340/2746, Loss: 1.1283
Epoch 17/100, Batch 350/2746, Loss: 1.0744
Epoch 17/100, Batch 360/2746, Loss: 1.1413
Epoch 17/100, Batch 370/2746, Loss: 1.1603
Epoch 17/100, Batch 380/2746, Loss: 1.0744
Epoch 17/100, Batch 390/2746, Loss: 1.1557
Epoch 17/100, Batch 400/2746, Loss: 1.1976
Epoch 17/100, Batch 410/2746, Loss: 1.0945
Epoch 17/100, Batch 420/2746, Loss: 1.0877
Epoch 17/100, Batch 430/2746, Loss: 1.1815
Epoch 17/100, Batch 440/2746, Loss: 1.1216
Epoch 17/100, Batch 450/2746, Loss: 1.1327
Epoch 17/100, Batch 460/2746, Loss: 1.1781
Epoch 17/100, Batch 470/2746, Loss: 1.2154
Epoch 17/100, Batch 480/2746, Loss: 1.2310
Epoch 17/100, Batch 490/2746, Loss: 1.1547
Epoch 17/100, Batch 500/2746, Loss: 1.2032
Epoch 17/100, Batch 510/2746, Loss: 1.0782
Epoch 17/100, Batch 520/2746, Loss: 1.0943
Epoch 17/100, Batch 530/2746, Loss: 1.1729
Epoch 17/100, Batch 540/2746, Loss: 1.1799
Epoch 17/100, Batch 550/2746, Loss: 1.1605
Epoch 17/100, Batch 560/2746, Loss: 1.0688
Epoch 17/100, Batch 570/2746, Loss: 1.1042
Epoch 17/100, Batch 580/2746, Loss: 1.0728
Epoch 17/100, Batch 590/2746, Loss: 1.0476
Epoch 17/100, Batch 600/2746, Loss: 1.0771
Epoch 17/100, Batch 610/2746, Loss: 1.1349
Epoch 17/100, Batch 620/2746, Loss: 1.1800
Epoch 17/100, Batch 630/2746, Loss: 1.1830
Epoch 17/100, Batch 640/2746, Loss: 1.1012
Epoch 17/100, Batch 650/2746, Loss: 1.1346
Epoch 17/100, Batch 660/2746, Loss: 1.0966
Epoch 17/100, Batch 670/2746, Loss: 1.1685
Epoch 17/100, Batch 680/2746, Loss: 1.2061
Epoch 17/100, Batch 690/2746, Loss: 1.1813
Epoch 17/100, Batch 700/2746, Loss: 1.0919
Epoch 17/100, Batch 710/2746, Loss: 1.0300
Epoch 17/100, Batch 720/2746, Loss: 1.1407
Epoch 17/100, Batch 730/2746, Loss: 1.1429
Epoch 17/100, Batch 740/2746, Loss: 1.0837
Epoch 17/100, Batch 750/2746, Loss: 1.0770
Epoch 17/100, Batch 760/2746, Loss: 1.0820
Epoch 17/100, Batch 770/2746, Loss: 1.0746
Epoch 17/100, Batch 780/2746, Loss: 1.2542
Epoch 17/100, Batch 790/2746, Loss: 1.1405
Epoch 17/100, Batch 800/2746, Loss: 1.1537
Epoch 17/100, Batch 810/2746, Loss: 1.1051
Epoch 17/100, Batch 820/2746, Loss: 1.0953
Epoch 17/100, Batch 830/2746, Loss: 1.1620
Epoch 17/100, Batch 840/2746, Loss: 1.1277
Epoch 17/100, Batch 850/2746, Loss: 1.0732
Epoch 17/100, Batch 860/2746, Loss: 1.1411
Epoch 17/100, Batch 870/2746, Loss: 1.1271
Epoch 17/100, Batch 880/2746, Loss: 1.1128
Epoch 17/100, Batch 890/2746, Loss: 1.1412
Epoch 17/100, Batch 900/2746, Loss: 1.1023
Epoch 17/100, Batch 910/2746, Loss: 1.0797
Epoch 17/100, Batch 920/2746, Loss: 1.1030
Epoch 17/100, Batch 930/2746, Loss: 1.0985
Epoch 17/100, Batch 940/2746, Loss: 1.0709
Epoch 17/100, Batch 950/2746, Loss: 1.1621
Epoch 17/100, Batch 960/2746, Loss: 1.1640
Epoch 17/100, Batch 970/2746, Loss: 1.1627
Epoch 17/100, Batch 980/2746, Loss: 1.1261
Epoch 17/100, Batch 990/2746, Loss: 1.1755
Epoch 17/100, Batch 1000/2746, Loss: 1.1733
Epoch 17/100, Batch 1010/2746, Loss: 1.1285
Epoch 17/100, Batch 1020/2746, Loss: 1.1339
Epoch 17/100, Batch 1030/2746, Loss: 1.0949
Epoch 17/100, Batch 1040/2746, Loss: 1.0934
Epoch 17/100, Batch 1050/2746, Loss: 1.0747
Epoch 17/100, Batch 1060/2746, Loss: 1.1404
Epoch 17/100, Batch 1070/2746, Loss: 1.0756
Epoch 17/100, Batch 1080/2746, Loss: 1.1439
Epoch 17/100, Batch 1090/2746, Loss: 1.0457
Epoch 17/100, Batch 1100/2746, Loss: 1.1132
Epoch 17/100, Batch 1110/2746, Loss: 1.0734
Epoch 17/100, Batch 1120/2746, Loss: 1.1908
Epoch 17/100, Batch 1130/2746, Loss: 1.1090
Epoch 17/100, Batch 1140/2746, Loss: 1.1001
Epoch 17/100, Batch 1150/2746, Loss: 1.2003
Epoch 17/100, Batch 1160/2746, Loss: 1.0503
Epoch 17/100, Batch 1170/2746, Loss: 1.0735
Epoch 17/100, Batch 1180/2746, Loss: 1.1313
Epoch 17/100, Batch 1190/2746, Loss: 1.1466
Epoch 17/100, Batch 1200/2746, Loss: 1.1062
Epoch 17/100, Batch 1210/2746, Loss: 1.0165
Epoch 17/100, Batch 1220/2746, Loss: 1.1002
Epoch 17/100, Batch 1230/2746, Loss: 1.0872
Epoch 17/100, Batch 1240/2746, Loss: 1.1204
Epoch 17/100, Batch 1250/2746, Loss: 1.1422
Epoch 17/100, Batch 1260/2746, Loss: 1.1448
Epoch 17/100, Batch 1270/2746, Loss: 1.1445
Epoch 17/100, Batch 1280/2746, Loss: 1.0974
Epoch 17/100, Batch 1290/2746, Loss: 1.1012
Epoch 17/100, Batch 1300/2746, Loss: 1.1126
Epoch 17/100, Batch 1310/2746, Loss: 1.2730
Epoch 17/100, Batch 1320/2746, Loss: 1.1204
Epoch 17/100, Batch 1330/2746, Loss: 1.0269
Epoch 17/100, Batch 1340/2746, Loss: 1.1610
Epoch 17/100, Batch 1350/2746, Loss: 1.1430
Epoch 17/100, Batch 1360/2746, Loss: 1.1144
Epoch 17/100, Batch 1370/2746, Loss: 1.1240
Epoch 17/100, Batch 1380/2746, Loss: 1.0637
Epoch 17/100, Batch 1390/2746, Loss: 1.0552
Epoch 17/100, Batch 1400/2746, Loss: 1.0927
Epoch 17/100, Batch 1410/2746, Loss: 1.1635
Epoch 17/100, Batch 1420/2746, Loss: 1.1427
Epoch 17/100, Batch 1430/2746, Loss: 1.1949
Epoch 17/100, Batch 1440/2746, Loss: 1.1564
Epoch 17/100, Batch 1450/2746, Loss: 1.0952
Epoch 17/100, Batch 1460/2746, Loss: 1.0585
Epoch 17/100, Batch 1470/2746, Loss: 1.1062
Epoch 17/100, Batch 1480/2746, Loss: 1.1203
Epoch 17/100, Batch 1490/2746, Loss: 1.1742
Epoch 17/100, Batch 1500/2746, Loss: 1.1012
Epoch 17/100, Batch 1510/2746, Loss: 1.1633
Epoch 17/100, Batch 1520/2746, Loss: 1.1109
Epoch 17/100, Batch 1530/2746, Loss: 1.1477
Epoch 17/100, Batch 1540/2746, Loss: 1.1501
Epoch 17/100, Batch 1550/2746, Loss: 1.1633
Epoch 17/100, Batch 1560/2746, Loss: 1.1076
Epoch 17/100, Batch 1570/2746, Loss: 1.1641
Epoch 17/100, Batch 1580/2746, Loss: 1.1469
Epoch 17/100, Batch 1590/2746, Loss: 1.1393
Epoch 17/100, Batch 1600/2746, Loss: 1.1328
Epoch 17/100, Batch 1610/2746, Loss: 1.1653
Epoch 17/100, Batch 1620/2746, Loss: 1.1430
Epoch 17/100, Batch 1630/2746, Loss: 1.1204
Epoch 17/100, Batch 1640/2746, Loss: 1.1355
Epoch 17/100, Batch 1650/2746, Loss: 1.1911
Epoch 17/100, Batch 1660/2746, Loss: 1.1160
Epoch 17/100, Batch 1670/2746, Loss: 1.1077
Epoch 17/100, Batch 1680/2746, Loss: 1.1369
Epoch 17/100, Batch 1690/2746, Loss: 1.0565
Epoch 17/100, Batch 1700/2746, Loss: 1.1723
Epoch 17/100, Batch 1710/2746, Loss: 1.1950
Epoch 17/100, Batch 1720/2746, Loss: 1.1808
Epoch 17/100, Batch 1730/2746, Loss: 1.1227
Epoch 17/100, Batch 1740/2746, Loss: 1.1764
Epoch 17/100, Batch 1750/2746, Loss: 1.1267
Epoch 17/100, Batch 1760/2746, Loss: 1.0901
Epoch 17/100, Batch 1770/2746, Loss: 1.0870
Epoch 17/100, Batch 1780/2746, Loss: 1.1788
Epoch 17/100, Batch 1790/2746, Loss: 1.0755
Epoch 17/100, Batch 1800/2746, Loss: 1.0915
Epoch 17/100, Batch 1810/2746, Loss: 1.0865
Epoch 17/100, Batch 1820/2746, Loss: 1.1573
Epoch 17/100, Batch 1830/2746, Loss: 1.1124
Epoch 17/100, Batch 1840/2746, Loss: 1.1257
Epoch 17/100, Batch 1850/2746, Loss: 1.1106
Epoch 17/100, Batch 1860/2746, Loss: 1.1422
Epoch 17/100, Batch 1870/2746, Loss: 1.1083
Epoch 17/100, Batch 1880/2746, Loss: 1.2004
Epoch 17/100, Batch 1890/2746, Loss: 1.1632
Epoch 17/100, Batch 1900/2746, Loss: 1.1520
Epoch 17/100, Batch 1910/2746, Loss: 1.1182
Epoch 17/100, Batch 1920/2746, Loss: 1.1149
Epoch 17/100, Batch 1930/2746, Loss: 1.0619
Epoch 17/100, Batch 1940/2746, Loss: 1.0352
Epoch 17/100, Batch 1950/2746, Loss: 1.1448
Epoch 17/100, Batch 1960/2746, Loss: 1.1464
Epoch 17/100, Batch 1970/2746, Loss: 1.1174
Epoch 17/100, Batch 1980/2746, Loss: 1.1313
Epoch 17/100, Batch 1990/2746, Loss: 1.1198
Epoch 17/100, Batch 2000/2746, Loss: 1.1173
Epoch 17/100, Batch 2010/2746, Loss: 1.1641
Epoch 17/100, Batch 2020/2746, Loss: 1.0483
Epoch 17/100, Batch 2030/2746, Loss: 1.1062
Epoch 17/100, Batch 2040/2746, Loss: 1.0791
Epoch 17/100, Batch 2050/2746, Loss: 1.0647
Epoch 17/100, Batch 2060/2746, Loss: 1.1227
Epoch 17/100, Batch 2070/2746, Loss: 1.0620
Epoch 17/100, Batch 2080/2746, Loss: 1.0406
Epoch 17/100, Batch 2090/2746, Loss: 1.1321
Epoch 17/100, Batch 2100/2746, Loss: 1.1845
Epoch 17/100, Batch 2110/2746, Loss: 1.1529
Epoch 17/100, Batch 2120/2746, Loss: 1.0765
Epoch 17/100, Batch 2130/2746, Loss: 1.1515
Epoch 17/100, Batch 2140/2746, Loss: 1.1503
Epoch 17/100, Batch 2150/2746, Loss: 1.0874
Epoch 17/100, Batch 2160/2746, Loss: 1.0477
Epoch 17/100, Batch 2170/2746, Loss: 1.1038
Epoch 17/100, Batch 2180/2746, Loss: 1.1707
Epoch 17/100, Batch 2190/2746, Loss: 1.1367
Epoch 17/100, Batch 2200/2746, Loss: 1.1393
Epoch 17/100, Batch 2210/2746, Loss: 1.0649
Epoch 17/100, Batch 2220/2746, Loss: 1.0947
Epoch 17/100, Batch 2230/2746, Loss: 1.1153
Epoch 17/100, Batch 2240/2746, Loss: 1.1584
Epoch 17/100, Batch 2250/2746, Loss: 1.1330
Epoch 17/100, Batch 2260/2746, Loss: 1.2066
Epoch 17/100, Batch 2270/2746, Loss: 1.1912
Epoch 17/100, Batch 2280/2746, Loss: 1.1320
Epoch 17/100, Batch 2290/2746, Loss: 1.0623
Epoch 17/100, Batch 2300/2746, Loss: 1.1209
Epoch 17/100, Batch 2310/2746, Loss: 1.0775
Epoch 17/100, Batch 2320/2746, Loss: 1.1280
Epoch 17/100, Batch 2330/2746, Loss: 1.1458
Epoch 17/100, Batch 2340/2746, Loss: 1.1312
Epoch 17/100, Batch 2350/2746, Loss: 1.1439
Epoch 17/100, Batch 2360/2746, Loss: 1.2002
Epoch 17/100, Batch 2370/2746, Loss: 1.1762
Epoch 17/100, Batch 2380/2746, Loss: 1.0195
Epoch 17/100, Batch 2390/2746, Loss: 1.1441
Epoch 17/100, Batch 2400/2746, Loss: 1.1103
Epoch 17/100, Batch 2410/2746, Loss: 1.1430
Epoch 17/100, Batch 2420/2746, Loss: 1.1964
Epoch 17/100, Batch 2430/2746, Loss: 1.1491
Epoch 17/100, Batch 2440/2746, Loss: 1.1344
Epoch 17/100, Batch 2450/2746, Loss: 1.0945
Epoch 17/100, Batch 2460/2746, Loss: 1.0537
Epoch 17/100, Batch 2470/2746, Loss: 1.0995
Epoch 17/100, Batch 2480/2746, Loss: 1.0856
Epoch 17/100, Batch 2490/2746, Loss: 1.1820
Epoch 17/100, Batch 2500/2746, Loss: 1.2097
Epoch 17/100, Batch 2510/2746, Loss: 1.1517
Epoch 17/100, Batch 2520/2746, Loss: 1.1469
Epoch 17/100, Batch 2530/2746, Loss: 1.1820
Epoch 17/100, Batch 2540/2746, Loss: 1.1354
Epoch 17/100, Batch 2550/2746, Loss: 1.1343
Epoch 17/100, Batch 2560/2746, Loss: 1.1116
Epoch 17/100, Batch 2570/2746, Loss: 1.1638
Epoch 17/100, Batch 2580/2746, Loss: 1.1280
Epoch 17/100, Batch 2590/2746, Loss: 1.0901
Epoch 17/100, Batch 2600/2746, Loss: 1.1262
Epoch 17/100, Batch 2610/2746, Loss: 1.1486
Epoch 17/100, Batch 2620/2746, Loss: 1.1440
Epoch 17/100, Batch 2630/2746, Loss: 1.0804
Epoch 17/100, Batch 2640/2746, Loss: 1.1084
Epoch 17/100, Batch 2650/2746, Loss: 1.0735
Epoch 17/100, Batch 2660/2746, Loss: 1.1457
Epoch 17/100, Batch 2670/2746, Loss: 1.1640
Epoch 17/100, Batch 2680/2746, Loss: 1.1821
Epoch 17/100, Batch 2690/2746, Loss: 1.1241
Epoch 17/100, Batch 2700/2746, Loss: 1.2020
Epoch 17/100, Batch 2710/2746, Loss: 1.1753
Epoch 17/100, Batch 2720/2746, Loss: 1.1194
Epoch 17/100, Batch 2730/2746, Loss: 1.1808
Epoch 17/100, Batch 2740/2746, Loss: 1.1103
New best model with validation loss: 0.9897, perplexity: 2.69
Epoch 17/100, Loss: 1.1305, Perplexity: 3.10, Val Loss: 0.9897, Val Perplexity: 2.69, Time: 3664.52s
Epoch 18/100, Batch 10/2746, Loss: 1.2181
Epoch 18/100, Batch 20/2746, Loss: 1.1530
Epoch 18/100, Batch 30/2746, Loss: 1.1041
Epoch 18/100, Batch 40/2746, Loss: 1.0606
Epoch 18/100, Batch 50/2746, Loss: 1.1681
Epoch 18/100, Batch 60/2746, Loss: 1.0963
Epoch 18/100, Batch 70/2746, Loss: 1.1009
Epoch 18/100, Batch 80/2746, Loss: 1.1619
Epoch 18/100, Batch 90/2746, Loss: 1.1114
Epoch 18/100, Batch 100/2746, Loss: 1.2997
Epoch 18/100, Batch 110/2746, Loss: 1.2250
Epoch 18/100, Batch 120/2746, Loss: 1.0865
Epoch 18/100, Batch 130/2746, Loss: 1.1090
Epoch 18/100, Batch 140/2746, Loss: 1.0963
Epoch 18/100, Batch 150/2746, Loss: 1.0322
Epoch 18/100, Batch 160/2746, Loss: 1.0970
Epoch 18/100, Batch 170/2746, Loss: 1.1509
Epoch 18/100, Batch 180/2746, Loss: 1.2247
Epoch 18/100, Batch 190/2746, Loss: 1.1626
Epoch 18/100, Batch 200/2746, Loss: 1.2187
Epoch 18/100, Batch 210/2746, Loss: 1.1736
Epoch 18/100, Batch 220/2746, Loss: 1.1232
Epoch 18/100, Batch 230/2746, Loss: 1.1741
Epoch 18/100, Batch 240/2746, Loss: 1.1709
Epoch 18/100, Batch 250/2746, Loss: 1.1998
Epoch 18/100, Batch 260/2746, Loss: 1.1724
Epoch 18/100, Batch 270/2746, Loss: 1.1777
Epoch 18/100, Batch 280/2746, Loss: 1.1774
Epoch 18/100, Batch 290/2746, Loss: 1.0869
Epoch 18/100, Batch 300/2746, Loss: 1.1620
Epoch 18/100, Batch 310/2746, Loss: 1.1072
Epoch 18/100, Batch 320/2746, Loss: 1.1061
Epoch 18/100, Batch 330/2746, Loss: 1.1309
Epoch 18/100, Batch 340/2746, Loss: 1.1150
Epoch 18/100, Batch 350/2746, Loss: 1.0725
Epoch 18/100, Batch 360/2746, Loss: 1.1286
Epoch 18/100, Batch 370/2746, Loss: 1.1083
Epoch 18/100, Batch 380/2746, Loss: 1.1022
Epoch 18/100, Batch 390/2746, Loss: 1.1767
Epoch 18/100, Batch 400/2746, Loss: 1.1834
Epoch 18/100, Batch 410/2746, Loss: 1.1278
Epoch 18/100, Batch 420/2746, Loss: 1.1884
Epoch 18/100, Batch 430/2746, Loss: 1.1351
Epoch 18/100, Batch 440/2746, Loss: 1.1482
Epoch 18/100, Batch 450/2746, Loss: 1.1470
Epoch 18/100, Batch 460/2746, Loss: 1.1556
Epoch 18/100, Batch 470/2746, Loss: 1.1589
Epoch 18/100, Batch 480/2746, Loss: 1.1253
Epoch 18/100, Batch 490/2746, Loss: 1.1423
Epoch 18/100, Batch 500/2746, Loss: 1.1821
Epoch 18/100, Batch 510/2746, Loss: 1.0889
Epoch 18/100, Batch 520/2746, Loss: 1.0819
Epoch 18/100, Batch 530/2746, Loss: 1.1649
Epoch 18/100, Batch 540/2746, Loss: 1.1622
Epoch 18/100, Batch 550/2746, Loss: 1.1704
Epoch 18/100, Batch 560/2746, Loss: 1.1051
Epoch 18/100, Batch 570/2746, Loss: 1.0958
Epoch 18/100, Batch 580/2746, Loss: 1.0515
Epoch 18/100, Batch 590/2746, Loss: 1.0424
Epoch 18/100, Batch 600/2746, Loss: 1.0596
Epoch 18/100, Batch 610/2746, Loss: 1.1233
Epoch 18/100, Batch 620/2746, Loss: 1.1214
Epoch 18/100, Batch 630/2746, Loss: 1.1347
Epoch 18/100, Batch 640/2746, Loss: 1.0860
Epoch 18/100, Batch 650/2746, Loss: 1.1381
Epoch 18/100, Batch 660/2746, Loss: 1.0934
Epoch 18/100, Batch 670/2746, Loss: 1.1182
Epoch 18/100, Batch 680/2746, Loss: 1.1924
Epoch 18/100, Batch 690/2746, Loss: 1.1742
Epoch 18/100, Batch 700/2746, Loss: 1.0792
Epoch 18/100, Batch 710/2746, Loss: 1.0202
Epoch 18/100, Batch 720/2746, Loss: 1.1062
Epoch 18/100, Batch 730/2746, Loss: 1.1283
Epoch 18/100, Batch 740/2746, Loss: 1.0798
Epoch 18/100, Batch 750/2746, Loss: 1.0408
Epoch 18/100, Batch 760/2746, Loss: 1.0708
Epoch 18/100, Batch 770/2746, Loss: 1.0627
Epoch 18/100, Batch 780/2746, Loss: 1.0889
Epoch 18/100, Batch 790/2746, Loss: 1.1303
Epoch 18/100, Batch 800/2746, Loss: 1.1415
Epoch 18/100, Batch 810/2746, Loss: 1.0771
Epoch 18/100, Batch 820/2746, Loss: 1.0899
Epoch 18/100, Batch 830/2746, Loss: 1.1020
Epoch 18/100, Batch 840/2746, Loss: 1.1051
Epoch 18/100, Batch 850/2746, Loss: 1.0619
Epoch 18/100, Batch 860/2746, Loss: 1.0758
Epoch 18/100, Batch 870/2746, Loss: 1.1272
Epoch 18/100, Batch 880/2746, Loss: 1.1025
Epoch 18/100, Batch 890/2746, Loss: 1.1372
Epoch 18/100, Batch 900/2746, Loss: 1.0900
Epoch 18/100, Batch 910/2746, Loss: 1.0746
Epoch 18/100, Batch 920/2746, Loss: 1.0849
Epoch 18/100, Batch 930/2746, Loss: 1.0943
Epoch 18/100, Batch 940/2746, Loss: 1.0939
Epoch 18/100, Batch 950/2746, Loss: 1.1610
Epoch 18/100, Batch 960/2746, Loss: 1.1488
Epoch 18/100, Batch 970/2746, Loss: 1.1928
Epoch 18/100, Batch 980/2746, Loss: 1.1479
Epoch 18/100, Batch 990/2746, Loss: 1.1700
Epoch 18/100, Batch 1000/2746, Loss: 1.1537
Epoch 18/100, Batch 1010/2746, Loss: 1.1079
Epoch 18/100, Batch 1020/2746, Loss: 1.1523
Epoch 18/100, Batch 1030/2746, Loss: 1.1170
Epoch 18/100, Batch 1040/2746, Loss: 1.1148
Epoch 18/100, Batch 1050/2746, Loss: 1.0594
Epoch 18/100, Batch 1060/2746, Loss: 1.1291
Epoch 18/100, Batch 1070/2746, Loss: 1.0563
Epoch 18/100, Batch 1080/2746, Loss: 1.0881
Epoch 18/100, Batch 1090/2746, Loss: 1.0363
Epoch 18/100, Batch 1100/2746, Loss: 1.0886
Epoch 18/100, Batch 1110/2746, Loss: 1.0628
Epoch 18/100, Batch 1120/2746, Loss: 1.1807
Epoch 18/100, Batch 1130/2746, Loss: 1.1022
Epoch 18/100, Batch 1140/2746, Loss: 1.0851
Epoch 18/100, Batch 1150/2746, Loss: 1.1077
Epoch 18/100, Batch 1160/2746, Loss: 1.0292
Epoch 18/100, Batch 1170/2746, Loss: 1.0490
Epoch 18/100, Batch 1180/2746, Loss: 1.1508
Epoch 18/100, Batch 1190/2746, Loss: 1.1349
Epoch 18/100, Batch 1200/2746, Loss: 1.1056
Epoch 18/100, Batch 1210/2746, Loss: 1.0174
Epoch 18/100, Batch 1220/2746, Loss: 1.0880
Epoch 18/100, Batch 1230/2746, Loss: 1.0864
Epoch 18/100, Batch 1240/2746, Loss: 1.0739
Epoch 18/100, Batch 1250/2746, Loss: 1.1273
Epoch 18/100, Batch 1260/2746, Loss: 1.1368
Epoch 18/100, Batch 1270/2746, Loss: 1.0951
Epoch 18/100, Batch 1280/2746, Loss: 1.1201
Epoch 18/100, Batch 1290/2746, Loss: 1.0974
Epoch 18/100, Batch 1300/2746, Loss: 1.1161
Epoch 18/100, Batch 1310/2746, Loss: 1.1570
Epoch 18/100, Batch 1320/2746, Loss: 1.1280
Epoch 18/100, Batch 1330/2746, Loss: 1.0481
Epoch 18/100, Batch 1340/2746, Loss: 1.1463
Epoch 18/100, Batch 1350/2746, Loss: 1.1197
Epoch 18/100, Batch 1360/2746, Loss: 1.1094
Epoch 18/100, Batch 1370/2746, Loss: 1.1147
Epoch 18/100, Batch 1380/2746, Loss: 1.0595
Epoch 18/100, Batch 1390/2746, Loss: 1.0775
Epoch 18/100, Batch 1400/2746, Loss: 1.0769
Epoch 18/100, Batch 1410/2746, Loss: 1.1904
Epoch 18/100, Batch 1420/2746, Loss: 1.1568
Epoch 18/100, Batch 1430/2746, Loss: 1.1077
Epoch 18/100, Batch 1440/2746, Loss: 1.1075
Epoch 18/100, Batch 1450/2746, Loss: 1.0819
Epoch 18/100, Batch 1460/2746, Loss: 1.0513
Epoch 18/100, Batch 1470/2746, Loss: 1.1166
Epoch 18/100, Batch 1480/2746, Loss: 1.1385
Epoch 18/100, Batch 1490/2746, Loss: 1.1525
Epoch 18/100, Batch 1500/2746, Loss: 1.1669
Epoch 18/100, Batch 1510/2746, Loss: 1.1094
Epoch 18/100, Batch 1520/2746, Loss: 1.1009
Epoch 18/100, Batch 1530/2746, Loss: 1.1253
Epoch 18/100, Batch 1540/2746, Loss: 1.1714
Epoch 18/100, Batch 1550/2746, Loss: 1.1193
Epoch 18/100, Batch 1560/2746, Loss: 1.0618
Epoch 18/100, Batch 1570/2746, Loss: 1.1660
Epoch 18/100, Batch 1580/2746, Loss: 1.1317
Epoch 18/100, Batch 1590/2746, Loss: 1.1742
Epoch 18/100, Batch 1600/2746, Loss: 1.1565
Epoch 18/100, Batch 1610/2746, Loss: 1.1173
Epoch 18/100, Batch 1620/2746, Loss: 1.1198
Epoch 18/100, Batch 1630/2746, Loss: 1.1214
Epoch 18/100, Batch 1640/2746, Loss: 1.1257
Epoch 18/100, Batch 1650/2746, Loss: 1.1647
Epoch 18/100, Batch 1660/2746, Loss: 1.0992
Epoch 18/100, Batch 1670/2746, Loss: 1.0964
Epoch 18/100, Batch 1680/2746, Loss: 1.1157
Epoch 18/100, Batch 1690/2746, Loss: 1.1339
Epoch 18/100, Batch 1700/2746, Loss: 1.1349
Epoch 18/100, Batch 1710/2746, Loss: 1.1706
Epoch 18/100, Batch 1720/2746, Loss: 1.1720
Epoch 18/100, Batch 1730/2746, Loss: 1.1148
Epoch 18/100, Batch 1740/2746, Loss: 1.1552
Epoch 18/100, Batch 1750/2746, Loss: 1.1071
Epoch 18/100, Batch 1760/2746, Loss: 1.0822
Epoch 18/100, Batch 1770/2746, Loss: 1.0737
Epoch 18/100, Batch 1780/2746, Loss: 1.1390
Epoch 18/100, Batch 1790/2746, Loss: 1.0513
Epoch 18/100, Batch 1800/2746, Loss: 1.0718
Epoch 18/100, Batch 1810/2746, Loss: 1.0758
Epoch 18/100, Batch 1820/2746, Loss: 1.1827
Epoch 18/100, Batch 1830/2746, Loss: 1.1474
Epoch 18/100, Batch 1840/2746, Loss: 1.1069
Epoch 18/100, Batch 1850/2746, Loss: 1.1187
Epoch 18/100, Batch 1860/2746, Loss: 1.1305
Epoch 18/100, Batch 1870/2746, Loss: 1.1101
Epoch 18/100, Batch 1880/2746, Loss: 1.1391
Epoch 18/100, Batch 1890/2746, Loss: 1.1412
Epoch 18/100, Batch 1900/2746, Loss: 1.1635
Epoch 18/100, Batch 1910/2746, Loss: 1.1203
Epoch 18/100, Batch 1920/2746, Loss: 1.1091
Epoch 18/100, Batch 1930/2746, Loss: 1.0697
Epoch 18/100, Batch 1940/2746, Loss: 1.0486
Epoch 18/100, Batch 1950/2746, Loss: 1.1200
Epoch 18/100, Batch 1960/2746, Loss: 1.1283
Epoch 18/100, Batch 1970/2746, Loss: 1.1136
Epoch 18/100, Batch 1980/2746, Loss: 1.1090
Epoch 18/100, Batch 1990/2746, Loss: 1.1282
Epoch 18/100, Batch 2000/2746, Loss: 1.0986
Epoch 18/100, Batch 2010/2746, Loss: 1.1487
Epoch 18/100, Batch 2020/2746, Loss: 1.0269
Epoch 18/100, Batch 2030/2746, Loss: 1.0930
Epoch 18/100, Batch 2040/2746, Loss: 1.1029
Epoch 18/100, Batch 2050/2746, Loss: 1.0631
Epoch 18/100, Batch 2060/2746, Loss: 1.0671
Epoch 18/100, Batch 2070/2746, Loss: 1.0550
Epoch 18/100, Batch 2080/2746, Loss: 1.0251
Epoch 18/100, Batch 2090/2746, Loss: 1.0904
Epoch 18/100, Batch 2100/2746, Loss: 1.1296
Epoch 18/100, Batch 2110/2746, Loss: 1.1425
Epoch 18/100, Batch 2120/2746, Loss: 1.0374
Epoch 18/100, Batch 2130/2746, Loss: 1.1646
Epoch 18/100, Batch 2140/2746, Loss: 1.1278
Epoch 18/100, Batch 2150/2746, Loss: 1.0916
Epoch 18/100, Batch 2160/2746, Loss: 1.0342
Epoch 18/100, Batch 2170/2746, Loss: 1.0690
Epoch 18/100, Batch 2180/2746, Loss: 1.0674
Epoch 18/100, Batch 2190/2746, Loss: 1.1137
Epoch 18/100, Batch 2200/2746, Loss: 1.1223
Epoch 18/100, Batch 2210/2746, Loss: 1.0726
Epoch 18/100, Batch 2220/2746, Loss: 1.0744
Epoch 18/100, Batch 2230/2746, Loss: 1.0931
Epoch 18/100, Batch 2240/2746, Loss: 1.1360
Epoch 18/100, Batch 2250/2746, Loss: 1.1298
Epoch 18/100, Batch 2260/2746, Loss: 1.2149
Epoch 18/100, Batch 2270/2746, Loss: 1.1314
Epoch 18/100, Batch 2280/2746, Loss: 1.1195
Epoch 18/100, Batch 2290/2746, Loss: 1.0867
Epoch 18/100, Batch 2300/2746, Loss: 1.1039
Epoch 18/100, Batch 2310/2746, Loss: 1.0778
Epoch 18/100, Batch 2320/2746, Loss: 1.1072
Epoch 18/100, Batch 2330/2746, Loss: 1.1296
Epoch 18/100, Batch 2340/2746, Loss: 1.1108
Epoch 18/100, Batch 2350/2746, Loss: 1.1290
Epoch 18/100, Batch 2360/2746, Loss: 1.1616
Epoch 18/100, Batch 2370/2746, Loss: 1.1904
Epoch 18/100, Batch 2380/2746, Loss: 1.0560
Epoch 18/100, Batch 2390/2746, Loss: 1.1503
Epoch 18/100, Batch 2400/2746, Loss: 1.1246
Epoch 18/100, Batch 2410/2746, Loss: 1.1396
Epoch 18/100, Batch 2420/2746, Loss: 1.1405
Epoch 18/100, Batch 2430/2746, Loss: 1.1543
Epoch 18/100, Batch 2440/2746, Loss: 1.1236
Epoch 18/100, Batch 2450/2746, Loss: 1.0723
Epoch 18/100, Batch 2460/2746, Loss: 1.0560
Epoch 18/100, Batch 2470/2746, Loss: 1.1207
Epoch 18/100, Batch 2480/2746, Loss: 1.0674
Epoch 18/100, Batch 2490/2746, Loss: 1.1273
Epoch 18/100, Batch 2500/2746, Loss: 1.1846
Epoch 18/100, Batch 2510/2746, Loss: 1.1381
Epoch 18/100, Batch 2520/2746, Loss: 1.1306
Epoch 18/100, Batch 2530/2746, Loss: 1.1629
Epoch 18/100, Batch 2540/2746, Loss: 1.1777
Epoch 18/100, Batch 2550/2746, Loss: 1.0930
Epoch 18/100, Batch 2560/2746, Loss: 1.0851
Epoch 18/100, Batch 2570/2746, Loss: 1.1260
Epoch 18/100, Batch 2580/2746, Loss: 1.1400
Epoch 18/100, Batch 2590/2746, Loss: 1.0531
Epoch 18/100, Batch 2600/2746, Loss: 1.1465
Epoch 18/100, Batch 2610/2746, Loss: 1.1635
Epoch 18/100, Batch 2620/2746, Loss: 1.1634
Epoch 18/100, Batch 2630/2746, Loss: 1.0650
Epoch 18/100, Batch 2640/2746, Loss: 1.1084
Epoch 18/100, Batch 2650/2746, Loss: 1.0550
Epoch 18/100, Batch 2660/2746, Loss: 1.1398
Epoch 18/100, Batch 2670/2746, Loss: 1.1490
Epoch 18/100, Batch 2680/2746, Loss: 1.1363
Epoch 18/100, Batch 2690/2746, Loss: 1.1540
Epoch 18/100, Batch 2700/2746, Loss: 1.0686
Epoch 18/100, Batch 2710/2746, Loss: 1.1603
Epoch 18/100, Batch 2720/2746, Loss: 1.2156
Epoch 18/100, Batch 2730/2746, Loss: 1.1567
Epoch 18/100, Batch 2740/2746, Loss: 1.0977
New best model with validation loss: 0.9798, perplexity: 2.66
Epoch 18/100, Loss: 1.1192, Perplexity: 3.06, Val Loss: 0.9798, Val Perplexity: 2.66, Time: 3663.15s
Epoch 19/100, Batch 10/2746, Loss: 1.1360
Epoch 19/100, Batch 20/2746, Loss: 1.1354
Epoch 19/100, Batch 30/2746, Loss: 1.1359
Epoch 19/100, Batch 40/2746, Loss: 1.0546
Epoch 19/100, Batch 50/2746, Loss: 1.1540
Epoch 19/100, Batch 60/2746, Loss: 1.1378
Epoch 19/100, Batch 70/2746, Loss: 1.1299
Epoch 19/100, Batch 80/2746, Loss: 1.1352
Epoch 19/100, Batch 90/2746, Loss: 1.0986
Epoch 19/100, Batch 100/2746, Loss: 1.0679
Epoch 19/100, Batch 110/2746, Loss: 1.2082
Epoch 19/100, Batch 120/2746, Loss: 1.0685
Epoch 19/100, Batch 130/2746, Loss: 1.0913
Epoch 19/100, Batch 140/2746, Loss: 1.0905
Epoch 19/100, Batch 150/2746, Loss: 1.0498
Epoch 19/100, Batch 160/2746, Loss: 1.0935
Epoch 19/100, Batch 170/2746, Loss: 1.1306
Epoch 19/100, Batch 180/2746, Loss: 1.1215
Epoch 19/100, Batch 190/2746, Loss: 1.1599
Epoch 19/100, Batch 200/2746, Loss: 1.1925
Epoch 19/100, Batch 210/2746, Loss: 1.1576
Epoch 19/100, Batch 220/2746, Loss: 1.1422
Epoch 19/100, Batch 230/2746, Loss: 1.1491
Epoch 19/100, Batch 240/2746, Loss: 1.1689
Epoch 19/100, Batch 250/2746, Loss: 1.2197
Epoch 19/100, Batch 260/2746, Loss: 1.1532
Epoch 19/100, Batch 270/2746, Loss: 1.1280
Epoch 19/100, Batch 280/2746, Loss: 1.1283
Epoch 19/100, Batch 290/2746, Loss: 1.0805
Epoch 19/100, Batch 300/2746, Loss: 1.1426
Epoch 19/100, Batch 310/2746, Loss: 1.0868
Epoch 19/100, Batch 320/2746, Loss: 1.0964
Epoch 19/100, Batch 330/2746, Loss: 1.1496
Epoch 19/100, Batch 340/2746, Loss: 1.1108
Epoch 19/100, Batch 350/2746, Loss: 1.0367
Epoch 19/100, Batch 360/2746, Loss: 1.1480
Epoch 19/100, Batch 370/2746, Loss: 1.1146
Epoch 19/100, Batch 380/2746, Loss: 1.0472
Epoch 19/100, Batch 390/2746, Loss: 1.1334
Epoch 19/100, Batch 400/2746, Loss: 1.2079
Epoch 19/100, Batch 410/2746, Loss: 1.0826
Epoch 19/100, Batch 420/2746, Loss: 1.1431
Epoch 19/100, Batch 430/2746, Loss: 1.1259
Epoch 19/100, Batch 440/2746, Loss: 1.0915
Epoch 19/100, Batch 450/2746, Loss: 1.1013
Epoch 19/100, Batch 460/2746, Loss: 1.1417
Epoch 19/100, Batch 470/2746, Loss: 1.1507
Epoch 19/100, Batch 480/2746, Loss: 1.1138
Epoch 19/100, Batch 490/2746, Loss: 1.1141
Epoch 19/100, Batch 500/2746, Loss: 1.1719
Epoch 19/100, Batch 510/2746, Loss: 1.0647
Epoch 19/100, Batch 520/2746, Loss: 1.0789
Epoch 19/100, Batch 530/2746, Loss: 1.3613
Epoch 19/100, Batch 540/2746, Loss: 1.1589
Epoch 19/100, Batch 550/2746, Loss: 1.1727
Epoch 19/100, Batch 560/2746, Loss: 1.0547
Epoch 19/100, Batch 570/2746, Loss: 1.0990
Epoch 19/100, Batch 580/2746, Loss: 1.0361
Epoch 19/100, Batch 590/2746, Loss: 1.1856
Epoch 19/100, Batch 600/2746, Loss: 1.1003
Epoch 19/100, Batch 610/2746, Loss: 1.1245
Epoch 19/100, Batch 620/2746, Loss: 1.1233
Epoch 19/100, Batch 630/2746, Loss: 1.1194
Epoch 19/100, Batch 640/2746, Loss: 1.0907
Epoch 19/100, Batch 650/2746, Loss: 1.1209
Epoch 19/100, Batch 660/2746, Loss: 1.1075
Epoch 19/100, Batch 670/2746, Loss: 1.1505
Epoch 19/100, Batch 680/2746, Loss: 1.2229
Epoch 19/100, Batch 690/2746, Loss: 1.1183
Epoch 19/100, Batch 700/2746, Loss: 1.0656
Epoch 19/100, Batch 710/2746, Loss: 1.0104
Epoch 19/100, Batch 720/2746, Loss: 1.0859
Epoch 19/100, Batch 730/2746, Loss: 1.1462
Epoch 19/100, Batch 740/2746, Loss: 1.1018
Epoch 19/100, Batch 750/2746, Loss: 1.0360
Epoch 19/100, Batch 760/2746, Loss: 1.0634
Epoch 19/100, Batch 770/2746, Loss: 1.0950
Epoch 19/100, Batch 780/2746, Loss: 1.0803
Epoch 19/100, Batch 790/2746, Loss: 1.1272
Epoch 19/100, Batch 800/2746, Loss: 1.1560
Epoch 19/100, Batch 810/2746, Loss: 1.0641
Epoch 19/100, Batch 820/2746, Loss: 1.0791
Epoch 19/100, Batch 830/2746, Loss: 1.0759
Epoch 19/100, Batch 840/2746, Loss: 1.1289
Epoch 19/100, Batch 850/2746, Loss: 1.1252
Epoch 19/100, Batch 860/2746, Loss: 1.1176
Epoch 19/100, Batch 870/2746, Loss: 1.1133
Epoch 19/100, Batch 880/2746, Loss: 1.0848
Epoch 19/100, Batch 890/2746, Loss: 1.1329
Epoch 19/100, Batch 900/2746, Loss: 1.0697
Epoch 19/100, Batch 910/2746, Loss: 1.0745
Epoch 19/100, Batch 920/2746, Loss: 1.1084
Epoch 19/100, Batch 930/2746, Loss: 1.1103
Epoch 19/100, Batch 940/2746, Loss: 1.0527
Epoch 19/100, Batch 950/2746, Loss: 1.1473
Epoch 19/100, Batch 960/2746, Loss: 1.1368
Epoch 19/100, Batch 970/2746, Loss: 1.1421
Epoch 19/100, Batch 980/2746, Loss: 1.1463
Epoch 19/100, Batch 990/2746, Loss: 1.1909
Epoch 19/100, Batch 1000/2746, Loss: 1.1575
Epoch 19/100, Batch 1010/2746, Loss: 1.1394
Epoch 19/100, Batch 1020/2746, Loss: 1.1121
Epoch 19/100, Batch 1030/2746, Loss: 1.0777
Epoch 19/100, Batch 1040/2746, Loss: 1.1380
Epoch 19/100, Batch 1050/2746, Loss: 1.0549
Epoch 19/100, Batch 1060/2746, Loss: 1.1154
Epoch 19/100, Batch 1070/2746, Loss: 1.0554
Epoch 19/100, Batch 1080/2746, Loss: 1.0520
Epoch 19/100, Batch 1090/2746, Loss: 1.0855
Epoch 19/100, Batch 1100/2746, Loss: 1.1340
Epoch 19/100, Batch 1110/2746, Loss: 1.1131
Epoch 19/100, Batch 1120/2746, Loss: 1.1544
Epoch 19/100, Batch 1130/2746, Loss: 1.0876
Epoch 19/100, Batch 1140/2746, Loss: 1.0776
Epoch 19/100, Batch 1150/2746, Loss: 1.1289
Epoch 19/100, Batch 1160/2746, Loss: 1.0186
Epoch 19/100, Batch 1170/2746, Loss: 1.0486
Epoch 19/100, Batch 1180/2746, Loss: 1.1146
Epoch 19/100, Batch 1190/2746, Loss: 1.1694
Epoch 19/100, Batch 1200/2746, Loss: 1.0941
Epoch 19/100, Batch 1210/2746, Loss: 0.9974
Epoch 19/100, Batch 1220/2746, Loss: 1.0639
Epoch 19/100, Batch 1230/2746, Loss: 1.0630
Epoch 19/100, Batch 1240/2746, Loss: 1.0640
Epoch 19/100, Batch 1250/2746, Loss: 1.1265
Epoch 19/100, Batch 1260/2746, Loss: 1.1491
Epoch 19/100, Batch 1270/2746, Loss: 1.0838
Epoch 19/100, Batch 1280/2746, Loss: 1.1024
Epoch 19/100, Batch 1290/2746, Loss: 1.0815
Epoch 19/100, Batch 1300/2746, Loss: 1.0925
Epoch 19/100, Batch 1310/2746, Loss: 1.1390
Epoch 19/100, Batch 1320/2746, Loss: 1.0998
Epoch 19/100, Batch 1330/2746, Loss: 1.0104
Epoch 19/100, Batch 1340/2746, Loss: 1.1020
Epoch 19/100, Batch 1350/2746, Loss: 1.1097
Epoch 19/100, Batch 1360/2746, Loss: 1.0931
Epoch 19/100, Batch 1370/2746, Loss: 1.1314
Epoch 19/100, Batch 1380/2746, Loss: 1.0838
Epoch 19/100, Batch 1390/2746, Loss: 1.0522
Epoch 19/100, Batch 1400/2746, Loss: 1.0644
Epoch 19/100, Batch 1410/2746, Loss: 1.1500
Epoch 19/100, Batch 1420/2746, Loss: 1.1659
Epoch 19/100, Batch 1430/2746, Loss: 1.0930
Epoch 19/100, Batch 1440/2746, Loss: 1.1526
Epoch 19/100, Batch 1450/2746, Loss: 1.0721
Epoch 19/100, Batch 1460/2746, Loss: 1.0278
Epoch 19/100, Batch 1470/2746, Loss: 1.0939
Epoch 19/100, Batch 1480/2746, Loss: 1.1008
Epoch 19/100, Batch 1490/2746, Loss: 1.1560
Epoch 19/100, Batch 1500/2746, Loss: 1.0905
Epoch 19/100, Batch 1510/2746, Loss: 1.1026
Epoch 19/100, Batch 1520/2746, Loss: 1.0931
Epoch 19/100, Batch 1530/2746, Loss: 1.0794
Epoch 19/100, Batch 1540/2746, Loss: 1.1146
Epoch 19/100, Batch 1550/2746, Loss: 1.1539
Epoch 19/100, Batch 1560/2746, Loss: 1.0473
Epoch 19/100, Batch 1570/2746, Loss: 1.1797
Epoch 19/100, Batch 1580/2746, Loss: 1.1164
Epoch 19/100, Batch 1590/2746, Loss: 1.1287
Epoch 19/100, Batch 1600/2746, Loss: 1.1153
Epoch 19/100, Batch 1610/2746, Loss: 1.1082
Epoch 19/100, Batch 1620/2746, Loss: 1.1466
Epoch 19/100, Batch 1630/2746, Loss: 1.1055
Epoch 19/100, Batch 1640/2746, Loss: 1.1469
Epoch 19/100, Batch 1650/2746, Loss: 1.1538
Epoch 19/100, Batch 1660/2746, Loss: 1.0894
Epoch 19/100, Batch 1670/2746, Loss: 1.0832
Epoch 19/100, Batch 1680/2746, Loss: 1.1361
Epoch 19/100, Batch 1690/2746, Loss: 1.0366
Epoch 19/100, Batch 1700/2746, Loss: 1.1197
Epoch 19/100, Batch 1710/2746, Loss: 1.1928
Epoch 19/100, Batch 1720/2746, Loss: 1.1299
Epoch 19/100, Batch 1730/2746, Loss: 1.0596
Epoch 19/100, Batch 1740/2746, Loss: 1.0995
Epoch 19/100, Batch 1750/2746, Loss: 1.1473
Epoch 19/100, Batch 1760/2746, Loss: 1.0694
Epoch 19/100, Batch 1770/2746, Loss: 1.0987
Epoch 19/100, Batch 1780/2746, Loss: 1.1143
Epoch 19/100, Batch 1790/2746, Loss: 1.0408
Epoch 19/100, Batch 1800/2746, Loss: 1.0611
Epoch 19/100, Batch 1810/2746, Loss: 1.0928
Epoch 19/100, Batch 1820/2746, Loss: 1.2605
Epoch 19/100, Batch 1830/2746, Loss: 1.1252
Epoch 19/100, Batch 1840/2746, Loss: 1.0918
Epoch 19/100, Batch 1850/2746, Loss: 1.0901
Epoch 19/100, Batch 1860/2746, Loss: 1.1621
Epoch 19/100, Batch 1870/2746, Loss: 1.2275
Epoch 19/100, Batch 1880/2746, Loss: 1.1336
Epoch 19/100, Batch 1890/2746, Loss: 1.0984
Epoch 19/100, Batch 1900/2746, Loss: 1.1291
Epoch 19/100, Batch 1910/2746, Loss: 1.1524
Epoch 19/100, Batch 1920/2746, Loss: 1.1181
Epoch 19/100, Batch 1930/2746, Loss: 1.0497
Epoch 19/100, Batch 1940/2746, Loss: 1.0440
Epoch 19/100, Batch 1950/2746, Loss: 1.1769
Epoch 19/100, Batch 1960/2746, Loss: 1.0916
Epoch 19/100, Batch 1970/2746, Loss: 1.1036
Epoch 19/100, Batch 1980/2746, Loss: 1.1263
Epoch 19/100, Batch 1990/2746, Loss: 1.1056
Epoch 19/100, Batch 2000/2746, Loss: 1.0987
Epoch 19/100, Batch 2010/2746, Loss: 1.1647
Epoch 19/100, Batch 2020/2746, Loss: 1.0305
Epoch 19/100, Batch 2030/2746, Loss: 1.0883
Epoch 19/100, Batch 2040/2746, Loss: 1.0720
Epoch 19/100, Batch 2050/2746, Loss: 1.0437
Epoch 19/100, Batch 2060/2746, Loss: 1.1118
Epoch 19/100, Batch 2070/2746, Loss: 1.0529
Epoch 19/100, Batch 2080/2746, Loss: 1.0171
Epoch 19/100, Batch 2090/2746, Loss: 1.0818
Epoch 19/100, Batch 2100/2746, Loss: 1.1124
Epoch 19/100, Batch 2110/2746, Loss: 1.1335
Epoch 19/100, Batch 2120/2746, Loss: 1.0278
Epoch 19/100, Batch 2130/2746, Loss: 1.1510
Epoch 19/100, Batch 2140/2746, Loss: 1.1431
Epoch 19/100, Batch 2150/2746, Loss: 1.0469
Epoch 19/100, Batch 2160/2746, Loss: 1.0193
Epoch 19/100, Batch 2170/2746, Loss: 1.0565
Epoch 19/100, Batch 2180/2746, Loss: 1.0892
Epoch 19/100, Batch 2190/2746, Loss: 1.1480
Epoch 19/100, Batch 2200/2746, Loss: 1.1172
Epoch 19/100, Batch 2210/2746, Loss: 1.0439
Epoch 19/100, Batch 2220/2746, Loss: 1.0759
Epoch 19/100, Batch 2230/2746, Loss: 1.0963
Epoch 19/100, Batch 2240/2746, Loss: 1.1263
Epoch 19/100, Batch 2250/2746, Loss: 1.1167
Epoch 19/100, Batch 2260/2746, Loss: 1.1747
Epoch 19/100, Batch 2270/2746, Loss: 1.1130
Epoch 19/100, Batch 2280/2746, Loss: 1.1035
Epoch 19/100, Batch 2290/2746, Loss: 1.0439
Epoch 19/100, Batch 2300/2746, Loss: 1.0991
Epoch 19/100, Batch 2310/2746, Loss: 1.0806
Epoch 19/100, Batch 2320/2746, Loss: 1.1660
Epoch 19/100, Batch 2330/2746, Loss: 1.1511
Epoch 19/100, Batch 2340/2746, Loss: 1.1522
Epoch 19/100, Batch 2350/2746, Loss: 1.1495
Epoch 19/100, Batch 2360/2746, Loss: 1.1322
Epoch 19/100, Batch 2370/2746, Loss: 1.2690
Epoch 19/100, Batch 2380/2746, Loss: 1.0033
Epoch 19/100, Batch 2390/2746, Loss: 1.1045
Epoch 19/100, Batch 2400/2746, Loss: 1.0775
Epoch 19/100, Batch 2410/2746, Loss: 1.1145
Epoch 19/100, Batch 2420/2746, Loss: 1.1807
Epoch 19/100, Batch 2430/2746, Loss: 1.1393
Epoch 19/100, Batch 2440/2746, Loss: 1.1179
Epoch 19/100, Batch 2450/2746, Loss: 1.0715
Epoch 19/100, Batch 2460/2746, Loss: 1.0425
Epoch 19/100, Batch 2470/2746, Loss: 1.0697
Epoch 19/100, Batch 2480/2746, Loss: 1.2127
Epoch 19/100, Batch 2490/2746, Loss: 1.1850
Epoch 19/100, Batch 2500/2746, Loss: 1.1447
Epoch 19/100, Batch 2510/2746, Loss: 1.1250
Epoch 19/100, Batch 2520/2746, Loss: 1.0938
Epoch 19/100, Batch 2530/2746, Loss: 1.1531
Epoch 19/100, Batch 2540/2746, Loss: 1.1441
Epoch 19/100, Batch 2550/2746, Loss: 1.0813
Epoch 19/100, Batch 2560/2746, Loss: 1.0779
Epoch 19/100, Batch 2570/2746, Loss: 1.1243
Epoch 19/100, Batch 2580/2746, Loss: 1.1069
Epoch 19/100, Batch 2590/2746, Loss: 1.0429
Epoch 19/100, Batch 2600/2746, Loss: 1.1407
Epoch 19/100, Batch 2610/2746, Loss: 1.1264
Epoch 19/100, Batch 2620/2746, Loss: 1.1131
Epoch 19/100, Batch 2630/2746, Loss: 1.0982
Epoch 19/100, Batch 2640/2746, Loss: 1.0873
Epoch 19/100, Batch 2650/2746, Loss: 1.0623
Epoch 19/100, Batch 2660/2746, Loss: 1.1367
Epoch 19/100, Batch 2670/2746, Loss: 1.1154
Epoch 19/100, Batch 2680/2746, Loss: 1.1690
Epoch 19/100, Batch 2690/2746, Loss: 1.1042
Epoch 19/100, Batch 2700/2746, Loss: 1.0809
Epoch 19/100, Batch 2710/2746, Loss: 1.1510
Epoch 19/100, Batch 2720/2746, Loss: 1.0819
Epoch 19/100, Batch 2730/2746, Loss: 1.1077
Epoch 19/100, Batch 2740/2746, Loss: 1.0862
New best model with validation loss: 0.9722, perplexity: 2.64
Epoch 19/100, Loss: 1.1090, Perplexity: 3.03, Val Loss: 0.9722, Val Perplexity: 2.64, Time: 3659.71s
Epoch 20/100, Batch 10/2746, Loss: 1.0910
Epoch 20/100, Batch 20/2746, Loss: 1.1149
Epoch 20/100, Batch 30/2746, Loss: 1.1196
Epoch 20/100, Batch 40/2746, Loss: 1.0768
Epoch 20/100, Batch 50/2746, Loss: 1.1345
Epoch 20/100, Batch 60/2746, Loss: 1.0786
Epoch 20/100, Batch 70/2746, Loss: 1.0988
Epoch 20/100, Batch 80/2746, Loss: 1.1328
Epoch 20/100, Batch 90/2746, Loss: 1.1046
Epoch 20/100, Batch 100/2746, Loss: 1.0603
Epoch 20/100, Batch 110/2746, Loss: 1.1913
Epoch 20/100, Batch 120/2746, Loss: 1.0694
Epoch 20/100, Batch 130/2746, Loss: 1.0786
Epoch 20/100, Batch 140/2746, Loss: 1.0741
Epoch 20/100, Batch 150/2746, Loss: 1.0072
Epoch 20/100, Batch 160/2746, Loss: 1.1072
Epoch 20/100, Batch 170/2746, Loss: 1.1288
Epoch 20/100, Batch 180/2746, Loss: 1.1250
Epoch 20/100, Batch 190/2746, Loss: 1.1442
Epoch 20/100, Batch 200/2746, Loss: 1.2190
Epoch 20/100, Batch 210/2746, Loss: 1.1208
Epoch 20/100, Batch 220/2746, Loss: 1.0943
Epoch 20/100, Batch 230/2746, Loss: 1.1672
Epoch 20/100, Batch 240/2746, Loss: 1.1614
Epoch 20/100, Batch 250/2746, Loss: 1.1784
Epoch 20/100, Batch 260/2746, Loss: 1.1710
Epoch 20/100, Batch 270/2746, Loss: 1.1177
Epoch 20/100, Batch 280/2746, Loss: 1.1681
Epoch 20/100, Batch 290/2746, Loss: 1.0668
Epoch 20/100, Batch 300/2746, Loss: 1.1351
Epoch 20/100, Batch 310/2746, Loss: 1.0843
Epoch 20/100, Batch 320/2746, Loss: 1.0807
Epoch 20/100, Batch 330/2746, Loss: 1.1507
Epoch 20/100, Batch 340/2746, Loss: 1.1170
Epoch 20/100, Batch 350/2746, Loss: 1.0190
Epoch 20/100, Batch 360/2746, Loss: 1.1061
Epoch 20/100, Batch 370/2746, Loss: 1.0902
Epoch 20/100, Batch 380/2746, Loss: 1.0352
Epoch 20/100, Batch 390/2746, Loss: 1.1445
Epoch 20/100, Batch 400/2746, Loss: 1.1590
Epoch 20/100, Batch 410/2746, Loss: 1.0635
Epoch 20/100, Batch 420/2746, Loss: 1.0636
Epoch 20/100, Batch 430/2746, Loss: 1.1533
Epoch 20/100, Batch 440/2746, Loss: 1.0914
Epoch 20/100, Batch 450/2746, Loss: 1.1212
Epoch 20/100, Batch 460/2746, Loss: 1.1620
Epoch 20/100, Batch 470/2746, Loss: 1.1340
Epoch 20/100, Batch 480/2746, Loss: 1.1019
Epoch 20/100, Batch 490/2746, Loss: 1.1114
Epoch 20/100, Batch 500/2746, Loss: 1.1880
Epoch 20/100, Batch 510/2746, Loss: 1.0453
Epoch 20/100, Batch 520/2746, Loss: 1.0864
Epoch 20/100, Batch 530/2746, Loss: 1.1520
Epoch 20/100, Batch 540/2746, Loss: 1.1875
Epoch 20/100, Batch 550/2746, Loss: 1.1653
Epoch 20/100, Batch 560/2746, Loss: 1.0965
Epoch 20/100, Batch 570/2746, Loss: 1.1023
Epoch 20/100, Batch 580/2746, Loss: 1.0321
Epoch 20/100, Batch 590/2746, Loss: 1.0574
Epoch 20/100, Batch 600/2746, Loss: 1.0382
Epoch 20/100, Batch 610/2746, Loss: 1.1073
Epoch 20/100, Batch 620/2746, Loss: 1.0988
Epoch 20/100, Batch 630/2746, Loss: 1.1127
Epoch 20/100, Batch 640/2746, Loss: 1.1221
Epoch 20/100, Batch 650/2746, Loss: 1.1009
Epoch 20/100, Batch 660/2746, Loss: 1.0703
Epoch 20/100, Batch 670/2746, Loss: 1.0787
Epoch 20/100, Batch 680/2746, Loss: 1.1549
Epoch 20/100, Batch 690/2746, Loss: 1.1486
Epoch 20/100, Batch 700/2746, Loss: 1.0794
Epoch 20/100, Batch 710/2746, Loss: 1.0548
Epoch 20/100, Batch 720/2746, Loss: 1.0795
Epoch 20/100, Batch 730/2746, Loss: 1.1445
Epoch 20/100, Batch 740/2746, Loss: 1.0902
Epoch 20/100, Batch 750/2746, Loss: 1.0301
Epoch 20/100, Batch 760/2746, Loss: 1.0800
Epoch 20/100, Batch 770/2746, Loss: 1.0506
Epoch 20/100, Batch 780/2746, Loss: 1.0685
Epoch 20/100, Batch 790/2746, Loss: 1.1161
Epoch 20/100, Batch 800/2746, Loss: 1.1325
Epoch 20/100, Batch 810/2746, Loss: 1.1558
Epoch 20/100, Batch 820/2746, Loss: 1.0689
Epoch 20/100, Batch 830/2746, Loss: 1.0701
Epoch 20/100, Batch 840/2746, Loss: 1.0868
Epoch 20/100, Batch 850/2746, Loss: 1.0657
Epoch 20/100, Batch 860/2746, Loss: 1.0812
Epoch 20/100, Batch 870/2746, Loss: 1.1469
Epoch 20/100, Batch 880/2746, Loss: 1.1161
Epoch 20/100, Batch 890/2746, Loss: 1.1506
Epoch 20/100, Batch 900/2746, Loss: 1.0705
Epoch 20/100, Batch 910/2746, Loss: 1.0734
Epoch 20/100, Batch 920/2746, Loss: 1.0675
Epoch 20/100, Batch 930/2746, Loss: 1.0656
Epoch 20/100, Batch 940/2746, Loss: 1.0410
Epoch 20/100, Batch 950/2746, Loss: 1.1433
Epoch 20/100, Batch 960/2746, Loss: 1.1308
Epoch 20/100, Batch 970/2746, Loss: 1.1652
Epoch 20/100, Batch 980/2746, Loss: 1.1245
Epoch 20/100, Batch 990/2746, Loss: 1.1644
Epoch 20/100, Batch 1000/2746, Loss: 1.2125
Epoch 20/100, Batch 1010/2746, Loss: 1.0982
Epoch 20/100, Batch 1020/2746, Loss: 1.1376
Epoch 20/100, Batch 1030/2746, Loss: 1.0488
Epoch 20/100, Batch 1040/2746, Loss: 1.0605
Epoch 20/100, Batch 1050/2746, Loss: 1.0348
Epoch 20/100, Batch 1060/2746, Loss: 1.1058
Epoch 20/100, Batch 1070/2746, Loss: 1.0425
Epoch 20/100, Batch 1080/2746, Loss: 1.0913
Epoch 20/100, Batch 1090/2746, Loss: 1.0531
Epoch 20/100, Batch 1100/2746, Loss: 1.0793
Epoch 20/100, Batch 1110/2746, Loss: 1.0388
Epoch 20/100, Batch 1120/2746, Loss: 1.1941
Epoch 20/100, Batch 1130/2746, Loss: 1.1546
Epoch 20/100, Batch 1140/2746, Loss: 1.0634
Epoch 20/100, Batch 1150/2746, Loss: 1.0856
Epoch 20/100, Batch 1160/2746, Loss: 1.0170
Epoch 20/100, Batch 1170/2746, Loss: 1.1034
Epoch 20/100, Batch 1180/2746, Loss: 1.1250
Epoch 20/100, Batch 1190/2746, Loss: 1.1260
Epoch 20/100, Batch 1200/2746, Loss: 1.0761
Epoch 20/100, Batch 1210/2746, Loss: 0.9882
Epoch 20/100, Batch 1220/2746, Loss: 1.0827
Epoch 20/100, Batch 1230/2746, Loss: 1.0557
Epoch 20/100, Batch 1240/2746, Loss: 1.1262
Epoch 20/100, Batch 1250/2746, Loss: 1.1104
Epoch 20/100, Batch 1260/2746, Loss: 1.1187
Epoch 20/100, Batch 1270/2746, Loss: 1.0699
Epoch 20/100, Batch 1280/2746, Loss: 1.0792
Epoch 20/100, Batch 1290/2746, Loss: 1.0828
Epoch 20/100, Batch 1300/2746, Loss: 1.0764
Epoch 20/100, Batch 1310/2746, Loss: 1.1381
Epoch 20/100, Batch 1320/2746, Loss: 1.0832
Epoch 20/100, Batch 1330/2746, Loss: 1.0107
Epoch 20/100, Batch 1340/2746, Loss: 1.0935
Epoch 20/100, Batch 1350/2746, Loss: 1.1162
Epoch 20/100, Batch 1360/2746, Loss: 1.0988
Epoch 20/100, Batch 1370/2746, Loss: 1.1049
Epoch 20/100, Batch 1380/2746, Loss: 1.0829
Epoch 20/100, Batch 1390/2746, Loss: 1.0458
Epoch 20/100, Batch 1400/2746, Loss: 1.0843
Epoch 20/100, Batch 1410/2746, Loss: 1.1431
Epoch 20/100, Batch 1420/2746, Loss: 1.1198
Epoch 20/100, Batch 1430/2746, Loss: 1.0857
Epoch 20/100, Batch 1440/2746, Loss: 1.0801
Epoch 20/100, Batch 1450/2746, Loss: 1.2367
Epoch 20/100, Batch 1460/2746, Loss: 1.0173
Epoch 20/100, Batch 1470/2746, Loss: 1.0756
Epoch 20/100, Batch 1480/2746, Loss: 1.0863
Epoch 20/100, Batch 1490/2746, Loss: 1.1405
Epoch 20/100, Batch 1500/2746, Loss: 1.0813
Epoch 20/100, Batch 1510/2746, Loss: 1.1259
Epoch 20/100, Batch 1520/2746, Loss: 1.1142
Epoch 20/100, Batch 1530/2746, Loss: 1.0649
Epoch 20/100, Batch 1540/2746, Loss: 1.0967
Epoch 20/100, Batch 1550/2746, Loss: 1.1533
Epoch 20/100, Batch 1560/2746, Loss: 1.0787
Epoch 20/100, Batch 1570/2746, Loss: 1.1610
Epoch 20/100, Batch 1580/2746, Loss: 1.1228
Epoch 20/100, Batch 1590/2746, Loss: 1.1093
Epoch 20/100, Batch 1600/2746, Loss: 1.1680
Epoch 20/100, Batch 1610/2746, Loss: 1.1396
Epoch 20/100, Batch 1620/2746, Loss: 1.1084
Epoch 20/100, Batch 1630/2746, Loss: 1.0921
Epoch 20/100, Batch 1640/2746, Loss: 1.1395
Epoch 20/100, Batch 1650/2746, Loss: 1.1445
Epoch 20/100, Batch 1660/2746, Loss: 1.1108
Epoch 20/100, Batch 1670/2746, Loss: 1.1144
Epoch 20/100, Batch 1680/2746, Loss: 1.1869
Epoch 20/100, Batch 1690/2746, Loss: 1.0451
Epoch 20/100, Batch 1700/2746, Loss: 1.1109
Epoch 20/100, Batch 1710/2746, Loss: 1.1497
Epoch 20/100, Batch 1720/2746, Loss: 1.1177
Epoch 20/100, Batch 1730/2746, Loss: 1.0585
Epoch 20/100, Batch 1740/2746, Loss: 1.0913
Epoch 20/100, Batch 1750/2746, Loss: 1.0920
Epoch 20/100, Batch 1760/2746, Loss: 1.0604
Epoch 20/100, Batch 1770/2746, Loss: 1.1727
Epoch 20/100, Batch 1780/2746, Loss: 1.1081
Epoch 20/100, Batch 1790/2746, Loss: 1.0303
Epoch 20/100, Batch 1800/2746, Loss: 1.0543
Epoch 20/100, Batch 1810/2746, Loss: 1.0844
Epoch 20/100, Batch 1820/2746, Loss: 1.1362
Epoch 20/100, Batch 1830/2746, Loss: 1.0903
Epoch 20/100, Batch 1840/2746, Loss: 1.1727
Epoch 20/100, Batch 1850/2746, Loss: 1.0809
Epoch 20/100, Batch 1860/2746, Loss: 1.1400
Epoch 20/100, Batch 1870/2746, Loss: 1.1117
Epoch 20/100, Batch 1880/2746, Loss: 1.1222
Epoch 20/100, Batch 1890/2746, Loss: 1.1052
Epoch 20/100, Batch 1900/2746, Loss: 1.1485
Epoch 20/100, Batch 1910/2746, Loss: 1.0892
Epoch 20/100, Batch 1920/2746, Loss: 1.1143
Epoch 20/100, Batch 1930/2746, Loss: 1.0377
Epoch 20/100, Batch 1940/2746, Loss: 0.9994
Epoch 20/100, Batch 1950/2746, Loss: 1.1034
Epoch 20/100, Batch 1960/2746, Loss: 1.1032
Epoch 20/100, Batch 1970/2746, Loss: 1.0891
Epoch 20/100, Batch 1980/2746, Loss: 1.0926
Epoch 20/100, Batch 1990/2746, Loss: 1.0860
Epoch 20/100, Batch 2000/2746, Loss: 1.0935
Epoch 20/100, Batch 2010/2746, Loss: 1.1360
Epoch 20/100, Batch 2020/2746, Loss: 1.0522
Epoch 20/100, Batch 2030/2746, Loss: 1.0796
Epoch 20/100, Batch 2040/2746, Loss: 1.0499
Epoch 20/100, Batch 2050/2746, Loss: 1.0621
Epoch 20/100, Batch 2060/2746, Loss: 1.0607
Epoch 20/100, Batch 2070/2746, Loss: 1.0304
Epoch 20/100, Batch 2080/2746, Loss: 1.0314
Epoch 20/100, Batch 2090/2746, Loss: 1.0534
Epoch 20/100, Batch 2100/2746, Loss: 1.1349
Epoch 20/100, Batch 2110/2746, Loss: 1.1236
Epoch 20/100, Batch 2120/2746, Loss: 1.0173
Epoch 20/100, Batch 2130/2746, Loss: 1.1548
Epoch 20/100, Batch 2140/2746, Loss: 1.1127
Epoch 20/100, Batch 2150/2746, Loss: 1.0392
Epoch 20/100, Batch 2160/2746, Loss: 1.0183
Epoch 20/100, Batch 2170/2746, Loss: 1.0439
Epoch 20/100, Batch 2180/2746, Loss: 1.0426
Epoch 20/100, Batch 2190/2746, Loss: 1.1562
Epoch 20/100, Batch 2200/2746, Loss: 1.1325
Epoch 20/100, Batch 2210/2746, Loss: 1.0656
Epoch 20/100, Batch 2220/2746, Loss: 1.0582
Epoch 20/100, Batch 2230/2746, Loss: 1.0831
Epoch 20/100, Batch 2240/2746, Loss: 1.1404
Epoch 20/100, Batch 2250/2746, Loss: 1.1279
Epoch 20/100, Batch 2260/2746, Loss: 1.1614
Epoch 20/100, Batch 2270/2746, Loss: 1.0786
Epoch 20/100, Batch 2280/2746, Loss: 1.0838
Epoch 20/100, Batch 2290/2746, Loss: 1.0411
Epoch 20/100, Batch 2300/2746, Loss: 1.0865
Epoch 20/100, Batch 2310/2746, Loss: 1.0782
Epoch 20/100, Batch 2320/2746, Loss: 1.1264
Epoch 20/100, Batch 2330/2746, Loss: 1.1244
Epoch 20/100, Batch 2340/2746, Loss: 1.0931
Epoch 20/100, Batch 2350/2746, Loss: 1.1139
Epoch 20/100, Batch 2360/2746, Loss: 1.1208
Epoch 20/100, Batch 2370/2746, Loss: 1.1815
Epoch 20/100, Batch 2380/2746, Loss: 1.1075
Epoch 20/100, Batch 2390/2746, Loss: 1.1389
Epoch 20/100, Batch 2400/2746, Loss: 1.0683
Epoch 20/100, Batch 2410/2746, Loss: 1.1050
Epoch 20/100, Batch 2420/2746, Loss: 1.1225
Epoch 20/100, Batch 2430/2746, Loss: 1.2159
Epoch 20/100, Batch 2440/2746, Loss: 1.1016
Epoch 20/100, Batch 2450/2746, Loss: 1.1000
Epoch 20/100, Batch 2460/2746, Loss: 1.1218
Epoch 20/100, Batch 2470/2746, Loss: 1.1020
Epoch 20/100, Batch 2480/2746, Loss: 1.0853
Epoch 20/100, Batch 2490/2746, Loss: 1.0972
Epoch 20/100, Batch 2500/2746, Loss: 1.1482
Epoch 20/100, Batch 2510/2746, Loss: 1.1215
Epoch 20/100, Batch 2520/2746, Loss: 1.0853
Epoch 20/100, Batch 2530/2746, Loss: 1.1429
Epoch 20/100, Batch 2540/2746, Loss: 1.1012
Epoch 20/100, Batch 2550/2746, Loss: 1.0561
Epoch 20/100, Batch 2560/2746, Loss: 1.0728
Epoch 20/100, Batch 2570/2746, Loss: 1.1322
Epoch 20/100, Batch 2580/2746, Loss: 1.0988
Epoch 20/100, Batch 2590/2746, Loss: 1.0463
Epoch 20/100, Batch 2600/2746, Loss: 1.1012
Epoch 20/100, Batch 2610/2746, Loss: 1.1152
Epoch 20/100, Batch 2620/2746, Loss: 1.1167
Epoch 20/100, Batch 2630/2746, Loss: 1.0779
Epoch 20/100, Batch 2640/2746, Loss: 1.0870
Epoch 20/100, Batch 2650/2746, Loss: 1.0651
Epoch 20/100, Batch 2660/2746, Loss: 1.1448
Epoch 20/100, Batch 2670/2746, Loss: 1.1028
Epoch 20/100, Batch 2680/2746, Loss: 1.1930
Epoch 20/100, Batch 2690/2746, Loss: 1.0961
Epoch 20/100, Batch 2700/2746, Loss: 1.0484
Epoch 20/100, Batch 2710/2746, Loss: 1.1388
Epoch 20/100, Batch 2720/2746, Loss: 1.0911
Epoch 20/100, Batch 2730/2746, Loss: 1.0978
Epoch 20/100, Batch 2740/2746, Loss: 1.0750
New best model with validation loss: 0.9650, perplexity: 2.62
Epoch 20/100, Loss: 1.0985, Perplexity: 3.00, Val Loss: 0.9650, Val Perplexity: 2.62, Time: 3660.18s
Epoch 21/100, Batch 10/2746, Loss: 1.1185
Epoch 21/100, Batch 20/2746, Loss: 1.1018
Epoch 21/100, Batch 30/2746, Loss: 1.0587
Epoch 21/100, Batch 40/2746, Loss: 1.0368
Epoch 21/100, Batch 50/2746, Loss: 1.1281
Epoch 21/100, Batch 60/2746, Loss: 1.1327
Epoch 21/100, Batch 70/2746, Loss: 1.1077
Epoch 21/100, Batch 80/2746, Loss: 1.0974
Epoch 21/100, Batch 90/2746, Loss: 1.0879
Epoch 21/100, Batch 100/2746, Loss: 1.0638
Epoch 21/100, Batch 110/2746, Loss: 1.1879
Epoch 21/100, Batch 120/2746, Loss: 1.0429
Epoch 21/100, Batch 130/2746, Loss: 1.0661
Epoch 21/100, Batch 140/2746, Loss: 1.0706
Epoch 21/100, Batch 150/2746, Loss: 1.0087
Epoch 21/100, Batch 160/2746, Loss: 1.0613
Epoch 21/100, Batch 170/2746, Loss: 1.1104
Epoch 21/100, Batch 180/2746, Loss: 1.1617
Epoch 21/100, Batch 190/2746, Loss: 1.1361
Epoch 21/100, Batch 200/2746, Loss: 1.1730
Epoch 21/100, Batch 210/2746, Loss: 1.1782
Epoch 21/100, Batch 220/2746, Loss: 1.1186
Epoch 21/100, Batch 230/2746, Loss: 1.1238
Epoch 21/100, Batch 240/2746, Loss: 1.1568
Epoch 21/100, Batch 250/2746, Loss: 1.2396
Epoch 21/100, Batch 260/2746, Loss: 1.2452
Epoch 21/100, Batch 270/2746, Loss: 1.1366
Epoch 21/100, Batch 280/2746, Loss: 1.1121
Epoch 21/100, Batch 290/2746, Loss: 1.0535
Epoch 21/100, Batch 300/2746, Loss: 1.1259
Epoch 21/100, Batch 310/2746, Loss: 1.0730
Epoch 21/100, Batch 320/2746, Loss: 1.0677
Epoch 21/100, Batch 330/2746, Loss: 1.1062
Epoch 21/100, Batch 340/2746, Loss: 1.1389
Epoch 21/100, Batch 350/2746, Loss: 1.0110
Epoch 21/100, Batch 360/2746, Loss: 1.1018
Epoch 21/100, Batch 370/2746, Loss: 1.0829
Epoch 21/100, Batch 380/2746, Loss: 1.0798
Epoch 21/100, Batch 390/2746, Loss: 1.1191
Epoch 21/100, Batch 400/2746, Loss: 1.1907
Epoch 21/100, Batch 410/2746, Loss: 1.0529
Epoch 21/100, Batch 420/2746, Loss: 1.0507
Epoch 21/100, Batch 430/2746, Loss: 1.1018
Epoch 21/100, Batch 440/2746, Loss: 1.1184
Epoch 21/100, Batch 450/2746, Loss: 1.0792
Epoch 21/100, Batch 460/2746, Loss: 1.1226
Epoch 21/100, Batch 470/2746, Loss: 1.2495
Epoch 21/100, Batch 480/2746, Loss: 1.1243
Epoch 21/100, Batch 490/2746, Loss: 1.1036
Epoch 21/100, Batch 500/2746, Loss: 1.1591
Epoch 21/100, Batch 510/2746, Loss: 1.0461
Epoch 21/100, Batch 520/2746, Loss: 1.0859
Epoch 21/100, Batch 530/2746, Loss: 1.1336
Epoch 21/100, Batch 540/2746, Loss: 1.1415
Epoch 21/100, Batch 550/2746, Loss: 1.1183
Epoch 21/100, Batch 560/2746, Loss: 1.0360
Epoch 21/100, Batch 570/2746, Loss: 1.1230
Epoch 21/100, Batch 580/2746, Loss: 1.0479
Epoch 21/100, Batch 590/2746, Loss: 1.1610
Epoch 21/100, Batch 600/2746, Loss: 1.1150
Epoch 21/100, Batch 610/2746, Loss: 1.1351
Epoch 21/100, Batch 620/2746, Loss: 1.1033
Epoch 21/100, Batch 630/2746, Loss: 1.1138
Epoch 21/100, Batch 640/2746, Loss: 1.1366
Epoch 21/100, Batch 650/2746, Loss: 1.0922
Epoch 21/100, Batch 660/2746, Loss: 1.0661
Epoch 21/100, Batch 670/2746, Loss: 1.1109
Epoch 21/100, Batch 680/2746, Loss: 1.1439
Epoch 21/100, Batch 690/2746, Loss: 1.1019
Epoch 21/100, Batch 700/2746, Loss: 1.0423
Epoch 21/100, Batch 710/2746, Loss: 0.9909
Epoch 21/100, Batch 720/2746, Loss: 1.0716
Epoch 21/100, Batch 730/2746, Loss: 1.1334
Epoch 21/100, Batch 740/2746, Loss: 1.0504
Epoch 21/100, Batch 750/2746, Loss: 1.0213
Epoch 21/100, Batch 760/2746, Loss: 1.0476
Epoch 21/100, Batch 770/2746, Loss: 1.0399
Epoch 21/100, Batch 780/2746, Loss: 1.0583
Epoch 21/100, Batch 790/2746, Loss: 1.1025
Epoch 21/100, Batch 800/2746, Loss: 1.1110
Epoch 21/100, Batch 810/2746, Loss: 1.0642
Epoch 21/100, Batch 820/2746, Loss: 1.0616
Epoch 21/100, Batch 830/2746, Loss: 1.0976
Epoch 21/100, Batch 840/2746, Loss: 1.1185
Epoch 21/100, Batch 850/2746, Loss: 1.0234
Epoch 21/100, Batch 860/2746, Loss: 1.0439
Epoch 21/100, Batch 870/2746, Loss: 1.1360
Epoch 21/100, Batch 880/2746, Loss: 1.0668
Epoch 21/100, Batch 890/2746, Loss: 1.1408
Epoch 21/100, Batch 900/2746, Loss: 1.0615
Epoch 21/100, Batch 910/2746, Loss: 1.0910
Epoch 21/100, Batch 920/2746, Loss: 1.0530
Epoch 21/100, Batch 930/2746, Loss: 1.0623
Epoch 21/100, Batch 940/2746, Loss: 1.0301
Epoch 21/100, Batch 950/2746, Loss: 1.1308
Epoch 21/100, Batch 960/2746, Loss: 1.1184
Epoch 21/100, Batch 970/2746, Loss: 1.1353
Epoch 21/100, Batch 980/2746, Loss: 1.1096
Epoch 21/100, Batch 990/2746, Loss: 1.1305
Epoch 21/100, Batch 1000/2746, Loss: 1.1758
Epoch 21/100, Batch 1010/2746, Loss: 1.0939
Epoch 21/100, Batch 1020/2746, Loss: 1.0913
Epoch 21/100, Batch 1030/2746, Loss: 1.0376
Epoch 21/100, Batch 1040/2746, Loss: 1.0753
Epoch 21/100, Batch 1050/2746, Loss: 1.0387
Epoch 21/100, Batch 1060/2746, Loss: 1.1092
Epoch 21/100, Batch 1070/2746, Loss: 1.0271
Epoch 21/100, Batch 1080/2746, Loss: 1.0532
Epoch 21/100, Batch 1090/2746, Loss: 1.0072
Epoch 21/100, Batch 1100/2746, Loss: 1.1039
Epoch 21/100, Batch 1110/2746, Loss: 1.0665
Epoch 21/100, Batch 1120/2746, Loss: 1.1407
Epoch 21/100, Batch 1130/2746, Loss: 1.1067
Epoch 21/100, Batch 1140/2746, Loss: 1.0555
Epoch 21/100, Batch 1150/2746, Loss: 1.1192
Epoch 21/100, Batch 1160/2746, Loss: 1.0167
Epoch 21/100, Batch 1170/2746, Loss: 1.0394
Epoch 21/100, Batch 1180/2746, Loss: 1.0924
Epoch 21/100, Batch 1190/2746, Loss: 1.1069
Epoch 21/100, Batch 1200/2746, Loss: 1.0684
Epoch 21/100, Batch 1210/2746, Loss: 0.9819
Epoch 21/100, Batch 1220/2746, Loss: 1.0583
Epoch 21/100, Batch 1230/2746, Loss: 1.0884
Epoch 21/100, Batch 1240/2746, Loss: 1.0719
Epoch 21/100, Batch 1250/2746, Loss: 1.1071
Epoch 21/100, Batch 1260/2746, Loss: 1.1052
Epoch 21/100, Batch 1270/2746, Loss: 1.0683
Epoch 21/100, Batch 1280/2746, Loss: 1.0622
Epoch 21/100, Batch 1290/2746, Loss: 1.0703
Epoch 21/100, Batch 1300/2746, Loss: 1.0708
Epoch 21/100, Batch 1310/2746, Loss: 1.1640
Epoch 21/100, Batch 1320/2746, Loss: 1.0768
Epoch 21/100, Batch 1330/2746, Loss: 0.9855
Epoch 21/100, Batch 1340/2746, Loss: 1.0794
Epoch 21/100, Batch 1350/2746, Loss: 1.0972
Epoch 21/100, Batch 1360/2746, Loss: 1.1088
Epoch 21/100, Batch 1370/2746, Loss: 1.1460
Epoch 21/100, Batch 1380/2746, Loss: 1.0576
Epoch 21/100, Batch 1390/2746, Loss: 1.0099
Epoch 21/100, Batch 1400/2746, Loss: 1.0556
Epoch 21/100, Batch 1410/2746, Loss: 1.1302
Epoch 21/100, Batch 1420/2746, Loss: 1.1038
Epoch 21/100, Batch 1430/2746, Loss: 1.1239
Epoch 21/100, Batch 1440/2746, Loss: 1.1006
Epoch 21/100, Batch 1450/2746, Loss: 1.0665
Epoch 21/100, Batch 1460/2746, Loss: 1.0137
Epoch 21/100, Batch 1470/2746, Loss: 1.0578
Epoch 21/100, Batch 1480/2746, Loss: 1.0799
Epoch 21/100, Batch 1490/2746, Loss: 1.1206
Epoch 21/100, Batch 1500/2746, Loss: 1.0851
Epoch 21/100, Batch 1510/2746, Loss: 1.1061
Epoch 21/100, Batch 1520/2746, Loss: 1.1001
Epoch 21/100, Batch 1530/2746, Loss: 1.0896
Epoch 21/100, Batch 1540/2746, Loss: 1.0928
Epoch 21/100, Batch 1550/2746, Loss: 1.1369
Epoch 21/100, Batch 1560/2746, Loss: 1.0334
Epoch 21/100, Batch 1570/2746, Loss: 1.1421
Epoch 21/100, Batch 1580/2746, Loss: 1.1426
Epoch 21/100, Batch 1590/2746, Loss: 1.1081
Epoch 21/100, Batch 1600/2746, Loss: 1.2127
Epoch 21/100, Batch 1610/2746, Loss: 1.0817
Epoch 21/100, Batch 1620/2746, Loss: 1.0905
Epoch 21/100, Batch 1630/2746, Loss: 1.0817
Epoch 21/100, Batch 1640/2746, Loss: 1.0941
Epoch 21/100, Batch 1650/2746, Loss: 1.1465
Epoch 21/100, Batch 1660/2746, Loss: 1.1172
Epoch 21/100, Batch 1670/2746, Loss: 1.1001
Epoch 21/100, Batch 1680/2746, Loss: 1.0928
Epoch 21/100, Batch 1690/2746, Loss: 1.0160
Epoch 21/100, Batch 1700/2746, Loss: 1.0926
Epoch 21/100, Batch 1710/2746, Loss: 1.1372
Epoch 21/100, Batch 1720/2746, Loss: 1.1079
Epoch 21/100, Batch 1730/2746, Loss: 1.0451
Epoch 21/100, Batch 1740/2746, Loss: 1.0849
Epoch 21/100, Batch 1750/2746, Loss: 1.0437
Epoch 21/100, Batch 1760/2746, Loss: 1.0474
Epoch 21/100, Batch 1770/2746, Loss: 1.0878
Epoch 21/100, Batch 1780/2746, Loss: 1.1124
Epoch 21/100, Batch 1790/2746, Loss: 1.0208
Epoch 21/100, Batch 1800/2746, Loss: 1.0476
Epoch 21/100, Batch 1810/2746, Loss: 1.0476
Epoch 21/100, Batch 1820/2746, Loss: 1.1199
Epoch 21/100, Batch 1830/2746, Loss: 1.0751
Epoch 21/100, Batch 1840/2746, Loss: 1.1348
Epoch 21/100, Batch 1850/2746, Loss: 1.0794
Epoch 21/100, Batch 1860/2746, Loss: 1.1073
Epoch 21/100, Batch 1870/2746, Loss: 1.0783
Epoch 21/100, Batch 1880/2746, Loss: 1.1694
Epoch 21/100, Batch 1890/2746, Loss: 1.1309
Epoch 21/100, Batch 1900/2746, Loss: 1.1414
Epoch 21/100, Batch 1910/2746, Loss: 1.0841
Epoch 21/100, Batch 1920/2746, Loss: 1.0702
Epoch 21/100, Batch 1930/2746, Loss: 1.0320
Epoch 21/100, Batch 1940/2746, Loss: 0.9913
Epoch 21/100, Batch 1950/2746, Loss: 1.1344
Epoch 21/100, Batch 1960/2746, Loss: 1.0922
Epoch 21/100, Batch 1970/2746, Loss: 1.0800
Epoch 21/100, Batch 1980/2746, Loss: 1.1065
Epoch 21/100, Batch 1990/2746, Loss: 1.1311
Epoch 21/100, Batch 2000/2746, Loss: 1.1033
Epoch 21/100, Batch 2010/2746, Loss: 1.1189
Epoch 21/100, Batch 2020/2746, Loss: 1.0479
Epoch 21/100, Batch 2030/2746, Loss: 1.1054
Epoch 21/100, Batch 2040/2746, Loss: 1.0473
Epoch 21/100, Batch 2050/2746, Loss: 1.0213
Epoch 21/100, Batch 2060/2746, Loss: 1.4463
Epoch 21/100, Batch 2070/2746, Loss: 1.0234
Epoch 21/100, Batch 2080/2746, Loss: 1.0528
Epoch 21/100, Batch 2090/2746, Loss: 1.0470
Epoch 21/100, Batch 2100/2746, Loss: 1.1552
Epoch 21/100, Batch 2110/2746, Loss: 1.1151
Epoch 21/100, Batch 2120/2746, Loss: 1.0138
Epoch 21/100, Batch 2130/2746, Loss: 1.1065
Epoch 21/100, Batch 2140/2746, Loss: 1.1113
Epoch 21/100, Batch 2150/2746, Loss: 1.0714
Epoch 21/100, Batch 2160/2746, Loss: 0.9998
Epoch 21/100, Batch 2170/2746, Loss: 1.0389
Epoch 21/100, Batch 2180/2746, Loss: 1.0421
Epoch 21/100, Batch 2190/2746, Loss: 1.1914
Epoch 21/100, Batch 2200/2746, Loss: 1.0993
Epoch 21/100, Batch 2210/2746, Loss: 1.0582
Epoch 21/100, Batch 2220/2746, Loss: 1.0597
Epoch 21/100, Batch 2230/2746, Loss: 1.0608
Epoch 21/100, Batch 2240/2746, Loss: 1.1258
Epoch 21/100, Batch 2250/2746, Loss: 1.1066
Epoch 21/100, Batch 2260/2746, Loss: 1.1500
Epoch 21/100, Batch 2270/2746, Loss: 1.0664
Epoch 21/100, Batch 2280/2746, Loss: 1.0797
Epoch 21/100, Batch 2290/2746, Loss: 1.0259
Epoch 21/100, Batch 2300/2746, Loss: 1.0894
Epoch 21/100, Batch 2310/2746, Loss: 1.0440
Epoch 21/100, Batch 2320/2746, Loss: 1.1177
Epoch 21/100, Batch 2330/2746, Loss: 1.0978
Epoch 21/100, Batch 2340/2746, Loss: 1.0848
Epoch 21/100, Batch 2350/2746, Loss: 1.1543
Epoch 21/100, Batch 2360/2746, Loss: 1.1330
Epoch 21/100, Batch 2370/2746, Loss: 1.1313
Epoch 21/100, Batch 2380/2746, Loss: 0.9856
Epoch 21/100, Batch 2390/2746, Loss: 1.0880
Epoch 21/100, Batch 2400/2746, Loss: 1.0584
Epoch 21/100, Batch 2410/2746, Loss: 1.1041
Epoch 21/100, Batch 2420/2746, Loss: 1.1260
Epoch 21/100, Batch 2430/2746, Loss: 1.1232
Epoch 21/100, Batch 2440/2746, Loss: 1.0931
Epoch 21/100, Batch 2450/2746, Loss: 1.0486
Epoch 21/100, Batch 2460/2746, Loss: 1.0144
Epoch 21/100, Batch 2470/2746, Loss: 1.0566
Epoch 21/100, Batch 2480/2746, Loss: 1.0670
Epoch 21/100, Batch 2490/2746, Loss: 1.0871
Epoch 21/100, Batch 2500/2746, Loss: 1.1404
Epoch 21/100, Batch 2510/2746, Loss: 1.1012
Epoch 21/100, Batch 2520/2746, Loss: 1.0754
Epoch 21/100, Batch 2530/2746, Loss: 1.1619
Epoch 21/100, Batch 2540/2746, Loss: 1.0946
Epoch 21/100, Batch 2550/2746, Loss: 1.0888
Epoch 21/100, Batch 2560/2746, Loss: 1.0994
Epoch 21/100, Batch 2570/2746, Loss: 1.1297
Epoch 21/100, Batch 2580/2746, Loss: 1.0838
Epoch 21/100, Batch 2590/2746, Loss: 1.0734
Epoch 21/100, Batch 2600/2746, Loss: 1.0951
Epoch 21/100, Batch 2610/2746, Loss: 1.1030
Epoch 21/100, Batch 2620/2746, Loss: 1.1424
Epoch 21/100, Batch 2630/2746, Loss: 1.0468
Epoch 21/100, Batch 2640/2746, Loss: 1.1320
Epoch 21/100, Batch 2650/2746, Loss: 1.0161
Epoch 21/100, Batch 2660/2746, Loss: 1.1157
Epoch 21/100, Batch 2670/2746, Loss: 1.0963
Epoch 21/100, Batch 2680/2746, Loss: 1.1149
Epoch 21/100, Batch 2690/2746, Loss: 1.1287
Epoch 21/100, Batch 2700/2746, Loss: 1.0881
Epoch 21/100, Batch 2710/2746, Loss: 1.1770
Epoch 21/100, Batch 2720/2746, Loss: 1.0608
Epoch 21/100, Batch 2730/2746, Loss: 1.1150
Epoch 21/100, Batch 2740/2746, Loss: 1.0795
New best model with validation loss: 0.9570, perplexity: 2.60
Epoch 21/100, Loss: 1.0903, Perplexity: 2.98, Val Loss: 0.9570, Val Perplexity: 2.60, Time: 3653.57s
Epoch 22/100, Batch 10/2746, Loss: 1.1079
Epoch 22/100, Batch 20/2746, Loss: 1.0957
Epoch 22/100, Batch 30/2746, Loss: 1.0546
Epoch 22/100, Batch 40/2746, Loss: 1.0231
Epoch 22/100, Batch 50/2746, Loss: 1.1481
Epoch 22/100, Batch 60/2746, Loss: 1.0564
Epoch 22/100, Batch 70/2746, Loss: 1.0710
Epoch 22/100, Batch 80/2746, Loss: 1.0942
Epoch 22/100, Batch 90/2746, Loss: 1.0691
Epoch 22/100, Batch 100/2746, Loss: 1.0431
Epoch 22/100, Batch 110/2746, Loss: 1.1823
Epoch 22/100, Batch 120/2746, Loss: 1.0463
Epoch 22/100, Batch 130/2746, Loss: 1.0544
Epoch 22/100, Batch 140/2746, Loss: 1.0548
Epoch 22/100, Batch 150/2746, Loss: 0.9867
Epoch 22/100, Batch 160/2746, Loss: 1.0655
Epoch 22/100, Batch 170/2746, Loss: 1.1042
Epoch 22/100, Batch 180/2746, Loss: 1.0919
Epoch 22/100, Batch 190/2746, Loss: 1.1316
Epoch 22/100, Batch 200/2746, Loss: 1.2598
Epoch 22/100, Batch 210/2746, Loss: 1.1094
Epoch 22/100, Batch 220/2746, Loss: 1.0806
Epoch 22/100, Batch 230/2746, Loss: 1.1619
Epoch 22/100, Batch 240/2746, Loss: 1.1358
Epoch 22/100, Batch 250/2746, Loss: 1.1611
Epoch 22/100, Batch 260/2746, Loss: 1.1252
Epoch 22/100, Batch 270/2746, Loss: 1.1164
Epoch 22/100, Batch 280/2746, Loss: 1.1080
Epoch 22/100, Batch 290/2746, Loss: 1.0598
Epoch 22/100, Batch 300/2746, Loss: 1.1481
Epoch 22/100, Batch 310/2746, Loss: 1.1029
Epoch 22/100, Batch 320/2746, Loss: 1.0922
Epoch 22/100, Batch 330/2746, Loss: 1.1063
Epoch 22/100, Batch 340/2746, Loss: 1.1092
Epoch 22/100, Batch 350/2746, Loss: 1.0055
Epoch 22/100, Batch 360/2746, Loss: 1.0934
Epoch 22/100, Batch 370/2746, Loss: 1.0563
Epoch 22/100, Batch 380/2746, Loss: 1.0087
Epoch 22/100, Batch 390/2746, Loss: 1.1000
Epoch 22/100, Batch 400/2746, Loss: 1.1864
Epoch 22/100, Batch 410/2746, Loss: 1.0759
Epoch 22/100, Batch 420/2746, Loss: 1.0706
Epoch 22/100, Batch 430/2746, Loss: 1.1297
Epoch 22/100, Batch 440/2746, Loss: 1.0729
Epoch 22/100, Batch 450/2746, Loss: 1.0979
Epoch 22/100, Batch 460/2746, Loss: 1.1114
Epoch 22/100, Batch 470/2746, Loss: 1.1243
Epoch 22/100, Batch 480/2746, Loss: 1.0824
Epoch 22/100, Batch 490/2746, Loss: 1.0843
Epoch 22/100, Batch 500/2746, Loss: 1.1468
Epoch 22/100, Batch 510/2746, Loss: 1.0493
Epoch 22/100, Batch 520/2746, Loss: 1.0462
Epoch 22/100, Batch 530/2746, Loss: 1.1444
Epoch 22/100, Batch 540/2746, Loss: 1.1723
Epoch 22/100, Batch 550/2746, Loss: 1.1109
Epoch 22/100, Batch 560/2746, Loss: 1.0318
Epoch 22/100, Batch 570/2746, Loss: 1.0855
Epoch 22/100, Batch 580/2746, Loss: 1.0073
Epoch 22/100, Batch 590/2746, Loss: 1.0063
Epoch 22/100, Batch 600/2746, Loss: 1.0639
Epoch 22/100, Batch 610/2746, Loss: 1.0931
Epoch 22/100, Batch 620/2746, Loss: 1.0918
Epoch 22/100, Batch 630/2746, Loss: 1.1079
Epoch 22/100, Batch 640/2746, Loss: 1.0593
Epoch 22/100, Batch 650/2746, Loss: 1.0868
Epoch 22/100, Batch 660/2746, Loss: 1.0870
Epoch 22/100, Batch 670/2746, Loss: 1.0622
Epoch 22/100, Batch 680/2746, Loss: 1.1307
Epoch 22/100, Batch 690/2746, Loss: 1.1139
Epoch 22/100, Batch 700/2746, Loss: 1.0392
Epoch 22/100, Batch 710/2746, Loss: 0.9912
Epoch 22/100, Batch 720/2746, Loss: 1.0725
Epoch 22/100, Batch 730/2746, Loss: 1.0885
Epoch 22/100, Batch 740/2746, Loss: 1.0378
Epoch 22/100, Batch 750/2746, Loss: 1.0175
Epoch 22/100, Batch 760/2746, Loss: 1.0418
Epoch 22/100, Batch 770/2746, Loss: 1.1446
Epoch 22/100, Batch 780/2746, Loss: 1.0495
Epoch 22/100, Batch 790/2746, Loss: 1.0894
Epoch 22/100, Batch 800/2746, Loss: 1.1445
Epoch 22/100, Batch 810/2746, Loss: 1.0472
Epoch 22/100, Batch 820/2746, Loss: 1.0470
Epoch 22/100, Batch 830/2746, Loss: 1.0465
Epoch 22/100, Batch 840/2746, Loss: 1.0887
Epoch 22/100, Batch 850/2746, Loss: 1.0301
Epoch 22/100, Batch 860/2746, Loss: 1.0333
Epoch 22/100, Batch 870/2746, Loss: 1.0824
Epoch 22/100, Batch 880/2746, Loss: 1.0550
Epoch 22/100, Batch 890/2746, Loss: 1.0954
Epoch 22/100, Batch 900/2746, Loss: 1.0465
Epoch 22/100, Batch 910/2746, Loss: 1.0336
Epoch 22/100, Batch 920/2746, Loss: 1.0754
Epoch 22/100, Batch 930/2746, Loss: 1.0449
Epoch 22/100, Batch 940/2746, Loss: 1.0230
Epoch 22/100, Batch 950/2746, Loss: 1.1378
Epoch 22/100, Batch 960/2746, Loss: 1.1088
Epoch 22/100, Batch 970/2746, Loss: 1.1587
Epoch 22/100, Batch 980/2746, Loss: 1.0707
Epoch 22/100, Batch 990/2746, Loss: 1.1150
Epoch 22/100, Batch 1000/2746, Loss: 1.1240
Epoch 22/100, Batch 1010/2746, Loss: 1.0764
Epoch 22/100, Batch 1020/2746, Loss: 1.0860
Epoch 22/100, Batch 1030/2746, Loss: 1.0339
Epoch 22/100, Batch 1040/2746, Loss: 1.0467
Epoch 22/100, Batch 1050/2746, Loss: 1.0259
Epoch 22/100, Batch 1060/2746, Loss: 1.0877
Epoch 22/100, Batch 1070/2746, Loss: 1.0189
Epoch 22/100, Batch 1080/2746, Loss: 1.0254
Epoch 22/100, Batch 1090/2746, Loss: 1.0013
Epoch 22/100, Batch 1100/2746, Loss: 1.0478
Epoch 22/100, Batch 1110/2746, Loss: 1.0177
Epoch 22/100, Batch 1120/2746, Loss: 1.1347
Epoch 22/100, Batch 1130/2746, Loss: 1.0758
Epoch 22/100, Batch 1140/2746, Loss: 1.0451
Epoch 22/100, Batch 1150/2746, Loss: 1.0716
Epoch 22/100, Batch 1160/2746, Loss: 0.9907
Epoch 22/100, Batch 1170/2746, Loss: 1.0415
Epoch 22/100, Batch 1180/2746, Loss: 1.0878
Epoch 22/100, Batch 1190/2746, Loss: 1.1026
Epoch 22/100, Batch 1200/2746, Loss: 1.0657
Epoch 22/100, Batch 1210/2746, Loss: 1.0037
Epoch 22/100, Batch 1220/2746, Loss: 1.0337
Epoch 22/100, Batch 1230/2746, Loss: 1.0429
Epoch 22/100, Batch 1240/2746, Loss: 1.0420
Epoch 22/100, Batch 1250/2746, Loss: 1.1321
Epoch 22/100, Batch 1260/2746, Loss: 1.0887
Epoch 22/100, Batch 1270/2746, Loss: 1.0528
Epoch 22/100, Batch 1280/2746, Loss: 1.0481
Epoch 22/100, Batch 1290/2746, Loss: 1.0589
Epoch 22/100, Batch 1300/2746, Loss: 1.0773
Epoch 22/100, Batch 1310/2746, Loss: 1.1182
Epoch 22/100, Batch 1320/2746, Loss: 1.0678
Epoch 22/100, Batch 1330/2746, Loss: 0.9816
Epoch 22/100, Batch 1340/2746, Loss: 1.0660
Epoch 22/100, Batch 1350/2746, Loss: 1.1025
Epoch 22/100, Batch 1360/2746, Loss: 1.0741
Epoch 22/100, Batch 1370/2746, Loss: 1.1039
Epoch 22/100, Batch 1380/2746, Loss: 1.1112
Epoch 22/100, Batch 1390/2746, Loss: 1.0350
Epoch 22/100, Batch 1400/2746, Loss: 1.0471
Epoch 22/100, Batch 1410/2746, Loss: 1.1197
Epoch 22/100, Batch 1420/2746, Loss: 1.0960
Epoch 22/100, Batch 1430/2746, Loss: 1.0804
Epoch 22/100, Batch 1440/2746, Loss: 1.0618
Epoch 22/100, Batch 1450/2746, Loss: 1.0896
Epoch 22/100, Batch 1460/2746, Loss: 1.0055
Epoch 22/100, Batch 1470/2746, Loss: 1.0745
Epoch 22/100, Batch 1480/2746, Loss: 1.0929
Epoch 22/100, Batch 1490/2746, Loss: 1.1518
Epoch 22/100, Batch 1500/2746, Loss: 1.0597
Epoch 22/100, Batch 1510/2746, Loss: 1.0796
Epoch 22/100, Batch 1520/2746, Loss: 1.0527
Epoch 22/100, Batch 1530/2746, Loss: 1.1216
Epoch 22/100, Batch 1540/2746, Loss: 1.0970
Epoch 22/100, Batch 1550/2746, Loss: 1.0939
Epoch 22/100, Batch 1560/2746, Loss: 1.0229
Epoch 22/100, Batch 1570/2746, Loss: 1.1161
Epoch 22/100, Batch 1580/2746, Loss: 1.0899
Epoch 22/100, Batch 1590/2746, Loss: 1.0857
Epoch 22/100, Batch 1600/2746, Loss: 1.0870
Epoch 22/100, Batch 1610/2746, Loss: 1.0741
Epoch 22/100, Batch 1620/2746, Loss: 1.1320
Epoch 22/100, Batch 1630/2746, Loss: 1.0812
Epoch 22/100, Batch 1640/2746, Loss: 1.0820
Epoch 22/100, Batch 1650/2746, Loss: 1.1247
Epoch 22/100, Batch 1660/2746, Loss: 1.0621
Epoch 22/100, Batch 1670/2746, Loss: 1.0740
Epoch 22/100, Batch 1680/2746, Loss: 1.1128
Epoch 22/100, Batch 1690/2746, Loss: 1.0449
Epoch 22/100, Batch 1700/2746, Loss: 1.1147
Epoch 22/100, Batch 1710/2746, Loss: 1.1318
Epoch 22/100, Batch 1720/2746, Loss: 1.1404
Epoch 22/100, Batch 1730/2746, Loss: 1.0429
Epoch 22/100, Batch 1740/2746, Loss: 1.2143
Epoch 22/100, Batch 1750/2746, Loss: 1.0896
Epoch 22/100, Batch 1760/2746, Loss: 1.1053
Epoch 22/100, Batch 1770/2746, Loss: 1.0442
Epoch 22/100, Batch 1780/2746, Loss: 1.1033
Epoch 22/100, Batch 1790/2746, Loss: 1.0197
Epoch 22/100, Batch 1800/2746, Loss: 1.0382
Epoch 22/100, Batch 1810/2746, Loss: 1.0311
Epoch 22/100, Batch 1820/2746, Loss: 1.1510
Epoch 22/100, Batch 1830/2746, Loss: 1.0665
Epoch 22/100, Batch 1840/2746, Loss: 1.0601
Epoch 22/100, Batch 1850/2746, Loss: 1.0566
Epoch 22/100, Batch 1860/2746, Loss: 1.1440
Epoch 22/100, Batch 1870/2746, Loss: 1.0759
Epoch 22/100, Batch 1880/2746, Loss: 1.1014
Epoch 22/100, Batch 1890/2746, Loss: 1.1236
Epoch 22/100, Batch 1900/2746, Loss: 1.1305
Epoch 22/100, Batch 1910/2746, Loss: 1.1085
Epoch 22/100, Batch 1920/2746, Loss: 1.0727
Epoch 22/100, Batch 1930/2746, Loss: 1.0219
Epoch 22/100, Batch 1940/2746, Loss: 1.0167
Epoch 22/100, Batch 1950/2746, Loss: 1.0828
Epoch 22/100, Batch 1960/2746, Loss: 1.1438
Epoch 22/100, Batch 1970/2746, Loss: 1.0740
Epoch 22/100, Batch 1980/2746, Loss: 1.0737
Epoch 22/100, Batch 1990/2746, Loss: 1.1604
Epoch 22/100, Batch 2000/2746, Loss: 1.1120
Epoch 22/100, Batch 2010/2746, Loss: 1.1168
Epoch 22/100, Batch 2020/2746, Loss: 1.0176
Epoch 22/100, Batch 2030/2746, Loss: 1.0681
Epoch 22/100, Batch 2040/2746, Loss: 1.0982
Epoch 22/100, Batch 2050/2746, Loss: 1.0580
Epoch 22/100, Batch 2060/2746, Loss: 1.0265
Epoch 22/100, Batch 2070/2746, Loss: 1.0534
Epoch 22/100, Batch 2080/2746, Loss: 0.9942
Epoch 22/100, Batch 2090/2746, Loss: 1.0801
Epoch 22/100, Batch 2100/2746, Loss: 1.0947
Epoch 22/100, Batch 2110/2746, Loss: 1.1133
Epoch 22/100, Batch 2120/2746, Loss: 1.0950
Epoch 22/100, Batch 2130/2746, Loss: 1.0977
Epoch 22/100, Batch 2140/2746, Loss: 1.0949
Epoch 22/100, Batch 2150/2746, Loss: 1.0808
Epoch 22/100, Batch 2160/2746, Loss: 1.0188
Epoch 22/100, Batch 2170/2746, Loss: 1.0589
Epoch 22/100, Batch 2180/2746, Loss: 1.0281
Epoch 22/100, Batch 2190/2746, Loss: 1.0835
Epoch 22/100, Batch 2200/2746, Loss: 1.0857
Epoch 22/100, Batch 2210/2746, Loss: 1.0127
Epoch 22/100, Batch 2220/2746, Loss: 1.0489
Epoch 22/100, Batch 2230/2746, Loss: 1.0742
Epoch 22/100, Batch 2240/2746, Loss: 1.0957
Epoch 22/100, Batch 2250/2746, Loss: 1.0762
Epoch 22/100, Batch 2260/2746, Loss: 1.1456
Epoch 22/100, Batch 2270/2746, Loss: 1.0617
Epoch 22/100, Batch 2280/2746, Loss: 1.1088
Epoch 22/100, Batch 2290/2746, Loss: 1.0114
Epoch 22/100, Batch 2300/2746, Loss: 1.1175
Epoch 22/100, Batch 2310/2746, Loss: 1.0406
Epoch 22/100, Batch 2320/2746, Loss: 1.1240
Epoch 22/100, Batch 2330/2746, Loss: 1.0900
Epoch 22/100, Batch 2340/2746, Loss: 1.0895
Epoch 22/100, Batch 2350/2746, Loss: 1.1258
Epoch 22/100, Batch 2360/2746, Loss: 1.1107
Epoch 22/100, Batch 2370/2746, Loss: 1.1343
Epoch 22/100, Batch 2380/2746, Loss: 0.9868
Epoch 22/100, Batch 2390/2746, Loss: 1.0783
Epoch 22/100, Batch 2400/2746, Loss: 1.0452
Epoch 22/100, Batch 2410/2746, Loss: 1.0924
Epoch 22/100, Batch 2420/2746, Loss: 1.1148
Epoch 22/100, Batch 2430/2746, Loss: 1.1111
Epoch 22/100, Batch 2440/2746, Loss: 1.1336
Epoch 22/100, Batch 2450/2746, Loss: 1.0390
Epoch 22/100, Batch 2460/2746, Loss: 1.0447
Epoch 22/100, Batch 2470/2746, Loss: 1.0434
Epoch 22/100, Batch 2480/2746, Loss: 1.0392
Epoch 22/100, Batch 2490/2746, Loss: 1.1249
Epoch 22/100, Batch 2500/2746, Loss: 1.1528
Epoch 22/100, Batch 2510/2746, Loss: 1.0900
Epoch 22/100, Batch 2520/2746, Loss: 1.0973
Epoch 22/100, Batch 2530/2746, Loss: 1.1346
Epoch 22/100, Batch 2540/2746, Loss: 1.0787
Epoch 22/100, Batch 2550/2746, Loss: 1.0435
Epoch 22/100, Batch 2560/2746, Loss: 1.0480
Epoch 22/100, Batch 2570/2746, Loss: 1.1120
Epoch 22/100, Batch 2580/2746, Loss: 1.0813
Epoch 22/100, Batch 2590/2746, Loss: 1.0196
Epoch 22/100, Batch 2600/2746, Loss: 1.1103
Epoch 22/100, Batch 2610/2746, Loss: 1.0906
Epoch 22/100, Batch 2620/2746, Loss: 1.0940
Epoch 22/100, Batch 2630/2746, Loss: 1.0432
Epoch 22/100, Batch 2640/2746, Loss: 1.0570
Epoch 22/100, Batch 2650/2746, Loss: 1.0121
Epoch 22/100, Batch 2660/2746, Loss: 1.1033
Epoch 22/100, Batch 2670/2746, Loss: 1.0864
Epoch 22/100, Batch 2680/2746, Loss: 1.1301
Epoch 22/100, Batch 2690/2746, Loss: 1.0827
Epoch 22/100, Batch 2700/2746, Loss: 1.0378
Epoch 22/100, Batch 2710/2746, Loss: 1.1664
Epoch 22/100, Batch 2720/2746, Loss: 1.0619
Epoch 22/100, Batch 2730/2746, Loss: 1.0774
Epoch 22/100, Batch 2740/2746, Loss: 1.1110
New best model with validation loss: 0.9522, perplexity: 2.59
Epoch 22/100, Loss: 1.0807, Perplexity: 2.95, Val Loss: 0.9522, Val Perplexity: 2.59, Time: 3668.02s
Epoch 23/100, Batch 10/2746, Loss: 1.0679
Epoch 23/100, Batch 20/2746, Loss: 1.0879
Epoch 23/100, Batch 30/2746, Loss: 1.0366
Epoch 23/100, Batch 40/2746, Loss: 1.0137
Epoch 23/100, Batch 50/2746, Loss: 1.1033
Epoch 23/100, Batch 60/2746, Loss: 1.0581
Epoch 23/100, Batch 70/2746, Loss: 1.0595
Epoch 23/100, Batch 80/2746, Loss: 1.1135
Epoch 23/100, Batch 90/2746, Loss: 1.1932
Epoch 23/100, Batch 100/2746, Loss: 1.0323
Epoch 23/100, Batch 110/2746, Loss: 1.1605
Epoch 23/100, Batch 120/2746, Loss: 1.0324
Epoch 23/100, Batch 130/2746, Loss: 1.0471
Epoch 23/100, Batch 140/2746, Loss: 1.0471
Epoch 23/100, Batch 150/2746, Loss: 0.9758
Epoch 23/100, Batch 160/2746, Loss: 1.0570
Epoch 23/100, Batch 170/2746, Loss: 1.1172
Epoch 23/100, Batch 180/2746, Loss: 1.0822
Epoch 23/100, Batch 190/2746, Loss: 1.1129
Epoch 23/100, Batch 200/2746, Loss: 1.1676
Epoch 23/100, Batch 210/2746, Loss: 1.0973
Epoch 23/100, Batch 220/2746, Loss: 1.0724
Epoch 23/100, Batch 230/2746, Loss: 1.1132
Epoch 23/100, Batch 240/2746, Loss: 1.1406
Epoch 23/100, Batch 250/2746, Loss: 1.1955
Epoch 23/100, Batch 260/2746, Loss: 1.1537
Epoch 23/100, Batch 270/2746, Loss: 1.0931
Epoch 23/100, Batch 280/2746, Loss: 1.1010
Epoch 23/100, Batch 290/2746, Loss: 1.0400
Epoch 23/100, Batch 300/2746, Loss: 1.1091
Epoch 23/100, Batch 310/2746, Loss: 1.0739
Epoch 23/100, Batch 320/2746, Loss: 1.0617
Epoch 23/100, Batch 330/2746, Loss: 1.1413
Epoch 23/100, Batch 340/2746, Loss: 1.0649
Epoch 23/100, Batch 350/2746, Loss: 1.0447
Epoch 23/100, Batch 360/2746, Loss: 1.0938
Epoch 23/100, Batch 370/2746, Loss: 1.0929
Epoch 23/100, Batch 380/2746, Loss: 1.0023
Epoch 23/100, Batch 390/2746, Loss: 1.0903
Epoch 23/100, Batch 400/2746, Loss: 1.1513
Epoch 23/100, Batch 410/2746, Loss: 1.0494
Epoch 23/100, Batch 420/2746, Loss: 1.0753
Epoch 23/100, Batch 430/2746, Loss: 1.1177
Epoch 23/100, Batch 440/2746, Loss: 1.0642
Epoch 23/100, Batch 450/2746, Loss: 1.0854
Epoch 23/100, Batch 460/2746, Loss: 1.1077
Epoch 23/100, Batch 470/2746, Loss: 1.1199
Epoch 23/100, Batch 480/2746, Loss: 1.0808
Epoch 23/100, Batch 490/2746, Loss: 1.1705
Epoch 23/100, Batch 500/2746, Loss: 1.1619
Epoch 23/100, Batch 510/2746, Loss: 1.0095
Epoch 23/100, Batch 520/2746, Loss: 1.1870
Epoch 23/100, Batch 530/2746, Loss: 1.1430
Epoch 23/100, Batch 540/2746, Loss: 1.1230
Epoch 23/100, Batch 550/2746, Loss: 1.0905
Epoch 23/100, Batch 560/2746, Loss: 1.0154
Epoch 23/100, Batch 570/2746, Loss: 1.1750
Epoch 23/100, Batch 580/2746, Loss: 1.0077
Epoch 23/100, Batch 590/2746, Loss: 0.9976
Epoch 23/100, Batch 600/2746, Loss: 1.0163
Epoch 23/100, Batch 610/2746, Loss: 1.0783
Epoch 23/100, Batch 620/2746, Loss: 1.0796
Epoch 23/100, Batch 630/2746, Loss: 1.1266
Epoch 23/100, Batch 640/2746, Loss: 1.1024
Epoch 23/100, Batch 650/2746, Loss: 1.0781
Epoch 23/100, Batch 660/2746, Loss: 1.0408
Epoch 23/100, Batch 670/2746, Loss: 1.0577
Epoch 23/100, Batch 680/2746, Loss: 1.1233
Epoch 23/100, Batch 690/2746, Loss: 1.1174
Epoch 23/100, Batch 700/2746, Loss: 1.0310
Epoch 23/100, Batch 710/2746, Loss: 1.0043
Epoch 23/100, Batch 720/2746, Loss: 1.0511
Epoch 23/100, Batch 730/2746, Loss: 1.0993
Epoch 23/100, Batch 740/2746, Loss: 1.0264
Epoch 23/100, Batch 750/2746, Loss: 1.0399
Epoch 23/100, Batch 760/2746, Loss: 1.0291
Epoch 23/100, Batch 770/2746, Loss: 1.0438
Epoch 23/100, Batch 780/2746, Loss: 1.0668
Epoch 23/100, Batch 790/2746, Loss: 1.0796
Epoch 23/100, Batch 800/2746, Loss: 1.0983
Epoch 23/100, Batch 810/2746, Loss: 1.0343
Epoch 23/100, Batch 820/2746, Loss: 1.0373
Epoch 23/100, Batch 830/2746, Loss: 1.0518
Epoch 23/100, Batch 840/2746, Loss: 1.0922
Epoch 23/100, Batch 850/2746, Loss: 1.0283
Epoch 23/100, Batch 860/2746, Loss: 1.0304
Epoch 23/100, Batch 870/2746, Loss: 1.1020
Epoch 23/100, Batch 880/2746, Loss: 1.0487
Epoch 23/100, Batch 890/2746, Loss: 1.0938
Epoch 23/100, Batch 900/2746, Loss: 1.0423
Epoch 23/100, Batch 910/2746, Loss: 1.0399
Epoch 23/100, Batch 920/2746, Loss: 1.0468
Epoch 23/100, Batch 930/2746, Loss: 1.0832
Epoch 23/100, Batch 940/2746, Loss: 1.0169
Epoch 23/100, Batch 950/2746, Loss: 1.1351
Epoch 23/100, Batch 960/2746, Loss: 1.1589
Epoch 23/100, Batch 970/2746, Loss: 1.1496
Epoch 23/100, Batch 980/2746, Loss: 1.0616
Epoch 23/100, Batch 990/2746, Loss: 1.1080
Epoch 23/100, Batch 1000/2746, Loss: 1.1123
Epoch 23/100, Batch 1010/2746, Loss: 1.0679
Epoch 23/100, Batch 1020/2746, Loss: 1.0702
Epoch 23/100, Batch 1030/2746, Loss: 1.0309
Epoch 23/100, Batch 1040/2746, Loss: 1.0385
Epoch 23/100, Batch 1050/2746, Loss: 1.0218
Epoch 23/100, Batch 1060/2746, Loss: 1.0706
Epoch 23/100, Batch 1070/2746, Loss: 1.0123
Epoch 23/100, Batch 1080/2746, Loss: 1.0108
Epoch 23/100, Batch 1090/2746, Loss: 1.0006
Epoch 23/100, Batch 1100/2746, Loss: 1.0423
Epoch 23/100, Batch 1110/2746, Loss: 1.0106
Epoch 23/100, Batch 1120/2746, Loss: 1.1268
Epoch 23/100, Batch 1130/2746, Loss: 1.1082
Epoch 23/100, Batch 1140/2746, Loss: 1.0331
Epoch 23/100, Batch 1150/2746, Loss: 1.0882
Epoch 23/100, Batch 1160/2746, Loss: 1.0250
Epoch 23/100, Batch 1170/2746, Loss: 1.0004
Epoch 23/100, Batch 1180/2746, Loss: 1.0775
Epoch 23/100, Batch 1190/2746, Loss: 1.0890
Epoch 23/100, Batch 1200/2746, Loss: 1.0559
Epoch 23/100, Batch 1210/2746, Loss: 0.9562
Epoch 23/100, Batch 1220/2746, Loss: 1.0271
Epoch 23/100, Batch 1230/2746, Loss: 1.1616
Epoch 23/100, Batch 1240/2746, Loss: 1.0332
Epoch 23/100, Batch 1250/2746, Loss: 1.0832
Epoch 23/100, Batch 1260/2746, Loss: 1.1633
Epoch 23/100, Batch 1270/2746, Loss: 1.0523
Epoch 23/100, Batch 1280/2746, Loss: 1.0852
Epoch 23/100, Batch 1290/2746, Loss: 1.0433
Epoch 23/100, Batch 1300/2746, Loss: 1.0604
Epoch 23/100, Batch 1310/2746, Loss: 1.3041
Epoch 23/100, Batch 1320/2746, Loss: 1.1190
Epoch 23/100, Batch 1330/2746, Loss: 1.0658
Epoch 23/100, Batch 1340/2746, Loss: 1.0947
Epoch 23/100, Batch 1350/2746, Loss: 1.0763
Epoch 23/100, Batch 1360/2746, Loss: 1.0556
Epoch 23/100, Batch 1370/2746, Loss: 1.1057
Epoch 23/100, Batch 1380/2746, Loss: 1.0125
Epoch 23/100, Batch 1390/2746, Loss: 0.9950
Epoch 23/100, Batch 1400/2746, Loss: 1.0791
Epoch 23/100, Batch 1410/2746, Loss: 1.1149
Epoch 23/100, Batch 1420/2746, Loss: 1.1109
Epoch 23/100, Batch 1430/2746, Loss: 1.0665
Epoch 23/100, Batch 1440/2746, Loss: 1.0526
Epoch 23/100, Batch 1450/2746, Loss: 1.0441
Epoch 23/100, Batch 1460/2746, Loss: 0.9897
Epoch 23/100, Batch 1470/2746, Loss: 1.0571
Epoch 23/100, Batch 1480/2746, Loss: 1.0590
Epoch 23/100, Batch 1490/2746, Loss: 1.1017
Epoch 23/100, Batch 1500/2746, Loss: 1.1172
Epoch 23/100, Batch 1510/2746, Loss: 1.0686
Epoch 23/100, Batch 1520/2746, Loss: 1.0486
Epoch 23/100, Batch 1530/2746, Loss: 1.0781
Epoch 23/100, Batch 1540/2746, Loss: 1.0717
Epoch 23/100, Batch 1550/2746, Loss: 1.1169
Epoch 23/100, Batch 1560/2746, Loss: 1.0176
Epoch 23/100, Batch 1570/2746, Loss: 1.1377
Epoch 23/100, Batch 1580/2746, Loss: 1.0913
Epoch 23/100, Batch 1590/2746, Loss: 1.0906
Epoch 23/100, Batch 1600/2746, Loss: 1.0737
Epoch 23/100, Batch 1610/2746, Loss: 1.0800
Epoch 23/100, Batch 1620/2746, Loss: 1.1084
Epoch 23/100, Batch 1630/2746, Loss: 1.0945
Epoch 23/100, Batch 1640/2746, Loss: 1.1085
Epoch 23/100, Batch 1650/2746, Loss: 1.1120
Epoch 23/100, Batch 1660/2746, Loss: 1.0601
Epoch 23/100, Batch 1670/2746, Loss: 1.0599
Epoch 23/100, Batch 1680/2746, Loss: 1.1066
Epoch 23/100, Batch 1690/2746, Loss: 1.0008
Epoch 23/100, Batch 1700/2746, Loss: 1.1665
Epoch 23/100, Batch 1710/2746, Loss: 1.1272
Epoch 23/100, Batch 1720/2746, Loss: 1.0966
Epoch 23/100, Batch 1730/2746, Loss: 1.0484
Epoch 23/100, Batch 1740/2746, Loss: 1.0714
Epoch 23/100, Batch 1750/2746, Loss: 1.0335
Epoch 23/100, Batch 1760/2746, Loss: 1.0385
Epoch 23/100, Batch 1770/2746, Loss: 1.0337
Epoch 23/100, Batch 1780/2746, Loss: 1.0833
Epoch 23/100, Batch 1790/2746, Loss: 1.0045
Epoch 23/100, Batch 1800/2746, Loss: 1.0512
Epoch 23/100, Batch 1810/2746, Loss: 1.0514
Epoch 23/100, Batch 1820/2746, Loss: 1.1124
Epoch 23/100, Batch 1830/2746, Loss: 1.0942
Epoch 23/100, Batch 1840/2746, Loss: 1.0457
Epoch 23/100, Batch 1850/2746, Loss: 1.0500
Epoch 23/100, Batch 1860/2746, Loss: 1.1115
Epoch 23/100, Batch 1870/2746, Loss: 1.0588
Epoch 23/100, Batch 1880/2746, Loss: 1.1764
Epoch 23/100, Batch 1890/2746, Loss: 1.0772
Epoch 23/100, Batch 1900/2746, Loss: 1.0960
Epoch 23/100, Batch 1910/2746, Loss: 1.0679
Epoch 23/100, Batch 1920/2746, Loss: 1.0498
Epoch 23/100, Batch 1930/2746, Loss: 1.0216
Epoch 23/100, Batch 1940/2746, Loss: 0.9777
Epoch 23/100, Batch 1950/2746, Loss: 1.1168
Epoch 23/100, Batch 1960/2746, Loss: 1.0939
Epoch 23/100, Batch 1970/2746, Loss: 1.0972
Epoch 23/100, Batch 1980/2746, Loss: 1.1065
Epoch 23/100, Batch 1990/2746, Loss: 1.0719
Epoch 23/100, Batch 2000/2746, Loss: 1.0801
Epoch 23/100, Batch 2010/2746, Loss: 1.1016
Epoch 23/100, Batch 2020/2746, Loss: 0.9951
Epoch 23/100, Batch 2030/2746, Loss: 1.1225
Epoch 23/100, Batch 2040/2746, Loss: 1.0284
Epoch 23/100, Batch 2050/2746, Loss: 1.0077
Epoch 23/100, Batch 2060/2746, Loss: 1.0181
Epoch 23/100, Batch 2070/2746, Loss: 1.0049
Epoch 23/100, Batch 2080/2746, Loss: 0.9855
Epoch 23/100, Batch 2090/2746, Loss: 1.0624
Epoch 23/100, Batch 2100/2746, Loss: 1.1040
Epoch 23/100, Batch 2110/2746, Loss: 1.1218
Epoch 23/100, Batch 2120/2746, Loss: 1.0077
Epoch 23/100, Batch 2130/2746, Loss: 1.0904
Epoch 23/100, Batch 2140/2746, Loss: 1.1059
Epoch 23/100, Batch 2150/2746, Loss: 1.0135
Epoch 23/100, Batch 2160/2746, Loss: 0.9779
Epoch 23/100, Batch 2170/2746, Loss: 1.0190
Epoch 23/100, Batch 2180/2746, Loss: 1.0181
Epoch 23/100, Batch 2190/2746, Loss: 1.0967
Epoch 23/100, Batch 2200/2746, Loss: 1.0885
Epoch 23/100, Batch 2210/2746, Loss: 1.0056
Epoch 23/100, Batch 2220/2746, Loss: 1.0378
Epoch 23/100, Batch 2230/2746, Loss: 1.0546
Epoch 23/100, Batch 2240/2746, Loss: 1.1207
Epoch 23/100, Batch 2250/2746, Loss: 1.0991
Epoch 23/100, Batch 2260/2746, Loss: 1.1397
Epoch 23/100, Batch 2270/2746, Loss: 1.0897
Epoch 23/100, Batch 2280/2746, Loss: 1.0611
Epoch 23/100, Batch 2290/2746, Loss: 1.0039
Epoch 23/100, Batch 2300/2746, Loss: 1.0523
Epoch 23/100, Batch 2310/2746, Loss: 1.0205
Epoch 23/100, Batch 2320/2746, Loss: 1.1083
Epoch 23/100, Batch 2330/2746, Loss: 1.0918
Epoch 23/100, Batch 2340/2746, Loss: 1.0656
Epoch 23/100, Batch 2350/2746, Loss: 1.0864
Epoch 23/100, Batch 2360/2746, Loss: 1.1034
Epoch 23/100, Batch 2370/2746, Loss: 1.1935
Epoch 23/100, Batch 2380/2746, Loss: 1.0251
Epoch 23/100, Batch 2390/2746, Loss: 1.0648
Epoch 23/100, Batch 2400/2746, Loss: 1.0444
Epoch 23/100, Batch 2410/2746, Loss: 1.0736
Epoch 23/100, Batch 2420/2746, Loss: 1.1422
Epoch 23/100, Batch 2430/2746, Loss: 1.1176
Epoch 23/100, Batch 2440/2746, Loss: 1.1337
Epoch 23/100, Batch 2450/2746, Loss: 1.1130
Epoch 23/100, Batch 2460/2746, Loss: 1.0242
Epoch 23/100, Batch 2470/2746, Loss: 1.0459
Epoch 23/100, Batch 2480/2746, Loss: 1.0685
Epoch 23/100, Batch 2490/2746, Loss: 1.0761
Epoch 23/100, Batch 2500/2746, Loss: 1.2407
Epoch 23/100, Batch 2510/2746, Loss: 1.0992
Epoch 23/100, Batch 2520/2746, Loss: 1.0557
Epoch 23/100, Batch 2530/2746, Loss: 1.1554
Epoch 23/100, Batch 2540/2746, Loss: 1.0723
Epoch 23/100, Batch 2550/2746, Loss: 1.0396
Epoch 23/100, Batch 2560/2746, Loss: 1.0450
Epoch 23/100, Batch 2570/2746, Loss: 1.0806
Epoch 23/100, Batch 2580/2746, Loss: 1.0808
Epoch 23/100, Batch 2590/2746, Loss: 1.0621
Epoch 23/100, Batch 2600/2746, Loss: 1.0817
Epoch 23/100, Batch 2610/2746, Loss: 1.0991
Epoch 23/100, Batch 2620/2746, Loss: 1.0967
Epoch 23/100, Batch 2630/2746, Loss: 1.0262
Epoch 23/100, Batch 2640/2746, Loss: 1.0537
Epoch 23/100, Batch 2650/2746, Loss: 1.0438
Epoch 23/100, Batch 2660/2746, Loss: 1.0994
Epoch 23/100, Batch 2670/2746, Loss: 1.0887
Epoch 23/100, Batch 2680/2746, Loss: 1.1317
Epoch 23/100, Batch 2690/2746, Loss: 1.1098
Epoch 23/100, Batch 2700/2746, Loss: 1.0669
Epoch 23/100, Batch 2710/2746, Loss: 1.1102
Epoch 23/100, Batch 2720/2746, Loss: 1.0671
Epoch 23/100, Batch 2730/2746, Loss: 1.0649
Epoch 23/100, Batch 2740/2746, Loss: 1.0839
New best model with validation loss: 0.9452, perplexity: 2.57
Epoch 23/100, Loss: 1.0741, Perplexity: 2.93, Val Loss: 0.9452, Val Perplexity: 2.57, Time: 3651.62s
Epoch 24/100, Batch 10/2746, Loss: 1.0549
Epoch 24/100, Batch 20/2746, Loss: 1.0723
Epoch 24/100, Batch 30/2746, Loss: 1.0373
Epoch 24/100, Batch 40/2746, Loss: 1.0324
Epoch 24/100, Batch 50/2746, Loss: 1.0966
Epoch 24/100, Batch 60/2746, Loss: 1.0382
Epoch 24/100, Batch 70/2746, Loss: 1.0576
Epoch 24/100, Batch 80/2746, Loss: 1.0787
Epoch 24/100, Batch 90/2746, Loss: 1.0610
Epoch 24/100, Batch 100/2746, Loss: 1.0284
Epoch 24/100, Batch 110/2746, Loss: 1.1615
Epoch 24/100, Batch 120/2746, Loss: 1.0260
Epoch 24/100, Batch 130/2746, Loss: 1.0313
Epoch 24/100, Batch 140/2746, Loss: 1.0396
Epoch 24/100, Batch 150/2746, Loss: 0.9712
Epoch 24/100, Batch 160/2746, Loss: 1.0456
Epoch 24/100, Batch 170/2746, Loss: 1.0942
Epoch 24/100, Batch 180/2746, Loss: 1.1119
Epoch 24/100, Batch 190/2746, Loss: 1.1065
Epoch 24/100, Batch 200/2746, Loss: 1.1561
Epoch 24/100, Batch 210/2746, Loss: 1.0775
Epoch 24/100, Batch 220/2746, Loss: 1.0732
Epoch 24/100, Batch 230/2746, Loss: 1.1217
Epoch 24/100, Batch 240/2746, Loss: 1.1279
Epoch 24/100, Batch 250/2746, Loss: 1.1398
Epoch 24/100, Batch 260/2746, Loss: 1.1054
Epoch 24/100, Batch 270/2746, Loss: 1.1078
Epoch 24/100, Batch 280/2746, Loss: 1.0911
Epoch 24/100, Batch 290/2746, Loss: 1.0461
Epoch 24/100, Batch 300/2746, Loss: 1.1407
Epoch 24/100, Batch 310/2746, Loss: 1.1225
Epoch 24/100, Batch 320/2746, Loss: 1.0694
Epoch 24/100, Batch 330/2746, Loss: 1.0767
Epoch 24/100, Batch 340/2746, Loss: 1.0609
Epoch 24/100, Batch 350/2746, Loss: 1.0481
Epoch 24/100, Batch 360/2746, Loss: 1.0750
Epoch 24/100, Batch 370/2746, Loss: 1.0528
Epoch 24/100, Batch 380/2746, Loss: 1.0221
Epoch 24/100, Batch 390/2746, Loss: 1.0999
Epoch 24/100, Batch 400/2746, Loss: 1.1349
Epoch 24/100, Batch 410/2746, Loss: 1.0286
Epoch 24/100, Batch 420/2746, Loss: 1.0203
Epoch 24/100, Batch 430/2746, Loss: 1.0911
Epoch 24/100, Batch 440/2746, Loss: 1.0604
Epoch 24/100, Batch 450/2746, Loss: 1.0906
Epoch 24/100, Batch 460/2746, Loss: 1.1371
Epoch 24/100, Batch 470/2746, Loss: 1.1173
Epoch 24/100, Batch 480/2746, Loss: 1.0882
Epoch 24/100, Batch 490/2746, Loss: 1.0809
Epoch 24/100, Batch 500/2746, Loss: 1.1286
Epoch 24/100, Batch 510/2746, Loss: 1.0432
Epoch 24/100, Batch 520/2746, Loss: 1.0947
Epoch 24/100, Batch 530/2746, Loss: 1.1171
Epoch 24/100, Batch 540/2746, Loss: 1.1089
Epoch 24/100, Batch 550/2746, Loss: 1.0847
Epoch 24/100, Batch 560/2746, Loss: 1.0094
Epoch 24/100, Batch 570/2746, Loss: 1.0378
Epoch 24/100, Batch 580/2746, Loss: 1.0033
Epoch 24/100, Batch 590/2746, Loss: 0.9918
Epoch 24/100, Batch 600/2746, Loss: 1.0141
Epoch 24/100, Batch 610/2746, Loss: 1.0867
Epoch 24/100, Batch 620/2746, Loss: 1.0993
Epoch 24/100, Batch 630/2746, Loss: 1.0820
Epoch 24/100, Batch 640/2746, Loss: 1.0635
Epoch 24/100, Batch 650/2746, Loss: 1.0620
Epoch 24/100, Batch 660/2746, Loss: 1.0636
Epoch 24/100, Batch 670/2746, Loss: 1.1183
Epoch 24/100, Batch 680/2746, Loss: 1.1822
Epoch 24/100, Batch 690/2746, Loss: 1.0801
Epoch 24/100, Batch 700/2746, Loss: 1.0973
Epoch 24/100, Batch 710/2746, Loss: 0.9647
Epoch 24/100, Batch 720/2746, Loss: 1.1324
Epoch 24/100, Batch 730/2746, Loss: 1.0755
Epoch 24/100, Batch 740/2746, Loss: 1.0231
Epoch 24/100, Batch 750/2746, Loss: 0.9920
Epoch 24/100, Batch 760/2746, Loss: 1.0466
Epoch 24/100, Batch 770/2746, Loss: 1.0302
Epoch 24/100, Batch 780/2746, Loss: 1.0360
Epoch 24/100, Batch 790/2746, Loss: 1.0686
Epoch 24/100, Batch 800/2746, Loss: 1.0798
Epoch 24/100, Batch 810/2746, Loss: 1.0311
Epoch 24/100, Batch 820/2746, Loss: 1.0289
Epoch 24/100, Batch 830/2746, Loss: 1.0270
Epoch 24/100, Batch 840/2746, Loss: 1.1682
Epoch 24/100, Batch 850/2746, Loss: 1.0048
Epoch 24/100, Batch 860/2746, Loss: 1.0249
Epoch 24/100, Batch 870/2746, Loss: 1.0670
Epoch 24/100, Batch 880/2746, Loss: 1.0422
Epoch 24/100, Batch 890/2746, Loss: 1.1134
Epoch 24/100, Batch 900/2746, Loss: 1.0356
Epoch 24/100, Batch 910/2746, Loss: 1.0190
Epoch 24/100, Batch 920/2746, Loss: 1.0390
Epoch 24/100, Batch 930/2746, Loss: 1.0507
Epoch 24/100, Batch 940/2746, Loss: 1.0418
Epoch 24/100, Batch 950/2746, Loss: 1.1399
Epoch 24/100, Batch 960/2746, Loss: 1.1372
Epoch 24/100, Batch 970/2746, Loss: 1.1021
Epoch 24/100, Batch 980/2746, Loss: 1.0857
Epoch 24/100, Batch 990/2746, Loss: 1.0999
Epoch 24/100, Batch 1000/2746, Loss: 1.1043
Epoch 24/100, Batch 1010/2746, Loss: 1.0566
Epoch 24/100, Batch 1020/2746, Loss: 1.0727
Epoch 24/100, Batch 1030/2746, Loss: 1.0190
Epoch 24/100, Batch 1040/2746, Loss: 1.0353
Epoch 24/100, Batch 1050/2746, Loss: 1.0367
Epoch 24/100, Batch 1060/2746, Loss: 1.1072
Epoch 24/100, Batch 1070/2746, Loss: 1.0040
Epoch 24/100, Batch 1080/2746, Loss: 1.0044
Epoch 24/100, Batch 1090/2746, Loss: 0.9821
Epoch 24/100, Batch 1100/2746, Loss: 1.0439
Epoch 24/100, Batch 1110/2746, Loss: 1.0168
Epoch 24/100, Batch 1120/2746, Loss: 1.1182
Epoch 24/100, Batch 1130/2746, Loss: 1.0492
Epoch 24/100, Batch 1140/2746, Loss: 1.0293
Epoch 24/100, Batch 1150/2746, Loss: 1.0562
Epoch 24/100, Batch 1160/2746, Loss: 0.9779
Epoch 24/100, Batch 1170/2746, Loss: 1.0094
Epoch 24/100, Batch 1180/2746, Loss: 1.0725
Epoch 24/100, Batch 1190/2746, Loss: 1.0734
Epoch 24/100, Batch 1200/2746, Loss: 1.0746
Epoch 24/100, Batch 1210/2746, Loss: 0.9533
Epoch 24/100, Batch 1220/2746, Loss: 1.0227
Epoch 24/100, Batch 1230/2746, Loss: 1.0449
Epoch 24/100, Batch 1240/2746, Loss: 1.0256
Epoch 24/100, Batch 1250/2746, Loss: 1.1042
Epoch 24/100, Batch 1260/2746, Loss: 1.0764
Epoch 24/100, Batch 1270/2746, Loss: 1.0553
Epoch 24/100, Batch 1280/2746, Loss: 1.0434
Epoch 24/100, Batch 1290/2746, Loss: 1.0892
Epoch 24/100, Batch 1300/2746, Loss: 1.0479
Epoch 24/100, Batch 1310/2746, Loss: 1.1027
Epoch 24/100, Batch 1320/2746, Loss: 1.0581
Epoch 24/100, Batch 1330/2746, Loss: 0.9709
Epoch 24/100, Batch 1340/2746, Loss: 1.0893
Epoch 24/100, Batch 1350/2746, Loss: 1.0700
Epoch 24/100, Batch 1360/2746, Loss: 1.0478
Epoch 24/100, Batch 1370/2746, Loss: 1.1121
Epoch 24/100, Batch 1380/2746, Loss: 1.0066
Epoch 24/100, Batch 1390/2746, Loss: 0.9975
Epoch 24/100, Batch 1400/2746, Loss: 1.0315
Epoch 24/100, Batch 1410/2746, Loss: 1.1285
Epoch 24/100, Batch 1420/2746, Loss: 1.1142
Epoch 24/100, Batch 1430/2746, Loss: 1.0502
Epoch 24/100, Batch 1440/2746, Loss: 1.0525
Epoch 24/100, Batch 1450/2746, Loss: 1.0440
Epoch 24/100, Batch 1460/2746, Loss: 1.0014
Epoch 24/100, Batch 1470/2746, Loss: 1.0383
Epoch 24/100, Batch 1480/2746, Loss: 1.0604
Epoch 24/100, Batch 1490/2746, Loss: 1.0954
Epoch 24/100, Batch 1500/2746, Loss: 1.0448
Epoch 24/100, Batch 1510/2746, Loss: 1.0622
Epoch 24/100, Batch 1520/2746, Loss: 1.0357
Epoch 24/100, Batch 1530/2746, Loss: 1.0407
Epoch 24/100, Batch 1540/2746, Loss: 1.0642
Epoch 24/100, Batch 1550/2746, Loss: 1.0677
Epoch 24/100, Batch 1560/2746, Loss: 1.0138
Epoch 24/100, Batch 1570/2746, Loss: 1.0974
Epoch 24/100, Batch 1580/2746, Loss: 1.1118
Epoch 24/100, Batch 1590/2746, Loss: 1.0771
Epoch 24/100, Batch 1600/2746, Loss: 1.0679
Epoch 24/100, Batch 1610/2746, Loss: 1.1041
Epoch 24/100, Batch 1620/2746, Loss: 1.0666
Epoch 24/100, Batch 1630/2746, Loss: 1.0897
Epoch 24/100, Batch 1640/2746, Loss: 1.1118
Epoch 24/100, Batch 1650/2746, Loss: 1.1273
Epoch 24/100, Batch 1660/2746, Loss: 1.0453
Epoch 24/100, Batch 1670/2746, Loss: 1.0775
Epoch 24/100, Batch 1680/2746, Loss: 1.1009
Epoch 24/100, Batch 1690/2746, Loss: 0.9946
Epoch 24/100, Batch 1700/2746, Loss: 1.1509
Epoch 24/100, Batch 1710/2746, Loss: 1.1393
Epoch 24/100, Batch 1720/2746, Loss: 1.1130
Epoch 24/100, Batch 1730/2746, Loss: 1.0254
Epoch 24/100, Batch 1740/2746, Loss: 1.0565
Epoch 24/100, Batch 1750/2746, Loss: 1.0857
Epoch 24/100, Batch 1760/2746, Loss: 1.0227
Epoch 24/100, Batch 1770/2746, Loss: 1.0246
Epoch 24/100, Batch 1780/2746, Loss: 1.1420
Epoch 24/100, Batch 1790/2746, Loss: 1.0031
Epoch 24/100, Batch 1800/2746, Loss: 1.0232
Epoch 24/100, Batch 1810/2746, Loss: 1.0230
Epoch 24/100, Batch 1820/2746, Loss: 1.0993
Epoch 24/100, Batch 1830/2746, Loss: 1.0607
Epoch 24/100, Batch 1840/2746, Loss: 1.0457
Epoch 24/100, Batch 1850/2746, Loss: 1.0346
Epoch 24/100, Batch 1860/2746, Loss: 1.0944
Epoch 24/100, Batch 1870/2746, Loss: 1.0492
Epoch 24/100, Batch 1880/2746, Loss: 1.0939
Epoch 24/100, Batch 1890/2746, Loss: 1.0784
Epoch 24/100, Batch 1900/2746, Loss: 1.0971
Epoch 24/100, Batch 1910/2746, Loss: 1.1003
Epoch 24/100, Batch 1920/2746, Loss: 1.0566
Epoch 24/100, Batch 1930/2746, Loss: 1.0318
Epoch 24/100, Batch 1940/2746, Loss: 0.9680
Epoch 24/100, Batch 1950/2746, Loss: 1.0871
Epoch 24/100, Batch 1960/2746, Loss: 1.0528
Epoch 24/100, Batch 1970/2746, Loss: 1.0591
Epoch 24/100, Batch 1980/2746, Loss: 1.0495
Epoch 24/100, Batch 1990/2746, Loss: 1.0613
Epoch 24/100, Batch 2000/2746, Loss: 1.0668
Epoch 24/100, Batch 2010/2746, Loss: 1.0968
Epoch 24/100, Batch 2020/2746, Loss: 0.9874
Epoch 24/100, Batch 2030/2746, Loss: 1.0755
Epoch 24/100, Batch 2040/2746, Loss: 1.2116
Epoch 24/100, Batch 2050/2746, Loss: 1.0002
Epoch 24/100, Batch 2060/2746, Loss: 1.0049
Epoch 24/100, Batch 2070/2746, Loss: 0.9968
Epoch 24/100, Batch 2080/2746, Loss: 1.0538
Epoch 24/100, Batch 2090/2746, Loss: 1.0283
Epoch 24/100, Batch 2100/2746, Loss: 1.0968
Epoch 24/100, Batch 2110/2746, Loss: 1.0981
Epoch 24/100, Batch 2120/2746, Loss: 0.9794
Epoch 24/100, Batch 2130/2746, Loss: 1.0765
Epoch 24/100, Batch 2140/2746, Loss: 1.0988
Epoch 24/100, Batch 2150/2746, Loss: 1.0095
Epoch 24/100, Batch 2160/2746, Loss: 0.9708
Epoch 24/100, Batch 2170/2746, Loss: 1.0094
Epoch 24/100, Batch 2180/2746, Loss: 1.0279
Epoch 24/100, Batch 2190/2746, Loss: 1.1020
Epoch 24/100, Batch 2200/2746, Loss: 1.0722
Epoch 24/100, Batch 2210/2746, Loss: 1.0554
Epoch 24/100, Batch 2220/2746, Loss: 1.0254
Epoch 24/100, Batch 2230/2746, Loss: 1.0453
Epoch 24/100, Batch 2240/2746, Loss: 1.0958
Epoch 24/100, Batch 2250/2746, Loss: 1.0661
Epoch 24/100, Batch 2260/2746, Loss: 1.1815
Epoch 24/100, Batch 2270/2746, Loss: 1.0570
Epoch 24/100, Batch 2280/2746, Loss: 1.0488
Epoch 24/100, Batch 2290/2746, Loss: 1.0227
Epoch 24/100, Batch 2300/2746, Loss: 1.0562
Epoch 24/100, Batch 2310/2746, Loss: 1.0148
Epoch 24/100, Batch 2320/2746, Loss: 1.0634
Epoch 24/100, Batch 2330/2746, Loss: 1.0791
Epoch 24/100, Batch 2340/2746, Loss: 1.0569
Epoch 24/100, Batch 2350/2746, Loss: 1.0676
Epoch 24/100, Batch 2360/2746, Loss: 1.0903
Epoch 24/100, Batch 2370/2746, Loss: 1.1091
Epoch 24/100, Batch 2380/2746, Loss: 0.9634
Epoch 24/100, Batch 2390/2746, Loss: 1.0620
Epoch 24/100, Batch 2400/2746, Loss: 1.0396
Epoch 24/100, Batch 2410/2746, Loss: 1.0705
Epoch 24/100, Batch 2420/2746, Loss: 1.0944
Epoch 24/100, Batch 2430/2746, Loss: 1.0967
Epoch 24/100, Batch 2440/2746, Loss: 1.1709
Epoch 24/100, Batch 2450/2746, Loss: 1.0675
Epoch 24/100, Batch 2460/2746, Loss: 0.9958
Epoch 24/100, Batch 2470/2746, Loss: 1.0608
Epoch 24/100, Batch 2480/2746, Loss: 1.0216
Epoch 24/100, Batch 2490/2746, Loss: 1.1091
Epoch 24/100, Batch 2500/2746, Loss: 1.1053
Epoch 24/100, Batch 2510/2746, Loss: 1.1115
Epoch 24/100, Batch 2520/2746, Loss: 1.0668
Epoch 24/100, Batch 2530/2746, Loss: 1.1590
Epoch 24/100, Batch 2540/2746, Loss: 1.0685
Epoch 24/100, Batch 2550/2746, Loss: 1.0400
Epoch 24/100, Batch 2560/2746, Loss: 1.0662
Epoch 24/100, Batch 2570/2746, Loss: 1.0716
Epoch 24/100, Batch 2580/2746, Loss: 1.1040
Epoch 24/100, Batch 2590/2746, Loss: 1.0108
Epoch 24/100, Batch 2600/2746, Loss: 1.0727
Epoch 24/100, Batch 2610/2746, Loss: 1.0771
Epoch 24/100, Batch 2620/2746, Loss: 1.0904
Epoch 24/100, Batch 2630/2746, Loss: 1.0198
Epoch 24/100, Batch 2640/2746, Loss: 1.0556
Epoch 24/100, Batch 2650/2746, Loss: 1.0039
Epoch 24/100, Batch 2660/2746, Loss: 1.0823
Epoch 24/100, Batch 2670/2746, Loss: 1.0702
Epoch 24/100, Batch 2680/2746, Loss: 1.0858
Epoch 24/100, Batch 2690/2746, Loss: 1.0640
Epoch 24/100, Batch 2700/2746, Loss: 1.0447
Epoch 24/100, Batch 2710/2746, Loss: 1.0952
Epoch 24/100, Batch 2720/2746, Loss: 1.0409
Epoch 24/100, Batch 2730/2746, Loss: 1.0658
Epoch 24/100, Batch 2740/2746, Loss: 1.0440
New best model with validation loss: 0.9402, perplexity: 2.56
Epoch 24/100, Loss: 1.0658, Perplexity: 2.90, Val Loss: 0.9402, Val Perplexity: 2.56, Time: 3659.90s
Epoch 25/100, Batch 10/2746, Loss: 1.0490
Epoch 25/100, Batch 20/2746, Loss: 1.0727
Epoch 25/100, Batch 30/2746, Loss: 1.0264
Epoch 25/100, Batch 40/2746, Loss: 0.9994
Epoch 25/100, Batch 50/2746, Loss: 1.0898
Epoch 25/100, Batch 60/2746, Loss: 1.0514
Epoch 25/100, Batch 70/2746, Loss: 1.0459
Epoch 25/100, Batch 80/2746, Loss: 1.0667
Epoch 25/100, Batch 90/2746, Loss: 1.0753
Epoch 25/100, Batch 100/2746, Loss: 1.0695
Epoch 25/100, Batch 110/2746, Loss: 1.1635
Epoch 25/100, Batch 120/2746, Loss: 1.0206
Epoch 25/100, Batch 130/2746, Loss: 1.0332
Epoch 25/100, Batch 140/2746, Loss: 1.0308
Epoch 25/100, Batch 150/2746, Loss: 0.9623
Epoch 25/100, Batch 160/2746, Loss: 1.0462
Epoch 25/100, Batch 170/2746, Loss: 1.1295
Epoch 25/100, Batch 180/2746, Loss: 1.1541
Epoch 25/100, Batch 190/2746, Loss: 1.1081
Epoch 25/100, Batch 200/2746, Loss: 1.1564
Epoch 25/100, Batch 210/2746, Loss: 1.0771
Epoch 25/100, Batch 220/2746, Loss: 1.0670
Epoch 25/100, Batch 230/2746, Loss: 1.1127
Epoch 25/100, Batch 240/2746, Loss: 1.1167
Epoch 25/100, Batch 250/2746, Loss: 1.1467
Epoch 25/100, Batch 260/2746, Loss: 1.0953
Epoch 25/100, Batch 270/2746, Loss: 1.0761
Epoch 25/100, Batch 280/2746, Loss: 1.1257
Epoch 25/100, Batch 290/2746, Loss: 1.0268
Epoch 25/100, Batch 300/2746, Loss: 1.1077
Epoch 25/100, Batch 310/2746, Loss: 1.0460
Epoch 25/100, Batch 320/2746, Loss: 1.0482
Epoch 25/100, Batch 330/2746, Loss: 1.1024
Epoch 25/100, Batch 340/2746, Loss: 1.0791
Epoch 25/100, Batch 350/2746, Loss: 1.0162
Epoch 25/100, Batch 360/2746, Loss: 1.0784
Epoch 25/100, Batch 370/2746, Loss: 1.0821
Epoch 25/100, Batch 380/2746, Loss: 0.9903
Epoch 25/100, Batch 390/2746, Loss: 1.1054
Epoch 25/100, Batch 400/2746, Loss: 1.1572
Epoch 25/100, Batch 410/2746, Loss: 1.0239
Epoch 25/100, Batch 420/2746, Loss: 1.0240
Epoch 25/100, Batch 430/2746, Loss: 1.1184
Epoch 25/100, Batch 440/2746, Loss: 1.0520
Epoch 25/100, Batch 450/2746, Loss: 1.0449
Epoch 25/100, Batch 460/2746, Loss: 1.1612
Epoch 25/100, Batch 470/2746, Loss: 1.1002
Epoch 25/100, Batch 480/2746, Loss: 1.0665
Epoch 25/100, Batch 490/2746, Loss: 1.0693
Epoch 25/100, Batch 500/2746, Loss: 1.1183
Epoch 25/100, Batch 510/2746, Loss: 1.0085
Epoch 25/100, Batch 520/2746, Loss: 1.0244
Epoch 25/100, Batch 530/2746, Loss: 1.1023
Epoch 25/100, Batch 540/2746, Loss: 1.1098
Epoch 25/100, Batch 550/2746, Loss: 1.0879
Epoch 25/100, Batch 560/2746, Loss: 1.0321
Epoch 25/100, Batch 570/2746, Loss: 1.0597
Epoch 25/100, Batch 580/2746, Loss: 1.0160
Epoch 25/100, Batch 590/2746, Loss: 0.9799
Epoch 25/100, Batch 600/2746, Loss: 0.9987
Epoch 25/100, Batch 610/2746, Loss: 1.0964
Epoch 25/100, Batch 620/2746, Loss: 1.0626
Epoch 25/100, Batch 630/2746, Loss: 1.0995
Epoch 25/100, Batch 640/2746, Loss: 1.0575
Epoch 25/100, Batch 650/2746, Loss: 1.0749
Epoch 25/100, Batch 660/2746, Loss: 1.0293
Epoch 25/100, Batch 670/2746, Loss: 1.0657
Epoch 25/100, Batch 680/2746, Loss: 1.1288
Epoch 25/100, Batch 690/2746, Loss: 1.0875
Epoch 25/100, Batch 700/2746, Loss: 1.0126
Epoch 25/100, Batch 710/2746, Loss: 0.9691
Epoch 25/100, Batch 720/2746, Loss: 1.0375
Epoch 25/100, Batch 730/2746, Loss: 1.0693
Epoch 25/100, Batch 740/2746, Loss: 1.0393
Epoch 25/100, Batch 750/2746, Loss: 0.9932
Epoch 25/100, Batch 760/2746, Loss: 1.0154
Epoch 25/100, Batch 770/2746, Loss: 1.0084
Epoch 25/100, Batch 780/2746, Loss: 1.0262
Epoch 25/100, Batch 790/2746, Loss: 1.0724
Epoch 25/100, Batch 800/2746, Loss: 1.1238
Epoch 25/100, Batch 810/2746, Loss: 1.0216
Epoch 25/100, Batch 820/2746, Loss: 1.0218
Epoch 25/100, Batch 830/2746, Loss: 1.0274
Epoch 25/100, Batch 840/2746, Loss: 1.0580
Epoch 25/100, Batch 850/2746, Loss: 1.0085
Epoch 25/100, Batch 860/2746, Loss: 1.0618
Epoch 25/100, Batch 870/2746, Loss: 1.0819
Epoch 25/100, Batch 880/2746, Loss: 1.1060
Epoch 25/100, Batch 890/2746, Loss: 1.0803
Epoch 25/100, Batch 900/2746, Loss: 1.0252
Epoch 25/100, Batch 910/2746, Loss: 1.0410
Epoch 25/100, Batch 920/2746, Loss: 1.0345
Epoch 25/100, Batch 930/2746, Loss: 1.0545
Epoch 25/100, Batch 940/2746, Loss: 1.0061
Epoch 25/100, Batch 950/2746, Loss: 1.0929
Epoch 25/100, Batch 960/2746, Loss: 1.1036
Epoch 25/100, Batch 970/2746, Loss: 1.1311
Epoch 25/100, Batch 980/2746, Loss: 1.0444
Epoch 25/100, Batch 990/2746, Loss: 1.0855
Epoch 25/100, Batch 1000/2746, Loss: 1.1038
Epoch 25/100, Batch 1010/2746, Loss: 1.0536
Epoch 25/100, Batch 1020/2746, Loss: 1.0531
Epoch 25/100, Batch 1030/2746, Loss: 1.0526
Epoch 25/100, Batch 1040/2746, Loss: 1.0184
Epoch 25/100, Batch 1050/2746, Loss: 0.9985
Epoch 25/100, Batch 1060/2746, Loss: 1.0592
Epoch 25/100, Batch 1070/2746, Loss: 0.9933
Epoch 25/100, Batch 1080/2746, Loss: 1.0050
Epoch 25/100, Batch 1090/2746, Loss: 0.9768
Epoch 25/100, Batch 1100/2746, Loss: 1.0351
Epoch 25/100, Batch 1110/2746, Loss: 0.9978
Epoch 25/100, Batch 1120/2746, Loss: 1.1099
Epoch 25/100, Batch 1130/2746, Loss: 1.0789
Epoch 25/100, Batch 1140/2746, Loss: 1.0627
Epoch 25/100, Batch 1150/2746, Loss: 1.0548
Epoch 25/100, Batch 1160/2746, Loss: 1.0227
Epoch 25/100, Batch 1170/2746, Loss: 0.9856
Epoch 25/100, Batch 1180/2746, Loss: 1.0645
Epoch 25/100, Batch 1190/2746, Loss: 1.0744
Epoch 25/100, Batch 1200/2746, Loss: 1.0437
Epoch 25/100, Batch 1210/2746, Loss: 0.9414
Epoch 25/100, Batch 1220/2746, Loss: 1.0162
Epoch 25/100, Batch 1230/2746, Loss: 1.0182
Epoch 25/100, Batch 1240/2746, Loss: 1.0213
Epoch 25/100, Batch 1250/2746, Loss: 1.0676
Epoch 25/100, Batch 1260/2746, Loss: 1.1082
Epoch 25/100, Batch 1270/2746, Loss: 1.0344
Epoch 25/100, Batch 1280/2746, Loss: 1.0279
Epoch 25/100, Batch 1290/2746, Loss: 1.0359
Epoch 25/100, Batch 1300/2746, Loss: 1.0785
Epoch 25/100, Batch 1310/2746, Loss: 1.0888
Epoch 25/100, Batch 1320/2746, Loss: 1.0896
Epoch 25/100, Batch 1330/2746, Loss: 0.9634
Epoch 25/100, Batch 1340/2746, Loss: 1.0910
Epoch 25/100, Batch 1350/2746, Loss: 1.0613
Epoch 25/100, Batch 1360/2746, Loss: 1.0794
Epoch 25/100, Batch 1370/2746, Loss: 1.0470
Epoch 25/100, Batch 1380/2746, Loss: 0.9964
Epoch 25/100, Batch 1390/2746, Loss: 0.9821
Epoch 25/100, Batch 1400/2746, Loss: 1.0174
Epoch 25/100, Batch 1410/2746, Loss: 1.1057
Epoch 25/100, Batch 1420/2746, Loss: 1.0812
Epoch 25/100, Batch 1430/2746, Loss: 1.0448
Epoch 25/100, Batch 1440/2746, Loss: 1.0414
Epoch 25/100, Batch 1450/2746, Loss: 1.0295
Epoch 25/100, Batch 1460/2746, Loss: 0.9696
Epoch 25/100, Batch 1470/2746, Loss: 1.0672
Epoch 25/100, Batch 1480/2746, Loss: 1.0556
Epoch 25/100, Batch 1490/2746, Loss: 1.0808
Epoch 25/100, Batch 1500/2746, Loss: 1.0361
Epoch 25/100, Batch 1510/2746, Loss: 1.0692
Epoch 25/100, Batch 1520/2746, Loss: 1.0384
Epoch 25/100, Batch 1530/2746, Loss: 1.0362
Epoch 25/100, Batch 1540/2746, Loss: 1.0626
Epoch 25/100, Batch 1550/2746, Loss: 1.0589
Epoch 25/100, Batch 1560/2746, Loss: 0.9989
Epoch 25/100, Batch 1570/2746, Loss: 1.0994
Epoch 25/100, Batch 1580/2746, Loss: 1.0785
Epoch 25/100, Batch 1590/2746, Loss: 1.0604
Epoch 25/100, Batch 1600/2746, Loss: 1.1522
Epoch 25/100, Batch 1610/2746, Loss: 1.0536
Epoch 25/100, Batch 1620/2746, Loss: 1.0612
Epoch 25/100, Batch 1630/2746, Loss: 1.0588
Epoch 25/100, Batch 1640/2746, Loss: 1.0627
Epoch 25/100, Batch 1650/2746, Loss: 1.1092
Epoch 25/100, Batch 1660/2746, Loss: 1.0630
Epoch 25/100, Batch 1670/2746, Loss: 1.0725
Epoch 25/100, Batch 1680/2746, Loss: 1.1011
Epoch 25/100, Batch 1690/2746, Loss: 0.9852
Epoch 25/100, Batch 1700/2746, Loss: 1.1071
Epoch 25/100, Batch 1710/2746, Loss: 1.1061
Epoch 25/100, Batch 1720/2746, Loss: 1.0920
Epoch 25/100, Batch 1730/2746, Loss: 1.0515
Epoch 25/100, Batch 1740/2746, Loss: 1.0799
Epoch 25/100, Batch 1750/2746, Loss: 1.0144
Epoch 25/100, Batch 1760/2746, Loss: 1.0557
Epoch 25/100, Batch 1770/2746, Loss: 1.0176
Epoch 25/100, Batch 1780/2746, Loss: 1.0646
Epoch 25/100, Batch 1790/2746, Loss: 1.0311
Epoch 25/100, Batch 1800/2746, Loss: 1.0792
Epoch 25/100, Batch 1810/2746, Loss: 1.0258
Epoch 25/100, Batch 1820/2746, Loss: 1.0864
Epoch 25/100, Batch 1830/2746, Loss: 1.0495
Epoch 25/100, Batch 1840/2746, Loss: 1.0597
Epoch 25/100, Batch 1850/2746, Loss: 1.0418
Epoch 25/100, Batch 1860/2746, Loss: 1.0812
Epoch 25/100, Batch 1870/2746, Loss: 1.0383
Epoch 25/100, Batch 1880/2746, Loss: 1.1369
Epoch 25/100, Batch 1890/2746, Loss: 1.0727
Epoch 25/100, Batch 1900/2746, Loss: 1.0816
Epoch 25/100, Batch 1910/2746, Loss: 1.0510
Epoch 25/100, Batch 1920/2746, Loss: 1.0718
Epoch 25/100, Batch 1930/2746, Loss: 0.9958
Epoch 25/100, Batch 1940/2746, Loss: 0.9606
Epoch 25/100, Batch 1950/2746, Loss: 1.0611
Epoch 25/100, Batch 1960/2746, Loss: 1.0502
Epoch 25/100, Batch 1970/2746, Loss: 1.0495
Epoch 25/100, Batch 1980/2746, Loss: 1.0466
Epoch 25/100, Batch 1990/2746, Loss: 1.0599
Epoch 25/100, Batch 2000/2746, Loss: 1.0421
Epoch 25/100, Batch 2010/2746, Loss: 1.0843
Epoch 25/100, Batch 2020/2746, Loss: 0.9754
Epoch 25/100, Batch 2030/2746, Loss: 1.0815
Epoch 25/100, Batch 2040/2746, Loss: 1.0616
Epoch 25/100, Batch 2050/2746, Loss: 1.0090
Epoch 25/100, Batch 2060/2746, Loss: 1.0483
Epoch 25/100, Batch 2070/2746, Loss: 0.9933
Epoch 25/100, Batch 2080/2746, Loss: 0.9964
Epoch 25/100, Batch 2090/2746, Loss: 1.0243
Epoch 25/100, Batch 2100/2746, Loss: 1.1029
Epoch 25/100, Batch 2110/2746, Loss: 1.0797
Epoch 25/100, Batch 2120/2746, Loss: 0.9681
Epoch 25/100, Batch 2130/2746, Loss: 1.0767
Epoch 25/100, Batch 2140/2746, Loss: 1.0694
Epoch 25/100, Batch 2150/2746, Loss: 0.9957
Epoch 25/100, Batch 2160/2746, Loss: 0.9872
Epoch 25/100, Batch 2170/2746, Loss: 1.0899
Epoch 25/100, Batch 2180/2746, Loss: 1.0888
Epoch 25/100, Batch 2190/2746, Loss: 1.0637
Epoch 25/100, Batch 2200/2746, Loss: 1.0645
Epoch 25/100, Batch 2210/2746, Loss: 1.0148
Epoch 25/100, Batch 2220/2746, Loss: 1.0361
Epoch 25/100, Batch 2230/2746, Loss: 1.0295
Epoch 25/100, Batch 2240/2746, Loss: 1.0805
Epoch 25/100, Batch 2250/2746, Loss: 1.0684
Epoch 25/100, Batch 2260/2746, Loss: 1.1703
Epoch 25/100, Batch 2270/2746, Loss: 1.0392
Epoch 25/100, Batch 2280/2746, Loss: 1.0516
Epoch 25/100, Batch 2290/2746, Loss: 1.0144
Epoch 25/100, Batch 2300/2746, Loss: 1.0535
Epoch 25/100, Batch 2310/2746, Loss: 1.0155
Epoch 25/100, Batch 2320/2746, Loss: 1.0528
Epoch 25/100, Batch 2330/2746, Loss: 1.0813
Epoch 25/100, Batch 2340/2746, Loss: 1.0762
Epoch 25/100, Batch 2350/2746, Loss: 1.0651
Epoch 25/100, Batch 2360/2746, Loss: 1.0822
Epoch 25/100, Batch 2370/2746, Loss: 1.1024
Epoch 25/100, Batch 2380/2746, Loss: 0.9602
Epoch 25/100, Batch 2390/2746, Loss: 1.0847
Epoch 25/100, Batch 2400/2746, Loss: 1.1082
Epoch 25/100, Batch 2410/2746, Loss: 1.0907
Epoch 25/100, Batch 2420/2746, Loss: 1.0994
Epoch 25/100, Batch 2430/2746, Loss: 1.0892
Epoch 25/100, Batch 2440/2746, Loss: 1.0647
Epoch 25/100, Batch 2450/2746, Loss: 1.0284
Epoch 25/100, Batch 2460/2746, Loss: 1.0280
Epoch 25/100, Batch 2470/2746, Loss: 1.1094
Epoch 25/100, Batch 2480/2746, Loss: 1.0143
Epoch 25/100, Batch 2490/2746, Loss: 1.0574
Epoch 25/100, Batch 2500/2746, Loss: 1.1296
Epoch 25/100, Batch 2510/2746, Loss: 1.0756
Epoch 25/100, Batch 2520/2746, Loss: 1.0567
Epoch 25/100, Batch 2530/2746, Loss: 1.1136
Epoch 25/100, Batch 2540/2746, Loss: 1.0840
Epoch 25/100, Batch 2550/2746, Loss: 1.0589
Epoch 25/100, Batch 2560/2746, Loss: 1.0341
Epoch 25/100, Batch 2570/2746, Loss: 1.1029
Epoch 25/100, Batch 2580/2746, Loss: 1.0667
Epoch 25/100, Batch 2590/2746, Loss: 1.0158
Epoch 25/100, Batch 2600/2746, Loss: 1.0634
Epoch 25/100, Batch 2610/2746, Loss: 1.1221
Epoch 25/100, Batch 2620/2746, Loss: 1.0889
Epoch 25/100, Batch 2630/2746, Loss: 1.0275
Epoch 25/100, Batch 2640/2746, Loss: 1.0406
Epoch 25/100, Batch 2650/2746, Loss: 0.9966
Epoch 25/100, Batch 2660/2746, Loss: 1.0877
Epoch 25/100, Batch 2670/2746, Loss: 1.0619
Epoch 25/100, Batch 2680/2746, Loss: 1.0814
Epoch 25/100, Batch 2690/2746, Loss: 1.0590
Epoch 25/100, Batch 2700/2746, Loss: 1.0132
Epoch 25/100, Batch 2710/2746, Loss: 1.1087
Epoch 25/100, Batch 2720/2746, Loss: 1.0301
Epoch 25/100, Batch 2730/2746, Loss: 1.0609
Epoch 25/100, Batch 2740/2746, Loss: 1.0382
New best model with validation loss: 0.9327, perplexity: 2.54
Epoch 25/100, Loss: 1.0582, Perplexity: 2.88, Val Loss: 0.9327, Val Perplexity: 2.54, Time: 3664.46s
Epoch 26/100, Batch 10/2746, Loss: 1.0474
Epoch 26/100, Batch 20/2746, Loss: 1.1392
Epoch 26/100, Batch 30/2746, Loss: 1.0606
Epoch 26/100, Batch 40/2746, Loss: 0.9928
Epoch 26/100, Batch 50/2746, Loss: 1.0888
Epoch 26/100, Batch 60/2746, Loss: 1.0294
Epoch 26/100, Batch 70/2746, Loss: 1.0748
Epoch 26/100, Batch 80/2746, Loss: 1.0702
Epoch 26/100, Batch 90/2746, Loss: 1.0483
Epoch 26/100, Batch 100/2746, Loss: 1.0211
Epoch 26/100, Batch 110/2746, Loss: 1.1718
Epoch 26/100, Batch 120/2746, Loss: 1.0249
Epoch 26/100, Batch 130/2746, Loss: 1.0534
Epoch 26/100, Batch 140/2746, Loss: 1.0353
Epoch 26/100, Batch 150/2746, Loss: 0.9610
Epoch 26/100, Batch 160/2746, Loss: 1.0419
Epoch 26/100, Batch 170/2746, Loss: 1.0837
Epoch 26/100, Batch 180/2746, Loss: 1.0596
Epoch 26/100, Batch 190/2746, Loss: 1.0962
Epoch 26/100, Batch 200/2746, Loss: 1.1920
Epoch 26/100, Batch 210/2746, Loss: 1.0619
Epoch 26/100, Batch 220/2746, Loss: 1.0588
Epoch 26/100, Batch 230/2746, Loss: 1.1053
Epoch 26/100, Batch 240/2746, Loss: 1.1111
Epoch 26/100, Batch 250/2746, Loss: 1.1345
Epoch 26/100, Batch 260/2746, Loss: 1.0866
Epoch 26/100, Batch 270/2746, Loss: 1.0943
Epoch 26/100, Batch 280/2746, Loss: 1.0761
Epoch 26/100, Batch 290/2746, Loss: 1.0139
Epoch 26/100, Batch 300/2746, Loss: 1.0883
Epoch 26/100, Batch 310/2746, Loss: 1.0282
Epoch 26/100, Batch 320/2746, Loss: 1.0654
Epoch 26/100, Batch 330/2746, Loss: 1.0668
Epoch 26/100, Batch 340/2746, Loss: 1.0453
Epoch 26/100, Batch 350/2746, Loss: 0.9878
Epoch 26/100, Batch 360/2746, Loss: 1.0556
Epoch 26/100, Batch 370/2746, Loss: 1.0399
Epoch 26/100, Batch 380/2746, Loss: 0.9840
Epoch 26/100, Batch 390/2746, Loss: 1.0747
Epoch 26/100, Batch 400/2746, Loss: 1.1703
Epoch 26/100, Batch 410/2746, Loss: 1.0098
Epoch 26/100, Batch 420/2746, Loss: 1.0079
Epoch 26/100, Batch 430/2746, Loss: 1.0933
Epoch 26/100, Batch 440/2746, Loss: 1.0650
Epoch 26/100, Batch 450/2746, Loss: 1.0370
Epoch 26/100, Batch 460/2746, Loss: 1.0809
Epoch 26/100, Batch 470/2746, Loss: 1.1113
Epoch 26/100, Batch 480/2746, Loss: 1.0588
Epoch 26/100, Batch 490/2746, Loss: 1.1028
Epoch 26/100, Batch 500/2746, Loss: 1.1210
Epoch 26/100, Batch 510/2746, Loss: 1.0746
Epoch 26/100, Batch 520/2746, Loss: 1.0313
Epoch 26/100, Batch 530/2746, Loss: 1.1464
Epoch 26/100, Batch 540/2746, Loss: 1.0938
Epoch 26/100, Batch 550/2746, Loss: 1.0760
Epoch 26/100, Batch 560/2746, Loss: 0.9926
Epoch 26/100, Batch 570/2746, Loss: 1.0953
Epoch 26/100, Batch 580/2746, Loss: 0.9804
Epoch 26/100, Batch 590/2746, Loss: 0.9713
Epoch 26/100, Batch 600/2746, Loss: 0.9902
Epoch 26/100, Batch 610/2746, Loss: 1.0562
Epoch 26/100, Batch 620/2746, Loss: 1.0533
Epoch 26/100, Batch 630/2746, Loss: 1.1093
Epoch 26/100, Batch 640/2746, Loss: 1.0194
Epoch 26/100, Batch 650/2746, Loss: 1.0586
Epoch 26/100, Batch 660/2746, Loss: 1.0080
Epoch 26/100, Batch 670/2746, Loss: 1.0357
Epoch 26/100, Batch 680/2746, Loss: 1.0878
Epoch 26/100, Batch 690/2746, Loss: 1.1227
Epoch 26/100, Batch 700/2746, Loss: 1.0104
Epoch 26/100, Batch 710/2746, Loss: 0.9805
Epoch 26/100, Batch 720/2746, Loss: 1.0331
Epoch 26/100, Batch 730/2746, Loss: 1.0565
Epoch 26/100, Batch 740/2746, Loss: 1.0039
Epoch 26/100, Batch 750/2746, Loss: 1.0182
Epoch 26/100, Batch 760/2746, Loss: 1.0233
Epoch 26/100, Batch 770/2746, Loss: 1.0227
Epoch 26/100, Batch 780/2746, Loss: 1.0671
Epoch 26/100, Batch 790/2746, Loss: 1.0963
Epoch 26/100, Batch 800/2746, Loss: 1.0704
Epoch 26/100, Batch 810/2746, Loss: 1.0156
Epoch 26/100, Batch 820/2746, Loss: 1.0248
Epoch 26/100, Batch 830/2746, Loss: 1.0171
Epoch 26/100, Batch 840/2746, Loss: 1.0493
Epoch 26/100, Batch 850/2746, Loss: 0.9944
Epoch 26/100, Batch 860/2746, Loss: 1.0060
Epoch 26/100, Batch 870/2746, Loss: 1.0516
Epoch 26/100, Batch 880/2746, Loss: 1.0373
Epoch 26/100, Batch 890/2746, Loss: 1.0629
Epoch 26/100, Batch 900/2746, Loss: 1.0665
Epoch 26/100, Batch 910/2746, Loss: 1.0054
Epoch 26/100, Batch 920/2746, Loss: 1.0191
Epoch 26/100, Batch 930/2746, Loss: 1.0168
Epoch 26/100, Batch 940/2746, Loss: 0.9976
Epoch 26/100, Batch 950/2746, Loss: 1.0831
Epoch 26/100, Batch 960/2746, Loss: 1.0765
Epoch 26/100, Batch 970/2746, Loss: 1.1221
Epoch 26/100, Batch 980/2746, Loss: 1.0426
Epoch 26/100, Batch 990/2746, Loss: 1.1007
Epoch 26/100, Batch 1000/2746, Loss: 1.0888
Epoch 26/100, Batch 1010/2746, Loss: 1.0547
Epoch 26/100, Batch 1020/2746, Loss: 1.0959
Epoch 26/100, Batch 1030/2746, Loss: 1.0049
Epoch 26/100, Batch 1040/2746, Loss: 1.0131
Epoch 26/100, Batch 1050/2746, Loss: 0.9909
Epoch 26/100, Batch 1060/2746, Loss: 1.0791
Epoch 26/100, Batch 1070/2746, Loss: 1.0752
Epoch 26/100, Batch 1080/2746, Loss: 0.9981
Epoch 26/100, Batch 1090/2746, Loss: 1.0813
Epoch 26/100, Batch 1100/2746, Loss: 1.0480
Epoch 26/100, Batch 1110/2746, Loss: 1.0409
Epoch 26/100, Batch 1120/2746, Loss: 1.1049
Epoch 26/100, Batch 1130/2746, Loss: 1.0361
Epoch 26/100, Batch 1140/2746, Loss: 1.0176
Epoch 26/100, Batch 1150/2746, Loss: 1.0392
Epoch 26/100, Batch 1160/2746, Loss: 0.9851
Epoch 26/100, Batch 1170/2746, Loss: 0.9748
Epoch 26/100, Batch 1180/2746, Loss: 1.0946
Epoch 26/100, Batch 1190/2746, Loss: 1.1923
Epoch 26/100, Batch 1200/2746, Loss: 1.0377
Epoch 26/100, Batch 1210/2746, Loss: 0.9731
Epoch 26/100, Batch 1220/2746, Loss: 1.0156
Epoch 26/100, Batch 1230/2746, Loss: 1.0108
Epoch 26/100, Batch 1240/2746, Loss: 1.0116
Epoch 26/100, Batch 1250/2746, Loss: 1.0659
Epoch 26/100, Batch 1260/2746, Loss: 1.0577
Epoch 26/100, Batch 1270/2746, Loss: 1.0243
Epoch 26/100, Batch 1280/2746, Loss: 1.0472
Epoch 26/100, Batch 1290/2746, Loss: 1.0354
Epoch 26/100, Batch 1300/2746, Loss: 1.0530
Epoch 26/100, Batch 1310/2746, Loss: 1.1036
Epoch 26/100, Batch 1320/2746, Loss: 1.0411
Epoch 26/100, Batch 1330/2746, Loss: 0.9563
Epoch 26/100, Batch 1340/2746, Loss: 1.0614
Epoch 26/100, Batch 1350/2746, Loss: 1.0934
Epoch 26/100, Batch 1360/2746, Loss: 1.0397
Epoch 26/100, Batch 1370/2746, Loss: 1.0453
Epoch 26/100, Batch 1380/2746, Loss: 0.9935
Epoch 26/100, Batch 1390/2746, Loss: 0.9646
Epoch 26/100, Batch 1400/2746, Loss: 1.0169
Epoch 26/100, Batch 1410/2746, Loss: 1.0935
Epoch 26/100, Batch 1420/2746, Loss: 1.0673
Epoch 26/100, Batch 1430/2746, Loss: 1.0340
Epoch 26/100, Batch 1440/2746, Loss: 1.0268
Epoch 26/100, Batch 1450/2746, Loss: 1.0191
Epoch 26/100, Batch 1460/2746, Loss: 1.0845
Epoch 26/100, Batch 1470/2746, Loss: 1.0195
Epoch 26/100, Batch 1480/2746, Loss: 1.0393
Epoch 26/100, Batch 1490/2746, Loss: 1.1403
Epoch 26/100, Batch 1500/2746, Loss: 1.0411
Epoch 26/100, Batch 1510/2746, Loss: 1.0392
Epoch 26/100, Batch 1520/2746, Loss: 1.0230
Epoch 26/100, Batch 1530/2746, Loss: 1.0733
Epoch 26/100, Batch 1540/2746, Loss: 1.0682
Epoch 26/100, Batch 1550/2746, Loss: 1.0559
Epoch 26/100, Batch 1560/2746, Loss: 0.9981
Epoch 26/100, Batch 1570/2746, Loss: 1.0846
Epoch 26/100, Batch 1580/2746, Loss: 1.0701
Epoch 26/100, Batch 1590/2746, Loss: 1.0616
Epoch 26/100, Batch 1600/2746, Loss: 1.0566
Epoch 26/100, Batch 1610/2746, Loss: 1.0599
Epoch 26/100, Batch 1620/2746, Loss: 1.0973
Epoch 26/100, Batch 1630/2746, Loss: 1.0514
Epoch 26/100, Batch 1640/2746, Loss: 1.0563
Epoch 26/100, Batch 1650/2746, Loss: 1.1311
Epoch 26/100, Batch 1660/2746, Loss: 1.0467
Epoch 26/100, Batch 1670/2746, Loss: 1.0595
Epoch 26/100, Batch 1680/2746, Loss: 1.0489
Epoch 26/100, Batch 1690/2746, Loss: 0.9836
Epoch 26/100, Batch 1700/2746, Loss: 1.0790
Epoch 26/100, Batch 1710/2746, Loss: 1.0998
Epoch 26/100, Batch 1720/2746, Loss: 1.0713
Epoch 26/100, Batch 1730/2746, Loss: 1.0084
Epoch 26/100, Batch 1740/2746, Loss: 1.0984
Epoch 26/100, Batch 1750/2746, Loss: 1.0159
Epoch 26/100, Batch 1760/2746, Loss: 1.0184
Epoch 26/100, Batch 1770/2746, Loss: 1.0213
Epoch 26/100, Batch 1780/2746, Loss: 1.0622
Epoch 26/100, Batch 1790/2746, Loss: 0.9877
Epoch 26/100, Batch 1800/2746, Loss: 1.0652
Epoch 26/100, Batch 1810/2746, Loss: 1.0094
Epoch 26/100, Batch 1820/2746, Loss: 1.1224
Epoch 26/100, Batch 1830/2746, Loss: 1.0428
Epoch 26/100, Batch 1840/2746, Loss: 1.0349
Epoch 26/100, Batch 1850/2746, Loss: 1.0269
Epoch 26/100, Batch 1860/2746, Loss: 1.1188
Epoch 26/100, Batch 1870/2746, Loss: 1.0350
Epoch 26/100, Batch 1880/2746, Loss: 1.0735
Epoch 26/100, Batch 1890/2746, Loss: 1.0601
Epoch 26/100, Batch 1900/2746, Loss: 1.0960
Epoch 26/100, Batch 1910/2746, Loss: 1.0419
Epoch 26/100, Batch 1920/2746, Loss: 1.0621
Epoch 26/100, Batch 1930/2746, Loss: 1.0150
Epoch 26/100, Batch 1940/2746, Loss: 1.0265
Epoch 26/100, Batch 1950/2746, Loss: 1.0583
Epoch 26/100, Batch 1960/2746, Loss: 1.0392
Epoch 26/100, Batch 1970/2746, Loss: 1.0511
Epoch 26/100, Batch 1980/2746, Loss: 1.0807
Epoch 26/100, Batch 1990/2746, Loss: 1.0466
Epoch 26/100, Batch 2000/2746, Loss: 1.0864
Epoch 26/100, Batch 2010/2746, Loss: 1.0826
Epoch 26/100, Batch 2020/2746, Loss: 0.9769
Epoch 26/100, Batch 2030/2746, Loss: 1.0685
Epoch 26/100, Batch 2040/2746, Loss: 1.0136
Epoch 26/100, Batch 2050/2746, Loss: 0.9913
Epoch 26/100, Batch 2060/2746, Loss: 1.0341
Epoch 26/100, Batch 2070/2746, Loss: 0.9982
Epoch 26/100, Batch 2080/2746, Loss: 1.0082
Epoch 26/100, Batch 2090/2746, Loss: 1.0136
Epoch 26/100, Batch 2100/2746, Loss: 1.0554
Epoch 26/100, Batch 2110/2746, Loss: 1.0718
Epoch 26/100, Batch 2120/2746, Loss: 0.9684
Epoch 26/100, Batch 2130/2746, Loss: 1.0718
Epoch 26/100, Batch 2140/2746, Loss: 1.0868
Epoch 26/100, Batch 2150/2746, Loss: 0.9915
Epoch 26/100, Batch 2160/2746, Loss: 0.9524
Epoch 26/100, Batch 2170/2746, Loss: 1.0015
Epoch 26/100, Batch 2180/2746, Loss: 1.0362
Epoch 26/100, Batch 2190/2746, Loss: 1.0840
Epoch 26/100, Batch 2200/2746, Loss: 1.0529
Epoch 26/100, Batch 2210/2746, Loss: 1.1057
Epoch 26/100, Batch 2220/2746, Loss: 1.0180
Epoch 26/100, Batch 2230/2746, Loss: 1.0270
Epoch 26/100, Batch 2240/2746, Loss: 1.0776
Epoch 26/100, Batch 2250/2746, Loss: 1.0805
Epoch 26/100, Batch 2260/2746, Loss: 1.1194
Epoch 26/100, Batch 2270/2746, Loss: 1.0321
Epoch 26/100, Batch 2280/2746, Loss: 1.1565
Epoch 26/100, Batch 2290/2746, Loss: 0.9860
Epoch 26/100, Batch 2300/2746, Loss: 1.0389
Epoch 26/100, Batch 2310/2746, Loss: 1.0122
Epoch 26/100, Batch 2320/2746, Loss: 1.0450
Epoch 26/100, Batch 2330/2746, Loss: 1.0865
Epoch 26/100, Batch 2340/2746, Loss: 1.0477
Epoch 26/100, Batch 2350/2746, Loss: 1.2181
Epoch 26/100, Batch 2360/2746, Loss: 1.1182
Epoch 26/100, Batch 2370/2746, Loss: 1.1073
Epoch 26/100, Batch 2380/2746, Loss: 0.9447
Epoch 26/100, Batch 2390/2746, Loss: 1.0891
Epoch 26/100, Batch 2400/2746, Loss: 1.0308
Epoch 26/100, Batch 2410/2746, Loss: 1.0506
Epoch 26/100, Batch 2420/2746, Loss: 1.1167
Epoch 26/100, Batch 2430/2746, Loss: 1.0842
Epoch 26/100, Batch 2440/2746, Loss: 1.0572
Epoch 26/100, Batch 2450/2746, Loss: 1.0358
Epoch 26/100, Batch 2460/2746, Loss: 1.0110
Epoch 26/100, Batch 2470/2746, Loss: 1.0212
Epoch 26/100, Batch 2480/2746, Loss: 1.0056
Epoch 26/100, Batch 2490/2746, Loss: 1.0527
Epoch 26/100, Batch 2500/2746, Loss: 1.1687
Epoch 26/100, Batch 2510/2746, Loss: 1.1104
Epoch 26/100, Batch 2520/2746, Loss: 1.0417
Epoch 26/100, Batch 2530/2746, Loss: 1.1015
Epoch 26/100, Batch 2540/2746, Loss: 1.0509
Epoch 26/100, Batch 2550/2746, Loss: 1.0158
Epoch 26/100, Batch 2560/2746, Loss: 1.0263
Epoch 26/100, Batch 2570/2746, Loss: 1.0615
Epoch 26/100, Batch 2580/2746, Loss: 1.0526
Epoch 26/100, Batch 2590/2746, Loss: 1.0745
Epoch 26/100, Batch 2600/2746, Loss: 1.0543
Epoch 26/100, Batch 2610/2746, Loss: 1.0611
Epoch 26/100, Batch 2620/2746, Loss: 1.0929
Epoch 26/100, Batch 2630/2746, Loss: 1.0355
Epoch 26/100, Batch 2640/2746, Loss: 1.0289
Epoch 26/100, Batch 2650/2746, Loss: 0.9983
Epoch 26/100, Batch 2660/2746, Loss: 1.0706
Epoch 26/100, Batch 2670/2746, Loss: 1.0862
Epoch 26/100, Batch 2680/2746, Loss: 1.0920
Epoch 26/100, Batch 2690/2746, Loss: 1.0985
Epoch 26/100, Batch 2700/2746, Loss: 1.0716
Epoch 26/100, Batch 2710/2746, Loss: 1.0919
Epoch 26/100, Batch 2720/2746, Loss: 1.0254
Epoch 26/100, Batch 2730/2746, Loss: 1.0500
Epoch 26/100, Batch 2740/2746, Loss: 1.0335
New best model with validation loss: 0.9290, perplexity: 2.53
Epoch 26/100, Loss: 1.0519, Perplexity: 2.86, Val Loss: 0.9290, Val Perplexity: 2.53, Time: 3660.07s
Epoch 27/100, Batch 10/2746, Loss: 1.0694
Epoch 27/100, Batch 20/2746, Loss: 1.1335
Epoch 27/100, Batch 30/2746, Loss: 1.0396
Epoch 27/100, Batch 40/2746, Loss: 0.9828
Epoch 27/100, Batch 50/2746, Loss: 1.0770
Epoch 27/100, Batch 60/2746, Loss: 1.0193
Epoch 27/100, Batch 70/2746, Loss: 1.0286
Epoch 27/100, Batch 80/2746, Loss: 1.1031
Epoch 27/100, Batch 90/2746, Loss: 1.0382
Epoch 27/100, Batch 100/2746, Loss: 1.0228
Epoch 27/100, Batch 110/2746, Loss: 1.1312
Epoch 27/100, Batch 120/2746, Loss: 1.0098
Epoch 27/100, Batch 130/2746, Loss: 1.0478
Epoch 27/100, Batch 140/2746, Loss: 1.1221
Epoch 27/100, Batch 150/2746, Loss: 0.9605
Epoch 27/100, Batch 160/2746, Loss: 1.0240
Epoch 27/100, Batch 170/2746, Loss: 1.1033
Epoch 27/100, Batch 180/2746, Loss: 1.1462
Epoch 27/100, Batch 190/2746, Loss: 1.1320
Epoch 27/100, Batch 200/2746, Loss: 1.1737
Epoch 27/100, Batch 210/2746, Loss: 1.0886
Epoch 27/100, Batch 220/2746, Loss: 1.1212
Epoch 27/100, Batch 230/2746, Loss: 1.0960
Epoch 27/100, Batch 240/2746, Loss: 1.1370
Epoch 27/100, Batch 250/2746, Loss: 1.1525
Epoch 27/100, Batch 260/2746, Loss: 1.1136
Epoch 27/100, Batch 270/2746, Loss: 1.0617
Epoch 27/100, Batch 280/2746, Loss: 1.1094
Epoch 27/100, Batch 290/2746, Loss: 1.0406
Epoch 27/100, Batch 300/2746, Loss: 1.0848
Epoch 27/100, Batch 310/2746, Loss: 1.0382
Epoch 27/100, Batch 320/2746, Loss: 1.0574
Epoch 27/100, Batch 330/2746, Loss: 1.1064
Epoch 27/100, Batch 340/2746, Loss: 1.0513
Epoch 27/100, Batch 350/2746, Loss: 0.9634
Epoch 27/100, Batch 360/2746, Loss: 1.0685
Epoch 27/100, Batch 370/2746, Loss: 1.0466
Epoch 27/100, Batch 380/2746, Loss: 0.9882
Epoch 27/100, Batch 390/2746, Loss: 1.0653
Epoch 27/100, Batch 400/2746, Loss: 1.2168
Epoch 27/100, Batch 410/2746, Loss: 1.0048
Epoch 27/100, Batch 420/2746, Loss: 1.0033
Epoch 27/100, Batch 430/2746, Loss: 1.1144
Epoch 27/100, Batch 440/2746, Loss: 1.0481
Epoch 27/100, Batch 450/2746, Loss: 1.0287
Epoch 27/100, Batch 460/2746, Loss: 1.0998
Epoch 27/100, Batch 470/2746, Loss: 1.1280
Epoch 27/100, Batch 480/2746, Loss: 1.0506
Epoch 27/100, Batch 490/2746, Loss: 1.1783
Epoch 27/100, Batch 500/2746, Loss: 1.1055
Epoch 27/100, Batch 510/2746, Loss: 1.0109
Epoch 27/100, Batch 520/2746, Loss: 1.0066
Epoch 27/100, Batch 530/2746, Loss: 1.1246
Epoch 27/100, Batch 540/2746, Loss: 1.0990
Epoch 27/100, Batch 550/2746, Loss: 1.1072
Epoch 27/100, Batch 560/2746, Loss: 1.0047
Epoch 27/100, Batch 570/2746, Loss: 1.0194
Epoch 27/100, Batch 580/2746, Loss: 0.9788
Epoch 27/100, Batch 590/2746, Loss: 1.0042
Epoch 27/100, Batch 600/2746, Loss: 0.9895
Epoch 27/100, Batch 610/2746, Loss: 1.0519
Epoch 27/100, Batch 620/2746, Loss: 1.0564
Epoch 27/100, Batch 630/2746, Loss: 1.0576
Epoch 27/100, Batch 640/2746, Loss: 1.0133
Epoch 27/100, Batch 650/2746, Loss: 1.0475
Epoch 27/100, Batch 660/2746, Loss: 1.0057
Epoch 27/100, Batch 670/2746, Loss: 1.0313
Epoch 27/100, Batch 680/2746, Loss: 1.0945
Epoch 27/100, Batch 690/2746, Loss: 1.0617
Epoch 27/100, Batch 700/2746, Loss: 1.0571
Epoch 27/100, Batch 710/2746, Loss: 0.9538
Epoch 27/100, Batch 720/2746, Loss: 1.0509
Epoch 27/100, Batch 730/2746, Loss: 1.0575
Epoch 27/100, Batch 740/2746, Loss: 1.0251
Epoch 27/100, Batch 750/2746, Loss: 0.9880
Epoch 27/100, Batch 760/2746, Loss: 1.0049
Epoch 27/100, Batch 770/2746, Loss: 1.0645
Epoch 27/100, Batch 780/2746, Loss: 1.0724
Epoch 27/100, Batch 790/2746, Loss: 1.0607
Epoch 27/100, Batch 800/2746, Loss: 1.0911
Epoch 27/100, Batch 810/2746, Loss: 1.0110
Epoch 27/100, Batch 820/2746, Loss: 1.0797
Epoch 27/100, Batch 830/2746, Loss: 1.0387
Epoch 27/100, Batch 840/2746, Loss: 1.0315
Epoch 27/100, Batch 850/2746, Loss: 1.0210
Epoch 27/100, Batch 860/2746, Loss: 0.9985
Epoch 27/100, Batch 870/2746, Loss: 1.0501
Epoch 27/100, Batch 880/2746, Loss: 1.0282
Epoch 27/100, Batch 890/2746, Loss: 1.0884
Epoch 27/100, Batch 900/2746, Loss: 1.0205
Epoch 27/100, Batch 910/2746, Loss: 1.0379
Epoch 27/100, Batch 920/2746, Loss: 1.0424
Epoch 27/100, Batch 930/2746, Loss: 1.0229
Epoch 27/100, Batch 940/2746, Loss: 1.0209
Epoch 27/100, Batch 950/2746, Loss: 1.1626
Epoch 27/100, Batch 960/2746, Loss: 1.0766
Epoch 27/100, Batch 970/2746, Loss: 1.0834
Epoch 27/100, Batch 980/2746, Loss: 1.0279
Epoch 27/100, Batch 990/2746, Loss: 1.0839
Epoch 27/100, Batch 1000/2746, Loss: 1.1026
Epoch 27/100, Batch 1010/2746, Loss: 1.0380
Epoch 27/100, Batch 1020/2746, Loss: 1.0781
Epoch 27/100, Batch 1030/2746, Loss: 0.9944
Epoch 27/100, Batch 1040/2746, Loss: 1.0062
Epoch 27/100, Batch 1050/2746, Loss: 0.9843
Epoch 27/100, Batch 1060/2746, Loss: 1.0549
Epoch 27/100, Batch 1070/2746, Loss: 0.9850
Epoch 27/100, Batch 1080/2746, Loss: 0.9859
Epoch 27/100, Batch 1090/2746, Loss: 0.9844
Epoch 27/100, Batch 1100/2746, Loss: 1.0072
Epoch 27/100, Batch 1110/2746, Loss: 1.0092
Epoch 27/100, Batch 1120/2746, Loss: 1.0933
Epoch 27/100, Batch 1130/2746, Loss: 1.0737
Epoch 27/100, Batch 1140/2746, Loss: 1.0055
Epoch 27/100, Batch 1150/2746, Loss: 1.0680
Epoch 27/100, Batch 1160/2746, Loss: 0.9892
Epoch 27/100, Batch 1170/2746, Loss: 0.9729
Epoch 27/100, Batch 1180/2746, Loss: 1.0422
Epoch 27/100, Batch 1190/2746, Loss: 1.0694
Epoch 27/100, Batch 1200/2746, Loss: 1.0231
Epoch 27/100, Batch 1210/2746, Loss: 0.9355
Epoch 27/100, Batch 1220/2746, Loss: 1.0061
Epoch 27/100, Batch 1230/2746, Loss: 1.0054
Epoch 27/100, Batch 1240/2746, Loss: 1.0075
Epoch 27/100, Batch 1250/2746, Loss: 1.0980
Epoch 27/100, Batch 1260/2746, Loss: 1.0669
Epoch 27/100, Batch 1270/2746, Loss: 1.0247
Epoch 27/100, Batch 1280/2746, Loss: 1.0174
Epoch 27/100, Batch 1290/2746, Loss: 1.0262
Epoch 27/100, Batch 1300/2746, Loss: 1.0276
Epoch 27/100, Batch 1310/2746, Loss: 1.1274
Epoch 27/100, Batch 1320/2746, Loss: 1.0394
Epoch 27/100, Batch 1330/2746, Loss: 0.9652
Epoch 27/100, Batch 1340/2746, Loss: 1.0801
Epoch 27/100, Batch 1350/2746, Loss: 1.0485
Epoch 27/100, Batch 1360/2746, Loss: 1.0292
Epoch 27/100, Batch 1370/2746, Loss: 1.0714
Epoch 27/100, Batch 1380/2746, Loss: 0.9835
Epoch 27/100, Batch 1390/2746, Loss: 0.9681
Epoch 27/100, Batch 1400/2746, Loss: 1.0072
Epoch 27/100, Batch 1410/2746, Loss: 1.1202
Epoch 27/100, Batch 1420/2746, Loss: 1.0599
Epoch 27/100, Batch 1430/2746, Loss: 1.0608
Epoch 27/100, Batch 1440/2746, Loss: 1.0329
Epoch 27/100, Batch 1450/2746, Loss: 1.0134
Epoch 27/100, Batch 1460/2746, Loss: 0.9660
Epoch 27/100, Batch 1470/2746, Loss: 1.0195
Epoch 27/100, Batch 1480/2746, Loss: 1.0904
Epoch 27/100, Batch 1490/2746, Loss: 1.0862
Epoch 27/100, Batch 1500/2746, Loss: 1.0335
Epoch 27/100, Batch 1510/2746, Loss: 1.0661
Epoch 27/100, Batch 1520/2746, Loss: 1.0024
Epoch 27/100, Batch 1530/2746, Loss: 1.0155
Epoch 27/100, Batch 1540/2746, Loss: 1.0563
Epoch 27/100, Batch 1550/2746, Loss: 1.0536
Epoch 27/100, Batch 1560/2746, Loss: 1.0000
Epoch 27/100, Batch 1570/2746, Loss: 1.0639
Epoch 27/100, Batch 1580/2746, Loss: 1.0543
Epoch 27/100, Batch 1590/2746, Loss: 1.1038
Epoch 27/100, Batch 1600/2746, Loss: 1.0468
Epoch 27/100, Batch 1610/2746, Loss: 1.0697
Epoch 27/100, Batch 1620/2746, Loss: 1.0457
Epoch 27/100, Batch 1630/2746, Loss: 1.0408
Epoch 27/100, Batch 1640/2746, Loss: 1.0518
Epoch 27/100, Batch 1650/2746, Loss: 1.2007
Epoch 27/100, Batch 1660/2746, Loss: 1.0315
Epoch 27/100, Batch 1670/2746, Loss: 1.0404
Epoch 27/100, Batch 1680/2746, Loss: 1.0848
Epoch 27/100, Batch 1690/2746, Loss: 0.9902
Epoch 27/100, Batch 1700/2746, Loss: 1.0590
Epoch 27/100, Batch 1710/2746, Loss: 1.1210
Epoch 27/100, Batch 1720/2746, Loss: 1.1025
Epoch 27/100, Batch 1730/2746, Loss: 1.0117
Epoch 27/100, Batch 1740/2746, Loss: 1.0372
Epoch 27/100, Batch 1750/2746, Loss: 1.0145
Epoch 27/100, Batch 1760/2746, Loss: 1.0234
Epoch 27/100, Batch 1770/2746, Loss: 1.0027
Epoch 27/100, Batch 1780/2746, Loss: 1.0511
Epoch 27/100, Batch 1790/2746, Loss: 0.9759
Epoch 27/100, Batch 1800/2746, Loss: 1.0005
Epoch 27/100, Batch 1810/2746, Loss: 1.0307
Epoch 27/100, Batch 1820/2746, Loss: 1.0837
Epoch 27/100, Batch 1830/2746, Loss: 1.0578
Epoch 27/100, Batch 1840/2746, Loss: 1.0224
Epoch 27/100, Batch 1850/2746, Loss: 1.0218
Epoch 27/100, Batch 1860/2746, Loss: 1.0533
Epoch 27/100, Batch 1870/2746, Loss: 1.0245
Epoch 27/100, Batch 1880/2746, Loss: 1.0724
Epoch 27/100, Batch 1890/2746, Loss: 1.0851
Epoch 27/100, Batch 1900/2746, Loss: 1.1010
Epoch 27/100, Batch 1910/2746, Loss: 1.0801
Epoch 27/100, Batch 1920/2746, Loss: 1.0262
Epoch 27/100, Batch 1930/2746, Loss: 0.9848
Epoch 27/100, Batch 1940/2746, Loss: 0.9657
Epoch 27/100, Batch 1950/2746, Loss: 1.0947
Epoch 27/100, Batch 1960/2746, Loss: 1.0624
Epoch 27/100, Batch 1970/2746, Loss: 1.0378
Epoch 27/100, Batch 1980/2746, Loss: 1.0365
Epoch 27/100, Batch 1990/2746, Loss: 1.0454
Epoch 27/100, Batch 2000/2746, Loss: 1.0667
Epoch 27/100, Batch 2010/2746, Loss: 1.0775
Epoch 27/100, Batch 2020/2746, Loss: 0.9698
Epoch 27/100, Batch 2030/2746, Loss: 1.0329
Epoch 27/100, Batch 2040/2746, Loss: 1.0363
Epoch 27/100, Batch 2050/2746, Loss: 0.9760
Epoch 27/100, Batch 2060/2746, Loss: 0.9932
Epoch 27/100, Batch 2070/2746, Loss: 0.9860
Epoch 27/100, Batch 2080/2746, Loss: 0.9596
Epoch 27/100, Batch 2090/2746, Loss: 1.0009
Epoch 27/100, Batch 2100/2746, Loss: 1.0757
Epoch 27/100, Batch 2110/2746, Loss: 1.0660
Epoch 27/100, Batch 2120/2746, Loss: 0.9680
Epoch 27/100, Batch 2130/2746, Loss: 1.0559
Epoch 27/100, Batch 2140/2746, Loss: 1.0634
Epoch 27/100, Batch 2150/2746, Loss: 0.9808
Epoch 27/100, Batch 2160/2746, Loss: 0.9497
Epoch 27/100, Batch 2170/2746, Loss: 0.9804
Epoch 27/100, Batch 2180/2746, Loss: 0.9861
Epoch 27/100, Batch 2190/2746, Loss: 1.0543
Epoch 27/100, Batch 2200/2746, Loss: 1.0866
Epoch 27/100, Batch 2210/2746, Loss: 1.0017
Epoch 27/100, Batch 2220/2746, Loss: 1.0450
Epoch 27/100, Batch 2230/2746, Loss: 1.0514
Epoch 27/100, Batch 2240/2746, Loss: 1.0756
Epoch 27/100, Batch 2250/2746, Loss: 1.0410
Epoch 27/100, Batch 2260/2746, Loss: 1.1779
Epoch 27/100, Batch 2270/2746, Loss: 1.0364
Epoch 27/100, Batch 2280/2746, Loss: 1.0314
Epoch 27/100, Batch 2290/2746, Loss: 1.0068
Epoch 27/100, Batch 2300/2746, Loss: 1.0319
Epoch 27/100, Batch 2310/2746, Loss: 1.0441
Epoch 27/100, Batch 2320/2746, Loss: 1.0450
Epoch 27/100, Batch 2330/2746, Loss: 1.0660
Epoch 27/100, Batch 2340/2746, Loss: 1.0702
Epoch 27/100, Batch 2350/2746, Loss: 1.1495
Epoch 27/100, Batch 2360/2746, Loss: 1.0678
Epoch 27/100, Batch 2370/2746, Loss: 1.1123
Epoch 27/100, Batch 2380/2746, Loss: 0.9728
Epoch 27/100, Batch 2390/2746, Loss: 1.0446
Epoch 27/100, Batch 2400/2746, Loss: 1.0078
Epoch 27/100, Batch 2410/2746, Loss: 1.0678
Epoch 27/100, Batch 2420/2746, Loss: 1.0674
Epoch 27/100, Batch 2430/2746, Loss: 1.0657
Epoch 27/100, Batch 2440/2746, Loss: 1.0625
Epoch 27/100, Batch 2450/2746, Loss: 1.0122
Epoch 27/100, Batch 2460/2746, Loss: 0.9795
Epoch 27/100, Batch 2470/2746, Loss: 1.0100
Epoch 27/100, Batch 2480/2746, Loss: 1.0012
Epoch 27/100, Batch 2490/2746, Loss: 1.0515
Epoch 27/100, Batch 2500/2746, Loss: 1.1218
Epoch 27/100, Batch 2510/2746, Loss: 1.0589
Epoch 27/100, Batch 2520/2746, Loss: 1.0589
Epoch 27/100, Batch 2530/2746, Loss: 1.3093
Epoch 27/100, Batch 2540/2746, Loss: 1.0476
Epoch 27/100, Batch 2550/2746, Loss: 1.0154
Epoch 27/100, Batch 2560/2746, Loss: 1.0479
Epoch 27/100, Batch 2570/2746, Loss: 1.0652
Epoch 27/100, Batch 2580/2746, Loss: 1.0722
Epoch 27/100, Batch 2590/2746, Loss: 0.9880
Epoch 27/100, Batch 2600/2746, Loss: 1.0458
Epoch 27/100, Batch 2610/2746, Loss: 1.0863
Epoch 27/100, Batch 2620/2746, Loss: 1.0693
Epoch 27/100, Batch 2630/2746, Loss: 1.0064
Epoch 27/100, Batch 2640/2746, Loss: 1.0315
Epoch 27/100, Batch 2650/2746, Loss: 1.0016
Epoch 27/100, Batch 2660/2746, Loss: 1.0728
Epoch 27/100, Batch 2670/2746, Loss: 1.0549
Epoch 27/100, Batch 2680/2746, Loss: 1.0830
Epoch 27/100, Batch 2690/2746, Loss: 1.0907
Epoch 27/100, Batch 2700/2746, Loss: 1.0131
Epoch 27/100, Batch 2710/2746, Loss: 1.0939
Epoch 27/100, Batch 2720/2746, Loss: 1.0218
Epoch 27/100, Batch 2730/2746, Loss: 1.0777
Epoch 27/100, Batch 2740/2746, Loss: 1.0510
New best model with validation loss: 0.9246, perplexity: 2.52
Epoch 27/100, Loss: 1.0449, Perplexity: 2.84, Val Loss: 0.9246, Val Perplexity: 2.52, Time: 3668.91s
Epoch 28/100, Batch 10/2746, Loss: 1.0319
Epoch 28/100, Batch 20/2746, Loss: 1.0453
Epoch 28/100, Batch 30/2746, Loss: 1.0410
Epoch 28/100, Batch 40/2746, Loss: 0.9720
Epoch 28/100, Batch 50/2746, Loss: 1.0957
Epoch 28/100, Batch 60/2746, Loss: 1.0130
Epoch 28/100, Batch 70/2746, Loss: 1.0275
Epoch 28/100, Batch 80/2746, Loss: 1.0480
Epoch 28/100, Batch 90/2746, Loss: 1.0309
Epoch 28/100, Batch 100/2746, Loss: 1.0012
Epoch 28/100, Batch 110/2746, Loss: 1.1472
Epoch 28/100, Batch 120/2746, Loss: 1.0012
Epoch 28/100, Batch 130/2746, Loss: 1.0655
Epoch 28/100, Batch 140/2746, Loss: 1.0092
Epoch 28/100, Batch 150/2746, Loss: 0.9479
Epoch 28/100, Batch 160/2746, Loss: 1.0245
Epoch 28/100, Batch 170/2746, Loss: 1.0842
Epoch 28/100, Batch 180/2746, Loss: 1.0900
Epoch 28/100, Batch 190/2746, Loss: 1.0893
Epoch 28/100, Batch 200/2746, Loss: 1.1176
Epoch 28/100, Batch 210/2746, Loss: 1.0502
Epoch 28/100, Batch 220/2746, Loss: 1.0441
Epoch 28/100, Batch 230/2746, Loss: 1.0786
Epoch 28/100, Batch 240/2746, Loss: 1.1048
Epoch 28/100, Batch 250/2746, Loss: 1.1525
Epoch 28/100, Batch 260/2746, Loss: 1.0855
Epoch 28/100, Batch 270/2746, Loss: 1.0780
Epoch 28/100, Batch 280/2746, Loss: 1.0608
Epoch 28/100, Batch 290/2746, Loss: 1.0063
Epoch 28/100, Batch 300/2746, Loss: 1.0731
Epoch 28/100, Batch 310/2746, Loss: 1.0598
Epoch 28/100, Batch 320/2746, Loss: 1.0412
Epoch 28/100, Batch 330/2746, Loss: 1.0601
Epoch 28/100, Batch 340/2746, Loss: 1.0413
Epoch 28/100, Batch 350/2746, Loss: 0.9596
Epoch 28/100, Batch 360/2746, Loss: 1.0865
Epoch 28/100, Batch 370/2746, Loss: 1.0591
Epoch 28/100, Batch 380/2746, Loss: 0.9754
Epoch 28/100, Batch 390/2746, Loss: 1.0655
Epoch 28/100, Batch 400/2746, Loss: 1.1315
Epoch 28/100, Batch 410/2746, Loss: 1.0096
Epoch 28/100, Batch 420/2746, Loss: 0.9905
Epoch 28/100, Batch 430/2746, Loss: 1.0604
Epoch 28/100, Batch 440/2746, Loss: 1.0415
Epoch 28/100, Batch 450/2746, Loss: 1.0440
Epoch 28/100, Batch 460/2746, Loss: 1.0762
Epoch 28/100, Batch 470/2746, Loss: 1.1242
Epoch 28/100, Batch 480/2746, Loss: 1.0385
Epoch 28/100, Batch 490/2746, Loss: 1.0563
Epoch 28/100, Batch 500/2746, Loss: 1.1001
Epoch 28/100, Batch 510/2746, Loss: 0.9857
Epoch 28/100, Batch 520/2746, Loss: 1.0272
Epoch 28/100, Batch 530/2746, Loss: 1.1002
Epoch 28/100, Batch 540/2746, Loss: 1.0860
Epoch 28/100, Batch 550/2746, Loss: 1.1397
Epoch 28/100, Batch 560/2746, Loss: 0.9779
Epoch 28/100, Batch 570/2746, Loss: 1.0109
Epoch 28/100, Batch 580/2746, Loss: 0.9694
Epoch 28/100, Batch 590/2746, Loss: 0.9692
Epoch 28/100, Batch 600/2746, Loss: 1.0456
Epoch 28/100, Batch 610/2746, Loss: 1.0888
Epoch 28/100, Batch 620/2746, Loss: 1.0419
Epoch 28/100, Batch 630/2746, Loss: 1.0529
Epoch 28/100, Batch 640/2746, Loss: 1.0502
Epoch 28/100, Batch 650/2746, Loss: 1.0794
Epoch 28/100, Batch 660/2746, Loss: 1.0038
Epoch 28/100, Batch 670/2746, Loss: 1.0690
Epoch 28/100, Batch 680/2746, Loss: 1.0940
Epoch 28/100, Batch 690/2746, Loss: 1.0589
Epoch 28/100, Batch 700/2746, Loss: 0.9992
Epoch 28/100, Batch 710/2746, Loss: 0.9538
Epoch 28/100, Batch 720/2746, Loss: 1.0160
Epoch 28/100, Batch 730/2746, Loss: 1.0437
Epoch 28/100, Batch 740/2746, Loss: 1.0060
Epoch 28/100, Batch 750/2746, Loss: 0.9717
Epoch 28/100, Batch 760/2746, Loss: 0.9946
Epoch 28/100, Batch 770/2746, Loss: 0.9851
Epoch 28/100, Batch 780/2746, Loss: 1.0092
Epoch 28/100, Batch 790/2746, Loss: 1.0796
Epoch 28/100, Batch 800/2746, Loss: 1.0583
Epoch 28/100, Batch 810/2746, Loss: 1.0037
Epoch 28/100, Batch 820/2746, Loss: 1.0083
Epoch 28/100, Batch 830/2746, Loss: 1.0023
Epoch 28/100, Batch 840/2746, Loss: 1.0253
Epoch 28/100, Batch 850/2746, Loss: 0.9796
Epoch 28/100, Batch 860/2746, Loss: 0.9897
Epoch 28/100, Batch 870/2746, Loss: 1.0458
Epoch 28/100, Batch 880/2746, Loss: 1.0070
Epoch 28/100, Batch 890/2746, Loss: 1.0844
Epoch 28/100, Batch 900/2746, Loss: 1.0136
Epoch 28/100, Batch 910/2746, Loss: 1.0199
Epoch 28/100, Batch 920/2746, Loss: 1.0134
Epoch 28/100, Batch 930/2746, Loss: 1.0316
Epoch 28/100, Batch 940/2746, Loss: 0.9831
Epoch 28/100, Batch 950/2746, Loss: 1.1261
Epoch 28/100, Batch 960/2746, Loss: 1.0681
Epoch 28/100, Batch 970/2746, Loss: 1.1296
Epoch 28/100, Batch 980/2746, Loss: 1.0267
Epoch 28/100, Batch 990/2746, Loss: 1.0639
Epoch 28/100, Batch 1000/2746, Loss: 1.0905
Epoch 28/100, Batch 1010/2746, Loss: 1.1102
Epoch 28/100, Batch 1020/2746, Loss: 1.0371
Epoch 28/100, Batch 1030/2746, Loss: 0.9890
Epoch 28/100, Batch 1040/2746, Loss: 1.0053
Epoch 28/100, Batch 1050/2746, Loss: 0.9900
Epoch 28/100, Batch 1060/2746, Loss: 1.0444
Epoch 28/100, Batch 1070/2746, Loss: 0.9715
Epoch 28/100, Batch 1080/2746, Loss: 0.9843
Epoch 28/100, Batch 1090/2746, Loss: 0.9588
Epoch 28/100, Batch 1100/2746, Loss: 1.0138
Epoch 28/100, Batch 1110/2746, Loss: 1.0102
Epoch 28/100, Batch 1120/2746, Loss: 1.1395
Epoch 28/100, Batch 1130/2746, Loss: 1.0239
Epoch 28/100, Batch 1140/2746, Loss: 0.9991
Epoch 28/100, Batch 1150/2746, Loss: 1.0325
Epoch 28/100, Batch 1160/2746, Loss: 0.9633
Epoch 28/100, Batch 1170/2746, Loss: 1.0904
Epoch 28/100, Batch 1180/2746, Loss: 1.0701
Epoch 28/100, Batch 1190/2746, Loss: 1.0538
Epoch 28/100, Batch 1200/2746, Loss: 1.0331
Epoch 28/100, Batch 1210/2746, Loss: 0.9522
Epoch 28/100, Batch 1220/2746, Loss: 0.9986
Epoch 28/100, Batch 1230/2746, Loss: 1.0014
Epoch 28/100, Batch 1240/2746, Loss: 1.1081
Epoch 28/100, Batch 1250/2746, Loss: 1.0547
Epoch 28/100, Batch 1260/2746, Loss: 1.0826
Epoch 28/100, Batch 1270/2746, Loss: 1.0527
Epoch 28/100, Batch 1280/2746, Loss: 1.0318
Epoch 28/100, Batch 1290/2746, Loss: 1.0252
Epoch 28/100, Batch 1300/2746, Loss: 1.0735
Epoch 28/100, Batch 1310/2746, Loss: 1.0795
Epoch 28/100, Batch 1320/2746, Loss: 1.0183
Epoch 28/100, Batch 1330/2746, Loss: 0.9418
Epoch 28/100, Batch 1340/2746, Loss: 1.0353
Epoch 28/100, Batch 1350/2746, Loss: 1.0504
Epoch 28/100, Batch 1360/2746, Loss: 1.0250
Epoch 28/100, Batch 1370/2746, Loss: 1.0660
Epoch 28/100, Batch 1380/2746, Loss: 0.9777
Epoch 28/100, Batch 1390/2746, Loss: 0.9575
Epoch 28/100, Batch 1400/2746, Loss: 1.0349
Epoch 28/100, Batch 1410/2746, Loss: 1.0904
Epoch 28/100, Batch 1420/2746, Loss: 1.0918
Epoch 28/100, Batch 1430/2746, Loss: 1.0237
Epoch 28/100, Batch 1440/2746, Loss: 1.0984
Epoch 28/100, Batch 1450/2746, Loss: 1.0129
Epoch 28/100, Batch 1460/2746, Loss: 0.9568
Epoch 28/100, Batch 1470/2746, Loss: 1.0280
Epoch 28/100, Batch 1480/2746, Loss: 1.0271
Epoch 28/100, Batch 1490/2746, Loss: 1.0663
Epoch 28/100, Batch 1500/2746, Loss: 1.0567
Epoch 28/100, Batch 1510/2746, Loss: 1.0202
Epoch 28/100, Batch 1520/2746, Loss: 1.0010
Epoch 28/100, Batch 1530/2746, Loss: 1.0074
Epoch 28/100, Batch 1540/2746, Loss: 1.0523
Epoch 28/100, Batch 1550/2746, Loss: 1.0395
Epoch 28/100, Batch 1560/2746, Loss: 0.9790
Epoch 28/100, Batch 1570/2746, Loss: 1.0835
Epoch 28/100, Batch 1580/2746, Loss: 1.0490
Epoch 28/100, Batch 1590/2746, Loss: 1.0527
Epoch 28/100, Batch 1600/2746, Loss: 1.1097
Epoch 28/100, Batch 1610/2746, Loss: 1.0388
Epoch 28/100, Batch 1620/2746, Loss: 1.0355
Epoch 28/100, Batch 1630/2746, Loss: 1.0307
Epoch 28/100, Batch 1640/2746, Loss: 1.0387
Epoch 28/100, Batch 1650/2746, Loss: 1.0970
Epoch 28/100, Batch 1660/2746, Loss: 1.0197
Epoch 28/100, Batch 1670/2746, Loss: 1.0260
Epoch 28/100, Batch 1680/2746, Loss: 1.1947
Epoch 28/100, Batch 1690/2746, Loss: 1.0160
Epoch 28/100, Batch 1700/2746, Loss: 1.0818
Epoch 28/100, Batch 1710/2746, Loss: 1.0968
Epoch 28/100, Batch 1720/2746, Loss: 1.0523
Epoch 28/100, Batch 1730/2746, Loss: 0.9912
Epoch 28/100, Batch 1740/2746, Loss: 1.0746
Epoch 28/100, Batch 1750/2746, Loss: 0.9957
Epoch 28/100, Batch 1760/2746, Loss: 1.0218
Epoch 28/100, Batch 1770/2746, Loss: 1.0085
Epoch 28/100, Batch 1780/2746, Loss: 1.0690
Epoch 28/100, Batch 1790/2746, Loss: 1.0096
Epoch 28/100, Batch 1800/2746, Loss: 1.0024
Epoch 28/100, Batch 1810/2746, Loss: 0.9990
Epoch 28/100, Batch 1820/2746, Loss: 1.0729
Epoch 28/100, Batch 1830/2746, Loss: 1.0284
Epoch 28/100, Batch 1840/2746, Loss: 1.0219
Epoch 28/100, Batch 1850/2746, Loss: 1.0142
Epoch 28/100, Batch 1860/2746, Loss: 1.0972
Epoch 28/100, Batch 1870/2746, Loss: 1.0209
Epoch 28/100, Batch 1880/2746, Loss: 1.0672
Epoch 28/100, Batch 1890/2746, Loss: 1.0461
Epoch 28/100, Batch 1900/2746, Loss: 1.1324
Epoch 28/100, Batch 1910/2746, Loss: 1.0332
Epoch 28/100, Batch 1920/2746, Loss: 1.0561
Epoch 28/100, Batch 1930/2746, Loss: 1.1713
Epoch 28/100, Batch 1940/2746, Loss: 0.9449
Epoch 28/100, Batch 1950/2746, Loss: 1.0521
Epoch 28/100, Batch 1960/2746, Loss: 1.0229
Epoch 28/100, Batch 1970/2746, Loss: 1.0285
Epoch 28/100, Batch 1980/2746, Loss: 1.0265
Epoch 28/100, Batch 1990/2746, Loss: 1.0370
Epoch 28/100, Batch 2000/2746, Loss: 1.0263
Epoch 28/100, Batch 2010/2746, Loss: 1.0713
Epoch 28/100, Batch 2020/2746, Loss: 1.0000
Epoch 28/100, Batch 2030/2746, Loss: 1.0230
Epoch 28/100, Batch 2040/2746, Loss: 0.9896
Epoch 28/100, Batch 2050/2746, Loss: 0.9805
Epoch 28/100, Batch 2060/2746, Loss: 0.9876
Epoch 28/100, Batch 2070/2746, Loss: 0.9929
Epoch 28/100, Batch 2080/2746, Loss: 0.9437
Epoch 28/100, Batch 2090/2746, Loss: 1.0110
Epoch 28/100, Batch 2100/2746, Loss: 1.0515
Epoch 28/100, Batch 2110/2746, Loss: 1.1084
Epoch 28/100, Batch 2120/2746, Loss: 0.9549
Epoch 28/100, Batch 2130/2746, Loss: 1.0956
Epoch 28/100, Batch 2140/2746, Loss: 1.0552
Epoch 28/100, Batch 2150/2746, Loss: 0.9853
Epoch 28/100, Batch 2160/2746, Loss: 0.9396
Epoch 28/100, Batch 2170/2746, Loss: 0.9757
Epoch 28/100, Batch 2180/2746, Loss: 0.9835
Epoch 28/100, Batch 2190/2746, Loss: 1.0621
Epoch 28/100, Batch 2200/2746, Loss: 1.0331
Epoch 28/100, Batch 2210/2746, Loss: 0.9812
Epoch 28/100, Batch 2220/2746, Loss: 1.0077
Epoch 28/100, Batch 2230/2746, Loss: 1.0145
Epoch 28/100, Batch 2240/2746, Loss: 1.0587
Epoch 28/100, Batch 2250/2746, Loss: 1.0316
Epoch 28/100, Batch 2260/2746, Loss: 1.1406
Epoch 28/100, Batch 2270/2746, Loss: 1.0839
Epoch 28/100, Batch 2280/2746, Loss: 1.0305
Epoch 28/100, Batch 2290/2746, Loss: 0.9779
Epoch 28/100, Batch 2300/2746, Loss: 1.0236
Epoch 28/100, Batch 2310/2746, Loss: 1.0079
Epoch 28/100, Batch 2320/2746, Loss: 1.0891
Epoch 28/100, Batch 2330/2746, Loss: 1.0518
Epoch 28/100, Batch 2340/2746, Loss: 1.0358
Epoch 28/100, Batch 2350/2746, Loss: 1.0557
Epoch 28/100, Batch 2360/2746, Loss: 1.0780
Epoch 28/100, Batch 2370/2746, Loss: 1.1162
Epoch 28/100, Batch 2380/2746, Loss: 0.9423
Epoch 28/100, Batch 2390/2746, Loss: 1.0491
Epoch 28/100, Batch 2400/2746, Loss: 1.0130
Epoch 28/100, Batch 2410/2746, Loss: 1.0503
Epoch 28/100, Batch 2420/2746, Loss: 1.0670
Epoch 28/100, Batch 2430/2746, Loss: 1.0730
Epoch 28/100, Batch 2440/2746, Loss: 1.0811
Epoch 28/100, Batch 2450/2746, Loss: 0.9990
Epoch 28/100, Batch 2460/2746, Loss: 0.9782
Epoch 28/100, Batch 2470/2746, Loss: 1.0351
Epoch 28/100, Batch 2480/2746, Loss: 0.9917
Epoch 28/100, Batch 2490/2746, Loss: 1.0403
Epoch 28/100, Batch 2500/2746, Loss: 1.0854
Epoch 28/100, Batch 2510/2746, Loss: 1.0785
Epoch 28/100, Batch 2520/2746, Loss: 1.0228
Epoch 28/100, Batch 2530/2746, Loss: 1.1151
Epoch 28/100, Batch 2540/2746, Loss: 1.0392
Epoch 28/100, Batch 2550/2746, Loss: 1.0048
Epoch 28/100, Batch 2560/2746, Loss: 1.0146
Epoch 28/100, Batch 2570/2746, Loss: 1.0479
Epoch 28/100, Batch 2580/2746, Loss: 1.0630
Epoch 28/100, Batch 2590/2746, Loss: 0.9820
Epoch 28/100, Batch 2600/2746, Loss: 1.1538
Epoch 28/100, Batch 2610/2746, Loss: 1.0466
Epoch 28/100, Batch 2620/2746, Loss: 1.0584
Epoch 28/100, Batch 2630/2746, Loss: 1.1053
Epoch 28/100, Batch 2640/2746, Loss: 1.0530
Epoch 28/100, Batch 2650/2746, Loss: 0.9716
Epoch 28/100, Batch 2660/2746, Loss: 1.0878
Epoch 28/100, Batch 2670/2746, Loss: 1.0555
Epoch 28/100, Batch 2680/2746, Loss: 1.0914
Epoch 28/100, Batch 2690/2746, Loss: 1.0419
Epoch 28/100, Batch 2700/2746, Loss: 0.9994
Epoch 28/100, Batch 2710/2746, Loss: 1.1539
Epoch 28/100, Batch 2720/2746, Loss: 1.0097
Epoch 28/100, Batch 2730/2746, Loss: 1.0735
Epoch 28/100, Batch 2740/2746, Loss: 1.0704
New best model with validation loss: 0.9214, perplexity: 2.51
Epoch 28/100, Loss: 1.0402, Perplexity: 2.83, Val Loss: 0.9214, Val Perplexity: 2.51, Time: 3658.84s
Epoch 29/100, Batch 10/2746, Loss: 1.0213
Epoch 29/100, Batch 20/2746, Loss: 1.0480
Epoch 29/100, Batch 30/2746, Loss: 0.9899
Epoch 29/100, Batch 40/2746, Loss: 0.9699
Epoch 29/100, Batch 50/2746, Loss: 1.0626
Epoch 29/100, Batch 60/2746, Loss: 1.0623
Epoch 29/100, Batch 70/2746, Loss: 1.0232
Epoch 29/100, Batch 80/2746, Loss: 1.0831
Epoch 29/100, Batch 90/2746, Loss: 1.0284
Epoch 29/100, Batch 100/2746, Loss: 1.0263
Epoch 29/100, Batch 110/2746, Loss: 1.1287
Epoch 29/100, Batch 120/2746, Loss: 1.0079
Epoch 29/100, Batch 130/2746, Loss: 1.0026
Epoch 29/100, Batch 140/2746, Loss: 1.0591
Epoch 29/100, Batch 150/2746, Loss: 0.9674
Epoch 29/100, Batch 160/2746, Loss: 1.0126
Epoch 29/100, Batch 170/2746, Loss: 1.0667
Epoch 29/100, Batch 180/2746, Loss: 1.0433
Epoch 29/100, Batch 190/2746, Loss: 1.0780
Epoch 29/100, Batch 200/2746, Loss: 1.1174
Epoch 29/100, Batch 210/2746, Loss: 1.0627
Epoch 29/100, Batch 220/2746, Loss: 1.0375
Epoch 29/100, Batch 230/2746, Loss: 1.0812
Epoch 29/100, Batch 240/2746, Loss: 1.1001
Epoch 29/100, Batch 250/2746, Loss: 1.1314
Epoch 29/100, Batch 260/2746, Loss: 1.0817
Epoch 29/100, Batch 270/2746, Loss: 1.0417
Epoch 29/100, Batch 280/2746, Loss: 1.0472
Epoch 29/100, Batch 290/2746, Loss: 0.9974
Epoch 29/100, Batch 300/2746, Loss: 1.1317
Epoch 29/100, Batch 310/2746, Loss: 1.0536
Epoch 29/100, Batch 320/2746, Loss: 1.0187
Epoch 29/100, Batch 330/2746, Loss: 1.0568
Epoch 29/100, Batch 340/2746, Loss: 1.0655
Epoch 29/100, Batch 350/2746, Loss: 0.9702
Epoch 29/100, Batch 360/2746, Loss: 1.0421
Epoch 29/100, Batch 370/2746, Loss: 1.0314
Epoch 29/100, Batch 380/2746, Loss: 0.9779
Epoch 29/100, Batch 390/2746, Loss: 1.0594
Epoch 29/100, Batch 400/2746, Loss: 1.0905
Epoch 29/100, Batch 410/2746, Loss: 0.9890
Epoch 29/100, Batch 420/2746, Loss: 0.9931
Epoch 29/100, Batch 430/2746, Loss: 1.0837
Epoch 29/100, Batch 440/2746, Loss: 1.0242
Epoch 29/100, Batch 450/2746, Loss: 1.0496
Epoch 29/100, Batch 460/2746, Loss: 1.0978
Epoch 29/100, Batch 470/2746, Loss: 1.0792
Epoch 29/100, Batch 480/2746, Loss: 1.0496
Epoch 29/100, Batch 490/2746, Loss: 1.0571
Epoch 29/100, Batch 500/2746, Loss: 1.0825
Epoch 29/100, Batch 510/2746, Loss: 1.0106
Epoch 29/100, Batch 520/2746, Loss: 1.0414
Epoch 29/100, Batch 530/2746, Loss: 1.0797
Epoch 29/100, Batch 540/2746, Loss: 1.0846
Epoch 29/100, Batch 550/2746, Loss: 1.0837
Epoch 29/100, Batch 560/2746, Loss: 0.9885
Epoch 29/100, Batch 570/2746, Loss: 1.0210
Epoch 29/100, Batch 580/2746, Loss: 0.9721
Epoch 29/100, Batch 590/2746, Loss: 0.9565
Epoch 29/100, Batch 600/2746, Loss: 0.9759
Epoch 29/100, Batch 610/2746, Loss: 1.0415
Epoch 29/100, Batch 620/2746, Loss: 1.0499
Epoch 29/100, Batch 630/2746, Loss: 1.0515
Epoch 29/100, Batch 640/2746, Loss: 1.0030
Epoch 29/100, Batch 650/2746, Loss: 1.0333
Epoch 29/100, Batch 660/2746, Loss: 0.9908
Epoch 29/100, Batch 670/2746, Loss: 1.0511
Epoch 29/100, Batch 680/2746, Loss: 1.0769
Epoch 29/100, Batch 690/2746, Loss: 1.0747
Epoch 29/100, Batch 700/2746, Loss: 0.9897
Epoch 29/100, Batch 710/2746, Loss: 0.9427
Epoch 29/100, Batch 720/2746, Loss: 1.0030
Epoch 29/100, Batch 730/2746, Loss: 1.0373
Epoch 29/100, Batch 740/2746, Loss: 0.9866
Epoch 29/100, Batch 750/2746, Loss: 0.9628
Epoch 29/100, Batch 760/2746, Loss: 0.9925
Epoch 29/100, Batch 770/2746, Loss: 0.9880
Epoch 29/100, Batch 780/2746, Loss: 1.0050
Epoch 29/100, Batch 790/2746, Loss: 1.0433
Epoch 29/100, Batch 800/2746, Loss: 1.0534
Epoch 29/100, Batch 810/2746, Loss: 0.9942
Epoch 29/100, Batch 820/2746, Loss: 1.0415
Epoch 29/100, Batch 830/2746, Loss: 1.0015
Epoch 29/100, Batch 840/2746, Loss: 1.0262
Epoch 29/100, Batch 850/2746, Loss: 0.9865
Epoch 29/100, Batch 860/2746, Loss: 0.9864
Epoch 29/100, Batch 870/2746, Loss: 1.0343
Epoch 29/100, Batch 880/2746, Loss: 1.0798
Epoch 29/100, Batch 890/2746, Loss: 1.0493
Epoch 29/100, Batch 900/2746, Loss: 0.9969
Epoch 29/100, Batch 910/2746, Loss: 0.9843
Epoch 29/100, Batch 920/2746, Loss: 1.0006
Epoch 29/100, Batch 930/2746, Loss: 1.0082
Epoch 29/100, Batch 940/2746, Loss: 0.9808
Epoch 29/100, Batch 950/2746, Loss: 1.1281
Epoch 29/100, Batch 960/2746, Loss: 1.0639
Epoch 29/100, Batch 970/2746, Loss: 1.0691
Epoch 29/100, Batch 980/2746, Loss: 1.0220
Epoch 29/100, Batch 990/2746, Loss: 1.1009
Epoch 29/100, Batch 1000/2746, Loss: 1.1069
Epoch 29/100, Batch 1010/2746, Loss: 1.0406
Epoch 29/100, Batch 1020/2746, Loss: 1.0274
Epoch 29/100, Batch 1030/2746, Loss: 0.9803
Epoch 29/100, Batch 1040/2746, Loss: 0.9950
Epoch 29/100, Batch 1050/2746, Loss: 0.9717
Epoch 29/100, Batch 1060/2746, Loss: 1.0641
Epoch 29/100, Batch 1070/2746, Loss: 0.9668
Epoch 29/100, Batch 1080/2746, Loss: 1.0115
Epoch 29/100, Batch 1090/2746, Loss: 0.9659
Epoch 29/100, Batch 1100/2746, Loss: 1.0230
Epoch 29/100, Batch 1110/2746, Loss: 0.9626
Epoch 29/100, Batch 1120/2746, Loss: 1.0880
Epoch 29/100, Batch 1130/2746, Loss: 1.0749
Epoch 29/100, Batch 1140/2746, Loss: 1.0002
Epoch 29/100, Batch 1150/2746, Loss: 1.0182
Epoch 29/100, Batch 1160/2746, Loss: 0.9481
Epoch 29/100, Batch 1170/2746, Loss: 0.9587
Epoch 29/100, Batch 1180/2746, Loss: 1.0576
Epoch 29/100, Batch 1190/2746, Loss: 1.0584
Epoch 29/100, Batch 1200/2746, Loss: 1.0457
Epoch 29/100, Batch 1210/2746, Loss: 0.9244
Epoch 29/100, Batch 1220/2746, Loss: 1.0020
Epoch 29/100, Batch 1230/2746, Loss: 0.9947
Epoch 29/100, Batch 1240/2746, Loss: 1.0052
Epoch 29/100, Batch 1250/2746, Loss: 1.0839
Epoch 29/100, Batch 1260/2746, Loss: 1.0544
Epoch 29/100, Batch 1270/2746, Loss: 1.0047
Epoch 29/100, Batch 1280/2746, Loss: 1.0027
Epoch 29/100, Batch 1290/2746, Loss: 1.0108
Epoch 29/100, Batch 1300/2746, Loss: 1.0309
Epoch 29/100, Batch 1310/2746, Loss: 1.0972
Epoch 29/100, Batch 1320/2746, Loss: 1.0397
Epoch 29/100, Batch 1330/2746, Loss: 0.9438
Epoch 29/100, Batch 1340/2746, Loss: 1.0262
Epoch 29/100, Batch 1350/2746, Loss: 1.0710
Epoch 29/100, Batch 1360/2746, Loss: 1.0329
Epoch 29/100, Batch 1370/2746, Loss: 1.0360
Epoch 29/100, Batch 1380/2746, Loss: 1.0082
Epoch 29/100, Batch 1390/2746, Loss: 0.9527
Epoch 29/100, Batch 1400/2746, Loss: 1.0069
Epoch 29/100, Batch 1410/2746, Loss: 1.0996
Epoch 29/100, Batch 1420/2746, Loss: 1.0585
Epoch 29/100, Batch 1430/2746, Loss: 1.0145
Epoch 29/100, Batch 1440/2746, Loss: 1.0078
Epoch 29/100, Batch 1450/2746, Loss: 1.1244
Epoch 29/100, Batch 1460/2746, Loss: 0.9612
Epoch 29/100, Batch 1470/2746, Loss: 1.0137
Epoch 29/100, Batch 1480/2746, Loss: 1.0503
Epoch 29/100, Batch 1490/2746, Loss: 1.0730
Epoch 29/100, Batch 1500/2746, Loss: 1.0105
Epoch 29/100, Batch 1510/2746, Loss: 1.0497
Epoch 29/100, Batch 1520/2746, Loss: 0.9948
Epoch 29/100, Batch 1530/2746, Loss: 1.0068
Epoch 29/100, Batch 1540/2746, Loss: 1.0419
Epoch 29/100, Batch 1550/2746, Loss: 1.0286
Epoch 29/100, Batch 1560/2746, Loss: 0.9849
Epoch 29/100, Batch 1570/2746, Loss: 1.0602
Epoch 29/100, Batch 1580/2746, Loss: 1.0402
Epoch 29/100, Batch 1590/2746, Loss: 1.0361
Epoch 29/100, Batch 1600/2746, Loss: 1.0360
Epoch 29/100, Batch 1610/2746, Loss: 1.0652
Epoch 29/100, Batch 1620/2746, Loss: 1.0596
Epoch 29/100, Batch 1630/2746, Loss: 1.0316
Epoch 29/100, Batch 1640/2746, Loss: 1.0382
Epoch 29/100, Batch 1650/2746, Loss: 1.0964
Epoch 29/100, Batch 1660/2746, Loss: 1.0607
Epoch 29/100, Batch 1670/2746, Loss: 1.0168
Epoch 29/100, Batch 1680/2746, Loss: 1.0465
Epoch 29/100, Batch 1690/2746, Loss: 0.9634
Epoch 29/100, Batch 1700/2746, Loss: 1.0507
Epoch 29/100, Batch 1710/2746, Loss: 1.0871
Epoch 29/100, Batch 1720/2746, Loss: 1.0895
Epoch 29/100, Batch 1730/2746, Loss: 0.9929
Epoch 29/100, Batch 1740/2746, Loss: 1.0273
Epoch 29/100, Batch 1750/2746, Loss: 1.0012
Epoch 29/100, Batch 1760/2746, Loss: 0.9935
Epoch 29/100, Batch 1770/2746, Loss: 0.9910
Epoch 29/100, Batch 1780/2746, Loss: 1.0513
Epoch 29/100, Batch 1790/2746, Loss: 0.9774
Epoch 29/100, Batch 1800/2746, Loss: 1.0029
Epoch 29/100, Batch 1810/2746, Loss: 0.9960
Epoch 29/100, Batch 1820/2746, Loss: 1.1140
Epoch 29/100, Batch 1830/2746, Loss: 1.0353
Epoch 29/100, Batch 1840/2746, Loss: 1.0099
Epoch 29/100, Batch 1850/2746, Loss: 1.0576
Epoch 29/100, Batch 1860/2746, Loss: 1.0689
Epoch 29/100, Batch 1870/2746, Loss: 1.0206
Epoch 29/100, Batch 1880/2746, Loss: 1.0616
Epoch 29/100, Batch 1890/2746, Loss: 1.0529
Epoch 29/100, Batch 1900/2746, Loss: 1.0517
Epoch 29/100, Batch 1910/2746, Loss: 1.0281
Epoch 29/100, Batch 1920/2746, Loss: 1.0409
Epoch 29/100, Batch 1930/2746, Loss: 0.9699
Epoch 29/100, Batch 1940/2746, Loss: 0.9436
Epoch 29/100, Batch 1950/2746, Loss: 1.0290
Epoch 29/100, Batch 1960/2746, Loss: 1.0270
Epoch 29/100, Batch 1970/2746, Loss: 1.1003
Epoch 29/100, Batch 1980/2746, Loss: 1.0606
Epoch 29/100, Batch 1990/2746, Loss: 1.0319
Epoch 29/100, Batch 2000/2746, Loss: 1.0368
Epoch 29/100, Batch 2010/2746, Loss: 1.1131
Epoch 29/100, Batch 2020/2746, Loss: 0.9897
Epoch 29/100, Batch 2030/2746, Loss: 1.0458
Epoch 29/100, Batch 2040/2746, Loss: 0.9887
Epoch 29/100, Batch 2050/2746, Loss: 0.9875
Epoch 29/100, Batch 2060/2746, Loss: 1.0288
Epoch 29/100, Batch 2070/2746, Loss: 0.9936
Epoch 29/100, Batch 2080/2746, Loss: 0.9916
Epoch 29/100, Batch 2090/2746, Loss: 1.0047
Epoch 29/100, Batch 2100/2746, Loss: 1.0423
Epoch 29/100, Batch 2110/2746, Loss: 1.0525
Epoch 29/100, Batch 2120/2746, Loss: 0.9517
Epoch 29/100, Batch 2130/2746, Loss: 1.0480
Epoch 29/100, Batch 2140/2746, Loss: 1.0572
Epoch 29/100, Batch 2150/2746, Loss: 0.9911
Epoch 29/100, Batch 2160/2746, Loss: 0.9912
Epoch 29/100, Batch 2170/2746, Loss: 0.9718
Epoch 29/100, Batch 2180/2746, Loss: 1.0075
Epoch 29/100, Batch 2190/2746, Loss: 1.0378
Epoch 29/100, Batch 2200/2746, Loss: 1.0369
Epoch 29/100, Batch 2210/2746, Loss: 0.9798
Epoch 29/100, Batch 2220/2746, Loss: 1.0025
Epoch 29/100, Batch 2230/2746, Loss: 1.0178
Epoch 29/100, Batch 2240/2746, Loss: 1.1161
Epoch 29/100, Batch 2250/2746, Loss: 1.0632
Epoch 29/100, Batch 2260/2746, Loss: 1.1106
Epoch 29/100, Batch 2270/2746, Loss: 1.0110
Epoch 29/100, Batch 2280/2746, Loss: 1.0240
Epoch 29/100, Batch 2290/2746, Loss: 0.9815
Epoch 29/100, Batch 2300/2746, Loss: 1.0505
Epoch 29/100, Batch 2310/2746, Loss: 1.0224
Epoch 29/100, Batch 2320/2746, Loss: 1.0256
Epoch 29/100, Batch 2330/2746, Loss: 1.0481
Epoch 29/100, Batch 2340/2746, Loss: 1.0269
Epoch 29/100, Batch 2350/2746, Loss: 1.0594
Epoch 29/100, Batch 2360/2746, Loss: 1.0574
Epoch 29/100, Batch 2370/2746, Loss: 1.1986
Epoch 29/100, Batch 2380/2746, Loss: 0.9294
Epoch 29/100, Batch 2390/2746, Loss: 1.0589
Epoch 29/100, Batch 2400/2746, Loss: 1.0319
Epoch 29/100, Batch 2410/2746, Loss: 1.0371
Epoch 29/100, Batch 2420/2746, Loss: 1.0615
Epoch 29/100, Batch 2430/2746, Loss: 1.0697
Epoch 29/100, Batch 2440/2746, Loss: 1.0506
Epoch 29/100, Batch 2450/2746, Loss: 0.9951
Epoch 29/100, Batch 2460/2746, Loss: 0.9669
Epoch 29/100, Batch 2470/2746, Loss: 1.0048
Epoch 29/100, Batch 2480/2746, Loss: 0.9895
Epoch 29/100, Batch 2490/2746, Loss: 1.0613
Epoch 29/100, Batch 2500/2746, Loss: 1.1214
Epoch 29/100, Batch 2510/2746, Loss: 1.0744
Epoch 29/100, Batch 2520/2746, Loss: 1.0565
Epoch 29/100, Batch 2530/2746, Loss: 1.0940
Epoch 29/100, Batch 2540/2746, Loss: 1.0302
Epoch 29/100, Batch 2550/2746, Loss: 1.0002
Epoch 29/100, Batch 2560/2746, Loss: 1.0265
Epoch 29/100, Batch 2570/2746, Loss: 1.0502
Epoch 29/100, Batch 2580/2746, Loss: 1.0394
Epoch 29/100, Batch 2590/2746, Loss: 0.9798
Epoch 29/100, Batch 2600/2746, Loss: 1.0478
Epoch 29/100, Batch 2610/2746, Loss: 1.0800
Epoch 29/100, Batch 2620/2746, Loss: 1.0550
Epoch 29/100, Batch 2630/2746, Loss: 0.9854
Epoch 29/100, Batch 2640/2746, Loss: 1.0145
Epoch 29/100, Batch 2650/2746, Loss: 0.9753
Epoch 29/100, Batch 2660/2746, Loss: 1.0643
Epoch 29/100, Batch 2670/2746, Loss: 1.0442
Epoch 29/100, Batch 2680/2746, Loss: 1.0655
Epoch 29/100, Batch 2690/2746, Loss: 1.0304
Epoch 29/100, Batch 2700/2746, Loss: 0.9917
Epoch 29/100, Batch 2710/2746, Loss: 1.0782
Epoch 29/100, Batch 2720/2746, Loss: 1.0527
Epoch 29/100, Batch 2730/2746, Loss: 1.0582
Epoch 29/100, Batch 2740/2746, Loss: 1.0396
New best model with validation loss: 0.9162, perplexity: 2.50
Epoch 29/100, Loss: 1.0330, Perplexity: 2.81, Val Loss: 0.9162, Val Perplexity: 2.50, Time: 3670.38s
Epoch 30/100, Batch 10/2746, Loss: 1.0142
Epoch 30/100, Batch 20/2746, Loss: 1.0350
Epoch 30/100, Batch 30/2746, Loss: 0.9875
Epoch 30/100, Batch 40/2746, Loss: 0.9611
Epoch 30/100, Batch 50/2746, Loss: 1.0746
Epoch 30/100, Batch 60/2746, Loss: 1.0082
Epoch 30/100, Batch 70/2746, Loss: 1.0485
Epoch 30/100, Batch 80/2746, Loss: 1.0639
Epoch 30/100, Batch 90/2746, Loss: 1.0168
Epoch 30/100, Batch 100/2746, Loss: 1.0011
Epoch 30/100, Batch 110/2746, Loss: 1.1498
Epoch 30/100, Batch 120/2746, Loss: 0.9929
Epoch 30/100, Batch 130/2746, Loss: 1.0065
Epoch 30/100, Batch 140/2746, Loss: 1.0266
Epoch 30/100, Batch 150/2746, Loss: 0.9383
Epoch 30/100, Batch 160/2746, Loss: 1.0115
Epoch 30/100, Batch 170/2746, Loss: 1.1574
Epoch 30/100, Batch 180/2746, Loss: 1.0467
Epoch 30/100, Batch 190/2746, Loss: 1.0652
Epoch 30/100, Batch 200/2746, Loss: 1.1120
Epoch 30/100, Batch 210/2746, Loss: 1.0383
Epoch 30/100, Batch 220/2746, Loss: 1.0464
Epoch 30/100, Batch 230/2746, Loss: 1.0702
Epoch 30/100, Batch 240/2746, Loss: 1.1369
Epoch 30/100, Batch 250/2746, Loss: 1.1188
Epoch 30/100, Batch 260/2746, Loss: 1.0750
Epoch 30/100, Batch 270/2746, Loss: 1.0478
Epoch 30/100, Batch 280/2746, Loss: 1.0752
Epoch 30/100, Batch 290/2746, Loss: 0.9885
Epoch 30/100, Batch 300/2746, Loss: 1.0754
Epoch 30/100, Batch 310/2746, Loss: 1.0149
Epoch 30/100, Batch 320/2746, Loss: 1.0136
Epoch 30/100, Batch 330/2746, Loss: 1.0699
Epoch 30/100, Batch 340/2746, Loss: 1.0333
Epoch 30/100, Batch 350/2746, Loss: 0.9936
Epoch 30/100, Batch 360/2746, Loss: 1.0847
Epoch 30/100, Batch 370/2746, Loss: 1.0246
Epoch 30/100, Batch 380/2746, Loss: 0.9611
Epoch 30/100, Batch 390/2746, Loss: 1.0768
Epoch 30/100, Batch 400/2746, Loss: 1.0969
Epoch 30/100, Batch 410/2746, Loss: 0.9924
Epoch 30/100, Batch 420/2746, Loss: 0.9903
Epoch 30/100, Batch 430/2746, Loss: 1.0636
Epoch 30/100, Batch 440/2746, Loss: 1.0660
Epoch 30/100, Batch 450/2746, Loss: 1.0071
Epoch 30/100, Batch 460/2746, Loss: 1.0627
Epoch 30/100, Batch 470/2746, Loss: 1.0727
Epoch 30/100, Batch 480/2746, Loss: 1.0266
Epoch 30/100, Batch 490/2746, Loss: 1.0748
Epoch 30/100, Batch 500/2746, Loss: 1.0812
Epoch 30/100, Batch 510/2746, Loss: 1.0131
Epoch 30/100, Batch 520/2746, Loss: 1.0209
Epoch 30/100, Batch 530/2746, Loss: 1.0742
Epoch 30/100, Batch 540/2746, Loss: 1.2004
Epoch 30/100, Batch 550/2746, Loss: 1.0596
Epoch 30/100, Batch 560/2746, Loss: 1.0049
Epoch 30/100, Batch 570/2746, Loss: 1.0048
Epoch 30/100, Batch 580/2746, Loss: 0.9836
Epoch 30/100, Batch 590/2746, Loss: 0.9523
Epoch 30/100, Batch 600/2746, Loss: 0.9704
Epoch 30/100, Batch 610/2746, Loss: 1.0407
Epoch 30/100, Batch 620/2746, Loss: 1.0706
Epoch 30/100, Batch 630/2746, Loss: 1.0524
Epoch 30/100, Batch 640/2746, Loss: 1.0346
Epoch 30/100, Batch 650/2746, Loss: 1.0330
Epoch 30/100, Batch 660/2746, Loss: 1.0067
Epoch 30/100, Batch 670/2746, Loss: 1.0088
Epoch 30/100, Batch 680/2746, Loss: 1.0730
Epoch 30/100, Batch 690/2746, Loss: 1.0396
Epoch 30/100, Batch 700/2746, Loss: 0.9945
Epoch 30/100, Batch 710/2746, Loss: 0.9436
Epoch 30/100, Batch 720/2746, Loss: 1.0053
Epoch 30/100, Batch 730/2746, Loss: 1.0257
Epoch 30/100, Batch 740/2746, Loss: 0.9846
Epoch 30/100, Batch 750/2746, Loss: 0.9634
Epoch 30/100, Batch 760/2746, Loss: 1.0003
Epoch 30/100, Batch 770/2746, Loss: 1.0299
Epoch 30/100, Batch 780/2746, Loss: 1.0070
Epoch 30/100, Batch 790/2746, Loss: 1.0408
Epoch 30/100, Batch 800/2746, Loss: 1.0650
Epoch 30/100, Batch 810/2746, Loss: 1.0202
Epoch 30/100, Batch 820/2746, Loss: 0.9959
Epoch 30/100, Batch 830/2746, Loss: 0.9944
Epoch 30/100, Batch 840/2746, Loss: 1.0193
Epoch 30/100, Batch 850/2746, Loss: 1.0076
Epoch 30/100, Batch 860/2746, Loss: 0.9817
Epoch 30/100, Batch 870/2746, Loss: 1.0219
Epoch 30/100, Batch 880/2746, Loss: 1.0621
Epoch 30/100, Batch 890/2746, Loss: 1.0355
Epoch 30/100, Batch 900/2746, Loss: 0.9930
Epoch 30/100, Batch 910/2746, Loss: 0.9790
Epoch 30/100, Batch 920/2746, Loss: 1.0015
Epoch 30/100, Batch 930/2746, Loss: 1.0003
Epoch 30/100, Batch 940/2746, Loss: 1.0053
Epoch 30/100, Batch 950/2746, Loss: 1.0659
Epoch 30/100, Batch 960/2746, Loss: 1.0565
Epoch 30/100, Batch 970/2746, Loss: 1.0705
Epoch 30/100, Batch 980/2746, Loss: 1.0701
Epoch 30/100, Batch 990/2746, Loss: 1.0598
Epoch 30/100, Batch 1000/2746, Loss: 1.0614
Epoch 30/100, Batch 1010/2746, Loss: 1.0634
Epoch 30/100, Batch 1020/2746, Loss: 1.0298
Epoch 30/100, Batch 1030/2746, Loss: 1.0193
Epoch 30/100, Batch 1040/2746, Loss: 1.0208
Epoch 30/100, Batch 1050/2746, Loss: 0.9706
Epoch 30/100, Batch 1060/2746, Loss: 1.0323
Epoch 30/100, Batch 1070/2746, Loss: 0.9578
Epoch 30/100, Batch 1080/2746, Loss: 0.9736
Epoch 30/100, Batch 1090/2746, Loss: 0.9767
Epoch 30/100, Batch 1100/2746, Loss: 0.9923
Epoch 30/100, Batch 1110/2746, Loss: 0.9676
Epoch 30/100, Batch 1120/2746, Loss: 1.1780
Epoch 30/100, Batch 1130/2746, Loss: 1.0157
Epoch 30/100, Batch 1140/2746, Loss: 1.0184
Epoch 30/100, Batch 1150/2746, Loss: 1.0367
Epoch 30/100, Batch 1160/2746, Loss: 0.9431
Epoch 30/100, Batch 1170/2746, Loss: 0.9517
Epoch 30/100, Batch 1180/2746, Loss: 1.0389
Epoch 30/100, Batch 1190/2746, Loss: 1.0345
Epoch 30/100, Batch 1200/2746, Loss: 1.0663
Epoch 30/100, Batch 1210/2746, Loss: 0.9315
Epoch 30/100, Batch 1220/2746, Loss: 0.9744
Epoch 30/100, Batch 1230/2746, Loss: 0.9904
Epoch 30/100, Batch 1240/2746, Loss: 0.9878
Epoch 30/100, Batch 1250/2746, Loss: 1.1142
Epoch 30/100, Batch 1260/2746, Loss: 1.0424
Epoch 30/100, Batch 1270/2746, Loss: 0.9991
Epoch 30/100, Batch 1280/2746, Loss: 0.9944
Epoch 30/100, Batch 1290/2746, Loss: 1.0059
Epoch 30/100, Batch 1300/2746, Loss: 1.0090
Epoch 30/100, Batch 1310/2746, Loss: 1.0615
Epoch 30/100, Batch 1320/2746, Loss: 1.0103
Epoch 30/100, Batch 1330/2746, Loss: 0.9690
Epoch 30/100, Batch 1340/2746, Loss: 1.0247
Epoch 30/100, Batch 1350/2746, Loss: 1.1803
Epoch 30/100, Batch 1360/2746, Loss: 1.0207
Epoch 30/100, Batch 1370/2746, Loss: 1.0465
Epoch 30/100, Batch 1380/2746, Loss: 0.9866
Epoch 30/100, Batch 1390/2746, Loss: 0.9491
Epoch 30/100, Batch 1400/2746, Loss: 0.9947
Epoch 30/100, Batch 1410/2746, Loss: 1.1112
Epoch 30/100, Batch 1420/2746, Loss: 1.0602
Epoch 30/100, Batch 1430/2746, Loss: 1.0599
Epoch 30/100, Batch 1440/2746, Loss: 1.0076
Epoch 30/100, Batch 1450/2746, Loss: 0.9907
Epoch 30/100, Batch 1460/2746, Loss: 0.9468
Epoch 30/100, Batch 1470/2746, Loss: 1.0207
Epoch 30/100, Batch 1480/2746, Loss: 1.0162
Epoch 30/100, Batch 1490/2746, Loss: 1.0607
Epoch 30/100, Batch 1500/2746, Loss: 1.0400
Epoch 30/100, Batch 1510/2746, Loss: 1.0580
Epoch 30/100, Batch 1520/2746, Loss: 0.9979
Epoch 30/100, Batch 1530/2746, Loss: 1.0147
Epoch 30/100, Batch 1540/2746, Loss: 1.0338
Epoch 30/100, Batch 1550/2746, Loss: 1.0261
Epoch 30/100, Batch 1560/2746, Loss: 0.9710
Epoch 30/100, Batch 1570/2746, Loss: 1.0587
Epoch 30/100, Batch 1580/2746, Loss: 1.0363
Epoch 30/100, Batch 1590/2746, Loss: 1.0379
Epoch 30/100, Batch 1600/2746, Loss: 1.0310
Epoch 30/100, Batch 1610/2746, Loss: 1.0224
Epoch 30/100, Batch 1620/2746, Loss: 1.0670
Epoch 30/100, Batch 1630/2746, Loss: 1.0276
Epoch 30/100, Batch 1640/2746, Loss: 1.0553
Epoch 30/100, Batch 1650/2746, Loss: 1.1124
Epoch 30/100, Batch 1660/2746, Loss: 1.0152
Epoch 30/100, Batch 1670/2746, Loss: 1.0512
Epoch 30/100, Batch 1680/2746, Loss: 1.0393
Epoch 30/100, Batch 1690/2746, Loss: 0.9614
Epoch 30/100, Batch 1700/2746, Loss: 1.0729
Epoch 30/100, Batch 1710/2746, Loss: 1.1168
Epoch 30/100, Batch 1720/2746, Loss: 1.1234
Epoch 30/100, Batch 1730/2746, Loss: 0.9866
Epoch 30/100, Batch 1740/2746, Loss: 1.0219
Epoch 30/100, Batch 1750/2746, Loss: 0.9866
Epoch 30/100, Batch 1760/2746, Loss: 0.9964
Epoch 30/100, Batch 1770/2746, Loss: 1.0107
Epoch 30/100, Batch 1780/2746, Loss: 1.0973
Epoch 30/100, Batch 1790/2746, Loss: 1.0022
Epoch 30/100, Batch 1800/2746, Loss: 1.0278
Epoch 30/100, Batch 1810/2746, Loss: 0.9864
Epoch 30/100, Batch 1820/2746, Loss: 1.0581
Epoch 30/100, Batch 1830/2746, Loss: 1.0169
Epoch 30/100, Batch 1840/2746, Loss: 1.0035
Epoch 30/100, Batch 1850/2746, Loss: 1.0408
Epoch 30/100, Batch 1860/2746, Loss: 1.0359
Epoch 30/100, Batch 1870/2746, Loss: 1.0167
Epoch 30/100, Batch 1880/2746, Loss: 1.0968
Epoch 30/100, Batch 1890/2746, Loss: 1.0705
Epoch 30/100, Batch 1900/2746, Loss: 1.0515
Epoch 30/100, Batch 1910/2746, Loss: 1.0240
Epoch 30/100, Batch 1920/2746, Loss: 1.0018
Epoch 30/100, Batch 1930/2746, Loss: 1.0011
Epoch 30/100, Batch 1940/2746, Loss: 0.9426
Epoch 30/100, Batch 1950/2746, Loss: 1.0358
Epoch 30/100, Batch 1960/2746, Loss: 1.0587
Epoch 30/100, Batch 1970/2746, Loss: 1.0257
Epoch 30/100, Batch 1980/2746, Loss: 1.0150
Epoch 30/100, Batch 1990/2746, Loss: 1.0250
Epoch 30/100, Batch 2000/2746, Loss: 1.0161
Epoch 30/100, Batch 2010/2746, Loss: 1.0745
Epoch 30/100, Batch 2020/2746, Loss: 0.9568
Epoch 30/100, Batch 2030/2746, Loss: 1.0168
Epoch 30/100, Batch 2040/2746, Loss: 0.9826
Epoch 30/100, Batch 2050/2746, Loss: 0.9739
Epoch 30/100, Batch 2060/2746, Loss: 0.9737
Epoch 30/100, Batch 2070/2746, Loss: 0.9655
Epoch 30/100, Batch 2080/2746, Loss: 0.9359
Epoch 30/100, Batch 2090/2746, Loss: 0.9957
Epoch 30/100, Batch 2100/2746, Loss: 1.0280
Epoch 30/100, Batch 2110/2746, Loss: 1.0440
Epoch 30/100, Batch 2120/2746, Loss: 0.9398
Epoch 30/100, Batch 2130/2746, Loss: 1.0569
Epoch 30/100, Batch 2140/2746, Loss: 1.0871
Epoch 30/100, Batch 2150/2746, Loss: 0.9622
Epoch 30/100, Batch 2160/2746, Loss: 0.9710
Epoch 30/100, Batch 2170/2746, Loss: 0.9616
Epoch 30/100, Batch 2180/2746, Loss: 0.9831
Epoch 30/100, Batch 2190/2746, Loss: 1.0420
Epoch 30/100, Batch 2200/2746, Loss: 1.0282
Epoch 30/100, Batch 2210/2746, Loss: 0.9945
Epoch 30/100, Batch 2220/2746, Loss: 0.9935
Epoch 30/100, Batch 2230/2746, Loss: 0.9975
Epoch 30/100, Batch 2240/2746, Loss: 1.0729
Epoch 30/100, Batch 2250/2746, Loss: 1.0219
Epoch 30/100, Batch 2260/2746, Loss: 1.0891
Epoch 30/100, Batch 2270/2746, Loss: 1.0220
Epoch 30/100, Batch 2280/2746, Loss: 1.0205
Epoch 30/100, Batch 2290/2746, Loss: 0.9837
Epoch 30/100, Batch 2300/2746, Loss: 1.0112
Epoch 30/100, Batch 2310/2746, Loss: 0.9917
Epoch 30/100, Batch 2320/2746, Loss: 1.0577
Epoch 30/100, Batch 2330/2746, Loss: 1.0371
Epoch 30/100, Batch 2340/2746, Loss: 1.0213
Epoch 30/100, Batch 2350/2746, Loss: 1.0965
Epoch 30/100, Batch 2360/2746, Loss: 1.0794
Epoch 30/100, Batch 2370/2746, Loss: 1.0710
Epoch 30/100, Batch 2380/2746, Loss: 0.9557
Epoch 30/100, Batch 2390/2746, Loss: 1.0210
Epoch 30/100, Batch 2400/2746, Loss: 1.0015
Epoch 30/100, Batch 2410/2746, Loss: 1.0332
Epoch 30/100, Batch 2420/2746, Loss: 1.0555
Epoch 30/100, Batch 2430/2746, Loss: 1.0549
Epoch 30/100, Batch 2440/2746, Loss: 1.0382
Epoch 30/100, Batch 2450/2746, Loss: 1.2165
Epoch 30/100, Batch 2460/2746, Loss: 0.9608
Epoch 30/100, Batch 2470/2746, Loss: 1.0127
Epoch 30/100, Batch 2480/2746, Loss: 0.9907
Epoch 30/100, Batch 2490/2746, Loss: 1.0262
Epoch 30/100, Batch 2500/2746, Loss: 1.0694
Epoch 30/100, Batch 2510/2746, Loss: 1.0396
Epoch 30/100, Batch 2520/2746, Loss: 1.0291
Epoch 30/100, Batch 2530/2746, Loss: 1.0755
Epoch 30/100, Batch 2540/2746, Loss: 1.0467
Epoch 30/100, Batch 2550/2746, Loss: 1.0003
Epoch 30/100, Batch 2560/2746, Loss: 1.0526
Epoch 30/100, Batch 2570/2746, Loss: 1.0357
Epoch 30/100, Batch 2580/2746, Loss: 1.0340
Epoch 30/100, Batch 2590/2746, Loss: 0.9975
Epoch 30/100, Batch 2600/2746, Loss: 1.0342
Epoch 30/100, Batch 2610/2746, Loss: 1.0331
Epoch 30/100, Batch 2620/2746, Loss: 1.0484
Epoch 30/100, Batch 2630/2746, Loss: 1.0207
Epoch 30/100, Batch 2640/2746, Loss: 1.0405
Epoch 30/100, Batch 2650/2746, Loss: 0.9772
Epoch 30/100, Batch 2660/2746, Loss: 1.0548
Epoch 30/100, Batch 2670/2746, Loss: 1.0400
Epoch 30/100, Batch 2680/2746, Loss: 1.0621
Epoch 30/100, Batch 2690/2746, Loss: 1.0289
Epoch 30/100, Batch 2700/2746, Loss: 1.0383
Epoch 30/100, Batch 2710/2746, Loss: 1.0597
Epoch 30/100, Batch 2720/2746, Loss: 1.0425
Epoch 30/100, Batch 2730/2746, Loss: 1.0330
Epoch 30/100, Batch 2740/2746, Loss: 1.0089
New best model with validation loss: 0.9126, perplexity: 2.49
Epoch 30/100, Loss: 1.0285, Perplexity: 2.80, Val Loss: 0.9126, Val Perplexity: 2.49, Time: 3662.22s
Epoch 31/100, Batch 10/2746, Loss: 1.0106
Epoch 31/100, Batch 20/2746, Loss: 1.0430
Epoch 31/100, Batch 30/2746, Loss: 1.0040
Epoch 31/100, Batch 40/2746, Loss: 1.0296
Epoch 31/100, Batch 50/2746, Loss: 1.0819
Epoch 31/100, Batch 60/2746, Loss: 1.0062
Epoch 31/100, Batch 70/2746, Loss: 1.0334
Epoch 31/100, Batch 80/2746, Loss: 1.0309
Epoch 31/100, Batch 90/2746, Loss: 1.0186
Epoch 31/100, Batch 100/2746, Loss: 1.0178
Epoch 31/100, Batch 110/2746, Loss: 1.1258
Epoch 31/100, Batch 120/2746, Loss: 0.9814
Epoch 31/100, Batch 130/2746, Loss: 1.0045
Epoch 31/100, Batch 140/2746, Loss: 0.9891
Epoch 31/100, Batch 150/2746, Loss: 0.9763
Epoch 31/100, Batch 160/2746, Loss: 1.0024
Epoch 31/100, Batch 170/2746, Loss: 1.0954
Epoch 31/100, Batch 180/2746, Loss: 1.0290
Epoch 31/100, Batch 190/2746, Loss: 1.0683
Epoch 31/100, Batch 200/2746, Loss: 1.0977
Epoch 31/100, Batch 210/2746, Loss: 1.0402
Epoch 31/100, Batch 220/2746, Loss: 1.0825
Epoch 31/100, Batch 230/2746, Loss: 1.0814
Epoch 31/100, Batch 240/2746, Loss: 1.1083
Epoch 31/100, Batch 250/2746, Loss: 1.0978
Epoch 31/100, Batch 260/2746, Loss: 1.0695
Epoch 31/100, Batch 270/2746, Loss: 1.0383
Epoch 31/100, Batch 280/2746, Loss: 1.0425
Epoch 31/100, Batch 290/2746, Loss: 0.9853
Epoch 31/100, Batch 300/2746, Loss: 1.0588
Epoch 31/100, Batch 310/2746, Loss: 1.0063
Epoch 31/100, Batch 320/2746, Loss: 1.0516
Epoch 31/100, Batch 330/2746, Loss: 1.0323
Epoch 31/100, Batch 340/2746, Loss: 1.0164
Epoch 31/100, Batch 350/2746, Loss: 0.9451
Epoch 31/100, Batch 360/2746, Loss: 1.0718
Epoch 31/100, Batch 370/2746, Loss: 1.0343
Epoch 31/100, Batch 380/2746, Loss: 0.9893
Epoch 31/100, Batch 390/2746, Loss: 1.0727
Epoch 31/100, Batch 400/2746, Loss: 1.0808
Epoch 31/100, Batch 410/2746, Loss: 1.0245
Epoch 31/100, Batch 420/2746, Loss: 0.9832
Epoch 31/100, Batch 430/2746, Loss: 1.0438
Epoch 31/100, Batch 440/2746, Loss: 1.0151
Epoch 31/100, Batch 450/2746, Loss: 1.0372
Epoch 31/100, Batch 460/2746, Loss: 1.0650
Epoch 31/100, Batch 470/2746, Loss: 1.0683
Epoch 31/100, Batch 480/2746, Loss: 1.0244
Epoch 31/100, Batch 490/2746, Loss: 1.0294
Epoch 31/100, Batch 500/2746, Loss: 1.0974
Epoch 31/100, Batch 510/2746, Loss: 0.9655
Epoch 31/100, Batch 520/2746, Loss: 1.0209
Epoch 31/100, Batch 530/2746, Loss: 1.0783
Epoch 31/100, Batch 540/2746, Loss: 1.0972
Epoch 31/100, Batch 550/2746, Loss: 1.0486
Epoch 31/100, Batch 560/2746, Loss: 0.9699
Epoch 31/100, Batch 570/2746, Loss: 0.9990
Epoch 31/100, Batch 580/2746, Loss: 0.9559
Epoch 31/100, Batch 590/2746, Loss: 0.9719
Epoch 31/100, Batch 600/2746, Loss: 1.0313
Epoch 31/100, Batch 610/2746, Loss: 1.0401
Epoch 31/100, Batch 620/2746, Loss: 1.0278
Epoch 31/100, Batch 630/2746, Loss: 1.0843
Epoch 31/100, Batch 640/2746, Loss: 0.9950
Epoch 31/100, Batch 650/2746, Loss: 1.0566
Epoch 31/100, Batch 660/2746, Loss: 0.9774
Epoch 31/100, Batch 670/2746, Loss: 1.0018
Epoch 31/100, Batch 680/2746, Loss: 1.1060
Epoch 31/100, Batch 690/2746, Loss: 1.0743
Epoch 31/100, Batch 700/2746, Loss: 0.9845
Epoch 31/100, Batch 710/2746, Loss: 0.9531
Epoch 31/100, Batch 720/2746, Loss: 1.0142
Epoch 31/100, Batch 730/2746, Loss: 1.0239
Epoch 31/100, Batch 740/2746, Loss: 0.9792
Epoch 31/100, Batch 750/2746, Loss: 0.9480
Epoch 31/100, Batch 760/2746, Loss: 0.9792
Epoch 31/100, Batch 770/2746, Loss: 1.0740
Epoch 31/100, Batch 780/2746, Loss: 1.0409
Epoch 31/100, Batch 790/2746, Loss: 1.0371
Epoch 31/100, Batch 800/2746, Loss: 1.0391
Epoch 31/100, Batch 810/2746, Loss: 0.9933
Epoch 31/100, Batch 820/2746, Loss: 1.0317
Epoch 31/100, Batch 830/2746, Loss: 0.9856
Epoch 31/100, Batch 840/2746, Loss: 1.0131
Epoch 31/100, Batch 850/2746, Loss: 0.9832
Epoch 31/100, Batch 860/2746, Loss: 0.9771
Epoch 31/100, Batch 870/2746, Loss: 1.0259
Epoch 31/100, Batch 880/2746, Loss: 1.0359
Epoch 31/100, Batch 890/2746, Loss: 1.0651
Epoch 31/100, Batch 900/2746, Loss: 0.9847
Epoch 31/100, Batch 910/2746, Loss: 0.9796
Epoch 31/100, Batch 920/2746, Loss: 1.0245
Epoch 31/100, Batch 930/2746, Loss: 1.1208
Epoch 31/100, Batch 940/2746, Loss: 0.9723
Epoch 31/100, Batch 950/2746, Loss: 1.0739
Epoch 31/100, Batch 960/2746, Loss: 1.0556
Epoch 31/100, Batch 970/2746, Loss: 1.0548
Epoch 31/100, Batch 980/2746, Loss: 1.0123
Epoch 31/100, Batch 990/2746, Loss: 1.0528
Epoch 31/100, Batch 1000/2746, Loss: 1.0957
Epoch 31/100, Batch 1010/2746, Loss: 1.0409
Epoch 31/100, Batch 1020/2746, Loss: 1.0190
Epoch 31/100, Batch 1030/2746, Loss: 0.9839
Epoch 31/100, Batch 1040/2746, Loss: 0.9909
Epoch 31/100, Batch 1050/2746, Loss: 0.9654
Epoch 31/100, Batch 1060/2746, Loss: 1.0185
Epoch 31/100, Batch 1070/2746, Loss: 0.9740
Epoch 31/100, Batch 1080/2746, Loss: 0.9627
Epoch 31/100, Batch 1090/2746, Loss: 0.9459
Epoch 31/100, Batch 1100/2746, Loss: 1.0094
Epoch 31/100, Batch 1110/2746, Loss: 0.9579
Epoch 31/100, Batch 1120/2746, Loss: 1.0788
Epoch 31/100, Batch 1130/2746, Loss: 1.0078
Epoch 31/100, Batch 1140/2746, Loss: 1.0196
Epoch 31/100, Batch 1150/2746, Loss: 1.0402
Epoch 31/100, Batch 1160/2746, Loss: 0.9741
Epoch 31/100, Batch 1170/2746, Loss: 1.0044
Epoch 31/100, Batch 1180/2746, Loss: 1.0256
Epoch 31/100, Batch 1190/2746, Loss: 1.0543
Epoch 31/100, Batch 1200/2746, Loss: 1.0506
Epoch 31/100, Batch 1210/2746, Loss: 0.9536
Epoch 31/100, Batch 1220/2746, Loss: 0.9747
Epoch 31/100, Batch 1230/2746, Loss: 1.0027
Epoch 31/100, Batch 1240/2746, Loss: 1.0329
Epoch 31/100, Batch 1250/2746, Loss: 1.0342
Epoch 31/100, Batch 1260/2746, Loss: 1.0861
Epoch 31/100, Batch 1270/2746, Loss: 0.9975
Epoch 31/100, Batch 1280/2746, Loss: 0.9979
Epoch 31/100, Batch 1290/2746, Loss: 1.0058
Epoch 31/100, Batch 1300/2746, Loss: 1.0215
Epoch 31/100, Batch 1310/2746, Loss: 1.0553
Epoch 31/100, Batch 1320/2746, Loss: 1.0413
Epoch 31/100, Batch 1330/2746, Loss: 0.9316
Epoch 31/100, Batch 1340/2746, Loss: 1.0280
Epoch 31/100, Batch 1350/2746, Loss: 1.0303
Epoch 31/100, Batch 1360/2746, Loss: 1.0084
Epoch 31/100, Batch 1370/2746, Loss: 1.0189
Epoch 31/100, Batch 1380/2746, Loss: 0.9961
Epoch 31/100, Batch 1390/2746, Loss: 0.9370
Epoch 31/100, Batch 1400/2746, Loss: 1.0019
Epoch 31/100, Batch 1410/2746, Loss: 1.1311
Epoch 31/100, Batch 1420/2746, Loss: 1.0346
Epoch 31/100, Batch 1430/2746, Loss: 1.0085
Epoch 31/100, Batch 1440/2746, Loss: 1.0410
Epoch 31/100, Batch 1450/2746, Loss: 0.9843
Epoch 31/100, Batch 1460/2746, Loss: 0.9446
Epoch 31/100, Batch 1470/2746, Loss: 1.0238
Epoch 31/100, Batch 1480/2746, Loss: 1.0060
Epoch 31/100, Batch 1490/2746, Loss: 1.0525
Epoch 31/100, Batch 1500/2746, Loss: 1.0593
Epoch 31/100, Batch 1510/2746, Loss: 1.0080
Epoch 31/100, Batch 1520/2746, Loss: 0.9993
Epoch 31/100, Batch 1530/2746, Loss: 0.9976
Epoch 31/100, Batch 1540/2746, Loss: 1.0271
Epoch 31/100, Batch 1550/2746, Loss: 1.0199
Epoch 31/100, Batch 1560/2746, Loss: 0.9807
Epoch 31/100, Batch 1570/2746, Loss: 1.0674
Epoch 31/100, Batch 1580/2746, Loss: 1.0854
Epoch 31/100, Batch 1590/2746, Loss: 1.0316
Epoch 31/100, Batch 1600/2746, Loss: 1.0227
Epoch 31/100, Batch 1610/2746, Loss: 1.0204
Epoch 31/100, Batch 1620/2746, Loss: 1.0193
Epoch 31/100, Batch 1630/2746, Loss: 1.0219
Epoch 31/100, Batch 1640/2746, Loss: 1.0501
Epoch 31/100, Batch 1650/2746, Loss: 1.0865
Epoch 31/100, Batch 1660/2746, Loss: 1.0569
Epoch 31/100, Batch 1670/2746, Loss: 1.0084
Epoch 31/100, Batch 1680/2746, Loss: 1.0269
Epoch 31/100, Batch 1690/2746, Loss: 1.0015
Epoch 31/100, Batch 1700/2746, Loss: 1.0387
Epoch 31/100, Batch 1710/2746, Loss: 1.2248
Epoch 31/100, Batch 1720/2746, Loss: 1.0899
Epoch 31/100, Batch 1730/2746, Loss: 0.9763
Epoch 31/100, Batch 1740/2746, Loss: 1.0138
Epoch 31/100, Batch 1750/2746, Loss: 0.9957
Epoch 31/100, Batch 1760/2746, Loss: 0.9975
Epoch 31/100, Batch 1770/2746, Loss: 0.9914
Epoch 31/100, Batch 1780/2746, Loss: 1.0419
Epoch 31/100, Batch 1790/2746, Loss: 1.0014
Epoch 31/100, Batch 1800/2746, Loss: 0.9910
Epoch 31/100, Batch 1810/2746, Loss: 0.9844
Epoch 31/100, Batch 1820/2746, Loss: 1.0558
Epoch 31/100, Batch 1830/2746, Loss: 1.0307
Epoch 31/100, Batch 1840/2746, Loss: 0.9979
Epoch 31/100, Batch 1850/2746, Loss: 1.0272
Epoch 31/100, Batch 1860/2746, Loss: 1.0335
Epoch 31/100, Batch 1870/2746, Loss: 1.0006
Epoch 31/100, Batch 1880/2746, Loss: 1.0778
Epoch 31/100, Batch 1890/2746, Loss: 1.0581
Epoch 31/100, Batch 1900/2746, Loss: 1.0418
Epoch 31/100, Batch 1910/2746, Loss: 1.0136
Epoch 31/100, Batch 1920/2746, Loss: 0.9992
Epoch 31/100, Batch 1930/2746, Loss: 0.9667
Epoch 31/100, Batch 1940/2746, Loss: 0.9884
Epoch 31/100, Batch 1950/2746, Loss: 1.0253
Epoch 31/100, Batch 1960/2746, Loss: 1.0333
Epoch 31/100, Batch 1970/2746, Loss: 1.0176
Epoch 31/100, Batch 1980/2746, Loss: 1.0171
Epoch 31/100, Batch 1990/2746, Loss: 1.0167
Epoch 31/100, Batch 2000/2746, Loss: 1.0135
Epoch 31/100, Batch 2010/2746, Loss: 1.0479
Epoch 31/100, Batch 2020/2746, Loss: 0.9569
Epoch 31/100, Batch 2030/2746, Loss: 1.0238
Epoch 31/100, Batch 2040/2746, Loss: 1.0037
Epoch 31/100, Batch 2050/2746, Loss: 0.9600
Epoch 31/100, Batch 2060/2746, Loss: 0.9994
Epoch 31/100, Batch 2070/2746, Loss: 0.9673
Epoch 31/100, Batch 2080/2746, Loss: 0.9298
Epoch 31/100, Batch 2090/2746, Loss: 0.9898
Epoch 31/100, Batch 2100/2746, Loss: 1.0308
Epoch 31/100, Batch 2110/2746, Loss: 1.0415
Epoch 31/100, Batch 2120/2746, Loss: 0.9432
Epoch 31/100, Batch 2130/2746, Loss: 1.0378
Epoch 31/100, Batch 2140/2746, Loss: 1.0378
Epoch 31/100, Batch 2150/2746, Loss: 0.9624
Epoch 31/100, Batch 2160/2746, Loss: 0.9538
Epoch 31/100, Batch 2170/2746, Loss: 0.9897
Epoch 31/100, Batch 2180/2746, Loss: 0.9885
Epoch 31/100, Batch 2190/2746, Loss: 1.0370
Epoch 31/100, Batch 2200/2746, Loss: 1.0196
Epoch 31/100, Batch 2210/2746, Loss: 0.9866
Epoch 31/100, Batch 2220/2746, Loss: 1.0046
Epoch 31/100, Batch 2230/2746, Loss: 1.0281
Epoch 31/100, Batch 2240/2746, Loss: 1.0444
Epoch 31/100, Batch 2250/2746, Loss: 1.0302
Epoch 31/100, Batch 2260/2746, Loss: 1.0797
Epoch 31/100, Batch 2270/2746, Loss: 1.0110
Epoch 31/100, Batch 2280/2746, Loss: 1.0111
Epoch 31/100, Batch 2290/2746, Loss: 0.9487
Epoch 31/100, Batch 2300/2746, Loss: 1.0124
Epoch 31/100, Batch 2310/2746, Loss: 1.0274
Epoch 31/100, Batch 2320/2746, Loss: 1.0164
Epoch 31/100, Batch 2330/2746, Loss: 1.1470
Epoch 31/100, Batch 2340/2746, Loss: 1.0280
Epoch 31/100, Batch 2350/2746, Loss: 1.0351
Epoch 31/100, Batch 2360/2746, Loss: 1.0414
Epoch 31/100, Batch 2370/2746, Loss: 1.0814
Epoch 31/100, Batch 2380/2746, Loss: 0.9232
Epoch 31/100, Batch 2390/2746, Loss: 1.0214
Epoch 31/100, Batch 2400/2746, Loss: 0.9915
Epoch 31/100, Batch 2410/2746, Loss: 1.0325
Epoch 31/100, Batch 2420/2746, Loss: 1.0663
Epoch 31/100, Batch 2430/2746, Loss: 1.0839
Epoch 31/100, Batch 2440/2746, Loss: 1.0302
Epoch 31/100, Batch 2450/2746, Loss: 0.9856
Epoch 31/100, Batch 2460/2746, Loss: 0.9588
Epoch 31/100, Batch 2470/2746, Loss: 1.0119
Epoch 31/100, Batch 2480/2746, Loss: 0.9839
Epoch 31/100, Batch 2490/2746, Loss: 1.0245
Epoch 31/100, Batch 2500/2746, Loss: 1.0947
Epoch 31/100, Batch 2510/2746, Loss: 1.0463
Epoch 31/100, Batch 2520/2746, Loss: 1.0336
Epoch 31/100, Batch 2530/2746, Loss: 1.0664
Epoch 31/100, Batch 2540/2746, Loss: 1.0359
Epoch 31/100, Batch 2550/2746, Loss: 0.9867
Epoch 31/100, Batch 2560/2746, Loss: 1.0084
Epoch 31/100, Batch 2570/2746, Loss: 1.0225
Epoch 31/100, Batch 2580/2746, Loss: 1.0940
Epoch 31/100, Batch 2590/2746, Loss: 0.9684
Epoch 31/100, Batch 2600/2746, Loss: 1.0366
Epoch 31/100, Batch 2610/2746, Loss: 1.0346
Epoch 31/100, Batch 2620/2746, Loss: 1.0421
Epoch 31/100, Batch 2630/2746, Loss: 0.9784
Epoch 31/100, Batch 2640/2746, Loss: 1.0487
Epoch 31/100, Batch 2650/2746, Loss: 0.9667
Epoch 31/100, Batch 2660/2746, Loss: 1.0551
Epoch 31/100, Batch 2670/2746, Loss: 1.0399
Epoch 31/100, Batch 2680/2746, Loss: 1.0433
Epoch 31/100, Batch 2690/2746, Loss: 1.0285
Epoch 31/100, Batch 2700/2746, Loss: 0.9859
Epoch 31/100, Batch 2710/2746, Loss: 1.0905
Epoch 31/100, Batch 2720/2746, Loss: 0.9907
Epoch 31/100, Batch 2730/2746, Loss: 1.0665
Epoch 31/100, Batch 2740/2746, Loss: 1.0113
New best model with validation loss: 0.9087, perplexity: 2.48
Epoch 31/100, Loss: 1.0236, Perplexity: 2.78, Val Loss: 0.9087, Val Perplexity: 2.48, Time: 3660.79s
Epoch 32/100, Batch 10/2746, Loss: 1.0069
Epoch 32/100, Batch 20/2746, Loss: 1.0292
Epoch 32/100, Batch 30/2746, Loss: 0.9779
Epoch 32/100, Batch 40/2746, Loss: 0.9907
Epoch 32/100, Batch 50/2746, Loss: 1.0795
Epoch 32/100, Batch 60/2746, Loss: 0.9996
Epoch 32/100, Batch 70/2746, Loss: 1.0008
Epoch 32/100, Batch 80/2746, Loss: 1.0180
Epoch 32/100, Batch 90/2746, Loss: 1.0358
Epoch 32/100, Batch 100/2746, Loss: 1.0159
Epoch 32/100, Batch 110/2746, Loss: 1.1484
Epoch 32/100, Batch 120/2746, Loss: 1.0056
Epoch 32/100, Batch 130/2746, Loss: 0.9915
Epoch 32/100, Batch 140/2746, Loss: 0.9934
Epoch 32/100, Batch 150/2746, Loss: 0.9186
Epoch 32/100, Batch 160/2746, Loss: 1.0238
Epoch 32/100, Batch 170/2746, Loss: 1.0688
Epoch 32/100, Batch 180/2746, Loss: 1.0393
Epoch 32/100, Batch 190/2746, Loss: 1.0593
Epoch 32/100, Batch 200/2746, Loss: 1.1288
Epoch 32/100, Batch 210/2746, Loss: 1.0309
Epoch 32/100, Batch 220/2746, Loss: 1.0627
Epoch 32/100, Batch 230/2746, Loss: 1.0796
Epoch 32/100, Batch 240/2746, Loss: 1.0883
Epoch 32/100, Batch 250/2746, Loss: 1.1027
Epoch 32/100, Batch 260/2746, Loss: 1.0671
Epoch 32/100, Batch 270/2746, Loss: 1.0409
Epoch 32/100, Batch 280/2746, Loss: 1.0345
Epoch 32/100, Batch 290/2746, Loss: 1.0211
Epoch 32/100, Batch 300/2746, Loss: 1.0516
Epoch 32/100, Batch 310/2746, Loss: 1.0011
Epoch 32/100, Batch 320/2746, Loss: 1.0076
Epoch 32/100, Batch 330/2746, Loss: 1.0340
Epoch 32/100, Batch 340/2746, Loss: 1.0872
Epoch 32/100, Batch 350/2746, Loss: 0.9378
Epoch 32/100, Batch 360/2746, Loss: 1.0721
Epoch 32/100, Batch 370/2746, Loss: 1.0310
Epoch 32/100, Batch 380/2746, Loss: 0.9550
Epoch 32/100, Batch 390/2746, Loss: 1.0425
Epoch 32/100, Batch 400/2746, Loss: 1.1313
Epoch 32/100, Batch 410/2746, Loss: 1.0350
Epoch 32/100, Batch 420/2746, Loss: 0.9862
Epoch 32/100, Batch 430/2746, Loss: 1.0376
Epoch 32/100, Batch 440/2746, Loss: 1.0123
Epoch 32/100, Batch 450/2746, Loss: 0.9984
Epoch 32/100, Batch 460/2746, Loss: 1.0501
Epoch 32/100, Batch 470/2746, Loss: 1.2253
Epoch 32/100, Batch 480/2746, Loss: 1.0870
Epoch 32/100, Batch 490/2746, Loss: 1.0155
Epoch 32/100, Batch 500/2746, Loss: 1.0730
Epoch 32/100, Batch 510/2746, Loss: 0.9633
Epoch 32/100, Batch 520/2746, Loss: 1.0079
Epoch 32/100, Batch 530/2746, Loss: 1.0621
Epoch 32/100, Batch 540/2746, Loss: 1.0751
Epoch 32/100, Batch 550/2746, Loss: 1.0366
Epoch 32/100, Batch 560/2746, Loss: 1.0014
Epoch 32/100, Batch 570/2746, Loss: 1.0208
Epoch 32/100, Batch 580/2746, Loss: 0.9508
Epoch 32/100, Batch 590/2746, Loss: 0.9387
Epoch 32/100, Batch 600/2746, Loss: 0.9557
Epoch 32/100, Batch 610/2746, Loss: 1.0267
Epoch 32/100, Batch 620/2746, Loss: 1.0182
Epoch 32/100, Batch 630/2746, Loss: 1.0365
Epoch 32/100, Batch 640/2746, Loss: 1.0285
Epoch 32/100, Batch 650/2746, Loss: 1.0324
Epoch 32/100, Batch 660/2746, Loss: 0.9774
Epoch 32/100, Batch 670/2746, Loss: 1.0071
Epoch 32/100, Batch 680/2746, Loss: 1.0640
Epoch 32/100, Batch 690/2746, Loss: 1.0569
Epoch 32/100, Batch 700/2746, Loss: 1.0426
Epoch 32/100, Batch 710/2746, Loss: 1.0311
Epoch 32/100, Batch 720/2746, Loss: 1.0010
Epoch 32/100, Batch 730/2746, Loss: 1.0215
Epoch 32/100, Batch 740/2746, Loss: 0.9724
Epoch 32/100, Batch 750/2746, Loss: 0.9501
Epoch 32/100, Batch 760/2746, Loss: 0.9946
Epoch 32/100, Batch 770/2746, Loss: 0.9974
Epoch 32/100, Batch 780/2746, Loss: 0.9894
Epoch 32/100, Batch 790/2746, Loss: 1.0638
Epoch 32/100, Batch 800/2746, Loss: 1.0403
Epoch 32/100, Batch 810/2746, Loss: 1.0489
Epoch 32/100, Batch 820/2746, Loss: 1.0751
Epoch 32/100, Batch 830/2746, Loss: 1.0401
Epoch 32/100, Batch 840/2746, Loss: 1.0102
Epoch 32/100, Batch 850/2746, Loss: 0.9585
Epoch 32/100, Batch 860/2746, Loss: 0.9688
Epoch 32/100, Batch 870/2746, Loss: 1.0194
Epoch 32/100, Batch 880/2746, Loss: 0.9870
Epoch 32/100, Batch 890/2746, Loss: 1.0411
Epoch 32/100, Batch 900/2746, Loss: 0.9875
Epoch 32/100, Batch 910/2746, Loss: 0.9701
Epoch 32/100, Batch 920/2746, Loss: 1.0137
Epoch 32/100, Batch 930/2746, Loss: 0.9970
Epoch 32/100, Batch 940/2746, Loss: 0.9649
Epoch 32/100, Batch 950/2746, Loss: 1.0907
Epoch 32/100, Batch 960/2746, Loss: 1.0611
Epoch 32/100, Batch 970/2746, Loss: 1.0587
Epoch 32/100, Batch 980/2746, Loss: 1.0373
Epoch 32/100, Batch 990/2746, Loss: 1.0488
Epoch 32/100, Batch 1000/2746, Loss: 1.1467
Epoch 32/100, Batch 1010/2746, Loss: 1.0382
Epoch 32/100, Batch 1020/2746, Loss: 1.0502
Epoch 32/100, Batch 1030/2746, Loss: 0.9639
Epoch 32/100, Batch 1040/2746, Loss: 1.0090
Epoch 32/100, Batch 1050/2746, Loss: 0.9522
Epoch 32/100, Batch 1060/2746, Loss: 1.0184
Epoch 32/100, Batch 1070/2746, Loss: 0.9701
Epoch 32/100, Batch 1080/2746, Loss: 0.9653
Epoch 32/100, Batch 1090/2746, Loss: 0.9428
Epoch 32/100, Batch 1100/2746, Loss: 1.0121
Epoch 32/100, Batch 1110/2746, Loss: 0.9403
Epoch 32/100, Batch 1120/2746, Loss: 1.0851
Epoch 32/100, Batch 1130/2746, Loss: 1.0032
Epoch 32/100, Batch 1140/2746, Loss: 0.9834
Epoch 32/100, Batch 1150/2746, Loss: 1.0174
Epoch 32/100, Batch 1160/2746, Loss: 0.9494
Epoch 32/100, Batch 1170/2746, Loss: 0.9938
Epoch 32/100, Batch 1180/2746, Loss: 1.0228
Epoch 32/100, Batch 1190/2746, Loss: 1.0377
Epoch 32/100, Batch 1200/2746, Loss: 0.9958
Epoch 32/100, Batch 1210/2746, Loss: 0.9304
Epoch 32/100, Batch 1220/2746, Loss: 0.9768
Epoch 32/100, Batch 1230/2746, Loss: 0.9840
Epoch 32/100, Batch 1240/2746, Loss: 0.9766
Epoch 32/100, Batch 1250/2746, Loss: 1.1272
Epoch 32/100, Batch 1260/2746, Loss: 1.0712
Epoch 32/100, Batch 1270/2746, Loss: 1.0310
Epoch 32/100, Batch 1280/2746, Loss: 0.9980
Epoch 32/100, Batch 1290/2746, Loss: 1.0180
Epoch 32/100, Batch 1300/2746, Loss: 1.0053
Epoch 32/100, Batch 1310/2746, Loss: 1.0563
Epoch 32/100, Batch 1320/2746, Loss: 1.0037
Epoch 32/100, Batch 1330/2746, Loss: 0.9612
Epoch 32/100, Batch 1340/2746, Loss: 1.0275
Epoch 32/100, Batch 1350/2746, Loss: 1.0706
Epoch 32/100, Batch 1360/2746, Loss: 1.0125
Epoch 32/100, Batch 1370/2746, Loss: 1.0126
Epoch 32/100, Batch 1380/2746, Loss: 0.9569
Epoch 32/100, Batch 1390/2746, Loss: 0.9350
Epoch 32/100, Batch 1400/2746, Loss: 1.0076
Epoch 32/100, Batch 1410/2746, Loss: 1.0610
Epoch 32/100, Batch 1420/2746, Loss: 1.0395
Epoch 32/100, Batch 1430/2746, Loss: 0.9967
Epoch 32/100, Batch 1440/2746, Loss: 0.9957
Epoch 32/100, Batch 1450/2746, Loss: 0.9987
Epoch 32/100, Batch 1460/2746, Loss: 0.9939
Epoch 32/100, Batch 1470/2746, Loss: 0.9895
Epoch 32/100, Batch 1480/2746, Loss: 1.0103
Epoch 32/100, Batch 1490/2746, Loss: 1.0529
Epoch 32/100, Batch 1500/2746, Loss: 1.0064
Epoch 32/100, Batch 1510/2746, Loss: 1.0012
Epoch 32/100, Batch 1520/2746, Loss: 0.9818
Epoch 32/100, Batch 1530/2746, Loss: 0.9897
Epoch 32/100, Batch 1540/2746, Loss: 1.0685
Epoch 32/100, Batch 1550/2746, Loss: 1.0172
Epoch 32/100, Batch 1560/2746, Loss: 0.9779
Epoch 32/100, Batch 1570/2746, Loss: 1.0772
Epoch 32/100, Batch 1580/2746, Loss: 1.0328
Epoch 32/100, Batch 1590/2746, Loss: 1.0655
Epoch 32/100, Batch 1600/2746, Loss: 1.0534
Epoch 32/100, Batch 1610/2746, Loss: 1.0247
Epoch 32/100, Batch 1620/2746, Loss: 1.0286
Epoch 32/100, Batch 1630/2746, Loss: 1.0902
Epoch 32/100, Batch 1640/2746, Loss: 1.0418
Epoch 32/100, Batch 1650/2746, Loss: 1.0811
Epoch 32/100, Batch 1660/2746, Loss: 1.0046
Epoch 32/100, Batch 1670/2746, Loss: 1.0042
Epoch 32/100, Batch 1680/2746, Loss: 1.0239
Epoch 32/100, Batch 1690/2746, Loss: 0.9470
Epoch 32/100, Batch 1700/2746, Loss: 1.0790
Epoch 32/100, Batch 1710/2746, Loss: 1.0612
Epoch 32/100, Batch 1720/2746, Loss: 1.0354
Epoch 32/100, Batch 1730/2746, Loss: 0.9710
Epoch 32/100, Batch 1740/2746, Loss: 1.0217
Epoch 32/100, Batch 1750/2746, Loss: 1.1209
Epoch 32/100, Batch 1760/2746, Loss: 1.0160
Epoch 32/100, Batch 1770/2746, Loss: 0.9763
Epoch 32/100, Batch 1780/2746, Loss: 1.0234
Epoch 32/100, Batch 1790/2746, Loss: 0.9574
Epoch 32/100, Batch 1800/2746, Loss: 0.9883
Epoch 32/100, Batch 1810/2746, Loss: 0.9652
Epoch 32/100, Batch 1820/2746, Loss: 1.0519
Epoch 32/100, Batch 1830/2746, Loss: 1.0177
Epoch 32/100, Batch 1840/2746, Loss: 0.9944
Epoch 32/100, Batch 1850/2746, Loss: 0.9887
Epoch 32/100, Batch 1860/2746, Loss: 1.0671
Epoch 32/100, Batch 1870/2746, Loss: 1.0895
Epoch 32/100, Batch 1880/2746, Loss: 1.0576
Epoch 32/100, Batch 1890/2746, Loss: 1.0559
Epoch 32/100, Batch 1900/2746, Loss: 1.0589
Epoch 32/100, Batch 1910/2746, Loss: 1.0112
Epoch 32/100, Batch 1920/2746, Loss: 1.0162
Epoch 32/100, Batch 1930/2746, Loss: 0.9639
Epoch 32/100, Batch 1940/2746, Loss: 0.9288
Epoch 32/100, Batch 1950/2746, Loss: 1.0276
Epoch 32/100, Batch 1960/2746, Loss: 1.0024
Epoch 32/100, Batch 1970/2746, Loss: 1.0160
Epoch 32/100, Batch 1980/2746, Loss: 1.0087
Epoch 32/100, Batch 1990/2746, Loss: 1.0422
Epoch 32/100, Batch 2000/2746, Loss: 1.0189
Epoch 32/100, Batch 2010/2746, Loss: 1.0500
Epoch 32/100, Batch 2020/2746, Loss: 0.9761
