2025-05-30 11:27:05,136 | INFO | Using device: cuda
2025-05-30 11:27:07,652 | INFO | Model parameters: 19,177,728
2025-05-30 11:27:07,653 | INFO | Loading training data...
2025-05-30 11:27:13,404 | INFO | Base learning rate: 3.00e-04
2025-05-30 11:27:13,404 | INFO | Minimum learning rate: 1.00e-05
2025-05-30 11:27:13,404 | INFO | Initial learning rate: 0.00e+00
2025-05-30 11:27:13,404 | INFO | Warmup steps: 2000
2025-05-30 11:27:13,404 | INFO | Total steps: 549300
2025-05-30 11:27:13,404 | INFO | Test LR at step 0: 0.00e+00
2025-05-30 11:27:13,404 | INFO | Test LR at step 1000: 1.50e-04
2025-05-30 11:27:13,404 | INFO | Test LR at step 2000: 3.00e-04
2025-05-30 11:27:13,404 | INFO | Test LR at step 274650: 1.56e-04
2025-05-30 11:27:13,404 | INFO | Test LR at step 549299: 1.00e-05
2025-05-30 11:27:13,406 | INFO | Starting training...
2025-05-30 11:27:13,407 | INFO | Input shape: torch.Size([16, 511]), Target shape: torch.Size([16, 511])
2025-05-30 11:27:13,418 | INFO | Input range: [10, 226]
2025-05-30 11:27:13,418 | INFO | Target range: [10, 226]
2025-05-30 11:27:20,232 | INFO | Output shape: torch.Size([8176, 256]), Reshaped target shape: torch.Size([8176])
2025-05-30 11:27:20,240 | INFO | Output range: [-6.08984375, 5.703125]
2025-05-30 11:27:20,240 | INFO | Sample probabilities: max=0.15381371974945068, min=6.561024929396808e-05
2025-05-30 11:27:20,241 | INFO | Raw loss value: 6.1501784324646
2025-05-30 11:27:20,242 | INFO | Batch 0 loss stats - Mean: 0.0082, Std: 1.1562
2025-05-30 11:27:20,418 | INFO | Gradient norm: 6.8638
2025-05-30 11:27:20,438 | INFO | Train batch     0/10986 | ms/batch 7031.50 | loss 6.1502 | bpb  8.87 | ppl   468.80 | lr 1.50e-07
2025-05-30 11:27:40,709 | INFO | Gradient norm: 0.8756
2025-05-30 11:27:40,722 | INFO | Train batch   100/10986 | ms/batch 270.45 | loss 4.6763 | bpb  6.75 | ppl   107.37 | lr 1.51e-05
2025-05-30 11:28:00,898 | INFO | Gradient norm: 0.5189
2025-05-30 11:28:00,907 | INFO | Train batch   200/10986 | ms/batch 236.32 | loss 4.0590 | bpb  5.86 | ppl    57.91 | lr 3.01e-05
2025-05-30 11:28:21,231 | INFO | Gradient norm: 0.4581
2025-05-30 11:28:21,239 | INFO | Train batch   300/10986 | ms/batch 225.36 | loss 3.7831 | bpb  5.46 | ppl    43.95 | lr 4.51e-05
2025-05-30 11:28:41,657 | INFO | Gradient norm: 0.5006
2025-05-30 11:28:41,665 | INFO | Train batch   400/10986 | ms/batch 220.10 | loss 3.6106 | bpb  5.21 | ppl    36.99 | lr 6.01e-05
2025-05-30 11:29:02,138 | INFO | Gradient norm: 0.5144
2025-05-30 11:29:02,146 | INFO | Train batch   500/10986 | ms/batch 217.04 | loss 3.4909 | bpb  5.04 | ppl    32.82 | lr 7.51e-05
2025-05-30 11:29:22,599 | INFO | Gradient norm: 0.4432
2025-05-30 11:29:22,607 | INFO | Train batch   600/10986 | ms/batch 214.98 | loss 3.4017 | bpb  4.91 | ppl    30.01 | lr 9.01e-05
2025-05-30 11:29:43,073 | INFO | Gradient norm: 0.4743
2025-05-30 11:29:43,081 | INFO | Train batch   700/10986 | ms/batch 213.52 | loss 3.3280 | bpb  4.80 | ppl    27.88 | lr 1.05e-04
2025-05-30 11:30:03,518 | INFO | Gradient norm: 0.6421
2025-05-30 11:30:03,525 | INFO | Train batch   800/10986 | ms/batch 212.38 | loss 3.2573 | bpb  4.70 | ppl    25.98 | lr 1.20e-04
2025-05-30 11:30:23,968 | INFO | Gradient norm: 0.7617
2025-05-30 11:30:23,976 | INFO | Train batch   900/10986 | ms/batch 211.51 | loss 3.1632 | bpb  4.56 | ppl    23.65 | lr 1.35e-04
2025-05-30 11:30:44,438 | INFO | Gradient norm: 0.7437
2025-05-30 11:30:44,446 | INFO | Train batch  1000/10986 | ms/batch 210.83 | loss 3.0331 | bpb  4.38 | ppl    20.76 | lr 1.50e-04
2025-05-30 11:31:04,912 | INFO | Gradient norm: 0.5214
2025-05-30 11:31:04,920 | INFO | Train batch  1100/10986 | ms/batch 210.28 | loss 2.8837 | bpb  4.16 | ppl    17.88 | lr 1.65e-04
2025-05-30 11:31:25,391 | INFO | Gradient norm: 0.3310
2025-05-30 11:31:25,399 | INFO | Train batch  1200/10986 | ms/batch 209.82 | loss 2.7404 | bpb  3.95 | ppl    15.49 | lr 1.80e-04
2025-05-30 11:31:45,890 | INFO | Gradient norm: 0.2541
2025-05-30 11:31:45,898 | INFO | Train batch  1300/10986 | ms/batch 209.45 | loss 2.6115 | bpb  3.77 | ppl    13.62 | lr 1.95e-04
2025-05-30 11:32:06,350 | INFO | Gradient norm: 0.2270
2025-05-30 11:32:06,358 | INFO | Train batch  1400/10986 | ms/batch 209.10 | loss 2.4968 | bpb  3.60 | ppl    12.14 | lr 2.10e-04
2025-05-30 11:32:26,834 | INFO | Gradient norm: 0.1683
2025-05-30 11:32:26,842 | INFO | Train batch  1500/10986 | ms/batch 208.82 | loss 2.3956 | bpb  3.46 | ppl    10.97 | lr 2.25e-04
2025-05-30 11:32:47,300 | INFO | Gradient norm: 0.1387
2025-05-30 11:32:47,308 | INFO | Train batch  1600/10986 | ms/batch 208.56 | loss 2.3051 | bpb  3.33 | ppl    10.03 | lr 2.40e-04
2025-05-30 11:33:07,789 | INFO | Gradient norm: 0.1631
2025-05-30 11:33:07,797 | INFO | Train batch  1700/10986 | ms/batch 208.34 | loss 2.2249 | bpb  3.21 | ppl     9.25 | lr 2.55e-04
2025-05-30 11:33:28,271 | INFO | Gradient norm: 0.1009
2025-05-30 11:33:28,279 | INFO | Train batch  1800/10986 | ms/batch 208.15 | loss 2.1529 | bpb  3.11 | ppl     8.61 | lr 2.70e-04
2025-05-30 11:33:48,756 | INFO | Gradient norm: 0.0888
2025-05-30 11:33:48,764 | INFO | Train batch  1900/10986 | ms/batch 207.97 | loss 2.0878 | bpb  3.01 | ppl     8.07 | lr 2.85e-04
2025-05-30 11:34:09,232 | INFO | Gradient norm: 0.0987
2025-05-30 11:34:09,240 | INFO | Train batch  2000/10986 | ms/batch 207.81 | loss 2.0289 | bpb  2.93 | ppl     7.61 | lr 3.00e-04
2025-05-30 11:34:29,711 | INFO | Gradient norm: 0.0796
2025-05-30 11:34:29,719 | INFO | Train batch  2100/10986 | ms/batch 207.67 | loss 1.9753 | bpb  2.85 | ppl     7.21 | lr 3.00e-04
2025-05-30 11:34:50,180 | INFO | Gradient norm: 0.0705
2025-05-30 11:34:50,188 | INFO | Train batch  2200/10986 | ms/batch 207.53 | loss 1.9266 | bpb  2.78 | ppl     6.87 | lr 3.00e-04
2025-05-30 11:35:10,663 | INFO | Gradient norm: 0.0942
2025-05-30 11:35:10,671 | INFO | Train batch  2300/10986 | ms/batch 207.42 | loss 1.8819 | bpb  2.72 | ppl     6.57 | lr 3.00e-04
2025-05-30 11:35:31,142 | INFO | Gradient norm: 0.0925
2025-05-30 11:35:31,150 | INFO | Train batch  2400/10986 | ms/batch 207.31 | loss 1.8409 | bpb  2.66 | ppl     6.30 | lr 3.00e-04
2025-05-30 11:35:51,635 | INFO | Gradient norm: 0.0814
2025-05-30 11:35:51,643 | INFO | Train batch  2500/10986 | ms/batch 207.21 | loss 1.8031 | bpb  2.60 | ppl     6.07 | lr 3.00e-04
2025-05-30 11:36:12,117 | INFO | Gradient norm: 0.0736
2025-05-30 11:36:12,125 | INFO | Train batch  2600/10986 | ms/batch 207.12 | loss 1.7681 | bpb  2.55 | ppl     5.86 | lr 3.00e-04
2025-05-30 11:36:32,597 | INFO | Gradient norm: 0.0958
2025-05-30 11:36:32,605 | INFO | Train batch  2700/10986 | ms/batch 207.03 | loss 1.7357 | bpb  2.50 | ppl     5.67 | lr 3.00e-04
2025-05-30 11:36:53,072 | INFO | Gradient norm: 0.0966
2025-05-30 11:36:53,080 | INFO | Train batch  2800/10986 | ms/batch 206.95 | loss 1.7056 | bpb  2.46 | ppl     5.50 | lr 3.00e-04
2025-05-30 11:37:13,555 | INFO | Gradient norm: 0.0863
2025-05-30 11:37:13,563 | INFO | Train batch  2900/10986 | ms/batch 206.88 | loss 1.6775 | bpb  2.42 | ppl     5.35 | lr 3.00e-04
2025-05-30 11:37:34,019 | INFO | Gradient norm: 0.0710
2025-05-30 11:37:34,026 | INFO | Train batch  3000/10986 | ms/batch 206.80 | loss 1.6513 | bpb  2.38 | ppl     5.21 | lr 3.00e-04
2025-05-30 11:37:54,511 | INFO | Gradient norm: 0.0786
2025-05-30 11:37:54,519 | INFO | Train batch  3100/10986 | ms/batch 206.74 | loss 1.6267 | bpb  2.35 | ppl     5.09 | lr 3.00e-04
2025-05-30 11:38:14,992 | INFO | Gradient norm: 0.0382
2025-05-30 11:38:15,000 | INFO | Train batch  3200/10986 | ms/batch 206.68 | loss 1.6037 | bpb  2.31 | ppl     4.97 | lr 3.00e-04
2025-05-30 11:38:35,457 | INFO | Gradient norm: 0.0758
2025-05-30 11:38:35,465 | INFO | Train batch  3300/10986 | ms/batch 206.62 | loss 1.5820 | bpb  2.28 | ppl     4.86 | lr 3.00e-04
2025-05-30 11:38:55,942 | INFO | Gradient norm: 0.0508
2025-05-30 11:38:55,950 | INFO | Train batch  3400/10986 | ms/batch 206.57 | loss 1.5616 | bpb  2.25 | ppl     4.77 | lr 3.00e-04
2025-05-30 11:39:16,441 | INFO | Gradient norm: 0.0675
2025-05-30 11:39:16,449 | INFO | Train batch  3500/10986 | ms/batch 206.52 | loss 1.5424 | bpb  2.23 | ppl     4.68 | lr 3.00e-04
2025-05-30 11:39:36,924 | INFO | Gradient norm: 0.0756
2025-05-30 11:39:36,931 | INFO | Train batch  3600/10986 | ms/batch 206.48 | loss 1.5242 | bpb  2.20 | ppl     4.59 | lr 3.00e-04
2025-05-30 11:39:57,398 | INFO | Gradient norm: 0.0528
2025-05-30 11:39:57,406 | INFO | Train batch  3700/10986 | ms/batch 206.43 | loss 1.5070 | bpb  2.17 | ppl     4.51 | lr 3.00e-04
2025-05-30 11:40:17,831 | INFO | Gradient norm: 0.0728
2025-05-30 11:40:17,838 | INFO | Train batch  3800/10986 | ms/batch 206.38 | loss 1.4907 | bpb  2.15 | ppl     4.44 | lr 3.00e-04
2025-05-30 11:40:38,226 | INFO | Gradient norm: 0.0483
2025-05-30 11:40:38,234 | INFO | Train batch  3900/10986 | ms/batch 206.31 | loss 1.4753 | bpb  2.13 | ppl     4.37 | lr 3.00e-04
2025-05-30 11:40:58,625 | INFO | Gradient norm: 0.0491
2025-05-30 11:40:58,633 | INFO | Train batch  4000/10986 | ms/batch 206.26 | loss 1.4605 | bpb  2.11 | ppl     4.31 | lr 3.00e-04
2025-05-30 11:41:19,098 | INFO | Gradient norm: 0.0724
2025-05-30 11:41:19,106 | INFO | Train batch  4100/10986 | ms/batch 206.22 | loss 1.4465 | bpb  2.09 | ppl     4.25 | lr 3.00e-04
2025-05-30 11:41:39,551 | INFO | Gradient norm: 0.0646
2025-05-30 11:41:39,559 | INFO | Train batch  4200/10986 | ms/batch 206.18 | loss 1.4332 | bpb  2.07 | ppl     4.19 | lr 3.00e-04
2025-05-30 11:42:00,017 | INFO | Gradient norm: 0.0450
2025-05-30 11:42:00,025 | INFO | Train batch  4300/10986 | ms/batch 206.14 | loss 1.4205 | bpb  2.05 | ppl     4.14 | lr 3.00e-04
2025-05-30 11:42:20,498 | INFO | Gradient norm: 0.0621
2025-05-30 11:42:20,506 | INFO | Train batch  4400/10986 | ms/batch 206.11 | loss 1.4084 | bpb  2.03 | ppl     4.09 | lr 3.00e-04
2025-05-30 11:42:40,979 | INFO | Gradient norm: 0.0373
2025-05-30 11:42:40,987 | INFO | Train batch  4500/10986 | ms/batch 206.08 | loss 1.3968 | bpb  2.02 | ppl     4.04 | lr 3.00e-04
2025-05-30 11:43:01,406 | INFO | Gradient norm: 0.0412
2025-05-30 11:43:01,413 | INFO | Train batch  4600/10986 | ms/batch 206.04 | loss 1.3857 | bpb  2.00 | ppl     4.00 | lr 3.00e-04
2025-05-30 11:43:21,797 | INFO | Gradient norm: 0.0404
2025-05-30 11:43:21,805 | INFO | Train batch  4700/10986 | ms/batch 206.00 | loss 1.3750 | bpb  1.98 | ppl     3.96 | lr 3.00e-04
2025-05-30 11:43:42,259 | INFO | Gradient norm: 0.0556
2025-05-30 11:43:42,267 | INFO | Train batch  4800/10986 | ms/batch 205.97 | loss 1.3648 | bpb  1.97 | ppl     3.92 | lr 3.00e-04
2025-05-30 11:44:02,729 | INFO | Gradient norm: 0.0748
2025-05-30 11:44:02,737 | INFO | Train batch  4900/10986 | ms/batch 205.94 | loss 1.3550 | bpb  1.95 | ppl     3.88 | lr 3.00e-04
2025-05-30 11:44:23,217 | INFO | Gradient norm: 0.0562
2025-05-30 11:44:23,225 | INFO | Train batch  5000/10986 | ms/batch 205.92 | loss 1.3456 | bpb  1.94 | ppl     3.84 | lr 3.00e-04
2025-05-30 11:44:43,691 | INFO | Gradient norm: 0.0460
2025-05-30 11:44:43,699 | INFO | Train batch  5100/10986 | ms/batch 205.90 | loss 1.3366 | bpb  1.93 | ppl     3.81 | lr 3.00e-04
2025-05-30 11:45:04,111 | INFO | Gradient norm: 0.0450
2025-05-30 11:45:04,119 | INFO | Train batch  5200/10986 | ms/batch 205.87 | loss 1.3279 | bpb  1.92 | ppl     3.77 | lr 3.00e-04
2025-05-30 11:45:24,470 | INFO | Gradient norm: 0.0343
2025-05-30 11:45:24,477 | INFO | Train batch  5300/10986 | ms/batch 205.82 | loss 1.3195 | bpb  1.90 | ppl     3.74 | lr 3.00e-04
2025-05-30 11:45:44,935 | INFO | Gradient norm: 0.0708
2025-05-30 11:45:44,943 | INFO | Train batch  5400/10986 | ms/batch 205.80 | loss 1.3115 | bpb  1.89 | ppl     3.71 | lr 3.00e-04
2025-05-30 11:46:05,363 | INFO | Gradient norm: 0.0500
2025-05-30 11:46:05,371 | INFO | Train batch  5500/10986 | ms/batch 205.77 | loss 1.3037 | bpb  1.88 | ppl     3.68 | lr 3.00e-04
2025-05-30 11:46:25,749 | INFO | Gradient norm: 0.0413
2025-05-30 11:46:25,757 | INFO | Train batch  5600/10986 | ms/batch 205.74 | loss 1.2962 | bpb  1.87 | ppl     3.66 | lr 3.00e-04
2025-05-30 11:46:46,160 | INFO | Gradient norm: 0.0372
2025-05-30 11:46:46,167 | INFO | Train batch  5700/10986 | ms/batch 205.71 | loss 1.2890 | bpb  1.86 | ppl     3.63 | lr 3.00e-04
2025-05-30 11:47:06,629 | INFO | Gradient norm: 0.0444
2025-05-30 11:47:06,637 | INFO | Train batch  5800/10986 | ms/batch 205.69 | loss 1.2820 | bpb  1.85 | ppl     3.60 | lr 3.00e-04
2025-05-30 11:47:26,986 | INFO | Gradient norm: 0.0831
2025-05-30 11:47:26,994 | INFO | Train batch  5900/10986 | ms/batch 205.66 | loss 1.2752 | bpb  1.84 | ppl     3.58 | lr 3.00e-04
2025-05-30 11:47:47,414 | INFO | Gradient norm: 0.0404
2025-05-30 11:47:47,422 | INFO | Train batch  6000/10986 | ms/batch 205.64 | loss 1.2687 | bpb  1.83 | ppl     3.56 | lr 3.00e-04
2025-05-30 11:48:07,885 | INFO | Gradient norm: 0.0461
2025-05-30 11:48:07,893 | INFO | Train batch  6100/10986 | ms/batch 205.62 | loss 1.2624 | bpb  1.82 | ppl     3.53 | lr 3.00e-04
2025-05-30 11:48:28,364 | INFO | Gradient norm: 0.0340
2025-05-30 11:48:28,372 | INFO | Train batch  6200/10986 | ms/batch 205.61 | loss 1.2563 | bpb  1.81 | ppl     3.51 | lr 3.00e-04
2025-05-30 11:48:48,848 | INFO | Gradient norm: 0.0497
2025-05-30 11:48:48,856 | INFO | Train batch  6300/10986 | ms/batch 205.59 | loss 1.2504 | bpb  1.80 | ppl     3.49 | lr 3.00e-04
2025-05-30 11:49:09,330 | INFO | Gradient norm: 0.0297
2025-05-30 11:49:09,338 | INFO | Train batch  6400/10986 | ms/batch 205.58 | loss 1.2447 | bpb  1.80 | ppl     3.47 | lr 3.00e-04
2025-05-30 11:49:29,810 | INFO | Gradient norm: 0.0344
2025-05-30 11:49:29,818 | INFO | Train batch  6500/10986 | ms/batch 205.57 | loss 1.2391 | bpb  1.79 | ppl     3.45 | lr 3.00e-04
2025-05-30 11:49:50,295 | INFO | Gradient norm: 0.0307
2025-05-30 11:49:50,303 | INFO | Train batch  6600/10986 | ms/batch 205.56 | loss 1.2337 | bpb  1.78 | ppl     3.43 | lr 3.00e-04
2025-05-30 11:50:10,769 | INFO | Gradient norm: 0.0402
2025-05-30 11:50:10,777 | INFO | Train batch  6700/10986 | ms/batch 205.55 | loss 1.2285 | bpb  1.77 | ppl     3.42 | lr 3.00e-04
2025-05-30 11:50:31,240 | INFO | Gradient norm: 0.0398
2025-05-30 11:50:31,248 | INFO | Train batch  6800/10986 | ms/batch 205.53 | loss 1.2234 | bpb  1.77 | ppl     3.40 | lr 3.00e-04
2025-05-30 11:50:51,722 | INFO | Gradient norm: 0.0423
2025-05-30 11:50:51,730 | INFO | Train batch  6900/10986 | ms/batch 205.52 | loss 1.2185 | bpb  1.76 | ppl     3.38 | lr 3.00e-04
2025-05-30 11:51:12,213 | INFO | Gradient norm: 0.0322
2025-05-30 11:51:12,220 | INFO | Train batch  7000/10986 | ms/batch 205.52 | loss 1.2137 | bpb  1.75 | ppl     3.37 | lr 3.00e-04
2025-05-30 11:51:32,689 | INFO | Gradient norm: 0.0366
2025-05-30 11:51:32,696 | INFO | Train batch  7100/10986 | ms/batch 205.50 | loss 1.2091 | bpb  1.74 | ppl     3.35 | lr 3.00e-04
2025-05-30 11:51:53,154 | INFO | Gradient norm: 0.0258
2025-05-30 11:51:53,162 | INFO | Train batch  7200/10986 | ms/batch 205.49 | loss 1.2046 | bpb  1.74 | ppl     3.34 | lr 3.00e-04
2025-05-30 11:52:13,534 | INFO | Gradient norm: 0.0298
2025-05-30 11:52:13,541 | INFO | Train batch  7300/10986 | ms/batch 205.47 | loss 1.2002 | bpb  1.73 | ppl     3.32 | lr 3.00e-04
2025-05-30 11:52:33,922 | INFO | Gradient norm: 0.0394
2025-05-30 11:52:33,930 | INFO | Train batch  7400/10986 | ms/batch 205.45 | loss 1.1959 | bpb  1.73 | ppl     3.31 | lr 3.00e-04
2025-05-30 11:52:54,345 | INFO | Gradient norm: 0.0346
2025-05-30 11:52:54,353 | INFO | Train batch  7500/10986 | ms/batch 205.43 | loss 1.1917 | bpb  1.72 | ppl     3.29 | lr 3.00e-04
2025-05-30 11:53:14,685 | INFO | Gradient norm: 0.0192
2025-05-30 11:53:14,693 | INFO | Train batch  7600/10986 | ms/batch 205.41 | loss 1.1876 | bpb  1.71 | ppl     3.28 | lr 3.00e-04
2025-05-30 11:53:35,158 | INFO | Gradient norm: 0.0321
2025-05-30 11:53:35,166 | INFO | Train batch  7700/10986 | ms/batch 205.40 | loss 1.1837 | bpb  1.71 | ppl     3.27 | lr 3.00e-04
2025-05-30 11:53:55,634 | INFO | Gradient norm: 0.0549
2025-05-30 11:53:55,642 | INFO | Train batch  7800/10986 | ms/batch 205.39 | loss 1.1798 | bpb  1.70 | ppl     3.25 | lr 3.00e-04
2025-05-30 11:54:16,103 | INFO | Gradient norm: 0.0591
2025-05-30 11:54:16,111 | INFO | Train batch  7900/10986 | ms/batch 205.38 | loss 1.1761 | bpb  1.70 | ppl     3.24 | lr 3.00e-04
2025-05-30 11:54:36,594 | INFO | Gradient norm: 0.0520
2025-05-30 11:54:36,602 | INFO | Train batch  8000/10986 | ms/batch 205.37 | loss 1.1724 | bpb  1.69 | ppl     3.23 | lr 3.00e-04
2025-05-30 11:54:57,078 | INFO | Gradient norm: 0.0266
2025-05-30 11:54:57,086 | INFO | Train batch  8100/10986 | ms/batch 205.37 | loss 1.1689 | bpb  1.69 | ppl     3.22 | lr 3.00e-04
2025-05-30 11:55:17,553 | INFO | Gradient norm: 0.0391
2025-05-30 11:55:17,561 | INFO | Train batch  8200/10986 | ms/batch 205.36 | loss 1.1654 | bpb  1.68 | ppl     3.21 | lr 3.00e-04
2025-05-30 11:55:38,032 | INFO | Gradient norm: 0.0338
2025-05-30 11:55:38,040 | INFO | Train batch  8300/10986 | ms/batch 205.35 | loss 1.1620 | bpb  1.68 | ppl     3.20 | lr 3.00e-04
2025-05-30 11:55:58,484 | INFO | Gradient norm: 0.0183
2025-05-30 11:55:58,492 | INFO | Train batch  8400/10986 | ms/batch 205.34 | loss 1.1586 | bpb  1.67 | ppl     3.19 | lr 3.00e-04
2025-05-30 11:56:18,943 | INFO | Gradient norm: 0.0517
2025-05-30 11:56:18,951 | INFO | Train batch  8500/10986 | ms/batch 205.33 | loss 1.1554 | bpb  1.67 | ppl     3.18 | lr 3.00e-04
2025-05-30 11:56:39,300 | INFO | Gradient norm: 0.0299
2025-05-30 11:56:39,308 | INFO | Train batch  8600/10986 | ms/batch 205.31 | loss 1.1522 | bpb  1.66 | ppl     3.17 | lr 3.00e-04
2025-05-30 11:56:59,747 | INFO | Gradient norm: 0.0438
2025-05-30 11:56:59,755 | INFO | Train batch  8700/10986 | ms/batch 205.30 | loss 1.1491 | bpb  1.66 | ppl     3.16 | lr 3.00e-04
2025-05-30 11:57:20,178 | INFO | Gradient norm: 0.0339
2025-05-30 11:57:20,186 | INFO | Train batch  8800/10986 | ms/batch 205.29 | loss 1.1461 | bpb  1.65 | ppl     3.15 | lr 3.00e-04
2025-05-30 11:57:40,525 | INFO | Gradient norm: 0.0461
2025-05-30 11:57:40,533 | INFO | Train batch  8900/10986 | ms/batch 205.27 | loss 1.1431 | bpb  1.65 | ppl     3.14 | lr 3.00e-04
2025-05-30 11:58:01,003 | INFO | Gradient norm: 0.0441
2025-05-30 11:58:01,011 | INFO | Train batch  9000/10986 | ms/batch 205.27 | loss 1.1402 | bpb  1.65 | ppl     3.13 | lr 3.00e-04
2025-05-30 11:58:21,360 | INFO | Gradient norm: 0.1280
2025-05-30 11:58:21,368 | INFO | Train batch  9100/10986 | ms/batch 205.25 | loss 1.1374 | bpb  1.64 | ppl     3.12 | lr 3.00e-04
2025-05-30 11:58:41,746 | INFO | Gradient norm: 0.0469
2025-05-30 11:58:41,753 | INFO | Train batch  9200/10986 | ms/batch 205.23 | loss 1.1346 | bpb  1.64 | ppl     3.11 | lr 3.00e-04
2025-05-30 11:59:02,191 | INFO | Gradient norm: 0.0394
2025-05-30 11:59:02,199 | INFO | Train batch  9300/10986 | ms/batch 205.22 | loss 1.1319 | bpb  1.63 | ppl     3.10 | lr 3.00e-04
2025-05-30 11:59:22,562 | INFO | Gradient norm: 0.0381
2025-05-30 11:59:22,570 | INFO | Train batch  9400/10986 | ms/batch 205.21 | loss 1.1293 | bpb  1.63 | ppl     3.09 | lr 3.00e-04
2025-05-30 11:59:42,964 | INFO | Gradient norm: 0.0256
2025-05-30 11:59:42,972 | INFO | Train batch  9500/10986 | ms/batch 205.20 | loss 1.1267 | bpb  1.63 | ppl     3.09 | lr 3.00e-04
2025-05-30 12:00:03,450 | INFO | Gradient norm: 0.0507
2025-05-30 12:00:03,458 | INFO | Train batch  9600/10986 | ms/batch 205.19 | loss 1.1241 | bpb  1.62 | ppl     3.08 | lr 3.00e-04
2025-05-30 12:00:23,929 | INFO | Gradient norm: 0.0534
2025-05-30 12:00:23,937 | INFO | Train batch  9700/10986 | ms/batch 205.19 | loss 1.1216 | bpb  1.62 | ppl     3.07 | lr 3.00e-04
2025-05-30 12:00:44,401 | INFO | Gradient norm: 0.0666
2025-05-30 12:00:44,409 | INFO | Train batch  9800/10986 | ms/batch 205.18 | loss 1.1192 | bpb  1.61 | ppl     3.06 | lr 3.00e-04
2025-05-30 12:01:04,886 | INFO | Gradient norm: 0.0337
2025-05-30 12:01:04,894 | INFO | Train batch  9900/10986 | ms/batch 205.18 | loss 1.1168 | bpb  1.61 | ppl     3.06 | lr 3.00e-04
2025-05-30 12:01:25,382 | INFO | Gradient norm: 0.0257
2025-05-30 12:01:25,390 | INFO | Train batch 10000/10986 | ms/batch 205.18 | loss 1.1144 | bpb  1.61 | ppl     3.05 | lr 3.00e-04
2025-05-30 12:01:45,858 | INFO | Gradient norm: 0.0194
2025-05-30 12:01:45,866 | INFO | Train batch 10100/10986 | ms/batch 205.17 | loss 1.1121 | bpb  1.60 | ppl     3.04 | lr 3.00e-04
2025-05-30 12:02:06,340 | INFO | Gradient norm: 0.0272
2025-05-30 12:02:06,348 | INFO | Train batch 10200/10986 | ms/batch 205.17 | loss 1.1099 | bpb  1.60 | ppl     3.03 | lr 3.00e-04
2025-05-30 12:02:26,786 | INFO | Gradient norm: 0.0291
2025-05-30 12:02:26,794 | INFO | Train batch 10300/10986 | ms/batch 205.16 | loss 1.1077 | bpb  1.60 | ppl     3.03 | lr 3.00e-04
2025-05-30 12:02:47,255 | INFO | Gradient norm: 0.0281
2025-05-30 12:02:47,263 | INFO | Train batch 10400/10986 | ms/batch 205.16 | loss 1.1055 | bpb  1.59 | ppl     3.02 | lr 3.00e-04
2025-05-30 12:03:07,609 | INFO | Gradient norm: 0.0233
2025-05-30 12:03:07,617 | INFO | Train batch 10500/10986 | ms/batch 205.14 | loss 1.1034 | bpb  1.59 | ppl     3.01 | lr 3.00e-04
2025-05-30 12:03:28,049 | INFO | Gradient norm: 0.0331
2025-05-30 12:03:28,057 | INFO | Train batch 10600/10986 | ms/batch 205.14 | loss 1.1013 | bpb  1.59 | ppl     3.01 | lr 3.00e-04
2025-05-30 12:03:48,451 | INFO | Gradient norm: 0.0290
2025-05-30 12:03:48,459 | INFO | Train batch 10700/10986 | ms/batch 205.13 | loss 1.0992 | bpb  1.59 | ppl     3.00 | lr 3.00e-04
2025-05-30 12:04:08,822 | INFO | Gradient norm: 0.0306
2025-05-30 12:04:08,830 | INFO | Train batch 10800/10986 | ms/batch 205.11 | loss 1.0972 | bpb  1.58 | ppl     3.00 | lr 3.00e-04
2025-05-30 12:04:29,281 | INFO | Gradient norm: 0.0439
2025-05-30 12:04:29,289 | INFO | Train batch 10900/10986 | ms/batch 205.11 | loss 1.0953 | bpb  1.58 | ppl     2.99 | lr 3.00e-04
2025-05-30 12:06:04,877 | INFO | Epoch   0 | time: 2331.47s | train bpb  1.58 | valid bpb  1.28
2025-05-30 12:06:06,216 | INFO | Saved new best model with validation bpb:  1.28
2025-05-30 12:06:06,279 | INFO | Input shape: torch.Size([16, 511]), Target shape: torch.Size([16, 511])
2025-05-30 12:06:06,279 | INFO | Input range: [10, 226]
2025-05-30 12:06:06,279 | INFO | Target range: [10, 226]
2025-05-30 12:06:06,317 | INFO | Output shape: torch.Size([8176, 256]), Reshaped target shape: torch.Size([8176])
2025-05-30 12:06:06,318 | INFO | Output range: [-4.98046875, 8.6328125]
2025-05-30 12:06:06,318 | INFO | Sample probabilities: max=0.913493812084198, min=0.0002441984252072871
2025-05-30 12:06:06,319 | INFO | Raw loss value: 0.8815606832504272
2025-05-30 12:06:06,319 | INFO | Batch 0 loss stats - Mean: -0.2106, Std: 0.5596
2025-05-30 12:06:06,469 | INFO | Gradient norm: 0.0393
2025-05-30 12:06:06,477 | INFO | Train batch     0/10986 | ms/batch 198.48 | loss 0.8816 | bpb  1.27 | ppl     2.41 | lr 3.00e-04
2025-05-30 12:06:26,843 | INFO | Gradient norm: 0.0249
2025-05-30 12:06:26,851 | INFO | Train batch   100/10986 | ms/batch 203.69 | loss 0.8840 | bpb  1.28 | ppl     2.42 | lr 3.00e-04
2025-05-30 12:06:47,341 | INFO | Gradient norm: 0.0211
2025-05-30 12:06:47,349 | INFO | Train batch   200/10986 | ms/batch 204.33 | loss 0.8833 | bpb  1.27 | ppl     2.42 | lr 3.00e-04
2025-05-30 12:07:07,793 | INFO | Gradient norm: 0.0125
2025-05-30 12:07:07,801 | INFO | Train batch   300/10986 | ms/batch 204.39 | loss 0.8828 | bpb  1.27 | ppl     2.42 | lr 3.00e-04
2025-05-30 12:07:28,176 | INFO | Gradient norm: 0.0127
2025-05-30 12:07:28,184 | INFO | Train batch   400/10986 | ms/batch 204.25 | loss 0.8826 | bpb  1.27 | ppl     2.42 | lr 3.00e-04
2025-05-30 12:07:48,540 | INFO | Gradient norm: 0.0677
2025-05-30 12:07:48,548 | INFO | Train batch   500/10986 | ms/batch 204.13 | loss 0.8824 | bpb  1.27 | ppl     2.42 | lr 3.00e-04
2025-05-30 12:08:08,966 | INFO | Gradient norm: 0.0185
2025-05-30 12:08:08,973 | INFO | Train batch   600/10986 | ms/batch 204.15 | loss 0.8823 | bpb  1.27 | ppl     2.42 | lr 3.00e-04
2025-05-30 12:08:29,313 | INFO | Gradient norm: 0.0215
2025-05-30 12:08:29,321 | INFO | Train batch   700/10986 | ms/batch 204.05 | loss 0.8823 | bpb  1.27 | ppl     2.42 | lr 3.00e-04
2025-05-30 12:08:49,773 | INFO | Gradient norm: 0.0205
2025-05-30 12:08:49,780 | INFO | Train batch   800/10986 | ms/batch 204.12 | loss 0.8822 | bpb  1.27 | ppl     2.42 | lr 3.00e-04
2025-05-30 12:09:10,266 | INFO | Gradient norm: 0.0174
2025-05-30 12:09:10,274 | INFO | Train batch   900/10986 | ms/batch 204.21 | loss 0.8822 | bpb  1.27 | ppl     2.42 | lr 3.00e-04
2025-05-30 12:09:30,727 | INFO | Gradient norm: 0.0162
2025-05-30 12:09:30,735 | INFO | Train batch  1000/10986 | ms/batch 204.25 | loss 0.8821 | bpb  1.27 | ppl     2.42 | lr 3.00e-04
2025-05-30 12:09:51,066 | INFO | Gradient norm: 0.0394
2025-05-30 12:09:51,073 | INFO | Train batch  1100/10986 | ms/batch 204.17 | loss 0.8821 | bpb  1.27 | ppl     2.42 | lr 3.00e-04
2025-05-30 12:10:11,494 | INFO | Gradient norm: 0.0558
2025-05-30 12:10:11,502 | INFO | Train batch  1200/10986 | ms/batch 204.18 | loss 0.8821 | bpb  1.27 | ppl     2.42 | lr 3.00e-04
2025-05-30 12:10:31,955 | INFO | Gradient norm: 0.0165
2025-05-30 12:10:31,963 | INFO | Train batch  1300/10986 | ms/batch 204.22 | loss 0.8821 | bpb  1.27 | ppl     2.42 | lr 3.00e-04
2025-05-30 12:10:52,287 | INFO | Gradient norm: 0.0261
2025-05-30 12:10:52,295 | INFO | Train batch  1400/10986 | ms/batch 204.15 | loss 0.8820 | bpb  1.27 | ppl     2.42 | lr 3.00e-04
2025-05-30 12:11:12,733 | INFO | Gradient norm: 0.0140
2025-05-30 12:11:12,741 | INFO | Train batch  1500/10986 | ms/batch 204.17 | loss 0.8820 | bpb  1.27 | ppl     2.42 | lr 3.00e-04
2025-05-30 12:11:33,204 | INFO | Gradient norm: 0.0497
2025-05-30 12:11:33,212 | INFO | Train batch  1600/10986 | ms/batch 204.21 | loss 0.8820 | bpb  1.27 | ppl     2.42 | lr 3.00e-04
2025-05-30 12:11:53,701 | INFO | Gradient norm: 0.0183
2025-05-30 12:11:53,709 | INFO | Train batch  1700/10986 | ms/batch 204.25 | loss 0.8820 | bpb  1.27 | ppl     2.42 | lr 3.00e-04
2025-05-30 12:12:14,119 | INFO | Gradient norm: 0.0187
2025-05-30 12:12:14,127 | INFO | Train batch  1800/10986 | ms/batch 204.25 | loss 0.8820 | bpb  1.27 | ppl     2.42 | lr 3.00e-04
2025-05-30 12:12:34,455 | INFO | Gradient norm: 0.0401
2025-05-30 12:12:34,463 | INFO | Train batch  1900/10986 | ms/batch 204.20 | loss 0.8820 | bpb  1.27 | ppl     2.42 | lr 3.00e-04
2025-05-30 12:12:54,925 | INFO | Gradient norm: 0.0298
2025-05-30 12:12:54,933 | INFO | Train batch  2000/10986 | ms/batch 204.22 | loss 0.8820 | bpb  1.27 | ppl     2.42 | lr 3.00e-04
2025-05-30 12:13:15,342 | INFO | Gradient norm: 0.0335
2025-05-30 12:13:15,350 | INFO | Train batch  2100/10986 | ms/batch 204.22 | loss 0.8820 | bpb  1.27 | ppl     2.42 | lr 3.00e-04
2025-05-30 12:13:35,689 | INFO | Gradient norm: 0.0268
2025-05-30 12:13:35,697 | INFO | Train batch  2200/10986 | ms/batch 204.19 | loss 0.8820 | bpb  1.27 | ppl     2.42 | lr 3.00e-04
2025-05-30 12:13:56,171 | INFO | Gradient norm: 0.0362
2025-05-30 12:13:56,179 | INFO | Train batch  2300/10986 | ms/batch 204.22 | loss 0.8820 | bpb  1.27 | ppl     2.42 | lr 3.00e-04
2025-05-30 12:14:16,635 | INFO | Gradient norm: 0.0221
2025-05-30 12:14:16,643 | INFO | Train batch  2400/10986 | ms/batch 204.23 | loss 0.8820 | bpb  1.27 | ppl     2.42 | lr 3.00e-04
2025-05-30 12:14:37,005 | INFO | Gradient norm: 0.0347
2025-05-30 12:14:37,013 | INFO | Train batch  2500/10986 | ms/batch 204.21 | loss 0.8819 | bpb  1.27 | ppl     2.42 | lr 3.00e-04
2025-05-30 12:14:57,396 | INFO | Gradient norm: 0.0226
2025-05-30 12:14:57,403 | INFO | Train batch  2600/10986 | ms/batch 204.20 | loss 0.8819 | bpb  1.27 | ppl     2.42 | lr 3.00e-04
2025-05-30 12:15:17,733 | INFO | Gradient norm: 0.0377
2025-05-30 12:15:17,741 | INFO | Train batch  2700/10986 | ms/batch 204.17 | loss 0.8819 | bpb  1.27 | ppl     2.42 | lr 3.00e-04
2025-05-30 12:15:38,164 | INFO | Gradient norm: 0.0169
2025-05-30 12:15:38,172 | INFO | Train batch  2800/10986 | ms/batch 204.17 | loss 0.8819 | bpb  1.27 | ppl     2.42 | lr 3.00e-04
2025-05-30 12:15:58,596 | INFO | Gradient norm: 0.0294
2025-05-30 12:15:58,604 | INFO | Train batch  2900/10986 | ms/batch 204.18 | loss 0.8819 | bpb  1.27 | ppl     2.42 | lr 3.00e-04
2025-05-30 12:16:18,920 | INFO | Gradient norm: 0.0118
2025-05-30 12:16:18,928 | INFO | Train batch  3000/10986 | ms/batch 204.15 | loss 0.8819 | bpb  1.27 | ppl     2.42 | lr 3.00e-04
2025-05-30 12:16:39,248 | INFO | Gradient norm: 0.0196
2025-05-30 12:16:39,256 | INFO | Train batch  3100/10986 | ms/batch 204.12 | loss 0.8819 | bpb  1.27 | ppl     2.42 | lr 3.00e-04
2025-05-30 12:16:59,636 | INFO | Gradient norm: 0.0651
2025-05-30 12:16:59,643 | INFO | Train batch  3200/10986 | ms/batch 204.11 | loss 0.8819 | bpb  1.27 | ppl     2.42 | lr 3.00e-04
2025-05-30 12:17:19,998 | INFO | Gradient norm: 0.0294
2025-05-30 12:17:20,006 | INFO | Train batch  3300/10986 | ms/batch 204.10 | loss 0.8819 | bpb  1.27 | ppl     2.42 | lr 3.00e-04
2025-05-30 12:17:40,391 | INFO | Gradient norm: 0.0144
2025-05-30 12:17:40,399 | INFO | Train batch  3400/10986 | ms/batch 204.09 | loss 0.8819 | bpb  1.27 | ppl     2.42 | lr 3.00e-04
2025-05-30 12:18:00,736 | INFO | Gradient norm: 0.0232
2025-05-30 12:18:00,744 | INFO | Train batch  3500/10986 | ms/batch 204.07 | loss 0.8819 | bpb  1.27 | ppl     2.42 | lr 3.00e-04
2025-05-30 12:18:21,167 | INFO | Gradient norm: 0.0341
2025-05-30 12:18:21,175 | INFO | Train batch  3600/10986 | ms/batch 204.08 | loss 0.8819 | bpb  1.27 | ppl     2.42 | lr 3.00e-04
2025-05-30 12:18:41,573 | INFO | Gradient norm: 0.0191
2025-05-30 12:18:41,581 | INFO | Train batch  3700/10986 | ms/batch 204.08 | loss 0.8819 | bpb  1.27 | ppl     2.42 | lr 3.00e-04
2025-05-30 12:19:01,936 | INFO | Gradient norm: 0.0183
2025-05-30 12:19:01,944 | INFO | Train batch  3800/10986 | ms/batch 204.07 | loss 0.8819 | bpb  1.27 | ppl     2.42 | lr 3.00e-04
2025-05-30 12:19:22,349 | INFO | Gradient norm: 0.0229
2025-05-30 12:19:22,357 | INFO | Train batch  3900/10986 | ms/batch 204.07 | loss 0.8818 | bpb  1.27 | ppl     2.42 | lr 3.00e-04
2025-05-30 12:19:42,678 | INFO | Gradient norm: 0.0157
2025-05-30 12:19:42,686 | INFO | Train batch  4000/10986 | ms/batch 204.05 | loss 0.8818 | bpb  1.27 | ppl     2.42 | lr 3.00e-04
2025-05-30 12:20:03,018 | INFO | Gradient norm: 0.0257
2025-05-30 12:20:03,026 | INFO | Train batch  4100/10986 | ms/batch 204.03 | loss 0.8818 | bpb  1.27 | ppl     2.42 | lr 3.00e-04
2025-05-30 12:20:23,452 | INFO | Gradient norm: 0.0279
2025-05-30 12:20:23,460 | INFO | Train batch  4200/10986 | ms/batch 204.04 | loss 0.8818 | bpb  1.27 | ppl     2.42 | lr 3.00e-04
2025-05-30 12:20:43,879 | INFO | Gradient norm: 0.0156
2025-05-30 12:20:43,886 | INFO | Train batch  4300/10986 | ms/batch 204.05 | loss 0.8818 | bpb  1.27 | ppl     2.42 | lr 3.00e-04
2025-05-30 12:21:04,208 | INFO | Gradient norm: 0.0242
2025-05-30 12:21:04,216 | INFO | Train batch  4400/10986 | ms/batch 204.03 | loss 0.8818 | bpb  1.27 | ppl     2.42 | lr 3.00e-04
2025-05-30 12:21:24,634 | INFO | Gradient norm: 0.0332
2025-05-30 12:21:24,642 | INFO | Train batch  4500/10986 | ms/batch 204.04 | loss 0.8818 | bpb  1.27 | ppl     2.42 | lr 3.00e-04
2025-05-30 12:21:44,969 | INFO | Gradient norm: 0.0183
2025-05-30 12:21:44,977 | INFO | Train batch  4600/10986 | ms/batch 204.02 | loss 0.8818 | bpb  1.27 | ppl     2.42 | lr 3.00e-04
2025-05-30 12:22:05,326 | INFO | Gradient norm: 0.0134
2025-05-30 12:22:05,334 | INFO | Train batch  4700/10986 | ms/batch 204.01 | loss 0.8818 | bpb  1.27 | ppl     2.42 | lr 3.00e-04
2025-05-30 12:22:25,671 | INFO | Gradient norm: 0.0189
2025-05-30 12:22:25,679 | INFO | Train batch  4800/10986 | ms/batch 204.00 | loss 0.8818 | bpb  1.27 | ppl     2.42 | lr 3.00e-04
2025-05-30 12:22:46,027 | INFO | Gradient norm: 0.0229
2025-05-30 12:22:46,035 | INFO | Train batch  4900/10986 | ms/batch 203.99 | loss 0.8818 | bpb  1.27 | ppl     2.42 | lr 3.00e-04
2025-05-30 12:23:06,396 | INFO | Gradient norm: 0.0345
2025-05-30 12:23:06,404 | INFO | Train batch  5000/10986 | ms/batch 203.98 | loss 0.8818 | bpb  1.27 | ppl     2.42 | lr 3.00e-04
2025-05-30 12:23:26,729 | INFO | Gradient norm: 0.0210
2025-05-30 12:23:26,737 | INFO | Train batch  5100/10986 | ms/batch 203.97 | loss 0.8818 | bpb  1.27 | ppl     2.42 | lr 3.00e-04
2025-05-30 12:23:47,114 | INFO | Gradient norm: 0.0267
2025-05-30 12:23:47,122 | INFO | Train batch  5200/10986 | ms/batch 203.97 | loss 0.8818 | bpb  1.27 | ppl     2.42 | lr 3.00e-04
2025-05-30 12:24:07,456 | INFO | Gradient norm: 0.0217
2025-05-30 12:24:07,464 | INFO | Train batch  5300/10986 | ms/batch 203.96 | loss 0.8818 | bpb  1.27 | ppl     2.42 | lr 3.00e-04
2025-05-30 12:24:27,777 | INFO | Gradient norm: 0.0155
2025-05-30 12:24:27,785 | INFO | Train batch  5400/10986 | ms/batch 203.94 | loss 0.8818 | bpb  1.27 | ppl     2.42 | lr 3.00e-04
2025-05-30 12:24:48,114 | INFO | Gradient norm: 0.0257
2025-05-30 12:24:48,122 | INFO | Train batch  5500/10986 | ms/batch 203.93 | loss 0.8817 | bpb  1.27 | ppl     2.42 | lr 2.99e-04
2025-05-30 12:25:08,457 | INFO | Gradient norm: 0.0264
2025-05-30 12:25:08,465 | INFO | Train batch  5600/10986 | ms/batch 203.93 | loss 0.8817 | bpb  1.27 | ppl     2.42 | lr 2.99e-04
2025-05-30 12:25:28,798 | INFO | Gradient norm: 0.0280
2025-05-30 12:25:28,806 | INFO | Train batch  5700/10986 | ms/batch 203.92 | loss 0.8817 | bpb  1.27 | ppl     2.42 | lr 2.99e-04
2025-05-30 12:25:49,103 | INFO | Gradient norm: 0.0210
2025-05-30 12:25:49,111 | INFO | Train batch  5800/10986 | ms/batch 203.90 | loss 0.8817 | bpb  1.27 | ppl     2.42 | lr 2.99e-04
2025-05-30 12:26:09,496 | INFO | Gradient norm: 0.0202
2025-05-30 12:26:09,504 | INFO | Train batch  5900/10986 | ms/batch 203.90 | loss 0.8817 | bpb  1.27 | ppl     2.42 | lr 2.99e-04
2025-05-30 12:26:29,822 | INFO | Gradient norm: 0.0114
2025-05-30 12:26:29,830 | INFO | Train batch  6000/10986 | ms/batch 203.89 | loss 0.8817 | bpb  1.27 | ppl     2.42 | lr 2.99e-04
2025-05-30 12:26:50,189 | INFO | Gradient norm: 0.0323
2025-05-30 12:26:50,197 | INFO | Train batch  6100/10986 | ms/batch 203.89 | loss 0.8817 | bpb  1.27 | ppl     2.42 | lr 2.99e-04
2025-05-30 12:27:10,546 | INFO | Gradient norm: 0.0291
2025-05-30 12:27:10,554 | INFO | Train batch  6200/10986 | ms/batch 203.88 | loss 0.8817 | bpb  1.27 | ppl     2.42 | lr 2.99e-04
2025-05-30 12:27:30,881 | INFO | Gradient norm: 0.0383
2025-05-30 12:27:30,889 | INFO | Train batch  6300/10986 | ms/batch 203.87 | loss 0.8817 | bpb  1.27 | ppl     2.41 | lr 2.99e-04
2025-05-30 12:27:51,312 | INFO | Gradient norm: 0.0182
2025-05-30 12:27:51,320 | INFO | Train batch  6400/10986 | ms/batch 203.88 | loss 0.8817 | bpb  1.27 | ppl     2.41 | lr 2.99e-04
2025-05-30 12:28:11,638 | INFO | Gradient norm: 0.0366
2025-05-30 12:28:11,646 | INFO | Train batch  6500/10986 | ms/batch 203.87 | loss 0.8817 | bpb  1.27 | ppl     2.41 | lr 2.99e-04
2025-05-30 12:28:32,109 | INFO | Gradient norm: 0.0284
2025-05-30 12:28:32,117 | INFO | Train batch  6600/10986 | ms/batch 203.88 | loss 0.8817 | bpb  1.27 | ppl     2.41 | lr 2.99e-04
2025-05-30 12:28:52,573 | INFO | Gradient norm: 0.0139
2025-05-30 12:28:52,581 | INFO | Train batch  6700/10986 | ms/batch 203.90 | loss 0.8817 | bpb  1.27 | ppl     2.41 | lr 2.99e-04
2025-05-30 12:29:13,044 | INFO | Gradient norm: 0.0203
2025-05-30 12:29:13,052 | INFO | Train batch  6800/10986 | ms/batch 203.91 | loss 0.8817 | bpb  1.27 | ppl     2.41 | lr 2.99e-04
2025-05-30 12:29:33,535 | INFO | Gradient norm: 0.0143
2025-05-30 12:29:33,543 | INFO | Train batch  6900/10986 | ms/batch 203.92 | loss 0.8817 | bpb  1.27 | ppl     2.41 | lr 2.99e-04
2025-05-30 12:29:53,965 | INFO | Gradient norm: 0.0609
2025-05-30 12:29:53,973 | INFO | Train batch  7000/10986 | ms/batch 203.93 | loss 0.8817 | bpb  1.27 | ppl     2.41 | lr 2.99e-04
2025-05-30 12:30:14,280 | INFO | Gradient norm: 0.0130
2025-05-30 12:30:14,288 | INFO | Train batch  7100/10986 | ms/batch 203.92 | loss 0.8817 | bpb  1.27 | ppl     2.41 | lr 2.99e-04
2025-05-30 12:30:34,625 | INFO | Gradient norm: 0.0354
2025-05-30 12:30:34,633 | INFO | Train batch  7200/10986 | ms/batch 203.91 | loss 0.8817 | bpb  1.27 | ppl     2.41 | lr 2.99e-04
2025-05-30 12:30:54,999 | INFO | Gradient norm: 0.0130
2025-05-30 12:30:55,007 | INFO | Train batch  7300/10986 | ms/batch 203.91 | loss 0.8817 | bpb  1.27 | ppl     2.41 | lr 2.99e-04
2025-05-30 12:31:15,322 | INFO | Gradient norm: 0.0230
2025-05-30 12:31:15,330 | INFO | Train batch  7400/10986 | ms/batch 203.90 | loss 0.8817 | bpb  1.27 | ppl     2.41 | lr 2.99e-04
2025-05-30 12:31:35,711 | INFO | Gradient norm: 0.0171
2025-05-30 12:31:35,719 | INFO | Train batch  7500/10986 | ms/batch 203.90 | loss 0.8817 | bpb  1.27 | ppl     2.41 | lr 2.99e-04
2025-05-30 12:31:56,058 | INFO | Gradient norm: 0.0153
2025-05-30 12:31:56,066 | INFO | Train batch  7600/10986 | ms/batch 203.89 | loss 0.8816 | bpb  1.27 | ppl     2.41 | lr 2.99e-04
2025-05-30 12:32:16,400 | INFO | Gradient norm: 0.0331
2025-05-30 12:32:16,408 | INFO | Train batch  7700/10986 | ms/batch 203.89 | loss 0.8816 | bpb  1.27 | ppl     2.41 | lr 2.99e-04
2025-05-30 12:32:36,772 | INFO | Gradient norm: 0.0390
2025-05-30 12:32:36,780 | INFO | Train batch  7800/10986 | ms/batch 203.88 | loss 0.8816 | bpb  1.27 | ppl     2.41 | lr 2.99e-04
2025-05-30 12:32:57,084 | INFO | Gradient norm: 0.0321
2025-05-30 12:32:57,092 | INFO | Train batch  7900/10986 | ms/batch 203.87 | loss 0.8816 | bpb  1.27 | ppl     2.41 | lr 2.99e-04
2025-05-30 12:33:17,413 | INFO | Gradient norm: 0.0228
2025-05-30 12:33:17,421 | INFO | Train batch  8000/10986 | ms/batch 203.87 | loss 0.8816 | bpb  1.27 | ppl     2.41 | lr 2.99e-04
2025-05-30 12:33:37,794 | INFO | Gradient norm: 0.0190
2025-05-30 12:33:37,802 | INFO | Train batch  8100/10986 | ms/batch 203.87 | loss 0.8816 | bpb  1.27 | ppl     2.41 | lr 2.99e-04
2025-05-30 12:33:58,130 | INFO | Gradient norm: 0.0108
2025-05-30 12:33:58,137 | INFO | Train batch  8200/10986 | ms/batch 203.86 | loss 0.8816 | bpb  1.27 | ppl     2.41 | lr 2.99e-04
2025-05-30 12:34:18,572 | INFO | Gradient norm: 0.0301
2025-05-30 12:34:18,580 | INFO | Train batch  8300/10986 | ms/batch 203.87 | loss 0.8816 | bpb  1.27 | ppl     2.41 | lr 2.99e-04
2025-05-30 12:34:38,879 | INFO | Gradient norm: 0.0204
2025-05-30 12:34:38,887 | INFO | Train batch  8400/10986 | ms/batch 203.86 | loss 0.8816 | bpb  1.27 | ppl     2.41 | lr 2.99e-04
2025-05-30 12:34:59,275 | INFO | Gradient norm: 0.0353
2025-05-30 12:34:59,283 | INFO | Train batch  8500/10986 | ms/batch 203.86 | loss 0.8816 | bpb  1.27 | ppl     2.41 | lr 2.99e-04
2025-05-30 12:35:19,628 | INFO | Gradient norm: 0.0415
2025-05-30 12:35:19,636 | INFO | Train batch  8600/10986 | ms/batch 203.86 | loss 0.8816 | bpb  1.27 | ppl     2.41 | lr 2.99e-04
2025-05-30 12:35:39,955 | INFO | Gradient norm: 0.0233
2025-05-30 12:35:39,963 | INFO | Train batch  8700/10986 | ms/batch 203.85 | loss 0.8816 | bpb  1.27 | ppl     2.41 | lr 2.99e-04
2025-05-30 12:36:00,398 | INFO | Gradient norm: 0.0250
2025-05-30 12:36:00,406 | INFO | Train batch  8800/10986 | ms/batch 203.85 | loss 0.8816 | bpb  1.27 | ppl     2.41 | lr 2.99e-04
2025-05-30 12:36:20,879 | INFO | Gradient norm: 0.0166
2025-05-30 12:36:20,887 | INFO | Train batch  8900/10986 | ms/batch 203.87 | loss 0.8816 | bpb  1.27 | ppl     2.41 | lr 2.99e-04
2025-05-30 12:36:41,261 | INFO | Gradient norm: 0.0246
2025-05-30 12:36:41,269 | INFO | Train batch  9000/10986 | ms/batch 203.87 | loss 0.8816 | bpb  1.27 | ppl     2.41 | lr 2.99e-04
2025-05-30 12:37:01,614 | INFO | Gradient norm: 0.0396
2025-05-30 12:37:01,622 | INFO | Train batch  9100/10986 | ms/batch 203.86 | loss 0.8816 | bpb  1.27 | ppl     2.41 | lr 2.99e-04
2025-05-30 12:37:21,960 | INFO | Gradient norm: 0.0163
2025-05-30 12:37:21,968 | INFO | Train batch  9200/10986 | ms/batch 203.86 | loss 0.8816 | bpb  1.27 | ppl     2.41 | lr 2.99e-04
2025-05-30 12:37:42,394 | INFO | Gradient norm: 0.0129
2025-05-30 12:37:42,402 | INFO | Train batch  9300/10986 | ms/batch 203.86 | loss 0.8816 | bpb  1.27 | ppl     2.41 | lr 2.99e-04
2025-05-30 12:38:02,742 | INFO | Gradient norm: 0.0256
2025-05-30 12:38:02,750 | INFO | Train batch  9400/10986 | ms/batch 203.86 | loss 0.8816 | bpb  1.27 | ppl     2.41 | lr 2.99e-04
2025-05-30 12:38:23,118 | INFO | Gradient norm: 0.0233
2025-05-30 12:38:23,126 | INFO | Train batch  9500/10986 | ms/batch 203.86 | loss 0.8815 | bpb  1.27 | ppl     2.41 | lr 2.99e-04
2025-05-30 12:38:43,431 | INFO | Gradient norm: 0.0095
2025-05-30 12:38:43,439 | INFO | Train batch  9600/10986 | ms/batch 203.85 | loss 0.8815 | bpb  1.27 | ppl     2.41 | lr 2.99e-04
2025-05-30 12:39:03,808 | INFO | Gradient norm: 0.0106
2025-05-30 12:39:03,816 | INFO | Train batch  9700/10986 | ms/batch 203.85 | loss 0.8815 | bpb  1.27 | ppl     2.41 | lr 2.99e-04
2025-05-30 12:39:24,192 | INFO | Gradient norm: 0.0389
2025-05-30 12:39:24,200 | INFO | Train batch  9800/10986 | ms/batch 203.85 | loss 0.8815 | bpb  1.27 | ppl     2.41 | lr 2.99e-04
2025-05-30 12:39:44,637 | INFO | Gradient norm: 0.0127
2025-05-30 12:39:44,645 | INFO | Train batch  9900/10986 | ms/batch 203.85 | loss 0.8815 | bpb  1.27 | ppl     2.41 | lr 2.99e-04
2025-05-30 12:40:04,985 | INFO | Gradient norm: 0.0107
2025-05-30 12:40:04,993 | INFO | Train batch 10000/10986 | ms/batch 203.85 | loss 0.8815 | bpb  1.27 | ppl     2.41 | lr 2.99e-04
2025-05-30 12:40:25,321 | INFO | Gradient norm: 0.0288
2025-05-30 12:40:25,329 | INFO | Train batch 10100/10986 | ms/batch 203.85 | loss 0.8815 | bpb  1.27 | ppl     2.41 | lr 2.99e-04
2025-05-30 12:40:45,668 | INFO | Gradient norm: 0.0262
2025-05-30 12:40:45,676 | INFO | Train batch 10200/10986 | ms/batch 203.84 | loss 0.8815 | bpb  1.27 | ppl     2.41 | lr 2.99e-04
2025-05-30 12:41:06,028 | INFO | Gradient norm: 0.0332
2025-05-30 12:41:06,036 | INFO | Train batch 10300/10986 | ms/batch 203.84 | loss 0.8815 | bpb  1.27 | ppl     2.41 | lr 2.99e-04
2025-05-30 12:41:26,446 | INFO | Gradient norm: 0.0175
2025-05-30 12:41:26,454 | INFO | Train batch 10400/10986 | ms/batch 203.84 | loss 0.8815 | bpb  1.27 | ppl     2.41 | lr 2.99e-04
2025-05-30 12:41:46,821 | INFO | Gradient norm: 0.0329
2025-05-30 12:41:46,829 | INFO | Train batch 10500/10986 | ms/batch 203.84 | loss 0.8815 | bpb  1.27 | ppl     2.41 | lr 2.99e-04
2025-05-30 12:42:07,201 | INFO | Gradient norm: 0.0189
2025-05-30 12:42:07,209 | INFO | Train batch 10600/10986 | ms/batch 203.84 | loss 0.8815 | bpb  1.27 | ppl     2.41 | lr 2.99e-04
2025-05-30 12:42:27,559 | INFO | Gradient norm: 0.0457
2025-05-30 12:42:27,566 | INFO | Train batch 10700/10986 | ms/batch 203.84 | loss 0.8815 | bpb  1.27 | ppl     2.41 | lr 2.99e-04
2025-05-30 12:42:47,940 | INFO | Gradient norm: 0.0286
2025-05-30 12:42:47,948 | INFO | Train batch 10800/10986 | ms/batch 203.84 | loss 0.8815 | bpb  1.27 | ppl     2.41 | lr 2.99e-04
2025-05-30 12:43:08,308 | INFO | Gradient norm: 0.0109
2025-05-30 12:43:08,316 | INFO | Train batch 10900/10986 | ms/batch 203.84 | loss 0.8815 | bpb  1.27 | ppl     2.41 | lr 2.99e-04
2025-05-30 12:44:43,318 | INFO | Epoch   1 | time: 2317.04s | train bpb  1.27 | valid bpb  1.28
2025-05-30 12:44:45,031 | INFO | Saved new best model with validation bpb:  1.28
2025-05-30 12:44:45,092 | INFO | Input shape: torch.Size([16, 511]), Target shape: torch.Size([16, 511])
2025-05-30 12:44:45,092 | INFO | Input range: [10, 226]
2025-05-30 12:44:45,092 | INFO | Target range: [10, 226]
2025-05-30 12:44:45,129 | INFO | Output shape: torch.Size([8176, 256]), Reshaped target shape: torch.Size([8176])
2025-05-30 12:44:45,130 | INFO | Output range: [-7.234375, 9.171875]
2025-05-30 12:44:45,130 | INFO | Sample probabilities: max=0.9075402617454529, min=0.0002724532096181065
2025-05-30 12:44:45,130 | INFO | Raw loss value: 0.8808141946792603
2025-05-30 12:44:45,131 | INFO | Batch 0 loss stats - Mean: -0.2988, Std: 0.7212
2025-05-30 12:44:45,280 | INFO | Gradient norm: 0.0190
2025-05-30 12:44:45,288 | INFO | Train batch     0/10986 | ms/batch 196.94 | loss 0.8808 | bpb  1.27 | ppl     2.41 | lr 2.99e-04
2025-05-30 12:45:05,581 | INFO | Gradient norm: 0.0181
2025-05-30 12:45:05,589 | INFO | Train batch   100/10986 | ms/batch 202.94 | loss 0.8827 | bpb  1.27 | ppl     2.42 | lr 2.99e-04
2025-05-30 12:45:26,050 | INFO | Gradient norm: 0.0284
2025-05-30 12:45:26,058 | INFO | Train batch   200/10986 | ms/batch 203.81 | loss 0.8821 | bpb  1.27 | ppl     2.42 | lr 2.99e-04
2025-05-30 12:45:46,542 | INFO | Gradient norm: 0.0097
2025-05-30 12:45:46,550 | INFO | Train batch   300/10986 | ms/batch 204.18 | loss 0.8817 | bpb  1.27 | ppl     2.41 | lr 2.99e-04
2025-05-30 12:46:06,904 | INFO | Gradient norm: 0.0401
2025-05-30 12:46:06,912 | INFO | Train batch   400/10986 | ms/batch 204.04 | loss 0.8815 | bpb  1.27 | ppl     2.41 | lr 2.99e-04
2025-05-30 12:46:27,258 | INFO | Gradient norm: 0.0157
2025-05-30 12:46:27,266 | INFO | Train batch   500/10986 | ms/batch 203.94 | loss 0.8814 | bpb  1.27 | ppl     2.41 | lr 2.99e-04
2025-05-30 12:46:47,585 | INFO | Gradient norm: 0.0098
2025-05-30 12:46:47,593 | INFO | Train batch   600/10986 | ms/batch 203.83 | loss 0.8813 | bpb  1.27 | ppl     2.41 | lr 2.99e-04
2025-05-30 12:47:07,975 | INFO | Gradient norm: 0.0158
2025-05-30 12:47:07,983 | INFO | Train batch   700/10986 | ms/batch 203.84 | loss 0.8813 | bpb  1.27 | ppl     2.41 | lr 2.99e-04
2025-05-30 12:47:28,330 | INFO | Gradient norm: 0.0113
2025-05-30 12:47:28,338 | INFO | Train batch   800/10986 | ms/batch 203.80 | loss 0.8812 | bpb  1.27 | ppl     2.41 | lr 2.99e-04
2025-05-30 12:47:48,786 | INFO | Gradient norm: 0.0111
2025-05-30 12:47:48,793 | INFO | Train batch   900/10986 | ms/batch 203.89 | loss 0.8812 | bpb  1.27 | ppl     2.41 | lr 2.99e-04
2025-05-30 12:48:09,098 | INFO | Gradient norm: 0.0134
2025-05-30 12:48:09,105 | INFO | Train batch  1000/10986 | ms/batch 203.81 | loss 0.8811 | bpb  1.27 | ppl     2.41 | lr 2.99e-04
2025-05-30 12:48:29,471 | INFO | Gradient norm: 0.0249
2025-05-30 12:48:29,478 | INFO | Train batch  1100/10986 | ms/batch 203.80 | loss 0.8811 | bpb  1.27 | ppl     2.41 | lr 2.99e-04
2025-05-30 12:48:49,800 | INFO | Gradient norm: 0.0365
2025-05-30 12:48:49,807 | INFO | Train batch  1200/10986 | ms/batch 203.76 | loss 0.8811 | bpb  1.27 | ppl     2.41 | lr 2.99e-04
2025-05-30 12:49:10,124 | INFO | Gradient norm: 0.0238
2025-05-30 12:49:10,132 | INFO | Train batch  1300/10986 | ms/batch 203.72 | loss 0.8811 | bpb  1.27 | ppl     2.41 | lr 2.99e-04
2025-05-30 12:49:30,530 | INFO | Gradient norm: 0.0247
2025-05-30 12:49:30,538 | INFO | Train batch  1400/10986 | ms/batch 203.75 | loss 0.8811 | bpb  1.27 | ppl     2.41 | lr 2.99e-04
2025-05-30 12:49:50,858 | INFO | Gradient norm: 0.0156
2025-05-30 12:49:50,866 | INFO | Train batch  1500/10986 | ms/batch 203.71 | loss 0.8811 | bpb  1.27 | ppl     2.41 | lr 2.99e-04
2025-05-30 12:50:11,192 | INFO | Gradient norm: 0.0182
2025-05-30 12:50:11,200 | INFO | Train batch  1600/10986 | ms/batch 203.69 | loss 0.8811 | bpb  1.27 | ppl     2.41 | lr 2.99e-04
2025-05-30 12:50:31,608 | INFO | Gradient norm: 0.0295
2025-05-30 12:50:31,616 | INFO | Train batch  1700/10986 | ms/batch 203.72 | loss 0.8811 | bpb  1.27 | ppl     2.41 | lr 2.99e-04
2025-05-30 12:50:51,934 | INFO | Gradient norm: 0.0188
2025-05-30 12:50:51,941 | INFO | Train batch  1800/10986 | ms/batch 203.69 | loss 0.8811 | bpb  1.27 | ppl     2.41 | lr 2.99e-04
2025-05-30 12:51:12,342 | INFO | Gradient norm: 0.0160
2025-05-30 12:51:12,350 | INFO | Train batch  1900/10986 | ms/batch 203.71 | loss 0.8810 | bpb  1.27 | ppl     2.41 | lr 2.99e-04
2025-05-30 12:51:32,662 | INFO | Gradient norm: 0.0211
2025-05-30 12:51:32,670 | INFO | Train batch  2000/10986 | ms/batch 203.69 | loss 0.8811 | bpb  1.27 | ppl     2.41 | lr 2.99e-04
2025-05-30 12:51:52,989 | INFO | Gradient norm: 0.0319
2025-05-30 12:51:52,997 | INFO | Train batch  2100/10986 | ms/batch 203.67 | loss 0.8811 | bpb  1.27 | ppl     2.41 | lr 2.99e-04
2025-05-30 12:52:13,424 | INFO | Gradient norm: 0.0218
2025-05-30 12:52:13,432 | INFO | Train batch  2200/10986 | ms/batch 203.70 | loss 0.8811 | bpb  1.27 | ppl     2.41 | lr 2.99e-04
2025-05-30 12:52:33,905 | INFO | Gradient norm: 0.0110
2025-05-30 12:52:33,913 | INFO | Train batch  2300/10986 | ms/batch 203.75 | loss 0.8811 | bpb  1.27 | ppl     2.41 | lr 2.99e-04
2025-05-30 12:52:54,334 | INFO | Gradient norm: 0.0291
2025-05-30 12:52:54,342 | INFO | Train batch  2400/10986 | ms/batch 203.77 | loss 0.8811 | bpb  1.27 | ppl     2.41 | lr 2.99e-04
2025-05-30 12:53:14,657 | INFO | Gradient norm: 0.0169
2025-05-30 12:53:14,664 | INFO | Train batch  2500/10986 | ms/batch 203.75 | loss 0.8810 | bpb  1.27 | ppl     2.41 | lr 2.99e-04
2025-05-30 12:53:35,092 | INFO | Gradient norm: 0.0116
2025-05-30 12:53:35,100 | INFO | Train batch  2600/10986 | ms/batch 203.77 | loss 0.8810 | bpb  1.27 | ppl     2.41 | lr 2.99e-04
2025-05-30 12:53:55,436 | INFO | Gradient norm: 0.0233
2025-05-30 12:53:55,444 | INFO | Train batch  2700/10986 | ms/batch 203.76 | loss 0.8810 | bpb  1.27 | ppl     2.41 | lr 2.99e-04
2025-05-30 12:54:15,881 | INFO | Gradient norm: 0.0424
2025-05-30 12:54:15,889 | INFO | Train batch  2800/10986 | ms/batch 203.78 | loss 0.8810 | bpb  1.27 | ppl     2.41 | lr 2.99e-04
2025-05-30 12:54:36,190 | INFO | Gradient norm: 0.0125
2025-05-30 12:54:36,198 | INFO | Train batch  2900/10986 | ms/batch 203.76 | loss 0.8810 | bpb  1.27 | ppl     2.41 | lr 2.99e-04
2025-05-30 12:54:56,502 | INFO | Gradient norm: 0.0277
2025-05-30 12:54:56,510 | INFO | Train batch  3000/10986 | ms/batch 203.74 | loss 0.8810 | bpb  1.27 | ppl     2.41 | lr 2.99e-04
2025-05-30 12:55:16,879 | INFO | Gradient norm: 0.0192
2025-05-30 12:55:16,886 | INFO | Train batch  3100/10986 | ms/batch 203.74 | loss 0.8810 | bpb  1.27 | ppl     2.41 | lr 2.99e-04
2025-05-30 12:55:37,190 | INFO | Gradient norm: 0.0089
2025-05-30 12:55:37,198 | INFO | Train batch  3200/10986 | ms/batch 203.72 | loss 0.8810 | bpb  1.27 | ppl     2.41 | lr 2.99e-04
2025-05-30 12:55:57,474 | INFO | Gradient norm: 0.0104
2025-05-30 12:55:57,482 | INFO | Train batch  3300/10986 | ms/batch 203.69 | loss 0.8810 | bpb  1.27 | ppl     2.41 | lr 2.99e-04
2025-05-30 12:56:17,921 | INFO | Gradient norm: 0.0285
2025-05-30 12:56:17,929 | INFO | Train batch  3400/10986 | ms/batch 203.72 | loss 0.8810 | bpb  1.27 | ppl     2.41 | lr 2.99e-04
2025-05-30 12:56:38,226 | INFO | Gradient norm: 0.0345
2025-05-30 12:56:38,233 | INFO | Train batch  3500/10986 | ms/batch 203.70 | loss 0.8810 | bpb  1.27 | ppl     2.41 | lr 2.99e-04
2025-05-30 12:56:58,529 | INFO | Gradient norm: 0.0160
2025-05-30 12:56:58,537 | INFO | Train batch  3600/10986 | ms/batch 203.68 | loss 0.8810 | bpb  1.27 | ppl     2.41 | lr 2.99e-04
2025-05-30 12:57:18,861 | INFO | Gradient norm: 0.0128
2025-05-30 12:57:18,869 | INFO | Train batch  3700/10986 | ms/batch 203.67 | loss 0.8810 | bpb  1.27 | ppl     2.41 | lr 2.99e-04
2025-05-30 12:57:39,212 | INFO | Gradient norm: 0.0109
2025-05-30 12:57:39,220 | INFO | Train batch  3800/10986 | ms/batch 203.66 | loss 0.8810 | bpb  1.27 | ppl     2.41 | lr 2.99e-04
2025-05-30 12:57:59,533 | INFO | Gradient norm: 0.0097
2025-05-30 12:57:59,540 | INFO | Train batch  3900/10986 | ms/batch 203.65 | loss 0.8810 | bpb  1.27 | ppl     2.41 | lr 2.99e-04
2025-05-30 12:58:19,882 | INFO | Gradient norm: 0.0179
2025-05-30 12:58:19,890 | INFO | Train batch  4000/10986 | ms/batch 203.65 | loss 0.8810 | bpb  1.27 | ppl     2.41 | lr 2.99e-04
2025-05-30 12:58:40,283 | INFO | Gradient norm: 0.0145
2025-05-30 12:58:40,291 | INFO | Train batch  4100/10986 | ms/batch 203.66 | loss 0.8810 | bpb  1.27 | ppl     2.41 | lr 2.99e-04
2025-05-30 12:59:00,651 | INFO | Gradient norm: 0.0257
2025-05-30 12:59:00,659 | INFO | Train batch  4200/10986 | ms/batch 203.66 | loss 0.8810 | bpb  1.27 | ppl     2.41 | lr 2.99e-04
2025-05-30 12:59:20,972 | INFO | Gradient norm: 0.0288
2025-05-30 12:59:20,980 | INFO | Train batch  4300/10986 | ms/batch 203.65 | loss 0.8810 | bpb  1.27 | ppl     2.41 | lr 2.99e-04
2025-05-30 12:59:41,287 | INFO | Gradient norm: 0.0126
2025-05-30 12:59:41,295 | INFO | Train batch  4400/10986 | ms/batch 203.64 | loss 0.8810 | bpb  1.27 | ppl     2.41 | lr 2.99e-04
2025-05-30 13:00:01,603 | INFO | Gradient norm: 0.0203
2025-05-30 13:00:01,611 | INFO | Train batch  4500/10986 | ms/batch 203.63 | loss 0.8810 | bpb  1.27 | ppl     2.41 | lr 2.99e-04
2025-05-30 13:00:22,039 | INFO | Gradient norm: 0.0198
2025-05-30 13:00:22,047 | INFO | Train batch  4600/10986 | ms/batch 203.64 | loss 0.8810 | bpb  1.27 | ppl     2.41 | lr 2.99e-04
2025-05-30 13:00:42,359 | INFO | Gradient norm: 0.0096
2025-05-30 13:00:42,367 | INFO | Train batch  4700/10986 | ms/batch 203.63 | loss 0.8810 | bpb  1.27 | ppl     2.41 | lr 2.99e-04
2025-05-30 13:01:02,679 | INFO | Gradient norm: 0.0222
2025-05-30 13:01:02,687 | INFO | Train batch  4800/10986 | ms/batch 203.62 | loss 0.8810 | bpb  1.27 | ppl     2.41 | lr 2.99e-04
2025-05-30 13:01:23,042 | INFO | Gradient norm: 0.0087
2025-05-30 13:01:23,050 | INFO | Train batch  4900/10986 | ms/batch 203.62 | loss 0.8810 | bpb  1.27 | ppl     2.41 | lr 2.99e-04
2025-05-30 13:01:43,375 | INFO | Gradient norm: 0.0187
2025-05-30 13:01:43,383 | INFO | Train batch  5000/10986 | ms/batch 203.62 | loss 0.8810 | bpb  1.27 | ppl     2.41 | lr 2.99e-04
2025-05-30 13:02:03,734 | INFO | Gradient norm: 0.0144
2025-05-30 13:02:03,742 | INFO | Train batch  5100/10986 | ms/batch 203.62 | loss 0.8810 | bpb  1.27 | ppl     2.41 | lr 2.99e-04
2025-05-30 13:02:24,013 | INFO | Gradient norm: 0.0116
2025-05-30 13:02:24,021 | INFO | Train batch  5200/10986 | ms/batch 203.60 | loss 0.8810 | bpb  1.27 | ppl     2.41 | lr 2.98e-04
2025-05-30 13:02:44,365 | INFO | Gradient norm: 0.0205
2025-05-30 13:02:44,373 | INFO | Train batch  5300/10986 | ms/batch 203.60 | loss 0.8810 | bpb  1.27 | ppl     2.41 | lr 2.98e-04
2025-05-30 13:03:04,668 | INFO | Gradient norm: 0.0179
2025-05-30 13:03:04,676 | INFO | Train batch  5400/10986 | ms/batch 203.59 | loss 0.8810 | bpb  1.27 | ppl     2.41 | lr 2.98e-04
2025-05-30 13:03:24,982 | INFO | Gradient norm: 0.0097
2025-05-30 13:03:24,990 | INFO | Train batch  5500/10986 | ms/batch 203.58 | loss 0.8810 | bpb  1.27 | ppl     2.41 | lr 2.98e-04
2025-05-30 13:03:45,345 | INFO | Gradient norm: 0.0185
2025-05-30 13:03:45,353 | INFO | Train batch  5600/10986 | ms/batch 203.58 | loss 0.8810 | bpb  1.27 | ppl     2.41 | lr 2.98e-04
2025-05-30 13:04:05,669 | INFO | Gradient norm: 0.0236
2025-05-30 13:04:05,677 | INFO | Train batch  5700/10986 | ms/batch 203.58 | loss 0.8809 | bpb  1.27 | ppl     2.41 | lr 2.98e-04
2025-05-30 13:04:25,973 | INFO | Gradient norm: 0.0094
2025-05-30 13:04:25,981 | INFO | Train batch  5800/10986 | ms/batch 203.57 | loss 0.8809 | bpb  1.27 | ppl     2.41 | lr 2.98e-04
2025-05-30 13:04:46,305 | INFO | Gradient norm: 0.0089
2025-05-30 13:04:46,313 | INFO | Train batch  5900/10986 | ms/batch 203.56 | loss 0.8809 | bpb  1.27 | ppl     2.41 | lr 2.98e-04
2025-05-30 13:05:06,621 | INFO | Gradient norm: 0.0144
2025-05-30 13:05:06,629 | INFO | Train batch  6000/10986 | ms/batch 203.56 | loss 0.8809 | bpb  1.27 | ppl     2.41 | lr 2.98e-04
2025-05-30 13:05:26,926 | INFO | Gradient norm: 0.0243
2025-05-30 13:05:26,934 | INFO | Train batch  6100/10986 | ms/batch 203.55 | loss 0.8809 | bpb  1.27 | ppl     2.41 | lr 2.98e-04
2025-05-30 13:05:47,252 | INFO | Gradient norm: 0.0333
2025-05-30 13:05:47,260 | INFO | Train batch  6200/10986 | ms/batch 203.54 | loss 0.8809 | bpb  1.27 | ppl     2.41 | lr 2.98e-04
2025-05-30 13:06:07,550 | INFO | Gradient norm: 0.0284
2025-05-30 13:06:07,558 | INFO | Train batch  6300/10986 | ms/batch 203.53 | loss 0.8809 | bpb  1.27 | ppl     2.41 | lr 2.98e-04
2025-05-30 13:06:27,866 | INFO | Gradient norm: 0.0180
2025-05-30 13:06:27,874 | INFO | Train batch  6400/10986 | ms/batch 203.53 | loss 0.8809 | bpb  1.27 | ppl     2.41 | lr 2.98e-04
2025-05-30 13:06:48,181 | INFO | Gradient norm: 0.0268
2025-05-30 13:06:48,189 | INFO | Train batch  6500/10986 | ms/batch 203.52 | loss 0.8809 | bpb  1.27 | ppl     2.41 | lr 2.98e-04
2025-05-30 13:07:08,458 | INFO | Gradient norm: 0.0139
2025-05-30 13:07:08,466 | INFO | Train batch  6600/10986 | ms/batch 203.51 | loss 0.8809 | bpb  1.27 | ppl     2.41 | lr 2.98e-04
2025-05-30 13:07:28,749 | INFO | Gradient norm: 0.0293
2025-05-30 13:07:28,757 | INFO | Train batch  6700/10986 | ms/batch 203.50 | loss 0.8809 | bpb  1.27 | ppl     2.41 | lr 2.98e-04
2025-05-30 13:07:49,062 | INFO | Gradient norm: 0.0273
2025-05-30 13:07:49,070 | INFO | Train batch  6800/10986 | ms/batch 203.50 | loss 0.8809 | bpb  1.27 | ppl     2.41 | lr 2.98e-04
2025-05-30 13:08:09,375 | INFO | Gradient norm: 0.0203
2025-05-30 13:08:09,383 | INFO | Train batch  6900/10986 | ms/batch 203.49 | loss 0.8809 | bpb  1.27 | ppl     2.41 | lr 2.98e-04
2025-05-30 13:08:29,663 | INFO | Gradient norm: 0.0111
2025-05-30 13:08:29,670 | INFO | Train batch  7000/10986 | ms/batch 203.48 | loss 0.8809 | bpb  1.27 | ppl     2.41 | lr 2.98e-04
2025-05-30 13:08:49,992 | INFO | Gradient norm: 0.0166
2025-05-30 13:08:50,000 | INFO | Train batch  7100/10986 | ms/batch 203.48 | loss 0.8809 | bpb  1.27 | ppl     2.41 | lr 2.98e-04
2025-05-30 13:09:10,311 | INFO | Gradient norm: 0.0141
2025-05-30 13:09:10,319 | INFO | Train batch  7200/10986 | ms/batch 203.48 | loss 0.8809 | bpb  1.27 | ppl     2.41 | lr 2.98e-04
2025-05-30 13:09:30,640 | INFO | Gradient norm: 0.0133
2025-05-30 13:09:30,648 | INFO | Train batch  7300/10986 | ms/batch 203.47 | loss 0.8809 | bpb  1.27 | ppl     2.41 | lr 2.98e-04
2025-05-30 13:09:50,982 | INFO | Gradient norm: 0.0155
2025-05-30 13:09:50,990 | INFO | Train batch  7400/10986 | ms/batch 203.47 | loss 0.8809 | bpb  1.27 | ppl     2.41 | lr 2.98e-04
2025-05-30 13:10:11,298 | INFO | Gradient norm: 0.0324
2025-05-30 13:10:11,306 | INFO | Train batch  7500/10986 | ms/batch 203.47 | loss 0.8809 | bpb  1.27 | ppl     2.41 | lr 2.98e-04
2025-05-30 13:10:31,567 | INFO | Gradient norm: 0.0089
2025-05-30 13:10:31,575 | INFO | Train batch  7600/10986 | ms/batch 203.46 | loss 0.8809 | bpb  1.27 | ppl     2.41 | lr 2.98e-04
2025-05-30 13:10:51,940 | INFO | Gradient norm: 0.0260
2025-05-30 13:10:51,948 | INFO | Train batch  7700/10986 | ms/batch 203.46 | loss 0.8809 | bpb  1.27 | ppl     2.41 | lr 2.98e-04
2025-05-30 13:11:12,238 | INFO | Gradient norm: 0.0114
2025-05-30 13:11:12,246 | INFO | Train batch  7800/10986 | ms/batch 203.46 | loss 0.8809 | bpb  1.27 | ppl     2.41 | lr 2.98e-04
2025-05-30 13:11:32,546 | INFO | Gradient norm: 0.0191
2025-05-30 13:11:32,554 | INFO | Train batch  7900/10986 | ms/batch 203.45 | loss 0.8809 | bpb  1.27 | ppl     2.41 | lr 2.98e-04
2025-05-30 13:11:52,892 | INFO | Gradient norm: 0.0178
2025-05-30 13:11:52,900 | INFO | Train batch  8000/10986 | ms/batch 203.45 | loss 0.8809 | bpb  1.27 | ppl     2.41 | lr 2.98e-04
2025-05-30 13:12:13,227 | INFO | Gradient norm: 0.0285
2025-05-30 13:12:13,235 | INFO | Train batch  8100/10986 | ms/batch 203.45 | loss 0.8809 | bpb  1.27 | ppl     2.41 | lr 2.98e-04
2025-05-30 13:12:33,572 | INFO | Gradient norm: 0.0109
2025-05-30 13:12:33,580 | INFO | Train batch  8200/10986 | ms/batch 203.45 | loss 0.8809 | bpb  1.27 | ppl     2.41 | lr 2.98e-04
2025-05-30 13:12:53,889 | INFO | Gradient norm: 0.0151
2025-05-30 13:12:53,897 | INFO | Train batch  8300/10986 | ms/batch 203.45 | loss 0.8809 | bpb  1.27 | ppl     2.41 | lr 2.98e-04
2025-05-30 13:13:14,188 | INFO | Gradient norm: 0.0149
2025-05-30 13:13:14,196 | INFO | Train batch  8400/10986 | ms/batch 203.44 | loss 0.8809 | bpb  1.27 | ppl     2.41 | lr 2.98e-04
2025-05-30 13:13:34,572 | INFO | Gradient norm: 0.0238
2025-05-30 13:13:34,580 | INFO | Train batch  8500/10986 | ms/batch 203.45 | loss 0.8809 | bpb  1.27 | ppl     2.41 | lr 2.98e-04
2025-05-30 13:13:54,880 | INFO | Gradient norm: 0.0159
2025-05-30 13:13:54,888 | INFO | Train batch  8600/10986 | ms/batch 203.44 | loss 0.8809 | bpb  1.27 | ppl     2.41 | lr 2.98e-04
2025-05-30 13:14:15,162 | INFO | Gradient norm: 0.0301
2025-05-30 13:14:15,170 | INFO | Train batch  8700/10986 | ms/batch 203.43 | loss 0.8809 | bpb  1.27 | ppl     2.41 | lr 2.98e-04
2025-05-30 13:14:35,476 | INFO | Gradient norm: 0.0289
2025-05-30 13:14:35,483 | INFO | Train batch  8800/10986 | ms/batch 203.43 | loss 0.8809 | bpb  1.27 | ppl     2.41 | lr 2.98e-04
2025-05-30 13:14:55,824 | INFO | Gradient norm: 0.0175
2025-05-30 13:14:55,832 | INFO | Train batch  8900/10986 | ms/batch 203.43 | loss 0.8809 | bpb  1.27 | ppl     2.41 | lr 2.98e-04
2025-05-30 13:15:16,168 | INFO | Gradient norm: 0.0149
2025-05-30 13:15:16,176 | INFO | Train batch  9000/10986 | ms/batch 203.43 | loss 0.8809 | bpb  1.27 | ppl     2.41 | lr 2.98e-04
2025-05-30 13:15:36,472 | INFO | Gradient norm: 0.0132
2025-05-30 13:15:36,480 | INFO | Train batch  9100/10986 | ms/batch 203.43 | loss 0.8809 | bpb  1.27 | ppl     2.41 | lr 2.98e-04
2025-05-30 13:15:56,798 | INFO | Gradient norm: 0.0170
2025-05-30 13:15:56,806 | INFO | Train batch  9200/10986 | ms/batch 203.43 | loss 0.8809 | bpb  1.27 | ppl     2.41 | lr 2.98e-04
2025-05-30 13:16:17,139 | INFO | Gradient norm: 0.0194
2025-05-30 13:16:17,147 | INFO | Train batch  9300/10986 | ms/batch 203.42 | loss 0.8809 | bpb  1.27 | ppl     2.41 | lr 2.98e-04
2025-05-30 13:16:37,480 | INFO | Gradient norm: 0.0082
2025-05-30 13:16:37,488 | INFO | Train batch  9400/10986 | ms/batch 203.42 | loss 0.8809 | bpb  1.27 | ppl     2.41 | lr 2.98e-04
2025-05-30 13:16:57,791 | INFO | Gradient norm: 0.0200
2025-05-30 13:16:57,799 | INFO | Train batch  9500/10986 | ms/batch 203.42 | loss 0.8809 | bpb  1.27 | ppl     2.41 | lr 2.98e-04
2025-05-30 13:17:18,223 | INFO | Gradient norm: 0.0130
2025-05-30 13:17:18,231 | INFO | Train batch  9600/10986 | ms/batch 203.43 | loss 0.8809 | bpb  1.27 | ppl     2.41 | lr 2.98e-04
2025-05-30 13:17:38,545 | INFO | Gradient norm: 0.0089
2025-05-30 13:17:38,553 | INFO | Train batch  9700/10986 | ms/batch 203.43 | loss 0.8809 | bpb  1.27 | ppl     2.41 | lr 2.98e-04
2025-05-30 13:17:58,857 | INFO | Gradient norm: 0.0182
2025-05-30 13:17:58,865 | INFO | Train batch  9800/10986 | ms/batch 203.43 | loss 0.8809 | bpb  1.27 | ppl     2.41 | lr 2.98e-04
2025-05-30 13:18:19,142 | INFO | Gradient norm: 0.0100
2025-05-30 13:18:19,150 | INFO | Train batch  9900/10986 | ms/batch 203.42 | loss 0.8809 | bpb  1.27 | ppl     2.41 | lr 2.98e-04
2025-05-30 13:18:39,527 | INFO | Gradient norm: 0.0153
2025-05-30 13:18:39,535 | INFO | Train batch 10000/10986 | ms/batch 203.42 | loss 0.8808 | bpb  1.27 | ppl     2.41 | lr 2.98e-04
2025-05-30 13:18:59,859 | INFO | Gradient norm: 0.0183
2025-05-30 13:18:59,866 | INFO | Train batch 10100/10986 | ms/batch 203.42 | loss 0.8808 | bpb  1.27 | ppl     2.41 | lr 2.98e-04
2025-05-30 13:19:20,227 | INFO | Gradient norm: 0.0120
2025-05-30 13:19:20,235 | INFO | Train batch 10200/10986 | ms/batch 203.43 | loss 0.8808 | bpb  1.27 | ppl     2.41 | lr 2.98e-04
2025-05-30 13:19:40,580 | INFO | Gradient norm: 0.0373
2025-05-30 13:19:40,588 | INFO | Train batch 10300/10986 | ms/batch 203.43 | loss 0.8808 | bpb  1.27 | ppl     2.41 | lr 2.98e-04
2025-05-30 13:20:00,896 | INFO | Gradient norm: 0.0162
2025-05-30 13:20:00,904 | INFO | Train batch 10400/10986 | ms/batch 203.42 | loss 0.8808 | bpb  1.27 | ppl     2.41 | lr 2.98e-04
2025-05-30 13:20:21,202 | INFO | Gradient norm: 0.0098
2025-05-30 13:20:21,210 | INFO | Train batch 10500/10986 | ms/batch 203.42 | loss 0.8808 | bpb  1.27 | ppl     2.41 | lr 2.98e-04
2025-05-30 13:20:41,570 | INFO | Gradient norm: 0.0135
2025-05-30 13:20:41,577 | INFO | Train batch 10600/10986 | ms/batch 203.42 | loss 0.8808 | bpb  1.27 | ppl     2.41 | lr 2.98e-04
2025-05-30 13:21:01,885 | INFO | Gradient norm: 0.0563
2025-05-30 13:21:01,892 | INFO | Train batch 10700/10986 | ms/batch 203.42 | loss 0.8808 | bpb  1.27 | ppl     2.41 | lr 2.98e-04
2025-05-30 13:21:22,199 | INFO | Gradient norm: 0.0188
2025-05-30 13:21:22,207 | INFO | Train batch 10800/10986 | ms/batch 203.42 | loss 0.8808 | bpb  1.27 | ppl     2.41 | lr 2.98e-04
2025-05-30 13:21:42,556 | INFO | Gradient norm: 0.0094
2025-05-30 13:21:42,564 | INFO | Train batch 10900/10986 | ms/batch 203.42 | loss 0.8808 | bpb  1.27 | ppl     2.41 | lr 2.98e-04
2025-05-30 13:23:16,750 | INFO | Epoch   2 | time: 2311.66s | train bpb  1.27 | valid bpb  1.28
2025-05-30 13:23:17,934 | INFO | Saved new best model with validation bpb:  1.28
2025-05-30 13:23:17,995 | INFO | Input shape: torch.Size([16, 511]), Target shape: torch.Size([16, 511])
2025-05-30 13:23:17,995 | INFO | Input range: [10, 226]
2025-05-30 13:23:17,996 | INFO | Target range: [10, 226]
2025-05-30 13:23:18,032 | INFO | Output shape: torch.Size([8176, 256]), Reshaped target shape: torch.Size([8176])
2025-05-30 13:23:18,033 | INFO | Output range: [-8.2578125, 9.5546875]
2025-05-30 13:23:18,033 | INFO | Sample probabilities: max=0.9040193557739258, min=0.0002581400331109762
2025-05-30 13:23:18,034 | INFO | Raw loss value: 0.8809655904769897
2025-05-30 13:23:18,034 | INFO | Batch 0 loss stats - Mean: -0.2698, Std: 0.9399
2025-05-30 13:23:18,184 | INFO | Gradient norm: 0.0229
2025-05-30 13:23:18,192 | INFO | Train batch     0/10986 | ms/batch 196.89 | loss 0.8810 | bpb  1.27 | ppl     2.41 | lr 2.98e-04
2025-05-30 13:23:38,593 | INFO | Gradient norm: 0.0287
2025-05-30 13:23:38,601 | INFO | Train batch   100/10986 | ms/batch 204.02 | loss 0.8820 | bpb  1.27 | ppl     2.42 | lr 2.98e-04
2025-05-30 13:23:58,927 | INFO | Gradient norm: 0.0149
2025-05-30 13:23:58,935 | INFO | Train batch   200/10986 | ms/batch 203.68 | loss 0.8815 | bpb  1.27 | ppl     2.41 | lr 2.98e-04
2025-05-30 13:24:19,219 | INFO | Gradient norm: 0.0108
2025-05-30 13:24:19,227 | INFO | Train batch   300/10986 | ms/batch 203.43 | loss 0.8812 | bpb  1.27 | ppl     2.41 | lr 2.98e-04
2025-05-30 13:24:39,580 | INFO | Gradient norm: 0.0199
2025-05-30 13:24:39,588 | INFO | Train batch   400/10986 | ms/batch 203.47 | loss 0.8810 | bpb  1.27 | ppl     2.41 | lr 2.98e-04
2025-05-30 13:24:59,904 | INFO | Gradient norm: 0.0280
2025-05-30 13:24:59,912 | INFO | Train batch   500/10986 | ms/batch 203.43 | loss 0.8809 | bpb  1.27 | ppl     2.41 | lr 2.98e-04
2025-05-30 13:25:20,240 | INFO | Gradient norm: 0.0217
2025-05-30 13:25:20,248 | INFO | Train batch   600/10986 | ms/batch 203.42 | loss 0.8809 | bpb  1.27 | ppl     2.41 | lr 2.98e-04
2025-05-30 13:25:40,588 | INFO | Gradient norm: 0.0105
2025-05-30 13:25:40,595 | INFO | Train batch   700/10986 | ms/batch 203.42 | loss 0.8808 | bpb  1.27 | ppl     2.41 | lr 2.98e-04
2025-05-30 13:26:00,893 | INFO | Gradient norm: 0.0091
2025-05-30 13:26:00,901 | INFO | Train batch   800/10986 | ms/batch 203.38 | loss 0.8808 | bpb  1.27 | ppl     2.41 | lr 2.98e-04
2025-05-30 13:26:21,204 | INFO | Gradient norm: 0.0084
2025-05-30 13:26:21,212 | INFO | Train batch   900/10986 | ms/batch 203.35 | loss 0.8807 | bpb  1.27 | ppl     2.41 | lr 2.98e-04
2025-05-30 13:26:41,529 | INFO | Gradient norm: 0.0132
2025-05-30 13:26:41,537 | INFO | Train batch  1000/10986 | ms/batch 203.34 | loss 0.8807 | bpb  1.27 | ppl     2.41 | lr 2.98e-04
2025-05-30 13:27:01,857 | INFO | Gradient norm: 0.0083
2025-05-30 13:27:01,865 | INFO | Train batch  1100/10986 | ms/batch 203.33 | loss 0.8807 | bpb  1.27 | ppl     2.41 | lr 2.98e-04
2025-05-30 13:27:22,120 | INFO | Gradient norm: 0.0211
2025-05-30 13:27:22,128 | INFO | Train batch  1200/10986 | ms/batch 203.27 | loss 0.8807 | bpb  1.27 | ppl     2.41 | lr 2.98e-04
2025-05-30 13:27:42,422 | INFO | Gradient norm: 0.0124
2025-05-30 13:27:42,430 | INFO | Train batch  1300/10986 | ms/batch 203.26 | loss 0.8807 | bpb  1.27 | ppl     2.41 | lr 2.98e-04
2025-05-30 13:28:02,709 | INFO | Gradient norm: 0.0132
2025-05-30 13:28:02,717 | INFO | Train batch  1400/10986 | ms/batch 203.23 | loss 0.8807 | bpb  1.27 | ppl     2.41 | lr 2.98e-04
2025-05-30 13:28:22,987 | INFO | Gradient norm: 0.0185
2025-05-30 13:28:22,995 | INFO | Train batch  1500/10986 | ms/batch 203.20 | loss 0.8806 | bpb  1.27 | ppl     2.41 | lr 2.97e-04
2025-05-30 13:28:43,284 | INFO | Gradient norm: 0.0124
2025-05-30 13:28:43,292 | INFO | Train batch  1600/10986 | ms/batch 203.18 | loss 0.8806 | bpb  1.27 | ppl     2.41 | lr 2.97e-04
2025-05-30 13:29:03,565 | INFO | Gradient norm: 0.0269
2025-05-30 13:29:03,573 | INFO | Train batch  1700/10986 | ms/batch 203.16 | loss 0.8806 | bpb  1.27 | ppl     2.41 | lr 2.97e-04
2025-05-30 13:29:23,859 | INFO | Gradient norm: 0.0146
2025-05-30 13:29:23,867 | INFO | Train batch  1800/10986 | ms/batch 203.15 | loss 0.8806 | bpb  1.27 | ppl     2.41 | lr 2.97e-04
2025-05-30 13:29:44,173 | INFO | Gradient norm: 0.0216
2025-05-30 13:29:44,181 | INFO | Train batch  1900/10986 | ms/batch 203.15 | loss 0.8806 | bpb  1.27 | ppl     2.41 | lr 2.97e-04
2025-05-30 13:30:04,495 | INFO | Gradient norm: 0.0180
2025-05-30 13:30:04,503 | INFO | Train batch  2000/10986 | ms/batch 203.15 | loss 0.8807 | bpb  1.27 | ppl     2.41 | lr 2.97e-04
2025-05-30 13:30:24,849 | INFO | Gradient norm: 0.0272
2025-05-30 13:30:24,857 | INFO | Train batch  2100/10986 | ms/batch 203.17 | loss 0.8806 | bpb  1.27 | ppl     2.41 | lr 2.97e-04
2025-05-30 13:30:45,150 | INFO | Gradient norm: 0.0144
2025-05-30 13:30:45,158 | INFO | Train batch  2200/10986 | ms/batch 203.16 | loss 0.8806 | bpb  1.27 | ppl     2.41 | lr 2.97e-04
2025-05-30 13:31:05,424 | INFO | Gradient norm: 0.0213
2025-05-30 13:31:05,431 | INFO | Train batch  2300/10986 | ms/batch 203.14 | loss 0.8806 | bpb  1.27 | ppl     2.41 | lr 2.97e-04
2025-05-30 13:31:25,702 | INFO | Gradient norm: 0.0160
2025-05-30 13:31:25,710 | INFO | Train batch  2400/10986 | ms/batch 203.13 | loss 0.8806 | bpb  1.27 | ppl     2.41 | lr 2.97e-04
2025-05-30 13:31:46,010 | INFO | Gradient norm: 0.0150
2025-05-30 13:31:46,018 | INFO | Train batch  2500/10986 | ms/batch 203.13 | loss 0.8806 | bpb  1.27 | ppl     2.41 | lr 2.97e-04
2025-05-30 13:32:06,330 | INFO | Gradient norm: 0.0192
2025-05-30 13:32:06,338 | INFO | Train batch  2600/10986 | ms/batch 203.13 | loss 0.8806 | bpb  1.27 | ppl     2.41 | lr 2.97e-04
2025-05-30 13:32:26,630 | INFO | Gradient norm: 0.0108
2025-05-30 13:32:26,638 | INFO | Train batch  2700/10986 | ms/batch 203.13 | loss 0.8806 | bpb  1.27 | ppl     2.41 | lr 2.97e-04
2025-05-30 13:32:46,922 | INFO | Gradient norm: 0.0100
2025-05-30 13:32:46,930 | INFO | Train batch  2800/10986 | ms/batch 203.12 | loss 0.8806 | bpb  1.27 | ppl     2.41 | lr 2.97e-04
2025-05-30 13:33:07,220 | INFO | Gradient norm: 0.0119
2025-05-30 13:33:07,228 | INFO | Train batch  2900/10986 | ms/batch 203.11 | loss 0.8806 | bpb  1.27 | ppl     2.41 | lr 2.97e-04
2025-05-30 13:33:27,474 | INFO | Gradient norm: 0.0231
2025-05-30 13:33:27,482 | INFO | Train batch  3000/10986 | ms/batch 203.09 | loss 0.8806 | bpb  1.27 | ppl     2.41 | lr 2.97e-04
2025-05-30 13:33:47,773 | INFO | Gradient norm: 0.0111
2025-05-30 13:33:47,781 | INFO | Train batch  3100/10986 | ms/batch 203.09 | loss 0.8806 | bpb  1.27 | ppl     2.41 | lr 2.97e-04
2025-05-30 13:34:08,054 | INFO | Gradient norm: 0.0140
2025-05-30 13:34:08,061 | INFO | Train batch  3200/10986 | ms/batch 203.08 | loss 0.8806 | bpb  1.27 | ppl     2.41 | lr 2.97e-04
2025-05-30 13:34:28,332 | INFO | Gradient norm: 0.0191
2025-05-30 13:34:28,340 | INFO | Train batch  3300/10986 | ms/batch 203.07 | loss 0.8806 | bpb  1.27 | ppl     2.41 | lr 2.97e-04
2025-05-30 13:34:48,658 | INFO | Gradient norm: 0.0265
2025-05-30 13:34:48,666 | INFO | Train batch  3400/10986 | ms/batch 203.08 | loss 0.8806 | bpb  1.27 | ppl     2.41 | lr 2.97e-04
2025-05-30 13:35:08,983 | INFO | Gradient norm: 0.0090
2025-05-30 13:35:08,991 | INFO | Train batch  3500/10986 | ms/batch 203.08 | loss 0.8806 | bpb  1.27 | ppl     2.41 | lr 2.97e-04
2025-05-30 13:35:29,305 | INFO | Gradient norm: 0.0110
2025-05-30 13:35:29,313 | INFO | Train batch  3600/10986 | ms/batch 203.09 | loss 0.8806 | bpb  1.27 | ppl     2.41 | lr 2.97e-04
2025-05-30 13:35:49,616 | INFO | Gradient norm: 0.0100
2025-05-30 13:35:49,624 | INFO | Train batch  3700/10986 | ms/batch 203.09 | loss 0.8806 | bpb  1.27 | ppl     2.41 | lr 2.97e-04
2025-05-30 13:36:09,882 | INFO | Gradient norm: 0.0298
2025-05-30 13:36:09,890 | INFO | Train batch  3800/10986 | ms/batch 203.08 | loss 0.8806 | bpb  1.27 | ppl     2.41 | lr 2.97e-04
2025-05-30 13:36:30,153 | INFO | Gradient norm: 0.0096
2025-05-30 13:36:30,160 | INFO | Train batch  3900/10986 | ms/batch 203.07 | loss 0.8806 | bpb  1.27 | ppl     2.41 | lr 2.97e-04
2025-05-30 13:36:50,516 | INFO | Gradient norm: 0.0242
2025-05-30 13:36:50,524 | INFO | Train batch  4000/10986 | ms/batch 203.08 | loss 0.8806 | bpb  1.27 | ppl     2.41 | lr 2.97e-04
2025-05-30 13:37:10,791 | INFO | Gradient norm: 0.0100
2025-05-30 13:37:10,799 | INFO | Train batch  4100/10986 | ms/batch 203.07 | loss 0.8806 | bpb  1.27 | ppl     2.41 | lr 2.97e-04
2025-05-30 13:37:31,072 | INFO | Gradient norm: 0.0165
2025-05-30 13:37:31,079 | INFO | Train batch  4200/10986 | ms/batch 203.07 | loss 0.8806 | bpb  1.27 | ppl     2.41 | lr 2.97e-04
2025-05-30 13:37:51,363 | INFO | Gradient norm: 0.0103
2025-05-30 13:37:51,371 | INFO | Train batch  4300/10986 | ms/batch 203.06 | loss 0.8806 | bpb  1.27 | ppl     2.41 | lr 2.97e-04
2025-05-30 13:38:11,647 | INFO | Gradient norm: 0.0084
2025-05-30 13:38:11,655 | INFO | Train batch  4400/10986 | ms/batch 203.06 | loss 0.8806 | bpb  1.27 | ppl     2.41 | lr 2.97e-04
2025-05-30 13:38:31,910 | INFO | Gradient norm: 0.0096
2025-05-30 13:38:31,918 | INFO | Train batch  4500/10986 | ms/batch 203.05 | loss 0.8806 | bpb  1.27 | ppl     2.41 | lr 2.97e-04
2025-05-30 13:38:52,213 | INFO | Gradient norm: 0.0119
2025-05-30 13:38:52,221 | INFO | Train batch  4600/10986 | ms/batch 203.05 | loss 0.8806 | bpb  1.27 | ppl     2.41 | lr 2.97e-04
2025-05-30 13:39:12,519 | INFO | Gradient norm: 0.0102
2025-05-30 13:39:12,527 | INFO | Train batch  4700/10986 | ms/batch 203.05 | loss 0.8806 | bpb  1.27 | ppl     2.41 | lr 2.97e-04
2025-05-30 13:39:32,826 | INFO | Gradient norm: 0.0085
2025-05-30 13:39:32,834 | INFO | Train batch  4800/10986 | ms/batch 203.05 | loss 0.8806 | bpb  1.27 | ppl     2.41 | lr 2.97e-04
2025-05-30 13:39:53,140 | INFO | Gradient norm: 0.0277
2025-05-30 13:39:53,148 | INFO | Train batch  4900/10986 | ms/batch 203.05 | loss 0.8806 | bpb  1.27 | ppl     2.41 | lr 2.97e-04
2025-05-30 13:40:13,427 | INFO | Gradient norm: 0.0082
2025-05-30 13:40:13,435 | INFO | Train batch  5000/10986 | ms/batch 203.05 | loss 0.8806 | bpb  1.27 | ppl     2.41 | lr 2.97e-04
2025-05-30 13:40:33,729 | INFO | Gradient norm: 0.0128
2025-05-30 13:40:33,737 | INFO | Train batch  5100/10986 | ms/batch 203.05 | loss 0.8806 | bpb  1.27 | ppl     2.41 | lr 2.97e-04
2025-05-30 13:40:54,030 | INFO | Gradient norm: 0.0115
2025-05-30 13:40:54,038 | INFO | Train batch  5200/10986 | ms/batch 203.05 | loss 0.8806 | bpb  1.27 | ppl     2.41 | lr 2.97e-04
2025-05-30 13:41:14,309 | INFO | Gradient norm: 0.0172
2025-05-30 13:41:14,317 | INFO | Train batch  5300/10986 | ms/batch 203.04 | loss 0.8806 | bpb  1.27 | ppl     2.41 | lr 2.97e-04
2025-05-30 13:41:34,609 | INFO | Gradient norm: 0.0097
2025-05-30 13:41:34,617 | INFO | Train batch  5400/10986 | ms/batch 203.04 | loss 0.8806 | bpb  1.27 | ppl     2.41 | lr 2.97e-04
2025-05-30 13:41:54,918 | INFO | Gradient norm: 0.0371
2025-05-30 13:41:54,926 | INFO | Train batch  5500/10986 | ms/batch 203.04 | loss 0.8806 | bpb  1.27 | ppl     2.41 | lr 2.97e-04
2025-05-30 13:42:15,195 | INFO | Gradient norm: 0.0154
2025-05-30 13:42:15,203 | INFO | Train batch  5600/10986 | ms/batch 203.04 | loss 0.8806 | bpb  1.27 | ppl     2.41 | lr 2.97e-04
2025-05-30 13:42:35,536 | INFO | Gradient norm: 0.0096
2025-05-30 13:42:35,544 | INFO | Train batch  5700/10986 | ms/batch 203.04 | loss 0.8806 | bpb  1.27 | ppl     2.41 | lr 2.97e-04
2025-05-30 13:42:55,837 | INFO | Gradient norm: 0.0264
2025-05-30 13:42:55,845 | INFO | Train batch  5800/10986 | ms/batch 203.04 | loss 0.8806 | bpb  1.27 | ppl     2.41 | lr 2.97e-04
2025-05-30 13:43:16,158 | INFO | Gradient norm: 0.0119
2025-05-30 13:43:16,166 | INFO | Train batch  5900/10986 | ms/batch 203.05 | loss 0.8806 | bpb  1.27 | ppl     2.41 | lr 2.97e-04
2025-05-30 13:43:36,461 | INFO | Gradient norm: 0.0160
2025-05-30 13:43:36,469 | INFO | Train batch  6000/10986 | ms/batch 203.05 | loss 0.8806 | bpb  1.27 | ppl     2.41 | lr 2.97e-04
2025-05-30 13:43:56,743 | INFO | Gradient norm: 0.0077
2025-05-30 13:43:56,751 | INFO | Train batch  6100/10986 | ms/batch 203.04 | loss 0.8806 | bpb  1.27 | ppl     2.41 | lr 2.97e-04
2025-05-30 13:44:17,040 | INFO | Gradient norm: 0.0087
2025-05-30 13:44:17,048 | INFO | Train batch  6200/10986 | ms/batch 203.04 | loss 0.8806 | bpb  1.27 | ppl     2.41 | lr 2.97e-04
2025-05-30 13:44:37,354 | INFO | Gradient norm: 0.0116
2025-05-30 13:44:37,362 | INFO | Train batch  6300/10986 | ms/batch 203.04 | loss 0.8806 | bpb  1.27 | ppl     2.41 | lr 2.97e-04
2025-05-30 13:44:57,627 | INFO | Gradient norm: 0.0102
2025-05-30 13:44:57,635 | INFO | Train batch  6400/10986 | ms/batch 203.04 | loss 0.8806 | bpb  1.27 | ppl     2.41 | lr 2.97e-04
2025-05-30 13:45:17,927 | INFO | Gradient norm: 0.0083
2025-05-30 13:45:17,935 | INFO | Train batch  6500/10986 | ms/batch 203.04 | loss 0.8806 | bpb  1.27 | ppl     2.41 | lr 2.97e-04
2025-05-30 13:45:38,231 | INFO | Gradient norm: 0.0115
2025-05-30 13:45:38,239 | INFO | Train batch  6600/10986 | ms/batch 203.04 | loss 0.8806 | bpb  1.27 | ppl     2.41 | lr 2.97e-04
2025-05-30 13:45:58,521 | INFO | Gradient norm: 0.0136
2025-05-30 13:45:58,529 | INFO | Train batch  6700/10986 | ms/batch 203.03 | loss 0.8806 | bpb  1.27 | ppl     2.41 | lr 2.97e-04
2025-05-30 13:46:18,819 | INFO | Gradient norm: 0.0391
2025-05-30 13:46:18,827 | INFO | Train batch  6800/10986 | ms/batch 203.03 | loss 0.8806 | bpb  1.27 | ppl     2.41 | lr 2.97e-04
2025-05-30 13:46:39,138 | INFO | Gradient norm: 0.0118
2025-05-30 13:46:39,146 | INFO | Train batch  6900/10986 | ms/batch 203.04 | loss 0.8806 | bpb  1.27 | ppl     2.41 | lr 2.97e-04
2025-05-30 13:46:59,460 | INFO | Gradient norm: 0.0166
2025-05-30 13:46:59,467 | INFO | Train batch  7000/10986 | ms/batch 203.04 | loss 0.8806 | bpb  1.27 | ppl     2.41 | lr 2.97e-04
2025-05-30 13:47:19,793 | INFO | Gradient norm: 0.0172
2025-05-30 13:47:19,801 | INFO | Train batch  7100/10986 | ms/batch 203.04 | loss 0.8806 | bpb  1.27 | ppl     2.41 | lr 2.97e-04
2025-05-30 13:47:40,078 | INFO | Gradient norm: 0.0099
2025-05-30 13:47:40,086 | INFO | Train batch  7200/10986 | ms/batch 203.04 | loss 0.8806 | bpb  1.27 | ppl     2.41 | lr 2.97e-04
2025-05-30 13:48:00,365 | INFO | Gradient norm: 0.0165
2025-05-30 13:48:00,373 | INFO | Train batch  7300/10986 | ms/batch 203.04 | loss 0.8806 | bpb  1.27 | ppl     2.41 | lr 2.97e-04
2025-05-30 13:48:20,669 | INFO | Gradient norm: 0.0084
2025-05-30 13:48:20,677 | INFO | Train batch  7400/10986 | ms/batch 203.04 | loss 0.8806 | bpb  1.27 | ppl     2.41 | lr 2.96e-04
2025-05-30 13:48:40,971 | INFO | Gradient norm: 0.0101
2025-05-30 13:48:40,979 | INFO | Train batch  7500/10986 | ms/batch 203.04 | loss 0.8806 | bpb  1.27 | ppl     2.41 | lr 2.96e-04
2025-05-30 13:49:01,284 | INFO | Gradient norm: 0.0088
2025-05-30 13:49:01,292 | INFO | Train batch  7600/10986 | ms/batch 203.04 | loss 0.8806 | bpb  1.27 | ppl     2.41 | lr 2.96e-04
2025-05-30 13:49:21,633 | INFO | Gradient norm: 0.0267
2025-05-30 13:49:21,641 | INFO | Train batch  7700/10986 | ms/batch 203.04 | loss 0.8806 | bpb  1.27 | ppl     2.41 | lr 2.96e-04
2025-05-30 13:49:41,920 | INFO | Gradient norm: 0.0144
2025-05-30 13:49:41,928 | INFO | Train batch  7800/10986 | ms/batch 203.04 | loss 0.8806 | bpb  1.27 | ppl     2.41 | lr 2.96e-04
2025-05-30 13:50:02,224 | INFO | Gradient norm: 0.0088
2025-05-30 13:50:02,232 | INFO | Train batch  7900/10986 | ms/batch 203.04 | loss 0.8806 | bpb  1.27 | ppl     2.41 | lr 2.96e-04
2025-05-30 13:50:22,548 | INFO | Gradient norm: 0.0182
2025-05-30 13:50:22,556 | INFO | Train batch  8000/10986 | ms/batch 203.04 | loss 0.8806 | bpb  1.27 | ppl     2.41 | lr 2.96e-04
2025-05-30 13:50:42,844 | INFO | Gradient norm: 0.0218
2025-05-30 13:50:42,852 | INFO | Train batch  8100/10986 | ms/batch 203.04 | loss 0.8806 | bpb  1.27 | ppl     2.41 | lr 2.96e-04
2025-05-30 13:51:03,131 | INFO | Gradient norm: 0.0100
2025-05-30 13:51:03,139 | INFO | Train batch  8200/10986 | ms/batch 203.04 | loss 0.8806 | bpb  1.27 | ppl     2.41 | lr 2.96e-04
2025-05-30 13:51:23,453 | INFO | Gradient norm: 0.0099
2025-05-30 13:51:23,461 | INFO | Train batch  8300/10986 | ms/batch 203.04 | loss 0.8805 | bpb  1.27 | ppl     2.41 | lr 2.96e-04
2025-05-30 13:51:43,767 | INFO | Gradient norm: 0.0111
2025-05-30 13:51:43,775 | INFO | Train batch  8400/10986 | ms/batch 203.04 | loss 0.8805 | bpb  1.27 | ppl     2.41 | lr 2.96e-04
2025-05-30 13:52:04,084 | INFO | Gradient norm: 0.0405
2025-05-30 13:52:04,092 | INFO | Train batch  8500/10986 | ms/batch 203.05 | loss 0.8805 | bpb  1.27 | ppl     2.41 | lr 2.96e-04
2025-05-30 13:52:24,407 | INFO | Gradient norm: 0.0114
2025-05-30 13:52:24,415 | INFO | Train batch  8600/10986 | ms/batch 203.05 | loss 0.8805 | bpb  1.27 | ppl     2.41 | lr 2.96e-04
2025-05-30 13:52:44,693 | INFO | Gradient norm: 0.0162
2025-05-30 13:52:44,701 | INFO | Train batch  8700/10986 | ms/batch 203.05 | loss 0.8805 | bpb  1.27 | ppl     2.41 | lr 2.96e-04
2025-05-30 13:53:05,010 | INFO | Gradient norm: 0.0098
2025-05-30 13:53:05,017 | INFO | Train batch  8800/10986 | ms/batch 203.05 | loss 0.8805 | bpb  1.27 | ppl     2.41 | lr 2.96e-04
2025-05-30 13:53:25,355 | INFO | Gradient norm: 0.0151
2025-05-30 13:53:25,363 | INFO | Train batch  8900/10986 | ms/batch 203.05 | loss 0.8805 | bpb  1.27 | ppl     2.41 | lr 2.96e-04
2025-05-30 13:53:45,671 | INFO | Gradient norm: 0.0121
2025-05-30 13:53:45,679 | INFO | Train batch  9000/10986 | ms/batch 203.05 | loss 0.8805 | bpb  1.27 | ppl     2.41 | lr 2.96e-04
2025-05-30 13:54:05,980 | INFO | Gradient norm: 0.0274
2025-05-30 13:54:05,987 | INFO | Train batch  9100/10986 | ms/batch 203.05 | loss 0.8805 | bpb  1.27 | ppl     2.41 | lr 2.96e-04
2025-05-30 13:54:26,287 | INFO | Gradient norm: 0.0138
2025-05-30 13:54:26,294 | INFO | Train batch  9200/10986 | ms/batch 203.05 | loss 0.8805 | bpb  1.27 | ppl     2.41 | lr 2.96e-04
2025-05-30 13:54:46,603 | INFO | Gradient norm: 0.0122
2025-05-30 13:54:46,611 | INFO | Train batch  9300/10986 | ms/batch 203.06 | loss 0.8805 | bpb  1.27 | ppl     2.41 | lr 2.96e-04
2025-05-30 13:55:06,943 | INFO | Gradient norm: 0.0165
2025-05-30 13:55:06,950 | INFO | Train batch  9400/10986 | ms/batch 203.06 | loss 0.8805 | bpb  1.27 | ppl     2.41 | lr 2.96e-04
2025-05-30 13:55:27,247 | INFO | Gradient norm: 0.0276
2025-05-30 13:55:27,254 | INFO | Train batch  9500/10986 | ms/batch 203.06 | loss 0.8805 | bpb  1.27 | ppl     2.41 | lr 2.96e-04
2025-05-30 13:55:47,581 | INFO | Gradient norm: 0.0300
2025-05-30 13:55:47,589 | INFO | Train batch  9600/10986 | ms/batch 203.06 | loss 0.8805 | bpb  1.27 | ppl     2.41 | lr 2.96e-04
2025-05-30 13:56:07,884 | INFO | Gradient norm: 0.0302
2025-05-30 13:56:07,892 | INFO | Train batch  9700/10986 | ms/batch 203.06 | loss 0.8805 | bpb  1.27 | ppl     2.41 | lr 2.96e-04
2025-05-30 13:56:28,166 | INFO | Gradient norm: 0.0101
2025-05-30 13:56:28,174 | INFO | Train batch  9800/10986 | ms/batch 203.06 | loss 0.8805 | bpb  1.27 | ppl     2.41 | lr 2.96e-04
2025-05-30 13:56:48,464 | INFO | Gradient norm: 0.0197
2025-05-30 13:56:48,472 | INFO | Train batch  9900/10986 | ms/batch 203.06 | loss 0.8805 | bpb  1.27 | ppl     2.41 | lr 2.96e-04
2025-05-30 13:57:08,803 | INFO | Gradient norm: 0.0278
2025-05-30 13:57:08,811 | INFO | Train batch 10000/10986 | ms/batch 203.06 | loss 0.8805 | bpb  1.27 | ppl     2.41 | lr 2.96e-04
2025-05-30 13:57:29,101 | INFO | Gradient norm: 0.0165
2025-05-30 13:57:29,109 | INFO | Train batch 10100/10986 | ms/batch 203.06 | loss 0.8805 | bpb  1.27 | ppl     2.41 | lr 2.96e-04
2025-05-30 13:57:49,426 | INFO | Gradient norm: 0.0148
2025-05-30 13:57:49,433 | INFO | Train batch 10200/10986 | ms/batch 203.06 | loss 0.8805 | bpb  1.27 | ppl     2.41 | lr 2.96e-04
2025-05-30 13:58:09,735 | INFO | Gradient norm: 0.0091
2025-05-30 13:58:09,743 | INFO | Train batch 10300/10986 | ms/batch 203.06 | loss 0.8805 | bpb  1.27 | ppl     2.41 | lr 2.96e-04
2025-05-30 13:58:30,066 | INFO | Gradient norm: 0.0314
2025-05-30 13:58:30,074 | INFO | Train batch 10400/10986 | ms/batch 203.07 | loss 0.8805 | bpb  1.27 | ppl     2.41 | lr 2.96e-04
2025-05-30 13:58:50,407 | INFO | Gradient norm: 0.0090
2025-05-30 13:58:50,415 | INFO | Train batch 10500/10986 | ms/batch 203.07 | loss 0.8805 | bpb  1.27 | ppl     2.41 | lr 2.96e-04
2025-05-30 13:59:10,716 | INFO | Gradient norm: 0.0134
2025-05-30 13:59:10,724 | INFO | Train batch 10600/10986 | ms/batch 203.07 | loss 0.8805 | bpb  1.27 | ppl     2.41 | lr 2.96e-04
2025-05-30 13:59:31,021 | INFO | Gradient norm: 0.0165
2025-05-30 13:59:31,029 | INFO | Train batch 10700/10986 | ms/batch 203.07 | loss 0.8805 | bpb  1.27 | ppl     2.41 | lr 2.96e-04
2025-05-30 13:59:51,315 | INFO | Gradient norm: 0.0098
2025-05-30 13:59:51,323 | INFO | Train batch 10800/10986 | ms/batch 203.07 | loss 0.8805 | bpb  1.27 | ppl     2.41 | lr 2.96e-04
2025-05-30 14:00:11,626 | INFO | Gradient norm: 0.0090
2025-05-30 14:00:11,633 | INFO | Train batch 10900/10986 | ms/batch 203.07 | loss 0.8805 | bpb  1.27 | ppl     2.41 | lr 2.96e-04
2025-05-30 14:01:47,118 | INFO | Epoch   3 | time: 2309.12s | train bpb  1.27 | valid bpb  1.27
2025-05-30 14:01:48,413 | INFO | Saved new best model with validation bpb:  1.27
2025-05-30 14:01:48,472 | INFO | Input shape: torch.Size([16, 511]), Target shape: torch.Size([16, 511])
2025-05-30 14:01:48,472 | INFO | Input range: [10, 226]
2025-05-30 14:01:48,473 | INFO | Target range: [10, 226]
2025-05-30 14:01:48,509 | INFO | Output shape: torch.Size([8176, 256]), Reshaped target shape: torch.Size([8176])
2025-05-30 14:01:48,510 | INFO | Output range: [-10.234375, 10.0234375]
2025-05-30 14:01:48,511 | INFO | Sample probabilities: max=0.9096284508705139, min=0.0002447135339025408
2025-05-30 14:01:48,511 | INFO | Raw loss value: 0.88033127784729
2025-05-30 14:01:48,511 | INFO | Batch 0 loss stats - Mean: -0.2676, Std: 1.1270
2025-05-30 14:01:48,661 | INFO | Gradient norm: 0.0089
2025-05-30 14:01:48,669 | INFO | Train batch     0/10986 | ms/batch 196.78 | loss 0.8803 | bpb  1.27 | ppl     2.41 | lr 2.96e-04
2025-05-30 14:02:08,948 | INFO | Gradient norm: 0.0080
2025-05-30 14:02:08,956 | INFO | Train batch   100/10986 | ms/batch 202.81 | loss 0.8817 | bpb  1.27 | ppl     2.42 | lr 2.96e-04
2025-05-30 14:02:29,249 | INFO | Gradient norm: 0.0161
2025-05-30 14:02:29,257 | INFO | Train batch   200/10986 | ms/batch 202.91 | loss 0.8813 | bpb  1.27 | ppl     2.41 | lr 2.96e-04
2025-05-30 14:02:49,617 | INFO | Gradient norm: 0.0148
2025-05-30 14:02:49,624 | INFO | Train batch   300/10986 | ms/batch 203.16 | loss 0.8809 | bpb  1.27 | ppl     2.41 | lr 2.96e-04
2025-05-30 14:03:09,930 | INFO | Gradient norm: 0.0222
2025-05-30 14:03:09,938 | INFO | Train batch   400/10986 | ms/batch 203.16 | loss 0.8808 | bpb  1.27 | ppl     2.41 | lr 2.96e-04
2025-05-30 14:03:30,252 | INFO | Gradient norm: 0.0280
2025-05-30 14:03:30,260 | INFO | Train batch   500/10986 | ms/batch 203.17 | loss 0.8807 | bpb  1.27 | ppl     2.41 | lr 2.96e-04
2025-05-30 14:03:50,536 | INFO | Gradient norm: 0.0098
2025-05-30 14:03:50,544 | INFO | Train batch   600/10986 | ms/batch 203.12 | loss 0.8806 | bpb  1.27 | ppl     2.41 | lr 2.96e-04
2025-05-30 14:04:10,842 | INFO | Gradient norm: 0.0116
2025-05-30 14:04:10,849 | INFO | Train batch   700/10986 | ms/batch 203.11 | loss 0.8806 | bpb  1.27 | ppl     2.41 | lr 2.96e-04
2025-05-30 14:04:31,133 | INFO | Gradient norm: 0.0080
2025-05-30 14:04:31,140 | INFO | Train batch   800/10986 | ms/batch 203.08 | loss 0.8805 | bpb  1.27 | ppl     2.41 | lr 2.96e-04
2025-05-30 14:04:51,454 | INFO | Gradient norm: 0.0382
2025-05-30 14:04:51,461 | INFO | Train batch   900/10986 | ms/batch 203.10 | loss 0.8805 | bpb  1.27 | ppl     2.41 | lr 2.96e-04
2025-05-30 14:05:11,763 | INFO | Gradient norm: 0.0145
2025-05-30 14:05:11,770 | INFO | Train batch  1000/10986 | ms/batch 203.10 | loss 0.8805 | bpb  1.27 | ppl     2.41 | lr 2.96e-04
2025-05-30 14:05:32,084 | INFO | Gradient norm: 0.0343
2025-05-30 14:05:32,092 | INFO | Train batch  1100/10986 | ms/batch 203.11 | loss 0.8805 | bpb  1.27 | ppl     2.41 | lr 2.96e-04
2025-05-30 14:05:52,374 | INFO | Gradient norm: 0.0150
2025-05-30 14:05:52,382 | INFO | Train batch  1200/10986 | ms/batch 203.09 | loss 0.8805 | bpb  1.27 | ppl     2.41 | lr 2.96e-04
2025-05-30 14:06:12,668 | INFO | Gradient norm: 0.0225
2025-05-30 14:06:12,676 | INFO | Train batch  1300/10986 | ms/batch 203.08 | loss 0.8804 | bpb  1.27 | ppl     2.41 | lr 2.96e-04
2025-05-30 14:06:32,963 | INFO | Gradient norm: 0.0120
2025-05-30 14:06:32,971 | INFO | Train batch  1400/10986 | ms/batch 203.07 | loss 0.8804 | bpb  1.27 | ppl     2.41 | lr 2.96e-04
2025-05-30 14:06:53,249 | INFO | Gradient norm: 0.0218
2025-05-30 14:06:53,256 | INFO | Train batch  1500/10986 | ms/batch 203.05 | loss 0.8804 | bpb  1.27 | ppl     2.41 | lr 2.96e-04
2025-05-30 14:07:13,573 | INFO | Gradient norm: 0.0280
2025-05-30 14:07:13,581 | INFO | Train batch  1600/10986 | ms/batch 203.07 | loss 0.8804 | bpb  1.27 | ppl     2.41 | lr 2.95e-04
2025-05-30 14:07:33,854 | INFO | Gradient norm: 0.0432
2025-05-30 14:07:33,862 | INFO | Train batch  1700/10986 | ms/batch 203.05 | loss 0.8804 | bpb  1.27 | ppl     2.41 | lr 2.95e-04
2025-05-30 14:07:54,124 | INFO | Gradient norm: 0.0137
2025-05-30 14:07:54,132 | INFO | Train batch  1800/10986 | ms/batch 203.03 | loss 0.8804 | bpb  1.27 | ppl     2.41 | lr 2.95e-04
2025-05-30 14:08:14,414 | INFO | Gradient norm: 0.0227
2025-05-30 14:08:14,422 | INFO | Train batch  1900/10986 | ms/batch 203.02 | loss 0.8804 | bpb  1.27 | ppl     2.41 | lr 2.95e-04
2025-05-30 14:08:34,723 | INFO | Gradient norm: 0.0092
2025-05-30 14:08:34,731 | INFO | Train batch  2000/10986 | ms/batch 203.03 | loss 0.8804 | bpb  1.27 | ppl     2.41 | lr 2.95e-04
2025-05-30 14:08:55,025 | INFO | Gradient norm: 0.0321
2025-05-30 14:08:55,033 | INFO | Train batch  2100/10986 | ms/batch 203.03 | loss 0.8804 | bpb  1.27 | ppl     2.41 | lr 2.95e-04
2025-05-30 14:09:15,340 | INFO | Gradient norm: 0.0314
2025-05-30 14:09:15,348 | INFO | Train batch  2200/10986 | ms/batch 203.03 | loss 0.8804 | bpb  1.27 | ppl     2.41 | lr 2.95e-04
2025-05-30 14:09:35,644 | INFO | Gradient norm: 0.0084
2025-05-30 14:09:35,651 | INFO | Train batch  2300/10986 | ms/batch 203.03 | loss 0.8804 | bpb  1.27 | ppl     2.41 | lr 2.95e-04
2025-05-30 14:09:55,992 | INFO | Gradient norm: 0.0246
2025-05-30 14:09:56,000 | INFO | Train batch  2400/10986 | ms/batch 203.05 | loss 0.8804 | bpb  1.27 | ppl     2.41 | lr 2.95e-04
2025-05-30 14:10:16,345 | INFO | Gradient norm: 0.0088
2025-05-30 14:10:16,353 | INFO | Train batch  2500/10986 | ms/batch 203.07 | loss 0.8804 | bpb  1.27 | ppl     2.41 | lr 2.95e-04
2025-05-30 14:10:36,650 | INFO | Gradient norm: 0.0088
2025-05-30 14:10:36,658 | INFO | Train batch  2600/10986 | ms/batch 203.07 | loss 0.8804 | bpb  1.27 | ppl     2.41 | lr 2.95e-04
2025-05-30 14:10:56,954 | INFO | Gradient norm: 0.0086
2025-05-30 14:10:56,962 | INFO | Train batch  2700/10986 | ms/batch 203.07 | loss 0.8804 | bpb  1.27 | ppl     2.41 | lr 2.95e-04
2025-05-30 14:11:17,282 | INFO | Gradient norm: 0.0098
2025-05-30 14:11:17,290 | INFO | Train batch  2800/10986 | ms/batch 203.08 | loss 0.8804 | bpb  1.27 | ppl     2.41 | lr 2.95e-04
2025-05-30 14:11:37,608 | INFO | Gradient norm: 0.0103
2025-05-30 14:11:37,616 | INFO | Train batch  2900/10986 | ms/batch 203.08 | loss 0.8804 | bpb  1.27 | ppl     2.41 | lr 2.95e-04
2025-05-30 14:11:57,900 | INFO | Gradient norm: 0.0109
2025-05-30 14:11:57,908 | INFO | Train batch  3000/10986 | ms/batch 203.08 | loss 0.8804 | bpb  1.27 | ppl     2.41 | lr 2.95e-04
2025-05-30 14:12:18,212 | INFO | Gradient norm: 0.0206
2025-05-30 14:12:18,220 | INFO | Train batch  3100/10986 | ms/batch 203.08 | loss 0.8804 | bpb  1.27 | ppl     2.41 | lr 2.95e-04
2025-05-30 14:12:38,502 | INFO | Gradient norm: 0.0140
2025-05-30 14:12:38,510 | INFO | Train batch  3200/10986 | ms/batch 203.07 | loss 0.8804 | bpb  1.27 | ppl     2.41 | lr 2.95e-04
2025-05-30 14:12:58,785 | INFO | Gradient norm: 0.0087
2025-05-30 14:12:58,793 | INFO | Train batch  3300/10986 | ms/batch 203.07 | loss 0.8804 | bpb  1.27 | ppl     2.41 | lr 2.95e-04
2025-05-30 14:13:19,108 | INFO | Gradient norm: 0.0133
2025-05-30 14:13:19,116 | INFO | Train batch  3400/10986 | ms/batch 203.07 | loss 0.8804 | bpb  1.27 | ppl     2.41 | lr 2.95e-04
2025-05-30 14:13:39,427 | INFO | Gradient norm: 0.0127
2025-05-30 14:13:39,435 | INFO | Train batch  3500/10986 | ms/batch 203.07 | loss 0.8804 | bpb  1.27 | ppl     2.41 | lr 2.95e-04
2025-05-30 14:13:59,770 | INFO | Gradient norm: 0.0176
2025-05-30 14:13:59,778 | INFO | Train batch  3600/10986 | ms/batch 203.08 | loss 0.8804 | bpb  1.27 | ppl     2.41 | lr 2.95e-04
2025-05-30 14:14:20,087 | INFO | Gradient norm: 0.0277
2025-05-30 14:14:20,095 | INFO | Train batch  3700/10986 | ms/batch 203.09 | loss 0.8804 | bpb  1.27 | ppl     2.41 | lr 2.95e-04
2025-05-30 14:14:40,413 | INFO | Gradient norm: 0.0193
2025-05-30 14:14:40,421 | INFO | Train batch  3800/10986 | ms/batch 203.09 | loss 0.8804 | bpb  1.27 | ppl     2.41 | lr 2.95e-04
2025-05-30 14:15:00,719 | INFO | Gradient norm: 0.0089
2025-05-30 14:15:00,727 | INFO | Train batch  3900/10986 | ms/batch 203.09 | loss 0.8804 | bpb  1.27 | ppl     2.41 | lr 2.95e-04
2025-05-30 14:15:21,020 | INFO | Gradient norm: 0.0099
2025-05-30 14:15:21,028 | INFO | Train batch  4000/10986 | ms/batch 203.09 | loss 0.8804 | bpb  1.27 | ppl     2.41 | lr 2.95e-04
2025-05-30 14:15:41,328 | INFO | Gradient norm: 0.0088
2025-05-30 14:15:41,336 | INFO | Train batch  4100/10986 | ms/batch 203.09 | loss 0.8804 | bpb  1.27 | ppl     2.41 | lr 2.95e-04
2025-05-30 14:16:01,653 | INFO | Gradient norm: 0.0086
2025-05-30 14:16:01,661 | INFO | Train batch  4200/10986 | ms/batch 203.09 | loss 0.8804 | bpb  1.27 | ppl     2.41 | lr 2.95e-04
2025-05-30 14:16:21,947 | INFO | Gradient norm: 0.0086
2025-05-30 14:16:21,955 | INFO | Train batch  4300/10986 | ms/batch 203.09 | loss 0.8804 | bpb  1.27 | ppl     2.41 | lr 2.95e-04
2025-05-30 14:16:42,271 | INFO | Gradient norm: 0.0268
2025-05-30 14:16:42,279 | INFO | Train batch  4400/10986 | ms/batch 203.09 | loss 0.8804 | bpb  1.27 | ppl     2.41 | lr 2.95e-04
2025-05-30 14:17:02,587 | INFO | Gradient norm: 0.0198
2025-05-30 14:17:02,595 | INFO | Train batch  4500/10986 | ms/batch 203.09 | loss 0.8804 | bpb  1.27 | ppl     2.41 | lr 2.95e-04
2025-05-30 14:17:22,900 | INFO | Gradient norm: 0.0126
2025-05-30 14:17:22,908 | INFO | Train batch  4600/10986 | ms/batch 203.09 | loss 0.8804 | bpb  1.27 | ppl     2.41 | lr 2.95e-04
2025-05-30 14:17:43,215 | INFO | Gradient norm: 0.0102
2025-05-30 14:17:43,222 | INFO | Train batch  4700/10986 | ms/batch 203.10 | loss 0.8804 | bpb  1.27 | ppl     2.41 | lr 2.95e-04
2025-05-30 14:18:03,521 | INFO | Gradient norm: 0.0130
2025-05-30 14:18:03,529 | INFO | Train batch  4800/10986 | ms/batch 203.09 | loss 0.8804 | bpb  1.27 | ppl     2.41 | lr 2.95e-04
2025-05-30 14:18:23,805 | INFO | Gradient norm: 0.0152
2025-05-30 14:18:23,813 | INFO | Train batch  4900/10986 | ms/batch 203.09 | loss 0.8804 | bpb  1.27 | ppl     2.41 | lr 2.95e-04
2025-05-30 14:18:44,131 | INFO | Gradient norm: 0.0174
2025-05-30 14:18:44,138 | INFO | Train batch  5000/10986 | ms/batch 203.09 | loss 0.8804 | bpb  1.27 | ppl     2.41 | lr 2.95e-04
2025-05-30 14:19:04,460 | INFO | Gradient norm: 0.0120
2025-05-30 14:19:04,467 | INFO | Train batch  5100/10986 | ms/batch 203.10 | loss 0.8804 | bpb  1.27 | ppl     2.41 | lr 2.95e-04
2025-05-30 14:19:24,778 | INFO | Gradient norm: 0.0117
2025-05-30 14:19:24,785 | INFO | Train batch  5200/10986 | ms/batch 203.10 | loss 0.8804 | bpb  1.27 | ppl     2.41 | lr 2.95e-04
2025-05-30 14:19:45,067 | INFO | Gradient norm: 0.0088
2025-05-30 14:19:45,075 | INFO | Train batch  5300/10986 | ms/batch 203.09 | loss 0.8804 | bpb  1.27 | ppl     2.41 | lr 2.95e-04
2025-05-30 14:20:05,374 | INFO | Gradient norm: 0.0133
2025-05-30 14:20:05,382 | INFO | Train batch  5400/10986 | ms/batch 203.09 | loss 0.8803 | bpb  1.27 | ppl     2.41 | lr 2.95e-04
2025-05-30 14:20:25,711 | INFO | Gradient norm: 0.0149
2025-05-30 14:20:25,719 | INFO | Train batch  5500/10986 | ms/batch 203.10 | loss 0.8804 | bpb  1.27 | ppl     2.41 | lr 2.95e-04
2025-05-30 14:20:46,046 | INFO | Gradient norm: 0.0093
2025-05-30 14:20:46,054 | INFO | Train batch  5600/10986 | ms/batch 203.10 | loss 0.8803 | bpb  1.27 | ppl     2.41 | lr 2.95e-04
2025-05-30 14:21:06,341 | INFO | Gradient norm: 0.0242
2025-05-30 14:21:06,348 | INFO | Train batch  5700/10986 | ms/batch 203.10 | loss 0.8803 | bpb  1.27 | ppl     2.41 | lr 2.95e-04
2025-05-30 14:21:26,653 | INFO | Gradient norm: 0.0129
2025-05-30 14:21:26,660 | INFO | Train batch  5800/10986 | ms/batch 203.10 | loss 0.8803 | bpb  1.27 | ppl     2.41 | lr 2.95e-04
2025-05-30 14:21:46,949 | INFO | Gradient norm: 0.0075
2025-05-30 14:21:46,957 | INFO | Train batch  5900/10986 | ms/batch 203.10 | loss 0.8803 | bpb  1.27 | ppl     2.41 | lr 2.95e-04
2025-05-30 14:22:07,242 | INFO | Gradient norm: 0.0215
2025-05-30 14:22:07,250 | INFO | Train batch  6000/10986 | ms/batch 203.10 | loss 0.8803 | bpb  1.27 | ppl     2.41 | lr 2.95e-04
2025-05-30 14:22:27,542 | INFO | Gradient norm: 0.0179
2025-05-30 14:22:27,550 | INFO | Train batch  6100/10986 | ms/batch 203.09 | loss 0.8803 | bpb  1.27 | ppl     2.41 | lr 2.95e-04
2025-05-30 14:22:47,822 | INFO | Gradient norm: 0.0109
2025-05-30 14:22:47,830 | INFO | Train batch  6200/10986 | ms/batch 203.09 | loss 0.8803 | bpb  1.27 | ppl     2.41 | lr 2.94e-04
2025-05-30 14:23:08,187 | INFO | Gradient norm: 0.0235
2025-05-30 14:23:08,195 | INFO | Train batch  6300/10986 | ms/batch 203.10 | loss 0.8803 | bpb  1.27 | ppl     2.41 | lr 2.94e-04
2025-05-30 14:23:28,484 | INFO | Gradient norm: 0.0285
2025-05-30 14:23:28,491 | INFO | Train batch  6400/10986 | ms/batch 203.10 | loss 0.8803 | bpb  1.27 | ppl     2.41 | lr 2.94e-04
2025-05-30 14:23:48,758 | INFO | Gradient norm: 0.0137
2025-05-30 14:23:48,766 | INFO | Train batch  6500/10986 | ms/batch 203.09 | loss 0.8803 | bpb  1.27 | ppl     2.41 | lr 2.94e-04
2025-05-30 14:24:09,063 | INFO | Gradient norm: 0.0114
2025-05-30 14:24:09,071 | INFO | Train batch  6600/10986 | ms/batch 203.09 | loss 0.8803 | bpb  1.27 | ppl     2.41 | lr 2.94e-04
2025-05-30 14:24:29,359 | INFO | Gradient norm: 0.0137
2025-05-30 14:24:29,367 | INFO | Train batch  6700/10986 | ms/batch 203.09 | loss 0.8803 | bpb  1.27 | ppl     2.41 | lr 2.94e-04
2025-05-30 14:24:49,716 | INFO | Gradient norm: 0.0123
2025-05-30 14:24:49,724 | INFO | Train batch  6800/10986 | ms/batch 203.10 | loss 0.8803 | bpb  1.27 | ppl     2.41 | lr 2.94e-04
2025-05-30 14:25:09,990 | INFO | Gradient norm: 0.0148
2025-05-30 14:25:09,998 | INFO | Train batch  6900/10986 | ms/batch 203.09 | loss 0.8803 | bpb  1.27 | ppl     2.41 | lr 2.94e-04
2025-05-30 14:25:30,314 | INFO | Gradient norm: 0.0156
2025-05-30 14:25:30,322 | INFO | Train batch  7000/10986 | ms/batch 203.09 | loss 0.8803 | bpb  1.27 | ppl     2.41 | lr 2.94e-04
2025-05-30 14:25:50,644 | INFO | Gradient norm: 0.0082
2025-05-30 14:25:50,652 | INFO | Train batch  7100/10986 | ms/batch 203.10 | loss 0.8803 | bpb  1.27 | ppl     2.41 | lr 2.94e-04
2025-05-30 14:26:10,933 | INFO | Gradient norm: 0.0118
2025-05-30 14:26:10,941 | INFO | Train batch  7200/10986 | ms/batch 203.09 | loss 0.8803 | bpb  1.27 | ppl     2.41 | lr 2.94e-04
2025-05-30 14:26:31,232 | INFO | Gradient norm: 0.0094
2025-05-30 14:26:31,240 | INFO | Train batch  7300/10986 | ms/batch 203.09 | loss 0.8803 | bpb  1.27 | ppl     2.41 | lr 2.94e-04
2025-05-30 14:26:51,573 | INFO | Gradient norm: 0.0181
2025-05-30 14:26:51,581 | INFO | Train batch  7400/10986 | ms/batch 203.10 | loss 0.8803 | bpb  1.27 | ppl     2.41 | lr 2.94e-04
2025-05-30 14:27:11,907 | INFO | Gradient norm: 0.0098
2025-05-30 14:27:11,915 | INFO | Train batch  7500/10986 | ms/batch 203.10 | loss 0.8803 | bpb  1.27 | ppl     2.41 | lr 2.94e-04
2025-05-30 14:27:32,249 | INFO | Gradient norm: 0.0147
2025-05-30 14:27:32,257 | INFO | Train batch  7600/10986 | ms/batch 203.10 | loss 0.8803 | bpb  1.27 | ppl     2.41 | lr 2.94e-04
2025-05-30 14:27:52,558 | INFO | Gradient norm: 0.0139
2025-05-30 14:27:52,566 | INFO | Train batch  7700/10986 | ms/batch 203.10 | loss 0.8803 | bpb  1.27 | ppl     2.41 | lr 2.94e-04
2025-05-30 14:28:12,882 | INFO | Gradient norm: 0.0152
2025-05-30 14:28:12,890 | INFO | Train batch  7800/10986 | ms/batch 203.10 | loss 0.8803 | bpb  1.27 | ppl     2.41 | lr 2.94e-04
2025-05-30 14:28:33,204 | INFO | Gradient norm: 0.0147
2025-05-30 14:28:33,212 | INFO | Train batch  7900/10986 | ms/batch 203.11 | loss 0.8803 | bpb  1.27 | ppl     2.41 | lr 2.94e-04
2025-05-30 14:28:53,536 | INFO | Gradient norm: 0.0118
2025-05-30 14:28:53,544 | INFO | Train batch  8000/10986 | ms/batch 203.11 | loss 0.8803 | bpb  1.27 | ppl     2.41 | lr 2.94e-04
2025-05-30 14:29:13,863 | INFO | Gradient norm: 0.0069
2025-05-30 14:29:13,871 | INFO | Train batch  8100/10986 | ms/batch 203.11 | loss 0.8803 | bpb  1.27 | ppl     2.41 | lr 2.94e-04
2025-05-30 14:29:34,198 | INFO | Gradient norm: 0.0149
2025-05-30 14:29:34,206 | INFO | Train batch  8200/10986 | ms/batch 203.11 | loss 0.8803 | bpb  1.27 | ppl     2.41 | lr 2.94e-04
2025-05-30 14:29:54,513 | INFO | Gradient norm: 0.0173
2025-05-30 14:29:54,521 | INFO | Train batch  8300/10986 | ms/batch 203.11 | loss 0.8803 | bpb  1.27 | ppl     2.41 | lr 2.94e-04
2025-05-30 14:30:14,810 | INFO | Gradient norm: 0.0106
2025-05-30 14:30:14,817 | INFO | Train batch  8400/10986 | ms/batch 203.11 | loss 0.8803 | bpb  1.27 | ppl     2.41 | lr 2.94e-04
2025-05-30 14:30:35,109 | INFO | Gradient norm: 0.0342
2025-05-30 14:30:35,117 | INFO | Train batch  8500/10986 | ms/batch 203.11 | loss 0.8803 | bpb  1.27 | ppl     2.41 | lr 2.94e-04
2025-05-30 14:30:55,439 | INFO | Gradient norm: 0.0145
2025-05-30 14:30:55,447 | INFO | Train batch  8600/10986 | ms/batch 203.11 | loss 0.8803 | bpb  1.27 | ppl     2.41 | lr 2.94e-04
2025-05-30 14:31:15,725 | INFO | Gradient norm: 0.0093
2025-05-30 14:31:15,733 | INFO | Train batch  8700/10986 | ms/batch 203.11 | loss 0.8803 | bpb  1.27 | ppl     2.41 | lr 2.94e-04
2025-05-30 14:31:36,044 | INFO | Gradient norm: 0.0164
2025-05-30 14:31:36,052 | INFO | Train batch  8800/10986 | ms/batch 203.11 | loss 0.8803 | bpb  1.27 | ppl     2.41 | lr 2.94e-04
2025-05-30 14:31:56,384 | INFO | Gradient norm: 0.0228
2025-05-30 14:31:56,392 | INFO | Train batch  8900/10986 | ms/batch 203.11 | loss 0.8803 | bpb  1.27 | ppl     2.41 | lr 2.94e-04
2025-05-30 14:32:16,719 | INFO | Gradient norm: 0.0102
2025-05-30 14:32:16,727 | INFO | Train batch  9000/10986 | ms/batch 203.12 | loss 0.8803 | bpb  1.27 | ppl     2.41 | lr 2.94e-04
2025-05-30 14:32:37,082 | INFO | Gradient norm: 0.0136
2025-05-30 14:32:37,090 | INFO | Train batch  9100/10986 | ms/batch 203.12 | loss 0.8803 | bpb  1.27 | ppl     2.41 | lr 2.94e-04
2025-05-30 14:32:57,410 | INFO | Gradient norm: 0.0080
2025-05-30 14:32:57,418 | INFO | Train batch  9200/10986 | ms/batch 203.12 | loss 0.8803 | bpb  1.27 | ppl     2.41 | lr 2.94e-04
2025-05-30 14:33:17,732 | INFO | Gradient norm: 0.0207
2025-05-30 14:33:17,740 | INFO | Train batch  9300/10986 | ms/batch 203.13 | loss 0.8803 | bpb  1.27 | ppl     2.41 | lr 2.94e-04
2025-05-30 14:33:38,031 | INFO | Gradient norm: 0.0079
2025-05-30 14:33:38,039 | INFO | Train batch  9400/10986 | ms/batch 203.12 | loss 0.8803 | bpb  1.27 | ppl     2.41 | lr 2.94e-04
2025-05-30 14:33:58,347 | INFO | Gradient norm: 0.0178
2025-05-30 14:33:58,355 | INFO | Train batch  9500/10986 | ms/batch 203.12 | loss 0.8803 | bpb  1.27 | ppl     2.41 | lr 2.94e-04
2025-05-30 14:34:18,719 | INFO | Gradient norm: 0.0183
2025-05-30 14:34:18,727 | INFO | Train batch  9600/10986 | ms/batch 203.13 | loss 0.8803 | bpb  1.27 | ppl     2.41 | lr 2.94e-04
2025-05-30 14:34:39,033 | INFO | Gradient norm: 0.0397
2025-05-30 14:34:39,041 | INFO | Train batch  9700/10986 | ms/batch 203.13 | loss 0.8803 | bpb  1.27 | ppl     2.41 | lr 2.94e-04
2025-05-30 14:34:59,319 | INFO | Gradient norm: 0.0093
2025-05-30 14:34:59,327 | INFO | Train batch  9800/10986 | ms/batch 203.13 | loss 0.8803 | bpb  1.27 | ppl     2.41 | lr 2.94e-04
2025-05-30 14:35:19,628 | INFO | Gradient norm: 0.0312
2025-05-30 14:35:19,636 | INFO | Train batch  9900/10986 | ms/batch 203.13 | loss 0.8803 | bpb  1.27 | ppl     2.41 | lr 2.94e-04
2025-05-30 14:35:39,974 | INFO | Gradient norm: 0.0267
2025-05-30 14:35:39,982 | INFO | Train batch 10000/10986 | ms/batch 203.13 | loss 0.8803 | bpb  1.27 | ppl     2.41 | lr 2.94e-04
2025-05-30 14:36:00,272 | INFO | Gradient norm: 0.0134
2025-05-30 14:36:00,280 | INFO | Train batch 10100/10986 | ms/batch 203.13 | loss 0.8803 | bpb  1.27 | ppl     2.41 | lr 2.94e-04
2025-05-30 14:36:20,569 | INFO | Gradient norm: 0.0090
2025-05-30 14:36:20,577 | INFO | Train batch 10200/10986 | ms/batch 203.13 | loss 0.8803 | bpb  1.27 | ppl     2.41 | lr 2.94e-04
2025-05-30 14:36:40,860 | INFO | Gradient norm: 0.0178
2025-05-30 14:36:40,868 | INFO | Train batch 10300/10986 | ms/batch 203.13 | loss 0.8803 | bpb  1.27 | ppl     2.41 | lr 2.94e-04
2025-05-30 14:37:01,152 | INFO | Gradient norm: 0.0131
2025-05-30 14:37:01,160 | INFO | Train batch 10400/10986 | ms/batch 203.12 | loss 0.8803 | bpb  1.27 | ppl     2.41 | lr 2.94e-04
2025-05-30 14:37:21,454 | INFO | Gradient norm: 0.0238
2025-05-30 14:37:21,462 | INFO | Train batch 10500/10986 | ms/batch 203.12 | loss 0.8803 | bpb  1.27 | ppl     2.41 | lr 2.93e-04
2025-05-30 14:37:41,745 | INFO | Gradient norm: 0.0302
2025-05-30 14:37:41,753 | INFO | Train batch 10600/10986 | ms/batch 203.12 | loss 0.8803 | bpb  1.27 | ppl     2.41 | lr 2.93e-04
2025-05-30 14:38:02,104 | INFO | Gradient norm: 0.0114
2025-05-30 14:38:02,112 | INFO | Train batch 10700/10986 | ms/batch 203.12 | loss 0.8803 | bpb  1.27 | ppl     2.41 | lr 2.93e-04
2025-05-30 14:38:22,397 | INFO | Gradient norm: 0.0295
2025-05-30 14:38:22,405 | INFO | Train batch 10800/10986 | ms/batch 203.12 | loss 0.8803 | bpb  1.27 | ppl     2.41 | lr 2.93e-04
2025-05-30 14:38:42,743 | INFO | Gradient norm: 0.0081
2025-05-30 14:38:42,751 | INFO | Train batch 10900/10986 | ms/batch 203.13 | loss 0.8803 | bpb  1.27 | ppl     2.41 | lr 2.93e-04
2025-05-30 14:40:18,249 | INFO | Epoch   4 | time: 2309.78s | train bpb  1.27 | valid bpb  1.27
2025-05-30 14:40:19,380 | INFO | Saved new best model with validation bpb:  1.27
2025-05-30 14:40:19,440 | INFO | Input shape: torch.Size([16, 511]), Target shape: torch.Size([16, 511])
2025-05-30 14:40:19,440 | INFO | Input range: [10, 226]
2025-05-30 14:40:19,440 | INFO | Target range: [10, 226]
2025-05-30 14:40:19,477 | INFO | Output shape: torch.Size([8176, 256]), Reshaped target shape: torch.Size([8176])
2025-05-30 14:40:19,478 | INFO | Output range: [-10.9765625, 10.6171875]
2025-05-30 14:40:19,478 | INFO | Sample probabilities: max=0.9031673073768616, min=0.00029080890817567706
2025-05-30 14:40:19,479 | INFO | Raw loss value: 0.8807130455970764
2025-05-30 14:40:19,479 | INFO | Batch 0 loss stats - Mean: -0.2607, Std: 1.2969
2025-05-30 14:40:19,629 | INFO | Gradient norm: 0.0234
2025-05-30 14:40:19,637 | INFO | Train batch     0/10986 | ms/batch 196.98 | loss 0.8807 | bpb  1.27 | ppl     2.41 | lr 2.93e-04
2025-05-30 14:40:39,912 | INFO | Gradient norm: 0.0346
2025-05-30 14:40:39,920 | INFO | Train batch   100/10986 | ms/batch 202.77 | loss 0.8816 | bpb  1.27 | ppl     2.41 | lr 2.93e-04
2025-05-30 14:41:00,229 | INFO | Gradient norm: 0.0112
2025-05-30 14:41:00,237 | INFO | Train batch   200/10986 | ms/batch 202.97 | loss 0.8811 | bpb  1.27 | ppl     2.41 | lr 2.93e-04
2025-05-30 14:41:20,591 | INFO | Gradient norm: 0.0137
2025-05-30 14:41:20,599 | INFO | Train batch   300/10986 | ms/batch 203.19 | loss 0.8807 | bpb  1.27 | ppl     2.41 | lr 2.93e-04
2025-05-30 14:41:40,904 | INFO | Gradient norm: 0.0118
2025-05-30 14:41:40,912 | INFO | Train batch   400/10986 | ms/batch 203.17 | loss 0.8806 | bpb  1.27 | ppl     2.41 | lr 2.93e-04
2025-05-30 14:42:01,212 | INFO | Gradient norm: 0.0362
2025-05-30 14:42:01,220 | INFO | Train batch   500/10986 | ms/batch 203.15 | loss 0.8805 | bpb  1.27 | ppl     2.41 | lr 2.93e-04
2025-05-30 14:42:21,490 | INFO | Gradient norm: 0.0073
2025-05-30 14:42:21,498 | INFO | Train batch   600/10986 | ms/batch 203.09 | loss 0.8804 | bpb  1.27 | ppl     2.41 | lr 2.93e-04
2025-05-30 14:42:41,784 | INFO | Gradient norm: 0.0086
2025-05-30 14:42:41,792 | INFO | Train batch   700/10986 | ms/batch 203.07 | loss 0.8804 | bpb  1.27 | ppl     2.41 | lr 2.93e-04
2025-05-30 14:43:02,092 | INFO | Gradient norm: 0.0089
2025-05-30 14:43:02,100 | INFO | Train batch   800/10986 | ms/batch 203.07 | loss 0.8804 | bpb  1.27 | ppl     2.41 | lr 2.93e-04
2025-05-30 14:43:22,400 | INFO | Gradient norm: 0.0111
2025-05-30 14:43:22,408 | INFO | Train batch   900/10986 | ms/batch 203.07 | loss 0.8803 | bpb  1.27 | ppl     2.41 | lr 2.93e-04
2025-05-30 14:43:42,717 | INFO | Gradient norm: 0.0129
2025-05-30 14:43:42,725 | INFO | Train batch  1000/10986 | ms/batch 203.08 | loss 0.8803 | bpb  1.27 | ppl     2.41 | lr 2.93e-04
2025-05-30 14:44:03,038 | INFO | Gradient norm: 0.0085
2025-05-30 14:44:03,046 | INFO | Train batch  1100/10986 | ms/batch 203.09 | loss 0.8803 | bpb  1.27 | ppl     2.41 | lr 2.93e-04
2025-05-30 14:44:23,344 | INFO | Gradient norm: 0.0099
2025-05-30 14:44:23,352 | INFO | Train batch  1200/10986 | ms/batch 203.09 | loss 0.8803 | bpb  1.27 | ppl     2.41 | lr 2.93e-04
2025-05-30 14:44:43,824 | INFO | Gradient norm: 0.0127
2025-05-30 14:44:43,832 | INFO | Train batch  1300/10986 | ms/batch 203.22 | loss 0.8803 | bpb  1.27 | ppl     2.41 | lr 2.93e-04
2025-05-30 14:45:04,120 | INFO | Gradient norm: 0.0118
2025-05-30 14:45:04,128 | INFO | Train batch  1400/10986 | ms/batch 203.20 | loss 0.8802 | bpb  1.27 | ppl     2.41 | lr 2.93e-04
2025-05-30 14:45:24,425 | INFO | Gradient norm: 0.0078
2025-05-30 14:45:24,433 | INFO | Train batch  1500/10986 | ms/batch 203.19 | loss 0.8802 | bpb  1.27 | ppl     2.41 | lr 2.93e-04
2025-05-30 14:45:44,748 | INFO | Gradient norm: 0.0096
2025-05-30 14:45:44,755 | INFO | Train batch  1600/10986 | ms/batch 203.20 | loss 0.8802 | bpb  1.27 | ppl     2.41 | lr 2.93e-04
2025-05-30 14:46:05,043 | INFO | Gradient norm: 0.0109
2025-05-30 14:46:05,051 | INFO | Train batch  1700/10986 | ms/batch 203.18 | loss 0.8802 | bpb  1.27 | ppl     2.41 | lr 2.93e-04
2025-05-30 14:46:25,330 | INFO | Gradient norm: 0.0211
2025-05-30 14:46:25,337 | INFO | Train batch  1800/10986 | ms/batch 203.16 | loss 0.8802 | bpb  1.27 | ppl     2.41 | lr 2.93e-04
2025-05-30 14:46:45,638 | INFO | Gradient norm: 0.0193
2025-05-30 14:46:45,646 | INFO | Train batch  1900/10986 | ms/batch 203.16 | loss 0.8802 | bpb  1.27 | ppl     2.41 | lr 2.93e-04
2025-05-30 14:47:05,930 | INFO | Gradient norm: 0.0276
2025-05-30 14:47:05,938 | INFO | Train batch  2000/10986 | ms/batch 203.15 | loss 0.8802 | bpb  1.27 | ppl     2.41 | lr 2.93e-04
2025-05-30 14:47:26,233 | INFO | Gradient norm: 0.0101
2025-05-30 14:47:26,241 | INFO | Train batch  2100/10986 | ms/batch 203.14 | loss 0.8802 | bpb  1.27 | ppl     2.41 | lr 2.93e-04
2025-05-30 14:47:46,527 | INFO | Gradient norm: 0.0172
2025-05-30 14:47:46,535 | INFO | Train batch  2200/10986 | ms/batch 203.13 | loss 0.8802 | bpb  1.27 | ppl     2.41 | lr 2.93e-04
2025-05-30 14:48:06,880 | INFO | Gradient norm: 0.0082
2025-05-30 14:48:06,888 | INFO | Train batch  2300/10986 | ms/batch 203.15 | loss 0.8802 | bpb  1.27 | ppl     2.41 | lr 2.93e-04
2025-05-30 14:48:27,257 | INFO | Gradient norm: 0.0084
2025-05-30 14:48:27,264 | INFO | Train batch  2400/10986 | ms/batch 203.18 | loss 0.8802 | bpb  1.27 | ppl     2.41 | lr 2.93e-04
2025-05-30 14:48:47,567 | INFO | Gradient norm: 0.0078
2025-05-30 14:48:47,575 | INFO | Train batch  2500/10986 | ms/batch 203.17 | loss 0.8802 | bpb  1.27 | ppl     2.41 | lr 2.93e-04
2025-05-30 14:49:07,928 | INFO | Gradient norm: 0.0103
2025-05-30 14:49:07,936 | INFO | Train batch  2600/10986 | ms/batch 203.19 | loss 0.8802 | bpb  1.27 | ppl     2.41 | lr 2.93e-04
2025-05-30 14:49:28,257 | INFO | Gradient norm: 0.0127
2025-05-30 14:49:28,264 | INFO | Train batch  2700/10986 | ms/batch 203.19 | loss 0.8802 | bpb  1.27 | ppl     2.41 | lr 2.93e-04
2025-05-30 14:49:48,566 | INFO | Gradient norm: 0.0128
2025-05-30 14:49:48,574 | INFO | Train batch  2800/10986 | ms/batch 203.19 | loss 0.8802 | bpb  1.27 | ppl     2.41 | lr 2.93e-04
2025-05-30 14:50:08,945 | INFO | Gradient norm: 0.0104
2025-05-30 14:50:08,953 | INFO | Train batch  2900/10986 | ms/batch 203.21 | loss 0.8802 | bpb  1.27 | ppl     2.41 | lr 2.93e-04
2025-05-30 14:50:29,308 | INFO | Gradient norm: 0.0177
2025-05-30 14:50:29,316 | INFO | Train batch  3000/10986 | ms/batch 203.22 | loss 0.8802 | bpb  1.27 | ppl     2.41 | lr 2.93e-04
2025-05-30 14:50:49,619 | INFO | Gradient norm: 0.0090
2025-05-30 14:50:49,627 | INFO | Train batch  3100/10986 | ms/batch 203.22 | loss 0.8802 | bpb  1.27 | ppl     2.41 | lr 2.93e-04
2025-05-30 14:51:09,944 | INFO | Gradient norm: 0.0086
2025-05-30 14:51:09,952 | INFO | Train batch  3200/10986 | ms/batch 203.22 | loss 0.8802 | bpb  1.27 | ppl     2.41 | lr 2.93e-04
2025-05-30 14:51:30,245 | INFO | Gradient norm: 0.0126
2025-05-30 14:51:30,253 | INFO | Train batch  3300/10986 | ms/batch 203.22 | loss 0.8802 | bpb  1.27 | ppl     2.41 | lr 2.93e-04
2025-05-30 14:51:50,564 | INFO | Gradient norm: 0.0158
2025-05-30 14:51:50,572 | INFO | Train batch  3400/10986 | ms/batch 203.21 | loss 0.8802 | bpb  1.27 | ppl     2.41 | lr 2.92e-04
2025-05-30 14:52:10,875 | INFO | Gradient norm: 0.0223
2025-05-30 14:52:10,883 | INFO | Train batch  3500/10986 | ms/batch 203.21 | loss 0.8802 | bpb  1.27 | ppl     2.41 | lr 2.92e-04
2025-05-30 14:52:31,188 | INFO | Gradient norm: 0.0423
2025-05-30 14:52:31,196 | INFO | Train batch  3600/10986 | ms/batch 203.21 | loss 0.8802 | bpb  1.27 | ppl     2.41 | lr 2.92e-04
2025-05-30 14:52:51,466 | INFO | Gradient norm: 0.0100
2025-05-30 14:52:51,474 | INFO | Train batch  3700/10986 | ms/batch 203.20 | loss 0.8802 | bpb  1.27 | ppl     2.41 | lr 2.92e-04
2025-05-30 14:53:11,775 | INFO | Gradient norm: 0.0119
2025-05-30 14:53:11,783 | INFO | Train batch  3800/10986 | ms/batch 203.19 | loss 0.8802 | bpb  1.27 | ppl     2.41 | lr 2.92e-04
2025-05-30 14:53:32,178 | INFO | Gradient norm: 0.0146
2025-05-30 14:53:32,186 | INFO | Train batch  3900/10986 | ms/batch 203.22 | loss 0.8802 | bpb  1.27 | ppl     2.41 | lr 2.92e-04
2025-05-30 14:53:52,486 | INFO | Gradient norm: 0.0091
2025-05-30 14:53:52,494 | INFO | Train batch  4000/10986 | ms/batch 203.21 | loss 0.8802 | bpb  1.27 | ppl     2.41 | lr 2.92e-04
2025-05-30 14:54:12,769 | INFO | Gradient norm: 0.0091
2025-05-30 14:54:12,777 | INFO | Train batch  4100/10986 | ms/batch 203.20 | loss 0.8802 | bpb  1.27 | ppl     2.41 | lr 2.92e-04
2025-05-30 14:54:33,158 | INFO | Gradient norm: 0.0205
2025-05-30 14:54:33,165 | INFO | Train batch  4200/10986 | ms/batch 203.22 | loss 0.8802 | bpb  1.27 | ppl     2.41 | lr 2.92e-04
2025-05-30 14:54:53,449 | INFO | Gradient norm: 0.0238
2025-05-30 14:54:53,457 | INFO | Train batch  4300/10986 | ms/batch 203.21 | loss 0.8802 | bpb  1.27 | ppl     2.41 | lr 2.92e-04
2025-05-30 14:55:13,762 | INFO | Gradient norm: 0.0170
2025-05-30 14:55:13,770 | INFO | Train batch  4400/10986 | ms/batch 203.21 | loss 0.8802 | bpb  1.27 | ppl     2.41 | lr 2.92e-04
2025-05-30 14:55:34,106 | INFO | Gradient norm: 0.0206
2025-05-30 14:55:34,114 | INFO | Train batch  4500/10986 | ms/batch 203.22 | loss 0.8802 | bpb  1.27 | ppl     2.41 | lr 2.92e-04
2025-05-30 14:55:54,401 | INFO | Gradient norm: 0.0113
2025-05-30 14:55:54,409 | INFO | Train batch  4600/10986 | ms/batch 203.21 | loss 0.8802 | bpb  1.27 | ppl     2.41 | lr 2.92e-04
2025-05-30 14:56:14,746 | INFO | Gradient norm: 0.0100
2025-05-30 14:56:14,754 | INFO | Train batch  4700/10986 | ms/batch 203.22 | loss 0.8802 | bpb  1.27 | ppl     2.41 | lr 2.92e-04
2025-05-30 14:56:35,049 | INFO | Gradient norm: 0.0073
2025-05-30 14:56:35,057 | INFO | Train batch  4800/10986 | ms/batch 203.21 | loss 0.8802 | bpb  1.27 | ppl     2.41 | lr 2.92e-04
2025-05-30 14:56:55,357 | INFO | Gradient norm: 0.0278
2025-05-30 14:56:55,364 | INFO | Train batch  4900/10986 | ms/batch 203.21 | loss 0.8802 | bpb  1.27 | ppl     2.41 | lr 2.92e-04
2025-05-30 14:57:15,671 | INFO | Gradient norm: 0.0342
2025-05-30 14:57:15,679 | INFO | Train batch  5000/10986 | ms/batch 203.21 | loss 0.8802 | bpb  1.27 | ppl     2.41 | lr 2.92e-04
2025-05-30 14:57:35,985 | INFO | Gradient norm: 0.0166
2025-05-30 14:57:35,993 | INFO | Train batch  5100/10986 | ms/batch 203.21 | loss 0.8802 | bpb  1.27 | ppl     2.41 | lr 2.92e-04
2025-05-30 14:57:56,296 | INFO | Gradient norm: 0.0102
2025-05-30 14:57:56,304 | INFO | Train batch  5200/10986 | ms/batch 203.20 | loss 0.8802 | bpb  1.27 | ppl     2.41 | lr 2.92e-04
2025-05-30 14:58:16,626 | INFO | Gradient norm: 0.0146
2025-05-30 14:58:16,634 | INFO | Train batch  5300/10986 | ms/batch 203.21 | loss 0.8802 | bpb  1.27 | ppl     2.41 | lr 2.92e-04
2025-05-30 14:58:36,918 | INFO | Gradient norm: 0.0079
2025-05-30 14:58:36,926 | INFO | Train batch  5400/10986 | ms/batch 203.20 | loss 0.8802 | bpb  1.27 | ppl     2.41 | lr 2.92e-04
2025-05-30 14:58:57,212 | INFO | Gradient norm: 0.0133
2025-05-30 14:58:57,220 | INFO | Train batch  5500/10986 | ms/batch 203.20 | loss 0.8802 | bpb  1.27 | ppl     2.41 | lr 2.92e-04
2025-05-30 14:59:17,523 | INFO | Gradient norm: 0.0083
2025-05-30 14:59:17,530 | INFO | Train batch  5600/10986 | ms/batch 203.19 | loss 0.8802 | bpb  1.27 | ppl     2.41 | lr 2.92e-04
2025-05-30 14:59:37,846 | INFO | Gradient norm: 0.0142
2025-05-30 14:59:37,854 | INFO | Train batch  5700/10986 | ms/batch 203.19 | loss 0.8802 | bpb  1.27 | ppl     2.41 | lr 2.92e-04
2025-05-30 14:59:58,143 | INFO | Gradient norm: 0.0085
2025-05-30 14:59:58,151 | INFO | Train batch  5800/10986 | ms/batch 203.19 | loss 0.8802 | bpb  1.27 | ppl     2.41 | lr 2.92e-04
2025-05-30 15:00:18,499 | INFO | Gradient norm: 0.0702
2025-05-30 15:00:18,507 | INFO | Train batch  5900/10986 | ms/batch 203.20 | loss 0.8802 | bpb  1.27 | ppl     2.41 | lr 2.92e-04
2025-05-30 15:00:38,816 | INFO | Gradient norm: 0.0083
2025-05-30 15:00:38,824 | INFO | Train batch  6000/10986 | ms/batch 203.20 | loss 0.8802 | bpb  1.27 | ppl     2.41 | lr 2.92e-04
2025-05-30 15:00:59,165 | INFO | Gradient norm: 0.0125
2025-05-30 15:00:59,173 | INFO | Train batch  6100/10986 | ms/batch 203.20 | loss 0.8802 | bpb  1.27 | ppl     2.41 | lr 2.92e-04
2025-05-30 15:01:19,497 | INFO | Gradient norm: 0.0296
2025-05-30 15:01:19,505 | INFO | Train batch  6200/10986 | ms/batch 203.20 | loss 0.8802 | bpb  1.27 | ppl     2.41 | lr 2.92e-04
2025-05-30 15:01:39,784 | INFO | Gradient norm: 0.0107
2025-05-30 15:01:39,792 | INFO | Train batch  6300/10986 | ms/batch 203.20 | loss 0.8802 | bpb  1.27 | ppl     2.41 | lr 2.92e-04
2025-05-30 15:02:00,079 | INFO | Gradient norm: 0.0529
2025-05-30 15:02:00,087 | INFO | Train batch  6400/10986 | ms/batch 203.19 | loss 0.8802 | bpb  1.27 | ppl     2.41 | lr 2.92e-04
2025-05-30 15:02:20,359 | INFO | Gradient norm: 0.0229
2025-05-30 15:02:20,367 | INFO | Train batch  6500/10986 | ms/batch 203.19 | loss 0.8802 | bpb  1.27 | ppl     2.41 | lr 2.92e-04
2025-05-30 15:02:40,657 | INFO | Gradient norm: 0.0221
2025-05-30 15:02:40,665 | INFO | Train batch  6600/10986 | ms/batch 203.19 | loss 0.8802 | bpb  1.27 | ppl     2.41 | lr 2.92e-04
2025-05-30 15:03:00,972 | INFO | Gradient norm: 0.0095
2025-05-30 15:03:00,980 | INFO | Train batch  6700/10986 | ms/batch 203.18 | loss 0.8802 | bpb  1.27 | ppl     2.41 | lr 2.92e-04
2025-05-30 15:03:21,407 | INFO | Gradient norm: 0.0086
2025-05-30 15:03:21,414 | INFO | Train batch  6800/10986 | ms/batch 203.20 | loss 0.8802 | bpb  1.27 | ppl     2.41 | lr 2.92e-04
2025-05-30 15:03:41,708 | INFO | Gradient norm: 0.0087
2025-05-30 15:03:41,716 | INFO | Train batch  6900/10986 | ms/batch 203.20 | loss 0.8802 | bpb  1.27 | ppl     2.41 | lr 2.92e-04
2025-05-30 15:04:01,992 | INFO | Gradient norm: 0.0106
2025-05-30 15:04:02,000 | INFO | Train batch  7000/10986 | ms/batch 203.19 | loss 0.8802 | bpb  1.27 | ppl     2.41 | lr 2.92e-04
2025-05-30 15:04:22,298 | INFO | Gradient norm: 0.0080
2025-05-30 15:04:22,306 | INFO | Train batch  7100/10986 | ms/batch 203.19 | loss 0.8802 | bpb  1.27 | ppl     2.41 | lr 2.91e-04
2025-05-30 15:04:42,601 | INFO | Gradient norm: 0.0243
2025-05-30 15:04:42,609 | INFO | Train batch  7200/10986 | ms/batch 203.19 | loss 0.8802 | bpb  1.27 | ppl     2.41 | lr 2.91e-04
2025-05-30 15:05:02,922 | INFO | Gradient norm: 0.0085
2025-05-30 15:05:02,930 | INFO | Train batch  7300/10986 | ms/batch 203.19 | loss 0.8802 | bpb  1.27 | ppl     2.41 | lr 2.91e-04
2025-05-30 15:05:23,209 | INFO | Gradient norm: 0.0390
2025-05-30 15:05:23,217 | INFO | Train batch  7400/10986 | ms/batch 203.19 | loss 0.8802 | bpb  1.27 | ppl     2.41 | lr 2.91e-04
2025-05-30 15:05:43,516 | INFO | Gradient norm: 0.0196
2025-05-30 15:05:43,524 | INFO | Train batch  7500/10986 | ms/batch 203.18 | loss 0.8802 | bpb  1.27 | ppl     2.41 | lr 2.91e-04
2025-05-30 15:06:03,825 | INFO | Gradient norm: 0.0198
2025-05-30 15:06:03,833 | INFO | Train batch  7600/10986 | ms/batch 203.18 | loss 0.8802 | bpb  1.27 | ppl     2.41 | lr 2.91e-04
2025-05-30 15:06:24,117 | INFO | Gradient norm: 0.0223
2025-05-30 15:06:24,125 | INFO | Train batch  7700/10986 | ms/batch 203.18 | loss 0.8802 | bpb  1.27 | ppl     2.41 | lr 2.91e-04
2025-05-30 15:06:44,399 | INFO | Gradient norm: 0.0096
2025-05-30 15:06:44,407 | INFO | Train batch  7800/10986 | ms/batch 203.17 | loss 0.8802 | bpb  1.27 | ppl     2.41 | lr 2.91e-04
2025-05-30 15:07:04,682 | INFO | Gradient norm: 0.0111
2025-05-30 15:07:04,690 | INFO | Train batch  7900/10986 | ms/batch 203.17 | loss 0.8802 | bpb  1.27 | ppl     2.41 | lr 2.91e-04
2025-05-30 15:07:24,964 | INFO | Gradient norm: 0.0150
2025-05-30 15:07:24,972 | INFO | Train batch  8000/10986 | ms/batch 203.17 | loss 0.8802 | bpb  1.27 | ppl     2.41 | lr 2.91e-04
2025-05-30 15:07:45,238 | INFO | Gradient norm: 0.0084
2025-05-30 15:07:45,246 | INFO | Train batch  8100/10986 | ms/batch 203.16 | loss 0.8802 | bpb  1.27 | ppl     2.41 | lr 2.91e-04
2025-05-30 15:08:05,527 | INFO | Gradient norm: 0.0102
2025-05-30 15:08:05,535 | INFO | Train batch  8200/10986 | ms/batch 203.16 | loss 0.8802 | bpb  1.27 | ppl     2.41 | lr 2.91e-04
2025-05-30 15:08:25,818 | INFO | Gradient norm: 0.0178
2025-05-30 15:08:25,826 | INFO | Train batch  8300/10986 | ms/batch 203.15 | loss 0.8802 | bpb  1.27 | ppl     2.41 | lr 2.91e-04
2025-05-30 15:08:46,157 | INFO | Gradient norm: 0.0137
2025-05-30 15:08:46,165 | INFO | Train batch  8400/10986 | ms/batch 203.16 | loss 0.8802 | bpb  1.27 | ppl     2.41 | lr 2.91e-04
2025-05-30 15:09:06,452 | INFO | Gradient norm: 0.0280
2025-05-30 15:09:06,460 | INFO | Train batch  8500/10986 | ms/batch 203.15 | loss 0.8802 | bpb  1.27 | ppl     2.41 | lr 2.91e-04
2025-05-30 15:09:26,735 | INFO | Gradient norm: 0.0190
2025-05-30 15:09:26,743 | INFO | Train batch  8600/10986 | ms/batch 203.15 | loss 0.8802 | bpb  1.27 | ppl     2.41 | lr 2.91e-04
2025-05-30 15:09:47,038 | INFO | Gradient norm: 0.0426
2025-05-30 15:09:47,046 | INFO | Train batch  8700/10986 | ms/batch 203.15 | loss 0.8802 | bpb  1.27 | ppl     2.41 | lr 2.91e-04
2025-05-30 15:10:07,334 | INFO | Gradient norm: 0.0087
2025-05-30 15:10:07,342 | INFO | Train batch  8800/10986 | ms/batch 203.15 | loss 0.8801 | bpb  1.27 | ppl     2.41 | lr 2.91e-04
2025-05-30 15:10:27,633 | INFO | Gradient norm: 0.0342
2025-05-30 15:10:27,641 | INFO | Train batch  8900/10986 | ms/batch 203.15 | loss 0.8801 | bpb  1.27 | ppl     2.41 | lr 2.91e-04
2025-05-30 15:10:47,961 | INFO | Gradient norm: 0.0093
2025-05-30 15:10:47,969 | INFO | Train batch  9000/10986 | ms/batch 203.15 | loss 0.8801 | bpb  1.27 | ppl     2.41 | lr 2.91e-04
2025-05-30 15:11:08,291 | INFO | Gradient norm: 0.0120
2025-05-30 15:11:08,299 | INFO | Train batch  9100/10986 | ms/batch 203.15 | loss 0.8801 | bpb  1.27 | ppl     2.41 | lr 2.91e-04
2025-05-30 15:11:28,625 | INFO | Gradient norm: 0.0130
2025-05-30 15:11:28,633 | INFO | Train batch  9200/10986 | ms/batch 203.15 | loss 0.8801 | bpb  1.27 | ppl     2.41 | lr 2.91e-04
2025-05-30 15:11:48,913 | INFO | Gradient norm: 0.0102
2025-05-30 15:11:48,921 | INFO | Train batch  9300/10986 | ms/batch 203.15 | loss 0.8801 | bpb  1.27 | ppl     2.41 | lr 2.91e-04
2025-05-30 15:12:09,221 | INFO | Gradient norm: 0.0070
2025-05-30 15:12:09,229 | INFO | Train batch  9400/10986 | ms/batch 203.15 | loss 0.8801 | bpb  1.27 | ppl     2.41 | lr 2.91e-04
2025-05-30 15:12:29,519 | INFO | Gradient norm: 0.0215
2025-05-30 15:12:29,527 | INFO | Train batch  9500/10986 | ms/batch 203.15 | loss 0.8801 | bpb  1.27 | ppl     2.41 | lr 2.91e-04
2025-05-30 15:12:49,832 | INFO | Gradient norm: 0.0113
2025-05-30 15:12:49,840 | INFO | Train batch  9600/10986 | ms/batch 203.15 | loss 0.8801 | bpb  1.27 | ppl     2.41 | lr 2.91e-04
2025-05-30 15:13:10,158 | INFO | Gradient norm: 0.0076
2025-05-30 15:13:10,166 | INFO | Train batch  9700/10986 | ms/batch 203.15 | loss 0.8801 | bpb  1.27 | ppl     2.41 | lr 2.91e-04
2025-05-30 15:13:30,459 | INFO | Gradient norm: 0.0085
2025-05-30 15:13:30,467 | INFO | Train batch  9800/10986 | ms/batch 203.15 | loss 0.8801 | bpb  1.27 | ppl     2.41 | lr 2.91e-04
2025-05-30 15:13:50,743 | INFO | Gradient norm: 0.0077
2025-05-30 15:13:50,751 | INFO | Train batch  9900/10986 | ms/batch 203.14 | loss 0.8801 | bpb  1.27 | ppl     2.41 | lr 2.91e-04
2025-05-30 15:14:11,044 | INFO | Gradient norm: 0.0207
2025-05-30 15:14:11,052 | INFO | Train batch 10000/10986 | ms/batch 203.14 | loss 0.8801 | bpb  1.27 | ppl     2.41 | lr 2.91e-04
2025-05-30 15:14:31,353 | INFO | Gradient norm: 0.0097
2025-05-30 15:14:31,361 | INFO | Train batch 10100/10986 | ms/batch 203.14 | loss 0.8801 | bpb  1.27 | ppl     2.41 | lr 2.91e-04
2025-05-30 15:14:51,653 | INFO | Gradient norm: 0.0100
2025-05-30 15:14:51,661 | INFO | Train batch 10200/10986 | ms/batch 203.14 | loss 0.8801 | bpb  1.27 | ppl     2.41 | lr 2.91e-04
2025-05-30 15:15:11,944 | INFO | Gradient norm: 0.0128
2025-05-30 15:15:11,952 | INFO | Train batch 10300/10986 | ms/batch 203.14 | loss 0.8801 | bpb  1.27 | ppl     2.41 | lr 2.91e-04
2025-05-30 15:15:32,246 | INFO | Gradient norm: 0.0165
2025-05-30 15:15:32,254 | INFO | Train batch 10400/10986 | ms/batch 203.14 | loss 0.8801 | bpb  1.27 | ppl     2.41 | lr 2.91e-04
2025-05-30 15:15:52,552 | INFO | Gradient norm: 0.0388
2025-05-30 15:15:52,560 | INFO | Train batch 10500/10986 | ms/batch 203.13 | loss 0.8801 | bpb  1.27 | ppl     2.41 | lr 2.90e-04
2025-05-30 15:16:12,836 | INFO | Gradient norm: 0.0125
2025-05-30 15:16:12,844 | INFO | Train batch 10600/10986 | ms/batch 203.13 | loss 0.8801 | bpb  1.27 | ppl     2.41 | lr 2.90e-04
2025-05-30 15:16:33,122 | INFO | Gradient norm: 0.0073
2025-05-30 15:16:33,130 | INFO | Train batch 10700/10986 | ms/batch 203.13 | loss 0.8801 | bpb  1.27 | ppl     2.41 | lr 2.90e-04
2025-05-30 15:16:53,425 | INFO | Gradient norm: 0.0107
2025-05-30 15:16:53,433 | INFO | Train batch 10800/10986 | ms/batch 203.13 | loss 0.8801 | bpb  1.27 | ppl     2.41 | lr 2.90e-04
2025-05-30 15:17:13,709 | INFO | Gradient norm: 0.0087
2025-05-30 15:17:13,716 | INFO | Train batch 10900/10986 | ms/batch 203.13 | loss 0.8801 | bpb  1.27 | ppl     2.41 | lr 2.90e-04
2025-05-30 15:18:48,922 | INFO | Epoch   5 | time: 2309.48s | train bpb  1.27 | valid bpb  1.27
2025-05-30 15:18:50,300 | INFO | Saved new best model with validation bpb:  1.27
2025-05-30 15:18:50,364 | INFO | Input shape: torch.Size([16, 511]), Target shape: torch.Size([16, 511])
2025-05-30 15:18:50,365 | INFO | Input range: [10, 226]
2025-05-30 15:18:50,365 | INFO | Target range: [10, 226]
2025-05-30 15:18:50,401 | INFO | Output shape: torch.Size([8176, 256]), Reshaped target shape: torch.Size([8176])
2025-05-30 15:18:50,403 | INFO | Output range: [-12.203125, 10.84375]
2025-05-30 15:18:50,403 | INFO | Sample probabilities: max=0.9064046144485474, min=0.0002810271398629993
2025-05-30 15:18:50,403 | INFO | Raw loss value: 0.8800830245018005
2025-05-30 15:18:50,403 | INFO | Batch 0 loss stats - Mean: -0.1997, Std: 1.4238
2025-05-30 15:18:50,553 | INFO | Gradient norm: 0.0096
2025-05-30 15:18:50,561 | INFO | Train batch     0/10986 | ms/batch 197.02 | loss 0.8801 | bpb  1.27 | ppl     2.41 | lr 2.90e-04
2025-05-30 15:19:10,833 | INFO | Gradient norm: 0.0097
2025-05-30 15:19:10,841 | INFO | Train batch   100/10986 | ms/batch 202.74 | loss 0.8813 | bpb  1.27 | ppl     2.41 | lr 2.90e-04
2025-05-30 15:19:31,158 | INFO | Gradient norm: 0.0100
2025-05-30 15:19:31,166 | INFO | Train batch   200/10986 | ms/batch 202.99 | loss 0.8809 | bpb  1.27 | ppl     2.41 | lr 2.90e-04
2025-05-30 15:19:51,488 | INFO | Gradient norm: 0.0158
2025-05-30 15:19:51,496 | INFO | Train batch   300/10986 | ms/batch 203.10 | loss 0.8806 | bpb  1.27 | ppl     2.41 | lr 2.90e-04
2025-05-30 15:20:11,827 | INFO | Gradient norm: 0.0300
2025-05-30 15:20:11,835 | INFO | Train batch   400/10986 | ms/batch 203.17 | loss 0.8804 | bpb  1.27 | ppl     2.41 | lr 2.90e-04
2025-05-30 15:20:32,145 | INFO | Gradient norm: 0.0105
2025-05-30 15:20:32,153 | INFO | Train batch   500/10986 | ms/batch 203.17 | loss 0.8803 | bpb  1.27 | ppl     2.41 | lr 2.90e-04
2025-05-30 15:20:52,457 | INFO | Gradient norm: 0.0132
2025-05-30 15:20:52,465 | INFO | Train batch   600/10986 | ms/batch 203.16 | loss 0.8803 | bpb  1.27 | ppl     2.41 | lr 2.90e-04
2025-05-30 15:21:12,759 | INFO | Gradient norm: 0.0095
2025-05-30 15:21:12,766 | INFO | Train batch   700/10986 | ms/batch 203.14 | loss 0.8802 | bpb  1.27 | ppl     2.41 | lr 2.90e-04
2025-05-30 15:21:33,098 | INFO | Gradient norm: 0.0085
2025-05-30 15:21:33,106 | INFO | Train batch   800/10986 | ms/batch 203.17 | loss 0.8802 | bpb  1.27 | ppl     2.41 | lr 2.90e-04
2025-05-30 15:21:53,423 | INFO | Gradient norm: 0.0260
2025-05-30 15:21:53,430 | INFO | Train batch   900/10986 | ms/batch 203.18 | loss 0.8802 | bpb  1.27 | ppl     2.41 | lr 2.90e-04
2025-05-30 15:22:13,730 | INFO | Gradient norm: 0.0139
2025-05-30 15:22:13,738 | INFO | Train batch  1000/10986 | ms/batch 203.17 | loss 0.8801 | bpb  1.27 | ppl     2.41 | lr 2.90e-04
2025-05-30 15:22:34,022 | INFO | Gradient norm: 0.0085
2025-05-30 15:22:34,030 | INFO | Train batch  1100/10986 | ms/batch 203.15 | loss 0.8801 | bpb  1.27 | ppl     2.41 | lr 2.90e-04
2025-05-30 15:22:54,336 | INFO | Gradient norm: 0.0089
2025-05-30 15:22:54,344 | INFO | Train batch  1200/10986 | ms/batch 203.15 | loss 0.8801 | bpb  1.27 | ppl     2.41 | lr 2.90e-04
2025-05-30 15:23:14,631 | INFO | Gradient norm: 0.0110
2025-05-30 15:23:14,639 | INFO | Train batch  1300/10986 | ms/batch 203.13 | loss 0.8801 | bpb  1.27 | ppl     2.41 | lr 2.90e-04
2025-05-30 15:23:34,962 | INFO | Gradient norm: 0.0177
2025-05-30 15:23:34,970 | INFO | Train batch  1400/10986 | ms/batch 203.15 | loss 0.8801 | bpb  1.27 | ppl     2.41 | lr 2.90e-04
2025-05-30 15:23:55,252 | INFO | Gradient norm: 0.0084
2025-05-30 15:23:55,260 | INFO | Train batch  1500/10986 | ms/batch 203.13 | loss 0.8801 | bpb  1.27 | ppl     2.41 | lr 2.90e-04
2025-05-30 15:24:15,578 | INFO | Gradient norm: 0.0230
2025-05-30 15:24:15,586 | INFO | Train batch  1600/10986 | ms/batch 203.14 | loss 0.8801 | bpb  1.27 | ppl     2.41 | lr 2.90e-04
2025-05-30 15:24:35,912 | INFO | Gradient norm: 0.0092
2025-05-30 15:24:35,920 | INFO | Train batch  1700/10986 | ms/batch 203.15 | loss 0.8801 | bpb  1.27 | ppl     2.41 | lr 2.90e-04
2025-05-30 15:24:56,231 | INFO | Gradient norm: 0.0087
2025-05-30 15:24:56,239 | INFO | Train batch  1800/10986 | ms/batch 203.15 | loss 0.8801 | bpb  1.27 | ppl     2.41 | lr 2.90e-04
2025-05-30 15:25:16,592 | INFO | Gradient norm: 0.0088
2025-05-30 15:25:16,599 | INFO | Train batch  1900/10986 | ms/batch 203.17 | loss 0.8801 | bpb  1.27 | ppl     2.41 | lr 2.90e-04
2025-05-30 15:25:36,883 | INFO | Gradient norm: 0.0078
2025-05-30 15:25:36,891 | INFO | Train batch  2000/10986 | ms/batch 203.16 | loss 0.8801 | bpb  1.27 | ppl     2.41 | lr 2.90e-04
2025-05-30 15:25:57,229 | INFO | Gradient norm: 0.0138
2025-05-30 15:25:57,237 | INFO | Train batch  2100/10986 | ms/batch 203.18 | loss 0.8801 | bpb  1.27 | ppl     2.41 | lr 2.90e-04
2025-05-30 15:26:17,576 | INFO | Gradient norm: 0.0204
2025-05-30 15:26:17,584 | INFO | Train batch  2200/10986 | ms/batch 203.19 | loss 0.8801 | bpb  1.27 | ppl     2.41 | lr 2.90e-04
2025-05-30 15:26:37,878 | INFO | Gradient norm: 0.0125
2025-05-30 15:26:37,886 | INFO | Train batch  2300/10986 | ms/batch 203.18 | loss 0.8801 | bpb  1.27 | ppl     2.41 | lr 2.90e-04
2025-05-30 15:26:58,258 | INFO | Gradient norm: 0.0098
2025-05-30 15:26:58,266 | INFO | Train batch  2400/10986 | ms/batch 203.21 | loss 0.8801 | bpb  1.27 | ppl     2.41 | lr 2.90e-04
2025-05-30 15:27:18,634 | INFO | Gradient norm: 0.0084
2025-05-30 15:27:18,641 | INFO | Train batch  2500/10986 | ms/batch 203.23 | loss 0.8801 | bpb  1.27 | ppl     2.41 | lr 2.90e-04
2025-05-30 15:27:38,961 | INFO | Gradient norm: 0.0108
2025-05-30 15:27:38,969 | INFO | Train batch  2600/10986 | ms/batch 203.23 | loss 0.8801 | bpb  1.27 | ppl     2.41 | lr 2.90e-04
2025-05-30 15:27:59,352 | INFO | Gradient norm: 0.0089
2025-05-30 15:27:59,360 | INFO | Train batch  2700/10986 | ms/batch 203.26 | loss 0.8801 | bpb  1.27 | ppl     2.41 | lr 2.90e-04
2025-05-30 15:28:19,723 | INFO | Gradient norm: 0.0324
2025-05-30 15:28:19,730 | INFO | Train batch  2800/10986 | ms/batch 203.27 | loss 0.8801 | bpb  1.27 | ppl     2.41 | lr 2.89e-04
2025-05-30 15:28:40,055 | INFO | Gradient norm: 0.0201
2025-05-30 15:28:40,062 | INFO | Train batch  2900/10986 | ms/batch 203.27 | loss 0.8801 | bpb  1.27 | ppl     2.41 | lr 2.89e-04
2025-05-30 15:29:00,374 | INFO | Gradient norm: 0.0089
2025-05-30 15:29:00,382 | INFO | Train batch  3000/10986 | ms/batch 203.27 | loss 0.8801 | bpb  1.27 | ppl     2.41 | lr 2.89e-04
2025-05-30 15:29:20,683 | INFO | Gradient norm: 0.0129
2025-05-30 15:29:20,691 | INFO | Train batch  3100/10986 | ms/batch 203.27 | loss 0.8801 | bpb  1.27 | ppl     2.41 | lr 2.89e-04
2025-05-30 15:29:40,976 | INFO | Gradient norm: 0.0106
2025-05-30 15:29:40,984 | INFO | Train batch  3200/10986 | ms/batch 203.26 | loss 0.8801 | bpb  1.27 | ppl     2.41 | lr 2.89e-04
2025-05-30 15:30:01,279 | INFO | Gradient norm: 0.0113
2025-05-30 15:30:01,287 | INFO | Train batch  3300/10986 | ms/batch 203.25 | loss 0.8801 | bpb  1.27 | ppl     2.41 | lr 2.89e-04
2025-05-30 15:30:21,586 | INFO | Gradient norm: 0.0182
2025-05-30 15:30:21,594 | INFO | Train batch  3400/10986 | ms/batch 203.24 | loss 0.8801 | bpb  1.27 | ppl     2.41 | lr 2.89e-04
2025-05-30 15:30:41,878 | INFO | Gradient norm: 0.0101
2025-05-30 15:30:41,886 | INFO | Train batch  3500/10986 | ms/batch 203.23 | loss 0.8801 | bpb  1.27 | ppl     2.41 | lr 2.89e-04
2025-05-30 15:31:02,203 | INFO | Gradient norm: 0.0166
2025-05-30 15:31:02,211 | INFO | Train batch  3600/10986 | ms/batch 203.23 | loss 0.8801 | bpb  1.27 | ppl     2.41 | lr 2.89e-04
2025-05-30 15:31:22,500 | INFO | Gradient norm: 0.0102
2025-05-30 15:31:22,508 | INFO | Train batch  3700/10986 | ms/batch 203.23 | loss 0.8801 | bpb  1.27 | ppl     2.41 | lr 2.89e-04
2025-05-30 15:31:42,795 | INFO | Gradient norm: 0.0130
2025-05-30 15:31:42,803 | INFO | Train batch  3800/10986 | ms/batch 203.22 | loss 0.8801 | bpb  1.27 | ppl     2.41 | lr 2.89e-04
2025-05-30 15:32:03,129 | INFO | Gradient norm: 0.0067
2025-05-30 15:32:03,137 | INFO | Train batch  3900/10986 | ms/batch 203.22 | loss 0.8801 | bpb  1.27 | ppl     2.41 | lr 2.89e-04
2025-05-30 15:32:23,443 | INFO | Gradient norm: 0.0129
2025-05-30 15:32:23,451 | INFO | Train batch  4000/10986 | ms/batch 203.22 | loss 0.8801 | bpb  1.27 | ppl     2.41 | lr 2.89e-04
2025-05-30 15:32:43,746 | INFO | Gradient norm: 0.0118
2025-05-30 15:32:43,754 | INFO | Train batch  4100/10986 | ms/batch 203.22 | loss 0.8801 | bpb  1.27 | ppl     2.41 | lr 2.89e-04
2025-05-30 15:33:04,110 | INFO | Gradient norm: 0.0168
2025-05-30 15:33:04,118 | INFO | Train batch  4200/10986 | ms/batch 203.23 | loss 0.8801 | bpb  1.27 | ppl     2.41 | lr 2.89e-04
2025-05-30 15:33:24,436 | INFO | Gradient norm: 0.0189
2025-05-30 15:33:24,444 | INFO | Train batch  4300/10986 | ms/batch 203.23 | loss 0.8801 | bpb  1.27 | ppl     2.41 | lr 2.89e-04
2025-05-30 15:33:44,752 | INFO | Gradient norm: 0.0210
2025-05-30 15:33:44,760 | INFO | Train batch  4400/10986 | ms/batch 203.23 | loss 0.8801 | bpb  1.27 | ppl     2.41 | lr 2.89e-04
2025-05-30 15:34:05,121 | INFO | Gradient norm: 0.0111
2025-05-30 15:34:05,129 | INFO | Train batch  4500/10986 | ms/batch 203.24 | loss 0.8801 | bpb  1.27 | ppl     2.41 | lr 2.89e-04
2025-05-30 15:34:25,413 | INFO | Gradient norm: 0.0134
2025-05-30 15:34:25,421 | INFO | Train batch  4600/10986 | ms/batch 203.23 | loss 0.8801 | bpb  1.27 | ppl     2.41 | lr 2.89e-04
2025-05-30 15:34:45,732 | INFO | Gradient norm: 0.0140
2025-05-30 15:34:45,740 | INFO | Train batch  4700/10986 | ms/batch 203.23 | loss 0.8801 | bpb  1.27 | ppl     2.41 | lr 2.89e-04
2025-05-30 15:35:06,042 | INFO | Gradient norm: 0.0192
2025-05-30 15:35:06,050 | INFO | Train batch  4800/10986 | ms/batch 203.23 | loss 0.8801 | bpb  1.27 | ppl     2.41 | lr 2.89e-04
2025-05-30 15:35:26,309 | INFO | Gradient norm: 0.0143
2025-05-30 15:35:26,317 | INFO | Train batch  4900/10986 | ms/batch 203.21 | loss 0.8801 | bpb  1.27 | ppl     2.41 | lr 2.89e-04
2025-05-30 15:35:46,594 | INFO | Gradient norm: 0.0195
2025-05-30 15:35:46,602 | INFO | Train batch  5000/10986 | ms/batch 203.21 | loss 0.8801 | bpb  1.27 | ppl     2.41 | lr 2.89e-04
2025-05-30 15:36:06,879 | INFO | Gradient norm: 0.0087
2025-05-30 15:36:06,887 | INFO | Train batch  5100/10986 | ms/batch 203.20 | loss 0.8800 | bpb  1.27 | ppl     2.41 | lr 2.89e-04
2025-05-30 15:36:27,168 | INFO | Gradient norm: 0.0193
2025-05-30 15:36:27,175 | INFO | Train batch  5200/10986 | ms/batch 203.19 | loss 0.8800 | bpb  1.27 | ppl     2.41 | lr 2.89e-04
2025-05-30 15:36:47,445 | INFO | Gradient norm: 0.0083
2025-05-30 15:36:47,453 | INFO | Train batch  5300/10986 | ms/batch 203.19 | loss 0.8800 | bpb  1.27 | ppl     2.41 | lr 2.89e-04
2025-05-30 15:37:07,756 | INFO | Gradient norm: 0.0096
2025-05-30 15:37:07,764 | INFO | Train batch  5400/10986 | ms/batch 203.18 | loss 0.8800 | bpb  1.27 | ppl     2.41 | lr 2.89e-04
2025-05-30 15:37:28,080 | INFO | Gradient norm: 0.0180
2025-05-30 15:37:28,088 | INFO | Train batch  5500/10986 | ms/batch 203.19 | loss 0.8800 | bpb  1.27 | ppl     2.41 | lr 2.89e-04
2025-05-30 15:37:48,410 | INFO | Gradient norm: 0.0106
2025-05-30 15:37:48,418 | INFO | Train batch  5600/10986 | ms/batch 203.19 | loss 0.8800 | bpb  1.27 | ppl     2.41 | lr 2.89e-04
2025-05-30 15:38:08,704 | INFO | Gradient norm: 0.0184
2025-05-30 15:38:08,711 | INFO | Train batch  5700/10986 | ms/batch 203.18 | loss 0.8800 | bpb  1.27 | ppl     2.41 | lr 2.89e-04
2025-05-30 15:38:28,995 | INFO | Gradient norm: 0.0294
2025-05-30 15:38:29,003 | INFO | Train batch  5800/10986 | ms/batch 203.18 | loss 0.8800 | bpb  1.27 | ppl     2.41 | lr 2.89e-04
2025-05-30 15:38:49,277 | INFO | Gradient norm: 0.0212
2025-05-30 15:38:49,285 | INFO | Train batch  5900/10986 | ms/batch 203.17 | loss 0.8800 | bpb  1.27 | ppl     2.41 | lr 2.89e-04
2025-05-30 15:39:09,666 | INFO | Gradient norm: 0.0123
2025-05-30 15:39:09,673 | INFO | Train batch  6000/10986 | ms/batch 203.18 | loss 0.8800 | bpb  1.27 | ppl     2.41 | lr 2.88e-04
2025-05-30 15:39:30,019 | INFO | Gradient norm: 0.0089
2025-05-30 15:39:30,027 | INFO | Train batch  6100/10986 | ms/batch 203.19 | loss 0.8800 | bpb  1.27 | ppl     2.41 | lr 2.88e-04
2025-05-30 15:39:50,307 | INFO | Gradient norm: 0.0100
2025-05-30 15:39:50,314 | INFO | Train batch  6200/10986 | ms/batch 203.19 | loss 0.8800 | bpb  1.27 | ppl     2.41 | lr 2.88e-04
2025-05-30 15:40:10,599 | INFO | Gradient norm: 0.0096
2025-05-30 15:40:10,607 | INFO | Train batch  6300/10986 | ms/batch 203.18 | loss 0.8800 | bpb  1.27 | ppl     2.41 | lr 2.88e-04
2025-05-30 15:40:30,914 | INFO | Gradient norm: 0.0126
2025-05-30 15:40:30,922 | INFO | Train batch  6400/10986 | ms/batch 203.18 | loss 0.8800 | bpb  1.27 | ppl     2.41 | lr 2.88e-04
2025-05-30 15:40:51,232 | INFO | Gradient norm: 0.0108
2025-05-30 15:40:51,239 | INFO | Train batch  6500/10986 | ms/batch 203.18 | loss 0.8800 | bpb  1.27 | ppl     2.41 | lr 2.88e-04
2025-05-30 15:41:11,571 | INFO | Gradient norm: 0.0134
2025-05-30 15:41:11,579 | INFO | Train batch  6600/10986 | ms/batch 203.18 | loss 0.8800 | bpb  1.27 | ppl     2.41 | lr 2.88e-04
2025-05-30 15:41:31,862 | INFO | Gradient norm: 0.0117
2025-05-30 15:41:31,870 | INFO | Train batch  6700/10986 | ms/batch 203.18 | loss 0.8800 | bpb  1.27 | ppl     2.41 | lr 2.88e-04
2025-05-30 15:41:52,161 | INFO | Gradient norm: 0.0089
2025-05-30 15:41:52,169 | INFO | Train batch  6800/10986 | ms/batch 203.18 | loss 0.8800 | bpb  1.27 | ppl     2.41 | lr 2.88e-04
2025-05-30 15:42:12,458 | INFO | Gradient norm: 0.0087
2025-05-30 15:42:12,466 | INFO | Train batch  6900/10986 | ms/batch 203.17 | loss 0.8800 | bpb  1.27 | ppl     2.41 | lr 2.88e-04
2025-05-30 15:42:32,794 | INFO | Gradient norm: 0.0124
2025-05-30 15:42:32,802 | INFO | Train batch  7000/10986 | ms/batch 203.18 | loss 0.8800 | bpb  1.27 | ppl     2.41 | lr 2.88e-04
2025-05-30 15:42:53,142 | INFO | Gradient norm: 0.0110
2025-05-30 15:42:53,150 | INFO | Train batch  7100/10986 | ms/batch 203.18 | loss 0.8800 | bpb  1.27 | ppl     2.41 | lr 2.88e-04
2025-05-30 15:43:13,453 | INFO | Gradient norm: 0.0108
2025-05-30 15:43:13,461 | INFO | Train batch  7200/10986 | ms/batch 203.18 | loss 0.8800 | bpb  1.27 | ppl     2.41 | lr 2.88e-04
2025-05-30 15:43:33,775 | INFO | Gradient norm: 0.0156
2025-05-30 15:43:33,783 | INFO | Train batch  7300/10986 | ms/batch 203.18 | loss 0.8800 | bpb  1.27 | ppl     2.41 | lr 2.88e-04
2025-05-30 15:43:54,067 | INFO | Gradient norm: 0.0089
2025-05-30 15:43:54,075 | INFO | Train batch  7400/10986 | ms/batch 203.18 | loss 0.8800 | bpb  1.27 | ppl     2.41 | lr 2.88e-04
2025-05-30 15:44:14,363 | INFO | Gradient norm: 0.0101
2025-05-30 15:44:14,371 | INFO | Train batch  7500/10986 | ms/batch 203.17 | loss 0.8800 | bpb  1.27 | ppl     2.41 | lr 2.88e-04
2025-05-30 15:44:34,678 | INFO | Gradient norm: 0.0185
2025-05-30 15:44:34,686 | INFO | Train batch  7600/10986 | ms/batch 203.17 | loss 0.8800 | bpb  1.27 | ppl     2.41 | lr 2.88e-04
2025-05-30 15:44:54,993 | INFO | Gradient norm: 0.0104
2025-05-30 15:44:55,001 | INFO | Train batch  7700/10986 | ms/batch 203.17 | loss 0.8800 | bpb  1.27 | ppl     2.41 | lr 2.88e-04
2025-05-30 15:45:15,300 | INFO | Gradient norm: 0.0100
2025-05-30 15:45:15,308 | INFO | Train batch  7800/10986 | ms/batch 203.17 | loss 0.8800 | bpb  1.27 | ppl     2.41 | lr 2.88e-04
2025-05-30 15:45:35,630 | INFO | Gradient norm: 0.0293
2025-05-30 15:45:35,638 | INFO | Train batch  7900/10986 | ms/batch 203.17 | loss 0.8800 | bpb  1.27 | ppl     2.41 | lr 2.88e-04
2025-05-30 15:45:55,947 | INFO | Gradient norm: 0.0117
2025-05-30 15:45:55,955 | INFO | Train batch  8000/10986 | ms/batch 203.17 | loss 0.8800 | bpb  1.27 | ppl     2.41 | lr 2.88e-04
2025-05-30 15:46:16,278 | INFO | Gradient norm: 0.0084
2025-05-30 15:46:16,286 | INFO | Train batch  8100/10986 | ms/batch 203.18 | loss 0.8800 | bpb  1.27 | ppl     2.41 | lr 2.88e-04
2025-05-30 15:46:36,620 | INFO | Gradient norm: 0.0104
2025-05-30 15:46:36,628 | INFO | Train batch  8200/10986 | ms/batch 203.18 | loss 0.8800 | bpb  1.27 | ppl     2.41 | lr 2.88e-04
2025-05-30 15:46:56,944 | INFO | Gradient norm: 0.0074
2025-05-30 15:46:56,952 | INFO | Train batch  8300/10986 | ms/batch 203.18 | loss 0.8800 | bpb  1.27 | ppl     2.41 | lr 2.88e-04
2025-05-30 15:47:17,254 | INFO | Gradient norm: 0.0180
2025-05-30 15:47:17,262 | INFO | Train batch  8400/10986 | ms/batch 203.18 | loss 0.8800 | bpb  1.27 | ppl     2.41 | lr 2.88e-04
2025-05-30 15:47:37,579 | INFO | Gradient norm: 0.0226
2025-05-30 15:47:37,587 | INFO | Train batch  8500/10986 | ms/batch 203.18 | loss 0.8800 | bpb  1.27 | ppl     2.41 | lr 2.88e-04
2025-05-30 15:47:57,897 | INFO | Gradient norm: 0.0237
2025-05-30 15:47:57,905 | INFO | Train batch  8600/10986 | ms/batch 203.18 | loss 0.8800 | bpb  1.27 | ppl     2.41 | lr 2.88e-04
2025-05-30 15:48:18,178 | INFO | Gradient norm: 0.0095
2025-05-30 15:48:18,186 | INFO | Train batch  8700/10986 | ms/batch 203.17 | loss 0.8800 | bpb  1.27 | ppl     2.41 | lr 2.88e-04
2025-05-30 15:48:38,494 | INFO | Gradient norm: 0.0100
2025-05-30 15:48:38,502 | INFO | Train batch  8800/10986 | ms/batch 203.17 | loss 0.8800 | bpb  1.27 | ppl     2.41 | lr 2.88e-04
2025-05-30 15:48:58,798 | INFO | Gradient norm: 0.0103
2025-05-30 15:48:58,805 | INFO | Train batch  8900/10986 | ms/batch 203.17 | loss 0.8800 | bpb  1.27 | ppl     2.41 | lr 2.88e-04
2025-05-30 15:49:19,083 | INFO | Gradient norm: 0.0129
2025-05-30 15:49:19,091 | INFO | Train batch  9000/10986 | ms/batch 203.17 | loss 0.8800 | bpb  1.27 | ppl     2.41 | lr 2.87e-04
2025-05-30 15:49:39,392 | INFO | Gradient norm: 0.0141
2025-05-30 15:49:39,400 | INFO | Train batch  9100/10986 | ms/batch 203.17 | loss 0.8800 | bpb  1.27 | ppl     2.41 | lr 2.87e-04
2025-05-30 15:49:59,681 | INFO | Gradient norm: 0.0080
2025-05-30 15:49:59,689 | INFO | Train batch  9200/10986 | ms/batch 203.17 | loss 0.8800 | bpb  1.27 | ppl     2.41 | lr 2.87e-04
2025-05-30 15:50:19,994 | INFO | Gradient norm: 0.0117
2025-05-30 15:50:20,001 | INFO | Train batch  9300/10986 | ms/batch 203.16 | loss 0.8800 | bpb  1.27 | ppl     2.41 | lr 2.87e-04
2025-05-30 15:50:40,323 | INFO | Gradient norm: 0.0075
2025-05-30 15:50:40,331 | INFO | Train batch  9400/10986 | ms/batch 203.17 | loss 0.8800 | bpb  1.27 | ppl     2.41 | lr 2.87e-04
2025-05-30 15:51:00,631 | INFO | Gradient norm: 0.0253
2025-05-30 15:51:00,639 | INFO | Train batch  9500/10986 | ms/batch 203.17 | loss 0.8800 | bpb  1.27 | ppl     2.41 | lr 2.87e-04
2025-05-30 15:51:20,933 | INFO | Gradient norm: 0.0071
2025-05-30 15:51:20,941 | INFO | Train batch  9600/10986 | ms/batch 203.16 | loss 0.8800 | bpb  1.27 | ppl     2.41 | lr 2.87e-04
2025-05-30 15:51:41,261 | INFO | Gradient norm: 0.0095
2025-05-30 15:51:41,269 | INFO | Train batch  9700/10986 | ms/batch 203.17 | loss 0.8800 | bpb  1.27 | ppl     2.41 | lr 2.87e-04
2025-05-30 15:52:01,552 | INFO | Gradient norm: 0.0081
2025-05-30 15:52:01,560 | INFO | Train batch  9800/10986 | ms/batch 203.16 | loss 0.8800 | bpb  1.27 | ppl     2.41 | lr 2.87e-04
2025-05-30 15:52:21,918 | INFO | Gradient norm: 0.0071
2025-05-30 15:52:21,926 | INFO | Train batch  9900/10986 | ms/batch 203.17 | loss 0.8800 | bpb  1.27 | ppl     2.41 | lr 2.87e-04
2025-05-30 15:52:42,251 | INFO | Gradient norm: 0.0110
2025-05-30 15:52:42,259 | INFO | Train batch 10000/10986 | ms/batch 203.17 | loss 0.8800 | bpb  1.27 | ppl     2.41 | lr 2.87e-04
2025-05-30 15:53:02,580 | INFO | Gradient norm: 0.0078
2025-05-30 15:53:02,588 | INFO | Train batch 10100/10986 | ms/batch 203.17 | loss 0.8800 | bpb  1.27 | ppl     2.41 | lr 2.87e-04
2025-05-30 15:53:22,939 | INFO | Gradient norm: 0.0085
2025-05-30 15:53:22,947 | INFO | Train batch 10200/10986 | ms/batch 203.17 | loss 0.8800 | bpb  1.27 | ppl     2.41 | lr 2.87e-04
2025-05-30 15:53:43,269 | INFO | Gradient norm: 0.0082
2025-05-30 15:53:43,277 | INFO | Train batch 10300/10986 | ms/batch 203.18 | loss 0.8800 | bpb  1.27 | ppl     2.41 | lr 2.87e-04
2025-05-30 15:54:03,608 | INFO | Gradient norm: 0.0133
2025-05-30 15:54:03,616 | INFO | Train batch 10400/10986 | ms/batch 203.18 | loss 0.8800 | bpb  1.27 | ppl     2.41 | lr 2.87e-04
2025-05-30 15:54:23,965 | INFO | Gradient norm: 0.0084
2025-05-30 15:54:23,973 | INFO | Train batch 10500/10986 | ms/batch 203.18 | loss 0.8800 | bpb  1.27 | ppl     2.41 | lr 2.87e-04
2025-05-30 15:54:44,276 | INFO | Gradient norm: 0.0168
2025-05-30 15:54:44,283 | INFO | Train batch 10600/10986 | ms/batch 203.18 | loss 0.8800 | bpb  1.27 | ppl     2.41 | lr 2.87e-04
2025-05-30 15:55:04,593 | INFO | Gradient norm: 0.0229
2025-05-30 15:55:04,601 | INFO | Train batch 10700/10986 | ms/batch 203.18 | loss 0.8800 | bpb  1.27 | ppl     2.41 | lr 2.87e-04
2025-05-30 15:55:24,912 | INFO | Gradient norm: 0.0165
2025-05-30 15:55:24,920 | INFO | Train batch 10800/10986 | ms/batch 203.18 | loss 0.8800 | bpb  1.27 | ppl     2.41 | lr 2.87e-04
2025-05-30 15:55:45,260 | INFO | Gradient norm: 0.0087
2025-05-30 15:55:45,268 | INFO | Train batch 10900/10986 | ms/batch 203.18 | loss 0.8800 | bpb  1.27 | ppl     2.41 | lr 2.87e-04
2025-05-30 15:57:20,868 | INFO | Epoch   6 | time: 2310.50s | train bpb  1.27 | valid bpb  1.27
2025-05-30 15:57:22,354 | INFO | Saved new best model with validation bpb:  1.27
2025-05-30 15:57:22,418 | INFO | Input shape: torch.Size([16, 511]), Target shape: torch.Size([16, 511])
2025-05-30 15:57:22,418 | INFO | Input range: [10, 226]
2025-05-30 15:57:22,419 | INFO | Target range: [10, 226]
2025-05-30 15:57:22,455 | INFO | Output shape: torch.Size([8176, 256]), Reshaped target shape: torch.Size([8176])
2025-05-30 15:57:22,456 | INFO | Output range: [-11.5234375, 11.5390625]
2025-05-30 15:57:22,457 | INFO | Sample probabilities: max=0.906497597694397, min=0.0002840028319042176
2025-05-30 15:57:22,457 | INFO | Raw loss value: 0.8797072172164917
2025-05-30 15:57:22,457 | INFO | Batch 0 loss stats - Mean: -0.1726, Std: 1.5166
2025-05-30 15:57:22,607 | INFO | Gradient norm: 0.0088
2025-05-30 15:57:22,615 | INFO | Train batch     0/10986 | ms/batch 197.34 | loss 0.8797 | bpb  1.27 | ppl     2.41 | lr 2.87e-04
2025-05-30 15:57:42,913 | INFO | Gradient norm: 0.0106
2025-05-30 15:57:42,921 | INFO | Train batch   100/10986 | ms/batch 203.00 | loss 0.8812 | bpb  1.27 | ppl     2.41 | lr 2.87e-04
2025-05-30 15:58:03,256 | INFO | Gradient norm: 0.0139
2025-05-30 15:58:03,263 | INFO | Train batch   200/10986 | ms/batch 203.21 | loss 0.8807 | bpb  1.27 | ppl     2.41 | lr 2.87e-04
2025-05-30 15:58:23,584 | INFO | Gradient norm: 0.0090
2025-05-30 15:58:23,592 | INFO | Train batch   300/10986 | ms/batch 203.24 | loss 0.8804 | bpb  1.27 | ppl     2.41 | lr 2.87e-04
2025-05-30 15:58:43,922 | INFO | Gradient norm: 0.0318
2025-05-30 15:58:43,930 | INFO | Train batch   400/10986 | ms/batch 203.27 | loss 0.8803 | bpb  1.27 | ppl     2.41 | lr 2.87e-04
2025-05-30 15:59:04,252 | INFO | Gradient norm: 0.0158
2025-05-30 15:59:04,260 | INFO | Train batch   500/10986 | ms/batch 203.28 | loss 0.8802 | bpb  1.27 | ppl     2.41 | lr 2.87e-04
2025-05-30 15:59:24,566 | INFO | Gradient norm: 0.0079
2025-05-30 15:59:24,574 | INFO | Train batch   600/10986 | ms/batch 203.25 | loss 0.8802 | bpb  1.27 | ppl     2.41 | lr 2.87e-04
2025-05-30 15:59:44,868 | INFO | Gradient norm: 0.0094
2025-05-30 15:59:44,876 | INFO | Train batch   700/10986 | ms/batch 203.22 | loss 0.8801 | bpb  1.27 | ppl     2.41 | lr 2.87e-04
2025-05-30 16:00:05,169 | INFO | Gradient norm: 0.0197
2025-05-30 16:00:05,177 | INFO | Train batch   800/10986 | ms/batch 203.19 | loss 0.8801 | bpb  1.27 | ppl     2.41 | lr 2.87e-04
2025-05-30 16:00:25,476 | INFO | Gradient norm: 0.0085
2025-05-30 16:00:25,484 | INFO | Train batch   900/10986 | ms/batch 203.18 | loss 0.8800 | bpb  1.27 | ppl     2.41 | lr 2.86e-04
2025-05-30 16:00:45,839 | INFO | Gradient norm: 0.0083
2025-05-30 16:00:45,846 | INFO | Train batch  1000/10986 | ms/batch 203.23 | loss 0.8800 | bpb  1.27 | ppl     2.41 | lr 2.86e-04
2025-05-30 16:01:06,136 | INFO | Gradient norm: 0.0088
2025-05-30 16:01:06,144 | INFO | Train batch  1100/10986 | ms/batch 203.20 | loss 0.8800 | bpb  1.27 | ppl     2.41 | lr 2.86e-04
2025-05-30 16:01:26,431 | INFO | Gradient norm: 0.0113
2025-05-30 16:01:26,439 | INFO | Train batch  1200/10986 | ms/batch 203.18 | loss 0.8800 | bpb  1.27 | ppl     2.41 | lr 2.86e-04
2025-05-30 16:01:46,764 | INFO | Gradient norm: 0.0129
2025-05-30 16:01:46,772 | INFO | Train batch  1300/10986 | ms/batch 203.19 | loss 0.8800 | bpb  1.27 | ppl     2.41 | lr 2.86e-04
2025-05-30 16:02:07,066 | INFO | Gradient norm: 0.0181
2025-05-30 16:02:07,074 | INFO | Train batch  1400/10986 | ms/batch 203.18 | loss 0.8800 | bpb  1.27 | ppl     2.41 | lr 2.86e-04
2025-05-30 16:02:27,341 | INFO | Gradient norm: 0.0127
2025-05-30 16:02:27,349 | INFO | Train batch  1500/10986 | ms/batch 203.15 | loss 0.8800 | bpb  1.27 | ppl     2.41 | lr 2.86e-04
2025-05-30 16:02:47,634 | INFO | Gradient norm: 0.0079
2025-05-30 16:02:47,642 | INFO | Train batch  1600/10986 | ms/batch 203.14 | loss 0.8800 | bpb  1.27 | ppl     2.41 | lr 2.86e-04
2025-05-30 16:03:07,920 | INFO | Gradient norm: 0.0103
2025-05-30 16:03:07,928 | INFO | Train batch  1700/10986 | ms/batch 203.12 | loss 0.8800 | bpb  1.27 | ppl     2.41 | lr 2.86e-04
2025-05-30 16:03:28,227 | INFO | Gradient norm: 0.0091
2025-05-30 16:03:28,235 | INFO | Train batch  1800/10986 | ms/batch 203.12 | loss 0.8800 | bpb  1.27 | ppl     2.41 | lr 2.86e-04
2025-05-30 16:03:48,526 | INFO | Gradient norm: 0.0194
2025-05-30 16:03:48,534 | INFO | Train batch  1900/10986 | ms/batch 203.11 | loss 0.8799 | bpb  1.27 | ppl     2.41 | lr 2.86e-04
2025-05-30 16:04:08,804 | INFO | Gradient norm: 0.0073
2025-05-30 16:04:08,812 | INFO | Train batch  2000/10986 | ms/batch 203.10 | loss 0.8800 | bpb  1.27 | ppl     2.41 | lr 2.86e-04
2025-05-30 16:04:29,119 | INFO | Gradient norm: 0.0254
2025-05-30 16:04:29,126 | INFO | Train batch  2100/10986 | ms/batch 203.10 | loss 0.8800 | bpb  1.27 | ppl     2.41 | lr 2.86e-04
2025-05-30 16:04:49,424 | INFO | Gradient norm: 0.0188
2025-05-30 16:04:49,432 | INFO | Train batch  2200/10986 | ms/batch 203.10 | loss 0.8800 | bpb  1.27 | ppl     2.41 | lr 2.86e-04
2025-05-30 16:05:09,706 | INFO | Gradient norm: 0.0095
2025-05-30 16:05:09,714 | INFO | Train batch  2300/10986 | ms/batch 203.08 | loss 0.8800 | bpb  1.27 | ppl     2.41 | lr 2.86e-04
2025-05-30 16:05:30,042 | INFO | Gradient norm: 0.0079
2025-05-30 16:05:30,050 | INFO | Train batch  2400/10986 | ms/batch 203.10 | loss 0.8800 | bpb  1.27 | ppl     2.41 | lr 2.86e-04
2025-05-30 16:05:50,339 | INFO | Gradient norm: 0.0088
2025-05-30 16:05:50,347 | INFO | Train batch  2500/10986 | ms/batch 203.09 | loss 0.8800 | bpb  1.27 | ppl     2.41 | lr 2.86e-04
2025-05-30 16:06:10,636 | INFO | Gradient norm: 0.0084
2025-05-30 16:06:10,644 | INFO | Train batch  2600/10986 | ms/batch 203.09 | loss 0.8800 | bpb  1.27 | ppl     2.41 | lr 2.86e-04
2025-05-30 16:06:30,980 | INFO | Gradient norm: 0.0144
2025-05-30 16:06:30,988 | INFO | Train batch  2700/10986 | ms/batch 203.10 | loss 0.8800 | bpb  1.27 | ppl     2.41 | lr 2.86e-04
2025-05-30 16:06:51,279 | INFO | Gradient norm: 0.0111
2025-05-30 16:06:51,287 | INFO | Train batch  2800/10986 | ms/batch 203.09 | loss 0.8800 | bpb  1.27 | ppl     2.41 | lr 2.86e-04
2025-05-30 16:07:11,605 | INFO | Gradient norm: 0.0177
2025-05-30 16:07:11,613 | INFO | Train batch  2900/10986 | ms/batch 203.10 | loss 0.8800 | bpb  1.27 | ppl     2.41 | lr 2.86e-04
2025-05-30 16:07:31,899 | INFO | Gradient norm: 0.0204
2025-05-30 16:07:31,907 | INFO | Train batch  3000/10986 | ms/batch 203.10 | loss 0.8800 | bpb  1.27 | ppl     2.41 | lr 2.86e-04
2025-05-30 16:07:52,206 | INFO | Gradient norm: 0.0171
2025-05-30 16:07:52,214 | INFO | Train batch  3100/10986 | ms/batch 203.09 | loss 0.8799 | bpb  1.27 | ppl     2.41 | lr 2.86e-04
2025-05-30 16:08:12,496 | INFO | Gradient norm: 0.0090
2025-05-30 16:08:12,504 | INFO | Train batch  3200/10986 | ms/batch 203.09 | loss 0.8799 | bpb  1.27 | ppl     2.41 | lr 2.86e-04
2025-05-30 16:08:32,875 | INFO | Gradient norm: 0.0256
2025-05-30 16:08:32,883 | INFO | Train batch  3300/10986 | ms/batch 203.11 | loss 0.8799 | bpb  1.27 | ppl     2.41 | lr 2.86e-04
2025-05-30 16:08:53,219 | INFO | Gradient norm: 0.0073
2025-05-30 16:08:53,227 | INFO | Train batch  3400/10986 | ms/batch 203.12 | loss 0.8799 | bpb  1.27 | ppl     2.41 | lr 2.86e-04
2025-05-30 16:09:13,528 | INFO | Gradient norm: 0.0088
2025-05-30 16:09:13,536 | INFO | Train batch  3500/10986 | ms/batch 203.12 | loss 0.8799 | bpb  1.27 | ppl     2.41 | lr 2.86e-04
2025-05-30 16:09:33,825 | INFO | Gradient norm: 0.0150
2025-05-30 16:09:33,833 | INFO | Train batch  3600/10986 | ms/batch 203.11 | loss 0.8799 | bpb  1.27 | ppl     2.41 | lr 2.86e-04
2025-05-30 16:09:54,129 | INFO | Gradient norm: 0.0099
2025-05-30 16:09:54,137 | INFO | Train batch  3700/10986 | ms/batch 203.11 | loss 0.8799 | bpb  1.27 | ppl     2.41 | lr 2.85e-04
2025-05-30 16:10:14,441 | INFO | Gradient norm: 0.0094
2025-05-30 16:10:14,449 | INFO | Train batch  3800/10986 | ms/batch 203.11 | loss 0.8799 | bpb  1.27 | ppl     2.41 | lr 2.85e-04
2025-05-30 16:10:34,727 | INFO | Gradient norm: 0.0072
2025-05-30 16:10:34,734 | INFO | Train batch  3900/10986 | ms/batch 203.11 | loss 0.8799 | bpb  1.27 | ppl     2.41 | lr 2.85e-04
2025-05-30 16:10:55,015 | INFO | Gradient norm: 0.0521
2025-05-30 16:10:55,023 | INFO | Train batch  4000/10986 | ms/batch 203.10 | loss 0.8799 | bpb  1.27 | ppl     2.41 | lr 2.85e-04
2025-05-30 16:11:15,288 | INFO | Gradient norm: 0.0248
2025-05-30 16:11:15,296 | INFO | Train batch  4100/10986 | ms/batch 203.09 | loss 0.8799 | bpb  1.27 | ppl     2.41 | lr 2.85e-04
2025-05-30 16:11:35,585 | INFO | Gradient norm: 0.0181
2025-05-30 16:11:35,592 | INFO | Train batch  4200/10986 | ms/batch 203.09 | loss 0.8799 | bpb  1.27 | ppl     2.41 | lr 2.85e-04
2025-05-30 16:11:55,879 | INFO | Gradient norm: 0.0095
2025-05-30 16:11:55,887 | INFO | Train batch  4300/10986 | ms/batch 203.09 | loss 0.8799 | bpb  1.27 | ppl     2.41 | lr 2.85e-04
2025-05-30 16:12:16,153 | INFO | Gradient norm: 0.0085
2025-05-30 16:12:16,161 | INFO | Train batch  4400/10986 | ms/batch 203.08 | loss 0.8799 | bpb  1.27 | ppl     2.41 | lr 2.85e-04
2025-05-30 16:12:36,454 | INFO | Gradient norm: 0.0133
2025-05-30 16:12:36,462 | INFO | Train batch  4500/10986 | ms/batch 203.08 | loss 0.8799 | bpb  1.27 | ppl     2.41 | lr 2.85e-04
2025-05-30 16:12:56,757 | INFO | Gradient norm: 0.0236
2025-05-30 16:12:56,764 | INFO | Train batch  4600/10986 | ms/batch 203.07 | loss 0.8799 | bpb  1.27 | ppl     2.41 | lr 2.85e-04
2025-05-30 16:13:17,071 | INFO | Gradient norm: 0.0190
2025-05-30 16:13:17,079 | INFO | Train batch  4700/10986 | ms/batch 203.08 | loss 0.8799 | bpb  1.27 | ppl     2.41 | lr 2.85e-04
2025-05-30 16:13:37,370 | INFO | Gradient norm: 0.0080
2025-05-30 16:13:37,377 | INFO | Train batch  4800/10986 | ms/batch 203.07 | loss 0.8799 | bpb  1.27 | ppl     2.41 | lr 2.85e-04
2025-05-30 16:13:57,686 | INFO | Gradient norm: 0.0098
2025-05-30 16:13:57,694 | INFO | Train batch  4900/10986 | ms/batch 203.08 | loss 0.8799 | bpb  1.27 | ppl     2.41 | lr 2.85e-04
2025-05-30 16:14:17,992 | INFO | Gradient norm: 0.0163
2025-05-30 16:14:18,000 | INFO | Train batch  5000/10986 | ms/batch 203.08 | loss 0.8799 | bpb  1.27 | ppl     2.41 | lr 2.85e-04
2025-05-30 16:14:38,258 | INFO | Gradient norm: 0.0088
2025-05-30 16:14:38,266 | INFO | Train batch  5100/10986 | ms/batch 203.07 | loss 0.8799 | bpb  1.27 | ppl     2.41 | lr 2.85e-04
2025-05-30 16:14:58,519 | INFO | Gradient norm: 0.0081
2025-05-30 16:14:58,527 | INFO | Train batch  5200/10986 | ms/batch 203.06 | loss 0.8799 | bpb  1.27 | ppl     2.41 | lr 2.85e-04
2025-05-30 16:15:18,813 | INFO | Gradient norm: 0.0107
2025-05-30 16:15:18,821 | INFO | Train batch  5300/10986 | ms/batch 203.06 | loss 0.8799 | bpb  1.27 | ppl     2.41 | lr 2.85e-04
2025-05-30 16:15:39,120 | INFO | Gradient norm: 0.0187
2025-05-30 16:15:39,128 | INFO | Train batch  5400/10986 | ms/batch 203.06 | loss 0.8799 | bpb  1.27 | ppl     2.41 | lr 2.85e-04
2025-05-30 16:15:59,390 | INFO | Gradient norm: 0.0100
2025-05-30 16:15:59,398 | INFO | Train batch  5500/10986 | ms/batch 203.05 | loss 0.8799 | bpb  1.27 | ppl     2.41 | lr 2.85e-04
2025-05-30 16:16:19,687 | INFO | Gradient norm: 0.0322
2025-05-30 16:16:19,695 | INFO | Train batch  5600/10986 | ms/batch 203.05 | loss 0.8799 | bpb  1.27 | ppl     2.41 | lr 2.85e-04
2025-05-30 16:16:39,987 | INFO | Gradient norm: 0.0105
2025-05-30 16:16:39,994 | INFO | Train batch  5700/10986 | ms/batch 203.05 | loss 0.8799 | bpb  1.27 | ppl     2.41 | lr 2.85e-04
2025-05-30 16:17:00,345 | INFO | Gradient norm: 0.0115
2025-05-30 16:17:00,353 | INFO | Train batch  5800/10986 | ms/batch 203.06 | loss 0.8799 | bpb  1.27 | ppl     2.41 | lr 2.85e-04
2025-05-30 16:17:20,680 | INFO | Gradient norm: 0.0075
2025-05-30 16:17:20,688 | INFO | Train batch  5900/10986 | ms/batch 203.06 | loss 0.8799 | bpb  1.27 | ppl     2.41 | lr 2.85e-04
2025-05-30 16:17:41,008 | INFO | Gradient norm: 0.0219
2025-05-30 16:17:41,016 | INFO | Train batch  6000/10986 | ms/batch 203.07 | loss 0.8799 | bpb  1.27 | ppl     2.41 | lr 2.85e-04
2025-05-30 16:18:01,349 | INFO | Gradient norm: 0.0120
2025-05-30 16:18:01,357 | INFO | Train batch  6100/10986 | ms/batch 203.07 | loss 0.8799 | bpb  1.27 | ppl     2.41 | lr 2.85e-04
2025-05-30 16:18:21,667 | INFO | Gradient norm: 0.0289
2025-05-30 16:18:21,675 | INFO | Train batch  6200/10986 | ms/batch 203.07 | loss 0.8799 | bpb  1.27 | ppl     2.41 | lr 2.85e-04
2025-05-30 16:18:41,958 | INFO | Gradient norm: 0.0119
2025-05-30 16:18:41,966 | INFO | Train batch  6300/10986 | ms/batch 203.07 | loss 0.8799 | bpb  1.27 | ppl     2.41 | lr 2.85e-04
2025-05-30 16:19:02,250 | INFO | Gradient norm: 0.0099
2025-05-30 16:19:02,258 | INFO | Train batch  6400/10986 | ms/batch 203.07 | loss 0.8799 | bpb  1.27 | ppl     2.41 | lr 2.84e-04
2025-05-30 16:19:22,546 | INFO | Gradient norm: 0.0089
2025-05-30 16:19:22,554 | INFO | Train batch  6500/10986 | ms/batch 203.07 | loss 0.8799 | bpb  1.27 | ppl     2.41 | lr 2.84e-04
2025-05-30 16:19:42,846 | INFO | Gradient norm: 0.0160
2025-05-30 16:19:42,854 | INFO | Train batch  6600/10986 | ms/batch 203.07 | loss 0.8799 | bpb  1.27 | ppl     2.41 | lr 2.84e-04
2025-05-30 16:20:03,183 | INFO | Gradient norm: 0.0131
2025-05-30 16:20:03,191 | INFO | Train batch  6700/10986 | ms/batch 203.07 | loss 0.8799 | bpb  1.27 | ppl     2.41 | lr 2.84e-04
2025-05-30 16:20:23,518 | INFO | Gradient norm: 0.0100
2025-05-30 16:20:23,526 | INFO | Train batch  6800/10986 | ms/batch 203.07 | loss 0.8799 | bpb  1.27 | ppl     2.41 | lr 2.84e-04
2025-05-30 16:20:43,812 | INFO | Gradient norm: 0.0091
2025-05-30 16:20:43,820 | INFO | Train batch  6900/10986 | ms/batch 203.07 | loss 0.8799 | bpb  1.27 | ppl     2.41 | lr 2.84e-04
2025-05-30 16:21:03,988 | INFO | Gradient norm: 0.0224
2025-05-30 16:21:03,996 | INFO | Train batch  7000/10986 | ms/batch 203.05 | loss 0.8799 | bpb  1.27 | ppl     2.41 | lr 2.84e-04
2025-05-30 16:21:24,160 | INFO | Gradient norm: 0.0094
2025-05-30 16:21:24,168 | INFO | Train batch  7100/10986 | ms/batch 203.03 | loss 0.8799 | bpb  1.27 | ppl     2.41 | lr 2.84e-04
2025-05-30 16:21:44,340 | INFO | Gradient norm: 0.0187
2025-05-30 16:21:44,348 | INFO | Train batch  7200/10986 | ms/batch 203.02 | loss 0.8799 | bpb  1.27 | ppl     2.41 | lr 2.84e-04
2025-05-30 16:22:04,517 | INFO | Gradient norm: 0.0085
2025-05-30 16:22:04,525 | INFO | Train batch  7300/10986 | ms/batch 203.00 | loss 0.8799 | bpb  1.27 | ppl     2.41 | lr 2.84e-04
2025-05-30 16:22:24,704 | INFO | Gradient norm: 0.0085
2025-05-30 16:22:24,712 | INFO | Train batch  7400/10986 | ms/batch 202.99 | loss 0.8799 | bpb  1.27 | ppl     2.41 | lr 2.84e-04
2025-05-30 16:22:44,865 | INFO | Gradient norm: 0.0085
2025-05-30 16:22:44,873 | INFO | Train batch  7500/10986 | ms/batch 202.97 | loss 0.8799 | bpb  1.27 | ppl     2.41 | lr 2.84e-04
2025-05-30 16:23:05,041 | INFO | Gradient norm: 0.0095
2025-05-30 16:23:05,049 | INFO | Train batch  7600/10986 | ms/batch 202.95 | loss 0.8799 | bpb  1.27 | ppl     2.41 | lr 2.84e-04
2025-05-30 16:23:25,198 | INFO | Gradient norm: 0.0128
2025-05-30 16:23:25,206 | INFO | Train batch  7700/10986 | ms/batch 202.93 | loss 0.8799 | bpb  1.27 | ppl     2.41 | lr 2.84e-04
2025-05-30 16:23:45,360 | INFO | Gradient norm: 0.0175
2025-05-30 16:23:45,368 | INFO | Train batch  7800/10986 | ms/batch 202.92 | loss 0.8799 | bpb  1.27 | ppl     2.41 | lr 2.84e-04
2025-05-30 16:24:05,545 | INFO | Gradient norm: 0.0110
2025-05-30 16:24:05,552 | INFO | Train batch  7900/10986 | ms/batch 202.90 | loss 0.8799 | bpb  1.27 | ppl     2.41 | lr 2.84e-04
2025-05-30 16:24:25,717 | INFO | Gradient norm: 0.0105
2025-05-30 16:24:25,725 | INFO | Train batch  8000/10986 | ms/batch 202.89 | loss 0.8799 | bpb  1.27 | ppl     2.41 | lr 2.84e-04
2025-05-30 16:24:45,889 | INFO | Gradient norm: 0.0094
2025-05-30 16:24:45,897 | INFO | Train batch  8100/10986 | ms/batch 202.87 | loss 0.8799 | bpb  1.27 | ppl     2.41 | lr 2.84e-04
2025-05-30 16:25:06,041 | INFO | Gradient norm: 0.0100
2025-05-30 16:25:06,049 | INFO | Train batch  8200/10986 | ms/batch 202.86 | loss 0.8799 | bpb  1.27 | ppl     2.41 | lr 2.84e-04
2025-05-30 16:25:26,187 | INFO | Gradient norm: 0.0242
2025-05-30 16:25:26,195 | INFO | Train batch  8300/10986 | ms/batch 202.84 | loss 0.8799 | bpb  1.27 | ppl     2.41 | lr 2.84e-04
2025-05-30 16:25:46,356 | INFO | Gradient norm: 0.0238
2025-05-30 16:25:46,364 | INFO | Train batch  8400/10986 | ms/batch 202.83 | loss 0.8799 | bpb  1.27 | ppl     2.41 | lr 2.84e-04
2025-05-30 16:26:06,511 | INFO | Gradient norm: 0.0122
2025-05-30 16:26:06,519 | INFO | Train batch  8500/10986 | ms/batch 202.81 | loss 0.8799 | bpb  1.27 | ppl     2.41 | lr 2.84e-04
2025-05-30 16:26:26,665 | INFO | Gradient norm: 0.0106
2025-05-30 16:26:26,673 | INFO | Train batch  8600/10986 | ms/batch 202.80 | loss 0.8799 | bpb  1.27 | ppl     2.41 | lr 2.84e-04
2025-05-30 16:26:46,822 | INFO | Gradient norm: 0.0103
2025-05-30 16:26:46,830 | INFO | Train batch  8700/10986 | ms/batch 202.78 | loss 0.8799 | bpb  1.27 | ppl     2.41 | lr 2.84e-04
2025-05-30 16:27:07,004 | INFO | Gradient norm: 0.0189
2025-05-30 16:27:07,012 | INFO | Train batch  8800/10986 | ms/batch 202.77 | loss 0.8799 | bpb  1.27 | ppl     2.41 | lr 2.84e-04
2025-05-30 16:27:27,175 | INFO | Gradient norm: 0.0292
2025-05-30 16:27:27,183 | INFO | Train batch  8900/10986 | ms/batch 202.76 | loss 0.8799 | bpb  1.27 | ppl     2.41 | lr 2.84e-04
2025-05-30 16:27:47,334 | INFO | Gradient norm: 0.0082
2025-05-30 16:27:47,342 | INFO | Train batch  9000/10986 | ms/batch 202.75 | loss 0.8799 | bpb  1.27 | ppl     2.41 | lr 2.84e-04
2025-05-30 16:28:07,494 | INFO | Gradient norm: 0.0116
2025-05-30 16:28:07,502 | INFO | Train batch  9100/10986 | ms/batch 202.73 | loss 0.8799 | bpb  1.27 | ppl     2.41 | lr 2.83e-04
2025-05-30 16:28:27,651 | INFO | Gradient norm: 0.0079
2025-05-30 16:28:27,659 | INFO | Train batch  9200/10986 | ms/batch 202.72 | loss 0.8799 | bpb  1.27 | ppl     2.41 | lr 2.83e-04
2025-05-30 16:28:47,779 | INFO | Gradient norm: 0.0079
2025-05-30 16:28:47,787 | INFO | Train batch  9300/10986 | ms/batch 202.71 | loss 0.8799 | bpb  1.27 | ppl     2.41 | lr 2.83e-04
2025-05-30 16:29:07,935 | INFO | Gradient norm: 0.0070
2025-05-30 16:29:07,943 | INFO | Train batch  9400/10986 | ms/batch 202.69 | loss 0.8799 | bpb  1.27 | ppl     2.41 | lr 2.83e-04
2025-05-30 16:29:28,100 | INFO | Gradient norm: 0.0106
2025-05-30 16:29:28,108 | INFO | Train batch  9500/10986 | ms/batch 202.68 | loss 0.8799 | bpb  1.27 | ppl     2.41 | lr 2.83e-04
2025-05-30 16:29:48,303 | INFO | Gradient norm: 0.0757
2025-05-30 16:29:48,311 | INFO | Train batch  9600/10986 | ms/batch 202.68 | loss 0.8799 | bpb  1.27 | ppl     2.41 | lr 2.83e-04
2025-05-30 16:30:08,464 | INFO | Gradient norm: 0.0113
2025-05-30 16:30:08,472 | INFO | Train batch  9700/10986 | ms/batch 202.67 | loss 0.8799 | bpb  1.27 | ppl     2.41 | lr 2.83e-04
2025-05-30 16:30:28,666 | INFO | Gradient norm: 0.0095
2025-05-30 16:30:28,673 | INFO | Train batch  9800/10986 | ms/batch 202.66 | loss 0.8799 | bpb  1.27 | ppl     2.41 | lr 2.83e-04
2025-05-30 16:30:48,836 | INFO | Gradient norm: 0.0102
2025-05-30 16:30:48,844 | INFO | Train batch  9900/10986 | ms/batch 202.65 | loss 0.8799 | bpb  1.27 | ppl     2.41 | lr 2.83e-04
2025-05-30 16:31:08,966 | INFO | Gradient norm: 0.0160
2025-05-30 16:31:08,974 | INFO | Train batch 10000/10986 | ms/batch 202.64 | loss 0.8799 | bpb  1.27 | ppl     2.41 | lr 2.83e-04
2025-05-30 16:31:29,119 | INFO | Gradient norm: 0.0082
2025-05-30 16:31:29,127 | INFO | Train batch 10100/10986 | ms/batch 202.62 | loss 0.8799 | bpb  1.27 | ppl     2.41 | lr 2.83e-04
2025-05-30 16:31:49,257 | INFO | Gradient norm: 0.0079
2025-05-30 16:31:49,265 | INFO | Train batch 10200/10986 | ms/batch 202.61 | loss 0.8799 | bpb  1.27 | ppl     2.41 | lr 2.83e-04
2025-05-30 16:32:09,409 | INFO | Gradient norm: 0.0087
2025-05-30 16:32:09,417 | INFO | Train batch 10300/10986 | ms/batch 202.60 | loss 0.8799 | bpb  1.27 | ppl     2.41 | lr 2.83e-04
2025-05-30 16:32:29,531 | INFO | Gradient norm: 0.0156
2025-05-30 16:32:29,539 | INFO | Train batch 10400/10986 | ms/batch 202.59 | loss 0.8799 | bpb  1.27 | ppl     2.41 | lr 2.83e-04
2025-05-30 16:32:49,682 | INFO | Gradient norm: 0.0089
2025-05-30 16:32:49,690 | INFO | Train batch 10500/10986 | ms/batch 202.58 | loss 0.8799 | bpb  1.27 | ppl     2.41 | lr 2.83e-04
2025-05-30 16:33:09,833 | INFO | Gradient norm: 0.0088
2025-05-30 16:33:09,841 | INFO | Train batch 10600/10986 | ms/batch 202.57 | loss 0.8799 | bpb  1.27 | ppl     2.41 | lr 2.83e-04
2025-05-30 16:33:29,989 | INFO | Gradient norm: 0.0455
2025-05-30 16:33:29,997 | INFO | Train batch 10700/10986 | ms/batch 202.56 | loss 0.8799 | bpb  1.27 | ppl     2.41 | lr 2.83e-04
2025-05-30 16:33:50,141 | INFO | Gradient norm: 0.0078
2025-05-30 16:33:50,149 | INFO | Train batch 10800/10986 | ms/batch 202.55 | loss 0.8799 | bpb  1.27 | ppl     2.41 | lr 2.83e-04
2025-05-30 16:34:10,288 | INFO | Gradient norm: 0.0098
2025-05-30 16:34:10,296 | INFO | Train batch 10900/10986 | ms/batch 202.54 | loss 0.8799 | bpb  1.27 | ppl     2.41 | lr 2.83e-04
2025-05-30 16:35:44,962 | INFO | Epoch   7 | time: 2302.54s | train bpb  1.27 | valid bpb  1.27
2025-05-30 16:35:46,528 | INFO | Saved new best model with validation bpb:  1.27
2025-05-30 16:35:46,591 | INFO | Input shape: torch.Size([16, 511]), Target shape: torch.Size([16, 511])
2025-05-30 16:35:46,592 | INFO | Input range: [10, 226]
2025-05-30 16:35:46,592 | INFO | Target range: [10, 226]
2025-05-30 16:35:46,628 | INFO | Output shape: torch.Size([8176, 256]), Reshaped target shape: torch.Size([8176])
2025-05-30 16:35:46,630 | INFO | Output range: [-12.4453125, 11.8671875]
2025-05-30 16:35:46,630 | INFO | Sample probabilities: max=0.908262312412262, min=0.00028211346943862736
2025-05-30 16:35:46,630 | INFO | Raw loss value: 0.8801036477088928
2025-05-30 16:35:46,630 | INFO | Batch 0 loss stats - Mean: -0.1726, Std: 1.6035
2025-05-30 16:35:46,778 | INFO | Gradient norm: 0.0157
2025-05-30 16:35:46,786 | INFO | Train batch     0/10986 | ms/batch 194.52 | loss 0.8801 | bpb  1.27 | ppl     2.41 | lr 2.83e-04
2025-05-30 16:36:06,918 | INFO | Gradient norm: 0.0109
2025-05-30 16:36:06,926 | INFO | Train batch   100/10986 | ms/batch 201.34 | loss 0.8811 | bpb  1.27 | ppl     2.41 | lr 2.83e-04
2025-05-30 16:36:27,123 | INFO | Gradient norm: 0.0124
2025-05-30 16:36:27,130 | INFO | Train batch   200/10986 | ms/batch 201.69 | loss 0.8807 | bpb  1.27 | ppl     2.41 | lr 2.83e-04
2025-05-30 16:36:47,313 | INFO | Gradient norm: 0.0147
2025-05-30 16:36:47,321 | INFO | Train batch   300/10986 | ms/batch 201.76 | loss 0.8803 | bpb  1.27 | ppl     2.41 | lr 2.83e-04
2025-05-30 16:37:07,497 | INFO | Gradient norm: 0.0125
2025-05-30 16:37:07,505 | INFO | Train batch   400/10986 | ms/batch 201.78 | loss 0.8802 | bpb  1.27 | ppl     2.41 | lr 2.83e-04
2025-05-30 16:37:27,654 | INFO | Gradient norm: 0.0103
2025-05-30 16:37:27,662 | INFO | Train batch   500/10986 | ms/batch 201.74 | loss 0.8801 | bpb  1.27 | ppl     2.41 | lr 2.83e-04
2025-05-30 16:37:47,781 | INFO | Gradient norm: 0.0152
2025-05-30 16:37:47,789 | INFO | Train batch   600/10986 | ms/batch 201.66 | loss 0.8800 | bpb  1.27 | ppl     2.41 | lr 2.82e-04
2025-05-30 16:38:07,930 | INFO | Gradient norm: 0.0129
2025-05-30 16:38:07,938 | INFO | Train batch   700/10986 | ms/batch 201.64 | loss 0.8800 | bpb  1.27 | ppl     2.41 | lr 2.82e-04
2025-05-30 16:38:28,123 | INFO | Gradient norm: 0.0216
2025-05-30 16:38:28,131 | INFO | Train batch   800/10986 | ms/batch 201.67 | loss 0.8800 | bpb  1.27 | ppl     2.41 | lr 2.82e-04
2025-05-30 16:38:48,272 | INFO | Gradient norm: 0.0089
2025-05-30 16:38:48,280 | INFO | Train batch   900/10986 | ms/batch 201.65 | loss 0.8799 | bpb  1.27 | ppl     2.41 | lr 2.82e-04
2025-05-30 16:39:08,435 | INFO | Gradient norm: 0.0083
2025-05-30 16:39:08,443 | INFO | Train batch  1000/10986 | ms/batch 201.65 | loss 0.8799 | bpb  1.27 | ppl     2.41 | lr 2.82e-04
2025-05-30 16:39:28,613 | INFO | Gradient norm: 0.0206
2025-05-30 16:39:28,621 | INFO | Train batch  1100/10986 | ms/batch 201.66 | loss 0.8799 | bpb  1.27 | ppl     2.41 | lr 2.82e-04
2025-05-30 16:39:48,752 | INFO | Gradient norm: 0.0186
2025-05-30 16:39:48,760 | INFO | Train batch  1200/10986 | ms/batch 201.64 | loss 0.8799 | bpb  1.27 | ppl     2.41 | lr 2.82e-04
2025-05-30 16:40:08,913 | INFO | Gradient norm: 0.0094
2025-05-30 16:40:08,921 | INFO | Train batch  1300/10986 | ms/batch 201.64 | loss 0.8799 | bpb  1.27 | ppl     2.41 | lr 2.82e-04
2025-05-30 16:40:29,074 | INFO | Gradient norm: 0.0174
2025-05-30 16:40:29,082 | INFO | Train batch  1400/10986 | ms/batch 201.64 | loss 0.8799 | bpb  1.27 | ppl     2.41 | lr 2.82e-04
2025-05-30 16:40:49,209 | INFO | Gradient norm: 0.0155
2025-05-30 16:40:49,217 | INFO | Train batch  1500/10986 | ms/batch 201.62 | loss 0.8799 | bpb  1.27 | ppl     2.41 | lr 2.82e-04
2025-05-30 16:41:09,380 | INFO | Gradient norm: 0.0156
2025-05-30 16:41:09,388 | INFO | Train batch  1600/10986 | ms/batch 201.62 | loss 0.8799 | bpb  1.27 | ppl     2.41 | lr 2.82e-04
2025-05-30 16:41:29,525 | INFO | Gradient norm: 0.0112
2025-05-30 16:41:29,533 | INFO | Train batch  1700/10986 | ms/batch 201.61 | loss 0.8799 | bpb  1.27 | ppl     2.41 | lr 2.82e-04
2025-05-30 16:41:49,716 | INFO | Gradient norm: 0.0194
2025-05-30 16:41:49,724 | INFO | Train batch  1800/10986 | ms/batch 201.63 | loss 0.8799 | bpb  1.27 | ppl     2.41 | lr 2.82e-04
2025-05-30 16:42:09,893 | INFO | Gradient norm: 0.0080
2025-05-30 16:42:09,901 | INFO | Train batch  1900/10986 | ms/batch 201.64 | loss 0.8799 | bpb  1.27 | ppl     2.41 | lr 2.82e-04
2025-05-30 16:42:30,058 | INFO | Gradient norm: 0.0075
2025-05-30 16:42:30,065 | INFO | Train batch  2000/10986 | ms/batch 201.64 | loss 0.8799 | bpb  1.27 | ppl     2.41 | lr 2.82e-04
2025-05-30 16:42:50,255 | INFO | Gradient norm: 0.0070
2025-05-30 16:42:50,262 | INFO | Train batch  2100/10986 | ms/batch 201.65 | loss 0.8799 | bpb  1.27 | ppl     2.41 | lr 2.82e-04
2025-05-30 16:43:10,437 | INFO | Gradient norm: 0.0091
2025-05-30 16:43:10,444 | INFO | Train batch  2200/10986 | ms/batch 201.66 | loss 0.8799 | bpb  1.27 | ppl     2.41 | lr 2.82e-04
2025-05-30 16:43:30,610 | INFO | Gradient norm: 0.0100
2025-05-30 16:43:30,618 | INFO | Train batch  2300/10986 | ms/batch 201.66 | loss 0.8799 | bpb  1.27 | ppl     2.41 | lr 2.82e-04
2025-05-30 16:43:50,754 | INFO | Gradient norm: 0.0118
2025-05-30 16:43:50,761 | INFO | Train batch  2400/10986 | ms/batch 201.65 | loss 0.8799 | bpb  1.27 | ppl     2.41 | lr 2.82e-04
2025-05-30 16:44:10,982 | INFO | Gradient norm: 0.0077
2025-05-30 16:44:10,989 | INFO | Train batch  2500/10986 | ms/batch 201.68 | loss 0.8799 | bpb  1.27 | ppl     2.41 | lr 2.82e-04
2025-05-30 16:44:31,124 | INFO | Gradient norm: 0.0203
2025-05-30 16:44:31,132 | INFO | Train batch  2600/10986 | ms/batch 201.67 | loss 0.8799 | bpb  1.27 | ppl     2.41 | lr 2.82e-04
2025-05-30 16:44:51,286 | INFO | Gradient norm: 0.0095
2025-05-30 16:44:51,294 | INFO | Train batch  2700/10986 | ms/batch 201.67 | loss 0.8799 | bpb  1.27 | ppl     2.41 | lr 2.82e-04
2025-05-30 16:45:11,408 | INFO | Gradient norm: 0.0089
2025-05-30 16:45:11,415 | INFO | Train batch  2800/10986 | ms/batch 201.65 | loss 0.8799 | bpb  1.27 | ppl     2.41 | lr 2.82e-04
2025-05-30 16:45:31,558 | INFO | Gradient norm: 0.0134
2025-05-30 16:45:31,566 | INFO | Train batch  2900/10986 | ms/batch 201.65 | loss 0.8799 | bpb  1.27 | ppl     2.41 | lr 2.82e-04
2025-05-30 16:45:51,716 | INFO | Gradient norm: 0.0083
2025-05-30 16:45:51,724 | INFO | Train batch  3000/10986 | ms/batch 201.64 | loss 0.8799 | bpb  1.27 | ppl     2.41 | lr 2.82e-04
2025-05-30 16:46:11,860 | INFO | Gradient norm: 0.0127
2025-05-30 16:46:11,867 | INFO | Train batch  3100/10986 | ms/batch 201.64 | loss 0.8798 | bpb  1.27 | ppl     2.41 | lr 2.81e-04
2025-05-30 16:46:32,021 | INFO | Gradient norm: 0.0069
2025-05-30 16:46:32,029 | INFO | Train batch  3200/10986 | ms/batch 201.64 | loss 0.8798 | bpb  1.27 | ppl     2.41 | lr 2.81e-04
2025-05-30 16:46:52,162 | INFO | Gradient norm: 0.0183
2025-05-30 16:46:52,170 | INFO | Train batch  3300/10986 | ms/batch 201.63 | loss 0.8798 | bpb  1.27 | ppl     2.41 | lr 2.81e-04
2025-05-30 16:47:12,300 | INFO | Gradient norm: 0.0090
2025-05-30 16:47:12,308 | INFO | Train batch  3400/10986 | ms/batch 201.62 | loss 0.8798 | bpb  1.27 | ppl     2.41 | lr 2.81e-04
2025-05-30 16:47:32,438 | INFO | Gradient norm: 0.0095
2025-05-30 16:47:32,446 | INFO | Train batch  3500/10986 | ms/batch 201.62 | loss 0.8798 | bpb  1.27 | ppl     2.41 | lr 2.81e-04
2025-05-30 16:47:52,581 | INFO | Gradient norm: 0.0112
2025-05-30 16:47:52,589 | INFO | Train batch  3600/10986 | ms/batch 201.61 | loss 0.8798 | bpb  1.27 | ppl     2.41 | lr 2.81e-04
2025-05-30 16:48:12,754 | INFO | Gradient norm: 0.0091
2025-05-30 16:48:12,761 | INFO | Train batch  3700/10986 | ms/batch 201.61 | loss 0.8798 | bpb  1.27 | ppl     2.41 | lr 2.81e-04
2025-05-30 16:48:32,897 | INFO | Gradient norm: 0.0145
2025-05-30 16:48:32,905 | INFO | Train batch  3800/10986 | ms/batch 201.61 | loss 0.8799 | bpb  1.27 | ppl     2.41 | lr 2.81e-04
2025-05-30 16:48:53,013 | INFO | Gradient norm: 0.0112
2025-05-30 16:48:53,021 | INFO | Train batch  3900/10986 | ms/batch 201.60 | loss 0.8798 | bpb  1.27 | ppl     2.41 | lr 2.81e-04
2025-05-30 16:49:13,171 | INFO | Gradient norm: 0.0112
2025-05-30 16:49:13,179 | INFO | Train batch  4000/10986 | ms/batch 201.60 | loss 0.8798 | bpb  1.27 | ppl     2.41 | lr 2.81e-04
2025-05-30 16:49:33,347 | INFO | Gradient norm: 0.0117
2025-05-30 16:49:33,355 | INFO | Train batch  4100/10986 | ms/batch 201.60 | loss 0.8798 | bpb  1.27 | ppl     2.41 | lr 2.81e-04
2025-05-30 16:49:53,503 | INFO | Gradient norm: 0.0127
2025-05-30 16:49:53,511 | INFO | Train batch  4200/10986 | ms/batch 201.60 | loss 0.8798 | bpb  1.27 | ppl     2.41 | lr 2.81e-04
2025-05-30 16:50:13,684 | INFO | Gradient norm: 0.0212
2025-05-30 16:50:13,692 | INFO | Train batch  4300/10986 | ms/batch 201.60 | loss 0.8798 | bpb  1.27 | ppl     2.41 | lr 2.81e-04
2025-05-30 16:50:33,840 | INFO | Gradient norm: 0.0091
2025-05-30 16:50:33,848 | INFO | Train batch  4400/10986 | ms/batch 201.60 | loss 0.8798 | bpb  1.27 | ppl     2.41 | lr 2.81e-04
2025-05-30 16:50:54,001 | INFO | Gradient norm: 0.0128
2025-05-30 16:50:54,009 | INFO | Train batch  4500/10986 | ms/batch 201.60 | loss 0.8798 | bpb  1.27 | ppl     2.41 | lr 2.81e-04
2025-05-30 16:51:14,139 | INFO | Gradient norm: 0.0120
2025-05-30 16:51:14,147 | INFO | Train batch  4600/10986 | ms/batch 201.60 | loss 0.8798 | bpb  1.27 | ppl     2.41 | lr 2.81e-04
2025-05-30 16:51:34,264 | INFO | Gradient norm: 0.0078
2025-05-30 16:51:34,272 | INFO | Train batch  4700/10986 | ms/batch 201.59 | loss 0.8798 | bpb  1.27 | ppl     2.41 | lr 2.81e-04
2025-05-30 16:51:54,420 | INFO | Gradient norm: 0.0072
2025-05-30 16:51:54,428 | INFO | Train batch  4800/10986 | ms/batch 201.59 | loss 0.8798 | bpb  1.27 | ppl     2.41 | lr 2.81e-04
2025-05-30 16:52:14,584 | INFO | Gradient norm: 0.0093
2025-05-30 16:52:14,592 | INFO | Train batch  4900/10986 | ms/batch 201.59 | loss 0.8798 | bpb  1.27 | ppl     2.41 | lr 2.81e-04
2025-05-30 16:52:34,715 | INFO | Gradient norm: 0.0090
2025-05-30 16:52:34,722 | INFO | Train batch  5000/10986 | ms/batch 201.59 | loss 0.8798 | bpb  1.27 | ppl     2.41 | lr 2.81e-04
2025-05-30 16:52:54,886 | INFO | Gradient norm: 0.0091
2025-05-30 16:52:54,894 | INFO | Train batch  5100/10986 | ms/batch 201.59 | loss 0.8798 | bpb  1.27 | ppl     2.41 | lr 2.81e-04
2025-05-30 16:53:15,071 | INFO | Gradient norm: 0.0197
2025-05-30 16:53:15,079 | INFO | Train batch  5200/10986 | ms/batch 201.59 | loss 0.8798 | bpb  1.27 | ppl     2.41 | lr 2.81e-04
2025-05-30 16:53:35,245 | INFO | Gradient norm: 0.0096
2025-05-30 16:53:35,253 | INFO | Train batch  5300/10986 | ms/batch 201.60 | loss 0.8798 | bpb  1.27 | ppl     2.41 | lr 2.81e-04
2025-05-30 16:53:55,406 | INFO | Gradient norm: 0.0077
2025-05-30 16:53:55,414 | INFO | Train batch  5400/10986 | ms/batch 201.60 | loss 0.8798 | bpb  1.27 | ppl     2.41 | lr 2.81e-04
2025-05-30 16:54:15,588 | INFO | Gradient norm: 0.0100
2025-05-30 16:54:15,596 | INFO | Train batch  5500/10986 | ms/batch 201.60 | loss 0.8798 | bpb  1.27 | ppl     2.41 | lr 2.81e-04
2025-05-30 16:54:35,748 | INFO | Gradient norm: 0.0118
2025-05-30 16:54:35,756 | INFO | Train batch  5600/10986 | ms/batch 201.60 | loss 0.8798 | bpb  1.27 | ppl     2.41 | lr 2.80e-04
2025-05-30 16:54:55,937 | INFO | Gradient norm: 0.0089
2025-05-30 16:54:55,945 | INFO | Train batch  5700/10986 | ms/batch 201.61 | loss 0.8798 | bpb  1.27 | ppl     2.41 | lr 2.80e-04
2025-05-30 16:55:16,123 | INFO | Gradient norm: 0.0077
2025-05-30 16:55:16,131 | INFO | Train batch  5800/10986 | ms/batch 201.61 | loss 0.8798 | bpb  1.27 | ppl     2.41 | lr 2.80e-04
2025-05-30 16:55:36,312 | INFO | Gradient norm: 0.0143
2025-05-30 16:55:36,320 | INFO | Train batch  5900/10986 | ms/batch 201.61 | loss 0.8798 | bpb  1.27 | ppl     2.41 | lr 2.80e-04
2025-05-30 16:55:56,495 | INFO | Gradient norm: 0.0068
2025-05-30 16:55:56,503 | INFO | Train batch  6000/10986 | ms/batch 201.62 | loss 0.8798 | bpb  1.27 | ppl     2.41 | lr 2.80e-04
2025-05-30 16:56:16,748 | INFO | Gradient norm: 0.0233
2025-05-30 16:56:16,756 | INFO | Train batch  6100/10986 | ms/batch 201.63 | loss 0.8798 | bpb  1.27 | ppl     2.41 | lr 2.80e-04
2025-05-30 16:56:37,018 | INFO | Gradient norm: 0.0087
2025-05-30 16:56:37,026 | INFO | Train batch  6200/10986 | ms/batch 201.65 | loss 0.8798 | bpb  1.27 | ppl     2.41 | lr 2.80e-04
2025-05-30 16:56:57,252 | INFO | Gradient norm: 0.0110
2025-05-30 16:56:57,260 | INFO | Train batch  6300/10986 | ms/batch 201.66 | loss 0.8798 | bpb  1.27 | ppl     2.41 | lr 2.80e-04
2025-05-30 16:57:17,444 | INFO | Gradient norm: 0.0238
2025-05-30 16:57:17,452 | INFO | Train batch  6400/10986 | ms/batch 201.67 | loss 0.8798 | bpb  1.27 | ppl     2.41 | lr 2.80e-04
2025-05-30 16:57:37,627 | INFO | Gradient norm: 0.0117
2025-05-30 16:57:37,635 | INFO | Train batch  6500/10986 | ms/batch 201.67 | loss 0.8798 | bpb  1.27 | ppl     2.41 | lr 2.80e-04
2025-05-30 16:57:57,872 | INFO | Gradient norm: 0.0125
2025-05-30 16:57:57,880 | INFO | Train batch  6600/10986 | ms/batch 201.68 | loss 0.8798 | bpb  1.27 | ppl     2.41 | lr 2.80e-04
2025-05-30 16:58:18,104 | INFO | Gradient norm: 0.0115
2025-05-30 16:58:18,112 | INFO | Train batch  6700/10986 | ms/batch 201.69 | loss 0.8798 | bpb  1.27 | ppl     2.41 | lr 2.80e-04
2025-05-30 16:58:38,284 | INFO | Gradient norm: 0.0161
2025-05-30 16:58:38,291 | INFO | Train batch  6800/10986 | ms/batch 201.69 | loss 0.8798 | bpb  1.27 | ppl     2.41 | lr 2.80e-04
2025-05-30 16:58:58,467 | INFO | Gradient norm: 0.0090
2025-05-30 16:58:58,475 | INFO | Train batch  6900/10986 | ms/batch 201.69 | loss 0.8798 | bpb  1.27 | ppl     2.41 | lr 2.80e-04
2025-05-30 16:59:18,625 | INFO | Gradient norm: 0.0126
2025-05-30 16:59:18,633 | INFO | Train batch  7000/10986 | ms/batch 201.69 | loss 0.8798 | bpb  1.27 | ppl     2.41 | lr 2.80e-04
2025-05-30 16:59:38,795 | INFO | Gradient norm: 0.0120
2025-05-30 16:59:38,803 | INFO | Train batch  7100/10986 | ms/batch 201.69 | loss 0.8798 | bpb  1.27 | ppl     2.41 | lr 2.80e-04
2025-05-30 16:59:59,011 | INFO | Gradient norm: 0.0105
2025-05-30 16:59:59,019 | INFO | Train batch  7200/10986 | ms/batch 201.70 | loss 0.8798 | bpb  1.27 | ppl     2.41 | lr 2.80e-04
2025-05-30 17:00:19,184 | INFO | Gradient norm: 0.0086
2025-05-30 17:00:19,191 | INFO | Train batch  7300/10986 | ms/batch 201.70 | loss 0.8798 | bpb  1.27 | ppl     2.41 | lr 2.80e-04
2025-05-30 17:00:39,392 | INFO | Gradient norm: 0.0151
2025-05-30 17:00:39,400 | INFO | Train batch  7400/10986 | ms/batch 201.70 | loss 0.8798 | bpb  1.27 | ppl     2.41 | lr 2.80e-04
2025-05-30 17:00:59,550 | INFO | Gradient norm: 0.0091
2025-05-30 17:00:59,558 | INFO | Train batch  7500/10986 | ms/batch 201.70 | loss 0.8798 | bpb  1.27 | ppl     2.41 | lr 2.80e-04
2025-05-30 17:01:19,719 | INFO | Gradient norm: 0.0103
2025-05-30 17:01:19,727 | INFO | Train batch  7600/10986 | ms/batch 201.70 | loss 0.8798 | bpb  1.27 | ppl     2.41 | lr 2.80e-04
2025-05-30 17:01:39,879 | INFO | Gradient norm: 0.0101
2025-05-30 17:01:39,887 | INFO | Train batch  7700/10986 | ms/batch 201.70 | loss 0.8798 | bpb  1.27 | ppl     2.41 | lr 2.80e-04
2025-05-30 17:02:00,071 | INFO | Gradient norm: 0.0104
2025-05-30 17:02:00,079 | INFO | Train batch  7800/10986 | ms/batch 201.70 | loss 0.8798 | bpb  1.27 | ppl     2.41 | lr 2.80e-04
2025-05-30 17:02:20,247 | INFO | Gradient norm: 0.0087
2025-05-30 17:02:20,255 | INFO | Train batch  7900/10986 | ms/batch 201.70 | loss 0.8798 | bpb  1.27 | ppl     2.41 | lr 2.79e-04
2025-05-30 17:02:40,405 | INFO | Gradient norm: 0.0251
2025-05-30 17:02:40,413 | INFO | Train batch  8000/10986 | ms/batch 201.70 | loss 0.8798 | bpb  1.27 | ppl     2.41 | lr 2.79e-04
2025-05-30 17:03:00,623 | INFO | Gradient norm: 0.0082
2025-05-30 17:03:00,631 | INFO | Train batch  8100/10986 | ms/batch 201.71 | loss 0.8798 | bpb  1.27 | ppl     2.41 | lr 2.79e-04
2025-05-30 17:03:20,773 | INFO | Gradient norm: 0.0111
2025-05-30 17:03:20,781 | INFO | Train batch  8200/10986 | ms/batch 201.71 | loss 0.8798 | bpb  1.27 | ppl     2.41 | lr 2.79e-04
2025-05-30 17:03:40,920 | INFO | Gradient norm: 0.0085
2025-05-30 17:03:40,928 | INFO | Train batch  8300/10986 | ms/batch 201.70 | loss 0.8798 | bpb  1.27 | ppl     2.41 | lr 2.79e-04
2025-05-30 17:04:01,126 | INFO | Gradient norm: 0.0101
2025-05-30 17:04:01,134 | INFO | Train batch  8400/10986 | ms/batch 201.71 | loss 0.8798 | bpb  1.27 | ppl     2.41 | lr 2.79e-04
2025-05-30 17:04:21,326 | INFO | Gradient norm: 0.0104
2025-05-30 17:04:21,334 | INFO | Train batch  8500/10986 | ms/batch 201.71 | loss 0.8798 | bpb  1.27 | ppl     2.41 | lr 2.79e-04
2025-05-30 17:04:41,491 | INFO | Gradient norm: 0.0098
2025-05-30 17:04:41,499 | INFO | Train batch  8600/10986 | ms/batch 201.71 | loss 0.8798 | bpb  1.27 | ppl     2.41 | lr 2.79e-04
2025-05-30 17:05:01,692 | INFO | Gradient norm: 0.0088
2025-05-30 17:05:01,700 | INFO | Train batch  8700/10986 | ms/batch 201.71 | loss 0.8798 | bpb  1.27 | ppl     2.41 | lr 2.79e-04
2025-05-30 17:05:21,868 | INFO | Gradient norm: 0.0161
2025-05-30 17:05:21,876 | INFO | Train batch  8800/10986 | ms/batch 201.71 | loss 0.8798 | bpb  1.27 | ppl     2.41 | lr 2.79e-04
2025-05-30 17:05:42,044 | INFO | Gradient norm: 0.0093
2025-05-30 17:05:42,052 | INFO | Train batch  8900/10986 | ms/batch 201.71 | loss 0.8798 | bpb  1.27 | ppl     2.41 | lr 2.79e-04
2025-05-30 17:06:02,205 | INFO | Gradient norm: 0.0113
2025-05-30 17:06:02,213 | INFO | Train batch  9000/10986 | ms/batch 201.71 | loss 0.8798 | bpb  1.27 | ppl     2.41 | lr 2.79e-04
2025-05-30 17:06:22,405 | INFO | Gradient norm: 0.0119
2025-05-30 17:06:22,413 | INFO | Train batch  9100/10986 | ms/batch 201.72 | loss 0.8798 | bpb  1.27 | ppl     2.41 | lr 2.79e-04
2025-05-30 17:06:42,626 | INFO | Gradient norm: 0.0074
2025-05-30 17:06:42,634 | INFO | Train batch  9200/10986 | ms/batch 201.72 | loss 0.8798 | bpb  1.27 | ppl     2.41 | lr 2.79e-04
2025-05-30 17:07:02,808 | INFO | Gradient norm: 0.0425
2025-05-30 17:07:02,815 | INFO | Train batch  9300/10986 | ms/batch 201.72 | loss 0.8798 | bpb  1.27 | ppl     2.41 | lr 2.79e-04
2025-05-30 17:07:22,991 | INFO | Gradient norm: 0.0074
2025-05-30 17:07:22,999 | INFO | Train batch  9400/10986 | ms/batch 201.72 | loss 0.8798 | bpb  1.27 | ppl     2.41 | lr 2.79e-04
2025-05-30 17:07:43,159 | INFO | Gradient norm: 0.0095
2025-05-30 17:07:43,166 | INFO | Train batch  9500/10986 | ms/batch 201.72 | loss 0.8798 | bpb  1.27 | ppl     2.41 | lr 2.79e-04
2025-05-30 17:08:03,341 | INFO | Gradient norm: 0.0284
2025-05-30 17:08:03,349 | INFO | Train batch  9600/10986 | ms/batch 201.72 | loss 0.8798 | bpb  1.27 | ppl     2.41 | lr 2.79e-04
2025-05-30 17:08:23,461 | INFO | Gradient norm: 0.0067
2025-05-30 17:08:23,469 | INFO | Train batch  9700/10986 | ms/batch 201.72 | loss 0.8798 | bpb  1.27 | ppl     2.41 | lr 2.79e-04
2025-05-30 17:08:43,668 | INFO | Gradient norm: 0.0216
2025-05-30 17:08:43,676 | INFO | Train batch  9800/10986 | ms/batch 201.72 | loss 0.8798 | bpb  1.27 | ppl     2.41 | lr 2.79e-04
2025-05-30 17:09:03,821 | INFO | Gradient norm: 0.0080
2025-05-30 17:09:03,829 | INFO | Train batch  9900/10986 | ms/batch 201.72 | loss 0.8798 | bpb  1.27 | ppl     2.41 | lr 2.79e-04
2025-05-30 17:09:23,983 | INFO | Gradient norm: 0.0089
2025-05-30 17:09:23,991 | INFO | Train batch 10000/10986 | ms/batch 201.72 | loss 0.8798 | bpb  1.27 | ppl     2.41 | lr 2.79e-04
2025-05-30 17:09:44,162 | INFO | Gradient norm: 0.0091
2025-05-30 17:09:44,170 | INFO | Train batch 10100/10986 | ms/batch 201.72 | loss 0.8798 | bpb  1.27 | ppl     2.41 | lr 2.79e-04
2025-05-30 17:10:04,367 | INFO | Gradient norm: 0.0107
2025-05-30 17:10:04,375 | INFO | Train batch 10200/10986 | ms/batch 201.72 | loss 0.8798 | bpb  1.27 | ppl     2.41 | lr 2.78e-04
2025-05-30 17:10:24,532 | INFO | Gradient norm: 0.0082
2025-05-30 17:10:24,540 | INFO | Train batch 10300/10986 | ms/batch 201.72 | loss 0.8798 | bpb  1.27 | ppl     2.41 | lr 2.78e-04
2025-05-30 17:10:44,706 | INFO | Gradient norm: 0.0096
2025-05-30 17:10:44,714 | INFO | Train batch 10400/10986 | ms/batch 201.72 | loss 0.8798 | bpb  1.27 | ppl     2.41 | lr 2.78e-04
2025-05-30 17:11:04,865 | INFO | Gradient norm: 0.0252
2025-05-30 17:11:04,873 | INFO | Train batch 10500/10986 | ms/batch 201.72 | loss 0.8798 | bpb  1.27 | ppl     2.41 | lr 2.78e-04
2025-05-30 17:11:25,050 | INFO | Gradient norm: 0.0093
2025-05-30 17:11:25,058 | INFO | Train batch 10600/10986 | ms/batch 201.72 | loss 0.8798 | bpb  1.27 | ppl     2.41 | lr 2.78e-04
2025-05-30 17:11:45,205 | INFO | Gradient norm: 0.0074
2025-05-30 17:11:45,213 | INFO | Train batch 10700/10986 | ms/batch 201.72 | loss 0.8798 | bpb  1.27 | ppl     2.41 | lr 2.78e-04
2025-05-30 17:12:05,328 | INFO | Gradient norm: 0.0081
2025-05-30 17:12:05,336 | INFO | Train batch 10800/10986 | ms/batch 201.72 | loss 0.8798 | bpb  1.27 | ppl     2.41 | lr 2.78e-04
2025-05-30 17:12:25,478 | INFO | Gradient norm: 0.0094
2025-05-30 17:12:25,486 | INFO | Train batch 10900/10986 | ms/batch 201.71 | loss 0.8798 | bpb  1.27 | ppl     2.41 | lr 2.78e-04
2025-05-30 17:14:00,317 | INFO | Epoch   8 | time: 2293.73s | train bpb  1.27 | valid bpb  1.27
2025-05-30 17:14:01,658 | INFO | Saved new best model with validation bpb:  1.27
2025-05-30 17:14:01,717 | INFO | Input shape: torch.Size([16, 511]), Target shape: torch.Size([16, 511])
2025-05-30 17:14:01,717 | INFO | Input range: [10, 226]
2025-05-30 17:14:01,717 | INFO | Target range: [10, 226]
2025-05-30 17:14:01,754 | INFO | Output shape: torch.Size([8176, 256]), Reshaped target shape: torch.Size([8176])
2025-05-30 17:14:01,755 | INFO | Output range: [-12.3046875, 11.765625]
2025-05-30 17:14:01,755 | INFO | Sample probabilities: max=0.9033792614936829, min=0.0002975952811539173
2025-05-30 17:14:01,756 | INFO | Raw loss value: 0.8798892498016357
2025-05-30 17:14:01,756 | INFO | Batch 0 loss stats - Mean: -0.1061, Std: 1.6973
2025-05-30 17:14:01,903 | INFO | Gradient norm: 0.0098
2025-05-30 17:14:01,911 | INFO | Train batch     0/10986 | ms/batch 194.45 | loss 0.8799 | bpb  1.27 | ppl     2.41 | lr 2.78e-04
2025-05-30 17:14:22,025 | INFO | Gradient norm: 0.0124
2025-05-30 17:14:22,033 | INFO | Train batch   100/10986 | ms/batch 201.15 | loss 0.8810 | bpb  1.27 | ppl     2.41 | lr 2.78e-04
2025-05-30 17:14:42,233 | INFO | Gradient norm: 0.0288
2025-05-30 17:14:42,241 | INFO | Train batch   200/10986 | ms/batch 201.61 | loss 0.8805 | bpb  1.27 | ppl     2.41 | lr 2.78e-04
2025-05-30 17:15:02,396 | INFO | Gradient norm: 0.0119
2025-05-30 17:15:02,404 | INFO | Train batch   300/10986 | ms/batch 201.62 | loss 0.8802 | bpb  1.27 | ppl     2.41 | lr 2.78e-04
2025-05-30 17:15:22,554 | INFO | Gradient norm: 0.0113
2025-05-30 17:15:22,562 | INFO | Train batch   400/10986 | ms/batch 201.61 | loss 0.8801 | bpb  1.27 | ppl     2.41 | lr 2.78e-04
2025-05-30 17:15:42,701 | INFO | Gradient norm: 0.0093
2025-05-30 17:15:42,709 | INFO | Train batch   500/10986 | ms/batch 201.58 | loss 0.8800 | bpb  1.27 | ppl     2.41 | lr 2.78e-04
2025-05-30 17:16:02,838 | INFO | Gradient norm: 0.0073
2025-05-30 17:16:02,846 | INFO | Train batch   600/10986 | ms/batch 201.55 | loss 0.8800 | bpb  1.27 | ppl     2.41 | lr 2.78e-04
2025-05-30 17:16:23,015 | INFO | Gradient norm: 0.0091
2025-05-30 17:16:23,022 | INFO | Train batch   700/10986 | ms/batch 201.58 | loss 0.8799 | bpb  1.27 | ppl     2.41 | lr 2.78e-04
2025-05-30 17:16:43,175 | INFO | Gradient norm: 0.0146
2025-05-30 17:16:43,182 | INFO | Train batch   800/10986 | ms/batch 201.58 | loss 0.8799 | bpb  1.27 | ppl     2.41 | lr 2.78e-04
2025-05-30 17:17:03,360 | INFO | Gradient norm: 0.0192
2025-05-30 17:17:03,368 | INFO | Train batch   900/10986 | ms/batch 201.61 | loss 0.8798 | bpb  1.27 | ppl     2.41 | lr 2.78e-04
2025-05-30 17:17:23,516 | INFO | Gradient norm: 0.0266
2025-05-30 17:17:23,523 | INFO | Train batch  1000/10986 | ms/batch 201.61 | loss 0.8798 | bpb  1.27 | ppl     2.41 | lr 2.78e-04
2025-05-30 17:17:43,669 | INFO | Gradient norm: 0.0092
2025-05-30 17:17:43,677 | INFO | Train batch  1100/10986 | ms/batch 201.60 | loss 0.8798 | bpb  1.27 | ppl     2.41 | lr 2.78e-04
2025-05-30 17:18:03,841 | INFO | Gradient norm: 0.0313
2025-05-30 17:18:03,849 | INFO | Train batch  1200/10986 | ms/batch 201.61 | loss 0.8798 | bpb  1.27 | ppl     2.41 | lr 2.78e-04
2025-05-30 17:18:23,998 | INFO | Gradient norm: 0.0108
2025-05-30 17:18:24,006 | INFO | Train batch  1300/10986 | ms/batch 201.61 | loss 0.8798 | bpb  1.27 | ppl     2.41 | lr 2.78e-04
2025-05-30 17:18:44,195 | INFO | Gradient norm: 0.0123
2025-05-30 17:18:44,203 | INFO | Train batch  1400/10986 | ms/batch 201.63 | loss 0.8798 | bpb  1.27 | ppl     2.41 | lr 2.78e-04
2025-05-30 17:19:04,363 | INFO | Gradient norm: 0.0400
2025-05-30 17:19:04,371 | INFO | Train batch  1500/10986 | ms/batch 201.64 | loss 0.8798 | bpb  1.27 | ppl     2.41 | lr 2.77e-04
2025-05-30 17:19:24,553 | INFO | Gradient norm: 0.0089
2025-05-30 17:19:24,560 | INFO | Train batch  1600/10986 | ms/batch 201.65 | loss 0.8798 | bpb  1.27 | ppl     2.41 | lr 2.77e-04
2025-05-30 17:19:44,732 | INFO | Gradient norm: 0.0092
2025-05-30 17:19:44,739 | INFO | Train batch  1700/10986 | ms/batch 201.66 | loss 0.8798 | bpb  1.27 | ppl     2.41 | lr 2.77e-04
2025-05-30 17:20:04,896 | INFO | Gradient norm: 0.0094
2025-05-30 17:20:04,904 | INFO | Train batch  1800/10986 | ms/batch 201.66 | loss 0.8798 | bpb  1.27 | ppl     2.41 | lr 2.77e-04
2025-05-30 17:20:25,087 | INFO | Gradient norm: 0.0402
2025-05-30 17:20:25,095 | INFO | Train batch  1900/10986 | ms/batch 201.67 | loss 0.8798 | bpb  1.27 | ppl     2.41 | lr 2.77e-04
2025-05-30 17:20:45,298 | INFO | Gradient norm: 0.0090
2025-05-30 17:20:45,306 | INFO | Train batch  2000/10986 | ms/batch 201.69 | loss 0.8798 | bpb  1.27 | ppl     2.41 | lr 2.77e-04
2025-05-30 17:21:05,494 | INFO | Gradient norm: 0.0077
2025-05-30 17:21:05,502 | INFO | Train batch  2100/10986 | ms/batch 201.71 | loss 0.8798 | bpb  1.27 | ppl     2.41 | lr 2.77e-04
2025-05-30 17:21:25,667 | INFO | Gradient norm: 0.0225
2025-05-30 17:21:25,674 | INFO | Train batch  2200/10986 | ms/batch 201.71 | loss 0.8798 | bpb  1.27 | ppl     2.41 | lr 2.77e-04
2025-05-30 17:21:45,842 | INFO | Gradient norm: 0.0085
2025-05-30 17:21:45,850 | INFO | Train batch  2300/10986 | ms/batch 201.71 | loss 0.8798 | bpb  1.27 | ppl     2.41 | lr 2.77e-04
2025-05-30 17:22:05,990 | INFO | Gradient norm: 0.0338
2025-05-30 17:22:05,998 | INFO | Train batch  2400/10986 | ms/batch 201.70 | loss 0.8798 | bpb  1.27 | ppl     2.41 | lr 2.77e-04
2025-05-30 17:22:26,161 | INFO | Gradient norm: 0.0232
2025-05-30 17:22:26,168 | INFO | Train batch  2500/10986 | ms/batch 201.70 | loss 0.8798 | bpb  1.27 | ppl     2.41 | lr 2.77e-04
2025-05-30 17:22:46,328 | INFO | Gradient norm: 0.0104
2025-05-30 17:22:46,336 | INFO | Train batch  2600/10986 | ms/batch 201.70 | loss 0.8798 | bpb  1.27 | ppl     2.41 | lr 2.77e-04
2025-05-30 17:23:06,504 | INFO | Gradient norm: 0.0106
2025-05-30 17:23:06,512 | INFO | Train batch  2700/10986 | ms/batch 201.70 | loss 0.8798 | bpb  1.27 | ppl     2.41 | lr 2.77e-04
2025-05-30 17:23:26,676 | INFO | Gradient norm: 0.0098
2025-05-30 17:23:26,684 | INFO | Train batch  2800/10986 | ms/batch 201.70 | loss 0.8798 | bpb  1.27 | ppl     2.41 | lr 2.77e-04
2025-05-30 17:23:46,875 | INFO | Gradient norm: 0.0097
2025-05-30 17:23:46,883 | INFO | Train batch  2900/10986 | ms/batch 201.71 | loss 0.8798 | bpb  1.27 | ppl     2.41 | lr 2.77e-04
2025-05-30 17:24:07,051 | INFO | Gradient norm: 0.0120
2025-05-30 17:24:07,059 | INFO | Train batch  3000/10986 | ms/batch 201.71 | loss 0.8798 | bpb  1.27 | ppl     2.41 | lr 2.77e-04
2025-05-30 17:24:27,223 | INFO | Gradient norm: 0.0073
2025-05-30 17:24:27,231 | INFO | Train batch  3100/10986 | ms/batch 201.71 | loss 0.8797 | bpb  1.27 | ppl     2.41 | lr 2.77e-04
2025-05-30 17:24:47,404 | INFO | Gradient norm: 0.0074
2025-05-30 17:24:47,412 | INFO | Train batch  3200/10986 | ms/batch 201.72 | loss 0.8797 | bpb  1.27 | ppl     2.41 | lr 2.77e-04
2025-05-30 17:25:07,568 | INFO | Gradient norm: 0.0094
2025-05-30 17:25:07,576 | INFO | Train batch  3300/10986 | ms/batch 201.71 | loss 0.8797 | bpb  1.27 | ppl     2.41 | lr 2.77e-04
2025-05-30 17:25:27,724 | INFO | Gradient norm: 0.0196
2025-05-30 17:25:27,732 | INFO | Train batch  3400/10986 | ms/batch 201.71 | loss 0.8797 | bpb  1.27 | ppl     2.41 | lr 2.77e-04
2025-05-30 17:25:47,915 | INFO | Gradient norm: 0.0103
2025-05-30 17:25:47,923 | INFO | Train batch  3500/10986 | ms/batch 201.72 | loss 0.8797 | bpb  1.27 | ppl     2.41 | lr 2.77e-04
2025-05-30 17:26:08,071 | INFO | Gradient norm: 0.0127
2025-05-30 17:26:08,078 | INFO | Train batch  3600/10986 | ms/batch 201.71 | loss 0.8797 | bpb  1.27 | ppl     2.41 | lr 2.77e-04
2025-05-30 17:26:28,232 | INFO | Gradient norm: 0.0207
2025-05-30 17:26:28,240 | INFO | Train batch  3700/10986 | ms/batch 201.71 | loss 0.8797 | bpb  1.27 | ppl     2.41 | lr 2.76e-04
2025-05-30 17:26:48,425 | INFO | Gradient norm: 0.0090
2025-05-30 17:26:48,433 | INFO | Train batch  3800/10986 | ms/batch 201.71 | loss 0.8797 | bpb  1.27 | ppl     2.41 | lr 2.76e-04
2025-05-30 17:27:08,578 | INFO | Gradient norm: 0.0064
2025-05-30 17:27:08,586 | INFO | Train batch  3900/10986 | ms/batch 201.71 | loss 0.8797 | bpb  1.27 | ppl     2.41 | lr 2.76e-04
2025-05-30 17:27:28,735 | INFO | Gradient norm: 0.0305
2025-05-30 17:27:28,743 | INFO | Train batch  4000/10986 | ms/batch 201.71 | loss 0.8797 | bpb  1.27 | ppl     2.41 | lr 2.76e-04
2025-05-30 17:27:48,941 | INFO | Gradient norm: 0.0109
2025-05-30 17:27:48,949 | INFO | Train batch  4100/10986 | ms/batch 201.71 | loss 0.8797 | bpb  1.27 | ppl     2.41 | lr 2.76e-04
2025-05-30 17:28:09,106 | INFO | Gradient norm: 0.0124
2025-05-30 17:28:09,114 | INFO | Train batch  4200/10986 | ms/batch 201.71 | loss 0.8797 | bpb  1.27 | ppl     2.41 | lr 2.76e-04
2025-05-30 17:28:29,292 | INFO | Gradient norm: 0.0088
2025-05-30 17:28:29,300 | INFO | Train batch  4300/10986 | ms/batch 201.72 | loss 0.8797 | bpb  1.27 | ppl     2.41 | lr 2.76e-04
2025-05-30 17:28:49,432 | INFO | Gradient norm: 0.0146
2025-05-30 17:28:49,440 | INFO | Train batch  4400/10986 | ms/batch 201.71 | loss 0.8797 | bpb  1.27 | ppl     2.41 | lr 2.76e-04
2025-05-30 17:29:09,581 | INFO | Gradient norm: 0.0079
2025-05-30 17:29:09,589 | INFO | Train batch  4500/10986 | ms/batch 201.70 | loss 0.8797 | bpb  1.27 | ppl     2.41 | lr 2.76e-04
2025-05-30 17:29:29,761 | INFO | Gradient norm: 0.0235
2025-05-30 17:29:29,769 | INFO | Train batch  4600/10986 | ms/batch 201.71 | loss 0.8797 | bpb  1.27 | ppl     2.41 | lr 2.76e-04
2025-05-30 17:29:49,940 | INFO | Gradient norm: 0.0082
2025-05-30 17:29:49,948 | INFO | Train batch  4700/10986 | ms/batch 201.71 | loss 0.8797 | bpb  1.27 | ppl     2.41 | lr 2.76e-04
2025-05-30 17:30:10,065 | INFO | Gradient norm: 0.0084
2025-05-30 17:30:10,073 | INFO | Train batch  4800/10986 | ms/batch 201.70 | loss 0.8797 | bpb  1.27 | ppl     2.41 | lr 2.76e-04
2025-05-30 17:30:30,191 | INFO | Gradient norm: 0.0088
2025-05-30 17:30:30,199 | INFO | Train batch  4900/10986 | ms/batch 201.69 | loss 0.8797 | bpb  1.27 | ppl     2.41 | lr 2.76e-04
2025-05-30 17:30:50,341 | INFO | Gradient norm: 0.0422
2025-05-30 17:30:50,349 | INFO | Train batch  5000/10986 | ms/batch 201.69 | loss 0.8797 | bpb  1.27 | ppl     2.41 | lr 2.76e-04
2025-05-30 17:31:10,472 | INFO | Gradient norm: 0.0219
2025-05-30 17:31:10,480 | INFO | Train batch  5100/10986 | ms/batch 201.68 | loss 0.8797 | bpb  1.27 | ppl     2.41 | lr 2.76e-04
2025-05-30 17:31:30,623 | INFO | Gradient norm: 0.0101
2025-05-30 17:31:30,631 | INFO | Train batch  5200/10986 | ms/batch 201.68 | loss 0.8797 | bpb  1.27 | ppl     2.41 | lr 2.76e-04
2025-05-30 17:31:50,829 | INFO | Gradient norm: 0.0081
2025-05-30 17:31:50,837 | INFO | Train batch  5300/10986 | ms/batch 201.68 | loss 0.8797 | bpb  1.27 | ppl     2.41 | lr 2.76e-04
2025-05-30 17:32:10,959 | INFO | Gradient norm: 0.0074
2025-05-30 17:32:10,967 | INFO | Train batch  5400/10986 | ms/batch 201.68 | loss 0.8797 | bpb  1.27 | ppl     2.41 | lr 2.76e-04
2025-05-30 17:32:31,097 | INFO | Gradient norm: 0.0095
2025-05-30 17:32:31,105 | INFO | Train batch  5500/10986 | ms/batch 201.67 | loss 0.8797 | bpb  1.27 | ppl     2.41 | lr 2.76e-04
2025-05-30 17:32:51,245 | INFO | Gradient norm: 0.0088
2025-05-30 17:32:51,253 | INFO | Train batch  5600/10986 | ms/batch 201.67 | loss 0.8797 | bpb  1.27 | ppl     2.41 | lr 2.76e-04
2025-05-30 17:33:11,412 | INFO | Gradient norm: 0.0135
2025-05-30 17:33:11,420 | INFO | Train batch  5700/10986 | ms/batch 201.67 | loss 0.8797 | bpb  1.27 | ppl     2.41 | lr 2.76e-04
2025-05-30 17:33:31,599 | INFO | Gradient norm: 0.0815
2025-05-30 17:33:31,606 | INFO | Train batch  5800/10986 | ms/batch 201.67 | loss 0.8797 | bpb  1.27 | ppl     2.41 | lr 2.76e-04
2025-05-30 17:33:51,801 | INFO | Gradient norm: 0.0075
2025-05-30 17:33:51,809 | INFO | Train batch  5900/10986 | ms/batch 201.68 | loss 0.8797 | bpb  1.27 | ppl     2.41 | lr 2.75e-04
2025-05-30 17:34:11,926 | INFO | Gradient norm: 0.0075
2025-05-30 17:34:11,934 | INFO | Train batch  6000/10986 | ms/batch 201.67 | loss 0.8797 | bpb  1.27 | ppl     2.41 | lr 2.75e-04
2025-05-30 17:34:32,055 | INFO | Gradient norm: 0.0108
2025-05-30 17:34:32,062 | INFO | Train batch  6100/10986 | ms/batch 201.66 | loss 0.8797 | bpb  1.27 | ppl     2.41 | lr 2.75e-04
2025-05-30 17:34:52,166 | INFO | Gradient norm: 0.0218
2025-05-30 17:34:52,174 | INFO | Train batch  6200/10986 | ms/batch 201.65 | loss 0.8797 | bpb  1.27 | ppl     2.41 | lr 2.75e-04
2025-05-30 17:35:12,311 | INFO | Gradient norm: 0.0277
2025-05-30 17:35:12,319 | INFO | Train batch  6300/10986 | ms/batch 201.65 | loss 0.8797 | bpb  1.27 | ppl     2.41 | lr 2.75e-04
2025-05-30 17:35:32,449 | INFO | Gradient norm: 0.0169
2025-05-30 17:35:32,457 | INFO | Train batch  6400/10986 | ms/batch 201.65 | loss 0.8797 | bpb  1.27 | ppl     2.41 | lr 2.75e-04
2025-05-30 17:35:52,586 | INFO | Gradient norm: 0.0301
2025-05-30 17:35:52,594 | INFO | Train batch  6500/10986 | ms/batch 201.64 | loss 0.8797 | bpb  1.27 | ppl     2.41 | lr 2.75e-04
2025-05-30 17:36:12,747 | INFO | Gradient norm: 0.0311
2025-05-30 17:36:12,755 | INFO | Train batch  6600/10986 | ms/batch 201.64 | loss 0.8797 | bpb  1.27 | ppl     2.41 | lr 2.75e-04
2025-05-30 17:36:32,894 | INFO | Gradient norm: 0.0097
2025-05-30 17:36:32,902 | INFO | Train batch  6700/10986 | ms/batch 201.64 | loss 0.8797 | bpb  1.27 | ppl     2.41 | lr 2.75e-04
2025-05-30 17:36:53,068 | INFO | Gradient norm: 0.0087
2025-05-30 17:36:53,076 | INFO | Train batch  6800/10986 | ms/batch 201.64 | loss 0.8797 | bpb  1.27 | ppl     2.41 | lr 2.75e-04
2025-05-30 17:37:13,241 | INFO | Gradient norm: 0.0125
2025-05-30 17:37:13,249 | INFO | Train batch  6900/10986 | ms/batch 201.64 | loss 0.8797 | bpb  1.27 | ppl     2.41 | lr 2.75e-04
2025-05-30 17:37:33,389 | INFO | Gradient norm: 0.0138
2025-05-30 17:37:33,397 | INFO | Train batch  7000/10986 | ms/batch 201.64 | loss 0.8797 | bpb  1.27 | ppl     2.41 | lr 2.75e-04
2025-05-30 17:37:53,527 | INFO | Gradient norm: 0.0105
2025-05-30 17:37:53,535 | INFO | Train batch  7100/10986 | ms/batch 201.64 | loss 0.8797 | bpb  1.27 | ppl     2.41 | lr 2.75e-04
2025-05-30 17:38:13,648 | INFO | Gradient norm: 0.0095
2025-05-30 17:38:13,656 | INFO | Train batch  7200/10986 | ms/batch 201.63 | loss 0.8797 | bpb  1.27 | ppl     2.41 | lr 2.75e-04
2025-05-30 17:38:33,779 | INFO | Gradient norm: 0.0107
2025-05-30 17:38:33,787 | INFO | Train batch  7300/10986 | ms/batch 201.63 | loss 0.8797 | bpb  1.27 | ppl     2.41 | lr 2.75e-04
2025-05-30 17:38:53,927 | INFO | Gradient norm: 0.0199
2025-05-30 17:38:53,934 | INFO | Train batch  7400/10986 | ms/batch 201.62 | loss 0.8797 | bpb  1.27 | ppl     2.41 | lr 2.75e-04
2025-05-30 17:39:14,068 | INFO | Gradient norm: 0.0096
2025-05-30 17:39:14,076 | INFO | Train batch  7500/10986 | ms/batch 201.62 | loss 0.8797 | bpb  1.27 | ppl     2.41 | lr 2.75e-04
2025-05-30 17:39:34,262 | INFO | Gradient norm: 0.0092
2025-05-30 17:39:34,270 | INFO | Train batch  7600/10986 | ms/batch 201.63 | loss 0.8797 | bpb  1.27 | ppl     2.41 | lr 2.75e-04
2025-05-30 17:39:54,430 | INFO | Gradient norm: 0.0129
2025-05-30 17:39:54,438 | INFO | Train batch  7700/10986 | ms/batch 201.63 | loss 0.8797 | bpb  1.27 | ppl     2.41 | lr 2.75e-04
2025-05-30 17:40:14,619 | INFO | Gradient norm: 0.0097
2025-05-30 17:40:14,626 | INFO | Train batch  7800/10986 | ms/batch 201.63 | loss 0.8797 | bpb  1.27 | ppl     2.41 | lr 2.75e-04
2025-05-30 17:40:34,795 | INFO | Gradient norm: 0.0089
2025-05-30 17:40:34,803 | INFO | Train batch  7900/10986 | ms/batch 201.63 | loss 0.8797 | bpb  1.27 | ppl     2.41 | lr 2.75e-04
2025-05-30 17:40:54,950 | INFO | Gradient norm: 0.0109
2025-05-30 17:40:54,958 | INFO | Train batch  8000/10986 | ms/batch 201.63 | loss 0.8797 | bpb  1.27 | ppl     2.41 | lr 2.75e-04
2025-05-30 17:41:15,114 | INFO | Gradient norm: 0.0138
2025-05-30 17:41:15,122 | INFO | Train batch  8100/10986 | ms/batch 201.63 | loss 0.8797 | bpb  1.27 | ppl     2.41 | lr 2.74e-04
2025-05-30 17:41:35,285 | INFO | Gradient norm: 0.0138
2025-05-30 17:41:35,292 | INFO | Train batch  8200/10986 | ms/batch 201.63 | loss 0.8797 | bpb  1.27 | ppl     2.41 | lr 2.74e-04
2025-05-30 17:41:55,422 | INFO | Gradient norm: 0.0085
2025-05-30 17:41:55,430 | INFO | Train batch  8300/10986 | ms/batch 201.63 | loss 0.8797 | bpb  1.27 | ppl     2.41 | lr 2.74e-04
2025-05-30 17:42:15,590 | INFO | Gradient norm: 0.0112
2025-05-30 17:42:15,598 | INFO | Train batch  8400/10986 | ms/batch 201.63 | loss 0.8797 | bpb  1.27 | ppl     2.41 | lr 2.74e-04
2025-05-30 17:42:35,726 | INFO | Gradient norm: 0.0178
2025-05-30 17:42:35,733 | INFO | Train batch  8500/10986 | ms/batch 201.63 | loss 0.8797 | bpb  1.27 | ppl     2.41 | lr 2.74e-04
2025-05-30 17:42:55,895 | INFO | Gradient norm: 0.0136
2025-05-30 17:42:55,903 | INFO | Train batch  8600/10986 | ms/batch 201.63 | loss 0.8797 | bpb  1.27 | ppl     2.41 | lr 2.74e-04
2025-05-30 17:43:16,096 | INFO | Gradient norm: 0.0084
2025-05-30 17:43:16,104 | INFO | Train batch  8700/10986 | ms/batch 201.63 | loss 0.8797 | bpb  1.27 | ppl     2.41 | lr 2.74e-04
2025-05-30 17:43:36,296 | INFO | Gradient norm: 0.0401
2025-05-30 17:43:36,304 | INFO | Train batch  8800/10986 | ms/batch 201.63 | loss 0.8797 | bpb  1.27 | ppl     2.41 | lr 2.74e-04
2025-05-30 17:43:56,479 | INFO | Gradient norm: 0.0116
2025-05-30 17:43:56,486 | INFO | Train batch  8900/10986 | ms/batch 201.64 | loss 0.8797 | bpb  1.27 | ppl     2.41 | lr 2.74e-04
2025-05-30 17:44:16,659 | INFO | Gradient norm: 0.0098
2025-05-30 17:44:16,666 | INFO | Train batch  9000/10986 | ms/batch 201.64 | loss 0.8797 | bpb  1.27 | ppl     2.41 | lr 2.74e-04
2025-05-30 17:44:36,793 | INFO | Gradient norm: 0.0245
2025-05-30 17:44:36,800 | INFO | Train batch  9100/10986 | ms/batch 201.64 | loss 0.8797 | bpb  1.27 | ppl     2.41 | lr 2.74e-04
2025-05-30 17:44:56,953 | INFO | Gradient norm: 0.0256
2025-05-30 17:44:56,961 | INFO | Train batch  9200/10986 | ms/batch 201.64 | loss 0.8797 | bpb  1.27 | ppl     2.41 | lr 2.74e-04
2025-05-30 17:45:17,098 | INFO | Gradient norm: 0.0111
2025-05-30 17:45:17,106 | INFO | Train batch  9300/10986 | ms/batch 201.63 | loss 0.8797 | bpb  1.27 | ppl     2.41 | lr 2.74e-04
2025-05-30 17:45:37,238 | INFO | Gradient norm: 0.0109
2025-05-30 17:45:37,246 | INFO | Train batch  9400/10986 | ms/batch 201.63 | loss 0.8797 | bpb  1.27 | ppl     2.41 | lr 2.74e-04
2025-05-30 17:45:57,439 | INFO | Gradient norm: 0.0100
2025-05-30 17:45:57,446 | INFO | Train batch  9500/10986 | ms/batch 201.63 | loss 0.8797 | bpb  1.27 | ppl     2.41 | lr 2.74e-04
2025-05-30 17:46:17,628 | INFO | Gradient norm: 0.0124
2025-05-30 17:46:17,636 | INFO | Train batch  9600/10986 | ms/batch 201.64 | loss 0.8797 | bpb  1.27 | ppl     2.41 | lr 2.74e-04
2025-05-30 17:46:37,809 | INFO | Gradient norm: 0.0105
2025-05-30 17:46:37,817 | INFO | Train batch  9700/10986 | ms/batch 201.64 | loss 0.8797 | bpb  1.27 | ppl     2.41 | lr 2.74e-04
2025-05-30 17:46:57,993 | INFO | Gradient norm: 0.0227
2025-05-30 17:46:58,001 | INFO | Train batch  9800/10986 | ms/batch 201.64 | loss 0.8797 | bpb  1.27 | ppl     2.41 | lr 2.74e-04
2025-05-30 17:47:18,211 | INFO | Gradient norm: 0.0081
2025-05-30 17:47:18,219 | INFO | Train batch  9900/10986 | ms/batch 201.65 | loss 0.8797 | bpb  1.27 | ppl     2.41 | lr 2.74e-04
2025-05-30 17:47:38,372 | INFO | Gradient norm: 0.0430
2025-05-30 17:47:38,380 | INFO | Train batch 10000/10986 | ms/batch 201.65 | loss 0.8797 | bpb  1.27 | ppl     2.41 | lr 2.74e-04
2025-05-30 17:47:58,502 | INFO | Gradient norm: 0.0356
2025-05-30 17:47:58,510 | INFO | Train batch 10100/10986 | ms/batch 201.64 | loss 0.8797 | bpb  1.27 | ppl     2.41 | lr 2.74e-04
2025-05-30 17:48:18,673 | INFO | Gradient norm: 0.0096
2025-05-30 17:48:18,681 | INFO | Train batch 10200/10986 | ms/batch 201.64 | loss 0.8797 | bpb  1.27 | ppl     2.41 | lr 2.73e-04
2025-05-30 17:48:38,815 | INFO | Gradient norm: 0.0177
2025-05-30 17:48:38,823 | INFO | Train batch 10300/10986 | ms/batch 201.64 | loss 0.8797 | bpb  1.27 | ppl     2.41 | lr 2.73e-04
2025-05-30 17:48:58,969 | INFO | Gradient norm: 0.0097
2025-05-30 17:48:58,977 | INFO | Train batch 10400/10986 | ms/batch 201.64 | loss 0.8797 | bpb  1.27 | ppl     2.41 | lr 2.73e-04
2025-05-30 17:49:19,124 | INFO | Gradient norm: 0.0116
2025-05-30 17:49:19,132 | INFO | Train batch 10500/10986 | ms/batch 201.64 | loss 0.8797 | bpb  1.27 | ppl     2.41 | lr 2.73e-04
2025-05-30 17:49:39,287 | INFO | Gradient norm: 0.0091
2025-05-30 17:49:39,295 | INFO | Train batch 10600/10986 | ms/batch 201.64 | loss 0.8797 | bpb  1.27 | ppl     2.41 | lr 2.73e-04
2025-05-30 17:49:59,457 | INFO | Gradient norm: 0.0079
2025-05-30 17:49:59,465 | INFO | Train batch 10700/10986 | ms/batch 201.64 | loss 0.8797 | bpb  1.27 | ppl     2.41 | lr 2.73e-04
2025-05-30 17:50:19,625 | INFO | Gradient norm: 0.0078
2025-05-30 17:50:19,633 | INFO | Train batch 10800/10986 | ms/batch 201.64 | loss 0.8797 | bpb  1.27 | ppl     2.41 | lr 2.73e-04
2025-05-30 17:50:39,767 | INFO | Gradient norm: 0.0095
2025-05-30 17:50:39,775 | INFO | Train batch 10900/10986 | ms/batch 201.64 | loss 0.8797 | bpb  1.27 | ppl     2.41 | lr 2.73e-04
2025-05-30 17:52:13,427 | INFO | Epoch   9 | time: 2291.71s | train bpb  1.27 | valid bpb  1.27
2025-05-30 17:52:14,727 | INFO | Saved new best model with validation bpb:  1.27
2025-05-30 17:52:14,786 | INFO | Input shape: torch.Size([16, 511]), Target shape: torch.Size([16, 511])
2025-05-30 17:52:14,786 | INFO | Input range: [10, 226]
2025-05-30 17:52:14,786 | INFO | Target range: [10, 226]
2025-05-30 17:52:14,822 | INFO | Output shape: torch.Size([8176, 256]), Reshaped target shape: torch.Size([8176])
2025-05-30 17:52:14,824 | INFO | Output range: [-15.390625, 12.3515625]
2025-05-30 17:52:14,824 | INFO | Sample probabilities: max=0.9039281606674194, min=0.00027257882175035775
2025-05-30 17:52:14,824 | INFO | Raw loss value: 0.8793184757232666
2025-05-30 17:52:14,825 | INFO | Batch 0 loss stats - Mean: 0.0177, Std: 1.7539
2025-05-30 17:52:14,972 | INFO | Gradient norm: 0.0102
2025-05-30 17:52:14,980 | INFO | Train batch     0/10986 | ms/batch 194.61 | loss 0.8793 | bpb  1.27 | ppl     2.41 | lr 2.73e-04
2025-05-30 17:52:35,098 | INFO | Gradient norm: 0.0203
2025-05-30 17:52:35,106 | INFO | Train batch   100/10986 | ms/batch 201.19 | loss 0.8810 | bpb  1.27 | ppl     2.41 | lr 2.73e-04
2025-05-30 17:52:55,292 | INFO | Gradient norm: 0.0350
2025-05-30 17:52:55,300 | INFO | Train batch   200/10986 | ms/batch 201.57 | loss 0.8805 | bpb  1.27 | ppl     2.41 | lr 2.73e-04
2025-05-30 17:53:15,532 | INFO | Gradient norm: 0.0291
2025-05-30 17:53:15,540 | INFO | Train batch   300/10986 | ms/batch 201.84 | loss 0.8802 | bpb  1.27 | ppl     2.41 | lr 2.73e-04
2025-05-30 17:53:35,743 | INFO | Gradient norm: 0.0100
2025-05-30 17:53:35,751 | INFO | Train batch   400/10986 | ms/batch 201.91 | loss 0.8800 | bpb  1.27 | ppl     2.41 | lr 2.73e-04
2025-05-30 17:53:55,944 | INFO | Gradient norm: 0.0093
2025-05-30 17:53:55,952 | INFO | Train batch   500/10986 | ms/batch 201.93 | loss 0.8799 | bpb  1.27 | ppl     2.41 | lr 2.73e-04
2025-05-30 17:54:16,190 | INFO | Gradient norm: 0.0112
2025-05-30 17:54:16,198 | INFO | Train batch   600/10986 | ms/batch 202.02 | loss 0.8799 | bpb  1.27 | ppl     2.41 | lr 2.73e-04
2025-05-30 17:54:36,420 | INFO | Gradient norm: 0.0159
2025-05-30 17:54:36,428 | INFO | Train batch   700/10986 | ms/batch 202.06 | loss 0.8798 | bpb  1.27 | ppl     2.41 | lr 2.73e-04
2025-05-30 17:54:56,621 | INFO | Gradient norm: 0.0064
2025-05-30 17:54:56,629 | INFO | Train batch   800/10986 | ms/batch 202.05 | loss 0.8798 | bpb  1.27 | ppl     2.41 | lr 2.73e-04
2025-05-30 17:55:16,882 | INFO | Gradient norm: 0.0084
2025-05-30 17:55:16,890 | INFO | Train batch   900/10986 | ms/batch 202.11 | loss 0.8798 | bpb  1.27 | ppl     2.41 | lr 2.73e-04
2025-05-30 17:55:37,058 | INFO | Gradient norm: 0.0390
2025-05-30 17:55:37,065 | INFO | Train batch  1000/10986 | ms/batch 202.08 | loss 0.8797 | bpb  1.27 | ppl     2.41 | lr 2.73e-04
2025-05-30 17:55:57,285 | INFO | Gradient norm: 0.0093
2025-05-30 17:55:57,293 | INFO | Train batch  1100/10986 | ms/batch 202.10 | loss 0.8797 | bpb  1.27 | ppl     2.41 | lr 2.73e-04
2025-05-30 17:56:17,521 | INFO | Gradient norm: 0.0091
2025-05-30 17:56:17,529 | INFO | Train batch  1200/10986 | ms/batch 202.12 | loss 0.8797 | bpb  1.27 | ppl     2.41 | lr 2.73e-04
2025-05-30 17:56:37,710 | INFO | Gradient norm: 0.0110
2025-05-30 17:56:37,717 | INFO | Train batch  1300/10986 | ms/batch 202.10 | loss 0.8797 | bpb  1.27 | ppl     2.41 | lr 2.72e-04
2025-05-30 17:56:57,907 | INFO | Gradient norm: 0.0129
2025-05-30 17:56:57,915 | INFO | Train batch  1400/10986 | ms/batch 202.09 | loss 0.8797 | bpb  1.27 | ppl     2.41 | lr 2.72e-04
2025-05-30 17:57:18,089 | INFO | Gradient norm: 0.0324
2025-05-30 17:57:18,097 | INFO | Train batch  1500/10986 | ms/batch 202.07 | loss 0.8797 | bpb  1.27 | ppl     2.41 | lr 2.72e-04
2025-05-30 17:57:38,287 | INFO | Gradient norm: 0.0222
2025-05-30 17:57:38,295 | INFO | Train batch  1600/10986 | ms/batch 202.07 | loss 0.8797 | bpb  1.27 | ppl     2.41 | lr 2.72e-04
2025-05-30 17:57:58,491 | INFO | Gradient norm: 0.0100
2025-05-30 17:57:58,499 | INFO | Train batch  1700/10986 | ms/batch 202.07 | loss 0.8797 | bpb  1.27 | ppl     2.41 | lr 2.72e-04
2025-05-30 17:58:18,671 | INFO | Gradient norm: 0.0093
2025-05-30 17:58:18,679 | INFO | Train batch  1800/10986 | ms/batch 202.05 | loss 0.8797 | bpb  1.27 | ppl     2.41 | lr 2.72e-04
2025-05-30 17:58:38,894 | INFO | Gradient norm: 0.0086
2025-05-30 17:58:38,902 | INFO | Train batch  1900/10986 | ms/batch 202.06 | loss 0.8797 | bpb  1.27 | ppl     2.41 | lr 2.72e-04
2025-05-30 17:58:59,057 | INFO | Gradient norm: 0.0099
2025-05-30 17:58:59,065 | INFO | Train batch  2000/10986 | ms/batch 202.04 | loss 0.8797 | bpb  1.27 | ppl     2.41 | lr 2.72e-04
2025-05-30 17:59:19,267 | INFO | Gradient norm: 0.0078
2025-05-30 17:59:19,275 | INFO | Train batch  2100/10986 | ms/batch 202.04 | loss 0.8797 | bpb  1.27 | ppl     2.41 | lr 2.72e-04
2025-05-30 17:59:39,479 | INFO | Gradient norm: 0.0088
2025-05-30 17:59:39,487 | INFO | Train batch  2200/10986 | ms/batch 202.05 | loss 0.8797 | bpb  1.27 | ppl     2.41 | lr 2.72e-04
2025-05-30 17:59:59,643 | INFO | Gradient norm: 0.0108
2025-05-30 17:59:59,650 | INFO | Train batch  2300/10986 | ms/batch 202.03 | loss 0.8797 | bpb  1.27 | ppl     2.41 | lr 2.72e-04
2025-05-30 18:00:19,836 | INFO | Gradient norm: 0.0078
2025-05-30 18:00:19,844 | INFO | Train batch  2400/10986 | ms/batch 202.02 | loss 0.8797 | bpb  1.27 | ppl     2.41 | lr 2.72e-04
2025-05-30 18:00:40,071 | INFO | Gradient norm: 0.0098
2025-05-30 18:00:40,079 | INFO | Train batch  2500/10986 | ms/batch 202.04 | loss 0.8797 | bpb  1.27 | ppl     2.41 | lr 2.72e-04
2025-05-30 18:01:00,229 | INFO | Gradient norm: 0.0243
2025-05-30 18:01:00,237 | INFO | Train batch  2600/10986 | ms/batch 202.02 | loss 0.8797 | bpb  1.27 | ppl     2.41 | lr 2.72e-04
2025-05-30 18:01:20,425 | INFO | Gradient norm: 0.0171
2025-05-30 18:01:20,433 | INFO | Train batch  2700/10986 | ms/batch 202.02 | loss 0.8797 | bpb  1.27 | ppl     2.41 | lr 2.72e-04
2025-05-30 18:01:40,597 | INFO | Gradient norm: 0.0089
2025-05-30 18:01:40,605 | INFO | Train batch  2800/10986 | ms/batch 202.01 | loss 0.8797 | bpb  1.27 | ppl     2.41 | lr 2.72e-04
2025-05-30 18:02:00,844 | INFO | Gradient norm: 0.0187
2025-05-30 18:02:00,851 | INFO | Train batch  2900/10986 | ms/batch 202.02 | loss 0.8797 | bpb  1.27 | ppl     2.41 | lr 2.72e-04
2025-05-30 18:02:21,029 | INFO | Gradient norm: 0.0089
2025-05-30 18:02:21,037 | INFO | Train batch  3000/10986 | ms/batch 202.02 | loss 0.8797 | bpb  1.27 | ppl     2.41 | lr 2.72e-04
2025-05-30 18:02:41,215 | INFO | Gradient norm: 0.0201
2025-05-30 18:02:41,222 | INFO | Train batch  3100/10986 | ms/batch 202.01 | loss 0.8797 | bpb  1.27 | ppl     2.41 | lr 2.72e-04
2025-05-30 18:03:01,382 | INFO | Gradient norm: 0.0333
2025-05-30 18:03:01,390 | INFO | Train batch  3200/10986 | ms/batch 202.00 | loss 0.8797 | bpb  1.27 | ppl     2.41 | lr 2.72e-04
2025-05-30 18:03:21,565 | INFO | Gradient norm: 0.0299
2025-05-30 18:03:21,573 | INFO | Train batch  3300/10986 | ms/batch 202.00 | loss 0.8797 | bpb  1.27 | ppl     2.41 | lr 2.71e-04
2025-05-30 18:03:41,750 | INFO | Gradient norm: 0.0110
2025-05-30 18:03:41,757 | INFO | Train batch  3400/10986 | ms/batch 201.99 | loss 0.8797 | bpb  1.27 | ppl     2.41 | lr 2.71e-04
2025-05-30 18:04:01,900 | INFO | Gradient norm: 0.0497
2025-05-30 18:04:01,908 | INFO | Train batch  3500/10986 | ms/batch 201.98 | loss 0.8797 | bpb  1.27 | ppl     2.41 | lr 2.71e-04
2025-05-30 18:04:22,112 | INFO | Gradient norm: 0.0160
2025-05-30 18:04:22,120 | INFO | Train batch  3600/10986 | ms/batch 201.98 | loss 0.8797 | bpb  1.27 | ppl     2.41 | lr 2.71e-04
2025-05-30 18:04:42,284 | INFO | Gradient norm: 0.0109
2025-05-30 18:04:42,292 | INFO | Train batch  3700/10986 | ms/batch 201.97 | loss 0.8797 | bpb  1.27 | ppl     2.41 | lr 2.71e-04
2025-05-30 18:05:02,491 | INFO | Gradient norm: 0.0105
2025-05-30 18:05:02,499 | INFO | Train batch  3800/10986 | ms/batch 201.98 | loss 0.8797 | bpb  1.27 | ppl     2.41 | lr 2.71e-04
2025-05-30 18:05:22,678 | INFO | Gradient norm: 0.0114
2025-05-30 18:05:22,685 | INFO | Train batch  3900/10986 | ms/batch 201.97 | loss 0.8797 | bpb  1.27 | ppl     2.41 | lr 2.71e-04
2025-05-30 18:05:42,849 | INFO | Gradient norm: 0.0079
2025-05-30 18:05:42,857 | INFO | Train batch  4000/10986 | ms/batch 201.97 | loss 0.8797 | bpb  1.27 | ppl     2.41 | lr 2.71e-04
2025-05-30 18:06:03,034 | INFO | Gradient norm: 0.0113
2025-05-30 18:06:03,042 | INFO | Train batch  4100/10986 | ms/batch 201.96 | loss 0.8797 | bpb  1.27 | ppl     2.41 | lr 2.71e-04
2025-05-30 18:06:23,155 | INFO | Gradient norm: 0.0125
2025-05-30 18:06:23,163 | INFO | Train batch  4200/10986 | ms/batch 201.95 | loss 0.8797 | bpb  1.27 | ppl     2.41 | lr 2.71e-04
2025-05-30 18:06:43,324 | INFO | Gradient norm: 0.0125
2025-05-30 18:06:43,332 | INFO | Train batch  4300/10986 | ms/batch 201.94 | loss 0.8797 | bpb  1.27 | ppl     2.41 | lr 2.71e-04
2025-05-30 18:07:03,569 | INFO | Gradient norm: 0.0152
2025-05-30 18:07:03,577 | INFO | Train batch  4400/10986 | ms/batch 201.95 | loss 0.8797 | bpb  1.27 | ppl     2.41 | lr 2.71e-04
2025-05-30 18:07:23,782 | INFO | Gradient norm: 0.0108
2025-05-30 18:07:23,789 | INFO | Train batch  4500/10986 | ms/batch 201.96 | loss 0.8797 | bpb  1.27 | ppl     2.41 | lr 2.71e-04
2025-05-30 18:07:43,957 | INFO | Gradient norm: 0.0130
2025-05-30 18:07:43,965 | INFO | Train batch  4600/10986 | ms/batch 201.95 | loss 0.8797 | bpb  1.27 | ppl     2.41 | lr 2.71e-04
2025-05-30 18:08:04,127 | INFO | Gradient norm: 0.0634
2025-05-30 18:08:04,135 | INFO | Train batch  4700/10986 | ms/batch 201.95 | loss 0.8797 | bpb  1.27 | ppl     2.41 | lr 2.71e-04
2025-05-30 18:08:24,291 | INFO | Gradient norm: 0.0085
2025-05-30 18:08:24,299 | INFO | Train batch  4800/10986 | ms/batch 201.94 | loss 0.8797 | bpb  1.27 | ppl     2.41 | lr 2.71e-04
2025-05-30 18:08:44,481 | INFO | Gradient norm: 0.0085
2025-05-30 18:08:44,489 | INFO | Train batch  4900/10986 | ms/batch 201.94 | loss 0.8797 | bpb  1.27 | ppl     2.41 | lr 2.71e-04
2025-05-30 18:09:04,664 | INFO | Gradient norm: 0.0085
2025-05-30 18:09:04,671 | INFO | Train batch  5000/10986 | ms/batch 201.94 | loss 0.8797 | bpb  1.27 | ppl     2.41 | lr 2.71e-04
2025-05-30 18:09:24,855 | INFO | Gradient norm: 0.0101
2025-05-30 18:09:24,863 | INFO | Train batch  5100/10986 | ms/batch 201.94 | loss 0.8797 | bpb  1.27 | ppl     2.41 | lr 2.71e-04
2025-05-30 18:09:45,052 | INFO | Gradient norm: 0.0179
2025-05-30 18:09:45,060 | INFO | Train batch  5200/10986 | ms/batch 201.94 | loss 0.8796 | bpb  1.27 | ppl     2.41 | lr 2.71e-04
2025-05-30 18:10:05,225 | INFO | Gradient norm: 0.0086
2025-05-30 18:10:05,233 | INFO | Train batch  5300/10986 | ms/batch 201.93 | loss 0.8796 | bpb  1.27 | ppl     2.41 | lr 2.70e-04
2025-05-30 18:10:25,417 | INFO | Gradient norm: 0.0068
2025-05-30 18:10:25,425 | INFO | Train batch  5400/10986 | ms/batch 201.93 | loss 0.8796 | bpb  1.27 | ppl     2.41 | lr 2.70e-04
2025-05-30 18:10:45,595 | INFO | Gradient norm: 0.0099
2025-05-30 18:10:45,603 | INFO | Train batch  5500/10986 | ms/batch 201.93 | loss 0.8796 | bpb  1.27 | ppl     2.41 | lr 2.70e-04
2025-05-30 18:11:05,780 | INFO | Gradient norm: 0.0102
2025-05-30 18:11:05,788 | INFO | Train batch  5600/10986 | ms/batch 201.93 | loss 0.8796 | bpb  1.27 | ppl     2.41 | lr 2.70e-04
2025-05-30 18:11:25,943 | INFO | Gradient norm: 0.0119
2025-05-30 18:11:25,951 | INFO | Train batch  5700/10986 | ms/batch 201.92 | loss 0.8796 | bpb  1.27 | ppl     2.41 | lr 2.70e-04
2025-05-30 18:11:46,103 | INFO | Gradient norm: 0.0076
2025-05-30 18:11:46,111 | INFO | Train batch  5800/10986 | ms/batch 201.92 | loss 0.8796 | bpb  1.27 | ppl     2.41 | lr 2.70e-04
2025-05-30 18:12:06,266 | INFO | Gradient norm: 0.0111
2025-05-30 18:12:06,274 | INFO | Train batch  5900/10986 | ms/batch 201.91 | loss 0.8796 | bpb  1.27 | ppl     2.41 | lr 2.70e-04
2025-05-30 18:12:26,459 | INFO | Gradient norm: 0.0121
2025-05-30 18:12:26,467 | INFO | Train batch  6000/10986 | ms/batch 201.91 | loss 0.8796 | bpb  1.27 | ppl     2.41 | lr 2.70e-04
2025-05-30 18:12:46,611 | INFO | Gradient norm: 0.0087
2025-05-30 18:12:46,619 | INFO | Train batch  6100/10986 | ms/batch 201.91 | loss 0.8796 | bpb  1.27 | ppl     2.41 | lr 2.70e-04
slurmstepd-node070: error: *** JOB 28194 ON node070 CANCELLED AT 2025-05-30T18:12:46 ***
