Using device: cuda
GPU: NVIDIA GeForce RTX 2080 Ti
Total GPU memory: 10.6 GB
Available GPU memory: 10.4 GB

Starting training...
-----------------------------------------------------------------------------------------
| epoch   1 |     0/21973 batches | ms/batch 916.92 | loss  3.61 | bpb  5.21 | lr 1.25e-08 | updates 1

GPU Memory: Allocated=0.17GB, Reserved=2.25GB, Peak=2.25GB
| epoch   1 |    50/21973 batches | ms/batch 104.07 | loss  3.60 | bpb  5.19 | lr 3.25e-07 | updates 51

GPU Memory: Allocated=0.17GB, Reserved=2.33GB, Peak=2.33GB
| epoch   1 |   100/21973 batches | ms/batch 94.96 | loss  3.56 | bpb  5.14 | lr 6.38e-07 | updates 101

GPU Memory: Allocated=0.17GB, Reserved=2.33GB, Peak=2.33GB
| epoch   1 |   150/21973 batches | ms/batch 91.90 | loss  3.50 | bpb  5.06 | lr 9.50e-07 | updates 151

GPU Memory: Allocated=0.17GB, Reserved=2.33GB, Peak=2.33GB
| epoch   1 |   200/21973 batches | ms/batch 90.37 | loss  3.43 | bpb  4.95 | lr 1.26e-06 | updates 201

GPU Memory: Allocated=0.17GB, Reserved=2.33GB, Peak=2.33GB
| epoch   1 |   250/21973 batches | ms/batch 89.45 | loss  3.34 | bpb  4.82 | lr 1.58e-06 | updates 251

GPU Memory: Allocated=0.17GB, Reserved=2.33GB, Peak=2.33GB
| epoch   1 |   300/21973 batches | ms/batch 88.86 | loss  3.24 | bpb  4.68 | lr 1.89e-06 | updates 301

GPU Memory: Allocated=0.17GB, Reserved=2.33GB, Peak=2.33GB
| epoch   1 |   350/21973 batches | ms/batch 88.44 | loss  3.14 | bpb  4.53 | lr 2.20e-06 | updates 351

GPU Memory: Allocated=0.17GB, Reserved=2.33GB, Peak=2.33GB
| epoch   1 |   400/21973 batches | ms/batch 88.13 | loss  3.03 | bpb  4.38 | lr 2.51e-06 | updates 401

GPU Memory: Allocated=0.17GB, Reserved=2.33GB, Peak=2.33GB
| epoch   1 |   450/21973 batches | ms/batch 87.89 | loss  2.93 | bpb  4.23 | lr 2.83e-06 | updates 451

GPU Memory: Allocated=0.17GB, Reserved=2.33GB, Peak=2.33GB
| epoch   1 |   500/21973 batches | ms/batch 87.70 | loss  2.83 | bpb  4.08 | lr 3.14e-06 | updates 501

GPU Memory: Allocated=0.17GB, Reserved=2.33GB, Peak=2.33GB
| epoch   1 |   550/21973 batches | ms/batch 87.68 | loss  2.73 | bpb  3.94 | lr 3.45e-06 | updates 551

GPU Memory: Allocated=0.17GB, Reserved=2.33GB, Peak=2.33GB
| epoch   1 |   600/21973 batches | ms/batch 87.55 | loss  2.64 | bpb  3.80 | lr 3.76e-06 | updates 601

GPU Memory: Allocated=0.17GB, Reserved=2.33GB, Peak=2.33GB
| epoch   1 |   650/21973 batches | ms/batch 87.44 | loss  2.55 | bpb  3.68 | lr 4.07e-06 | updates 651

GPU Memory: Allocated=0.17GB, Reserved=2.33GB, Peak=2.33GB
| epoch   1 |   700/21973 batches | ms/batch 87.34 | loss  2.47 | bpb  3.57 | lr 4.39e-06 | updates 701

GPU Memory: Allocated=0.17GB, Reserved=2.33GB, Peak=2.33GB
| epoch   1 |   750/21973 batches | ms/batch 87.26 | loss  2.40 | bpb  3.46 | lr 4.70e-06 | updates 751

GPU Memory: Allocated=0.17GB, Reserved=2.33GB, Peak=2.33GB
| epoch   1 |   800/21973 batches | ms/batch 87.18 | loss  2.34 | bpb  3.37 | lr 5.01e-06 | updates 801

GPU Memory: Allocated=0.17GB, Reserved=2.33GB, Peak=2.33GB
| epoch   1 |   850/21973 batches | ms/batch 87.12 | loss  2.28 | bpb  3.28 | lr 5.32e-06 | updates 851

GPU Memory: Allocated=0.17GB, Reserved=2.33GB, Peak=2.33GB
| epoch   1 |   900/21973 batches | ms/batch 87.06 | loss  2.22 | bpb  3.20 | lr 5.64e-06 | updates 901

GPU Memory: Allocated=0.17GB, Reserved=2.33GB, Peak=2.33GB
| epoch   1 |   950/21973 batches | ms/batch 87.01 | loss  2.17 | bpb  3.13 | lr 5.95e-06 | updates 951

GPU Memory: Allocated=0.17GB, Reserved=2.33GB, Peak=2.33GB
| epoch   1 |  1000/21973 batches | ms/batch 86.97 | loss  2.13 | bpb  3.07 | lr 6.26e-06 | updates 1001

GPU Memory: Allocated=0.17GB, Reserved=2.33GB, Peak=2.33GB
| epoch   1 |  1050/21973 batches | ms/batch 87.00 | loss  2.08 | bpb  3.01 | lr 6.58e-06 | updates 1051

GPU Memory: Allocated=0.17GB, Reserved=2.33GB, Peak=2.33GB
| epoch   1 |  1100/21973 batches | ms/batch 86.96 | loss  2.05 | bpb  2.95 | lr 6.89e-06 | updates 1101

GPU Memory: Allocated=0.17GB, Reserved=2.33GB, Peak=2.33GB
| epoch   1 |  1150/21973 batches | ms/batch 86.93 | loss  2.01 | bpb  2.90 | lr 7.20e-06 | updates 1151

GPU Memory: Allocated=0.17GB, Reserved=2.33GB, Peak=2.33GB
| epoch   1 |  1200/21973 batches | ms/batch 86.89 | loss  1.98 | bpb  2.85 | lr 7.51e-06 | updates 1201

GPU Memory: Allocated=0.17GB, Reserved=2.33GB, Peak=2.33GB
| epoch   1 |  1250/21973 batches | ms/batch 86.86 | loss  1.95 | bpb  2.81 | lr 7.83e-06 | updates 1251

GPU Memory: Allocated=0.17GB, Reserved=2.33GB, Peak=2.33GB
| epoch   1 |  1300/21973 batches | ms/batch 86.83 | loss  1.92 | bpb  2.77 | lr 8.14e-06 | updates 1301

GPU Memory: Allocated=0.17GB, Reserved=2.33GB, Peak=2.33GB
| epoch   1 |  1350/21973 batches | ms/batch 86.80 | loss  1.89 | bpb  2.73 | lr 8.45e-06 | updates 1351

GPU Memory: Allocated=0.17GB, Reserved=2.33GB, Peak=2.33GB
| epoch   1 |  1400/21973 batches | ms/batch 86.78 | loss  1.87 | bpb  2.70 | lr 8.76e-06 | updates 1401

GPU Memory: Allocated=0.17GB, Reserved=2.33GB, Peak=2.33GB
| epoch   1 |  1450/21973 batches | ms/batch 86.75 | loss  1.85 | bpb  2.66 | lr 9.08e-06 | updates 1451

GPU Memory: Allocated=0.17GB, Reserved=2.33GB, Peak=2.33GB
| epoch   1 |  1500/21973 batches | ms/batch 86.73 | loss  1.82 | bpb  2.63 | lr 9.39e-06 | updates 1501

GPU Memory: Allocated=0.17GB, Reserved=2.33GB, Peak=2.33GB
| epoch   1 |  1550/21973 batches | ms/batch 86.76 | loss  1.80 | bpb  2.60 | lr 9.70e-06 | updates 1551

GPU Memory: Allocated=0.17GB, Reserved=2.33GB, Peak=2.33GB
| epoch   1 |  1600/21973 batches | ms/batch 86.74 | loss  1.78 | bpb  2.57 | lr 1.00e-05 | updates 1601

GPU Memory: Allocated=0.17GB, Reserved=2.33GB, Peak=2.33GB
| epoch   1 |  1650/21973 batches | ms/batch 86.73 | loss  1.77 | bpb  2.55 | lr 1.03e-05 | updates 1651

GPU Memory: Allocated=0.17GB, Reserved=2.33GB, Peak=2.33GB
| epoch   1 |  1700/21973 batches | ms/batch 86.71 | loss  1.75 | bpb  2.52 | lr 1.06e-05 | updates 1701

GPU Memory: Allocated=0.17GB, Reserved=2.33GB, Peak=2.33GB
| epoch   1 |  1750/21973 batches | ms/batch 86.70 | loss  1.73 | bpb  2.50 | lr 1.10e-05 | updates 1751

GPU Memory: Allocated=0.17GB, Reserved=2.33GB, Peak=2.33GB
| epoch   1 |  1800/21973 batches | ms/batch 86.68 | loss  1.72 | bpb  2.48 | lr 1.13e-05 | updates 1801

GPU Memory: Allocated=0.17GB, Reserved=2.33GB, Peak=2.33GB
| epoch   1 |  1850/21973 batches | ms/batch 86.67 | loss  1.70 | bpb  2.46 | lr 1.16e-05 | updates 1851

GPU Memory: Allocated=0.17GB, Reserved=2.33GB, Peak=2.33GB
| epoch   1 |  1900/21973 batches | ms/batch 86.66 | loss  1.69 | bpb  2.44 | lr 1.19e-05 | updates 1901

GPU Memory: Allocated=0.17GB, Reserved=2.33GB, Peak=2.33GB
| epoch   1 |  1950/21973 batches | ms/batch 86.64 | loss  1.68 | bpb  2.42 | lr 1.22e-05 | updates 1951

GPU Memory: Allocated=0.17GB, Reserved=2.33GB, Peak=2.33GB
| epoch   1 |  2000/21973 batches | ms/batch 86.63 | loss  1.67 | bpb  2.40 | lr 1.25e-05 | updates 2001

GPU Memory: Allocated=0.17GB, Reserved=2.33GB, Peak=2.33GB
| epoch   1 |  2050/21973 batches | ms/batch 86.65 | loss  1.65 | bpb  2.39 | lr 1.28e-05 | updates 2051

GPU Memory: Allocated=0.17GB, Reserved=2.33GB, Peak=2.33GB
| epoch   1 |  2100/21973 batches | ms/batch 86.64 | loss  1.64 | bpb  2.37 | lr 1.31e-05 | updates 2101

GPU Memory: Allocated=0.17GB, Reserved=2.33GB, Peak=2.33GB
| epoch   1 |  2150/21973 batches | ms/batch 86.63 | loss  1.63 | bpb  2.36 | lr 1.35e-05 | updates 2151

GPU Memory: Allocated=0.17GB, Reserved=2.33GB, Peak=2.33GB
| epoch   1 |  2200/21973 batches | ms/batch 86.62 | loss  1.62 | bpb  2.34 | lr 1.38e-05 | updates 2201

GPU Memory: Allocated=0.17GB, Reserved=2.33GB, Peak=2.33GB
| epoch   1 |  2250/21973 batches | ms/batch 86.61 | loss  1.61 | bpb  2.33 | lr 1.41e-05 | updates 2251

GPU Memory: Allocated=0.17GB, Reserved=2.33GB, Peak=2.33GB
| epoch   1 |  2300/21973 batches | ms/batch 86.60 | loss  1.60 | bpb  2.31 | lr 1.44e-05 | updates 2301

GPU Memory: Allocated=0.17GB, Reserved=2.33GB, Peak=2.33GB
| epoch   1 |  2350/21973 batches | ms/batch 86.59 | loss  1.60 | bpb  2.30 | lr 1.47e-05 | updates 2351

GPU Memory: Allocated=0.17GB, Reserved=2.33GB, Peak=2.33GB
| epoch   1 |  2400/21973 batches | ms/batch 86.58 | loss  1.59 | bpb  2.29 | lr 1.50e-05 | updates 2401

GPU Memory: Allocated=0.17GB, Reserved=2.33GB, Peak=2.33GB
| epoch   1 |  2450/21973 batches | ms/batch 86.57 | loss  1.58 | bpb  2.28 | lr 1.53e-05 | updates 2451

GPU Memory: Allocated=0.17GB, Reserved=2.33GB, Peak=2.33GB
| epoch   1 |  2500/21973 batches | ms/batch 86.57 | loss  1.57 | bpb  2.27 | lr 1.56e-05 | updates 2501

GPU Memory: Allocated=0.17GB, Reserved=2.33GB, Peak=2.33GB
| epoch   1 |  2550/21973 batches | ms/batch 86.59 | loss  1.56 | bpb  2.26 | lr 1.60e-05 | updates 2551

GPU Memory: Allocated=0.17GB, Reserved=2.33GB, Peak=2.33GB
| epoch   1 |  2600/21973 batches | ms/batch 86.59 | loss  1.56 | bpb  2.25 | lr 1.63e-05 | updates 2601

GPU Memory: Allocated=0.17GB, Reserved=2.33GB, Peak=2.33GB
| epoch   1 |  2650/21973 batches | ms/batch 86.59 | loss  1.55 | bpb  2.24 | lr 1.66e-05 | updates 2651

GPU Memory: Allocated=0.17GB, Reserved=2.33GB, Peak=2.33GB
| epoch   1 |  2700/21973 batches | ms/batch 86.59 | loss  1.54 | bpb  2.23 | lr 1.69e-05 | updates 2701

GPU Memory: Allocated=0.17GB, Reserved=2.33GB, Peak=2.33GB
| epoch   1 |  2750/21973 batches | ms/batch 86.59 | loss  1.54 | bpb  2.22 | lr 1.72e-05 | updates 2751

GPU Memory: Allocated=0.17GB, Reserved=2.33GB, Peak=2.33GB
| epoch   1 |  2800/21973 batches | ms/batch 86.59 | loss  1.53 | bpb  2.21 | lr 1.75e-05 | updates 2801

GPU Memory: Allocated=0.17GB, Reserved=2.33GB, Peak=2.33GB
| epoch   1 |  2850/21973 batches | ms/batch 86.59 | loss  1.52 | bpb  2.20 | lr 1.78e-05 | updates 2851

GPU Memory: Allocated=0.17GB, Reserved=2.33GB, Peak=2.33GB
| epoch   1 |  2900/21973 batches | ms/batch 86.59 | loss  1.52 | bpb  2.19 | lr 1.81e-05 | updates 2901

GPU Memory: Allocated=0.17GB, Reserved=2.33GB, Peak=2.33GB
| epoch   1 |  2950/21973 batches | ms/batch 86.59 | loss  1.51 | bpb  2.18 | lr 1.85e-05 | updates 2951

GPU Memory: Allocated=0.17GB, Reserved=2.33GB, Peak=2.33GB
| epoch   1 |  3000/21973 batches | ms/batch 86.59 | loss  1.51 | bpb  2.17 | lr 1.88e-05 | updates 3001

GPU Memory: Allocated=0.17GB, Reserved=2.33GB, Peak=2.33GB
| epoch   1 |  3050/21973 batches | ms/batch 86.61 | loss  1.50 | bpb  2.17 | lr 1.91e-05 | updates 3051

GPU Memory: Allocated=0.17GB, Reserved=2.33GB, Peak=2.33GB
| epoch   1 |  3100/21973 batches | ms/batch 86.61 | loss  1.50 | bpb  2.16 | lr 1.94e-05 | updates 3101

GPU Memory: Allocated=0.17GB, Reserved=2.33GB, Peak=2.33GB
| epoch   1 |  3150/21973 batches | ms/batch 86.61 | loss  1.49 | bpb  2.15 | lr 1.97e-05 | updates 3151

GPU Memory: Allocated=0.17GB, Reserved=2.33GB, Peak=2.33GB
| epoch   1 |  3200/21973 batches | ms/batch 86.61 | loss  1.49 | bpb  2.15 | lr 2.00e-05 | updates 3201

GPU Memory: Allocated=0.17GB, Reserved=2.33GB, Peak=2.33GB
| epoch   1 |  3250/21973 batches | ms/batch 86.61 | loss  1.48 | bpb  2.14 | lr 2.03e-05 | updates 3251

GPU Memory: Allocated=0.17GB, Reserved=2.33GB, Peak=2.33GB
| epoch   1 |  3300/21973 batches | ms/batch 86.61 | loss  1.48 | bpb  2.13 | lr 2.06e-05 | updates 3301

GPU Memory: Allocated=0.17GB, Reserved=2.33GB, Peak=2.33GB
| epoch   1 |  3350/21973 batches | ms/batch 86.61 | loss  1.47 | bpb  2.13 | lr 2.10e-05 | updates 3351

GPU Memory: Allocated=0.17GB, Reserved=2.33GB, Peak=2.33GB
| epoch   1 |  3400/21973 batches | ms/batch 86.61 | loss  1.47 | bpb  2.12 | lr 2.13e-05 | updates 3401

GPU Memory: Allocated=0.17GB, Reserved=2.33GB, Peak=2.33GB
| epoch   1 |  3450/21973 batches | ms/batch 86.61 | loss  1.47 | bpb  2.11 | lr 2.16e-05 | updates 3451

GPU Memory: Allocated=0.17GB, Reserved=2.33GB, Peak=2.33GB
| epoch   1 |  3500/21973 batches | ms/batch 86.60 | loss  1.46 | bpb  2.11 | lr 2.19e-05 | updates 3501

GPU Memory: Allocated=0.17GB, Reserved=2.33GB, Peak=2.33GB
| epoch   1 |  3550/21973 batches | ms/batch 86.62 | loss  1.46 | bpb  2.10 | lr 2.22e-05 | updates 3551

GPU Memory: Allocated=0.17GB, Reserved=2.33GB, Peak=2.33GB
| epoch   1 |  3600/21973 batches | ms/batch 86.62 | loss  1.45 | bpb  2.10 | lr 2.25e-05 | updates 3601

GPU Memory: Allocated=0.17GB, Reserved=2.33GB, Peak=2.33GB
| epoch   1 |  3650/21973 batches | ms/batch 86.62 | loss  1.45 | bpb  2.09 | lr 2.28e-05 | updates 3651

GPU Memory: Allocated=0.17GB, Reserved=2.33GB, Peak=2.33GB
| epoch   1 |  3700/21973 batches | ms/batch 86.62 | loss  1.45 | bpb  2.09 | lr 2.31e-05 | updates 3701

GPU Memory: Allocated=0.17GB, Reserved=2.33GB, Peak=2.33GB
| epoch   1 |  3750/21973 batches | ms/batch 86.62 | loss  1.44 | bpb  2.08 | lr 2.35e-05 | updates 3751

GPU Memory: Allocated=0.17GB, Reserved=2.33GB, Peak=2.33GB
| epoch   1 |  3800/21973 batches | ms/batch 86.62 | loss  1.44 | bpb  2.08 | lr 2.38e-05 | updates 3801

GPU Memory: Allocated=0.17GB, Reserved=2.33GB, Peak=2.33GB
| epoch   1 |  3850/21973 batches | ms/batch 86.61 | loss  1.44 | bpb  2.07 | lr 2.41e-05 | updates 3851

GPU Memory: Allocated=0.17GB, Reserved=2.33GB, Peak=2.33GB
| epoch   1 |  3900/21973 batches | ms/batch 86.61 | loss  1.43 | bpb  2.07 | lr 2.44e-05 | updates 3901

GPU Memory: Allocated=0.17GB, Reserved=2.33GB, Peak=2.33GB
| epoch   1 |  3950/21973 batches | ms/batch 86.61 | loss  1.43 | bpb  2.06 | lr 2.47e-05 | updates 3951

GPU Memory: Allocated=0.17GB, Reserved=2.33GB, Peak=2.33GB
| epoch   1 |  4000/21973 batches | ms/batch 86.61 | loss  1.43 | bpb  2.06 | lr 2.50e-05 | updates 4001

GPU Memory: Allocated=0.17GB, Reserved=2.33GB, Peak=2.33GB
| epoch   1 |  4050/21973 batches | ms/batch 86.62 | loss  1.42 | bpb  2.05 | lr 2.53e-05 | updates 4051

GPU Memory: Allocated=0.17GB, Reserved=2.33GB, Peak=2.33GB
| epoch   1 |  4100/21973 batches | ms/batch 86.62 | loss  1.42 | bpb  2.05 | lr 2.56e-05 | updates 4101

GPU Memory: Allocated=0.17GB, Reserved=2.33GB, Peak=2.33GB
| epoch   1 |  4150/21973 batches | ms/batch 86.61 | loss  1.42 | bpb  2.05 | lr 2.60e-05 | updates 4151

GPU Memory: Allocated=0.17GB, Reserved=2.33GB, Peak=2.33GB
| epoch   1 |  4200/21973 batches | ms/batch 86.61 | loss  1.41 | bpb  2.04 | lr 2.63e-05 | updates 4201

GPU Memory: Allocated=0.17GB, Reserved=2.33GB, Peak=2.33GB
| epoch   1 |  4250/21973 batches | ms/batch 86.61 | loss  1.41 | bpb  2.04 | lr 2.66e-05 | updates 4251

GPU Memory: Allocated=0.17GB, Reserved=2.33GB, Peak=2.33GB
| epoch   1 |  4300/21973 batches | ms/batch 86.61 | loss  1.41 | bpb  2.03 | lr 2.69e-05 | updates 4301

GPU Memory: Allocated=0.17GB, Reserved=2.33GB, Peak=2.33GB
| epoch   1 |  4350/21973 batches | ms/batch 86.60 | loss  1.41 | bpb  2.03 | lr 2.72e-05 | updates 4351

GPU Memory: Allocated=0.17GB, Reserved=2.33GB, Peak=2.33GB
| epoch   1 |  4400/21973 batches | ms/batch 86.60 | loss  1.40 | bpb  2.03 | lr 2.75e-05 | updates 4401

GPU Memory: Allocated=0.17GB, Reserved=2.33GB, Peak=2.33GB
| epoch   1 |  4450/21973 batches | ms/batch 86.60 | loss  1.40 | bpb  2.02 | lr 2.78e-05 | updates 4451

GPU Memory: Allocated=0.17GB, Reserved=2.33GB, Peak=2.33GB
| epoch   1 |  4500/21973 batches | ms/batch 86.59 | loss  1.40 | bpb  2.02 | lr 2.81e-05 | updates 4501

GPU Memory: Allocated=0.17GB, Reserved=2.33GB, Peak=2.33GB
| epoch   1 |  4550/21973 batches | ms/batch 86.61 | loss  1.40 | bpb  2.02 | lr 2.85e-05 | updates 4551

GPU Memory: Allocated=0.17GB, Reserved=2.33GB, Peak=2.33GB
| epoch   1 |  4600/21973 batches | ms/batch 86.61 | loss  1.39 | bpb  2.01 | lr 2.88e-05 | updates 4601

GPU Memory: Allocated=0.17GB, Reserved=2.33GB, Peak=2.33GB
| epoch   1 |  4650/21973 batches | ms/batch 86.60 | loss  1.39 | bpb  2.01 | lr 2.91e-05 | updates 4651

GPU Memory: Allocated=0.17GB, Reserved=2.33GB, Peak=2.33GB
| epoch   1 |  4700/21973 batches | ms/batch 86.60 | loss  1.39 | bpb  2.01 | lr 2.94e-05 | updates 4701

GPU Memory: Allocated=0.17GB, Reserved=2.33GB, Peak=2.33GB
| epoch   1 |  4750/21973 batches | ms/batch 86.60 | loss  1.39 | bpb  2.00 | lr 2.97e-05 | updates 4751

GPU Memory: Allocated=0.17GB, Reserved=2.33GB, Peak=2.33GB
| epoch   1 |  4800/21973 batches | ms/batch 86.60 | loss  1.39 | bpb  2.00 | lr 3.00e-05 | updates 4801

GPU Memory: Allocated=0.17GB, Reserved=2.33GB, Peak=2.33GB
| epoch   1 |  4850/21973 batches | ms/batch 86.59 | loss  1.38 | bpb  2.00 | lr 3.03e-05 | updates 4851

GPU Memory: Allocated=0.17GB, Reserved=2.33GB, Peak=2.33GB
| epoch   1 |  4900/21973 batches | ms/batch 86.59 | loss  1.38 | bpb  1.99 | lr 3.06e-05 | updates 4901

GPU Memory: Allocated=0.17GB, Reserved=2.33GB, Peak=2.33GB
| epoch   1 |  4950/21973 batches | ms/batch 86.59 | loss  1.38 | bpb  1.99 | lr 3.10e-05 | updates 4951

GPU Memory: Allocated=0.17GB, Reserved=2.33GB, Peak=2.33GB
| epoch   1 |  5000/21973 batches | ms/batch 86.59 | loss  1.38 | bpb  1.99 | lr 3.13e-05 | updates 5001

GPU Memory: Allocated=0.17GB, Reserved=2.33GB, Peak=2.33GB
| epoch   1 |  5050/21973 batches | ms/batch 86.60 | loss  1.38 | bpb  1.98 | lr 3.16e-05 | updates 5051

GPU Memory: Allocated=0.17GB, Reserved=2.33GB, Peak=2.33GB
| epoch   1 |  5100/21973 batches | ms/batch 86.60 | loss  1.37 | bpb  1.98 | lr 3.19e-05 | updates 5101

GPU Memory: Allocated=0.17GB, Reserved=2.33GB, Peak=2.33GB
| epoch   1 |  5150/21973 batches | ms/batch 86.60 | loss  1.37 | bpb  1.98 | lr 3.22e-05 | updates 5151

GPU Memory: Allocated=0.17GB, Reserved=2.33GB, Peak=2.33GB
| epoch   1 |  5200/21973 batches | ms/batch 86.59 | loss  1.37 | bpb  1.98 | lr 3.25e-05 | updates 5201

GPU Memory: Allocated=0.17GB, Reserved=2.33GB, Peak=2.33GB
| epoch   1 |  5250/21973 batches | ms/batch 86.59 | loss  1.37 | bpb  1.97 | lr 3.28e-05 | updates 5251

GPU Memory: Allocated=0.17GB, Reserved=2.33GB, Peak=2.33GB
| epoch   1 |  5300/21973 batches | ms/batch 86.59 | loss  1.37 | bpb  1.97 | lr 3.31e-05 | updates 5301

GPU Memory: Allocated=0.17GB, Reserved=2.33GB, Peak=2.33GB
| epoch   1 |  5350/21973 batches | ms/batch 86.59 | loss  1.36 | bpb  1.97 | lr 3.35e-05 | updates 5351

GPU Memory: Allocated=0.17GB, Reserved=2.33GB, Peak=2.33GB
| epoch   1 |  5400/21973 batches | ms/batch 86.59 | loss  1.36 | bpb  1.97 | lr 3.38e-05 | updates 5401

GPU Memory: Allocated=0.17GB, Reserved=2.33GB, Peak=2.33GB
| epoch   1 |  5450/21973 batches | ms/batch 86.58 | loss  1.36 | bpb  1.96 | lr 3.41e-05 | updates 5451

GPU Memory: Allocated=0.17GB, Reserved=2.33GB, Peak=2.33GB
| epoch   1 |  5500/21973 batches | ms/batch 86.58 | loss  1.36 | bpb  1.96 | lr 3.44e-05 | updates 5501

GPU Memory: Allocated=0.17GB, Reserved=2.33GB, Peak=2.33GB
| epoch   1 |  5550/21973 batches | ms/batch 86.59 | loss  1.36 | bpb  1.96 | lr 3.47e-05 | updates 5551

GPU Memory: Allocated=0.17GB, Reserved=2.33GB, Peak=2.33GB
| epoch   1 |  5600/21973 batches | ms/batch 86.59 | loss  1.36 | bpb  1.96 | lr 3.50e-05 | updates 5601

GPU Memory: Allocated=0.17GB, Reserved=2.33GB, Peak=2.33GB
| epoch   1 |  5650/21973 batches | ms/batch 86.59 | loss  1.36 | bpb  1.95 | lr 3.53e-05 | updates 5651

GPU Memory: Allocated=0.17GB, Reserved=2.33GB, Peak=2.33GB
| epoch   1 |  5700/21973 batches | ms/batch 86.58 | loss  1.35 | bpb  1.95 | lr 3.56e-05 | updates 5701

GPU Memory: Allocated=0.17GB, Reserved=2.33GB, Peak=2.33GB
| epoch   1 |  5750/21973 batches | ms/batch 86.58 | loss  1.35 | bpb  1.95 | lr 3.59e-05 | updates 5751

GPU Memory: Allocated=0.17GB, Reserved=2.33GB, Peak=2.33GB
| epoch   1 |  5800/21973 batches | ms/batch 86.58 | loss  1.35 | bpb  1.95 | lr 3.63e-05 | updates 5801

GPU Memory: Allocated=0.17GB, Reserved=2.33GB, Peak=2.33GB
| epoch   1 |  5850/21973 batches | ms/batch 86.58 | loss  1.35 | bpb  1.95 | lr 3.66e-05 | updates 5851

GPU Memory: Allocated=0.17GB, Reserved=2.33GB, Peak=2.33GB
| epoch   1 |  5900/21973 batches | ms/batch 86.58 | loss  1.35 | bpb  1.94 | lr 3.69e-05 | updates 5901

GPU Memory: Allocated=0.17GB, Reserved=2.33GB, Peak=2.33GB
| epoch   1 |  5950/21973 batches | ms/batch 86.57 | loss  1.35 | bpb  1.94 | lr 3.72e-05 | updates 5951

GPU Memory: Allocated=0.17GB, Reserved=2.33GB, Peak=2.33GB
| epoch   1 |  6000/21973 batches | ms/batch 86.57 | loss  1.34 | bpb  1.94 | lr 3.75e-05 | updates 6001

GPU Memory: Allocated=0.17GB, Reserved=2.33GB, Peak=2.33GB
| epoch   1 |  6050/21973 batches | ms/batch 86.58 | loss  1.34 | bpb  1.94 | lr 3.78e-05 | updates 6051

GPU Memory: Allocated=0.17GB, Reserved=2.33GB, Peak=2.33GB
| epoch   1 |  6100/21973 batches | ms/batch 86.58 | loss  1.34 | bpb  1.94 | lr 3.81e-05 | updates 6101

GPU Memory: Allocated=0.17GB, Reserved=2.33GB, Peak=2.33GB
| epoch   1 |  6150/21973 batches | ms/batch 86.58 | loss  1.34 | bpb  1.93 | lr 3.84e-05 | updates 6151

GPU Memory: Allocated=0.17GB, Reserved=2.33GB, Peak=2.33GB
| epoch   1 |  6200/21973 batches | ms/batch 86.58 | loss  1.34 | bpb  1.93 | lr 3.88e-05 | updates 6201

GPU Memory: Allocated=0.17GB, Reserved=2.33GB, Peak=2.33GB
| epoch   1 |  6250/21973 batches | ms/batch 86.58 | loss  1.34 | bpb  1.93 | lr 3.91e-05 | updates 6251

GPU Memory: Allocated=0.17GB, Reserved=2.33GB, Peak=2.33GB
| epoch   1 |  6300/21973 batches | ms/batch 86.58 | loss  1.34 | bpb  1.93 | lr 3.94e-05 | updates 6301

GPU Memory: Allocated=0.17GB, Reserved=2.33GB, Peak=2.33GB
| epoch   1 |  6350/21973 batches | ms/batch 86.57 | loss  1.34 | bpb  1.93 | lr 3.97e-05 | updates 6351

GPU Memory: Allocated=0.17GB, Reserved=2.33GB, Peak=2.33GB
| epoch   1 |  6400/21973 batches | ms/batch 86.57 | loss  1.33 | bpb  1.93 | lr 4.00e-05 | updates 6401

GPU Memory: Allocated=0.17GB, Reserved=2.33GB, Peak=2.33GB
| epoch   1 |  6450/21973 batches | ms/batch 86.57 | loss  1.33 | bpb  1.92 | lr 4.03e-05 | updates 6451

GPU Memory: Allocated=0.17GB, Reserved=2.33GB, Peak=2.33GB
| epoch   1 |  6500/21973 batches | ms/batch 86.57 | loss  1.33 | bpb  1.92 | lr 4.06e-05 | updates 6501

GPU Memory: Allocated=0.17GB, Reserved=2.33GB, Peak=2.33GB
| epoch   1 |  6550/21973 batches | ms/batch 86.58 | loss  1.33 | bpb  1.92 | lr 4.09e-05 | updates 6551

GPU Memory: Allocated=0.17GB, Reserved=2.33GB, Peak=2.33GB
| epoch   1 |  6600/21973 batches | ms/batch 86.58 | loss  1.33 | bpb  1.92 | lr 4.13e-05 | updates 6601

GPU Memory: Allocated=0.17GB, Reserved=2.33GB, Peak=2.33GB
| epoch   1 |  6650/21973 batches | ms/batch 86.57 | loss  1.33 | bpb  1.92 | lr 4.16e-05 | updates 6651

GPU Memory: Allocated=0.17GB, Reserved=2.33GB, Peak=2.33GB
| epoch   1 |  6700/21973 batches | ms/batch 86.57 | loss  1.33 | bpb  1.92 | lr 4.19e-05 | updates 6701

GPU Memory: Allocated=0.17GB, Reserved=2.33GB, Peak=2.33GB
| epoch   1 |  6750/21973 batches | ms/batch 86.57 | loss  1.33 | bpb  1.91 | lr 4.22e-05 | updates 6751

GPU Memory: Allocated=0.17GB, Reserved=2.33GB, Peak=2.33GB
| epoch   1 |  6800/21973 batches | ms/batch 86.57 | loss  1.33 | bpb  1.91 | lr 4.25e-05 | updates 6801

GPU Memory: Allocated=0.17GB, Reserved=2.33GB, Peak=2.33GB
| epoch   1 |  6850/21973 batches | ms/batch 86.57 | loss  1.32 | bpb  1.91 | lr 4.28e-05 | updates 6851

GPU Memory: Allocated=0.17GB, Reserved=2.33GB, Peak=2.33GB
| epoch   1 |  6900/21973 batches | ms/batch 86.57 | loss  1.32 | bpb  1.91 | lr 4.31e-05 | updates 6901

GPU Memory: Allocated=0.17GB, Reserved=2.33GB, Peak=2.33GB
| epoch   1 |  6950/21973 batches | ms/batch 86.56 | loss  1.32 | bpb  1.91 | lr 4.34e-05 | updates 6951

GPU Memory: Allocated=0.17GB, Reserved=2.33GB, Peak=2.33GB
| epoch   1 |  7000/21973 batches | ms/batch 86.56 | loss  1.32 | bpb  1.91 | lr 4.38e-05 | updates 7001

GPU Memory: Allocated=0.17GB, Reserved=2.33GB, Peak=2.33GB
| epoch   1 |  7050/21973 batches | ms/batch 86.57 | loss  1.32 | bpb  1.91 | lr 4.41e-05 | updates 7051

GPU Memory: Allocated=0.17GB, Reserved=2.33GB, Peak=2.33GB
| epoch   1 |  7100/21973 batches | ms/batch 86.57 | loss  1.32 | bpb  1.90 | lr 4.44e-05 | updates 7101

GPU Memory: Allocated=0.17GB, Reserved=2.33GB, Peak=2.33GB
| epoch   1 |  7150/21973 batches | ms/batch 86.57 | loss  1.32 | bpb  1.90 | lr 4.47e-05 | updates 7151

GPU Memory: Allocated=0.17GB, Reserved=2.33GB, Peak=2.33GB
| epoch   1 |  7200/21973 batches | ms/batch 86.57 | loss  1.32 | bpb  1.90 | lr 4.50e-05 | updates 7201

GPU Memory: Allocated=0.17GB, Reserved=2.33GB, Peak=2.33GB
| epoch   1 |  7250/21973 batches | ms/batch 86.57 | loss  1.32 | bpb  1.90 | lr 4.53e-05 | updates 7251

GPU Memory: Allocated=0.17GB, Reserved=2.33GB, Peak=2.33GB
| epoch   1 |  7300/21973 batches | ms/batch 86.57 | loss  1.32 | bpb  1.90 | lr 4.56e-05 | updates 7301

GPU Memory: Allocated=0.17GB, Reserved=2.33GB, Peak=2.33GB
| epoch   1 |  7350/21973 batches | ms/batch 86.56 | loss  1.31 | bpb  1.90 | lr 4.60e-05 | updates 7351

GPU Memory: Allocated=0.17GB, Reserved=2.33GB, Peak=2.33GB
| epoch   1 |  7400/21973 batches | ms/batch 86.56 | loss  1.31 | bpb  1.90 | lr 4.63e-05 | updates 7401

GPU Memory: Allocated=0.17GB, Reserved=2.33GB, Peak=2.33GB
| epoch   1 |  7450/21973 batches | ms/batch 86.56 | loss  1.31 | bpb  1.89 | lr 4.66e-05 | updates 7451

GPU Memory: Allocated=0.17GB, Reserved=2.33GB, Peak=2.33GB
| epoch   1 |  7500/21973 batches | ms/batch 86.56 | loss  1.31 | bpb  1.89 | lr 4.69e-05 | updates 7501

GPU Memory: Allocated=0.17GB, Reserved=2.33GB, Peak=2.33GB
| epoch   1 |  7550/21973 batches | ms/batch 86.57 | loss  1.31 | bpb  1.89 | lr 4.72e-05 | updates 7551

GPU Memory: Allocated=0.17GB, Reserved=2.33GB, Peak=2.33GB
| epoch   1 |  7600/21973 batches | ms/batch 86.57 | loss  1.31 | bpb  1.89 | lr 4.75e-05 | updates 7601

GPU Memory: Allocated=0.17GB, Reserved=2.33GB, Peak=2.33GB
| epoch   1 |  7650/21973 batches | ms/batch 86.56 | loss  1.31 | bpb  1.89 | lr 4.78e-05 | updates 7651

GPU Memory: Allocated=0.17GB, Reserved=2.33GB, Peak=2.33GB
| epoch   1 |  7700/21973 batches | ms/batch 86.56 | loss  1.31 | bpb  1.89 | lr 4.81e-05 | updates 7701

GPU Memory: Allocated=0.17GB, Reserved=2.33GB, Peak=2.33GB
| epoch   1 |  7750/21973 batches | ms/batch 86.56 | loss  1.31 | bpb  1.89 | lr 4.84e-05 | updates 7751

GPU Memory: Allocated=0.17GB, Reserved=2.33GB, Peak=2.33GB
| epoch   1 |  7800/21973 batches | ms/batch 86.56 | loss  1.31 | bpb  1.89 | lr 4.88e-05 | updates 7801

GPU Memory: Allocated=0.17GB, Reserved=2.33GB, Peak=2.33GB
| epoch   1 |  7850/21973 batches | ms/batch 86.56 | loss  1.31 | bpb  1.88 | lr 4.91e-05 | updates 7851

GPU Memory: Allocated=0.17GB, Reserved=2.33GB, Peak=2.33GB
| epoch   1 |  7900/21973 batches | ms/batch 86.56 | loss  1.31 | bpb  1.88 | lr 4.94e-05 | updates 7901

GPU Memory: Allocated=0.17GB, Reserved=2.33GB, Peak=2.33GB
| epoch   1 |  7950/21973 batches | ms/batch 86.56 | loss  1.30 | bpb  1.88 | lr 4.97e-05 | updates 7951

GPU Memory: Allocated=0.17GB, Reserved=2.33GB, Peak=2.33GB
| epoch   1 |  8000/21973 batches | ms/batch 86.56 | loss  1.30 | bpb  1.88 | lr 5.00e-05 | updates 8001

GPU Memory: Allocated=0.17GB, Reserved=2.33GB, Peak=2.33GB
| epoch   1 |  8050/21973 batches | ms/batch 86.56 | loss  1.30 | bpb  1.88 | lr 5.00e-05 | updates 8051

GPU Memory: Allocated=0.17GB, Reserved=2.33GB, Peak=2.33GB
| epoch   1 |  8100/21973 batches | ms/batch 86.56 | loss  1.30 | bpb  1.88 | lr 5.00e-05 | updates 8101

GPU Memory: Allocated=0.17GB, Reserved=2.33GB, Peak=2.33GB
| epoch   1 |  8150/21973 batches | ms/batch 86.56 | loss  1.30 | bpb  1.88 | lr 5.00e-05 | updates 8151

GPU Memory: Allocated=0.17GB, Reserved=2.33GB, Peak=2.33GB
| epoch   1 |  8200/21973 batches | ms/batch 86.56 | loss  1.30 | bpb  1.88 | lr 5.00e-05 | updates 8201

GPU Memory: Allocated=0.17GB, Reserved=2.33GB, Peak=2.33GB
| epoch   1 |  8250/21973 batches | ms/batch 86.56 | loss  1.30 | bpb  1.88 | lr 5.00e-05 | updates 8251

GPU Memory: Allocated=0.17GB, Reserved=2.33GB, Peak=2.33GB
| epoch   1 |  8300/21973 batches | ms/batch 86.56 | loss  1.30 | bpb  1.87 | lr 5.00e-05 | updates 8301

GPU Memory: Allocated=0.17GB, Reserved=2.33GB, Peak=2.33GB
| epoch   1 |  8350/21973 batches | ms/batch 86.56 | loss  1.30 | bpb  1.87 | lr 5.00e-05 | updates 8351

GPU Memory: Allocated=0.17GB, Reserved=2.33GB, Peak=2.33GB
| epoch   1 |  8400/21973 batches | ms/batch 86.56 | loss  1.30 | bpb  1.87 | lr 5.00e-05 | updates 8401

GPU Memory: Allocated=0.17GB, Reserved=2.33GB, Peak=2.33GB
| epoch   1 |  8450/21973 batches | ms/batch 86.55 | loss  1.30 | bpb  1.87 | lr 5.00e-05 | updates 8451

GPU Memory: Allocated=0.17GB, Reserved=2.33GB, Peak=2.33GB
| epoch   1 |  8500/21973 batches | ms/batch 86.55 | loss  1.30 | bpb  1.87 | lr 5.00e-05 | updates 8501

GPU Memory: Allocated=0.17GB, Reserved=2.33GB, Peak=2.33GB
| epoch   1 |  8550/21973 batches | ms/batch 86.56 | loss  1.30 | bpb  1.87 | lr 5.00e-05 | updates 8551

GPU Memory: Allocated=0.17GB, Reserved=2.33GB, Peak=2.33GB
| epoch   1 |  8600/21973 batches | ms/batch 86.55 | loss  1.30 | bpb  1.87 | lr 5.00e-05 | updates 8601

GPU Memory: Allocated=0.17GB, Reserved=2.33GB, Peak=2.33GB
| epoch   1 |  8650/21973 batches | ms/batch 86.55 | loss  1.29 | bpb  1.87 | lr 5.00e-05 | updates 8651

GPU Memory: Allocated=0.17GB, Reserved=2.33GB, Peak=2.33GB
| epoch   1 |  8700/21973 batches | ms/batch 86.55 | loss  1.29 | bpb  1.87 | lr 5.00e-05 | updates 8701

GPU Memory: Allocated=0.17GB, Reserved=2.33GB, Peak=2.33GB
| epoch   1 |  8750/21973 batches | ms/batch 86.54 | loss  1.29 | bpb  1.87 | lr 5.00e-05 | updates 8751

GPU Memory: Allocated=0.17GB, Reserved=2.33GB, Peak=2.33GB
| epoch   1 |  8800/21973 batches | ms/batch 86.54 | loss  1.29 | bpb  1.87 | lr 5.00e-05 | updates 8801

GPU Memory: Allocated=0.17GB, Reserved=2.33GB, Peak=2.33GB
| epoch   1 |  8850/21973 batches | ms/batch 86.54 | loss  1.29 | bpb  1.86 | lr 5.00e-05 | updates 8851

GPU Memory: Allocated=0.17GB, Reserved=2.33GB, Peak=2.33GB
| epoch   1 |  8900/21973 batches | ms/batch 86.53 | loss  1.29 | bpb  1.86 | lr 5.00e-05 | updates 8901

GPU Memory: Allocated=0.17GB, Reserved=2.33GB, Peak=2.33GB
| epoch   1 |  8950/21973 batches | ms/batch 86.53 | loss  1.29 | bpb  1.86 | lr 5.00e-05 | updates 8951

GPU Memory: Allocated=0.17GB, Reserved=2.33GB, Peak=2.33GB
| epoch   1 |  9000/21973 batches | ms/batch 86.53 | loss  1.29 | bpb  1.86 | lr 5.00e-05 | updates 9001

GPU Memory: Allocated=0.17GB, Reserved=2.33GB, Peak=2.33GB
| epoch   1 |  9050/21973 batches | ms/batch 86.53 | loss  1.29 | bpb  1.86 | lr 5.00e-05 | updates 9051

GPU Memory: Allocated=0.17GB, Reserved=2.33GB, Peak=2.33GB
| epoch   1 |  9100/21973 batches | ms/batch 86.53 | loss  1.29 | bpb  1.86 | lr 5.00e-05 | updates 9101

GPU Memory: Allocated=0.17GB, Reserved=2.33GB, Peak=2.33GB
| epoch   1 |  9150/21973 batches | ms/batch 86.53 | loss  1.29 | bpb  1.86 | lr 5.00e-05 | updates 9151

GPU Memory: Allocated=0.17GB, Reserved=2.33GB, Peak=2.33GB
| epoch   1 |  9200/21973 batches | ms/batch 86.53 | loss  1.29 | bpb  1.86 | lr 5.00e-05 | updates 9201

GPU Memory: Allocated=0.17GB, Reserved=2.33GB, Peak=2.33GB
| epoch   1 |  9250/21973 batches | ms/batch 86.52 | loss  1.29 | bpb  1.86 | lr 5.00e-05 | updates 9251

GPU Memory: Allocated=0.17GB, Reserved=2.33GB, Peak=2.33GB
| epoch   1 |  9300/21973 batches | ms/batch 86.52 | loss  1.29 | bpb  1.86 | lr 5.00e-05 | updates 9301

GPU Memory: Allocated=0.17GB, Reserved=2.33GB, Peak=2.33GB
| epoch   1 |  9350/21973 batches | ms/batch 86.52 | loss  1.29 | bpb  1.86 | lr 5.00e-05 | updates 9351

GPU Memory: Allocated=0.17GB, Reserved=2.33GB, Peak=2.33GB
| epoch   1 |  9400/21973 batches | ms/batch 86.52 | loss  1.29 | bpb  1.85 | lr 5.00e-05 | updates 9401

GPU Memory: Allocated=0.17GB, Reserved=2.33GB, Peak=2.33GB
| epoch   1 |  9450/21973 batches | ms/batch 86.51 | loss  1.29 | bpb  1.85 | lr 5.00e-05 | updates 9451

GPU Memory: Allocated=0.17GB, Reserved=2.33GB, Peak=2.33GB
| epoch   1 |  9500/21973 batches | ms/batch 86.51 | loss  1.28 | bpb  1.85 | lr 5.00e-05 | updates 9501

GPU Memory: Allocated=0.17GB, Reserved=2.33GB, Peak=2.33GB
| epoch   1 |  9550/21973 batches | ms/batch 86.52 | loss  1.28 | bpb  1.85 | lr 5.00e-05 | updates 9551

GPU Memory: Allocated=0.17GB, Reserved=2.33GB, Peak=2.33GB
| epoch   1 |  9600/21973 batches | ms/batch 86.52 | loss  1.28 | bpb  1.85 | lr 5.00e-05 | updates 9601

GPU Memory: Allocated=0.17GB, Reserved=2.33GB, Peak=2.33GB
| epoch   1 |  9650/21973 batches | ms/batch 86.52 | loss  1.28 | bpb  1.85 | lr 5.00e-05 | updates 9651

GPU Memory: Allocated=0.17GB, Reserved=2.33GB, Peak=2.33GB
| epoch   1 |  9700/21973 batches | ms/batch 86.52 | loss  1.28 | bpb  1.85 | lr 5.00e-05 | updates 9701

GPU Memory: Allocated=0.17GB, Reserved=2.33GB, Peak=2.33GB
| epoch   1 |  9750/21973 batches | ms/batch 86.52 | loss  1.28 | bpb  1.85 | lr 5.00e-05 | updates 9751

GPU Memory: Allocated=0.17GB, Reserved=2.33GB, Peak=2.33GB
| epoch   1 |  9800/21973 batches | ms/batch 86.52 | loss  1.28 | bpb  1.85 | lr 5.00e-05 | updates 9801

GPU Memory: Allocated=0.17GB, Reserved=2.33GB, Peak=2.33GB
| epoch   1 |  9850/21973 batches | ms/batch 86.52 | loss  1.28 | bpb  1.85 | lr 5.00e-05 | updates 9851

GPU Memory: Allocated=0.17GB, Reserved=2.33GB, Peak=2.33GB
| epoch   1 |  9900/21973 batches | ms/batch 86.52 | loss  1.28 | bpb  1.85 | lr 5.00e-05 | updates 9901

GPU Memory: Allocated=0.17GB, Reserved=2.33GB, Peak=2.33GB
| epoch   1 |  9950/21973 batches | ms/batch 86.52 | loss  1.28 | bpb  1.85 | lr 5.00e-05 | updates 9951

GPU Memory: Allocated=0.17GB, Reserved=2.33GB, Peak=2.33GB
| epoch   1 | 10000/21973 batches | ms/batch 86.51 | loss  1.28 | bpb  1.85 | lr 5.00e-05 | updates 10001

GPU Memory: Allocated=0.17GB, Reserved=2.33GB, Peak=2.33GB
| epoch   1 | 10050/21973 batches | ms/batch 86.52 | loss  1.28 | bpb  1.85 | lr 5.00e-05 | updates 10051

GPU Memory: Allocated=0.17GB, Reserved=2.33GB, Peak=2.33GB
| epoch   1 | 10100/21973 batches | ms/batch 86.52 | loss  1.28 | bpb  1.84 | lr 5.00e-05 | updates 10101

GPU Memory: Allocated=0.17GB, Reserved=2.33GB, Peak=2.33GB
| epoch   1 | 10150/21973 batches | ms/batch 86.52 | loss  1.28 | bpb  1.84 | lr 5.00e-05 | updates 10151

GPU Memory: Allocated=0.17GB, Reserved=2.33GB, Peak=2.33GB
| epoch   1 | 10200/21973 batches | ms/batch 86.52 | loss  1.28 | bpb  1.84 | lr 5.00e-05 | updates 10201

GPU Memory: Allocated=0.17GB, Reserved=2.33GB, Peak=2.33GB
| epoch   1 | 10250/21973 batches | ms/batch 86.52 | loss  1.28 | bpb  1.84 | lr 5.00e-05 | updates 10251

GPU Memory: Allocated=0.17GB, Reserved=2.33GB, Peak=2.33GB
| epoch   1 | 10300/21973 batches | ms/batch 86.52 | loss  1.28 | bpb  1.84 | lr 5.00e-05 | updates 10301

GPU Memory: Allocated=0.17GB, Reserved=2.33GB, Peak=2.33GB
| epoch   1 | 10350/21973 batches | ms/batch 86.52 | loss  1.28 | bpb  1.84 | lr 5.00e-05 | updates 10351

GPU Memory: Allocated=0.17GB, Reserved=2.33GB, Peak=2.33GB
| epoch   1 | 10400/21973 batches | ms/batch 86.52 | loss  1.28 | bpb  1.84 | lr 5.00e-05 | updates 10401

GPU Memory: Allocated=0.17GB, Reserved=2.33GB, Peak=2.33GB
| epoch   1 | 10450/21973 batches | ms/batch 86.52 | loss  1.28 | bpb  1.84 | lr 5.00e-05 | updates 10451

GPU Memory: Allocated=0.17GB, Reserved=2.33GB, Peak=2.33GB
| epoch   1 | 10500/21973 batches | ms/batch 86.52 | loss  1.27 | bpb  1.84 | lr 5.00e-05 | updates 10501

GPU Memory: Allocated=0.17GB, Reserved=2.33GB, Peak=2.33GB
| epoch   1 | 10550/21973 batches | ms/batch 86.52 | loss  1.27 | bpb  1.84 | lr 5.00e-05 | updates 10551

GPU Memory: Allocated=0.17GB, Reserved=2.33GB, Peak=2.33GB
| epoch   1 | 10600/21973 batches | ms/batch 86.52 | loss  1.27 | bpb  1.84 | lr 5.00e-05 | updates 10601

GPU Memory: Allocated=0.17GB, Reserved=2.33GB, Peak=2.33GB
| epoch   1 | 10650/21973 batches | ms/batch 86.52 | loss  1.27 | bpb  1.84 | lr 5.00e-05 | updates 10651

GPU Memory: Allocated=0.17GB, Reserved=2.33GB, Peak=2.33GB
| epoch   1 | 10700/21973 batches | ms/batch 86.52 | loss  1.27 | bpb  1.84 | lr 5.00e-05 | updates 10701

GPU Memory: Allocated=0.17GB, Reserved=2.33GB, Peak=2.33GB
| epoch   1 | 10750/21973 batches | ms/batch 86.52 | loss  1.27 | bpb  1.84 | lr 5.00e-05 | updates 10751

GPU Memory: Allocated=0.17GB, Reserved=2.33GB, Peak=2.33GB
| epoch   1 | 10800/21973 batches | ms/batch 86.52 | loss  1.27 | bpb  1.84 | lr 5.00e-05 | updates 10801

GPU Memory: Allocated=0.17GB, Reserved=2.33GB, Peak=2.33GB
| epoch   1 | 10850/21973 batches | ms/batch 86.51 | loss  1.27 | bpb  1.83 | lr 5.00e-05 | updates 10851

GPU Memory: Allocated=0.17GB, Reserved=2.33GB, Peak=2.33GB
| epoch   1 | 10900/21973 batches | ms/batch 86.51 | loss  1.27 | bpb  1.83 | lr 5.00e-05 | updates 10901

GPU Memory: Allocated=0.17GB, Reserved=2.33GB, Peak=2.33GB
| epoch   1 | 10950/21973 batches | ms/batch 86.51 | loss  1.27 | bpb  1.83 | lr 5.00e-05 | updates 10951

GPU Memory: Allocated=0.17GB, Reserved=2.33GB, Peak=2.33GB
| epoch   1 | 11000/21973 batches | ms/batch 86.51 | loss  1.27 | bpb  1.83 | lr 5.00e-05 | updates 11001

GPU Memory: Allocated=0.17GB, Reserved=2.33GB, Peak=2.33GB
| epoch   1 | 11050/21973 batches | ms/batch 86.52 | loss  1.27 | bpb  1.83 | lr 5.00e-05 | updates 11051

GPU Memory: Allocated=0.17GB, Reserved=2.33GB, Peak=2.33GB
| epoch   1 | 11100/21973 batches | ms/batch 86.52 | loss  1.27 | bpb  1.83 | lr 5.00e-05 | updates 11101

GPU Memory: Allocated=0.17GB, Reserved=2.33GB, Peak=2.33GB
| epoch   1 | 11150/21973 batches | ms/batch 86.51 | loss  1.27 | bpb  1.83 | lr 5.00e-05 | updates 11151

GPU Memory: Allocated=0.17GB, Reserved=2.33GB, Peak=2.33GB
| epoch   1 | 11200/21973 batches | ms/batch 86.51 | loss  1.27 | bpb  1.83 | lr 5.00e-05 | updates 11201

GPU Memory: Allocated=0.17GB, Reserved=2.33GB, Peak=2.33GB
| epoch   1 | 11250/21973 batches | ms/batch 86.51 | loss  1.27 | bpb  1.83 | lr 5.00e-05 | updates 11251

GPU Memory: Allocated=0.17GB, Reserved=2.33GB, Peak=2.33GB
| epoch   1 | 11300/21973 batches | ms/batch 86.51 | loss  1.27 | bpb  1.83 | lr 5.00e-05 | updates 11301

GPU Memory: Allocated=0.17GB, Reserved=2.33GB, Peak=2.33GB
| epoch   1 | 11350/21973 batches | ms/batch 86.51 | loss  1.27 | bpb  1.83 | lr 5.00e-05 | updates 11351

GPU Memory: Allocated=0.17GB, Reserved=2.33GB, Peak=2.33GB
| epoch   1 | 11400/21973 batches | ms/batch 86.51 | loss  1.27 | bpb  1.83 | lr 5.00e-05 | updates 11401

GPU Memory: Allocated=0.17GB, Reserved=2.33GB, Peak=2.33GB
| epoch   1 | 11450/21973 batches | ms/batch 86.51 | loss  1.27 | bpb  1.83 | lr 5.00e-05 | updates 11451

GPU Memory: Allocated=0.17GB, Reserved=2.33GB, Peak=2.33GB
| epoch   1 | 11500/21973 batches | ms/batch 86.50 | loss  1.27 | bpb  1.83 | lr 5.00e-05 | updates 11501

GPU Memory: Allocated=0.17GB, Reserved=2.33GB, Peak=2.33GB
| epoch   1 | 11550/21973 batches | ms/batch 86.51 | loss  1.27 | bpb  1.83 | lr 5.00e-05 | updates 11551

GPU Memory: Allocated=0.17GB, Reserved=2.33GB, Peak=2.33GB
| epoch   1 | 11600/21973 batches | ms/batch 86.51 | loss  1.27 | bpb  1.83 | lr 5.00e-05 | updates 11601

GPU Memory: Allocated=0.17GB, Reserved=2.33GB, Peak=2.33GB
| epoch   1 | 11650/21973 batches | ms/batch 86.51 | loss  1.27 | bpb  1.83 | lr 5.00e-05 | updates 11651

GPU Memory: Allocated=0.17GB, Reserved=2.33GB, Peak=2.33GB
| epoch   1 | 11700/21973 batches | ms/batch 86.50 | loss  1.26 | bpb  1.82 | lr 5.00e-05 | updates 11701

GPU Memory: Allocated=0.17GB, Reserved=2.33GB, Peak=2.33GB
| epoch   1 | 11750/21973 batches | ms/batch 86.50 | loss  1.26 | bpb  1.82 | lr 5.00e-05 | updates 11751

GPU Memory: Allocated=0.17GB, Reserved=2.33GB, Peak=2.33GB
| epoch   1 | 11800/21973 batches | ms/batch 86.50 | loss  1.26 | bpb  1.82 | lr 5.00e-05 | updates 11801

GPU Memory: Allocated=0.17GB, Reserved=2.33GB, Peak=2.33GB
| epoch   1 | 11850/21973 batches | ms/batch 86.50 | loss  1.26 | bpb  1.82 | lr 5.00e-05 | updates 11851

GPU Memory: Allocated=0.17GB, Reserved=2.33GB, Peak=2.33GB
| epoch   1 | 11900/21973 batches | ms/batch 86.50 | loss  1.26 | bpb  1.82 | lr 5.00e-05 | updates 11901

GPU Memory: Allocated=0.17GB, Reserved=2.33GB, Peak=2.33GB
| epoch   1 | 11950/21973 batches | ms/batch 86.50 | loss  1.26 | bpb  1.82 | lr 5.00e-05 | updates 11951

GPU Memory: Allocated=0.17GB, Reserved=2.33GB, Peak=2.33GB
| epoch   1 | 12000/21973 batches | ms/batch 86.50 | loss  1.26 | bpb  1.82 | lr 5.00e-05 | updates 12001

GPU Memory: Allocated=0.17GB, Reserved=2.33GB, Peak=2.33GB
| epoch   1 | 12050/21973 batches | ms/batch 86.50 | loss  1.26 | bpb  1.82 | lr 5.00e-05 | updates 12051

GPU Memory: Allocated=0.17GB, Reserved=2.33GB, Peak=2.33GB
| epoch   1 | 12100/21973 batches | ms/batch 86.50 | loss  1.26 | bpb  1.82 | lr 5.00e-05 | updates 12101

GPU Memory: Allocated=0.17GB, Reserved=2.33GB, Peak=2.33GB
| epoch   1 | 12150/21973 batches | ms/batch 86.50 | loss  1.26 | bpb  1.82 | lr 5.00e-05 | updates 12151

GPU Memory: Allocated=0.17GB, Reserved=2.33GB, Peak=2.33GB
| epoch   1 | 12200/21973 batches | ms/batch 86.50 | loss  1.26 | bpb  1.82 | lr 5.00e-05 | updates 12201

GPU Memory: Allocated=0.17GB, Reserved=2.33GB, Peak=2.33GB
| epoch   1 | 12250/21973 batches | ms/batch 86.50 | loss  1.26 | bpb  1.82 | lr 5.00e-05 | updates 12251

GPU Memory: Allocated=0.17GB, Reserved=2.33GB, Peak=2.33GB
| epoch   1 | 12300/21973 batches | ms/batch 86.49 | loss  1.26 | bpb  1.82 | lr 5.00e-05 | updates 12301

GPU Memory: Allocated=0.17GB, Reserved=2.33GB, Peak=2.33GB
| epoch   1 | 12350/21973 batches | ms/batch 86.49 | loss  1.26 | bpb  1.82 | lr 5.00e-05 | updates 12351

GPU Memory: Allocated=0.17GB, Reserved=2.33GB, Peak=2.33GB
| epoch   1 | 12400/21973 batches | ms/batch 86.49 | loss  1.26 | bpb  1.82 | lr 5.00e-05 | updates 12401

GPU Memory: Allocated=0.17GB, Reserved=2.33GB, Peak=2.33GB
| epoch   1 | 12450/21973 batches | ms/batch 86.49 | loss  1.26 | bpb  1.82 | lr 5.00e-05 | updates 12451

GPU Memory: Allocated=0.17GB, Reserved=2.33GB, Peak=2.33GB
| epoch   1 | 12500/21973 batches | ms/batch 86.49 | loss  1.26 | bpb  1.82 | lr 5.00e-05 | updates 12501

GPU Memory: Allocated=0.17GB, Reserved=2.33GB, Peak=2.33GB
| epoch   1 | 12550/21973 batches | ms/batch 86.49 | loss  1.26 | bpb  1.82 | lr 5.00e-05 | updates 12551

GPU Memory: Allocated=0.17GB, Reserved=2.33GB, Peak=2.33GB
| epoch   1 | 12600/21973 batches | ms/batch 86.49 | loss  1.26 | bpb  1.82 | lr 5.00e-05 | updates 12601

GPU Memory: Allocated=0.17GB, Reserved=2.33GB, Peak=2.33GB
| epoch   1 | 12650/21973 batches | ms/batch 86.49 | loss  1.26 | bpb  1.82 | lr 5.00e-05 | updates 12651

GPU Memory: Allocated=0.17GB, Reserved=2.33GB, Peak=2.33GB
| epoch   1 | 12700/21973 batches | ms/batch 86.49 | loss  1.26 | bpb  1.82 | lr 5.00e-05 | updates 12701

GPU Memory: Allocated=0.17GB, Reserved=2.33GB, Peak=2.33GB
| epoch   1 | 12750/21973 batches | ms/batch 86.49 | loss  1.26 | bpb  1.81 | lr 5.00e-05 | updates 12751

GPU Memory: Allocated=0.17GB, Reserved=2.33GB, Peak=2.33GB
| epoch   1 | 12800/21973 batches | ms/batch 86.49 | loss  1.26 | bpb  1.81 | lr 5.00e-05 | updates 12801

GPU Memory: Allocated=0.17GB, Reserved=2.33GB, Peak=2.33GB
| epoch   1 | 12850/21973 batches | ms/batch 86.49 | loss  1.26 | bpb  1.81 | lr 5.00e-05 | updates 12851

GPU Memory: Allocated=0.17GB, Reserved=2.33GB, Peak=2.33GB
| epoch   1 | 12900/21973 batches | ms/batch 86.49 | loss  1.26 | bpb  1.81 | lr 5.00e-05 | updates 12901

GPU Memory: Allocated=0.17GB, Reserved=2.33GB, Peak=2.33GB
| epoch   1 | 12950/21973 batches | ms/batch 86.48 | loss  1.26 | bpb  1.81 | lr 5.00e-05 | updates 12951

GPU Memory: Allocated=0.17GB, Reserved=2.33GB, Peak=2.33GB
| epoch   1 | 13000/21973 batches | ms/batch 86.48 | loss  1.26 | bpb  1.81 | lr 5.00e-05 | updates 13001

GPU Memory: Allocated=0.17GB, Reserved=2.33GB, Peak=2.33GB
| epoch   1 | 13050/21973 batches | ms/batch 86.49 | loss  1.26 | bpb  1.81 | lr 5.00e-05 | updates 13051

GPU Memory: Allocated=0.17GB, Reserved=2.33GB, Peak=2.33GB
| epoch   1 | 13100/21973 batches | ms/batch 86.49 | loss  1.26 | bpb  1.81 | lr 5.00e-05 | updates 13101

GPU Memory: Allocated=0.17GB, Reserved=2.33GB, Peak=2.33GB
| epoch   1 | 13150/21973 batches | ms/batch 86.49 | loss  1.26 | bpb  1.81 | lr 5.00e-05 | updates 13151

GPU Memory: Allocated=0.17GB, Reserved=2.33GB, Peak=2.33GB
| epoch   1 | 13200/21973 batches | ms/batch 86.48 | loss  1.26 | bpb  1.81 | lr 5.00e-05 | updates 13201

GPU Memory: Allocated=0.17GB, Reserved=2.33GB, Peak=2.33GB
| epoch   1 | 13250/21973 batches | ms/batch 86.48 | loss  1.25 | bpb  1.81 | lr 5.00e-05 | updates 13251

GPU Memory: Allocated=0.17GB, Reserved=2.33GB, Peak=2.33GB
| epoch   1 | 13300/21973 batches | ms/batch 86.48 | loss  1.25 | bpb  1.81 | lr 5.00e-05 | updates 13301

GPU Memory: Allocated=0.17GB, Reserved=2.33GB, Peak=2.33GB
| epoch   1 | 13350/21973 batches | ms/batch 86.48 | loss  1.25 | bpb  1.81 | lr 5.00e-05 | updates 13351

GPU Memory: Allocated=0.17GB, Reserved=2.33GB, Peak=2.33GB
| epoch   1 | 13400/21973 batches | ms/batch 86.48 | loss  1.25 | bpb  1.81 | lr 5.00e-05 | updates 13401

GPU Memory: Allocated=0.17GB, Reserved=2.33GB, Peak=2.33GB
| epoch   1 | 13450/21973 batches | ms/batch 86.48 | loss  1.25 | bpb  1.81 | lr 5.00e-05 | updates 13451

GPU Memory: Allocated=0.17GB, Reserved=2.33GB, Peak=2.33GB
| epoch   1 | 13500/21973 batches | ms/batch 86.48 | loss  1.25 | bpb  1.81 | lr 5.00e-05 | updates 13501

GPU Memory: Allocated=0.17GB, Reserved=2.33GB, Peak=2.33GB
| epoch   1 | 13550/21973 batches | ms/batch 86.48 | loss  1.25 | bpb  1.81 | lr 5.00e-05 | updates 13551

GPU Memory: Allocated=0.17GB, Reserved=2.33GB, Peak=2.33GB
| epoch   1 | 13600/21973 batches | ms/batch 86.48 | loss  1.25 | bpb  1.81 | lr 5.00e-05 | updates 13601

GPU Memory: Allocated=0.17GB, Reserved=2.33GB, Peak=2.33GB
| epoch   1 | 13650/21973 batches | ms/batch 86.48 | loss  1.25 | bpb  1.81 | lr 5.00e-05 | updates 13651

GPU Memory: Allocated=0.17GB, Reserved=2.33GB, Peak=2.33GB
| epoch   1 | 13700/21973 batches | ms/batch 86.48 | loss  1.25 | bpb  1.81 | lr 5.00e-05 | updates 13701

GPU Memory: Allocated=0.17GB, Reserved=2.33GB, Peak=2.33GB
| epoch   1 | 13750/21973 batches | ms/batch 86.48 | loss  1.25 | bpb  1.81 | lr 5.00e-05 | updates 13751

GPU Memory: Allocated=0.17GB, Reserved=2.33GB, Peak=2.33GB
| epoch   1 | 13800/21973 batches | ms/batch 86.48 | loss  1.25 | bpb  1.81 | lr 5.00e-05 | updates 13801

GPU Memory: Allocated=0.17GB, Reserved=2.33GB, Peak=2.33GB
| epoch   1 | 13850/21973 batches | ms/batch 86.48 | loss  1.25 | bpb  1.81 | lr 5.00e-05 | updates 13851

GPU Memory: Allocated=0.17GB, Reserved=2.33GB, Peak=2.33GB
| epoch   1 | 13900/21973 batches | ms/batch 86.48 | loss  1.25 | bpb  1.81 | lr 5.00e-05 | updates 13901

GPU Memory: Allocated=0.17GB, Reserved=2.33GB, Peak=2.33GB
| epoch   1 | 13950/21973 batches | ms/batch 86.48 | loss  1.25 | bpb  1.80 | lr 5.00e-05 | updates 13951

GPU Memory: Allocated=0.17GB, Reserved=2.33GB, Peak=2.33GB
| epoch   1 | 14000/21973 batches | ms/batch 86.47 | loss  1.25 | bpb  1.80 | lr 5.00e-05 | updates 14001

GPU Memory: Allocated=0.17GB, Reserved=2.33GB, Peak=2.33GB
| epoch   1 | 14050/21973 batches | ms/batch 86.48 | loss  1.25 | bpb  1.80 | lr 5.00e-05 | updates 14051

GPU Memory: Allocated=0.17GB, Reserved=2.33GB, Peak=2.33GB
| epoch   1 | 14100/21973 batches | ms/batch 86.48 | loss  1.25 | bpb  1.80 | lr 5.00e-05 | updates 14101

GPU Memory: Allocated=0.17GB, Reserved=2.33GB, Peak=2.33GB
| epoch   1 | 14150/21973 batches | ms/batch 86.48 | loss  1.25 | bpb  1.80 | lr 5.00e-05 | updates 14151

GPU Memory: Allocated=0.17GB, Reserved=2.33GB, Peak=2.33GB
| epoch   1 | 14200/21973 batches | ms/batch 86.48 | loss  1.25 | bpb  1.80 | lr 5.00e-05 | updates 14201

GPU Memory: Allocated=0.17GB, Reserved=2.33GB, Peak=2.33GB
| epoch   1 | 14250/21973 batches | ms/batch 86.47 | loss  1.25 | bpb  1.80 | lr 5.00e-05 | updates 14251

GPU Memory: Allocated=0.17GB, Reserved=2.33GB, Peak=2.33GB
| epoch   1 | 14300/21973 batches | ms/batch 86.47 | loss  1.25 | bpb  1.80 | lr 5.00e-05 | updates 14301

GPU Memory: Allocated=0.17GB, Reserved=2.33GB, Peak=2.33GB
| epoch   1 | 14350/21973 batches | ms/batch 86.47 | loss  1.25 | bpb  1.80 | lr 5.00e-05 | updates 14351

GPU Memory: Allocated=0.17GB, Reserved=2.33GB, Peak=2.33GB
| epoch   1 | 14400/21973 batches | ms/batch 86.47 | loss  1.25 | bpb  1.80 | lr 5.00e-05 | updates 14401

GPU Memory: Allocated=0.17GB, Reserved=2.33GB, Peak=2.33GB
| epoch   1 | 14450/21973 batches | ms/batch 86.47 | loss  1.25 | bpb  1.80 | lr 5.00e-05 | updates 14451

GPU Memory: Allocated=0.17GB, Reserved=2.33GB, Peak=2.33GB
| epoch   1 | 14500/21973 batches | ms/batch 86.47 | loss  1.25 | bpb  1.80 | lr 5.00e-05 | updates 14501

GPU Memory: Allocated=0.17GB, Reserved=2.33GB, Peak=2.33GB
| epoch   1 | 14550/21973 batches | ms/batch 86.47 | loss  1.25 | bpb  1.80 | lr 5.00e-05 | updates 14551

GPU Memory: Allocated=0.17GB, Reserved=2.33GB, Peak=2.33GB
| epoch   1 | 14600/21973 batches | ms/batch 86.47 | loss  1.25 | bpb  1.80 | lr 5.00e-05 | updates 14601

GPU Memory: Allocated=0.17GB, Reserved=2.33GB, Peak=2.33GB
| epoch   1 | 14650/21973 batches | ms/batch 86.47 | loss  1.25 | bpb  1.80 | lr 5.00e-05 | updates 14651

GPU Memory: Allocated=0.17GB, Reserved=2.33GB, Peak=2.33GB
| epoch   1 | 14700/21973 batches | ms/batch 86.47 | loss  1.25 | bpb  1.80 | lr 5.00e-05 | updates 14701

GPU Memory: Allocated=0.17GB, Reserved=2.33GB, Peak=2.33GB
| epoch   1 | 14750/21973 batches | ms/batch 86.47 | loss  1.25 | bpb  1.80 | lr 5.00e-05 | updates 14751

GPU Memory: Allocated=0.17GB, Reserved=2.33GB, Peak=2.33GB
| epoch   1 | 14800/21973 batches | ms/batch 86.47 | loss  1.25 | bpb  1.80 | lr 5.00e-05 | updates 14801

GPU Memory: Allocated=0.17GB, Reserved=2.33GB, Peak=2.33GB
| epoch   1 | 14850/21973 batches | ms/batch 86.47 | loss  1.25 | bpb  1.80 | lr 5.00e-05 | updates 14851

GPU Memory: Allocated=0.17GB, Reserved=2.33GB, Peak=2.33GB
| epoch   1 | 14900/21973 batches | ms/batch 86.46 | loss  1.25 | bpb  1.80 | lr 5.00e-05 | updates 14901

GPU Memory: Allocated=0.17GB, Reserved=2.33GB, Peak=2.33GB
| epoch   1 | 14950/21973 batches | ms/batch 86.46 | loss  1.25 | bpb  1.80 | lr 5.00e-05 | updates 14951

GPU Memory: Allocated=0.17GB, Reserved=2.33GB, Peak=2.33GB
| epoch   1 | 15000/21973 batches | ms/batch 86.46 | loss  1.25 | bpb  1.80 | lr 5.00e-05 | updates 15001

GPU Memory: Allocated=0.17GB, Reserved=2.33GB, Peak=2.33GB
| epoch   1 | 15050/21973 batches | ms/batch 86.47 | loss  1.25 | bpb  1.80 | lr 5.00e-05 | updates 15051

GPU Memory: Allocated=0.17GB, Reserved=2.33GB, Peak=2.33GB
| epoch   1 | 15100/21973 batches | ms/batch 86.47 | loss  1.25 | bpb  1.80 | lr 5.00e-05 | updates 15101

GPU Memory: Allocated=0.17GB, Reserved=2.33GB, Peak=2.33GB
| epoch   1 | 15150/21973 batches | ms/batch 86.46 | loss  1.24 | bpb  1.80 | lr 5.00e-05 | updates 15151

GPU Memory: Allocated=0.17GB, Reserved=2.33GB, Peak=2.33GB
| epoch   1 | 15200/21973 batches | ms/batch 86.46 | loss  1.24 | bpb  1.80 | lr 5.00e-05 | updates 15201

GPU Memory: Allocated=0.17GB, Reserved=2.33GB, Peak=2.33GB
| epoch   1 | 15250/21973 batches | ms/batch 86.46 | loss  1.24 | bpb  1.80 | lr 5.00e-05 | updates 15251

GPU Memory: Allocated=0.17GB, Reserved=2.33GB, Peak=2.33GB
| epoch   1 | 15300/21973 batches | ms/batch 86.46 | loss  1.24 | bpb  1.80 | lr 5.00e-05 | updates 15301

GPU Memory: Allocated=0.17GB, Reserved=2.33GB, Peak=2.33GB
| epoch   1 | 15350/21973 batches | ms/batch 86.46 | loss  1.24 | bpb  1.79 | lr 5.00e-05 | updates 15351

GPU Memory: Allocated=0.17GB, Reserved=2.33GB, Peak=2.33GB
| epoch   1 | 15400/21973 batches | ms/batch 86.46 | loss  1.24 | bpb  1.79 | lr 5.00e-05 | updates 15401

GPU Memory: Allocated=0.17GB, Reserved=2.33GB, Peak=2.33GB
| epoch   1 | 15450/21973 batches | ms/batch 86.46 | loss  1.24 | bpb  1.79 | lr 5.00e-05 | updates 15451

GPU Memory: Allocated=0.17GB, Reserved=2.33GB, Peak=2.33GB
| epoch   1 | 15500/21973 batches | ms/batch 86.46 | loss  1.24 | bpb  1.79 | lr 5.00e-05 | updates 15501

GPU Memory: Allocated=0.17GB, Reserved=2.33GB, Peak=2.33GB
| epoch   1 | 15550/21973 batches | ms/batch 86.46 | loss  1.24 | bpb  1.79 | lr 5.00e-05 | updates 15551

GPU Memory: Allocated=0.17GB, Reserved=2.33GB, Peak=2.33GB
| epoch   1 | 15600/21973 batches | ms/batch 86.46 | loss  1.24 | bpb  1.79 | lr 5.00e-05 | updates 15601

GPU Memory: Allocated=0.17GB, Reserved=2.33GB, Peak=2.33GB
| epoch   1 | 15650/21973 batches | ms/batch 86.46 | loss  1.24 | bpb  1.79 | lr 5.00e-05 | updates 15651

GPU Memory: Allocated=0.17GB, Reserved=2.33GB, Peak=2.33GB
| epoch   1 | 15700/21973 batches | ms/batch 86.46 | loss  1.24 | bpb  1.79 | lr 5.00e-05 | updates 15701

GPU Memory: Allocated=0.17GB, Reserved=2.33GB, Peak=2.33GB
| epoch   1 | 15750/21973 batches | ms/batch 86.46 | loss  1.24 | bpb  1.79 | lr 5.00e-05 | updates 15751

GPU Memory: Allocated=0.17GB, Reserved=2.33GB, Peak=2.33GB
| epoch   1 | 15800/21973 batches | ms/batch 86.45 | loss  1.24 | bpb  1.79 | lr 5.00e-05 | updates 15801

GPU Memory: Allocated=0.17GB, Reserved=2.33GB, Peak=2.33GB
| epoch   1 | 15850/21973 batches | ms/batch 86.45 | loss  1.24 | bpb  1.79 | lr 5.00e-05 | updates 15851

GPU Memory: Allocated=0.17GB, Reserved=2.33GB, Peak=2.33GB
| epoch   1 | 15900/21973 batches | ms/batch 86.45 | loss  1.24 | bpb  1.79 | lr 5.00e-05 | updates 15901

GPU Memory: Allocated=0.17GB, Reserved=2.33GB, Peak=2.33GB
| epoch   1 | 15950/21973 batches | ms/batch 86.45 | loss  1.24 | bpb  1.79 | lr 5.00e-05 | updates 15951

GPU Memory: Allocated=0.17GB, Reserved=2.33GB, Peak=2.33GB
| epoch   1 | 16000/21973 batches | ms/batch 86.45 | loss  1.24 | bpb  1.79 | lr 5.00e-05 | updates 16001

GPU Memory: Allocated=0.17GB, Reserved=2.33GB, Peak=2.33GB
| epoch   1 | 16050/21973 batches | ms/batch 86.45 | loss  1.24 | bpb  1.79 | lr 5.00e-05 | updates 16051

GPU Memory: Allocated=0.17GB, Reserved=2.33GB, Peak=2.33GB
| epoch   1 | 16100/21973 batches | ms/batch 86.45 | loss  1.24 | bpb  1.79 | lr 5.00e-05 | updates 16101

GPU Memory: Allocated=0.17GB, Reserved=2.33GB, Peak=2.33GB
| epoch   1 | 16150/21973 batches | ms/batch 86.45 | loss  1.24 | bpb  1.79 | lr 5.00e-05 | updates 16151

GPU Memory: Allocated=0.17GB, Reserved=2.33GB, Peak=2.33GB
| epoch   1 | 16200/21973 batches | ms/batch 86.45 | loss  1.24 | bpb  1.79 | lr 5.00e-05 | updates 16201

GPU Memory: Allocated=0.17GB, Reserved=2.33GB, Peak=2.33GB
| epoch   1 | 16250/21973 batches | ms/batch 86.45 | loss  1.24 | bpb  1.79 | lr 5.00e-05 | updates 16251

GPU Memory: Allocated=0.17GB, Reserved=2.33GB, Peak=2.33GB
| epoch   1 | 16300/21973 batches | ms/batch 86.45 | loss  1.24 | bpb  1.79 | lr 5.00e-05 | updates 16301

GPU Memory: Allocated=0.17GB, Reserved=2.33GB, Peak=2.33GB
| epoch   1 | 16350/21973 batches | ms/batch 86.45 | loss  1.24 | bpb  1.79 | lr 5.00e-05 | updates 16351

GPU Memory: Allocated=0.17GB, Reserved=2.33GB, Peak=2.33GB
| epoch   1 | 16400/21973 batches | ms/batch 86.45 | loss  1.24 | bpb  1.79 | lr 5.00e-05 | updates 16401

GPU Memory: Allocated=0.17GB, Reserved=2.33GB, Peak=2.33GB
| epoch   1 | 16450/21973 batches | ms/batch 86.45 | loss  1.24 | bpb  1.79 | lr 5.00e-05 | updates 16451

GPU Memory: Allocated=0.17GB, Reserved=2.33GB, Peak=2.33GB
| epoch   1 | 16500/21973 batches | ms/batch 86.44 | loss  1.24 | bpb  1.79 | lr 5.00e-05 | updates 16501

GPU Memory: Allocated=0.17GB, Reserved=2.33GB, Peak=2.33GB
| epoch   1 | 16550/21973 batches | ms/batch 86.45 | loss  1.24 | bpb  1.79 | lr 5.00e-05 | updates 16551

GPU Memory: Allocated=0.17GB, Reserved=2.33GB, Peak=2.33GB
| epoch   1 | 16600/21973 batches | ms/batch 86.45 | loss  1.24 | bpb  1.79 | lr 5.00e-05 | updates 16601

GPU Memory: Allocated=0.17GB, Reserved=2.33GB, Peak=2.33GB
| epoch   1 | 16650/21973 batches | ms/batch 86.45 | loss  1.24 | bpb  1.79 | lr 5.00e-05 | updates 16651

GPU Memory: Allocated=0.17GB, Reserved=2.33GB, Peak=2.33GB
| epoch   1 | 16700/21973 batches | ms/batch 86.45 | loss  1.24 | bpb  1.79 | lr 5.00e-05 | updates 16701

GPU Memory: Allocated=0.17GB, Reserved=2.33GB, Peak=2.33GB
| epoch   1 | 16750/21973 batches | ms/batch 86.44 | loss  1.24 | bpb  1.79 | lr 5.00e-05 | updates 16751

GPU Memory: Allocated=0.17GB, Reserved=2.33GB, Peak=2.33GB
| epoch   1 | 16800/21973 batches | ms/batch 86.44 | loss  1.24 | bpb  1.79 | lr 5.00e-05 | updates 16801

GPU Memory: Allocated=0.17GB, Reserved=2.33GB, Peak=2.33GB
| epoch   1 | 16850/21973 batches | ms/batch 86.44 | loss  1.24 | bpb  1.79 | lr 5.00e-05 | updates 16851

GPU Memory: Allocated=0.17GB, Reserved=2.33GB, Peak=2.33GB
| epoch   1 | 16900/21973 batches | ms/batch 86.44 | loss  1.24 | bpb  1.79 | lr 5.00e-05 | updates 16901

GPU Memory: Allocated=0.17GB, Reserved=2.33GB, Peak=2.33GB
| epoch   1 | 16950/21973 batches | ms/batch 86.44 | loss  1.24 | bpb  1.79 | lr 5.00e-05 | updates 16951

GPU Memory: Allocated=0.17GB, Reserved=2.33GB, Peak=2.33GB
| epoch   1 | 17000/21973 batches | ms/batch 86.44 | loss  1.24 | bpb  1.78 | lr 5.00e-05 | updates 17001

GPU Memory: Allocated=0.17GB, Reserved=2.33GB, Peak=2.33GB
| epoch   1 | 17050/21973 batches | ms/batch 86.44 | loss  1.24 | bpb  1.78 | lr 5.00e-05 | updates 17051

GPU Memory: Allocated=0.17GB, Reserved=2.33GB, Peak=2.33GB
| epoch   1 | 17100/21973 batches | ms/batch 86.44 | loss  1.24 | bpb  1.78 | lr 5.00e-05 | updates 17101

GPU Memory: Allocated=0.17GB, Reserved=2.33GB, Peak=2.33GB
| epoch   1 | 17150/21973 batches | ms/batch 86.44 | loss  1.24 | bpb  1.78 | lr 5.00e-05 | updates 17151

GPU Memory: Allocated=0.17GB, Reserved=2.33GB, Peak=2.33GB
| epoch   1 | 17200/21973 batches | ms/batch 86.44 | loss  1.24 | bpb  1.78 | lr 5.00e-05 | updates 17201

GPU Memory: Allocated=0.17GB, Reserved=2.33GB, Peak=2.33GB
| epoch   1 | 17250/21973 batches | ms/batch 86.44 | loss  1.24 | bpb  1.78 | lr 5.00e-05 | updates 17251

GPU Memory: Allocated=0.17GB, Reserved=2.33GB, Peak=2.33GB
| epoch   1 | 17300/21973 batches | ms/batch 86.44 | loss  1.24 | bpb  1.78 | lr 5.00e-05 | updates 17301

GPU Memory: Allocated=0.17GB, Reserved=2.33GB, Peak=2.33GB
| epoch   1 | 17350/21973 batches | ms/batch 86.44 | loss  1.24 | bpb  1.78 | lr 5.00e-05 | updates 17351

GPU Memory: Allocated=0.17GB, Reserved=2.33GB, Peak=2.33GB
| epoch   1 | 17400/21973 batches | ms/batch 86.44 | loss  1.24 | bpb  1.78 | lr 5.00e-05 | updates 17401

GPU Memory: Allocated=0.17GB, Reserved=2.33GB, Peak=2.33GB
| epoch   1 | 17450/21973 batches | ms/batch 86.44 | loss  1.24 | bpb  1.78 | lr 5.00e-05 | updates 17451

GPU Memory: Allocated=0.17GB, Reserved=2.33GB, Peak=2.33GB
| epoch   1 | 17500/21973 batches | ms/batch 86.43 | loss  1.24 | bpb  1.78 | lr 5.00e-05 | updates 17501

GPU Memory: Allocated=0.17GB, Reserved=2.33GB, Peak=2.33GB
| epoch   1 | 17550/21973 batches | ms/batch 86.44 | loss  1.24 | bpb  1.78 | lr 5.00e-05 | updates 17551

GPU Memory: Allocated=0.17GB, Reserved=2.33GB, Peak=2.33GB
| epoch   1 | 17600/21973 batches | ms/batch 86.44 | loss  1.24 | bpb  1.78 | lr 5.00e-05 | updates 17601

GPU Memory: Allocated=0.17GB, Reserved=2.33GB, Peak=2.33GB
| epoch   1 | 17650/21973 batches | ms/batch 86.44 | loss  1.23 | bpb  1.78 | lr 5.00e-05 | updates 17651

GPU Memory: Allocated=0.17GB, Reserved=2.33GB, Peak=2.33GB
| epoch   1 | 17700/21973 batches | ms/batch 86.44 | loss  1.23 | bpb  1.78 | lr 5.00e-05 | updates 17701

GPU Memory: Allocated=0.17GB, Reserved=2.33GB, Peak=2.33GB
| epoch   1 | 17750/21973 batches | ms/batch 86.43 | loss  1.23 | bpb  1.78 | lr 5.00e-05 | updates 17751

GPU Memory: Allocated=0.17GB, Reserved=2.33GB, Peak=2.33GB
| epoch   1 | 17800/21973 batches | ms/batch 86.43 | loss  1.23 | bpb  1.78 | lr 5.00e-05 | updates 17801

GPU Memory: Allocated=0.17GB, Reserved=2.33GB, Peak=2.33GB
| epoch   1 | 17850/21973 batches | ms/batch 86.43 | loss  1.23 | bpb  1.78 | lr 5.00e-05 | updates 17851

GPU Memory: Allocated=0.17GB, Reserved=2.33GB, Peak=2.33GB
| epoch   1 | 17900/21973 batches | ms/batch 86.43 | loss  1.23 | bpb  1.78 | lr 5.00e-05 | updates 17901

GPU Memory: Allocated=0.17GB, Reserved=2.33GB, Peak=2.33GB
| epoch   1 | 17950/21973 batches | ms/batch 86.43 | loss  1.23 | bpb  1.78 | lr 5.00e-05 | updates 17951

GPU Memory: Allocated=0.17GB, Reserved=2.33GB, Peak=2.33GB
| epoch   1 | 18000/21973 batches | ms/batch 86.43 | loss  1.23 | bpb  1.78 | lr 5.00e-05 | updates 18001

GPU Memory: Allocated=0.17GB, Reserved=2.33GB, Peak=2.33GB
| epoch   1 | 18050/21973 batches | ms/batch 86.43 | loss  1.23 | bpb  1.78 | lr 5.00e-05 | updates 18051

GPU Memory: Allocated=0.17GB, Reserved=2.33GB, Peak=2.33GB
| epoch   1 | 18100/21973 batches | ms/batch 86.43 | loss  1.23 | bpb  1.78 | lr 5.00e-05 | updates 18101

GPU Memory: Allocated=0.17GB, Reserved=2.33GB, Peak=2.33GB
| epoch   1 | 18150/21973 batches | ms/batch 86.43 | loss  1.23 | bpb  1.78 | lr 5.00e-05 | updates 18151

GPU Memory: Allocated=0.17GB, Reserved=2.33GB, Peak=2.33GB
| epoch   1 | 18200/21973 batches | ms/batch 86.43 | loss  1.23 | bpb  1.78 | lr 5.00e-05 | updates 18201

GPU Memory: Allocated=0.17GB, Reserved=2.33GB, Peak=2.33GB
| epoch   1 | 18250/21973 batches | ms/batch 86.43 | loss  1.23 | bpb  1.78 | lr 5.00e-05 | updates 18251

GPU Memory: Allocated=0.17GB, Reserved=2.33GB, Peak=2.33GB
| epoch   1 | 18300/21973 batches | ms/batch 86.43 | loss  1.23 | bpb  1.78 | lr 5.00e-05 | updates 18301

GPU Memory: Allocated=0.17GB, Reserved=2.33GB, Peak=2.33GB
| epoch   1 | 18350/21973 batches | ms/batch 86.43 | loss  1.23 | bpb  1.78 | lr 5.00e-05 | updates 18351

GPU Memory: Allocated=0.17GB, Reserved=2.33GB, Peak=2.33GB
| epoch   1 | 18400/21973 batches | ms/batch 86.43 | loss  1.23 | bpb  1.78 | lr 5.00e-05 | updates 18401

GPU Memory: Allocated=0.17GB, Reserved=2.33GB, Peak=2.33GB
| epoch   1 | 18450/21973 batches | ms/batch 86.42 | loss  1.23 | bpb  1.78 | lr 5.00e-05 | updates 18451

GPU Memory: Allocated=0.17GB, Reserved=2.33GB, Peak=2.33GB
| epoch   1 | 18500/21973 batches | ms/batch 86.42 | loss  1.23 | bpb  1.78 | lr 5.00e-05 | updates 18501

GPU Memory: Allocated=0.17GB, Reserved=2.33GB, Peak=2.33GB
| epoch   1 | 18550/21973 batches | ms/batch 86.43 | loss  1.23 | bpb  1.78 | lr 5.00e-05 | updates 18551

GPU Memory: Allocated=0.17GB, Reserved=2.33GB, Peak=2.33GB
| epoch   1 | 18600/21973 batches | ms/batch 86.43 | loss  1.23 | bpb  1.78 | lr 5.00e-05 | updates 18601

GPU Memory: Allocated=0.17GB, Reserved=2.33GB, Peak=2.33GB
| epoch   1 | 18650/21973 batches | ms/batch 86.42 | loss  1.23 | bpb  1.78 | lr 5.00e-05 | updates 18651

GPU Memory: Allocated=0.17GB, Reserved=2.33GB, Peak=2.33GB
| epoch   1 | 18700/21973 batches | ms/batch 86.42 | loss  1.23 | bpb  1.78 | lr 5.00e-05 | updates 18701

GPU Memory: Allocated=0.17GB, Reserved=2.33GB, Peak=2.33GB
| epoch   1 | 18750/21973 batches | ms/batch 86.42 | loss  1.23 | bpb  1.78 | lr 5.00e-05 | updates 18751

GPU Memory: Allocated=0.17GB, Reserved=2.33GB, Peak=2.33GB
| epoch   1 | 18800/21973 batches | ms/batch 86.42 | loss  1.23 | bpb  1.78 | lr 5.00e-05 | updates 18801

GPU Memory: Allocated=0.17GB, Reserved=2.33GB, Peak=2.33GB
| epoch   1 | 18850/21973 batches | ms/batch 86.42 | loss  1.23 | bpb  1.78 | lr 5.00e-05 | updates 18851

GPU Memory: Allocated=0.17GB, Reserved=2.33GB, Peak=2.33GB
| epoch   1 | 18900/21973 batches | ms/batch 86.42 | loss  1.23 | bpb  1.78 | lr 5.00e-05 | updates 18901

GPU Memory: Allocated=0.17GB, Reserved=2.33GB, Peak=2.33GB
| epoch   1 | 18950/21973 batches | ms/batch 86.42 | loss  1.23 | bpb  1.78 | lr 5.00e-05 | updates 18951

GPU Memory: Allocated=0.17GB, Reserved=2.33GB, Peak=2.33GB
| epoch   1 | 19000/21973 batches | ms/batch 86.42 | loss  1.23 | bpb  1.78 | lr 5.00e-05 | updates 19001

GPU Memory: Allocated=0.17GB, Reserved=2.33GB, Peak=2.33GB
| epoch   1 | 19050/21973 batches | ms/batch 86.42 | loss  1.23 | bpb  1.77 | lr 5.00e-05 | updates 19051

GPU Memory: Allocated=0.17GB, Reserved=2.33GB, Peak=2.33GB
| epoch   1 | 19100/21973 batches | ms/batch 86.42 | loss  1.23 | bpb  1.77 | lr 5.00e-05 | updates 19101

GPU Memory: Allocated=0.17GB, Reserved=2.33GB, Peak=2.33GB
| epoch   1 | 19150/21973 batches | ms/batch 86.42 | loss  1.23 | bpb  1.77 | lr 5.00e-05 | updates 19151

GPU Memory: Allocated=0.17GB, Reserved=2.33GB, Peak=2.33GB
| epoch   1 | 19200/21973 batches | ms/batch 86.42 | loss  1.23 | bpb  1.77 | lr 5.00e-05 | updates 19201

GPU Memory: Allocated=0.17GB, Reserved=2.33GB, Peak=2.33GB
| epoch   1 | 19250/21973 batches | ms/batch 86.42 | loss  1.23 | bpb  1.77 | lr 5.00e-05 | updates 19251

GPU Memory: Allocated=0.17GB, Reserved=2.33GB, Peak=2.33GB
| epoch   1 | 19300/21973 batches | ms/batch 86.42 | loss  1.23 | bpb  1.77 | lr 5.00e-05 | updates 19301

GPU Memory: Allocated=0.17GB, Reserved=2.33GB, Peak=2.33GB
| epoch   1 | 19350/21973 batches | ms/batch 86.42 | loss  1.23 | bpb  1.77 | lr 5.00e-05 | updates 19351

GPU Memory: Allocated=0.17GB, Reserved=2.33GB, Peak=2.33GB
| epoch   1 | 19400/21973 batches | ms/batch 86.42 | loss  1.23 | bpb  1.77 | lr 5.00e-05 | updates 19401

GPU Memory: Allocated=0.17GB, Reserved=2.33GB, Peak=2.33GB
| epoch   1 | 19450/21973 batches | ms/batch 86.42 | loss  1.23 | bpb  1.77 | lr 5.00e-05 | updates 19451

GPU Memory: Allocated=0.17GB, Reserved=2.33GB, Peak=2.33GB
| epoch   1 | 19500/21973 batches | ms/batch 86.42 | loss  1.23 | bpb  1.77 | lr 5.00e-05 | updates 19501

GPU Memory: Allocated=0.17GB, Reserved=2.33GB, Peak=2.33GB
| epoch   1 | 19550/21973 batches | ms/batch 86.42 | loss  1.23 | bpb  1.77 | lr 5.00e-05 | updates 19551

GPU Memory: Allocated=0.17GB, Reserved=2.33GB, Peak=2.33GB
| epoch   1 | 19600/21973 batches | ms/batch 86.42 | loss  1.23 | bpb  1.77 | lr 5.00e-05 | updates 19601

GPU Memory: Allocated=0.17GB, Reserved=2.33GB, Peak=2.33GB
| epoch   1 | 19650/21973 batches | ms/batch 86.42 | loss  1.23 | bpb  1.77 | lr 5.00e-05 | updates 19651

GPU Memory: Allocated=0.17GB, Reserved=2.33GB, Peak=2.33GB
| epoch   1 | 19700/21973 batches | ms/batch 86.42 | loss  1.23 | bpb  1.77 | lr 5.00e-05 | updates 19701

GPU Memory: Allocated=0.17GB, Reserved=2.33GB, Peak=2.33GB
| epoch   1 | 19750/21973 batches | ms/batch 86.42 | loss  1.23 | bpb  1.77 | lr 5.00e-05 | updates 19751

GPU Memory: Allocated=0.17GB, Reserved=2.33GB, Peak=2.33GB
| epoch   1 | 19800/21973 batches | ms/batch 86.42 | loss  1.23 | bpb  1.77 | lr 5.00e-05 | updates 19801

GPU Memory: Allocated=0.17GB, Reserved=2.33GB, Peak=2.33GB
| epoch   1 | 19850/21973 batches | ms/batch 86.42 | loss  1.23 | bpb  1.77 | lr 5.00e-05 | updates 19851

GPU Memory: Allocated=0.17GB, Reserved=2.33GB, Peak=2.33GB
| epoch   1 | 19900/21973 batches | ms/batch 86.42 | loss  1.23 | bpb  1.77 | lr 5.00e-05 | updates 19901

GPU Memory: Allocated=0.17GB, Reserved=2.33GB, Peak=2.33GB
| epoch   1 | 19950/21973 batches | ms/batch 86.42 | loss  1.23 | bpb  1.77 | lr 5.00e-05 | updates 19951

GPU Memory: Allocated=0.17GB, Reserved=2.33GB, Peak=2.33GB
| epoch   1 | 20000/21973 batches | ms/batch 86.42 | loss  1.23 | bpb  1.77 | lr 5.00e-05 | updates 20001

GPU Memory: Allocated=0.17GB, Reserved=2.33GB, Peak=2.33GB
| epoch   1 | 20050/21973 batches | ms/batch 86.42 | loss  1.23 | bpb  1.77 | lr 5.00e-05 | updates 20051

GPU Memory: Allocated=0.17GB, Reserved=2.33GB, Peak=2.33GB
| epoch   1 | 20100/21973 batches | ms/batch 86.42 | loss  1.23 | bpb  1.77 | lr 5.00e-05 | updates 20101

GPU Memory: Allocated=0.17GB, Reserved=2.33GB, Peak=2.33GB
| epoch   1 | 20150/21973 batches | ms/batch 86.42 | loss  1.23 | bpb  1.77 | lr 5.00e-05 | updates 20151

GPU Memory: Allocated=0.17GB, Reserved=2.33GB, Peak=2.33GB
| epoch   1 | 20200/21973 batches | ms/batch 86.42 | loss  1.23 | bpb  1.77 | lr 5.00e-05 | updates 20201

GPU Memory: Allocated=0.17GB, Reserved=2.33GB, Peak=2.33GB
| epoch   1 | 20250/21973 batches | ms/batch 86.42 | loss  1.23 | bpb  1.77 | lr 5.00e-05 | updates 20251

GPU Memory: Allocated=0.17GB, Reserved=2.33GB, Peak=2.33GB
| epoch   1 | 20300/21973 batches | ms/batch 86.42 | loss  1.23 | bpb  1.77 | lr 5.00e-05 | updates 20301

GPU Memory: Allocated=0.17GB, Reserved=2.33GB, Peak=2.33GB
| epoch   1 | 20350/21973 batches | ms/batch 86.42 | loss  1.23 | bpb  1.77 | lr 5.00e-05 | updates 20351

GPU Memory: Allocated=0.17GB, Reserved=2.33GB, Peak=2.33GB
| epoch   1 | 20400/21973 batches | ms/batch 86.42 | loss  1.23 | bpb  1.77 | lr 5.00e-05 | updates 20401

GPU Memory: Allocated=0.17GB, Reserved=2.33GB, Peak=2.33GB
| epoch   1 | 20450/21973 batches | ms/batch 86.42 | loss  1.23 | bpb  1.77 | lr 5.00e-05 | updates 20451

GPU Memory: Allocated=0.17GB, Reserved=2.33GB, Peak=2.33GB
| epoch   1 | 20500/21973 batches | ms/batch 86.42 | loss  1.23 | bpb  1.77 | lr 5.00e-05 | updates 20501

GPU Memory: Allocated=0.17GB, Reserved=2.33GB, Peak=2.33GB
| epoch   1 | 20550/21973 batches | ms/batch 86.42 | loss  1.23 | bpb  1.77 | lr 5.00e-05 | updates 20551

GPU Memory: Allocated=0.17GB, Reserved=2.33GB, Peak=2.33GB
| epoch   1 | 20600/21973 batches | ms/batch 86.42 | loss  1.23 | bpb  1.77 | lr 5.00e-05 | updates 20601

GPU Memory: Allocated=0.17GB, Reserved=2.33GB, Peak=2.33GB
| epoch   1 | 20650/21973 batches | ms/batch 86.42 | loss  1.23 | bpb  1.77 | lr 5.00e-05 | updates 20651

GPU Memory: Allocated=0.17GB, Reserved=2.33GB, Peak=2.33GB
| epoch   1 | 20700/21973 batches | ms/batch 86.42 | loss  1.23 | bpb  1.77 | lr 5.00e-05 | updates 20701

GPU Memory: Allocated=0.17GB, Reserved=2.33GB, Peak=2.33GB
| epoch   1 | 20750/21973 batches | ms/batch 86.42 | loss  1.23 | bpb  1.77 | lr 5.00e-05 | updates 20751

GPU Memory: Allocated=0.17GB, Reserved=2.33GB, Peak=2.33GB
| epoch   1 | 20800/21973 batches | ms/batch 86.42 | loss  1.23 | bpb  1.77 | lr 5.00e-05 | updates 20801

GPU Memory: Allocated=0.17GB, Reserved=2.33GB, Peak=2.33GB
| epoch   1 | 20850/21973 batches | ms/batch 86.42 | loss  1.23 | bpb  1.77 | lr 5.00e-05 | updates 20851

GPU Memory: Allocated=0.17GB, Reserved=2.33GB, Peak=2.33GB
| epoch   1 | 20900/21973 batches | ms/batch 86.42 | loss  1.23 | bpb  1.77 | lr 5.00e-05 | updates 20901

GPU Memory: Allocated=0.17GB, Reserved=2.33GB, Peak=2.33GB
| epoch   1 | 20950/21973 batches | ms/batch 86.42 | loss  1.23 | bpb  1.77 | lr 5.00e-05 | updates 20951

GPU Memory: Allocated=0.17GB, Reserved=2.33GB, Peak=2.33GB
| epoch   1 | 21000/21973 batches | ms/batch 86.42 | loss  1.22 | bpb  1.77 | lr 5.00e-05 | updates 21001

GPU Memory: Allocated=0.17GB, Reserved=2.33GB, Peak=2.33GB
| epoch   1 | 21050/21973 batches | ms/batch 86.42 | loss  1.22 | bpb  1.77 | lr 5.00e-05 | updates 21051

GPU Memory: Allocated=0.17GB, Reserved=2.33GB, Peak=2.33GB
| epoch   1 | 21100/21973 batches | ms/batch 86.42 | loss  1.22 | bpb  1.77 | lr 5.00e-05 | updates 21101

GPU Memory: Allocated=0.17GB, Reserved=2.33GB, Peak=2.33GB
| epoch   1 | 21150/21973 batches | ms/batch 86.42 | loss  1.22 | bpb  1.77 | lr 5.00e-05 | updates 21151

GPU Memory: Allocated=0.17GB, Reserved=2.33GB, Peak=2.33GB
| epoch   1 | 21200/21973 batches | ms/batch 86.42 | loss  1.22 | bpb  1.77 | lr 5.00e-05 | updates 21201

GPU Memory: Allocated=0.17GB, Reserved=2.33GB, Peak=2.33GB
| epoch   1 | 21250/21973 batches | ms/batch 86.42 | loss  1.22 | bpb  1.77 | lr 5.00e-05 | updates 21251

GPU Memory: Allocated=0.17GB, Reserved=2.33GB, Peak=2.33GB
| epoch   1 | 21300/21973 batches | ms/batch 86.42 | loss  1.22 | bpb  1.77 | lr 5.00e-05 | updates 21301

GPU Memory: Allocated=0.17GB, Reserved=2.33GB, Peak=2.33GB
| epoch   1 | 21350/21973 batches | ms/batch 86.42 | loss  1.22 | bpb  1.77 | lr 5.00e-05 | updates 21351

GPU Memory: Allocated=0.17GB, Reserved=2.33GB, Peak=2.33GB
| epoch   1 | 21400/21973 batches | ms/batch 86.42 | loss  1.22 | bpb  1.77 | lr 5.00e-05 | updates 21401

GPU Memory: Allocated=0.17GB, Reserved=2.33GB, Peak=2.33GB
| epoch   1 | 21450/21973 batches | ms/batch 86.42 | loss  1.22 | bpb  1.77 | lr 5.00e-05 | updates 21451

GPU Memory: Allocated=0.17GB, Reserved=2.33GB, Peak=2.33GB
| epoch   1 | 21500/21973 batches | ms/batch 86.42 | loss  1.22 | bpb  1.77 | lr 5.00e-05 | updates 21501

GPU Memory: Allocated=0.17GB, Reserved=2.33GB, Peak=2.33GB
| epoch   1 | 21550/21973 batches | ms/batch 86.42 | loss  1.22 | bpb  1.77 | lr 5.00e-05 | updates 21551

GPU Memory: Allocated=0.17GB, Reserved=2.33GB, Peak=2.33GB
| epoch   1 | 21600/21973 batches | ms/batch 86.42 | loss  1.22 | bpb  1.77 | lr 5.00e-05 | updates 21601

GPU Memory: Allocated=0.17GB, Reserved=2.33GB, Peak=2.33GB
| epoch   1 | 21650/21973 batches | ms/batch 86.42 | loss  1.22 | bpb  1.76 | lr 5.00e-05 | updates 21651

GPU Memory: Allocated=0.17GB, Reserved=2.33GB, Peak=2.33GB
| epoch   1 | 21700/21973 batches | ms/batch 86.42 | loss  1.22 | bpb  1.76 | lr 5.00e-05 | updates 21701

GPU Memory: Allocated=0.17GB, Reserved=2.33GB, Peak=2.33GB
| epoch   1 | 21750/21973 batches | ms/batch 86.42 | loss  1.22 | bpb  1.76 | lr 5.00e-05 | updates 21751

GPU Memory: Allocated=0.17GB, Reserved=2.33GB, Peak=2.33GB
| epoch   1 | 21800/21973 batches | ms/batch 86.42 | loss  1.22 | bpb  1.76 | lr 5.00e-05 | updates 21801

GPU Memory: Allocated=0.17GB, Reserved=2.33GB, Peak=2.33GB
| epoch   1 | 21850/21973 batches | ms/batch 86.42 | loss  1.22 | bpb  1.76 | lr 5.00e-05 | updates 21851

GPU Memory: Allocated=0.17GB, Reserved=2.33GB, Peak=2.33GB
| epoch   1 | 21900/21973 batches | ms/batch 86.42 | loss  1.22 | bpb  1.76 | lr 5.00e-05 | updates 21901

GPU Memory: Allocated=0.17GB, Reserved=2.33GB, Peak=2.33GB
| epoch   1 | 21950/21973 batches | ms/batch 86.42 | loss  1.22 | bpb  1.76 | lr 5.00e-05 | updates 21951

GPU Memory: Allocated=0.17GB, Reserved=2.33GB, Peak=2.33GB
-----------------------------------------------------------------------------------------
| end of epoch   1 | time: 1922.90s | valid loss  0.09 | valid bpb  0.14
-----------------------------------------------------------------------------------------
| saved checkpoint with val_loss  0.09
| epoch   2 |     0/21973 batches | ms/batch 176.20 | loss  1.16 | bpb  1.67 | lr 5.00e-05 | updates 1

GPU Memory: Allocated=0.17GB, Reserved=2.33GB, Peak=2.33GB
| epoch   2 |    50/21973 batches | ms/batch 89.74 | loss  1.17 | bpb  1.69 | lr 5.00e-05 | updates 51

GPU Memory: Allocated=0.17GB, Reserved=2.33GB, Peak=2.33GB
| epoch   2 |   100/21973 batches | ms/batch 87.96 | loss  1.17 | bpb  1.69 | lr 5.00e-05 | updates 101

GPU Memory: Allocated=0.17GB, Reserved=2.33GB, Peak=2.33GB
| epoch   2 |   150/21973 batches | ms/batch 87.34 | loss  1.17 | bpb  1.69 | lr 5.00e-05 | updates 151

GPU Memory: Allocated=0.17GB, Reserved=2.33GB, Peak=2.33GB
| epoch   2 |   200/21973 batches | ms/batch 87.04 | loss  1.17 | bpb  1.69 | lr 5.00e-05 | updates 201

GPU Memory: Allocated=0.17GB, Reserved=2.33GB, Peak=2.33GB
| epoch   2 |   250/21973 batches | ms/batch 86.86 | loss  1.17 | bpb  1.69 | lr 5.00e-05 | updates 251

GPU Memory: Allocated=0.17GB, Reserved=2.33GB, Peak=2.33GB
| epoch   2 |   300/21973 batches | ms/batch 86.74 | loss  1.17 | bpb  1.69 | lr 5.00e-05 | updates 301

GPU Memory: Allocated=0.17GB, Reserved=2.33GB, Peak=2.33GB
| epoch   2 |   350/21973 batches | ms/batch 86.64 | loss  1.17 | bpb  1.69 | lr 5.00e-05 | updates 351

GPU Memory: Allocated=0.17GB, Reserved=2.33GB, Peak=2.33GB
| epoch   2 |   400/21973 batches | ms/batch 86.57 | loss  1.17 | bpb  1.69 | lr 5.00e-05 | updates 401

GPU Memory: Allocated=0.17GB, Reserved=2.33GB, Peak=2.33GB
| epoch   2 |   450/21973 batches | ms/batch 86.52 | loss  1.17 | bpb  1.69 | lr 5.00e-05 | updates 451

GPU Memory: Allocated=0.17GB, Reserved=2.33GB, Peak=2.33GB
| epoch   2 |   500/21973 batches | ms/batch 86.48 | loss  1.17 | bpb  1.69 | lr 5.00e-05 | updates 501

GPU Memory: Allocated=0.17GB, Reserved=2.33GB, Peak=2.33GB
| epoch   2 |   550/21973 batches | ms/batch 86.57 | loss  1.17 | bpb  1.69 | lr 5.00e-05 | updates 551

GPU Memory: Allocated=0.17GB, Reserved=2.33GB, Peak=2.33GB
| epoch   2 |   600/21973 batches | ms/batch 86.53 | loss  1.17 | bpb  1.69 | lr 5.00e-05 | updates 601

GPU Memory: Allocated=0.17GB, Reserved=2.33GB, Peak=2.33GB
| epoch   2 |   650/21973 batches | ms/batch 86.50 | loss  1.17 | bpb  1.69 | lr 5.00e-05 | updates 651

GPU Memory: Allocated=0.17GB, Reserved=2.33GB, Peak=2.33GB
| epoch   2 |   700/21973 batches | ms/batch 86.47 | loss  1.17 | bpb  1.69 | lr 5.00e-05 | updates 701

GPU Memory: Allocated=0.17GB, Reserved=2.33GB, Peak=2.33GB
| epoch   2 |   750/21973 batches | ms/batch 86.44 | loss  1.17 | bpb  1.69 | lr 5.00e-05 | updates 751

GPU Memory: Allocated=0.17GB, Reserved=2.33GB, Peak=2.33GB
| epoch   2 |   800/21973 batches | ms/batch 86.42 | loss  1.17 | bpb  1.69 | lr 5.00e-05 | updates 801

GPU Memory: Allocated=0.17GB, Reserved=2.33GB, Peak=2.33GB
| epoch   2 |   850/21973 batches | ms/batch 86.40 | loss  1.17 | bpb  1.69 | lr 5.00e-05 | updates 851

GPU Memory: Allocated=0.17GB, Reserved=2.33GB, Peak=2.33GB
| epoch   2 |   900/21973 batches | ms/batch 86.39 | loss  1.17 | bpb  1.69 | lr 5.00e-05 | updates 901

GPU Memory: Allocated=0.17GB, Reserved=2.33GB, Peak=2.33GB
| epoch   2 |   950/21973 batches | ms/batch 86.37 | loss  1.17 | bpb  1.69 | lr 5.00e-05 | updates 951

GPU Memory: Allocated=0.17GB, Reserved=2.33GB, Peak=2.33GB
| epoch   2 |  1000/21973 batches | ms/batch 86.36 | loss  1.17 | bpb  1.69 | lr 5.00e-05 | updates 1001

GPU Memory: Allocated=0.17GB, Reserved=2.33GB, Peak=2.33GB
| epoch   2 |  1050/21973 batches | ms/batch 86.42 | loss  1.17 | bpb  1.69 | lr 5.00e-05 | updates 1051

GPU Memory: Allocated=0.17GB, Reserved=2.33GB, Peak=2.33GB
| epoch   2 |  1100/21973 batches | ms/batch 86.40 | loss  1.17 | bpb  1.69 | lr 5.00e-05 | updates 1101

GPU Memory: Allocated=0.17GB, Reserved=2.33GB, Peak=2.33GB
| epoch   2 |  1150/21973 batches | ms/batch 86.39 | loss  1.17 | bpb  1.69 | lr 5.00e-05 | updates 1151

GPU Memory: Allocated=0.17GB, Reserved=2.33GB, Peak=2.33GB
| epoch   2 |  1200/21973 batches | ms/batch 86.38 | loss  1.17 | bpb  1.69 | lr 5.00e-05 | updates 1201

GPU Memory: Allocated=0.17GB, Reserved=2.33GB, Peak=2.33GB
| epoch   2 |  1250/21973 batches | ms/batch 86.36 | loss  1.17 | bpb  1.69 | lr 5.00e-05 | updates 1251

GPU Memory: Allocated=0.17GB, Reserved=2.33GB, Peak=2.33GB
| epoch   2 |  1300/21973 batches | ms/batch 86.35 | loss  1.17 | bpb  1.69 | lr 5.00e-05 | updates 1301

GPU Memory: Allocated=0.17GB, Reserved=2.33GB, Peak=2.33GB
| epoch   2 |  1350/21973 batches | ms/batch 86.34 | loss  1.17 | bpb  1.69 | lr 5.00e-05 | updates 1351

GPU Memory: Allocated=0.17GB, Reserved=2.33GB, Peak=2.33GB
| epoch   2 |  1400/21973 batches | ms/batch 86.33 | loss  1.17 | bpb  1.69 | lr 5.00e-05 | updates 1401

GPU Memory: Allocated=0.17GB, Reserved=2.33GB, Peak=2.33GB
| epoch   2 |  1450/21973 batches | ms/batch 86.32 | loss  1.17 | bpb  1.69 | lr 5.00e-05 | updates 1451

GPU Memory: Allocated=0.17GB, Reserved=2.33GB, Peak=2.33GB
| epoch   2 |  1500/21973 batches | ms/batch 86.31 | loss  1.17 | bpb  1.69 | lr 5.00e-05 | updates 1501

GPU Memory: Allocated=0.17GB, Reserved=2.33GB, Peak=2.33GB
| epoch   2 |  1550/21973 batches | ms/batch 86.35 | loss  1.17 | bpb  1.69 | lr 5.00e-05 | updates 1551

GPU Memory: Allocated=0.17GB, Reserved=2.33GB, Peak=2.33GB
| epoch   2 |  1600/21973 batches | ms/batch 86.34 | loss  1.17 | bpb  1.69 | lr 5.00e-05 | updates 1601

GPU Memory: Allocated=0.17GB, Reserved=2.33GB, Peak=2.33GB
| epoch   2 |  1650/21973 batches | ms/batch 86.33 | loss  1.17 | bpb  1.69 | lr 5.00e-05 | updates 1651

GPU Memory: Allocated=0.17GB, Reserved=2.33GB, Peak=2.33GB
| epoch   2 |  1700/21973 batches | ms/batch 86.33 | loss  1.17 | bpb  1.69 | lr 5.00e-05 | updates 1701

GPU Memory: Allocated=0.17GB, Reserved=2.33GB, Peak=2.33GB
| epoch   2 |  1750/21973 batches | ms/batch 86.32 | loss  1.17 | bpb  1.69 | lr 5.00e-05 | updates 1751

GPU Memory: Allocated=0.17GB, Reserved=2.33GB, Peak=2.33GB
| epoch   2 |  1800/21973 batches | ms/batch 86.31 | loss  1.17 | bpb  1.69 | lr 5.00e-05 | updates 1801

GPU Memory: Allocated=0.17GB, Reserved=2.33GB, Peak=2.33GB
| epoch   2 |  1850/21973 batches | ms/batch 86.31 | loss  1.17 | bpb  1.69 | lr 5.00e-05 | updates 1851

GPU Memory: Allocated=0.17GB, Reserved=2.33GB, Peak=2.33GB
| epoch   2 |  1900/21973 batches | ms/batch 86.30 | loss  1.17 | bpb  1.69 | lr 5.00e-05 | updates 1901

GPU Memory: Allocated=0.17GB, Reserved=2.33GB, Peak=2.33GB
| epoch   2 |  1950/21973 batches | ms/batch 86.30 | loss  1.17 | bpb  1.69 | lr 5.00e-05 | updates 1951

GPU Memory: Allocated=0.17GB, Reserved=2.33GB, Peak=2.33GB
| epoch   2 |  2000/21973 batches | ms/batch 86.29 | loss  1.17 | bpb  1.69 | lr 5.00e-05 | updates 2001

GPU Memory: Allocated=0.17GB, Reserved=2.33GB, Peak=2.33GB
| epoch   2 |  2050/21973 batches | ms/batch 86.33 | loss  1.17 | bpb  1.69 | lr 5.00e-05 | updates 2051

GPU Memory: Allocated=0.17GB, Reserved=2.33GB, Peak=2.33GB
| epoch   2 |  2100/21973 batches | ms/batch 86.32 | loss  1.17 | bpb  1.69 | lr 5.00e-05 | updates 2101

GPU Memory: Allocated=0.17GB, Reserved=2.33GB, Peak=2.33GB
| epoch   2 |  2150/21973 batches | ms/batch 86.31 | loss  1.17 | bpb  1.69 | lr 5.00e-05 | updates 2151

GPU Memory: Allocated=0.17GB, Reserved=2.33GB, Peak=2.33GB
| epoch   2 |  2200/21973 batches | ms/batch 86.31 | loss  1.17 | bpb  1.69 | lr 5.00e-05 | updates 2201

GPU Memory: Allocated=0.17GB, Reserved=2.33GB, Peak=2.33GB
| epoch   2 |  2250/21973 batches | ms/batch 86.30 | loss  1.17 | bpb  1.69 | lr 5.00e-05 | updates 2251

GPU Memory: Allocated=0.17GB, Reserved=2.33GB, Peak=2.33GB
| epoch   2 |  2300/21973 batches | ms/batch 86.29 | loss  1.17 | bpb  1.69 | lr 5.00e-05 | updates 2301

GPU Memory: Allocated=0.17GB, Reserved=2.33GB, Peak=2.33GB
| epoch   2 |  2350/21973 batches | ms/batch 86.29 | loss  1.17 | bpb  1.69 | lr 5.00e-05 | updates 2351

GPU Memory: Allocated=0.17GB, Reserved=2.33GB, Peak=2.33GB
| epoch   2 |  2400/21973 batches | ms/batch 86.28 | loss  1.17 | bpb  1.69 | lr 5.00e-05 | updates 2401

GPU Memory: Allocated=0.17GB, Reserved=2.33GB, Peak=2.33GB
| epoch   2 |  2450/21973 batches | ms/batch 86.28 | loss  1.17 | bpb  1.69 | lr 5.00e-05 | updates 2451

GPU Memory: Allocated=0.17GB, Reserved=2.33GB, Peak=2.33GB
| epoch   2 |  2500/21973 batches | ms/batch 86.27 | loss  1.17 | bpb  1.69 | lr 5.00e-05 | updates 2501

GPU Memory: Allocated=0.17GB, Reserved=2.33GB, Peak=2.33GB
| epoch   2 |  2550/21973 batches | ms/batch 86.29 | loss  1.17 | bpb  1.69 | lr 5.00e-05 | updates 2551

GPU Memory: Allocated=0.17GB, Reserved=2.33GB, Peak=2.33GB
| epoch   2 |  2600/21973 batches | ms/batch 86.29 | loss  1.17 | bpb  1.69 | lr 5.00e-05 | updates 2601

GPU Memory: Allocated=0.17GB, Reserved=2.33GB, Peak=2.33GB
| epoch   2 |  2650/21973 batches | ms/batch 86.28 | loss  1.17 | bpb  1.69 | lr 5.00e-05 | updates 2651

GPU Memory: Allocated=0.17GB, Reserved=2.33GB, Peak=2.33GB
| epoch   2 |  2700/21973 batches | ms/batch 86.28 | loss  1.17 | bpb  1.69 | lr 5.00e-05 | updates 2701

GPU Memory: Allocated=0.17GB, Reserved=2.33GB, Peak=2.33GB
| epoch   2 |  2750/21973 batches | ms/batch 86.27 | loss  1.17 | bpb  1.69 | lr 5.00e-05 | updates 2751

GPU Memory: Allocated=0.17GB, Reserved=2.33GB, Peak=2.33GB
| epoch   2 |  2800/21973 batches | ms/batch 86.27 | loss  1.17 | bpb  1.69 | lr 5.00e-05 | updates 2801

GPU Memory: Allocated=0.17GB, Reserved=2.33GB, Peak=2.33GB
| epoch   2 |  2850/21973 batches | ms/batch 86.27 | loss  1.17 | bpb  1.69 | lr 5.00e-05 | updates 2851

GPU Memory: Allocated=0.17GB, Reserved=2.33GB, Peak=2.33GB
| epoch   2 |  2900/21973 batches | ms/batch 86.26 | loss  1.17 | bpb  1.69 | lr 5.00e-05 | updates 2901

GPU Memory: Allocated=0.17GB, Reserved=2.33GB, Peak=2.33GB
| epoch   2 |  2950/21973 batches | ms/batch 86.26 | loss  1.17 | bpb  1.69 | lr 5.00e-05 | updates 2951

GPU Memory: Allocated=0.17GB, Reserved=2.33GB, Peak=2.33GB
| epoch   2 |  3000/21973 batches | ms/batch 86.25 | loss  1.17 | bpb  1.69 | lr 5.00e-05 | updates 3001

GPU Memory: Allocated=0.17GB, Reserved=2.33GB, Peak=2.33GB
| epoch   2 |  3050/21973 batches | ms/batch 86.28 | loss  1.17 | bpb  1.69 | lr 5.00e-05 | updates 3051

GPU Memory: Allocated=0.17GB, Reserved=2.33GB, Peak=2.33GB
| epoch   2 |  3100/21973 batches | ms/batch 86.28 | loss  1.17 | bpb  1.69 | lr 5.00e-05 | updates 3101

GPU Memory: Allocated=0.17GB, Reserved=2.33GB, Peak=2.33GB
| epoch   2 |  3150/21973 batches | ms/batch 86.27 | loss  1.17 | bpb  1.69 | lr 5.00e-05 | updates 3151

GPU Memory: Allocated=0.17GB, Reserved=2.33GB, Peak=2.33GB
| epoch   2 |  3200/21973 batches | ms/batch 86.27 | loss  1.17 | bpb  1.69 | lr 5.00e-05 | updates 3201

GPU Memory: Allocated=0.17GB, Reserved=2.33GB, Peak=2.33GB
| epoch   2 |  3250/21973 batches | ms/batch 86.27 | loss  1.17 | bpb  1.69 | lr 5.00e-05 | updates 3251

GPU Memory: Allocated=0.17GB, Reserved=2.33GB, Peak=2.33GB
| epoch   2 |  3300/21973 batches | ms/batch 86.27 | loss  1.17 | bpb  1.69 | lr 5.00e-05 | updates 3301

GPU Memory: Allocated=0.17GB, Reserved=2.33GB, Peak=2.33GB
| epoch   2 |  3350/21973 batches | ms/batch 86.27 | loss  1.17 | bpb  1.69 | lr 5.00e-05 | updates 3351

GPU Memory: Allocated=0.17GB, Reserved=2.33GB, Peak=2.33GB
| epoch   2 |  3400/21973 batches | ms/batch 86.26 | loss  1.17 | bpb  1.69 | lr 5.00e-05 | updates 3401

GPU Memory: Allocated=0.17GB, Reserved=2.33GB, Peak=2.33GB
| epoch   2 |  3450/21973 batches | ms/batch 86.26 | loss  1.17 | bpb  1.69 | lr 5.00e-05 | updates 3451

GPU Memory: Allocated=0.17GB, Reserved=2.33GB, Peak=2.33GB
| epoch   2 |  3500/21973 batches | ms/batch 86.26 | loss  1.17 | bpb  1.69 | lr 5.00e-05 | updates 3501

GPU Memory: Allocated=0.17GB, Reserved=2.33GB, Peak=2.33GB
| epoch   2 |  3550/21973 batches | ms/batch 86.28 | loss  1.17 | bpb  1.69 | lr 5.00e-05 | updates 3551

GPU Memory: Allocated=0.17GB, Reserved=2.33GB, Peak=2.33GB
| epoch   2 |  3600/21973 batches | ms/batch 86.28 | loss  1.17 | bpb  1.69 | lr 5.00e-05 | updates 3601

GPU Memory: Allocated=0.17GB, Reserved=2.33GB, Peak=2.33GB
| epoch   2 |  3650/21973 batches | ms/batch 86.27 | loss  1.17 | bpb  1.69 | lr 5.00e-05 | updates 3651

GPU Memory: Allocated=0.17GB, Reserved=2.33GB, Peak=2.33GB
| epoch   2 |  3700/21973 batches | ms/batch 86.27 | loss  1.17 | bpb  1.69 | lr 5.00e-05 | updates 3701

GPU Memory: Allocated=0.17GB, Reserved=2.33GB, Peak=2.33GB
| epoch   2 |  3750/21973 batches | ms/batch 86.27 | loss  1.17 | bpb  1.69 | lr 5.00e-05 | updates 3751

GPU Memory: Allocated=0.17GB, Reserved=2.33GB, Peak=2.33GB
| epoch   2 |  3800/21973 batches | ms/batch 86.27 | loss  1.17 | bpb  1.69 | lr 5.00e-05 | updates 3801

GPU Memory: Allocated=0.17GB, Reserved=2.33GB, Peak=2.33GB
| epoch   2 |  3850/21973 batches | ms/batch 86.27 | loss  1.17 | bpb  1.69 | lr 5.00e-05 | updates 3851

GPU Memory: Allocated=0.17GB, Reserved=2.33GB, Peak=2.33GB
| epoch   2 |  3900/21973 batches | ms/batch 86.27 | loss  1.17 | bpb  1.69 | lr 5.00e-05 | updates 3901

GPU Memory: Allocated=0.17GB, Reserved=2.33GB, Peak=2.33GB
| epoch   2 |  3950/21973 batches | ms/batch 86.27 | loss  1.17 | bpb  1.69 | lr 5.00e-05 | updates 3951

GPU Memory: Allocated=0.17GB, Reserved=2.33GB, Peak=2.33GB
| epoch   2 |  4000/21973 batches | ms/batch 86.26 | loss  1.17 | bpb  1.69 | lr 5.00e-05 | updates 4001

GPU Memory: Allocated=0.17GB, Reserved=2.33GB, Peak=2.33GB
| epoch   2 |  4050/21973 batches | ms/batch 86.28 | loss  1.17 | bpb  1.69 | lr 5.00e-05 | updates 4051

GPU Memory: Allocated=0.17GB, Reserved=2.33GB, Peak=2.33GB
| epoch   2 |  4100/21973 batches | ms/batch 86.28 | loss  1.17 | bpb  1.69 | lr 5.00e-05 | updates 4101

GPU Memory: Allocated=0.17GB, Reserved=2.33GB, Peak=2.33GB
| epoch   2 |  4150/21973 batches | ms/batch 86.28 | loss  1.17 | bpb  1.69 | lr 5.00e-05 | updates 4151

GPU Memory: Allocated=0.17GB, Reserved=2.33GB, Peak=2.33GB
| epoch   2 |  4200/21973 batches | ms/batch 86.28 | loss  1.17 | bpb  1.69 | lr 5.00e-05 | updates 4201

GPU Memory: Allocated=0.17GB, Reserved=2.33GB, Peak=2.33GB
| epoch   2 |  4250/21973 batches | ms/batch 86.28 | loss  1.17 | bpb  1.69 | lr 5.00e-05 | updates 4251

GPU Memory: Allocated=0.17GB, Reserved=2.33GB, Peak=2.33GB
| epoch   2 |  4300/21973 batches | ms/batch 86.27 | loss  1.17 | bpb  1.69 | lr 5.00e-05 | updates 4301

GPU Memory: Allocated=0.17GB, Reserved=2.33GB, Peak=2.33GB
| epoch   2 |  4350/21973 batches | ms/batch 86.27 | loss  1.17 | bpb  1.69 | lr 5.00e-05 | updates 4351

GPU Memory: Allocated=0.17GB, Reserved=2.33GB, Peak=2.33GB
| epoch   2 |  4400/21973 batches | ms/batch 86.27 | loss  1.17 | bpb  1.69 | lr 5.00e-05 | updates 4401

GPU Memory: Allocated=0.17GB, Reserved=2.33GB, Peak=2.33GB
| epoch   2 |  4450/21973 batches | ms/batch 86.27 | loss  1.17 | bpb  1.69 | lr 5.00e-05 | updates 4451

GPU Memory: Allocated=0.17GB, Reserved=2.33GB, Peak=2.33GB
| epoch   2 |  4500/21973 batches | ms/batch 86.27 | loss  1.17 | bpb  1.69 | lr 5.00e-05 | updates 4501

GPU Memory: Allocated=0.17GB, Reserved=2.33GB, Peak=2.33GB
| epoch   2 |  4550/21973 batches | ms/batch 86.28 | loss  1.17 | bpb  1.69 | lr 5.00e-05 | updates 4551

GPU Memory: Allocated=0.17GB, Reserved=2.33GB, Peak=2.33GB
| epoch   2 |  4600/21973 batches | ms/batch 86.28 | loss  1.17 | bpb  1.69 | lr 5.00e-05 | updates 4601

GPU Memory: Allocated=0.17GB, Reserved=2.33GB, Peak=2.33GB
| epoch   2 |  4650/21973 batches | ms/batch 86.28 | loss  1.17 | bpb  1.69 | lr 5.00e-05 | updates 4651

GPU Memory: Allocated=0.17GB, Reserved=2.33GB, Peak=2.33GB
| epoch   2 |  4700/21973 batches | ms/batch 86.28 | loss  1.17 | bpb  1.69 | lr 5.00e-05 | updates 4701

GPU Memory: Allocated=0.17GB, Reserved=2.33GB, Peak=2.33GB
| epoch   2 |  4750/21973 batches | ms/batch 86.28 | loss  1.17 | bpb  1.69 | lr 5.00e-05 | updates 4751

GPU Memory: Allocated=0.17GB, Reserved=2.33GB, Peak=2.33GB
| epoch   2 |  4800/21973 batches | ms/batch 86.28 | loss  1.17 | bpb  1.69 | lr 5.00e-05 | updates 4801

GPU Memory: Allocated=0.17GB, Reserved=2.33GB, Peak=2.33GB
| epoch   2 |  4850/21973 batches | ms/batch 86.28 | loss  1.17 | bpb  1.69 | lr 5.00e-05 | updates 4851

GPU Memory: Allocated=0.17GB, Reserved=2.33GB, Peak=2.33GB
| epoch   2 |  4900/21973 batches | ms/batch 86.28 | loss  1.17 | bpb  1.69 | lr 5.00e-05 | updates 4901

GPU Memory: Allocated=0.17GB, Reserved=2.33GB, Peak=2.33GB
| epoch   2 |  4950/21973 batches | ms/batch 86.28 | loss  1.17 | bpb  1.69 | lr 5.00e-05 | updates 4951

GPU Memory: Allocated=0.17GB, Reserved=2.33GB, Peak=2.33GB
| epoch   2 |  5000/21973 batches | ms/batch 86.27 | loss  1.17 | bpb  1.69 | lr 5.00e-05 | updates 5001

GPU Memory: Allocated=0.17GB, Reserved=2.33GB, Peak=2.33GB
| epoch   2 |  5050/21973 batches | ms/batch 86.29 | loss  1.17 | bpb  1.69 | lr 5.00e-05 | updates 5051

GPU Memory: Allocated=0.17GB, Reserved=2.33GB, Peak=2.33GB
| epoch   2 |  5100/21973 batches | ms/batch 86.29 | loss  1.17 | bpb  1.69 | lr 5.00e-05 | updates 5101

GPU Memory: Allocated=0.17GB, Reserved=2.33GB, Peak=2.33GB
| epoch   2 |  5150/21973 batches | ms/batch 86.29 | loss  1.17 | bpb  1.69 | lr 5.00e-05 | updates 5151

GPU Memory: Allocated=0.17GB, Reserved=2.33GB, Peak=2.33GB
| epoch   2 |  5200/21973 batches | ms/batch 86.29 | loss  1.17 | bpb  1.69 | lr 5.00e-05 | updates 5201

GPU Memory: Allocated=0.17GB, Reserved=2.33GB, Peak=2.33GB
| epoch   2 |  5250/21973 batches | ms/batch 86.28 | loss  1.17 | bpb  1.69 | lr 5.00e-05 | updates 5251

GPU Memory: Allocated=0.17GB, Reserved=2.33GB, Peak=2.33GB
| epoch   2 |  5300/21973 batches | ms/batch 86.28 | loss  1.17 | bpb  1.69 | lr 5.00e-05 | updates 5301

GPU Memory: Allocated=0.17GB, Reserved=2.33GB, Peak=2.33GB
| epoch   2 |  5350/21973 batches | ms/batch 86.28 | loss  1.17 | bpb  1.69 | lr 5.00e-05 | updates 5351

GPU Memory: Allocated=0.17GB, Reserved=2.33GB, Peak=2.33GB
| epoch   2 |  5400/21973 batches | ms/batch 86.28 | loss  1.17 | bpb  1.69 | lr 5.00e-05 | updates 5401

GPU Memory: Allocated=0.17GB, Reserved=2.33GB, Peak=2.33GB
| epoch   2 |  5450/21973 batches | ms/batch 86.28 | loss  1.17 | bpb  1.69 | lr 5.00e-05 | updates 5451

GPU Memory: Allocated=0.17GB, Reserved=2.33GB, Peak=2.33GB
| epoch   2 |  5500/21973 batches | ms/batch 86.28 | loss  1.17 | bpb  1.69 | lr 5.00e-05 | updates 5501

GPU Memory: Allocated=0.17GB, Reserved=2.33GB, Peak=2.33GB
| epoch   2 |  5550/21973 batches | ms/batch 86.29 | loss  1.17 | bpb  1.69 | lr 5.00e-05 | updates 5551

GPU Memory: Allocated=0.17GB, Reserved=2.33GB, Peak=2.33GB
| epoch   2 |  5600/21973 batches | ms/batch 86.29 | loss  1.17 | bpb  1.69 | lr 5.00e-05 | updates 5601

GPU Memory: Allocated=0.17GB, Reserved=2.33GB, Peak=2.33GB
| epoch   2 |  5650/21973 batches | ms/batch 86.29 | loss  1.17 | bpb  1.69 | lr 5.00e-05 | updates 5651

GPU Memory: Allocated=0.17GB, Reserved=2.33GB, Peak=2.33GB
| epoch   2 |  5700/21973 batches | ms/batch 86.29 | loss  1.17 | bpb  1.69 | lr 5.00e-05 | updates 5701

GPU Memory: Allocated=0.17GB, Reserved=2.33GB, Peak=2.33GB
| epoch   2 |  5750/21973 batches | ms/batch 86.29 | loss  1.17 | bpb  1.69 | lr 5.00e-05 | updates 5751

GPU Memory: Allocated=0.17GB, Reserved=2.33GB, Peak=2.33GB
| epoch   2 |  5800/21973 batches | ms/batch 86.29 | loss  1.17 | bpb  1.69 | lr 5.00e-05 | updates 5801

GPU Memory: Allocated=0.17GB, Reserved=2.33GB, Peak=2.33GB
| epoch   2 |  5850/21973 batches | ms/batch 86.29 | loss  1.17 | bpb  1.69 | lr 5.00e-05 | updates 5851

GPU Memory: Allocated=0.17GB, Reserved=2.33GB, Peak=2.33GB
| epoch   2 |  5900/21973 batches | ms/batch 86.28 | loss  1.17 | bpb  1.69 | lr 5.00e-05 | updates 5901

GPU Memory: Allocated=0.17GB, Reserved=2.33GB, Peak=2.33GB
| epoch   2 |  5950/21973 batches | ms/batch 86.28 | loss  1.17 | bpb  1.69 | lr 5.00e-05 | updates 5951

GPU Memory: Allocated=0.17GB, Reserved=2.33GB, Peak=2.33GB
| epoch   2 |  6000/21973 batches | ms/batch 86.28 | loss  1.17 | bpb  1.69 | lr 5.00e-05 | updates 6001

GPU Memory: Allocated=0.17GB, Reserved=2.33GB, Peak=2.33GB
| epoch   2 |  6050/21973 batches | ms/batch 86.29 | loss  1.17 | bpb  1.69 | lr 5.00e-05 | updates 6051

GPU Memory: Allocated=0.17GB, Reserved=2.33GB, Peak=2.33GB
| epoch   2 |  6100/21973 batches | ms/batch 86.29 | loss  1.17 | bpb  1.69 | lr 5.00e-05 | updates 6101

GPU Memory: Allocated=0.17GB, Reserved=2.33GB, Peak=2.33GB
| epoch   2 |  6150/21973 batches | ms/batch 86.29 | loss  1.17 | bpb  1.69 | lr 5.00e-05 | updates 6151

GPU Memory: Allocated=0.17GB, Reserved=2.33GB, Peak=2.33GB
| epoch   2 |  6200/21973 batches | ms/batch 86.29 | loss  1.17 | bpb  1.69 | lr 5.00e-05 | updates 6201

GPU Memory: Allocated=0.17GB, Reserved=2.33GB, Peak=2.33GB
| epoch   2 |  6250/21973 batches | ms/batch 86.29 | loss  1.17 | bpb  1.69 | lr 5.00e-05 | updates 6251

GPU Memory: Allocated=0.17GB, Reserved=2.33GB, Peak=2.33GB
| epoch   2 |  6300/21973 batches | ms/batch 86.29 | loss  1.17 | bpb  1.69 | lr 5.00e-05 | updates 6301

GPU Memory: Allocated=0.17GB, Reserved=2.33GB, Peak=2.33GB
| epoch   2 |  6350/21973 batches | ms/batch 86.29 | loss  1.17 | bpb  1.69 | lr 5.00e-05 | updates 6351

GPU Memory: Allocated=0.17GB, Reserved=2.33GB, Peak=2.33GB
| epoch   2 |  6400/21973 batches | ms/batch 86.29 | loss  1.17 | bpb  1.69 | lr 5.00e-05 | updates 6401

GPU Memory: Allocated=0.17GB, Reserved=2.33GB, Peak=2.33GB
| epoch   2 |  6450/21973 batches | ms/batch 86.28 | loss  1.17 | bpb  1.69 | lr 5.00e-05 | updates 6451

GPU Memory: Allocated=0.17GB, Reserved=2.33GB, Peak=2.33GB
| epoch   2 |  6500/21973 batches | ms/batch 86.28 | loss  1.17 | bpb  1.69 | lr 5.00e-05 | updates 6501

GPU Memory: Allocated=0.17GB, Reserved=2.33GB, Peak=2.33GB
| epoch   2 |  6550/21973 batches | ms/batch 86.29 | loss  1.17 | bpb  1.69 | lr 5.00e-05 | updates 6551

GPU Memory: Allocated=0.17GB, Reserved=2.33GB, Peak=2.33GB
| epoch   2 |  6600/21973 batches | ms/batch 86.29 | loss  1.17 | bpb  1.69 | lr 5.00e-05 | updates 6601

GPU Memory: Allocated=0.17GB, Reserved=2.33GB, Peak=2.33GB
| epoch   2 |  6650/21973 batches | ms/batch 86.29 | loss  1.17 | bpb  1.69 | lr 5.00e-05 | updates 6651

GPU Memory: Allocated=0.17GB, Reserved=2.33GB, Peak=2.33GB
| epoch   2 |  6700/21973 batches | ms/batch 86.29 | loss  1.17 | bpb  1.69 | lr 5.00e-05 | updates 6701

GPU Memory: Allocated=0.17GB, Reserved=2.33GB, Peak=2.33GB
| epoch   2 |  6750/21973 batches | ms/batch 86.29 | loss  1.17 | bpb  1.69 | lr 5.00e-05 | updates 6751

GPU Memory: Allocated=0.17GB, Reserved=2.33GB, Peak=2.33GB
| epoch   2 |  6800/21973 batches | ms/batch 86.29 | loss  1.17 | bpb  1.69 | lr 5.00e-05 | updates 6801

GPU Memory: Allocated=0.17GB, Reserved=2.33GB, Peak=2.33GB
| epoch   2 |  6850/21973 batches | ms/batch 86.29 | loss  1.17 | bpb  1.69 | lr 5.00e-05 | updates 6851

GPU Memory: Allocated=0.17GB, Reserved=2.33GB, Peak=2.33GB
| epoch   2 |  6900/21973 batches | ms/batch 86.29 | loss  1.17 | bpb  1.69 | lr 5.00e-05 | updates 6901

GPU Memory: Allocated=0.17GB, Reserved=2.33GB, Peak=2.33GB
| epoch   2 |  6950/21973 batches | ms/batch 86.29 | loss  1.17 | bpb  1.69 | lr 5.00e-05 | updates 6951

GPU Memory: Allocated=0.17GB, Reserved=2.33GB, Peak=2.33GB
| epoch   2 |  7000/21973 batches | ms/batch 86.28 | loss  1.17 | bpb  1.69 | lr 5.00e-05 | updates 7001

GPU Memory: Allocated=0.17GB, Reserved=2.33GB, Peak=2.33GB
| epoch   2 |  7050/21973 batches | ms/batch 86.29 | loss  1.17 | bpb  1.69 | lr 5.00e-05 | updates 7051

GPU Memory: Allocated=0.17GB, Reserved=2.33GB, Peak=2.33GB
| epoch   2 |  7100/21973 batches | ms/batch 86.29 | loss  1.17 | bpb  1.69 | lr 5.00e-05 | updates 7101

GPU Memory: Allocated=0.17GB, Reserved=2.33GB, Peak=2.33GB
| epoch   2 |  7150/21973 batches | ms/batch 86.29 | loss  1.17 | bpb  1.69 | lr 5.00e-05 | updates 7151

GPU Memory: Allocated=0.17GB, Reserved=2.33GB, Peak=2.33GB
| epoch   2 |  7200/21973 batches | ms/batch 86.29 | loss  1.17 | bpb  1.69 | lr 5.00e-05 | updates 7201

GPU Memory: Allocated=0.17GB, Reserved=2.33GB, Peak=2.33GB
| epoch   2 |  7250/21973 batches | ms/batch 86.29 | loss  1.17 | bpb  1.69 | lr 5.00e-05 | updates 7251

GPU Memory: Allocated=0.17GB, Reserved=2.33GB, Peak=2.33GB
| epoch   2 |  7300/21973 batches | ms/batch 86.29 | loss  1.17 | bpb  1.69 | lr 5.00e-05 | updates 7301

GPU Memory: Allocated=0.17GB, Reserved=2.33GB, Peak=2.33GB
| epoch   2 |  7350/21973 batches | ms/batch 86.29 | loss  1.17 | bpb  1.69 | lr 5.00e-05 | updates 7351

GPU Memory: Allocated=0.17GB, Reserved=2.33GB, Peak=2.33GB
| epoch   2 |  7400/21973 batches | ms/batch 86.29 | loss  1.17 | bpb  1.69 | lr 5.00e-05 | updates 7401

GPU Memory: Allocated=0.17GB, Reserved=2.33GB, Peak=2.33GB
| epoch   2 |  7450/21973 batches | ms/batch 86.29 | loss  1.17 | bpb  1.69 | lr 5.00e-05 | updates 7451

GPU Memory: Allocated=0.17GB, Reserved=2.33GB, Peak=2.33GB
| epoch   2 |  7500/21973 batches | ms/batch 86.29 | loss  1.17 | bpb  1.69 | lr 5.00e-05 | updates 7501

GPU Memory: Allocated=0.17GB, Reserved=2.33GB, Peak=2.33GB
| epoch   2 |  7550/21973 batches | ms/batch 86.30 | loss  1.17 | bpb  1.69 | lr 5.00e-05 | updates 7551

GPU Memory: Allocated=0.17GB, Reserved=2.33GB, Peak=2.33GB
| epoch   2 |  7600/21973 batches | ms/batch 86.29 | loss  1.17 | bpb  1.69 | lr 5.00e-05 | updates 7601

GPU Memory: Allocated=0.17GB, Reserved=2.33GB, Peak=2.33GB
| epoch   2 |  7650/21973 batches | ms/batch 86.29 | loss  1.17 | bpb  1.69 | lr 5.00e-05 | updates 7651

GPU Memory: Allocated=0.17GB, Reserved=2.33GB, Peak=2.33GB
| epoch   2 |  7700/21973 batches | ms/batch 86.29 | loss  1.17 | bpb  1.69 | lr 5.00e-05 | updates 7701

GPU Memory: Allocated=0.17GB, Reserved=2.33GB, Peak=2.33GB
| epoch   2 |  7750/21973 batches | ms/batch 86.29 | loss  1.17 | bpb  1.69 | lr 5.00e-05 | updates 7751

GPU Memory: Allocated=0.17GB, Reserved=2.33GB, Peak=2.33GB
| epoch   2 |  7800/21973 batches | ms/batch 86.29 | loss  1.17 | bpb  1.69 | lr 5.00e-05 | updates 7801

GPU Memory: Allocated=0.17GB, Reserved=2.33GB, Peak=2.33GB
| epoch   2 |  7850/21973 batches | ms/batch 86.29 | loss  1.17 | bpb  1.69 | lr 5.00e-05 | updates 7851

GPU Memory: Allocated=0.17GB, Reserved=2.33GB, Peak=2.33GB
| epoch   2 |  7900/21973 batches | ms/batch 86.29 | loss  1.17 | bpb  1.69 | lr 5.00e-05 | updates 7901

GPU Memory: Allocated=0.17GB, Reserved=2.33GB, Peak=2.33GB
| epoch   2 |  7950/21973 batches | ms/batch 86.29 | loss  1.17 | bpb  1.69 | lr 5.00e-05 | updates 7951

GPU Memory: Allocated=0.17GB, Reserved=2.33GB, Peak=2.33GB
| epoch   2 |  8000/21973 batches | ms/batch 86.29 | loss  1.17 | bpb  1.69 | lr 5.00e-05 | updates 8001

GPU Memory: Allocated=0.17GB, Reserved=2.33GB, Peak=2.33GB
| epoch   2 |  8050/21973 batches | ms/batch 86.30 | loss  1.17 | bpb  1.69 | lr 5.00e-05 | updates 8051

GPU Memory: Allocated=0.17GB, Reserved=2.33GB, Peak=2.33GB
| epoch   2 |  8100/21973 batches | ms/batch 86.30 | loss  1.17 | bpb  1.69 | lr 5.00e-05 | updates 8101

GPU Memory: Allocated=0.17GB, Reserved=2.33GB, Peak=2.33GB
| epoch   2 |  8150/21973 batches | ms/batch 86.29 | loss  1.17 | bpb  1.69 | lr 5.00e-05 | updates 8151

GPU Memory: Allocated=0.17GB, Reserved=2.33GB, Peak=2.33GB
| epoch   2 |  8200/21973 batches | ms/batch 86.29 | loss  1.17 | bpb  1.69 | lr 5.00e-05 | updates 8201

GPU Memory: Allocated=0.17GB, Reserved=2.33GB, Peak=2.33GB
| epoch   2 |  8250/21973 batches | ms/batch 86.29 | loss  1.17 | bpb  1.69 | lr 5.00e-05 | updates 8251

GPU Memory: Allocated=0.17GB, Reserved=2.33GB, Peak=2.33GB
| epoch   2 |  8300/21973 batches | ms/batch 86.29 | loss  1.17 | bpb  1.69 | lr 5.00e-05 | updates 8301

GPU Memory: Allocated=0.17GB, Reserved=2.33GB, Peak=2.33GB
| epoch   2 |  8350/21973 batches | ms/batch 86.29 | loss  1.17 | bpb  1.69 | lr 5.00e-05 | updates 8351

GPU Memory: Allocated=0.17GB, Reserved=2.33GB, Peak=2.33GB
| epoch   2 |  8400/21973 batches | ms/batch 86.29 | loss  1.17 | bpb  1.69 | lr 5.00e-05 | updates 8401

GPU Memory: Allocated=0.17GB, Reserved=2.33GB, Peak=2.33GB
| epoch   2 |  8450/21973 batches | ms/batch 86.29 | loss  1.17 | bpb  1.69 | lr 5.00e-05 | updates 8451

GPU Memory: Allocated=0.17GB, Reserved=2.33GB, Peak=2.33GB
| epoch   2 |  8500/21973 batches | ms/batch 86.29 | loss  1.17 | bpb  1.69 | lr 5.00e-05 | updates 8501

GPU Memory: Allocated=0.17GB, Reserved=2.33GB, Peak=2.33GB
| epoch   2 |  8550/21973 batches | ms/batch 86.30 | loss  1.17 | bpb  1.69 | lr 5.00e-05 | updates 8551

GPU Memory: Allocated=0.17GB, Reserved=2.33GB, Peak=2.33GB
| epoch   2 |  8600/21973 batches | ms/batch 86.30 | loss  1.17 | bpb  1.69 | lr 5.00e-05 | updates 8601

GPU Memory: Allocated=0.17GB, Reserved=2.33GB, Peak=2.33GB
| epoch   2 |  8650/21973 batches | ms/batch 86.30 | loss  1.17 | bpb  1.69 | lr 5.00e-05 | updates 8651

GPU Memory: Allocated=0.17GB, Reserved=2.33GB, Peak=2.33GB
| epoch   2 |  8700/21973 batches | ms/batch 86.30 | loss  1.17 | bpb  1.69 | lr 5.00e-05 | updates 8701

GPU Memory: Allocated=0.17GB, Reserved=2.33GB, Peak=2.33GB
| epoch   2 |  8750/21973 batches | ms/batch 86.30 | loss  1.17 | bpb  1.69 | lr 5.00e-05 | updates 8751

GPU Memory: Allocated=0.17GB, Reserved=2.33GB, Peak=2.33GB
| epoch   2 |  8800/21973 batches | ms/batch 86.29 | loss  1.17 | bpb  1.69 | lr 5.00e-05 | updates 8801

GPU Memory: Allocated=0.17GB, Reserved=2.33GB, Peak=2.33GB
| epoch   2 |  8850/21973 batches | ms/batch 86.29 | loss  1.17 | bpb  1.69 | lr 5.00e-05 | updates 8851

GPU Memory: Allocated=0.17GB, Reserved=2.33GB, Peak=2.33GB
| epoch   2 |  8900/21973 batches | ms/batch 86.29 | loss  1.17 | bpb  1.69 | lr 5.00e-05 | updates 8901

GPU Memory: Allocated=0.17GB, Reserved=2.33GB, Peak=2.33GB
| epoch   2 |  8950/21973 batches | ms/batch 86.29 | loss  1.17 | bpb  1.69 | lr 5.00e-05 | updates 8951

GPU Memory: Allocated=0.17GB, Reserved=2.33GB, Peak=2.33GB
| epoch   2 |  9000/21973 batches | ms/batch 86.29 | loss  1.17 | bpb  1.69 | lr 5.00e-05 | updates 9001

GPU Memory: Allocated=0.17GB, Reserved=2.33GB, Peak=2.33GB
| epoch   2 |  9050/21973 batches | ms/batch 86.30 | loss  1.17 | bpb  1.69 | lr 5.00e-05 | updates 9051

GPU Memory: Allocated=0.17GB, Reserved=2.33GB, Peak=2.33GB
| epoch   2 |  9100/21973 batches | ms/batch 86.30 | loss  1.17 | bpb  1.69 | lr 5.00e-05 | updates 9101

GPU Memory: Allocated=0.17GB, Reserved=2.33GB, Peak=2.33GB
| epoch   2 |  9150/21973 batches | ms/batch 86.30 | loss  1.17 | bpb  1.69 | lr 5.00e-05 | updates 9151

GPU Memory: Allocated=0.17GB, Reserved=2.33GB, Peak=2.33GB
| epoch   2 |  9200/21973 batches | ms/batch 86.30 | loss  1.17 | bpb  1.69 | lr 5.00e-05 | updates 9201

GPU Memory: Allocated=0.17GB, Reserved=2.33GB, Peak=2.33GB
| epoch   2 |  9250/21973 batches | ms/batch 86.30 | loss  1.17 | bpb  1.69 | lr 5.00e-05 | updates 9251

GPU Memory: Allocated=0.17GB, Reserved=2.33GB, Peak=2.33GB
| epoch   2 |  9300/21973 batches | ms/batch 86.29 | loss  1.17 | bpb  1.69 | lr 5.00e-05 | updates 9301

GPU Memory: Allocated=0.17GB, Reserved=2.33GB, Peak=2.33GB
| epoch   2 |  9350/21973 batches | ms/batch 86.29 | loss  1.17 | bpb  1.69 | lr 5.00e-05 | updates 9351

GPU Memory: Allocated=0.17GB, Reserved=2.33GB, Peak=2.33GB
| epoch   2 |  9400/21973 batches | ms/batch 86.29 | loss  1.17 | bpb  1.69 | lr 5.00e-05 | updates 9401

GPU Memory: Allocated=0.17GB, Reserved=2.33GB, Peak=2.33GB
| epoch   2 |  9450/21973 batches | ms/batch 86.29 | loss  1.17 | bpb  1.69 | lr 5.00e-05 | updates 9451

GPU Memory: Allocated=0.17GB, Reserved=2.33GB, Peak=2.33GB
| epoch   2 |  9500/21973 batches | ms/batch 86.29 | loss  1.17 | bpb  1.69 | lr 5.00e-05 | updates 9501

GPU Memory: Allocated=0.17GB, Reserved=2.33GB, Peak=2.33GB
| epoch   2 |  9550/21973 batches | ms/batch 86.30 | loss  1.17 | bpb  1.69 | lr 5.00e-05 | updates 9551

GPU Memory: Allocated=0.17GB, Reserved=2.33GB, Peak=2.33GB
| epoch   2 |  9600/21973 batches | ms/batch 86.30 | loss  1.17 | bpb  1.69 | lr 5.00e-05 | updates 9601

GPU Memory: Allocated=0.17GB, Reserved=2.33GB, Peak=2.33GB
| epoch   2 |  9650/21973 batches | ms/batch 86.30 | loss  1.17 | bpb  1.69 | lr 5.00e-05 | updates 9651

GPU Memory: Allocated=0.17GB, Reserved=2.33GB, Peak=2.33GB
| epoch   2 |  9700/21973 batches | ms/batch 86.30 | loss  1.17 | bpb  1.69 | lr 5.00e-05 | updates 9701

GPU Memory: Allocated=0.17GB, Reserved=2.33GB, Peak=2.33GB
| epoch   2 |  9750/21973 batches | ms/batch 86.29 | loss  1.17 | bpb  1.69 | lr 5.00e-05 | updates 9751

GPU Memory: Allocated=0.17GB, Reserved=2.33GB, Peak=2.33GB
| epoch   2 |  9800/21973 batches | ms/batch 86.29 | loss  1.17 | bpb  1.69 | lr 5.00e-05 | updates 9801

GPU Memory: Allocated=0.17GB, Reserved=2.33GB, Peak=2.33GB
| epoch   2 |  9850/21973 batches | ms/batch 86.29 | loss  1.17 | bpb  1.69 | lr 5.00e-05 | updates 9851

GPU Memory: Allocated=0.17GB, Reserved=2.33GB, Peak=2.33GB
| epoch   2 |  9900/21973 batches | ms/batch 86.29 | loss  1.17 | bpb  1.69 | lr 5.00e-05 | updates 9901

GPU Memory: Allocated=0.17GB, Reserved=2.33GB, Peak=2.33GB
| epoch   2 |  9950/21973 batches | ms/batch 86.29 | loss  1.17 | bpb  1.69 | lr 5.00e-05 | updates 9951

GPU Memory: Allocated=0.17GB, Reserved=2.33GB, Peak=2.33GB
| epoch   2 | 10000/21973 batches | ms/batch 86.29 | loss  1.17 | bpb  1.69 | lr 5.00e-05 | updates 10001

GPU Memory: Allocated=0.17GB, Reserved=2.33GB, Peak=2.33GB
| epoch   2 | 10050/21973 batches | ms/batch 86.30 | loss  1.17 | bpb  1.69 | lr 5.00e-05 | updates 10051

GPU Memory: Allocated=0.17GB, Reserved=2.33GB, Peak=2.33GB
| epoch   2 | 10100/21973 batches | ms/batch 86.30 | loss  1.17 | bpb  1.69 | lr 5.00e-05 | updates 10101

GPU Memory: Allocated=0.17GB, Reserved=2.33GB, Peak=2.33GB
| epoch   2 | 10150/21973 batches | ms/batch 86.29 | loss  1.17 | bpb  1.69 | lr 5.00e-05 | updates 10151

GPU Memory: Allocated=0.17GB, Reserved=2.33GB, Peak=2.33GB
| epoch   2 | 10200/21973 batches | ms/batch 86.29 | loss  1.17 | bpb  1.69 | lr 5.00e-05 | updates 10201

GPU Memory: Allocated=0.17GB, Reserved=2.33GB, Peak=2.33GB
| epoch   2 | 10250/21973 batches | ms/batch 86.29 | loss  1.17 | bpb  1.69 | lr 5.00e-05 | updates 10251

GPU Memory: Allocated=0.17GB, Reserved=2.33GB, Peak=2.33GB
| epoch   2 | 10300/21973 batches | ms/batch 86.29 | loss  1.17 | bpb  1.69 | lr 5.00e-05 | updates 10301

GPU Memory: Allocated=0.17GB, Reserved=2.33GB, Peak=2.33GB
| epoch   2 | 10350/21973 batches | ms/batch 86.29 | loss  1.17 | bpb  1.69 | lr 5.00e-05 | updates 10351

GPU Memory: Allocated=0.17GB, Reserved=2.33GB, Peak=2.33GB
| epoch   2 | 10400/21973 batches | ms/batch 86.29 | loss  1.17 | bpb  1.69 | lr 5.00e-05 | updates 10401

GPU Memory: Allocated=0.17GB, Reserved=2.33GB, Peak=2.33GB
| epoch   2 | 10450/21973 batches | ms/batch 86.29 | loss  1.17 | bpb  1.69 | lr 5.00e-05 | updates 10451

GPU Memory: Allocated=0.17GB, Reserved=2.33GB, Peak=2.33GB
| epoch   2 | 10500/21973 batches | ms/batch 86.29 | loss  1.17 | bpb  1.69 | lr 5.00e-05 | updates 10501

GPU Memory: Allocated=0.17GB, Reserved=2.33GB, Peak=2.33GB
| epoch   2 | 10550/21973 batches | ms/batch 86.29 | loss  1.17 | bpb  1.69 | lr 5.00e-05 | updates 10551

GPU Memory: Allocated=0.17GB, Reserved=2.33GB, Peak=2.33GB
| epoch   2 | 10600/21973 batches | ms/batch 86.29 | loss  1.17 | bpb  1.69 | lr 5.00e-05 | updates 10601

GPU Memory: Allocated=0.17GB, Reserved=2.33GB, Peak=2.33GB
| epoch   2 | 10650/21973 batches | ms/batch 86.29 | loss  1.17 | bpb  1.69 | lr 5.00e-05 | updates 10651

GPU Memory: Allocated=0.17GB, Reserved=2.33GB, Peak=2.33GB
| epoch   2 | 10700/21973 batches | ms/batch 86.29 | loss  1.17 | bpb  1.69 | lr 5.00e-05 | updates 10701

GPU Memory: Allocated=0.17GB, Reserved=2.33GB, Peak=2.33GB
| epoch   2 | 10750/21973 batches | ms/batch 86.29 | loss  1.17 | bpb  1.69 | lr 5.00e-05 | updates 10751

GPU Memory: Allocated=0.17GB, Reserved=2.33GB, Peak=2.33GB
| epoch   2 | 10800/21973 batches | ms/batch 86.29 | loss  1.17 | bpb  1.69 | lr 5.00e-05 | updates 10801

GPU Memory: Allocated=0.17GB, Reserved=2.33GB, Peak=2.33GB
| epoch   2 | 10850/21973 batches | ms/batch 86.29 | loss  1.17 | bpb  1.69 | lr 5.00e-05 | updates 10851

GPU Memory: Allocated=0.17GB, Reserved=2.33GB, Peak=2.33GB
| epoch   2 | 10900/21973 batches | ms/batch 86.29 | loss  1.17 | bpb  1.69 | lr 5.00e-05 | updates 10901

GPU Memory: Allocated=0.17GB, Reserved=2.33GB, Peak=2.33GB
| epoch   2 | 10950/21973 batches | ms/batch 86.29 | loss  1.17 | bpb  1.69 | lr 5.00e-05 | updates 10951

GPU Memory: Allocated=0.17GB, Reserved=2.33GB, Peak=2.33GB
| epoch   2 | 11000/21973 batches | ms/batch 86.29 | loss  1.17 | bpb  1.69 | lr 5.00e-05 | updates 11001

GPU Memory: Allocated=0.17GB, Reserved=2.33GB, Peak=2.33GB
| epoch   2 | 11050/21973 batches | ms/batch 86.29 | loss  1.17 | bpb  1.69 | lr 5.00e-05 | updates 11051

GPU Memory: Allocated=0.17GB, Reserved=2.33GB, Peak=2.33GB
| epoch   2 | 11100/21973 batches | ms/batch 86.29 | loss  1.17 | bpb  1.69 | lr 5.00e-05 | updates 11101

GPU Memory: Allocated=0.17GB, Reserved=2.33GB, Peak=2.33GB
| epoch   2 | 11150/21973 batches | ms/batch 86.29 | loss  1.17 | bpb  1.69 | lr 5.00e-05 | updates 11151

GPU Memory: Allocated=0.17GB, Reserved=2.33GB, Peak=2.33GB
| epoch   2 | 11200/21973 batches | ms/batch 86.29 | loss  1.17 | bpb  1.69 | lr 5.00e-05 | updates 11201

GPU Memory: Allocated=0.17GB, Reserved=2.33GB, Peak=2.33GB
| epoch   2 | 11250/21973 batches | ms/batch 86.29 | loss  1.17 | bpb  1.69 | lr 5.00e-05 | updates 11251

GPU Memory: Allocated=0.17GB, Reserved=2.33GB, Peak=2.33GB
| epoch   2 | 11300/21973 batches | ms/batch 86.29 | loss  1.17 | bpb  1.69 | lr 5.00e-05 | updates 11301

GPU Memory: Allocated=0.17GB, Reserved=2.33GB, Peak=2.33GB
| epoch   2 | 11350/21973 batches | ms/batch 86.29 | loss  1.17 | bpb  1.69 | lr 5.00e-05 | updates 11351

GPU Memory: Allocated=0.17GB, Reserved=2.33GB, Peak=2.33GB
| epoch   2 | 11400/21973 batches | ms/batch 86.29 | loss  1.17 | bpb  1.69 | lr 5.00e-05 | updates 11401

GPU Memory: Allocated=0.17GB, Reserved=2.33GB, Peak=2.33GB
| epoch   2 | 11450/21973 batches | ms/batch 86.29 | loss  1.17 | bpb  1.69 | lr 5.00e-05 | updates 11451

GPU Memory: Allocated=0.17GB, Reserved=2.33GB, Peak=2.33GB
| epoch   2 | 11500/21973 batches | ms/batch 86.28 | loss  1.17 | bpb  1.69 | lr 5.00e-05 | updates 11501

GPU Memory: Allocated=0.17GB, Reserved=2.33GB, Peak=2.33GB
| epoch   2 | 11550/21973 batches | ms/batch 86.29 | loss  1.17 | bpb  1.69 | lr 5.00e-05 | updates 11551

GPU Memory: Allocated=0.17GB, Reserved=2.33GB, Peak=2.33GB
| epoch   2 | 11600/21973 batches | ms/batch 86.29 | loss  1.17 | bpb  1.69 | lr 5.00e-05 | updates 11601

GPU Memory: Allocated=0.17GB, Reserved=2.33GB, Peak=2.33GB
| epoch   2 | 11650/21973 batches | ms/batch 86.29 | loss  1.17 | bpb  1.69 | lr 5.00e-05 | updates 11651

GPU Memory: Allocated=0.17GB, Reserved=2.33GB, Peak=2.33GB
| epoch   2 | 11700/21973 batches | ms/batch 86.29 | loss  1.17 | bpb  1.69 | lr 5.00e-05 | updates 11701

GPU Memory: Allocated=0.17GB, Reserved=2.33GB, Peak=2.33GB
| epoch   2 | 11750/21973 batches | ms/batch 86.29 | loss  1.17 | bpb  1.69 | lr 5.00e-05 | updates 11751

GPU Memory: Allocated=0.17GB, Reserved=2.33GB, Peak=2.33GB
| epoch   2 | 11800/21973 batches | ms/batch 86.29 | loss  1.17 | bpb  1.69 | lr 5.00e-05 | updates 11801

GPU Memory: Allocated=0.17GB, Reserved=2.33GB, Peak=2.33GB
| epoch   2 | 11850/21973 batches | ms/batch 86.29 | loss  1.17 | bpb  1.69 | lr 5.00e-05 | updates 11851

GPU Memory: Allocated=0.17GB, Reserved=2.33GB, Peak=2.33GB
| epoch   2 | 11900/21973 batches | ms/batch 86.28 | loss  1.17 | bpb  1.69 | lr 5.00e-05 | updates 11901

GPU Memory: Allocated=0.17GB, Reserved=2.33GB, Peak=2.33GB
| epoch   2 | 11950/21973 batches | ms/batch 86.28 | loss  1.17 | bpb  1.69 | lr 5.00e-05 | updates 11951

GPU Memory: Allocated=0.17GB, Reserved=2.33GB, Peak=2.33GB
| epoch   2 | 12000/21973 batches | ms/batch 86.28 | loss  1.17 | bpb  1.69 | lr 5.00e-05 | updates 12001

GPU Memory: Allocated=0.17GB, Reserved=2.33GB, Peak=2.33GB
| epoch   2 | 12050/21973 batches | ms/batch 86.29 | loss  1.17 | bpb  1.69 | lr 5.00e-05 | updates 12051

GPU Memory: Allocated=0.17GB, Reserved=2.33GB, Peak=2.33GB
| epoch   2 | 12100/21973 batches | ms/batch 86.29 | loss  1.17 | bpb  1.69 | lr 5.00e-05 | updates 12101

GPU Memory: Allocated=0.17GB, Reserved=2.33GB, Peak=2.33GB
| epoch   2 | 12150/21973 batches | ms/batch 86.29 | loss  1.17 | bpb  1.69 | lr 5.00e-05 | updates 12151

GPU Memory: Allocated=0.17GB, Reserved=2.33GB, Peak=2.33GB
| epoch   2 | 12200/21973 batches | ms/batch 86.29 | loss  1.17 | bpb  1.69 | lr 5.00e-05 | updates 12201

GPU Memory: Allocated=0.17GB, Reserved=2.33GB, Peak=2.33GB
| epoch   2 | 12250/21973 batches | ms/batch 86.28 | loss  1.17 | bpb  1.69 | lr 5.00e-05 | updates 12251

GPU Memory: Allocated=0.17GB, Reserved=2.33GB, Peak=2.33GB
| epoch   2 | 12300/21973 batches | ms/batch 86.28 | loss  1.17 | bpb  1.69 | lr 5.00e-05 | updates 12301

GPU Memory: Allocated=0.17GB, Reserved=2.33GB, Peak=2.33GB
| epoch   2 | 12350/21973 batches | ms/batch 86.28 | loss  1.17 | bpb  1.69 | lr 5.00e-05 | updates 12351

GPU Memory: Allocated=0.17GB, Reserved=2.33GB, Peak=2.33GB
| epoch   2 | 12400/21973 batches | ms/batch 86.28 | loss  1.17 | bpb  1.69 | lr 5.00e-05 | updates 12401

GPU Memory: Allocated=0.17GB, Reserved=2.33GB, Peak=2.33GB
| epoch   2 | 12450/21973 batches | ms/batch 86.28 | loss  1.17 | bpb  1.69 | lr 5.00e-05 | updates 12451

GPU Memory: Allocated=0.17GB, Reserved=2.33GB, Peak=2.33GB
| epoch   2 | 12500/21973 batches | ms/batch 86.28 | loss  1.17 | bpb  1.69 | lr 5.00e-05 | updates 12501

GPU Memory: Allocated=0.17GB, Reserved=2.33GB, Peak=2.33GB
| epoch   2 | 12550/21973 batches | ms/batch 86.29 | loss  1.17 | bpb  1.69 | lr 5.00e-05 | updates 12551

GPU Memory: Allocated=0.17GB, Reserved=2.33GB, Peak=2.33GB
| epoch   2 | 12600/21973 batches | ms/batch 86.29 | loss  1.17 | bpb  1.69 | lr 5.00e-05 | updates 12601

GPU Memory: Allocated=0.17GB, Reserved=2.33GB, Peak=2.33GB
| epoch   2 | 12650/21973 batches | ms/batch 86.29 | loss  1.17 | bpb  1.69 | lr 5.00e-05 | updates 12651

GPU Memory: Allocated=0.17GB, Reserved=2.33GB, Peak=2.33GB
| epoch   2 | 12700/21973 batches | ms/batch 86.28 | loss  1.17 | bpb  1.69 | lr 5.00e-05 | updates 12701

GPU Memory: Allocated=0.17GB, Reserved=2.33GB, Peak=2.33GB
| epoch   2 | 12750/21973 batches | ms/batch 86.28 | loss  1.17 | bpb  1.69 | lr 5.00e-05 | updates 12751

GPU Memory: Allocated=0.17GB, Reserved=2.33GB, Peak=2.33GB
| epoch   2 | 12800/21973 batches | ms/batch 86.28 | loss  1.17 | bpb  1.69 | lr 5.00e-05 | updates 12801

GPU Memory: Allocated=0.17GB, Reserved=2.33GB, Peak=2.33GB
| epoch   2 | 12850/21973 batches | ms/batch 86.28 | loss  1.17 | bpb  1.69 | lr 5.00e-05 | updates 12851

GPU Memory: Allocated=0.17GB, Reserved=2.33GB, Peak=2.33GB
| epoch   2 | 12900/21973 batches | ms/batch 86.28 | loss  1.17 | bpb  1.69 | lr 5.00e-05 | updates 12901

GPU Memory: Allocated=0.17GB, Reserved=2.33GB, Peak=2.33GB
| epoch   2 | 12950/21973 batches | ms/batch 86.28 | loss  1.17 | bpb  1.69 | lr 5.00e-05 | updates 12951

GPU Memory: Allocated=0.17GB, Reserved=2.33GB, Peak=2.33GB
| epoch   2 | 13000/21973 batches | ms/batch 86.28 | loss  1.17 | bpb  1.69 | lr 5.00e-05 | updates 13001

GPU Memory: Allocated=0.17GB, Reserved=2.33GB, Peak=2.33GB
| epoch   2 | 13050/21973 batches | ms/batch 86.29 | loss  1.17 | bpb  1.69 | lr 5.00e-05 | updates 13051

GPU Memory: Allocated=0.17GB, Reserved=2.33GB, Peak=2.33GB
| epoch   2 | 13100/21973 batches | ms/batch 86.28 | loss  1.17 | bpb  1.69 | lr 5.00e-05 | updates 13101

GPU Memory: Allocated=0.17GB, Reserved=2.33GB, Peak=2.33GB
| epoch   2 | 13150/21973 batches | ms/batch 86.28 | loss  1.17 | bpb  1.69 | lr 5.00e-05 | updates 13151

GPU Memory: Allocated=0.17GB, Reserved=2.33GB, Peak=2.33GB
| epoch   2 | 13200/21973 batches | ms/batch 86.28 | loss  1.17 | bpb  1.69 | lr 5.00e-05 | updates 13201

GPU Memory: Allocated=0.17GB, Reserved=2.33GB, Peak=2.33GB
| epoch   2 | 13250/21973 batches | ms/batch 86.28 | loss  1.17 | bpb  1.69 | lr 5.00e-05 | updates 13251

GPU Memory: Allocated=0.17GB, Reserved=2.33GB, Peak=2.33GB
| epoch   2 | 13300/21973 batches | ms/batch 86.28 | loss  1.17 | bpb  1.69 | lr 5.00e-05 | updates 13301

GPU Memory: Allocated=0.17GB, Reserved=2.33GB, Peak=2.33GB
| epoch   2 | 13350/21973 batches | ms/batch 86.28 | loss  1.17 | bpb  1.69 | lr 5.00e-05 | updates 13351

GPU Memory: Allocated=0.17GB, Reserved=2.33GB, Peak=2.33GB
| epoch   2 | 13400/21973 batches | ms/batch 86.28 | loss  1.17 | bpb  1.69 | lr 5.00e-05 | updates 13401

GPU Memory: Allocated=0.17GB, Reserved=2.33GB, Peak=2.33GB
| epoch   2 | 13450/21973 batches | ms/batch 86.28 | loss  1.17 | bpb  1.69 | lr 5.00e-05 | updates 13451

GPU Memory: Allocated=0.17GB, Reserved=2.33GB, Peak=2.33GB
| epoch   2 | 13500/21973 batches | ms/batch 86.28 | loss  1.17 | bpb  1.69 | lr 5.00e-05 | updates 13501

GPU Memory: Allocated=0.17GB, Reserved=2.33GB, Peak=2.33GB
| epoch   2 | 13550/21973 batches | ms/batch 86.29 | loss  1.17 | bpb  1.69 | lr 5.00e-05 | updates 13551

GPU Memory: Allocated=0.17GB, Reserved=2.33GB, Peak=2.33GB
| epoch   2 | 13600/21973 batches | ms/batch 86.28 | loss  1.17 | bpb  1.69 | lr 5.00e-05 | updates 13601

GPU Memory: Allocated=0.17GB, Reserved=2.33GB, Peak=2.33GB
| epoch   2 | 13650/21973 batches | ms/batch 86.28 | loss  1.17 | bpb  1.69 | lr 5.00e-05 | updates 13651

GPU Memory: Allocated=0.17GB, Reserved=2.33GB, Peak=2.33GB
| epoch   2 | 13700/21973 batches | ms/batch 86.28 | loss  1.17 | bpb  1.69 | lr 5.00e-05 | updates 13701

GPU Memory: Allocated=0.17GB, Reserved=2.33GB, Peak=2.33GB
| epoch   2 | 13750/21973 batches | ms/batch 86.28 | loss  1.17 | bpb  1.69 | lr 5.00e-05 | updates 13751

GPU Memory: Allocated=0.17GB, Reserved=2.33GB, Peak=2.33GB
| epoch   2 | 13800/21973 batches | ms/batch 86.28 | loss  1.17 | bpb  1.69 | lr 5.00e-05 | updates 13801

GPU Memory: Allocated=0.17GB, Reserved=2.33GB, Peak=2.33GB
| epoch   2 | 13850/21973 batches | ms/batch 86.28 | loss  1.17 | bpb  1.69 | lr 5.00e-05 | updates 13851

GPU Memory: Allocated=0.17GB, Reserved=2.33GB, Peak=2.33GB
| epoch   2 | 13900/21973 batches | ms/batch 86.28 | loss  1.17 | bpb  1.69 | lr 5.00e-05 | updates 13901

GPU Memory: Allocated=0.17GB, Reserved=2.33GB, Peak=2.33GB
| epoch   2 | 13950/21973 batches | ms/batch 86.28 | loss  1.17 | bpb  1.69 | lr 5.00e-05 | updates 13951

GPU Memory: Allocated=0.17GB, Reserved=2.33GB, Peak=2.33GB
| epoch   2 | 14000/21973 batches | ms/batch 86.28 | loss  1.17 | bpb  1.69 | lr 5.00e-05 | updates 14001

GPU Memory: Allocated=0.17GB, Reserved=2.33GB, Peak=2.33GB
| epoch   2 | 14050/21973 batches | ms/batch 86.28 | loss  1.17 | bpb  1.69 | lr 5.00e-05 | updates 14051

GPU Memory: Allocated=0.17GB, Reserved=2.33GB, Peak=2.33GB
| epoch   2 | 14100/21973 batches | ms/batch 86.28 | loss  1.17 | bpb  1.69 | lr 5.00e-05 | updates 14101

GPU Memory: Allocated=0.17GB, Reserved=2.33GB, Peak=2.33GB
| epoch   2 | 14150/21973 batches | ms/batch 86.28 | loss  1.17 | bpb  1.69 | lr 5.00e-05 | updates 14151

GPU Memory: Allocated=0.17GB, Reserved=2.33GB, Peak=2.33GB
| epoch   2 | 14200/21973 batches | ms/batch 86.28 | loss  1.17 | bpb  1.69 | lr 5.00e-05 | updates 14201

GPU Memory: Allocated=0.17GB, Reserved=2.33GB, Peak=2.33GB
| epoch   2 | 14250/21973 batches | ms/batch 86.28 | loss  1.17 | bpb  1.69 | lr 5.00e-05 | updates 14251

GPU Memory: Allocated=0.17GB, Reserved=2.33GB, Peak=2.33GB
| epoch   2 | 14300/21973 batches | ms/batch 86.28 | loss  1.17 | bpb  1.69 | lr 5.00e-05 | updates 14301

GPU Memory: Allocated=0.17GB, Reserved=2.33GB, Peak=2.33GB
| epoch   2 | 14350/21973 batches | ms/batch 86.28 | loss  1.17 | bpb  1.69 | lr 5.00e-05 | updates 14351

GPU Memory: Allocated=0.17GB, Reserved=2.33GB, Peak=2.33GB
| epoch   2 | 14400/21973 batches | ms/batch 86.28 | loss  1.17 | bpb  1.69 | lr 5.00e-05 | updates 14401

GPU Memory: Allocated=0.17GB, Reserved=2.33GB, Peak=2.33GB
| epoch   2 | 14450/21973 batches | ms/batch 86.28 | loss  1.17 | bpb  1.69 | lr 5.00e-05 | updates 14451

GPU Memory: Allocated=0.17GB, Reserved=2.33GB, Peak=2.33GB
| epoch   2 | 14500/21973 batches | ms/batch 86.28 | loss  1.17 | bpb  1.69 | lr 5.00e-05 | updates 14501

GPU Memory: Allocated=0.17GB, Reserved=2.33GB, Peak=2.33GB
| epoch   2 | 14550/21973 batches | ms/batch 86.29 | loss  1.17 | bpb  1.69 | lr 5.00e-05 | updates 14551

GPU Memory: Allocated=0.17GB, Reserved=2.33GB, Peak=2.33GB
| epoch   2 | 14600/21973 batches | ms/batch 86.29 | loss  1.17 | bpb  1.69 | lr 5.00e-05 | updates 14601

GPU Memory: Allocated=0.17GB, Reserved=2.33GB, Peak=2.33GB
| epoch   2 | 14650/21973 batches | ms/batch 86.28 | loss  1.17 | bpb  1.69 | lr 5.00e-05 | updates 14651

GPU Memory: Allocated=0.17GB, Reserved=2.33GB, Peak=2.33GB
| epoch   2 | 14700/21973 batches | ms/batch 86.28 | loss  1.17 | bpb  1.69 | lr 5.00e-05 | updates 14701

GPU Memory: Allocated=0.17GB, Reserved=2.33GB, Peak=2.33GB
| epoch   2 | 14750/21973 batches | ms/batch 86.28 | loss  1.17 | bpb  1.69 | lr 5.00e-05 | updates 14751

GPU Memory: Allocated=0.17GB, Reserved=2.33GB, Peak=2.33GB
| epoch   2 | 14800/21973 batches | ms/batch 86.28 | loss  1.17 | bpb  1.69 | lr 5.00e-05 | updates 14801

GPU Memory: Allocated=0.17GB, Reserved=2.33GB, Peak=2.33GB
| epoch   2 | 14850/21973 batches | ms/batch 86.28 | loss  1.17 | bpb  1.69 | lr 5.00e-05 | updates 14851

GPU Memory: Allocated=0.17GB, Reserved=2.33GB, Peak=2.33GB
| epoch   2 | 14900/21973 batches | ms/batch 86.28 | loss  1.17 | bpb  1.69 | lr 5.00e-05 | updates 14901

GPU Memory: Allocated=0.17GB, Reserved=2.33GB, Peak=2.33GB
| epoch   2 | 14950/21973 batches | ms/batch 86.28 | loss  1.17 | bpb  1.69 | lr 5.00e-05 | updates 14951

GPU Memory: Allocated=0.17GB, Reserved=2.33GB, Peak=2.33GB
Invalid gradients detected in embedding.weight
Invalid gradients detected, skipping batch
| epoch   2 | 15000/21973 batches | ms/batch 86.28 | loss  1.17 | bpb  1.69 | lr 5.00e-05 | updates 15000

GPU Memory: Allocated=0.17GB, Reserved=2.33GB, Peak=2.33GB
Invalid gradients detected in embedding.weight
Invalid gradients detected, skipping batch
| epoch   2 | 15050/21973 batches | ms/batch 86.28 | loss  1.17 | bpb  1.68 | lr 5.00e-05 | updates 15049

GPU Memory: Allocated=0.17GB, Reserved=2.33GB, Peak=2.33GB
| epoch   2 | 15100/21973 batches | ms/batch 86.28 | loss  1.17 | bpb  1.68 | lr 5.00e-05 | updates 15099

GPU Memory: Allocated=0.17GB, Reserved=2.33GB, Peak=2.33GB
| epoch   2 | 15150/21973 batches | ms/batch 86.28 | loss  1.17 | bpb  1.68 | lr 5.00e-05 | updates 15149

GPU Memory: Allocated=0.17GB, Reserved=2.33GB, Peak=2.33GB
| epoch   2 | 15200/21973 batches | ms/batch 86.28 | loss  1.17 | bpb  1.68 | lr 5.00e-05 | updates 15199

GPU Memory: Allocated=0.17GB, Reserved=2.33GB, Peak=2.33GB
| epoch   2 | 15250/21973 batches | ms/batch 86.28 | loss  1.17 | bpb  1.68 | lr 5.00e-05 | updates 15249

GPU Memory: Allocated=0.17GB, Reserved=2.33GB, Peak=2.33GB
| epoch   2 | 15300/21973 batches | ms/batch 86.28 | loss  1.17 | bpb  1.68 | lr 5.00e-05 | updates 15299

GPU Memory: Allocated=0.17GB, Reserved=2.33GB, Peak=2.33GB
| epoch   2 | 15350/21973 batches | ms/batch 86.28 | loss  1.17 | bpb  1.68 | lr 5.00e-05 | updates 15349

GPU Memory: Allocated=0.17GB, Reserved=2.33GB, Peak=2.33GB
| epoch   2 | 15400/21973 batches | ms/batch 86.28 | loss  1.17 | bpb  1.68 | lr 5.00e-05 | updates 15399

GPU Memory: Allocated=0.17GB, Reserved=2.33GB, Peak=2.33GB
| epoch   2 | 15450/21973 batches | ms/batch 86.28 | loss  1.17 | bpb  1.68 | lr 5.00e-05 | updates 15449

GPU Memory: Allocated=0.17GB, Reserved=2.33GB, Peak=2.33GB
| epoch   2 | 15500/21973 batches | ms/batch 86.28 | loss  1.17 | bpb  1.68 | lr 5.00e-05 | updates 15499

GPU Memory: Allocated=0.17GB, Reserved=2.33GB, Peak=2.33GB
| epoch   2 | 15550/21973 batches | ms/batch 86.28 | loss  1.17 | bpb  1.68 | lr 5.00e-05 | updates 15549

GPU Memory: Allocated=0.17GB, Reserved=2.33GB, Peak=2.33GB
| epoch   2 | 15600/21973 batches | ms/batch 86.28 | loss  1.17 | bpb  1.68 | lr 5.00e-05 | updates 15599

GPU Memory: Allocated=0.17GB, Reserved=2.33GB, Peak=2.33GB
| epoch   2 | 15650/21973 batches | ms/batch 86.28 | loss  1.17 | bpb  1.68 | lr 5.00e-05 | updates 15649

GPU Memory: Allocated=0.17GB, Reserved=2.33GB, Peak=2.33GB
| epoch   2 | 15700/21973 batches | ms/batch 86.28 | loss  1.17 | bpb  1.68 | lr 5.00e-05 | updates 15699

GPU Memory: Allocated=0.17GB, Reserved=2.33GB, Peak=2.33GB
| epoch   2 | 15750/21973 batches | ms/batch 86.28 | loss  1.17 | bpb  1.68 | lr 5.00e-05 | updates 15749

GPU Memory: Allocated=0.17GB, Reserved=2.33GB, Peak=2.33GB
| epoch   2 | 15800/21973 batches | ms/batch 86.28 | loss  1.17 | bpb  1.68 | lr 5.00e-05 | updates 15799

GPU Memory: Allocated=0.17GB, Reserved=2.33GB, Peak=2.33GB
| epoch   2 | 15850/21973 batches | ms/batch 86.28 | loss  1.17 | bpb  1.68 | lr 5.00e-05 | updates 15849

GPU Memory: Allocated=0.17GB, Reserved=2.33GB, Peak=2.33GB
| epoch   2 | 15900/21973 batches | ms/batch 86.28 | loss  1.17 | bpb  1.68 | lr 5.00e-05 | updates 15899

GPU Memory: Allocated=0.17GB, Reserved=2.33GB, Peak=2.33GB
| epoch   2 | 15950/21973 batches | ms/batch 86.28 | loss  1.17 | bpb  1.68 | lr 5.00e-05 | updates 15949

GPU Memory: Allocated=0.17GB, Reserved=2.33GB, Peak=2.33GB
| epoch   2 | 16000/21973 batches | ms/batch 86.28 | loss  1.17 | bpb  1.68 | lr 5.00e-05 | updates 15999

GPU Memory: Allocated=0.17GB, Reserved=2.33GB, Peak=2.33GB
| epoch   2 | 16050/21973 batches | ms/batch 86.28 | loss  1.17 | bpb  1.68 | lr 5.00e-05 | updates 16049

GPU Memory: Allocated=0.17GB, Reserved=2.33GB, Peak=2.33GB
| epoch   2 | 16100/21973 batches | ms/batch 86.28 | loss  1.17 | bpb  1.68 | lr 5.00e-05 | updates 16099

GPU Memory: Allocated=0.17GB, Reserved=2.33GB, Peak=2.33GB
| epoch   2 | 16150/21973 batches | ms/batch 86.28 | loss  1.17 | bpb  1.68 | lr 5.00e-05 | updates 16149

GPU Memory: Allocated=0.17GB, Reserved=2.33GB, Peak=2.33GB
| epoch   2 | 16200/21973 batches | ms/batch 86.28 | loss  1.17 | bpb  1.68 | lr 5.00e-05 | updates 16199

GPU Memory: Allocated=0.17GB, Reserved=2.33GB, Peak=2.33GB
| epoch   2 | 16250/21973 batches | ms/batch 86.28 | loss  1.17 | bpb  1.68 | lr 5.00e-05 | updates 16249

GPU Memory: Allocated=0.17GB, Reserved=2.33GB, Peak=2.33GB
| epoch   2 | 16300/21973 batches | ms/batch 86.28 | loss  1.17 | bpb  1.68 | lr 5.00e-05 | updates 16299

GPU Memory: Allocated=0.17GB, Reserved=2.33GB, Peak=2.33GB
Invalid gradients detected in embedding.weight
Invalid gradients detected, skipping batch
| epoch   2 | 16350/21973 batches | ms/batch 86.28 | loss  1.17 | bpb  1.68 | lr 5.00e-05 | updates 16348

GPU Memory: Allocated=0.17GB, Reserved=2.33GB, Peak=2.33GB
| epoch   2 | 16400/21973 batches | ms/batch 86.28 | loss  1.17 | bpb  1.68 | lr 5.00e-05 | updates 16398

GPU Memory: Allocated=0.17GB, Reserved=2.33GB, Peak=2.33GB
| epoch   2 | 16450/21973 batches | ms/batch 86.28 | loss  1.17 | bpb  1.68 | lr 5.00e-05 | updates 16448

GPU Memory: Allocated=0.17GB, Reserved=2.33GB, Peak=2.33GB
| epoch   2 | 16500/21973 batches | ms/batch 86.28 | loss  1.17 | bpb  1.68 | lr 5.00e-05 | updates 16498

GPU Memory: Allocated=0.17GB, Reserved=2.33GB, Peak=2.33GB
| epoch   2 | 16550/21973 batches | ms/batch 86.28 | loss  1.17 | bpb  1.68 | lr 5.00e-05 | updates 16548

GPU Memory: Allocated=0.17GB, Reserved=2.33GB, Peak=2.33GB
| epoch   2 | 16600/21973 batches | ms/batch 86.28 | loss  1.17 | bpb  1.68 | lr 5.00e-05 | updates 16598

GPU Memory: Allocated=0.17GB, Reserved=2.33GB, Peak=2.33GB
Invalid gradients detected in embedding.weight
Invalid gradients detected, skipping batch
Invalid gradients detected in embedding.weight
Invalid gradients detected, skipping batch
Invalid gradients detected in embedding.weight
Invalid gradients detected, skipping batch
| epoch   2 | 16650/21973 batches | ms/batch 86.28 | loss  1.17 | bpb  1.68 | lr 5.00e-05 | updates 16645

GPU Memory: Allocated=0.17GB, Reserved=2.33GB, Peak=2.33GB
Invalid gradients detected in embedding.weight
Invalid gradients detected, skipping batch
| epoch   2 | 16700/21973 batches | ms/batch 86.28 | loss  1.17 | bpb  1.68 | lr 5.00e-05 | updates 16694

GPU Memory: Allocated=0.17GB, Reserved=2.33GB, Peak=2.33GB
| epoch   2 | 16750/21973 batches | ms/batch 86.28 | loss  1.17 | bpb  1.68 | lr 5.00e-05 | updates 16744

GPU Memory: Allocated=0.17GB, Reserved=2.33GB, Peak=2.33GB
| epoch   2 | 16800/21973 batches | ms/batch 86.27 | loss  1.17 | bpb  1.68 | lr 5.00e-05 | updates 16794

GPU Memory: Allocated=0.17GB, Reserved=2.33GB, Peak=2.33GB
Invalid gradients detected in embedding.weight
Invalid gradients detected, skipping batch
Invalid gradients detected in embedding.weight
Invalid gradients detected, skipping batch
| epoch   2 | 16850/21973 batches | ms/batch 86.27 | loss  1.17 | bpb  1.68 | lr 5.00e-05 | updates 16842

GPU Memory: Allocated=0.17GB, Reserved=2.33GB, Peak=2.33GB
| epoch   2 | 16900/21973 batches | ms/batch 86.27 | loss  1.17 | bpb  1.68 | lr 5.00e-05 | updates 16892

GPU Memory: Allocated=0.17GB, Reserved=2.33GB, Peak=2.33GB
| epoch   2 | 16950/21973 batches | ms/batch 86.27 | loss  1.17 | bpb  1.68 | lr 5.00e-05 | updates 16942

GPU Memory: Allocated=0.17GB, Reserved=2.33GB, Peak=2.33GB
| epoch   2 | 17000/21973 batches | ms/batch 86.27 | loss  1.17 | bpb  1.68 | lr 5.00e-05 | updates 16992

GPU Memory: Allocated=0.17GB, Reserved=2.33GB, Peak=2.33GB
| epoch   2 | 17050/21973 batches | ms/batch 86.27 | loss  1.17 | bpb  1.68 | lr 5.00e-05 | updates 17042

GPU Memory: Allocated=0.17GB, Reserved=2.33GB, Peak=2.33GB
| epoch   2 | 17100/21973 batches | ms/batch 86.27 | loss  1.17 | bpb  1.68 | lr 5.00e-05 | updates 17092

GPU Memory: Allocated=0.17GB, Reserved=2.33GB, Peak=2.33GB
| epoch   2 | 17150/21973 batches | ms/batch 86.27 | loss  1.17 | bpb  1.68 | lr 5.00e-05 | updates 17142

GPU Memory: Allocated=0.17GB, Reserved=2.33GB, Peak=2.33GB
Invalid gradients detected in embedding.weight
Invalid gradients detected, skipping batch
| epoch   2 | 17200/21973 batches | ms/batch 86.27 | loss  1.17 | bpb  1.68 | lr 5.00e-05 | updates 17191

GPU Memory: Allocated=0.17GB, Reserved=2.33GB, Peak=2.33GB
Invalid gradients detected in embedding.weight
Invalid gradients detected, skipping batch
| epoch   2 | 17250/21973 batches | ms/batch 86.27 | loss  1.17 | bpb  1.68 | lr 5.00e-05 | updates 17240

GPU Memory: Allocated=0.17GB, Reserved=2.33GB, Peak=2.33GB
Invalid gradients detected in embedding.weight
Invalid gradients detected, skipping batch
| epoch   2 | 17300/21973 batches | ms/batch 86.27 | loss  1.17 | bpb  1.68 | lr 5.00e-05 | updates 17289

GPU Memory: Allocated=0.17GB, Reserved=2.33GB, Peak=2.33GB
Invalid gradients detected in embedding.weight
Invalid gradients detected, skipping batch
| epoch   2 | 17350/21973 batches | ms/batch 86.27 | loss  1.17 | bpb  1.68 | lr 5.00e-05 | updates 17338

GPU Memory: Allocated=0.17GB, Reserved=2.33GB, Peak=2.33GB
| epoch   2 | 17400/21973 batches | ms/batch 86.27 | loss  1.17 | bpb  1.68 | lr 5.00e-05 | updates 17388

GPU Memory: Allocated=0.17GB, Reserved=2.33GB, Peak=2.33GB
| epoch   2 | 17450/21973 batches | ms/batch 86.27 | loss  1.17 | bpb  1.68 | lr 5.00e-05 | updates 17438

GPU Memory: Allocated=0.17GB, Reserved=2.33GB, Peak=2.33GB
| epoch   2 | 17500/21973 batches | ms/batch 86.27 | loss  1.17 | bpb  1.68 | lr 5.00e-05 | updates 17488

GPU Memory: Allocated=0.17GB, Reserved=2.33GB, Peak=2.33GB
| epoch   2 | 17550/21973 batches | ms/batch 86.27 | loss  1.17 | bpb  1.68 | lr 5.00e-05 | updates 17538

GPU Memory: Allocated=0.17GB, Reserved=2.33GB, Peak=2.33GB
Invalid gradients detected in embedding.weight
Invalid gradients detected, skipping batch
| epoch   2 | 17600/21973 batches | ms/batch 86.27 | loss  1.17 | bpb  1.68 | lr 5.00e-05 | updates 17587

GPU Memory: Allocated=0.17GB, Reserved=2.33GB, Peak=2.33GB
Invalid gradients detected in embedding.weight
Invalid gradients detected, skipping batch
Invalid gradients detected in embedding.weight
Invalid gradients detected, skipping batch
| epoch   2 | 17650/21973 batches | ms/batch 86.27 | loss  1.17 | bpb  1.68 | lr 5.00e-05 | updates 17635

GPU Memory: Allocated=0.17GB, Reserved=2.33GB, Peak=2.33GB
| epoch   2 | 17700/21973 batches | ms/batch 86.27 | loss  1.17 | bpb  1.68 | lr 5.00e-05 | updates 17685

GPU Memory: Allocated=0.17GB, Reserved=2.33GB, Peak=2.33GB
Invalid gradients detected in embedding.weight
Invalid gradients detected, skipping batch
| epoch   2 | 17750/21973 batches | ms/batch 86.27 | loss  1.17 | bpb  1.68 | lr 5.00e-05 | updates 17734

GPU Memory: Allocated=0.17GB, Reserved=2.33GB, Peak=2.33GB
| epoch   2 | 17800/21973 batches | ms/batch 86.27 | loss  1.17 | bpb  1.68 | lr 5.00e-05 | updates 17784

GPU Memory: Allocated=0.17GB, Reserved=2.33GB, Peak=2.33GB
| epoch   2 | 17850/21973 batches | ms/batch 86.27 | loss  1.17 | bpb  1.68 | lr 5.00e-05 | updates 17834

GPU Memory: Allocated=0.17GB, Reserved=2.33GB, Peak=2.33GB
| epoch   2 | 17900/21973 batches | ms/batch 86.27 | loss  1.17 | bpb  1.68 | lr 5.00e-05 | updates 17884

GPU Memory: Allocated=0.17GB, Reserved=2.33GB, Peak=2.33GB
Invalid gradients detected in embedding.weight
Invalid gradients detected, skipping batch
| epoch   2 | 17950/21973 batches | ms/batch 86.27 | loss  1.17 | bpb  1.68 | lr 5.00e-05 | updates 17933

GPU Memory: Allocated=0.17GB, Reserved=2.33GB, Peak=2.33GB
| epoch   2 | 18000/21973 batches | ms/batch 86.27 | loss  1.17 | bpb  1.68 | lr 5.00e-05 | updates 17983

GPU Memory: Allocated=0.17GB, Reserved=2.33GB, Peak=2.33GB
Invalid gradients detected in embedding.weight
Invalid gradients detected, skipping batch
| epoch   2 | 18050/21973 batches | ms/batch 86.27 | loss  1.17 | bpb  1.68 | lr 5.00e-05 | updates 18032

GPU Memory: Allocated=0.17GB, Reserved=2.33GB, Peak=2.33GB
Invalid gradients detected in embedding.weight
Invalid gradients detected, skipping batch
Invalid gradients detected in embedding.weight
Invalid gradients detected, skipping batch
Invalid gradients detected in embedding.weight
Invalid gradients detected, skipping batch
Invalid gradients detected in embedding.weight
Invalid gradients detected, skipping batch
| epoch   2 | 18100/21973 batches | ms/batch 86.27 | loss  1.17 | bpb  1.68 | lr 5.00e-05 | updates 18078

GPU Memory: Allocated=0.17GB, Reserved=2.33GB, Peak=2.33GB
Invalid gradients detected in embedding.weight
Invalid gradients detected, skipping batch
Invalid gradients detected in embedding.weight
Invalid gradients detected, skipping batch
| epoch   2 | 18150/21973 batches | ms/batch 86.27 | loss  1.17 | bpb  1.68 | lr 5.00e-05 | updates 18126

GPU Memory: Allocated=0.17GB, Reserved=2.33GB, Peak=2.33GB
Invalid gradients detected in embedding.weight
Invalid gradients detected, skipping batch
Invalid gradients detected in embedding.weight
Invalid gradients detected, skipping batch
Invalid gradients detected in embedding.weight
Invalid gradients detected, skipping batch
Invalid gradients detected in embedding.weight
Invalid gradients detected, skipping batch
Invalid gradients detected in embedding.weight
Invalid gradients detected, skipping batch
Invalid gradients detected in embedding.weight
Invalid gradients detected, skipping batch
| epoch   2 | 18200/21973 batches | ms/batch 86.26 | loss  1.17 | bpb  1.68 | lr 5.00e-05 | updates 18170

GPU Memory: Allocated=0.17GB, Reserved=2.33GB, Peak=2.33GB
Invalid gradients detected in embedding.weight
Invalid gradients detected, skipping batch
Invalid gradients detected in embedding.weight
Invalid gradients detected, skipping batch
Invalid gradients detected in embedding.weight
Invalid gradients detected, skipping batch
Invalid gradients detected in embedding.weight
Invalid gradients detected, skipping batch
| epoch   2 | 18250/21973 batches | ms/batch 86.26 | loss  1.17 | bpb  1.68 | lr 5.00e-05 | updates 18216

GPU Memory: Allocated=0.17GB, Reserved=2.33GB, Peak=2.33GB
Invalid gradients detected in embedding.weight
Invalid gradients detected, skipping batch
| epoch   2 | 18300/21973 batches | ms/batch 86.26 | loss  1.17 | bpb  1.68 | lr 5.00e-05 | updates 18265

GPU Memory: Allocated=0.17GB, Reserved=2.33GB, Peak=2.33GB
Invalid gradients detected in embedding.weight
Invalid gradients detected, skipping batch
Invalid gradients detected in embedding.weight
Invalid gradients detected, skipping batch
Invalid gradients detected in embedding.weight
Invalid gradients detected, skipping batch
Invalid gradients detected in embedding.weight
Invalid gradients detected, skipping batch
| epoch   2 | 18350/21973 batches | ms/batch 86.25 | loss  1.16 | bpb  1.68 | lr 5.00e-05 | updates 18311

GPU Memory: Allocated=0.17GB, Reserved=2.33GB, Peak=2.33GB
Invalid gradients detected in embedding.weight
Invalid gradients detected, skipping batch
