Using device: cuda
Loading training data...
Loading data from data/enwik8
Training sparse transformer model...
Initial learning rate: 0.000001
Target learning rate: 0.000100
Warmup steps: 4000
Epoch 1/100 | Batch 0/7324 | Loss: 5.5675 | LR: 0.000000
Epoch 1/100 | Batch 100/7324 | Loss: 5.0408 | LR: 0.000013
Epoch 1/100 | Batch 200/7324 | Loss: 4.3285 | LR: 0.000025
Epoch 1/100 | Batch 300/7324 | Loss: 4.0099 | LR: 0.000038
Epoch 1/100 | Batch 400/7324 | Loss: 3.8059 | LR: 0.000050
Epoch 1/100 | Batch 500/7324 | Loss: 3.7427 | LR: 0.000063
Epoch 1/100 | Batch 600/7324 | Loss: 3.3141 | LR: 0.000075
Epoch 1/100 | Batch 700/7324 | Loss: 3.2468 | LR: 0.000088
Epoch 1/100 | Batch 800/7324 | Loss: 2.9306 | LR: 0.000100
Epoch 1/100 | Batch 900/7324 | Loss: 2.6866 | LR: 0.000113
Epoch 1/100 | Batch 1000/7324 | Loss: 2.1909 | LR: 0.000125
Epoch 1/100 | Batch 1100/7324 | Loss: 1.6556 | LR: 0.000138
Epoch 1/100 | Batch 1200/7324 | Loss: 1.0689 | LR: 0.000150
Epoch 1/100 | Batch 1300/7324 | Loss: 0.7673 | LR: 0.000163
Epoch 1/100 | Batch 1400/7324 | Loss: 0.6165 | LR: 0.000175
Epoch 1/100 | Batch 1500/7324 | Loss: 0.5812 | LR: 0.000188
Epoch 1/100 | Batch 1600/7324 | Loss: 0.5123 | LR: 0.000200
Epoch 1/100 | Batch 1700/7324 | Loss: 0.5064 | LR: 0.000213
Epoch 1/100 | Batch 1800/7324 | Loss: 0.4992 | LR: 0.000225
Epoch 1/100 | Batch 1900/7324 | Loss: 0.5026 | LR: 0.000238
Epoch 1/100 | Batch 2000/7324 | Loss: 0.5022 | LR: 0.000250
Epoch 1/100 | Batch 2100/7324 | Loss: 0.5027 | LR: 0.000263
Epoch 1/100 | Batch 2200/7324 | Loss: 0.4976 | LR: 0.000275
Epoch 1/100 | Batch 2300/7324 | Loss: 0.4923 | LR: 0.000288
Epoch 1/100 | Batch 2400/7324 | Loss: 0.4896 | LR: 0.000300
Epoch 1/100 | Batch 2500/7324 | Loss: 0.4891 | LR: 0.000313
Epoch 1/100 | Batch 2600/7324 | Loss: 0.4874 | LR: 0.000325
Epoch 1/100 | Batch 2700/7324 | Loss: 0.4882 | LR: 0.000338
Epoch 1/100 | Batch 2800/7324 | Loss: 0.4870 | LR: 0.000350
Epoch 1/100 | Batch 2900/7324 | Loss: 0.4892 | LR: 0.000363
Epoch 1/100 | Batch 3000/7324 | Loss: 0.4846 | LR: 0.000375
Epoch 1/100 | Batch 3100/7324 | Loss: 0.4859 | LR: 0.000388
Epoch 1/100 | Batch 3200/7324 | Loss: 0.4857 | LR: 0.000400
Epoch 1/100 | Batch 3300/7324 | Loss: 0.4866 | LR: 0.000413
Epoch 1/100 | Batch 3400/7324 | Loss: 0.4869 | LR: 0.000425
Epoch 1/100 | Batch 3500/7324 | Loss: 0.4879 | LR: 0.000438
Epoch 1/100 | Batch 3600/7324 | Loss: 0.4859 | LR: 0.000450
Epoch 1/100 | Batch 3700/7324 | Loss: 0.4852 | LR: 0.000463
Epoch 1/100 | Batch 3800/7324 | Loss: 0.4854 | LR: 0.000475
Epoch 1/100 | Batch 3900/7324 | Loss: 0.4888 | LR: 0.000488
Epoch 1/100 | Batch 4000/7324 | Loss: 0.4846 | LR: 0.000500
Epoch 1/100 | Batch 4100/7324 | Loss: 0.4870 | LR: 0.000500
Epoch 1/100 | Batch 4200/7324 | Loss: 0.4849 | LR: 0.000500
Epoch 1/100 | Batch 4300/7324 | Loss: 0.4854 | LR: 0.000500
Epoch 1/100 | Batch 4400/7324 | Loss: 0.4836 | LR: 0.000500
Epoch 1/100 | Batch 4500/7324 | Loss: 0.4852 | LR: 0.000500
Epoch 1/100 | Batch 4600/7324 | Loss: 0.4844 | LR: 0.000500
Epoch 1/100 | Batch 4700/7324 | Loss: 0.4897 | LR: 0.000500
Epoch 1/100 | Batch 4800/7324 | Loss: 0.4860 | LR: 0.000500
Epoch 1/100 | Batch 4900/7324 | Loss: 0.4843 | LR: 0.000500
Epoch 1/100 | Batch 5000/7324 | Loss: 0.4837 | LR: 0.000500
Epoch 1/100 | Batch 5100/7324 | Loss: 0.4851 | LR: 0.000500
Epoch 1/100 | Batch 5200/7324 | Loss: 0.4856 | LR: 0.000500
Epoch 1/100 | Batch 5300/7324 | Loss: 0.4839 | LR: 0.000500
Epoch 1/100 | Batch 5400/7324 | Loss: 0.4886 | LR: 0.000500
Epoch 1/100 | Batch 5500/7324 | Loss: 0.4844 | LR: 0.000500
Epoch 1/100 | Batch 5600/7324 | Loss: 0.4854 | LR: 0.000500
Epoch 1/100 | Batch 5700/7324 | Loss: 0.4837 | LR: 0.000500
Epoch 1/100 | Batch 5800/7324 | Loss: 0.4850 | LR: 0.000500
Epoch 1/100 | Batch 5900/7324 | Loss: 0.4858 | LR: 0.000500
Epoch 1/100 | Batch 6000/7324 | Loss: 0.4849 | LR: 0.000500
Epoch 1/100 | Batch 6100/7324 | Loss: 0.4848 | LR: 0.000500
Epoch 1/100 | Batch 6200/7324 | Loss: 0.4854 | LR: 0.000500
Epoch 1/100 | Batch 6300/7324 | Loss: 0.4841 | LR: 0.000500
Epoch 1/100 | Batch 6400/7324 | Loss: 0.4845 | LR: 0.000500
Epoch 1/100 | Batch 6500/7324 | Loss: 0.4846 | LR: 0.000500
Epoch 1/100 | Batch 6600/7324 | Loss: 0.4858 | LR: 0.000500
Epoch 1/100 | Batch 6700/7324 | Loss: 0.4846 | LR: 0.000500
Epoch 1/100 | Batch 6800/7324 | Loss: 0.4851 | LR: 0.000500
Epoch 1/100 | Batch 6900/7324 | Loss: 0.4846 | LR: 0.000500
Epoch 1/100 | Batch 7000/7324 | Loss: 0.4841 | LR: 0.000500
Epoch 1/100 | Batch 7100/7324 | Loss: 0.4850 | LR: 0.000500
Epoch 1/100 | Batch 7200/7324 | Loss: 0.4844 | LR: 0.000500
Epoch 1/100 | Batch 7300/7324 | Loss: 0.4856 | LR: 0.000500
Warning: Output tensor does not require gradients
Warning: Output tensor does not require gradients
Warning: Output tensor does not require gradients
Warning: Output tensor does not require gradients
Warning: Output tensor does not require gradients
Warning: Output tensor does not require gradients
Warning: Output tensor does not require gradients
Warning: Output tensor does not require gradients
Warning: Output tensor does not require gradients
Warning: Output tensor does not require gradients
Warning: Output tensor does not require gradients
Warning: Output tensor does not require gradients
Warning: Output tensor does not require gradients
Warning: Output tensor does not require gradients
Warning: Output tensor does not require gradients
Warning: Output tensor does not require gradients
Warning: Output tensor does not require gradients
Warning: Output tensor does not require gradients
Warning: Output tensor does not require gradients
Warning: Output tensor does not require gradients
Warning: Output tensor does not require gradients
Warning: Output tensor does not require gradients
Warning: Output tensor does not require gradients
Warning: Output tensor does not require gradients
Warning: Output tensor does not require gradients
Warning: Output tensor does not require gradients
Warning: Output tensor does not require gradients
Warning: Output tensor does not require gradients
Warning: Output tensor does not require gradients
Warning: Output tensor does not require gradients
Warning: Output tensor does not require gradients
Warning: Output tensor does not require gradients
Warning: Output tensor does not require gradients
Warning: Output tensor does not require gradients
Warning: Output tensor does not require gradients
Warning: Output tensor does not require gradients
Warning: Output tensor does not require gradients
Warning: Output tensor does not require gradients
Warning: Output tensor does not require gradients
Warning: Output tensor does not require gradients
Warning: Output tensor does not require gradients
Warning: Output tensor does not require gradients
Warning: Output tensor does not require gradients
Warning: Output tensor does not require gradients
Warning: Output tensor does not require gradients
Warning: Output tensor does not require gradients
Warning: Output tensor does not require gradients
Warning: Output tensor does not require gradients
Warning: Output tensor does not require gradients
Warning: Output tensor does not require gradients
Warning: Output tensor does not require gradients
Warning: Output tensor does not require gradients
Warning: Output tensor does not require gradients
Warning: Output tensor does not require gradients
Warning: Output tensor does not require gradients
Warning: Output tensor does not require gradients
Warning: Output tensor does not require gradients
Warning: Output tensor does not require gradients
Warning: Output tensor does not require gradients
Warning: Output tensor does not require gradients
Warning: Output tensor does not require gradients
Warning: Output tensor does not require gradients
Warning: Output tensor does not require gradients
Warning: Output tensor does not require gradients
Warning: Output tensor does not require gradients
Warning: Output tensor does not require gradients
Warning: Output tensor does not require gradients
Warning: Output tensor does not require gradients
Warning: Output tensor does not require gradients
Warning: Output tensor does not require gradients
Warning: Output tensor does not require gradients
Warning: Output tensor does not require gradients
Warning: Output tensor does not require gradients
Warning: Output tensor does not require gradients
Warning: Output tensor does not require gradients
Warning: Output tensor does not require gradients
Warning: Output tensor does not require gradients
Warning: Output tensor does not require gradients
Warning: Output tensor does not require gradients
Warning: Output tensor does not require gradients
Warning: Output tensor does not require gradients
Warning: Output tensor does not require gradients
Warning: Output tensor does not require gradients
Warning: Output tensor does not require gradients
Warning: Output tensor does not require gradients
Warning: Output tensor does not require gradients
Warning: Output tensor does not require gradients
Warning: Output tensor does not require gradients
Warning: Output tensor does not require gradients
Warning: Output tensor does not require gradients
Warning: Output tensor does not require gradients
Warning: Output tensor does not require gradients
Warning: Output tensor does not require gradients
Warning: Output tensor does not require gradients
Warning: Output tensor does not require gradients
Warning: Output tensor does not require gradients
Warning: Output tensor does not require gradients
Warning: Output tensor does not require gradients
Warning: Output tensor does not require gradients
Warning: Output tensor does not require gradients
Warning: Output tensor does not require gradients
Warning: Output tensor does not require gradients
Warning: Output tensor does not require gradients
Warning: Output tensor does not require gradients
Warning: Output tensor does not require gradients
Warning: Output tensor does not require gradients
Warning: Output tensor does not require gradients
Warning: Output tensor does not require gradients
Warning: Output tensor does not require gradients
Warning: Output tensor does not require gradients
Warning: Output tensor does not require gradients
Warning: Output tensor does not require gradients
Warning: Output tensor does not require gradients
Warning: Output tensor does not require gradients
Warning: Output tensor does not require gradients
Warning: Output tensor does not require gradients
Warning: Output tensor does not require gradients
Warning: Output tensor does not require gradients
Warning: Output tensor does not require gradients
Warning: Output tensor does not require gradients
Warning: Output tensor does not require gradients
Warning: Output tensor does not require gradients
Warning: Output tensor does not require gradients
Warning: Output tensor does not require gradients
Warning: Output tensor does not require gradients
Warning: Output tensor does not require gradients
Warning: Output tensor does not require gradients
Warning: Output tensor does not require gradients
Warning: Output tensor does not require gradients
Warning: Output tensor does not require gradients
Warning: Output tensor does not require gradients
Warning: Output tensor does not require gradients
Warning: Output tensor does not require gradients
Warning: Output tensor does not require gradients
Warning: Output tensor does not require gradients
Warning: Output tensor does not require gradients
Warning: Output tensor does not require gradients
Warning: Output tensor does not require gradients
Warning: Output tensor does not require gradients
Warning: Output tensor does not require gradients
Warning: Output tensor does not require gradients
Warning: Output tensor does not require gradients
Warning: Output tensor does not require gradients
Warning: Output tensor does not require gradients
Warning: Output tensor does not require gradients
Warning: Output tensor does not require gradients
Warning: Output tensor does not require gradients
Warning: Output tensor does not require gradients
Warning: Output tensor does not require gradients
Warning: Output tensor does not require gradients
Warning: Output tensor does not require gradients
Warning: Output tensor does not require gradients
Warning: Output tensor does not require gradients
Warning: Output tensor does not require gradients
Warning: Output tensor does not require gradients
Warning: Output tensor does not require gradients
Warning: Output tensor does not require gradients
Warning: Output tensor does not require gradients
Warning: Output tensor does not require gradients
Warning: Output tensor does not require gradients
Warning: Output tensor does not require gradients
Warning: Output tensor does not require gradients
Warning: Output tensor does not require gradients
Warning: Output tensor does not require gradients
Warning: Output tensor does not require gradients
Warning: Output tensor does not require gradients
Warning: Output tensor does not require gradients
Warning: Output tensor does not require gradients
Warning: Output tensor does not require gradients
Warning: Output tensor does not require gradients
Warning: Output tensor does not require gradients
Warning: Output tensor does not require gradients
Warning: Output tensor does not require gradients
Warning: Output tensor does not require gradients
Warning: Output tensor does not require gradients
Warning: Output tensor does not require gradients
Warning: Output tensor does not require gradients
Warning: Output tensor does not require gradients
Warning: Output tensor does not require gradients
Warning: Output tensor does not require gradients
Warning: Output tensor does not require gradients
Warning: Output tensor does not require gradients
Warning: Output tensor does not require gradients
Warning: Output tensor does not require gradients
Warning: Output tensor does not require gradients
Warning: Output tensor does not require gradients
Warning: Output tensor does not require gradients
Warning: Output tensor does not require gradients
Warning: Output tensor does not require gradients
Warning: Output tensor does not require gradients
Warning: Output tensor does not require gradients
Warning: Output tensor does not require gradients
Warning: Output tensor does not require gradients
Warning: Output tensor does not require gradients
Warning: Output tensor does not require gradients
Warning: Output tensor does not require gradients
Warning: Output tensor does not require gradients
Warning: Output tensor does not require gradients
Warning: Output tensor does not require gradients
Warning: Output tensor does not require gradients
Warning: Output tensor does not require gradients
Warning: Output tensor does not require gradients
Warning: Output tensor does not require gradients
Warning: Output tensor does not require gradients
Warning: Output tensor does not require gradients
Warning: Output tensor does not require gradients
Warning: Output tensor does not require gradients
Warning: Output tensor does not require gradients
Warning: Output tensor does not require gradients
Warning: Output tensor does not require gradients
Warning: Output tensor does not require gradients
Warning: Output tensor does not require gradients
Warning: Output tensor does not require gradients
Warning: Output tensor does not require gradients
Warning: Output tensor does not require gradients
Warning: Output tensor does not require gradients
Warning: Output tensor does not require gradients
Warning: Output tensor does not require gradients
Warning: Output tensor does not require gradients
Warning: Output tensor does not require gradients
Warning: Output tensor does not require gradients
Warning: Output tensor does not require gradients
Warning: Output tensor does not require gradients
Warning: Output tensor does not require gradients
Warning: Output tensor does not require gradients
Warning: Output tensor does not require gradients
Warning: Output tensor does not require gradients
Warning: Output tensor does not require gradients
Warning: Output tensor does not require gradients
Warning: Output tensor does not require gradients
Warning: Output tensor does not require gradients
Warning: Output tensor does not require gradients
Warning: Output tensor does not require gradients
Warning: Output tensor does not require gradients
Warning: Output tensor does not require gradients
Warning: Output tensor does not require gradients
Warning: Output tensor does not require gradients
Warning: Output tensor does not require gradients
Warning: Output tensor does not require gradients
Warning: Output tensor does not require gradients
Warning: Output tensor does not require gradients
Warning: Output tensor does not require gradients
Warning: Output tensor does not require gradients
Warning: Output tensor does not require gradients
Warning: Output tensor does not require gradients
Warning: Output tensor does not require gradients
Warning: Output tensor does not require gradients
Warning: Output tensor does not require gradients
Warning: Output tensor does not require gradients
Warning: Output tensor does not require gradients
Warning: Output tensor does not require gradients
Warning: Output tensor does not require gradients
Warning: Output tensor does not require gradients
Warning: Output tensor does not require gradients
Warning: Output tensor does not require gradients
Warning: Output tensor does not require gradients
Warning: Output tensor does not require gradients
Warning: Output tensor does not require gradients
Warning: Output tensor does not require gradients
Warning: Output tensor does not require gradients
Warning: Output tensor does not require gradients
Warning: Output tensor does not require gradients
Warning: Output tensor does not require gradients
Warning: Output tensor does not require gradients
Warning: Output tensor does not require gradients
Warning: Output tensor does not require gradients
Warning: Output tensor does not require gradients
Warning: Output tensor does not require gradients
Warning: Output tensor does not require gradients
Warning: Output tensor does not require gradients
Warning: Output tensor does not require gradients
Warning: Output tensor does not require gradients
Warning: Output tensor does not require gradients
Warning: Output tensor does not require gradients
Warning: Output tensor does not require gradients
Warning: Output tensor does not require gradients
Warning: Output tensor does not require gradients
Warning: Output tensor does not require gradients
Warning: Output tensor does not require gradients
Warning: Output tensor does not require gradients
Warning: Output tensor does not require gradients
Warning: Output tensor does not require gradients
Warning: Output tensor does not require gradients
Warning: Output tensor does not require gradients
Warning: Output tensor does not require gradients
Warning: Output tensor does not require gradients
Warning: Output tensor does not require gradients
Warning: Output tensor does not require gradients
Warning: Output tensor does not require gradients
Warning: Output tensor does not require gradients
Warning: Output tensor does not require gradients
Warning: Output tensor does not require gradients
Warning: Output tensor does not require gradients
Warning: Output tensor does not require gradients
Warning: Output tensor does not require gradients
Warning: Output tensor does not require gradients
Warning: Output tensor does not require gradients
Warning: Output tensor does not require gradients
Warning: Output tensor does not require gradients
Warning: Output tensor does not require gradients
Warning: Output tensor does not require gradients
Warning: Output tensor does not require gradients
Warning: Output tensor does not require gradients
Warning: Output tensor does not require gradients
Warning: Output tensor does not require gradients
Warning: Output tensor does not require gradients
Warning: Output tensor does not require gradients
Warning: Output tensor does not require gradients
Warning: Output tensor does not require gradients
Warning: Output tensor does not require gradients
Warning: Output tensor does not require gradients
Warning: Output tensor does not require gradients
Warning: Output tensor does not require gradients
Warning: Output tensor does not require gradients
Warning: Output tensor does not require gradients
Warning: Output tensor does not require gradients
Warning: Output tensor does not require gradients
Warning: Output tensor does not require gradients
Warning: Output tensor does not require gradients
Warning: Output tensor does not require gradients
Warning: Output tensor does not require gradients
Warning: Output tensor does not require gradients
Warning: Output tensor does not require gradients
Warning: Output tensor does not require gradients
Warning: Output tensor does not require gradients
Warning: Output tensor does not require gradients
Warning: Output tensor does not require gradients
Warning: Output tensor does not require gradients
Warning: Output tensor does not require gradients
Warning: Output tensor does not require gradients
Warning: Output tensor does not require gradients
Warning: Output tensor does not require gradients
Warning: Output tensor does not require gradients
Warning: Output tensor does not require gradients
Warning: Output tensor does not require gradients
Warning: Output tensor does not require gradients
Warning: Output tensor does not require gradients
Warning: Output tensor does not require gradients
Warning: Output tensor does not require gradients
Warning: Output tensor does not require gradients
Warning: Output tensor does not require gradients
Warning: Output tensor does not require gradients
Warning: Output tensor does not require gradients
Warning: Output tensor does not require gradients
Warning: Output tensor does not require gradients
Warning: Output tensor does not require gradients
Warning: Output tensor does not require gradients
Warning: Output tensor does not require gradients
Warning: Output tensor does not require gradients
Warning: Output tensor does not require gradients
Warning: Output tensor does not require gradients
Warning: Output tensor does not require gradients
Warning: Output tensor does not require gradients
Warning: Output tensor does not require gradients
Warning: Output tensor does not require gradients
Warning: Output tensor does not require gradients
Warning: Output tensor does not require gradients
Warning: Output tensor does not require gradients
Warning: Output tensor does not require gradients
Warning: Output tensor does not require gradients
Warning: Output tensor does not require gradients
Warning: Output tensor does not require gradients
Warning: Output tensor does not require gradients
Warning: Output tensor does not require gradients
Warning: Output tensor does not require gradients
Warning: Output tensor does not require gradients
Warning: Output tensor does not require gradients
Warning: Output tensor does not require gradients
Warning: Output tensor does not require gradients
Warning: Output tensor does not require gradients
Warning: Output tensor does not require gradients
Warning: Output tensor does not require gradients
Warning: Output tensor does not require gradients
Warning: Output tensor does not require gradients
Warning: Output tensor does not require gradients
Warning: Output tensor does not require gradients
Warning: Output tensor does not require gradients
Warning: Output tensor does not require gradients
Warning: Output tensor does not require gradients
Warning: Output tensor does not require gradients
Warning: Output tensor does not require gradients
Warning: Output tensor does not require gradients
Warning: Output tensor does not require gradients
Warning: Output tensor does not require gradients
Warning: Output tensor does not require gradients
Warning: Output tensor does not require gradients
Warning: Output tensor does not require gradients
Warning: Output tensor does not require gradients
Warning: Output tensor does not require gradients
Warning: Output tensor does not require gradients
Warning: Output tensor does not require gradients
Warning: Output tensor does not require gradients
Warning: Output tensor does not require gradients
Warning: Output tensor does not require gradients
Warning: Output tensor does not require gradients
Warning: Output tensor does not require gradients
Warning: Output tensor does not require gradients
Warning: Output tensor does not require gradients
Warning: Output tensor does not require gradients
Warning: Output tensor does not require gradients
Warning: Output tensor does not require gradients
Warning: Output tensor does not require gradients
Warning: Output tensor does not require gradients
Warning: Output tensor does not require gradients
Warning: Output tensor does not require gradients
Warning: Output tensor does not require gradients
Warning: Output tensor does not require gradients
Warning: Output tensor does not require gradients
Warning: Output tensor does not require gradients
Warning: Output tensor does not require gradients
Warning: Output tensor does not require gradients
Warning: Output tensor does not require gradients
Warning: Output tensor does not require gradients
Warning: Output tensor does not require gradients
Warning: Output tensor does not require gradients
Warning: Output tensor does not require gradients
Warning: Output tensor does not require gradients
Warning: Output tensor does not require gradients
Warning: Output tensor does not require gradients
Warning: Output tensor does not require gradients
Warning: Output tensor does not require gradients
Warning: Output tensor does not require gradients
Warning: Output tensor does not require gradients
Warning: Output tensor does not require gradients
Warning: Output tensor does not require gradients
Warning: Output tensor does not require gradients
Warning: Output tensor does not require gradients
Warning: Output tensor does not require gradients
Warning: Output tensor does not require gradients
Warning: Output tensor does not require gradients
Warning: Output tensor does not require gradients
Warning: Output tensor does not require gradients
Warning: Output tensor does not require gradients
Warning: Output tensor does not require gradients
Warning: Output tensor does not require gradients
Warning: Output tensor does not require gradients
Warning: Output tensor does not require gradients
Warning: Output tensor does not require gradients
Warning: Output tensor does not require gradients
Warning: Output tensor does not require gradients
Warning: Output tensor does not require gradients
Warning: Output tensor does not require gradients
Warning: Output tensor does not require gradients
Warning: Output tensor does not require gradients
Warning: Output tensor does not require gradients
Warning: Output tensor does not require gradients
Warning: Output tensor does not require gradients
Warning: Output tensor does not require gradients
Warning: Output tensor does not require gradients
Warning: Output tensor does not require gradients
Warning: Output tensor does not require gradients
Warning: Output tensor does not require gradients
Warning: Output tensor does not require gradients
Warning: Output tensor does not require gradients
Warning: Output tensor does not require gradients
Warning: Output tensor does not require gradients
Warning: Output tensor does not require gradients
Warning: Output tensor does not require gradients
Warning: Output tensor does not require gradients
Warning: Output tensor does not require gradients
Warning: Output tensor does not require gradients
Warning: Output tensor does not require gradients
Warning: Output tensor does not require gradients
Warning: Output tensor does not require gradients
Warning: Output tensor does not require gradients
Warning: Output tensor does not require gradients
Warning: Output tensor does not require gradients
Warning: Output tensor does not require gradients
Warning: Output tensor does not require gradients
Warning: Output tensor does not require gradients
Warning: Output tensor does not require gradients
Warning: Output tensor does not require gradients
Warning: Output tensor does not require gradients
Warning: Output tensor does not require gradients
Warning: Output tensor does not require gradients
Warning: Output tensor does not require gradients
Warning: Output tensor does not require gradients
Warning: Output tensor does not require gradients
Warning: Output tensor does not require gradients
Warning: Output tensor does not require gradients
Warning: Output tensor does not require gradients
Warning: Output tensor does not require gradients
Warning: Output tensor does not require gradients
Warning: Output tensor does not require gradients
Warning: Output tensor does not require gradients
Warning: Output tensor does not require gradients
Warning: Output tensor does not require gradients
Warning: Output tensor does not require gradients
Warning: Output tensor does not require gradients
Warning: Output tensor does not require gradients
Warning: Output tensor does not require gradients
Warning: Output tensor does not require gradients
Warning: Output tensor does not require gradients
Warning: Output tensor does not require gradients
Warning: Output tensor does not require gradients
Warning: Output tensor does not require gradients
Warning: Output tensor does not require gradients
Warning: Output tensor does not require gradients
Warning: Output tensor does not require gradients
Warning: Output tensor does not require gradients
Warning: Output tensor does not require gradients
Warning: Output tensor does not require gradients
Warning: Output tensor does not require gradients
Warning: Output tensor does not require gradients
Warning: Output tensor does not require gradients
Warning: Output tensor does not require gradients
Warning: Output tensor does not require gradients
Warning: Output tensor does not require gradients
Warning: Output tensor does not require gradients
Warning: Output tensor does not require gradients
Warning: Output tensor does not require gradients
Warning: Output tensor does not require gradients
Warning: Output tensor does not require gradients
Warning: Output tensor does not require gradients
Warning: Output tensor does not require gradients
Warning: Output tensor does not require gradients
Warning: Output tensor does not require gradients
Warning: Output tensor does not require gradients
Warning: Output tensor does not require gradients
Warning: Output tensor does not require gradients
Warning: Output tensor does not require gradients
Warning: Output tensor does not require gradients
Warning: Output tensor does not require gradients
Warning: Output tensor does not require gradients
Warning: Output tensor does not require gradients
Warning: Output tensor does not require gradients
Warning: Output tensor does not require gradients
Warning: Output tensor does not require gradients
Warning: Output tensor does not require gradients
Warning: Output tensor does not require gradients
Warning: Output tensor does not require gradients
Warning: Output tensor does not require gradients
Warning: Output tensor does not require gradients
Warning: Output tensor does not require gradients
Warning: Output tensor does not require gradients
Warning: Output tensor does not require gradients
Warning: Output tensor does not require gradients
Warning: Output tensor does not require gradients
Warning: Output tensor does not require gradients
Warning: Output tensor does not require gradients
Warning: Output tensor does not require gradients
Warning: Output tensor does not require gradients
Warning: Output tensor does not require gradients
Warning: Output tensor does not require gradients
Warning: Output tensor does not require gradients
Warning: Output tensor does not require gradients
Warning: Output tensor does not require gradients
Warning: Output tensor does not require gradients
Warning: Output tensor does not require gradients
Warning: Output tensor does not require gradients
Warning: Output tensor does not require gradients
Warning: Output tensor does not require gradients
Warning: Output tensor does not require gradients
Warning: Output tensor does not require gradients
Warning: Output tensor does not require gradients
Warning: Output tensor does not require gradients
Warning: Output tensor does not require gradients
Warning: Output tensor does not require gradients
Warning: Output tensor does not require gradients
Warning: Output tensor does not require gradients
Warning: Output tensor does not require gradients
Warning: Output tensor does not require gradients
Warning: Output tensor does not require gradients
Warning: Output tensor does not require gradients
Warning: Output tensor does not require gradients
Warning: Output tensor does not require gradients
Warning: Output tensor does not require gradients
Warning: Output tensor does not require gradients
Warning: Output tensor does not require gradients
Warning: Output tensor does not require gradients
Warning: Output tensor does not require gradients
Warning: Output tensor does not require gradients
Warning: Output tensor does not require gradients
Warning: Output tensor does not require gradients
Warning: Output tensor does not require gradients
Warning: Output tensor does not require gradients
Warning: Output tensor does not require gradients
Warning: Output tensor does not require gradients
Warning: Output tensor does not require gradients
Warning: Output tensor does not require gradients
Warning: Output tensor does not require gradients
Warning: Output tensor does not require gradients
Warning: Output tensor does not require gradients
Warning: Output tensor does not require gradients
Warning: Output tensor does not require gradients
Warning: Output tensor does not require gradients
Warning: Output tensor does not require gradients
Warning: Output tensor does not require gradients
Warning: Output tensor does not require gradients
Warning: Output tensor does not require gradients
Warning: Output tensor does not require gradients
Warning: Output tensor does not require gradients
Warning: Output tensor does not require gradients
Warning: Output tensor does not require gradients
Warning: Output tensor does not require gradients
Warning: Output tensor does not require gradients
Warning: Output tensor does not require gradients
Warning: Output tensor does not require gradients
Warning: Output tensor does not require gradients
Warning: Output tensor does not require gradients
Warning: Output tensor does not require gradients
Warning: Output tensor does not require gradients
Warning: Output tensor does not require gradients
Warning: Output tensor does not require gradients
Warning: Output tensor does not require gradients
Warning: Output tensor does not require gradients
Warning: Output tensor does not require gradients
Warning: Output tensor does not require gradients
Warning: Output tensor does not require gradients
Warning: Output tensor does not require gradients
Warning: Output tensor does not require gradients
Warning: Output tensor does not require gradients
Warning: Output tensor does not require gradients
Warning: Output tensor does not require gradients
Warning: Output tensor does not require gradients
Warning: Output tensor does not require gradients
Warning: Output tensor does not require gradients
Warning: Output tensor does not require gradients
Warning: Output tensor does not require gradients
Warning: Output tensor does not require gradients
Warning: Output tensor does not require gradients
Warning: Output tensor does not require gradients
Warning: Output tensor does not require gradients
Warning: Output tensor does not require gradients
Warning: Output tensor does not require gradients
Warning: Output tensor does not require gradients
Warning: Output tensor does not require gradients
Warning: Output tensor does not require gradients
Warning: Output tensor does not require gradients
Warning: Output tensor does not require gradients
Warning: Output tensor does not require gradients
Warning: Output tensor does not require gradients
Warning: Output tensor does not require gradients
Warning: Output tensor does not require gradients
Warning: Output tensor does not require gradients
Warning: Output tensor does not require gradients
Warning: Output tensor does not require gradients
Warning: Output tensor does not require gradients
Warning: Output tensor does not require gradients
Warning: Output tensor does not require gradients
Warning: Output tensor does not require gradients
Warning: Output tensor does not require gradients
Warning: Output tensor does not require gradients
Warning: Output tensor does not require gradients
Warning: Output tensor does not require gradients
Warning: Output tensor does not require gradients
Warning: Output tensor does not require gradients
Warning: Output tensor does not require gradients
Warning: Output tensor does not require gradients
Warning: Output tensor does not require gradients
Warning: Output tensor does not require gradients
Warning: Output tensor does not require gradients
Warning: Output tensor does not require gradients
Warning: Output tensor does not require gradients
Warning: Output tensor does not require gradients
Warning: Output tensor does not require gradients
Warning: Output tensor does not require gradients
Warning: Output tensor does not require gradients
Warning: Output tensor does not require gradients
Warning: Output tensor does not require gradients
Warning: Output tensor does not require gradients
Warning: Output tensor does not require gradients
Warning: Output tensor does not require gradients
Warning: Output tensor does not require gradients
Warning: Output tensor does not require gradients
Warning: Output tensor does not require gradients
Warning: Output tensor does not require gradients
Warning: Output tensor does not require gradients
Warning: Output tensor does not require gradients
Warning: Output tensor does not require gradients
Warning: Output tensor does not require gradients
Warning: Output tensor does not require gradients
Warning: Output tensor does not require gradients
Warning: Output tensor does not require gradients
Warning: Output tensor does not require gradients
Warning: Output tensor does not require gradients
Warning: Output tensor does not require gradients
Warning: Output tensor does not require gradients
Warning: Output tensor does not require gradients
Warning: Output tensor does not require gradients
Warning: Output tensor does not require gradients
Warning: Output tensor does not require gradients
Warning: Output tensor does not require gradients
Warning: Output tensor does not require gradients
Warning: Output tensor does not require gradients
Warning: Output tensor does not require gradients
Warning: Output tensor does not require gradients
Warning: Output tensor does not require gradients
Warning: Output tensor does not require gradients
Warning: Output tensor does not require gradients
Warning: Output tensor does not require gradients
Warning: Output tensor does not require gradients
Warning: Output tensor does not require gradients
Warning: Output tensor does not require gradients
Warning: Output tensor does not require gradients
Warning: Output tensor does not require gradients
Warning: Output tensor does not require gradients
Warning: Output tensor does not require gradients
Warning: Output tensor does not require gradients
Warning: Output tensor does not require gradients
Warning: Output tensor does not require gradients
Warning: Output tensor does not require gradients
Warning: Output tensor does not require gradients
Warning: Output tensor does not require gradients
Warning: Output tensor does not require gradients
Warning: Output tensor does not require gradients
Warning: Output tensor does not require gradients
Warning: Output tensor does not require gradients
Warning: Output tensor does not require gradients
Warning: Output tensor does not require gradients
Warning: Output tensor does not require gradients
Warning: Output tensor does not require gradients
Warning: Output tensor does not require gradients
Warning: Output tensor does not require gradients
Warning: Output tensor does not require gradients
Warning: Output tensor does not require gradients
Warning: Output tensor does not require gradients
Warning: Output tensor does not require gradients
Warning: Output tensor does not require gradients
Warning: Output tensor does not require gradients
Warning: Output tensor does not require gradients
Warning: Output tensor does not require gradients
Warning: Output tensor does not require gradients
Warning: Output tensor does not require gradients
Warning: Output tensor does not require gradients
Warning: Output tensor does not require gradients
Warning: Output tensor does not require gradients
Warning: Output tensor does not require gradients
Warning: Output tensor does not require gradients
Warning: Output tensor does not require gradients
Warning: Output tensor does not require gradients
Warning: Output tensor does not require gradients
Warning: Output tensor does not require gradients
Warning: Output tensor does not require gradients
Warning: Output tensor does not require gradients
Warning: Output tensor does not require gradients
Warning: Output tensor does not require gradients
Warning: Output tensor does not require gradients
Warning: Output tensor does not require gradients
Warning: Output tensor does not require gradients
Warning: Output tensor does not require gradients
Warning: Output tensor does not require gradients
Warning: Output tensor does not require gradients
Warning: Output tensor does not require gradients
Warning: Output tensor does not require gradients
Warning: Output tensor does not require gradients
Warning: Output tensor does not require gradients
Warning: Output tensor does not require gradients
Warning: Output tensor does not require gradients
Warning: Output tensor does not require gradients
Warning: Output tensor does not require gradients
Warning: Output tensor does not require gradients
Warning: Output tensor does not require gradients
Warning: Output tensor does not require gradients
Warning: Output tensor does not require gradients
Warning: Output tensor does not require gradients
Warning: Output tensor does not require gradients
Warning: Output tensor does not require gradients
Warning: Output tensor does not require gradients
Warning: Output tensor does not require gradients
Warning: Output tensor does not require gradients
Warning: Output tensor does not require gradients
Warning: Output tensor does not require gradients
Warning: Output tensor does not require gradients
Warning: Output tensor does not require gradients
Warning: Output tensor does not require gradients
Warning: Output tensor does not require gradients
Warning: Output tensor does not require gradients
Warning: Output tensor does not require gradients
Warning: Output tensor does not require gradients
Warning: Output tensor does not require gradients
Warning: Output tensor does not require gradients
Warning: Output tensor does not require gradients
Warning: Output tensor does not require gradients
Warning: Output tensor does not require gradients
Warning: Output tensor does not require gradients
Warning: Output tensor does not require gradients
Warning: Output tensor does not require gradients
Warning: Output tensor does not require gradients
Warning: Output tensor does not require gradients
Warning: Output tensor does not require gradients
Warning: Output tensor does not require gradients
Warning: Output tensor does not require gradients
Warning: Output tensor does not require gradients
Warning: Output tensor does not require gradients
Warning: Output tensor does not require gradients
Warning: Output tensor does not require gradients
Warning: Output tensor does not require gradients
Warning: Output tensor does not require gradients
Warning: Output tensor does not require gradients
Warning: Output tensor does not require gradients
Warning: Output tensor does not require gradients
Warning: Output tensor does not require gradients
Warning: Output tensor does not require gradients
Warning: Output tensor does not require gradients
Warning: Output tensor does not require gradients
Warning: Output tensor does not require gradients
Warning: Output tensor does not require gradients
Warning: Output tensor does not require gradients
Warning: Output tensor does not require gradients
Warning: Output tensor does not require gradients
Warning: Output tensor does not require gradients
Warning: Output tensor does not require gradients
Warning: Output tensor does not require gradients
Warning: Output tensor does not require gradients
Warning: Output tensor does not require gradients
Warning: Output tensor does not require gradients
Warning: Output tensor does not require gradients
Warning: Output tensor does not require gradients
Warning: Output tensor does not require gradients
Warning: Output tensor does not require gradients
Warning: Output tensor does not require gradients
Warning: Output tensor does not require gradients

Epoch 1/100 Summary:
Average Training Loss: 0.9740
Average Validation Loss: 0.4840
Best Validation Loss: 0.4840
Learning Rate: 0.000500
Epoch 2/100 | Batch 0/7324 | Loss: 0.4855 | LR: 0.000475
Epoch 2/100 | Batch 100/7324 | Loss: 0.4857 | LR: 0.000475
Epoch 2/100 | Batch 200/7324 | Loss: 0.4858 | LR: 0.000475
Epoch 2/100 | Batch 300/7324 | Loss: 0.4847 | LR: 0.000475
Epoch 2/100 | Batch 400/7324 | Loss: 0.4837 | LR: 0.000475
Epoch 2/100 | Batch 500/7324 | Loss: 0.4856 | LR: 0.000475
Epoch 2/100 | Batch 600/7324 | Loss: 0.4845 | LR: 0.000475
Epoch 2/100 | Batch 700/7324 | Loss: 0.4847 | LR: 0.000475
Epoch 2/100 | Batch 800/7324 | Loss: 0.4837 | LR: 0.000475
Epoch 2/100 | Batch 900/7324 | Loss: 0.4858 | LR: 0.000475
Epoch 2/100 | Batch 1000/7324 | Loss: 0.4865 | LR: 0.000475
Epoch 2/100 | Batch 1100/7324 | Loss: 0.4871 | LR: 0.000475
Epoch 2/100 | Batch 1200/7324 | Loss: 0.5221 | LR: 0.000475
Epoch 2/100 | Batch 1300/7324 | Loss: 0.5023 | LR: 0.000475
Epoch 2/100 | Batch 1400/7324 | Loss: 0.4899 | LR: 0.000475
Epoch 2/100 | Batch 1500/7324 | Loss: 0.4903 | LR: 0.000475
Epoch 2/100 | Batch 1600/7324 | Loss: 0.4918 | LR: 0.000475
Epoch 2/100 | Batch 1700/7324 | Loss: 0.4915 | LR: 0.000475
Epoch 2/100 | Batch 1800/7324 | Loss: 0.4945 | LR: 0.000475
Epoch 2/100 | Batch 1900/7324 | Loss: 0.4878 | LR: 0.000475
Epoch 2/100 | Batch 2000/7324 | Loss: 0.5369 | LR: 0.000475
Epoch 2/100 | Batch 2100/7324 | Loss: 0.4951 | LR: 0.000475
Epoch 2/100 | Batch 2200/7324 | Loss: 0.4923 | LR: 0.000475
Epoch 2/100 | Batch 2300/7324 | Loss: 0.4920 | LR: 0.000475
Epoch 2/100 | Batch 2400/7324 | Loss: 0.5077 | LR: 0.000475
Epoch 2/100 | Batch 2500/7324 | Loss: 0.4938 | LR: 0.000475
Epoch 2/100 | Batch 2600/7324 | Loss: 0.4916 | LR: 0.000475
Epoch 2/100 | Batch 2700/7324 | Loss: 0.5430 | LR: 0.000475
Epoch 2/100 | Batch 2800/7324 | Loss: 0.4929 | LR: 0.000475
Epoch 2/100 | Batch 2900/7324 | Loss: 0.5074 | LR: 0.000475
Epoch 2/100 | Batch 3000/7324 | Loss: 0.4880 | LR: 0.000475
Epoch 2/100 | Batch 3100/7324 | Loss: 0.4981 | LR: 0.000475
Epoch 2/100 | Batch 3200/7324 | Loss: 0.4918 | LR: 0.000475
Epoch 2/100 | Batch 3300/7324 | Loss: 0.4926 | LR: 0.000475
Epoch 2/100 | Batch 3400/7324 | Loss: 0.4938 | LR: 0.000475
Epoch 2/100 | Batch 3500/7324 | Loss: 0.4898 | LR: 0.000475
Epoch 2/100 | Batch 3600/7324 | Loss: 0.4903 | LR: 0.000475
Epoch 2/100 | Batch 3700/7324 | Loss: 0.4923 | LR: 0.000475
Epoch 2/100 | Batch 3800/7324 | Loss: 0.4918 | LR: 0.000475
Epoch 2/100 | Batch 3900/7324 | Loss: 0.5043 | LR: 0.000475
Epoch 2/100 | Batch 4000/7324 | Loss: 0.4912 | LR: 0.000475
Epoch 2/100 | Batch 4100/7324 | Loss: 0.5058 | LR: 0.000475
Epoch 2/100 | Batch 4200/7324 | Loss: 0.4916 | LR: 0.000475
Epoch 2/100 | Batch 4300/7324 | Loss: 0.4924 | LR: 0.000475
Epoch 2/100 | Batch 4400/7324 | Loss: 0.4959 | LR: 0.000475
Epoch 2/100 | Batch 4500/7324 | Loss: 0.4908 | LR: 0.000475
Epoch 2/100 | Batch 4600/7324 | Loss: 0.4907 | LR: 0.000475
Epoch 2/100 | Batch 4700/7324 | Loss: 0.5173 | LR: 0.000475
Epoch 2/100 | Batch 4800/7324 | Loss: 0.4913 | LR: 0.000475
Epoch 2/100 | Batch 4900/7324 | Loss: 0.5047 | LR: 0.000475
Epoch 2/100 | Batch 5000/7324 | Loss: 0.4891 | LR: 0.000475
Epoch 2/100 | Batch 5100/7324 | Loss: 0.4908 | LR: 0.000475
Epoch 2/100 | Batch 5200/7324 | Loss: 0.4954 | LR: 0.000475
Epoch 2/100 | Batch 5300/7324 | Loss: 0.4993 | LR: 0.000475
Epoch 2/100 | Batch 5400/7324 | Loss: 0.4993 | LR: 0.000475
Epoch 2/100 | Batch 5500/7324 | Loss: 0.4883 | LR: 0.000475
Epoch 2/100 | Batch 5600/7324 | Loss: 0.4873 | LR: 0.000475
Epoch 2/100 | Batch 5700/7324 | Loss: 0.4864 | LR: 0.000475
Epoch 2/100 | Batch 5800/7324 | Loss: 0.5298 | LR: 0.000475
Epoch 2/100 | Batch 5900/7324 | Loss: 0.4933 | LR: 0.000475
Epoch 2/100 | Batch 6000/7324 | Loss: 0.5169 | LR: 0.000475
Epoch 2/100 | Batch 6100/7324 | Loss: 0.4905 | LR: 0.000475
Epoch 2/100 | Batch 6200/7324 | Loss: 0.4885 | LR: 0.000475
Epoch 2/100 | Batch 6300/7324 | Loss: 0.4965 | LR: 0.000475
Epoch 2/100 | Batch 6400/7324 | Loss: 0.4942 | LR: 0.000475
Epoch 2/100 | Batch 6500/7324 | Loss: 0.4894 | LR: 0.000475
Epoch 2/100 | Batch 6600/7324 | Loss: 0.4873 | LR: 0.000475
Epoch 2/100 | Batch 6700/7324 | Loss: 0.4926 | LR: 0.000475
Epoch 2/100 | Batch 6800/7324 | Loss: 0.4888 | LR: 0.000475
Epoch 2/100 | Batch 6900/7324 | Loss: 0.4893 | LR: 0.000475
Epoch 2/100 | Batch 7000/7324 | Loss: 0.4860 | LR: 0.000475
Epoch 2/100 | Batch 7100/7324 | Loss: 0.4897 | LR: 0.000475
Epoch 2/100 | Batch 7200/7324 | Loss: 0.4916 | LR: 0.000475
Epoch 2/100 | Batch 7300/7324 | Loss: 0.5187 | LR: 0.000475
Warning: Output tensor does not require gradients
Warning: Output tensor does not require gradients
Warning: Output tensor does not require gradients
Warning: Output tensor does not require gradients
Warning: Output tensor does not require gradients
Warning: Output tensor does not require gradients
Warning: Output tensor does not require gradients
Warning: Output tensor does not require gradients
Warning: Output tensor does not require gradients
Warning: Output tensor does not require gradients
Warning: Output tensor does not require gradients
Warning: Output tensor does not require gradients
Warning: Output tensor does not require gradients
Warning: Output tensor does not require gradients
Warning: Output tensor does not require gradients
Warning: Output tensor does not require gradients
Warning: Output tensor does not require gradients
Warning: Output tensor does not require gradients
Warning: Output tensor does not require gradients
Warning: Output tensor does not require gradients
Warning: Output tensor does not require gradients
Warning: Output tensor does not require gradients
Warning: Output tensor does not require gradients
Warning: Output tensor does not require gradients
Warning: Output tensor does not require gradients
Warning: Output tensor does not require gradients
Warning: Output tensor does not require gradients
Warning: Output tensor does not require gradients
Warning: Output tensor does not require gradients
Warning: Output tensor does not require gradients
Warning: Output tensor does not require gradients
Warning: Output tensor does not require gradients
Warning: Output tensor does not require gradients
Warning: Output tensor does not require gradients
Warning: Output tensor does not require gradients
Warning: Output tensor does not require gradients
Warning: Output tensor does not require gradients
Warning: Output tensor does not require gradients
Warning: Output tensor does not require gradients
Warning: Output tensor does not require gradients
Warning: Output tensor does not require gradients
Warning: Output tensor does not require gradients
Warning: Output tensor does not require gradients
Warning: Output tensor does not require gradients
Warning: Output tensor does not require gradients
Warning: Output tensor does not require gradients
Warning: Output tensor does not require gradients
Warning: Output tensor does not require gradients
Warning: Output tensor does not require gradients
Warning: Output tensor does not require gradients
Warning: Output tensor does not require gradients
Warning: Output tensor does not require gradients
Warning: Output tensor does not require gradients
Warning: Output tensor does not require gradients
Warning: Output tensor does not require gradients
Warning: Output tensor does not require gradients
Warning: Output tensor does not require gradients
Warning: Output tensor does not require gradients
Warning: Output tensor does not require gradients
Warning: Output tensor does not require gradients
Warning: Output tensor does not require gradients
Warning: Output tensor does not require gradients
Warning: Output tensor does not require gradients
Warning: Output tensor does not require gradients
Warning: Output tensor does not require gradients
Warning: Output tensor does not require gradients
Warning: Output tensor does not require gradients
Warning: Output tensor does not require gradients
Warning: Output tensor does not require gradients
Warning: Output tensor does not require gradients
Warning: Output tensor does not require gradients
Warning: Output tensor does not require gradients
Warning: Output tensor does not require gradients
Warning: Output tensor does not require gradients
Warning: Output tensor does not require gradients
Warning: Output tensor does not require gradients
Warning: Output tensor does not require gradients
Warning: Output tensor does not require gradients
Warning: Output tensor does not require gradients
Warning: Output tensor does not require gradients
Warning: Output tensor does not require gradients
Warning: Output tensor does not require gradients
Warning: Output tensor does not require gradients
Warning: Output tensor does not require gradients
Warning: Output tensor does not require gradients
Warning: Output tensor does not require gradients
Warning: Output tensor does not require gradients
Warning: Output tensor does not require gradients
Warning: Output tensor does not require gradients
Warning: Output tensor does not require gradients
Warning: Output tensor does not require gradients
Warning: Output tensor does not require gradients
Warning: Output tensor does not require gradients
Warning: Output tensor does not require gradients
Warning: Output tensor does not require gradients
Warning: Output tensor does not require gradients
Warning: Output tensor does not require gradients
Warning: Output tensor does not require gradients
Warning: Output tensor does not require gradients
Warning: Output tensor does not require gradients
Warning: Output tensor does not require gradients
Warning: Output tensor does not require gradients
Warning: Output tensor does not require gradients
Warning: Output tensor does not require gradients
Warning: Output tensor does not require gradients
Warning: Output tensor does not require gradients
Warning: Output tensor does not require gradients
Warning: Output tensor does not require gradients
Warning: Output tensor does not require gradients
Warning: Output tensor does not require gradients
Warning: Output tensor does not require gradients
Warning: Output tensor does not require gradients
Warning: Output tensor does not require gradients
Warning: Output tensor does not require gradients
Warning: Output tensor does not require gradients
Warning: Output tensor does not require gradients
Warning: Output tensor does not require gradients
Warning: Output tensor does not require gradients
Warning: Output tensor does not require gradients
Warning: Output tensor does not require gradients
Warning: Output tensor does not require gradients
Warning: Output tensor does not require gradients
Warning: Output tensor does not require gradients
Warning: Output tensor does not require gradients
Warning: Output tensor does not require gradients
Warning: Output tensor does not require gradients
Warning: Output tensor does not require gradients
Warning: Output tensor does not require gradients
Warning: Output tensor does not require gradients
Warning: Output tensor does not require gradients
Warning: Output tensor does not require gradients
Warning: Output tensor does not require gradients
Warning: Output tensor does not require gradients
Warning: Output tensor does not require gradients
Warning: Output tensor does not require gradients
Warning: Output tensor does not require gradients
Warning: Output tensor does not require gradients
Warning: Output tensor does not require gradients
Warning: Output tensor does not require gradients
Warning: Output tensor does not require gradients
Warning: Output tensor does not require gradients
Warning: Output tensor does not require gradients
Warning: Output tensor does not require gradients
Warning: Output tensor does not require gradients
Warning: Output tensor does not require gradients
Warning: Output tensor does not require gradients
Warning: Output tensor does not require gradients
Warning: Output tensor does not require gradients
Warning: Output tensor does not require gradients
Warning: Output tensor does not require gradients
Warning: Output tensor does not require gradients
Warning: Output tensor does not require gradients
Warning: Output tensor does not require gradients
Warning: Output tensor does not require gradients
Warning: Output tensor does not require gradients
Warning: Output tensor does not require gradients
Warning: Output tensor does not require gradients
Warning: Output tensor does not require gradients
Warning: Output tensor does not require gradients
Warning: Output tensor does not require gradients
Warning: Output tensor does not require gradients
Warning: Output tensor does not require gradients
Warning: Output tensor does not require gradients
Warning: Output tensor does not require gradients
Warning: Output tensor does not require gradients
Warning: Output tensor does not require gradients
Warning: Output tensor does not require gradients
Warning: Output tensor does not require gradients
Warning: Output tensor does not require gradients
Warning: Output tensor does not require gradients
Warning: Output tensor does not require gradients
Warning: Output tensor does not require gradients
Warning: Output tensor does not require gradients
Warning: Output tensor does not require gradients
Warning: Output tensor does not require gradients
Warning: Output tensor does not require gradients
Warning: Output tensor does not require gradients
Warning: Output tensor does not require gradients
Warning: Output tensor does not require gradients
Warning: Output tensor does not require gradients
Warning: Output tensor does not require gradients
Warning: Output tensor does not require gradients
Warning: Output tensor does not require gradients
Warning: Output tensor does not require gradients
Warning: Output tensor does not require gradients
Warning: Output tensor does not require gradients
Warning: Output tensor does not require gradients
Warning: Output tensor does not require gradients
Warning: Output tensor does not require gradients
Warning: Output tensor does not require gradients
Warning: Output tensor does not require gradients
Warning: Output tensor does not require gradients
Warning: Output tensor does not require gradients
Warning: Output tensor does not require gradients
Warning: Output tensor does not require gradients
Warning: Output tensor does not require gradients
Warning: Output tensor does not require gradients
Warning: Output tensor does not require gradients
Warning: Output tensor does not require gradients
Warning: Output tensor does not require gradients
Warning: Output tensor does not require gradients
Warning: Output tensor does not require gradients
Warning: Output tensor does not require gradients
Warning: Output tensor does not require gradients
Warning: Output tensor does not require gradients
Warning: Output tensor does not require gradients
Warning: Output tensor does not require gradients
Warning: Output tensor does not require gradients
Warning: Output tensor does not require gradients
Warning: Output tensor does not require gradients
Warning: Output tensor does not require gradients
Warning: Output tensor does not require gradients
Warning: Output tensor does not require gradients
Warning: Output tensor does not require gradients
Warning: Output tensor does not require gradients
Warning: Output tensor does not require gradients
Warning: Output tensor does not require gradients
Warning: Output tensor does not require gradients
Warning: Output tensor does not require gradients
Warning: Output tensor does not require gradients
Warning: Output tensor does not require gradients
Warning: Output tensor does not require gradients
Warning: Output tensor does not require gradients
Warning: Output tensor does not require gradients
Warning: Output tensor does not require gradients
Warning: Output tensor does not require gradients
Warning: Output tensor does not require gradients
Warning: Output tensor does not require gradients
Warning: Output tensor does not require gradients
Warning: Output tensor does not require gradients
Warning: Output tensor does not require gradients
Warning: Output tensor does not require gradients
Warning: Output tensor does not require gradients
Warning: Output tensor does not require gradients
Warning: Output tensor does not require gradients
Warning: Output tensor does not require gradients
Warning: Output tensor does not require gradients
Warning: Output tensor does not require gradients
Warning: Output tensor does not require gradients
Warning: Output tensor does not require gradients
Warning: Output tensor does not require gradients
Warning: Output tensor does not require gradients
Warning: Output tensor does not require gradients
Warning: Output tensor does not require gradients
Warning: Output tensor does not require gradients
Warning: Output tensor does not require gradients
Warning: Output tensor does not require gradients
Warning: Output tensor does not require gradients
Warning: Output tensor does not require gradients
Warning: Output tensor does not require gradients
Warning: Output tensor does not require gradients
Warning: Output tensor does not require gradients
Warning: Output tensor does not require gradients
Warning: Output tensor does not require gradients
Warning: Output tensor does not require gradients
Warning: Output tensor does not require gradients
Warning: Output tensor does not require gradients
Warning: Output tensor does not require gradients
Warning: Output tensor does not require gradients
Warning: Output tensor does not require gradients
Warning: Output tensor does not require gradients
Warning: Output tensor does not require gradients
Warning: Output tensor does not require gradients
Warning: Output tensor does not require gradients
Warning: Output tensor does not require gradients
Warning: Output tensor does not require gradients
Warning: Output tensor does not require gradients
Warning: Output tensor does not require gradients
Warning: Output tensor does not require gradients
Warning: Output tensor does not require gradients
Warning: Output tensor does not require gradients
Warning: Output tensor does not require gradients
Warning: Output tensor does not require gradients
Warning: Output tensor does not require gradients
Warning: Output tensor does not require gradients
Warning: Output tensor does not require gradients
Warning: Output tensor does not require gradients
Warning: Output tensor does not require gradients
Warning: Output tensor does not require gradients
Warning: Output tensor does not require gradients
Warning: Output tensor does not require gradients
Warning: Output tensor does not require gradients
Warning: Output tensor does not require gradients
Warning: Output tensor does not require gradients
Warning: Output tensor does not require gradients
Warning: Output tensor does not require gradients
Warning: Output tensor does not require gradients
Warning: Output tensor does not require gradients
Warning: Output tensor does not require gradients
Warning: Output tensor does not require gradients
Warning: Output tensor does not require gradients
Warning: Output tensor does not require gradients
Warning: Output tensor does not require gradients
Warning: Output tensor does not require gradients
Warning: Output tensor does not require gradients
Warning: Output tensor does not require gradients
Warning: Output tensor does not require gradients
Warning: Output tensor does not require gradients
Warning: Output tensor does not require gradients
Warning: Output tensor does not require gradients
Warning: Output tensor does not require gradients
Warning: Output tensor does not require gradients
Warning: Output tensor does not require gradients
Warning: Output tensor does not require gradients
Warning: Output tensor does not require gradients
Warning: Output tensor does not require gradients
Warning: Output tensor does not require gradients
Warning: Output tensor does not require gradients
Warning: Output tensor does not require gradients
Warning: Output tensor does not require gradients
Warning: Output tensor does not require gradients
Warning: Output tensor does not require gradients
Warning: Output tensor does not require gradients
Warning: Output tensor does not require gradients
Warning: Output tensor does not require gradients
Warning: Output tensor does not require gradients
Warning: Output tensor does not require gradients
Warning: Output tensor does not require gradients
Warning: Output tensor does not require gradients
Warning: Output tensor does not require gradients
Warning: Output tensor does not require gradients
Warning: Output tensor does not require gradients
Warning: Output tensor does not require gradients
Warning: Output tensor does not require gradients
Warning: Output tensor does not require gradients
Warning: Output tensor does not require gradients
Warning: Output tensor does not require gradients
Warning: Output tensor does not require gradients
Warning: Output tensor does not require gradients
Warning: Output tensor does not require gradients
Warning: Output tensor does not require gradients
Warning: Output tensor does not require gradients
Warning: Output tensor does not require gradients
Warning: Output tensor does not require gradients
Warning: Output tensor does not require gradients
Warning: Output tensor does not require gradients
Warning: Output tensor does not require gradients
Warning: Output tensor does not require gradients
Warning: Output tensor does not require gradients
Warning: Output tensor does not require gradients
Warning: Output tensor does not require gradients
Warning: Output tensor does not require gradients
Warning: Output tensor does not require gradients
Warning: Output tensor does not require gradients
Warning: Output tensor does not require gradients
Warning: Output tensor does not require gradients
Warning: Output tensor does not require gradients
Warning: Output tensor does not require gradients
Warning: Output tensor does not require gradients
Warning: Output tensor does not require gradients
Warning: Output tensor does not require gradients
Warning: Output tensor does not require gradients
Warning: Output tensor does not require gradients
Warning: Output tensor does not require gradients
Warning: Output tensor does not require gradients
Warning: Output tensor does not require gradients
Warning: Output tensor does not require gradients
Warning: Output tensor does not require gradients
Warning: Output tensor does not require gradients
Warning: Output tensor does not require gradients
Warning: Output tensor does not require gradients
Warning: Output tensor does not require gradients
Warning: Output tensor does not require gradients
Warning: Output tensor does not require gradients
Warning: Output tensor does not require gradients
Warning: Output tensor does not require gradients
Warning: Output tensor does not require gradients
Warning: Output tensor does not require gradients
Warning: Output tensor does not require gradients
Warning: Output tensor does not require gradients
Warning: Output tensor does not require gradients
Warning: Output tensor does not require gradients
Warning: Output tensor does not require gradients
Warning: Output tensor does not require gradients
Warning: Output tensor does not require gradients
Warning: Output tensor does not require gradients
Warning: Output tensor does not require gradients
Warning: Output tensor does not require gradients
Warning: Output tensor does not require gradients
Warning: Output tensor does not require gradients
Warning: Output tensor does not require gradients
Warning: Output tensor does not require gradients
Warning: Output tensor does not require gradients
Warning: Output tensor does not require gradients
Warning: Output tensor does not require gradients
Warning: Output tensor does not require gradients
Warning: Output tensor does not require gradients
Warning: Output tensor does not require gradients
Warning: Output tensor does not require gradients
Warning: Output tensor does not require gradients
Warning: Output tensor does not require gradients
Warning: Output tensor does not require gradients
Warning: Output tensor does not require gradients
Warning: Output tensor does not require gradients
Warning: Output tensor does not require gradients
Warning: Output tensor does not require gradients
Warning: Output tensor does not require gradients
Warning: Output tensor does not require gradients
Warning: Output tensor does not require gradients
Warning: Output tensor does not require gradients
Warning: Output tensor does not require gradients
Warning: Output tensor does not require gradients
Warning: Output tensor does not require gradients
Warning: Output tensor does not require gradients
Warning: Output tensor does not require gradients
Warning: Output tensor does not require gradients
Warning: Output tensor does not require gradients
Warning: Output tensor does not require gradients
Warning: Output tensor does not require gradients
Warning: Output tensor does not require gradients
Warning: Output tensor does not require gradients
Warning: Output tensor does not require gradients
Warning: Output tensor does not require gradients
Warning: Output tensor does not require gradients
Warning: Output tensor does not require gradients
Warning: Output tensor does not require gradients
Warning: Output tensor does not require gradients
Warning: Output tensor does not require gradients
Warning: Output tensor does not require gradients
Warning: Output tensor does not require gradients
Warning: Output tensor does not require gradients
Warning: Output tensor does not require gradients
Warning: Output tensor does not require gradients
Warning: Output tensor does not require gradients
Warning: Output tensor does not require gradients
Warning: Output tensor does not require gradients
Warning: Output tensor does not require gradients
Warning: Output tensor does not require gradients
Warning: Output tensor does not require gradients
Warning: Output tensor does not require gradients
Warning: Output tensor does not require gradients
Warning: Output tensor does not require gradients
Warning: Output tensor does not require gradients
Warning: Output tensor does not require gradients
Warning: Output tensor does not require gradients
Warning: Output tensor does not require gradients
Warning: Output tensor does not require gradients
Warning: Output tensor does not require gradients
Warning: Output tensor does not require gradients
Warning: Output tensor does not require gradients
Warning: Output tensor does not require gradients
Warning: Output tensor does not require gradients
Warning: Output tensor does not require gradients
Warning: Output tensor does not require gradients
Warning: Output tensor does not require gradients
Warning: Output tensor does not require gradients
Warning: Output tensor does not require gradients
Warning: Output tensor does not require gradients
Warning: Output tensor does not require gradients
Warning: Output tensor does not require gradients
Warning: Output tensor does not require gradients
Warning: Output tensor does not require gradients
Warning: Output tensor does not require gradients
Warning: Output tensor does not require gradients
Warning: Output tensor does not require gradients
Warning: Output tensor does not require gradients
Warning: Output tensor does not require gradients
Warning: Output tensor does not require gradients
Warning: Output tensor does not require gradients
Warning: Output tensor does not require gradients
Warning: Output tensor does not require gradients
Warning: Output tensor does not require gradients
Warning: Output tensor does not require gradients
Warning: Output tensor does not require gradients
Warning: Output tensor does not require gradients
Warning: Output tensor does not require gradients
Warning: Output tensor does not require gradients
Warning: Output tensor does not require gradients
Warning: Output tensor does not require gradients
Warning: Output tensor does not require gradients
Warning: Output tensor does not require gradients
Warning: Output tensor does not require gradients
Warning: Output tensor does not require gradients
Warning: Output tensor does not require gradients
Warning: Output tensor does not require gradients
Warning: Output tensor does not require gradients
Warning: Output tensor does not require gradients
Warning: Output tensor does not require gradients
Warning: Output tensor does not require gradients
Warning: Output tensor does not require gradients
Warning: Output tensor does not require gradients
Warning: Output tensor does not require gradients
Warning: Output tensor does not require gradients
Warning: Output tensor does not require gradients
Warning: Output tensor does not require gradients
Warning: Output tensor does not require gradients
Warning: Output tensor does not require gradients
Warning: Output tensor does not require gradients
Warning: Output tensor does not require gradients
Warning: Output tensor does not require gradients
Warning: Output tensor does not require gradients
Warning: Output tensor does not require gradients
Warning: Output tensor does not require gradients
Warning: Output tensor does not require gradients
Warning: Output tensor does not require gradients
Warning: Output tensor does not require gradients
Warning: Output tensor does not require gradients
Warning: Output tensor does not require gradients
Warning: Output tensor does not require gradients
Warning: Output tensor does not require gradients
Warning: Output tensor does not require gradients
Warning: Output tensor does not require gradients
Warning: Output tensor does not require gradients
Warning: Output tensor does not require gradients
Warning: Output tensor does not require gradients
Warning: Output tensor does not require gradients
Warning: Output tensor does not require gradients
Warning: Output tensor does not require gradients
Warning: Output tensor does not require gradients
Warning: Output tensor does not require gradients
Warning: Output tensor does not require gradients
Warning: Output tensor does not require gradients
Warning: Output tensor does not require gradients
Warning: Output tensor does not require gradients
Warning: Output tensor does not require gradients
Warning: Output tensor does not require gradients
Warning: Output tensor does not require gradients
Warning: Output tensor does not require gradients
Warning: Output tensor does not require gradients
Warning: Output tensor does not require gradients
Warning: Output tensor does not require gradients
Warning: Output tensor does not require gradients
Warning: Output tensor does not require gradients
Warning: Output tensor does not require gradients
Warning: Output tensor does not require gradients
Warning: Output tensor does not require gradients
Warning: Output tensor does not require gradients
Warning: Output tensor does not require gradients
Warning: Output tensor does not require gradients
Warning: Output tensor does not require gradients
Warning: Output tensor does not require gradients
Warning: Output tensor does not require gradients
Warning: Output tensor does not require gradients
Warning: Output tensor does not require gradients
Warning: Output tensor does not require gradients
Warning: Output tensor does not require gradients
Warning: Output tensor does not require gradients
Warning: Output tensor does not require gradients
Warning: Output tensor does not require gradients
Warning: Output tensor does not require gradients
Warning: Output tensor does not require gradients
Warning: Output tensor does not require gradients
Warning: Output tensor does not require gradients
Warning: Output tensor does not require gradients
Warning: Output tensor does not require gradients
Warning: Output tensor does not require gradients
Warning: Output tensor does not require gradients
Warning: Output tensor does not require gradients
Warning: Output tensor does not require gradients
Warning: Output tensor does not require gradients
Warning: Output tensor does not require gradients
Warning: Output tensor does not require gradients
Warning: Output tensor does not require gradients
Warning: Output tensor does not require gradients
Warning: Output tensor does not require gradients
Warning: Output tensor does not require gradients
Warning: Output tensor does not require gradients
Warning: Output tensor does not require gradients
Warning: Output tensor does not require gradients
Warning: Output tensor does not require gradients
Warning: Output tensor does not require gradients
Warning: Output tensor does not require gradients
Warning: Output tensor does not require gradients
Warning: Output tensor does not require gradients
Warning: Output tensor does not require gradients
Warning: Output tensor does not require gradients
Warning: Output tensor does not require gradients
Warning: Output tensor does not require gradients
Warning: Output tensor does not require gradients
Warning: Output tensor does not require gradients
Warning: Output tensor does not require gradients
Warning: Output tensor does not require gradients
Warning: Output tensor does not require gradients
Warning: Output tensor does not require gradients
Warning: Output tensor does not require gradients
Warning: Output tensor does not require gradients
Warning: Output tensor does not require gradients
Warning: Output tensor does not require gradients
Warning: Output tensor does not require gradients
Warning: Output tensor does not require gradients
Warning: Output tensor does not require gradients
Warning: Output tensor does not require gradients
Warning: Output tensor does not require gradients
Warning: Output tensor does not require gradients
Warning: Output tensor does not require gradients
Warning: Output tensor does not require gradients
Warning: Output tensor does not require gradients
Warning: Output tensor does not require gradients
Warning: Output tensor does not require gradients
Warning: Output tensor does not require gradients
Warning: Output tensor does not require gradients
Warning: Output tensor does not require gradients
Warning: Output tensor does not require gradients
Warning: Output tensor does not require gradients
Warning: Output tensor does not require gradients
Warning: Output tensor does not require gradients
Warning: Output tensor does not require gradients
Warning: Output tensor does not require gradients
Warning: Output tensor does not require gradients
Warning: Output tensor does not require gradients
Warning: Output tensor does not require gradients
Warning: Output tensor does not require gradients
Warning: Output tensor does not require gradients
Warning: Output tensor does not require gradients
Warning: Output tensor does not require gradients
Warning: Output tensor does not require gradients
Warning: Output tensor does not require gradients
Warning: Output tensor does not require gradients
Warning: Output tensor does not require gradients
Warning: Output tensor does not require gradients
Warning: Output tensor does not require gradients
Warning: Output tensor does not require gradients
Warning: Output tensor does not require gradients
Warning: Output tensor does not require gradients
Warning: Output tensor does not require gradients
Warning: Output tensor does not require gradients
Warning: Output tensor does not require gradients
Warning: Output tensor does not require gradients
Warning: Output tensor does not require gradients
Warning: Output tensor does not require gradients
Warning: Output tensor does not require gradients
Warning: Output tensor does not require gradients
Warning: Output tensor does not require gradients
Warning: Output tensor does not require gradients
Warning: Output tensor does not require gradients
Warning: Output tensor does not require gradients
Warning: Output tensor does not require gradients
Warning: Output tensor does not require gradients
Warning: Output tensor does not require gradients
Warning: Output tensor does not require gradients
Warning: Output tensor does not require gradients
Warning: Output tensor does not require gradients
Warning: Output tensor does not require gradients
Warning: Output tensor does not require gradients
Warning: Output tensor does not require gradients
Warning: Output tensor does not require gradients
Warning: Output tensor does not require gradients
Warning: Output tensor does not require gradients
Warning: Output tensor does not require gradients
Warning: Output tensor does not require gradients
Warning: Output tensor does not require gradients
Warning: Output tensor does not require gradients
Warning: Output tensor does not require gradients
Warning: Output tensor does not require gradients
Warning: Output tensor does not require gradients
Warning: Output tensor does not require gradients
Warning: Output tensor does not require gradients
Warning: Output tensor does not require gradients
Warning: Output tensor does not require gradients
Warning: Output tensor does not require gradients
Warning: Output tensor does not require gradients
Warning: Output tensor does not require gradients
Warning: Output tensor does not require gradients
Warning: Output tensor does not require gradients
Warning: Output tensor does not require gradients
Warning: Output tensor does not require gradients
Warning: Output tensor does not require gradients
Warning: Output tensor does not require gradients
Warning: Output tensor does not require gradients
Warning: Output tensor does not require gradients
Warning: Output tensor does not require gradients
Warning: Output tensor does not require gradients
Warning: Output tensor does not require gradients
Warning: Output tensor does not require gradients
Warning: Output tensor does not require gradients
Warning: Output tensor does not require gradients
Warning: Output tensor does not require gradients
Warning: Output tensor does not require gradients
Warning: Output tensor does not require gradients
Warning: Output tensor does not require gradients
Warning: Output tensor does not require gradients
Warning: Output tensor does not require gradients
Warning: Output tensor does not require gradients
Warning: Output tensor does not require gradients
Warning: Output tensor does not require gradients
Warning: Output tensor does not require gradients
Warning: Output tensor does not require gradients
Warning: Output tensor does not require gradients
Warning: Output tensor does not require gradients
Warning: Output tensor does not require gradients
Warning: Output tensor does not require gradients
Warning: Output tensor does not require gradients
Warning: Output tensor does not require gradients
Warning: Output tensor does not require gradients
Warning: Output tensor does not require gradients
Warning: Output tensor does not require gradients
Warning: Output tensor does not require gradients
Warning: Output tensor does not require gradients
Warning: Output tensor does not require gradients
Warning: Output tensor does not require gradients
Warning: Output tensor does not require gradients
Warning: Output tensor does not require gradients
Warning: Output tensor does not require gradients
Warning: Output tensor does not require gradients
Warning: Output tensor does not require gradients
Warning: Output tensor does not require gradients
Warning: Output tensor does not require gradients
Warning: Output tensor does not require gradients
Warning: Output tensor does not require gradients
Warning: Output tensor does not require gradients
Warning: Output tensor does not require gradients
Warning: Output tensor does not require gradients
Warning: Output tensor does not require gradients
Warning: Output tensor does not require gradients
Warning: Output tensor does not require gradients
Warning: Output tensor does not require gradients
Warning: Output tensor does not require gradients
Warning: Output tensor does not require gradients
Warning: Output tensor does not require gradients
Warning: Output tensor does not require gradients
Warning: Output tensor does not require gradients
Warning: Output tensor does not require gradients
Warning: Output tensor does not require gradients
Warning: Output tensor does not require gradients
Warning: Output tensor does not require gradients
Warning: Output tensor does not require gradients
Warning: Output tensor does not require gradients
Warning: Output tensor does not require gradients
Warning: Output tensor does not require gradients
Warning: Output tensor does not require gradients
Warning: Output tensor does not require gradients
Warning: Output tensor does not require gradients
Warning: Output tensor does not require gradients
Warning: Output tensor does not require gradients
Warning: Output tensor does not require gradients
Warning: Output tensor does not require gradients
Warning: Output tensor does not require gradients
Warning: Output tensor does not require gradients
Warning: Output tensor does not require gradients
Warning: Output tensor does not require gradients
Warning: Output tensor does not require gradients
Warning: Output tensor does not require gradients
Warning: Output tensor does not require gradients
Warning: Output tensor does not require gradients
Warning: Output tensor does not require gradients
Warning: Output tensor does not require gradients
Warning: Output tensor does not require gradients
Warning: Output tensor does not require gradients
Warning: Output tensor does not require gradients
Warning: Output tensor does not require gradients
Warning: Output tensor does not require gradients
Warning: Output tensor does not require gradients
Warning: Output tensor does not require gradients
Warning: Output tensor does not require gradients
Warning: Output tensor does not require gradients
Warning: Output tensor does not require gradients
Warning: Output tensor does not require gradients
Warning: Output tensor does not require gradients
Warning: Output tensor does not require gradients
Warning: Output tensor does not require gradients
Warning: Output tensor does not require gradients
Warning: Output tensor does not require gradients
Warning: Output tensor does not require gradients
Warning: Output tensor does not require gradients
Warning: Output tensor does not require gradients
Warning: Output tensor does not require gradients
Warning: Output tensor does not require gradients
Warning: Output tensor does not require gradients
Warning: Output tensor does not require gradients
Warning: Output tensor does not require gradients
Warning: Output tensor does not require gradients
Warning: Output tensor does not require gradients
Warning: Output tensor does not require gradients
Warning: Output tensor does not require gradients
Warning: Output tensor does not require gradients
Warning: Output tensor does not require gradients
Warning: Output tensor does not require gradients
Warning: Output tensor does not require gradients
Warning: Output tensor does not require gradients
Warning: Output tensor does not require gradients
Warning: Output tensor does not require gradients
Warning: Output tensor does not require gradients
Warning: Output tensor does not require gradients
Warning: Output tensor does not require gradients
Warning: Output tensor does not require gradients
Warning: Output tensor does not require gradients
Warning: Output tensor does not require gradients
Warning: Output tensor does not require gradients
Warning: Output tensor does not require gradients
Warning: Output tensor does not require gradients
Warning: Output tensor does not require gradients
Warning: Output tensor does not require gradients
Warning: Output tensor does not require gradients
Warning: Output tensor does not require gradients
Warning: Output tensor does not require gradients
Warning: Output tensor does not require gradients
Warning: Output tensor does not require gradients
Warning: Output tensor does not require gradients
Warning: Output tensor does not require gradients
Warning: Output tensor does not require gradients
Warning: Output tensor does not require gradients
Warning: Output tensor does not require gradients
Warning: Output tensor does not require gradients
Warning: Output tensor does not require gradients
Warning: Output tensor does not require gradients
Warning: Output tensor does not require gradients
Warning: Output tensor does not require gradients
Warning: Output tensor does not require gradients
Warning: Output tensor does not require gradients
Warning: Output tensor does not require gradients
Warning: Output tensor does not require gradients
Warning: Output tensor does not require gradients
Warning: Output tensor does not require gradients
Warning: Output tensor does not require gradients
Warning: Output tensor does not require gradients
Warning: Output tensor does not require gradients
Warning: Output tensor does not require gradients
Warning: Output tensor does not require gradients
Warning: Output tensor does not require gradients
Warning: Output tensor does not require gradients
Warning: Output tensor does not require gradients
Warning: Output tensor does not require gradients
Warning: Output tensor does not require gradients

Epoch 2/100 Summary:
Average Training Loss: 0.4973
Average Validation Loss: 0.4968
Best Validation Loss: 0.4840
Learning Rate: 0.000475
Epoch 3/100 | Batch 0/7324 | Loss: 0.4984 | LR: 0.000451
Epoch 3/100 | Batch 100/7324 | Loss: 0.4941 | LR: 0.000451
Epoch 3/100 | Batch 200/7324 | Loss: 0.4989 | LR: 0.000451
Epoch 3/100 | Batch 300/7324 | Loss: 0.4914 | LR: 0.000451
Epoch 3/100 | Batch 400/7324 | Loss: 0.4894 | LR: 0.000451
Epoch 3/100 | Batch 500/7324 | Loss: 0.4966 | LR: 0.000451
Epoch 3/100 | Batch 600/7324 | Loss: 0.4930 | LR: 0.000451
Epoch 3/100 | Batch 700/7324 | Loss: 0.4898 | LR: 0.000451
Epoch 3/100 | Batch 800/7324 | Loss: 0.4869 | LR: 0.000451
Epoch 3/100 | Batch 900/7324 | Loss: 0.4857 | LR: 0.000451
Epoch 3/100 | Batch 1000/7324 | Loss: 0.4864 | LR: 0.000451
Epoch 3/100 | Batch 1100/7324 | Loss: 0.4959 | LR: 0.000451
Epoch 3/100 | Batch 1200/7324 | Loss: 0.4898 | LR: 0.000451
Epoch 3/100 | Batch 1300/7324 | Loss: 0.4977 | LR: 0.000451
Epoch 3/100 | Batch 1400/7324 | Loss: 0.4905 | LR: 0.000451
Epoch 3/100 | Batch 1500/7324 | Loss: 0.4915 | LR: 0.000451
Epoch 3/100 | Batch 1600/7324 | Loss: 0.4864 | LR: 0.000451
Epoch 3/100 | Batch 1700/7324 | Loss: 0.4868 | LR: 0.000451
Epoch 3/100 | Batch 1800/7324 | Loss: 0.4893 | LR: 0.000451
Epoch 3/100 | Batch 1900/7324 | Loss: 0.4903 | LR: 0.000451
Epoch 3/100 | Batch 2000/7324 | Loss: 0.4904 | LR: 0.000451
Epoch 3/100 | Batch 2100/7324 | Loss: 0.4909 | LR: 0.000451
Epoch 3/100 | Batch 2200/7324 | Loss: 0.5010 | LR: 0.000451
Epoch 3/100 | Batch 2300/7324 | Loss: 0.4928 | LR: 0.000451
Epoch 3/100 | Batch 2400/7324 | Loss: 0.4912 | LR: 0.000451
Epoch 3/100 | Batch 2500/7324 | Loss: 0.5072 | LR: 0.000451
Epoch 3/100 | Batch 2600/7324 | Loss: 0.4914 | LR: 0.000451
Epoch 3/100 | Batch 2700/7324 | Loss: 0.4991 | LR: 0.000451
Epoch 3/100 | Batch 2800/7324 | Loss: 0.4890 | LR: 0.000451
Epoch 3/100 | Batch 2900/7324 | Loss: 0.5260 | LR: 0.000451
Epoch 3/100 | Batch 3000/7324 | Loss: 0.4890 | LR: 0.000451
Epoch 3/100 | Batch 3100/7324 | Loss: 0.4924 | LR: 0.000451
Epoch 3/100 | Batch 3200/7324 | Loss: 0.4904 | LR: 0.000451
Epoch 3/100 | Batch 3300/7324 | Loss: 0.5329 | LR: 0.000451
Epoch 3/100 | Batch 3400/7324 | Loss: 0.4930 | LR: 0.000451
Epoch 3/100 | Batch 3500/7324 | Loss: 0.4950 | LR: 0.000451
Epoch 3/100 | Batch 3600/7324 | Loss: 0.4933 | LR: 0.000451
Epoch 3/100 | Batch 3700/7324 | Loss: 0.4906 | LR: 0.000451
Epoch 3/100 | Batch 3800/7324 | Loss: 0.4907 | LR: 0.000451
Epoch 3/100 | Batch 3900/7324 | Loss: 0.4925 | LR: 0.000451
Epoch 3/100 | Batch 4000/7324 | Loss: 0.4930 | LR: 0.000451
Epoch 3/100 | Batch 4100/7324 | Loss: 0.4935 | LR: 0.000451
Epoch 3/100 | Batch 4200/7324 | Loss: 0.4933 | LR: 0.000451
Epoch 3/100 | Batch 4300/7324 | Loss: 0.4998 | LR: 0.000451
Epoch 3/100 | Batch 4400/7324 | Loss: 0.4890 | LR: 0.000451
Epoch 3/100 | Batch 4500/7324 | Loss: 0.5264 | LR: 0.000451
Epoch 3/100 | Batch 4600/7324 | Loss: 0.4909 | LR: 0.000451
Epoch 3/100 | Batch 4700/7324 | Loss: 0.4921 | LR: 0.000451
Epoch 3/100 | Batch 4800/7324 | Loss: 0.4958 | LR: 0.000451
Epoch 3/100 | Batch 4900/7324 | Loss: 0.4925 | LR: 0.000451
Epoch 3/100 | Batch 5000/7324 | Loss: 0.4909 | LR: 0.000451
Epoch 3/100 | Batch 5100/7324 | Loss: 0.4927 | LR: 0.000451
Epoch 3/100 | Batch 5200/7324 | Loss: 0.4910 | LR: 0.000451
Epoch 3/100 | Batch 5300/7324 | Loss: 0.4885 | LR: 0.000451
Epoch 3/100 | Batch 5400/7324 | Loss: 0.4948 | LR: 0.000451
Epoch 3/100 | Batch 5500/7324 | Loss: 0.4884 | LR: 0.000451
Epoch 3/100 | Batch 5600/7324 | Loss: 0.4892 | LR: 0.000451
Epoch 3/100 | Batch 5700/7324 | Loss: 0.4857 | LR: 0.000451
Epoch 3/100 | Batch 5800/7324 | Loss: 0.4871 | LR: 0.000451
Epoch 3/100 | Batch 5900/7324 | Loss: 0.4874 | LR: 0.000451
Epoch 3/100 | Batch 6000/7324 | Loss: 0.4866 | LR: 0.000451
Epoch 3/100 | Batch 6100/7324 | Loss: 0.4868 | LR: 0.000451
Epoch 3/100 | Batch 6200/7324 | Loss: 0.4859 | LR: 0.000451
Epoch 3/100 | Batch 6300/7324 | Loss: 0.4863 | LR: 0.000451
Epoch 3/100 | Batch 6400/7324 | Loss: 0.5586 | LR: 0.000451
Epoch 3/100 | Batch 6500/7324 | Loss: 0.4942 | LR: 0.000451
Epoch 3/100 | Batch 6600/7324 | Loss: 0.4903 | LR: 0.000451
Epoch 3/100 | Batch 6700/7324 | Loss: 0.4983 | LR: 0.000451
Epoch 3/100 | Batch 6800/7324 | Loss: 0.4889 | LR: 0.000451
Epoch 3/100 | Batch 6900/7324 | Loss: 0.4944 | LR: 0.000451
Epoch 3/100 | Batch 7000/7324 | Loss: 0.4956 | LR: 0.000451
Epoch 3/100 | Batch 7100/7324 | Loss: 0.4910 | LR: 0.000451
Epoch 3/100 | Batch 7200/7324 | Loss: 0.4929 | LR: 0.000451
Epoch 3/100 | Batch 7300/7324 | Loss: 0.5103 | LR: 0.000451
Warning: Output tensor does not require gradients
Warning: Output tensor does not require gradients
Warning: Output tensor does not require gradients
Warning: Output tensor does not require gradients
Warning: Output tensor does not require gradients
Warning: Output tensor does not require gradients
Warning: Output tensor does not require gradients
Warning: Output tensor does not require gradients
Warning: Output tensor does not require gradients
Warning: Output tensor does not require gradients
Warning: Output tensor does not require gradients
Warning: Output tensor does not require gradients
Warning: Output tensor does not require gradients
Warning: Output tensor does not require gradients
Warning: Output tensor does not require gradients
Warning: Output tensor does not require gradients
Warning: Output tensor does not require gradients
Warning: Output tensor does not require gradients
Warning: Output tensor does not require gradients
Warning: Output tensor does not require gradients
Warning: Output tensor does not require gradients
Warning: Output tensor does not require gradients
Warning: Output tensor does not require gradients
Warning: Output tensor does not require gradients
Warning: Output tensor does not require gradients
Warning: Output tensor does not require gradients
Warning: Output tensor does not require gradients
Warning: Output tensor does not require gradients
Warning: Output tensor does not require gradients
Warning: Output tensor does not require gradients
Warning: Output tensor does not require gradients
Warning: Output tensor does not require gradients
Warning: Output tensor does not require gradients
Warning: Output tensor does not require gradients
Warning: Output tensor does not require gradients
Warning: Output tensor does not require gradients
Warning: Output tensor does not require gradients
Warning: Output tensor does not require gradients
Warning: Output tensor does not require gradients
Warning: Output tensor does not require gradients
Warning: Output tensor does not require gradients
Warning: Output tensor does not require gradients
Warning: Output tensor does not require gradients
Warning: Output tensor does not require gradients
Warning: Output tensor does not require gradients
Warning: Output tensor does not require gradients
Warning: Output tensor does not require gradients
Warning: Output tensor does not require gradients
Warning: Output tensor does not require gradients
Warning: Output tensor does not require gradients
Warning: Output tensor does not require gradients
Warning: Output tensor does not require gradients
Warning: Output tensor does not require gradients
Warning: Output tensor does not require gradients
Warning: Output tensor does not require gradients
Warning: Output tensor does not require gradients
Warning: Output tensor does not require gradients
Warning: Output tensor does not require gradients
Warning: Output tensor does not require gradients
Warning: Output tensor does not require gradients
Warning: Output tensor does not require gradients
Warning: Output tensor does not require gradients
Warning: Output tensor does not require gradients
Warning: Output tensor does not require gradients
Warning: Output tensor does not require gradients
Warning: Output tensor does not require gradients
Warning: Output tensor does not require gradients
Warning: Output tensor does not require gradients
Warning: Output tensor does not require gradients
Warning: Output tensor does not require gradients
Warning: Output tensor does not require gradients
Warning: Output tensor does not require gradients
Warning: Output tensor does not require gradients
Warning: Output tensor does not require gradients
Warning: Output tensor does not require gradients
Warning: Output tensor does not require gradients
Warning: Output tensor does not require gradients
Warning: Output tensor does not require gradients
Warning: Output tensor does not require gradients
Warning: Output tensor does not require gradients
Warning: Output tensor does not require gradients
Warning: Output tensor does not require gradients
Warning: Output tensor does not require gradients
Warning: Output tensor does not require gradients
Warning: Output tensor does not require gradients
Warning: Output tensor does not require gradients
Warning: Output tensor does not require gradients
Warning: Output tensor does not require gradients
Warning: Output tensor does not require gradients
Warning: Output tensor does not require gradients
Warning: Output tensor does not require gradients
Warning: Output tensor does not require gradients
Warning: Output tensor does not require gradients
Warning: Output tensor does not require gradients
Warning: Output tensor does not require gradients
Warning: Output tensor does not require gradients
Warning: Output tensor does not require gradients
Warning: Output tensor does not require gradients
Warning: Output tensor does not require gradients
Warning: Output tensor does not require gradients
Warning: Output tensor does not require gradients
Warning: Output tensor does not require gradients
Warning: Output tensor does not require gradients
Warning: Output tensor does not require gradients
Warning: Output tensor does not require gradients
Warning: Output tensor does not require gradients
Warning: Output tensor does not require gradients
Warning: Output tensor does not require gradients
Warning: Output tensor does not require gradients
Warning: Output tensor does not require gradients
Warning: Output tensor does not require gradients
Warning: Output tensor does not require gradients
Warning: Output tensor does not require gradients
Warning: Output tensor does not require gradients
Warning: Output tensor does not require gradients
Warning: Output tensor does not require gradients
Warning: Output tensor does not require gradients
Warning: Output tensor does not require gradients
Warning: Output tensor does not require gradients
Warning: Output tensor does not require gradients
Warning: Output tensor does not require gradients
Warning: Output tensor does not require gradients
Warning: Output tensor does not require gradients
Warning: Output tensor does not require gradients
Warning: Output tensor does not require gradients
Warning: Output tensor does not require gradients
Warning: Output tensor does not require gradients
Warning: Output tensor does not require gradients
Warning: Output tensor does not require gradients
Warning: Output tensor does not require gradients
Warning: Output tensor does not require gradients
Warning: Output tensor does not require gradients
Warning: Output tensor does not require gradients
Warning: Output tensor does not require gradients
Warning: Output tensor does not require gradients
Warning: Output tensor does not require gradients
Warning: Output tensor does not require gradients
Warning: Output tensor does not require gradients
Warning: Output tensor does not require gradients
Warning: Output tensor does not require gradients
Warning: Output tensor does not require gradients
Warning: Output tensor does not require gradients
Warning: Output tensor does not require gradients
Warning: Output tensor does not require gradients
Warning: Output tensor does not require gradients
Warning: Output tensor does not require gradients
Warning: Output tensor does not require gradients
Warning: Output tensor does not require gradients
Warning: Output tensor does not require gradients
Warning: Output tensor does not require gradients
Warning: Output tensor does not require gradients
Warning: Output tensor does not require gradients
Warning: Output tensor does not require gradients
Warning: Output tensor does not require gradients
Warning: Output tensor does not require gradients
Warning: Output tensor does not require gradients
Warning: Output tensor does not require gradients
Warning: Output tensor does not require gradients
Warning: Output tensor does not require gradients
Warning: Output tensor does not require gradients
Warning: Output tensor does not require gradients
Warning: Output tensor does not require gradients
Warning: Output tensor does not require gradients
Warning: Output tensor does not require gradients
Warning: Output tensor does not require gradients
Warning: Output tensor does not require gradients
Warning: Output tensor does not require gradients
Warning: Output tensor does not require gradients
Warning: Output tensor does not require gradients
Warning: Output tensor does not require gradients
Warning: Output tensor does not require gradients
Warning: Output tensor does not require gradients
Warning: Output tensor does not require gradients
Warning: Output tensor does not require gradients
Warning: Output tensor does not require gradients
Warning: Output tensor does not require gradients
Warning: Output tensor does not require gradients
Warning: Output tensor does not require gradients
Warning: Output tensor does not require gradients
Warning: Output tensor does not require gradients
Warning: Output tensor does not require gradients
Warning: Output tensor does not require gradients
Warning: Output tensor does not require gradients
Warning: Output tensor does not require gradients
Warning: Output tensor does not require gradients
Warning: Output tensor does not require gradients
Warning: Output tensor does not require gradients
Warning: Output tensor does not require gradients
Warning: Output tensor does not require gradients
Warning: Output tensor does not require gradients
Warning: Output tensor does not require gradients
Warning: Output tensor does not require gradients
Warning: Output tensor does not require gradients
Warning: Output tensor does not require gradients
Warning: Output tensor does not require gradients
Warning: Output tensor does not require gradients
Warning: Output tensor does not require gradients
Warning: Output tensor does not require gradients
Warning: Output tensor does not require gradients
Warning: Output tensor does not require gradients
Warning: Output tensor does not require gradients
Warning: Output tensor does not require gradients
Warning: Output tensor does not require gradients
Warning: Output tensor does not require gradients
Warning: Output tensor does not require gradients
Warning: Output tensor does not require gradients
Warning: Output tensor does not require gradients
Warning: Output tensor does not require gradients
Warning: Output tensor does not require gradients
Warning: Output tensor does not require gradients
Warning: Output tensor does not require gradients
Warning: Output tensor does not require gradients
Warning: Output tensor does not require gradients
Warning: Output tensor does not require gradients
Warning: Output tensor does not require gradients
Warning: Output tensor does not require gradients
Warning: Output tensor does not require gradients
Warning: Output tensor does not require gradients
Warning: Output tensor does not require gradients
Warning: Output tensor does not require gradients
Warning: Output tensor does not require gradients
Warning: Output tensor does not require gradients
Warning: Output tensor does not require gradients
Warning: Output tensor does not require gradients
Warning: Output tensor does not require gradients
Warning: Output tensor does not require gradients
Warning: Output tensor does not require gradients
Warning: Output tensor does not require gradients
Warning: Output tensor does not require gradients
Warning: Output tensor does not require gradients
Warning: Output tensor does not require gradients
Warning: Output tensor does not require gradients
Warning: Output tensor does not require gradients
Warning: Output tensor does not require gradients
Warning: Output tensor does not require gradients
Warning: Output tensor does not require gradients
Warning: Output tensor does not require gradients
Warning: Output tensor does not require gradients
Warning: Output tensor does not require gradients
Warning: Output tensor does not require gradients
Warning: Output tensor does not require gradients
Warning: Output tensor does not require gradients
Warning: Output tensor does not require gradients
Warning: Output tensor does not require gradients
Warning: Output tensor does not require gradients
Warning: Output tensor does not require gradients
Warning: Output tensor does not require gradients
Warning: Output tensor does not require gradients
Warning: Output tensor does not require gradients
Warning: Output tensor does not require gradients
Warning: Output tensor does not require gradients
Warning: Output tensor does not require gradients
Warning: Output tensor does not require gradients
Warning: Output tensor does not require gradients
Warning: Output tensor does not require gradients
Warning: Output tensor does not require gradients
Warning: Output tensor does not require gradients
Warning: Output tensor does not require gradients
Warning: Output tensor does not require gradients
Warning: Output tensor does not require gradients
Warning: Output tensor does not require gradients
Warning: Output tensor does not require gradients
Warning: Output tensor does not require gradients
Warning: Output tensor does not require gradients
Warning: Output tensor does not require gradients
Warning: Output tensor does not require gradients
Warning: Output tensor does not require gradients
Warning: Output tensor does not require gradients
Warning: Output tensor does not require gradients
Warning: Output tensor does not require gradients
Warning: Output tensor does not require gradients
Warning: Output tensor does not require gradients
Warning: Output tensor does not require gradients
Warning: Output tensor does not require gradients
Warning: Output tensor does not require gradients
Warning: Output tensor does not require gradients
Warning: Output tensor does not require gradients
Warning: Output tensor does not require gradients
Warning: Output tensor does not require gradients
Warning: Output tensor does not require gradients
Warning: Output tensor does not require gradients
Warning: Output tensor does not require gradients
Warning: Output tensor does not require gradients
Warning: Output tensor does not require gradients
Warning: Output tensor does not require gradients
Warning: Output tensor does not require gradients
Warning: Output tensor does not require gradients
Warning: Output tensor does not require gradients
Warning: Output tensor does not require gradients
Warning: Output tensor does not require gradients
Warning: Output tensor does not require gradients
Warning: Output tensor does not require gradients
Warning: Output tensor does not require gradients
Warning: Output tensor does not require gradients
Warning: Output tensor does not require gradients
Warning: Output tensor does not require gradients
Warning: Output tensor does not require gradients
Warning: Output tensor does not require gradients
Warning: Output tensor does not require gradients
Warning: Output tensor does not require gradients
Warning: Output tensor does not require gradients
Warning: Output tensor does not require gradients
Warning: Output tensor does not require gradients
Warning: Output tensor does not require gradients
Warning: Output tensor does not require gradients
Warning: Output tensor does not require gradients
Warning: Output tensor does not require gradients
Warning: Output tensor does not require gradients
Warning: Output tensor does not require gradients
Warning: Output tensor does not require gradients
Warning: Output tensor does not require gradients
Warning: Output tensor does not require gradients
Warning: Output tensor does not require gradients
Warning: Output tensor does not require gradients
Warning: Output tensor does not require gradients
Warning: Output tensor does not require gradients
Warning: Output tensor does not require gradients
Warning: Output tensor does not require gradients
Warning: Output tensor does not require gradients
Warning: Output tensor does not require gradients
Warning: Output tensor does not require gradients
Warning: Output tensor does not require gradients
Warning: Output tensor does not require gradients
Warning: Output tensor does not require gradients
Warning: Output tensor does not require gradients
Warning: Output tensor does not require gradients
Warning: Output tensor does not require gradients
Warning: Output tensor does not require gradients
Warning: Output tensor does not require gradients
Warning: Output tensor does not require gradients
Warning: Output tensor does not require gradients
Warning: Output tensor does not require gradients
Warning: Output tensor does not require gradients
Warning: Output tensor does not require gradients
Warning: Output tensor does not require gradients
Warning: Output tensor does not require gradients
Warning: Output tensor does not require gradients
Warning: Output tensor does not require gradients
Warning: Output tensor does not require gradients
Warning: Output tensor does not require gradients
Warning: Output tensor does not require gradients
Warning: Output tensor does not require gradients
Warning: Output tensor does not require gradients
Warning: Output tensor does not require gradients
Warning: Output tensor does not require gradients
Warning: Output tensor does not require gradients
Warning: Output tensor does not require gradients
Warning: Output tensor does not require gradients
Warning: Output tensor does not require gradients
Warning: Output tensor does not require gradients
Warning: Output tensor does not require gradients
Warning: Output tensor does not require gradients
Warning: Output tensor does not require gradients
Warning: Output tensor does not require gradients
Warning: Output tensor does not require gradients
Warning: Output tensor does not require gradients
Warning: Output tensor does not require gradients
Warning: Output tensor does not require gradients
Warning: Output tensor does not require gradients
Warning: Output tensor does not require gradients
Warning: Output tensor does not require gradients
Warning: Output tensor does not require gradients
Warning: Output tensor does not require gradients
Warning: Output tensor does not require gradients
Warning: Output tensor does not require gradients
Warning: Output tensor does not require gradients
Warning: Output tensor does not require gradients
Warning: Output tensor does not require gradients
Warning: Output tensor does not require gradients
Warning: Output tensor does not require gradients
Warning: Output tensor does not require gradients
Warning: Output tensor does not require gradients
Warning: Output tensor does not require gradients
Warning: Output tensor does not require gradients
Warning: Output tensor does not require gradients
Warning: Output tensor does not require gradients
Warning: Output tensor does not require gradients
Warning: Output tensor does not require gradients
Warning: Output tensor does not require gradients
Warning: Output tensor does not require gradients
Warning: Output tensor does not require gradients
Warning: Output tensor does not require gradients
Warning: Output tensor does not require gradients
Warning: Output tensor does not require gradients
Warning: Output tensor does not require gradients
Warning: Output tensor does not require gradients
Warning: Output tensor does not require gradients
Warning: Output tensor does not require gradients
Warning: Output tensor does not require gradients
Warning: Output tensor does not require gradients
Warning: Output tensor does not require gradients
Warning: Output tensor does not require gradients
Warning: Output tensor does not require gradients
Warning: Output tensor does not require gradients
Warning: Output tensor does not require gradients
Warning: Output tensor does not require gradients
Warning: Output tensor does not require gradients
Warning: Output tensor does not require gradients
Warning: Output tensor does not require gradients
Warning: Output tensor does not require gradients
Warning: Output tensor does not require gradients
Warning: Output tensor does not require gradients
Warning: Output tensor does not require gradients
Warning: Output tensor does not require gradients
Warning: Output tensor does not require gradients
Warning: Output tensor does not require gradients
Warning: Output tensor does not require gradients
Warning: Output tensor does not require gradients
Warning: Output tensor does not require gradients
Warning: Output tensor does not require gradients
Warning: Output tensor does not require gradients
Warning: Output tensor does not require gradients
Warning: Output tensor does not require gradients
Warning: Output tensor does not require gradients
Warning: Output tensor does not require gradients
Warning: Output tensor does not require gradients
Warning: Output tensor does not require gradients
Warning: Output tensor does not require gradients
Warning: Output tensor does not require gradients
Warning: Output tensor does not require gradients
Warning: Output tensor does not require gradients
Warning: Output tensor does not require gradients
Warning: Output tensor does not require gradients
Warning: Output tensor does not require gradients
Warning: Output tensor does not require gradients
Warning: Output tensor does not require gradients
Warning: Output tensor does not require gradients
Warning: Output tensor does not require gradients
Warning: Output tensor does not require gradients
Warning: Output tensor does not require gradients
Warning: Output tensor does not require gradients
Warning: Output tensor does not require gradients
Warning: Output tensor does not require gradients
Warning: Output tensor does not require gradients
Warning: Output tensor does not require gradients
Warning: Output tensor does not require gradients
Warning: Output tensor does not require gradients
Warning: Output tensor does not require gradients
Warning: Output tensor does not require gradients
Warning: Output tensor does not require gradients
Warning: Output tensor does not require gradients
Warning: Output tensor does not require gradients
Warning: Output tensor does not require gradients
Warning: Output tensor does not require gradients
Warning: Output tensor does not require gradients
Warning: Output tensor does not require gradients
Warning: Output tensor does not require gradients
Warning: Output tensor does not require gradients
Warning: Output tensor does not require gradients
Warning: Output tensor does not require gradients
Warning: Output tensor does not require gradients
Warning: Output tensor does not require gradients
Warning: Output tensor does not require gradients
Warning: Output tensor does not require gradients
Warning: Output tensor does not require gradients
Warning: Output tensor does not require gradients
Warning: Output tensor does not require gradients
Warning: Output tensor does not require gradients
Warning: Output tensor does not require gradients
Warning: Output tensor does not require gradients
Warning: Output tensor does not require gradients
Warning: Output tensor does not require gradients
Warning: Output tensor does not require gradients
Warning: Output tensor does not require gradients
Warning: Output tensor does not require gradients
Warning: Output tensor does not require gradients
Warning: Output tensor does not require gradients
Warning: Output tensor does not require gradients
Warning: Output tensor does not require gradients
Warning: Output tensor does not require gradients
Warning: Output tensor does not require gradients
Warning: Output tensor does not require gradients
Warning: Output tensor does not require gradients
Warning: Output tensor does not require gradients
Warning: Output tensor does not require gradients
Warning: Output tensor does not require gradients
Warning: Output tensor does not require gradients
Warning: Output tensor does not require gradients
Warning: Output tensor does not require gradients
Warning: Output tensor does not require gradients
Warning: Output tensor does not require gradients
Warning: Output tensor does not require gradients
Warning: Output tensor does not require gradients
Warning: Output tensor does not require gradients
Warning: Output tensor does not require gradients
Warning: Output tensor does not require gradients
Warning: Output tensor does not require gradients
Warning: Output tensor does not require gradients
Warning: Output tensor does not require gradients
Warning: Output tensor does not require gradients
Warning: Output tensor does not require gradients
Warning: Output tensor does not require gradients
Warning: Output tensor does not require gradients
Warning: Output tensor does not require gradients
Warning: Output tensor does not require gradients
Warning: Output tensor does not require gradients
Warning: Output tensor does not require gradients
Warning: Output tensor does not require gradients
Warning: Output tensor does not require gradients
Warning: Output tensor does not require gradients
Warning: Output tensor does not require gradients
Warning: Output tensor does not require gradients
Warning: Output tensor does not require gradients
Warning: Output tensor does not require gradients
Warning: Output tensor does not require gradients
Warning: Output tensor does not require gradients
Warning: Output tensor does not require gradients
Warning: Output tensor does not require gradients
Warning: Output tensor does not require gradients
Warning: Output tensor does not require gradients
Warning: Output tensor does not require gradients
Warning: Output tensor does not require gradients
Warning: Output tensor does not require gradients
Warning: Output tensor does not require gradients
Warning: Output tensor does not require gradients
Warning: Output tensor does not require gradients
Warning: Output tensor does not require gradients
Warning: Output tensor does not require gradients
Warning: Output tensor does not require gradients
Warning: Output tensor does not require gradients
Warning: Output tensor does not require gradients
Warning: Output tensor does not require gradients
Warning: Output tensor does not require gradients
Warning: Output tensor does not require gradients
Warning: Output tensor does not require gradients
Warning: Output tensor does not require gradients
Warning: Output tensor does not require gradients
Warning: Output tensor does not require gradients
Warning: Output tensor does not require gradients
Warning: Output tensor does not require gradients
Warning: Output tensor does not require gradients
Warning: Output tensor does not require gradients
Warning: Output tensor does not require gradients
Warning: Output tensor does not require gradients
Warning: Output tensor does not require gradients
Warning: Output tensor does not require gradients
Warning: Output tensor does not require gradients
Warning: Output tensor does not require gradients
Warning: Output tensor does not require gradients
Warning: Output tensor does not require gradients
Warning: Output tensor does not require gradients
Warning: Output tensor does not require gradients
Warning: Output tensor does not require gradients
Warning: Output tensor does not require gradients
Warning: Output tensor does not require gradients
Warning: Output tensor does not require gradients
Warning: Output tensor does not require gradients
Warning: Output tensor does not require gradients
Warning: Output tensor does not require gradients
Warning: Output tensor does not require gradients
Warning: Output tensor does not require gradients
Warning: Output tensor does not require gradients
Warning: Output tensor does not require gradients
Warning: Output tensor does not require gradients
Warning: Output tensor does not require gradients
Warning: Output tensor does not require gradients
Warning: Output tensor does not require gradients
Warning: Output tensor does not require gradients
Warning: Output tensor does not require gradients
Warning: Output tensor does not require gradients
Warning: Output tensor does not require gradients
Warning: Output tensor does not require gradients
Warning: Output tensor does not require gradients
Warning: Output tensor does not require gradients
Warning: Output tensor does not require gradients
Warning: Output tensor does not require gradients
Warning: Output tensor does not require gradients
Warning: Output tensor does not require gradients
Warning: Output tensor does not require gradients
Warning: Output tensor does not require gradients
Warning: Output tensor does not require gradients
Warning: Output tensor does not require gradients
Warning: Output tensor does not require gradients
Warning: Output tensor does not require gradients
Warning: Output tensor does not require gradients
Warning: Output tensor does not require gradients
Warning: Output tensor does not require gradients
Warning: Output tensor does not require gradients
Warning: Output tensor does not require gradients
Warning: Output tensor does not require gradients
Warning: Output tensor does not require gradients
Warning: Output tensor does not require gradients
Warning: Output tensor does not require gradients
Warning: Output tensor does not require gradients
Warning: Output tensor does not require gradients
Warning: Output tensor does not require gradients
Warning: Output tensor does not require gradients
Warning: Output tensor does not require gradients
Warning: Output tensor does not require gradients
Warning: Output tensor does not require gradients
Warning: Output tensor does not require gradients
Warning: Output tensor does not require gradients
Warning: Output tensor does not require gradients
Warning: Output tensor does not require gradients
Warning: Output tensor does not require gradients
Warning: Output tensor does not require gradients
Warning: Output tensor does not require gradients
Warning: Output tensor does not require gradients
Warning: Output tensor does not require gradients
Warning: Output tensor does not require gradients
Warning: Output tensor does not require gradients
Warning: Output tensor does not require gradients
Warning: Output tensor does not require gradients
Warning: Output tensor does not require gradients
Warning: Output tensor does not require gradients
Warning: Output tensor does not require gradients
Warning: Output tensor does not require gradients
Warning: Output tensor does not require gradients
Warning: Output tensor does not require gradients
Warning: Output tensor does not require gradients
Warning: Output tensor does not require gradients
Warning: Output tensor does not require gradients
Warning: Output tensor does not require gradients
Warning: Output tensor does not require gradients
Warning: Output tensor does not require gradients
Warning: Output tensor does not require gradients
Warning: Output tensor does not require gradients
Warning: Output tensor does not require gradients
Warning: Output tensor does not require gradients
Warning: Output tensor does not require gradients
Warning: Output tensor does not require gradients
Warning: Output tensor does not require gradients
Warning: Output tensor does not require gradients
Warning: Output tensor does not require gradients
Warning: Output tensor does not require gradients
Warning: Output tensor does not require gradients
Warning: Output tensor does not require gradients
Warning: Output tensor does not require gradients
Warning: Output tensor does not require gradients
Warning: Output tensor does not require gradients
Warning: Output tensor does not require gradients
Warning: Output tensor does not require gradients
Warning: Output tensor does not require gradients
Warning: Output tensor does not require gradients
Warning: Output tensor does not require gradients
Warning: Output tensor does not require gradients
Warning: Output tensor does not require gradients
Warning: Output tensor does not require gradients
Warning: Output tensor does not require gradients
Warning: Output tensor does not require gradients
Warning: Output tensor does not require gradients
Warning: Output tensor does not require gradients
Warning: Output tensor does not require gradients
Warning: Output tensor does not require gradients
Warning: Output tensor does not require gradients
Warning: Output tensor does not require gradients
Warning: Output tensor does not require gradients
Warning: Output tensor does not require gradients
Warning: Output tensor does not require gradients
Warning: Output tensor does not require gradients
Warning: Output tensor does not require gradients
Warning: Output tensor does not require gradients
Warning: Output tensor does not require gradients
Warning: Output tensor does not require gradients
Warning: Output tensor does not require gradients
Warning: Output tensor does not require gradients
Warning: Output tensor does not require gradients
Warning: Output tensor does not require gradients
Warning: Output tensor does not require gradients
Warning: Output tensor does not require gradients
Warning: Output tensor does not require gradients
Warning: Output tensor does not require gradients
Warning: Output tensor does not require gradients
Warning: Output tensor does not require gradients
Warning: Output tensor does not require gradients
Warning: Output tensor does not require gradients
Warning: Output tensor does not require gradients
Warning: Output tensor does not require gradients
Warning: Output tensor does not require gradients
Warning: Output tensor does not require gradients
Warning: Output tensor does not require gradients
Warning: Output tensor does not require gradients
Warning: Output tensor does not require gradients
Warning: Output tensor does not require gradients
Warning: Output tensor does not require gradients
Warning: Output tensor does not require gradients
Warning: Output tensor does not require gradients
Warning: Output tensor does not require gradients
Warning: Output tensor does not require gradients
Warning: Output tensor does not require gradients
Warning: Output tensor does not require gradients
Warning: Output tensor does not require gradients
Warning: Output tensor does not require gradients
Warning: Output tensor does not require gradients
Warning: Output tensor does not require gradients
Warning: Output tensor does not require gradients
Warning: Output tensor does not require gradients
Warning: Output tensor does not require gradients
Warning: Output tensor does not require gradients
Warning: Output tensor does not require gradients
Warning: Output tensor does not require gradients
Warning: Output tensor does not require gradients
Warning: Output tensor does not require gradients
Warning: Output tensor does not require gradients
Warning: Output tensor does not require gradients
Warning: Output tensor does not require gradients
Warning: Output tensor does not require gradients
Warning: Output tensor does not require gradients
Warning: Output tensor does not require gradients
Warning: Output tensor does not require gradients
Warning: Output tensor does not require gradients
Warning: Output tensor does not require gradients
Warning: Output tensor does not require gradients
Warning: Output tensor does not require gradients
Warning: Output tensor does not require gradients
Warning: Output tensor does not require gradients
Warning: Output tensor does not require gradients
Warning: Output tensor does not require gradients
Warning: Output tensor does not require gradients
Warning: Output tensor does not require gradients
Warning: Output tensor does not require gradients
Warning: Output tensor does not require gradients
Warning: Output tensor does not require gradients
Warning: Output tensor does not require gradients
Warning: Output tensor does not require gradients
Warning: Output tensor does not require gradients
Warning: Output tensor does not require gradients
Warning: Output tensor does not require gradients
Warning: Output tensor does not require gradients
Warning: Output tensor does not require gradients
Warning: Output tensor does not require gradients
Warning: Output tensor does not require gradients
Warning: Output tensor does not require gradients
Warning: Output tensor does not require gradients
Warning: Output tensor does not require gradients
Warning: Output tensor does not require gradients
Warning: Output tensor does not require gradients
Warning: Output tensor does not require gradients
Warning: Output tensor does not require gradients
Warning: Output tensor does not require gradients
Warning: Output tensor does not require gradients
Warning: Output tensor does not require gradients
Warning: Output tensor does not require gradients
Warning: Output tensor does not require gradients
Warning: Output tensor does not require gradients
Warning: Output tensor does not require gradients
Warning: Output tensor does not require gradients
Warning: Output tensor does not require gradients
Warning: Output tensor does not require gradients
Warning: Output tensor does not require gradients
Warning: Output tensor does not require gradients
Warning: Output tensor does not require gradients
Warning: Output tensor does not require gradients
Warning: Output tensor does not require gradients
Warning: Output tensor does not require gradients
Warning: Output tensor does not require gradients
Warning: Output tensor does not require gradients
Warning: Output tensor does not require gradients
Warning: Output tensor does not require gradients
Warning: Output tensor does not require gradients
Warning: Output tensor does not require gradients
Warning: Output tensor does not require gradients
Warning: Output tensor does not require gradients
Warning: Output tensor does not require gradients
Warning: Output tensor does not require gradients
Warning: Output tensor does not require gradients
Warning: Output tensor does not require gradients
Warning: Output tensor does not require gradients
Warning: Output tensor does not require gradients
Warning: Output tensor does not require gradients
Warning: Output tensor does not require gradients
Warning: Output tensor does not require gradients
Warning: Output tensor does not require gradients
Warning: Output tensor does not require gradients
Warning: Output tensor does not require gradients
Warning: Output tensor does not require gradients
Warning: Output tensor does not require gradients
Warning: Output tensor does not require gradients
Warning: Output tensor does not require gradients
Warning: Output tensor does not require gradients
Warning: Output tensor does not require gradients
Warning: Output tensor does not require gradients
Warning: Output tensor does not require gradients
Warning: Output tensor does not require gradients
Warning: Output tensor does not require gradients
Warning: Output tensor does not require gradients
Warning: Output tensor does not require gradients
Warning: Output tensor does not require gradients
Warning: Output tensor does not require gradients
Warning: Output tensor does not require gradients
Warning: Output tensor does not require gradients
Warning: Output tensor does not require gradients
Warning: Output tensor does not require gradients
Warning: Output tensor does not require gradients
Warning: Output tensor does not require gradients
Warning: Output tensor does not require gradients
Warning: Output tensor does not require gradients
Warning: Output tensor does not require gradients
Warning: Output tensor does not require gradients
Warning: Output tensor does not require gradients
Warning: Output tensor does not require gradients
Warning: Output tensor does not require gradients
Warning: Output tensor does not require gradients
Warning: Output tensor does not require gradients
Warning: Output tensor does not require gradients
Warning: Output tensor does not require gradients
Warning: Output tensor does not require gradients
Warning: Output tensor does not require gradients
Warning: Output tensor does not require gradients
Warning: Output tensor does not require gradients
Warning: Output tensor does not require gradients
Warning: Output tensor does not require gradients
Warning: Output tensor does not require gradients
Warning: Output tensor does not require gradients
Warning: Output tensor does not require gradients
Warning: Output tensor does not require gradients
Warning: Output tensor does not require gradients
Warning: Output tensor does not require gradients
Warning: Output tensor does not require gradients
Warning: Output tensor does not require gradients
Warning: Output tensor does not require gradients
Warning: Output tensor does not require gradients
Warning: Output tensor does not require gradients

Epoch 3/100 Summary:
Average Training Loss: 0.4954
Average Validation Loss: 0.4962
Best Validation Loss: 0.4840
Learning Rate: 0.000451
Epoch 4/100 | Batch 0/7324 | Loss: 0.4985 | LR: 0.000428
Epoch 4/100 | Batch 100/7324 | Loss: 0.4929 | LR: 0.000428
Epoch 4/100 | Batch 200/7324 | Loss: 0.4965 | LR: 0.000428
Epoch 4/100 | Batch 300/7324 | Loss: 0.4971 | LR: 0.000428
Epoch 4/100 | Batch 400/7324 | Loss: 0.4911 | LR: 0.000428
Epoch 4/100 | Batch 500/7324 | Loss: 0.4947 | LR: 0.000428
Epoch 4/100 | Batch 600/7324 | Loss: 0.4902 | LR: 0.000428
Epoch 4/100 | Batch 700/7324 | Loss: 0.4879 | LR: 0.000428
Epoch 4/100 | Batch 800/7324 | Loss: 0.4894 | LR: 0.000428
Epoch 4/100 | Batch 900/7324 | Loss: 0.4988 | LR: 0.000428
Epoch 4/100 | Batch 1000/7324 | Loss: 0.4890 | LR: 0.000428
Epoch 4/100 | Batch 1100/7324 | Loss: 0.4889 | LR: 0.000428
Epoch 4/100 | Batch 1200/7324 | Loss: 0.4889 | LR: 0.000428
Epoch 4/100 | Batch 1300/7324 | Loss: 0.4895 | LR: 0.000428
Epoch 4/100 | Batch 1400/7324 | Loss: 0.4924 | LR: 0.000428
Epoch 4/100 | Batch 1500/7324 | Loss: 0.4966 | LR: 0.000428
Epoch 4/100 | Batch 1600/7324 | Loss: 0.4884 | LR: 0.000428
Epoch 4/100 | Batch 1700/7324 | Loss: 0.4913 | LR: 0.000428
Epoch 4/100 | Batch 1800/7324 | Loss: 0.4981 | LR: 0.000428
Epoch 4/100 | Batch 1900/7324 | Loss: 0.4950 | LR: 0.000428
Epoch 4/100 | Batch 2000/7324 | Loss: 0.4919 | LR: 0.000428
Epoch 4/100 | Batch 2100/7324 | Loss: 0.4974 | LR: 0.000428
Epoch 4/100 | Batch 2200/7324 | Loss: 0.5018 | LR: 0.000428
Epoch 4/100 | Batch 2300/7324 | Loss: 0.4952 | LR: 0.000428
Epoch 4/100 | Batch 2400/7324 | Loss: 0.4939 | LR: 0.000428
Epoch 4/100 | Batch 2500/7324 | Loss: 0.4938 | LR: 0.000428
Epoch 4/100 | Batch 2600/7324 | Loss: 0.5342 | LR: 0.000428
Epoch 4/100 | Batch 2700/7324 | Loss: 0.4936 | LR: 0.000428
Epoch 4/100 | Batch 2800/7324 | Loss: 0.4930 | LR: 0.000428
Epoch 4/100 | Batch 2900/7324 | Loss: 0.4973 | LR: 0.000428
Epoch 4/100 | Batch 3000/7324 | Loss: 0.4967 | LR: 0.000428
Epoch 4/100 | Batch 3100/7324 | Loss: 0.4974 | LR: 0.000428
Epoch 4/100 | Batch 3200/7324 | Loss: 0.4946 | LR: 0.000428
Epoch 4/100 | Batch 3300/7324 | Loss: 0.4913 | LR: 0.000428
Epoch 4/100 | Batch 3400/7324 | Loss: 0.5074 | LR: 0.000428
Epoch 4/100 | Batch 3500/7324 | Loss: 0.4931 | LR: 0.000428
Epoch 4/100 | Batch 3600/7324 | Loss: 0.5134 | LR: 0.000428
Epoch 4/100 | Batch 3700/7324 | Loss: 0.4944 | LR: 0.000428
Epoch 4/100 | Batch 3800/7324 | Loss: 0.5300 | LR: 0.000428
Epoch 4/100 | Batch 3900/7324 | Loss: 0.4979 | LR: 0.000428
Epoch 4/100 | Batch 4000/7324 | Loss: 0.4924 | LR: 0.000428
Epoch 4/100 | Batch 4100/7324 | Loss: 0.5241 | LR: 0.000428
Epoch 4/100 | Batch 4200/7324 | Loss: 0.4912 | LR: 0.000428
Epoch 4/100 | Batch 4300/7324 | Loss: 0.4958 | LR: 0.000428
Epoch 4/100 | Batch 4400/7324 | Loss: 0.5022 | LR: 0.000428
Epoch 4/100 | Batch 4500/7324 | Loss: 0.4910 | LR: 0.000428
Epoch 4/100 | Batch 4600/7324 | Loss: 0.4997 | LR: 0.000428
Epoch 4/100 | Batch 4700/7324 | Loss: 0.4958 | LR: 0.000428
Epoch 4/100 | Batch 4800/7324 | Loss: 0.4916 | LR: 0.000428
Epoch 4/100 | Batch 4900/7324 | Loss: 0.4978 | LR: 0.000428
Epoch 4/100 | Batch 5000/7324 | Loss: 0.4898 | LR: 0.000428
Epoch 4/100 | Batch 5100/7324 | Loss: 0.4934 | LR: 0.000428
Epoch 4/100 | Batch 5200/7324 | Loss: 0.4956 | LR: 0.000428
Epoch 4/100 | Batch 5300/7324 | Loss: 0.4959 | LR: 0.000428
Epoch 4/100 | Batch 5400/7324 | Loss: 0.5122 | LR: 0.000428
Epoch 4/100 | Batch 5500/7324 | Loss: 0.4915 | LR: 0.000428
Epoch 4/100 | Batch 5600/7324 | Loss: 0.5132 | LR: 0.000428
Epoch 4/100 | Batch 5700/7324 | Loss: 0.4998 | LR: 0.000428
Epoch 4/100 | Batch 5800/7324 | Loss: 0.4907 | LR: 0.000428
Epoch 4/100 | Batch 5900/7324 | Loss: 0.5064 | LR: 0.000428
Epoch 4/100 | Batch 6000/7324 | Loss: 0.4962 | LR: 0.000428
Epoch 4/100 | Batch 6100/7324 | Loss: 0.4916 | LR: 0.000428
Epoch 4/100 | Batch 6200/7324 | Loss: 0.4997 | LR: 0.000428
Epoch 4/100 | Batch 6300/7324 | Loss: 0.4953 | LR: 0.000428
Epoch 4/100 | Batch 6400/7324 | Loss: 0.4909 | LR: 0.000428
Epoch 4/100 | Batch 6500/7324 | Loss: 0.4956 | LR: 0.000427
Epoch 4/100 | Batch 6600/7324 | Loss: 0.4945 | LR: 0.000427
Epoch 4/100 | Batch 6700/7324 | Loss: 0.4907 | LR: 0.000427
Epoch 4/100 | Batch 6800/7324 | Loss: 0.4903 | LR: 0.000427
Epoch 4/100 | Batch 6900/7324 | Loss: 0.5994 | LR: 0.000427
Epoch 4/100 | Batch 7000/7324 | Loss: 0.4919 | LR: 0.000427
Epoch 4/100 | Batch 7100/7324 | Loss: 0.4974 | LR: 0.000427
Epoch 4/100 | Batch 7200/7324 | Loss: 0.5039 | LR: 0.000427
Epoch 4/100 | Batch 7300/7324 | Loss: 0.4918 | LR: 0.000427
Warning: Output tensor does not require gradients
Warning: Output tensor does not require gradients
Warning: Output tensor does not require gradients
Warning: Output tensor does not require gradients
Warning: Output tensor does not require gradients
Warning: Output tensor does not require gradients
Warning: Output tensor does not require gradients
Warning: Output tensor does not require gradients
Warning: Output tensor does not require gradients
Warning: Output tensor does not require gradients
Warning: Output tensor does not require gradients
Warning: Output tensor does not require gradients
Warning: Output tensor does not require gradients
Warning: Output tensor does not require gradients
Warning: Output tensor does not require gradients
Warning: Output tensor does not require gradients
Warning: Output tensor does not require gradients
Warning: Output tensor does not require gradients
Warning: Output tensor does not require gradients
Warning: Output tensor does not require gradients
Warning: Output tensor does not require gradients
Warning: Output tensor does not require gradients
Warning: Output tensor does not require gradients
Warning: Output tensor does not require gradients
Warning: Output tensor does not require gradients
Warning: Output tensor does not require gradients
Warning: Output tensor does not require gradients
Warning: Output tensor does not require gradients
Warning: Output tensor does not require gradients
Warning: Output tensor does not require gradients
Warning: Output tensor does not require gradients
Warning: Output tensor does not require gradients
Warning: Output tensor does not require gradients
Warning: Output tensor does not require gradients
Warning: Output tensor does not require gradients
Warning: Output tensor does not require gradients
Warning: Output tensor does not require gradients
Warning: Output tensor does not require gradients
Warning: Output tensor does not require gradients
Warning: Output tensor does not require gradients
Warning: Output tensor does not require gradients
Warning: Output tensor does not require gradients
Warning: Output tensor does not require gradients
Warning: Output tensor does not require gradients
Warning: Output tensor does not require gradients
Warning: Output tensor does not require gradients
Warning: Output tensor does not require gradients
Warning: Output tensor does not require gradients
Warning: Output tensor does not require gradients
Warning: Output tensor does not require gradients
Warning: Output tensor does not require gradients
Warning: Output tensor does not require gradients
Warning: Output tensor does not require gradients
Warning: Output tensor does not require gradients
Warning: Output tensor does not require gradients
Warning: Output tensor does not require gradients
Warning: Output tensor does not require gradients
Warning: Output tensor does not require gradients
Warning: Output tensor does not require gradients
Warning: Output tensor does not require gradients
Warning: Output tensor does not require gradients
Warning: Output tensor does not require gradients
Warning: Output tensor does not require gradients
Warning: Output tensor does not require gradients
Warning: Output tensor does not require gradients
Warning: Output tensor does not require gradients
Warning: Output tensor does not require gradients
Warning: Output tensor does not require gradients
Warning: Output tensor does not require gradients
Warning: Output tensor does not require gradients
Warning: Output tensor does not require gradients
Warning: Output tensor does not require gradients
Warning: Output tensor does not require gradients
Warning: Output tensor does not require gradients
Warning: Output tensor does not require gradients
Warning: Output tensor does not require gradients
Warning: Output tensor does not require gradients
Warning: Output tensor does not require gradients
Warning: Output tensor does not require gradients
Warning: Output tensor does not require gradients
Warning: Output tensor does not require gradients
Warning: Output tensor does not require gradients
Warning: Output tensor does not require gradients
Warning: Output tensor does not require gradients
Warning: Output tensor does not require gradients
Warning: Output tensor does not require gradients
Warning: Output tensor does not require gradients
Warning: Output tensor does not require gradients
Warning: Output tensor does not require gradients
Warning: Output tensor does not require gradients
Warning: Output tensor does not require gradients
Warning: Output tensor does not require gradients
Warning: Output tensor does not require gradients
Warning: Output tensor does not require gradients
Warning: Output tensor does not require gradients
Warning: Output tensor does not require gradients
Warning: Output tensor does not require gradients
Warning: Output tensor does not require gradients
Warning: Output tensor does not require gradients
Warning: Output tensor does not require gradients
Warning: Output tensor does not require gradients
Warning: Output tensor does not require gradients
Warning: Output tensor does not require gradients
Warning: Output tensor does not require gradients
Warning: Output tensor does not require gradients
Warning: Output tensor does not require gradients
Warning: Output tensor does not require gradients
Warning: Output tensor does not require gradients
Warning: Output tensor does not require gradients
Warning: Output tensor does not require gradients
Warning: Output tensor does not require gradients
Warning: Output tensor does not require gradients
Warning: Output tensor does not require gradients
Warning: Output tensor does not require gradients
Warning: Output tensor does not require gradients
Warning: Output tensor does not require gradients
Warning: Output tensor does not require gradients
Warning: Output tensor does not require gradients
Warning: Output tensor does not require gradients
Warning: Output tensor does not require gradients
Warning: Output tensor does not require gradients
Warning: Output tensor does not require gradients
Warning: Output tensor does not require gradients
Warning: Output tensor does not require gradients
Warning: Output tensor does not require gradients
Warning: Output tensor does not require gradients
Warning: Output tensor does not require gradients
Warning: Output tensor does not require gradients
Warning: Output tensor does not require gradients
Warning: Output tensor does not require gradients
Warning: Output tensor does not require gradients
Warning: Output tensor does not require gradients
Warning: Output tensor does not require gradients
Warning: Output tensor does not require gradients
Warning: Output tensor does not require gradients
Warning: Output tensor does not require gradients
Warning: Output tensor does not require gradients
Warning: Output tensor does not require gradients
Warning: Output tensor does not require gradients
Warning: Output tensor does not require gradients
Warning: Output tensor does not require gradients
Warning: Output tensor does not require gradients
Warning: Output tensor does not require gradients
Warning: Output tensor does not require gradients
Warning: Output tensor does not require gradients
Warning: Output tensor does not require gradients
Warning: Output tensor does not require gradients
Warning: Output tensor does not require gradients
Warning: Output tensor does not require gradients
Warning: Output tensor does not require gradients
Warning: Output tensor does not require gradients
Warning: Output tensor does not require gradients
Warning: Output tensor does not require gradients
Warning: Output tensor does not require gradients
Warning: Output tensor does not require gradients
Warning: Output tensor does not require gradients
Warning: Output tensor does not require gradients
Warning: Output tensor does not require gradients
Warning: Output tensor does not require gradients
Warning: Output tensor does not require gradients
Warning: Output tensor does not require gradients
Warning: Output tensor does not require gradients
Warning: Output tensor does not require gradients
Warning: Output tensor does not require gradients
Warning: Output tensor does not require gradients
Warning: Output tensor does not require gradients
Warning: Output tensor does not require gradients
Warning: Output tensor does not require gradients
Warning: Output tensor does not require gradients
Warning: Output tensor does not require gradients
Warning: Output tensor does not require gradients
Warning: Output tensor does not require gradients
Warning: Output tensor does not require gradients
Warning: Output tensor does not require gradients
Warning: Output tensor does not require gradients
Warning: Output tensor does not require gradients
Warning: Output tensor does not require gradients
Warning: Output tensor does not require gradients
Warning: Output tensor does not require gradients
Warning: Output tensor does not require gradients
Warning: Output tensor does not require gradients
Warning: Output tensor does not require gradients
Warning: Output tensor does not require gradients
Warning: Output tensor does not require gradients
Warning: Output tensor does not require gradients
Warning: Output tensor does not require gradients
Warning: Output tensor does not require gradients
Warning: Output tensor does not require gradients
Warning: Output tensor does not require gradients
Warning: Output tensor does not require gradients
Warning: Output tensor does not require gradients
Warning: Output tensor does not require gradients
Warning: Output tensor does not require gradients
Warning: Output tensor does not require gradients
Warning: Output tensor does not require gradients
Warning: Output tensor does not require gradients
Warning: Output tensor does not require gradients
Warning: Output tensor does not require gradients
Warning: Output tensor does not require gradients
Warning: Output tensor does not require gradients
Warning: Output tensor does not require gradients
Warning: Output tensor does not require gradients
Warning: Output tensor does not require gradients
Warning: Output tensor does not require gradients
Warning: Output tensor does not require gradients
Warning: Output tensor does not require gradients
Warning: Output tensor does not require gradients
Warning: Output tensor does not require gradients
Warning: Output tensor does not require gradients
Warning: Output tensor does not require gradients
Warning: Output tensor does not require gradients
Warning: Output tensor does not require gradients
Warning: Output tensor does not require gradients
Warning: Output tensor does not require gradients
Warning: Output tensor does not require gradients
Warning: Output tensor does not require gradients
Warning: Output tensor does not require gradients
Warning: Output tensor does not require gradients
Warning: Output tensor does not require gradients
Warning: Output tensor does not require gradients
Warning: Output tensor does not require gradients
Warning: Output tensor does not require gradients
Warning: Output tensor does not require gradients
Warning: Output tensor does not require gradients
Warning: Output tensor does not require gradients
Warning: Output tensor does not require gradients
Warning: Output tensor does not require gradients
Warning: Output tensor does not require gradients
Warning: Output tensor does not require gradients
Warning: Output tensor does not require gradients
Warning: Output tensor does not require gradients
Warning: Output tensor does not require gradients
Warning: Output tensor does not require gradients
Warning: Output tensor does not require gradients
Warning: Output tensor does not require gradients
Warning: Output tensor does not require gradients
Warning: Output tensor does not require gradients
Warning: Output tensor does not require gradients
Warning: Output tensor does not require gradients
Warning: Output tensor does not require gradients
Warning: Output tensor does not require gradients
Warning: Output tensor does not require gradients
Warning: Output tensor does not require gradients
Warning: Output tensor does not require gradients
Warning: Output tensor does not require gradients
Warning: Output tensor does not require gradients
Warning: Output tensor does not require gradients
Warning: Output tensor does not require gradients
Warning: Output tensor does not require gradients
Warning: Output tensor does not require gradients
Warning: Output tensor does not require gradients
Warning: Output tensor does not require gradients
Warning: Output tensor does not require gradients
Warning: Output tensor does not require gradients
Warning: Output tensor does not require gradients
Warning: Output tensor does not require gradients
Warning: Output tensor does not require gradients
Warning: Output tensor does not require gradients
Warning: Output tensor does not require gradients
Warning: Output tensor does not require gradients
Warning: Output tensor does not require gradients
Warning: Output tensor does not require gradients
Warning: Output tensor does not require gradients
Warning: Output tensor does not require gradients
Warning: Output tensor does not require gradients
Warning: Output tensor does not require gradients
Warning: Output tensor does not require gradients
Warning: Output tensor does not require gradients
Warning: Output tensor does not require gradients
Warning: Output tensor does not require gradients
Warning: Output tensor does not require gradients
Warning: Output tensor does not require gradients
Warning: Output tensor does not require gradients
Warning: Output tensor does not require gradients
Warning: Output tensor does not require gradients
Warning: Output tensor does not require gradients
Warning: Output tensor does not require gradients
Warning: Output tensor does not require gradients
Warning: Output tensor does not require gradients
Warning: Output tensor does not require gradients
Warning: Output tensor does not require gradients
Warning: Output tensor does not require gradients
Warning: Output tensor does not require gradients
Warning: Output tensor does not require gradients
Warning: Output tensor does not require gradients
Warning: Output tensor does not require gradients
Warning: Output tensor does not require gradients
Warning: Output tensor does not require gradients
Warning: Output tensor does not require gradients
Warning: Output tensor does not require gradients
Warning: Output tensor does not require gradients
Warning: Output tensor does not require gradients
Warning: Output tensor does not require gradients
Warning: Output tensor does not require gradients
Warning: Output tensor does not require gradients
Warning: Output tensor does not require gradients
Warning: Output tensor does not require gradients
Warning: Output tensor does not require gradients
Warning: Output tensor does not require gradients
Warning: Output tensor does not require gradients
Warning: Output tensor does not require gradients
Warning: Output tensor does not require gradients
Warning: Output tensor does not require gradients
Warning: Output tensor does not require gradients
Warning: Output tensor does not require gradients
Warning: Output tensor does not require gradients
Warning: Output tensor does not require gradients
Warning: Output tensor does not require gradients
Warning: Output tensor does not require gradients
Warning: Output tensor does not require gradients
Warning: Output tensor does not require gradients
Warning: Output tensor does not require gradients
Warning: Output tensor does not require gradients
Warning: Output tensor does not require gradients
Warning: Output tensor does not require gradients
Warning: Output tensor does not require gradients
Warning: Output tensor does not require gradients
Warning: Output tensor does not require gradients
Warning: Output tensor does not require gradients
Warning: Output tensor does not require gradients
Warning: Output tensor does not require gradients
Warning: Output tensor does not require gradients
Warning: Output tensor does not require gradients
Warning: Output tensor does not require gradients
Warning: Output tensor does not require gradients
Warning: Output tensor does not require gradients
Warning: Output tensor does not require gradients
Warning: Output tensor does not require gradients
Warning: Output tensor does not require gradients
Warning: Output tensor does not require gradients
Warning: Output tensor does not require gradients
Warning: Output tensor does not require gradients
Warning: Output tensor does not require gradients
Warning: Output tensor does not require gradients
Warning: Output tensor does not require gradients
Warning: Output tensor does not require gradients
Warning: Output tensor does not require gradients
Warning: Output tensor does not require gradients
Warning: Output tensor does not require gradients
Warning: Output tensor does not require gradients
Warning: Output tensor does not require gradients
Warning: Output tensor does not require gradients
Warning: Output tensor does not require gradients
Warning: Output tensor does not require gradients
Warning: Output tensor does not require gradients
Warning: Output tensor does not require gradients
Warning: Output tensor does not require gradients
Warning: Output tensor does not require gradients
Warning: Output tensor does not require gradients
Warning: Output tensor does not require gradients
Warning: Output tensor does not require gradients
Warning: Output tensor does not require gradients
Warning: Output tensor does not require gradients
Warning: Output tensor does not require gradients
Warning: Output tensor does not require gradients
Warning: Output tensor does not require gradients
Warning: Output tensor does not require gradients
Warning: Output tensor does not require gradients
Warning: Output tensor does not require gradients
Warning: Output tensor does not require gradients
Warning: Output tensor does not require gradients
Warning: Output tensor does not require gradients
Warning: Output tensor does not require gradients
Warning: Output tensor does not require gradients
Warning: Output tensor does not require gradients
Warning: Output tensor does not require gradients
Warning: Output tensor does not require gradients
Warning: Output tensor does not require gradients
Warning: Output tensor does not require gradients
Warning: Output tensor does not require gradients
Warning: Output tensor does not require gradients
Warning: Output tensor does not require gradients
Warning: Output tensor does not require gradients
Warning: Output tensor does not require gradients
Warning: Output tensor does not require gradients
Warning: Output tensor does not require gradients
Warning: Output tensor does not require gradients
Warning: Output tensor does not require gradients
Warning: Output tensor does not require gradients
Warning: Output tensor does not require gradients
Warning: Output tensor does not require gradients
Warning: Output tensor does not require gradients
Warning: Output tensor does not require gradients
Warning: Output tensor does not require gradients
Warning: Output tensor does not require gradients
Warning: Output tensor does not require gradients
Warning: Output tensor does not require gradients
Warning: Output tensor does not require gradients
Warning: Output tensor does not require gradients
Warning: Output tensor does not require gradients
Warning: Output tensor does not require gradients
Warning: Output tensor does not require gradients
Warning: Output tensor does not require gradients
Warning: Output tensor does not require gradients
Warning: Output tensor does not require gradients
Warning: Output tensor does not require gradients
Warning: Output tensor does not require gradients
Warning: Output tensor does not require gradients
Warning: Output tensor does not require gradients
Warning: Output tensor does not require gradients
Warning: Output tensor does not require gradients
Warning: Output tensor does not require gradients
Warning: Output tensor does not require gradients
Warning: Output tensor does not require gradients
Warning: Output tensor does not require gradients
Warning: Output tensor does not require gradients
Warning: Output tensor does not require gradients
Warning: Output tensor does not require gradients
Warning: Output tensor does not require gradients
Warning: Output tensor does not require gradients
Warning: Output tensor does not require gradients
Warning: Output tensor does not require gradients
Warning: Output tensor does not require gradients
Warning: Output tensor does not require gradients
Warning: Output tensor does not require gradients
Warning: Output tensor does not require gradients
Warning: Output tensor does not require gradients
Warning: Output tensor does not require gradients
Warning: Output tensor does not require gradients
Warning: Output tensor does not require gradients
Warning: Output tensor does not require gradients
Warning: Output tensor does not require gradients
Warning: Output tensor does not require gradients
Warning: Output tensor does not require gradients
Warning: Output tensor does not require gradients
Warning: Output tensor does not require gradients
Warning: Output tensor does not require gradients
Warning: Output tensor does not require gradients
Warning: Output tensor does not require gradients
Warning: Output tensor does not require gradients
Warning: Output tensor does not require gradients
Warning: Output tensor does not require gradients
Warning: Output tensor does not require gradients
Warning: Output tensor does not require gradients
Warning: Output tensor does not require gradients
Warning: Output tensor does not require gradients
Warning: Output tensor does not require gradients
Warning: Output tensor does not require gradients
Warning: Output tensor does not require gradients
Warning: Output tensor does not require gradients
Warning: Output tensor does not require gradients
Warning: Output tensor does not require gradients
Warning: Output tensor does not require gradients
Warning: Output tensor does not require gradients
Warning: Output tensor does not require gradients
Warning: Output tensor does not require gradients
Warning: Output tensor does not require gradients
Warning: Output tensor does not require gradients
Warning: Output tensor does not require gradients
Warning: Output tensor does not require gradients
Warning: Output tensor does not require gradients
Warning: Output tensor does not require gradients
Warning: Output tensor does not require gradients
Warning: Output tensor does not require gradients
Warning: Output tensor does not require gradients
Warning: Output tensor does not require gradients
Warning: Output tensor does not require gradients
Warning: Output tensor does not require gradients
Warning: Output tensor does not require gradients
Warning: Output tensor does not require gradients
Warning: Output tensor does not require gradients
Warning: Output tensor does not require gradients
Warning: Output tensor does not require gradients
Warning: Output tensor does not require gradients
Warning: Output tensor does not require gradients
Warning: Output tensor does not require gradients
Warning: Output tensor does not require gradients
Warning: Output tensor does not require gradients
Warning: Output tensor does not require gradients
Warning: Output tensor does not require gradients
Warning: Output tensor does not require gradients
Warning: Output tensor does not require gradients
Warning: Output tensor does not require gradients
Warning: Output tensor does not require gradients
Warning: Output tensor does not require gradients
Warning: Output tensor does not require gradients
Warning: Output tensor does not require gradients
Warning: Output tensor does not require gradients
Warning: Output tensor does not require gradients
Warning: Output tensor does not require gradients
Warning: Output tensor does not require gradients
Warning: Output tensor does not require gradients
Warning: Output tensor does not require gradients
Warning: Output tensor does not require gradients
Warning: Output tensor does not require gradients
Warning: Output tensor does not require gradients
Warning: Output tensor does not require gradients
Warning: Output tensor does not require gradients
Warning: Output tensor does not require gradients
Warning: Output tensor does not require gradients
Warning: Output tensor does not require gradients
Warning: Output tensor does not require gradients
Warning: Output tensor does not require gradients
Warning: Output tensor does not require gradients
Warning: Output tensor does not require gradients
Warning: Output tensor does not require gradients
Warning: Output tensor does not require gradients
Warning: Output tensor does not require gradients
Warning: Output tensor does not require gradients
Warning: Output tensor does not require gradients
Warning: Output tensor does not require gradients
Warning: Output tensor does not require gradients
Warning: Output tensor does not require gradients
Warning: Output tensor does not require gradients
Warning: Output tensor does not require gradients
Warning: Output tensor does not require gradients
Warning: Output tensor does not require gradients
Warning: Output tensor does not require gradients
Warning: Output tensor does not require gradients
Warning: Output tensor does not require gradients
Warning: Output tensor does not require gradients
Warning: Output tensor does not require gradients
Warning: Output tensor does not require gradients
Warning: Output tensor does not require gradients
Warning: Output tensor does not require gradients
Warning: Output tensor does not require gradients
Warning: Output tensor does not require gradients
Warning: Output tensor does not require gradients
Warning: Output tensor does not require gradients
Warning: Output tensor does not require gradients
Warning: Output tensor does not require gradients
Warning: Output tensor does not require gradients
Warning: Output tensor does not require gradients
Warning: Output tensor does not require gradients
Warning: Output tensor does not require gradients
Warning: Output tensor does not require gradients
Warning: Output tensor does not require gradients
Warning: Output tensor does not require gradients
Warning: Output tensor does not require gradients
Warning: Output tensor does not require gradients
Warning: Output tensor does not require gradients
Warning: Output tensor does not require gradients
Warning: Output tensor does not require gradients
Warning: Output tensor does not require gradients
Warning: Output tensor does not require gradients
Warning: Output tensor does not require gradients
Warning: Output tensor does not require gradients
Warning: Output tensor does not require gradients
Warning: Output tensor does not require gradients
Warning: Output tensor does not require gradients
Warning: Output tensor does not require gradients
Warning: Output tensor does not require gradients
Warning: Output tensor does not require gradients
Warning: Output tensor does not require gradients
Warning: Output tensor does not require gradients
Warning: Output tensor does not require gradients
Warning: Output tensor does not require gradients
Warning: Output tensor does not require gradients
Warning: Output tensor does not require gradients
Warning: Output tensor does not require gradients
Warning: Output tensor does not require gradients
Warning: Output tensor does not require gradients
Warning: Output tensor does not require gradients
Warning: Output tensor does not require gradients
Warning: Output tensor does not require gradients
Warning: Output tensor does not require gradients
Warning: Output tensor does not require gradients
Warning: Output tensor does not require gradients
Warning: Output tensor does not require gradients
Warning: Output tensor does not require gradients
Warning: Output tensor does not require gradients
Warning: Output tensor does not require gradients
Warning: Output tensor does not require gradients
Warning: Output tensor does not require gradients
Warning: Output tensor does not require gradients
Warning: Output tensor does not require gradients
Warning: Output tensor does not require gradients
Warning: Output tensor does not require gradients
Warning: Output tensor does not require gradients
Warning: Output tensor does not require gradients
Warning: Output tensor does not require gradients
Warning: Output tensor does not require gradients
Warning: Output tensor does not require gradients
Warning: Output tensor does not require gradients
Warning: Output tensor does not require gradients
Warning: Output tensor does not require gradients
Warning: Output tensor does not require gradients
Warning: Output tensor does not require gradients
Warning: Output tensor does not require gradients
Warning: Output tensor does not require gradients
Warning: Output tensor does not require gradients
Warning: Output tensor does not require gradients
Warning: Output tensor does not require gradients
Warning: Output tensor does not require gradients
Warning: Output tensor does not require gradients
Warning: Output tensor does not require gradients
Warning: Output tensor does not require gradients
Warning: Output tensor does not require gradients
Warning: Output tensor does not require gradients
Warning: Output tensor does not require gradients
Warning: Output tensor does not require gradients
Warning: Output tensor does not require gradients
Warning: Output tensor does not require gradients
Warning: Output tensor does not require gradients
Warning: Output tensor does not require gradients
Warning: Output tensor does not require gradients
Warning: Output tensor does not require gradients
Warning: Output tensor does not require gradients
Warning: Output tensor does not require gradients
Warning: Output tensor does not require gradients
Warning: Output tensor does not require gradients
Warning: Output tensor does not require gradients
Warning: Output tensor does not require gradients
Warning: Output tensor does not require gradients
Warning: Output tensor does not require gradients
Warning: Output tensor does not require gradients
Warning: Output tensor does not require gradients
Warning: Output tensor does not require gradients
Warning: Output tensor does not require gradients
Warning: Output tensor does not require gradients
Warning: Output tensor does not require gradients
Warning: Output tensor does not require gradients
Warning: Output tensor does not require gradients
Warning: Output tensor does not require gradients
Warning: Output tensor does not require gradients
Warning: Output tensor does not require gradients
Warning: Output tensor does not require gradients
Warning: Output tensor does not require gradients
Warning: Output tensor does not require gradients
Warning: Output tensor does not require gradients
Warning: Output tensor does not require gradients
Warning: Output tensor does not require gradients
Warning: Output tensor does not require gradients
Warning: Output tensor does not require gradients
Warning: Output tensor does not require gradients
Warning: Output tensor does not require gradients
Warning: Output tensor does not require gradients
Warning: Output tensor does not require gradients
Warning: Output tensor does not require gradients
Warning: Output tensor does not require gradients
Warning: Output tensor does not require gradients
Warning: Output tensor does not require gradients
Warning: Output tensor does not require gradients
Warning: Output tensor does not require gradients
Warning: Output tensor does not require gradients
Warning: Output tensor does not require gradients
Warning: Output tensor does not require gradients
Warning: Output tensor does not require gradients
Warning: Output tensor does not require gradients
Warning: Output tensor does not require gradients
Warning: Output tensor does not require gradients
Warning: Output tensor does not require gradients
Warning: Output tensor does not require gradients
Warning: Output tensor does not require gradients
Warning: Output tensor does not require gradients
Warning: Output tensor does not require gradients
Warning: Output tensor does not require gradients
Warning: Output tensor does not require gradients
Warning: Output tensor does not require gradients
Warning: Output tensor does not require gradients
Warning: Output tensor does not require gradients
Warning: Output tensor does not require gradients
Warning: Output tensor does not require gradients
Warning: Output tensor does not require gradients
Warning: Output tensor does not require gradients
Warning: Output tensor does not require gradients
Warning: Output tensor does not require gradients
Warning: Output tensor does not require gradients
Warning: Output tensor does not require gradients
Warning: Output tensor does not require gradients
Warning: Output tensor does not require gradients
Warning: Output tensor does not require gradients
Warning: Output tensor does not require gradients
Warning: Output tensor does not require gradients
Warning: Output tensor does not require gradients
Warning: Output tensor does not require gradients
Warning: Output tensor does not require gradients
Warning: Output tensor does not require gradients
Warning: Output tensor does not require gradients
Warning: Output tensor does not require gradients
Warning: Output tensor does not require gradients
Warning: Output tensor does not require gradients
Warning: Output tensor does not require gradients
Warning: Output tensor does not require gradients
Warning: Output tensor does not require gradients
Warning: Output tensor does not require gradients
Warning: Output tensor does not require gradients
Warning: Output tensor does not require gradients
Warning: Output tensor does not require gradients
Warning: Output tensor does not require gradients
Warning: Output tensor does not require gradients
Warning: Output tensor does not require gradients
Warning: Output tensor does not require gradients
Warning: Output tensor does not require gradients
Warning: Output tensor does not require gradients
Warning: Output tensor does not require gradients
Warning: Output tensor does not require gradients
Warning: Output tensor does not require gradients
Warning: Output tensor does not require gradients
Warning: Output tensor does not require gradients
Warning: Output tensor does not require gradients
Warning: Output tensor does not require gradients
Warning: Output tensor does not require gradients
Warning: Output tensor does not require gradients
Warning: Output tensor does not require gradients
Warning: Output tensor does not require gradients
Warning: Output tensor does not require gradients
Warning: Output tensor does not require gradients
Warning: Output tensor does not require gradients
Warning: Output tensor does not require gradients
Warning: Output tensor does not require gradients
Warning: Output tensor does not require gradients
Warning: Output tensor does not require gradients
Warning: Output tensor does not require gradients
Warning: Output tensor does not require gradients
Warning: Output tensor does not require gradients
Warning: Output tensor does not require gradients
Warning: Output tensor does not require gradients
Warning: Output tensor does not require gradients
Warning: Output tensor does not require gradients
Warning: Output tensor does not require gradients
Warning: Output tensor does not require gradients
Warning: Output tensor does not require gradients
Warning: Output tensor does not require gradients
Warning: Output tensor does not require gradients
Warning: Output tensor does not require gradients
Warning: Output tensor does not require gradients
Warning: Output tensor does not require gradients
Warning: Output tensor does not require gradients
Warning: Output tensor does not require gradients
Warning: Output tensor does not require gradients
Warning: Output tensor does not require gradients
Warning: Output tensor does not require gradients
Warning: Output tensor does not require gradients
Warning: Output tensor does not require gradients
Warning: Output tensor does not require gradients
Warning: Output tensor does not require gradients
Warning: Output tensor does not require gradients
Warning: Output tensor does not require gradients
Warning: Output tensor does not require gradients
Warning: Output tensor does not require gradients
Warning: Output tensor does not require gradients
Warning: Output tensor does not require gradients
Warning: Output tensor does not require gradients
Warning: Output tensor does not require gradients
Warning: Output tensor does not require gradients
Warning: Output tensor does not require gradients
Warning: Output tensor does not require gradients
Warning: Output tensor does not require gradients
Warning: Output tensor does not require gradients
Warning: Output tensor does not require gradients
Warning: Output tensor does not require gradients
Warning: Output tensor does not require gradients
Warning: Output tensor does not require gradients
Warning: Output tensor does not require gradients
Warning: Output tensor does not require gradients
Warning: Output tensor does not require gradients
Warning: Output tensor does not require gradients
Warning: Output tensor does not require gradients
Warning: Output tensor does not require gradients
Warning: Output tensor does not require gradients
Warning: Output tensor does not require gradients
Warning: Output tensor does not require gradients
Warning: Output tensor does not require gradients
Warning: Output tensor does not require gradients
Warning: Output tensor does not require gradients
Warning: Output tensor does not require gradients
Warning: Output tensor does not require gradients
Warning: Output tensor does not require gradients
Warning: Output tensor does not require gradients
Warning: Output tensor does not require gradients
Warning: Output tensor does not require gradients
Warning: Output tensor does not require gradients
Warning: Output tensor does not require gradients
Warning: Output tensor does not require gradients
Warning: Output tensor does not require gradients
Warning: Output tensor does not require gradients
Warning: Output tensor does not require gradients
Warning: Output tensor does not require gradients
Warning: Output tensor does not require gradients
Warning: Output tensor does not require gradients
Warning: Output tensor does not require gradients
Warning: Output tensor does not require gradients
Warning: Output tensor does not require gradients
Warning: Output tensor does not require gradients
Warning: Output tensor does not require gradients
Warning: Output tensor does not require gradients
Warning: Output tensor does not require gradients
Warning: Output tensor does not require gradients
Warning: Output tensor does not require gradients
Warning: Output tensor does not require gradients
Warning: Output tensor does not require gradients
Warning: Output tensor does not require gradients
Warning: Output tensor does not require gradients
Warning: Output tensor does not require gradients
Warning: Output tensor does not require gradients
Warning: Output tensor does not require gradients
Warning: Output tensor does not require gradients
Warning: Output tensor does not require gradients
Warning: Output tensor does not require gradients
Warning: Output tensor does not require gradients
Warning: Output tensor does not require gradients
Warning: Output tensor does not require gradients
Warning: Output tensor does not require gradients
Warning: Output tensor does not require gradients
Warning: Output tensor does not require gradients
Warning: Output tensor does not require gradients
Warning: Output tensor does not require gradients
Warning: Output tensor does not require gradients
Warning: Output tensor does not require gradients
Warning: Output tensor does not require gradients
Warning: Output tensor does not require gradients
Warning: Output tensor does not require gradients
Warning: Output tensor does not require gradients
Warning: Output tensor does not require gradients
Warning: Output tensor does not require gradients
Warning: Output tensor does not require gradients
Warning: Output tensor does not require gradients
Warning: Output tensor does not require gradients
Warning: Output tensor does not require gradients
Warning: Output tensor does not require gradients
Warning: Output tensor does not require gradients
Warning: Output tensor does not require gradients

Epoch 4/100 Summary:
Average Training Loss: 0.4985
Average Validation Loss: 0.4916
Best Validation Loss: 0.4840
Learning Rate: 0.000427
Epoch 5/100 | Batch 0/7324 | Loss: 0.4916 | LR: 0.000406
Epoch 5/100 | Batch 100/7324 | Loss: 0.4963 | LR: 0.000406
Epoch 5/100 | Batch 200/7324 | Loss: 0.5235 | LR: 0.000406
Epoch 5/100 | Batch 300/7324 | Loss: 0.5165 | LR: 0.000406
Epoch 5/100 | Batch 400/7324 | Loss: 0.4882 | LR: 0.000406
Epoch 5/100 | Batch 500/7324 | Loss: 0.4964 | LR: 0.000406
Epoch 5/100 | Batch 600/7324 | Loss: 0.4938 | LR: 0.000406
Epoch 5/100 | Batch 700/7324 | Loss: 0.5050 | LR: 0.000406
Epoch 5/100 | Batch 800/7324 | Loss: 0.4890 | LR: 0.000406
Epoch 5/100 | Batch 900/7324 | Loss: 0.4980 | LR: 0.000406
Epoch 5/100 | Batch 1000/7324 | Loss: 0.4928 | LR: 0.000406
Epoch 5/100 | Batch 1100/7324 | Loss: 0.4918 | LR: 0.000406
Epoch 5/100 | Batch 1200/7324 | Loss: 0.4874 | LR: 0.000406
Epoch 5/100 | Batch 1300/7324 | Loss: 0.4860 | LR: 0.000406
Epoch 5/100 | Batch 1400/7324 | Loss: 0.5724 | LR: 0.000406
Epoch 5/100 | Batch 1500/7324 | Loss: 0.4971 | LR: 0.000406
Epoch 5/100 | Batch 1600/7324 | Loss: 0.4946 | LR: 0.000406
Epoch 5/100 | Batch 1700/7324 | Loss: 0.5015 | LR: 0.000406
Epoch 5/100 | Batch 1800/7324 | Loss: 0.4907 | LR: 0.000406
Epoch 5/100 | Batch 1900/7324 | Loss: 0.4969 | LR: 0.000406
Epoch 5/100 | Batch 2000/7324 | Loss: 0.4894 | LR: 0.000406
Epoch 5/100 | Batch 2100/7324 | Loss: 0.4982 | LR: 0.000406
Epoch 5/100 | Batch 2200/7324 | Loss: 0.4920 | LR: 0.000406
Epoch 5/100 | Batch 2300/7324 | Loss: 0.4886 | LR: 0.000406
Epoch 5/100 | Batch 2400/7324 | Loss: 0.4872 | LR: 0.000406
Epoch 5/100 | Batch 2500/7324 | Loss: 0.5121 | LR: 0.000406
Epoch 5/100 | Batch 2600/7324 | Loss: 0.4949 | LR: 0.000406
Epoch 5/100 | Batch 2700/7324 | Loss: 0.4919 | LR: 0.000406
Epoch 5/100 | Batch 2800/7324 | Loss: 0.4887 | LR: 0.000406
Epoch 5/100 | Batch 2900/7324 | Loss: 0.4914 | LR: 0.000406
Epoch 5/100 | Batch 3000/7324 | Loss: 0.5162 | LR: 0.000406
Epoch 5/100 | Batch 3100/7324 | Loss: 0.4958 | LR: 0.000406
Epoch 5/100 | Batch 3200/7324 | Loss: 0.4891 | LR: 0.000406
Epoch 5/100 | Batch 3300/7324 | Loss: 0.5003 | LR: 0.000406
Epoch 5/100 | Batch 3400/7324 | Loss: 0.4944 | LR: 0.000406
Epoch 5/100 | Batch 3500/7324 | Loss: 0.4936 | LR: 0.000406
Epoch 5/100 | Batch 3600/7324 | Loss: 0.5314 | LR: 0.000406
Epoch 5/100 | Batch 3700/7324 | Loss: 0.4956 | LR: 0.000406
Epoch 5/100 | Batch 3800/7324 | Loss: 0.4902 | LR: 0.000406
Epoch 5/100 | Batch 3900/7324 | Loss: 0.5000 | LR: 0.000406
Epoch 5/100 | Batch 4000/7324 | Loss: 0.4974 | LR: 0.000406
Epoch 5/100 | Batch 4100/7324 | Loss: 0.4907 | LR: 0.000406
Epoch 5/100 | Batch 4200/7324 | Loss: 0.4913 | LR: 0.000406
Epoch 5/100 | Batch 4300/7324 | Loss: 0.5010 | LR: 0.000406
Epoch 5/100 | Batch 4400/7324 | Loss: 0.5103 | LR: 0.000406
Epoch 5/100 | Batch 4500/7324 | Loss: 0.4917 | LR: 0.000406
Epoch 5/100 | Batch 4600/7324 | Loss: 0.4943 | LR: 0.000406
Epoch 5/100 | Batch 4700/7324 | Loss: 0.5003 | LR: 0.000406
Epoch 5/100 | Batch 4800/7324 | Loss: 0.4956 | LR: 0.000406
Epoch 5/100 | Batch 4900/7324 | Loss: 0.4888 | LR: 0.000406
Epoch 5/100 | Batch 5000/7324 | Loss: 0.4909 | LR: 0.000406
Epoch 5/100 | Batch 5100/7324 | Loss: 0.4892 | LR: 0.000406
Epoch 5/100 | Batch 5200/7324 | Loss: 0.4911 | LR: 0.000405
Epoch 5/100 | Batch 5300/7324 | Loss: 0.5085 | LR: 0.000405
Epoch 5/100 | Batch 5400/7324 | Loss: 0.4945 | LR: 0.000405
Epoch 5/100 | Batch 5500/7324 | Loss: 0.4991 | LR: 0.000405
Epoch 5/100 | Batch 5600/7324 | Loss: 0.4912 | LR: 0.000405
Epoch 5/100 | Batch 5700/7324 | Loss: 0.4918 | LR: 0.000405
Epoch 5/100 | Batch 5800/7324 | Loss: 0.4949 | LR: 0.000405
Epoch 5/100 | Batch 5900/7324 | Loss: 0.5082 | LR: 0.000405
Epoch 5/100 | Batch 6000/7324 | Loss: 0.4966 | LR: 0.000405
Epoch 5/100 | Batch 6100/7324 | Loss: 0.4941 | LR: 0.000405
Epoch 5/100 | Batch 6200/7324 | Loss: 0.4977 | LR: 0.000405
Epoch 5/100 | Batch 6300/7324 | Loss: 0.5105 | LR: 0.000405
Epoch 5/100 | Batch 6400/7324 | Loss: 0.4945 | LR: 0.000405
Epoch 5/100 | Batch 6500/7324 | Loss: 0.4949 | LR: 0.000405
Epoch 5/100 | Batch 6600/7324 | Loss: 0.4966 | LR: 0.000405
Epoch 5/100 | Batch 6700/7324 | Loss: 0.4930 | LR: 0.000405
Epoch 5/100 | Batch 6800/7324 | Loss: 0.4903 | LR: 0.000405
Epoch 5/100 | Batch 6900/7324 | Loss: 0.4906 | LR: 0.000405
Epoch 5/100 | Batch 7000/7324 | Loss: 0.4893 | LR: 0.000405
Epoch 5/100 | Batch 7100/7324 | Loss: 0.4889 | LR: 0.000405
Epoch 5/100 | Batch 7200/7324 | Loss: 0.4902 | LR: 0.000405
Epoch 5/100 | Batch 7300/7324 | Loss: 0.5139 | LR: 0.000405
Warning: Output tensor does not require gradients
Warning: Output tensor does not require gradients
Warning: Output tensor does not require gradients
Warning: Output tensor does not require gradients
Warning: Output tensor does not require gradients
Warning: Output tensor does not require gradients
Warning: Output tensor does not require gradients
Warning: Output tensor does not require gradients
Warning: Output tensor does not require gradients
Warning: Output tensor does not require gradients
Warning: Output tensor does not require gradients
Warning: Output tensor does not require gradients
Warning: Output tensor does not require gradients
Warning: Output tensor does not require gradients
Warning: Output tensor does not require gradients
Warning: Output tensor does not require gradients
Warning: Output tensor does not require gradients
Warning: Output tensor does not require gradients
Warning: Output tensor does not require gradients
Warning: Output tensor does not require gradients
Warning: Output tensor does not require gradients
Warning: Output tensor does not require gradients
Warning: Output tensor does not require gradients
Warning: Output tensor does not require gradients
Warning: Output tensor does not require gradients
Warning: Output tensor does not require gradients
Warning: Output tensor does not require gradients
Warning: Output tensor does not require gradients
Warning: Output tensor does not require gradients
Warning: Output tensor does not require gradients
Warning: Output tensor does not require gradients
Warning: Output tensor does not require gradients
Warning: Output tensor does not require gradients
Warning: Output tensor does not require gradients
Warning: Output tensor does not require gradients
Warning: Output tensor does not require gradients
Warning: Output tensor does not require gradients
Warning: Output tensor does not require gradients
Warning: Output tensor does not require gradients
Warning: Output tensor does not require gradients
Warning: Output tensor does not require gradients
Warning: Output tensor does not require gradients
Warning: Output tensor does not require gradients
Warning: Output tensor does not require gradients
Warning: Output tensor does not require gradients
Warning: Output tensor does not require gradients
Warning: Output tensor does not require gradients
Warning: Output tensor does not require gradients
Warning: Output tensor does not require gradients
Warning: Output tensor does not require gradients
Warning: Output tensor does not require gradients
Warning: Output tensor does not require gradients
Warning: Output tensor does not require gradients
Warning: Output tensor does not require gradients
Warning: Output tensor does not require gradients
Warning: Output tensor does not require gradients
Warning: Output tensor does not require gradients
Warning: Output tensor does not require gradients
Warning: Output tensor does not require gradients
Warning: Output tensor does not require gradients
Warning: Output tensor does not require gradients
Warning: Output tensor does not require gradients
Warning: Output tensor does not require gradients
Warning: Output tensor does not require gradients
Warning: Output tensor does not require gradients
Warning: Output tensor does not require gradients
Warning: Output tensor does not require gradients
Warning: Output tensor does not require gradients
Warning: Output tensor does not require gradients
Warning: Output tensor does not require gradients
Warning: Output tensor does not require gradients
Warning: Output tensor does not require gradients
Warning: Output tensor does not require gradients
Warning: Output tensor does not require gradients
Warning: Output tensor does not require gradients
Warning: Output tensor does not require gradients
Warning: Output tensor does not require gradients
Warning: Output tensor does not require gradients
Warning: Output tensor does not require gradients
Warning: Output tensor does not require gradients
Warning: Output tensor does not require gradients
Warning: Output tensor does not require gradients
Warning: Output tensor does not require gradients
Warning: Output tensor does not require gradients
Warning: Output tensor does not require gradients
Warning: Output tensor does not require gradients
Warning: Output tensor does not require gradients
Warning: Output tensor does not require gradients
Warning: Output tensor does not require gradients
Warning: Output tensor does not require gradients
Warning: Output tensor does not require gradients
Warning: Output tensor does not require gradients
Warning: Output tensor does not require gradients
Warning: Output tensor does not require gradients
Warning: Output tensor does not require gradients
Warning: Output tensor does not require gradients
Warning: Output tensor does not require gradients
Warning: Output tensor does not require gradients
Warning: Output tensor does not require gradients
Warning: Output tensor does not require gradients
Warning: Output tensor does not require gradients
Warning: Output tensor does not require gradients
Warning: Output tensor does not require gradients
Warning: Output tensor does not require gradients
Warning: Output tensor does not require gradients
Warning: Output tensor does not require gradients
Warning: Output tensor does not require gradients
Warning: Output tensor does not require gradients
Warning: Output tensor does not require gradients
Warning: Output tensor does not require gradients
Warning: Output tensor does not require gradients
Warning: Output tensor does not require gradients
Warning: Output tensor does not require gradients
Warning: Output tensor does not require gradients
Warning: Output tensor does not require gradients
Warning: Output tensor does not require gradients
Warning: Output tensor does not require gradients
Warning: Output tensor does not require gradients
Warning: Output tensor does not require gradients
Warning: Output tensor does not require gradients
Warning: Output tensor does not require gradients
Warning: Output tensor does not require gradients
Warning: Output tensor does not require gradients
Warning: Output tensor does not require gradients
Warning: Output tensor does not require gradients
Warning: Output tensor does not require gradients
Warning: Output tensor does not require gradients
Warning: Output tensor does not require gradients
Warning: Output tensor does not require gradients
Warning: Output tensor does not require gradients
Warning: Output tensor does not require gradients
Warning: Output tensor does not require gradients
Warning: Output tensor does not require gradients
Warning: Output tensor does not require gradients
Warning: Output tensor does not require gradients
Warning: Output tensor does not require gradients
Warning: Output tensor does not require gradients
Warning: Output tensor does not require gradients
Warning: Output tensor does not require gradients
Warning: Output tensor does not require gradients
Warning: Output tensor does not require gradients
Warning: Output tensor does not require gradients
Warning: Output tensor does not require gradients
Warning: Output tensor does not require gradients
Warning: Output tensor does not require gradients
Warning: Output tensor does not require gradients
Warning: Output tensor does not require gradients
Warning: Output tensor does not require gradients
Warning: Output tensor does not require gradients
Warning: Output tensor does not require gradients
Warning: Output tensor does not require gradients
Warning: Output tensor does not require gradients
Warning: Output tensor does not require gradients
Warning: Output tensor does not require gradients
Warning: Output tensor does not require gradients
Warning: Output tensor does not require gradients
Warning: Output tensor does not require gradients
Warning: Output tensor does not require gradients
Warning: Output tensor does not require gradients
Warning: Output tensor does not require gradients
Warning: Output tensor does not require gradients
Warning: Output tensor does not require gradients
Warning: Output tensor does not require gradients
Warning: Output tensor does not require gradients
Warning: Output tensor does not require gradients
Warning: Output tensor does not require gradients
Warning: Output tensor does not require gradients
Warning: Output tensor does not require gradients
Warning: Output tensor does not require gradients
Warning: Output tensor does not require gradients
Warning: Output tensor does not require gradients
Warning: Output tensor does not require gradients
Warning: Output tensor does not require gradients
Warning: Output tensor does not require gradients
Warning: Output tensor does not require gradients
Warning: Output tensor does not require gradients
Warning: Output tensor does not require gradients
Warning: Output tensor does not require gradients
Warning: Output tensor does not require gradients
Warning: Output tensor does not require gradients
Warning: Output tensor does not require gradients
Warning: Output tensor does not require gradients
Warning: Output tensor does not require gradients
Warning: Output tensor does not require gradients
Warning: Output tensor does not require gradients
Warning: Output tensor does not require gradients
Warning: Output tensor does not require gradients
Warning: Output tensor does not require gradients
Warning: Output tensor does not require gradients
Warning: Output tensor does not require gradients
Warning: Output tensor does not require gradients
Warning: Output tensor does not require gradients
Warning: Output tensor does not require gradients
Warning: Output tensor does not require gradients
Warning: Output tensor does not require gradients
Warning: Output tensor does not require gradients
Warning: Output tensor does not require gradients
Warning: Output tensor does not require gradients
Warning: Output tensor does not require gradients
Warning: Output tensor does not require gradients
Warning: Output tensor does not require gradients
Warning: Output tensor does not require gradients
Warning: Output tensor does not require gradients
Warning: Output tensor does not require gradients
Warning: Output tensor does not require gradients
Warning: Output tensor does not require gradients
Warning: Output tensor does not require gradients
Warning: Output tensor does not require gradients
Warning: Output tensor does not require gradients
Warning: Output tensor does not require gradients
Warning: Output tensor does not require gradients
Warning: Output tensor does not require gradients
Warning: Output tensor does not require gradients
Warning: Output tensor does not require gradients
Warning: Output tensor does not require gradients
Warning: Output tensor does not require gradients
Warning: Output tensor does not require gradients
Warning: Output tensor does not require gradients
Warning: Output tensor does not require gradients
Warning: Output tensor does not require gradients
Warning: Output tensor does not require gradients
Warning: Output tensor does not require gradients
Warning: Output tensor does not require gradients
Warning: Output tensor does not require gradients
Warning: Output tensor does not require gradients
Warning: Output tensor does not require gradients
Warning: Output tensor does not require gradients
Warning: Output tensor does not require gradients
Warning: Output tensor does not require gradients
Warning: Output tensor does not require gradients
Warning: Output tensor does not require gradients
Warning: Output tensor does not require gradients
Warning: Output tensor does not require gradients
Warning: Output tensor does not require gradients
Warning: Output tensor does not require gradients
Warning: Output tensor does not require gradients
Warning: Output tensor does not require gradients
Warning: Output tensor does not require gradients
Warning: Output tensor does not require gradients
Warning: Output tensor does not require gradients
Warning: Output tensor does not require gradients
Warning: Output tensor does not require gradients
Warning: Output tensor does not require gradients
Warning: Output tensor does not require gradients
Warning: Output tensor does not require gradients
Warning: Output tensor does not require gradients
Warning: Output tensor does not require gradients
Warning: Output tensor does not require gradients
Warning: Output tensor does not require gradients
Warning: Output tensor does not require gradients
Warning: Output tensor does not require gradients
Warning: Output tensor does not require gradients
Warning: Output tensor does not require gradients
Warning: Output tensor does not require gradients
Warning: Output tensor does not require gradients
Warning: Output tensor does not require gradients
Warning: Output tensor does not require gradients
Warning: Output tensor does not require gradients
Warning: Output tensor does not require gradients
Warning: Output tensor does not require gradients
Warning: Output tensor does not require gradients
Warning: Output tensor does not require gradients
Warning: Output tensor does not require gradients
Warning: Output tensor does not require gradients
Warning: Output tensor does not require gradients
Warning: Output tensor does not require gradients
Warning: Output tensor does not require gradients
Warning: Output tensor does not require gradients
Warning: Output tensor does not require gradients
Warning: Output tensor does not require gradients
Warning: Output tensor does not require gradients
Warning: Output tensor does not require gradients
Warning: Output tensor does not require gradients
Warning: Output tensor does not require gradients
Warning: Output tensor does not require gradients
Warning: Output tensor does not require gradients
Warning: Output tensor does not require gradients
Warning: Output tensor does not require gradients
Warning: Output tensor does not require gradients
Warning: Output tensor does not require gradients
Warning: Output tensor does not require gradients
Warning: Output tensor does not require gradients
Warning: Output tensor does not require gradients
Warning: Output tensor does not require gradients
Warning: Output tensor does not require gradients
Warning: Output tensor does not require gradients
Warning: Output tensor does not require gradients
Warning: Output tensor does not require gradients
Warning: Output tensor does not require gradients
Warning: Output tensor does not require gradients
Warning: Output tensor does not require gradients
Warning: Output tensor does not require gradients
Warning: Output tensor does not require gradients
Warning: Output tensor does not require gradients
Warning: Output tensor does not require gradients
Warning: Output tensor does not require gradients
Warning: Output tensor does not require gradients
Warning: Output tensor does not require gradients
Warning: Output tensor does not require gradients
Warning: Output tensor does not require gradients
Warning: Output tensor does not require gradients
Warning: Output tensor does not require gradients
Warning: Output tensor does not require gradients
Warning: Output tensor does not require gradients
Warning: Output tensor does not require gradients
Warning: Output tensor does not require gradients
Warning: Output tensor does not require gradients
Warning: Output tensor does not require gradients
Warning: Output tensor does not require gradients
Warning: Output tensor does not require gradients
Warning: Output tensor does not require gradients
Warning: Output tensor does not require gradients
Warning: Output tensor does not require gradients
Warning: Output tensor does not require gradients
Warning: Output tensor does not require gradients
Warning: Output tensor does not require gradients
Warning: Output tensor does not require gradients
Warning: Output tensor does not require gradients
Warning: Output tensor does not require gradients
Warning: Output tensor does not require gradients
Warning: Output tensor does not require gradients
Warning: Output tensor does not require gradients
Warning: Output tensor does not require gradients
Warning: Output tensor does not require gradients
Warning: Output tensor does not require gradients
Warning: Output tensor does not require gradients
Warning: Output tensor does not require gradients
Warning: Output tensor does not require gradients
Warning: Output tensor does not require gradients
Warning: Output tensor does not require gradients
Warning: Output tensor does not require gradients
Warning: Output tensor does not require gradients
Warning: Output tensor does not require gradients
Warning: Output tensor does not require gradients
Warning: Output tensor does not require gradients
Warning: Output tensor does not require gradients
Warning: Output tensor does not require gradients
Warning: Output tensor does not require gradients
Warning: Output tensor does not require gradients
Warning: Output tensor does not require gradients
Warning: Output tensor does not require gradients
Warning: Output tensor does not require gradients
Warning: Output tensor does not require gradients
Warning: Output tensor does not require gradients
Warning: Output tensor does not require gradients
Warning: Output tensor does not require gradients
Warning: Output tensor does not require gradients
Warning: Output tensor does not require gradients
Warning: Output tensor does not require gradients
Warning: Output tensor does not require gradients
Warning: Output tensor does not require gradients
Warning: Output tensor does not require gradients
Warning: Output tensor does not require gradients
Warning: Output tensor does not require gradients
Warning: Output tensor does not require gradients
Warning: Output tensor does not require gradients
Warning: Output tensor does not require gradients
Warning: Output tensor does not require gradients
Warning: Output tensor does not require gradients
Warning: Output tensor does not require gradients
Warning: Output tensor does not require gradients
Warning: Output tensor does not require gradients
Warning: Output tensor does not require gradients
Warning: Output tensor does not require gradients
Warning: Output tensor does not require gradients
Warning: Output tensor does not require gradients
Warning: Output tensor does not require gradients
Warning: Output tensor does not require gradients
Warning: Output tensor does not require gradients
Warning: Output tensor does not require gradients
Warning: Output tensor does not require gradients
Warning: Output tensor does not require gradients
Warning: Output tensor does not require gradients
Warning: Output tensor does not require gradients
Warning: Output tensor does not require gradients
Warning: Output tensor does not require gradients
Warning: Output tensor does not require gradients
Warning: Output tensor does not require gradients
Warning: Output tensor does not require gradients
Warning: Output tensor does not require gradients
Warning: Output tensor does not require gradients
Warning: Output tensor does not require gradients
Warning: Output tensor does not require gradients
Warning: Output tensor does not require gradients
Warning: Output tensor does not require gradients
Warning: Output tensor does not require gradients
Warning: Output tensor does not require gradients
Warning: Output tensor does not require gradients
Warning: Output tensor does not require gradients
Warning: Output tensor does not require gradients
Warning: Output tensor does not require gradients
Warning: Output tensor does not require gradients
Warning: Output tensor does not require gradients
Warning: Output tensor does not require gradients
Warning: Output tensor does not require gradients
Warning: Output tensor does not require gradients
Warning: Output tensor does not require gradients
Warning: Output tensor does not require gradients
Warning: Output tensor does not require gradients
Warning: Output tensor does not require gradients
Warning: Output tensor does not require gradients
Warning: Output tensor does not require gradients
Warning: Output tensor does not require gradients
Warning: Output tensor does not require gradients
Warning: Output tensor does not require gradients
Warning: Output tensor does not require gradients
Warning: Output tensor does not require gradients
Warning: Output tensor does not require gradients
Warning: Output tensor does not require gradients
Warning: Output tensor does not require gradients
Warning: Output tensor does not require gradients
Warning: Output tensor does not require gradients
Warning: Output tensor does not require gradients
Warning: Output tensor does not require gradients
Warning: Output tensor does not require gradients
Warning: Output tensor does not require gradients
Warning: Output tensor does not require gradients
Warning: Output tensor does not require gradients
Warning: Output tensor does not require gradients
Warning: Output tensor does not require gradients
Warning: Output tensor does not require gradients
Warning: Output tensor does not require gradients
Warning: Output tensor does not require gradients
Warning: Output tensor does not require gradients
Warning: Output tensor does not require gradients
Warning: Output tensor does not require gradients
Warning: Output tensor does not require gradients
Warning: Output tensor does not require gradients
Warning: Output tensor does not require gradients
Warning: Output tensor does not require gradients
Warning: Output tensor does not require gradients
Warning: Output tensor does not require gradients
Warning: Output tensor does not require gradients
Warning: Output tensor does not require gradients
Warning: Output tensor does not require gradients
Warning: Output tensor does not require gradients
Warning: Output tensor does not require gradients
Warning: Output tensor does not require gradients
Warning: Output tensor does not require gradients
Warning: Output tensor does not require gradients
Warning: Output tensor does not require gradients
Warning: Output tensor does not require gradients
Warning: Output tensor does not require gradients
Warning: Output tensor does not require gradients
Warning: Output tensor does not require gradients
Warning: Output tensor does not require gradients
Warning: Output tensor does not require gradients
Warning: Output tensor does not require gradients
Warning: Output tensor does not require gradients
Warning: Output tensor does not require gradients
Warning: Output tensor does not require gradients
Warning: Output tensor does not require gradients
Warning: Output tensor does not require gradients
Warning: Output tensor does not require gradients
Warning: Output tensor does not require gradients
Warning: Output tensor does not require gradients
Warning: Output tensor does not require gradients
Warning: Output tensor does not require gradients
Warning: Output tensor does not require gradients
Warning: Output tensor does not require gradients
Warning: Output tensor does not require gradients
Warning: Output tensor does not require gradients
Warning: Output tensor does not require gradients
Warning: Output tensor does not require gradients
Warning: Output tensor does not require gradients
Warning: Output tensor does not require gradients
Warning: Output tensor does not require gradients
Warning: Output tensor does not require gradients
Warning: Output tensor does not require gradients
Warning: Output tensor does not require gradients
Warning: Output tensor does not require gradients
Warning: Output tensor does not require gradients
Warning: Output tensor does not require gradients
Warning: Output tensor does not require gradients
Warning: Output tensor does not require gradients
Warning: Output tensor does not require gradients
Warning: Output tensor does not require gradients
Warning: Output tensor does not require gradients
Warning: Output tensor does not require gradients
Warning: Output tensor does not require gradients
Warning: Output tensor does not require gradients
Warning: Output tensor does not require gradients
Warning: Output tensor does not require gradients
Warning: Output tensor does not require gradients
Warning: Output tensor does not require gradients
Warning: Output tensor does not require gradients
Warning: Output tensor does not require gradients
Warning: Output tensor does not require gradients
Warning: Output tensor does not require gradients
Warning: Output tensor does not require gradients
Warning: Output tensor does not require gradients
Warning: Output tensor does not require gradients
Warning: Output tensor does not require gradients
Warning: Output tensor does not require gradients
Warning: Output tensor does not require gradients
Warning: Output tensor does not require gradients
Warning: Output tensor does not require gradients
Warning: Output tensor does not require gradients
Warning: Output tensor does not require gradients
Warning: Output tensor does not require gradients
Warning: Output tensor does not require gradients
Warning: Output tensor does not require gradients
Warning: Output tensor does not require gradients
Warning: Output tensor does not require gradients
Warning: Output tensor does not require gradients
Warning: Output tensor does not require gradients
Warning: Output tensor does not require gradients
Warning: Output tensor does not require gradients
Warning: Output tensor does not require gradients
Warning: Output tensor does not require gradients
Warning: Output tensor does not require gradients
Warning: Output tensor does not require gradients
Warning: Output tensor does not require gradients
Warning: Output tensor does not require gradients
Warning: Output tensor does not require gradients
Warning: Output tensor does not require gradients
Warning: Output tensor does not require gradients
Warning: Output tensor does not require gradients
Warning: Output tensor does not require gradients
Warning: Output tensor does not require gradients
Warning: Output tensor does not require gradients
Warning: Output tensor does not require gradients
Warning: Output tensor does not require gradients
Warning: Output tensor does not require gradients
Warning: Output tensor does not require gradients
Warning: Output tensor does not require gradients
Warning: Output tensor does not require gradients
Warning: Output tensor does not require gradients
Warning: Output tensor does not require gradients
Warning: Output tensor does not require gradients
Warning: Output tensor does not require gradients
Warning: Output tensor does not require gradients
Warning: Output tensor does not require gradients
Warning: Output tensor does not require gradients
Warning: Output tensor does not require gradients
Warning: Output tensor does not require gradients
Warning: Output tensor does not require gradients
Warning: Output tensor does not require gradients
Warning: Output tensor does not require gradients
Warning: Output tensor does not require gradients
Warning: Output tensor does not require gradients
Warning: Output tensor does not require gradients
Warning: Output tensor does not require gradients
Warning: Output tensor does not require gradients
Warning: Output tensor does not require gradients
Warning: Output tensor does not require gradients
Warning: Output tensor does not require gradients
Warning: Output tensor does not require gradients
Warning: Output tensor does not require gradients
Warning: Output tensor does not require gradients
Warning: Output tensor does not require gradients
Warning: Output tensor does not require gradients
Warning: Output tensor does not require gradients
Warning: Output tensor does not require gradients
Warning: Output tensor does not require gradients
Warning: Output tensor does not require gradients
Warning: Output tensor does not require gradients
Warning: Output tensor does not require gradients
Warning: Output tensor does not require gradients
Warning: Output tensor does not require gradients
Warning: Output tensor does not require gradients
Warning: Output tensor does not require gradients
Warning: Output tensor does not require gradients
Warning: Output tensor does not require gradients
Warning: Output tensor does not require gradients
Warning: Output tensor does not require gradients
Warning: Output tensor does not require gradients
Warning: Output tensor does not require gradients
Warning: Output tensor does not require gradients
Warning: Output tensor does not require gradients
Warning: Output tensor does not require gradients
Warning: Output tensor does not require gradients
Warning: Output tensor does not require gradients
Warning: Output tensor does not require gradients
Warning: Output tensor does not require gradients
Warning: Output tensor does not require gradients
Warning: Output tensor does not require gradients
Warning: Output tensor does not require gradients
Warning: Output tensor does not require gradients
Warning: Output tensor does not require gradients
Warning: Output tensor does not require gradients
Warning: Output tensor does not require gradients
Warning: Output tensor does not require gradients
Warning: Output tensor does not require gradients
Warning: Output tensor does not require gradients
Warning: Output tensor does not require gradients
Warning: Output tensor does not require gradients
Warning: Output tensor does not require gradients
Warning: Output tensor does not require gradients
Warning: Output tensor does not require gradients
Warning: Output tensor does not require gradients
Warning: Output tensor does not require gradients
Warning: Output tensor does not require gradients
Warning: Output tensor does not require gradients
Warning: Output tensor does not require gradients
Warning: Output tensor does not require gradients
Warning: Output tensor does not require gradients
Warning: Output tensor does not require gradients
Warning: Output tensor does not require gradients
Warning: Output tensor does not require gradients
Warning: Output tensor does not require gradients
Warning: Output tensor does not require gradients
Warning: Output tensor does not require gradients
Warning: Output tensor does not require gradients
Warning: Output tensor does not require gradients
Warning: Output tensor does not require gradients
Warning: Output tensor does not require gradients
Warning: Output tensor does not require gradients
Warning: Output tensor does not require gradients
Warning: Output tensor does not require gradients
Warning: Output tensor does not require gradients
Warning: Output tensor does not require gradients
Warning: Output tensor does not require gradients
Warning: Output tensor does not require gradients
Warning: Output tensor does not require gradients
Warning: Output tensor does not require gradients
Warning: Output tensor does not require gradients
Warning: Output tensor does not require gradients
Warning: Output tensor does not require gradients
Warning: Output tensor does not require gradients
Warning: Output tensor does not require gradients
Warning: Output tensor does not require gradients
Warning: Output tensor does not require gradients
Warning: Output tensor does not require gradients
Warning: Output tensor does not require gradients
Warning: Output tensor does not require gradients
Warning: Output tensor does not require gradients
Warning: Output tensor does not require gradients
Warning: Output tensor does not require gradients
Warning: Output tensor does not require gradients
Warning: Output tensor does not require gradients
Warning: Output tensor does not require gradients
Warning: Output tensor does not require gradients
Warning: Output tensor does not require gradients
Warning: Output tensor does not require gradients
Warning: Output tensor does not require gradients
Warning: Output tensor does not require gradients
Warning: Output tensor does not require gradients
Warning: Output tensor does not require gradients
Warning: Output tensor does not require gradients
Warning: Output tensor does not require gradients
Warning: Output tensor does not require gradients
Warning: Output tensor does not require gradients
Warning: Output tensor does not require gradients
Warning: Output tensor does not require gradients
Warning: Output tensor does not require gradients
Warning: Output tensor does not require gradients
Warning: Output tensor does not require gradients
Warning: Output tensor does not require gradients
Warning: Output tensor does not require gradients
Warning: Output tensor does not require gradients
Warning: Output tensor does not require gradients
Warning: Output tensor does not require gradients
Warning: Output tensor does not require gradients
Warning: Output tensor does not require gradients
Warning: Output tensor does not require gradients
Warning: Output tensor does not require gradients
Warning: Output tensor does not require gradients
Warning: Output tensor does not require gradients
Warning: Output tensor does not require gradients
Warning: Output tensor does not require gradients
Warning: Output tensor does not require gradients
Warning: Output tensor does not require gradients
Warning: Output tensor does not require gradients
Warning: Output tensor does not require gradients
Warning: Output tensor does not require gradients
Warning: Output tensor does not require gradients
Warning: Output tensor does not require gradients
Warning: Output tensor does not require gradients
Warning: Output tensor does not require gradients
Warning: Output tensor does not require gradients
Warning: Output tensor does not require gradients
Warning: Output tensor does not require gradients
Warning: Output tensor does not require gradients
Warning: Output tensor does not require gradients
Warning: Output tensor does not require gradients
Warning: Output tensor does not require gradients
Warning: Output tensor does not require gradients
Warning: Output tensor does not require gradients
Warning: Output tensor does not require gradients
Warning: Output tensor does not require gradients
Warning: Output tensor does not require gradients
Warning: Output tensor does not require gradients
Warning: Output tensor does not require gradients
Warning: Output tensor does not require gradients
Warning: Output tensor does not require gradients
Warning: Output tensor does not require gradients
Warning: Output tensor does not require gradients
Warning: Output tensor does not require gradients
Warning: Output tensor does not require gradients
Warning: Output tensor does not require gradients
Warning: Output tensor does not require gradients
Warning: Output tensor does not require gradients
Warning: Output tensor does not require gradients
Warning: Output tensor does not require gradients
Warning: Output tensor does not require gradients
Warning: Output tensor does not require gradients
Warning: Output tensor does not require gradients
Warning: Output tensor does not require gradients
Warning: Output tensor does not require gradients
Warning: Output tensor does not require gradients
Warning: Output tensor does not require gradients
Warning: Output tensor does not require gradients
Warning: Output tensor does not require gradients
Warning: Output tensor does not require gradients
Warning: Output tensor does not require gradients
Warning: Output tensor does not require gradients
Warning: Output tensor does not require gradients
Warning: Output tensor does not require gradients
Warning: Output tensor does not require gradients
Warning: Output tensor does not require gradients
Warning: Output tensor does not require gradients
Warning: Output tensor does not require gradients
Warning: Output tensor does not require gradients
Warning: Output tensor does not require gradients
Warning: Output tensor does not require gradients
Warning: Output tensor does not require gradients
Warning: Output tensor does not require gradients
Warning: Output tensor does not require gradients
Warning: Output tensor does not require gradients
Warning: Output tensor does not require gradients
Warning: Output tensor does not require gradients
Warning: Output tensor does not require gradients
Warning: Output tensor does not require gradients
Warning: Output tensor does not require gradients
Warning: Output tensor does not require gradients
Warning: Output tensor does not require gradients
Warning: Output tensor does not require gradients
Warning: Output tensor does not require gradients
Warning: Output tensor does not require gradients
Warning: Output tensor does not require gradients
Warning: Output tensor does not require gradients
Warning: Output tensor does not require gradients
Warning: Output tensor does not require gradients
Warning: Output tensor does not require gradients
Warning: Output tensor does not require gradients
Warning: Output tensor does not require gradients
Warning: Output tensor does not require gradients
Warning: Output tensor does not require gradients
Warning: Output tensor does not require gradients
Warning: Output tensor does not require gradients
Warning: Output tensor does not require gradients
Warning: Output tensor does not require gradients
Warning: Output tensor does not require gradients
Warning: Output tensor does not require gradients
Warning: Output tensor does not require gradients
Warning: Output tensor does not require gradients
Warning: Output tensor does not require gradients
Warning: Output tensor does not require gradients
Warning: Output tensor does not require gradients
Warning: Output tensor does not require gradients
Warning: Output tensor does not require gradients
Warning: Output tensor does not require gradients
Warning: Output tensor does not require gradients
Warning: Output tensor does not require gradients
Warning: Output tensor does not require gradients
Warning: Output tensor does not require gradients
Warning: Output tensor does not require gradients
Warning: Output tensor does not require gradients
Warning: Output tensor does not require gradients
Warning: Output tensor does not require gradients
Warning: Output tensor does not require gradients
Warning: Output tensor does not require gradients
Warning: Output tensor does not require gradients
Warning: Output tensor does not require gradients
Warning: Output tensor does not require gradients
Warning: Output tensor does not require gradients
Warning: Output tensor does not require gradients
Warning: Output tensor does not require gradients
Warning: Output tensor does not require gradients
Warning: Output tensor does not require gradients
Warning: Output tensor does not require gradients
Warning: Output tensor does not require gradients
Warning: Output tensor does not require gradients
Warning: Output tensor does not require gradients
Warning: Output tensor does not require gradients
Warning: Output tensor does not require gradients
Warning: Output tensor does not require gradients
Warning: Output tensor does not require gradients
Warning: Output tensor does not require gradients
Warning: Output tensor does not require gradients
Warning: Output tensor does not require gradients
Warning: Output tensor does not require gradients
Warning: Output tensor does not require gradients
Warning: Output tensor does not require gradients
Warning: Output tensor does not require gradients
Warning: Output tensor does not require gradients
Warning: Output tensor does not require gradients
Warning: Output tensor does not require gradients
Warning: Output tensor does not require gradients
Warning: Output tensor does not require gradients
Warning: Output tensor does not require gradients
Warning: Output tensor does not require gradients
Warning: Output tensor does not require gradients
Warning: Output tensor does not require gradients
Warning: Output tensor does not require gradients
Warning: Output tensor does not require gradients
Warning: Output tensor does not require gradients
Warning: Output tensor does not require gradients
Warning: Output tensor does not require gradients
Warning: Output tensor does not require gradients
Warning: Output tensor does not require gradients
Warning: Output tensor does not require gradients
Warning: Output tensor does not require gradients
Warning: Output tensor does not require gradients
Warning: Output tensor does not require gradients
Warning: Output tensor does not require gradients
Warning: Output tensor does not require gradients
Warning: Output tensor does not require gradients
Warning: Output tensor does not require gradients
Warning: Output tensor does not require gradients
Warning: Output tensor does not require gradients
Warning: Output tensor does not require gradients

Epoch 5/100 Summary:
Average Training Loss: 0.4979
Average Validation Loss: 0.4990
Best Validation Loss: 0.4840
Learning Rate: 0.000405
Epoch 6/100 | Batch 0/7324 | Loss: 0.5032 | LR: 0.000385
Epoch 6/100 | Batch 100/7324 | Loss: 0.4919 | LR: 0.000385
Epoch 6/100 | Batch 200/7324 | Loss: 0.5242 | LR: 0.000385
Epoch 6/100 | Batch 300/7324 | Loss: 0.4910 | LR: 0.000385
Epoch 6/100 | Batch 400/7324 | Loss: 0.5001 | LR: 0.000385
Epoch 6/100 | Batch 500/7324 | Loss: 0.5044 | LR: 0.000385
Epoch 6/100 | Batch 600/7324 | Loss: 0.4919 | LR: 0.000385
Epoch 6/100 | Batch 700/7324 | Loss: 0.4909 | LR: 0.000385
Epoch 6/100 | Batch 800/7324 | Loss: 0.5015 | LR: 0.000385
Epoch 6/100 | Batch 900/7324 | Loss: 0.4950 | LR: 0.000385
Epoch 6/100 | Batch 1000/7324 | Loss: 0.4929 | LR: 0.000385
Epoch 6/100 | Batch 1100/7324 | Loss: 0.4914 | LR: 0.000385
Epoch 6/100 | Batch 1200/7324 | Loss: 0.4933 | LR: 0.000385
Epoch 6/100 | Batch 1300/7324 | Loss: 0.5213 | LR: 0.000385
Epoch 6/100 | Batch 1400/7324 | Loss: 0.4899 | LR: 0.000385
Epoch 6/100 | Batch 1500/7324 | Loss: 0.4949 | LR: 0.000385
Epoch 6/100 | Batch 1600/7324 | Loss: 0.4997 | LR: 0.000385
Epoch 6/100 | Batch 1700/7324 | Loss: 0.4905 | LR: 0.000385
Epoch 6/100 | Batch 1800/7324 | Loss: 0.4918 | LR: 0.000385
Epoch 6/100 | Batch 1900/7324 | Loss: 0.5125 | LR: 0.000385
Epoch 6/100 | Batch 2000/7324 | Loss: 0.4937 | LR: 0.000385
Epoch 6/100 | Batch 2100/7324 | Loss: 0.4971 | LR: 0.000385
Epoch 6/100 | Batch 2200/7324 | Loss: 0.4937 | LR: 0.000385
Epoch 6/100 | Batch 2300/7324 | Loss: 0.4989 | LR: 0.000385
Epoch 6/100 | Batch 2400/7324 | Loss: 0.4915 | LR: 0.000385
Epoch 6/100 | Batch 2500/7324 | Loss: 0.4933 | LR: 0.000385
Epoch 6/100 | Batch 2600/7324 | Loss: 0.4948 | LR: 0.000385
Epoch 6/100 | Batch 2700/7324 | Loss: 0.4993 | LR: 0.000385
Epoch 6/100 | Batch 2800/7324 | Loss: 0.4996 | LR: 0.000385
Epoch 6/100 | Batch 2900/7324 | Loss: 0.4998 | LR: 0.000385
Epoch 6/100 | Batch 3000/7324 | Loss: 0.4936 | LR: 0.000385
Epoch 6/100 | Batch 3100/7324 | Loss: 0.4923 | LR: 0.000385
Epoch 6/100 | Batch 3200/7324 | Loss: 0.4930 | LR: 0.000385
Epoch 6/100 | Batch 3300/7324 | Loss: 0.4926 | LR: 0.000385
Epoch 6/100 | Batch 3400/7324 | Loss: 0.5146 | LR: 0.000385
Epoch 6/100 | Batch 3500/7324 | Loss: 0.4926 | LR: 0.000385
Epoch 6/100 | Batch 3600/7324 | Loss: 0.4920 | LR: 0.000385
Epoch 6/100 | Batch 3700/7324 | Loss: 0.4962 | LR: 0.000385
Epoch 6/100 | Batch 3800/7324 | Loss: 0.4951 | LR: 0.000385
Epoch 6/100 | Batch 3900/7324 | Loss: 0.4927 | LR: 0.000384
Epoch 6/100 | Batch 4000/7324 | Loss: 0.5058 | LR: 0.000384
Epoch 6/100 | Batch 4100/7324 | Loss: 0.4944 | LR: 0.000384
Epoch 6/100 | Batch 4200/7324 | Loss: 0.4949 | LR: 0.000384
Epoch 6/100 | Batch 4300/7324 | Loss: 0.4911 | LR: 0.000384
Epoch 6/100 | Batch 4400/7324 | Loss: 0.4886 | LR: 0.000384
Epoch 6/100 | Batch 4500/7324 | Loss: 0.4926 | LR: 0.000384
Epoch 6/100 | Batch 4600/7324 | Loss: 0.5614 | LR: 0.000384
Epoch 6/100 | Batch 4700/7324 | Loss: 0.4919 | LR: 0.000384
Epoch 6/100 | Batch 4800/7324 | Loss: 0.4959 | LR: 0.000384
Epoch 6/100 | Batch 4900/7324 | Loss: 0.5256 | LR: 0.000384
Epoch 6/100 | Batch 5000/7324 | Loss: 0.4904 | LR: 0.000384
Epoch 6/100 | Batch 5100/7324 | Loss: 0.4959 | LR: 0.000384
Epoch 6/100 | Batch 5200/7324 | Loss: 0.4932 | LR: 0.000384
Epoch 6/100 | Batch 5300/7324 | Loss: 0.4898 | LR: 0.000384
Epoch 6/100 | Batch 5400/7324 | Loss: 0.4928 | LR: 0.000384
Epoch 6/100 | Batch 5500/7324 | Loss: 0.4894 | LR: 0.000384
Epoch 6/100 | Batch 5600/7324 | Loss: 0.4884 | LR: 0.000384
Epoch 6/100 | Batch 5700/7324 | Loss: 0.5707 | LR: 0.000384
Epoch 6/100 | Batch 5800/7324 | Loss: 0.4989 | LR: 0.000384
Epoch 6/100 | Batch 5900/7324 | Loss: 0.4917 | LR: 0.000384
Epoch 6/100 | Batch 6000/7324 | Loss: 0.5048 | LR: 0.000384
Epoch 6/100 | Batch 6100/7324 | Loss: 0.5010 | LR: 0.000384
Epoch 6/100 | Batch 6200/7324 | Loss: 0.4908 | LR: 0.000384
Epoch 6/100 | Batch 6300/7324 | Loss: 0.4959 | LR: 0.000384
Epoch 6/100 | Batch 6400/7324 | Loss: 0.5966 | LR: 0.000384
Epoch 6/100 | Batch 6500/7324 | Loss: 0.4965 | LR: 0.000384
Epoch 6/100 | Batch 6600/7324 | Loss: 0.4907 | LR: 0.000384
Epoch 6/100 | Batch 6700/7324 | Loss: 0.4955 | LR: 0.000384
Epoch 6/100 | Batch 6800/7324 | Loss: 0.5081 | LR: 0.000384
Epoch 6/100 | Batch 6900/7324 | Loss: 0.4906 | LR: 0.000384
Epoch 6/100 | Batch 7000/7324 | Loss: 0.5043 | LR: 0.000384
Epoch 6/100 | Batch 7100/7324 | Loss: 0.5034 | LR: 0.000384
Epoch 6/100 | Batch 7200/7324 | Loss: 0.4941 | LR: 0.000384
Epoch 6/100 | Batch 7300/7324 | Loss: 0.4931 | LR: 0.000384
Warning: Output tensor does not require gradients
Warning: Output tensor does not require gradients
Warning: Output tensor does not require gradients
Warning: Output tensor does not require gradients
Warning: Output tensor does not require gradients
Warning: Output tensor does not require gradients
Warning: Output tensor does not require gradients
Warning: Output tensor does not require gradients
Warning: Output tensor does not require gradients
Warning: Output tensor does not require gradients
Warning: Output tensor does not require gradients
Warning: Output tensor does not require gradients
Warning: Output tensor does not require gradients
Warning: Output tensor does not require gradients
Warning: Output tensor does not require gradients
Warning: Output tensor does not require gradients
Warning: Output tensor does not require gradients
Warning: Output tensor does not require gradients
Warning: Output tensor does not require gradients
Warning: Output tensor does not require gradients
Warning: Output tensor does not require gradients
Warning: Output tensor does not require gradients
Warning: Output tensor does not require gradients
Warning: Output tensor does not require gradients
Warning: Output tensor does not require gradients
Warning: Output tensor does not require gradients
Warning: Output tensor does not require gradients
Warning: Output tensor does not require gradients
Warning: Output tensor does not require gradients
Warning: Output tensor does not require gradients
Warning: Output tensor does not require gradients
Warning: Output tensor does not require gradients
Warning: Output tensor does not require gradients
Warning: Output tensor does not require gradients
Warning: Output tensor does not require gradients
Warning: Output tensor does not require gradients
Warning: Output tensor does not require gradients
Warning: Output tensor does not require gradients
Warning: Output tensor does not require gradients
Warning: Output tensor does not require gradients
Warning: Output tensor does not require gradients
Warning: Output tensor does not require gradients
Warning: Output tensor does not require gradients
Warning: Output tensor does not require gradients
Warning: Output tensor does not require gradients
Warning: Output tensor does not require gradients
Warning: Output tensor does not require gradients
Warning: Output tensor does not require gradients
Warning: Output tensor does not require gradients
Warning: Output tensor does not require gradients
Warning: Output tensor does not require gradients
Warning: Output tensor does not require gradients
Warning: Output tensor does not require gradients
Warning: Output tensor does not require gradients
Warning: Output tensor does not require gradients
Warning: Output tensor does not require gradients
Warning: Output tensor does not require gradients
Warning: Output tensor does not require gradients
Warning: Output tensor does not require gradients
Warning: Output tensor does not require gradients
Warning: Output tensor does not require gradients
Warning: Output tensor does not require gradients
Warning: Output tensor does not require gradients
Warning: Output tensor does not require gradients
Warning: Output tensor does not require gradients
Warning: Output tensor does not require gradients
Warning: Output tensor does not require gradients
Warning: Output tensor does not require gradients
Warning: Output tensor does not require gradients
Warning: Output tensor does not require gradients
Warning: Output tensor does not require gradients
Warning: Output tensor does not require gradients
Warning: Output tensor does not require gradients
Warning: Output tensor does not require gradients
Warning: Output tensor does not require gradients
Warning: Output tensor does not require gradients
Warning: Output tensor does not require gradients
Warning: Output tensor does not require gradients
Warning: Output tensor does not require gradients
Warning: Output tensor does not require gradients
Warning: Output tensor does not require gradients
Warning: Output tensor does not require gradients
Warning: Output tensor does not require gradients
Warning: Output tensor does not require gradients
Warning: Output tensor does not require gradients
Warning: Output tensor does not require gradients
Warning: Output tensor does not require gradients
Warning: Output tensor does not require gradients
Warning: Output tensor does not require gradients
Warning: Output tensor does not require gradients
Warning: Output tensor does not require gradients
Warning: Output tensor does not require gradients
Warning: Output tensor does not require gradients
Warning: Output tensor does not require gradients
Warning: Output tensor does not require gradients
Warning: Output tensor does not require gradients
Warning: Output tensor does not require gradients
Warning: Output tensor does not require gradients
Warning: Output tensor does not require gradients
Warning: Output tensor does not require gradients
Warning: Output tensor does not require gradients
Warning: Output tensor does not require gradients
Warning: Output tensor does not require gradients
Warning: Output tensor does not require gradients
Warning: Output tensor does not require gradients
Warning: Output tensor does not require gradients
Warning: Output tensor does not require gradients
Warning: Output tensor does not require gradients
Warning: Output tensor does not require gradients
Warning: Output tensor does not require gradients
Warning: Output tensor does not require gradients
Warning: Output tensor does not require gradients
Warning: Output tensor does not require gradients
Warning: Output tensor does not require gradients
Warning: Output tensor does not require gradients
Warning: Output tensor does not require gradients
Warning: Output tensor does not require gradients
Warning: Output tensor does not require gradients
Warning: Output tensor does not require gradients
Warning: Output tensor does not require gradients
Warning: Output tensor does not require gradients
Warning: Output tensor does not require gradients
Warning: Output tensor does not require gradients
Warning: Output tensor does not require gradients
Warning: Output tensor does not require gradients
Warning: Output tensor does not require gradients
Warning: Output tensor does not require gradients
Warning: Output tensor does not require gradients
Warning: Output tensor does not require gradients
Warning: Output tensor does not require gradients
Warning: Output tensor does not require gradients
Warning: Output tensor does not require gradients
Warning: Output tensor does not require gradients
Warning: Output tensor does not require gradients
Warning: Output tensor does not require gradients
Warning: Output tensor does not require gradients
Warning: Output tensor does not require gradients
Warning: Output tensor does not require gradients
Warning: Output tensor does not require gradients
Warning: Output tensor does not require gradients
Warning: Output tensor does not require gradients
Warning: Output tensor does not require gradients
Warning: Output tensor does not require gradients
Warning: Output tensor does not require gradients
Warning: Output tensor does not require gradients
Warning: Output tensor does not require gradients
Warning: Output tensor does not require gradients
Warning: Output tensor does not require gradients
Warning: Output tensor does not require gradients
Warning: Output tensor does not require gradients
Warning: Output tensor does not require gradients
Warning: Output tensor does not require gradients
Warning: Output tensor does not require gradients
Warning: Output tensor does not require gradients
Warning: Output tensor does not require gradients
Warning: Output tensor does not require gradients
Warning: Output tensor does not require gradients
Warning: Output tensor does not require gradients
Warning: Output tensor does not require gradients
Warning: Output tensor does not require gradients
Warning: Output tensor does not require gradients
Warning: Output tensor does not require gradients
Warning: Output tensor does not require gradients
Warning: Output tensor does not require gradients
Warning: Output tensor does not require gradients
Warning: Output tensor does not require gradients
Warning: Output tensor does not require gradients
Warning: Output tensor does not require gradients
Warning: Output tensor does not require gradients
Warning: Output tensor does not require gradients
Warning: Output tensor does not require gradients
Warning: Output tensor does not require gradients
Warning: Output tensor does not require gradients
Warning: Output tensor does not require gradients
Warning: Output tensor does not require gradients
Warning: Output tensor does not require gradients
Warning: Output tensor does not require gradients
Warning: Output tensor does not require gradients
Warning: Output tensor does not require gradients
Warning: Output tensor does not require gradients
Warning: Output tensor does not require gradients
Warning: Output tensor does not require gradients
Warning: Output tensor does not require gradients
Warning: Output tensor does not require gradients
Warning: Output tensor does not require gradients
Warning: Output tensor does not require gradients
Warning: Output tensor does not require gradients
Warning: Output tensor does not require gradients
Warning: Output tensor does not require gradients
Warning: Output tensor does not require gradients
Warning: Output tensor does not require gradients
Warning: Output tensor does not require gradients
Warning: Output tensor does not require gradients
Warning: Output tensor does not require gradients
Warning: Output tensor does not require gradients
Warning: Output tensor does not require gradients
Warning: Output tensor does not require gradients
Warning: Output tensor does not require gradients
Warning: Output tensor does not require gradients
Warning: Output tensor does not require gradients
Warning: Output tensor does not require gradients
Warning: Output tensor does not require gradients
Warning: Output tensor does not require gradients
Warning: Output tensor does not require gradients
Warning: Output tensor does not require gradients
Warning: Output tensor does not require gradients
Warning: Output tensor does not require gradients
Warning: Output tensor does not require gradients
Warning: Output tensor does not require gradients
Warning: Output tensor does not require gradients
Warning: Output tensor does not require gradients
Warning: Output tensor does not require gradients
Warning: Output tensor does not require gradients
Warning: Output tensor does not require gradients
Warning: Output tensor does not require gradients
Warning: Output tensor does not require gradients
Warning: Output tensor does not require gradients
Warning: Output tensor does not require gradients
Warning: Output tensor does not require gradients
Warning: Output tensor does not require gradients
Warning: Output tensor does not require gradients
Warning: Output tensor does not require gradients
Warning: Output tensor does not require gradients
Warning: Output tensor does not require gradients
Warning: Output tensor does not require gradients
Warning: Output tensor does not require gradients
Warning: Output tensor does not require gradients
Warning: Output tensor does not require gradients
Warning: Output tensor does not require gradients
Warning: Output tensor does not require gradients
Warning: Output tensor does not require gradients
Warning: Output tensor does not require gradients
Warning: Output tensor does not require gradients
Warning: Output tensor does not require gradients
Warning: Output tensor does not require gradients
Warning: Output tensor does not require gradients
Warning: Output tensor does not require gradients
Warning: Output tensor does not require gradients
Warning: Output tensor does not require gradients
Warning: Output tensor does not require gradients
Warning: Output tensor does not require gradients
Warning: Output tensor does not require gradients
Warning: Output tensor does not require gradients
Warning: Output tensor does not require gradients
Warning: Output tensor does not require gradients
Warning: Output tensor does not require gradients
Warning: Output tensor does not require gradients
Warning: Output tensor does not require gradients
Warning: Output tensor does not require gradients
Warning: Output tensor does not require gradients
Warning: Output tensor does not require gradients
Warning: Output tensor does not require gradients
Warning: Output tensor does not require gradients
Warning: Output tensor does not require gradients
Warning: Output tensor does not require gradients
Warning: Output tensor does not require gradients
Warning: Output tensor does not require gradients
Warning: Output tensor does not require gradients
Warning: Output tensor does not require gradients
Warning: Output tensor does not require gradients
Warning: Output tensor does not require gradients
Warning: Output tensor does not require gradients
Warning: Output tensor does not require gradients
Warning: Output tensor does not require gradients
Warning: Output tensor does not require gradients
Warning: Output tensor does not require gradients
Warning: Output tensor does not require gradients
Warning: Output tensor does not require gradients
Warning: Output tensor does not require gradients
Warning: Output tensor does not require gradients
Warning: Output tensor does not require gradients
Warning: Output tensor does not require gradients
Warning: Output tensor does not require gradients
Warning: Output tensor does not require gradients
Warning: Output tensor does not require gradients
Warning: Output tensor does not require gradients
Warning: Output tensor does not require gradients
Warning: Output tensor does not require gradients
Warning: Output tensor does not require gradients
Warning: Output tensor does not require gradients
Warning: Output tensor does not require gradients
Warning: Output tensor does not require gradients
Warning: Output tensor does not require gradients
Warning: Output tensor does not require gradients
Warning: Output tensor does not require gradients
Warning: Output tensor does not require gradients
Warning: Output tensor does not require gradients
Warning: Output tensor does not require gradients
Warning: Output tensor does not require gradients
Warning: Output tensor does not require gradients
Warning: Output tensor does not require gradients
Warning: Output tensor does not require gradients
Warning: Output tensor does not require gradients
Warning: Output tensor does not require gradients
Warning: Output tensor does not require gradients
Warning: Output tensor does not require gradients
Warning: Output tensor does not require gradients
Warning: Output tensor does not require gradients
Warning: Output tensor does not require gradients
Warning: Output tensor does not require gradients
Warning: Output tensor does not require gradients
Warning: Output tensor does not require gradients
Warning: Output tensor does not require gradients
Warning: Output tensor does not require gradients
Warning: Output tensor does not require gradients
Warning: Output tensor does not require gradients
Warning: Output tensor does not require gradients
Warning: Output tensor does not require gradients
Warning: Output tensor does not require gradients
Warning: Output tensor does not require gradients
Warning: Output tensor does not require gradients
Warning: Output tensor does not require gradients
Warning: Output tensor does not require gradients
Warning: Output tensor does not require gradients
Warning: Output tensor does not require gradients
Warning: Output tensor does not require gradients
Warning: Output tensor does not require gradients
Warning: Output tensor does not require gradients
Warning: Output tensor does not require gradients
Warning: Output tensor does not require gradients
Warning: Output tensor does not require gradients
Warning: Output tensor does not require gradients
Warning: Output tensor does not require gradients
Warning: Output tensor does not require gradients
Warning: Output tensor does not require gradients
Warning: Output tensor does not require gradients
Warning: Output tensor does not require gradients
Warning: Output tensor does not require gradients
Warning: Output tensor does not require gradients
Warning: Output tensor does not require gradients
Warning: Output tensor does not require gradients
Warning: Output tensor does not require gradients
Warning: Output tensor does not require gradients
Warning: Output tensor does not require gradients
Warning: Output tensor does not require gradients
Warning: Output tensor does not require gradients
Warning: Output tensor does not require gradients
Warning: Output tensor does not require gradients
Warning: Output tensor does not require gradients
Warning: Output tensor does not require gradients
Warning: Output tensor does not require gradients
Warning: Output tensor does not require gradients
Warning: Output tensor does not require gradients
Warning: Output tensor does not require gradients
Warning: Output tensor does not require gradients
Warning: Output tensor does not require gradients
Warning: Output tensor does not require gradients
Warning: Output tensor does not require gradients
Warning: Output tensor does not require gradients
Warning: Output tensor does not require gradients
Warning: Output tensor does not require gradients
Warning: Output tensor does not require gradients
Warning: Output tensor does not require gradients
Warning: Output tensor does not require gradients
Warning: Output tensor does not require gradients
Warning: Output tensor does not require gradients
Warning: Output tensor does not require gradients
Warning: Output tensor does not require gradients
Warning: Output tensor does not require gradients
Warning: Output tensor does not require gradients
Warning: Output tensor does not require gradients
Warning: Output tensor does not require gradients
Warning: Output tensor does not require gradients
Warning: Output tensor does not require gradients
Warning: Output tensor does not require gradients
Warning: Output tensor does not require gradients
Warning: Output tensor does not require gradients
Warning: Output tensor does not require gradients
Warning: Output tensor does not require gradients
Warning: Output tensor does not require gradients
Warning: Output tensor does not require gradients
Warning: Output tensor does not require gradients
Warning: Output tensor does not require gradients
Warning: Output tensor does not require gradients
Warning: Output tensor does not require gradients
Warning: Output tensor does not require gradients
Warning: Output tensor does not require gradients
Warning: Output tensor does not require gradients
Warning: Output tensor does not require gradients
Warning: Output tensor does not require gradients
Warning: Output tensor does not require gradients
Warning: Output tensor does not require gradients
Warning: Output tensor does not require gradients
Warning: Output tensor does not require gradients
Warning: Output tensor does not require gradients
Warning: Output tensor does not require gradients
Warning: Output tensor does not require gradients
Warning: Output tensor does not require gradients
Warning: Output tensor does not require gradients
Warning: Output tensor does not require gradients
Warning: Output tensor does not require gradients
Warning: Output tensor does not require gradients
Warning: Output tensor does not require gradients
Warning: Output tensor does not require gradients
Warning: Output tensor does not require gradients
Warning: Output tensor does not require gradients
Warning: Output tensor does not require gradients
Warning: Output tensor does not require gradients
Warning: Output tensor does not require gradients
Warning: Output tensor does not require gradients
Warning: Output tensor does not require gradients
Warning: Output tensor does not require gradients
Warning: Output tensor does not require gradients
Warning: Output tensor does not require gradients
Warning: Output tensor does not require gradients
Warning: Output tensor does not require gradients
Warning: Output tensor does not require gradients
Warning: Output tensor does not require gradients
Warning: Output tensor does not require gradients
Warning: Output tensor does not require gradients
Warning: Output tensor does not require gradients
Warning: Output tensor does not require gradients
Warning: Output tensor does not require gradients
Warning: Output tensor does not require gradients
Warning: Output tensor does not require gradients
Warning: Output tensor does not require gradients
Warning: Output tensor does not require gradients
Warning: Output tensor does not require gradients
Warning: Output tensor does not require gradients
Warning: Output tensor does not require gradients
Warning: Output tensor does not require gradients
Warning: Output tensor does not require gradients
Warning: Output tensor does not require gradients
Warning: Output tensor does not require gradients
Warning: Output tensor does not require gradients
Warning: Output tensor does not require gradients
Warning: Output tensor does not require gradients
Warning: Output tensor does not require gradients
Warning: Output tensor does not require gradients
Warning: Output tensor does not require gradients
Warning: Output tensor does not require gradients
Warning: Output tensor does not require gradients
Warning: Output tensor does not require gradients
Warning: Output tensor does not require gradients
Warning: Output tensor does not require gradients
Warning: Output tensor does not require gradients
Warning: Output tensor does not require gradients
Warning: Output tensor does not require gradients
Warning: Output tensor does not require gradients
Warning: Output tensor does not require gradients
Warning: Output tensor does not require gradients
Warning: Output tensor does not require gradients
Warning: Output tensor does not require gradients
Warning: Output tensor does not require gradients
Warning: Output tensor does not require gradients
Warning: Output tensor does not require gradients
Warning: Output tensor does not require gradients
Warning: Output tensor does not require gradients
Warning: Output tensor does not require gradients
Warning: Output tensor does not require gradients
Warning: Output tensor does not require gradients
Warning: Output tensor does not require gradients
Warning: Output tensor does not require gradients
Warning: Output tensor does not require gradients
Warning: Output tensor does not require gradients
Warning: Output tensor does not require gradients
Warning: Output tensor does not require gradients
Warning: Output tensor does not require gradients
Warning: Output tensor does not require gradients
Warning: Output tensor does not require gradients
Warning: Output tensor does not require gradients
Warning: Output tensor does not require gradients
Warning: Output tensor does not require gradients
Warning: Output tensor does not require gradients
Warning: Output tensor does not require gradients
Warning: Output tensor does not require gradients
Warning: Output tensor does not require gradients
Warning: Output tensor does not require gradients
Warning: Output tensor does not require gradients
Warning: Output tensor does not require gradients
Warning: Output tensor does not require gradients
Warning: Output tensor does not require gradients
Warning: Output tensor does not require gradients
Warning: Output tensor does not require gradients
Warning: Output tensor does not require gradients
Warning: Output tensor does not require gradients
Warning: Output tensor does not require gradients
Warning: Output tensor does not require gradients
Warning: Output tensor does not require gradients
Warning: Output tensor does not require gradients
Warning: Output tensor does not require gradients
Warning: Output tensor does not require gradients
Warning: Output tensor does not require gradients
Warning: Output tensor does not require gradients
Warning: Output tensor does not require gradients
Warning: Output tensor does not require gradients
Warning: Output tensor does not require gradients
Warning: Output tensor does not require gradients
Warning: Output tensor does not require gradients
Warning: Output tensor does not require gradients
Warning: Output tensor does not require gradients
Warning: Output tensor does not require gradients
Warning: Output tensor does not require gradients
Warning: Output tensor does not require gradients
Warning: Output tensor does not require gradients
Warning: Output tensor does not require gradients
Warning: Output tensor does not require gradients
Warning: Output tensor does not require gradients
Warning: Output tensor does not require gradients
Warning: Output tensor does not require gradients
Warning: Output tensor does not require gradients
Warning: Output tensor does not require gradients
Warning: Output tensor does not require gradients
Warning: Output tensor does not require gradients
Warning: Output tensor does not require gradients
Warning: Output tensor does not require gradients
Warning: Output tensor does not require gradients
Warning: Output tensor does not require gradients
Warning: Output tensor does not require gradients
Warning: Output tensor does not require gradients
Warning: Output tensor does not require gradients
Warning: Output tensor does not require gradients
Warning: Output tensor does not require gradients
Warning: Output tensor does not require gradients
Warning: Output tensor does not require gradients
Warning: Output tensor does not require gradients
Warning: Output tensor does not require gradients
Warning: Output tensor does not require gradients
Warning: Output tensor does not require gradients
Warning: Output tensor does not require gradients
Warning: Output tensor does not require gradients
Warning: Output tensor does not require gradients
Warning: Output tensor does not require gradients
Warning: Output tensor does not require gradients
Warning: Output tensor does not require gradients
Warning: Output tensor does not require gradients
Warning: Output tensor does not require gradients
Warning: Output tensor does not require gradients
Warning: Output tensor does not require gradients
Warning: Output tensor does not require gradients
Warning: Output tensor does not require gradients
Warning: Output tensor does not require gradients
Warning: Output tensor does not require gradients
Warning: Output tensor does not require gradients
Warning: Output tensor does not require gradients
Warning: Output tensor does not require gradients
Warning: Output tensor does not require gradients
Warning: Output tensor does not require gradients
Warning: Output tensor does not require gradients
Warning: Output tensor does not require gradients
Warning: Output tensor does not require gradients
Warning: Output tensor does not require gradients
Warning: Output tensor does not require gradients
Warning: Output tensor does not require gradients
Warning: Output tensor does not require gradients
Warning: Output tensor does not require gradients
Warning: Output tensor does not require gradients
Warning: Output tensor does not require gradients
Warning: Output tensor does not require gradients
Warning: Output tensor does not require gradients
Warning: Output tensor does not require gradients
Warning: Output tensor does not require gradients
Warning: Output tensor does not require gradients
Warning: Output tensor does not require gradients
Warning: Output tensor does not require gradients
Warning: Output tensor does not require gradients
Warning: Output tensor does not require gradients
Warning: Output tensor does not require gradients
Warning: Output tensor does not require gradients
Warning: Output tensor does not require gradients
Warning: Output tensor does not require gradients
Warning: Output tensor does not require gradients
Warning: Output tensor does not require gradients
Warning: Output tensor does not require gradients
Warning: Output tensor does not require gradients
Warning: Output tensor does not require gradients
Warning: Output tensor does not require gradients
Warning: Output tensor does not require gradients
Warning: Output tensor does not require gradients
Warning: Output tensor does not require gradients
Warning: Output tensor does not require gradients
Warning: Output tensor does not require gradients
Warning: Output tensor does not require gradients
Warning: Output tensor does not require gradients
Warning: Output tensor does not require gradients
Warning: Output tensor does not require gradients
Warning: Output tensor does not require gradients
Warning: Output tensor does not require gradients
Warning: Output tensor does not require gradients
Warning: Output tensor does not require gradients
Warning: Output tensor does not require gradients
Warning: Output tensor does not require gradients
Warning: Output tensor does not require gradients
Warning: Output tensor does not require gradients
Warning: Output tensor does not require gradients
Warning: Output tensor does not require gradients
Warning: Output tensor does not require gradients
Warning: Output tensor does not require gradients
Warning: Output tensor does not require gradients
Warning: Output tensor does not require gradients
Warning: Output tensor does not require gradients
Warning: Output tensor does not require gradients
Warning: Output tensor does not require gradients
Warning: Output tensor does not require gradients
Warning: Output tensor does not require gradients
Warning: Output tensor does not require gradients
Warning: Output tensor does not require gradients
Warning: Output tensor does not require gradients
Warning: Output tensor does not require gradients
Warning: Output tensor does not require gradients
Warning: Output tensor does not require gradients
Warning: Output tensor does not require gradients
Warning: Output tensor does not require gradients
Warning: Output tensor does not require gradients
Warning: Output tensor does not require gradients
Warning: Output tensor does not require gradients
Warning: Output tensor does not require gradients
Warning: Output tensor does not require gradients
Warning: Output tensor does not require gradients
Warning: Output tensor does not require gradients
Warning: Output tensor does not require gradients
Warning: Output tensor does not require gradients
Warning: Output tensor does not require gradients
Warning: Output tensor does not require gradients
Warning: Output tensor does not require gradients
Warning: Output tensor does not require gradients
Warning: Output tensor does not require gradients
Warning: Output tensor does not require gradients
Warning: Output tensor does not require gradients
Warning: Output tensor does not require gradients
Warning: Output tensor does not require gradients
Warning: Output tensor does not require gradients
Warning: Output tensor does not require gradients
Warning: Output tensor does not require gradients
Warning: Output tensor does not require gradients
Warning: Output tensor does not require gradients
Warning: Output tensor does not require gradients
Warning: Output tensor does not require gradients
Warning: Output tensor does not require gradients
Warning: Output tensor does not require gradients
Warning: Output tensor does not require gradients
Warning: Output tensor does not require gradients
Warning: Output tensor does not require gradients
Warning: Output tensor does not require gradients
Warning: Output tensor does not require gradients
Warning: Output tensor does not require gradients
Warning: Output tensor does not require gradients
Warning: Output tensor does not require gradients
Warning: Output tensor does not require gradients
Warning: Output tensor does not require gradients
Warning: Output tensor does not require gradients
Warning: Output tensor does not require gradients
Warning: Output tensor does not require gradients
Warning: Output tensor does not require gradients
Warning: Output tensor does not require gradients
Warning: Output tensor does not require gradients
Warning: Output tensor does not require gradients
Warning: Output tensor does not require gradients
Warning: Output tensor does not require gradients
Warning: Output tensor does not require gradients
Warning: Output tensor does not require gradients
Warning: Output tensor does not require gradients
Warning: Output tensor does not require gradients
Warning: Output tensor does not require gradients
Warning: Output tensor does not require gradients
Warning: Output tensor does not require gradients
Warning: Output tensor does not require gradients
Warning: Output tensor does not require gradients
Warning: Output tensor does not require gradients
Warning: Output tensor does not require gradients
Warning: Output tensor does not require gradients
Warning: Output tensor does not require gradients
Warning: Output tensor does not require gradients
Warning: Output tensor does not require gradients
Warning: Output tensor does not require gradients
Warning: Output tensor does not require gradients
Warning: Output tensor does not require gradients
Warning: Output tensor does not require gradients
Warning: Output tensor does not require gradients
Warning: Output tensor does not require gradients
Warning: Output tensor does not require gradients
Warning: Output tensor does not require gradients
Warning: Output tensor does not require gradients
Warning: Output tensor does not require gradients
Warning: Output tensor does not require gradients
Warning: Output tensor does not require gradients
Warning: Output tensor does not require gradients
Warning: Output tensor does not require gradients
Warning: Output tensor does not require gradients
Warning: Output tensor does not require gradients
Warning: Output tensor does not require gradients
Warning: Output tensor does not require gradients
Warning: Output tensor does not require gradients
Warning: Output tensor does not require gradients
Warning: Output tensor does not require gradients
Warning: Output tensor does not require gradients
Warning: Output tensor does not require gradients
Warning: Output tensor does not require gradients
Warning: Output tensor does not require gradients
Warning: Output tensor does not require gradients
Warning: Output tensor does not require gradients
Warning: Output tensor does not require gradients
Warning: Output tensor does not require gradients
Warning: Output tensor does not require gradients
Warning: Output tensor does not require gradients
Warning: Output tensor does not require gradients
Warning: Output tensor does not require gradients
Warning: Output tensor does not require gradients
Warning: Output tensor does not require gradients
Warning: Output tensor does not require gradients
Warning: Output tensor does not require gradients
Warning: Output tensor does not require gradients
Warning: Output tensor does not require gradients
Warning: Output tensor does not require gradients
Warning: Output tensor does not require gradients
Warning: Output tensor does not require gradients
Warning: Output tensor does not require gradients
Warning: Output tensor does not require gradients
Warning: Output tensor does not require gradients
Warning: Output tensor does not require gradients
Warning: Output tensor does not require gradients
Warning: Output tensor does not require gradients
Warning: Output tensor does not require gradients
Warning: Output tensor does not require gradients
Warning: Output tensor does not require gradients
Warning: Output tensor does not require gradients
Warning: Output tensor does not require gradients
Warning: Output tensor does not require gradients
Warning: Output tensor does not require gradients
Warning: Output tensor does not require gradients
Warning: Output tensor does not require gradients
Warning: Output tensor does not require gradients
Warning: Output tensor does not require gradients
Warning: Output tensor does not require gradients
Warning: Output tensor does not require gradients
Warning: Output tensor does not require gradients
Warning: Output tensor does not require gradients
Warning: Output tensor does not require gradients
Warning: Output tensor does not require gradients
Warning: Output tensor does not require gradients
Warning: Output tensor does not require gradients
Warning: Output tensor does not require gradients
Warning: Output tensor does not require gradients
Warning: Output tensor does not require gradients
Warning: Output tensor does not require gradients
Warning: Output tensor does not require gradients
Warning: Output tensor does not require gradients
Warning: Output tensor does not require gradients
Warning: Output tensor does not require gradients
Warning: Output tensor does not require gradients
Warning: Output tensor does not require gradients
Warning: Output tensor does not require gradients
Warning: Output tensor does not require gradients
Warning: Output tensor does not require gradients
Warning: Output tensor does not require gradients
Warning: Output tensor does not require gradients
Warning: Output tensor does not require gradients
Warning: Output tensor does not require gradients
Warning: Output tensor does not require gradients
Warning: Output tensor does not require gradients
Warning: Output tensor does not require gradients
Warning: Output tensor does not require gradients
Warning: Output tensor does not require gradients
Warning: Output tensor does not require gradients
Warning: Output tensor does not require gradients
Warning: Output tensor does not require gradients
Warning: Output tensor does not require gradients
Warning: Output tensor does not require gradients
Warning: Output tensor does not require gradients
Warning: Output tensor does not require gradients
Warning: Output tensor does not require gradients
Warning: Output tensor does not require gradients
Warning: Output tensor does not require gradients
Warning: Output tensor does not require gradients
Warning: Output tensor does not require gradients
Warning: Output tensor does not require gradients
Warning: Output tensor does not require gradients
Warning: Output tensor does not require gradients
Warning: Output tensor does not require gradients
Warning: Output tensor does not require gradients
Warning: Output tensor does not require gradients
Warning: Output tensor does not require gradients
Warning: Output tensor does not require gradients
Warning: Output tensor does not require gradients
Warning: Output tensor does not require gradients
Warning: Output tensor does not require gradients
Warning: Output tensor does not require gradients
Warning: Output tensor does not require gradients
Warning: Output tensor does not require gradients
Warning: Output tensor does not require gradients
Warning: Output tensor does not require gradients
Warning: Output tensor does not require gradients
Warning: Output tensor does not require gradients
Warning: Output tensor does not require gradients
Warning: Output tensor does not require gradients
Warning: Output tensor does not require gradients
Warning: Output tensor does not require gradients
Warning: Output tensor does not require gradients
Warning: Output tensor does not require gradients
Warning: Output tensor does not require gradients
Warning: Output tensor does not require gradients
Warning: Output tensor does not require gradients
Warning: Output tensor does not require gradients
Warning: Output tensor does not require gradients
Warning: Output tensor does not require gradients
Warning: Output tensor does not require gradients
Warning: Output tensor does not require gradients
Warning: Output tensor does not require gradients
Warning: Output tensor does not require gradients
Warning: Output tensor does not require gradients
Warning: Output tensor does not require gradients
Warning: Output tensor does not require gradients
Warning: Output tensor does not require gradients
Warning: Output tensor does not require gradients
Warning: Output tensor does not require gradients
Warning: Output tensor does not require gradients
Warning: Output tensor does not require gradients
Warning: Output tensor does not require gradients
Warning: Output tensor does not require gradients
Warning: Output tensor does not require gradients
Warning: Output tensor does not require gradients
Warning: Output tensor does not require gradients
Warning: Output tensor does not require gradients

Epoch 6/100 Summary:
Average Training Loss: 0.4991
Average Validation Loss: 0.4906
Best Validation Loss: 0.4840
Learning Rate: 0.000384
Epoch 7/100 | Batch 0/7324 | Loss: 0.4950 | LR: 0.000365
Epoch 7/100 | Batch 100/7324 | Loss: 0.5066 | LR: 0.000365
Epoch 7/100 | Batch 200/7324 | Loss: 0.4904 | LR: 0.000365
Epoch 7/100 | Batch 300/7324 | Loss: 0.4939 | LR: 0.000365
Epoch 7/100 | Batch 400/7324 | Loss: 0.4862 | LR: 0.000365
Epoch 7/100 | Batch 500/7324 | Loss: 0.5091 | LR: 0.000365
Epoch 7/100 | Batch 600/7324 | Loss: 0.4894 | LR: 0.000365
Epoch 7/100 | Batch 700/7324 | Loss: 0.4962 | LR: 0.000365
Epoch 7/100 | Batch 800/7324 | Loss: 0.4910 | LR: 0.000365
Epoch 7/100 | Batch 900/7324 | Loss: 0.4902 | LR: 0.000365
Epoch 7/100 | Batch 1000/7324 | Loss: 0.4888 | LR: 0.000365
Epoch 7/100 | Batch 1100/7324 | Loss: 0.4877 | LR: 0.000365
Epoch 7/100 | Batch 1200/7324 | Loss: 0.4871 | LR: 0.000365
Epoch 7/100 | Batch 1300/7324 | Loss: 0.4856 | LR: 0.000365
Epoch 7/100 | Batch 1400/7324 | Loss: 0.4863 | LR: 0.000365
Epoch 7/100 | Batch 1500/7324 | Loss: 0.4887 | LR: 0.000365
Epoch 7/100 | Batch 1600/7324 | Loss: 0.7111 | LR: 0.000365
Epoch 7/100 | Batch 1700/7324 | Loss: 0.4973 | LR: 0.000365
Epoch 7/100 | Batch 1800/7324 | Loss: 0.4906 | LR: 0.000365
Epoch 7/100 | Batch 1900/7324 | Loss: 0.5034 | LR: 0.000365
Epoch 7/100 | Batch 2000/7324 | Loss: 0.4967 | LR: 0.000365
Epoch 7/100 | Batch 2100/7324 | Loss: 0.4912 | LR: 0.000365
Epoch 7/100 | Batch 2200/7324 | Loss: 0.5096 | LR: 0.000365
Epoch 7/100 | Batch 2300/7324 | Loss: 0.5042 | LR: 0.000365
Epoch 7/100 | Batch 2400/7324 | Loss: 0.4920 | LR: 0.000364
Epoch 7/100 | Batch 2500/7324 | Loss: 0.5027 | LR: 0.000364
Epoch 7/100 | Batch 2600/7324 | Loss: 0.5177 | LR: 0.000364
Epoch 7/100 | Batch 2700/7324 | Loss: 0.4943 | LR: 0.000364
Epoch 7/100 | Batch 2800/7324 | Loss: 0.4918 | LR: 0.000364
Epoch 7/100 | Batch 2900/7324 | Loss: 0.4937 | LR: 0.000364
Epoch 7/100 | Batch 3000/7324 | Loss: 0.4876 | LR: 0.000364
Epoch 7/100 | Batch 3100/7324 | Loss: 0.4865 | LR: 0.000364
Epoch 7/100 | Batch 3200/7324 | Loss: 0.4863 | LR: 0.000364
Epoch 7/100 | Batch 3300/7324 | Loss: 0.4880 | LR: 0.000364
Epoch 7/100 | Batch 3400/7324 | Loss: 0.5007 | LR: 0.000364
Epoch 7/100 | Batch 3500/7324 | Loss: 0.5069 | LR: 0.000364
Epoch 7/100 | Batch 3600/7324 | Loss: 0.4890 | LR: 0.000364
Epoch 7/100 | Batch 3700/7324 | Loss: 0.4960 | LR: 0.000364
Epoch 7/100 | Batch 3800/7324 | Loss: 0.4938 | LR: 0.000364
Epoch 7/100 | Batch 3900/7324 | Loss: 0.4932 | LR: 0.000364
Epoch 7/100 | Batch 4000/7324 | Loss: 0.4945 | LR: 0.000364
Epoch 7/100 | Batch 4100/7324 | Loss: 0.4935 | LR: 0.000364
Epoch 7/100 | Batch 4200/7324 | Loss: 0.4966 | LR: 0.000364
Epoch 7/100 | Batch 4300/7324 | Loss: 0.4914 | LR: 0.000364
Epoch 7/100 | Batch 4400/7324 | Loss: 0.4904 | LR: 0.000364
Epoch 7/100 | Batch 4500/7324 | Loss: 0.4899 | LR: 0.000364
Epoch 7/100 | Batch 4600/7324 | Loss: 0.4891 | LR: 0.000364
Epoch 7/100 | Batch 4700/7324 | Loss: 0.5058 | LR: 0.000364
Epoch 7/100 | Batch 4800/7324 | Loss: 0.4922 | LR: 0.000364
Epoch 7/100 | Batch 4900/7324 | Loss: 0.4993 | LR: 0.000364
Epoch 7/100 | Batch 5000/7324 | Loss: 0.4958 | LR: 0.000364
Epoch 7/100 | Batch 5100/7324 | Loss: 0.4903 | LR: 0.000364
Epoch 7/100 | Batch 5200/7324 | Loss: 0.4996 | LR: 0.000364
Epoch 7/100 | Batch 5300/7324 | Loss: 0.5092 | LR: 0.000364
Epoch 7/100 | Batch 5400/7324 | Loss: 0.5064 | LR: 0.000364
Epoch 7/100 | Batch 5500/7324 | Loss: 0.4918 | LR: 0.000364
Epoch 7/100 | Batch 5600/7324 | Loss: 0.4982 | LR: 0.000364
Epoch 7/100 | Batch 5700/7324 | Loss: 0.4997 | LR: 0.000364
Epoch 7/100 | Batch 5800/7324 | Loss: 0.4925 | LR: 0.000364
Epoch 7/100 | Batch 5900/7324 | Loss: 0.5022 | LR: 0.000364
Epoch 7/100 | Batch 6000/7324 | Loss: 0.6063 | LR: 0.000364
Epoch 7/100 | Batch 6100/7324 | Loss: 0.4976 | LR: 0.000364
Epoch 7/100 | Batch 6200/7324 | Loss: 0.4911 | LR: 0.000364
Epoch 7/100 | Batch 6300/7324 | Loss: 0.5057 | LR: 0.000364
Epoch 7/100 | Batch 6400/7324 | Loss: 0.5331 | LR: 0.000364
Epoch 7/100 | Batch 6500/7324 | Loss: 0.4918 | LR: 0.000364
Epoch 7/100 | Batch 6600/7324 | Loss: 0.5045 | LR: 0.000364
Epoch 7/100 | Batch 6700/7324 | Loss: 0.5061 | LR: 0.000364
Epoch 7/100 | Batch 6800/7324 | Loss: 0.4924 | LR: 0.000364
Epoch 7/100 | Batch 6900/7324 | Loss: 0.5062 | LR: 0.000364
Epoch 7/100 | Batch 7000/7324 | Loss: 0.4971 | LR: 0.000364
Epoch 7/100 | Batch 7100/7324 | Loss: 0.4921 | LR: 0.000364
Epoch 7/100 | Batch 7200/7324 | Loss: 0.4909 | LR: 0.000364
Epoch 7/100 | Batch 7300/7324 | Loss: 0.4902 | LR: 0.000364
Warning: Output tensor does not require gradients
Warning: Output tensor does not require gradients
Warning: Output tensor does not require gradients
Warning: Output tensor does not require gradients
Warning: Output tensor does not require gradients
Warning: Output tensor does not require gradients
Warning: Output tensor does not require gradients
Warning: Output tensor does not require gradients
Warning: Output tensor does not require gradients
Warning: Output tensor does not require gradients
Warning: Output tensor does not require gradients
Warning: Output tensor does not require gradients
Warning: Output tensor does not require gradients
Warning: Output tensor does not require gradients
Warning: Output tensor does not require gradients
Warning: Output tensor does not require gradients
Warning: Output tensor does not require gradients
Warning: Output tensor does not require gradients
Warning: Output tensor does not require gradients
Warning: Output tensor does not require gradients
Warning: Output tensor does not require gradients
Warning: Output tensor does not require gradients
Warning: Output tensor does not require gradients
Warning: Output tensor does not require gradients
Warning: Output tensor does not require gradients
Warning: Output tensor does not require gradients
Warning: Output tensor does not require gradients
Warning: Output tensor does not require gradients
Warning: Output tensor does not require gradients
Warning: Output tensor does not require gradients
Warning: Output tensor does not require gradients
Warning: Output tensor does not require gradients
Warning: Output tensor does not require gradients
Warning: Output tensor does not require gradients
Warning: Output tensor does not require gradients
Warning: Output tensor does not require gradients
Warning: Output tensor does not require gradients
Warning: Output tensor does not require gradients
Warning: Output tensor does not require gradients
Warning: Output tensor does not require gradients
Warning: Output tensor does not require gradients
Warning: Output tensor does not require gradients
Warning: Output tensor does not require gradients
Warning: Output tensor does not require gradients
Warning: Output tensor does not require gradients
Warning: Output tensor does not require gradients
Warning: Output tensor does not require gradients
Warning: Output tensor does not require gradients
Warning: Output tensor does not require gradients
Warning: Output tensor does not require gradients
Warning: Output tensor does not require gradients
Warning: Output tensor does not require gradients
Warning: Output tensor does not require gradients
Warning: Output tensor does not require gradients
Warning: Output tensor does not require gradients
Warning: Output tensor does not require gradients
Warning: Output tensor does not require gradients
Warning: Output tensor does not require gradients
Warning: Output tensor does not require gradients
Warning: Output tensor does not require gradients
Warning: Output tensor does not require gradients
Warning: Output tensor does not require gradients
Warning: Output tensor does not require gradients
Warning: Output tensor does not require gradients
Warning: Output tensor does not require gradients
Warning: Output tensor does not require gradients
Warning: Output tensor does not require gradients
Warning: Output tensor does not require gradients
Warning: Output tensor does not require gradients
Warning: Output tensor does not require gradients
Warning: Output tensor does not require gradients
Warning: Output tensor does not require gradients
Warning: Output tensor does not require gradients
Warning: Output tensor does not require gradients
Warning: Output tensor does not require gradients
Warning: Output tensor does not require gradients
Warning: Output tensor does not require gradients
Warning: Output tensor does not require gradients
Warning: Output tensor does not require gradients
Warning: Output tensor does not require gradients
Warning: Output tensor does not require gradients
Warning: Output tensor does not require gradients
Warning: Output tensor does not require gradients
Warning: Output tensor does not require gradients
Warning: Output tensor does not require gradients
Warning: Output tensor does not require gradients
Warning: Output tensor does not require gradients
Warning: Output tensor does not require gradients
Warning: Output tensor does not require gradients
Warning: Output tensor does not require gradients
Warning: Output tensor does not require gradients
Warning: Output tensor does not require gradients
Warning: Output tensor does not require gradients
Warning: Output tensor does not require gradients
Warning: Output tensor does not require gradients
Warning: Output tensor does not require gradients
Warning: Output tensor does not require gradients
Warning: Output tensor does not require gradients
Warning: Output tensor does not require gradients
Warning: Output tensor does not require gradients
Warning: Output tensor does not require gradients
Warning: Output tensor does not require gradients
Warning: Output tensor does not require gradients
Warning: Output tensor does not require gradients
Warning: Output tensor does not require gradients
Warning: Output tensor does not require gradients
Warning: Output tensor does not require gradients
Warning: Output tensor does not require gradients
Warning: Output tensor does not require gradients
Warning: Output tensor does not require gradients
Warning: Output tensor does not require gradients
Warning: Output tensor does not require gradients
Warning: Output tensor does not require gradients
Warning: Output tensor does not require gradients
Warning: Output tensor does not require gradients
Warning: Output tensor does not require gradients
Warning: Output tensor does not require gradients
Warning: Output tensor does not require gradients
Warning: Output tensor does not require gradients
Warning: Output tensor does not require gradients
Warning: Output tensor does not require gradients
Warning: Output tensor does not require gradients
Warning: Output tensor does not require gradients
Warning: Output tensor does not require gradients
Warning: Output tensor does not require gradients
Warning: Output tensor does not require gradients
Warning: Output tensor does not require gradients
Warning: Output tensor does not require gradients
Warning: Output tensor does not require gradients
Warning: Output tensor does not require gradients
Warning: Output tensor does not require gradients
Warning: Output tensor does not require gradients
Warning: Output tensor does not require gradients
Warning: Output tensor does not require gradients
Warning: Output tensor does not require gradients
Warning: Output tensor does not require gradients
Warning: Output tensor does not require gradients
Warning: Output tensor does not require gradients
Warning: Output tensor does not require gradients
Warning: Output tensor does not require gradients
Warning: Output tensor does not require gradients
Warning: Output tensor does not require gradients
Warning: Output tensor does not require gradients
Warning: Output tensor does not require gradients
Warning: Output tensor does not require gradients
Warning: Output tensor does not require gradients
Warning: Output tensor does not require gradients
Warning: Output tensor does not require gradients
Warning: Output tensor does not require gradients
Warning: Output tensor does not require gradients
Warning: Output tensor does not require gradients
Warning: Output tensor does not require gradients
Warning: Output tensor does not require gradients
Warning: Output tensor does not require gradients
Warning: Output tensor does not require gradients
Warning: Output tensor does not require gradients
Warning: Output tensor does not require gradients
Warning: Output tensor does not require gradients
Warning: Output tensor does not require gradients
Warning: Output tensor does not require gradients
Warning: Output tensor does not require gradients
Warning: Output tensor does not require gradients
Warning: Output tensor does not require gradients
Warning: Output tensor does not require gradients
Warning: Output tensor does not require gradients
Warning: Output tensor does not require gradients
Warning: Output tensor does not require gradients
Warning: Output tensor does not require gradients
Warning: Output tensor does not require gradients
Warning: Output tensor does not require gradients
Warning: Output tensor does not require gradients
Warning: Output tensor does not require gradients
Warning: Output tensor does not require gradients
Warning: Output tensor does not require gradients
Warning: Output tensor does not require gradients
Warning: Output tensor does not require gradients
Warning: Output tensor does not require gradients
Warning: Output tensor does not require gradients
Warning: Output tensor does not require gradients
Warning: Output tensor does not require gradients
Warning: Output tensor does not require gradients
Warning: Output tensor does not require gradients
Warning: Output tensor does not require gradients
Warning: Output tensor does not require gradients
Warning: Output tensor does not require gradients
Warning: Output tensor does not require gradients
Warning: Output tensor does not require gradients
Warning: Output tensor does not require gradients
Warning: Output tensor does not require gradients
Warning: Output tensor does not require gradients
Warning: Output tensor does not require gradients
Warning: Output tensor does not require gradients
Warning: Output tensor does not require gradients
Warning: Output tensor does not require gradients
Warning: Output tensor does not require gradients
Warning: Output tensor does not require gradients
Warning: Output tensor does not require gradients
Warning: Output tensor does not require gradients
Warning: Output tensor does not require gradients
Warning: Output tensor does not require gradients
Warning: Output tensor does not require gradients
Warning: Output tensor does not require gradients
Warning: Output tensor does not require gradients
Warning: Output tensor does not require gradients
Warning: Output tensor does not require gradients
Warning: Output tensor does not require gradients
Warning: Output tensor does not require gradients
Warning: Output tensor does not require gradients
Warning: Output tensor does not require gradients
Warning: Output tensor does not require gradients
Warning: Output tensor does not require gradients
Warning: Output tensor does not require gradients
Warning: Output tensor does not require gradients
Warning: Output tensor does not require gradients
Warning: Output tensor does not require gradients
Warning: Output tensor does not require gradients
Warning: Output tensor does not require gradients
Warning: Output tensor does not require gradients
Warning: Output tensor does not require gradients
Warning: Output tensor does not require gradients
Warning: Output tensor does not require gradients
Warning: Output tensor does not require gradients
Warning: Output tensor does not require gradients
Warning: Output tensor does not require gradients
Warning: Output tensor does not require gradients
Warning: Output tensor does not require gradients
Warning: Output tensor does not require gradients
Warning: Output tensor does not require gradients
Warning: Output tensor does not require gradients
Warning: Output tensor does not require gradients
Warning: Output tensor does not require gradients
Warning: Output tensor does not require gradients
Warning: Output tensor does not require gradients
Warning: Output tensor does not require gradients
Warning: Output tensor does not require gradients
Warning: Output tensor does not require gradients
Warning: Output tensor does not require gradients
Warning: Output tensor does not require gradients
Warning: Output tensor does not require gradients
Warning: Output tensor does not require gradients
Warning: Output tensor does not require gradients
Warning: Output tensor does not require gradients
Warning: Output tensor does not require gradients
Warning: Output tensor does not require gradients
Warning: Output tensor does not require gradients
Warning: Output tensor does not require gradients
Warning: Output tensor does not require gradients
Warning: Output tensor does not require gradients
Warning: Output tensor does not require gradients
Warning: Output tensor does not require gradients
Warning: Output tensor does not require gradients
Warning: Output tensor does not require gradients
Warning: Output tensor does not require gradients
Warning: Output tensor does not require gradients
Warning: Output tensor does not require gradients
Warning: Output tensor does not require gradients
Warning: Output tensor does not require gradients
Warning: Output tensor does not require gradients
Warning: Output tensor does not require gradients
Warning: Output tensor does not require gradients
Warning: Output tensor does not require gradients
Warning: Output tensor does not require gradients
Warning: Output tensor does not require gradients
Warning: Output tensor does not require gradients
Warning: Output tensor does not require gradients
Warning: Output tensor does not require gradients
Warning: Output tensor does not require gradients
Warning: Output tensor does not require gradients
Warning: Output tensor does not require gradients
Warning: Output tensor does not require gradients
Warning: Output tensor does not require gradients
Warning: Output tensor does not require gradients
Warning: Output tensor does not require gradients
Warning: Output tensor does not require gradients
Warning: Output tensor does not require gradients
Warning: Output tensor does not require gradients
Warning: Output tensor does not require gradients
Warning: Output tensor does not require gradients
Warning: Output tensor does not require gradients
Warning: Output tensor does not require gradients
Warning: Output tensor does not require gradients
Warning: Output tensor does not require gradients
Warning: Output tensor does not require gradients
Warning: Output tensor does not require gradients
Warning: Output tensor does not require gradients
Warning: Output tensor does not require gradients
Warning: Output tensor does not require gradients
Warning: Output tensor does not require gradients
Warning: Output tensor does not require gradients
Warning: Output tensor does not require gradients
Warning: Output tensor does not require gradients
Warning: Output tensor does not require gradients
Warning: Output tensor does not require gradients
Warning: Output tensor does not require gradients
Warning: Output tensor does not require gradients
Warning: Output tensor does not require gradients
Warning: Output tensor does not require gradients
Warning: Output tensor does not require gradients
Warning: Output tensor does not require gradients
Warning: Output tensor does not require gradients
Warning: Output tensor does not require gradients
Warning: Output tensor does not require gradients
Warning: Output tensor does not require gradients
Warning: Output tensor does not require gradients
Warning: Output tensor does not require gradients
Warning: Output tensor does not require gradients
Warning: Output tensor does not require gradients
Warning: Output tensor does not require gradients
Warning: Output tensor does not require gradients
Warning: Output tensor does not require gradients
Warning: Output tensor does not require gradients
Warning: Output tensor does not require gradients
Warning: Output tensor does not require gradients
Warning: Output tensor does not require gradients
Warning: Output tensor does not require gradients
Warning: Output tensor does not require gradients
Warning: Output tensor does not require gradients
Warning: Output tensor does not require gradients
Warning: Output tensor does not require gradients
Warning: Output tensor does not require gradients
Warning: Output tensor does not require gradients
Warning: Output tensor does not require gradients
Warning: Output tensor does not require gradients
Warning: Output tensor does not require gradients
Warning: Output tensor does not require gradients
Warning: Output tensor does not require gradients
Warning: Output tensor does not require gradients
Warning: Output tensor does not require gradients
Warning: Output tensor does not require gradients
Warning: Output tensor does not require gradients
Warning: Output tensor does not require gradients
Warning: Output tensor does not require gradients
Warning: Output tensor does not require gradients
Warning: Output tensor does not require gradients
Warning: Output tensor does not require gradients
Warning: Output tensor does not require gradients
Warning: Output tensor does not require gradients
Warning: Output tensor does not require gradients
Warning: Output tensor does not require gradients
Warning: Output tensor does not require gradients
Warning: Output tensor does not require gradients
Warning: Output tensor does not require gradients
Warning: Output tensor does not require gradients
Warning: Output tensor does not require gradients
Warning: Output tensor does not require gradients
Warning: Output tensor does not require gradients
Warning: Output tensor does not require gradients
Warning: Output tensor does not require gradients
Warning: Output tensor does not require gradients
Warning: Output tensor does not require gradients
Warning: Output tensor does not require gradients
Warning: Output tensor does not require gradients
Warning: Output tensor does not require gradients
Warning: Output tensor does not require gradients
Warning: Output tensor does not require gradients
Warning: Output tensor does not require gradients
Warning: Output tensor does not require gradients
Warning: Output tensor does not require gradients
Warning: Output tensor does not require gradients
Warning: Output tensor does not require gradients
Warning: Output tensor does not require gradients
Warning: Output tensor does not require gradients
Warning: Output tensor does not require gradients
Warning: Output tensor does not require gradients
Warning: Output tensor does not require gradients
Warning: Output tensor does not require gradients
Warning: Output tensor does not require gradients
Warning: Output tensor does not require gradients
Warning: Output tensor does not require gradients
Warning: Output tensor does not require gradients
Warning: Output tensor does not require gradients
Warning: Output tensor does not require gradients
Warning: Output tensor does not require gradients
Warning: Output tensor does not require gradients
Warning: Output tensor does not require gradients
Warning: Output tensor does not require gradients
Warning: Output tensor does not require gradients
Warning: Output tensor does not require gradients
Warning: Output tensor does not require gradients
Warning: Output tensor does not require gradients
Warning: Output tensor does not require gradients
Warning: Output tensor does not require gradients
Warning: Output tensor does not require gradients
Warning: Output tensor does not require gradients
Warning: Output tensor does not require gradients
Warning: Output tensor does not require gradients
Warning: Output tensor does not require gradients
Warning: Output tensor does not require gradients
Warning: Output tensor does not require gradients
Warning: Output tensor does not require gradients
Warning: Output tensor does not require gradients
Warning: Output tensor does not require gradients
Warning: Output tensor does not require gradients
Warning: Output tensor does not require gradients
Warning: Output tensor does not require gradients
Warning: Output tensor does not require gradients
Warning: Output tensor does not require gradients
Warning: Output tensor does not require gradients
Warning: Output tensor does not require gradients
Warning: Output tensor does not require gradients
Warning: Output tensor does not require gradients
Warning: Output tensor does not require gradients
Warning: Output tensor does not require gradients
Warning: Output tensor does not require gradients
Warning: Output tensor does not require gradients
Warning: Output tensor does not require gradients
Warning: Output tensor does not require gradients
Warning: Output tensor does not require gradients
Warning: Output tensor does not require gradients
Warning: Output tensor does not require gradients
Warning: Output tensor does not require gradients
Warning: Output tensor does not require gradients
Warning: Output tensor does not require gradients
Warning: Output tensor does not require gradients
Warning: Output tensor does not require gradients
Warning: Output tensor does not require gradients
Warning: Output tensor does not require gradients
Warning: Output tensor does not require gradients
Warning: Output tensor does not require gradients
Warning: Output tensor does not require gradients
Warning: Output tensor does not require gradients
Warning: Output tensor does not require gradients
Warning: Output tensor does not require gradients
Warning: Output tensor does not require gradients
Warning: Output tensor does not require gradients
Warning: Output tensor does not require gradients
Warning: Output tensor does not require gradients
Warning: Output tensor does not require gradients
Warning: Output tensor does not require gradients
Warning: Output tensor does not require gradients
Warning: Output tensor does not require gradients
Warning: Output tensor does not require gradients
Warning: Output tensor does not require gradients
Warning: Output tensor does not require gradients
Warning: Output tensor does not require gradients
Warning: Output tensor does not require gradients
Warning: Output tensor does not require gradients
Warning: Output tensor does not require gradients
Warning: Output tensor does not require gradients
Warning: Output tensor does not require gradients
Warning: Output tensor does not require gradients
Warning: Output tensor does not require gradients
Warning: Output tensor does not require gradients
Warning: Output tensor does not require gradients
Warning: Output tensor does not require gradients
Warning: Output tensor does not require gradients
Warning: Output tensor does not require gradients
Warning: Output tensor does not require gradients
Warning: Output tensor does not require gradients
Warning: Output tensor does not require gradients
Warning: Output tensor does not require gradients
Warning: Output tensor does not require gradients
Warning: Output tensor does not require gradients
Warning: Output tensor does not require gradients
Warning: Output tensor does not require gradients
Warning: Output tensor does not require gradients
Warning: Output tensor does not require gradients
Warning: Output tensor does not require gradients
Warning: Output tensor does not require gradients
Warning: Output tensor does not require gradients
Warning: Output tensor does not require gradients
Warning: Output tensor does not require gradients
Warning: Output tensor does not require gradients
Warning: Output tensor does not require gradients
Warning: Output tensor does not require gradients
Warning: Output tensor does not require gradients
Warning: Output tensor does not require gradients
Warning: Output tensor does not require gradients
Warning: Output tensor does not require gradients
Warning: Output tensor does not require gradients
Warning: Output tensor does not require gradients
Warning: Output tensor does not require gradients
Warning: Output tensor does not require gradients
Warning: Output tensor does not require gradients
Warning: Output tensor does not require gradients
Warning: Output tensor does not require gradients
Warning: Output tensor does not require gradients
Warning: Output tensor does not require gradients
Warning: Output tensor does not require gradients
Warning: Output tensor does not require gradients
Warning: Output tensor does not require gradients
Warning: Output tensor does not require gradients
Warning: Output tensor does not require gradients
Warning: Output tensor does not require gradients
Warning: Output tensor does not require gradients
Warning: Output tensor does not require gradients
Warning: Output tensor does not require gradients
Warning: Output tensor does not require gradients
Warning: Output tensor does not require gradients
Warning: Output tensor does not require gradients
Warning: Output tensor does not require gradients
Warning: Output tensor does not require gradients
Warning: Output tensor does not require gradients
Warning: Output tensor does not require gradients
Warning: Output tensor does not require gradients
Warning: Output tensor does not require gradients
Warning: Output tensor does not require gradients
Warning: Output tensor does not require gradients
Warning: Output tensor does not require gradients
Warning: Output tensor does not require gradients
Warning: Output tensor does not require gradients
Warning: Output tensor does not require gradients
Warning: Output tensor does not require gradients
Warning: Output tensor does not require gradients
Warning: Output tensor does not require gradients
Warning: Output tensor does not require gradients
Warning: Output tensor does not require gradients
Warning: Output tensor does not require gradients
Warning: Output tensor does not require gradients
Warning: Output tensor does not require gradients
Warning: Output tensor does not require gradients
Warning: Output tensor does not require gradients
Warning: Output tensor does not require gradients
Warning: Output tensor does not require gradients
Warning: Output tensor does not require gradients
Warning: Output tensor does not require gradients
Warning: Output tensor does not require gradients
Warning: Output tensor does not require gradients
Warning: Output tensor does not require gradients
Warning: Output tensor does not require gradients
Warning: Output tensor does not require gradients
Warning: Output tensor does not require gradients
Warning: Output tensor does not require gradients
Warning: Output tensor does not require gradients
Warning: Output tensor does not require gradients
Warning: Output tensor does not require gradients
Warning: Output tensor does not require gradients
Warning: Output tensor does not require gradients
Warning: Output tensor does not require gradients
Warning: Output tensor does not require gradients
Warning: Output tensor does not require gradients
Warning: Output tensor does not require gradients
Warning: Output tensor does not require gradients
Warning: Output tensor does not require gradients
Warning: Output tensor does not require gradients
Warning: Output tensor does not require gradients
Warning: Output tensor does not require gradients
Warning: Output tensor does not require gradients
Warning: Output tensor does not require gradients
Warning: Output tensor does not require gradients
Warning: Output tensor does not require gradients
Warning: Output tensor does not require gradients
Warning: Output tensor does not require gradients
Warning: Output tensor does not require gradients
Warning: Output tensor does not require gradients
Warning: Output tensor does not require gradients
Warning: Output tensor does not require gradients
Warning: Output tensor does not require gradients
Warning: Output tensor does not require gradients
Warning: Output tensor does not require gradients
Warning: Output tensor does not require gradients
Warning: Output tensor does not require gradients
Warning: Output tensor does not require gradients
Warning: Output tensor does not require gradients
Warning: Output tensor does not require gradients
Warning: Output tensor does not require gradients
Warning: Output tensor does not require gradients
Warning: Output tensor does not require gradients
Warning: Output tensor does not require gradients
Warning: Output tensor does not require gradients
Warning: Output tensor does not require gradients
Warning: Output tensor does not require gradients
Warning: Output tensor does not require gradients
Warning: Output tensor does not require gradients
Warning: Output tensor does not require gradients
Warning: Output tensor does not require gradients
Warning: Output tensor does not require gradients
Warning: Output tensor does not require gradients
Warning: Output tensor does not require gradients
Warning: Output tensor does not require gradients
Warning: Output tensor does not require gradients
Warning: Output tensor does not require gradients
Warning: Output tensor does not require gradients
Warning: Output tensor does not require gradients
Warning: Output tensor does not require gradients
Warning: Output tensor does not require gradients
Warning: Output tensor does not require gradients
Warning: Output tensor does not require gradients
Warning: Output tensor does not require gradients
Warning: Output tensor does not require gradients
Warning: Output tensor does not require gradients
Warning: Output tensor does not require gradients
Warning: Output tensor does not require gradients
Warning: Output tensor does not require gradients
Warning: Output tensor does not require gradients
Warning: Output tensor does not require gradients
Warning: Output tensor does not require gradients
Warning: Output tensor does not require gradients
Warning: Output tensor does not require gradients
Warning: Output tensor does not require gradients
Warning: Output tensor does not require gradients
Warning: Output tensor does not require gradients
Warning: Output tensor does not require gradients
Warning: Output tensor does not require gradients
Warning: Output tensor does not require gradients
Warning: Output tensor does not require gradients
Warning: Output tensor does not require gradients
Warning: Output tensor does not require gradients
Warning: Output tensor does not require gradients
Warning: Output tensor does not require gradients
Warning: Output tensor does not require gradients
Warning: Output tensor does not require gradients
Warning: Output tensor does not require gradients
Warning: Output tensor does not require gradients
Warning: Output tensor does not require gradients
Warning: Output tensor does not require gradients
Warning: Output tensor does not require gradients
Warning: Output tensor does not require gradients
Warning: Output tensor does not require gradients
Warning: Output tensor does not require gradients
Warning: Output tensor does not require gradients
Warning: Output tensor does not require gradients
Warning: Output tensor does not require gradients
Warning: Output tensor does not require gradients
Warning: Output tensor does not require gradients
Warning: Output tensor does not require gradients
Warning: Output tensor does not require gradients
Warning: Output tensor does not require gradients
Warning: Output tensor does not require gradients
Warning: Output tensor does not require gradients
Warning: Output tensor does not require gradients
Warning: Output tensor does not require gradients
Warning: Output tensor does not require gradients
Warning: Output tensor does not require gradients
Warning: Output tensor does not require gradients
Warning: Output tensor does not require gradients
Warning: Output tensor does not require gradients
Warning: Output tensor does not require gradients
Warning: Output tensor does not require gradients
Warning: Output tensor does not require gradients
Warning: Output tensor does not require gradients
Warning: Output tensor does not require gradients
Warning: Output tensor does not require gradients
Warning: Output tensor does not require gradients
Warning: Output tensor does not require gradients
Warning: Output tensor does not require gradients
Warning: Output tensor does not require gradients
Warning: Output tensor does not require gradients
Warning: Output tensor does not require gradients
Warning: Output tensor does not require gradients
Warning: Output tensor does not require gradients
Warning: Output tensor does not require gradients
Warning: Output tensor does not require gradients
Warning: Output tensor does not require gradients
Warning: Output tensor does not require gradients
Warning: Output tensor does not require gradients
Warning: Output tensor does not require gradients
Warning: Output tensor does not require gradients
Warning: Output tensor does not require gradients
Warning: Output tensor does not require gradients
Warning: Output tensor does not require gradients
Warning: Output tensor does not require gradients
Warning: Output tensor does not require gradients
Warning: Output tensor does not require gradients
Warning: Output tensor does not require gradients
Warning: Output tensor does not require gradients
Warning: Output tensor does not require gradients
Warning: Output tensor does not require gradients
Warning: Output tensor does not require gradients
Warning: Output tensor does not require gradients
Warning: Output tensor does not require gradients
Warning: Output tensor does not require gradients
Warning: Output tensor does not require gradients
Warning: Output tensor does not require gradients
Warning: Output tensor does not require gradients
Warning: Output tensor does not require gradients
Warning: Output tensor does not require gradients
Warning: Output tensor does not require gradients
Warning: Output tensor does not require gradients
Warning: Output tensor does not require gradients
Warning: Output tensor does not require gradients
Warning: Output tensor does not require gradients
Warning: Output tensor does not require gradients
Warning: Output tensor does not require gradients
Warning: Output tensor does not require gradients
Warning: Output tensor does not require gradients
Warning: Output tensor does not require gradients
Warning: Output tensor does not require gradients
Warning: Output tensor does not require gradients
Warning: Output tensor does not require gradients
Warning: Output tensor does not require gradients
Warning: Output tensor does not require gradients
Warning: Output tensor does not require gradients
Warning: Output tensor does not require gradients
Warning: Output tensor does not require gradients
Warning: Output tensor does not require gradients
Warning: Output tensor does not require gradients
Warning: Output tensor does not require gradients
Warning: Output tensor does not require gradients
Warning: Output tensor does not require gradients
Warning: Output tensor does not require gradients
Warning: Output tensor does not require gradients
Warning: Output tensor does not require gradients
Warning: Output tensor does not require gradients
Warning: Output tensor does not require gradients
Warning: Output tensor does not require gradients
Warning: Output tensor does not require gradients
Warning: Output tensor does not require gradients
Warning: Output tensor does not require gradients
Warning: Output tensor does not require gradients
Warning: Output tensor does not require gradients
Warning: Output tensor does not require gradients
Warning: Output tensor does not require gradients
Warning: Output tensor does not require gradients
Warning: Output tensor does not require gradients
Warning: Output tensor does not require gradients
Warning: Output tensor does not require gradients
Warning: Output tensor does not require gradients
Warning: Output tensor does not require gradients
Warning: Output tensor does not require gradients
Warning: Output tensor does not require gradients
Warning: Output tensor does not require gradients
Warning: Output tensor does not require gradients
Warning: Output tensor does not require gradients
Warning: Output tensor does not require gradients
Warning: Output tensor does not require gradients
Warning: Output tensor does not require gradients
Warning: Output tensor does not require gradients
Warning: Output tensor does not require gradients
Warning: Output tensor does not require gradients
Warning: Output tensor does not require gradients
Warning: Output tensor does not require gradients
Warning: Output tensor does not require gradients
Warning: Output tensor does not require gradients
Warning: Output tensor does not require gradients
Warning: Output tensor does not require gradients
Warning: Output tensor does not require gradients
Warning: Output tensor does not require gradients
Warning: Output tensor does not require gradients
Warning: Output tensor does not require gradients
Warning: Output tensor does not require gradients
Warning: Output tensor does not require gradients
Warning: Output tensor does not require gradients
Warning: Output tensor does not require gradients
Warning: Output tensor does not require gradients
Warning: Output tensor does not require gradients
Warning: Output tensor does not require gradients
Warning: Output tensor does not require gradients
Warning: Output tensor does not require gradients
Warning: Output tensor does not require gradients
Warning: Output tensor does not require gradients
Warning: Output tensor does not require gradients
Warning: Output tensor does not require gradients
Warning: Output tensor does not require gradients
Warning: Output tensor does not require gradients
Warning: Output tensor does not require gradients
Warning: Output tensor does not require gradients
Warning: Output tensor does not require gradients
Warning: Output tensor does not require gradients
Warning: Output tensor does not require gradients
Warning: Output tensor does not require gradients
Warning: Output tensor does not require gradients
Warning: Output tensor does not require gradients
Warning: Output tensor does not require gradients
Warning: Output tensor does not require gradients
Warning: Output tensor does not require gradients
Warning: Output tensor does not require gradients
Warning: Output tensor does not require gradients
Warning: Output tensor does not require gradients
Warning: Output tensor does not require gradients
Warning: Output tensor does not require gradients
Warning: Output tensor does not require gradients
Warning: Output tensor does not require gradients
Warning: Output tensor does not require gradients
Warning: Output tensor does not require gradients
Warning: Output tensor does not require gradients
Warning: Output tensor does not require gradients
Warning: Output tensor does not require gradients
Warning: Output tensor does not require gradients
Warning: Output tensor does not require gradients
Warning: Output tensor does not require gradients
Warning: Output tensor does not require gradients
Warning: Output tensor does not require gradients
Warning: Output tensor does not require gradients
Warning: Output tensor does not require gradients
Warning: Output tensor does not require gradients
Warning: Output tensor does not require gradients
Warning: Output tensor does not require gradients
Warning: Output tensor does not require gradients
Warning: Output tensor does not require gradients
Warning: Output tensor does not require gradients
Warning: Output tensor does not require gradients
Warning: Output tensor does not require gradients
Warning: Output tensor does not require gradients
Warning: Output tensor does not require gradients
Warning: Output tensor does not require gradients
Warning: Output tensor does not require gradients
Warning: Output tensor does not require gradients
Warning: Output tensor does not require gradients
Warning: Output tensor does not require gradients
Warning: Output tensor does not require gradients
Warning: Output tensor does not require gradients
Warning: Output tensor does not require gradients
Warning: Output tensor does not require gradients
Warning: Output tensor does not require gradients
Warning: Output tensor does not require gradients
Warning: Output tensor does not require gradients
Warning: Output tensor does not require gradients
Warning: Output tensor does not require gradients
Warning: Output tensor does not require gradients
Warning: Output tensor does not require gradients
Warning: Output tensor does not require gradients
Warning: Output tensor does not require gradients
Warning: Output tensor does not require gradients
Warning: Output tensor does not require gradients
Warning: Output tensor does not require gradients
Warning: Output tensor does not require gradients
Warning: Output tensor does not require gradients
Warning: Output tensor does not require gradients
Warning: Output tensor does not require gradients
Warning: Output tensor does not require gradients
Warning: Output tensor does not require gradients
Warning: Output tensor does not require gradients

Epoch 7/100 Summary:
Average Training Loss: 0.4986
Average Validation Loss: 0.4855
Best Validation Loss: 0.4840
Learning Rate: 0.000364
Epoch 8/100 | Batch 0/7324 | Loss: 0.4913 | LR: 0.000346
Epoch 8/100 | Batch 100/7324 | Loss: 0.6296 | LR: 0.000346
Epoch 8/100 | Batch 200/7324 | Loss: 0.4942 | LR: 0.000346
Epoch 8/100 | Batch 300/7324 | Loss: 0.4973 | LR: 0.000346
Epoch 8/100 | Batch 400/7324 | Loss: 0.5112 | LR: 0.000345
Epoch 8/100 | Batch 500/7324 | Loss: 0.4944 | LR: 0.000345
Epoch 8/100 | Batch 600/7324 | Loss: 0.4947 | LR: 0.000345
Epoch 8/100 | Batch 700/7324 | Loss: 0.5031 | LR: 0.000345
Epoch 8/100 | Batch 800/7324 | Loss: 0.5014 | LR: 0.000345
Epoch 8/100 | Batch 900/7324 | Loss: 0.4917 | LR: 0.000345
Epoch 8/100 | Batch 1000/7324 | Loss: 0.4915 | LR: 0.000345
Epoch 8/100 | Batch 1100/7324 | Loss: 0.4913 | LR: 0.000345
Epoch 8/100 | Batch 1200/7324 | Loss: 0.4933 | LR: 0.000345
Epoch 8/100 | Batch 1300/7324 | Loss: 0.4879 | LR: 0.000345
Epoch 8/100 | Batch 1400/7324 | Loss: 0.4884 | LR: 0.000345
Epoch 8/100 | Batch 1500/7324 | Loss: 0.4906 | LR: 0.000345
Epoch 8/100 | Batch 1600/7324 | Loss: 0.4866 | LR: 0.000345
Epoch 8/100 | Batch 1700/7324 | Loss: 0.4871 | LR: 0.000345
Epoch 8/100 | Batch 1800/7324 | Loss: 0.4872 | LR: 0.000345
Epoch 8/100 | Batch 1900/7324 | Loss: 0.4857 | LR: 0.000345
Epoch 8/100 | Batch 2000/7324 | Loss: 0.4868 | LR: 0.000345
Epoch 8/100 | Batch 2100/7324 | Loss: 0.6020 | LR: 0.000345
Epoch 8/100 | Batch 2200/7324 | Loss: 0.4988 | LR: 0.000345
Epoch 8/100 | Batch 2300/7324 | Loss: 0.4945 | LR: 0.000345
Epoch 8/100 | Batch 2400/7324 | Loss: 0.4918 | LR: 0.000345
Epoch 8/100 | Batch 2500/7324 | Loss: 0.4912 | LR: 0.000345
Epoch 8/100 | Batch 2600/7324 | Loss: 0.4993 | LR: 0.000345
Epoch 8/100 | Batch 2700/7324 | Loss: 0.4987 | LR: 0.000345
Epoch 8/100 | Batch 2800/7324 | Loss: 0.4939 | LR: 0.000345
Epoch 8/100 | Batch 2900/7324 | Loss: 0.4946 | LR: 0.000345
Epoch 8/100 | Batch 3000/7324 | Loss: 0.4927 | LR: 0.000345
Epoch 8/100 | Batch 3100/7324 | Loss: 0.4926 | LR: 0.000345
Epoch 8/100 | Batch 3200/7324 | Loss: 0.5084 | LR: 0.000345
Epoch 8/100 | Batch 3300/7324 | Loss: 0.5077 | LR: 0.000345
Epoch 8/100 | Batch 3400/7324 | Loss: 0.5031 | LR: 0.000345
Epoch 8/100 | Batch 3500/7324 | Loss: 0.4915 | LR: 0.000345
Epoch 8/100 | Batch 3600/7324 | Loss: 0.4975 | LR: 0.000345
Epoch 8/100 | Batch 3700/7324 | Loss: 0.5046 | LR: 0.000345
Epoch 8/100 | Batch 3800/7324 | Loss: 0.4943 | LR: 0.000345
Epoch 8/100 | Batch 3900/7324 | Loss: 0.4930 | LR: 0.000345
Epoch 8/100 | Batch 4000/7324 | Loss: 0.4984 | LR: 0.000345
Epoch 8/100 | Batch 4100/7324 | Loss: 0.4962 | LR: 0.000345
Epoch 8/100 | Batch 4200/7324 | Loss: 0.4899 | LR: 0.000345
Epoch 8/100 | Batch 4300/7324 | Loss: 0.5121 | LR: 0.000345
Epoch 8/100 | Batch 4400/7324 | Loss: 0.4898 | LR: 0.000345
Epoch 8/100 | Batch 4500/7324 | Loss: 0.4910 | LR: 0.000345
Epoch 8/100 | Batch 4600/7324 | Loss: 0.4891 | LR: 0.000345
Epoch 8/100 | Batch 4700/7324 | Loss: 0.4879 | LR: 0.000345
Epoch 8/100 | Batch 4800/7324 | Loss: 0.4889 | LR: 0.000345
Epoch 8/100 | Batch 4900/7324 | Loss: 0.4863 | LR: 0.000345
Epoch 8/100 | Batch 5000/7324 | Loss: 0.4859 | LR: 0.000345
Epoch 8/100 | Batch 5100/7324 | Loss: 0.5126 | LR: 0.000345
Epoch 8/100 | Batch 5200/7324 | Loss: 0.4914 | LR: 0.000345
Epoch 8/100 | Batch 5300/7324 | Loss: 0.4977 | LR: 0.000345
Epoch 8/100 | Batch 5400/7324 | Loss: 0.4970 | LR: 0.000345
Epoch 8/100 | Batch 5500/7324 | Loss: 0.4917 | LR: 0.000345
Epoch 8/100 | Batch 5600/7324 | Loss: 0.4990 | LR: 0.000345
Epoch 8/100 | Batch 5700/7324 | Loss: 0.4916 | LR: 0.000345
Epoch 8/100 | Batch 5800/7324 | Loss: 0.4913 | LR: 0.000345
Epoch 8/100 | Batch 5900/7324 | Loss: 0.4914 | LR: 0.000345
Epoch 8/100 | Batch 6000/7324 | Loss: 0.4909 | LR: 0.000345
Epoch 8/100 | Batch 6100/7324 | Loss: 0.6090 | LR: 0.000345
Epoch 8/100 | Batch 6200/7324 | Loss: 0.5018 | LR: 0.000345
Epoch 8/100 | Batch 6300/7324 | Loss: 0.4917 | LR: 0.000345
Epoch 8/100 | Batch 6400/7324 | Loss: 0.4981 | LR: 0.000345
Epoch 8/100 | Batch 6500/7324 | Loss: 0.5045 | LR: 0.000344
Epoch 8/100 | Batch 6600/7324 | Loss: 0.4986 | LR: 0.000344
Epoch 8/100 | Batch 6700/7324 | Loss: 0.4908 | LR: 0.000344
Epoch 8/100 | Batch 6800/7324 | Loss: 0.4957 | LR: 0.000344
Epoch 8/100 | Batch 6900/7324 | Loss: 0.5051 | LR: 0.000344
Epoch 8/100 | Batch 7000/7324 | Loss: 0.4930 | LR: 0.000344
Epoch 8/100 | Batch 7100/7324 | Loss: 0.4968 | LR: 0.000344
Epoch 8/100 | Batch 7200/7324 | Loss: 0.4994 | LR: 0.000344
Epoch 8/100 | Batch 7300/7324 | Loss: 0.4969 | LR: 0.000344
Warning: Output tensor does not require gradients
Warning: Output tensor does not require gradients
Warning: Output tensor does not require gradients
Warning: Output tensor does not require gradients
Warning: Output tensor does not require gradients
Warning: Output tensor does not require gradients
Warning: Output tensor does not require gradients
Warning: Output tensor does not require gradients
Warning: Output tensor does not require gradients
Warning: Output tensor does not require gradients
Warning: Output tensor does not require gradients
Warning: Output tensor does not require gradients
Warning: Output tensor does not require gradients
Warning: Output tensor does not require gradients
Warning: Output tensor does not require gradients
Warning: Output tensor does not require gradients
Warning: Output tensor does not require gradients
Warning: Output tensor does not require gradients
Warning: Output tensor does not require gradients
Warning: Output tensor does not require gradients
Warning: Output tensor does not require gradients
Warning: Output tensor does not require gradients
Warning: Output tensor does not require gradients
Warning: Output tensor does not require gradients
Warning: Output tensor does not require gradients
Warning: Output tensor does not require gradients
Warning: Output tensor does not require gradients
Warning: Output tensor does not require gradients
Warning: Output tensor does not require gradients
Warning: Output tensor does not require gradients
Warning: Output tensor does not require gradients
Warning: Output tensor does not require gradients
Warning: Output tensor does not require gradients
Warning: Output tensor does not require gradients
Warning: Output tensor does not require gradients
Warning: Output tensor does not require gradients
Warning: Output tensor does not require gradients
Warning: Output tensor does not require gradients
Warning: Output tensor does not require gradients
Warning: Output tensor does not require gradients
Warning: Output tensor does not require gradients
Warning: Output tensor does not require gradients
Warning: Output tensor does not require gradients
Warning: Output tensor does not require gradients
Warning: Output tensor does not require gradients
Warning: Output tensor does not require gradients
Warning: Output tensor does not require gradients
Warning: Output tensor does not require gradients
Warning: Output tensor does not require gradients
Warning: Output tensor does not require gradients
Warning: Output tensor does not require gradients
Warning: Output tensor does not require gradients
Warning: Output tensor does not require gradients
Warning: Output tensor does not require gradients
Warning: Output tensor does not require gradients
Warning: Output tensor does not require gradients
Warning: Output tensor does not require gradients
Warning: Output tensor does not require gradients
Warning: Output tensor does not require gradients
Warning: Output tensor does not require gradients
Warning: Output tensor does not require gradients
Warning: Output tensor does not require gradients
Warning: Output tensor does not require gradients
Warning: Output tensor does not require gradients
Warning: Output tensor does not require gradients
Warning: Output tensor does not require gradients
Warning: Output tensor does not require gradients
Warning: Output tensor does not require gradients
Warning: Output tensor does not require gradients
Warning: Output tensor does not require gradients
Warning: Output tensor does not require gradients
Warning: Output tensor does not require gradients
Warning: Output tensor does not require gradients
Warning: Output tensor does not require gradients
Warning: Output tensor does not require gradients
Warning: Output tensor does not require gradients
Warning: Output tensor does not require gradients
Warning: Output tensor does not require gradients
Warning: Output tensor does not require gradients
Warning: Output tensor does not require gradients
Warning: Output tensor does not require gradients
Warning: Output tensor does not require gradients
Warning: Output tensor does not require gradients
Warning: Output tensor does not require gradients
Warning: Output tensor does not require gradients
Warning: Output tensor does not require gradients
Warning: Output tensor does not require gradients
Warning: Output tensor does not require gradients
Warning: Output tensor does not require gradients
Warning: Output tensor does not require gradients
Warning: Output tensor does not require gradients
Warning: Output tensor does not require gradients
Warning: Output tensor does not require gradients
Warning: Output tensor does not require gradients
Warning: Output tensor does not require gradients
Warning: Output tensor does not require gradients
Warning: Output tensor does not require gradients
Warning: Output tensor does not require gradients
Warning: Output tensor does not require gradients
Warning: Output tensor does not require gradients
Warning: Output tensor does not require gradients
Warning: Output tensor does not require gradients
Warning: Output tensor does not require gradients
Warning: Output tensor does not require gradients
Warning: Output tensor does not require gradients
Warning: Output tensor does not require gradients
Warning: Output tensor does not require gradients
Warning: Output tensor does not require gradients
Warning: Output tensor does not require gradients
Warning: Output tensor does not require gradients
Warning: Output tensor does not require gradients
Warning: Output tensor does not require gradients
Warning: Output tensor does not require gradients
Warning: Output tensor does not require gradients
Warning: Output tensor does not require gradients
Warning: Output tensor does not require gradients
Warning: Output tensor does not require gradients
Warning: Output tensor does not require gradients
Warning: Output tensor does not require gradients
Warning: Output tensor does not require gradients
Warning: Output tensor does not require gradients
Warning: Output tensor does not require gradients
Warning: Output tensor does not require gradients
Warning: Output tensor does not require gradients
Warning: Output tensor does not require gradients
Warning: Output tensor does not require gradients
Warning: Output tensor does not require gradients
Warning: Output tensor does not require gradients
Warning: Output tensor does not require gradients
Warning: Output tensor does not require gradients
Warning: Output tensor does not require gradients
Warning: Output tensor does not require gradients
Warning: Output tensor does not require gradients
Warning: Output tensor does not require gradients
Warning: Output tensor does not require gradients
Warning: Output tensor does not require gradients
Warning: Output tensor does not require gradients
Warning: Output tensor does not require gradients
Warning: Output tensor does not require gradients
Warning: Output tensor does not require gradients
Warning: Output tensor does not require gradients
Warning: Output tensor does not require gradients
Warning: Output tensor does not require gradients
Warning: Output tensor does not require gradients
Warning: Output tensor does not require gradients
Warning: Output tensor does not require gradients
Warning: Output tensor does not require gradients
Warning: Output tensor does not require gradients
Warning: Output tensor does not require gradients
Warning: Output tensor does not require gradients
Warning: Output tensor does not require gradients
Warning: Output tensor does not require gradients
Warning: Output tensor does not require gradients
Warning: Output tensor does not require gradients
Warning: Output tensor does not require gradients
Warning: Output tensor does not require gradients
Warning: Output tensor does not require gradients
Warning: Output tensor does not require gradients
Warning: Output tensor does not require gradients
Warning: Output tensor does not require gradients
Warning: Output tensor does not require gradients
Warning: Output tensor does not require gradients
Warning: Output tensor does not require gradients
Warning: Output tensor does not require gradients
Warning: Output tensor does not require gradients
Warning: Output tensor does not require gradients
Warning: Output tensor does not require gradients
Warning: Output tensor does not require gradients
Warning: Output tensor does not require gradients
Warning: Output tensor does not require gradients
Warning: Output tensor does not require gradients
Warning: Output tensor does not require gradients
Warning: Output tensor does not require gradients
Warning: Output tensor does not require gradients
Warning: Output tensor does not require gradients
Warning: Output tensor does not require gradients
Warning: Output tensor does not require gradients
Warning: Output tensor does not require gradients
Warning: Output tensor does not require gradients
Warning: Output tensor does not require gradients
Warning: Output tensor does not require gradients
Warning: Output tensor does not require gradients
Warning: Output tensor does not require gradients
Warning: Output tensor does not require gradients
Warning: Output tensor does not require gradients
Warning: Output tensor does not require gradients
Warning: Output tensor does not require gradients
Warning: Output tensor does not require gradients
Warning: Output tensor does not require gradients
Warning: Output tensor does not require gradients
Warning: Output tensor does not require gradients
Warning: Output tensor does not require gradients
Warning: Output tensor does not require gradients
Warning: Output tensor does not require gradients
Warning: Output tensor does not require gradients
Warning: Output tensor does not require gradients
Warning: Output tensor does not require gradients
Warning: Output tensor does not require gradients
Warning: Output tensor does not require gradients
Warning: Output tensor does not require gradients
Warning: Output tensor does not require gradients
Warning: Output tensor does not require gradients
Warning: Output tensor does not require gradients
Warning: Output tensor does not require gradients
Warning: Output tensor does not require gradients
Warning: Output tensor does not require gradients
Warning: Output tensor does not require gradients
Warning: Output tensor does not require gradients
Warning: Output tensor does not require gradients
Warning: Output tensor does not require gradients
Warning: Output tensor does not require gradients
Warning: Output tensor does not require gradients
Warning: Output tensor does not require gradients
Warning: Output tensor does not require gradients
Warning: Output tensor does not require gradients
Warning: Output tensor does not require gradients
Warning: Output tensor does not require gradients
Warning: Output tensor does not require gradients
Warning: Output tensor does not require gradients
Warning: Output tensor does not require gradients
Warning: Output tensor does not require gradients
Warning: Output tensor does not require gradients
Warning: Output tensor does not require gradients
Warning: Output tensor does not require gradients
Warning: Output tensor does not require gradients
Warning: Output tensor does not require gradients
Warning: Output tensor does not require gradients
Warning: Output tensor does not require gradients
Warning: Output tensor does not require gradients
Warning: Output tensor does not require gradients
Warning: Output tensor does not require gradients
Warning: Output tensor does not require gradients
Warning: Output tensor does not require gradients
Warning: Output tensor does not require gradients
Warning: Output tensor does not require gradients
Warning: Output tensor does not require gradients
Warning: Output tensor does not require gradients
Warning: Output tensor does not require gradients
Warning: Output tensor does not require gradients
Warning: Output tensor does not require gradients
Warning: Output tensor does not require gradients
Warning: Output tensor does not require gradients
Warning: Output tensor does not require gradients
Warning: Output tensor does not require gradients
Warning: Output tensor does not require gradients
Warning: Output tensor does not require gradients
Warning: Output tensor does not require gradients
Warning: Output tensor does not require gradients
Warning: Output tensor does not require gradients
Warning: Output tensor does not require gradients
Warning: Output tensor does not require gradients
Warning: Output tensor does not require gradients
Warning: Output tensor does not require gradients
Warning: Output tensor does not require gradients
Warning: Output tensor does not require gradients
Warning: Output tensor does not require gradients
Warning: Output tensor does not require gradients
Warning: Output tensor does not require gradients
Warning: Output tensor does not require gradients
Warning: Output tensor does not require gradients
Warning: Output tensor does not require gradients
Warning: Output tensor does not require gradients
Warning: Output tensor does not require gradients
Warning: Output tensor does not require gradients
Warning: Output tensor does not require gradients
Warning: Output tensor does not require gradients
Warning: Output tensor does not require gradients
Warning: Output tensor does not require gradients
Warning: Output tensor does not require gradients
Warning: Output tensor does not require gradients
Warning: Output tensor does not require gradients
Warning: Output tensor does not require gradients
Warning: Output tensor does not require gradients
Warning: Output tensor does not require gradients
Warning: Output tensor does not require gradients
Warning: Output tensor does not require gradients
Warning: Output tensor does not require gradients
Warning: Output tensor does not require gradients
Warning: Output tensor does not require gradients
Warning: Output tensor does not require gradients
Warning: Output tensor does not require gradients
Warning: Output tensor does not require gradients
Warning: Output tensor does not require gradients
Warning: Output tensor does not require gradients
Warning: Output tensor does not require gradients
Warning: Output tensor does not require gradients
Warning: Output tensor does not require gradients
Warning: Output tensor does not require gradients
Warning: Output tensor does not require gradients
Warning: Output tensor does not require gradients
Warning: Output tensor does not require gradients
Warning: Output tensor does not require gradients
Warning: Output tensor does not require gradients
Warning: Output tensor does not require gradients
Warning: Output tensor does not require gradients
Warning: Output tensor does not require gradients
Warning: Output tensor does not require gradients
Warning: Output tensor does not require gradients
Warning: Output tensor does not require gradients
Warning: Output tensor does not require gradients
Warning: Output tensor does not require gradients
Warning: Output tensor does not require gradients
Warning: Output tensor does not require gradients
Warning: Output tensor does not require gradients
Warning: Output tensor does not require gradients
Warning: Output tensor does not require gradients
Warning: Output tensor does not require gradients
Warning: Output tensor does not require gradients
Warning: Output tensor does not require gradients
Warning: Output tensor does not require gradients
Warning: Output tensor does not require gradients
Warning: Output tensor does not require gradients
Warning: Output tensor does not require gradients
Warning: Output tensor does not require gradients
Warning: Output tensor does not require gradients
Warning: Output tensor does not require gradients
Warning: Output tensor does not require gradients
Warning: Output tensor does not require gradients
Warning: Output tensor does not require gradients
Warning: Output tensor does not require gradients
Warning: Output tensor does not require gradients
Warning: Output tensor does not require gradients
Warning: Output tensor does not require gradients
Warning: Output tensor does not require gradients
Warning: Output tensor does not require gradients
Warning: Output tensor does not require gradients
Warning: Output tensor does not require gradients
Warning: Output tensor does not require gradients
Warning: Output tensor does not require gradients
Warning: Output tensor does not require gradients
Warning: Output tensor does not require gradients
Warning: Output tensor does not require gradients
Warning: Output tensor does not require gradients
Warning: Output tensor does not require gradients
Warning: Output tensor does not require gradients
Warning: Output tensor does not require gradients
Warning: Output tensor does not require gradients
Warning: Output tensor does not require gradients
Warning: Output tensor does not require gradients
Warning: Output tensor does not require gradients
Warning: Output tensor does not require gradients
Warning: Output tensor does not require gradients
Warning: Output tensor does not require gradients
Warning: Output tensor does not require gradients
Warning: Output tensor does not require gradients
Warning: Output tensor does not require gradients
Warning: Output tensor does not require gradients
Warning: Output tensor does not require gradients
Warning: Output tensor does not require gradients
Warning: Output tensor does not require gradients
Warning: Output tensor does not require gradients
Warning: Output tensor does not require gradients
Warning: Output tensor does not require gradients
Warning: Output tensor does not require gradients
Warning: Output tensor does not require gradients
Warning: Output tensor does not require gradients
Warning: Output tensor does not require gradients
Warning: Output tensor does not require gradients
Warning: Output tensor does not require gradients
Warning: Output tensor does not require gradients
Warning: Output tensor does not require gradients
Warning: Output tensor does not require gradients
Warning: Output tensor does not require gradients
Warning: Output tensor does not require gradients
Warning: Output tensor does not require gradients
Warning: Output tensor does not require gradients
Warning: Output tensor does not require gradients
Warning: Output tensor does not require gradients
Warning: Output tensor does not require gradients
Warning: Output tensor does not require gradients
Warning: Output tensor does not require gradients
Warning: Output tensor does not require gradients
Warning: Output tensor does not require gradients
Warning: Output tensor does not require gradients
Warning: Output tensor does not require gradients
Warning: Output tensor does not require gradients
Warning: Output tensor does not require gradients
Warning: Output tensor does not require gradients
Warning: Output tensor does not require gradients
Warning: Output tensor does not require gradients
Warning: Output tensor does not require gradients
Warning: Output tensor does not require gradients
Warning: Output tensor does not require gradients
Warning: Output tensor does not require gradients
Warning: Output tensor does not require gradients
Warning: Output tensor does not require gradients
Warning: Output tensor does not require gradients
Warning: Output tensor does not require gradients
Warning: Output tensor does not require gradients
Warning: Output tensor does not require gradients
Warning: Output tensor does not require gradients
Warning: Output tensor does not require gradients
Warning: Output tensor does not require gradients
Warning: Output tensor does not require gradients
Warning: Output tensor does not require gradients
Warning: Output tensor does not require gradients
Warning: Output tensor does not require gradients
Warning: Output tensor does not require gradients
Warning: Output tensor does not require gradients
Warning: Output tensor does not require gradients
Warning: Output tensor does not require gradients
Warning: Output tensor does not require gradients
Warning: Output tensor does not require gradients
Warning: Output tensor does not require gradients
Warning: Output tensor does not require gradients
Warning: Output tensor does not require gradients
Warning: Output tensor does not require gradients
Warning: Output tensor does not require gradients
Warning: Output tensor does not require gradients
Warning: Output tensor does not require gradients
Warning: Output tensor does not require gradients
Warning: Output tensor does not require gradients
Warning: Output tensor does not require gradients
Warning: Output tensor does not require gradients
Warning: Output tensor does not require gradients
Warning: Output tensor does not require gradients
Warning: Output tensor does not require gradients
Warning: Output tensor does not require gradients
Warning: Output tensor does not require gradients
Warning: Output tensor does not require gradients
Warning: Output tensor does not require gradients
Warning: Output tensor does not require gradients
Warning: Output tensor does not require gradients
Warning: Output tensor does not require gradients
Warning: Output tensor does not require gradients
Warning: Output tensor does not require gradients
Warning: Output tensor does not require gradients
Warning: Output tensor does not require gradients
Warning: Output tensor does not require gradients
Warning: Output tensor does not require gradients
Warning: Output tensor does not require gradients
Warning: Output tensor does not require gradients
Warning: Output tensor does not require gradients
Warning: Output tensor does not require gradients
Warning: Output tensor does not require gradients
Warning: Output tensor does not require gradients
Warning: Output tensor does not require gradients
Warning: Output tensor does not require gradients
Warning: Output tensor does not require gradients
Warning: Output tensor does not require gradients
Warning: Output tensor does not require gradients
Warning: Output tensor does not require gradients
Warning: Output tensor does not require gradients
Warning: Output tensor does not require gradients
Warning: Output tensor does not require gradients
Warning: Output tensor does not require gradients
Warning: Output tensor does not require gradients
Warning: Output tensor does not require gradients
Warning: Output tensor does not require gradients
Warning: Output tensor does not require gradients
Warning: Output tensor does not require gradients
Warning: Output tensor does not require gradients
Warning: Output tensor does not require gradients
Warning: Output tensor does not require gradients
Warning: Output tensor does not require gradients
Warning: Output tensor does not require gradients
Warning: Output tensor does not require gradients
Warning: Output tensor does not require gradients
Warning: Output tensor does not require gradients
Warning: Output tensor does not require gradients
Warning: Output tensor does not require gradients
Warning: Output tensor does not require gradients
Warning: Output tensor does not require gradients
Warning: Output tensor does not require gradients
Warning: Output tensor does not require gradients
Warning: Output tensor does not require gradients
Warning: Output tensor does not require gradients
Warning: Output tensor does not require gradients
Warning: Output tensor does not require gradients
Warning: Output tensor does not require gradients
Warning: Output tensor does not require gradients
Warning: Output tensor does not require gradients
Warning: Output tensor does not require gradients
Warning: Output tensor does not require gradients
Warning: Output tensor does not require gradients
Warning: Output tensor does not require gradients
Warning: Output tensor does not require gradients
Warning: Output tensor does not require gradients
Warning: Output tensor does not require gradients
Warning: Output tensor does not require gradients
Warning: Output tensor does not require gradients
Warning: Output tensor does not require gradients
Warning: Output tensor does not require gradients
Warning: Output tensor does not require gradients
Warning: Output tensor does not require gradients
Warning: Output tensor does not require gradients
Warning: Output tensor does not require gradients
Warning: Output tensor does not require gradients
Warning: Output tensor does not require gradients
Warning: Output tensor does not require gradients
Warning: Output tensor does not require gradients
Warning: Output tensor does not require gradients
Warning: Output tensor does not require gradients
Warning: Output tensor does not require gradients
Warning: Output tensor does not require gradients
Warning: Output tensor does not require gradients
Warning: Output tensor does not require gradients
Warning: Output tensor does not require gradients
Warning: Output tensor does not require gradients
Warning: Output tensor does not require gradients
Warning: Output tensor does not require gradients
Warning: Output tensor does not require gradients
Warning: Output tensor does not require gradients
Warning: Output tensor does not require gradients
Warning: Output tensor does not require gradients
Warning: Output tensor does not require gradients
Warning: Output tensor does not require gradients
Warning: Output tensor does not require gradients
Warning: Output tensor does not require gradients
Warning: Output tensor does not require gradients
Warning: Output tensor does not require gradients
Warning: Output tensor does not require gradients
Warning: Output tensor does not require gradients
Warning: Output tensor does not require gradients
Warning: Output tensor does not require gradients
Warning: Output tensor does not require gradients
Warning: Output tensor does not require gradients
Warning: Output tensor does not require gradients
Warning: Output tensor does not require gradients
Warning: Output tensor does not require gradients
Warning: Output tensor does not require gradients
Warning: Output tensor does not require gradients
Warning: Output tensor does not require gradients
Warning: Output tensor does not require gradients
Warning: Output tensor does not require gradients
Warning: Output tensor does not require gradients
Warning: Output tensor does not require gradients
Warning: Output tensor does not require gradients
Warning: Output tensor does not require gradients
Warning: Output tensor does not require gradients
Warning: Output tensor does not require gradients
Warning: Output tensor does not require gradients
Warning: Output tensor does not require gradients
Warning: Output tensor does not require gradients
Warning: Output tensor does not require gradients
Warning: Output tensor does not require gradients
Warning: Output tensor does not require gradients
Warning: Output tensor does not require gradients
Warning: Output tensor does not require gradients
Warning: Output tensor does not require gradients
Warning: Output tensor does not require gradients
Warning: Output tensor does not require gradients
Warning: Output tensor does not require gradients
Warning: Output tensor does not require gradients
Warning: Output tensor does not require gradients
Warning: Output tensor does not require gradients
Warning: Output tensor does not require gradients
Warning: Output tensor does not require gradients
Warning: Output tensor does not require gradients
Warning: Output tensor does not require gradients
Warning: Output tensor does not require gradients
Warning: Output tensor does not require gradients
Warning: Output tensor does not require gradients
Warning: Output tensor does not require gradients
Warning: Output tensor does not require gradients
Warning: Output tensor does not require gradients
Warning: Output tensor does not require gradients
Warning: Output tensor does not require gradients
Warning: Output tensor does not require gradients
Warning: Output tensor does not require gradients
Warning: Output tensor does not require gradients
Warning: Output tensor does not require gradients
Warning: Output tensor does not require gradients
Warning: Output tensor does not require gradients
Warning: Output tensor does not require gradients
Warning: Output tensor does not require gradients
Warning: Output tensor does not require gradients
Warning: Output tensor does not require gradients
Warning: Output tensor does not require gradients
Warning: Output tensor does not require gradients
Warning: Output tensor does not require gradients
Warning: Output tensor does not require gradients
Warning: Output tensor does not require gradients
Warning: Output tensor does not require gradients
Warning: Output tensor does not require gradients
Warning: Output tensor does not require gradients
Warning: Output tensor does not require gradients
Warning: Output tensor does not require gradients
Warning: Output tensor does not require gradients
Warning: Output tensor does not require gradients
Warning: Output tensor does not require gradients
Warning: Output tensor does not require gradients
Warning: Output tensor does not require gradients
Warning: Output tensor does not require gradients
Warning: Output tensor does not require gradients
Warning: Output tensor does not require gradients
Warning: Output tensor does not require gradients
Warning: Output tensor does not require gradients
Warning: Output tensor does not require gradients
Warning: Output tensor does not require gradients
Warning: Output tensor does not require gradients
Warning: Output tensor does not require gradients
Warning: Output tensor does not require gradients
Warning: Output tensor does not require gradients
Warning: Output tensor does not require gradients
Warning: Output tensor does not require gradients
Warning: Output tensor does not require gradients
Warning: Output tensor does not require gradients
Warning: Output tensor does not require gradients
Warning: Output tensor does not require gradients
Warning: Output tensor does not require gradients
Warning: Output tensor does not require gradients
Warning: Output tensor does not require gradients
Warning: Output tensor does not require gradients
Warning: Output tensor does not require gradients
Warning: Output tensor does not require gradients
Warning: Output tensor does not require gradients
Warning: Output tensor does not require gradients
Warning: Output tensor does not require gradients
Warning: Output tensor does not require gradients
Warning: Output tensor does not require gradients
Warning: Output tensor does not require gradients
Warning: Output tensor does not require gradients
Warning: Output tensor does not require gradients
Warning: Output tensor does not require gradients
Warning: Output tensor does not require gradients
Warning: Output tensor does not require gradients
Warning: Output tensor does not require gradients
Warning: Output tensor does not require gradients
Warning: Output tensor does not require gradients
Warning: Output tensor does not require gradients
Warning: Output tensor does not require gradients
Warning: Output tensor does not require gradients
Warning: Output tensor does not require gradients
Warning: Output tensor does not require gradients
Warning: Output tensor does not require gradients
Warning: Output tensor does not require gradients
Warning: Output tensor does not require gradients
Warning: Output tensor does not require gradients
Warning: Output tensor does not require gradients
Warning: Output tensor does not require gradients
Warning: Output tensor does not require gradients
Warning: Output tensor does not require gradients
Warning: Output tensor does not require gradients
Warning: Output tensor does not require gradients
Warning: Output tensor does not require gradients
Warning: Output tensor does not require gradients
Warning: Output tensor does not require gradients
Warning: Output tensor does not require gradients
Warning: Output tensor does not require gradients
Warning: Output tensor does not require gradients
Warning: Output tensor does not require gradients
Warning: Output tensor does not require gradients
Warning: Output tensor does not require gradients
Warning: Output tensor does not require gradients
Warning: Output tensor does not require gradients
Warning: Output tensor does not require gradients
Warning: Output tensor does not require gradients
Warning: Output tensor does not require gradients
Warning: Output tensor does not require gradients
Warning: Output tensor does not require gradients
Warning: Output tensor does not require gradients
Warning: Output tensor does not require gradients
Warning: Output tensor does not require gradients
Warning: Output tensor does not require gradients
Warning: Output tensor does not require gradients
Warning: Output tensor does not require gradients
Warning: Output tensor does not require gradients
Warning: Output tensor does not require gradients
Warning: Output tensor does not require gradients
Warning: Output tensor does not require gradients
Warning: Output tensor does not require gradients
Warning: Output tensor does not require gradients
Warning: Output tensor does not require gradients
Warning: Output tensor does not require gradients
Warning: Output tensor does not require gradients
Warning: Output tensor does not require gradients
Warning: Output tensor does not require gradients
Warning: Output tensor does not require gradients
Warning: Output tensor does not require gradients
Warning: Output tensor does not require gradients
Warning: Output tensor does not require gradients
Warning: Output tensor does not require gradients
Warning: Output tensor does not require gradients
Warning: Output tensor does not require gradients
Warning: Output tensor does not require gradients
Warning: Output tensor does not require gradients
Warning: Output tensor does not require gradients
Warning: Output tensor does not require gradients
Warning: Output tensor does not require gradients
Warning: Output tensor does not require gradients
Warning: Output tensor does not require gradients
Warning: Output tensor does not require gradients
Warning: Output tensor does not require gradients
Warning: Output tensor does not require gradients
Warning: Output tensor does not require gradients
Warning: Output tensor does not require gradients
Warning: Output tensor does not require gradients
Warning: Output tensor does not require gradients
Warning: Output tensor does not require gradients
Warning: Output tensor does not require gradients
Warning: Output tensor does not require gradients
Warning: Output tensor does not require gradients
Warning: Output tensor does not require gradients
Warning: Output tensor does not require gradients
Warning: Output tensor does not require gradients
Warning: Output tensor does not require gradients
Warning: Output tensor does not require gradients
Warning: Output tensor does not require gradients
Warning: Output tensor does not require gradients
Warning: Output tensor does not require gradients
Warning: Output tensor does not require gradients
Warning: Output tensor does not require gradients
Warning: Output tensor does not require gradients
Warning: Output tensor does not require gradients
Warning: Output tensor does not require gradients
Warning: Output tensor does not require gradients
Warning: Output tensor does not require gradients
Warning: Output tensor does not require gradients
Warning: Output tensor does not require gradients
Warning: Output tensor does not require gradients
Warning: Output tensor does not require gradients
Warning: Output tensor does not require gradients
Warning: Output tensor does not require gradients
Warning: Output tensor does not require gradients
Warning: Output tensor does not require gradients
Warning: Output tensor does not require gradients
Warning: Output tensor does not require gradients
Warning: Output tensor does not require gradients
Warning: Output tensor does not require gradients
Warning: Output tensor does not require gradients
Warning: Output tensor does not require gradients
Warning: Output tensor does not require gradients
Warning: Output tensor does not require gradients
Warning: Output tensor does not require gradients
Warning: Output tensor does not require gradients
Warning: Output tensor does not require gradients
Warning: Output tensor does not require gradients
Warning: Output tensor does not require gradients
Warning: Output tensor does not require gradients
Warning: Output tensor does not require gradients
Warning: Output tensor does not require gradients
Warning: Output tensor does not require gradients
Warning: Output tensor does not require gradients
Warning: Output tensor does not require gradients
Warning: Output tensor does not require gradients
Warning: Output tensor does not require gradients
Warning: Output tensor does not require gradients
Warning: Output tensor does not require gradients
Warning: Output tensor does not require gradients
Warning: Output tensor does not require gradients
Warning: Output tensor does not require gradients
Warning: Output tensor does not require gradients
Warning: Output tensor does not require gradients
Warning: Output tensor does not require gradients
Warning: Output tensor does not require gradients
Warning: Output tensor does not require gradients
Warning: Output tensor does not require gradients
Warning: Output tensor does not require gradients
Warning: Output tensor does not require gradients
Warning: Output tensor does not require gradients
Warning: Output tensor does not require gradients
Warning: Output tensor does not require gradients
Warning: Output tensor does not require gradients
Warning: Output tensor does not require gradients
Warning: Output tensor does not require gradients
Warning: Output tensor does not require gradients
Warning: Output tensor does not require gradients
Warning: Output tensor does not require gradients
Warning: Output tensor does not require gradients
Warning: Output tensor does not require gradients
Warning: Output tensor does not require gradients
Warning: Output tensor does not require gradients
Warning: Output tensor does not require gradients
Warning: Output tensor does not require gradients
Warning: Output tensor does not require gradients
Warning: Output tensor does not require gradients
Warning: Output tensor does not require gradients
Warning: Output tensor does not require gradients
Warning: Output tensor does not require gradients
Warning: Output tensor does not require gradients
Warning: Output tensor does not require gradients
Warning: Output tensor does not require gradients
Warning: Output tensor does not require gradients
Warning: Output tensor does not require gradients
Warning: Output tensor does not require gradients
Warning: Output tensor does not require gradients
Warning: Output tensor does not require gradients
Warning: Output tensor does not require gradients
Warning: Output tensor does not require gradients
Warning: Output tensor does not require gradients
Warning: Output tensor does not require gradients
Warning: Output tensor does not require gradients
Warning: Output tensor does not require gradients
Warning: Output tensor does not require gradients
Warning: Output tensor does not require gradients
Warning: Output tensor does not require gradients
Warning: Output tensor does not require gradients
Warning: Output tensor does not require gradients
Warning: Output tensor does not require gradients
Warning: Output tensor does not require gradients
Warning: Output tensor does not require gradients
Warning: Output tensor does not require gradients
Warning: Output tensor does not require gradients
Warning: Output tensor does not require gradients
Warning: Output tensor does not require gradients
Warning: Output tensor does not require gradients
Warning: Output tensor does not require gradients
Warning: Output tensor does not require gradients
Warning: Output tensor does not require gradients
Warning: Output tensor does not require gradients
Warning: Output tensor does not require gradients
Warning: Output tensor does not require gradients
Warning: Output tensor does not require gradients
Warning: Output tensor does not require gradients
Warning: Output tensor does not require gradients
Warning: Output tensor does not require gradients
Warning: Output tensor does not require gradients
Warning: Output tensor does not require gradients
Warning: Output tensor does not require gradients
Warning: Output tensor does not require gradients
Warning: Output tensor does not require gradients
Warning: Output tensor does not require gradients

Epoch 8/100 Summary:
Average Training Loss: 0.4987
Average Validation Loss: 0.4937
Best Validation Loss: 0.4840
Learning Rate: 0.000344
Epoch 9/100 | Batch 0/7324 | Loss: 0.4977 | LR: 0.000327
Epoch 9/100 | Batch 100/7324 | Loss: 0.4952 | LR: 0.000327
Epoch 9/100 | Batch 200/7324 | Loss: 0.4978 | LR: 0.000327
Epoch 9/100 | Batch 300/7324 | Loss: 0.4977 | LR: 0.000327
Epoch 9/100 | Batch 400/7324 | Loss: 0.4923 | LR: 0.000327
Epoch 9/100 | Batch 500/7324 | Loss: 0.5280 | LR: 0.000327
Epoch 9/100 | Batch 600/7324 | Loss: 0.4980 | LR: 0.000327
Epoch 9/100 | Batch 700/7324 | Loss: 0.4968 | LR: 0.000327
Epoch 9/100 | Batch 800/7324 | Loss: 0.4902 | LR: 0.000327
Epoch 9/100 | Batch 900/7324 | Loss: 0.4885 | LR: 0.000327
Epoch 9/100 | Batch 1000/7324 | Loss: 0.4923 | LR: 0.000327
Epoch 9/100 | Batch 1100/7324 | Loss: 0.5149 | LR: 0.000327
Epoch 9/100 | Batch 1200/7324 | Loss: 0.4927 | LR: 0.000327
Epoch 9/100 | Batch 1300/7324 | Loss: 0.4957 | LR: 0.000327
Epoch 9/100 | Batch 1400/7324 | Loss: 0.4935 | LR: 0.000327
Epoch 9/100 | Batch 1500/7324 | Loss: 0.4958 | LR: 0.000327
Epoch 9/100 | Batch 1600/7324 | Loss: 0.4974 | LR: 0.000327
Epoch 9/100 | Batch 1700/7324 | Loss: 0.5403 | LR: 0.000327
Epoch 9/100 | Batch 1800/7324 | Loss: 0.5038 | LR: 0.000327
Epoch 9/100 | Batch 1900/7324 | Loss: 0.4921 | LR: 0.000327
Epoch 9/100 | Batch 2000/7324 | Loss: 0.5033 | LR: 0.000327
Epoch 9/100 | Batch 2100/7324 | Loss: 0.5011 | LR: 0.000327
Epoch 9/100 | Batch 2200/7324 | Loss: 0.4926 | LR: 0.000327
Epoch 9/100 | Batch 2300/7324 | Loss: 0.5277 | LR: 0.000327
Epoch 9/100 | Batch 2400/7324 | Loss: 0.5105 | LR: 0.000327
Epoch 9/100 | Batch 2500/7324 | Loss: 0.5049 | LR: 0.000327
Epoch 9/100 | Batch 2600/7324 | Loss: 0.4932 | LR: 0.000327
Epoch 9/100 | Batch 2700/7324 | Loss: 0.4959 | LR: 0.000327
Epoch 9/100 | Batch 2800/7324 | Loss: 0.4929 | LR: 0.000327
Epoch 9/100 | Batch 2900/7324 | Loss: 0.4936 | LR: 0.000327
Epoch 9/100 | Batch 3000/7324 | Loss: 0.4936 | LR: 0.000327
Epoch 9/100 | Batch 3100/7324 | Loss: 0.4934 | LR: 0.000327
Epoch 9/100 | Batch 3200/7324 | Loss: 0.4908 | LR: 0.000327
Epoch 9/100 | Batch 3300/7324 | Loss: 0.5077 | LR: 0.000327
Epoch 9/100 | Batch 3400/7324 | Loss: 0.4971 | LR: 0.000327
Epoch 9/100 | Batch 3500/7324 | Loss: 0.4917 | LR: 0.000327
Epoch 9/100 | Batch 3600/7324 | Loss: 0.5072 | LR: 0.000327
Epoch 9/100 | Batch 3700/7324 | Loss: 0.4932 | LR: 0.000326
Epoch 9/100 | Batch 3800/7324 | Loss: 0.4954 | LR: 0.000326
Epoch 9/100 | Batch 3900/7324 | Loss: 0.4965 | LR: 0.000326
Epoch 9/100 | Batch 4000/7324 | Loss: 0.4962 | LR: 0.000326
Epoch 9/100 | Batch 4100/7324 | Loss: 0.4927 | LR: 0.000326
Epoch 9/100 | Batch 4200/7324 | Loss: 0.4925 | LR: 0.000326
Epoch 9/100 | Batch 4300/7324 | Loss: 0.4957 | LR: 0.000326
Epoch 9/100 | Batch 4400/7324 | Loss: 0.4925 | LR: 0.000326
Epoch 9/100 | Batch 4500/7324 | Loss: 0.5211 | LR: 0.000326
Epoch 9/100 | Batch 4600/7324 | Loss: 0.4962 | LR: 0.000326
Epoch 9/100 | Batch 4700/7324 | Loss: 0.4915 | LR: 0.000326
Epoch 9/100 | Batch 4800/7324 | Loss: 0.4938 | LR: 0.000326
Epoch 9/100 | Batch 4900/7324 | Loss: 0.4986 | LR: 0.000326
Epoch 9/100 | Batch 5000/7324 | Loss: 0.4943 | LR: 0.000326
Epoch 9/100 | Batch 5100/7324 | Loss: 0.6096 | LR: 0.000326
Epoch 9/100 | Batch 5200/7324 | Loss: 0.4932 | LR: 0.000326
Epoch 9/100 | Batch 5300/7324 | Loss: 0.5015 | LR: 0.000326
Epoch 9/100 | Batch 5400/7324 | Loss: 0.5373 | LR: 0.000326
Epoch 9/100 | Batch 5500/7324 | Loss: 0.5045 | LR: 0.000326
Epoch 9/100 | Batch 5600/7324 | Loss: 0.4937 | LR: 0.000326
Epoch 9/100 | Batch 5700/7324 | Loss: 0.5004 | LR: 0.000326
Epoch 9/100 | Batch 5800/7324 | Loss: 0.4974 | LR: 0.000326
Epoch 9/100 | Batch 5900/7324 | Loss: 0.4931 | LR: 0.000326
Epoch 9/100 | Batch 6000/7324 | Loss: 0.4907 | LR: 0.000326
Epoch 9/100 | Batch 6100/7324 | Loss: 0.4938 | LR: 0.000326
Epoch 9/100 | Batch 6200/7324 | Loss: 0.4988 | LR: 0.000326
Epoch 9/100 | Batch 6300/7324 | Loss: 0.5101 | LR: 0.000326
Epoch 9/100 | Batch 6400/7324 | Loss: 0.4953 | LR: 0.000326
Epoch 9/100 | Batch 6500/7324 | Loss: 0.4942 | LR: 0.000326
Epoch 9/100 | Batch 6600/7324 | Loss: 0.4959 | LR: 0.000326
Epoch 9/100 | Batch 6700/7324 | Loss: 0.4919 | LR: 0.000326
Epoch 9/100 | Batch 6800/7324 | Loss: 0.4944 | LR: 0.000326
Epoch 9/100 | Batch 6900/7324 | Loss: 0.4945 | LR: 0.000326
Epoch 9/100 | Batch 7000/7324 | Loss: 0.4960 | LR: 0.000326
Epoch 9/100 | Batch 7100/7324 | Loss: 0.5139 | LR: 0.000326
Epoch 9/100 | Batch 7200/7324 | Loss: 0.4925 | LR: 0.000326
Epoch 9/100 | Batch 7300/7324 | Loss: 0.4938 | LR: 0.000326
Warning: Output tensor does not require gradients
Warning: Output tensor does not require gradients
Warning: Output tensor does not require gradients
Warning: Output tensor does not require gradients
Warning: Output tensor does not require gradients
Warning: Output tensor does not require gradients
Warning: Output tensor does not require gradients
Warning: Output tensor does not require gradients
Warning: Output tensor does not require gradients
Warning: Output tensor does not require gradients
Warning: Output tensor does not require gradients
Warning: Output tensor does not require gradients
Warning: Output tensor does not require gradients
Warning: Output tensor does not require gradients
Warning: Output tensor does not require gradients
Warning: Output tensor does not require gradients
Warning: Output tensor does not require gradients
Warning: Output tensor does not require gradients
Warning: Output tensor does not require gradients
Warning: Output tensor does not require gradients
Warning: Output tensor does not require gradients
Warning: Output tensor does not require gradients
Warning: Output tensor does not require gradients
Warning: Output tensor does not require gradients
Warning: Output tensor does not require gradients
Warning: Output tensor does not require gradients
Warning: Output tensor does not require gradients
Warning: Output tensor does not require gradients
Warning: Output tensor does not require gradients
Warning: Output tensor does not require gradients
Warning: Output tensor does not require gradients
Warning: Output tensor does not require gradients
Warning: Output tensor does not require gradients
Warning: Output tensor does not require gradients
Warning: Output tensor does not require gradients
Warning: Output tensor does not require gradients
Warning: Output tensor does not require gradients
Warning: Output tensor does not require gradients
Warning: Output tensor does not require gradients
Warning: Output tensor does not require gradients
Warning: Output tensor does not require gradients
Warning: Output tensor does not require gradients
Warning: Output tensor does not require gradients
Warning: Output tensor does not require gradients
Warning: Output tensor does not require gradients
Warning: Output tensor does not require gradients
Warning: Output tensor does not require gradients
Warning: Output tensor does not require gradients
Warning: Output tensor does not require gradients
Warning: Output tensor does not require gradients
Warning: Output tensor does not require gradients
Warning: Output tensor does not require gradients
Warning: Output tensor does not require gradients
Warning: Output tensor does not require gradients
Warning: Output tensor does not require gradients
Warning: Output tensor does not require gradients
Warning: Output tensor does not require gradients
Warning: Output tensor does not require gradients
Warning: Output tensor does not require gradients
Warning: Output tensor does not require gradients
Warning: Output tensor does not require gradients
Warning: Output tensor does not require gradients
Warning: Output tensor does not require gradients
Warning: Output tensor does not require gradients
Warning: Output tensor does not require gradients
Warning: Output tensor does not require gradients
Warning: Output tensor does not require gradients
Warning: Output tensor does not require gradients
Warning: Output tensor does not require gradients
Warning: Output tensor does not require gradients
Warning: Output tensor does not require gradients
Warning: Output tensor does not require gradients
Warning: Output tensor does not require gradients
Warning: Output tensor does not require gradients
Warning: Output tensor does not require gradients
Warning: Output tensor does not require gradients
Warning: Output tensor does not require gradients
Warning: Output tensor does not require gradients
Warning: Output tensor does not require gradients
Warning: Output tensor does not require gradients
Warning: Output tensor does not require gradients
Warning: Output tensor does not require gradients
Warning: Output tensor does not require gradients
Warning: Output tensor does not require gradients
Warning: Output tensor does not require gradients
Warning: Output tensor does not require gradients
Warning: Output tensor does not require gradients
Warning: Output tensor does not require gradients
Warning: Output tensor does not require gradients
Warning: Output tensor does not require gradients
Warning: Output tensor does not require gradients
Warning: Output tensor does not require gradients
Warning: Output tensor does not require gradients
Warning: Output tensor does not require gradients
Warning: Output tensor does not require gradients
Warning: Output tensor does not require gradients
Warning: Output tensor does not require gradients
Warning: Output tensor does not require gradients
Warning: Output tensor does not require gradients
Warning: Output tensor does not require gradients
Warning: Output tensor does not require gradients
Warning: Output tensor does not require gradients
Warning: Output tensor does not require gradients
Warning: Output tensor does not require gradients
Warning: Output tensor does not require gradients
Warning: Output tensor does not require gradients
Warning: Output tensor does not require gradients
Warning: Output tensor does not require gradients
Warning: Output tensor does not require gradients
Warning: Output tensor does not require gradients
Warning: Output tensor does not require gradients
Warning: Output tensor does not require gradients
Warning: Output tensor does not require gradients
Warning: Output tensor does not require gradients
Warning: Output tensor does not require gradients
Warning: Output tensor does not require gradients
Warning: Output tensor does not require gradients
Warning: Output tensor does not require gradients
Warning: Output tensor does not require gradients
Warning: Output tensor does not require gradients
Warning: Output tensor does not require gradients
Warning: Output tensor does not require gradients
Warning: Output tensor does not require gradients
Warning: Output tensor does not require gradients
Warning: Output tensor does not require gradients
Warning: Output tensor does not require gradients
Warning: Output tensor does not require gradients
Warning: Output tensor does not require gradients
Warning: Output tensor does not require gradients
Warning: Output tensor does not require gradients
Warning: Output tensor does not require gradients
Warning: Output tensor does not require gradients
Warning: Output tensor does not require gradients
Warning: Output tensor does not require gradients
Warning: Output tensor does not require gradients
Warning: Output tensor does not require gradients
Warning: Output tensor does not require gradients
Warning: Output tensor does not require gradients
Warning: Output tensor does not require gradients
Warning: Output tensor does not require gradients
Warning: Output tensor does not require gradients
Warning: Output tensor does not require gradients
Warning: Output tensor does not require gradients
Warning: Output tensor does not require gradients
Warning: Output tensor does not require gradients
Warning: Output tensor does not require gradients
Warning: Output tensor does not require gradients
Warning: Output tensor does not require gradients
Warning: Output tensor does not require gradients
Warning: Output tensor does not require gradients
Warning: Output tensor does not require gradients
Warning: Output tensor does not require gradients
Warning: Output tensor does not require gradients
Warning: Output tensor does not require gradients
Warning: Output tensor does not require gradients
Warning: Output tensor does not require gradients
Warning: Output tensor does not require gradients
Warning: Output tensor does not require gradients
Warning: Output tensor does not require gradients
Warning: Output tensor does not require gradients
Warning: Output tensor does not require gradients
Warning: Output tensor does not require gradients
Warning: Output tensor does not require gradients
Warning: Output tensor does not require gradients
Warning: Output tensor does not require gradients
Warning: Output tensor does not require gradients
Warning: Output tensor does not require gradients
Warning: Output tensor does not require gradients
Warning: Output tensor does not require gradients
Warning: Output tensor does not require gradients
Warning: Output tensor does not require gradients
Warning: Output tensor does not require gradients
Warning: Output tensor does not require gradients
Warning: Output tensor does not require gradients
Warning: Output tensor does not require gradients
Warning: Output tensor does not require gradients
Warning: Output tensor does not require gradients
Warning: Output tensor does not require gradients
Warning: Output tensor does not require gradients
Warning: Output tensor does not require gradients
Warning: Output tensor does not require gradients
Warning: Output tensor does not require gradients
Warning: Output tensor does not require gradients
Warning: Output tensor does not require gradients
Warning: Output tensor does not require gradients
Warning: Output tensor does not require gradients
Warning: Output tensor does not require gradients
Warning: Output tensor does not require gradients
Warning: Output tensor does not require gradients
Warning: Output tensor does not require gradients
Warning: Output tensor does not require gradients
Warning: Output tensor does not require gradients
Warning: Output tensor does not require gradients
Warning: Output tensor does not require gradients
Warning: Output tensor does not require gradients
Warning: Output tensor does not require gradients
Warning: Output tensor does not require gradients
Warning: Output tensor does not require gradients
Warning: Output tensor does not require gradients
Warning: Output tensor does not require gradients
Warning: Output tensor does not require gradients
Warning: Output tensor does not require gradients
Warning: Output tensor does not require gradients
Warning: Output tensor does not require gradients
Warning: Output tensor does not require gradients
Warning: Output tensor does not require gradients
Warning: Output tensor does not require gradients
Warning: Output tensor does not require gradients
Warning: Output tensor does not require gradients
Warning: Output tensor does not require gradients
Warning: Output tensor does not require gradients
Warning: Output tensor does not require gradients
Warning: Output tensor does not require gradients
Warning: Output tensor does not require gradients
Warning: Output tensor does not require gradients
Warning: Output tensor does not require gradients
Warning: Output tensor does not require gradients
Warning: Output tensor does not require gradients
Warning: Output tensor does not require gradients
Warning: Output tensor does not require gradients
Warning: Output tensor does not require gradients
Warning: Output tensor does not require gradients
Warning: Output tensor does not require gradients
Warning: Output tensor does not require gradients
Warning: Output tensor does not require gradients
Warning: Output tensor does not require gradients
Warning: Output tensor does not require gradients
Warning: Output tensor does not require gradients
Warning: Output tensor does not require gradients
Warning: Output tensor does not require gradients
Warning: Output tensor does not require gradients
Warning: Output tensor does not require gradients
Warning: Output tensor does not require gradients
Warning: Output tensor does not require gradients
Warning: Output tensor does not require gradients
Warning: Output tensor does not require gradients
Warning: Output tensor does not require gradients
Warning: Output tensor does not require gradients
Warning: Output tensor does not require gradients
Warning: Output tensor does not require gradients
Warning: Output tensor does not require gradients
Warning: Output tensor does not require gradients
Warning: Output tensor does not require gradients
Warning: Output tensor does not require gradients
Warning: Output tensor does not require gradients
Warning: Output tensor does not require gradients
Warning: Output tensor does not require gradients
Warning: Output tensor does not require gradients
Warning: Output tensor does not require gradients
Warning: Output tensor does not require gradients
Warning: Output tensor does not require gradients
Warning: Output tensor does not require gradients
Warning: Output tensor does not require gradients
Warning: Output tensor does not require gradients
Warning: Output tensor does not require gradients
Warning: Output tensor does not require gradients
Warning: Output tensor does not require gradients
Warning: Output tensor does not require gradients
Warning: Output tensor does not require gradients
Warning: Output tensor does not require gradients
Warning: Output tensor does not require gradients
Warning: Output tensor does not require gradients
Warning: Output tensor does not require gradients
Warning: Output tensor does not require gradients
Warning: Output tensor does not require gradients
Warning: Output tensor does not require gradients
Warning: Output tensor does not require gradients
Warning: Output tensor does not require gradients
Warning: Output tensor does not require gradients
Warning: Output tensor does not require gradients
Warning: Output tensor does not require gradients
Warning: Output tensor does not require gradients
Warning: Output tensor does not require gradients
Warning: Output tensor does not require gradients
Warning: Output tensor does not require gradients
Warning: Output tensor does not require gradients
Warning: Output tensor does not require gradients
Warning: Output tensor does not require gradients
Warning: Output tensor does not require gradients
Warning: Output tensor does not require gradients
Warning: Output tensor does not require gradients
Warning: Output tensor does not require gradients
Warning: Output tensor does not require gradients
Warning: Output tensor does not require gradients
Warning: Output tensor does not require gradients
Warning: Output tensor does not require gradients
Warning: Output tensor does not require gradients
Warning: Output tensor does not require gradients
Warning: Output tensor does not require gradients
Warning: Output tensor does not require gradients
Warning: Output tensor does not require gradients
Warning: Output tensor does not require gradients
Warning: Output tensor does not require gradients
Warning: Output tensor does not require gradients
Warning: Output tensor does not require gradients
Warning: Output tensor does not require gradients
Warning: Output tensor does not require gradients
Warning: Output tensor does not require gradients
Warning: Output tensor does not require gradients
Warning: Output tensor does not require gradients
Warning: Output tensor does not require gradients
Warning: Output tensor does not require gradients
Warning: Output tensor does not require gradients
Warning: Output tensor does not require gradients
Warning: Output tensor does not require gradients
Warning: Output tensor does not require gradients
Warning: Output tensor does not require gradients
Warning: Output tensor does not require gradients
Warning: Output tensor does not require gradients
Warning: Output tensor does not require gradients
Warning: Output tensor does not require gradients
Warning: Output tensor does not require gradients
Warning: Output tensor does not require gradients
Warning: Output tensor does not require gradients
Warning: Output tensor does not require gradients
Warning: Output tensor does not require gradients
Warning: Output tensor does not require gradients
Warning: Output tensor does not require gradients
Warning: Output tensor does not require gradients
Warning: Output tensor does not require gradients
Warning: Output tensor does not require gradients
Warning: Output tensor does not require gradients
Warning: Output tensor does not require gradients
Warning: Output tensor does not require gradients
Warning: Output tensor does not require gradients
Warning: Output tensor does not require gradients
Warning: Output tensor does not require gradients
Warning: Output tensor does not require gradients
Warning: Output tensor does not require gradients
Warning: Output tensor does not require gradients
Warning: Output tensor does not require gradients
Warning: Output tensor does not require gradients
Warning: Output tensor does not require gradients
Warning: Output tensor does not require gradients
Warning: Output tensor does not require gradients
Warning: Output tensor does not require gradients
Warning: Output tensor does not require gradients
Warning: Output tensor does not require gradients
Warning: Output tensor does not require gradients
Warning: Output tensor does not require gradients
Warning: Output tensor does not require gradients
Warning: Output tensor does not require gradients
Warning: Output tensor does not require gradients
Warning: Output tensor does not require gradients
Warning: Output tensor does not require gradients
Warning: Output tensor does not require gradients
Warning: Output tensor does not require gradients
Warning: Output tensor does not require gradients
Warning: Output tensor does not require gradients
Warning: Output tensor does not require gradients
Warning: Output tensor does not require gradients
Warning: Output tensor does not require gradients
Warning: Output tensor does not require gradients
Warning: Output tensor does not require gradients
Warning: Output tensor does not require gradients
Warning: Output tensor does not require gradients
Warning: Output tensor does not require gradients
Warning: Output tensor does not require gradients
Warning: Output tensor does not require gradients
Warning: Output tensor does not require gradients
Warning: Output tensor does not require gradients
Warning: Output tensor does not require gradients
Warning: Output tensor does not require gradients
Warning: Output tensor does not require gradients
Warning: Output tensor does not require gradients
Warning: Output tensor does not require gradients
Warning: Output tensor does not require gradients
Warning: Output tensor does not require gradients
Warning: Output tensor does not require gradients
Warning: Output tensor does not require gradients
Warning: Output tensor does not require gradients
Warning: Output tensor does not require gradients
Warning: Output tensor does not require gradients
Warning: Output tensor does not require gradients
Warning: Output tensor does not require gradients
Warning: Output tensor does not require gradients
Warning: Output tensor does not require gradients
Warning: Output tensor does not require gradients
Warning: Output tensor does not require gradients
Warning: Output tensor does not require gradients
Warning: Output tensor does not require gradients
Warning: Output tensor does not require gradients
Warning: Output tensor does not require gradients
Warning: Output tensor does not require gradients
Warning: Output tensor does not require gradients
Warning: Output tensor does not require gradients
Warning: Output tensor does not require gradients
Warning: Output tensor does not require gradients
Warning: Output tensor does not require gradients
Warning: Output tensor does not require gradients
Warning: Output tensor does not require gradients
Warning: Output tensor does not require gradients
Warning: Output tensor does not require gradients
Warning: Output tensor does not require gradients
Warning: Output tensor does not require gradients
Warning: Output tensor does not require gradients
Warning: Output tensor does not require gradients
Warning: Output tensor does not require gradients
Warning: Output tensor does not require gradients
Warning: Output tensor does not require gradients
Warning: Output tensor does not require gradients
Warning: Output tensor does not require gradients
Warning: Output tensor does not require gradients
Warning: Output tensor does not require gradients
Warning: Output tensor does not require gradients
Warning: Output tensor does not require gradients
Warning: Output tensor does not require gradients
Warning: Output tensor does not require gradients
Warning: Output tensor does not require gradients
Warning: Output tensor does not require gradients
Warning: Output tensor does not require gradients
Warning: Output tensor does not require gradients
Warning: Output tensor does not require gradients
Warning: Output tensor does not require gradients
Warning: Output tensor does not require gradients
Warning: Output tensor does not require gradients
Warning: Output tensor does not require gradients
Warning: Output tensor does not require gradients
Warning: Output tensor does not require gradients
Warning: Output tensor does not require gradients
Warning: Output tensor does not require gradients
Warning: Output tensor does not require gradients
Warning: Output tensor does not require gradients
Warning: Output tensor does not require gradients
Warning: Output tensor does not require gradients
Warning: Output tensor does not require gradients
Warning: Output tensor does not require gradients
Warning: Output tensor does not require gradients
Warning: Output tensor does not require gradients
Warning: Output tensor does not require gradients
Warning: Output tensor does not require gradients
Warning: Output tensor does not require gradients
Warning: Output tensor does not require gradients
Warning: Output tensor does not require gradients
Warning: Output tensor does not require gradients
Warning: Output tensor does not require gradients
Warning: Output tensor does not require gradients
Warning: Output tensor does not require gradients
Warning: Output tensor does not require gradients
Warning: Output tensor does not require gradients
Warning: Output tensor does not require gradients
Warning: Output tensor does not require gradients
Warning: Output tensor does not require gradients
Warning: Output tensor does not require gradients
Warning: Output tensor does not require gradients
Warning: Output tensor does not require gradients
Warning: Output tensor does not require gradients
Warning: Output tensor does not require gradients
Warning: Output tensor does not require gradients
Warning: Output tensor does not require gradients
Warning: Output tensor does not require gradients
Warning: Output tensor does not require gradients
Warning: Output tensor does not require gradients
Warning: Output tensor does not require gradients
Warning: Output tensor does not require gradients
Warning: Output tensor does not require gradients
Warning: Output tensor does not require gradients
Warning: Output tensor does not require gradients
Warning: Output tensor does not require gradients
Warning: Output tensor does not require gradients
Warning: Output tensor does not require gradients
Warning: Output tensor does not require gradients
Warning: Output tensor does not require gradients
Warning: Output tensor does not require gradients
Warning: Output tensor does not require gradients
Warning: Output tensor does not require gradients
Warning: Output tensor does not require gradients
Warning: Output tensor does not require gradients
Warning: Output tensor does not require gradients
Warning: Output tensor does not require gradients
Warning: Output tensor does not require gradients
Warning: Output tensor does not require gradients
Warning: Output tensor does not require gradients
Warning: Output tensor does not require gradients
Warning: Output tensor does not require gradients
Warning: Output tensor does not require gradients
Warning: Output tensor does not require gradients
Warning: Output tensor does not require gradients
Warning: Output tensor does not require gradients
Warning: Output tensor does not require gradients
Warning: Output tensor does not require gradients
Warning: Output tensor does not require gradients
Warning: Output tensor does not require gradients
Warning: Output tensor does not require gradients
Warning: Output tensor does not require gradients
Warning: Output tensor does not require gradients
Warning: Output tensor does not require gradients
Warning: Output tensor does not require gradients
Warning: Output tensor does not require gradients
Warning: Output tensor does not require gradients
Warning: Output tensor does not require gradients
Warning: Output tensor does not require gradients
Warning: Output tensor does not require gradients
Warning: Output tensor does not require gradients
Warning: Output tensor does not require gradients
Warning: Output tensor does not require gradients
Warning: Output tensor does not require gradients
Warning: Output tensor does not require gradients
Warning: Output tensor does not require gradients
Warning: Output tensor does not require gradients
Warning: Output tensor does not require gradients
Warning: Output tensor does not require gradients
Warning: Output tensor does not require gradients
Warning: Output tensor does not require gradients
Warning: Output tensor does not require gradients
Warning: Output tensor does not require gradients
Warning: Output tensor does not require gradients
Warning: Output tensor does not require gradients
Warning: Output tensor does not require gradients
Warning: Output tensor does not require gradients
Warning: Output tensor does not require gradients
Warning: Output tensor does not require gradients
Warning: Output tensor does not require gradients
Warning: Output tensor does not require gradients
Warning: Output tensor does not require gradients
Warning: Output tensor does not require gradients
Warning: Output tensor does not require gradients
Warning: Output tensor does not require gradients
Warning: Output tensor does not require gradients
Warning: Output tensor does not require gradients
Warning: Output tensor does not require gradients
Warning: Output tensor does not require gradients
Warning: Output tensor does not require gradients
Warning: Output tensor does not require gradients
Warning: Output tensor does not require gradients
Warning: Output tensor does not require gradients
Warning: Output tensor does not require gradients
Warning: Output tensor does not require gradients
Warning: Output tensor does not require gradients
Warning: Output tensor does not require gradients
Warning: Output tensor does not require gradients
Warning: Output tensor does not require gradients
Warning: Output tensor does not require gradients
Warning: Output tensor does not require gradients
Warning: Output tensor does not require gradients
Warning: Output tensor does not require gradients
Warning: Output tensor does not require gradients
Warning: Output tensor does not require gradients
Warning: Output tensor does not require gradients
Warning: Output tensor does not require gradients
Warning: Output tensor does not require gradients
Warning: Output tensor does not require gradients
Warning: Output tensor does not require gradients
Warning: Output tensor does not require gradients
Warning: Output tensor does not require gradients
Warning: Output tensor does not require gradients
Warning: Output tensor does not require gradients
Warning: Output tensor does not require gradients
Warning: Output tensor does not require gradients
Warning: Output tensor does not require gradients
Warning: Output tensor does not require gradients
Warning: Output tensor does not require gradients
Warning: Output tensor does not require gradients
Warning: Output tensor does not require gradients
Warning: Output tensor does not require gradients
Warning: Output tensor does not require gradients
Warning: Output tensor does not require gradients
Warning: Output tensor does not require gradients
Warning: Output tensor does not require gradients
Warning: Output tensor does not require gradients
Warning: Output tensor does not require gradients
Warning: Output tensor does not require gradients
Warning: Output tensor does not require gradients
Warning: Output tensor does not require gradients
Warning: Output tensor does not require gradients
Warning: Output tensor does not require gradients
Warning: Output tensor does not require gradients
Warning: Output tensor does not require gradients
Warning: Output tensor does not require gradients
Warning: Output tensor does not require gradients
Warning: Output tensor does not require gradients
Warning: Output tensor does not require gradients
Warning: Output tensor does not require gradients
Warning: Output tensor does not require gradients
Warning: Output tensor does not require gradients
Warning: Output tensor does not require gradients
Warning: Output tensor does not require gradients
Warning: Output tensor does not require gradients
Warning: Output tensor does not require gradients
Warning: Output tensor does not require gradients
Warning: Output tensor does not require gradients
Warning: Output tensor does not require gradients
Warning: Output tensor does not require gradients
Warning: Output tensor does not require gradients
Warning: Output tensor does not require gradients
Warning: Output tensor does not require gradients
Warning: Output tensor does not require gradients
Warning: Output tensor does not require gradients
Warning: Output tensor does not require gradients
Warning: Output tensor does not require gradients
Warning: Output tensor does not require gradients
Warning: Output tensor does not require gradients
Warning: Output tensor does not require gradients
Warning: Output tensor does not require gradients
Warning: Output tensor does not require gradients
Warning: Output tensor does not require gradients
Warning: Output tensor does not require gradients
Warning: Output tensor does not require gradients
Warning: Output tensor does not require gradients
Warning: Output tensor does not require gradients
Warning: Output tensor does not require gradients
Warning: Output tensor does not require gradients
Warning: Output tensor does not require gradients
Warning: Output tensor does not require gradients
Warning: Output tensor does not require gradients
Warning: Output tensor does not require gradients
Warning: Output tensor does not require gradients
Warning: Output tensor does not require gradients
Warning: Output tensor does not require gradients
Warning: Output tensor does not require gradients
Warning: Output tensor does not require gradients
Warning: Output tensor does not require gradients
Warning: Output tensor does not require gradients
Warning: Output tensor does not require gradients
Warning: Output tensor does not require gradients
Warning: Output tensor does not require gradients
Warning: Output tensor does not require gradients
Warning: Output tensor does not require gradients
Warning: Output tensor does not require gradients
Warning: Output tensor does not require gradients
Warning: Output tensor does not require gradients
Warning: Output tensor does not require gradients
Warning: Output tensor does not require gradients
Warning: Output tensor does not require gradients
Warning: Output tensor does not require gradients
Warning: Output tensor does not require gradients
Warning: Output tensor does not require gradients
Warning: Output tensor does not require gradients
Warning: Output tensor does not require gradients
Warning: Output tensor does not require gradients
Warning: Output tensor does not require gradients
Warning: Output tensor does not require gradients
Warning: Output tensor does not require gradients
Warning: Output tensor does not require gradients
Warning: Output tensor does not require gradients
Warning: Output tensor does not require gradients
Warning: Output tensor does not require gradients
Warning: Output tensor does not require gradients
Warning: Output tensor does not require gradients
Warning: Output tensor does not require gradients
Warning: Output tensor does not require gradients
Warning: Output tensor does not require gradients
Warning: Output tensor does not require gradients
Warning: Output tensor does not require gradients
Warning: Output tensor does not require gradients
Warning: Output tensor does not require gradients
Warning: Output tensor does not require gradients
Warning: Output tensor does not require gradients
Warning: Output tensor does not require gradients
Warning: Output tensor does not require gradients
Warning: Output tensor does not require gradients
Warning: Output tensor does not require gradients
Warning: Output tensor does not require gradients
Warning: Output tensor does not require gradients
Warning: Output tensor does not require gradients
Warning: Output tensor does not require gradients
Warning: Output tensor does not require gradients
Warning: Output tensor does not require gradients
Warning: Output tensor does not require gradients
Warning: Output tensor does not require gradients
Warning: Output tensor does not require gradients
Warning: Output tensor does not require gradients
Warning: Output tensor does not require gradients
Warning: Output tensor does not require gradients
Warning: Output tensor does not require gradients
Warning: Output tensor does not require gradients
Warning: Output tensor does not require gradients
Warning: Output tensor does not require gradients
Warning: Output tensor does not require gradients
Warning: Output tensor does not require gradients
Warning: Output tensor does not require gradients
Warning: Output tensor does not require gradients
Warning: Output tensor does not require gradients
Warning: Output tensor does not require gradients
Warning: Output tensor does not require gradients
Warning: Output tensor does not require gradients
Warning: Output tensor does not require gradients
Warning: Output tensor does not require gradients
Warning: Output tensor does not require gradients
Warning: Output tensor does not require gradients
Warning: Output tensor does not require gradients
Warning: Output tensor does not require gradients
Warning: Output tensor does not require gradients
Warning: Output tensor does not require gradients
Warning: Output tensor does not require gradients
Warning: Output tensor does not require gradients
Warning: Output tensor does not require gradients
Warning: Output tensor does not require gradients
Warning: Output tensor does not require gradients
Warning: Output tensor does not require gradients
Warning: Output tensor does not require gradients
Warning: Output tensor does not require gradients
Warning: Output tensor does not require gradients
Warning: Output tensor does not require gradients
Warning: Output tensor does not require gradients
Warning: Output tensor does not require gradients
Warning: Output tensor does not require gradients
Warning: Output tensor does not require gradients
Warning: Output tensor does not require gradients
Warning: Output tensor does not require gradients
Warning: Output tensor does not require gradients
Warning: Output tensor does not require gradients
Warning: Output tensor does not require gradients
Warning: Output tensor does not require gradients
Warning: Output tensor does not require gradients
Warning: Output tensor does not require gradients
Warning: Output tensor does not require gradients
Warning: Output tensor does not require gradients
Warning: Output tensor does not require gradients
Warning: Output tensor does not require gradients
Warning: Output tensor does not require gradients
Warning: Output tensor does not require gradients
Warning: Output tensor does not require gradients
Warning: Output tensor does not require gradients
Warning: Output tensor does not require gradients
Warning: Output tensor does not require gradients
Warning: Output tensor does not require gradients
Warning: Output tensor does not require gradients
Warning: Output tensor does not require gradients
Warning: Output tensor does not require gradients
Warning: Output tensor does not require gradients
Warning: Output tensor does not require gradients
Warning: Output tensor does not require gradients
Warning: Output tensor does not require gradients
Warning: Output tensor does not require gradients
Warning: Output tensor does not require gradients
Warning: Output tensor does not require gradients
Warning: Output tensor does not require gradients
Warning: Output tensor does not require gradients
Warning: Output tensor does not require gradients
Warning: Output tensor does not require gradients
Warning: Output tensor does not require gradients
Warning: Output tensor does not require gradients
Warning: Output tensor does not require gradients
Warning: Output tensor does not require gradients
Warning: Output tensor does not require gradients
Warning: Output tensor does not require gradients
Warning: Output tensor does not require gradients
Warning: Output tensor does not require gradients
Warning: Output tensor does not require gradients
Warning: Output tensor does not require gradients
Warning: Output tensor does not require gradients
Warning: Output tensor does not require gradients
Warning: Output tensor does not require gradients
Warning: Output tensor does not require gradients
Warning: Output tensor does not require gradients
Warning: Output tensor does not require gradients
Warning: Output tensor does not require gradients
Warning: Output tensor does not require gradients
Warning: Output tensor does not require gradients
Warning: Output tensor does not require gradients
Warning: Output tensor does not require gradients
Warning: Output tensor does not require gradients
Warning: Output tensor does not require gradients
Warning: Output tensor does not require gradients
Warning: Output tensor does not require gradients
Warning: Output tensor does not require gradients
Warning: Output tensor does not require gradients
Warning: Output tensor does not require gradients
Warning: Output tensor does not require gradients
Warning: Output tensor does not require gradients
Warning: Output tensor does not require gradients
Warning: Output tensor does not require gradients
Warning: Output tensor does not require gradients
Warning: Output tensor does not require gradients
Warning: Output tensor does not require gradients
Warning: Output tensor does not require gradients
Warning: Output tensor does not require gradients
Warning: Output tensor does not require gradients
Warning: Output tensor does not require gradients
Warning: Output tensor does not require gradients
Warning: Output tensor does not require gradients
Warning: Output tensor does not require gradients
Warning: Output tensor does not require gradients
Warning: Output tensor does not require gradients
Warning: Output tensor does not require gradients
Warning: Output tensor does not require gradients
Warning: Output tensor does not require gradients
Warning: Output tensor does not require gradients
Warning: Output tensor does not require gradients
Warning: Output tensor does not require gradients
Warning: Output tensor does not require gradients
Warning: Output tensor does not require gradients
Warning: Output tensor does not require gradients
Warning: Output tensor does not require gradients
Warning: Output tensor does not require gradients
Warning: Output tensor does not require gradients
Warning: Output tensor does not require gradients
Warning: Output tensor does not require gradients
Warning: Output tensor does not require gradients
Warning: Output tensor does not require gradients
Warning: Output tensor does not require gradients
Warning: Output tensor does not require gradients
Warning: Output tensor does not require gradients
Warning: Output tensor does not require gradients
Warning: Output tensor does not require gradients
Warning: Output tensor does not require gradients
Warning: Output tensor does not require gradients
Warning: Output tensor does not require gradients
Warning: Output tensor does not require gradients
Warning: Output tensor does not require gradients
Warning: Output tensor does not require gradients
Warning: Output tensor does not require gradients
Warning: Output tensor does not require gradients
Warning: Output tensor does not require gradients
Warning: Output tensor does not require gradients
Warning: Output tensor does not require gradients
Warning: Output tensor does not require gradients
Warning: Output tensor does not require gradients
Warning: Output tensor does not require gradients
Warning: Output tensor does not require gradients
Warning: Output tensor does not require gradients
Warning: Output tensor does not require gradients
Early stopping triggered after 9 epochs

Generating attention visualizations...
