Using device: cuda
Training model...
Epoch 1/100 | Batch 0/21973 | Loss: 3.7110 | BPB: 5.3539 | LR: 0.000000 | ms/batch: 855.8
Epoch 1/100 | Batch 100/21973 | Loss: 3.6966 | BPB: 5.3330 | LR: 0.000000 | ms/batch: 56.0
Epoch 1/100 | Batch 200/21973 | Loss: 3.6950 | BPB: 5.3307 | LR: 0.000000 | ms/batch: 51.4
Epoch 1/100 | Batch 300/21973 | Loss: 3.6951 | BPB: 5.3309 | LR: 0.000000 | ms/batch: 49.8
Epoch 1/100 | Batch 400/21973 | Loss: 3.6948 | BPB: 5.3305 | LR: 0.000000 | ms/batch: 49.1
Epoch 1/100 | Batch 500/21973 | Loss: 3.6944 | BPB: 5.3299 | LR: 0.000000 | ms/batch: 48.7
Epoch 1/100 | Batch 600/21973 | Loss: 3.6940 | BPB: 5.3294 | LR: 0.000000 | ms/batch: 48.5
Epoch 1/100 | Batch 700/21973 | Loss: 3.6937 | BPB: 5.3289 | LR: 0.000000 | ms/batch: 48.3
Epoch 1/100 | Batch 800/21973 | Loss: 3.6932 | BPB: 5.3282 | LR: 0.000000 | ms/batch: 48.2
Epoch 1/100 | Batch 900/21973 | Loss: 3.6927 | BPB: 5.3275 | LR: 0.000000 | ms/batch: 48.0
Epoch 1/100 | Batch 1000/21973 | Loss: 3.6921 | BPB: 5.3265 | LR: 0.000000 | ms/batch: 47.9
Epoch 1/100 | Batch 1100/21973 | Loss: 3.6914 | BPB: 5.3255 | LR: 0.000000 | ms/batch: 47.9
Epoch 1/100 | Batch 1200/21973 | Loss: 3.6906 | BPB: 5.3243 | LR: 0.000000 | ms/batch: 47.9
Epoch 1/100 | Batch 1300/21973 | Loss: 3.6897 | BPB: 5.3231 | LR: 0.000000 | ms/batch: 47.8
Epoch 1/100 | Batch 1400/21973 | Loss: 3.6888 | BPB: 5.3218 | LR: 0.000000 | ms/batch: 47.8
Epoch 1/100 | Batch 1500/21973 | Loss: 3.6878 | BPB: 5.3204 | LR: 0.000000 | ms/batch: 47.7
Epoch 1/100 | Batch 1600/21973 | Loss: 3.6868 | BPB: 5.3189 | LR: 0.000000 | ms/batch: 47.8
Epoch 1/100 | Batch 1700/21973 | Loss: 3.6857 | BPB: 5.3173 | LR: 0.000000 | ms/batch: 47.7
Epoch 1/100 | Batch 1800/21973 | Loss: 3.6846 | BPB: 5.3157 | LR: 0.000000 | ms/batch: 47.7
Epoch 1/100 | Batch 1900/21973 | Loss: 3.6833 | BPB: 5.3139 | LR: 0.000000 | ms/batch: 47.7
Epoch 1/100 | Batch 2000/21973 | Loss: 3.6820 | BPB: 5.3120 | LR: 0.000000 | ms/batch: 47.7
Epoch 1/100 | Batch 2100/21973 | Loss: 3.6807 | BPB: 5.3102 | LR: 0.000000 | ms/batch: 47.7
Epoch 1/100 | Batch 2200/21973 | Loss: 3.6793 | BPB: 5.3081 | LR: 0.000000 | ms/batch: 47.7
Epoch 1/100 | Batch 2300/21973 | Loss: 3.6777 | BPB: 5.3059 | LR: 0.000000 | ms/batch: 47.7
Epoch 1/100 | Batch 2400/21973 | Loss: 3.6762 | BPB: 5.3036 | LR: 0.000000 | ms/batch: 47.7
Epoch 1/100 | Batch 2500/21973 | Loss: 3.6746 | BPB: 5.3014 | LR: 0.000000 | ms/batch: 47.7
Epoch 1/100 | Batch 2600/21973 | Loss: 3.6729 | BPB: 5.2989 | LR: 0.000000 | ms/batch: 47.7
Epoch 1/100 | Batch 2700/21973 | Loss: 3.6712 | BPB: 5.2965 | LR: 0.000000 | ms/batch: 47.7
Epoch 1/100 | Batch 2800/21973 | Loss: 3.6695 | BPB: 5.2939 | LR: 0.000000 | ms/batch: 47.7
Epoch 1/100 | Batch 2900/21973 | Loss: 3.6676 | BPB: 5.2912 | LR: 0.000000 | ms/batch: 47.7
Epoch 1/100 | Batch 3000/21973 | Loss: 3.6657 | BPB: 5.2884 | LR: 0.000000 | ms/batch: 47.7
Epoch 1/100 | Batch 3100/21973 | Loss: 3.6637 | BPB: 5.2855 | LR: 0.000000 | ms/batch: 47.7
Epoch 1/100 | Batch 3200/21973 | Loss: 3.6616 | BPB: 5.2825 | LR: 0.000000 | ms/batch: 47.7
Epoch 1/100 | Batch 3300/21973 | Loss: 3.6594 | BPB: 5.2794 | LR: 0.000000 | ms/batch: 47.7
Epoch 1/100 | Batch 3400/21973 | Loss: 3.6572 | BPB: 5.2763 | LR: 0.000000 | ms/batch: 47.7
Epoch 1/100 | Batch 3500/21973 | Loss: 3.6550 | BPB: 5.2731 | LR: 0.000000 | ms/batch: 47.7
Epoch 1/100 | Batch 3600/21973 | Loss: 3.6527 | BPB: 5.2697 | LR: 0.000000 | ms/batch: 47.7
Epoch 1/100 | Batch 3700/21973 | Loss: 3.6503 | BPB: 5.2663 | LR: 0.000000 | ms/batch: 47.7
Epoch 1/100 | Batch 3800/21973 | Loss: 3.6478 | BPB: 5.2627 | LR: 0.000000 | ms/batch: 47.7
Epoch 1/100 | Batch 3900/21973 | Loss: 3.6453 | BPB: 5.2591 | LR: 0.000000 | ms/batch: 47.7
Epoch 1/100 | Batch 4000/21973 | Loss: 3.6428 | BPB: 5.2554 | LR: 0.000000 | ms/batch: 47.7
Epoch 1/100 | Batch 4100/21973 | Loss: 3.6401 | BPB: 5.2516 | LR: 0.000000 | ms/batch: 47.7
Epoch 1/100 | Batch 4200/21973 | Loss: 3.6374 | BPB: 5.2477 | LR: 0.000000 | ms/batch: 47.7
Epoch 1/100 | Batch 4300/21973 | Loss: 3.6347 | BPB: 5.2437 | LR: 0.000000 | ms/batch: 47.7
Epoch 1/100 | Batch 4400/21973 | Loss: 3.6319 | BPB: 5.2397 | LR: 0.000000 | ms/batch: 47.7
Epoch 1/100 | Batch 4500/21973 | Loss: 3.6290 | BPB: 5.2356 | LR: 0.000000 | ms/batch: 47.7
Epoch 1/100 | Batch 4600/21973 | Loss: 3.6262 | BPB: 5.2314 | LR: 0.000000 | ms/batch: 47.7
Epoch 1/100 | Batch 4700/21973 | Loss: 3.6232 | BPB: 5.2272 | LR: 0.000000 | ms/batch: 47.7
Epoch 1/100 | Batch 4800/21973 | Loss: 3.6202 | BPB: 5.2228 | LR: 0.000000 | ms/batch: 47.7
Epoch 1/100 | Batch 4900/21973 | Loss: 3.6171 | BPB: 5.2183 | LR: 0.000000 | ms/batch: 47.7
Epoch 1/100 | Batch 5000/21973 | Loss: 3.6140 | BPB: 5.2139 | LR: 0.000000 | ms/batch: 47.7
Epoch 1/100 | Batch 5100/21973 | Loss: 3.6108 | BPB: 5.2093 | LR: 0.000000 | ms/batch: 47.7
Epoch 1/100 | Batch 5200/21973 | Loss: 3.6075 | BPB: 5.2046 | LR: 0.000000 | ms/batch: 47.7
Epoch 1/100 | Batch 5300/21973 | Loss: 3.6043 | BPB: 5.1999 | LR: 0.000000 | ms/batch: 47.7
Epoch 1/100 | Batch 5400/21973 | Loss: 3.6009 | BPB: 5.1950 | LR: 0.000000 | ms/batch: 47.7
Epoch 1/100 | Batch 5500/21973 | Loss: 3.5975 | BPB: 5.1901 | LR: 0.000000 | ms/batch: 47.7
Epoch 1/100 | Batch 5600/21973 | Loss: 3.5941 | BPB: 5.1851 | LR: 0.000000 | ms/batch: 47.7
Epoch 1/100 | Batch 5700/21973 | Loss: 3.5905 | BPB: 5.1800 | LR: 0.000000 | ms/batch: 47.7
Epoch 1/100 | Batch 5800/21973 | Loss: 3.5869 | BPB: 5.1749 | LR: 0.000000 | ms/batch: 47.7
Epoch 1/100 | Batch 5900/21973 | Loss: 3.5833 | BPB: 5.1696 | LR: 0.000000 | ms/batch: 47.7
Epoch 1/100 | Batch 6000/21973 | Loss: 3.5797 | BPB: 5.1644 | LR: 0.000000 | ms/batch: 47.7
Epoch 1/100 | Batch 6100/21973 | Loss: 3.5759 | BPB: 5.1590 | LR: 0.000000 | ms/batch: 47.7
Epoch 1/100 | Batch 6200/21973 | Loss: 3.5722 | BPB: 5.1535 | LR: 0.000000 | ms/batch: 47.7
Epoch 1/100 | Batch 6300/21973 | Loss: 3.5683 | BPB: 5.1480 | LR: 0.000000 | ms/batch: 47.7
Epoch 1/100 | Batch 6400/21973 | Loss: 3.5645 | BPB: 5.1425 | LR: 0.000000 | ms/batch: 47.7
Epoch 1/100 | Batch 6500/21973 | Loss: 3.5606 | BPB: 5.1368 | LR: 0.000001 | ms/batch: 47.7
Epoch 1/100 | Batch 6600/21973 | Loss: 3.5566 | BPB: 5.1311 | LR: 0.000001 | ms/batch: 47.7
Epoch 1/100 | Batch 6700/21973 | Loss: 3.5526 | BPB: 5.1253 | LR: 0.000001 | ms/batch: 47.7
Epoch 1/100 | Batch 6800/21973 | Loss: 3.5486 | BPB: 5.1195 | LR: 0.000001 | ms/batch: 47.7
Epoch 1/100 | Batch 6900/21973 | Loss: 3.5444 | BPB: 5.1136 | LR: 0.000001 | ms/batch: 47.7
Epoch 1/100 | Batch 7000/21973 | Loss: 3.5403 | BPB: 5.1075 | LR: 0.000001 | ms/batch: 47.7
Epoch 1/100 | Batch 7100/21973 | Loss: 3.5361 | BPB: 5.1015 | LR: 0.000001 | ms/batch: 47.7
Epoch 1/100 | Batch 7200/21973 | Loss: 3.5319 | BPB: 5.0955 | LR: 0.000001 | ms/batch: 47.7
Epoch 1/100 | Batch 7300/21973 | Loss: 3.5276 | BPB: 5.0893 | LR: 0.000001 | ms/batch: 47.7
Epoch 1/100 | Batch 7400/21973 | Loss: 3.5233 | BPB: 5.0831 | LR: 0.000001 | ms/batch: 47.7
Epoch 1/100 | Batch 7500/21973 | Loss: 3.5190 | BPB: 5.0768 | LR: 0.000001 | ms/batch: 47.7
Epoch 1/100 | Batch 7600/21973 | Loss: 3.5145 | BPB: 5.0704 | LR: 0.000001 | ms/batch: 47.7
Epoch 1/100 | Batch 7700/21973 | Loss: 3.5101 | BPB: 5.0640 | LR: 0.000001 | ms/batch: 47.7
Epoch 1/100 | Batch 7800/21973 | Loss: 3.5056 | BPB: 5.0576 | LR: 0.000001 | ms/batch: 47.7
Epoch 1/100 | Batch 7900/21973 | Loss: 3.5011 | BPB: 5.0510 | LR: 0.000001 | ms/batch: 47.7
Epoch 1/100 | Batch 8000/21973 | Loss: 3.4965 | BPB: 5.0444 | LR: 0.000001 | ms/batch: 47.7
Epoch 1/100 | Batch 8100/21973 | Loss: 3.4919 | BPB: 5.0378 | LR: 0.000001 | ms/batch: 47.7
Epoch 1/100 | Batch 8200/21973 | Loss: 3.4873 | BPB: 5.0312 | LR: 0.000001 | ms/batch: 47.7
Epoch 1/100 | Batch 8300/21973 | Loss: 3.4827 | BPB: 5.0245 | LR: 0.000001 | ms/batch: 47.6
Epoch 1/100 | Batch 8400/21973 | Loss: 3.4780 | BPB: 5.0177 | LR: 0.000001 | ms/batch: 47.6
Epoch 1/100 | Batch 8500/21973 | Loss: 3.4733 | BPB: 5.0109 | LR: 0.000001 | ms/batch: 47.6
Epoch 1/100 | Batch 8600/21973 | Loss: 3.4686 | BPB: 5.0041 | LR: 0.000001 | ms/batch: 47.6
Epoch 1/100 | Batch 8700/21973 | Loss: 3.4637 | BPB: 4.9971 | LR: 0.000001 | ms/batch: 47.6
Epoch 1/100 | Batch 8800/21973 | Loss: 3.4589 | BPB: 4.9901 | LR: 0.000001 | ms/batch: 47.6
Epoch 1/100 | Batch 8900/21973 | Loss: 3.4541 | BPB: 4.9832 | LR: 0.000001 | ms/batch: 47.6
Epoch 1/100 | Batch 9000/21973 | Loss: 3.4492 | BPB: 4.9761 | LR: 0.000001 | ms/batch: 47.6
Epoch 1/100 | Batch 9100/21973 | Loss: 3.4443 | BPB: 4.9690 | LR: 0.000001 | ms/batch: 47.6
Epoch 1/100 | Batch 9200/21973 | Loss: 3.4393 | BPB: 4.9618 | LR: 0.000001 | ms/batch: 47.6
Epoch 1/100 | Batch 9300/21973 | Loss: 3.4343 | BPB: 4.9547 | LR: 0.000001 | ms/batch: 47.6
Epoch 1/100 | Batch 9400/21973 | Loss: 3.4293 | BPB: 4.9474 | LR: 0.000001 | ms/batch: 47.6
Epoch 1/100 | Batch 9500/21973 | Loss: 3.4243 | BPB: 4.9402 | LR: 0.000001 | ms/batch: 47.6
Epoch 1/100 | Batch 9600/21973 | Loss: 3.4192 | BPB: 4.9329 | LR: 0.000001 | ms/batch: 47.6
Epoch 1/100 | Batch 9700/21973 | Loss: 3.4141 | BPB: 4.9255 | LR: 0.000001 | ms/batch: 47.6
Epoch 1/100 | Batch 9800/21973 | Loss: 3.4090 | BPB: 4.9181 | LR: 0.000001 | ms/batch: 47.6
Epoch 1/100 | Batch 9900/21973 | Loss: 3.4039 | BPB: 4.9108 | LR: 0.000001 | ms/batch: 47.6
Epoch 1/100 | Batch 10000/21973 | Loss: 3.3987 | BPB: 4.9032 | LR: 0.000001 | ms/batch: 47.6
Epoch 1/100 | Batch 10100/21973 | Loss: 3.3935 | BPB: 4.8958 | LR: 0.000001 | ms/batch: 47.6
Epoch 1/100 | Batch 10200/21973 | Loss: 3.3883 | BPB: 4.8883 | LR: 0.000001 | ms/batch: 47.6
Epoch 1/100 | Batch 10300/21973 | Loss: 3.3831 | BPB: 4.8808 | LR: 0.000001 | ms/batch: 47.6
Epoch 1/100 | Batch 10400/21973 | Loss: 3.3779 | BPB: 4.8733 | LR: 0.000001 | ms/batch: 47.6
Epoch 1/100 | Batch 10500/21973 | Loss: 3.3726 | BPB: 4.8656 | LR: 0.000001 | ms/batch: 47.6
Epoch 1/100 | Batch 10600/21973 | Loss: 3.3673 | BPB: 4.8580 | LR: 0.000001 | ms/batch: 47.6
Epoch 1/100 | Batch 10700/21973 | Loss: 3.3619 | BPB: 4.8503 | LR: 0.000001 | ms/batch: 47.6
Epoch 1/100 | Batch 10800/21973 | Loss: 3.3566 | BPB: 4.8425 | LR: 0.000001 | ms/batch: 47.6
Epoch 1/100 | Batch 10900/21973 | Loss: 3.3512 | BPB: 4.8348 | LR: 0.000001 | ms/batch: 47.6
Epoch 1/100 | Batch 11000/21973 | Loss: 3.3458 | BPB: 4.8270 | LR: 0.000001 | ms/batch: 47.6
Epoch 1/100 | Batch 11100/21973 | Loss: 3.3404 | BPB: 4.8192 | LR: 0.000001 | ms/batch: 47.6
Epoch 1/100 | Batch 11200/21973 | Loss: 3.3350 | BPB: 4.8113 | LR: 0.000001 | ms/batch: 47.6
Epoch 1/100 | Batch 11300/21973 | Loss: 3.3295 | BPB: 4.8035 | LR: 0.000001 | ms/batch: 47.6
Epoch 1/100 | Batch 11400/21973 | Loss: 3.3241 | BPB: 4.7956 | LR: 0.000001 | ms/batch: 47.6
Epoch 1/100 | Batch 11500/21973 | Loss: 3.3186 | BPB: 4.7877 | LR: 0.000001 | ms/batch: 47.6
Epoch 1/100 | Batch 11600/21973 | Loss: 3.3131 | BPB: 4.7797 | LR: 0.000001 | ms/batch: 47.6
Epoch 1/100 | Batch 11700/21973 | Loss: 3.3075 | BPB: 4.7717 | LR: 0.000001 | ms/batch: 47.6
Epoch 1/100 | Batch 11800/21973 | Loss: 3.3020 | BPB: 4.7637 | LR: 0.000001 | ms/batch: 47.6
Epoch 1/100 | Batch 11900/21973 | Loss: 3.2964 | BPB: 4.7557 | LR: 0.000001 | ms/batch: 47.6
Epoch 1/100 | Batch 12000/21973 | Loss: 3.2909 | BPB: 4.7477 | LR: 0.000001 | ms/batch: 47.6
Epoch 1/100 | Batch 12100/21973 | Loss: 3.2854 | BPB: 4.7398 | LR: 0.000001 | ms/batch: 47.6
Epoch 1/100 | Batch 12200/21973 | Loss: 3.2798 | BPB: 4.7317 | LR: 0.000001 | ms/batch: 47.6
Epoch 1/100 | Batch 12300/21973 | Loss: 3.2742 | BPB: 4.7236 | LR: 0.000001 | ms/batch: 47.6
Epoch 1/100 | Batch 12400/21973 | Loss: 3.2686 | BPB: 4.7156 | LR: 0.000001 | ms/batch: 47.6
Epoch 1/100 | Batch 12500/21973 | Loss: 3.2629 | BPB: 4.7074 | LR: 0.000001 | ms/batch: 47.6
Epoch 1/100 | Batch 12600/21973 | Loss: 3.2573 | BPB: 4.6993 | LR: 0.000001 | ms/batch: 47.6
Epoch 1/100 | Batch 12700/21973 | Loss: 3.2516 | BPB: 4.6910 | LR: 0.000001 | ms/batch: 47.6
Epoch 1/100 | Batch 12800/21973 | Loss: 3.2459 | BPB: 4.6828 | LR: 0.000001 | ms/batch: 47.6
Epoch 1/100 | Batch 12900/21973 | Loss: 3.2401 | BPB: 4.6745 | LR: 0.000001 | ms/batch: 47.6
Epoch 1/100 | Batch 13000/21973 | Loss: 3.2344 | BPB: 4.6663 | LR: 0.000001 | ms/batch: 47.6
Epoch 1/100 | Batch 13100/21973 | Loss: 3.2287 | BPB: 4.6580 | LR: 0.000001 | ms/batch: 47.6
Epoch 1/100 | Batch 13200/21973 | Loss: 3.2229 | BPB: 4.6497 | LR: 0.000001 | ms/batch: 47.6
Epoch 1/100 | Batch 13300/21973 | Loss: 3.2172 | BPB: 4.6414 | LR: 0.000001 | ms/batch: 47.6
Epoch 1/100 | Batch 13400/21973 | Loss: 3.2114 | BPB: 4.6331 | LR: 0.000001 | ms/batch: 47.6
Epoch 1/100 | Batch 13500/21973 | Loss: 3.2057 | BPB: 4.6248 | LR: 0.000001 | ms/batch: 47.6
Epoch 1/100 | Batch 13600/21973 | Loss: 3.1999 | BPB: 4.6165 | LR: 0.000001 | ms/batch: 47.6
Epoch 1/100 | Batch 13700/21973 | Loss: 3.1942 | BPB: 4.6082 | LR: 0.000001 | ms/batch: 47.6
Epoch 1/100 | Batch 13800/21973 | Loss: 3.1884 | BPB: 4.5998 | LR: 0.000001 | ms/batch: 47.6
Epoch 1/100 | Batch 13900/21973 | Loss: 3.1826 | BPB: 4.5916 | LR: 0.000001 | ms/batch: 47.6
Epoch 1/100 | Batch 14000/21973 | Loss: 3.1769 | BPB: 4.5832 | LR: 0.000001 | ms/batch: 47.6
Epoch 1/100 | Batch 14100/21973 | Loss: 3.1710 | BPB: 4.5748 | LR: 0.000001 | ms/batch: 47.6
Epoch 1/100 | Batch 14200/21973 | Loss: 3.1652 | BPB: 4.5665 | LR: 0.000001 | ms/batch: 47.6
Epoch 1/100 | Batch 14300/21973 | Loss: 3.1594 | BPB: 4.5580 | LR: 0.000001 | ms/batch: 47.6
Epoch 1/100 | Batch 14400/21973 | Loss: 3.1536 | BPB: 4.5496 | LR: 0.000001 | ms/batch: 47.6
Epoch 1/100 | Batch 14500/21973 | Loss: 3.1477 | BPB: 4.5411 | LR: 0.000001 | ms/batch: 47.6
Epoch 1/100 | Batch 14600/21973 | Loss: 3.1418 | BPB: 4.5327 | LR: 0.000001 | ms/batch: 47.6
Epoch 1/100 | Batch 14700/21973 | Loss: 3.1360 | BPB: 4.5243 | LR: 0.000001 | ms/batch: 47.6
Epoch 1/100 | Batch 14800/21973 | Loss: 3.1301 | BPB: 4.5158 | LR: 0.000001 | ms/batch: 47.6
Epoch 1/100 | Batch 14900/21973 | Loss: 3.1242 | BPB: 4.5073 | LR: 0.000001 | ms/batch: 47.5
Epoch 1/100 | Batch 15000/21973 | Loss: 3.1183 | BPB: 4.4988 | LR: 0.000001 | ms/batch: 47.5
Epoch 1/100 | Batch 15100/21973 | Loss: 3.1125 | BPB: 4.4904 | LR: 0.000001 | ms/batch: 47.5
Epoch 1/100 | Batch 15200/21973 | Loss: 3.1066 | BPB: 4.4819 | LR: 0.000001 | ms/batch: 47.5
Epoch 1/100 | Batch 15300/21973 | Loss: 3.1008 | BPB: 4.4735 | LR: 0.000001 | ms/batch: 47.5
Epoch 1/100 | Batch 15400/21973 | Loss: 3.0950 | BPB: 4.4651 | LR: 0.000001 | ms/batch: 47.5
Epoch 1/100 | Batch 15500/21973 | Loss: 3.0892 | BPB: 4.4567 | LR: 0.000001 | ms/batch: 47.5
Epoch 1/100 | Batch 15600/21973 | Loss: 3.0833 | BPB: 4.4483 | LR: 0.000001 | ms/batch: 47.5
Epoch 1/100 | Batch 15700/21973 | Loss: 3.0775 | BPB: 4.4399 | LR: 0.000001 | ms/batch: 47.5
Epoch 1/100 | Batch 15800/21973 | Loss: 3.0717 | BPB: 4.4315 | LR: 0.000001 | ms/batch: 47.5
Epoch 1/100 | Batch 15900/21973 | Loss: 3.0659 | BPB: 4.4231 | LR: 0.000001 | ms/batch: 47.5
Epoch 1/100 | Batch 16000/21973 | Loss: 3.0600 | BPB: 4.4147 | LR: 0.000001 | ms/batch: 47.5
Epoch 1/100 | Batch 16100/21973 | Loss: 3.0542 | BPB: 4.4062 | LR: 0.000001 | ms/batch: 47.5
Epoch 1/100 | Batch 16200/21973 | Loss: 3.0483 | BPB: 4.3978 | LR: 0.000001 | ms/batch: 47.5
Epoch 1/100 | Batch 16300/21973 | Loss: 3.0425 | BPB: 4.3893 | LR: 0.000001 | ms/batch: 47.4
Epoch 1/100 | Batch 16400/21973 | Loss: 3.0366 | BPB: 4.3809 | LR: 0.000001 | ms/batch: 47.4
Epoch 1/100 | Batch 16500/21973 | Loss: 3.0308 | BPB: 4.3726 | LR: 0.000001 | ms/batch: 47.4
Epoch 1/100 | Batch 16600/21973 | Loss: 3.0250 | BPB: 4.3642 | LR: 0.000001 | ms/batch: 47.4
Epoch 1/100 | Batch 16700/21973 | Loss: 3.0192 | BPB: 4.3558 | LR: 0.000001 | ms/batch: 47.4
Epoch 1/100 | Batch 16800/21973 | Loss: 3.0134 | BPB: 4.3474 | LR: 0.000001 | ms/batch: 47.4
Epoch 1/100 | Batch 16900/21973 | Loss: 3.0075 | BPB: 4.3389 | LR: 0.000001 | ms/batch: 47.4
Epoch 1/100 | Batch 17000/21973 | Loss: 3.0017 | BPB: 4.3305 | LR: 0.000001 | ms/batch: 47.4
Epoch 1/100 | Batch 17100/21973 | Loss: 2.9959 | BPB: 4.3221 | LR: 0.000001 | ms/batch: 47.4
Epoch 1/100 | Batch 17200/21973 | Loss: 2.9900 | BPB: 4.3137 | LR: 0.000001 | ms/batch: 47.4
Epoch 1/100 | Batch 17300/21973 | Loss: 2.9843 | BPB: 4.3054 | LR: 0.000001 | ms/batch: 47.4
Epoch 1/100 | Batch 17400/21973 | Loss: 2.9785 | BPB: 4.2971 | LR: 0.000001 | ms/batch: 47.4
Epoch 1/100 | Batch 17500/21973 | Loss: 2.9727 | BPB: 4.2888 | LR: 0.000001 | ms/batch: 47.4
Epoch 1/100 | Batch 17600/21973 | Loss: 2.9670 | BPB: 4.2804 | LR: 0.000001 | ms/batch: 47.4
Epoch 1/100 | Batch 17700/21973 | Loss: 2.9613 | BPB: 4.2722 | LR: 0.000001 | ms/batch: 47.4
Epoch 1/100 | Batch 17800/21973 | Loss: 2.9555 | BPB: 4.2639 | LR: 0.000001 | ms/batch: 47.4
Epoch 1/100 | Batch 17900/21973 | Loss: 2.9498 | BPB: 4.2557 | LR: 0.000001 | ms/batch: 47.4
Epoch 1/100 | Batch 18000/21973 | Loss: 2.9441 | BPB: 4.2474 | LR: 0.000001 | ms/batch: 47.3
Epoch 1/100 | Batch 18100/21973 | Loss: 2.9384 | BPB: 4.2392 | LR: 0.000001 | ms/batch: 47.3
Epoch 1/100 | Batch 18200/21973 | Loss: 2.9328 | BPB: 4.2311 | LR: 0.000001 | ms/batch: 47.3
Epoch 1/100 | Batch 18300/21973 | Loss: 2.9271 | BPB: 4.2229 | LR: 0.000001 | ms/batch: 47.3
Epoch 1/100 | Batch 18400/21973 | Loss: 2.9214 | BPB: 4.2147 | LR: 0.000001 | ms/batch: 47.3
Epoch 1/100 | Batch 18500/21973 | Loss: 2.9157 | BPB: 4.2065 | LR: 0.000001 | ms/batch: 47.3
Epoch 1/100 | Batch 18600/21973 | Loss: 2.9102 | BPB: 4.1985 | LR: 0.000001 | ms/batch: 47.3
Epoch 1/100 | Batch 18700/21973 | Loss: 2.9045 | BPB: 4.1904 | LR: 0.000001 | ms/batch: 47.3
Epoch 1/100 | Batch 18800/21973 | Loss: 2.8989 | BPB: 4.1823 | LR: 0.000001 | ms/batch: 47.3
Epoch 1/100 | Batch 18900/21973 | Loss: 2.8933 | BPB: 4.1742 | LR: 0.000001 | ms/batch: 47.3
Epoch 1/100 | Batch 19000/21973 | Loss: 2.8877 | BPB: 4.1661 | LR: 0.000001 | ms/batch: 47.3
Epoch 1/100 | Batch 19100/21973 | Loss: 2.8822 | BPB: 4.1581 | LR: 0.000001 | ms/batch: 47.3
Epoch 1/100 | Batch 19200/21973 | Loss: 2.8766 | BPB: 4.1501 | LR: 0.000001 | ms/batch: 47.3
Epoch 1/100 | Batch 19300/21973 | Loss: 2.8711 | BPB: 4.1421 | LR: 0.000002 | ms/batch: 47.3
Epoch 1/100 | Batch 19400/21973 | Loss: 2.8655 | BPB: 4.1341 | LR: 0.000002 | ms/batch: 47.3
Epoch 1/100 | Batch 19500/21973 | Loss: 2.8600 | BPB: 4.1261 | LR: 0.000002 | ms/batch: 47.3
Epoch 1/100 | Batch 19600/21973 | Loss: 2.8545 | BPB: 4.1181 | LR: 0.000002 | ms/batch: 47.3
Epoch 1/100 | Batch 19700/21973 | Loss: 2.8490 | BPB: 4.1102 | LR: 0.000002 | ms/batch: 47.3
Epoch 1/100 | Batch 19800/21973 | Loss: 2.8435 | BPB: 4.1023 | LR: 0.000002 | ms/batch: 47.3
Epoch 1/100 | Batch 19900/21973 | Loss: 2.8380 | BPB: 4.0944 | LR: 0.000002 | ms/batch: 47.3
Epoch 1/100 | Batch 20000/21973 | Loss: 2.8326 | BPB: 4.0866 | LR: 0.000002 | ms/batch: 47.3
Epoch 1/100 | Batch 20100/21973 | Loss: 2.8272 | BPB: 4.0788 | LR: 0.000002 | ms/batch: 47.2
Epoch 1/100 | Batch 20200/21973 | Loss: 2.8218 | BPB: 4.0710 | LR: 0.000002 | ms/batch: 47.2
Epoch 1/100 | Batch 20300/21973 | Loss: 2.8165 | BPB: 4.0633 | LR: 0.000002 | ms/batch: 47.2
Epoch 1/100 | Batch 20400/21973 | Loss: 2.8111 | BPB: 4.0556 | LR: 0.000002 | ms/batch: 47.2
Epoch 1/100 | Batch 20500/21973 | Loss: 2.8057 | BPB: 4.0478 | LR: 0.000002 | ms/batch: 47.2
Epoch 1/100 | Batch 20600/21973 | Loss: 2.8004 | BPB: 4.0401 | LR: 0.000002 | ms/batch: 47.2
Epoch 1/100 | Batch 20700/21973 | Loss: 2.7951 | BPB: 4.0325 | LR: 0.000002 | ms/batch: 47.2
Epoch 1/100 | Batch 20800/21973 | Loss: 2.7898 | BPB: 4.0248 | LR: 0.000002 | ms/batch: 47.2
Epoch 1/100 | Batch 20900/21973 | Loss: 2.7845 | BPB: 4.0172 | LR: 0.000002 | ms/batch: 47.2
Epoch 1/100 | Batch 21000/21973 | Loss: 2.7792 | BPB: 4.0096 | LR: 0.000002 | ms/batch: 47.2
Epoch 1/100 | Batch 21100/21973 | Loss: 2.7740 | BPB: 4.0021 | LR: 0.000002 | ms/batch: 47.2
Epoch 1/100 | Batch 21200/21973 | Loss: 2.7688 | BPB: 3.9945 | LR: 0.000002 | ms/batch: 47.2
Epoch 1/100 | Batch 21300/21973 | Loss: 2.7635 | BPB: 3.9869 | LR: 0.000002 | ms/batch: 47.2
Epoch 1/100 | Batch 21400/21973 | Loss: 2.7583 | BPB: 3.9794 | LR: 0.000002 | ms/batch: 47.2
Epoch 1/100 | Batch 21500/21973 | Loss: 2.7532 | BPB: 3.9720 | LR: 0.000002 | ms/batch: 47.2
Epoch 1/100 | Batch 21600/21973 | Loss: 2.7480 | BPB: 3.9646 | LR: 0.000002 | ms/batch: 47.2
Epoch 1/100 | Batch 21700/21973 | Loss: 2.7429 | BPB: 3.9572 | LR: 0.000002 | ms/batch: 47.2
Epoch 1/100 | Batch 21800/21973 | Loss: 2.7378 | BPB: 3.9498 | LR: 0.000002 | ms/batch: 47.2
Epoch 1/100 | Batch 21900/21973 | Loss: 2.7327 | BPB: 3.9425 | LR: 0.000002 | ms/batch: 47.2

Epoch 1/100 Summary:
Training Loss: 2.7291 (BPB: 3.9372)
Validation Loss: 1.0376 (BPB: 1.4970)
Best Validation Loss: 1.0376
Learning Rate: 0.000002
Epoch 2/100 | Batch 0/21973 | Loss: 1.5976 | BPB: 2.3049 | LR: 0.000002 | ms/batch: 120.7
Epoch 2/100 | Batch 100/21973 | Loss: 1.6143 | BPB: 2.3290 | LR: 0.000002 | ms/batch: 48.5
Epoch 2/100 | Batch 200/21973 | Loss: 1.6077 | BPB: 2.3194 | LR: 0.000002 | ms/batch: 47.8
Epoch 2/100 | Batch 300/21973 | Loss: 1.6032 | BPB: 2.3129 | LR: 0.000002 | ms/batch: 47.2
Epoch 2/100 | Batch 400/21973 | Loss: 1.6004 | BPB: 2.3089 | LR: 0.000002 | ms/batch: 47.0
Epoch 2/100 | Batch 500/21973 | Loss: 1.5971 | BPB: 2.3041 | LR: 0.000002 | ms/batch: 46.7
Epoch 2/100 | Batch 600/21973 | Loss: 1.5953 | BPB: 2.3015 | LR: 0.000002 | ms/batch: 46.7
Epoch 2/100 | Batch 700/21973 | Loss: 1.5912 | BPB: 2.2956 | LR: 0.000002 | ms/batch: 46.6
Epoch 2/100 | Batch 800/21973 | Loss: 1.5894 | BPB: 2.2930 | LR: 0.000002 | ms/batch: 46.5
Epoch 2/100 | Batch 900/21973 | Loss: 1.5867 | BPB: 2.2891 | LR: 0.000002 | ms/batch: 46.5
Epoch 2/100 | Batch 1000/21973 | Loss: 1.5843 | BPB: 2.2857 | LR: 0.000002 | ms/batch: 46.4
Epoch 2/100 | Batch 1100/21973 | Loss: 1.5820 | BPB: 2.2824 | LR: 0.000002 | ms/batch: 46.4
Epoch 2/100 | Batch 1200/21973 | Loss: 1.5792 | BPB: 2.2783 | LR: 0.000002 | ms/batch: 46.4
Epoch 2/100 | Batch 1300/21973 | Loss: 1.5766 | BPB: 2.2745 | LR: 0.000002 | ms/batch: 46.4
Epoch 2/100 | Batch 1400/21973 | Loss: 1.5729 | BPB: 2.2692 | LR: 0.000002 | ms/batch: 46.4
Epoch 2/100 | Batch 1500/21973 | Loss: 1.5705 | BPB: 2.2657 | LR: 0.000002 | ms/batch: 46.3
Epoch 2/100 | Batch 1600/21973 | Loss: 1.5681 | BPB: 2.2622 | LR: 0.000002 | ms/batch: 46.4
Epoch 2/100 | Batch 1700/21973 | Loss: 1.5652 | BPB: 2.2581 | LR: 0.000002 | ms/batch: 46.4
Epoch 2/100 | Batch 1800/21973 | Loss: 1.5626 | BPB: 2.2543 | LR: 0.000002 | ms/batch: 46.3
Epoch 2/100 | Batch 1900/21973 | Loss: 1.5596 | BPB: 2.2500 | LR: 0.000002 | ms/batch: 46.3
Epoch 2/100 | Batch 2000/21973 | Loss: 1.5573 | BPB: 2.2467 | LR: 0.000002 | ms/batch: 46.3
Epoch 2/100 | Batch 2100/21973 | Loss: 1.5550 | BPB: 2.2434 | LR: 0.000002 | ms/batch: 46.3
Epoch 2/100 | Batch 2200/21973 | Loss: 1.5527 | BPB: 2.2401 | LR: 0.000002 | ms/batch: 46.3
Epoch 2/100 | Batch 2300/21973 | Loss: 1.5500 | BPB: 2.2362 | LR: 0.000002 | ms/batch: 46.3
Epoch 2/100 | Batch 2400/21973 | Loss: 1.5475 | BPB: 2.2326 | LR: 0.000002 | ms/batch: 46.3
Epoch 2/100 | Batch 2500/21973 | Loss: 1.5452 | BPB: 2.2293 | LR: 0.000002 | ms/batch: 46.3
Epoch 2/100 | Batch 2600/21973 | Loss: 1.5429 | BPB: 2.2259 | LR: 0.000002 | ms/batch: 46.3
Epoch 2/100 | Batch 2700/21973 | Loss: 1.5406 | BPB: 2.2226 | LR: 0.000002 | ms/batch: 46.3
Epoch 2/100 | Batch 2800/21973 | Loss: 1.5384 | BPB: 2.2195 | LR: 0.000002 | ms/batch: 46.3
Epoch 2/100 | Batch 2900/21973 | Loss: 1.5358 | BPB: 2.2157 | LR: 0.000002 | ms/batch: 46.3
Epoch 2/100 | Batch 3000/21973 | Loss: 1.5334 | BPB: 2.2123 | LR: 0.000002 | ms/batch: 46.3
Epoch 2/100 | Batch 3100/21973 | Loss: 1.5311 | BPB: 2.2090 | LR: 0.000002 | ms/batch: 46.3
Epoch 2/100 | Batch 3200/21973 | Loss: 1.5291 | BPB: 2.2060 | LR: 0.000002 | ms/batch: 46.3
Epoch 2/100 | Batch 3300/21973 | Loss: 1.5267 | BPB: 2.2025 | LR: 0.000002 | ms/batch: 46.3
Epoch 2/100 | Batch 3400/21973 | Loss: 1.5244 | BPB: 2.1992 | LR: 0.000002 | ms/batch: 46.3
Epoch 2/100 | Batch 3500/21973 | Loss: 1.5222 | BPB: 2.1961 | LR: 0.000002 | ms/batch: 46.3
Epoch 2/100 | Batch 3600/21973 | Loss: 1.5200 | BPB: 2.1929 | LR: 0.000002 | ms/batch: 46.3
Epoch 2/100 | Batch 3700/21973 | Loss: 1.5179 | BPB: 2.1899 | LR: 0.000002 | ms/batch: 46.3
Epoch 2/100 | Batch 3800/21973 | Loss: 1.5159 | BPB: 2.1870 | LR: 0.000002 | ms/batch: 46.3
Epoch 2/100 | Batch 3900/21973 | Loss: 1.5137 | BPB: 2.1839 | LR: 0.000002 | ms/batch: 46.3
Epoch 2/100 | Batch 4000/21973 | Loss: 1.5117 | BPB: 2.1809 | LR: 0.000002 | ms/batch: 46.3
Epoch 2/100 | Batch 4100/21973 | Loss: 1.5095 | BPB: 2.1778 | LR: 0.000002 | ms/batch: 46.3
Epoch 2/100 | Batch 4200/21973 | Loss: 1.5075 | BPB: 2.1749 | LR: 0.000002 | ms/batch: 46.3
Epoch 2/100 | Batch 4300/21973 | Loss: 1.5054 | BPB: 2.1718 | LR: 0.000002 | ms/batch: 46.3
Epoch 2/100 | Batch 4400/21973 | Loss: 1.5033 | BPB: 2.1689 | LR: 0.000002 | ms/batch: 46.3
Epoch 2/100 | Batch 4500/21973 | Loss: 1.5013 | BPB: 2.1659 | LR: 0.000002 | ms/batch: 46.3
Epoch 2/100 | Batch 4600/21973 | Loss: 1.4992 | BPB: 2.1630 | LR: 0.000002 | ms/batch: 46.3
Epoch 2/100 | Batch 4700/21973 | Loss: 1.4972 | BPB: 2.1600 | LR: 0.000002 | ms/batch: 46.3
Epoch 2/100 | Batch 4800/21973 | Loss: 1.4953 | BPB: 2.1572 | LR: 0.000002 | ms/batch: 46.3
Epoch 2/100 | Batch 4900/21973 | Loss: 1.4934 | BPB: 2.1545 | LR: 0.000002 | ms/batch: 46.3
Epoch 2/100 | Batch 5000/21973 | Loss: 1.4913 | BPB: 2.1515 | LR: 0.000002 | ms/batch: 46.3
Epoch 2/100 | Batch 5100/21973 | Loss: 1.4894 | BPB: 2.1487 | LR: 0.000002 | ms/batch: 46.3
Epoch 2/100 | Batch 5200/21973 | Loss: 1.4874 | BPB: 2.1459 | LR: 0.000002 | ms/batch: 46.3
Epoch 2/100 | Batch 5300/21973 | Loss: 1.4856 | BPB: 2.1432 | LR: 0.000002 | ms/batch: 46.3
Epoch 2/100 | Batch 5400/21973 | Loss: 1.4837 | BPB: 2.1405 | LR: 0.000002 | ms/batch: 46.3
Epoch 2/100 | Batch 5500/21973 | Loss: 1.4818 | BPB: 2.1378 | LR: 0.000002 | ms/batch: 46.3
Epoch 2/100 | Batch 5600/21973 | Loss: 1.4799 | BPB: 2.1350 | LR: 0.000002 | ms/batch: 46.3
Epoch 2/100 | Batch 5700/21973 | Loss: 1.4781 | BPB: 2.1324 | LR: 0.000002 | ms/batch: 46.3
Epoch 2/100 | Batch 5800/21973 | Loss: 1.4762 | BPB: 2.1297 | LR: 0.000002 | ms/batch: 46.3
Epoch 2/100 | Batch 5900/21973 | Loss: 1.4742 | BPB: 2.1269 | LR: 0.000002 | ms/batch: 46.3
Epoch 2/100 | Batch 6000/21973 | Loss: 1.4724 | BPB: 2.1243 | LR: 0.000002 | ms/batch: 46.3
Epoch 2/100 | Batch 6100/21973 | Loss: 1.4705 | BPB: 2.1215 | LR: 0.000002 | ms/batch: 46.3
Epoch 2/100 | Batch 6200/21973 | Loss: 1.4688 | BPB: 2.1190 | LR: 0.000002 | ms/batch: 46.3
Epoch 2/100 | Batch 6300/21973 | Loss: 1.4670 | BPB: 2.1164 | LR: 0.000002 | ms/batch: 46.3
Epoch 2/100 | Batch 6400/21973 | Loss: 1.4653 | BPB: 2.1139 | LR: 0.000002 | ms/batch: 46.3
Epoch 2/100 | Batch 6500/21973 | Loss: 1.4635 | BPB: 2.1114 | LR: 0.000002 | ms/batch: 46.3
Epoch 2/100 | Batch 6600/21973 | Loss: 1.4618 | BPB: 2.1089 | LR: 0.000002 | ms/batch: 46.3
Epoch 2/100 | Batch 6700/21973 | Loss: 1.4600 | BPB: 2.1064 | LR: 0.000002 | ms/batch: 46.3
Epoch 2/100 | Batch 6800/21973 | Loss: 1.4585 | BPB: 2.1042 | LR: 0.000002 | ms/batch: 46.3
Epoch 2/100 | Batch 6900/21973 | Loss: 1.4569 | BPB: 2.1018 | LR: 0.000002 | ms/batch: 46.3
Epoch 2/100 | Batch 7000/21973 | Loss: 1.4552 | BPB: 2.0995 | LR: 0.000002 | ms/batch: 46.3
Epoch 2/100 | Batch 7100/21973 | Loss: 1.4535 | BPB: 2.0970 | LR: 0.000002 | ms/batch: 46.3
Epoch 2/100 | Batch 7200/21973 | Loss: 1.4519 | BPB: 2.0947 | LR: 0.000002 | ms/batch: 46.3
Epoch 2/100 | Batch 7300/21973 | Loss: 1.4503 | BPB: 2.0923 | LR: 0.000002 | ms/batch: 46.3
Epoch 2/100 | Batch 7400/21973 | Loss: 1.4486 | BPB: 2.0899 | LR: 0.000002 | ms/batch: 46.3
Epoch 2/100 | Batch 7500/21973 | Loss: 1.4470 | BPB: 2.0876 | LR: 0.000002 | ms/batch: 46.3
Epoch 2/100 | Batch 7600/21973 | Loss: 1.4454 | BPB: 2.0852 | LR: 0.000002 | ms/batch: 46.3
Epoch 2/100 | Batch 7700/21973 | Loss: 1.4438 | BPB: 2.0829 | LR: 0.000002 | ms/batch: 46.3
Epoch 2/100 | Batch 7800/21973 | Loss: 1.4423 | BPB: 2.0808 | LR: 0.000002 | ms/batch: 46.3
Epoch 2/100 | Batch 7900/21973 | Loss: 1.4407 | BPB: 2.0786 | LR: 0.000002 | ms/batch: 46.3
Epoch 2/100 | Batch 8000/21973 | Loss: 1.4392 | BPB: 2.0763 | LR: 0.000002 | ms/batch: 46.3
Epoch 2/100 | Batch 8100/21973 | Loss: 1.4376 | BPB: 2.0741 | LR: 0.000002 | ms/batch: 46.3
Epoch 2/100 | Batch 8200/21973 | Loss: 1.4360 | BPB: 2.0718 | LR: 0.000002 | ms/batch: 46.3
Epoch 2/100 | Batch 8300/21973 | Loss: 1.4346 | BPB: 2.0696 | LR: 0.000002 | ms/batch: 46.3
Epoch 2/100 | Batch 8400/21973 | Loss: 1.4330 | BPB: 2.0674 | LR: 0.000002 | ms/batch: 46.3
Epoch 2/100 | Batch 8500/21973 | Loss: 1.4315 | BPB: 2.0653 | LR: 0.000002 | ms/batch: 46.3
Epoch 2/100 | Batch 8600/21973 | Loss: 1.4300 | BPB: 2.0631 | LR: 0.000002 | ms/batch: 46.3
Epoch 2/100 | Batch 8700/21973 | Loss: 1.4287 | BPB: 2.0611 | LR: 0.000002 | ms/batch: 46.3
Epoch 2/100 | Batch 8800/21973 | Loss: 1.4273 | BPB: 2.0592 | LR: 0.000002 | ms/batch: 46.3
Epoch 2/100 | Batch 8900/21973 | Loss: 1.4259 | BPB: 2.0571 | LR: 0.000002 | ms/batch: 46.3
Epoch 2/100 | Batch 9000/21973 | Loss: 1.4244 | BPB: 2.0550 | LR: 0.000002 | ms/batch: 46.3
Epoch 2/100 | Batch 9100/21973 | Loss: 1.4230 | BPB: 2.0530 | LR: 0.000002 | ms/batch: 46.3
Epoch 2/100 | Batch 9200/21973 | Loss: 1.4216 | BPB: 2.0509 | LR: 0.000002 | ms/batch: 46.3
Epoch 2/100 | Batch 9300/21973 | Loss: 1.4203 | BPB: 2.0490 | LR: 0.000002 | ms/batch: 46.3
Epoch 2/100 | Batch 9400/21973 | Loss: 1.4189 | BPB: 2.0470 | LR: 0.000002 | ms/batch: 46.3
Epoch 2/100 | Batch 9500/21973 | Loss: 1.4175 | BPB: 2.0451 | LR: 0.000002 | ms/batch: 46.3
Epoch 2/100 | Batch 9600/21973 | Loss: 1.4162 | BPB: 2.0431 | LR: 0.000002 | ms/batch: 46.3
Epoch 2/100 | Batch 9700/21973 | Loss: 1.4148 | BPB: 2.0412 | LR: 0.000002 | ms/batch: 46.3
Epoch 2/100 | Batch 9800/21973 | Loss: 1.4135 | BPB: 2.0392 | LR: 0.000002 | ms/batch: 46.3
Epoch 2/100 | Batch 9900/21973 | Loss: 1.4122 | BPB: 2.0374 | LR: 0.000002 | ms/batch: 46.3
Epoch 2/100 | Batch 10000/21973 | Loss: 1.4109 | BPB: 2.0356 | LR: 0.000002 | ms/batch: 46.3
Epoch 2/100 | Batch 10100/21973 | Loss: 1.4096 | BPB: 2.0337 | LR: 0.000003 | ms/batch: 46.3
Epoch 2/100 | Batch 10200/21973 | Loss: 1.4084 | BPB: 2.0318 | LR: 0.000003 | ms/batch: 46.3
Epoch 2/100 | Batch 10300/21973 | Loss: 1.4071 | BPB: 2.0300 | LR: 0.000003 | ms/batch: 46.3
Epoch 2/100 | Batch 10400/21973 | Loss: 1.4059 | BPB: 2.0283 | LR: 0.000003 | ms/batch: 46.3
Epoch 2/100 | Batch 10500/21973 | Loss: 1.4047 | BPB: 2.0265 | LR: 0.000003 | ms/batch: 46.3
Epoch 2/100 | Batch 10600/21973 | Loss: 1.4035 | BPB: 2.0248 | LR: 0.000003 | ms/batch: 46.3
Epoch 2/100 | Batch 10700/21973 | Loss: 1.4023 | BPB: 2.0230 | LR: 0.000003 | ms/batch: 46.3
Epoch 2/100 | Batch 10800/21973 | Loss: 1.4010 | BPB: 2.0213 | LR: 0.000003 | ms/batch: 46.3
Epoch 2/100 | Batch 10900/21973 | Loss: 1.3998 | BPB: 2.0196 | LR: 0.000003 | ms/batch: 46.3
Epoch 2/100 | Batch 11000/21973 | Loss: 1.3986 | BPB: 2.0178 | LR: 0.000003 | ms/batch: 46.3
Epoch 2/100 | Batch 11100/21973 | Loss: 1.3975 | BPB: 2.0161 | LR: 0.000003 | ms/batch: 46.3
Epoch 2/100 | Batch 11200/21973 | Loss: 1.3963 | BPB: 2.0145 | LR: 0.000003 | ms/batch: 46.4
Epoch 2/100 | Batch 11300/21973 | Loss: 1.3952 | BPB: 2.0128 | LR: 0.000003 | ms/batch: 46.4
Epoch 2/100 | Batch 11400/21973 | Loss: 1.3940 | BPB: 2.0112 | LR: 0.000003 | ms/batch: 46.4
Epoch 2/100 | Batch 11500/21973 | Loss: 1.3929 | BPB: 2.0095 | LR: 0.000003 | ms/batch: 46.4
Epoch 2/100 | Batch 11600/21973 | Loss: 1.3917 | BPB: 2.0079 | LR: 0.000003 | ms/batch: 46.4
Epoch 2/100 | Batch 11700/21973 | Loss: 1.3906 | BPB: 2.0063 | LR: 0.000003 | ms/batch: 46.4
Epoch 2/100 | Batch 11800/21973 | Loss: 1.3895 | BPB: 2.0047 | LR: 0.000003 | ms/batch: 46.4
Epoch 2/100 | Batch 11900/21973 | Loss: 1.3884 | BPB: 2.0030 | LR: 0.000003 | ms/batch: 46.4
Epoch 2/100 | Batch 12000/21973 | Loss: 1.3873 | BPB: 2.0014 | LR: 0.000003 | ms/batch: 46.4
Epoch 2/100 | Batch 12100/21973 | Loss: 1.3862 | BPB: 1.9998 | LR: 0.000003 | ms/batch: 46.4
Epoch 2/100 | Batch 12200/21973 | Loss: 1.3850 | BPB: 1.9982 | LR: 0.000003 | ms/batch: 46.4
Epoch 2/100 | Batch 12300/21973 | Loss: 1.3840 | BPB: 1.9967 | LR: 0.000003 | ms/batch: 46.4
Epoch 2/100 | Batch 12400/21973 | Loss: 1.3829 | BPB: 1.9951 | LR: 0.000003 | ms/batch: 46.3
Epoch 2/100 | Batch 12500/21973 | Loss: 1.3818 | BPB: 1.9935 | LR: 0.000003 | ms/batch: 46.3
Epoch 2/100 | Batch 12600/21973 | Loss: 1.3808 | BPB: 1.9920 | LR: 0.000003 | ms/batch: 46.3
Epoch 2/100 | Batch 12700/21973 | Loss: 1.3798 | BPB: 1.9906 | LR: 0.000003 | ms/batch: 46.3
Epoch 2/100 | Batch 12800/21973 | Loss: 1.3787 | BPB: 1.9890 | LR: 0.000003 | ms/batch: 46.3
Epoch 2/100 | Batch 12900/21973 | Loss: 1.3777 | BPB: 1.9876 | LR: 0.000003 | ms/batch: 46.3
Epoch 2/100 | Batch 13000/21973 | Loss: 1.3767 | BPB: 1.9861 | LR: 0.000003 | ms/batch: 46.3
Epoch 2/100 | Batch 13100/21973 | Loss: 1.3757 | BPB: 1.9847 | LR: 0.000003 | ms/batch: 46.3
Epoch 2/100 | Batch 13200/21973 | Loss: 1.3747 | BPB: 1.9832 | LR: 0.000003 | ms/batch: 46.3
Epoch 2/100 | Batch 13300/21973 | Loss: 1.3737 | BPB: 1.9818 | LR: 0.000003 | ms/batch: 46.3
Epoch 2/100 | Batch 13400/21973 | Loss: 1.3727 | BPB: 1.9804 | LR: 0.000003 | ms/batch: 46.3
Epoch 2/100 | Batch 13500/21973 | Loss: 1.3717 | BPB: 1.9790 | LR: 0.000003 | ms/batch: 46.3
Epoch 2/100 | Batch 13600/21973 | Loss: 1.3707 | BPB: 1.9776 | LR: 0.000003 | ms/batch: 46.3
Epoch 2/100 | Batch 13700/21973 | Loss: 1.3698 | BPB: 1.9762 | LR: 0.000003 | ms/batch: 46.3
Epoch 2/100 | Batch 13800/21973 | Loss: 1.3689 | BPB: 1.9748 | LR: 0.000003 | ms/batch: 46.3
Epoch 2/100 | Batch 13900/21973 | Loss: 1.3679 | BPB: 1.9735 | LR: 0.000003 | ms/batch: 46.3
Epoch 2/100 | Batch 14000/21973 | Loss: 1.3670 | BPB: 1.9721 | LR: 0.000003 | ms/batch: 46.3
Epoch 2/100 | Batch 14100/21973 | Loss: 1.3661 | BPB: 1.9708 | LR: 0.000003 | ms/batch: 46.3
Epoch 2/100 | Batch 14200/21973 | Loss: 1.3652 | BPB: 1.9695 | LR: 0.000003 | ms/batch: 46.3
Epoch 2/100 | Batch 14300/21973 | Loss: 1.3643 | BPB: 1.9683 | LR: 0.000003 | ms/batch: 46.3
Epoch 2/100 | Batch 14400/21973 | Loss: 1.3634 | BPB: 1.9670 | LR: 0.000003 | ms/batch: 46.3
Epoch 2/100 | Batch 14500/21973 | Loss: 1.3625 | BPB: 1.9657 | LR: 0.000003 | ms/batch: 46.3
Epoch 2/100 | Batch 14600/21973 | Loss: 1.3616 | BPB: 1.9644 | LR: 0.000003 | ms/batch: 46.3
Epoch 2/100 | Batch 14700/21973 | Loss: 1.3607 | BPB: 1.9631 | LR: 0.000003 | ms/batch: 46.3
Epoch 2/100 | Batch 14800/21973 | Loss: 1.3598 | BPB: 1.9618 | LR: 0.000003 | ms/batch: 46.3
Epoch 2/100 | Batch 14900/21973 | Loss: 1.3589 | BPB: 1.9605 | LR: 0.000003 | ms/batch: 46.3
Epoch 2/100 | Batch 15000/21973 | Loss: 1.3581 | BPB: 1.9593 | LR: 0.000003 | ms/batch: 46.3
Epoch 2/100 | Batch 15100/21973 | Loss: 1.3572 | BPB: 1.9581 | LR: 0.000003 | ms/batch: 46.3
Epoch 2/100 | Batch 15200/21973 | Loss: 1.3564 | BPB: 1.9568 | LR: 0.000003 | ms/batch: 46.3
Epoch 2/100 | Batch 15300/21973 | Loss: 1.3556 | BPB: 1.9557 | LR: 0.000003 | ms/batch: 46.3
Epoch 2/100 | Batch 15400/21973 | Loss: 1.3547 | BPB: 1.9545 | LR: 0.000003 | ms/batch: 46.3
Epoch 2/100 | Batch 15500/21973 | Loss: 1.3539 | BPB: 1.9533 | LR: 0.000003 | ms/batch: 46.3
Epoch 2/100 | Batch 15600/21973 | Loss: 1.3531 | BPB: 1.9521 | LR: 0.000003 | ms/batch: 46.3
Epoch 2/100 | Batch 15700/21973 | Loss: 1.3523 | BPB: 1.9510 | LR: 0.000003 | ms/batch: 46.3
Epoch 2/100 | Batch 15800/21973 | Loss: 1.3515 | BPB: 1.9498 | LR: 0.000003 | ms/batch: 46.3
Epoch 2/100 | Batch 15900/21973 | Loss: 1.3507 | BPB: 1.9486 | LR: 0.000003 | ms/batch: 46.3
Epoch 2/100 | Batch 16000/21973 | Loss: 1.3499 | BPB: 1.9475 | LR: 0.000003 | ms/batch: 46.3
Epoch 2/100 | Batch 16100/21973 | Loss: 1.3491 | BPB: 1.9463 | LR: 0.000003 | ms/batch: 46.3
Epoch 2/100 | Batch 16200/21973 | Loss: 1.3483 | BPB: 1.9452 | LR: 0.000003 | ms/batch: 46.3
Epoch 2/100 | Batch 16300/21973 | Loss: 1.3476 | BPB: 1.9441 | LR: 0.000003 | ms/batch: 46.3
Epoch 2/100 | Batch 16400/21973 | Loss: 1.3468 | BPB: 1.9430 | LR: 0.000003 | ms/batch: 46.3
Epoch 2/100 | Batch 16500/21973 | Loss: 1.3460 | BPB: 1.9419 | LR: 0.000003 | ms/batch: 46.3
Epoch 2/100 | Batch 16600/21973 | Loss: 1.3453 | BPB: 1.9408 | LR: 0.000003 | ms/batch: 46.3
Epoch 2/100 | Batch 16700/21973 | Loss: 1.3445 | BPB: 1.9397 | LR: 0.000003 | ms/batch: 46.3
Epoch 2/100 | Batch 16800/21973 | Loss: 1.3438 | BPB: 1.9387 | LR: 0.000003 | ms/batch: 46.3
Epoch 2/100 | Batch 16900/21973 | Loss: 1.3430 | BPB: 1.9376 | LR: 0.000003 | ms/batch: 46.3
Epoch 2/100 | Batch 17000/21973 | Loss: 1.3423 | BPB: 1.9365 | LR: 0.000003 | ms/batch: 46.3
Epoch 2/100 | Batch 17100/21973 | Loss: 1.3416 | BPB: 1.9354 | LR: 0.000003 | ms/batch: 46.3
Epoch 2/100 | Batch 17200/21973 | Loss: 1.3408 | BPB: 1.9344 | LR: 0.000003 | ms/batch: 46.3
Epoch 2/100 | Batch 17300/21973 | Loss: 1.3401 | BPB: 1.9334 | LR: 0.000003 | ms/batch: 46.3
Epoch 2/100 | Batch 17400/21973 | Loss: 1.3394 | BPB: 1.9324 | LR: 0.000003 | ms/batch: 46.3
Epoch 2/100 | Batch 17500/21973 | Loss: 1.3387 | BPB: 1.9313 | LR: 0.000003 | ms/batch: 46.3
Epoch 2/100 | Batch 17600/21973 | Loss: 1.3380 | BPB: 1.9304 | LR: 0.000003 | ms/batch: 46.3
Epoch 2/100 | Batch 17700/21973 | Loss: 1.3373 | BPB: 1.9293 | LR: 0.000003 | ms/batch: 46.3
Epoch 2/100 | Batch 17800/21973 | Loss: 1.3366 | BPB: 1.9284 | LR: 0.000003 | ms/batch: 46.3
Epoch 2/100 | Batch 17900/21973 | Loss: 1.3360 | BPB: 1.9274 | LR: 0.000003 | ms/batch: 46.3
Epoch 2/100 | Batch 18000/21973 | Loss: 1.3353 | BPB: 1.9264 | LR: 0.000003 | ms/batch: 46.3
Epoch 2/100 | Batch 18100/21973 | Loss: 1.3346 | BPB: 1.9254 | LR: 0.000003 | ms/batch: 46.3
Epoch 2/100 | Batch 18200/21973 | Loss: 1.3339 | BPB: 1.9245 | LR: 0.000003 | ms/batch: 46.3
Epoch 2/100 | Batch 18300/21973 | Loss: 1.3333 | BPB: 1.9235 | LR: 0.000003 | ms/batch: 46.3
Epoch 2/100 | Batch 18400/21973 | Loss: 1.3326 | BPB: 1.9226 | LR: 0.000003 | ms/batch: 46.3
Epoch 2/100 | Batch 18500/21973 | Loss: 1.3320 | BPB: 1.9216 | LR: 0.000003 | ms/batch: 46.3
Epoch 2/100 | Batch 18600/21973 | Loss: 1.3313 | BPB: 1.9207 | LR: 0.000003 | ms/batch: 46.3
Epoch 2/100 | Batch 18700/21973 | Loss: 1.3307 | BPB: 1.9198 | LR: 0.000003 | ms/batch: 46.3
Epoch 2/100 | Batch 18800/21973 | Loss: 1.3301 | BPB: 1.9189 | LR: 0.000003 | ms/batch: 46.3
Epoch 2/100 | Batch 18900/21973 | Loss: 1.3294 | BPB: 1.9179 | LR: 0.000003 | ms/batch: 46.3
Epoch 2/100 | Batch 19000/21973 | Loss: 1.3288 | BPB: 1.9170 | LR: 0.000003 | ms/batch: 46.3
Epoch 2/100 | Batch 19100/21973 | Loss: 1.3282 | BPB: 1.9161 | LR: 0.000003 | ms/batch: 46.3
Epoch 2/100 | Batch 19200/21973 | Loss: 1.3275 | BPB: 1.9152 | LR: 0.000003 | ms/batch: 46.3
Epoch 2/100 | Batch 19300/21973 | Loss: 1.3269 | BPB: 1.9144 | LR: 0.000003 | ms/batch: 46.3
Epoch 2/100 | Batch 19400/21973 | Loss: 1.3263 | BPB: 1.9135 | LR: 0.000003 | ms/batch: 46.3
Epoch 2/100 | Batch 19500/21973 | Loss: 1.3257 | BPB: 1.9126 | LR: 0.000003 | ms/batch: 46.3
Epoch 2/100 | Batch 19600/21973 | Loss: 1.3251 | BPB: 1.9117 | LR: 0.000003 | ms/batch: 46.3
Epoch 2/100 | Batch 19700/21973 | Loss: 1.3245 | BPB: 1.9109 | LR: 0.000003 | ms/batch: 46.3
Epoch 2/100 | Batch 19800/21973 | Loss: 1.3239 | BPB: 1.9100 | LR: 0.000003 | ms/batch: 46.3
Epoch 2/100 | Batch 19900/21973 | Loss: 1.3234 | BPB: 1.9092 | LR: 0.000003 | ms/batch: 46.3
Epoch 2/100 | Batch 20000/21973 | Loss: 1.3228 | BPB: 1.9084 | LR: 0.000003 | ms/batch: 46.3
Epoch 2/100 | Batch 20100/21973 | Loss: 1.3222 | BPB: 1.9075 | LR: 0.000003 | ms/batch: 46.3
Epoch 2/100 | Batch 20200/21973 | Loss: 1.3217 | BPB: 1.9067 | LR: 0.000003 | ms/batch: 46.3
Epoch 2/100 | Batch 20300/21973 | Loss: 1.3211 | BPB: 1.9060 | LR: 0.000003 | ms/batch: 46.3
Epoch 2/100 | Batch 20400/21973 | Loss: 1.3206 | BPB: 1.9052 | LR: 0.000003 | ms/batch: 46.3
Epoch 2/100 | Batch 20500/21973 | Loss: 1.3200 | BPB: 1.9044 | LR: 0.000003 | ms/batch: 46.3
Epoch 2/100 | Batch 20600/21973 | Loss: 1.3195 | BPB: 1.9036 | LR: 0.000003 | ms/batch: 46.3
Epoch 2/100 | Batch 20700/21973 | Loss: 1.3189 | BPB: 1.9028 | LR: 0.000003 | ms/batch: 46.3
Epoch 2/100 | Batch 20800/21973 | Loss: 1.3184 | BPB: 1.9020 | LR: 0.000003 | ms/batch: 46.3
Epoch 2/100 | Batch 20900/21973 | Loss: 1.3178 | BPB: 1.9012 | LR: 0.000003 | ms/batch: 46.3
Epoch 2/100 | Batch 21000/21973 | Loss: 1.3173 | BPB: 1.9004 | LR: 0.000003 | ms/batch: 46.3
Epoch 2/100 | Batch 21100/21973 | Loss: 1.3167 | BPB: 1.8996 | LR: 0.000003 | ms/batch: 46.3
Epoch 2/100 | Batch 21200/21973 | Loss: 1.3162 | BPB: 1.8989 | LR: 0.000003 | ms/batch: 46.3
Epoch 2/100 | Batch 21300/21973 | Loss: 1.3157 | BPB: 1.8981 | LR: 0.000003 | ms/batch: 46.3
Epoch 2/100 | Batch 21400/21973 | Loss: 1.3152 | BPB: 1.8974 | LR: 0.000003 | ms/batch: 46.3
Epoch 2/100 | Batch 21500/21973 | Loss: 1.3146 | BPB: 1.8966 | LR: 0.000003 | ms/batch: 46.3
Epoch 2/100 | Batch 21600/21973 | Loss: 1.3141 | BPB: 1.8959 | LR: 0.000003 | ms/batch: 46.3
Epoch 2/100 | Batch 21700/21973 | Loss: 1.3136 | BPB: 1.8952 | LR: 0.000003 | ms/batch: 46.3
Epoch 2/100 | Batch 21800/21973 | Loss: 1.3131 | BPB: 1.8944 | LR: 0.000003 | ms/batch: 46.3
Epoch 2/100 | Batch 21900/21973 | Loss: 1.3126 | BPB: 1.8937 | LR: 0.000003 | ms/batch: 46.3

Epoch 2/100 Summary:
Training Loss: 1.3123 (BPB: 1.8932)
Validation Loss: 0.9037 (BPB: 1.3038)
Best Validation Loss: 0.9037
Learning Rate: 0.000003
Epoch 3/100 | Batch 0/21973 | Loss: 1.2079 | BPB: 1.7426 | LR: 0.000003 | ms/batch: 117.9
Epoch 3/100 | Batch 100/21973 | Loss: 1.2068 | BPB: 1.7410 | LR: 0.000003 | ms/batch: 47.2
Epoch 3/100 | Batch 200/21973 | Loss: 1.2059 | BPB: 1.7397 | LR: 0.000003 | ms/batch: 46.5
Epoch 3/100 | Batch 300/21973 | Loss: 1.2054 | BPB: 1.7391 | LR: 0.000003 | ms/batch: 46.3
Epoch 3/100 | Batch 400/21973 | Loss: 1.2053 | BPB: 1.7389 | LR: 0.000003 | ms/batch: 46.2
Epoch 3/100 | Batch 500/21973 | Loss: 1.2041 | BPB: 1.7371 | LR: 0.000003 | ms/batch: 46.1
Epoch 3/100 | Batch 600/21973 | Loss: 1.2031 | BPB: 1.7357 | LR: 0.000003 | ms/batch: 46.2
Epoch 3/100 | Batch 700/21973 | Loss: 1.2031 | BPB: 1.7357 | LR: 0.000003 | ms/batch: 46.1
Epoch 3/100 | Batch 800/21973 | Loss: 1.2031 | BPB: 1.7357 | LR: 0.000003 | ms/batch: 46.1
Epoch 3/100 | Batch 900/21973 | Loss: 1.2025 | BPB: 1.7348 | LR: 0.000004 | ms/batch: 46.1
Epoch 3/100 | Batch 1000/21973 | Loss: 1.2023 | BPB: 1.7346 | LR: 0.000004 | ms/batch: 46.0
Epoch 3/100 | Batch 1100/21973 | Loss: 1.2022 | BPB: 1.7344 | LR: 0.000004 | ms/batch: 46.1
Epoch 3/100 | Batch 1200/21973 | Loss: 1.2020 | BPB: 1.7341 | LR: 0.000004 | ms/batch: 46.1
Epoch 3/100 | Batch 1300/21973 | Loss: 1.2020 | BPB: 1.7342 | LR: 0.000004 | ms/batch: 46.1
Epoch 3/100 | Batch 1400/21973 | Loss: 1.2020 | BPB: 1.7342 | LR: 0.000004 | ms/batch: 46.0
Epoch 3/100 | Batch 1500/21973 | Loss: 1.2018 | BPB: 1.7338 | LR: 0.000004 | ms/batch: 46.0
Epoch 3/100 | Batch 1600/21973 | Loss: 1.2019 | BPB: 1.7340 | LR: 0.000004 | ms/batch: 46.1
Epoch 3/100 | Batch 1700/21973 | Loss: 1.2019 | BPB: 1.7339 | LR: 0.000004 | ms/batch: 46.0
Epoch 3/100 | Batch 1800/21973 | Loss: 1.2017 | BPB: 1.7337 | LR: 0.000004 | ms/batch: 46.0
Epoch 3/100 | Batch 1900/21973 | Loss: 1.2018 | BPB: 1.7338 | LR: 0.000004 | ms/batch: 46.0
Epoch 3/100 | Batch 2000/21973 | Loss: 1.2018 | BPB: 1.7339 | LR: 0.000004 | ms/batch: 46.0
Epoch 3/100 | Batch 2100/21973 | Loss: 1.2018 | BPB: 1.7338 | LR: 0.000004 | ms/batch: 46.0
Epoch 3/100 | Batch 2200/21973 | Loss: 1.2015 | BPB: 1.7333 | LR: 0.000004 | ms/batch: 46.0
Epoch 3/100 | Batch 2300/21973 | Loss: 1.2013 | BPB: 1.7331 | LR: 0.000004 | ms/batch: 46.0
Epoch 3/100 | Batch 2400/21973 | Loss: 1.2012 | BPB: 1.7330 | LR: 0.000004 | ms/batch: 46.0
Epoch 3/100 | Batch 2500/21973 | Loss: 1.2011 | BPB: 1.7328 | LR: 0.000004 | ms/batch: 46.0
Epoch 3/100 | Batch 2600/21973 | Loss: 1.2011 | BPB: 1.7328 | LR: 0.000004 | ms/batch: 46.0
Epoch 3/100 | Batch 2700/21973 | Loss: 1.2011 | BPB: 1.7329 | LR: 0.000004 | ms/batch: 46.0
Epoch 3/100 | Batch 2800/21973 | Loss: 1.2011 | BPB: 1.7328 | LR: 0.000004 | ms/batch: 46.0
Epoch 3/100 | Batch 2900/21973 | Loss: 1.2010 | BPB: 1.7327 | LR: 0.000004 | ms/batch: 46.0
Epoch 3/100 | Batch 3000/21973 | Loss: 1.2009 | BPB: 1.7325 | LR: 0.000004 | ms/batch: 46.0
Epoch 3/100 | Batch 3100/21973 | Loss: 1.2007 | BPB: 1.7322 | LR: 0.000004 | ms/batch: 46.0
Epoch 3/100 | Batch 3200/21973 | Loss: 1.2005 | BPB: 1.7319 | LR: 0.000004 | ms/batch: 46.0
Epoch 3/100 | Batch 3300/21973 | Loss: 1.2004 | BPB: 1.7318 | LR: 0.000004 | ms/batch: 46.1
Epoch 3/100 | Batch 3400/21973 | Loss: 1.2003 | BPB: 1.7317 | LR: 0.000004 | ms/batch: 46.1
Epoch 3/100 | Batch 3500/21973 | Loss: 1.2003 | BPB: 1.7316 | LR: 0.000004 | ms/batch: 46.1
Epoch 3/100 | Batch 3600/21973 | Loss: 1.2002 | BPB: 1.7316 | LR: 0.000004 | ms/batch: 46.1
Epoch 3/100 | Batch 3700/21973 | Loss: 1.2002 | BPB: 1.7316 | LR: 0.000004 | ms/batch: 46.2
Epoch 3/100 | Batch 3800/21973 | Loss: 1.2001 | BPB: 1.7314 | LR: 0.000004 | ms/batch: 46.2
Epoch 3/100 | Batch 3900/21973 | Loss: 1.2000 | BPB: 1.7313 | LR: 0.000004 | ms/batch: 46.2
Epoch 3/100 | Batch 4000/21973 | Loss: 1.2000 | BPB: 1.7312 | LR: 0.000004 | ms/batch: 46.2
Epoch 3/100 | Batch 4100/21973 | Loss: 1.1998 | BPB: 1.7310 | LR: 0.000004 | ms/batch: 46.2
Epoch 3/100 | Batch 4200/21973 | Loss: 1.1998 | BPB: 1.7309 | LR: 0.000004 | ms/batch: 46.2
Epoch 3/100 | Batch 4300/21973 | Loss: 1.1997 | BPB: 1.7309 | LR: 0.000004 | ms/batch: 46.2
Epoch 3/100 | Batch 4400/21973 | Loss: 1.1997 | BPB: 1.7308 | LR: 0.000004 | ms/batch: 46.2
Epoch 3/100 | Batch 4500/21973 | Loss: 1.1996 | BPB: 1.7306 | LR: 0.000004 | ms/batch: 46.2
Epoch 3/100 | Batch 4600/21973 | Loss: 1.1994 | BPB: 1.7304 | LR: 0.000004 | ms/batch: 46.2
Epoch 3/100 | Batch 4700/21973 | Loss: 1.1993 | BPB: 1.7303 | LR: 0.000004 | ms/batch: 46.2
Epoch 3/100 | Batch 4800/21973 | Loss: 1.1993 | BPB: 1.7302 | LR: 0.000004 | ms/batch: 46.2
Epoch 3/100 | Batch 4900/21973 | Loss: 1.1992 | BPB: 1.7301 | LR: 0.000004 | ms/batch: 46.2
Epoch 3/100 | Batch 5000/21973 | Loss: 1.1992 | BPB: 1.7301 | LR: 0.000004 | ms/batch: 46.2
Epoch 3/100 | Batch 5100/21973 | Loss: 1.1991 | BPB: 1.7300 | LR: 0.000004 | ms/batch: 46.2
Epoch 3/100 | Batch 5200/21973 | Loss: 1.1991 | BPB: 1.7299 | LR: 0.000004 | ms/batch: 46.2
Epoch 3/100 | Batch 5300/21973 | Loss: 1.1990 | BPB: 1.7298 | LR: 0.000004 | ms/batch: 46.1
Epoch 3/100 | Batch 5400/21973 | Loss: 1.1988 | BPB: 1.7296 | LR: 0.000004 | ms/batch: 46.1
Epoch 3/100 | Batch 5500/21973 | Loss: 1.1988 | BPB: 1.7294 | LR: 0.000004 | ms/batch: 46.1
Epoch 3/100 | Batch 5600/21973 | Loss: 1.1987 | BPB: 1.7294 | LR: 0.000004 | ms/batch: 46.1
Epoch 3/100 | Batch 5700/21973 | Loss: 1.1987 | BPB: 1.7293 | LR: 0.000004 | ms/batch: 46.1
Epoch 3/100 | Batch 5800/21973 | Loss: 1.1987 | BPB: 1.7293 | LR: 0.000004 | ms/batch: 46.1
Epoch 3/100 | Batch 5900/21973 | Loss: 1.1986 | BPB: 1.7292 | LR: 0.000004 | ms/batch: 46.1
Epoch 3/100 | Batch 6000/21973 | Loss: 1.1985 | BPB: 1.7291 | LR: 0.000004 | ms/batch: 46.1
Epoch 3/100 | Batch 6100/21973 | Loss: 1.1984 | BPB: 1.7290 | LR: 0.000004 | ms/batch: 46.1
Epoch 3/100 | Batch 6200/21973 | Loss: 1.1984 | BPB: 1.7289 | LR: 0.000004 | ms/batch: 46.1
Epoch 3/100 | Batch 6300/21973 | Loss: 1.1983 | BPB: 1.7288 | LR: 0.000004 | ms/batch: 46.1
Epoch 3/100 | Batch 6400/21973 | Loss: 1.1983 | BPB: 1.7288 | LR: 0.000004 | ms/batch: 46.1
Epoch 3/100 | Batch 6500/21973 | Loss: 1.1982 | BPB: 1.7286 | LR: 0.000004 | ms/batch: 46.1
Epoch 3/100 | Batch 6600/21973 | Loss: 1.1981 | BPB: 1.7285 | LR: 0.000004 | ms/batch: 46.1
Epoch 3/100 | Batch 6700/21973 | Loss: 1.1981 | BPB: 1.7284 | LR: 0.000004 | ms/batch: 46.1
Epoch 3/100 | Batch 6800/21973 | Loss: 1.1980 | BPB: 1.7283 | LR: 0.000004 | ms/batch: 46.1
Epoch 3/100 | Batch 6900/21973 | Loss: 1.1979 | BPB: 1.7283 | LR: 0.000004 | ms/batch: 46.1
Epoch 3/100 | Batch 7000/21973 | Loss: 1.1979 | BPB: 1.7283 | LR: 0.000004 | ms/batch: 46.1
Epoch 3/100 | Batch 7100/21973 | Loss: 1.1979 | BPB: 1.7282 | LR: 0.000004 | ms/batch: 46.1
Epoch 3/100 | Batch 7200/21973 | Loss: 1.1978 | BPB: 1.7281 | LR: 0.000004 | ms/batch: 46.1
Epoch 3/100 | Batch 7300/21973 | Loss: 1.1978 | BPB: 1.7280 | LR: 0.000004 | ms/batch: 46.1
Epoch 3/100 | Batch 7400/21973 | Loss: 1.1977 | BPB: 1.7280 | LR: 0.000004 | ms/batch: 46.1
Epoch 3/100 | Batch 7500/21973 | Loss: 1.1977 | BPB: 1.7279 | LR: 0.000004 | ms/batch: 46.1
Epoch 3/100 | Batch 7600/21973 | Loss: 1.1976 | BPB: 1.7278 | LR: 0.000004 | ms/batch: 46.1
Epoch 3/100 | Batch 7700/21973 | Loss: 1.1976 | BPB: 1.7277 | LR: 0.000004 | ms/batch: 46.1
Epoch 3/100 | Batch 7800/21973 | Loss: 1.1975 | BPB: 1.7276 | LR: 0.000004 | ms/batch: 46.1
Epoch 3/100 | Batch 7900/21973 | Loss: 1.1975 | BPB: 1.7276 | LR: 0.000004 | ms/batch: 46.1
Epoch 3/100 | Batch 8000/21973 | Loss: 1.1974 | BPB: 1.7275 | LR: 0.000004 | ms/batch: 46.1
Epoch 3/100 | Batch 8100/21973 | Loss: 1.1974 | BPB: 1.7275 | LR: 0.000004 | ms/batch: 46.1
Epoch 3/100 | Batch 8200/21973 | Loss: 1.1974 | BPB: 1.7274 | LR: 0.000004 | ms/batch: 46.1
Epoch 3/100 | Batch 8300/21973 | Loss: 1.1973 | BPB: 1.7274 | LR: 0.000004 | ms/batch: 46.1
Epoch 3/100 | Batch 8400/21973 | Loss: 1.1973 | BPB: 1.7273 | LR: 0.000004 | ms/batch: 46.1
Epoch 3/100 | Batch 8500/21973 | Loss: 1.1973 | BPB: 1.7273 | LR: 0.000004 | ms/batch: 46.1
Epoch 3/100 | Batch 8600/21973 | Loss: 1.1972 | BPB: 1.7272 | LR: 0.000004 | ms/batch: 46.1
Epoch 3/100 | Batch 8700/21973 | Loss: 1.1972 | BPB: 1.7272 | LR: 0.000004 | ms/batch: 46.1
Epoch 3/100 | Batch 8800/21973 | Loss: 1.1971 | BPB: 1.7270 | LR: 0.000004 | ms/batch: 46.1
Epoch 3/100 | Batch 8900/21973 | Loss: 1.1971 | BPB: 1.7270 | LR: 0.000004 | ms/batch: 46.1
Epoch 3/100 | Batch 9000/21973 | Loss: 1.1970 | BPB: 1.7269 | LR: 0.000004 | ms/batch: 46.1
Epoch 3/100 | Batch 9100/21973 | Loss: 1.1970 | BPB: 1.7269 | LR: 0.000004 | ms/batch: 46.1
Epoch 3/100 | Batch 9200/21973 | Loss: 1.1969 | BPB: 1.7268 | LR: 0.000004 | ms/batch: 46.1
Epoch 3/100 | Batch 9300/21973 | Loss: 1.1969 | BPB: 1.7267 | LR: 0.000004 | ms/batch: 46.1
Epoch 3/100 | Batch 9400/21973 | Loss: 1.1968 | BPB: 1.7266 | LR: 0.000004 | ms/batch: 46.1
Epoch 3/100 | Batch 9500/21973 | Loss: 1.1967 | BPB: 1.7265 | LR: 0.000004 | ms/batch: 46.1
Epoch 3/100 | Batch 9600/21973 | Loss: 1.1968 | BPB: 1.7266 | LR: 0.000004 | ms/batch: 46.1
Epoch 3/100 | Batch 9700/21973 | Loss: 1.1967 | BPB: 1.7265 | LR: 0.000004 | ms/batch: 46.1
Epoch 3/100 | Batch 9800/21973 | Loss: 1.1967 | BPB: 1.7264 | LR: 0.000004 | ms/batch: 46.1
Epoch 3/100 | Batch 9900/21973 | Loss: 1.1966 | BPB: 1.7263 | LR: 0.000004 | ms/batch: 46.1
Epoch 3/100 | Batch 10000/21973 | Loss: 1.1966 | BPB: 1.7263 | LR: 0.000004 | ms/batch: 46.1
Epoch 3/100 | Batch 10100/21973 | Loss: 1.1965 | BPB: 1.7262 | LR: 0.000004 | ms/batch: 46.1
Epoch 3/100 | Batch 10200/21973 | Loss: 1.1965 | BPB: 1.7262 | LR: 0.000004 | ms/batch: 46.1
Epoch 3/100 | Batch 10300/21973 | Loss: 1.1965 | BPB: 1.7261 | LR: 0.000004 | ms/batch: 46.1
Epoch 3/100 | Batch 10400/21973 | Loss: 1.1964 | BPB: 1.7260 | LR: 0.000004 | ms/batch: 46.1
Epoch 3/100 | Batch 10500/21973 | Loss: 1.1964 | BPB: 1.7260 | LR: 0.000004 | ms/batch: 46.1
Epoch 3/100 | Batch 10600/21973 | Loss: 1.1963 | BPB: 1.7259 | LR: 0.000004 | ms/batch: 46.1
Epoch 3/100 | Batch 10700/21973 | Loss: 1.1963 | BPB: 1.7259 | LR: 0.000004 | ms/batch: 46.1
Epoch 3/100 | Batch 10800/21973 | Loss: 1.1963 | BPB: 1.7259 | LR: 0.000004 | ms/batch: 46.1
Epoch 3/100 | Batch 10900/21973 | Loss: 1.1962 | BPB: 1.7258 | LR: 0.000004 | ms/batch: 46.1
Epoch 3/100 | Batch 11000/21973 | Loss: 1.1962 | BPB: 1.7257 | LR: 0.000004 | ms/batch: 46.1
Epoch 3/100 | Batch 11100/21973 | Loss: 1.1961 | BPB: 1.7256 | LR: 0.000004 | ms/batch: 46.1
Epoch 3/100 | Batch 11200/21973 | Loss: 1.1961 | BPB: 1.7256 | LR: 0.000004 | ms/batch: 46.1
Epoch 3/100 | Batch 11300/21973 | Loss: 1.1961 | BPB: 1.7255 | LR: 0.000004 | ms/batch: 46.1
Epoch 3/100 | Batch 11400/21973 | Loss: 1.1960 | BPB: 1.7255 | LR: 0.000004 | ms/batch: 46.1
Epoch 3/100 | Batch 11500/21973 | Loss: 1.1960 | BPB: 1.7254 | LR: 0.000004 | ms/batch: 46.1
Epoch 3/100 | Batch 11600/21973 | Loss: 1.1959 | BPB: 1.7253 | LR: 0.000004 | ms/batch: 46.1
Epoch 3/100 | Batch 11700/21973 | Loss: 1.1959 | BPB: 1.7253 | LR: 0.000004 | ms/batch: 46.1
Epoch 3/100 | Batch 11800/21973 | Loss: 1.1958 | BPB: 1.7252 | LR: 0.000004 | ms/batch: 46.1
Epoch 3/100 | Batch 11900/21973 | Loss: 1.1958 | BPB: 1.7252 | LR: 0.000004 | ms/batch: 46.0
Epoch 3/100 | Batch 12000/21973 | Loss: 1.1957 | BPB: 1.7251 | LR: 0.000004 | ms/batch: 46.0
Epoch 3/100 | Batch 12100/21973 | Loss: 1.1957 | BPB: 1.7250 | LR: 0.000004 | ms/batch: 46.1
Epoch 3/100 | Batch 12200/21973 | Loss: 1.1957 | BPB: 1.7250 | LR: 0.000004 | ms/batch: 46.0
Epoch 3/100 | Batch 12300/21973 | Loss: 1.1956 | BPB: 1.7249 | LR: 0.000004 | ms/batch: 46.0
Epoch 3/100 | Batch 12400/21973 | Loss: 1.1956 | BPB: 1.7249 | LR: 0.000004 | ms/batch: 46.0
Epoch 3/100 | Batch 12500/21973 | Loss: 1.1956 | BPB: 1.7248 | LR: 0.000004 | ms/batch: 46.0
Epoch 3/100 | Batch 12600/21973 | Loss: 1.1955 | BPB: 1.7248 | LR: 0.000004 | ms/batch: 46.0
Epoch 3/100 | Batch 12700/21973 | Loss: 1.1955 | BPB: 1.7247 | LR: 0.000004 | ms/batch: 46.0
Epoch 3/100 | Batch 12800/21973 | Loss: 1.1954 | BPB: 1.7246 | LR: 0.000004 | ms/batch: 46.0
Epoch 3/100 | Batch 12900/21973 | Loss: 1.1954 | BPB: 1.7246 | LR: 0.000004 | ms/batch: 46.0
Epoch 3/100 | Batch 13000/21973 | Loss: 1.1953 | BPB: 1.7245 | LR: 0.000004 | ms/batch: 46.0
Epoch 3/100 | Batch 13100/21973 | Loss: 1.1953 | BPB: 1.7245 | LR: 0.000004 | ms/batch: 46.0
Epoch 3/100 | Batch 13200/21973 | Loss: 1.1953 | BPB: 1.7244 | LR: 0.000004 | ms/batch: 46.0
Epoch 3/100 | Batch 13300/21973 | Loss: 1.1953 | BPB: 1.7244 | LR: 0.000004 | ms/batch: 46.0
Epoch 3/100 | Batch 13400/21973 | Loss: 1.1952 | BPB: 1.7243 | LR: 0.000004 | ms/batch: 46.0
Epoch 3/100 | Batch 13500/21973 | Loss: 1.1952 | BPB: 1.7243 | LR: 0.000004 | ms/batch: 46.0
Epoch 3/100 | Batch 13600/21973 | Loss: 1.1951 | BPB: 1.7242 | LR: 0.000004 | ms/batch: 46.0
Epoch 3/100 | Batch 13700/21973 | Loss: 1.1951 | BPB: 1.7241 | LR: 0.000005 | ms/batch: 46.0
Epoch 3/100 | Batch 13800/21973 | Loss: 1.1950 | BPB: 1.7241 | LR: 0.000005 | ms/batch: 46.0
Epoch 3/100 | Batch 13900/21973 | Loss: 1.1950 | BPB: 1.7240 | LR: 0.000005 | ms/batch: 46.0
Epoch 3/100 | Batch 14000/21973 | Loss: 1.1950 | BPB: 1.7240 | LR: 0.000005 | ms/batch: 46.0
Epoch 3/100 | Batch 14100/21973 | Loss: 1.1949 | BPB: 1.7239 | LR: 0.000005 | ms/batch: 46.0
Epoch 3/100 | Batch 14200/21973 | Loss: 1.1949 | BPB: 1.7239 | LR: 0.000005 | ms/batch: 46.0
Epoch 3/100 | Batch 14300/21973 | Loss: 1.1949 | BPB: 1.7239 | LR: 0.000005 | ms/batch: 46.0
Epoch 3/100 | Batch 14400/21973 | Loss: 1.1948 | BPB: 1.7238 | LR: 0.000005 | ms/batch: 46.0
Epoch 3/100 | Batch 14500/21973 | Loss: 1.1948 | BPB: 1.7237 | LR: 0.000005 | ms/batch: 46.0
Epoch 3/100 | Batch 14600/21973 | Loss: 1.1948 | BPB: 1.7237 | LR: 0.000005 | ms/batch: 46.0
Epoch 3/100 | Batch 14700/21973 | Loss: 1.1948 | BPB: 1.7237 | LR: 0.000005 | ms/batch: 46.0
Epoch 3/100 | Batch 14800/21973 | Loss: 1.1947 | BPB: 1.7236 | LR: 0.000005 | ms/batch: 46.0
Epoch 3/100 | Batch 14900/21973 | Loss: 1.1947 | BPB: 1.7236 | LR: 0.000005 | ms/batch: 46.0
Epoch 3/100 | Batch 15000/21973 | Loss: 1.1947 | BPB: 1.7235 | LR: 0.000005 | ms/batch: 46.0
Epoch 3/100 | Batch 15100/21973 | Loss: 1.1946 | BPB: 1.7235 | LR: 0.000005 | ms/batch: 46.0
Epoch 3/100 | Batch 15200/21973 | Loss: 1.1946 | BPB: 1.7234 | LR: 0.000005 | ms/batch: 46.0
Epoch 3/100 | Batch 15300/21973 | Loss: 1.1946 | BPB: 1.7234 | LR: 0.000005 | ms/batch: 46.0
Epoch 3/100 | Batch 15400/21973 | Loss: 1.1945 | BPB: 1.7233 | LR: 0.000005 | ms/batch: 46.0
Epoch 3/100 | Batch 15500/21973 | Loss: 1.1945 | BPB: 1.7233 | LR: 0.000005 | ms/batch: 46.0
Epoch 3/100 | Batch 15600/21973 | Loss: 1.1945 | BPB: 1.7233 | LR: 0.000005 | ms/batch: 46.0
Epoch 3/100 | Batch 15700/21973 | Loss: 1.1944 | BPB: 1.7232 | LR: 0.000005 | ms/batch: 46.0
Epoch 3/100 | Batch 15800/21973 | Loss: 1.1944 | BPB: 1.7231 | LR: 0.000005 | ms/batch: 46.0
Epoch 3/100 | Batch 15900/21973 | Loss: 1.1943 | BPB: 1.7231 | LR: 0.000005 | ms/batch: 46.0
Epoch 3/100 | Batch 16000/21973 | Loss: 1.1943 | BPB: 1.7230 | LR: 0.000005 | ms/batch: 46.0
Epoch 3/100 | Batch 16100/21973 | Loss: 1.1943 | BPB: 1.7230 | LR: 0.000005 | ms/batch: 46.0
Epoch 3/100 | Batch 16200/21973 | Loss: 1.1942 | BPB: 1.7229 | LR: 0.000005 | ms/batch: 46.0
Epoch 3/100 | Batch 16300/21973 | Loss: 1.1942 | BPB: 1.7229 | LR: 0.000005 | ms/batch: 46.0
Epoch 3/100 | Batch 16400/21973 | Loss: 1.1942 | BPB: 1.7228 | LR: 0.000005 | ms/batch: 46.0
Epoch 3/100 | Batch 16500/21973 | Loss: 1.1941 | BPB: 1.7228 | LR: 0.000005 | ms/batch: 46.0
Epoch 3/100 | Batch 16600/21973 | Loss: 1.1941 | BPB: 1.7227 | LR: 0.000005 | ms/batch: 46.0
Epoch 3/100 | Batch 16700/21973 | Loss: 1.1940 | BPB: 1.7226 | LR: 0.000005 | ms/batch: 46.0
Epoch 3/100 | Batch 16800/21973 | Loss: 1.1940 | BPB: 1.7226 | LR: 0.000005 | ms/batch: 46.0
Epoch 3/100 | Batch 16900/21973 | Loss: 1.1940 | BPB: 1.7226 | LR: 0.000005 | ms/batch: 46.0
Epoch 3/100 | Batch 17000/21973 | Loss: 1.1940 | BPB: 1.7225 | LR: 0.000005 | ms/batch: 46.0
Epoch 3/100 | Batch 17100/21973 | Loss: 1.1940 | BPB: 1.7225 | LR: 0.000005 | ms/batch: 46.0
Epoch 3/100 | Batch 17200/21973 | Loss: 1.1939 | BPB: 1.7225 | LR: 0.000005 | ms/batch: 46.0
Epoch 3/100 | Batch 17300/21973 | Loss: 1.1939 | BPB: 1.7224 | LR: 0.000005 | ms/batch: 46.0
Epoch 3/100 | Batch 17400/21973 | Loss: 1.1938 | BPB: 1.7223 | LR: 0.000005 | ms/batch: 46.0
Epoch 3/100 | Batch 17500/21973 | Loss: 1.1938 | BPB: 1.7223 | LR: 0.000005 | ms/batch: 46.0
Epoch 3/100 | Batch 17600/21973 | Loss: 1.1938 | BPB: 1.7223 | LR: 0.000005 | ms/batch: 46.0
Epoch 3/100 | Batch 17700/21973 | Loss: 1.1938 | BPB: 1.7223 | LR: 0.000005 | ms/batch: 46.0
Epoch 3/100 | Batch 17800/21973 | Loss: 1.1938 | BPB: 1.7222 | LR: 0.000005 | ms/batch: 46.0
Epoch 3/100 | Batch 17900/21973 | Loss: 1.1937 | BPB: 1.7222 | LR: 0.000005 | ms/batch: 46.0
Epoch 3/100 | Batch 18000/21973 | Loss: 1.1937 | BPB: 1.7222 | LR: 0.000005 | ms/batch: 46.0
Epoch 3/100 | Batch 18100/21973 | Loss: 1.1937 | BPB: 1.7222 | LR: 0.000005 | ms/batch: 46.0
Epoch 3/100 | Batch 18200/21973 | Loss: 1.1937 | BPB: 1.7221 | LR: 0.000005 | ms/batch: 46.0
Epoch 3/100 | Batch 18300/21973 | Loss: 1.1936 | BPB: 1.7221 | LR: 0.000005 | ms/batch: 46.0
Epoch 3/100 | Batch 18400/21973 | Loss: 1.1936 | BPB: 1.7220 | LR: 0.000005 | ms/batch: 46.0
Epoch 3/100 | Batch 18500/21973 | Loss: 1.1936 | BPB: 1.7220 | LR: 0.000005 | ms/batch: 46.0
Epoch 3/100 | Batch 18600/21973 | Loss: 1.1936 | BPB: 1.7220 | LR: 0.000005 | ms/batch: 46.0
Epoch 3/100 | Batch 18700/21973 | Loss: 1.1936 | BPB: 1.7219 | LR: 0.000005 | ms/batch: 46.0
Epoch 3/100 | Batch 18800/21973 | Loss: 1.1935 | BPB: 1.7219 | LR: 0.000005 | ms/batch: 46.0
Epoch 3/100 | Batch 18900/21973 | Loss: 1.1935 | BPB: 1.7219 | LR: 0.000005 | ms/batch: 46.0
Epoch 3/100 | Batch 19000/21973 | Loss: 1.1935 | BPB: 1.7219 | LR: 0.000005 | ms/batch: 46.0
Epoch 3/100 | Batch 19100/21973 | Loss: 1.1935 | BPB: 1.7218 | LR: 0.000005 | ms/batch: 46.0
Epoch 3/100 | Batch 19200/21973 | Loss: 1.1935 | BPB: 1.7218 | LR: 0.000005 | ms/batch: 46.0
Epoch 3/100 | Batch 19300/21973 | Loss: 1.1934 | BPB: 1.7218 | LR: 0.000005 | ms/batch: 46.0
Epoch 3/100 | Batch 19400/21973 | Loss: 1.1934 | BPB: 1.7218 | LR: 0.000005 | ms/batch: 46.0
Epoch 3/100 | Batch 19500/21973 | Loss: 1.1934 | BPB: 1.7217 | LR: 0.000005 | ms/batch: 46.0
Epoch 3/100 | Batch 19600/21973 | Loss: 1.1934 | BPB: 1.7217 | LR: 0.000005 | ms/batch: 46.0
Epoch 3/100 | Batch 19700/21973 | Loss: 1.1933 | BPB: 1.7216 | LR: 0.000005 | ms/batch: 46.0
Epoch 3/100 | Batch 19800/21973 | Loss: 1.1933 | BPB: 1.7216 | LR: 0.000005 | ms/batch: 46.0
Epoch 3/100 | Batch 19900/21973 | Loss: 1.1933 | BPB: 1.7215 | LR: 0.000005 | ms/batch: 46.0
Epoch 3/100 | Batch 20000/21973 | Loss: 1.1932 | BPB: 1.7215 | LR: 0.000005 | ms/batch: 46.0
Epoch 3/100 | Batch 20100/21973 | Loss: 1.1932 | BPB: 1.7215 | LR: 0.000005 | ms/batch: 46.0
Epoch 3/100 | Batch 20200/21973 | Loss: 1.1932 | BPB: 1.7214 | LR: 0.000005 | ms/batch: 46.0
Epoch 3/100 | Batch 20300/21973 | Loss: 1.1932 | BPB: 1.7214 | LR: 0.000005 | ms/batch: 46.0
Epoch 3/100 | Batch 20400/21973 | Loss: 1.1931 | BPB: 1.7213 | LR: 0.000005 | ms/batch: 46.0
Epoch 3/100 | Batch 20500/21973 | Loss: 1.1931 | BPB: 1.7213 | LR: 0.000005 | ms/batch: 46.0
Epoch 3/100 | Batch 20600/21973 | Loss: 1.1931 | BPB: 1.7212 | LR: 0.000005 | ms/batch: 46.0
Epoch 3/100 | Batch 20700/21973 | Loss: 1.1931 | BPB: 1.7212 | LR: 0.000005 | ms/batch: 46.0
Epoch 3/100 | Batch 20800/21973 | Loss: 1.1930 | BPB: 1.7212 | LR: 0.000005 | ms/batch: 46.0
Epoch 3/100 | Batch 20900/21973 | Loss: 1.1930 | BPB: 1.7211 | LR: 0.000005 | ms/batch: 46.0
Epoch 3/100 | Batch 21000/21973 | Loss: 1.1930 | BPB: 1.7211 | LR: 0.000005 | ms/batch: 46.0
Epoch 3/100 | Batch 21100/21973 | Loss: 1.1929 | BPB: 1.7211 | LR: 0.000005 | ms/batch: 46.0
Epoch 3/100 | Batch 21200/21973 | Loss: 1.1929 | BPB: 1.7210 | LR: 0.000005 | ms/batch: 46.0
Epoch 3/100 | Batch 21300/21973 | Loss: 1.1929 | BPB: 1.7210 | LR: 0.000005 | ms/batch: 46.0
Epoch 3/100 | Batch 21400/21973 | Loss: 1.1929 | BPB: 1.7210 | LR: 0.000005 | ms/batch: 46.0
Epoch 3/100 | Batch 21500/21973 | Loss: 1.1929 | BPB: 1.7209 | LR: 0.000005 | ms/batch: 46.0
Epoch 3/100 | Batch 21600/21973 | Loss: 1.1928 | BPB: 1.7209 | LR: 0.000005 | ms/batch: 46.0
Epoch 3/100 | Batch 21700/21973 | Loss: 1.1928 | BPB: 1.7209 | LR: 0.000005 | ms/batch: 46.0
Epoch 3/100 | Batch 21800/21973 | Loss: 1.1928 | BPB: 1.7208 | LR: 0.000005 | ms/batch: 46.0
Epoch 3/100 | Batch 21900/21973 | Loss: 1.1927 | BPB: 1.7208 | LR: 0.000005 | ms/batch: 46.0

Epoch 3/100 Summary:
Training Loss: 1.1927 (BPB: 1.7207)
Validation Loss: 0.8920 (BPB: 1.2869)
Best Validation Loss: 0.8920
Learning Rate: 0.000005
Epoch 4/100 | Batch 0/21973 | Loss: 1.1768 | BPB: 1.6978 | LR: 0.000005 | ms/batch: 120.3
Epoch 4/100 | Batch 100/21973 | Loss: 1.1873 | BPB: 1.7128 | LR: 0.000005 | ms/batch: 47.1
Epoch 4/100 | Batch 200/21973 | Loss: 1.1880 | BPB: 1.7139 | LR: 0.000005 | ms/batch: 46.5
Epoch 4/100 | Batch 300/21973 | Loss: 1.1877 | BPB: 1.7134 | LR: 0.000005 | ms/batch: 46.3
Epoch 4/100 | Batch 400/21973 | Loss: 1.1871 | BPB: 1.7127 | LR: 0.000005 | ms/batch: 46.2
Epoch 4/100 | Batch 500/21973 | Loss: 1.1869 | BPB: 1.7123 | LR: 0.000005 | ms/batch: 46.1
Epoch 4/100 | Batch 600/21973 | Loss: 1.1871 | BPB: 1.7126 | LR: 0.000005 | ms/batch: 46.2
Epoch 4/100 | Batch 700/21973 | Loss: 1.1870 | BPB: 1.7124 | LR: 0.000005 | ms/batch: 46.1
Epoch 4/100 | Batch 800/21973 | Loss: 1.1876 | BPB: 1.7133 | LR: 0.000005 | ms/batch: 46.1
Epoch 4/100 | Batch 900/21973 | Loss: 1.1875 | BPB: 1.7133 | LR: 0.000005 | ms/batch: 46.1
Epoch 4/100 | Batch 1000/21973 | Loss: 1.1878 | BPB: 1.7136 | LR: 0.000005 | ms/batch: 46.0
Epoch 4/100 | Batch 1100/21973 | Loss: 1.1876 | BPB: 1.7134 | LR: 0.000005 | ms/batch: 46.1
Epoch 4/100 | Batch 1200/21973 | Loss: 1.1873 | BPB: 1.7129 | LR: 0.000005 | ms/batch: 46.1
Epoch 4/100 | Batch 1300/21973 | Loss: 1.1874 | BPB: 1.7131 | LR: 0.000005 | ms/batch: 46.1
Epoch 4/100 | Batch 1400/21973 | Loss: 1.1877 | BPB: 1.7135 | LR: 0.000005 | ms/batch: 46.0
Epoch 4/100 | Batch 1500/21973 | Loss: 1.1877 | BPB: 1.7134 | LR: 0.000005 | ms/batch: 46.0
Epoch 4/100 | Batch 1600/21973 | Loss: 1.1875 | BPB: 1.7132 | LR: 0.000005 | ms/batch: 46.1
Epoch 4/100 | Batch 1700/21973 | Loss: 1.1874 | BPB: 1.7131 | LR: 0.000005 | ms/batch: 46.0
Epoch 4/100 | Batch 1800/21973 | Loss: 1.1875 | BPB: 1.7132 | LR: 0.000005 | ms/batch: 46.0
Epoch 4/100 | Batch 1900/21973 | Loss: 1.1875 | BPB: 1.7132 | LR: 0.000005 | ms/batch: 46.0
Epoch 4/100 | Batch 2000/21973 | Loss: 1.1876 | BPB: 1.7133 | LR: 0.000005 | ms/batch: 46.0
Epoch 4/100 | Batch 2100/21973 | Loss: 1.1873 | BPB: 1.7130 | LR: 0.000005 | ms/batch: 46.0
Epoch 4/100 | Batch 2200/21973 | Loss: 1.1871 | BPB: 1.7127 | LR: 0.000005 | ms/batch: 46.0
Epoch 4/100 | Batch 2300/21973 | Loss: 1.1872 | BPB: 1.7127 | LR: 0.000005 | ms/batch: 46.0
Epoch 4/100 | Batch 2400/21973 | Loss: 1.1873 | BPB: 1.7128 | LR: 0.000005 | ms/batch: 46.0
Epoch 4/100 | Batch 2500/21973 | Loss: 1.1872 | BPB: 1.7127 | LR: 0.000005 | ms/batch: 46.0
Epoch 4/100 | Batch 2600/21973 | Loss: 1.1871 | BPB: 1.7126 | LR: 0.000005 | ms/batch: 46.0
Epoch 4/100 | Batch 2700/21973 | Loss: 1.1870 | BPB: 1.7125 | LR: 0.000005 | ms/batch: 46.0
Epoch 4/100 | Batch 2800/21973 | Loss: 1.1872 | BPB: 1.7127 | LR: 0.000005 | ms/batch: 46.0
Epoch 4/100 | Batch 2900/21973 | Loss: 1.1872 | BPB: 1.7127 | LR: 0.000005 | ms/batch: 46.0
Epoch 4/100 | Batch 3000/21973 | Loss: 1.1871 | BPB: 1.7127 | LR: 0.000005 | ms/batch: 46.0
Epoch 4/100 | Batch 3100/21973 | Loss: 1.1872 | BPB: 1.7128 | LR: 0.000005 | ms/batch: 46.0
Epoch 4/100 | Batch 3200/21973 | Loss: 1.1872 | BPB: 1.7128 | LR: 0.000005 | ms/batch: 46.0
Epoch 4/100 | Batch 3300/21973 | Loss: 1.1873 | BPB: 1.7129 | LR: 0.000005 | ms/batch: 46.0
Epoch 4/100 | Batch 3400/21973 | Loss: 1.1873 | BPB: 1.7129 | LR: 0.000005 | ms/batch: 46.0
Epoch 4/100 | Batch 3500/21973 | Loss: 1.1872 | BPB: 1.7128 | LR: 0.000005 | ms/batch: 46.0
Epoch 4/100 | Batch 3600/21973 | Loss: 1.1872 | BPB: 1.7128 | LR: 0.000005 | ms/batch: 46.0
Epoch 4/100 | Batch 3700/21973 | Loss: 1.1872 | BPB: 1.7127 | LR: 0.000005 | ms/batch: 46.0
Epoch 4/100 | Batch 3800/21973 | Loss: 1.1872 | BPB: 1.7127 | LR: 0.000005 | ms/batch: 46.0
Epoch 4/100 | Batch 3900/21973 | Loss: 1.1871 | BPB: 1.7126 | LR: 0.000005 | ms/batch: 46.0
Epoch 4/100 | Batch 4000/21973 | Loss: 1.1870 | BPB: 1.7125 | LR: 0.000005 | ms/batch: 46.0
Epoch 4/100 | Batch 4100/21973 | Loss: 1.1871 | BPB: 1.7126 | LR: 0.000005 | ms/batch: 46.0
Epoch 4/100 | Batch 4200/21973 | Loss: 1.1871 | BPB: 1.7126 | LR: 0.000005 | ms/batch: 46.0
Epoch 4/100 | Batch 4300/21973 | Loss: 1.1871 | BPB: 1.7126 | LR: 0.000005 | ms/batch: 46.0
Epoch 4/100 | Batch 4400/21973 | Loss: 1.1871 | BPB: 1.7126 | LR: 0.000005 | ms/batch: 46.0
Epoch 4/100 | Batch 4500/21973 | Loss: 1.1870 | BPB: 1.7125 | LR: 0.000006 | ms/batch: 46.0
Epoch 4/100 | Batch 4600/21973 | Loss: 1.1870 | BPB: 1.7125 | LR: 0.000006 | ms/batch: 46.0
Epoch 4/100 | Batch 4700/21973 | Loss: 1.1871 | BPB: 1.7126 | LR: 0.000006 | ms/batch: 46.0
Epoch 4/100 | Batch 4800/21973 | Loss: 1.1870 | BPB: 1.7124 | LR: 0.000006 | ms/batch: 46.0
Epoch 4/100 | Batch 4900/21973 | Loss: 1.1869 | BPB: 1.7123 | LR: 0.000006 | ms/batch: 46.0
Epoch 4/100 | Batch 5000/21973 | Loss: 1.1868 | BPB: 1.7123 | LR: 0.000006 | ms/batch: 46.0
Epoch 4/100 | Batch 5100/21973 | Loss: 1.1869 | BPB: 1.7123 | LR: 0.000006 | ms/batch: 46.0
Epoch 4/100 | Batch 5200/21973 | Loss: 1.1869 | BPB: 1.7123 | LR: 0.000006 | ms/batch: 46.0
Epoch 4/100 | Batch 5300/21973 | Loss: 1.1868 | BPB: 1.7123 | LR: 0.000006 | ms/batch: 46.0
Epoch 4/100 | Batch 5400/21973 | Loss: 1.1868 | BPB: 1.7122 | LR: 0.000006 | ms/batch: 46.0
Epoch 4/100 | Batch 5500/21973 | Loss: 1.1868 | BPB: 1.7122 | LR: 0.000006 | ms/batch: 46.0
Epoch 4/100 | Batch 5600/21973 | Loss: 1.1868 | BPB: 1.7121 | LR: 0.000006 | ms/batch: 46.0
Epoch 4/100 | Batch 5700/21973 | Loss: 1.1867 | BPB: 1.7121 | LR: 0.000006 | ms/batch: 46.0
Epoch 4/100 | Batch 5800/21973 | Loss: 1.1867 | BPB: 1.7121 | LR: 0.000006 | ms/batch: 46.0
Epoch 4/100 | Batch 5900/21973 | Loss: 1.1868 | BPB: 1.7121 | LR: 0.000006 | ms/batch: 46.0
Epoch 4/100 | Batch 6000/21973 | Loss: 1.1868 | BPB: 1.7122 | LR: 0.000006 | ms/batch: 46.0
Epoch 4/100 | Batch 6100/21973 | Loss: 1.1868 | BPB: 1.7122 | LR: 0.000006 | ms/batch: 46.0
Epoch 4/100 | Batch 6200/21973 | Loss: 1.1868 | BPB: 1.7121 | LR: 0.000006 | ms/batch: 46.0
Epoch 4/100 | Batch 6300/21973 | Loss: 1.1868 | BPB: 1.7122 | LR: 0.000006 | ms/batch: 46.0
Epoch 4/100 | Batch 6400/21973 | Loss: 1.1868 | BPB: 1.7122 | LR: 0.000006 | ms/batch: 46.0
Epoch 4/100 | Batch 6500/21973 | Loss: 1.1868 | BPB: 1.7122 | LR: 0.000006 | ms/batch: 46.0
Epoch 4/100 | Batch 6600/21973 | Loss: 1.1867 | BPB: 1.7121 | LR: 0.000006 | ms/batch: 46.0
Epoch 4/100 | Batch 6700/21973 | Loss: 1.1867 | BPB: 1.7121 | LR: 0.000006 | ms/batch: 46.0
Epoch 4/100 | Batch 6800/21973 | Loss: 1.1867 | BPB: 1.7121 | LR: 0.000006 | ms/batch: 46.0
Epoch 4/100 | Batch 6900/21973 | Loss: 1.1867 | BPB: 1.7120 | LR: 0.000006 | ms/batch: 46.0
Epoch 4/100 | Batch 7000/21973 | Loss: 1.1867 | BPB: 1.7120 | LR: 0.000006 | ms/batch: 46.0
Epoch 4/100 | Batch 7100/21973 | Loss: 1.1867 | BPB: 1.7120 | LR: 0.000006 | ms/batch: 46.0
Epoch 4/100 | Batch 7200/21973 | Loss: 1.1867 | BPB: 1.7120 | LR: 0.000006 | ms/batch: 46.0
Epoch 4/100 | Batch 7300/21973 | Loss: 1.1866 | BPB: 1.7120 | LR: 0.000006 | ms/batch: 46.0
Epoch 4/100 | Batch 7400/21973 | Loss: 1.1867 | BPB: 1.7120 | LR: 0.000006 | ms/batch: 46.0
Epoch 4/100 | Batch 7500/21973 | Loss: 1.1867 | BPB: 1.7120 | LR: 0.000006 | ms/batch: 46.0
Epoch 4/100 | Batch 7600/21973 | Loss: 1.1867 | BPB: 1.7120 | LR: 0.000006 | ms/batch: 46.0
Epoch 4/100 | Batch 7700/21973 | Loss: 1.1866 | BPB: 1.7119 | LR: 0.000006 | ms/batch: 46.0
Epoch 4/100 | Batch 7800/21973 | Loss: 1.1866 | BPB: 1.7119 | LR: 0.000006 | ms/batch: 46.0
Epoch 4/100 | Batch 7900/21973 | Loss: 1.1866 | BPB: 1.7119 | LR: 0.000006 | ms/batch: 46.0
Epoch 4/100 | Batch 8000/21973 | Loss: 1.1866 | BPB: 1.7119 | LR: 0.000006 | ms/batch: 46.0
Epoch 4/100 | Batch 8100/21973 | Loss: 1.1866 | BPB: 1.7119 | LR: 0.000006 | ms/batch: 46.0
Epoch 4/100 | Batch 8200/21973 | Loss: 1.1866 | BPB: 1.7119 | LR: 0.000006 | ms/batch: 46.0
Epoch 4/100 | Batch 8300/21973 | Loss: 1.1866 | BPB: 1.7119 | LR: 0.000006 | ms/batch: 46.0
Epoch 4/100 | Batch 8400/21973 | Loss: 1.1866 | BPB: 1.7118 | LR: 0.000006 | ms/batch: 46.0
Epoch 4/100 | Batch 8500/21973 | Loss: 1.1865 | BPB: 1.7118 | LR: 0.000006 | ms/batch: 46.0
Epoch 4/100 | Batch 8600/21973 | Loss: 1.1866 | BPB: 1.7118 | LR: 0.000006 | ms/batch: 46.0
Epoch 4/100 | Batch 8700/21973 | Loss: 1.1866 | BPB: 1.7119 | LR: 0.000006 | ms/batch: 46.0
Epoch 4/100 | Batch 8800/21973 | Loss: 1.1866 | BPB: 1.7119 | LR: 0.000006 | ms/batch: 46.0
Epoch 4/100 | Batch 8900/21973 | Loss: 1.1866 | BPB: 1.7119 | LR: 0.000006 | ms/batch: 46.0
Epoch 4/100 | Batch 9000/21973 | Loss: 1.1866 | BPB: 1.7119 | LR: 0.000006 | ms/batch: 46.0
Epoch 4/100 | Batch 9100/21973 | Loss: 1.1866 | BPB: 1.7118 | LR: 0.000006 | ms/batch: 46.0
Epoch 4/100 | Batch 9200/21973 | Loss: 1.1865 | BPB: 1.7118 | LR: 0.000006 | ms/batch: 46.0
Epoch 4/100 | Batch 9300/21973 | Loss: 1.1865 | BPB: 1.7118 | LR: 0.000006 | ms/batch: 46.0
Epoch 4/100 | Batch 9400/21973 | Loss: 1.1865 | BPB: 1.7118 | LR: 0.000006 | ms/batch: 46.0
Epoch 4/100 | Batch 9500/21973 | Loss: 1.1865 | BPB: 1.7117 | LR: 0.000006 | ms/batch: 46.0
Epoch 4/100 | Batch 9600/21973 | Loss: 1.1864 | BPB: 1.7117 | LR: 0.000006 | ms/batch: 46.0
Epoch 4/100 | Batch 9700/21973 | Loss: 1.1864 | BPB: 1.7116 | LR: 0.000006 | ms/batch: 46.0
Epoch 4/100 | Batch 9800/21973 | Loss: 1.1864 | BPB: 1.7116 | LR: 0.000006 | ms/batch: 46.0
Epoch 4/100 | Batch 9900/21973 | Loss: 1.1864 | BPB: 1.7116 | LR: 0.000006 | ms/batch: 46.0
Epoch 4/100 | Batch 10000/21973 | Loss: 1.1864 | BPB: 1.7116 | LR: 0.000006 | ms/batch: 46.0
Epoch 4/100 | Batch 10100/21973 | Loss: 1.1864 | BPB: 1.7116 | LR: 0.000006 | ms/batch: 46.0
Epoch 4/100 | Batch 10200/21973 | Loss: 1.1864 | BPB: 1.7115 | LR: 0.000006 | ms/batch: 46.0
Epoch 4/100 | Batch 10300/21973 | Loss: 1.1863 | BPB: 1.7115 | LR: 0.000006 | ms/batch: 46.0
Epoch 4/100 | Batch 10400/21973 | Loss: 1.1863 | BPB: 1.7115 | LR: 0.000006 | ms/batch: 46.0
Epoch 4/100 | Batch 10500/21973 | Loss: 1.1863 | BPB: 1.7115 | LR: 0.000006 | ms/batch: 46.0
Epoch 4/100 | Batch 10600/21973 | Loss: 1.1863 | BPB: 1.7114 | LR: 0.000006 | ms/batch: 46.0
Epoch 4/100 | Batch 10700/21973 | Loss: 1.1863 | BPB: 1.7115 | LR: 0.000006 | ms/batch: 46.0
Epoch 4/100 | Batch 10800/21973 | Loss: 1.1863 | BPB: 1.7114 | LR: 0.000006 | ms/batch: 46.0
Epoch 4/100 | Batch 10900/21973 | Loss: 1.1863 | BPB: 1.7114 | LR: 0.000006 | ms/batch: 46.0
Epoch 4/100 | Batch 11000/21973 | Loss: 1.1863 | BPB: 1.7115 | LR: 0.000006 | ms/batch: 46.0
Epoch 4/100 | Batch 11100/21973 | Loss: 1.1863 | BPB: 1.7114 | LR: 0.000006 | ms/batch: 46.0
Epoch 4/100 | Batch 11200/21973 | Loss: 1.1863 | BPB: 1.7114 | LR: 0.000006 | ms/batch: 46.0
Epoch 4/100 | Batch 11300/21973 | Loss: 1.1863 | BPB: 1.7114 | LR: 0.000006 | ms/batch: 46.0
Epoch 4/100 | Batch 11400/21973 | Loss: 1.1863 | BPB: 1.7114 | LR: 0.000006 | ms/batch: 46.0
Epoch 4/100 | Batch 11500/21973 | Loss: 1.1863 | BPB: 1.7114 | LR: 0.000006 | ms/batch: 46.0
Epoch 4/100 | Batch 11600/21973 | Loss: 1.1863 | BPB: 1.7114 | LR: 0.000006 | ms/batch: 46.0
Epoch 4/100 | Batch 11700/21973 | Loss: 1.1862 | BPB: 1.7114 | LR: 0.000006 | ms/batch: 46.0
Epoch 4/100 | Batch 11800/21973 | Loss: 1.1862 | BPB: 1.7114 | LR: 0.000006 | ms/batch: 46.0
Epoch 4/100 | Batch 11900/21973 | Loss: 1.1862 | BPB: 1.7114 | LR: 0.000006 | ms/batch: 46.0
Epoch 4/100 | Batch 12000/21973 | Loss: 1.1862 | BPB: 1.7113 | LR: 0.000006 | ms/batch: 46.0
Epoch 4/100 | Batch 12100/21973 | Loss: 1.1862 | BPB: 1.7113 | LR: 0.000006 | ms/batch: 46.0
Epoch 4/100 | Batch 12200/21973 | Loss: 1.1862 | BPB: 1.7113 | LR: 0.000006 | ms/batch: 46.0
Epoch 4/100 | Batch 12300/21973 | Loss: 1.1862 | BPB: 1.7113 | LR: 0.000006 | ms/batch: 46.0
Epoch 4/100 | Batch 12400/21973 | Loss: 1.1862 | BPB: 1.7113 | LR: 0.000006 | ms/batch: 46.0
Epoch 4/100 | Batch 12500/21973 | Loss: 1.1862 | BPB: 1.7113 | LR: 0.000006 | ms/batch: 46.0
Epoch 4/100 | Batch 12600/21973 | Loss: 1.1862 | BPB: 1.7113 | LR: 0.000006 | ms/batch: 46.0
Epoch 4/100 | Batch 12700/21973 | Loss: 1.1862 | BPB: 1.7113 | LR: 0.000006 | ms/batch: 46.0
Epoch 4/100 | Batch 12800/21973 | Loss: 1.1861 | BPB: 1.7112 | LR: 0.000006 | ms/batch: 46.0
Epoch 4/100 | Batch 12900/21973 | Loss: 1.1861 | BPB: 1.7113 | LR: 0.000006 | ms/batch: 46.0
Epoch 4/100 | Batch 13000/21973 | Loss: 1.1861 | BPB: 1.7112 | LR: 0.000006 | ms/batch: 46.0
Epoch 4/100 | Batch 13100/21973 | Loss: 1.1861 | BPB: 1.7112 | LR: 0.000006 | ms/batch: 46.0
Epoch 4/100 | Batch 13200/21973 | Loss: 1.1861 | BPB: 1.7112 | LR: 0.000006 | ms/batch: 46.0
Epoch 4/100 | Batch 13300/21973 | Loss: 1.1861 | BPB: 1.7112 | LR: 0.000006 | ms/batch: 46.0
Epoch 4/100 | Batch 13400/21973 | Loss: 1.1861 | BPB: 1.7112 | LR: 0.000006 | ms/batch: 46.0
Epoch 4/100 | Batch 13500/21973 | Loss: 1.1861 | BPB: 1.7112 | LR: 0.000006 | ms/batch: 46.0
Epoch 4/100 | Batch 13600/21973 | Loss: 1.1861 | BPB: 1.7112 | LR: 0.000006 | ms/batch: 46.0
Epoch 4/100 | Batch 13700/21973 | Loss: 1.1861 | BPB: 1.7112 | LR: 0.000006 | ms/batch: 46.0
Epoch 4/100 | Batch 13800/21973 | Loss: 1.1861 | BPB: 1.7112 | LR: 0.000006 | ms/batch: 46.0
Epoch 4/100 | Batch 13900/21973 | Loss: 1.1861 | BPB: 1.7111 | LR: 0.000006 | ms/batch: 46.0
Epoch 4/100 | Batch 14000/21973 | Loss: 1.1861 | BPB: 1.7111 | LR: 0.000006 | ms/batch: 46.0
Epoch 4/100 | Batch 14100/21973 | Loss: 1.1861 | BPB: 1.7111 | LR: 0.000006 | ms/batch: 46.0
Epoch 4/100 | Batch 14200/21973 | Loss: 1.1860 | BPB: 1.7111 | LR: 0.000006 | ms/batch: 46.0
Epoch 4/100 | Batch 14300/21973 | Loss: 1.1860 | BPB: 1.7111 | LR: 0.000006 | ms/batch: 46.0
Epoch 4/100 | Batch 14400/21973 | Loss: 1.1860 | BPB: 1.7111 | LR: 0.000006 | ms/batch: 46.0
Epoch 4/100 | Batch 14500/21973 | Loss: 1.1860 | BPB: 1.7111 | LR: 0.000006 | ms/batch: 46.0
Epoch 4/100 | Batch 14600/21973 | Loss: 1.1860 | BPB: 1.7111 | LR: 0.000006 | ms/batch: 46.0
Epoch 4/100 | Batch 14700/21973 | Loss: 1.1860 | BPB: 1.7110 | LR: 0.000006 | ms/batch: 46.0
Epoch 4/100 | Batch 14800/21973 | Loss: 1.1860 | BPB: 1.7110 | LR: 0.000006 | ms/batch: 46.0
Epoch 4/100 | Batch 14900/21973 | Loss: 1.1860 | BPB: 1.7110 | LR: 0.000006 | ms/batch: 46.0
Epoch 4/100 | Batch 15000/21973 | Loss: 1.1860 | BPB: 1.7110 | LR: 0.000006 | ms/batch: 46.0
Epoch 4/100 | Batch 15100/21973 | Loss: 1.1860 | BPB: 1.7110 | LR: 0.000006 | ms/batch: 46.0
Epoch 4/100 | Batch 15200/21973 | Loss: 1.1860 | BPB: 1.7110 | LR: 0.000006 | ms/batch: 46.0
Epoch 4/100 | Batch 15300/21973 | Loss: 1.1860 | BPB: 1.7110 | LR: 0.000006 | ms/batch: 46.0
Epoch 4/100 | Batch 15400/21973 | Loss: 1.1860 | BPB: 1.7110 | LR: 0.000006 | ms/batch: 46.0
Epoch 4/100 | Batch 15500/21973 | Loss: 1.1860 | BPB: 1.7110 | LR: 0.000006 | ms/batch: 46.0
Epoch 4/100 | Batch 15600/21973 | Loss: 1.1859 | BPB: 1.7109 | LR: 0.000006 | ms/batch: 46.0
Epoch 4/100 | Batch 15700/21973 | Loss: 1.1859 | BPB: 1.7109 | LR: 0.000006 | ms/batch: 46.0
Epoch 4/100 | Batch 15800/21973 | Loss: 1.1859 | BPB: 1.7109 | LR: 0.000006 | ms/batch: 46.0
Epoch 4/100 | Batch 15900/21973 | Loss: 1.1859 | BPB: 1.7108 | LR: 0.000006 | ms/batch: 46.0
Epoch 4/100 | Batch 16000/21973 | Loss: 1.1858 | BPB: 1.7108 | LR: 0.000006 | ms/batch: 46.0
Epoch 4/100 | Batch 16100/21973 | Loss: 1.1858 | BPB: 1.7108 | LR: 0.000006 | ms/batch: 46.0
Epoch 4/100 | Batch 16200/21973 | Loss: 1.1858 | BPB: 1.7108 | LR: 0.000006 | ms/batch: 46.0
Epoch 4/100 | Batch 16300/21973 | Loss: 1.1858 | BPB: 1.7108 | LR: 0.000006 | ms/batch: 46.0
Epoch 4/100 | Batch 16400/21973 | Loss: 1.1858 | BPB: 1.7108 | LR: 0.000006 | ms/batch: 46.0
Epoch 4/100 | Batch 16500/21973 | Loss: 1.1858 | BPB: 1.7108 | LR: 0.000006 | ms/batch: 46.0
Epoch 4/100 | Batch 16600/21973 | Loss: 1.1858 | BPB: 1.7108 | LR: 0.000006 | ms/batch: 46.0
Epoch 4/100 | Batch 16700/21973 | Loss: 1.1858 | BPB: 1.7108 | LR: 0.000006 | ms/batch: 46.0
Epoch 4/100 | Batch 16800/21973 | Loss: 1.1858 | BPB: 1.7108 | LR: 0.000006 | ms/batch: 46.0
Epoch 4/100 | Batch 16900/21973 | Loss: 1.1858 | BPB: 1.7108 | LR: 0.000006 | ms/batch: 46.0
Epoch 4/100 | Batch 17000/21973 | Loss: 1.1858 | BPB: 1.7108 | LR: 0.000006 | ms/batch: 46.0
Epoch 4/100 | Batch 17100/21973 | Loss: 1.1858 | BPB: 1.7108 | LR: 0.000006 | ms/batch: 46.0
Epoch 4/100 | Batch 17200/21973 | Loss: 1.1858 | BPB: 1.7108 | LR: 0.000006 | ms/batch: 46.0
Epoch 4/100 | Batch 17300/21973 | Loss: 1.1858 | BPB: 1.7107 | LR: 0.000007 | ms/batch: 46.0
Epoch 4/100 | Batch 17400/21973 | Loss: 1.1858 | BPB: 1.7107 | LR: 0.000007 | ms/batch: 46.0
Epoch 4/100 | Batch 17500/21973 | Loss: 1.1858 | BPB: 1.7107 | LR: 0.000007 | ms/batch: 46.0
Epoch 4/100 | Batch 17600/21973 | Loss: 1.1858 | BPB: 1.7107 | LR: 0.000007 | ms/batch: 46.0
Epoch 4/100 | Batch 17700/21973 | Loss: 1.1858 | BPB: 1.7107 | LR: 0.000007 | ms/batch: 46.0
Epoch 4/100 | Batch 17800/21973 | Loss: 1.1857 | BPB: 1.7107 | LR: 0.000007 | ms/batch: 46.0
Epoch 4/100 | Batch 17900/21973 | Loss: 1.1857 | BPB: 1.7107 | LR: 0.000007 | ms/batch: 46.0
Epoch 4/100 | Batch 18000/21973 | Loss: 1.1857 | BPB: 1.7107 | LR: 0.000007 | ms/batch: 46.0
Epoch 4/100 | Batch 18100/21973 | Loss: 1.1857 | BPB: 1.7107 | LR: 0.000007 | ms/batch: 46.0
Epoch 4/100 | Batch 18200/21973 | Loss: 1.1857 | BPB: 1.7107 | LR: 0.000007 | ms/batch: 46.0
Epoch 4/100 | Batch 18300/21973 | Loss: 1.1857 | BPB: 1.7107 | LR: 0.000007 | ms/batch: 46.0
Epoch 4/100 | Batch 18400/21973 | Loss: 1.1857 | BPB: 1.7106 | LR: 0.000007 | ms/batch: 46.0
Epoch 4/100 | Batch 18500/21973 | Loss: 1.1857 | BPB: 1.7106 | LR: 0.000007 | ms/batch: 46.0
Epoch 4/100 | Batch 18600/21973 | Loss: 1.1857 | BPB: 1.7106 | LR: 0.000007 | ms/batch: 46.0
Epoch 4/100 | Batch 18700/21973 | Loss: 1.1857 | BPB: 1.7106 | LR: 0.000007 | ms/batch: 46.0
Epoch 4/100 | Batch 18800/21973 | Loss: 1.1857 | BPB: 1.7106 | LR: 0.000007 | ms/batch: 46.0
Epoch 4/100 | Batch 18900/21973 | Loss: 1.1857 | BPB: 1.7106 | LR: 0.000007 | ms/batch: 46.0
Epoch 4/100 | Batch 19000/21973 | Loss: 1.1857 | BPB: 1.7105 | LR: 0.000007 | ms/batch: 46.0
Epoch 4/100 | Batch 19100/21973 | Loss: 1.1857 | BPB: 1.7105 | LR: 0.000007 | ms/batch: 46.0
Epoch 4/100 | Batch 19200/21973 | Loss: 1.1857 | BPB: 1.7105 | LR: 0.000007 | ms/batch: 46.0
Epoch 4/100 | Batch 19300/21973 | Loss: 1.1857 | BPB: 1.7105 | LR: 0.000007 | ms/batch: 46.0
Epoch 4/100 | Batch 19400/21973 | Loss: 1.1856 | BPB: 1.7105 | LR: 0.000007 | ms/batch: 46.0
Epoch 4/100 | Batch 19500/21973 | Loss: 1.1856 | BPB: 1.7105 | LR: 0.000007 | ms/batch: 46.0
Epoch 4/100 | Batch 19600/21973 | Loss: 1.1856 | BPB: 1.7105 | LR: 0.000007 | ms/batch: 46.0
Epoch 4/100 | Batch 19700/21973 | Loss: 1.1856 | BPB: 1.7105 | LR: 0.000007 | ms/batch: 46.0
Epoch 4/100 | Batch 19800/21973 | Loss: 1.1856 | BPB: 1.7105 | LR: 0.000007 | ms/batch: 46.0
Epoch 4/100 | Batch 19900/21973 | Loss: 1.1856 | BPB: 1.7105 | LR: 0.000007 | ms/batch: 46.0
Epoch 4/100 | Batch 20000/21973 | Loss: 1.1856 | BPB: 1.7105 | LR: 0.000007 | ms/batch: 46.0
Epoch 4/100 | Batch 20100/21973 | Loss: 1.1856 | BPB: 1.7104 | LR: 0.000007 | ms/batch: 46.0
Epoch 4/100 | Batch 20200/21973 | Loss: 1.1856 | BPB: 1.7104 | LR: 0.000007 | ms/batch: 46.0
Epoch 4/100 | Batch 20300/21973 | Loss: 1.1856 | BPB: 1.7104 | LR: 0.000007 | ms/batch: 46.0
Epoch 4/100 | Batch 20400/21973 | Loss: 1.1856 | BPB: 1.7104 | LR: 0.000007 | ms/batch: 46.0
Epoch 4/100 | Batch 20500/21973 | Loss: 1.1856 | BPB: 1.7104 | LR: 0.000007 | ms/batch: 46.0
Epoch 4/100 | Batch 20600/21973 | Loss: 1.1856 | BPB: 1.7104 | LR: 0.000007 | ms/batch: 46.0
Epoch 4/100 | Batch 20700/21973 | Loss: 1.1855 | BPB: 1.7104 | LR: 0.000007 | ms/batch: 46.0
Epoch 4/100 | Batch 20800/21973 | Loss: 1.1855 | BPB: 1.7104 | LR: 0.000007 | ms/batch: 46.0
Epoch 4/100 | Batch 20900/21973 | Loss: 1.1855 | BPB: 1.7104 | LR: 0.000007 | ms/batch: 46.0
Epoch 4/100 | Batch 21000/21973 | Loss: 1.1855 | BPB: 1.7104 | LR: 0.000007 | ms/batch: 46.0
Epoch 4/100 | Batch 21100/21973 | Loss: 1.1855 | BPB: 1.7104 | LR: 0.000007 | ms/batch: 46.0
Epoch 4/100 | Batch 21200/21973 | Loss: 1.1855 | BPB: 1.7104 | LR: 0.000007 | ms/batch: 46.0
Epoch 4/100 | Batch 21300/21973 | Loss: 1.1855 | BPB: 1.7104 | LR: 0.000007 | ms/batch: 46.0
Epoch 4/100 | Batch 21400/21973 | Loss: 1.1855 | BPB: 1.7104 | LR: 0.000007 | ms/batch: 46.0
Epoch 4/100 | Batch 21500/21973 | Loss: 1.1855 | BPB: 1.7103 | LR: 0.000007 | ms/batch: 46.0
Epoch 4/100 | Batch 21600/21973 | Loss: 1.1855 | BPB: 1.7103 | LR: 0.000007 | ms/batch: 46.0
Epoch 4/100 | Batch 21700/21973 | Loss: 1.1855 | BPB: 1.7103 | LR: 0.000007 | ms/batch: 46.0
Epoch 4/100 | Batch 21800/21973 | Loss: 1.1855 | BPB: 1.7103 | LR: 0.000007 | ms/batch: 46.0
Epoch 4/100 | Batch 21900/21973 | Loss: 1.1855 | BPB: 1.7103 | LR: 0.000007 | ms/batch: 46.0

Epoch 4/100 Summary:
Training Loss: 1.1855 (BPB: 1.7103)
Validation Loss: 0.8865 (BPB: 1.2790)
Best Validation Loss: 0.8865
Learning Rate: 0.000007
Epoch 5/100 | Batch 0/21973 | Loss: 1.2044 | BPB: 1.7376 | LR: 0.000007 | ms/batch: 123.6
Epoch 5/100 | Batch 100/21973 | Loss: 1.1864 | BPB: 1.7116 | LR: 0.000007 | ms/batch: 47.2
Epoch 5/100 | Batch 200/21973 | Loss: 1.1848 | BPB: 1.7093 | LR: 0.000007 | ms/batch: 46.5
Epoch 5/100 | Batch 300/21973 | Loss: 1.1855 | BPB: 1.7102 | LR: 0.000007 | ms/batch: 46.3
Epoch 5/100 | Batch 400/21973 | Loss: 1.1856 | BPB: 1.7104 | LR: 0.000007 | ms/batch: 46.2
Epoch 5/100 | Batch 500/21973 | Loss: 1.1850 | BPB: 1.7096 | LR: 0.000007 | ms/batch: 46.1
Epoch 5/100 | Batch 600/21973 | Loss: 1.1849 | BPB: 1.7094 | LR: 0.000007 | ms/batch: 46.2
Epoch 5/100 | Batch 700/21973 | Loss: 1.1848 | BPB: 1.7094 | LR: 0.000007 | ms/batch: 46.1
Epoch 5/100 | Batch 800/21973 | Loss: 1.1843 | BPB: 1.7086 | LR: 0.000007 | ms/batch: 46.1
Epoch 5/100 | Batch 900/21973 | Loss: 1.1843 | BPB: 1.7085 | LR: 0.000007 | ms/batch: 46.1
Epoch 5/100 | Batch 1000/21973 | Loss: 1.1841 | BPB: 1.7082 | LR: 0.000007 | ms/batch: 46.0
Epoch 5/100 | Batch 1100/21973 | Loss: 1.1843 | BPB: 1.7086 | LR: 0.000007 | ms/batch: 46.1
Epoch 5/100 | Batch 1200/21973 | Loss: 1.1840 | BPB: 1.7082 | LR: 0.000007 | ms/batch: 46.1
Epoch 5/100 | Batch 1300/21973 | Loss: 1.1840 | BPB: 1.7081 | LR: 0.000007 | ms/batch: 46.0
Epoch 5/100 | Batch 1400/21973 | Loss: 1.1838 | BPB: 1.7079 | LR: 0.000007 | ms/batch: 46.0
Epoch 5/100 | Batch 1500/21973 | Loss: 1.1838 | BPB: 1.7079 | LR: 0.000007 | ms/batch: 46.0
Epoch 5/100 | Batch 1600/21973 | Loss: 1.1840 | BPB: 1.7081 | LR: 0.000007 | ms/batch: 46.0
Epoch 5/100 | Batch 1700/21973 | Loss: 1.1841 | BPB: 1.7083 | LR: 0.000007 | ms/batch: 46.0
Epoch 5/100 | Batch 1800/21973 | Loss: 1.1841 | BPB: 1.7083 | LR: 0.000007 | ms/batch: 46.0
Epoch 5/100 | Batch 1900/21973 | Loss: 1.1843 | BPB: 1.7085 | LR: 0.000007 | ms/batch: 46.0
Epoch 5/100 | Batch 2000/21973 | Loss: 1.1842 | BPB: 1.7084 | LR: 0.000007 | ms/batch: 46.0
Epoch 5/100 | Batch 2100/21973 | Loss: 1.1842 | BPB: 1.7085 | LR: 0.000007 | ms/batch: 46.0
Epoch 5/100 | Batch 2200/21973 | Loss: 1.1843 | BPB: 1.7086 | LR: 0.000007 | ms/batch: 46.0
Epoch 5/100 | Batch 2300/21973 | Loss: 1.1843 | BPB: 1.7086 | LR: 0.000007 | ms/batch: 46.0
Epoch 5/100 | Batch 2400/21973 | Loss: 1.1843 | BPB: 1.7087 | LR: 0.000007 | ms/batch: 46.0
Epoch 5/100 | Batch 2500/21973 | Loss: 1.1843 | BPB: 1.7086 | LR: 0.000007 | ms/batch: 46.0
Epoch 5/100 | Batch 2600/21973 | Loss: 1.1843 | BPB: 1.7085 | LR: 0.000007 | ms/batch: 46.0
Epoch 5/100 | Batch 2700/21973 | Loss: 1.1842 | BPB: 1.7085 | LR: 0.000007 | ms/batch: 46.0
Epoch 5/100 | Batch 2800/21973 | Loss: 1.1842 | BPB: 1.7084 | LR: 0.000007 | ms/batch: 46.0
Epoch 5/100 | Batch 2900/21973 | Loss: 1.1842 | BPB: 1.7084 | LR: 0.000007 | ms/batch: 46.0
Epoch 5/100 | Batch 3000/21973 | Loss: 1.1841 | BPB: 1.7083 | LR: 0.000007 | ms/batch: 46.0
Epoch 5/100 | Batch 3100/21973 | Loss: 1.1841 | BPB: 1.7083 | LR: 0.000007 | ms/batch: 46.0
Epoch 5/100 | Batch 3200/21973 | Loss: 1.1840 | BPB: 1.7082 | LR: 0.000007 | ms/batch: 46.0
Epoch 5/100 | Batch 3300/21973 | Loss: 1.1841 | BPB: 1.7083 | LR: 0.000007 | ms/batch: 46.0
Epoch 5/100 | Batch 3400/21973 | Loss: 1.1840 | BPB: 1.7082 | LR: 0.000007 | ms/batch: 46.0
Epoch 5/100 | Batch 3500/21973 | Loss: 1.1840 | BPB: 1.7082 | LR: 0.000007 | ms/batch: 46.0
Epoch 5/100 | Batch 3600/21973 | Loss: 1.1840 | BPB: 1.7082 | LR: 0.000007 | ms/batch: 46.1
Epoch 5/100 | Batch 3700/21973 | Loss: 1.1840 | BPB: 1.7081 | LR: 0.000007 | ms/batch: 46.1
Epoch 5/100 | Batch 3800/21973 | Loss: 1.1839 | BPB: 1.7081 | LR: 0.000007 | ms/batch: 46.1
Epoch 5/100 | Batch 3900/21973 | Loss: 1.1839 | BPB: 1.7080 | LR: 0.000007 | ms/batch: 46.1
Epoch 5/100 | Batch 4000/21973 | Loss: 1.1839 | BPB: 1.7080 | LR: 0.000007 | ms/batch: 46.2
Epoch 5/100 | Batch 4100/21973 | Loss: 1.1839 | BPB: 1.7081 | LR: 0.000007 | ms/batch: 46.2
Epoch 5/100 | Batch 4200/21973 | Loss: 1.1839 | BPB: 1.7080 | LR: 0.000007 | ms/batch: 46.2
Epoch 5/100 | Batch 4300/21973 | Loss: 1.1839 | BPB: 1.7080 | LR: 0.000007 | ms/batch: 46.2
Epoch 5/100 | Batch 4400/21973 | Loss: 1.1840 | BPB: 1.7081 | LR: 0.000007 | ms/batch: 46.2
Epoch 5/100 | Batch 4500/21973 | Loss: 1.1840 | BPB: 1.7081 | LR: 0.000007 | ms/batch: 46.2
Epoch 5/100 | Batch 4600/21973 | Loss: 1.1839 | BPB: 1.7081 | LR: 0.000007 | ms/batch: 46.3
Epoch 5/100 | Batch 4700/21973 | Loss: 1.1840 | BPB: 1.7081 | LR: 0.000007 | ms/batch: 46.3
Epoch 5/100 | Batch 4800/21973 | Loss: 1.1840 | BPB: 1.7081 | LR: 0.000007 | ms/batch: 46.3
Epoch 5/100 | Batch 4900/21973 | Loss: 1.1840 | BPB: 1.7082 | LR: 0.000007 | ms/batch: 46.3
Epoch 5/100 | Batch 5000/21973 | Loss: 1.1840 | BPB: 1.7082 | LR: 0.000007 | ms/batch: 46.3
Epoch 5/100 | Batch 5100/21973 | Loss: 1.1840 | BPB: 1.7082 | LR: 0.000007 | ms/batch: 46.3
Epoch 5/100 | Batch 5200/21973 | Loss: 1.1840 | BPB: 1.7081 | LR: 0.000007 | ms/batch: 46.3
Epoch 5/100 | Batch 5300/21973 | Loss: 1.1840 | BPB: 1.7081 | LR: 0.000007 | ms/batch: 46.3
Epoch 5/100 | Batch 5400/21973 | Loss: 1.1840 | BPB: 1.7082 | LR: 0.000007 | ms/batch: 46.3
Epoch 5/100 | Batch 5500/21973 | Loss: 1.1840 | BPB: 1.7081 | LR: 0.000007 | ms/batch: 46.2
Epoch 5/100 | Batch 5600/21973 | Loss: 1.1840 | BPB: 1.7081 | LR: 0.000007 | ms/batch: 46.3
Epoch 5/100 | Batch 5700/21973 | Loss: 1.1840 | BPB: 1.7082 | LR: 0.000007 | ms/batch: 46.2
Epoch 5/100 | Batch 5800/21973 | Loss: 1.1840 | BPB: 1.7081 | LR: 0.000007 | ms/batch: 46.2
Epoch 5/100 | Batch 5900/21973 | Loss: 1.1841 | BPB: 1.7082 | LR: 0.000007 | ms/batch: 46.2
Epoch 5/100 | Batch 6000/21973 | Loss: 1.1840 | BPB: 1.7082 | LR: 0.000007 | ms/batch: 46.2
Epoch 5/100 | Batch 6100/21973 | Loss: 1.1840 | BPB: 1.7081 | LR: 0.000007 | ms/batch: 46.2
Epoch 5/100 | Batch 6200/21973 | Loss: 1.1840 | BPB: 1.7082 | LR: 0.000007 | ms/batch: 46.2
Epoch 5/100 | Batch 6300/21973 | Loss: 1.1840 | BPB: 1.7082 | LR: 0.000007 | ms/batch: 46.2
Epoch 5/100 | Batch 6400/21973 | Loss: 1.1841 | BPB: 1.7082 | LR: 0.000007 | ms/batch: 46.2
Epoch 5/100 | Batch 6500/21973 | Loss: 1.1841 | BPB: 1.7083 | LR: 0.000007 | ms/batch: 46.2
Epoch 5/100 | Batch 6600/21973 | Loss: 1.1841 | BPB: 1.7082 | LR: 0.000007 | ms/batch: 46.2
Epoch 5/100 | Batch 6700/21973 | Loss: 1.1840 | BPB: 1.7082 | LR: 0.000007 | ms/batch: 46.2
Epoch 5/100 | Batch 6800/21973 | Loss: 1.1840 | BPB: 1.7082 | LR: 0.000007 | ms/batch: 46.2
Epoch 5/100 | Batch 6900/21973 | Loss: 1.1841 | BPB: 1.7082 | LR: 0.000007 | ms/batch: 46.2
Epoch 5/100 | Batch 7000/21973 | Loss: 1.1841 | BPB: 1.7082 | LR: 0.000007 | ms/batch: 46.2
Epoch 5/100 | Batch 7100/21973 | Loss: 1.1840 | BPB: 1.7082 | LR: 0.000007 | ms/batch: 46.2
Epoch 5/100 | Batch 7200/21973 | Loss: 1.1840 | BPB: 1.7081 | LR: 0.000007 | ms/batch: 46.2
Epoch 5/100 | Batch 7300/21973 | Loss: 1.1840 | BPB: 1.7081 | LR: 0.000007 | ms/batch: 46.2
Epoch 5/100 | Batch 7400/21973 | Loss: 1.1840 | BPB: 1.7081 | LR: 0.000007 | ms/batch: 46.2
Epoch 5/100 | Batch 7500/21973 | Loss: 1.1840 | BPB: 1.7081 | LR: 0.000007 | ms/batch: 46.2
Epoch 5/100 | Batch 7600/21973 | Loss: 1.1840 | BPB: 1.7081 | LR: 0.000007 | ms/batch: 46.2
Epoch 5/100 | Batch 7700/21973 | Loss: 1.1839 | BPB: 1.7081 | LR: 0.000007 | ms/batch: 46.2
Epoch 5/100 | Batch 7800/21973 | Loss: 1.1840 | BPB: 1.7081 | LR: 0.000007 | ms/batch: 46.2
Epoch 5/100 | Batch 7900/21973 | Loss: 1.1840 | BPB: 1.7082 | LR: 0.000007 | ms/batch: 46.2
Epoch 5/100 | Batch 8000/21973 | Loss: 1.1840 | BPB: 1.7081 | LR: 0.000007 | ms/batch: 46.2
Epoch 5/100 | Batch 8100/21973 | Loss: 1.1840 | BPB: 1.7081 | LR: 0.000008 | ms/batch: 46.2
Epoch 5/100 | Batch 8200/21973 | Loss: 1.1840 | BPB: 1.7082 | LR: 0.000008 | ms/batch: 46.2
Epoch 5/100 | Batch 8300/21973 | Loss: 1.1840 | BPB: 1.7082 | LR: 0.000008 | ms/batch: 46.1
Epoch 5/100 | Batch 8400/21973 | Loss: 1.1840 | BPB: 1.7082 | LR: 0.000008 | ms/batch: 46.1
Epoch 5/100 | Batch 8500/21973 | Loss: 1.1840 | BPB: 1.7082 | LR: 0.000008 | ms/batch: 46.1
Epoch 5/100 | Batch 8600/21973 | Loss: 1.1840 | BPB: 1.7082 | LR: 0.000008 | ms/batch: 46.1
Epoch 5/100 | Batch 8700/21973 | Loss: 1.1840 | BPB: 1.7082 | LR: 0.000008 | ms/batch: 46.1
Epoch 5/100 | Batch 8800/21973 | Loss: 1.1840 | BPB: 1.7082 | LR: 0.000008 | ms/batch: 46.1
Epoch 5/100 | Batch 8900/21973 | Loss: 1.1840 | BPB: 1.7082 | LR: 0.000008 | ms/batch: 46.1
Epoch 5/100 | Batch 9000/21973 | Loss: 1.1840 | BPB: 1.7081 | LR: 0.000008 | ms/batch: 46.1
Epoch 5/100 | Batch 9100/21973 | Loss: 1.1840 | BPB: 1.7081 | LR: 0.000008 | ms/batch: 46.1
Epoch 5/100 | Batch 9200/21973 | Loss: 1.1840 | BPB: 1.7082 | LR: 0.000008 | ms/batch: 46.1
Epoch 5/100 | Batch 9300/21973 | Loss: 1.1840 | BPB: 1.7082 | LR: 0.000008 | ms/batch: 46.1
Epoch 5/100 | Batch 9400/21973 | Loss: 1.1840 | BPB: 1.7081 | LR: 0.000008 | ms/batch: 46.1
Epoch 5/100 | Batch 9500/21973 | Loss: 1.1840 | BPB: 1.7081 | LR: 0.000008 | ms/batch: 46.1
Epoch 5/100 | Batch 9600/21973 | Loss: 1.1840 | BPB: 1.7081 | LR: 0.000008 | ms/batch: 46.1
Epoch 5/100 | Batch 9700/21973 | Loss: 1.1839 | BPB: 1.7081 | LR: 0.000008 | ms/batch: 46.1
Epoch 5/100 | Batch 9800/21973 | Loss: 1.1839 | BPB: 1.7080 | LR: 0.000008 | ms/batch: 46.1
Epoch 5/100 | Batch 9900/21973 | Loss: 1.1839 | BPB: 1.7080 | LR: 0.000008 | ms/batch: 46.1
Epoch 5/100 | Batch 10000/21973 | Loss: 1.1839 | BPB: 1.7080 | LR: 0.000008 | ms/batch: 46.1
Epoch 5/100 | Batch 10100/21973 | Loss: 1.1839 | BPB: 1.7080 | LR: 0.000008 | ms/batch: 46.1
Epoch 5/100 | Batch 10200/21973 | Loss: 1.1839 | BPB: 1.7080 | LR: 0.000008 | ms/batch: 46.1
Epoch 5/100 | Batch 10300/21973 | Loss: 1.1839 | BPB: 1.7080 | LR: 0.000008 | ms/batch: 46.1
Epoch 5/100 | Batch 10400/21973 | Loss: 1.1839 | BPB: 1.7080 | LR: 0.000008 | ms/batch: 46.1
Epoch 5/100 | Batch 10500/21973 | Loss: 1.1839 | BPB: 1.7080 | LR: 0.000008 | ms/batch: 46.1
Epoch 5/100 | Batch 10600/21973 | Loss: 1.1839 | BPB: 1.7080 | LR: 0.000008 | ms/batch: 46.1
Epoch 5/100 | Batch 10700/21973 | Loss: 1.1839 | BPB: 1.7080 | LR: 0.000008 | ms/batch: 46.1
Epoch 5/100 | Batch 10800/21973 | Loss: 1.1839 | BPB: 1.7080 | LR: 0.000008 | ms/batch: 46.1
Epoch 5/100 | Batch 10900/21973 | Loss: 1.1839 | BPB: 1.7080 | LR: 0.000008 | ms/batch: 46.1
Epoch 5/100 | Batch 11000/21973 | Loss: 1.1839 | BPB: 1.7080 | LR: 0.000008 | ms/batch: 46.1
Epoch 5/100 | Batch 11100/21973 | Loss: 1.1839 | BPB: 1.7080 | LR: 0.000008 | ms/batch: 46.1
Epoch 5/100 | Batch 11200/21973 | Loss: 1.1839 | BPB: 1.7080 | LR: 0.000008 | ms/batch: 46.1
Epoch 5/100 | Batch 11300/21973 | Loss: 1.1839 | BPB: 1.7080 | LR: 0.000008 | ms/batch: 46.1
Epoch 5/100 | Batch 11400/21973 | Loss: 1.1839 | BPB: 1.7080 | LR: 0.000008 | ms/batch: 46.1
Epoch 5/100 | Batch 11500/21973 | Loss: 1.1839 | BPB: 1.7080 | LR: 0.000008 | ms/batch: 46.1
Epoch 5/100 | Batch 11600/21973 | Loss: 1.1839 | BPB: 1.7080 | LR: 0.000008 | ms/batch: 46.1
Epoch 5/100 | Batch 11700/21973 | Loss: 1.1839 | BPB: 1.7080 | LR: 0.000008 | ms/batch: 46.1
Epoch 5/100 | Batch 11800/21973 | Loss: 1.1839 | BPB: 1.7080 | LR: 0.000008 | ms/batch: 46.1
Epoch 5/100 | Batch 11900/21973 | Loss: 1.1839 | BPB: 1.7080 | LR: 0.000008 | ms/batch: 46.1
Epoch 5/100 | Batch 12000/21973 | Loss: 1.1839 | BPB: 1.7080 | LR: 0.000008 | ms/batch: 46.1
Epoch 5/100 | Batch 12100/21973 | Loss: 1.1839 | BPB: 1.7080 | LR: 0.000008 | ms/batch: 46.1
Epoch 5/100 | Batch 12200/21973 | Loss: 1.1839 | BPB: 1.7080 | LR: 0.000008 | ms/batch: 46.1
Epoch 5/100 | Batch 12300/21973 | Loss: 1.1839 | BPB: 1.7080 | LR: 0.000008 | ms/batch: 46.1
Epoch 5/100 | Batch 12400/21973 | Loss: 1.1839 | BPB: 1.7080 | LR: 0.000008 | ms/batch: 46.1
Epoch 5/100 | Batch 12500/21973 | Loss: 1.1839 | BPB: 1.7080 | LR: 0.000008 | ms/batch: 46.1
Epoch 5/100 | Batch 12600/21973 | Loss: 1.1839 | BPB: 1.7080 | LR: 0.000008 | ms/batch: 46.1
Epoch 5/100 | Batch 12700/21973 | Loss: 1.1839 | BPB: 1.7080 | LR: 0.000008 | ms/batch: 46.1
Epoch 5/100 | Batch 12800/21973 | Loss: 1.1839 | BPB: 1.7080 | LR: 0.000008 | ms/batch: 46.1
Epoch 5/100 | Batch 12900/21973 | Loss: 1.1839 | BPB: 1.7079 | LR: 0.000008 | ms/batch: 46.1
Epoch 5/100 | Batch 13000/21973 | Loss: 1.1839 | BPB: 1.7080 | LR: 0.000008 | ms/batch: 46.1
Epoch 5/100 | Batch 13100/21973 | Loss: 1.1839 | BPB: 1.7079 | LR: 0.000008 | ms/batch: 46.1
Epoch 5/100 | Batch 13200/21973 | Loss: 1.1839 | BPB: 1.7079 | LR: 0.000008 | ms/batch: 46.1
Epoch 5/100 | Batch 13300/21973 | Loss: 1.1839 | BPB: 1.7079 | LR: 0.000008 | ms/batch: 46.1
Epoch 5/100 | Batch 13400/21973 | Loss: 1.1839 | BPB: 1.7079 | LR: 0.000008 | ms/batch: 46.1
Epoch 5/100 | Batch 13500/21973 | Loss: 1.1839 | BPB: 1.7080 | LR: 0.000008 | ms/batch: 46.1
Epoch 5/100 | Batch 13600/21973 | Loss: 1.1839 | BPB: 1.7080 | LR: 0.000008 | ms/batch: 46.1
Epoch 5/100 | Batch 13700/21973 | Loss: 1.1839 | BPB: 1.7080 | LR: 0.000008 | ms/batch: 46.1
Epoch 5/100 | Batch 13800/21973 | Loss: 1.1839 | BPB: 1.7080 | LR: 0.000008 | ms/batch: 46.1
Epoch 5/100 | Batch 13900/21973 | Loss: 1.1839 | BPB: 1.7080 | LR: 0.000008 | ms/batch: 46.1
Epoch 5/100 | Batch 14000/21973 | Loss: 1.1839 | BPB: 1.7080 | LR: 0.000008 | ms/batch: 46.1
Epoch 5/100 | Batch 14100/21973 | Loss: 1.1839 | BPB: 1.7080 | LR: 0.000008 | ms/batch: 46.1
Epoch 5/100 | Batch 14200/21973 | Loss: 1.1839 | BPB: 1.7080 | LR: 0.000008 | ms/batch: 46.1
Epoch 5/100 | Batch 14300/21973 | Loss: 1.1839 | BPB: 1.7080 | LR: 0.000008 | ms/batch: 46.1
Epoch 5/100 | Batch 14400/21973 | Loss: 1.1839 | BPB: 1.7080 | LR: 0.000008 | ms/batch: 46.1
Epoch 5/100 | Batch 14500/21973 | Loss: 1.1839 | BPB: 1.7080 | LR: 0.000008 | ms/batch: 46.1
Epoch 5/100 | Batch 14600/21973 | Loss: 1.1839 | BPB: 1.7080 | LR: 0.000008 | ms/batch: 46.1
Epoch 5/100 | Batch 14700/21973 | Loss: 1.1839 | BPB: 1.7080 | LR: 0.000008 | ms/batch: 46.1
Epoch 5/100 | Batch 14800/21973 | Loss: 1.1839 | BPB: 1.7080 | LR: 0.000008 | ms/batch: 46.1
Epoch 5/100 | Batch 14900/21973 | Loss: 1.1839 | BPB: 1.7080 | LR: 0.000008 | ms/batch: 46.1
Epoch 5/100 | Batch 15000/21973 | Loss: 1.1839 | BPB: 1.7080 | LR: 0.000008 | ms/batch: 46.1
Epoch 5/100 | Batch 15100/21973 | Loss: 1.1839 | BPB: 1.7080 | LR: 0.000008 | ms/batch: 46.1
Epoch 5/100 | Batch 15200/21973 | Loss: 1.1839 | BPB: 1.7080 | LR: 0.000008 | ms/batch: 46.1
Epoch 5/100 | Batch 15300/21973 | Loss: 1.1839 | BPB: 1.7080 | LR: 0.000008 | ms/batch: 46.1
Epoch 5/100 | Batch 15400/21973 | Loss: 1.1839 | BPB: 1.7080 | LR: 0.000008 | ms/batch: 46.1
Epoch 5/100 | Batch 15500/21973 | Loss: 1.1839 | BPB: 1.7080 | LR: 0.000008 | ms/batch: 46.1
Epoch 5/100 | Batch 15600/21973 | Loss: 1.1839 | BPB: 1.7080 | LR: 0.000008 | ms/batch: 46.1
Epoch 5/100 | Batch 15700/21973 | Loss: 1.1839 | BPB: 1.7080 | LR: 0.000008 | ms/batch: 46.1
Epoch 5/100 | Batch 15800/21973 | Loss: 1.1839 | BPB: 1.7080 | LR: 0.000008 | ms/batch: 46.1
Epoch 5/100 | Batch 15900/21973 | Loss: 1.1839 | BPB: 1.7079 | LR: 0.000008 | ms/batch: 46.1
Epoch 5/100 | Batch 16000/21973 | Loss: 1.1838 | BPB: 1.7079 | LR: 0.000008 | ms/batch: 46.1
Epoch 5/100 | Batch 16100/21973 | Loss: 1.1838 | BPB: 1.7079 | LR: 0.000008 | ms/batch: 46.1
Epoch 5/100 | Batch 16200/21973 | Loss: 1.1838 | BPB: 1.7079 | LR: 0.000008 | ms/batch: 46.1
Epoch 5/100 | Batch 16300/21973 | Loss: 1.1838 | BPB: 1.7079 | LR: 0.000008 | ms/batch: 46.1
Epoch 5/100 | Batch 16400/21973 | Loss: 1.1838 | BPB: 1.7079 | LR: 0.000008 | ms/batch: 46.1
Epoch 5/100 | Batch 16500/21973 | Loss: 1.1838 | BPB: 1.7079 | LR: 0.000008 | ms/batch: 46.1
Epoch 5/100 | Batch 16600/21973 | Loss: 1.1838 | BPB: 1.7079 | LR: 0.000008 | ms/batch: 46.1
Epoch 5/100 | Batch 16700/21973 | Loss: 1.1838 | BPB: 1.7079 | LR: 0.000008 | ms/batch: 46.1
Epoch 5/100 | Batch 16800/21973 | Loss: 1.1838 | BPB: 1.7079 | LR: 0.000008 | ms/batch: 46.1
Epoch 5/100 | Batch 16900/21973 | Loss: 1.1838 | BPB: 1.7079 | LR: 0.000008 | ms/batch: 46.1
Epoch 5/100 | Batch 17000/21973 | Loss: 1.1838 | BPB: 1.7079 | LR: 0.000008 | ms/batch: 46.1
Epoch 5/100 | Batch 17100/21973 | Loss: 1.1838 | BPB: 1.7079 | LR: 0.000008 | ms/batch: 46.1
Epoch 5/100 | Batch 17200/21973 | Loss: 1.1838 | BPB: 1.7079 | LR: 0.000008 | ms/batch: 46.1
Epoch 5/100 | Batch 17300/21973 | Loss: 1.1838 | BPB: 1.7079 | LR: 0.000008 | ms/batch: 46.1
Epoch 5/100 | Batch 17400/21973 | Loss: 1.1838 | BPB: 1.7079 | LR: 0.000008 | ms/batch: 46.1
Epoch 5/100 | Batch 17500/21973 | Loss: 1.1838 | BPB: 1.7079 | LR: 0.000008 | ms/batch: 46.1
Epoch 5/100 | Batch 17600/21973 | Loss: 1.1838 | BPB: 1.7079 | LR: 0.000008 | ms/batch: 46.1
Epoch 5/100 | Batch 17700/21973 | Loss: 1.1838 | BPB: 1.7079 | LR: 0.000008 | ms/batch: 46.1
Epoch 5/100 | Batch 17800/21973 | Loss: 1.1838 | BPB: 1.7079 | LR: 0.000008 | ms/batch: 46.1
Epoch 5/100 | Batch 17900/21973 | Loss: 1.1838 | BPB: 1.7079 | LR: 0.000008 | ms/batch: 46.1
Epoch 5/100 | Batch 18000/21973 | Loss: 1.1838 | BPB: 1.7079 | LR: 0.000008 | ms/batch: 46.1
Epoch 5/100 | Batch 18100/21973 | Loss: 1.1838 | BPB: 1.7079 | LR: 0.000008 | ms/batch: 46.1
Epoch 5/100 | Batch 18200/21973 | Loss: 1.1838 | BPB: 1.7079 | LR: 0.000008 | ms/batch: 46.1
Epoch 5/100 | Batch 18300/21973 | Loss: 1.1838 | BPB: 1.7079 | LR: 0.000008 | ms/batch: 46.1
Epoch 5/100 | Batch 18400/21973 | Loss: 1.1838 | BPB: 1.7079 | LR: 0.000008 | ms/batch: 46.1
Epoch 5/100 | Batch 18500/21973 | Loss: 1.1838 | BPB: 1.7078 | LR: 0.000008 | ms/batch: 46.1
Epoch 5/100 | Batch 18600/21973 | Loss: 1.1838 | BPB: 1.7078 | LR: 0.000008 | ms/batch: 46.1
Epoch 5/100 | Batch 18700/21973 | Loss: 1.1838 | BPB: 1.7078 | LR: 0.000008 | ms/batch: 46.1
Epoch 5/100 | Batch 18800/21973 | Loss: 1.1838 | BPB: 1.7078 | LR: 0.000008 | ms/batch: 46.1
Epoch 5/100 | Batch 18900/21973 | Loss: 1.1838 | BPB: 1.7078 | LR: 0.000008 | ms/batch: 46.1
Epoch 5/100 | Batch 19000/21973 | Loss: 1.1838 | BPB: 1.7078 | LR: 0.000008 | ms/batch: 46.1
Epoch 5/100 | Batch 19100/21973 | Loss: 1.1838 | BPB: 1.7078 | LR: 0.000008 | ms/batch: 46.1
Epoch 5/100 | Batch 19200/21973 | Loss: 1.1838 | BPB: 1.7078 | LR: 0.000008 | ms/batch: 46.1
Epoch 5/100 | Batch 19300/21973 | Loss: 1.1837 | BPB: 1.7078 | LR: 0.000008 | ms/batch: 46.1
Epoch 5/100 | Batch 19400/21973 | Loss: 1.1838 | BPB: 1.7078 | LR: 0.000008 | ms/batch: 46.1
Epoch 5/100 | Batch 19500/21973 | Loss: 1.1838 | BPB: 1.7078 | LR: 0.000008 | ms/batch: 46.1
Epoch 5/100 | Batch 19600/21973 | Loss: 1.1838 | BPB: 1.7078 | LR: 0.000008 | ms/batch: 46.1
Epoch 5/100 | Batch 19700/21973 | Loss: 1.1838 | BPB: 1.7078 | LR: 0.000008 | ms/batch: 46.1
Epoch 5/100 | Batch 19800/21973 | Loss: 1.1837 | BPB: 1.7078 | LR: 0.000008 | ms/batch: 46.1
Epoch 5/100 | Batch 19900/21973 | Loss: 1.1837 | BPB: 1.7078 | LR: 0.000008 | ms/batch: 46.1
Epoch 5/100 | Batch 20000/21973 | Loss: 1.1837 | BPB: 1.7078 | LR: 0.000008 | ms/batch: 46.1
Epoch 5/100 | Batch 20100/21973 | Loss: 1.1837 | BPB: 1.7078 | LR: 0.000008 | ms/batch: 46.1
Epoch 5/100 | Batch 20200/21973 | Loss: 1.1837 | BPB: 1.7078 | LR: 0.000008 | ms/batch: 46.1
Epoch 5/100 | Batch 20300/21973 | Loss: 1.1837 | BPB: 1.7078 | LR: 0.000008 | ms/batch: 46.1
Epoch 5/100 | Batch 20400/21973 | Loss: 1.1837 | BPB: 1.7078 | LR: 0.000008 | ms/batch: 46.1
Epoch 5/100 | Batch 20500/21973 | Loss: 1.1837 | BPB: 1.7078 | LR: 0.000008 | ms/batch: 46.1
Epoch 5/100 | Batch 20600/21973 | Loss: 1.1837 | BPB: 1.7078 | LR: 0.000008 | ms/batch: 46.1
Epoch 5/100 | Batch 20700/21973 | Loss: 1.1837 | BPB: 1.7078 | LR: 0.000008 | ms/batch: 46.1
Epoch 5/100 | Batch 20800/21973 | Loss: 1.1837 | BPB: 1.7078 | LR: 0.000008 | ms/batch: 46.1
Epoch 5/100 | Batch 20900/21973 | Loss: 1.1837 | BPB: 1.7078 | LR: 0.000009 | ms/batch: 46.1
Epoch 5/100 | Batch 21000/21973 | Loss: 1.1838 | BPB: 1.7078 | LR: 0.000009 | ms/batch: 46.1
Epoch 5/100 | Batch 21100/21973 | Loss: 1.1837 | BPB: 1.7078 | LR: 0.000009 | ms/batch: 46.1
Epoch 5/100 | Batch 21200/21973 | Loss: 1.1837 | BPB: 1.7078 | LR: 0.000009 | ms/batch: 46.1
Epoch 5/100 | Batch 21300/21973 | Loss: 1.1837 | BPB: 1.7078 | LR: 0.000009 | ms/batch: 46.1
Epoch 5/100 | Batch 21400/21973 | Loss: 1.1837 | BPB: 1.7077 | LR: 0.000009 | ms/batch: 46.1
Epoch 5/100 | Batch 21500/21973 | Loss: 1.1837 | BPB: 1.7077 | LR: 0.000009 | ms/batch: 46.1
Epoch 5/100 | Batch 21600/21973 | Loss: 1.1837 | BPB: 1.7077 | LR: 0.000009 | ms/batch: 46.1
Epoch 5/100 | Batch 21700/21973 | Loss: 1.1837 | BPB: 1.7077 | LR: 0.000009 | ms/batch: 46.1
Epoch 5/100 | Batch 21800/21973 | Loss: 1.1837 | BPB: 1.7077 | LR: 0.000009 | ms/batch: 46.1
Epoch 5/100 | Batch 21900/21973 | Loss: 1.1837 | BPB: 1.7077 | LR: 0.000009 | ms/batch: 46.1

Epoch 5/100 Summary:
Training Loss: 1.1837 (BPB: 1.7077)
Validation Loss: 0.8829 (BPB: 1.2737)
Best Validation Loss: 0.8829
Learning Rate: 0.000009
Epoch 6/100 | Batch 0/21973 | Loss: 1.1802 | BPB: 1.7027 | LR: 0.000009 | ms/batch: 120.5
Epoch 6/100 | Batch 100/21973 | Loss: 1.1807 | BPB: 1.7034 | LR: 0.000009 | ms/batch: 47.1
Epoch 6/100 | Batch 200/21973 | Loss: 1.1812 | BPB: 1.7041 | LR: 0.000009 | ms/batch: 46.5
Epoch 6/100 | Batch 300/21973 | Loss: 1.1815 | BPB: 1.7045 | LR: 0.000009 | ms/batch: 46.2
Epoch 6/100 | Batch 400/21973 | Loss: 1.1822 | BPB: 1.7056 | LR: 0.000009 | ms/batch: 46.1
Epoch 6/100 | Batch 500/21973 | Loss: 1.1820 | BPB: 1.7052 | LR: 0.000009 | ms/batch: 46.1
Epoch 6/100 | Batch 600/21973 | Loss: 1.1823 | BPB: 1.7057 | LR: 0.000009 | ms/batch: 46.1
Epoch 6/100 | Batch 700/21973 | Loss: 1.1824 | BPB: 1.7058 | LR: 0.000009 | ms/batch: 46.1
Epoch 6/100 | Batch 800/21973 | Loss: 1.1826 | BPB: 1.7062 | LR: 0.000009 | ms/batch: 46.1
Epoch 6/100 | Batch 900/21973 | Loss: 1.1826 | BPB: 1.7061 | LR: 0.000009 | ms/batch: 46.0
Epoch 6/100 | Batch 1000/21973 | Loss: 1.1826 | BPB: 1.7061 | LR: 0.000009 | ms/batch: 46.0
Epoch 6/100 | Batch 1100/21973 | Loss: 1.1823 | BPB: 1.7057 | LR: 0.000009 | ms/batch: 46.0
Epoch 6/100 | Batch 1200/21973 | Loss: 1.1825 | BPB: 1.7059 | LR: 0.000009 | ms/batch: 46.0
Epoch 6/100 | Batch 1300/21973 | Loss: 1.1825 | BPB: 1.7060 | LR: 0.000009 | ms/batch: 46.0
Epoch 6/100 | Batch 1400/21973 | Loss: 1.1829 | BPB: 1.7065 | LR: 0.000009 | ms/batch: 46.0
Epoch 6/100 | Batch 1500/21973 | Loss: 1.1828 | BPB: 1.7064 | LR: 0.000009 | ms/batch: 46.0
Epoch 6/100 | Batch 1600/21973 | Loss: 1.1828 | BPB: 1.7065 | LR: 0.000009 | ms/batch: 46.0
Epoch 6/100 | Batch 1700/21973 | Loss: 1.1828 | BPB: 1.7065 | LR: 0.000009 | ms/batch: 46.0
Epoch 6/100 | Batch 1800/21973 | Loss: 1.1827 | BPB: 1.7063 | LR: 0.000009 | ms/batch: 46.0
Epoch 6/100 | Batch 1900/21973 | Loss: 1.1826 | BPB: 1.7062 | LR: 0.000009 | ms/batch: 46.0
Epoch 6/100 | Batch 2000/21973 | Loss: 1.1827 | BPB: 1.7063 | LR: 0.000009 | ms/batch: 46.0
Epoch 6/100 | Batch 2100/21973 | Loss: 1.1827 | BPB: 1.7063 | LR: 0.000009 | ms/batch: 46.0
Epoch 6/100 | Batch 2200/21973 | Loss: 1.1827 | BPB: 1.7062 | LR: 0.000009 | ms/batch: 46.0
Epoch 6/100 | Batch 2300/21973 | Loss: 1.1828 | BPB: 1.7064 | LR: 0.000009 | ms/batch: 46.0
Epoch 6/100 | Batch 2400/21973 | Loss: 1.1828 | BPB: 1.7065 | LR: 0.000009 | ms/batch: 46.0
Epoch 6/100 | Batch 2500/21973 | Loss: 1.1829 | BPB: 1.7066 | LR: 0.000009 | ms/batch: 46.0
Epoch 6/100 | Batch 2600/21973 | Loss: 1.1829 | BPB: 1.7065 | LR: 0.000009 | ms/batch: 46.0
Epoch 6/100 | Batch 2700/21973 | Loss: 1.1828 | BPB: 1.7064 | LR: 0.000009 | ms/batch: 46.0
Epoch 6/100 | Batch 2800/21973 | Loss: 1.1828 | BPB: 1.7064 | LR: 0.000009 | ms/batch: 46.0
Epoch 6/100 | Batch 2900/21973 | Loss: 1.1828 | BPB: 1.7064 | LR: 0.000009 | ms/batch: 46.0
Epoch 6/100 | Batch 3000/21973 | Loss: 1.1828 | BPB: 1.7064 | LR: 0.000009 | ms/batch: 46.0
Epoch 6/100 | Batch 3100/21973 | Loss: 1.1828 | BPB: 1.7064 | LR: 0.000009 | ms/batch: 46.0
Epoch 6/100 | Batch 3200/21973 | Loss: 1.1828 | BPB: 1.7065 | LR: 0.000009 | ms/batch: 46.0
Epoch 6/100 | Batch 3300/21973 | Loss: 1.1829 | BPB: 1.7065 | LR: 0.000009 | ms/batch: 46.0
Epoch 6/100 | Batch 3400/21973 | Loss: 1.1829 | BPB: 1.7065 | LR: 0.000009 | ms/batch: 46.0
Epoch 6/100 | Batch 3500/21973 | Loss: 1.1828 | BPB: 1.7065 | LR: 0.000009 | ms/batch: 46.0
Epoch 6/100 | Batch 3600/21973 | Loss: 1.1828 | BPB: 1.7065 | LR: 0.000009 | ms/batch: 46.0
Epoch 6/100 | Batch 3700/21973 | Loss: 1.1828 | BPB: 1.7064 | LR: 0.000009 | ms/batch: 46.0
Epoch 6/100 | Batch 3800/21973 | Loss: 1.1828 | BPB: 1.7064 | LR: 0.000009 | ms/batch: 46.0
Epoch 6/100 | Batch 3900/21973 | Loss: 1.1828 | BPB: 1.7065 | LR: 0.000009 | ms/batch: 46.0
Epoch 6/100 | Batch 4000/21973 | Loss: 1.1828 | BPB: 1.7064 | LR: 0.000009 | ms/batch: 46.0
Epoch 6/100 | Batch 4100/21973 | Loss: 1.1828 | BPB: 1.7064 | LR: 0.000009 | ms/batch: 46.0
Epoch 6/100 | Batch 4200/21973 | Loss: 1.1828 | BPB: 1.7065 | LR: 0.000009 | ms/batch: 46.0
Epoch 6/100 | Batch 4300/21973 | Loss: 1.1828 | BPB: 1.7064 | LR: 0.000009 | ms/batch: 46.0
Epoch 6/100 | Batch 4400/21973 | Loss: 1.1829 | BPB: 1.7065 | LR: 0.000009 | ms/batch: 46.0
Epoch 6/100 | Batch 4500/21973 | Loss: 1.1829 | BPB: 1.7065 | LR: 0.000009 | ms/batch: 46.0
Epoch 6/100 | Batch 4600/21973 | Loss: 1.1828 | BPB: 1.7065 | LR: 0.000009 | ms/batch: 46.0
Epoch 6/100 | Batch 4700/21973 | Loss: 1.1828 | BPB: 1.7064 | LR: 0.000009 | ms/batch: 46.0
Epoch 6/100 | Batch 4800/21973 | Loss: 1.1828 | BPB: 1.7064 | LR: 0.000009 | ms/batch: 46.0
Epoch 6/100 | Batch 4900/21973 | Loss: 1.1828 | BPB: 1.7065 | LR: 0.000009 | ms/batch: 46.0
Epoch 6/100 | Batch 5000/21973 | Loss: 1.1828 | BPB: 1.7064 | LR: 0.000009 | ms/batch: 46.0
Epoch 6/100 | Batch 5100/21973 | Loss: 1.1828 | BPB: 1.7065 | LR: 0.000009 | ms/batch: 46.0
Epoch 6/100 | Batch 5200/21973 | Loss: 1.1829 | BPB: 1.7066 | LR: 0.000009 | ms/batch: 46.0
Epoch 6/100 | Batch 5300/21973 | Loss: 1.1829 | BPB: 1.7065 | LR: 0.000009 | ms/batch: 46.0
Epoch 6/100 | Batch 5400/21973 | Loss: 1.1829 | BPB: 1.7066 | LR: 0.000009 | ms/batch: 46.0
Epoch 6/100 | Batch 5500/21973 | Loss: 1.1829 | BPB: 1.7066 | LR: 0.000009 | ms/batch: 46.0
Epoch 6/100 | Batch 5600/21973 | Loss: 1.1829 | BPB: 1.7066 | LR: 0.000009 | ms/batch: 46.0
Epoch 6/100 | Batch 5700/21973 | Loss: 1.1829 | BPB: 1.7065 | LR: 0.000009 | ms/batch: 46.0
Epoch 6/100 | Batch 5800/21973 | Loss: 1.1829 | BPB: 1.7065 | LR: 0.000009 | ms/batch: 46.0
Epoch 6/100 | Batch 5900/21973 | Loss: 1.1828 | BPB: 1.7064 | LR: 0.000009 | ms/batch: 46.0
Epoch 6/100 | Batch 6000/21973 | Loss: 1.1828 | BPB: 1.7064 | LR: 0.000009 | ms/batch: 46.0
Epoch 6/100 | Batch 6100/21973 | Loss: 1.1828 | BPB: 1.7065 | LR: 0.000009 | ms/batch: 46.0
Epoch 6/100 | Batch 6200/21973 | Loss: 1.1828 | BPB: 1.7064 | LR: 0.000009 | ms/batch: 46.0
Epoch 6/100 | Batch 6300/21973 | Loss: 1.1828 | BPB: 1.7064 | LR: 0.000009 | ms/batch: 46.0
Epoch 6/100 | Batch 6400/21973 | Loss: 1.1828 | BPB: 1.7064 | LR: 0.000009 | ms/batch: 46.0
Epoch 6/100 | Batch 6500/21973 | Loss: 1.1828 | BPB: 1.7064 | LR: 0.000009 | ms/batch: 46.0
Epoch 6/100 | Batch 6600/21973 | Loss: 1.1828 | BPB: 1.7064 | LR: 0.000009 | ms/batch: 46.0
Epoch 6/100 | Batch 6700/21973 | Loss: 1.1828 | BPB: 1.7064 | LR: 0.000009 | ms/batch: 46.0
Epoch 6/100 | Batch 6800/21973 | Loss: 1.1828 | BPB: 1.7064 | LR: 0.000009 | ms/batch: 46.0
Epoch 6/100 | Batch 6900/21973 | Loss: 1.1828 | BPB: 1.7064 | LR: 0.000009 | ms/batch: 46.0
Epoch 6/100 | Batch 7000/21973 | Loss: 1.1828 | BPB: 1.7064 | LR: 0.000009 | ms/batch: 46.0
Epoch 6/100 | Batch 7100/21973 | Loss: 1.1827 | BPB: 1.7063 | LR: 0.000009 | ms/batch: 46.0
Epoch 6/100 | Batch 7200/21973 | Loss: 1.1827 | BPB: 1.7063 | LR: 0.000009 | ms/batch: 46.0
Epoch 6/100 | Batch 7300/21973 | Loss: 1.1828 | BPB: 1.7063 | LR: 0.000009 | ms/batch: 46.0
Epoch 6/100 | Batch 7400/21973 | Loss: 1.1828 | BPB: 1.7064 | LR: 0.000009 | ms/batch: 46.0
Epoch 6/100 | Batch 7500/21973 | Loss: 1.1828 | BPB: 1.7064 | LR: 0.000009 | ms/batch: 46.0
Epoch 6/100 | Batch 7600/21973 | Loss: 1.1828 | BPB: 1.7064 | LR: 0.000009 | ms/batch: 46.0
Epoch 6/100 | Batch 7700/21973 | Loss: 1.1828 | BPB: 1.7064 | LR: 0.000009 | ms/batch: 46.0
Epoch 6/100 | Batch 7800/21973 | Loss: 1.1828 | BPB: 1.7064 | LR: 0.000009 | ms/batch: 46.0
Epoch 6/100 | Batch 7900/21973 | Loss: 1.1828 | BPB: 1.7064 | LR: 0.000009 | ms/batch: 46.0
Epoch 6/100 | Batch 8000/21973 | Loss: 1.1828 | BPB: 1.7064 | LR: 0.000009 | ms/batch: 46.0
Epoch 6/100 | Batch 8100/21973 | Loss: 1.1828 | BPB: 1.7064 | LR: 0.000009 | ms/batch: 46.0
Epoch 6/100 | Batch 8200/21973 | Loss: 1.1828 | BPB: 1.7064 | LR: 0.000009 | ms/batch: 46.0
Epoch 6/100 | Batch 8300/21973 | Loss: 1.1828 | BPB: 1.7064 | LR: 0.000009 | ms/batch: 46.0
Epoch 6/100 | Batch 8400/21973 | Loss: 1.1828 | BPB: 1.7064 | LR: 0.000009 | ms/batch: 46.0
Epoch 6/100 | Batch 8500/21973 | Loss: 1.1828 | BPB: 1.7064 | LR: 0.000009 | ms/batch: 45.9
Epoch 6/100 | Batch 8600/21973 | Loss: 1.1828 | BPB: 1.7064 | LR: 0.000009 | ms/batch: 46.0
Epoch 6/100 | Batch 8700/21973 | Loss: 1.1827 | BPB: 1.7063 | LR: 0.000009 | ms/batch: 46.0
Epoch 6/100 | Batch 8800/21973 | Loss: 1.1828 | BPB: 1.7064 | LR: 0.000009 | ms/batch: 46.0
Epoch 6/100 | Batch 8900/21973 | Loss: 1.1828 | BPB: 1.7064 | LR: 0.000009 | ms/batch: 45.9
Epoch 6/100 | Batch 9000/21973 | Loss: 1.1828 | BPB: 1.7064 | LR: 0.000009 | ms/batch: 45.9
Epoch 6/100 | Batch 9100/21973 | Loss: 1.1827 | BPB: 1.7063 | LR: 0.000009 | ms/batch: 46.0
Epoch 6/100 | Batch 9200/21973 | Loss: 1.1827 | BPB: 1.7063 | LR: 0.000009 | ms/batch: 46.0
Epoch 6/100 | Batch 9300/21973 | Loss: 1.1827 | BPB: 1.7063 | LR: 0.000009 | ms/batch: 45.9
Epoch 6/100 | Batch 9400/21973 | Loss: 1.1828 | BPB: 1.7064 | LR: 0.000009 | ms/batch: 45.9
Epoch 6/100 | Batch 9500/21973 | Loss: 1.1827 | BPB: 1.7063 | LR: 0.000009 | ms/batch: 45.9
Epoch 6/100 | Batch 9600/21973 | Loss: 1.1827 | BPB: 1.7063 | LR: 0.000009 | ms/batch: 46.0
Epoch 6/100 | Batch 9700/21973 | Loss: 1.1827 | BPB: 1.7063 | LR: 0.000009 | ms/batch: 46.0
Epoch 6/100 | Batch 9800/21973 | Loss: 1.1827 | BPB: 1.7063 | LR: 0.000009 | ms/batch: 45.9
Epoch 6/100 | Batch 9900/21973 | Loss: 1.1827 | BPB: 1.7063 | LR: 0.000009 | ms/batch: 45.9
Epoch 6/100 | Batch 10000/21973 | Loss: 1.1827 | BPB: 1.7063 | LR: 0.000009 | ms/batch: 45.9
Epoch 6/100 | Batch 10100/21973 | Loss: 1.1827 | BPB: 1.7063 | LR: 0.000009 | ms/batch: 46.0
Epoch 6/100 | Batch 10200/21973 | Loss: 1.1827 | BPB: 1.7063 | LR: 0.000009 | ms/batch: 45.9
Epoch 6/100 | Batch 10300/21973 | Loss: 1.1827 | BPB: 1.7063 | LR: 0.000009 | ms/batch: 45.9
Epoch 6/100 | Batch 10400/21973 | Loss: 1.1827 | BPB: 1.7063 | LR: 0.000009 | ms/batch: 45.9
Epoch 6/100 | Batch 10500/21973 | Loss: 1.1827 | BPB: 1.7063 | LR: 0.000009 | ms/batch: 45.9
Epoch 6/100 | Batch 10600/21973 | Loss: 1.1827 | BPB: 1.7063 | LR: 0.000009 | ms/batch: 45.9
Epoch 6/100 | Batch 10700/21973 | Loss: 1.1828 | BPB: 1.7064 | LR: 0.000009 | ms/batch: 45.9
Epoch 6/100 | Batch 10800/21973 | Loss: 1.1827 | BPB: 1.7063 | LR: 0.000009 | ms/batch: 45.9
Epoch 6/100 | Batch 10900/21973 | Loss: 1.1827 | BPB: 1.7063 | LR: 0.000009 | ms/batch: 45.9
Epoch 6/100 | Batch 11000/21973 | Loss: 1.1827 | BPB: 1.7063 | LR: 0.000009 | ms/batch: 45.9
Epoch 6/100 | Batch 11100/21973 | Loss: 1.1828 | BPB: 1.7064 | LR: 0.000009 | ms/batch: 45.9
Epoch 6/100 | Batch 11200/21973 | Loss: 1.1828 | BPB: 1.7064 | LR: 0.000009 | ms/batch: 45.9
Epoch 6/100 | Batch 11300/21973 | Loss: 1.1827 | BPB: 1.7063 | LR: 0.000009 | ms/batch: 45.9
Epoch 6/100 | Batch 11400/21973 | Loss: 1.1827 | BPB: 1.7063 | LR: 0.000009 | ms/batch: 45.9
Epoch 6/100 | Batch 11500/21973 | Loss: 1.1827 | BPB: 1.7063 | LR: 0.000009 | ms/batch: 45.9
Epoch 6/100 | Batch 11600/21973 | Loss: 1.1828 | BPB: 1.7064 | LR: 0.000009 | ms/batch: 45.9
Epoch 6/100 | Batch 11700/21973 | Loss: 1.1828 | BPB: 1.7064 | LR: 0.000010 | ms/batch: 45.9
Epoch 6/100 | Batch 11800/21973 | Loss: 1.1827 | BPB: 1.7063 | LR: 0.000010 | ms/batch: 45.9
Epoch 6/100 | Batch 11900/21973 | Loss: 1.1827 | BPB: 1.7063 | LR: 0.000010 | ms/batch: 45.9
Epoch 6/100 | Batch 12000/21973 | Loss: 1.1828 | BPB: 1.7064 | LR: 0.000010 | ms/batch: 45.9
Epoch 6/100 | Batch 12100/21973 | Loss: 1.1828 | BPB: 1.7064 | LR: 0.000010 | ms/batch: 45.9
Epoch 6/100 | Batch 12200/21973 | Loss: 1.1827 | BPB: 1.7063 | LR: 0.000010 | ms/batch: 45.9
Epoch 6/100 | Batch 12300/21973 | Loss: 1.1827 | BPB: 1.7063 | LR: 0.000010 | ms/batch: 45.9
Epoch 6/100 | Batch 12400/21973 | Loss: 1.1827 | BPB: 1.7063 | LR: 0.000010 | ms/batch: 45.9
Epoch 6/100 | Batch 12500/21973 | Loss: 1.1827 | BPB: 1.7063 | LR: 0.000010 | ms/batch: 45.9
Epoch 6/100 | Batch 12600/21973 | Loss: 1.1827 | BPB: 1.7063 | LR: 0.000010 | ms/batch: 45.9
Epoch 6/100 | Batch 12700/21973 | Loss: 1.1827 | BPB: 1.7063 | LR: 0.000010 | ms/batch: 45.9
Epoch 6/100 | Batch 12800/21973 | Loss: 1.1827 | BPB: 1.7063 | LR: 0.000010 | ms/batch: 45.9
Epoch 6/100 | Batch 12900/21973 | Loss: 1.1827 | BPB: 1.7063 | LR: 0.000010 | ms/batch: 45.9
Epoch 6/100 | Batch 13000/21973 | Loss: 1.1827 | BPB: 1.7063 | LR: 0.000010 | ms/batch: 45.9
Epoch 6/100 | Batch 13100/21973 | Loss: 1.1827 | BPB: 1.7063 | LR: 0.000010 | ms/batch: 45.9
Epoch 6/100 | Batch 13200/21973 | Loss: 1.1827 | BPB: 1.7063 | LR: 0.000010 | ms/batch: 45.9
Epoch 6/100 | Batch 13300/21973 | Loss: 1.1827 | BPB: 1.7063 | LR: 0.000010 | ms/batch: 45.9
Epoch 6/100 | Batch 13400/21973 | Loss: 1.1827 | BPB: 1.7063 | LR: 0.000010 | ms/batch: 45.9
Epoch 6/100 | Batch 13500/21973 | Loss: 1.1827 | BPB: 1.7063 | LR: 0.000010 | ms/batch: 45.9
Epoch 6/100 | Batch 13600/21973 | Loss: 1.1827 | BPB: 1.7063 | LR: 0.000010 | ms/batch: 45.9
Epoch 6/100 | Batch 13700/21973 | Loss: 1.1827 | BPB: 1.7063 | LR: 0.000010 | ms/batch: 45.9
Epoch 6/100 | Batch 13800/21973 | Loss: 1.1827 | BPB: 1.7063 | LR: 0.000010 | ms/batch: 45.9
Epoch 6/100 | Batch 13900/21973 | Loss: 1.1827 | BPB: 1.7063 | LR: 0.000010 | ms/batch: 45.9
Epoch 6/100 | Batch 14000/21973 | Loss: 1.1827 | BPB: 1.7063 | LR: 0.000010 | ms/batch: 45.9
Epoch 6/100 | Batch 14100/21973 | Loss: 1.1827 | BPB: 1.7063 | LR: 0.000010 | ms/batch: 45.9
Epoch 6/100 | Batch 14200/21973 | Loss: 1.1827 | BPB: 1.7063 | LR: 0.000010 | ms/batch: 45.9
Epoch 6/100 | Batch 14300/21973 | Loss: 1.1827 | BPB: 1.7062 | LR: 0.000010 | ms/batch: 45.9
Epoch 6/100 | Batch 14400/21973 | Loss: 1.1827 | BPB: 1.7062 | LR: 0.000010 | ms/batch: 45.9
Epoch 6/100 | Batch 14500/21973 | Loss: 1.1827 | BPB: 1.7063 | LR: 0.000010 | ms/batch: 45.9
Epoch 6/100 | Batch 14600/21973 | Loss: 1.1827 | BPB: 1.7063 | LR: 0.000010 | ms/batch: 45.9
Epoch 6/100 | Batch 14700/21973 | Loss: 1.1827 | BPB: 1.7062 | LR: 0.000010 | ms/batch: 45.9
Epoch 6/100 | Batch 14800/21973 | Loss: 1.1827 | BPB: 1.7062 | LR: 0.000010 | ms/batch: 45.9
Epoch 6/100 | Batch 14900/21973 | Loss: 1.1827 | BPB: 1.7063 | LR: 0.000010 | ms/batch: 45.9
Epoch 6/100 | Batch 15000/21973 | Loss: 1.1827 | BPB: 1.7063 | LR: 0.000010 | ms/batch: 45.9
Epoch 6/100 | Batch 15100/21973 | Loss: 1.1827 | BPB: 1.7062 | LR: 0.000010 | ms/batch: 45.9
Epoch 6/100 | Batch 15200/21973 | Loss: 1.1827 | BPB: 1.7062 | LR: 0.000010 | ms/batch: 45.9
Epoch 6/100 | Batch 15300/21973 | Loss: 1.1827 | BPB: 1.7062 | LR: 0.000010 | ms/batch: 45.9
Epoch 6/100 | Batch 15400/21973 | Loss: 1.1827 | BPB: 1.7062 | LR: 0.000010 | ms/batch: 45.9
Epoch 6/100 | Batch 15500/21973 | Loss: 1.1827 | BPB: 1.7062 | LR: 0.000010 | ms/batch: 45.9
Epoch 6/100 | Batch 15600/21973 | Loss: 1.1827 | BPB: 1.7062 | LR: 0.000010 | ms/batch: 45.9
Epoch 6/100 | Batch 15700/21973 | Loss: 1.1827 | BPB: 1.7062 | LR: 0.000010 | ms/batch: 45.9
Epoch 6/100 | Batch 15800/21973 | Loss: 1.1827 | BPB: 1.7062 | LR: 0.000010 | ms/batch: 45.9
Epoch 6/100 | Batch 15900/21973 | Loss: 1.1827 | BPB: 1.7063 | LR: 0.000010 | ms/batch: 45.9
Epoch 6/100 | Batch 16000/21973 | Loss: 1.1827 | BPB: 1.7063 | LR: 0.000010 | ms/batch: 45.9
Epoch 6/100 | Batch 16100/21973 | Loss: 1.1827 | BPB: 1.7063 | LR: 0.000010 | ms/batch: 45.9
Epoch 6/100 | Batch 16200/21973 | Loss: 1.1827 | BPB: 1.7063 | LR: 0.000010 | ms/batch: 45.9
Epoch 6/100 | Batch 16300/21973 | Loss: 1.1827 | BPB: 1.7063 | LR: 0.000010 | ms/batch: 45.9
Epoch 6/100 | Batch 16400/21973 | Loss: 1.1827 | BPB: 1.7063 | LR: 0.000010 | ms/batch: 45.9
Epoch 6/100 | Batch 16500/21973 | Loss: 1.1827 | BPB: 1.7063 | LR: 0.000010 | ms/batch: 45.9
Epoch 6/100 | Batch 16600/21973 | Loss: 1.1827 | BPB: 1.7063 | LR: 0.000010 | ms/batch: 45.9
Epoch 6/100 | Batch 16700/21973 | Loss: 1.1827 | BPB: 1.7063 | LR: 0.000010 | ms/batch: 45.9
Epoch 6/100 | Batch 16800/21973 | Loss: 1.1827 | BPB: 1.7063 | LR: 0.000010 | ms/batch: 45.9
Epoch 6/100 | Batch 16900/21973 | Loss: 1.1827 | BPB: 1.7063 | LR: 0.000010 | ms/batch: 45.9
Epoch 6/100 | Batch 17000/21973 | Loss: 1.1827 | BPB: 1.7063 | LR: 0.000010 | ms/batch: 45.9
Epoch 6/100 | Batch 17100/21973 | Loss: 1.1827 | BPB: 1.7063 | LR: 0.000010 | ms/batch: 45.9
Epoch 6/100 | Batch 17200/21973 | Loss: 1.1827 | BPB: 1.7062 | LR: 0.000010 | ms/batch: 45.9
Epoch 6/100 | Batch 17300/21973 | Loss: 1.1827 | BPB: 1.7062 | LR: 0.000010 | ms/batch: 45.9
Epoch 6/100 | Batch 17400/21973 | Loss: 1.1827 | BPB: 1.7062 | LR: 0.000010 | ms/batch: 45.9
Epoch 6/100 | Batch 17500/21973 | Loss: 1.1827 | BPB: 1.7062 | LR: 0.000010 | ms/batch: 45.9
Epoch 6/100 | Batch 17600/21973 | Loss: 1.1827 | BPB: 1.7062 | LR: 0.000010 | ms/batch: 45.9
Epoch 6/100 | Batch 17700/21973 | Loss: 1.1827 | BPB: 1.7062 | LR: 0.000010 | ms/batch: 45.9
Epoch 6/100 | Batch 17800/21973 | Loss: 1.1827 | BPB: 1.7062 | LR: 0.000010 | ms/batch: 45.9
Epoch 6/100 | Batch 17900/21973 | Loss: 1.1827 | BPB: 1.7062 | LR: 0.000010 | ms/batch: 45.9
Epoch 6/100 | Batch 18000/21973 | Loss: 1.1827 | BPB: 1.7062 | LR: 0.000010 | ms/batch: 45.9
Epoch 6/100 | Batch 18100/21973 | Loss: 1.1827 | BPB: 1.7062 | LR: 0.000010 | ms/batch: 45.9
Epoch 6/100 | Batch 18200/21973 | Loss: 1.1826 | BPB: 1.7062 | LR: 0.000010 | ms/batch: 45.9
Epoch 6/100 | Batch 18300/21973 | Loss: 1.1826 | BPB: 1.7062 | LR: 0.000010 | ms/batch: 45.9
Epoch 6/100 | Batch 18400/21973 | Loss: 1.1827 | BPB: 1.7062 | LR: 0.000010 | ms/batch: 45.9
Epoch 6/100 | Batch 18500/21973 | Loss: 1.1827 | BPB: 1.7062 | LR: 0.000010 | ms/batch: 45.9
Epoch 6/100 | Batch 18600/21973 | Loss: 1.1827 | BPB: 1.7062 | LR: 0.000010 | ms/batch: 45.9
Epoch 6/100 | Batch 18700/21973 | Loss: 1.1827 | BPB: 1.7062 | LR: 0.000010 | ms/batch: 45.9
Epoch 6/100 | Batch 18800/21973 | Loss: 1.1827 | BPB: 1.7062 | LR: 0.000010 | ms/batch: 45.9
Epoch 6/100 | Batch 18900/21973 | Loss: 1.1827 | BPB: 1.7062 | LR: 0.000010 | ms/batch: 45.9
Epoch 6/100 | Batch 19000/21973 | Loss: 1.1827 | BPB: 1.7062 | LR: 0.000010 | ms/batch: 45.9
Epoch 6/100 | Batch 19100/21973 | Loss: 1.1827 | BPB: 1.7062 | LR: 0.000010 | ms/batch: 45.9
Epoch 6/100 | Batch 19200/21973 | Loss: 1.1827 | BPB: 1.7062 | LR: 0.000010 | ms/batch: 45.9
Epoch 6/100 | Batch 19300/21973 | Loss: 1.1827 | BPB: 1.7062 | LR: 0.000010 | ms/batch: 45.9
Epoch 6/100 | Batch 19400/21973 | Loss: 1.1826 | BPB: 1.7062 | LR: 0.000010 | ms/batch: 45.9
Epoch 6/100 | Batch 19500/21973 | Loss: 1.1827 | BPB: 1.7062 | LR: 0.000010 | ms/batch: 45.9
Epoch 6/100 | Batch 19600/21973 | Loss: 1.1827 | BPB: 1.7062 | LR: 0.000010 | ms/batch: 45.9
Epoch 6/100 | Batch 19700/21973 | Loss: 1.1827 | BPB: 1.7062 | LR: 0.000010 | ms/batch: 45.9
Epoch 6/100 | Batch 19800/21973 | Loss: 1.1826 | BPB: 1.7062 | LR: 0.000010 | ms/batch: 45.9
Epoch 6/100 | Batch 19900/21973 | Loss: 1.1826 | BPB: 1.7062 | LR: 0.000010 | ms/batch: 45.9
Epoch 6/100 | Batch 20000/21973 | Loss: 1.1826 | BPB: 1.7062 | LR: 0.000010 | ms/batch: 45.9
Epoch 6/100 | Batch 20100/21973 | Loss: 1.1826 | BPB: 1.7062 | LR: 0.000010 | ms/batch: 45.9
Epoch 6/100 | Batch 20200/21973 | Loss: 1.1826 | BPB: 1.7062 | LR: 0.000010 | ms/batch: 45.9
Epoch 6/100 | Batch 20300/21973 | Loss: 1.1826 | BPB: 1.7062 | LR: 0.000010 | ms/batch: 45.9
Epoch 6/100 | Batch 20400/21973 | Loss: 1.1826 | BPB: 1.7062 | LR: 0.000010 | ms/batch: 45.9
Epoch 6/100 | Batch 20500/21973 | Loss: 1.1826 | BPB: 1.7062 | LR: 0.000010 | ms/batch: 45.9
Epoch 6/100 | Batch 20600/21973 | Loss: 1.1826 | BPB: 1.7062 | LR: 0.000010 | ms/batch: 45.9
Epoch 6/100 | Batch 20700/21973 | Loss: 1.1826 | BPB: 1.7062 | LR: 0.000010 | ms/batch: 45.9
Epoch 6/100 | Batch 20800/21973 | Loss: 1.1826 | BPB: 1.7062 | LR: 0.000010 | ms/batch: 45.9
Epoch 6/100 | Batch 20900/21973 | Loss: 1.1826 | BPB: 1.7062 | LR: 0.000010 | ms/batch: 45.9
Epoch 6/100 | Batch 21000/21973 | Loss: 1.1826 | BPB: 1.7062 | LR: 0.000010 | ms/batch: 45.9
Epoch 6/100 | Batch 21100/21973 | Loss: 1.1826 | BPB: 1.7062 | LR: 0.000010 | ms/batch: 45.9
Epoch 6/100 | Batch 21200/21973 | Loss: 1.1826 | BPB: 1.7062 | LR: 0.000010 | ms/batch: 45.9
Epoch 6/100 | Batch 21300/21973 | Loss: 1.1826 | BPB: 1.7062 | LR: 0.000010 | ms/batch: 45.9
Epoch 6/100 | Batch 21400/21973 | Loss: 1.1826 | BPB: 1.7062 | LR: 0.000010 | ms/batch: 45.9
Epoch 6/100 | Batch 21500/21973 | Loss: 1.1826 | BPB: 1.7062 | LR: 0.000010 | ms/batch: 45.9
Epoch 6/100 | Batch 21600/21973 | Loss: 1.1826 | BPB: 1.7062 | LR: 0.000010 | ms/batch: 45.9
Epoch 6/100 | Batch 21700/21973 | Loss: 1.1826 | BPB: 1.7062 | LR: 0.000010 | ms/batch: 45.9
Epoch 6/100 | Batch 21800/21973 | Loss: 1.1826 | BPB: 1.7061 | LR: 0.000010 | ms/batch: 45.9
Epoch 6/100 | Batch 21900/21973 | Loss: 1.1826 | BPB: 1.7061 | LR: 0.000010 | ms/batch: 45.9

Epoch 6/100 Summary:
Training Loss: 1.1826 (BPB: 1.7061)
Validation Loss: 0.8809 (BPB: 1.2708)
Best Validation Loss: 0.8809
Learning Rate: 0.000010
Epoch 7/100 | Batch 0/21973 | Loss: 1.2044 | BPB: 1.7375 | LR: 0.000010 | ms/batch: 127.4
Epoch 7/100 | Batch 100/21973 | Loss: 1.1824 | BPB: 1.7058 | LR: 0.000010 | ms/batch: 48.6
Epoch 7/100 | Batch 200/21973 | Loss: 1.1825 | BPB: 1.7059 | LR: 0.000010 | ms/batch: 47.6
Epoch 7/100 | Batch 300/21973 | Loss: 1.1832 | BPB: 1.7070 | LR: 0.000010 | ms/batch: 47.0
Epoch 7/100 | Batch 400/21973 | Loss: 1.1826 | BPB: 1.7062 | LR: 0.000010 | ms/batch: 46.8
Epoch 7/100 | Batch 500/21973 | Loss: 1.1828 | BPB: 1.7064 | LR: 0.000010 | ms/batch: 46.6
Epoch 7/100 | Batch 600/21973 | Loss: 1.1825 | BPB: 1.7060 | LR: 0.000010 | ms/batch: 46.6
Epoch 7/100 | Batch 700/21973 | Loss: 1.1823 | BPB: 1.7057 | LR: 0.000010 | ms/batch: 46.5
Epoch 7/100 | Batch 800/21973 | Loss: 1.1820 | BPB: 1.7053 | LR: 0.000010 | ms/batch: 46.4
Epoch 7/100 | Batch 900/21973 | Loss: 1.1821 | BPB: 1.7054 | LR: 0.000010 | ms/batch: 46.4
Epoch 7/100 | Batch 1000/21973 | Loss: 1.1820 | BPB: 1.7052 | LR: 0.000010 | ms/batch: 46.3
Epoch 7/100 | Batch 1100/21973 | Loss: 1.1818 | BPB: 1.7049 | LR: 0.000010 | ms/batch: 46.4
Epoch 7/100 | Batch 1200/21973 | Loss: 1.1816 | BPB: 1.7047 | LR: 0.000010 | ms/batch: 46.3
Epoch 7/100 | Batch 1300/21973 | Loss: 1.1819 | BPB: 1.7052 | LR: 0.000010 | ms/batch: 46.3
Epoch 7/100 | Batch 1400/21973 | Loss: 1.1820 | BPB: 1.7052 | LR: 0.000010 | ms/batch: 46.3
Epoch 7/100 | Batch 1500/21973 | Loss: 1.1818 | BPB: 1.7049 | LR: 0.000010 | ms/batch: 46.3
Epoch 7/100 | Batch 1600/21973 | Loss: 1.1818 | BPB: 1.7049 | LR: 0.000010 | ms/batch: 46.3
Epoch 7/100 | Batch 1700/21973 | Loss: 1.1818 | BPB: 1.7049 | LR: 0.000010 | ms/batch: 46.3
Epoch 7/100 | Batch 1800/21973 | Loss: 1.1819 | BPB: 1.7051 | LR: 0.000010 | ms/batch: 46.3
Epoch 7/100 | Batch 1900/21973 | Loss: 1.1819 | BPB: 1.7051 | LR: 0.000010 | ms/batch: 46.2
Epoch 7/100 | Batch 2000/21973 | Loss: 1.1819 | BPB: 1.7051 | LR: 0.000010 | ms/batch: 46.2
Epoch 7/100 | Batch 2100/21973 | Loss: 1.1819 | BPB: 1.7051 | LR: 0.000010 | ms/batch: 46.2
Epoch 7/100 | Batch 2200/21973 | Loss: 1.1819 | BPB: 1.7051 | LR: 0.000010 | ms/batch: 46.2
Epoch 7/100 | Batch 2300/21973 | Loss: 1.1820 | BPB: 1.7053 | LR: 0.000010 | ms/batch: 46.2
Epoch 7/100 | Batch 2400/21973 | Loss: 1.1820 | BPB: 1.7053 | LR: 0.000010 | ms/batch: 46.2
Epoch 7/100 | Batch 2500/21973 | Loss: 1.1821 | BPB: 1.7054 | LR: 0.000010 | ms/batch: 46.2
Epoch 7/100 | Batch 2600/21973 | Loss: 1.1821 | BPB: 1.7054 | LR: 0.000010 | ms/batch: 46.2
Epoch 7/100 | Batch 2700/21973 | Loss: 1.1820 | BPB: 1.7052 | LR: 0.000010 | ms/batch: 46.2
Epoch 7/100 | Batch 2800/21973 | Loss: 1.1821 | BPB: 1.7054 | LR: 0.000010 | ms/batch: 46.2
Epoch 7/100 | Batch 2900/21973 | Loss: 1.1820 | BPB: 1.7053 | LR: 0.000010 | ms/batch: 46.2
Epoch 7/100 | Batch 3000/21973 | Loss: 1.1820 | BPB: 1.7053 | LR: 0.000010 | ms/batch: 46.2
Epoch 7/100 | Batch 3100/21973 | Loss: 1.1820 | BPB: 1.7053 | LR: 0.000010 | ms/batch: 46.2
Epoch 7/100 | Batch 3200/21973 | Loss: 1.1819 | BPB: 1.7052 | LR: 0.000010 | ms/batch: 46.2
Epoch 7/100 | Batch 3300/21973 | Loss: 1.1819 | BPB: 1.7052 | LR: 0.000010 | ms/batch: 46.2
Epoch 7/100 | Batch 3400/21973 | Loss: 1.1819 | BPB: 1.7051 | LR: 0.000010 | ms/batch: 46.2
Epoch 7/100 | Batch 3500/21973 | Loss: 1.1820 | BPB: 1.7052 | LR: 0.000010 | ms/batch: 46.2
Epoch 7/100 | Batch 3600/21973 | Loss: 1.1819 | BPB: 1.7051 | LR: 0.000010 | ms/batch: 46.2
Epoch 7/100 | Batch 3700/21973 | Loss: 1.1820 | BPB: 1.7052 | LR: 0.000010 | ms/batch: 46.2
Epoch 7/100 | Batch 3800/21973 | Loss: 1.1820 | BPB: 1.7053 | LR: 0.000010 | ms/batch: 46.2
Epoch 7/100 | Batch 3900/21973 | Loss: 1.1820 | BPB: 1.7053 | LR: 0.000010 | ms/batch: 46.2
Epoch 7/100 | Batch 4000/21973 | Loss: 1.1820 | BPB: 1.7053 | LR: 0.000010 | ms/batch: 46.2
Epoch 7/100 | Batch 4100/21973 | Loss: 1.1820 | BPB: 1.7052 | LR: 0.000010 | ms/batch: 46.2
Epoch 7/100 | Batch 4200/21973 | Loss: 1.1819 | BPB: 1.7051 | LR: 0.000010 | ms/batch: 46.2
Epoch 7/100 | Batch 4300/21973 | Loss: 1.1820 | BPB: 1.7052 | LR: 0.000010 | ms/batch: 46.2
Epoch 7/100 | Batch 4400/21973 | Loss: 1.1820 | BPB: 1.7053 | LR: 0.000010 | ms/batch: 46.2
Epoch 7/100 | Batch 4500/21973 | Loss: 1.1819 | BPB: 1.7052 | LR: 0.000010 | ms/batch: 46.2
Epoch 7/100 | Batch 4600/21973 | Loss: 1.1820 | BPB: 1.7052 | LR: 0.000010 | ms/batch: 46.2
Epoch 7/100 | Batch 4700/21973 | Loss: 1.1820 | BPB: 1.7053 | LR: 0.000010 | ms/batch: 46.2
Epoch 7/100 | Batch 4800/21973 | Loss: 1.1821 | BPB: 1.7053 | LR: 0.000010 | ms/batch: 46.2
Epoch 7/100 | Batch 4900/21973 | Loss: 1.1821 | BPB: 1.7054 | LR: 0.000010 | ms/batch: 46.2
Epoch 7/100 | Batch 5000/21973 | Loss: 1.1821 | BPB: 1.7054 | LR: 0.000010 | ms/batch: 46.2
Epoch 7/100 | Batch 5100/21973 | Loss: 1.1822 | BPB: 1.7055 | LR: 0.000010 | ms/batch: 46.2
Epoch 7/100 | Batch 5200/21973 | Loss: 1.1822 | BPB: 1.7055 | LR: 0.000010 | ms/batch: 46.2
Epoch 7/100 | Batch 5300/21973 | Loss: 1.1822 | BPB: 1.7055 | LR: 0.000010 | ms/batch: 46.2
Epoch 7/100 | Batch 5400/21973 | Loss: 1.1821 | BPB: 1.7054 | LR: 0.000010 | ms/batch: 46.2
Epoch 7/100 | Batch 5500/21973 | Loss: 1.1821 | BPB: 1.7054 | LR: 0.000010 | ms/batch: 46.2
Epoch 7/100 | Batch 5600/21973 | Loss: 1.1821 | BPB: 1.7055 | LR: 0.000010 | ms/batch: 46.2
Epoch 7/100 | Batch 5700/21973 | Loss: 1.1822 | BPB: 1.7055 | LR: 0.000010 | ms/batch: 46.2
Epoch 7/100 | Batch 5800/21973 | Loss: 1.1822 | BPB: 1.7055 | LR: 0.000010 | ms/batch: 46.2
Epoch 7/100 | Batch 5900/21973 | Loss: 1.1822 | BPB: 1.7055 | LR: 0.000010 | ms/batch: 46.2
Epoch 7/100 | Batch 6000/21973 | Loss: 1.1822 | BPB: 1.7055 | LR: 0.000010 | ms/batch: 46.2
Epoch 7/100 | Batch 6100/21973 | Loss: 1.1821 | BPB: 1.7055 | LR: 0.000010 | ms/batch: 46.2
Epoch 7/100 | Batch 6200/21973 | Loss: 1.1822 | BPB: 1.7055 | LR: 0.000010 | ms/batch: 46.2
Epoch 7/100 | Batch 6300/21973 | Loss: 1.1822 | BPB: 1.7055 | LR: 0.000010 | ms/batch: 46.2
Epoch 7/100 | Batch 6400/21973 | Loss: 1.1822 | BPB: 1.7055 | LR: 0.000010 | ms/batch: 46.2
Epoch 7/100 | Batch 6500/21973 | Loss: 1.1822 | BPB: 1.7055 | LR: 0.000010 | ms/batch: 46.1
Epoch 7/100 | Batch 6600/21973 | Loss: 1.1822 | BPB: 1.7055 | LR: 0.000010 | ms/batch: 46.2
Epoch 7/100 | Batch 6700/21973 | Loss: 1.1822 | BPB: 1.7055 | LR: 0.000010 | ms/batch: 46.2
Epoch 7/100 | Batch 6800/21973 | Loss: 1.1822 | BPB: 1.7055 | LR: 0.000010 | ms/batch: 46.2
Epoch 7/100 | Batch 6900/21973 | Loss: 1.1822 | BPB: 1.7056 | LR: 0.000010 | ms/batch: 46.2
Epoch 7/100 | Batch 7000/21973 | Loss: 1.1823 | BPB: 1.7056 | LR: 0.000010 | ms/batch: 46.1
Epoch 7/100 | Batch 7100/21973 | Loss: 1.1823 | BPB: 1.7057 | LR: 0.000010 | ms/batch: 46.2
Epoch 7/100 | Batch 7200/21973 | Loss: 1.1823 | BPB: 1.7057 | LR: 0.000010 | ms/batch: 46.2
Epoch 7/100 | Batch 7300/21973 | Loss: 1.1823 | BPB: 1.7057 | LR: 0.000010 | ms/batch: 46.2
Epoch 7/100 | Batch 7400/21973 | Loss: 1.1823 | BPB: 1.7058 | LR: 0.000010 | ms/batch: 46.1
Epoch 7/100 | Batch 7500/21973 | Loss: 1.1823 | BPB: 1.7058 | LR: 0.000010 | ms/batch: 46.1
Epoch 7/100 | Batch 7600/21973 | Loss: 1.1823 | BPB: 1.7058 | LR: 0.000010 | ms/batch: 46.2
Epoch 7/100 | Batch 7700/21973 | Loss: 1.1823 | BPB: 1.7058 | LR: 0.000010 | ms/batch: 46.2
Epoch 7/100 | Batch 7800/21973 | Loss: 1.1823 | BPB: 1.7057 | LR: 0.000010 | ms/batch: 46.1
Epoch 7/100 | Batch 7900/21973 | Loss: 1.1823 | BPB: 1.7057 | LR: 0.000010 | ms/batch: 46.1
Epoch 7/100 | Batch 8000/21973 | Loss: 1.1823 | BPB: 1.7058 | LR: 0.000010 | ms/batch: 46.1
Epoch 7/100 | Batch 8100/21973 | Loss: 1.1824 | BPB: 1.7058 | LR: 0.000010 | ms/batch: 46.2
Epoch 7/100 | Batch 8200/21973 | Loss: 1.1824 | BPB: 1.7058 | LR: 0.000010 | ms/batch: 46.2
Epoch 7/100 | Batch 8300/21973 | Loss: 1.1823 | BPB: 1.7057 | LR: 0.000010 | ms/batch: 46.1
Epoch 7/100 | Batch 8400/21973 | Loss: 1.1823 | BPB: 1.7057 | LR: 0.000010 | ms/batch: 46.1
Epoch 7/100 | Batch 8500/21973 | Loss: 1.1823 | BPB: 1.7057 | LR: 0.000010 | ms/batch: 46.1
Epoch 7/100 | Batch 8600/21973 | Loss: 1.1823 | BPB: 1.7057 | LR: 0.000010 | ms/batch: 46.2
Epoch 7/100 | Batch 8700/21973 | Loss: 1.1823 | BPB: 1.7057 | LR: 0.000010 | ms/batch: 46.1
Epoch 7/100 | Batch 8800/21973 | Loss: 1.1823 | BPB: 1.7057 | LR: 0.000010 | ms/batch: 46.1
Epoch 7/100 | Batch 8900/21973 | Loss: 1.1823 | BPB: 1.7057 | LR: 0.000010 | ms/batch: 46.1
Epoch 7/100 | Batch 9000/21973 | Loss: 1.1823 | BPB: 1.7056 | LR: 0.000010 | ms/batch: 46.1
Epoch 7/100 | Batch 9100/21973 | Loss: 1.1822 | BPB: 1.7056 | LR: 0.000010 | ms/batch: 46.1
Epoch 7/100 | Batch 9200/21973 | Loss: 1.1822 | BPB: 1.7056 | LR: 0.000010 | ms/batch: 46.1
Epoch 7/100 | Batch 9300/21973 | Loss: 1.1822 | BPB: 1.7055 | LR: 0.000010 | ms/batch: 46.1
Epoch 7/100 | Batch 9400/21973 | Loss: 1.1822 | BPB: 1.7055 | LR: 0.000010 | ms/batch: 46.1
Epoch 7/100 | Batch 9500/21973 | Loss: 1.1822 | BPB: 1.7055 | LR: 0.000010 | ms/batch: 46.1
Epoch 7/100 | Batch 9600/21973 | Loss: 1.1821 | BPB: 1.7055 | LR: 0.000010 | ms/batch: 46.1
Epoch 7/100 | Batch 9700/21973 | Loss: 1.1821 | BPB: 1.7054 | LR: 0.000010 | ms/batch: 46.1
Epoch 7/100 | Batch 9800/21973 | Loss: 1.1821 | BPB: 1.7054 | LR: 0.000010 | ms/batch: 46.1
Epoch 7/100 | Batch 9900/21973 | Loss: 1.1821 | BPB: 1.7054 | LR: 0.000010 | ms/batch: 46.1
Epoch 7/100 | Batch 10000/21973 | Loss: 1.1821 | BPB: 1.7054 | LR: 0.000010 | ms/batch: 46.1
Epoch 7/100 | Batch 10100/21973 | Loss: 1.1821 | BPB: 1.7054 | LR: 0.000010 | ms/batch: 46.1
Epoch 7/100 | Batch 10200/21973 | Loss: 1.1821 | BPB: 1.7054 | LR: 0.000010 | ms/batch: 46.1
Epoch 7/100 | Batch 10300/21973 | Loss: 1.1821 | BPB: 1.7054 | LR: 0.000010 | ms/batch: 46.1
Epoch 7/100 | Batch 10400/21973 | Loss: 1.1821 | BPB: 1.7054 | LR: 0.000010 | ms/batch: 46.1
Epoch 7/100 | Batch 10500/21973 | Loss: 1.1821 | BPB: 1.7054 | LR: 0.000010 | ms/batch: 46.1
Epoch 7/100 | Batch 10600/21973 | Loss: 1.1821 | BPB: 1.7054 | LR: 0.000010 | ms/batch: 46.1
Epoch 7/100 | Batch 10700/21973 | Loss: 1.1821 | BPB: 1.7054 | LR: 0.000010 | ms/batch: 46.1
Epoch 7/100 | Batch 10800/21973 | Loss: 1.1821 | BPB: 1.7054 | LR: 0.000010 | ms/batch: 46.1
Epoch 7/100 | Batch 10900/21973 | Loss: 1.1821 | BPB: 1.7054 | LR: 0.000010 | ms/batch: 46.1
Epoch 7/100 | Batch 11000/21973 | Loss: 1.1821 | BPB: 1.7054 | LR: 0.000010 | ms/batch: 46.1
Epoch 7/100 | Batch 11100/21973 | Loss: 1.1821 | BPB: 1.7054 | LR: 0.000010 | ms/batch: 46.1
Epoch 7/100 | Batch 11200/21973 | Loss: 1.1821 | BPB: 1.7053 | LR: 0.000010 | ms/batch: 46.1
Epoch 7/100 | Batch 11300/21973 | Loss: 1.1820 | BPB: 1.7053 | LR: 0.000010 | ms/batch: 46.1
Epoch 7/100 | Batch 11400/21973 | Loss: 1.1820 | BPB: 1.7053 | LR: 0.000010 | ms/batch: 46.1
Epoch 7/100 | Batch 11500/21973 | Loss: 1.1821 | BPB: 1.7054 | LR: 0.000010 | ms/batch: 46.1
Epoch 7/100 | Batch 11600/21973 | Loss: 1.1821 | BPB: 1.7054 | LR: 0.000010 | ms/batch: 46.1
Epoch 7/100 | Batch 11700/21973 | Loss: 1.1821 | BPB: 1.7054 | LR: 0.000010 | ms/batch: 46.1
Epoch 7/100 | Batch 11800/21973 | Loss: 1.1821 | BPB: 1.7054 | LR: 0.000010 | ms/batch: 46.1
Epoch 7/100 | Batch 11900/21973 | Loss: 1.1821 | BPB: 1.7054 | LR: 0.000010 | ms/batch: 46.1
Epoch 7/100 | Batch 12000/21973 | Loss: 1.1821 | BPB: 1.7054 | LR: 0.000010 | ms/batch: 46.1
Epoch 7/100 | Batch 12100/21973 | Loss: 1.1821 | BPB: 1.7054 | LR: 0.000010 | ms/batch: 46.1
Epoch 7/100 | Batch 12200/21973 | Loss: 1.1821 | BPB: 1.7054 | LR: 0.000010 | ms/batch: 46.2
Epoch 7/100 | Batch 12300/21973 | Loss: 1.1821 | BPB: 1.7054 | LR: 0.000010 | ms/batch: 46.2
Epoch 7/100 | Batch 12400/21973 | Loss: 1.1821 | BPB: 1.7054 | LR: 0.000010 | ms/batch: 46.2
Epoch 7/100 | Batch 12500/21973 | Loss: 1.1821 | BPB: 1.7054 | LR: 0.000010 | ms/batch: 46.2
Epoch 7/100 | Batch 12600/21973 | Loss: 1.1821 | BPB: 1.7054 | LR: 0.000010 | ms/batch: 46.2
Epoch 7/100 | Batch 12700/21973 | Loss: 1.1821 | BPB: 1.7054 | LR: 0.000010 | ms/batch: 46.2
Epoch 7/100 | Batch 12800/21973 | Loss: 1.1821 | BPB: 1.7054 | LR: 0.000010 | ms/batch: 46.2
Epoch 7/100 | Batch 12900/21973 | Loss: 1.1821 | BPB: 1.7054 | LR: 0.000010 | ms/batch: 46.2
Epoch 7/100 | Batch 13000/21973 | Loss: 1.1821 | BPB: 1.7054 | LR: 0.000010 | ms/batch: 46.2
Epoch 7/100 | Batch 13100/21973 | Loss: 1.1821 | BPB: 1.7054 | LR: 0.000010 | ms/batch: 46.3
Epoch 7/100 | Batch 13200/21973 | Loss: 1.1821 | BPB: 1.7054 | LR: 0.000010 | ms/batch: 46.3
Epoch 7/100 | Batch 13300/21973 | Loss: 1.1821 | BPB: 1.7054 | LR: 0.000010 | ms/batch: 46.3
Epoch 7/100 | Batch 13400/21973 | Loss: 1.1821 | BPB: 1.7054 | LR: 0.000010 | ms/batch: 46.3
Epoch 7/100 | Batch 13500/21973 | Loss: 1.1821 | BPB: 1.7054 | LR: 0.000010 | ms/batch: 46.3
Epoch 7/100 | Batch 13600/21973 | Loss: 1.1821 | BPB: 1.7054 | LR: 0.000010 | ms/batch: 46.3
Epoch 7/100 | Batch 13700/21973 | Loss: 1.1821 | BPB: 1.7054 | LR: 0.000010 | ms/batch: 46.3
Epoch 7/100 | Batch 13800/21973 | Loss: 1.1821 | BPB: 1.7054 | LR: 0.000010 | ms/batch: 46.3
Epoch 7/100 | Batch 13900/21973 | Loss: 1.1821 | BPB: 1.7054 | LR: 0.000010 | ms/batch: 46.3
Epoch 7/100 | Batch 14000/21973 | Loss: 1.1821 | BPB: 1.7054 | LR: 0.000010 | ms/batch: 46.3
Epoch 7/100 | Batch 14100/21973 | Loss: 1.1821 | BPB: 1.7054 | LR: 0.000010 | ms/batch: 46.3
Epoch 7/100 | Batch 14200/21973 | Loss: 1.1821 | BPB: 1.7054 | LR: 0.000010 | ms/batch: 46.4
Epoch 7/100 | Batch 14300/21973 | Loss: 1.1821 | BPB: 1.7054 | LR: 0.000010 | ms/batch: 46.4
Epoch 7/100 | Batch 14400/21973 | Loss: 1.1821 | BPB: 1.7055 | LR: 0.000010 | ms/batch: 46.4
Epoch 7/100 | Batch 14500/21973 | Loss: 1.1821 | BPB: 1.7055 | LR: 0.000010 | ms/batch: 46.4
Epoch 7/100 | Batch 14600/21973 | Loss: 1.1821 | BPB: 1.7055 | LR: 0.000010 | ms/batch: 46.4
Epoch 7/100 | Batch 14700/21973 | Loss: 1.1822 | BPB: 1.7055 | LR: 0.000010 | ms/batch: 46.4
Epoch 7/100 | Batch 14800/21973 | Loss: 1.1822 | BPB: 1.7055 | LR: 0.000010 | ms/batch: 46.4
Epoch 7/100 | Batch 14900/21973 | Loss: 1.1821 | BPB: 1.7055 | LR: 0.000010 | ms/batch: 46.4
Epoch 7/100 | Batch 15000/21973 | Loss: 1.1821 | BPB: 1.7054 | LR: 0.000010 | ms/batch: 46.4
Epoch 7/100 | Batch 15100/21973 | Loss: 1.1821 | BPB: 1.7054 | LR: 0.000010 | ms/batch: 46.4
Epoch 7/100 | Batch 15200/21973 | Loss: 1.1821 | BPB: 1.7054 | LR: 0.000010 | ms/batch: 46.4
Epoch 7/100 | Batch 15300/21973 | Loss: 1.1821 | BPB: 1.7054 | LR: 0.000010 | ms/batch: 46.4
Epoch 7/100 | Batch 15400/21973 | Loss: 1.1821 | BPB: 1.7054 | LR: 0.000010 | ms/batch: 46.4
Epoch 7/100 | Batch 15500/21973 | Loss: 1.1821 | BPB: 1.7054 | LR: 0.000010 | ms/batch: 46.4
Epoch 7/100 | Batch 15600/21973 | Loss: 1.1820 | BPB: 1.7053 | LR: 0.000010 | ms/batch: 46.5
Epoch 7/100 | Batch 15700/21973 | Loss: 1.1820 | BPB: 1.7053 | LR: 0.000010 | ms/batch: 46.5
Epoch 7/100 | Batch 15800/21973 | Loss: 1.1820 | BPB: 1.7053 | LR: 0.000010 | ms/batch: 46.5
Epoch 7/100 | Batch 15900/21973 | Loss: 1.1820 | BPB: 1.7053 | LR: 0.000010 | ms/batch: 46.4
Epoch 7/100 | Batch 16000/21973 | Loss: 1.1820 | BPB: 1.7053 | LR: 0.000010 | ms/batch: 46.4
Epoch 7/100 | Batch 16100/21973 | Loss: 1.1820 | BPB: 1.7053 | LR: 0.000010 | ms/batch: 46.4
Epoch 7/100 | Batch 16200/21973 | Loss: 1.1820 | BPB: 1.7053 | LR: 0.000010 | ms/batch: 46.4
Epoch 7/100 | Batch 16300/21973 | Loss: 1.1820 | BPB: 1.7053 | LR: 0.000010 | ms/batch: 46.4
Epoch 7/100 | Batch 16400/21973 | Loss: 1.1820 | BPB: 1.7053 | LR: 0.000010 | ms/batch: 46.4
Epoch 7/100 | Batch 16500/21973 | Loss: 1.1820 | BPB: 1.7053 | LR: 0.000010 | ms/batch: 46.4
Epoch 7/100 | Batch 16600/21973 | Loss: 1.1820 | BPB: 1.7053 | LR: 0.000010 | ms/batch: 46.4
Epoch 7/100 | Batch 16700/21973 | Loss: 1.1820 | BPB: 1.7053 | LR: 0.000010 | ms/batch: 46.4
Epoch 7/100 | Batch 16800/21973 | Loss: 1.1820 | BPB: 1.7053 | LR: 0.000010 | ms/batch: 46.4
Epoch 7/100 | Batch 16900/21973 | Loss: 1.1820 | BPB: 1.7053 | LR: 0.000010 | ms/batch: 46.4
Epoch 7/100 | Batch 17000/21973 | Loss: 1.1820 | BPB: 1.7053 | LR: 0.000010 | ms/batch: 46.4
Epoch 7/100 | Batch 17100/21973 | Loss: 1.1820 | BPB: 1.7053 | LR: 0.000010 | ms/batch: 46.4
Epoch 7/100 | Batch 17200/21973 | Loss: 1.1820 | BPB: 1.7053 | LR: 0.000010 | ms/batch: 46.4
Epoch 7/100 | Batch 17300/21973 | Loss: 1.1820 | BPB: 1.7053 | LR: 0.000010 | ms/batch: 46.4
Epoch 7/100 | Batch 17400/21973 | Loss: 1.1820 | BPB: 1.7053 | LR: 0.000010 | ms/batch: 46.4
Epoch 7/100 | Batch 17500/21973 | Loss: 1.1820 | BPB: 1.7053 | LR: 0.000010 | ms/batch: 46.4
Epoch 7/100 | Batch 17600/21973 | Loss: 1.1821 | BPB: 1.7053 | LR: 0.000010 | ms/batch: 46.4
Epoch 7/100 | Batch 17700/21973 | Loss: 1.1821 | BPB: 1.7054 | LR: 0.000010 | ms/batch: 46.4
Epoch 7/100 | Batch 17800/21973 | Loss: 1.1821 | BPB: 1.7054 | LR: 0.000010 | ms/batch: 46.4
Epoch 7/100 | Batch 17900/21973 | Loss: 1.1821 | BPB: 1.7054 | LR: 0.000010 | ms/batch: 46.4
Epoch 7/100 | Batch 18000/21973 | Loss: 1.1821 | BPB: 1.7053 | LR: 0.000010 | ms/batch: 46.4
Epoch 7/100 | Batch 18100/21973 | Loss: 1.1821 | BPB: 1.7053 | LR: 0.000010 | ms/batch: 46.4
Epoch 7/100 | Batch 18200/21973 | Loss: 1.1820 | BPB: 1.7053 | LR: 0.000010 | ms/batch: 46.4
Epoch 7/100 | Batch 18300/21973 | Loss: 1.1821 | BPB: 1.7053 | LR: 0.000010 | ms/batch: 46.4
Epoch 7/100 | Batch 18400/21973 | Loss: 1.1820 | BPB: 1.7053 | LR: 0.000010 | ms/batch: 46.4
Epoch 7/100 | Batch 18500/21973 | Loss: 1.1820 | BPB: 1.7053 | LR: 0.000010 | ms/batch: 46.4
Epoch 7/100 | Batch 18600/21973 | Loss: 1.1821 | BPB: 1.7053 | LR: 0.000010 | ms/batch: 46.4
Epoch 7/100 | Batch 18700/21973 | Loss: 1.1821 | BPB: 1.7054 | LR: 0.000010 | ms/batch: 46.4
Epoch 7/100 | Batch 18800/21973 | Loss: 1.1821 | BPB: 1.7054 | LR: 0.000010 | ms/batch: 46.4
Epoch 7/100 | Batch 18900/21973 | Loss: 1.1821 | BPB: 1.7054 | LR: 0.000010 | ms/batch: 46.4
Epoch 7/100 | Batch 19000/21973 | Loss: 1.1821 | BPB: 1.7054 | LR: 0.000010 | ms/batch: 46.4
Epoch 7/100 | Batch 19100/21973 | Loss: 1.1821 | BPB: 1.7054 | LR: 0.000010 | ms/batch: 46.4
Epoch 7/100 | Batch 19200/21973 | Loss: 1.1821 | BPB: 1.7054 | LR: 0.000010 | ms/batch: 46.4
Epoch 7/100 | Batch 19300/21973 | Loss: 1.1821 | BPB: 1.7054 | LR: 0.000010 | ms/batch: 46.4
Epoch 7/100 | Batch 19400/21973 | Loss: 1.1821 | BPB: 1.7054 | LR: 0.000010 | ms/batch: 46.4
Epoch 7/100 | Batch 19500/21973 | Loss: 1.1821 | BPB: 1.7054 | LR: 0.000010 | ms/batch: 46.4
Epoch 7/100 | Batch 19600/21973 | Loss: 1.1821 | BPB: 1.7054 | LR: 0.000010 | ms/batch: 46.4
Epoch 7/100 | Batch 19700/21973 | Loss: 1.1821 | BPB: 1.7054 | LR: 0.000010 | ms/batch: 46.4
Epoch 7/100 | Batch 19800/21973 | Loss: 1.1821 | BPB: 1.7054 | LR: 0.000010 | ms/batch: 46.4
Epoch 7/100 | Batch 19900/21973 | Loss: 1.1821 | BPB: 1.7053 | LR: 0.000010 | ms/batch: 46.4
Epoch 7/100 | Batch 20000/21973 | Loss: 1.1821 | BPB: 1.7054 | LR: 0.000010 | ms/batch: 46.4
Epoch 7/100 | Batch 20100/21973 | Loss: 1.1821 | BPB: 1.7054 | LR: 0.000010 | ms/batch: 46.4
Epoch 7/100 | Batch 20200/21973 | Loss: 1.1821 | BPB: 1.7053 | LR: 0.000010 | ms/batch: 46.4
Epoch 7/100 | Batch 20300/21973 | Loss: 1.1820 | BPB: 1.7053 | LR: 0.000010 | ms/batch: 46.4
Epoch 7/100 | Batch 20400/21973 | Loss: 1.1820 | BPB: 1.7053 | LR: 0.000010 | ms/batch: 46.4
Epoch 7/100 | Batch 20500/21973 | Loss: 1.1820 | BPB: 1.7053 | LR: 0.000010 | ms/batch: 46.4
Epoch 7/100 | Batch 20600/21973 | Loss: 1.1820 | BPB: 1.7053 | LR: 0.000010 | ms/batch: 46.4
Epoch 7/100 | Batch 20700/21973 | Loss: 1.1820 | BPB: 1.7053 | LR: 0.000010 | ms/batch: 46.4
Epoch 7/100 | Batch 20800/21973 | Loss: 1.1820 | BPB: 1.7053 | LR: 0.000010 | ms/batch: 46.4
Epoch 7/100 | Batch 20900/21973 | Loss: 1.1820 | BPB: 1.7053 | LR: 0.000010 | ms/batch: 46.4
Epoch 7/100 | Batch 21000/21973 | Loss: 1.1820 | BPB: 1.7053 | LR: 0.000010 | ms/batch: 46.4
Epoch 7/100 | Batch 21100/21973 | Loss: 1.1820 | BPB: 1.7053 | LR: 0.000010 | ms/batch: 46.4
Epoch 7/100 | Batch 21200/21973 | Loss: 1.1820 | BPB: 1.7053 | LR: 0.000010 | ms/batch: 46.4
Epoch 7/100 | Batch 21300/21973 | Loss: 1.1820 | BPB: 1.7053 | LR: 0.000010 | ms/batch: 46.4
Epoch 7/100 | Batch 21400/21973 | Loss: 1.1820 | BPB: 1.7053 | LR: 0.000010 | ms/batch: 46.4
Epoch 7/100 | Batch 21500/21973 | Loss: 1.1820 | BPB: 1.7053 | LR: 0.000010 | ms/batch: 46.4
Epoch 7/100 | Batch 21600/21973 | Loss: 1.1820 | BPB: 1.7053 | LR: 0.000010 | ms/batch: 46.4
Epoch 7/100 | Batch 21700/21973 | Loss: 1.1820 | BPB: 1.7053 | LR: 0.000010 | ms/batch: 46.4
Epoch 7/100 | Batch 21800/21973 | Loss: 1.1820 | BPB: 1.7053 | LR: 0.000010 | ms/batch: 46.4
Epoch 7/100 | Batch 21900/21973 | Loss: 1.1820 | BPB: 1.7053 | LR: 0.000010 | ms/batch: 46.4

Epoch 7/100 Summary:
Training Loss: 1.1820 (BPB: 1.7053)
Validation Loss: 0.8798 (BPB: 1.2693)
Best Validation Loss: 0.8798
Learning Rate: 0.000010
Epoch 8/100 | Batch 0/21973 | Loss: 1.1531 | BPB: 1.6636 | LR: 0.000010 | ms/batch: 122.1
Epoch 8/100 | Batch 100/21973 | Loss: 1.1827 | BPB: 1.7063 | LR: 0.000010 | ms/batch: 47.1
Epoch 8/100 | Batch 200/21973 | Loss: 1.1829 | BPB: 1.7066 | LR: 0.000010 | ms/batch: 46.5
Epoch 8/100 | Batch 300/21973 | Loss: 1.1819 | BPB: 1.7051 | LR: 0.000010 | ms/batch: 46.2
Epoch 8/100 | Batch 400/21973 | Loss: 1.1822 | BPB: 1.7055 | LR: 0.000010 | ms/batch: 46.2
Epoch 8/100 | Batch 500/21973 | Loss: 1.1820 | BPB: 1.7053 | LR: 0.000010 | ms/batch: 46.1
Epoch 8/100 | Batch 600/21973 | Loss: 1.1815 | BPB: 1.7046 | LR: 0.000010 | ms/batch: 46.1
Epoch 8/100 | Batch 700/21973 | Loss: 1.1818 | BPB: 1.7050 | LR: 0.000010 | ms/batch: 46.1
Epoch 8/100 | Batch 800/21973 | Loss: 1.1814 | BPB: 1.7044 | LR: 0.000010 | ms/batch: 46.0
Epoch 8/100 | Batch 900/21973 | Loss: 1.1815 | BPB: 1.7045 | LR: 0.000010 | ms/batch: 46.0
Epoch 8/100 | Batch 1000/21973 | Loss: 1.1814 | BPB: 1.7044 | LR: 0.000010 | ms/batch: 46.0
Epoch 8/100 | Batch 1100/21973 | Loss: 1.1814 | BPB: 1.7044 | LR: 0.000010 | ms/batch: 46.0
Epoch 8/100 | Batch 1200/21973 | Loss: 1.1816 | BPB: 1.7047 | LR: 0.000010 | ms/batch: 46.0
Epoch 8/100 | Batch 1300/21973 | Loss: 1.1817 | BPB: 1.7049 | LR: 0.000010 | ms/batch: 46.0
Epoch 8/100 | Batch 1400/21973 | Loss: 1.1817 | BPB: 1.7048 | LR: 0.000010 | ms/batch: 46.0
Epoch 8/100 | Batch 1500/21973 | Loss: 1.1813 | BPB: 1.7043 | LR: 0.000010 | ms/batch: 46.0
Epoch 8/100 | Batch 1600/21973 | Loss: 1.1813 | BPB: 1.7043 | LR: 0.000010 | ms/batch: 46.0
Epoch 8/100 | Batch 1700/21973 | Loss: 1.1815 | BPB: 1.7046 | LR: 0.000010 | ms/batch: 46.0
Epoch 8/100 | Batch 1800/21973 | Loss: 1.1816 | BPB: 1.7048 | LR: 0.000010 | ms/batch: 46.0
Epoch 8/100 | Batch 1900/21973 | Loss: 1.1817 | BPB: 1.7048 | LR: 0.000010 | ms/batch: 46.0
Epoch 8/100 | Batch 2000/21973 | Loss: 1.1818 | BPB: 1.7049 | LR: 0.000010 | ms/batch: 46.0
Epoch 8/100 | Batch 2100/21973 | Loss: 1.1819 | BPB: 1.7051 | LR: 0.000010 | ms/batch: 46.0
Epoch 8/100 | Batch 2200/21973 | Loss: 1.1819 | BPB: 1.7051 | LR: 0.000010 | ms/batch: 46.0
Epoch 8/100 | Batch 2300/21973 | Loss: 1.1819 | BPB: 1.7052 | LR: 0.000010 | ms/batch: 46.0
Epoch 8/100 | Batch 2400/21973 | Loss: 1.1819 | BPB: 1.7051 | LR: 0.000010 | ms/batch: 46.0
Epoch 8/100 | Batch 2500/21973 | Loss: 1.1819 | BPB: 1.7051 | LR: 0.000010 | ms/batch: 45.9
Epoch 8/100 | Batch 2600/21973 | Loss: 1.1819 | BPB: 1.7051 | LR: 0.000010 | ms/batch: 46.0
Epoch 8/100 | Batch 2700/21973 | Loss: 1.1820 | BPB: 1.7052 | LR: 0.000010 | ms/batch: 46.0
Epoch 8/100 | Batch 2800/21973 | Loss: 1.1820 | BPB: 1.7052 | LR: 0.000010 | ms/batch: 46.0
Epoch 8/100 | Batch 2900/21973 | Loss: 1.1819 | BPB: 1.7051 | LR: 0.000010 | ms/batch: 46.0
Epoch 8/100 | Batch 3000/21973 | Loss: 1.1820 | BPB: 1.7052 | LR: 0.000010 | ms/batch: 45.9
Epoch 8/100 | Batch 3100/21973 | Loss: 1.1819 | BPB: 1.7051 | LR: 0.000010 | ms/batch: 46.0
Epoch 8/100 | Batch 3200/21973 | Loss: 1.1819 | BPB: 1.7051 | LR: 0.000010 | ms/batch: 46.0
Epoch 8/100 | Batch 3300/21973 | Loss: 1.1819 | BPB: 1.7051 | LR: 0.000010 | ms/batch: 46.0
Epoch 8/100 | Batch 3400/21973 | Loss: 1.1818 | BPB: 1.7050 | LR: 0.000010 | ms/batch: 46.0
Epoch 8/100 | Batch 3500/21973 | Loss: 1.1818 | BPB: 1.7050 | LR: 0.000010 | ms/batch: 45.9
Epoch 8/100 | Batch 3600/21973 | Loss: 1.1818 | BPB: 1.7050 | LR: 0.000010 | ms/batch: 46.0
Epoch 8/100 | Batch 3700/21973 | Loss: 1.1818 | BPB: 1.7050 | LR: 0.000010 | ms/batch: 46.0
Epoch 8/100 | Batch 3800/21973 | Loss: 1.1818 | BPB: 1.7050 | LR: 0.000010 | ms/batch: 46.0
Epoch 8/100 | Batch 3900/21973 | Loss: 1.1817 | BPB: 1.7048 | LR: 0.000010 | ms/batch: 45.9
Epoch 8/100 | Batch 4000/21973 | Loss: 1.1817 | BPB: 1.7048 | LR: 0.000010 | ms/batch: 45.9
Epoch 8/100 | Batch 4100/21973 | Loss: 1.1817 | BPB: 1.7048 | LR: 0.000010 | ms/batch: 46.0
Epoch 8/100 | Batch 4200/21973 | Loss: 1.1817 | BPB: 1.7048 | LR: 0.000010 | ms/batch: 46.0
Epoch 8/100 | Batch 4300/21973 | Loss: 1.1816 | BPB: 1.7047 | LR: 0.000010 | ms/batch: 45.9
Epoch 8/100 | Batch 4400/21973 | Loss: 1.1815 | BPB: 1.7046 | LR: 0.000010 | ms/batch: 45.9
Epoch 8/100 | Batch 4500/21973 | Loss: 1.1815 | BPB: 1.7046 | LR: 0.000010 | ms/batch: 45.9
Epoch 8/100 | Batch 4600/21973 | Loss: 1.1815 | BPB: 1.7046 | LR: 0.000010 | ms/batch: 46.0
Epoch 8/100 | Batch 4700/21973 | Loss: 1.1816 | BPB: 1.7046 | LR: 0.000010 | ms/batch: 46.0
Epoch 8/100 | Batch 4800/21973 | Loss: 1.1815 | BPB: 1.7046 | LR: 0.000010 | ms/batch: 46.0
Epoch 8/100 | Batch 4900/21973 | Loss: 1.1815 | BPB: 1.7045 | LR: 0.000010 | ms/batch: 45.9
Epoch 8/100 | Batch 5000/21973 | Loss: 1.1815 | BPB: 1.7045 | LR: 0.000010 | ms/batch: 45.9
Epoch 8/100 | Batch 5100/21973 | Loss: 1.1815 | BPB: 1.7045 | LR: 0.000010 | ms/batch: 46.0
Epoch 8/100 | Batch 5200/21973 | Loss: 1.1815 | BPB: 1.7045 | LR: 0.000010 | ms/batch: 46.0
Epoch 8/100 | Batch 5300/21973 | Loss: 1.1815 | BPB: 1.7045 | LR: 0.000010 | ms/batch: 45.9
Epoch 8/100 | Batch 5400/21973 | Loss: 1.1815 | BPB: 1.7045 | LR: 0.000010 | ms/batch: 45.9
Epoch 8/100 | Batch 5500/21973 | Loss: 1.1815 | BPB: 1.7045 | LR: 0.000010 | ms/batch: 45.9
Epoch 8/100 | Batch 5600/21973 | Loss: 1.1815 | BPB: 1.7045 | LR: 0.000010 | ms/batch: 46.0
Epoch 8/100 | Batch 5700/21973 | Loss: 1.1815 | BPB: 1.7045 | LR: 0.000010 | ms/batch: 45.9
Epoch 8/100 | Batch 5800/21973 | Loss: 1.1815 | BPB: 1.7045 | LR: 0.000010 | ms/batch: 45.9
Epoch 8/100 | Batch 5900/21973 | Loss: 1.1815 | BPB: 1.7045 | LR: 0.000010 | ms/batch: 45.9
Epoch 8/100 | Batch 6000/21973 | Loss: 1.1815 | BPB: 1.7046 | LR: 0.000010 | ms/batch: 45.9
Epoch 8/100 | Batch 6100/21973 | Loss: 1.1815 | BPB: 1.7045 | LR: 0.000010 | ms/batch: 46.0
Epoch 8/100 | Batch 6200/21973 | Loss: 1.1815 | BPB: 1.7046 | LR: 0.000010 | ms/batch: 45.9
Epoch 8/100 | Batch 6300/21973 | Loss: 1.1815 | BPB: 1.7046 | LR: 0.000010 | ms/batch: 45.9
Epoch 8/100 | Batch 6400/21973 | Loss: 1.1815 | BPB: 1.7045 | LR: 0.000010 | ms/batch: 45.9
Epoch 8/100 | Batch 6500/21973 | Loss: 1.1815 | BPB: 1.7046 | LR: 0.000010 | ms/batch: 45.9
Epoch 8/100 | Batch 6600/21973 | Loss: 1.1815 | BPB: 1.7046 | LR: 0.000010 | ms/batch: 46.0
Epoch 8/100 | Batch 6700/21973 | Loss: 1.1815 | BPB: 1.7046 | LR: 0.000010 | ms/batch: 45.9
Epoch 8/100 | Batch 6800/21973 | Loss: 1.1816 | BPB: 1.7047 | LR: 0.000010 | ms/batch: 45.9
Epoch 8/100 | Batch 6900/21973 | Loss: 1.1816 | BPB: 1.7047 | LR: 0.000010 | ms/batch: 45.9
Epoch 8/100 | Batch 7000/21973 | Loss: 1.1816 | BPB: 1.7047 | LR: 0.000010 | ms/batch: 45.9
Epoch 8/100 | Batch 7100/21973 | Loss: 1.1816 | BPB: 1.7047 | LR: 0.000010 | ms/batch: 45.9
Epoch 8/100 | Batch 7200/21973 | Loss: 1.1816 | BPB: 1.7047 | LR: 0.000010 | ms/batch: 45.9
Epoch 8/100 | Batch 7300/21973 | Loss: 1.1816 | BPB: 1.7047 | LR: 0.000010 | ms/batch: 45.9
Epoch 8/100 | Batch 7400/21973 | Loss: 1.1816 | BPB: 1.7047 | LR: 0.000010 | ms/batch: 45.9
Epoch 8/100 | Batch 7500/21973 | Loss: 1.1817 | BPB: 1.7048 | LR: 0.000010 | ms/batch: 45.9
Epoch 8/100 | Batch 7600/21973 | Loss: 1.1817 | BPB: 1.7049 | LR: 0.000010 | ms/batch: 45.9
Epoch 8/100 | Batch 7700/21973 | Loss: 1.1817 | BPB: 1.7048 | LR: 0.000010 | ms/batch: 45.9
Epoch 8/100 | Batch 7800/21973 | Loss: 1.1817 | BPB: 1.7048 | LR: 0.000010 | ms/batch: 45.9
Epoch 8/100 | Batch 7900/21973 | Loss: 1.1817 | BPB: 1.7048 | LR: 0.000010 | ms/batch: 45.9
Epoch 8/100 | Batch 8000/21973 | Loss: 1.1817 | BPB: 1.7048 | LR: 0.000010 | ms/batch: 45.9
Epoch 8/100 | Batch 8100/21973 | Loss: 1.1817 | BPB: 1.7048 | LR: 0.000010 | ms/batch: 45.9
Epoch 8/100 | Batch 8200/21973 | Loss: 1.1817 | BPB: 1.7048 | LR: 0.000010 | ms/batch: 45.9
Epoch 8/100 | Batch 8300/21973 | Loss: 1.1817 | BPB: 1.7048 | LR: 0.000010 | ms/batch: 45.9
Epoch 8/100 | Batch 8400/21973 | Loss: 1.1816 | BPB: 1.7047 | LR: 0.000010 | ms/batch: 45.9
Epoch 8/100 | Batch 8500/21973 | Loss: 1.1816 | BPB: 1.7047 | LR: 0.000010 | ms/batch: 45.9
Epoch 8/100 | Batch 8600/21973 | Loss: 1.1816 | BPB: 1.7047 | LR: 0.000010 | ms/batch: 45.9
Epoch 8/100 | Batch 8700/21973 | Loss: 1.1816 | BPB: 1.7047 | LR: 0.000010 | ms/batch: 45.9
Epoch 8/100 | Batch 8800/21973 | Loss: 1.1817 | BPB: 1.7048 | LR: 0.000010 | ms/batch: 45.9
Epoch 8/100 | Batch 8900/21973 | Loss: 1.1816 | BPB: 1.7048 | LR: 0.000010 | ms/batch: 45.9
Epoch 8/100 | Batch 9000/21973 | Loss: 1.1816 | BPB: 1.7048 | LR: 0.000010 | ms/batch: 45.9
Epoch 8/100 | Batch 9100/21973 | Loss: 1.1817 | BPB: 1.7048 | LR: 0.000010 | ms/batch: 45.9
Epoch 8/100 | Batch 9200/21973 | Loss: 1.1816 | BPB: 1.7048 | LR: 0.000010 | ms/batch: 45.9
Epoch 8/100 | Batch 9300/21973 | Loss: 1.1817 | BPB: 1.7048 | LR: 0.000010 | ms/batch: 45.9
Epoch 8/100 | Batch 9400/21973 | Loss: 1.1816 | BPB: 1.7047 | LR: 0.000010 | ms/batch: 45.9
Epoch 8/100 | Batch 9500/21973 | Loss: 1.1817 | BPB: 1.7048 | LR: 0.000010 | ms/batch: 45.9
Epoch 8/100 | Batch 9600/21973 | Loss: 1.1816 | BPB: 1.7047 | LR: 0.000010 | ms/batch: 45.9
Epoch 8/100 | Batch 9700/21973 | Loss: 1.1816 | BPB: 1.7047 | LR: 0.000010 | ms/batch: 45.9
Epoch 8/100 | Batch 9800/21973 | Loss: 1.1816 | BPB: 1.7047 | LR: 0.000010 | ms/batch: 45.9
Epoch 8/100 | Batch 9900/21973 | Loss: 1.1816 | BPB: 1.7047 | LR: 0.000010 | ms/batch: 45.9
Epoch 8/100 | Batch 10000/21973 | Loss: 1.1816 | BPB: 1.7047 | LR: 0.000010 | ms/batch: 45.9
Epoch 8/100 | Batch 10100/21973 | Loss: 1.1816 | BPB: 1.7047 | LR: 0.000010 | ms/batch: 45.9
Epoch 8/100 | Batch 10200/21973 | Loss: 1.1816 | BPB: 1.7046 | LR: 0.000010 | ms/batch: 45.9
Epoch 8/100 | Batch 10300/21973 | Loss: 1.1816 | BPB: 1.7047 | LR: 0.000010 | ms/batch: 45.9
Epoch 8/100 | Batch 10400/21973 | Loss: 1.1816 | BPB: 1.7047 | LR: 0.000010 | ms/batch: 45.9
Epoch 8/100 | Batch 10500/21973 | Loss: 1.1816 | BPB: 1.7047 | LR: 0.000010 | ms/batch: 45.9
Epoch 8/100 | Batch 10600/21973 | Loss: 1.1816 | BPB: 1.7046 | LR: 0.000010 | ms/batch: 45.9
Epoch 8/100 | Batch 10700/21973 | Loss: 1.1816 | BPB: 1.7047 | LR: 0.000010 | ms/batch: 45.9
Epoch 8/100 | Batch 10800/21973 | Loss: 1.1816 | BPB: 1.7046 | LR: 0.000010 | ms/batch: 45.9
Epoch 8/100 | Batch 10900/21973 | Loss: 1.1816 | BPB: 1.7046 | LR: 0.000010 | ms/batch: 45.9
Epoch 8/100 | Batch 11000/21973 | Loss: 1.1816 | BPB: 1.7046 | LR: 0.000010 | ms/batch: 45.9
Epoch 8/100 | Batch 11100/21973 | Loss: 1.1816 | BPB: 1.7047 | LR: 0.000010 | ms/batch: 45.9
Epoch 8/100 | Batch 11200/21973 | Loss: 1.1816 | BPB: 1.7047 | LR: 0.000010 | ms/batch: 45.9
Epoch 8/100 | Batch 11300/21973 | Loss: 1.1816 | BPB: 1.7047 | LR: 0.000010 | ms/batch: 45.9
Epoch 8/100 | Batch 11400/21973 | Loss: 1.1816 | BPB: 1.7046 | LR: 0.000010 | ms/batch: 45.9
Epoch 8/100 | Batch 11500/21973 | Loss: 1.1816 | BPB: 1.7046 | LR: 0.000010 | ms/batch: 45.9
Epoch 8/100 | Batch 11600/21973 | Loss: 1.1816 | BPB: 1.7046 | LR: 0.000010 | ms/batch: 45.9
Epoch 8/100 | Batch 11700/21973 | Loss: 1.1816 | BPB: 1.7047 | LR: 0.000010 | ms/batch: 45.9
Epoch 8/100 | Batch 11800/21973 | Loss: 1.1816 | BPB: 1.7047 | LR: 0.000010 | ms/batch: 45.9
Epoch 8/100 | Batch 11900/21973 | Loss: 1.1816 | BPB: 1.7046 | LR: 0.000010 | ms/batch: 45.9
Epoch 8/100 | Batch 12000/21973 | Loss: 1.1816 | BPB: 1.7046 | LR: 0.000010 | ms/batch: 45.9
Epoch 8/100 | Batch 12100/21973 | Loss: 1.1816 | BPB: 1.7046 | LR: 0.000010 | ms/batch: 45.9
Epoch 8/100 | Batch 12200/21973 | Loss: 1.1816 | BPB: 1.7046 | LR: 0.000010 | ms/batch: 45.9
Epoch 8/100 | Batch 12300/21973 | Loss: 1.1815 | BPB: 1.7046 | LR: 0.000010 | ms/batch: 45.9
Epoch 8/100 | Batch 12400/21973 | Loss: 1.1815 | BPB: 1.7046 | LR: 0.000010 | ms/batch: 45.9
Epoch 8/100 | Batch 12500/21973 | Loss: 1.1815 | BPB: 1.7046 | LR: 0.000010 | ms/batch: 45.9
Epoch 8/100 | Batch 12600/21973 | Loss: 1.1815 | BPB: 1.7046 | LR: 0.000010 | ms/batch: 45.9
Epoch 8/100 | Batch 12700/21973 | Loss: 1.1815 | BPB: 1.7046 | LR: 0.000010 | ms/batch: 45.9
Epoch 8/100 | Batch 12800/21973 | Loss: 1.1815 | BPB: 1.7046 | LR: 0.000010 | ms/batch: 45.9
Epoch 8/100 | Batch 12900/21973 | Loss: 1.1815 | BPB: 1.7046 | LR: 0.000010 | ms/batch: 45.9
Epoch 8/100 | Batch 13000/21973 | Loss: 1.1815 | BPB: 1.7046 | LR: 0.000010 | ms/batch: 45.9
Epoch 8/100 | Batch 13100/21973 | Loss: 1.1815 | BPB: 1.7046 | LR: 0.000010 | ms/batch: 45.9
Epoch 8/100 | Batch 13200/21973 | Loss: 1.1816 | BPB: 1.7046 | LR: 0.000010 | ms/batch: 45.9
Epoch 8/100 | Batch 13300/21973 | Loss: 1.1816 | BPB: 1.7047 | LR: 0.000010 | ms/batch: 45.9
Epoch 8/100 | Batch 13400/21973 | Loss: 1.1816 | BPB: 1.7047 | LR: 0.000010 | ms/batch: 45.9
Epoch 8/100 | Batch 13500/21973 | Loss: 1.1816 | BPB: 1.7047 | LR: 0.000010 | ms/batch: 45.9
Epoch 8/100 | Batch 13600/21973 | Loss: 1.1816 | BPB: 1.7047 | LR: 0.000010 | ms/batch: 45.9
Epoch 8/100 | Batch 13700/21973 | Loss: 1.1816 | BPB: 1.7047 | LR: 0.000010 | ms/batch: 45.9
Epoch 8/100 | Batch 13800/21973 | Loss: 1.1816 | BPB: 1.7047 | LR: 0.000010 | ms/batch: 45.9
Epoch 8/100 | Batch 13900/21973 | Loss: 1.1816 | BPB: 1.7047 | LR: 0.000010 | ms/batch: 45.9
Epoch 8/100 | Batch 14000/21973 | Loss: 1.1816 | BPB: 1.7048 | LR: 0.000010 | ms/batch: 45.9
Epoch 8/100 | Batch 14100/21973 | Loss: 1.1816 | BPB: 1.7047 | LR: 0.000010 | ms/batch: 45.9
Epoch 8/100 | Batch 14200/21973 | Loss: 1.1816 | BPB: 1.7047 | LR: 0.000010 | ms/batch: 45.9
Epoch 8/100 | Batch 14300/21973 | Loss: 1.1816 | BPB: 1.7047 | LR: 0.000010 | ms/batch: 45.9
Epoch 8/100 | Batch 14400/21973 | Loss: 1.1816 | BPB: 1.7047 | LR: 0.000010 | ms/batch: 45.9
Epoch 8/100 | Batch 14500/21973 | Loss: 1.1816 | BPB: 1.7047 | LR: 0.000010 | ms/batch: 45.9
Epoch 8/100 | Batch 14600/21973 | Loss: 1.1816 | BPB: 1.7048 | LR: 0.000010 | ms/batch: 45.9
Epoch 8/100 | Batch 14700/21973 | Loss: 1.1816 | BPB: 1.7048 | LR: 0.000010 | ms/batch: 45.9
Epoch 8/100 | Batch 14800/21973 | Loss: 1.1817 | BPB: 1.7048 | LR: 0.000010 | ms/batch: 45.9
Epoch 8/100 | Batch 14900/21973 | Loss: 1.1816 | BPB: 1.7047 | LR: 0.000010 | ms/batch: 45.9
Epoch 8/100 | Batch 15000/21973 | Loss: 1.1816 | BPB: 1.7048 | LR: 0.000010 | ms/batch: 45.9
Epoch 8/100 | Batch 15100/21973 | Loss: 1.1816 | BPB: 1.7047 | LR: 0.000010 | ms/batch: 45.9
Epoch 8/100 | Batch 15200/21973 | Loss: 1.1816 | BPB: 1.7047 | LR: 0.000010 | ms/batch: 45.9
Epoch 8/100 | Batch 15300/21973 | Loss: 1.1817 | BPB: 1.7048 | LR: 0.000010 | ms/batch: 45.9
Epoch 8/100 | Batch 15400/21973 | Loss: 1.1816 | BPB: 1.7048 | LR: 0.000010 | ms/batch: 45.9
Epoch 8/100 | Batch 15500/21973 | Loss: 1.1816 | BPB: 1.7048 | LR: 0.000010 | ms/batch: 45.9
Epoch 8/100 | Batch 15600/21973 | Loss: 1.1816 | BPB: 1.7048 | LR: 0.000010 | ms/batch: 45.9
Epoch 8/100 | Batch 15700/21973 | Loss: 1.1816 | BPB: 1.7047 | LR: 0.000010 | ms/batch: 45.9
Epoch 8/100 | Batch 15800/21973 | Loss: 1.1816 | BPB: 1.7047 | LR: 0.000010 | ms/batch: 45.9
Epoch 8/100 | Batch 15900/21973 | Loss: 1.1816 | BPB: 1.7047 | LR: 0.000010 | ms/batch: 45.9
Epoch 8/100 | Batch 16000/21973 | Loss: 1.1816 | BPB: 1.7047 | LR: 0.000010 | ms/batch: 45.9
Epoch 8/100 | Batch 16100/21973 | Loss: 1.1816 | BPB: 1.7047 | LR: 0.000010 | ms/batch: 45.9
Epoch 8/100 | Batch 16200/21973 | Loss: 1.1816 | BPB: 1.7047 | LR: 0.000010 | ms/batch: 45.9
Epoch 8/100 | Batch 16300/21973 | Loss: 1.1816 | BPB: 1.7047 | LR: 0.000010 | ms/batch: 45.9
Epoch 8/100 | Batch 16400/21973 | Loss: 1.1816 | BPB: 1.7047 | LR: 0.000010 | ms/batch: 45.9
Epoch 8/100 | Batch 16500/21973 | Loss: 1.1816 | BPB: 1.7047 | LR: 0.000010 | ms/batch: 45.9
Epoch 8/100 | Batch 16600/21973 | Loss: 1.1816 | BPB: 1.7047 | LR: 0.000010 | ms/batch: 45.9
Epoch 8/100 | Batch 16700/21973 | Loss: 1.1816 | BPB: 1.7047 | LR: 0.000010 | ms/batch: 45.9
Epoch 8/100 | Batch 16800/21973 | Loss: 1.1816 | BPB: 1.7047 | LR: 0.000010 | ms/batch: 45.9
Epoch 8/100 | Batch 16900/21973 | Loss: 1.1816 | BPB: 1.7048 | LR: 0.000010 | ms/batch: 45.9
Epoch 8/100 | Batch 17000/21973 | Loss: 1.1816 | BPB: 1.7047 | LR: 0.000010 | ms/batch: 45.9
Epoch 8/100 | Batch 17100/21973 | Loss: 1.1817 | BPB: 1.7048 | LR: 0.000010 | ms/batch: 45.9
Epoch 8/100 | Batch 17200/21973 | Loss: 1.1816 | BPB: 1.7048 | LR: 0.000010 | ms/batch: 45.9
Epoch 8/100 | Batch 17300/21973 | Loss: 1.1817 | BPB: 1.7048 | LR: 0.000010 | ms/batch: 45.9
Epoch 8/100 | Batch 17400/21973 | Loss: 1.1816 | BPB: 1.7048 | LR: 0.000010 | ms/batch: 46.0
Epoch 8/100 | Batch 17500/21973 | Loss: 1.1816 | BPB: 1.7047 | LR: 0.000010 | ms/batch: 46.0
Epoch 8/100 | Batch 17600/21973 | Loss: 1.1816 | BPB: 1.7047 | LR: 0.000010 | ms/batch: 46.0
Epoch 8/100 | Batch 17700/21973 | Loss: 1.1816 | BPB: 1.7047 | LR: 0.000010 | ms/batch: 46.0
Epoch 8/100 | Batch 17800/21973 | Loss: 1.1816 | BPB: 1.7047 | LR: 0.000010 | ms/batch: 46.0
Epoch 8/100 | Batch 17900/21973 | Loss: 1.1816 | BPB: 1.7047 | LR: 0.000010 | ms/batch: 46.0
Epoch 8/100 | Batch 18000/21973 | Loss: 1.1816 | BPB: 1.7047 | LR: 0.000010 | ms/batch: 46.0
Epoch 8/100 | Batch 18100/21973 | Loss: 1.1816 | BPB: 1.7047 | LR: 0.000010 | ms/batch: 46.0
Epoch 8/100 | Batch 18200/21973 | Loss: 1.1816 | BPB: 1.7046 | LR: 0.000010 | ms/batch: 46.0
Epoch 8/100 | Batch 18300/21973 | Loss: 1.1816 | BPB: 1.7046 | LR: 0.000010 | ms/batch: 46.0
Epoch 8/100 | Batch 18400/21973 | Loss: 1.1816 | BPB: 1.7046 | LR: 0.000010 | ms/batch: 46.0
Epoch 8/100 | Batch 18500/21973 | Loss: 1.1816 | BPB: 1.7047 | LR: 0.000010 | ms/batch: 46.0
Epoch 8/100 | Batch 18600/21973 | Loss: 1.1816 | BPB: 1.7046 | LR: 0.000010 | ms/batch: 46.0
Epoch 8/100 | Batch 18700/21973 | Loss: 1.1815 | BPB: 1.7046 | LR: 0.000010 | ms/batch: 46.0
Epoch 8/100 | Batch 18800/21973 | Loss: 1.1815 | BPB: 1.7046 | LR: 0.000010 | ms/batch: 46.0
Epoch 8/100 | Batch 18900/21973 | Loss: 1.1816 | BPB: 1.7046 | LR: 0.000010 | ms/batch: 46.0
Epoch 8/100 | Batch 19000/21973 | Loss: 1.1816 | BPB: 1.7046 | LR: 0.000010 | ms/batch: 46.0
Epoch 8/100 | Batch 19100/21973 | Loss: 1.1816 | BPB: 1.7046 | LR: 0.000010 | ms/batch: 46.0
Epoch 8/100 | Batch 19200/21973 | Loss: 1.1815 | BPB: 1.7046 | LR: 0.000010 | ms/batch: 46.0
Epoch 8/100 | Batch 19300/21973 | Loss: 1.1815 | BPB: 1.7046 | LR: 0.000010 | ms/batch: 46.0
Epoch 8/100 | Batch 19400/21973 | Loss: 1.1815 | BPB: 1.7046 | LR: 0.000010 | ms/batch: 46.0
Epoch 8/100 | Batch 19500/21973 | Loss: 1.1815 | BPB: 1.7046 | LR: 0.000010 | ms/batch: 46.0
Epoch 8/100 | Batch 19600/21973 | Loss: 1.1815 | BPB: 1.7046 | LR: 0.000010 | ms/batch: 46.0
Epoch 8/100 | Batch 19700/21973 | Loss: 1.1815 | BPB: 1.7045 | LR: 0.000010 | ms/batch: 46.0
Epoch 8/100 | Batch 19800/21973 | Loss: 1.1815 | BPB: 1.7045 | LR: 0.000010 | ms/batch: 46.0
Epoch 8/100 | Batch 19900/21973 | Loss: 1.1815 | BPB: 1.7045 | LR: 0.000010 | ms/batch: 46.0
Epoch 8/100 | Batch 20000/21973 | Loss: 1.1815 | BPB: 1.7045 | LR: 0.000010 | ms/batch: 46.0
Epoch 8/100 | Batch 20100/21973 | Loss: 1.1815 | BPB: 1.7045 | LR: 0.000010 | ms/batch: 46.0
Epoch 8/100 | Batch 20200/21973 | Loss: 1.1815 | BPB: 1.7046 | LR: 0.000010 | ms/batch: 46.0
Epoch 8/100 | Batch 20300/21973 | Loss: 1.1815 | BPB: 1.7046 | LR: 0.000010 | ms/batch: 46.0
Epoch 8/100 | Batch 20400/21973 | Loss: 1.1815 | BPB: 1.7046 | LR: 0.000010 | ms/batch: 46.0
Epoch 8/100 | Batch 20500/21973 | Loss: 1.1815 | BPB: 1.7046 | LR: 0.000010 | ms/batch: 46.0
Epoch 8/100 | Batch 20600/21973 | Loss: 1.1815 | BPB: 1.7045 | LR: 0.000010 | ms/batch: 46.0
Epoch 8/100 | Batch 20700/21973 | Loss: 1.1815 | BPB: 1.7045 | LR: 0.000010 | ms/batch: 46.0
Epoch 8/100 | Batch 20800/21973 | Loss: 1.1815 | BPB: 1.7045 | LR: 0.000010 | ms/batch: 46.0
Epoch 8/100 | Batch 20900/21973 | Loss: 1.1815 | BPB: 1.7045 | LR: 0.000010 | ms/batch: 46.0
Epoch 8/100 | Batch 21000/21973 | Loss: 1.1815 | BPB: 1.7045 | LR: 0.000010 | ms/batch: 46.0
Epoch 8/100 | Batch 21100/21973 | Loss: 1.1815 | BPB: 1.7045 | LR: 0.000010 | ms/batch: 46.0
Epoch 8/100 | Batch 21200/21973 | Loss: 1.1815 | BPB: 1.7045 | LR: 0.000010 | ms/batch: 46.0
Epoch 8/100 | Batch 21300/21973 | Loss: 1.1815 | BPB: 1.7046 | LR: 0.000010 | ms/batch: 46.0
Epoch 8/100 | Batch 21400/21973 | Loss: 1.1815 | BPB: 1.7046 | LR: 0.000010 | ms/batch: 46.0
Epoch 8/100 | Batch 21500/21973 | Loss: 1.1815 | BPB: 1.7046 | LR: 0.000010 | ms/batch: 46.0
Epoch 8/100 | Batch 21600/21973 | Loss: 1.1815 | BPB: 1.7046 | LR: 0.000010 | ms/batch: 46.0
Epoch 8/100 | Batch 21700/21973 | Loss: 1.1815 | BPB: 1.7046 | LR: 0.000010 | ms/batch: 46.0
Epoch 8/100 | Batch 21800/21973 | Loss: 1.1815 | BPB: 1.7046 | LR: 0.000010 | ms/batch: 46.0
Epoch 8/100 | Batch 21900/21973 | Loss: 1.1815 | BPB: 1.7046 | LR: 0.000010 | ms/batch: 46.0

Epoch 8/100 Summary:
Training Loss: 1.1816 (BPB: 1.7046)
Validation Loss: 0.8792 (BPB: 1.2684)
Best Validation Loss: 0.8792
Learning Rate: 0.000010
Epoch 9/100 | Batch 0/21973 | Loss: 1.1721 | BPB: 1.6910 | LR: 0.000010 | ms/batch: 121.6
Epoch 9/100 | Batch 100/21973 | Loss: 1.1804 | BPB: 1.7030 | LR: 0.000010 | ms/batch: 47.1
Epoch 9/100 | Batch 200/21973 | Loss: 1.1821 | BPB: 1.7054 | LR: 0.000010 | ms/batch: 46.4
Epoch 9/100 | Batch 300/21973 | Loss: 1.1815 | BPB: 1.7046 | LR: 0.000010 | ms/batch: 46.2
Epoch 9/100 | Batch 400/21973 | Loss: 1.1815 | BPB: 1.7045 | LR: 0.000010 | ms/batch: 46.1
Epoch 9/100 | Batch 500/21973 | Loss: 1.1816 | BPB: 1.7046 | LR: 0.000010 | ms/batch: 46.1
Epoch 9/100 | Batch 600/21973 | Loss: 1.1815 | BPB: 1.7046 | LR: 0.000010 | ms/batch: 46.1
Epoch 9/100 | Batch 700/21973 | Loss: 1.1820 | BPB: 1.7053 | LR: 0.000010 | ms/batch: 46.1
Epoch 9/100 | Batch 800/21973 | Loss: 1.1820 | BPB: 1.7053 | LR: 0.000010 | ms/batch: 46.1
Epoch 9/100 | Batch 900/21973 | Loss: 1.1821 | BPB: 1.7054 | LR: 0.000010 | ms/batch: 46.0
Epoch 9/100 | Batch 1000/21973 | Loss: 1.1820 | BPB: 1.7053 | LR: 0.000010 | ms/batch: 46.0
Epoch 9/100 | Batch 1100/21973 | Loss: 1.1819 | BPB: 1.7051 | LR: 0.000010 | ms/batch: 46.0
Epoch 9/100 | Batch 1200/21973 | Loss: 1.1818 | BPB: 1.7050 | LR: 0.000010 | ms/batch: 46.0
Epoch 9/100 | Batch 1300/21973 | Loss: 1.1818 | BPB: 1.7050 | LR: 0.000010 | ms/batch: 46.0
Epoch 9/100 | Batch 1400/21973 | Loss: 1.1818 | BPB: 1.7049 | LR: 0.000010 | ms/batch: 46.0
Epoch 9/100 | Batch 1500/21973 | Loss: 1.1817 | BPB: 1.7048 | LR: 0.000010 | ms/batch: 46.0
Epoch 9/100 | Batch 1600/21973 | Loss: 1.1818 | BPB: 1.7050 | LR: 0.000010 | ms/batch: 46.0
Epoch 9/100 | Batch 1700/21973 | Loss: 1.1818 | BPB: 1.7050 | LR: 0.000010 | ms/batch: 46.0
Epoch 9/100 | Batch 1800/21973 | Loss: 1.1819 | BPB: 1.7052 | LR: 0.000010 | ms/batch: 46.0
Epoch 9/100 | Batch 1900/21973 | Loss: 1.1820 | BPB: 1.7052 | LR: 0.000010 | ms/batch: 46.0
Epoch 9/100 | Batch 2000/21973 | Loss: 1.1819 | BPB: 1.7051 | LR: 0.000010 | ms/batch: 46.0
Epoch 9/100 | Batch 2100/21973 | Loss: 1.1817 | BPB: 1.7048 | LR: 0.000010 | ms/batch: 46.0
Epoch 9/100 | Batch 2200/21973 | Loss: 1.1818 | BPB: 1.7050 | LR: 0.000010 | ms/batch: 46.0
Epoch 9/100 | Batch 2300/21973 | Loss: 1.1818 | BPB: 1.7050 | LR: 0.000010 | ms/batch: 46.0
Epoch 9/100 | Batch 2400/21973 | Loss: 1.1817 | BPB: 1.7048 | LR: 0.000010 | ms/batch: 46.0
Epoch 9/100 | Batch 2500/21973 | Loss: 1.1817 | BPB: 1.7048 | LR: 0.000010 | ms/batch: 46.0
Epoch 9/100 | Batch 2600/21973 | Loss: 1.1818 | BPB: 1.7049 | LR: 0.000010 | ms/batch: 46.0
Epoch 9/100 | Batch 2700/21973 | Loss: 1.1817 | BPB: 1.7049 | LR: 0.000010 | ms/batch: 46.0
Epoch 9/100 | Batch 2800/21973 | Loss: 1.1818 | BPB: 1.7050 | LR: 0.000010 | ms/batch: 46.0
Epoch 9/100 | Batch 2900/21973 | Loss: 1.1818 | BPB: 1.7050 | LR: 0.000010 | ms/batch: 46.0
Epoch 9/100 | Batch 3000/21973 | Loss: 1.1818 | BPB: 1.7049 | LR: 0.000010 | ms/batch: 46.0
Epoch 9/100 | Batch 3100/21973 | Loss: 1.1818 | BPB: 1.7049 | LR: 0.000010 | ms/batch: 46.0
Epoch 9/100 | Batch 3200/21973 | Loss: 1.1818 | BPB: 1.7049 | LR: 0.000010 | ms/batch: 46.0
Epoch 9/100 | Batch 3300/21973 | Loss: 1.1818 | BPB: 1.7050 | LR: 0.000010 | ms/batch: 46.0
Epoch 9/100 | Batch 3400/21973 | Loss: 1.1818 | BPB: 1.7050 | LR: 0.000010 | ms/batch: 46.0
Epoch 9/100 | Batch 3500/21973 | Loss: 1.1818 | BPB: 1.7049 | LR: 0.000010 | ms/batch: 46.0
Epoch 9/100 | Batch 3600/21973 | Loss: 1.1817 | BPB: 1.7048 | LR: 0.000010 | ms/batch: 46.0
Epoch 9/100 | Batch 3700/21973 | Loss: 1.1818 | BPB: 1.7049 | LR: 0.000010 | ms/batch: 46.0
Epoch 9/100 | Batch 3800/21973 | Loss: 1.1818 | BPB: 1.7049 | LR: 0.000010 | ms/batch: 46.0
Epoch 9/100 | Batch 3900/21973 | Loss: 1.1818 | BPB: 1.7049 | LR: 0.000010 | ms/batch: 46.0
Epoch 9/100 | Batch 4000/21973 | Loss: 1.1818 | BPB: 1.7049 | LR: 0.000010 | ms/batch: 46.0
Epoch 9/100 | Batch 4100/21973 | Loss: 1.1817 | BPB: 1.7049 | LR: 0.000010 | ms/batch: 46.0
Epoch 9/100 | Batch 4200/21973 | Loss: 1.1817 | BPB: 1.7049 | LR: 0.000010 | ms/batch: 46.0
Epoch 9/100 | Batch 4300/21973 | Loss: 1.1817 | BPB: 1.7048 | LR: 0.000010 | ms/batch: 46.0
Epoch 9/100 | Batch 4400/21973 | Loss: 1.1817 | BPB: 1.7048 | LR: 0.000010 | ms/batch: 46.0
Epoch 9/100 | Batch 4500/21973 | Loss: 1.1817 | BPB: 1.7048 | LR: 0.000010 | ms/batch: 46.0
Epoch 9/100 | Batch 4600/21973 | Loss: 1.1817 | BPB: 1.7049 | LR: 0.000010 | ms/batch: 46.0
Epoch 9/100 | Batch 4700/21973 | Loss: 1.1817 | BPB: 1.7049 | LR: 0.000010 | ms/batch: 46.0
Epoch 9/100 | Batch 4800/21973 | Loss: 1.1817 | BPB: 1.7049 | LR: 0.000010 | ms/batch: 46.0
Epoch 9/100 | Batch 4900/21973 | Loss: 1.1817 | BPB: 1.7048 | LR: 0.000010 | ms/batch: 46.0
Epoch 9/100 | Batch 5000/21973 | Loss: 1.1817 | BPB: 1.7049 | LR: 0.000010 | ms/batch: 46.0
Epoch 9/100 | Batch 5100/21973 | Loss: 1.1818 | BPB: 1.7049 | LR: 0.000010 | ms/batch: 46.0
Epoch 9/100 | Batch 5200/21973 | Loss: 1.1818 | BPB: 1.7049 | LR: 0.000010 | ms/batch: 46.1
Epoch 9/100 | Batch 5300/21973 | Loss: 1.1817 | BPB: 1.7049 | LR: 0.000010 | ms/batch: 46.1
Epoch 9/100 | Batch 5400/21973 | Loss: 1.1817 | BPB: 1.7049 | LR: 0.000010 | ms/batch: 46.1
Epoch 9/100 | Batch 5500/21973 | Loss: 1.1817 | BPB: 1.7049 | LR: 0.000010 | ms/batch: 46.1
Epoch 9/100 | Batch 5600/21973 | Loss: 1.1818 | BPB: 1.7050 | LR: 0.000010 | ms/batch: 46.1
Epoch 9/100 | Batch 5700/21973 | Loss: 1.1817 | BPB: 1.7049 | LR: 0.000010 | ms/batch: 46.1
Epoch 9/100 | Batch 5800/21973 | Loss: 1.1817 | BPB: 1.7049 | LR: 0.000010 | ms/batch: 46.1
Epoch 9/100 | Batch 5900/21973 | Loss: 1.1817 | BPB: 1.7049 | LR: 0.000010 | ms/batch: 46.1
Epoch 9/100 | Batch 6000/21973 | Loss: 1.1817 | BPB: 1.7049 | LR: 0.000010 | ms/batch: 46.2
Epoch 9/100 | Batch 6100/21973 | Loss: 1.1817 | BPB: 1.7048 | LR: 0.000010 | ms/batch: 46.2
Epoch 9/100 | Batch 6200/21973 | Loss: 1.1817 | BPB: 1.7048 | LR: 0.000010 | ms/batch: 46.2
Epoch 9/100 | Batch 6300/21973 | Loss: 1.1817 | BPB: 1.7048 | LR: 0.000010 | ms/batch: 46.2
Epoch 9/100 | Batch 6400/21973 | Loss: 1.1817 | BPB: 1.7049 | LR: 0.000010 | ms/batch: 46.2
Epoch 9/100 | Batch 6500/21973 | Loss: 1.1818 | BPB: 1.7049 | LR: 0.000010 | ms/batch: 46.2
Epoch 9/100 | Batch 6600/21973 | Loss: 1.1817 | BPB: 1.7049 | LR: 0.000010 | ms/batch: 46.2
Epoch 9/100 | Batch 6700/21973 | Loss: 1.1817 | BPB: 1.7048 | LR: 0.000010 | ms/batch: 46.2
Epoch 9/100 | Batch 6800/21973 | Loss: 1.1817 | BPB: 1.7048 | LR: 0.000010 | ms/batch: 46.2
Epoch 9/100 | Batch 6900/21973 | Loss: 1.1817 | BPB: 1.7048 | LR: 0.000010 | ms/batch: 46.2
Epoch 9/100 | Batch 7000/21973 | Loss: 1.1817 | BPB: 1.7048 | LR: 0.000010 | ms/batch: 46.2
Epoch 9/100 | Batch 7100/21973 | Loss: 1.1816 | BPB: 1.7048 | LR: 0.000010 | ms/batch: 46.2
Epoch 9/100 | Batch 7200/21973 | Loss: 1.1816 | BPB: 1.7047 | LR: 0.000010 | ms/batch: 46.2
Epoch 9/100 | Batch 7300/21973 | Loss: 1.1816 | BPB: 1.7047 | LR: 0.000010 | ms/batch: 46.2
Epoch 9/100 | Batch 7400/21973 | Loss: 1.1816 | BPB: 1.7047 | LR: 0.000010 | ms/batch: 46.2
Epoch 9/100 | Batch 7500/21973 | Loss: 1.1816 | BPB: 1.7047 | LR: 0.000010 | ms/batch: 46.2
Epoch 9/100 | Batch 7600/21973 | Loss: 1.1816 | BPB: 1.7047 | LR: 0.000010 | ms/batch: 46.2
Epoch 9/100 | Batch 7700/21973 | Loss: 1.1816 | BPB: 1.7047 | LR: 0.000010 | ms/batch: 46.2
Epoch 9/100 | Batch 7800/21973 | Loss: 1.1816 | BPB: 1.7047 | LR: 0.000010 | ms/batch: 46.2
Epoch 9/100 | Batch 7900/21973 | Loss: 1.1816 | BPB: 1.7047 | LR: 0.000010 | ms/batch: 46.2
Epoch 9/100 | Batch 8000/21973 | Loss: 1.1816 | BPB: 1.7046 | LR: 0.000010 | ms/batch: 46.2
Epoch 9/100 | Batch 8100/21973 | Loss: 1.1815 | BPB: 1.7046 | LR: 0.000010 | ms/batch: 46.2
Epoch 9/100 | Batch 8200/21973 | Loss: 1.1815 | BPB: 1.7046 | LR: 0.000010 | ms/batch: 46.2
Epoch 9/100 | Batch 8300/21973 | Loss: 1.1815 | BPB: 1.7046 | LR: 0.000010 | ms/batch: 46.2
Epoch 9/100 | Batch 8400/21973 | Loss: 1.1815 | BPB: 1.7046 | LR: 0.000010 | ms/batch: 46.2
Epoch 9/100 | Batch 8500/21973 | Loss: 1.1815 | BPB: 1.7046 | LR: 0.000010 | ms/batch: 46.1
Epoch 9/100 | Batch 8600/21973 | Loss: 1.1815 | BPB: 1.7045 | LR: 0.000010 | ms/batch: 46.2
Epoch 9/100 | Batch 8700/21973 | Loss: 1.1815 | BPB: 1.7046 | LR: 0.000010 | ms/batch: 46.1
Epoch 9/100 | Batch 8800/21973 | Loss: 1.1815 | BPB: 1.7046 | LR: 0.000010 | ms/batch: 46.1
Epoch 9/100 | Batch 8900/21973 | Loss: 1.1816 | BPB: 1.7046 | LR: 0.000010 | ms/batch: 46.1
Epoch 9/100 | Batch 9000/21973 | Loss: 1.1816 | BPB: 1.7047 | LR: 0.000010 | ms/batch: 46.1
Epoch 9/100 | Batch 9100/21973 | Loss: 1.1816 | BPB: 1.7046 | LR: 0.000010 | ms/batch: 46.1
Epoch 9/100 | Batch 9200/21973 | Loss: 1.1816 | BPB: 1.7046 | LR: 0.000010 | ms/batch: 46.1
Epoch 9/100 | Batch 9300/21973 | Loss: 1.1816 | BPB: 1.7046 | LR: 0.000010 | ms/batch: 46.1
Epoch 9/100 | Batch 9400/21973 | Loss: 1.1815 | BPB: 1.7046 | LR: 0.000010 | ms/batch: 46.1
Epoch 9/100 | Batch 9500/21973 | Loss: 1.1815 | BPB: 1.7046 | LR: 0.000010 | ms/batch: 46.1
Epoch 9/100 | Batch 9600/21973 | Loss: 1.1815 | BPB: 1.7045 | LR: 0.000010 | ms/batch: 46.1
Epoch 9/100 | Batch 9700/21973 | Loss: 1.1815 | BPB: 1.7045 | LR: 0.000010 | ms/batch: 46.1
Epoch 9/100 | Batch 9800/21973 | Loss: 1.1815 | BPB: 1.7045 | LR: 0.000010 | ms/batch: 46.1
Epoch 9/100 | Batch 9900/21973 | Loss: 1.1815 | BPB: 1.7045 | LR: 0.000010 | ms/batch: 46.1
Epoch 9/100 | Batch 10000/21973 | Loss: 1.1815 | BPB: 1.7045 | LR: 0.000010 | ms/batch: 46.1
Epoch 9/100 | Batch 10100/21973 | Loss: 1.1815 | BPB: 1.7045 | LR: 0.000010 | ms/batch: 46.1
Epoch 9/100 | Batch 10200/21973 | Loss: 1.1814 | BPB: 1.7045 | LR: 0.000010 | ms/batch: 46.1
Epoch 9/100 | Batch 10300/21973 | Loss: 1.1815 | BPB: 1.7045 | LR: 0.000010 | ms/batch: 46.1
Epoch 9/100 | Batch 10400/21973 | Loss: 1.1814 | BPB: 1.7045 | LR: 0.000010 | ms/batch: 46.1
Epoch 9/100 | Batch 10500/21973 | Loss: 1.1815 | BPB: 1.7045 | LR: 0.000010 | ms/batch: 46.1
Epoch 9/100 | Batch 10600/21973 | Loss: 1.1815 | BPB: 1.7045 | LR: 0.000010 | ms/batch: 46.1
Epoch 9/100 | Batch 10700/21973 | Loss: 1.1815 | BPB: 1.7045 | LR: 0.000010 | ms/batch: 46.1
Epoch 9/100 | Batch 10800/21973 | Loss: 1.1815 | BPB: 1.7045 | LR: 0.000010 | ms/batch: 46.1
Epoch 9/100 | Batch 10900/21973 | Loss: 1.1815 | BPB: 1.7045 | LR: 0.000010 | ms/batch: 46.1
Epoch 9/100 | Batch 11000/21973 | Loss: 1.1815 | BPB: 1.7045 | LR: 0.000010 | ms/batch: 46.1
Epoch 9/100 | Batch 11100/21973 | Loss: 1.1815 | BPB: 1.7046 | LR: 0.000010 | ms/batch: 46.1
Epoch 9/100 | Batch 11200/21973 | Loss: 1.1815 | BPB: 1.7046 | LR: 0.000010 | ms/batch: 46.1
Epoch 9/100 | Batch 11300/21973 | Loss: 1.1816 | BPB: 1.7046 | LR: 0.000010 | ms/batch: 46.1
Epoch 9/100 | Batch 11400/21973 | Loss: 1.1816 | BPB: 1.7046 | LR: 0.000010 | ms/batch: 46.1
Epoch 9/100 | Batch 11500/21973 | Loss: 1.1816 | BPB: 1.7046 | LR: 0.000010 | ms/batch: 46.1
Epoch 9/100 | Batch 11600/21973 | Loss: 1.1816 | BPB: 1.7046 | LR: 0.000010 | ms/batch: 46.1
Epoch 9/100 | Batch 11700/21973 | Loss: 1.1816 | BPB: 1.7047 | LR: 0.000010 | ms/batch: 46.1
Epoch 9/100 | Batch 11800/21973 | Loss: 1.1816 | BPB: 1.7047 | LR: 0.000010 | ms/batch: 46.1
Epoch 9/100 | Batch 11900/21973 | Loss: 1.1816 | BPB: 1.7047 | LR: 0.000010 | ms/batch: 46.1
Epoch 9/100 | Batch 12000/21973 | Loss: 1.1816 | BPB: 1.7047 | LR: 0.000010 | ms/batch: 46.1
Epoch 9/100 | Batch 12100/21973 | Loss: 1.1816 | BPB: 1.7047 | LR: 0.000010 | ms/batch: 46.1
Epoch 9/100 | Batch 12200/21973 | Loss: 1.1816 | BPB: 1.7047 | LR: 0.000010 | ms/batch: 46.1
Epoch 9/100 | Batch 12300/21973 | Loss: 1.1817 | BPB: 1.7048 | LR: 0.000010 | ms/batch: 46.1
Epoch 9/100 | Batch 12400/21973 | Loss: 1.1817 | BPB: 1.7048 | LR: 0.000010 | ms/batch: 46.1
Epoch 9/100 | Batch 12500/21973 | Loss: 1.1817 | BPB: 1.7048 | LR: 0.000010 | ms/batch: 46.1
Epoch 9/100 | Batch 12600/21973 | Loss: 1.1817 | BPB: 1.7048 | LR: 0.000010 | ms/batch: 46.1
Epoch 9/100 | Batch 12700/21973 | Loss: 1.1817 | BPB: 1.7048 | LR: 0.000010 | ms/batch: 46.1
Epoch 9/100 | Batch 12800/21973 | Loss: 1.1817 | BPB: 1.7048 | LR: 0.000010 | ms/batch: 46.1
Epoch 9/100 | Batch 12900/21973 | Loss: 1.1817 | BPB: 1.7048 | LR: 0.000010 | ms/batch: 46.1
Epoch 9/100 | Batch 13000/21973 | Loss: 1.1817 | BPB: 1.7048 | LR: 0.000010 | ms/batch: 46.1
Epoch 9/100 | Batch 13100/21973 | Loss: 1.1817 | BPB: 1.7048 | LR: 0.000010 | ms/batch: 46.2
Epoch 9/100 | Batch 13200/21973 | Loss: 1.1817 | BPB: 1.7048 | LR: 0.000010 | ms/batch: 46.2
Epoch 9/100 | Batch 13300/21973 | Loss: 1.1817 | BPB: 1.7049 | LR: 0.000010 | ms/batch: 46.2
Epoch 9/100 | Batch 13400/21973 | Loss: 1.1817 | BPB: 1.7048 | LR: 0.000010 | ms/batch: 46.2
Epoch 9/100 | Batch 13500/21973 | Loss: 1.1817 | BPB: 1.7048 | LR: 0.000010 | ms/batch: 46.2
Epoch 9/100 | Batch 13600/21973 | Loss: 1.1817 | BPB: 1.7048 | LR: 0.000010 | ms/batch: 46.2
Epoch 9/100 | Batch 13700/21973 | Loss: 1.1817 | BPB: 1.7048 | LR: 0.000010 | ms/batch: 46.2
Epoch 9/100 | Batch 13800/21973 | Loss: 1.1817 | BPB: 1.7048 | LR: 0.000010 | ms/batch: 46.2
Epoch 9/100 | Batch 13900/21973 | Loss: 1.1817 | BPB: 1.7048 | LR: 0.000010 | ms/batch: 46.2
Epoch 9/100 | Batch 14000/21973 | Loss: 1.1817 | BPB: 1.7048 | LR: 0.000010 | ms/batch: 46.1
Epoch 9/100 | Batch 14100/21973 | Loss: 1.1817 | BPB: 1.7048 | LR: 0.000010 | ms/batch: 46.2
Epoch 9/100 | Batch 14200/21973 | Loss: 1.1817 | BPB: 1.7048 | LR: 0.000010 | ms/batch: 46.1
Epoch 9/100 | Batch 14300/21973 | Loss: 1.1817 | BPB: 1.7048 | LR: 0.000010 | ms/batch: 46.1
Epoch 9/100 | Batch 14400/21973 | Loss: 1.1817 | BPB: 1.7049 | LR: 0.000010 | ms/batch: 46.1
Epoch 9/100 | Batch 14500/21973 | Loss: 1.1817 | BPB: 1.7049 | LR: 0.000010 | ms/batch: 46.1
Epoch 9/100 | Batch 14600/21973 | Loss: 1.1817 | BPB: 1.7049 | LR: 0.000010 | ms/batch: 46.1
Epoch 9/100 | Batch 14700/21973 | Loss: 1.1817 | BPB: 1.7049 | LR: 0.000010 | ms/batch: 46.1
Epoch 9/100 | Batch 14800/21973 | Loss: 1.1817 | BPB: 1.7049 | LR: 0.000010 | ms/batch: 46.1
Epoch 9/100 | Batch 14900/21973 | Loss: 1.1817 | BPB: 1.7049 | LR: 0.000010 | ms/batch: 46.1
Epoch 9/100 | Batch 15000/21973 | Loss: 1.1817 | BPB: 1.7049 | LR: 0.000010 | ms/batch: 46.1
Epoch 9/100 | Batch 15100/21973 | Loss: 1.1817 | BPB: 1.7049 | LR: 0.000010 | ms/batch: 46.1
Epoch 9/100 | Batch 15200/21973 | Loss: 1.1817 | BPB: 1.7049 | LR: 0.000010 | ms/batch: 46.1
Epoch 9/100 | Batch 15300/21973 | Loss: 1.1817 | BPB: 1.7049 | LR: 0.000010 | ms/batch: 46.1
Epoch 9/100 | Batch 15400/21973 | Loss: 1.1818 | BPB: 1.7049 | LR: 0.000010 | ms/batch: 46.1
Epoch 9/100 | Batch 15500/21973 | Loss: 1.1818 | BPB: 1.7049 | LR: 0.000010 | ms/batch: 46.1
Epoch 9/100 | Batch 15600/21973 | Loss: 1.1817 | BPB: 1.7049 | LR: 0.000010 | ms/batch: 46.1
Epoch 9/100 | Batch 15700/21973 | Loss: 1.1818 | BPB: 1.7049 | LR: 0.000010 | ms/batch: 46.1
Epoch 9/100 | Batch 15800/21973 | Loss: 1.1817 | BPB: 1.7049 | LR: 0.000010 | ms/batch: 46.1
Epoch 9/100 | Batch 15900/21973 | Loss: 1.1817 | BPB: 1.7049 | LR: 0.000010 | ms/batch: 46.1
Epoch 9/100 | Batch 16000/21973 | Loss: 1.1817 | BPB: 1.7049 | LR: 0.000010 | ms/batch: 46.1
Epoch 9/100 | Batch 16100/21973 | Loss: 1.1818 | BPB: 1.7049 | LR: 0.000010 | ms/batch: 46.1
Epoch 9/100 | Batch 16200/21973 | Loss: 1.1818 | BPB: 1.7049 | LR: 0.000010 | ms/batch: 46.1
Epoch 9/100 | Batch 16300/21973 | Loss: 1.1818 | BPB: 1.7049 | LR: 0.000010 | ms/batch: 46.1
Epoch 9/100 | Batch 16400/21973 | Loss: 1.1818 | BPB: 1.7049 | LR: 0.000010 | ms/batch: 46.1
Epoch 9/100 | Batch 16500/21973 | Loss: 1.1818 | BPB: 1.7049 | LR: 0.000010 | ms/batch: 46.1
Epoch 9/100 | Batch 16600/21973 | Loss: 1.1817 | BPB: 1.7049 | LR: 0.000010 | ms/batch: 46.1
Epoch 9/100 | Batch 16700/21973 | Loss: 1.1817 | BPB: 1.7049 | LR: 0.000010 | ms/batch: 46.1
Epoch 9/100 | Batch 16800/21973 | Loss: 1.1818 | BPB: 1.7049 | LR: 0.000010 | ms/batch: 46.1
Epoch 9/100 | Batch 16900/21973 | Loss: 1.1818 | BPB: 1.7049 | LR: 0.000010 | ms/batch: 46.1
Epoch 9/100 | Batch 17000/21973 | Loss: 1.1818 | BPB: 1.7049 | LR: 0.000010 | ms/batch: 46.1
Epoch 9/100 | Batch 17100/21973 | Loss: 1.1818 | BPB: 1.7049 | LR: 0.000010 | ms/batch: 46.1
Epoch 9/100 | Batch 17200/21973 | Loss: 1.1818 | BPB: 1.7049 | LR: 0.000010 | ms/batch: 46.1
Epoch 9/100 | Batch 17300/21973 | Loss: 1.1818 | BPB: 1.7049 | LR: 0.000010 | ms/batch: 46.1
Epoch 9/100 | Batch 17400/21973 | Loss: 1.1817 | BPB: 1.7049 | LR: 0.000010 | ms/batch: 46.1
Epoch 9/100 | Batch 17500/21973 | Loss: 1.1817 | BPB: 1.7049 | LR: 0.000010 | ms/batch: 46.1
Epoch 9/100 | Batch 17600/21973 | Loss: 1.1817 | BPB: 1.7049 | LR: 0.000010 | ms/batch: 46.1
Epoch 9/100 | Batch 17700/21973 | Loss: 1.1817 | BPB: 1.7049 | LR: 0.000010 | ms/batch: 46.1
Epoch 9/100 | Batch 17800/21973 | Loss: 1.1817 | BPB: 1.7049 | LR: 0.000010 | ms/batch: 46.1
Epoch 9/100 | Batch 17900/21973 | Loss: 1.1817 | BPB: 1.7049 | LR: 0.000010 | ms/batch: 46.1
Epoch 9/100 | Batch 18000/21973 | Loss: 1.1817 | BPB: 1.7049 | LR: 0.000010 | ms/batch: 46.1
Epoch 9/100 | Batch 18100/21973 | Loss: 1.1817 | BPB: 1.7049 | LR: 0.000010 | ms/batch: 46.1
Epoch 9/100 | Batch 18200/21973 | Loss: 1.1817 | BPB: 1.7049 | LR: 0.000010 | ms/batch: 46.1
Epoch 9/100 | Batch 18300/21973 | Loss: 1.1817 | BPB: 1.7049 | LR: 0.000010 | ms/batch: 46.1
Epoch 9/100 | Batch 18400/21973 | Loss: 1.1817 | BPB: 1.7049 | LR: 0.000010 | ms/batch: 46.1
Epoch 9/100 | Batch 18500/21973 | Loss: 1.1817 | BPB: 1.7049 | LR: 0.000010 | ms/batch: 46.1
Epoch 9/100 | Batch 18600/21973 | Loss: 1.1817 | BPB: 1.7049 | LR: 0.000010 | ms/batch: 46.1
Epoch 9/100 | Batch 18700/21973 | Loss: 1.1817 | BPB: 1.7049 | LR: 0.000010 | ms/batch: 46.1
Epoch 9/100 | Batch 18800/21973 | Loss: 1.1817 | BPB: 1.7049 | LR: 0.000010 | ms/batch: 46.1
Epoch 9/100 | Batch 18900/21973 | Loss: 1.1817 | BPB: 1.7049 | LR: 0.000010 | ms/batch: 46.1
Epoch 9/100 | Batch 19000/21973 | Loss: 1.1817 | BPB: 1.7049 | LR: 0.000010 | ms/batch: 46.1
Epoch 9/100 | Batch 19100/21973 | Loss: 1.1817 | BPB: 1.7049 | LR: 0.000010 | ms/batch: 46.1
Epoch 9/100 | Batch 19200/21973 | Loss: 1.1817 | BPB: 1.7049 | LR: 0.000010 | ms/batch: 46.1
Epoch 9/100 | Batch 19300/21973 | Loss: 1.1817 | BPB: 1.7049 | LR: 0.000010 | ms/batch: 46.1
Epoch 9/100 | Batch 19400/21973 | Loss: 1.1817 | BPB: 1.7049 | LR: 0.000010 | ms/batch: 46.1
Epoch 9/100 | Batch 19500/21973 | Loss: 1.1817 | BPB: 1.7049 | LR: 0.000010 | ms/batch: 46.1
Epoch 9/100 | Batch 19600/21973 | Loss: 1.1817 | BPB: 1.7049 | LR: 0.000010 | ms/batch: 46.1
Epoch 9/100 | Batch 19700/21973 | Loss: 1.1817 | BPB: 1.7049 | LR: 0.000010 | ms/batch: 46.1
Epoch 9/100 | Batch 19800/21973 | Loss: 1.1817 | BPB: 1.7049 | LR: 0.000010 | ms/batch: 46.1
Epoch 9/100 | Batch 19900/21973 | Loss: 1.1817 | BPB: 1.7049 | LR: 0.000010 | ms/batch: 46.1
Epoch 9/100 | Batch 20000/21973 | Loss: 1.1818 | BPB: 1.7049 | LR: 0.000010 | ms/batch: 46.1
Epoch 9/100 | Batch 20100/21973 | Loss: 1.1818 | BPB: 1.7049 | LR: 0.000010 | ms/batch: 46.1
Epoch 9/100 | Batch 20200/21973 | Loss: 1.1818 | BPB: 1.7049 | LR: 0.000010 | ms/batch: 46.1
Epoch 9/100 | Batch 20300/21973 | Loss: 1.1818 | BPB: 1.7049 | LR: 0.000010 | ms/batch: 46.1
Epoch 9/100 | Batch 20400/21973 | Loss: 1.1818 | BPB: 1.7049 | LR: 0.000010 | ms/batch: 46.1
Epoch 9/100 | Batch 20500/21973 | Loss: 1.1818 | BPB: 1.7049 | LR: 0.000010 | ms/batch: 46.1
Epoch 9/100 | Batch 20600/21973 | Loss: 1.1818 | BPB: 1.7049 | LR: 0.000010 | ms/batch: 46.1
Epoch 9/100 | Batch 20700/21973 | Loss: 1.1817 | BPB: 1.7049 | LR: 0.000010 | ms/batch: 46.1
Epoch 9/100 | Batch 20800/21973 | Loss: 1.1817 | BPB: 1.7049 | LR: 0.000010 | ms/batch: 46.1
Epoch 9/100 | Batch 20900/21973 | Loss: 1.1817 | BPB: 1.7049 | LR: 0.000010 | ms/batch: 46.1
Epoch 9/100 | Batch 21000/21973 | Loss: 1.1817 | BPB: 1.7049 | LR: 0.000010 | ms/batch: 46.1
Epoch 9/100 | Batch 21100/21973 | Loss: 1.1817 | BPB: 1.7049 | LR: 0.000010 | ms/batch: 46.1
Epoch 9/100 | Batch 21200/21973 | Loss: 1.1818 | BPB: 1.7049 | LR: 0.000010 | ms/batch: 46.1
Epoch 9/100 | Batch 21300/21973 | Loss: 1.1818 | BPB: 1.7049 | LR: 0.000010 | ms/batch: 46.1
Epoch 9/100 | Batch 21400/21973 | Loss: 1.1817 | BPB: 1.7049 | LR: 0.000010 | ms/batch: 46.1
Epoch 9/100 | Batch 21500/21973 | Loss: 1.1817 | BPB: 1.7049 | LR: 0.000010 | ms/batch: 46.1
Epoch 9/100 | Batch 21600/21973 | Loss: 1.1817 | BPB: 1.7049 | LR: 0.000010 | ms/batch: 46.1
Epoch 9/100 | Batch 21700/21973 | Loss: 1.1817 | BPB: 1.7049 | LR: 0.000010 | ms/batch: 46.1
Epoch 9/100 | Batch 21800/21973 | Loss: 1.1817 | BPB: 1.7049 | LR: 0.000010 | ms/batch: 46.1
Epoch 9/100 | Batch 21900/21973 | Loss: 1.1817 | BPB: 1.7049 | LR: 0.000010 | ms/batch: 46.1

Epoch 9/100 Summary:
Training Loss: 1.1817 (BPB: 1.7049)
Validation Loss: 0.8790 (BPB: 1.2681)
Best Validation Loss: 0.8790
Learning Rate: 0.000010
Epoch 10/100 | Batch 0/21973 | Loss: 1.1832 | BPB: 1.7069 | LR: 0.000010 | ms/batch: 121.5
Epoch 10/100 | Batch 100/21973 | Loss: 1.1785 | BPB: 1.7002 | LR: 0.000010 | ms/batch: 47.2
Epoch 10/100 | Batch 200/21973 | Loss: 1.1812 | BPB: 1.7041 | LR: 0.000010 | ms/batch: 46.5
Epoch 10/100 | Batch 300/21973 | Loss: 1.1814 | BPB: 1.7043 | LR: 0.000010 | ms/batch: 46.3
Epoch 10/100 | Batch 400/21973 | Loss: 1.1812 | BPB: 1.7041 | LR: 0.000010 | ms/batch: 46.2
Epoch 10/100 | Batch 500/21973 | Loss: 1.1815 | BPB: 1.7045 | LR: 0.000010 | ms/batch: 46.1
Epoch 10/100 | Batch 600/21973 | Loss: 1.1807 | BPB: 1.7034 | LR: 0.000010 | ms/batch: 46.2
Epoch 10/100 | Batch 700/21973 | Loss: 1.1805 | BPB: 1.7031 | LR: 0.000010 | ms/batch: 46.1
Epoch 10/100 | Batch 800/21973 | Loss: 1.1808 | BPB: 1.7036 | LR: 0.000010 | ms/batch: 46.1
Epoch 10/100 | Batch 900/21973 | Loss: 1.1809 | BPB: 1.7037 | LR: 0.000010 | ms/batch: 46.1
Epoch 10/100 | Batch 1000/21973 | Loss: 1.1810 | BPB: 1.7038 | LR: 0.000010 | ms/batch: 46.1
Epoch 10/100 | Batch 1100/21973 | Loss: 1.1814 | BPB: 1.7044 | LR: 0.000010 | ms/batch: 46.1
Epoch 10/100 | Batch 1200/21973 | Loss: 1.1813 | BPB: 1.7042 | LR: 0.000010 | ms/batch: 46.1
Epoch 10/100 | Batch 1300/21973 | Loss: 1.1813 | BPB: 1.7042 | LR: 0.000010 | ms/batch: 46.1
Epoch 10/100 | Batch 1400/21973 | Loss: 1.1815 | BPB: 1.7046 | LR: 0.000010 | ms/batch: 46.0
Epoch 10/100 | Batch 1500/21973 | Loss: 1.1816 | BPB: 1.7046 | LR: 0.000010 | ms/batch: 46.0
Epoch 10/100 | Batch 1600/21973 | Loss: 1.1817 | BPB: 1.7048 | LR: 0.000010 | ms/batch: 46.1
Epoch 10/100 | Batch 1700/21973 | Loss: 1.1817 | BPB: 1.7049 | LR: 0.000010 | ms/batch: 46.1
Epoch 10/100 | Batch 1800/21973 | Loss: 1.1817 | BPB: 1.7049 | LR: 0.000010 | ms/batch: 46.0
Epoch 10/100 | Batch 1900/21973 | Loss: 1.1816 | BPB: 1.7048 | LR: 0.000010 | ms/batch: 46.0
Epoch 10/100 | Batch 2000/21973 | Loss: 1.1815 | BPB: 1.7045 | LR: 0.000010 | ms/batch: 46.0
Epoch 10/100 | Batch 2100/21973 | Loss: 1.1815 | BPB: 1.7046 | LR: 0.000010 | ms/batch: 46.0
Epoch 10/100 | Batch 2200/21973 | Loss: 1.1817 | BPB: 1.7048 | LR: 0.000010 | ms/batch: 46.0
Epoch 10/100 | Batch 2300/21973 | Loss: 1.1815 | BPB: 1.7046 | LR: 0.000010 | ms/batch: 46.0
Epoch 10/100 | Batch 2400/21973 | Loss: 1.1816 | BPB: 1.7046 | LR: 0.000010 | ms/batch: 46.0
Epoch 10/100 | Batch 2500/21973 | Loss: 1.1815 | BPB: 1.7046 | LR: 0.000010 | ms/batch: 46.0
Epoch 10/100 | Batch 2600/21973 | Loss: 1.1816 | BPB: 1.7047 | LR: 0.000010 | ms/batch: 46.1
Epoch 10/100 | Batch 2700/21973 | Loss: 1.1816 | BPB: 1.7047 | LR: 0.000010 | ms/batch: 46.1
Epoch 10/100 | Batch 2800/21973 | Loss: 1.1816 | BPB: 1.7047 | LR: 0.000010 | ms/batch: 46.1
Epoch 10/100 | Batch 2900/21973 | Loss: 1.1817 | BPB: 1.7048 | LR: 0.000010 | ms/batch: 46.1
Epoch 10/100 | Batch 3000/21973 | Loss: 1.1816 | BPB: 1.7046 | LR: 0.000010 | ms/batch: 46.1
Epoch 10/100 | Batch 3100/21973 | Loss: 1.1815 | BPB: 1.7046 | LR: 0.000010 | ms/batch: 46.1
Epoch 10/100 | Batch 3200/21973 | Loss: 1.1815 | BPB: 1.7045 | LR: 0.000010 | ms/batch: 46.1
Epoch 10/100 | Batch 3300/21973 | Loss: 1.1815 | BPB: 1.7045 | LR: 0.000010 | ms/batch: 46.1
Epoch 10/100 | Batch 3400/21973 | Loss: 1.1814 | BPB: 1.7044 | LR: 0.000010 | ms/batch: 46.1
Epoch 10/100 | Batch 3500/21973 | Loss: 1.1814 | BPB: 1.7044 | LR: 0.000010 | ms/batch: 46.1
Epoch 10/100 | Batch 3600/21973 | Loss: 1.1814 | BPB: 1.7045 | LR: 0.000010 | ms/batch: 46.1
Epoch 10/100 | Batch 3700/21973 | Loss: 1.1814 | BPB: 1.7044 | LR: 0.000010 | ms/batch: 46.1
Epoch 10/100 | Batch 3800/21973 | Loss: 1.1814 | BPB: 1.7044 | LR: 0.000010 | ms/batch: 46.1
Epoch 10/100 | Batch 3900/21973 | Loss: 1.1815 | BPB: 1.7045 | LR: 0.000010 | ms/batch: 46.1
Epoch 10/100 | Batch 4000/21973 | Loss: 1.1814 | BPB: 1.7044 | LR: 0.000010 | ms/batch: 46.1
Epoch 10/100 | Batch 4100/21973 | Loss: 1.1814 | BPB: 1.7044 | LR: 0.000010 | ms/batch: 46.1
Epoch 10/100 | Batch 4200/21973 | Loss: 1.1814 | BPB: 1.7043 | LR: 0.000010 | ms/batch: 46.1
Epoch 10/100 | Batch 4300/21973 | Loss: 1.1813 | BPB: 1.7043 | LR: 0.000010 | ms/batch: 46.1
Epoch 10/100 | Batch 4400/21973 | Loss: 1.1813 | BPB: 1.7043 | LR: 0.000010 | ms/batch: 46.1
Epoch 10/100 | Batch 4500/21973 | Loss: 1.1814 | BPB: 1.7043 | LR: 0.000010 | ms/batch: 46.1
Epoch 10/100 | Batch 4600/21973 | Loss: 1.1813 | BPB: 1.7043 | LR: 0.000010 | ms/batch: 46.1
Epoch 10/100 | Batch 4700/21973 | Loss: 1.1813 | BPB: 1.7043 | LR: 0.000010 | ms/batch: 46.1
Epoch 10/100 | Batch 4800/21973 | Loss: 1.1814 | BPB: 1.7044 | LR: 0.000010 | ms/batch: 46.1
Epoch 10/100 | Batch 4900/21973 | Loss: 1.1814 | BPB: 1.7044 | LR: 0.000010 | ms/batch: 46.1
Epoch 10/100 | Batch 5000/21973 | Loss: 1.1814 | BPB: 1.7044 | LR: 0.000010 | ms/batch: 46.1
Epoch 10/100 | Batch 5100/21973 | Loss: 1.1814 | BPB: 1.7044 | LR: 0.000010 | ms/batch: 46.1
Epoch 10/100 | Batch 5200/21973 | Loss: 1.1815 | BPB: 1.7045 | LR: 0.000010 | ms/batch: 46.1
Epoch 10/100 | Batch 5300/21973 | Loss: 1.1814 | BPB: 1.7044 | LR: 0.000010 | ms/batch: 46.1
Epoch 10/100 | Batch 5400/21973 | Loss: 1.1815 | BPB: 1.7045 | LR: 0.000010 | ms/batch: 46.1
Epoch 10/100 | Batch 5500/21973 | Loss: 1.1815 | BPB: 1.7046 | LR: 0.000010 | ms/batch: 46.1
Epoch 10/100 | Batch 5600/21973 | Loss: 1.1814 | BPB: 1.7045 | LR: 0.000010 | ms/batch: 46.1
Epoch 10/100 | Batch 5700/21973 | Loss: 1.1814 | BPB: 1.7044 | LR: 0.000010 | ms/batch: 46.1
Epoch 10/100 | Batch 5800/21973 | Loss: 1.1814 | BPB: 1.7044 | LR: 0.000010 | ms/batch: 46.1
Epoch 10/100 | Batch 5900/21973 | Loss: 1.1814 | BPB: 1.7044 | LR: 0.000010 | ms/batch: 46.1
Epoch 10/100 | Batch 6000/21973 | Loss: 1.1813 | BPB: 1.7043 | LR: 0.000010 | ms/batch: 46.1
Epoch 10/100 | Batch 6100/21973 | Loss: 1.1813 | BPB: 1.7043 | LR: 0.000010 | ms/batch: 46.1
Epoch 10/100 | Batch 6200/21973 | Loss: 1.1813 | BPB: 1.7043 | LR: 0.000010 | ms/batch: 46.1
Epoch 10/100 | Batch 6300/21973 | Loss: 1.1813 | BPB: 1.7042 | LR: 0.000010 | ms/batch: 46.1
Epoch 10/100 | Batch 6400/21973 | Loss: 1.1813 | BPB: 1.7043 | LR: 0.000010 | ms/batch: 46.0
Epoch 10/100 | Batch 6500/21973 | Loss: 1.1813 | BPB: 1.7043 | LR: 0.000010 | ms/batch: 46.0
Epoch 10/100 | Batch 6600/21973 | Loss: 1.1813 | BPB: 1.7043 | LR: 0.000010 | ms/batch: 46.1
Epoch 10/100 | Batch 6700/21973 | Loss: 1.1813 | BPB: 1.7043 | LR: 0.000010 | ms/batch: 46.0
Epoch 10/100 | Batch 6800/21973 | Loss: 1.1813 | BPB: 1.7043 | LR: 0.000010 | ms/batch: 46.0
Epoch 10/100 | Batch 6900/21973 | Loss: 1.1814 | BPB: 1.7043 | LR: 0.000010 | ms/batch: 46.0
Epoch 10/100 | Batch 7000/21973 | Loss: 1.1814 | BPB: 1.7044 | LR: 0.000010 | ms/batch: 46.0
Epoch 10/100 | Batch 7100/21973 | Loss: 1.1813 | BPB: 1.7043 | LR: 0.000010 | ms/batch: 46.0
Epoch 10/100 | Batch 7200/21973 | Loss: 1.1813 | BPB: 1.7043 | LR: 0.000010 | ms/batch: 46.0
Epoch 10/100 | Batch 7300/21973 | Loss: 1.1813 | BPB: 1.7042 | LR: 0.000010 | ms/batch: 46.0
Epoch 10/100 | Batch 7400/21973 | Loss: 1.1813 | BPB: 1.7042 | LR: 0.000010 | ms/batch: 46.0
Epoch 10/100 | Batch 7500/21973 | Loss: 1.1813 | BPB: 1.7042 | LR: 0.000010 | ms/batch: 46.0
Epoch 10/100 | Batch 7600/21973 | Loss: 1.1812 | BPB: 1.7042 | LR: 0.000010 | ms/batch: 46.0
Epoch 10/100 | Batch 7700/21973 | Loss: 1.1813 | BPB: 1.7042 | LR: 0.000010 | ms/batch: 46.0
Epoch 10/100 | Batch 7800/21973 | Loss: 1.1813 | BPB: 1.7042 | LR: 0.000010 | ms/batch: 46.0
Epoch 10/100 | Batch 7900/21973 | Loss: 1.1812 | BPB: 1.7042 | LR: 0.000010 | ms/batch: 46.0
Epoch 10/100 | Batch 8000/21973 | Loss: 1.1813 | BPB: 1.7042 | LR: 0.000010 | ms/batch: 46.0
Epoch 10/100 | Batch 8100/21973 | Loss: 1.1812 | BPB: 1.7041 | LR: 0.000010 | ms/batch: 46.0
Epoch 10/100 | Batch 8200/21973 | Loss: 1.1812 | BPB: 1.7041 | LR: 0.000010 | ms/batch: 46.0
Epoch 10/100 | Batch 8300/21973 | Loss: 1.1813 | BPB: 1.7042 | LR: 0.000010 | ms/batch: 46.0
Epoch 10/100 | Batch 8400/21973 | Loss: 1.1812 | BPB: 1.7042 | LR: 0.000010 | ms/batch: 46.0
Epoch 10/100 | Batch 8500/21973 | Loss: 1.1812 | BPB: 1.7042 | LR: 0.000010 | ms/batch: 46.0
Epoch 10/100 | Batch 8600/21973 | Loss: 1.1812 | BPB: 1.7042 | LR: 0.000010 | ms/batch: 46.0
Epoch 10/100 | Batch 8700/21973 | Loss: 1.1812 | BPB: 1.7042 | LR: 0.000010 | ms/batch: 46.0
Epoch 10/100 | Batch 8800/21973 | Loss: 1.1812 | BPB: 1.7042 | LR: 0.000010 | ms/batch: 46.0
Epoch 10/100 | Batch 8900/21973 | Loss: 1.1813 | BPB: 1.7042 | LR: 0.000010 | ms/batch: 46.0
Epoch 10/100 | Batch 9000/21973 | Loss: 1.1812 | BPB: 1.7041 | LR: 0.000010 | ms/batch: 46.0
Epoch 10/100 | Batch 9100/21973 | Loss: 1.1812 | BPB: 1.7041 | LR: 0.000010 | ms/batch: 46.0
Epoch 10/100 | Batch 9200/21973 | Loss: 1.1812 | BPB: 1.7041 | LR: 0.000010 | ms/batch: 46.0
Epoch 10/100 | Batch 9300/21973 | Loss: 1.1812 | BPB: 1.7041 | LR: 0.000010 | ms/batch: 46.0
Epoch 10/100 | Batch 9400/21973 | Loss: 1.1813 | BPB: 1.7042 | LR: 0.000010 | ms/batch: 46.0
Epoch 10/100 | Batch 9500/21973 | Loss: 1.1813 | BPB: 1.7042 | LR: 0.000010 | ms/batch: 46.0
Epoch 10/100 | Batch 9600/21973 | Loss: 1.1813 | BPB: 1.7042 | LR: 0.000010 | ms/batch: 46.0
Epoch 10/100 | Batch 9700/21973 | Loss: 1.1813 | BPB: 1.7042 | LR: 0.000010 | ms/batch: 46.0
Epoch 10/100 | Batch 9800/21973 | Loss: 1.1813 | BPB: 1.7042 | LR: 0.000010 | ms/batch: 46.0
Epoch 10/100 | Batch 9900/21973 | Loss: 1.1813 | BPB: 1.7043 | LR: 0.000010 | ms/batch: 46.0
Epoch 10/100 | Batch 10000/21973 | Loss: 1.1813 | BPB: 1.7042 | LR: 0.000010 | ms/batch: 46.0
Epoch 10/100 | Batch 10100/21973 | Loss: 1.1813 | BPB: 1.7042 | LR: 0.000010 | ms/batch: 46.0
Epoch 10/100 | Batch 10200/21973 | Loss: 1.1813 | BPB: 1.7042 | LR: 0.000010 | ms/batch: 46.0
Epoch 10/100 | Batch 10300/21973 | Loss: 1.1813 | BPB: 1.7042 | LR: 0.000010 | ms/batch: 46.0
Epoch 10/100 | Batch 10400/21973 | Loss: 1.1813 | BPB: 1.7042 | LR: 0.000010 | ms/batch: 46.0
Epoch 10/100 | Batch 10500/21973 | Loss: 1.1813 | BPB: 1.7043 | LR: 0.000010 | ms/batch: 46.0
Epoch 10/100 | Batch 10600/21973 | Loss: 1.1813 | BPB: 1.7043 | LR: 0.000010 | ms/batch: 46.0
Epoch 10/100 | Batch 10700/21973 | Loss: 1.1813 | BPB: 1.7043 | LR: 0.000010 | ms/batch: 46.0
Epoch 10/100 | Batch 10800/21973 | Loss: 1.1813 | BPB: 1.7042 | LR: 0.000010 | ms/batch: 46.0
Epoch 10/100 | Batch 10900/21973 | Loss: 1.1813 | BPB: 1.7043 | LR: 0.000010 | ms/batch: 46.0
Epoch 10/100 | Batch 11000/21973 | Loss: 1.1813 | BPB: 1.7043 | LR: 0.000010 | ms/batch: 46.0
Epoch 10/100 | Batch 11100/21973 | Loss: 1.1813 | BPB: 1.7043 | LR: 0.000010 | ms/batch: 46.0
Epoch 10/100 | Batch 11200/21973 | Loss: 1.1813 | BPB: 1.7043 | LR: 0.000010 | ms/batch: 46.0
Epoch 10/100 | Batch 11300/21973 | Loss: 1.1813 | BPB: 1.7043 | LR: 0.000010 | ms/batch: 46.0
Epoch 10/100 | Batch 11400/21973 | Loss: 1.1813 | BPB: 1.7042 | LR: 0.000010 | ms/batch: 46.0
Epoch 10/100 | Batch 11500/21973 | Loss: 1.1813 | BPB: 1.7042 | LR: 0.000010 | ms/batch: 46.0
Epoch 10/100 | Batch 11600/21973 | Loss: 1.1813 | BPB: 1.7042 | LR: 0.000010 | ms/batch: 46.0
Epoch 10/100 | Batch 11700/21973 | Loss: 1.1813 | BPB: 1.7042 | LR: 0.000010 | ms/batch: 46.0
Epoch 10/100 | Batch 11800/21973 | Loss: 1.1813 | BPB: 1.7042 | LR: 0.000010 | ms/batch: 46.0
Epoch 10/100 | Batch 11900/21973 | Loss: 1.1813 | BPB: 1.7042 | LR: 0.000010 | ms/batch: 46.0
Epoch 10/100 | Batch 12000/21973 | Loss: 1.1812 | BPB: 1.7042 | LR: 0.000010 | ms/batch: 46.0
Epoch 10/100 | Batch 12100/21973 | Loss: 1.1813 | BPB: 1.7042 | LR: 0.000010 | ms/batch: 46.1
Epoch 10/100 | Batch 12200/21973 | Loss: 1.1813 | BPB: 1.7042 | LR: 0.000010 | ms/batch: 46.1
Epoch 10/100 | Batch 12300/21973 | Loss: 1.1813 | BPB: 1.7042 | LR: 0.000010 | ms/batch: 46.0
Epoch 10/100 | Batch 12400/21973 | Loss: 1.1813 | BPB: 1.7042 | LR: 0.000010 | ms/batch: 46.1
Epoch 10/100 | Batch 12500/21973 | Loss: 1.1813 | BPB: 1.7042 | LR: 0.000010 | ms/batch: 46.0
Epoch 10/100 | Batch 12600/21973 | Loss: 1.1812 | BPB: 1.7042 | LR: 0.000010 | ms/batch: 46.1
Epoch 10/100 | Batch 12700/21973 | Loss: 1.1812 | BPB: 1.7042 | LR: 0.000010 | ms/batch: 46.1
Epoch 10/100 | Batch 12800/21973 | Loss: 1.1812 | BPB: 1.7041 | LR: 0.000010 | ms/batch: 46.1
Epoch 10/100 | Batch 12900/21973 | Loss: 1.1812 | BPB: 1.7041 | LR: 0.000010 | ms/batch: 46.1
Epoch 10/100 | Batch 13000/21973 | Loss: 1.1812 | BPB: 1.7041 | LR: 0.000010 | ms/batch: 46.1
Epoch 10/100 | Batch 13100/21973 | Loss: 1.1812 | BPB: 1.7041 | LR: 0.000010 | ms/batch: 46.1
Epoch 10/100 | Batch 13200/21973 | Loss: 1.1812 | BPB: 1.7041 | LR: 0.000010 | ms/batch: 46.1
Epoch 10/100 | Batch 13300/21973 | Loss: 1.1812 | BPB: 1.7041 | LR: 0.000010 | ms/batch: 46.1
Epoch 10/100 | Batch 13400/21973 | Loss: 1.1812 | BPB: 1.7041 | LR: 0.000010 | ms/batch: 46.1
Epoch 10/100 | Batch 13500/21973 | Loss: 1.1812 | BPB: 1.7041 | LR: 0.000010 | ms/batch: 46.1
Epoch 10/100 | Batch 13600/21973 | Loss: 1.1812 | BPB: 1.7041 | LR: 0.000010 | ms/batch: 46.1
Epoch 10/100 | Batch 13700/21973 | Loss: 1.1812 | BPB: 1.7041 | LR: 0.000010 | ms/batch: 46.1
Epoch 10/100 | Batch 13800/21973 | Loss: 1.1812 | BPB: 1.7041 | LR: 0.000010 | ms/batch: 46.1
Epoch 10/100 | Batch 13900/21973 | Loss: 1.1812 | BPB: 1.7041 | LR: 0.000010 | ms/batch: 46.1
Epoch 10/100 | Batch 14000/21973 | Loss: 1.1812 | BPB: 1.7041 | LR: 0.000010 | ms/batch: 46.1
Epoch 10/100 | Batch 14100/21973 | Loss: 1.1812 | BPB: 1.7041 | LR: 0.000010 | ms/batch: 46.2
Epoch 10/100 | Batch 14200/21973 | Loss: 1.1812 | BPB: 1.7041 | LR: 0.000010 | ms/batch: 46.2
Epoch 10/100 | Batch 14300/21973 | Loss: 1.1812 | BPB: 1.7041 | LR: 0.000010 | ms/batch: 46.2
Epoch 10/100 | Batch 14400/21973 | Loss: 1.1812 | BPB: 1.7041 | LR: 0.000010 | ms/batch: 46.2
Epoch 10/100 | Batch 14500/21973 | Loss: 1.1812 | BPB: 1.7041 | LR: 0.000010 | ms/batch: 46.2
Epoch 10/100 | Batch 14600/21973 | Loss: 1.1812 | BPB: 1.7040 | LR: 0.000010 | ms/batch: 46.2
Epoch 10/100 | Batch 14700/21973 | Loss: 1.1812 | BPB: 1.7041 | LR: 0.000010 | ms/batch: 46.2
Epoch 10/100 | Batch 14800/21973 | Loss: 1.1812 | BPB: 1.7041 | LR: 0.000010 | ms/batch: 46.2
Epoch 10/100 | Batch 14900/21973 | Loss: 1.1812 | BPB: 1.7041 | LR: 0.000010 | ms/batch: 46.2
Epoch 10/100 | Batch 15000/21973 | Loss: 1.1811 | BPB: 1.7040 | LR: 0.000010 | ms/batch: 46.2
Epoch 10/100 | Batch 15100/21973 | Loss: 1.1812 | BPB: 1.7040 | LR: 0.000010 | ms/batch: 46.2
Epoch 10/100 | Batch 15200/21973 | Loss: 1.1811 | BPB: 1.7040 | LR: 0.000010 | ms/batch: 46.2
Epoch 10/100 | Batch 15300/21973 | Loss: 1.1811 | BPB: 1.7040 | LR: 0.000010 | ms/batch: 46.2
Epoch 10/100 | Batch 15400/21973 | Loss: 1.1811 | BPB: 1.7040 | LR: 0.000010 | ms/batch: 46.2
Epoch 10/100 | Batch 15500/21973 | Loss: 1.1811 | BPB: 1.7040 | LR: 0.000010 | ms/batch: 46.2
Epoch 10/100 | Batch 15600/21973 | Loss: 1.1811 | BPB: 1.7040 | LR: 0.000010 | ms/batch: 46.2
Epoch 10/100 | Batch 15700/21973 | Loss: 1.1811 | BPB: 1.7040 | LR: 0.000010 | ms/batch: 46.2
Epoch 10/100 | Batch 15800/21973 | Loss: 1.1811 | BPB: 1.7040 | LR: 0.000010 | ms/batch: 46.2
Epoch 10/100 | Batch 15900/21973 | Loss: 1.1811 | BPB: 1.7040 | LR: 0.000010 | ms/batch: 46.2
Epoch 10/100 | Batch 16000/21973 | Loss: 1.1811 | BPB: 1.7040 | LR: 0.000010 | ms/batch: 46.2
Epoch 10/100 | Batch 16100/21973 | Loss: 1.1811 | BPB: 1.7040 | LR: 0.000010 | ms/batch: 46.2
Epoch 10/100 | Batch 16200/21973 | Loss: 1.1811 | BPB: 1.7040 | LR: 0.000010 | ms/batch: 46.2
Epoch 10/100 | Batch 16300/21973 | Loss: 1.1811 | BPB: 1.7040 | LR: 0.000010 | ms/batch: 46.2
Epoch 10/100 | Batch 16400/21973 | Loss: 1.1811 | BPB: 1.7040 | LR: 0.000010 | ms/batch: 46.2
Epoch 10/100 | Batch 16500/21973 | Loss: 1.1811 | BPB: 1.7040 | LR: 0.000010 | ms/batch: 46.2
Epoch 10/100 | Batch 16600/21973 | Loss: 1.1811 | BPB: 1.7040 | LR: 0.000010 | ms/batch: 46.2
Epoch 10/100 | Batch 16700/21973 | Loss: 1.1811 | BPB: 1.7040 | LR: 0.000010 | ms/batch: 46.2
Epoch 10/100 | Batch 16800/21973 | Loss: 1.1811 | BPB: 1.7040 | LR: 0.000010 | ms/batch: 46.2
Epoch 10/100 | Batch 16900/21973 | Loss: 1.1811 | BPB: 1.7040 | LR: 0.000010 | ms/batch: 46.2
Epoch 10/100 | Batch 17000/21973 | Loss: 1.1811 | BPB: 1.7040 | LR: 0.000010 | ms/batch: 46.2
Epoch 10/100 | Batch 17100/21973 | Loss: 1.1811 | BPB: 1.7040 | LR: 0.000010 | ms/batch: 46.2
Epoch 10/100 | Batch 17200/21973 | Loss: 1.1811 | BPB: 1.7039 | LR: 0.000010 | ms/batch: 46.2
Epoch 10/100 | Batch 17300/21973 | Loss: 1.1811 | BPB: 1.7040 | LR: 0.000010 | ms/batch: 46.2
Epoch 10/100 | Batch 17400/21973 | Loss: 1.1811 | BPB: 1.7039 | LR: 0.000010 | ms/batch: 46.2
Epoch 10/100 | Batch 17500/21973 | Loss: 1.1811 | BPB: 1.7039 | LR: 0.000010 | ms/batch: 46.2
Epoch 10/100 | Batch 17600/21973 | Loss: 1.1811 | BPB: 1.7039 | LR: 0.000010 | ms/batch: 46.2
Epoch 10/100 | Batch 17700/21973 | Loss: 1.1811 | BPB: 1.7039 | LR: 0.000010 | ms/batch: 46.2
Epoch 10/100 | Batch 17800/21973 | Loss: 1.1811 | BPB: 1.7039 | LR: 0.000010 | ms/batch: 46.2
Epoch 10/100 | Batch 17900/21973 | Loss: 1.1811 | BPB: 1.7039 | LR: 0.000010 | ms/batch: 46.2
Epoch 10/100 | Batch 18000/21973 | Loss: 1.1811 | BPB: 1.7039 | LR: 0.000010 | ms/batch: 46.2
Epoch 10/100 | Batch 18100/21973 | Loss: 1.1811 | BPB: 1.7039 | LR: 0.000010 | ms/batch: 46.2
Epoch 10/100 | Batch 18200/21973 | Loss: 1.1811 | BPB: 1.7039 | LR: 0.000010 | ms/batch: 46.2
Epoch 10/100 | Batch 18300/21973 | Loss: 1.1810 | BPB: 1.7039 | LR: 0.000010 | ms/batch: 46.2
Epoch 10/100 | Batch 18400/21973 | Loss: 1.1810 | BPB: 1.7039 | LR: 0.000010 | ms/batch: 46.2
Epoch 10/100 | Batch 18500/21973 | Loss: 1.1810 | BPB: 1.7039 | LR: 0.000010 | ms/batch: 46.2
Epoch 10/100 | Batch 18600/21973 | Loss: 1.1810 | BPB: 1.7038 | LR: 0.000010 | ms/batch: 46.2
Epoch 10/100 | Batch 18700/21973 | Loss: 1.1810 | BPB: 1.7039 | LR: 0.000010 | ms/batch: 46.2
Epoch 10/100 | Batch 18800/21973 | Loss: 1.1810 | BPB: 1.7039 | LR: 0.000010 | ms/batch: 46.2
Epoch 10/100 | Batch 18900/21973 | Loss: 1.1811 | BPB: 1.7039 | LR: 0.000010 | ms/batch: 46.2
Epoch 10/100 | Batch 19000/21973 | Loss: 1.1811 | BPB: 1.7039 | LR: 0.000010 | ms/batch: 46.2
Epoch 10/100 | Batch 19100/21973 | Loss: 1.1811 | BPB: 1.7039 | LR: 0.000010 | ms/batch: 46.2
Epoch 10/100 | Batch 19200/21973 | Loss: 1.1811 | BPB: 1.7039 | LR: 0.000010 | ms/batch: 46.2
Epoch 10/100 | Batch 19300/21973 | Loss: 1.1811 | BPB: 1.7039 | LR: 0.000010 | ms/batch: 46.2
Epoch 10/100 | Batch 19400/21973 | Loss: 1.1811 | BPB: 1.7039 | LR: 0.000010 | ms/batch: 46.2
Epoch 10/100 | Batch 19500/21973 | Loss: 1.1810 | BPB: 1.7039 | LR: 0.000010 | ms/batch: 46.2
Epoch 10/100 | Batch 19600/21973 | Loss: 1.1810 | BPB: 1.7039 | LR: 0.000010 | ms/batch: 46.2
Epoch 10/100 | Batch 19700/21973 | Loss: 1.1811 | BPB: 1.7039 | LR: 0.000010 | ms/batch: 46.2
Epoch 10/100 | Batch 19800/21973 | Loss: 1.1810 | BPB: 1.7039 | LR: 0.000010 | ms/batch: 46.2
Epoch 10/100 | Batch 19900/21973 | Loss: 1.1810 | BPB: 1.7039 | LR: 0.000010 | ms/batch: 46.2
Epoch 10/100 | Batch 20000/21973 | Loss: 1.1811 | BPB: 1.7039 | LR: 0.000010 | ms/batch: 46.2
Epoch 10/100 | Batch 20100/21973 | Loss: 1.1811 | BPB: 1.7039 | LR: 0.000010 | ms/batch: 46.2
Epoch 10/100 | Batch 20200/21973 | Loss: 1.1811 | BPB: 1.7039 | LR: 0.000010 | ms/batch: 46.2
Epoch 10/100 | Batch 20300/21973 | Loss: 1.1811 | BPB: 1.7039 | LR: 0.000010 | ms/batch: 46.2
Epoch 10/100 | Batch 20400/21973 | Loss: 1.1810 | BPB: 1.7039 | LR: 0.000010 | ms/batch: 46.2
Epoch 10/100 | Batch 20500/21973 | Loss: 1.1810 | BPB: 1.7039 | LR: 0.000010 | ms/batch: 46.2
Epoch 10/100 | Batch 20600/21973 | Loss: 1.1810 | BPB: 1.7039 | LR: 0.000010 | ms/batch: 46.2
Epoch 10/100 | Batch 20700/21973 | Loss: 1.1810 | BPB: 1.7038 | LR: 0.000010 | ms/batch: 46.2
Epoch 10/100 | Batch 20800/21973 | Loss: 1.1810 | BPB: 1.7038 | LR: 0.000010 | ms/batch: 46.2
Epoch 10/100 | Batch 20900/21973 | Loss: 1.1810 | BPB: 1.7038 | LR: 0.000010 | ms/batch: 46.2
Epoch 10/100 | Batch 21000/21973 | Loss: 1.1810 | BPB: 1.7038 | LR: 0.000010 | ms/batch: 46.2
Epoch 10/100 | Batch 21100/21973 | Loss: 1.1810 | BPB: 1.7038 | LR: 0.000010 | ms/batch: 46.2
Epoch 10/100 | Batch 21200/21973 | Loss: 1.1810 | BPB: 1.7038 | LR: 0.000010 | ms/batch: 46.2
Epoch 10/100 | Batch 21300/21973 | Loss: 1.1810 | BPB: 1.7038 | LR: 0.000010 | ms/batch: 46.2
Epoch 10/100 | Batch 21400/21973 | Loss: 1.1810 | BPB: 1.7038 | LR: 0.000010 | ms/batch: 46.2
Epoch 10/100 | Batch 21500/21973 | Loss: 1.1810 | BPB: 1.7038 | LR: 0.000010 | ms/batch: 46.2
Epoch 10/100 | Batch 21600/21973 | Loss: 1.1810 | BPB: 1.7038 | LR: 0.000010 | ms/batch: 46.2
Epoch 10/100 | Batch 21700/21973 | Loss: 1.1810 | BPB: 1.7038 | LR: 0.000010 | ms/batch: 46.2
Epoch 10/100 | Batch 21800/21973 | Loss: 1.1810 | BPB: 1.7038 | LR: 0.000010 | ms/batch: 46.2
Epoch 10/100 | Batch 21900/21973 | Loss: 1.1810 | BPB: 1.7038 | LR: 0.000010 | ms/batch: 46.2

Epoch 10/100 Summary:
Training Loss: 1.1810 (BPB: 1.7038)
Validation Loss: 0.8788 (BPB: 1.2679)
Best Validation Loss: 0.8788
Learning Rate: 0.000010
Epoch 11/100 | Batch 0/21973 | Loss: 1.1540 | BPB: 1.6648 | LR: 0.000010 | ms/batch: 122.1
Epoch 11/100 | Batch 100/21973 | Loss: 1.1790 | BPB: 1.7010 | LR: 0.000010 | ms/batch: 47.2
Epoch 11/100 | Batch 200/21973 | Loss: 1.1808 | BPB: 1.7035 | LR: 0.000010 | ms/batch: 46.5
Epoch 11/100 | Batch 300/21973 | Loss: 1.1802 | BPB: 1.7027 | LR: 0.000010 | ms/batch: 46.3
Epoch 11/100 | Batch 400/21973 | Loss: 1.1815 | BPB: 1.7045 | LR: 0.000010 | ms/batch: 46.2
Epoch 11/100 | Batch 500/21973 | Loss: 1.1813 | BPB: 1.7043 | LR: 0.000010 | ms/batch: 46.1
Epoch 11/100 | Batch 600/21973 | Loss: 1.1815 | BPB: 1.7045 | LR: 0.000010 | ms/batch: 46.2
Epoch 11/100 | Batch 700/21973 | Loss: 1.1815 | BPB: 1.7045 | LR: 0.000010 | ms/batch: 46.1
Epoch 11/100 | Batch 800/21973 | Loss: 1.1814 | BPB: 1.7045 | LR: 0.000010 | ms/batch: 46.1
Epoch 11/100 | Batch 900/21973 | Loss: 1.1810 | BPB: 1.7038 | LR: 0.000010 | ms/batch: 46.1
Epoch 11/100 | Batch 1000/21973 | Loss: 1.1813 | BPB: 1.7042 | LR: 0.000010 | ms/batch: 46.1
Epoch 11/100 | Batch 1100/21973 | Loss: 1.1811 | BPB: 1.7040 | LR: 0.000010 | ms/batch: 46.1
Epoch 11/100 | Batch 1200/21973 | Loss: 1.1810 | BPB: 1.7038 | LR: 0.000010 | ms/batch: 46.1
Epoch 11/100 | Batch 1300/21973 | Loss: 1.1808 | BPB: 1.7035 | LR: 0.000010 | ms/batch: 46.1
Epoch 11/100 | Batch 1400/21973 | Loss: 1.1807 | BPB: 1.7034 | LR: 0.000010 | ms/batch: 46.1
Epoch 11/100 | Batch 1500/21973 | Loss: 1.1808 | BPB: 1.7035 | LR: 0.000010 | ms/batch: 46.1
Epoch 11/100 | Batch 1600/21973 | Loss: 1.1807 | BPB: 1.7034 | LR: 0.000010 | ms/batch: 46.1
Epoch 11/100 | Batch 1700/21973 | Loss: 1.1806 | BPB: 1.7033 | LR: 0.000010 | ms/batch: 46.1
Epoch 11/100 | Batch 1800/21973 | Loss: 1.1806 | BPB: 1.7033 | LR: 0.000010 | ms/batch: 46.1
Epoch 11/100 | Batch 1900/21973 | Loss: 1.1807 | BPB: 1.7034 | LR: 0.000010 | ms/batch: 46.1
Epoch 11/100 | Batch 2000/21973 | Loss: 1.1808 | BPB: 1.7035 | LR: 0.000010 | ms/batch: 46.1
Epoch 11/100 | Batch 2100/21973 | Loss: 1.1807 | BPB: 1.7034 | LR: 0.000010 | ms/batch: 46.1
Epoch 11/100 | Batch 2200/21973 | Loss: 1.1808 | BPB: 1.7035 | LR: 0.000010 | ms/batch: 46.1
Epoch 11/100 | Batch 2300/21973 | Loss: 1.1808 | BPB: 1.7035 | LR: 0.000010 | ms/batch: 46.1
Epoch 11/100 | Batch 2400/21973 | Loss: 1.1808 | BPB: 1.7036 | LR: 0.000010 | ms/batch: 46.1
Epoch 11/100 | Batch 2500/21973 | Loss: 1.1807 | BPB: 1.7034 | LR: 0.000010 | ms/batch: 46.1
Epoch 11/100 | Batch 2600/21973 | Loss: 1.1806 | BPB: 1.7033 | LR: 0.000010 | ms/batch: 46.1
Epoch 11/100 | Batch 2700/21973 | Loss: 1.1806 | BPB: 1.7032 | LR: 0.000010 | ms/batch: 46.1
Epoch 11/100 | Batch 2800/21973 | Loss: 1.1807 | BPB: 1.7034 | LR: 0.000010 | ms/batch: 46.1
Epoch 11/100 | Batch 2900/21973 | Loss: 1.1808 | BPB: 1.7035 | LR: 0.000010 | ms/batch: 46.1
Epoch 11/100 | Batch 3000/21973 | Loss: 1.1807 | BPB: 1.7035 | LR: 0.000010 | ms/batch: 46.1
Epoch 11/100 | Batch 3100/21973 | Loss: 1.1808 | BPB: 1.7036 | LR: 0.000010 | ms/batch: 46.1
Epoch 11/100 | Batch 3200/21973 | Loss: 1.1809 | BPB: 1.7037 | LR: 0.000010 | ms/batch: 46.1
Epoch 11/100 | Batch 3300/21973 | Loss: 1.1809 | BPB: 1.7037 | LR: 0.000010 | ms/batch: 46.1
Epoch 11/100 | Batch 3400/21973 | Loss: 1.1809 | BPB: 1.7037 | LR: 0.000010 | ms/batch: 46.1
Epoch 11/100 | Batch 3500/21973 | Loss: 1.1809 | BPB: 1.7036 | LR: 0.000010 | ms/batch: 46.1
Epoch 11/100 | Batch 3600/21973 | Loss: 1.1808 | BPB: 1.7035 | LR: 0.000010 | ms/batch: 46.1
Epoch 11/100 | Batch 3700/21973 | Loss: 1.1807 | BPB: 1.7035 | LR: 0.000010 | ms/batch: 46.1
Epoch 11/100 | Batch 3800/21973 | Loss: 1.1808 | BPB: 1.7035 | LR: 0.000010 | ms/batch: 46.1
Epoch 11/100 | Batch 3900/21973 | Loss: 1.1807 | BPB: 1.7035 | LR: 0.000010 | ms/batch: 46.1
Epoch 11/100 | Batch 4000/21973 | Loss: 1.1807 | BPB: 1.7034 | LR: 0.000010 | ms/batch: 46.1
Epoch 11/100 | Batch 4100/21973 | Loss: 1.1807 | BPB: 1.7034 | LR: 0.000010 | ms/batch: 46.1
Epoch 11/100 | Batch 4200/21973 | Loss: 1.1807 | BPB: 1.7034 | LR: 0.000010 | ms/batch: 46.1
Epoch 11/100 | Batch 4300/21973 | Loss: 1.1807 | BPB: 1.7033 | LR: 0.000010 | ms/batch: 46.1
Epoch 11/100 | Batch 4400/21973 | Loss: 1.1807 | BPB: 1.7033 | LR: 0.000010 | ms/batch: 46.1
Epoch 11/100 | Batch 4500/21973 | Loss: 1.1807 | BPB: 1.7034 | LR: 0.000010 | ms/batch: 46.0
Epoch 11/100 | Batch 4600/21973 | Loss: 1.1807 | BPB: 1.7033 | LR: 0.000010 | ms/batch: 46.1
Epoch 11/100 | Batch 4700/21973 | Loss: 1.1806 | BPB: 1.7032 | LR: 0.000010 | ms/batch: 46.1
Epoch 11/100 | Batch 4800/21973 | Loss: 1.1806 | BPB: 1.7032 | LR: 0.000010 | ms/batch: 46.1
Epoch 11/100 | Batch 4900/21973 | Loss: 1.1806 | BPB: 1.7032 | LR: 0.000010 | ms/batch: 46.0
Epoch 11/100 | Batch 5000/21973 | Loss: 1.1806 | BPB: 1.7032 | LR: 0.000010 | ms/batch: 46.0
Epoch 11/100 | Batch 5100/21973 | Loss: 1.1805 | BPB: 1.7031 | LR: 0.000010 | ms/batch: 46.1
Epoch 11/100 | Batch 5200/21973 | Loss: 1.1805 | BPB: 1.7032 | LR: 0.000010 | ms/batch: 46.1
Epoch 11/100 | Batch 5300/21973 | Loss: 1.1805 | BPB: 1.7031 | LR: 0.000010 | ms/batch: 46.0
Epoch 11/100 | Batch 5400/21973 | Loss: 1.1805 | BPB: 1.7031 | LR: 0.000010 | ms/batch: 46.0
Epoch 11/100 | Batch 5500/21973 | Loss: 1.1804 | BPB: 1.7030 | LR: 0.000010 | ms/batch: 46.0
Epoch 11/100 | Batch 5600/21973 | Loss: 1.1804 | BPB: 1.7030 | LR: 0.000010 | ms/batch: 46.1
Epoch 11/100 | Batch 5700/21973 | Loss: 1.1805 | BPB: 1.7030 | LR: 0.000010 | ms/batch: 46.0
Epoch 11/100 | Batch 5800/21973 | Loss: 1.1805 | BPB: 1.7031 | LR: 0.000010 | ms/batch: 46.0
Epoch 11/100 | Batch 5900/21973 | Loss: 1.1805 | BPB: 1.7031 | LR: 0.000010 | ms/batch: 46.0
Epoch 11/100 | Batch 6000/21973 | Loss: 1.1805 | BPB: 1.7031 | LR: 0.000010 | ms/batch: 46.0
Epoch 11/100 | Batch 6100/21973 | Loss: 1.1805 | BPB: 1.7031 | LR: 0.000010 | ms/batch: 46.0
Epoch 11/100 | Batch 6200/21973 | Loss: 1.1805 | BPB: 1.7032 | LR: 0.000010 | ms/batch: 46.0
Epoch 11/100 | Batch 6300/21973 | Loss: 1.1805 | BPB: 1.7031 | LR: 0.000010 | ms/batch: 46.0
Epoch 11/100 | Batch 6400/21973 | Loss: 1.1805 | BPB: 1.7031 | LR: 0.000010 | ms/batch: 46.0
Epoch 11/100 | Batch 6500/21973 | Loss: 1.1805 | BPB: 1.7031 | LR: 0.000010 | ms/batch: 46.0
Epoch 11/100 | Batch 6600/21973 | Loss: 1.1805 | BPB: 1.7031 | LR: 0.000010 | ms/batch: 46.0
Epoch 11/100 | Batch 6700/21973 | Loss: 1.1805 | BPB: 1.7030 | LR: 0.000010 | ms/batch: 46.0
Epoch 11/100 | Batch 6800/21973 | Loss: 1.1804 | BPB: 1.7030 | LR: 0.000010 | ms/batch: 46.0
Epoch 11/100 | Batch 6900/21973 | Loss: 1.1804 | BPB: 1.7030 | LR: 0.000010 | ms/batch: 46.0
Epoch 11/100 | Batch 7000/21973 | Loss: 1.1805 | BPB: 1.7031 | LR: 0.000010 | ms/batch: 46.0
Epoch 11/100 | Batch 7100/21973 | Loss: 1.1805 | BPB: 1.7031 | LR: 0.000010 | ms/batch: 46.0
Epoch 11/100 | Batch 7200/21973 | Loss: 1.1805 | BPB: 1.7031 | LR: 0.000010 | ms/batch: 46.0
Epoch 11/100 | Batch 7300/21973 | Loss: 1.1805 | BPB: 1.7030 | LR: 0.000010 | ms/batch: 46.0
Epoch 11/100 | Batch 7400/21973 | Loss: 1.1805 | BPB: 1.7031 | LR: 0.000010 | ms/batch: 46.0
Epoch 11/100 | Batch 7500/21973 | Loss: 1.1805 | BPB: 1.7031 | LR: 0.000010 | ms/batch: 46.0
Epoch 11/100 | Batch 7600/21973 | Loss: 1.1805 | BPB: 1.7031 | LR: 0.000010 | ms/batch: 46.0
Epoch 11/100 | Batch 7700/21973 | Loss: 1.1805 | BPB: 1.7031 | LR: 0.000010 | ms/batch: 46.0
Epoch 11/100 | Batch 7800/21973 | Loss: 1.1805 | BPB: 1.7031 | LR: 0.000010 | ms/batch: 46.0
Epoch 11/100 | Batch 7900/21973 | Loss: 1.1805 | BPB: 1.7031 | LR: 0.000010 | ms/batch: 46.0
Epoch 11/100 | Batch 8000/21973 | Loss: 1.1805 | BPB: 1.7031 | LR: 0.000010 | ms/batch: 46.0
Epoch 11/100 | Batch 8100/21973 | Loss: 1.1805 | BPB: 1.7031 | LR: 0.000010 | ms/batch: 46.0
Epoch 11/100 | Batch 8200/21973 | Loss: 1.1805 | BPB: 1.7031 | LR: 0.000010 | ms/batch: 46.0
Epoch 11/100 | Batch 8300/21973 | Loss: 1.1805 | BPB: 1.7031 | LR: 0.000010 | ms/batch: 46.0
Epoch 11/100 | Batch 8400/21973 | Loss: 1.1805 | BPB: 1.7031 | LR: 0.000010 | ms/batch: 46.0
Epoch 11/100 | Batch 8500/21973 | Loss: 1.1805 | BPB: 1.7031 | LR: 0.000010 | ms/batch: 46.0
Epoch 11/100 | Batch 8600/21973 | Loss: 1.1805 | BPB: 1.7031 | LR: 0.000010 | ms/batch: 46.0
Epoch 11/100 | Batch 8700/21973 | Loss: 1.1806 | BPB: 1.7032 | LR: 0.000010 | ms/batch: 46.0
Epoch 11/100 | Batch 8800/21973 | Loss: 1.1806 | BPB: 1.7032 | LR: 0.000010 | ms/batch: 46.0
Epoch 11/100 | Batch 8900/21973 | Loss: 1.1806 | BPB: 1.7032 | LR: 0.000010 | ms/batch: 46.0
Epoch 11/100 | Batch 9000/21973 | Loss: 1.1806 | BPB: 1.7033 | LR: 0.000010 | ms/batch: 46.0
Epoch 11/100 | Batch 9100/21973 | Loss: 1.1806 | BPB: 1.7033 | LR: 0.000010 | ms/batch: 46.0
Epoch 11/100 | Batch 9200/21973 | Loss: 1.1806 | BPB: 1.7033 | LR: 0.000010 | ms/batch: 46.0
Epoch 11/100 | Batch 9300/21973 | Loss: 1.1806 | BPB: 1.7033 | LR: 0.000010 | ms/batch: 46.0
Epoch 11/100 | Batch 9400/21973 | Loss: 1.1806 | BPB: 1.7033 | LR: 0.000010 | ms/batch: 46.0
Epoch 11/100 | Batch 9500/21973 | Loss: 1.1806 | BPB: 1.7033 | LR: 0.000010 | ms/batch: 46.0
Epoch 11/100 | Batch 9600/21973 | Loss: 1.1806 | BPB: 1.7033 | LR: 0.000010 | ms/batch: 46.0
Epoch 11/100 | Batch 9700/21973 | Loss: 1.1806 | BPB: 1.7033 | LR: 0.000010 | ms/batch: 46.0
Epoch 11/100 | Batch 9800/21973 | Loss: 1.1806 | BPB: 1.7033 | LR: 0.000010 | ms/batch: 46.0
Epoch 11/100 | Batch 9900/21973 | Loss: 1.1807 | BPB: 1.7034 | LR: 0.000010 | ms/batch: 46.0
Epoch 11/100 | Batch 10000/21973 | Loss: 1.1807 | BPB: 1.7034 | LR: 0.000010 | ms/batch: 46.0
Epoch 11/100 | Batch 10100/21973 | Loss: 1.1807 | BPB: 1.7033 | LR: 0.000010 | ms/batch: 46.0
Epoch 11/100 | Batch 10200/21973 | Loss: 1.1807 | BPB: 1.7034 | LR: 0.000010 | ms/batch: 46.0
Epoch 11/100 | Batch 10300/21973 | Loss: 1.1807 | BPB: 1.7034 | LR: 0.000010 | ms/batch: 46.0
Epoch 11/100 | Batch 10400/21973 | Loss: 1.1807 | BPB: 1.7034 | LR: 0.000010 | ms/batch: 46.0
Epoch 11/100 | Batch 10500/21973 | Loss: 1.1807 | BPB: 1.7034 | LR: 0.000010 | ms/batch: 46.0
Epoch 11/100 | Batch 10600/21973 | Loss: 1.1807 | BPB: 1.7034 | LR: 0.000010 | ms/batch: 46.0
Epoch 11/100 | Batch 10700/21973 | Loss: 1.1807 | BPB: 1.7034 | LR: 0.000010 | ms/batch: 46.0
Epoch 11/100 | Batch 10800/21973 | Loss: 1.1807 | BPB: 1.7034 | LR: 0.000010 | ms/batch: 46.0
Epoch 11/100 | Batch 10900/21973 | Loss: 1.1807 | BPB: 1.7034 | LR: 0.000010 | ms/batch: 46.0
Epoch 11/100 | Batch 11000/21973 | Loss: 1.1807 | BPB: 1.7034 | LR: 0.000010 | ms/batch: 46.0
Epoch 11/100 | Batch 11100/21973 | Loss: 1.1807 | BPB: 1.7033 | LR: 0.000010 | ms/batch: 46.0
Epoch 11/100 | Batch 11200/21973 | Loss: 1.1807 | BPB: 1.7033 | LR: 0.000010 | ms/batch: 46.0
Epoch 11/100 | Batch 11300/21973 | Loss: 1.1807 | BPB: 1.7033 | LR: 0.000010 | ms/batch: 46.0
Epoch 11/100 | Batch 11400/21973 | Loss: 1.1807 | BPB: 1.7033 | LR: 0.000010 | ms/batch: 46.0
Epoch 11/100 | Batch 11500/21973 | Loss: 1.1807 | BPB: 1.7033 | LR: 0.000010 | ms/batch: 46.0
Epoch 11/100 | Batch 11600/21973 | Loss: 1.1807 | BPB: 1.7033 | LR: 0.000010 | ms/batch: 46.0
Epoch 11/100 | Batch 11700/21973 | Loss: 1.1806 | BPB: 1.7033 | LR: 0.000010 | ms/batch: 46.0
Epoch 11/100 | Batch 11800/21973 | Loss: 1.1806 | BPB: 1.7033 | LR: 0.000010 | ms/batch: 46.0
Epoch 11/100 | Batch 11900/21973 | Loss: 1.1806 | BPB: 1.7033 | LR: 0.000010 | ms/batch: 46.0
Epoch 11/100 | Batch 12000/21973 | Loss: 1.1806 | BPB: 1.7032 | LR: 0.000010 | ms/batch: 46.0
Epoch 11/100 | Batch 12100/21973 | Loss: 1.1806 | BPB: 1.7032 | LR: 0.000010 | ms/batch: 46.0
Epoch 11/100 | Batch 12200/21973 | Loss: 1.1806 | BPB: 1.7033 | LR: 0.000010 | ms/batch: 46.0
Epoch 11/100 | Batch 12300/21973 | Loss: 1.1806 | BPB: 1.7033 | LR: 0.000010 | ms/batch: 46.0
Epoch 11/100 | Batch 12400/21973 | Loss: 1.1806 | BPB: 1.7033 | LR: 0.000010 | ms/batch: 46.0
Epoch 11/100 | Batch 12500/21973 | Loss: 1.1806 | BPB: 1.7032 | LR: 0.000010 | ms/batch: 46.0
Epoch 11/100 | Batch 12600/21973 | Loss: 1.1806 | BPB: 1.7032 | LR: 0.000010 | ms/batch: 46.0
Epoch 11/100 | Batch 12700/21973 | Loss: 1.1806 | BPB: 1.7032 | LR: 0.000010 | ms/batch: 46.0
Epoch 11/100 | Batch 12800/21973 | Loss: 1.1806 | BPB: 1.7033 | LR: 0.000010 | ms/batch: 46.0
Epoch 11/100 | Batch 12900/21973 | Loss: 1.1806 | BPB: 1.7033 | LR: 0.000010 | ms/batch: 46.0
Epoch 11/100 | Batch 13000/21973 | Loss: 1.1806 | BPB: 1.7033 | LR: 0.000010 | ms/batch: 46.0
Epoch 11/100 | Batch 13100/21973 | Loss: 1.1806 | BPB: 1.7033 | LR: 0.000010 | ms/batch: 46.0
Epoch 11/100 | Batch 13200/21973 | Loss: 1.1806 | BPB: 1.7033 | LR: 0.000010 | ms/batch: 46.0
Epoch 11/100 | Batch 13300/21973 | Loss: 1.1806 | BPB: 1.7033 | LR: 0.000010 | ms/batch: 46.0
Epoch 11/100 | Batch 13400/21973 | Loss: 1.1806 | BPB: 1.7033 | LR: 0.000010 | ms/batch: 46.0
Epoch 11/100 | Batch 13500/21973 | Loss: 1.1806 | BPB: 1.7033 | LR: 0.000010 | ms/batch: 46.0
Epoch 11/100 | Batch 13600/21973 | Loss: 1.1806 | BPB: 1.7033 | LR: 0.000010 | ms/batch: 46.0
Epoch 11/100 | Batch 13700/21973 | Loss: 1.1806 | BPB: 1.7033 | LR: 0.000010 | ms/batch: 46.0
Epoch 11/100 | Batch 13800/21973 | Loss: 1.1806 | BPB: 1.7033 | LR: 0.000010 | ms/batch: 46.0
Epoch 11/100 | Batch 13900/21973 | Loss: 1.1806 | BPB: 1.7033 | LR: 0.000010 | ms/batch: 46.0
Epoch 11/100 | Batch 14000/21973 | Loss: 1.1806 | BPB: 1.7033 | LR: 0.000010 | ms/batch: 46.0
Epoch 11/100 | Batch 14100/21973 | Loss: 1.1806 | BPB: 1.7033 | LR: 0.000010 | ms/batch: 46.0
Epoch 11/100 | Batch 14200/21973 | Loss: 1.1806 | BPB: 1.7033 | LR: 0.000010 | ms/batch: 46.0
Epoch 11/100 | Batch 14300/21973 | Loss: 1.1806 | BPB: 1.7033 | LR: 0.000010 | ms/batch: 46.0
Epoch 11/100 | Batch 14400/21973 | Loss: 1.1806 | BPB: 1.7032 | LR: 0.000010 | ms/batch: 46.0
Epoch 11/100 | Batch 14500/21973 | Loss: 1.1806 | BPB: 1.7032 | LR: 0.000010 | ms/batch: 46.0
Epoch 11/100 | Batch 14600/21973 | Loss: 1.1806 | BPB: 1.7032 | LR: 0.000010 | ms/batch: 46.0
Epoch 11/100 | Batch 14700/21973 | Loss: 1.1806 | BPB: 1.7033 | LR: 0.000010 | ms/batch: 46.0
Epoch 11/100 | Batch 14800/21973 | Loss: 1.1806 | BPB: 1.7033 | LR: 0.000010 | ms/batch: 46.0
Epoch 11/100 | Batch 14900/21973 | Loss: 1.1806 | BPB: 1.7032 | LR: 0.000010 | ms/batch: 46.0
Epoch 11/100 | Batch 15000/21973 | Loss: 1.1806 | BPB: 1.7033 | LR: 0.000010 | ms/batch: 46.1
Epoch 11/100 | Batch 15100/21973 | Loss: 1.1806 | BPB: 1.7032 | LR: 0.000010 | ms/batch: 46.1
Epoch 11/100 | Batch 15200/21973 | Loss: 1.1806 | BPB: 1.7033 | LR: 0.000010 | ms/batch: 46.1
Epoch 11/100 | Batch 15300/21973 | Loss: 1.1806 | BPB: 1.7032 | LR: 0.000010 | ms/batch: 46.1
Epoch 11/100 | Batch 15400/21973 | Loss: 1.1806 | BPB: 1.7032 | LR: 0.000010 | ms/batch: 46.1
Epoch 11/100 | Batch 15500/21973 | Loss: 1.1806 | BPB: 1.7032 | LR: 0.000010 | ms/batch: 46.1
Epoch 11/100 | Batch 15600/21973 | Loss: 1.1806 | BPB: 1.7032 | LR: 0.000010 | ms/batch: 46.1
Epoch 11/100 | Batch 15700/21973 | Loss: 1.1806 | BPB: 1.7032 | LR: 0.000010 | ms/batch: 46.1
Epoch 11/100 | Batch 15800/21973 | Loss: 1.1806 | BPB: 1.7032 | LR: 0.000010 | ms/batch: 46.1
Epoch 11/100 | Batch 15900/21973 | Loss: 1.1806 | BPB: 1.7032 | LR: 0.000010 | ms/batch: 46.1
Epoch 11/100 | Batch 16000/21973 | Loss: 1.1806 | BPB: 1.7032 | LR: 0.000010 | ms/batch: 46.1
Epoch 11/100 | Batch 16100/21973 | Loss: 1.1806 | BPB: 1.7032 | LR: 0.000010 | ms/batch: 46.1
Epoch 11/100 | Batch 16200/21973 | Loss: 1.1806 | BPB: 1.7032 | LR: 0.000010 | ms/batch: 46.1
Epoch 11/100 | Batch 16300/21973 | Loss: 1.1806 | BPB: 1.7032 | LR: 0.000010 | ms/batch: 46.1
Epoch 11/100 | Batch 16400/21973 | Loss: 1.1806 | BPB: 1.7032 | LR: 0.000010 | ms/batch: 46.1
Epoch 11/100 | Batch 16500/21973 | Loss: 1.1806 | BPB: 1.7032 | LR: 0.000010 | ms/batch: 46.1
Epoch 11/100 | Batch 16600/21973 | Loss: 1.1806 | BPB: 1.7032 | LR: 0.000010 | ms/batch: 46.1
Epoch 11/100 | Batch 16700/21973 | Loss: 1.1806 | BPB: 1.7032 | LR: 0.000010 | ms/batch: 46.1
Epoch 11/100 | Batch 16800/21973 | Loss: 1.1806 | BPB: 1.7032 | LR: 0.000010 | ms/batch: 46.1
Epoch 11/100 | Batch 16900/21973 | Loss: 1.1806 | BPB: 1.7032 | LR: 0.000010 | ms/batch: 46.1
Epoch 11/100 | Batch 17000/21973 | Loss: 1.1806 | BPB: 1.7032 | LR: 0.000010 | ms/batch: 46.1
Epoch 11/100 | Batch 17100/21973 | Loss: 1.1806 | BPB: 1.7032 | LR: 0.000010 | ms/batch: 46.1
Epoch 11/100 | Batch 17200/21973 | Loss: 1.1806 | BPB: 1.7032 | LR: 0.000010 | ms/batch: 46.1
Epoch 11/100 | Batch 17300/21973 | Loss: 1.1806 | BPB: 1.7032 | LR: 0.000010 | ms/batch: 46.1
Epoch 11/100 | Batch 17400/21973 | Loss: 1.1806 | BPB: 1.7032 | LR: 0.000010 | ms/batch: 46.1
Epoch 11/100 | Batch 17500/21973 | Loss: 1.1805 | BPB: 1.7032 | LR: 0.000010 | ms/batch: 46.1
Epoch 11/100 | Batch 17600/21973 | Loss: 1.1805 | BPB: 1.7031 | LR: 0.000010 | ms/batch: 46.1
Epoch 11/100 | Batch 17700/21973 | Loss: 1.1805 | BPB: 1.7031 | LR: 0.000010 | ms/batch: 46.1
Epoch 11/100 | Batch 17800/21973 | Loss: 1.1805 | BPB: 1.7031 | LR: 0.000010 | ms/batch: 46.1
Epoch 11/100 | Batch 17900/21973 | Loss: 1.1805 | BPB: 1.7031 | LR: 0.000010 | ms/batch: 46.1
Epoch 11/100 | Batch 18000/21973 | Loss: 1.1805 | BPB: 1.7031 | LR: 0.000010 | ms/batch: 46.1
Epoch 11/100 | Batch 18100/21973 | Loss: 1.1805 | BPB: 1.7031 | LR: 0.000010 | ms/batch: 46.1
Epoch 11/100 | Batch 18200/21973 | Loss: 1.1805 | BPB: 1.7031 | LR: 0.000010 | ms/batch: 46.1
Epoch 11/100 | Batch 18300/21973 | Loss: 1.1805 | BPB: 1.7031 | LR: 0.000010 | ms/batch: 46.1
Epoch 11/100 | Batch 18400/21973 | Loss: 1.1805 | BPB: 1.7031 | LR: 0.000010 | ms/batch: 46.1
Epoch 11/100 | Batch 18500/21973 | Loss: 1.1805 | BPB: 1.7031 | LR: 0.000010 | ms/batch: 46.1
Epoch 11/100 | Batch 18600/21973 | Loss: 1.1805 | BPB: 1.7031 | LR: 0.000010 | ms/batch: 46.1
Epoch 11/100 | Batch 18700/21973 | Loss: 1.1805 | BPB: 1.7031 | LR: 0.000010 | ms/batch: 46.1
Epoch 11/100 | Batch 18800/21973 | Loss: 1.1805 | BPB: 1.7031 | LR: 0.000010 | ms/batch: 46.1
Epoch 11/100 | Batch 18900/21973 | Loss: 1.1805 | BPB: 1.7031 | LR: 0.000010 | ms/batch: 46.1
Epoch 11/100 | Batch 19000/21973 | Loss: 1.1805 | BPB: 1.7031 | LR: 0.000010 | ms/batch: 46.1
Epoch 11/100 | Batch 19100/21973 | Loss: 1.1805 | BPB: 1.7031 | LR: 0.000010 | ms/batch: 46.1
Epoch 11/100 | Batch 19200/21973 | Loss: 1.1805 | BPB: 1.7031 | LR: 0.000010 | ms/batch: 46.1
Epoch 11/100 | Batch 19300/21973 | Loss: 1.1805 | BPB: 1.7031 | LR: 0.000010 | ms/batch: 46.1
Epoch 11/100 | Batch 19400/21973 | Loss: 1.1805 | BPB: 1.7031 | LR: 0.000010 | ms/batch: 46.1
Epoch 11/100 | Batch 19500/21973 | Loss: 1.1805 | BPB: 1.7031 | LR: 0.000010 | ms/batch: 46.1
Epoch 11/100 | Batch 19600/21973 | Loss: 1.1805 | BPB: 1.7031 | LR: 0.000010 | ms/batch: 46.1
Epoch 11/100 | Batch 19700/21973 | Loss: 1.1805 | BPB: 1.7031 | LR: 0.000010 | ms/batch: 46.1
Epoch 11/100 | Batch 19800/21973 | Loss: 1.1805 | BPB: 1.7031 | LR: 0.000010 | ms/batch: 46.1
Epoch 11/100 | Batch 19900/21973 | Loss: 1.1805 | BPB: 1.7031 | LR: 0.000010 | ms/batch: 46.1
Epoch 11/100 | Batch 20000/21973 | Loss: 1.1805 | BPB: 1.7031 | LR: 0.000010 | ms/batch: 46.1
Epoch 11/100 | Batch 20100/21973 | Loss: 1.1805 | BPB: 1.7031 | LR: 0.000010 | ms/batch: 46.1
Epoch 11/100 | Batch 20200/21973 | Loss: 1.1805 | BPB: 1.7031 | LR: 0.000010 | ms/batch: 46.1
Epoch 11/100 | Batch 20300/21973 | Loss: 1.1805 | BPB: 1.7031 | LR: 0.000010 | ms/batch: 46.1
Epoch 11/100 | Batch 20400/21973 | Loss: 1.1805 | BPB: 1.7031 | LR: 0.000010 | ms/batch: 46.1
Epoch 11/100 | Batch 20500/21973 | Loss: 1.1805 | BPB: 1.7031 | LR: 0.000010 | ms/batch: 46.1
Epoch 11/100 | Batch 20600/21973 | Loss: 1.1805 | BPB: 1.7031 | LR: 0.000010 | ms/batch: 46.1
Epoch 11/100 | Batch 20700/21973 | Loss: 1.1805 | BPB: 1.7030 | LR: 0.000010 | ms/batch: 46.1
Epoch 11/100 | Batch 20800/21973 | Loss: 1.1805 | BPB: 1.7030 | LR: 0.000010 | ms/batch: 46.1
Epoch 11/100 | Batch 20900/21973 | Loss: 1.1804 | BPB: 1.7030 | LR: 0.000010 | ms/batch: 46.1
Epoch 11/100 | Batch 21000/21973 | Loss: 1.1805 | BPB: 1.7030 | LR: 0.000010 | ms/batch: 46.1
Epoch 11/100 | Batch 21100/21973 | Loss: 1.1805 | BPB: 1.7030 | LR: 0.000010 | ms/batch: 46.1
Epoch 11/100 | Batch 21200/21973 | Loss: 1.1804 | BPB: 1.7030 | LR: 0.000010 | ms/batch: 46.1
Epoch 11/100 | Batch 21300/21973 | Loss: 1.1804 | BPB: 1.7030 | LR: 0.000010 | ms/batch: 46.1
Epoch 11/100 | Batch 21400/21973 | Loss: 1.1804 | BPB: 1.7030 | LR: 0.000010 | ms/batch: 46.1
Epoch 11/100 | Batch 21500/21973 | Loss: 1.1804 | BPB: 1.7030 | LR: 0.000010 | ms/batch: 46.1
Epoch 11/100 | Batch 21600/21973 | Loss: 1.1805 | BPB: 1.7030 | LR: 0.000010 | ms/batch: 46.1
Epoch 11/100 | Batch 21700/21973 | Loss: 1.1804 | BPB: 1.7030 | LR: 0.000010 | ms/batch: 46.1
Epoch 11/100 | Batch 21800/21973 | Loss: 1.1804 | BPB: 1.7030 | LR: 0.000010 | ms/batch: 46.1
Epoch 11/100 | Batch 21900/21973 | Loss: 1.1804 | BPB: 1.7030 | LR: 0.000010 | ms/batch: 46.1

Epoch 11/100 Summary:
Training Loss: 1.1804 (BPB: 1.7030)
Validation Loss: 0.8788 (BPB: 1.2678)
Best Validation Loss: 0.8788
Learning Rate: 0.000010
Epoch 12/100 | Batch 0/21973 | Loss: 1.1992 | BPB: 1.7301 | LR: 0.000010 | ms/batch: 121.0
Epoch 12/100 | Batch 100/21973 | Loss: 1.1781 | BPB: 1.6997 | LR: 0.000010 | ms/batch: 47.2
Epoch 12/100 | Batch 200/21973 | Loss: 1.1780 | BPB: 1.6994 | LR: 0.000010 | ms/batch: 46.6
Epoch 12/100 | Batch 300/21973 | Loss: 1.1787 | BPB: 1.7006 | LR: 0.000010 | ms/batch: 46.3
Epoch 12/100 | Batch 400/21973 | Loss: 1.1794 | BPB: 1.7015 | LR: 0.000010 | ms/batch: 46.2
Epoch 12/100 | Batch 500/21973 | Loss: 1.1794 | BPB: 1.7015 | LR: 0.000010 | ms/batch: 46.2
Epoch 12/100 | Batch 600/21973 | Loss: 1.1801 | BPB: 1.7025 | LR: 0.000010 | ms/batch: 46.2
Epoch 12/100 | Batch 700/21973 | Loss: 1.1803 | BPB: 1.7029 | LR: 0.000010 | ms/batch: 46.2
Epoch 12/100 | Batch 800/21973 | Loss: 1.1806 | BPB: 1.7032 | LR: 0.000010 | ms/batch: 46.1
Epoch 12/100 | Batch 900/21973 | Loss: 1.1808 | BPB: 1.7035 | LR: 0.000010 | ms/batch: 46.1
Epoch 12/100 | Batch 1000/21973 | Loss: 1.1804 | BPB: 1.7029 | LR: 0.000010 | ms/batch: 46.1
Epoch 12/100 | Batch 1100/21973 | Loss: 1.1804 | BPB: 1.7029 | LR: 0.000010 | ms/batch: 46.1
Epoch 12/100 | Batch 1200/21973 | Loss: 1.1802 | BPB: 1.7027 | LR: 0.000010 | ms/batch: 46.1
Epoch 12/100 | Batch 1300/21973 | Loss: 1.1803 | BPB: 1.7027 | LR: 0.000010 | ms/batch: 46.1
Epoch 12/100 | Batch 1400/21973 | Loss: 1.1802 | BPB: 1.7027 | LR: 0.000010 | ms/batch: 46.1
Epoch 12/100 | Batch 1500/21973 | Loss: 1.1802 | BPB: 1.7027 | LR: 0.000010 | ms/batch: 46.1
Epoch 12/100 | Batch 1600/21973 | Loss: 1.1801 | BPB: 1.7025 | LR: 0.000010 | ms/batch: 46.1
Epoch 12/100 | Batch 1700/21973 | Loss: 1.1800 | BPB: 1.7024 | LR: 0.000010 | ms/batch: 46.1
Epoch 12/100 | Batch 1800/21973 | Loss: 1.1800 | BPB: 1.7024 | LR: 0.000010 | ms/batch: 46.1
Epoch 12/100 | Batch 1900/21973 | Loss: 1.1802 | BPB: 1.7026 | LR: 0.000010 | ms/batch: 46.1
Epoch 12/100 | Batch 2000/21973 | Loss: 1.1800 | BPB: 1.7024 | LR: 0.000010 | ms/batch: 46.1
Epoch 12/100 | Batch 2100/21973 | Loss: 1.1800 | BPB: 1.7024 | LR: 0.000010 | ms/batch: 46.1
Epoch 12/100 | Batch 2200/21973 | Loss: 1.1801 | BPB: 1.7025 | LR: 0.000010 | ms/batch: 46.1
Epoch 12/100 | Batch 2300/21973 | Loss: 1.1801 | BPB: 1.7025 | LR: 0.000010 | ms/batch: 46.1
Epoch 12/100 | Batch 2400/21973 | Loss: 1.1799 | BPB: 1.7022 | LR: 0.000010 | ms/batch: 46.0
Epoch 12/100 | Batch 2500/21973 | Loss: 1.1799 | BPB: 1.7022 | LR: 0.000010 | ms/batch: 46.0
Epoch 12/100 | Batch 2600/21973 | Loss: 1.1799 | BPB: 1.7023 | LR: 0.000010 | ms/batch: 46.0
Epoch 12/100 | Batch 2700/21973 | Loss: 1.1800 | BPB: 1.7023 | LR: 0.000010 | ms/batch: 46.0
Epoch 12/100 | Batch 2800/21973 | Loss: 1.1800 | BPB: 1.7024 | LR: 0.000010 | ms/batch: 46.0
Epoch 12/100 | Batch 2900/21973 | Loss: 1.1799 | BPB: 1.7023 | LR: 0.000010 | ms/batch: 46.0
Epoch 12/100 | Batch 3000/21973 | Loss: 1.1799 | BPB: 1.7022 | LR: 0.000010 | ms/batch: 46.0
Epoch 12/100 | Batch 3100/21973 | Loss: 1.1799 | BPB: 1.7023 | LR: 0.000010 | ms/batch: 46.0
Epoch 12/100 | Batch 3200/21973 | Loss: 1.1799 | BPB: 1.7022 | LR: 0.000010 | ms/batch: 46.0
Epoch 12/100 | Batch 3300/21973 | Loss: 1.1798 | BPB: 1.7021 | LR: 0.000010 | ms/batch: 46.0
Epoch 12/100 | Batch 3400/21973 | Loss: 1.1798 | BPB: 1.7020 | LR: 0.000010 | ms/batch: 46.0
Epoch 12/100 | Batch 3500/21973 | Loss: 1.1799 | BPB: 1.7022 | LR: 0.000010 | ms/batch: 46.0
Epoch 12/100 | Batch 3600/21973 | Loss: 1.1799 | BPB: 1.7022 | LR: 0.000010 | ms/batch: 46.0
Epoch 12/100 | Batch 3700/21973 | Loss: 1.1799 | BPB: 1.7022 | LR: 0.000010 | ms/batch: 46.0
Epoch 12/100 | Batch 3800/21973 | Loss: 1.1799 | BPB: 1.7022 | LR: 0.000010 | ms/batch: 46.0
Epoch 12/100 | Batch 3900/21973 | Loss: 1.1799 | BPB: 1.7023 | LR: 0.000010 | ms/batch: 46.0
Epoch 12/100 | Batch 4000/21973 | Loss: 1.1799 | BPB: 1.7022 | LR: 0.000010 | ms/batch: 46.0
Epoch 12/100 | Batch 4100/21973 | Loss: 1.1799 | BPB: 1.7022 | LR: 0.000010 | ms/batch: 46.0
Epoch 12/100 | Batch 4200/21973 | Loss: 1.1799 | BPB: 1.7022 | LR: 0.000010 | ms/batch: 46.0
Epoch 12/100 | Batch 4300/21973 | Loss: 1.1799 | BPB: 1.7022 | LR: 0.000010 | ms/batch: 46.0
Epoch 12/100 | Batch 4400/21973 | Loss: 1.1798 | BPB: 1.7021 | LR: 0.000010 | ms/batch: 46.0
Epoch 12/100 | Batch 4500/21973 | Loss: 1.1798 | BPB: 1.7021 | LR: 0.000010 | ms/batch: 46.0
Epoch 12/100 | Batch 4600/21973 | Loss: 1.1798 | BPB: 1.7021 | LR: 0.000010 | ms/batch: 46.0
Epoch 12/100 | Batch 4700/21973 | Loss: 1.1797 | BPB: 1.7020 | LR: 0.000010 | ms/batch: 46.0
Epoch 12/100 | Batch 4800/21973 | Loss: 1.1798 | BPB: 1.7021 | LR: 0.000010 | ms/batch: 46.0
Epoch 12/100 | Batch 4900/21973 | Loss: 1.1798 | BPB: 1.7021 | LR: 0.000010 | ms/batch: 46.0
Epoch 12/100 | Batch 5000/21973 | Loss: 1.1798 | BPB: 1.7020 | LR: 0.000010 | ms/batch: 46.0
Epoch 12/100 | Batch 5100/21973 | Loss: 1.1798 | BPB: 1.7020 | LR: 0.000010 | ms/batch: 46.0
Epoch 12/100 | Batch 5200/21973 | Loss: 1.1797 | BPB: 1.7020 | LR: 0.000010 | ms/batch: 46.0
Epoch 12/100 | Batch 5300/21973 | Loss: 1.1797 | BPB: 1.7020 | LR: 0.000010 | ms/batch: 46.0
Epoch 12/100 | Batch 5400/21973 | Loss: 1.1798 | BPB: 1.7020 | LR: 0.000010 | ms/batch: 46.0
Epoch 12/100 | Batch 5500/21973 | Loss: 1.1798 | BPB: 1.7021 | LR: 0.000010 | ms/batch: 46.0
Epoch 12/100 | Batch 5600/21973 | Loss: 1.1798 | BPB: 1.7020 | LR: 0.000010 | ms/batch: 46.0
Epoch 12/100 | Batch 5700/21973 | Loss: 1.1797 | BPB: 1.7019 | LR: 0.000010 | ms/batch: 46.0
Epoch 12/100 | Batch 5800/21973 | Loss: 1.1797 | BPB: 1.7020 | LR: 0.000010 | ms/batch: 46.0
Epoch 12/100 | Batch 5900/21973 | Loss: 1.1797 | BPB: 1.7020 | LR: 0.000010 | ms/batch: 46.0
Epoch 12/100 | Batch 6000/21973 | Loss: 1.1797 | BPB: 1.7020 | LR: 0.000010 | ms/batch: 46.0
Epoch 12/100 | Batch 6100/21973 | Loss: 1.1797 | BPB: 1.7019 | LR: 0.000010 | ms/batch: 46.0
Epoch 12/100 | Batch 6200/21973 | Loss: 1.1797 | BPB: 1.7019 | LR: 0.000010 | ms/batch: 46.0
Epoch 12/100 | Batch 6300/21973 | Loss: 1.1797 | BPB: 1.7019 | LR: 0.000010 | ms/batch: 46.0
Epoch 12/100 | Batch 6400/21973 | Loss: 1.1796 | BPB: 1.7019 | LR: 0.000010 | ms/batch: 46.0
Epoch 12/100 | Batch 6500/21973 | Loss: 1.1796 | BPB: 1.7018 | LR: 0.000010 | ms/batch: 46.0
Epoch 12/100 | Batch 6600/21973 | Loss: 1.1796 | BPB: 1.7019 | LR: 0.000010 | ms/batch: 46.0
Epoch 12/100 | Batch 6700/21973 | Loss: 1.1797 | BPB: 1.7019 | LR: 0.000010 | ms/batch: 46.0
Epoch 12/100 | Batch 6800/21973 | Loss: 1.1797 | BPB: 1.7019 | LR: 0.000010 | ms/batch: 46.0
Epoch 12/100 | Batch 6900/21973 | Loss: 1.1797 | BPB: 1.7019 | LR: 0.000010 | ms/batch: 46.0
Epoch 12/100 | Batch 7000/21973 | Loss: 1.1796 | BPB: 1.7019 | LR: 0.000010 | ms/batch: 46.0
Epoch 12/100 | Batch 7100/21973 | Loss: 1.1796 | BPB: 1.7019 | LR: 0.000010 | ms/batch: 46.0
Epoch 12/100 | Batch 7200/21973 | Loss: 1.1797 | BPB: 1.7020 | LR: 0.000010 | ms/batch: 46.0
Epoch 12/100 | Batch 7300/21973 | Loss: 1.1797 | BPB: 1.7020 | LR: 0.000010 | ms/batch: 46.0
Epoch 12/100 | Batch 7400/21973 | Loss: 1.1797 | BPB: 1.7019 | LR: 0.000010 | ms/batch: 46.0
Epoch 12/100 | Batch 7500/21973 | Loss: 1.1797 | BPB: 1.7019 | LR: 0.000010 | ms/batch: 46.0
Epoch 12/100 | Batch 7600/21973 | Loss: 1.1797 | BPB: 1.7019 | LR: 0.000010 | ms/batch: 46.0
Epoch 12/100 | Batch 7700/21973 | Loss: 1.1797 | BPB: 1.7020 | LR: 0.000010 | ms/batch: 46.0
Epoch 12/100 | Batch 7800/21973 | Loss: 1.1797 | BPB: 1.7020 | LR: 0.000010 | ms/batch: 46.0
Epoch 12/100 | Batch 7900/21973 | Loss: 1.1797 | BPB: 1.7019 | LR: 0.000010 | ms/batch: 46.0
Epoch 12/100 | Batch 8000/21973 | Loss: 1.1797 | BPB: 1.7019 | LR: 0.000010 | ms/batch: 46.0
Epoch 12/100 | Batch 8100/21973 | Loss: 1.1797 | BPB: 1.7019 | LR: 0.000010 | ms/batch: 46.0
Epoch 12/100 | Batch 8200/21973 | Loss: 1.1797 | BPB: 1.7019 | LR: 0.000010 | ms/batch: 46.0
Epoch 12/100 | Batch 8300/21973 | Loss: 1.1797 | BPB: 1.7019 | LR: 0.000010 | ms/batch: 46.0
Epoch 12/100 | Batch 8400/21973 | Loss: 1.1797 | BPB: 1.7019 | LR: 0.000010 | ms/batch: 46.0
Epoch 12/100 | Batch 8500/21973 | Loss: 1.1797 | BPB: 1.7019 | LR: 0.000010 | ms/batch: 46.0
Epoch 12/100 | Batch 8600/21973 | Loss: 1.1797 | BPB: 1.7020 | LR: 0.000010 | ms/batch: 46.0
Epoch 12/100 | Batch 8700/21973 | Loss: 1.1797 | BPB: 1.7019 | LR: 0.000010 | ms/batch: 46.0
Epoch 12/100 | Batch 8800/21973 | Loss: 1.1797 | BPB: 1.7019 | LR: 0.000010 | ms/batch: 46.0
Epoch 12/100 | Batch 8900/21973 | Loss: 1.1797 | BPB: 1.7019 | LR: 0.000010 | ms/batch: 46.0
Epoch 12/100 | Batch 9000/21973 | Loss: 1.1797 | BPB: 1.7019 | LR: 0.000010 | ms/batch: 46.0
Epoch 12/100 | Batch 9100/21973 | Loss: 1.1797 | BPB: 1.7019 | LR: 0.000010 | ms/batch: 46.0
Epoch 12/100 | Batch 9200/21973 | Loss: 1.1797 | BPB: 1.7019 | LR: 0.000010 | ms/batch: 46.0
Epoch 12/100 | Batch 9300/21973 | Loss: 1.1797 | BPB: 1.7019 | LR: 0.000010 | ms/batch: 46.0
Epoch 12/100 | Batch 9400/21973 | Loss: 1.1797 | BPB: 1.7019 | LR: 0.000010 | ms/batch: 46.0
Epoch 12/100 | Batch 9500/21973 | Loss: 1.1797 | BPB: 1.7019 | LR: 0.000010 | ms/batch: 46.0
Epoch 12/100 | Batch 9600/21973 | Loss: 1.1797 | BPB: 1.7019 | LR: 0.000010 | ms/batch: 46.0
Epoch 12/100 | Batch 9700/21973 | Loss: 1.1797 | BPB: 1.7020 | LR: 0.000010 | ms/batch: 46.0
Epoch 12/100 | Batch 9800/21973 | Loss: 1.1797 | BPB: 1.7019 | LR: 0.000010 | ms/batch: 46.0
Epoch 12/100 | Batch 9900/21973 | Loss: 1.1797 | BPB: 1.7019 | LR: 0.000010 | ms/batch: 46.0
Epoch 12/100 | Batch 10000/21973 | Loss: 1.1797 | BPB: 1.7020 | LR: 0.000010 | ms/batch: 46.0
Epoch 12/100 | Batch 10100/21973 | Loss: 1.1797 | BPB: 1.7020 | LR: 0.000010 | ms/batch: 46.0
Epoch 12/100 | Batch 10200/21973 | Loss: 1.1797 | BPB: 1.7020 | LR: 0.000010 | ms/batch: 46.0
Epoch 12/100 | Batch 10300/21973 | Loss: 1.1797 | BPB: 1.7020 | LR: 0.000010 | ms/batch: 46.0
Epoch 12/100 | Batch 10400/21973 | Loss: 1.1797 | BPB: 1.7020 | LR: 0.000010 | ms/batch: 46.0
Epoch 12/100 | Batch 10500/21973 | Loss: 1.1797 | BPB: 1.7020 | LR: 0.000010 | ms/batch: 46.0
Epoch 12/100 | Batch 10600/21973 | Loss: 1.1797 | BPB: 1.7020 | LR: 0.000010 | ms/batch: 46.0
Epoch 12/100 | Batch 10700/21973 | Loss: 1.1797 | BPB: 1.7020 | LR: 0.000010 | ms/batch: 46.0
Epoch 12/100 | Batch 10800/21973 | Loss: 1.1798 | BPB: 1.7020 | LR: 0.000010 | ms/batch: 46.0
Epoch 12/100 | Batch 10900/21973 | Loss: 1.1797 | BPB: 1.7020 | LR: 0.000010 | ms/batch: 46.0
Epoch 12/100 | Batch 11000/21973 | Loss: 1.1797 | BPB: 1.7020 | LR: 0.000010 | ms/batch: 46.0
Epoch 12/100 | Batch 11100/21973 | Loss: 1.1797 | BPB: 1.7020 | LR: 0.000010 | ms/batch: 46.0
Epoch 12/100 | Batch 11200/21973 | Loss: 1.1797 | BPB: 1.7020 | LR: 0.000010 | ms/batch: 46.0
Epoch 12/100 | Batch 11300/21973 | Loss: 1.1797 | BPB: 1.7020 | LR: 0.000010 | ms/batch: 46.0
Epoch 12/100 | Batch 11400/21973 | Loss: 1.1797 | BPB: 1.7020 | LR: 0.000010 | ms/batch: 46.0
Epoch 12/100 | Batch 11500/21973 | Loss: 1.1797 | BPB: 1.7020 | LR: 0.000010 | ms/batch: 46.0
Epoch 12/100 | Batch 11600/21973 | Loss: 1.1797 | BPB: 1.7020 | LR: 0.000010 | ms/batch: 46.0
Epoch 12/100 | Batch 11700/21973 | Loss: 1.1797 | BPB: 1.7020 | LR: 0.000010 | ms/batch: 46.0
Epoch 12/100 | Batch 11800/21973 | Loss: 1.1797 | BPB: 1.7020 | LR: 0.000010 | ms/batch: 46.0
Epoch 12/100 | Batch 11900/21973 | Loss: 1.1797 | BPB: 1.7020 | LR: 0.000010 | ms/batch: 46.0
Epoch 12/100 | Batch 12000/21973 | Loss: 1.1797 | BPB: 1.7020 | LR: 0.000010 | ms/batch: 46.0
Epoch 12/100 | Batch 12100/21973 | Loss: 1.1797 | BPB: 1.7020 | LR: 0.000010 | ms/batch: 46.0
Epoch 12/100 | Batch 12200/21973 | Loss: 1.1798 | BPB: 1.7020 | LR: 0.000010 | ms/batch: 46.0
Epoch 12/100 | Batch 12300/21973 | Loss: 1.1797 | BPB: 1.7020 | LR: 0.000010 | ms/batch: 46.0
Epoch 12/100 | Batch 12400/21973 | Loss: 1.1797 | BPB: 1.7020 | LR: 0.000010 | ms/batch: 46.0
Epoch 12/100 | Batch 12500/21973 | Loss: 1.1797 | BPB: 1.7020 | LR: 0.000010 | ms/batch: 46.0
Epoch 12/100 | Batch 12600/21973 | Loss: 1.1797 | BPB: 1.7020 | LR: 0.000010 | ms/batch: 46.0
Epoch 12/100 | Batch 12700/21973 | Loss: 1.1797 | BPB: 1.7020 | LR: 0.000010 | ms/batch: 46.0
Epoch 12/100 | Batch 12800/21973 | Loss: 1.1797 | BPB: 1.7020 | LR: 0.000010 | ms/batch: 46.0
Epoch 12/100 | Batch 12900/21973 | Loss: 1.1798 | BPB: 1.7020 | LR: 0.000010 | ms/batch: 46.0
Epoch 12/100 | Batch 13000/21973 | Loss: 1.1798 | BPB: 1.7021 | LR: 0.000010 | ms/batch: 46.0
Epoch 12/100 | Batch 13100/21973 | Loss: 1.1798 | BPB: 1.7020 | LR: 0.000010 | ms/batch: 46.0
Epoch 12/100 | Batch 13200/21973 | Loss: 1.1798 | BPB: 1.7021 | LR: 0.000010 | ms/batch: 46.0
Epoch 12/100 | Batch 13300/21973 | Loss: 1.1798 | BPB: 1.7021 | LR: 0.000010 | ms/batch: 46.0
Epoch 12/100 | Batch 13400/21973 | Loss: 1.1798 | BPB: 1.7021 | LR: 0.000010 | ms/batch: 46.0
Epoch 12/100 | Batch 13500/21973 | Loss: 1.1798 | BPB: 1.7021 | LR: 0.000010 | ms/batch: 46.0
Epoch 12/100 | Batch 13600/21973 | Loss: 1.1798 | BPB: 1.7021 | LR: 0.000010 | ms/batch: 46.0
Epoch 12/100 | Batch 13700/21973 | Loss: 1.1798 | BPB: 1.7021 | LR: 0.000010 | ms/batch: 46.0
Epoch 12/100 | Batch 13800/21973 | Loss: 1.1798 | BPB: 1.7021 | LR: 0.000010 | ms/batch: 46.0
Epoch 12/100 | Batch 13900/21973 | Loss: 1.1798 | BPB: 1.7021 | LR: 0.000010 | ms/batch: 46.0
Epoch 12/100 | Batch 14000/21973 | Loss: 1.1798 | BPB: 1.7021 | LR: 0.000010 | ms/batch: 46.0
Epoch 12/100 | Batch 14100/21973 | Loss: 1.1798 | BPB: 1.7021 | LR: 0.000010 | ms/batch: 46.0
Epoch 12/100 | Batch 14200/21973 | Loss: 1.1798 | BPB: 1.7021 | LR: 0.000010 | ms/batch: 46.0
Epoch 12/100 | Batch 14300/21973 | Loss: 1.1798 | BPB: 1.7021 | LR: 0.000010 | ms/batch: 46.0
Epoch 12/100 | Batch 14400/21973 | Loss: 1.1798 | BPB: 1.7021 | LR: 0.000010 | ms/batch: 46.0
Epoch 12/100 | Batch 14500/21973 | Loss: 1.1798 | BPB: 1.7021 | LR: 0.000010 | ms/batch: 46.0
Epoch 12/100 | Batch 14600/21973 | Loss: 1.1798 | BPB: 1.7021 | LR: 0.000010 | ms/batch: 46.0
Epoch 12/100 | Batch 14700/21973 | Loss: 1.1798 | BPB: 1.7021 | LR: 0.000010 | ms/batch: 46.0
Epoch 12/100 | Batch 14800/21973 | Loss: 1.1798 | BPB: 1.7021 | LR: 0.000010 | ms/batch: 46.0
Epoch 12/100 | Batch 14900/21973 | Loss: 1.1798 | BPB: 1.7021 | LR: 0.000010 | ms/batch: 46.0
Epoch 12/100 | Batch 15000/21973 | Loss: 1.1798 | BPB: 1.7020 | LR: 0.000010 | ms/batch: 46.0
Epoch 12/100 | Batch 15100/21973 | Loss: 1.1798 | BPB: 1.7021 | LR: 0.000010 | ms/batch: 46.0
Epoch 12/100 | Batch 15200/21973 | Loss: 1.1798 | BPB: 1.7020 | LR: 0.000010 | ms/batch: 46.0
Epoch 12/100 | Batch 15300/21973 | Loss: 1.1797 | BPB: 1.7020 | LR: 0.000010 | ms/batch: 46.0
Epoch 12/100 | Batch 15400/21973 | Loss: 1.1797 | BPB: 1.7020 | LR: 0.000010 | ms/batch: 46.0
Epoch 12/100 | Batch 15500/21973 | Loss: 1.1798 | BPB: 1.7020 | LR: 0.000010 | ms/batch: 46.0
Epoch 12/100 | Batch 15600/21973 | Loss: 1.1798 | BPB: 1.7020 | LR: 0.000010 | ms/batch: 46.0
Epoch 12/100 | Batch 15700/21973 | Loss: 1.1797 | BPB: 1.7020 | LR: 0.000010 | ms/batch: 46.0
Epoch 12/100 | Batch 15800/21973 | Loss: 1.1797 | BPB: 1.7020 | LR: 0.000010 | ms/batch: 46.0
Epoch 12/100 | Batch 15900/21973 | Loss: 1.1797 | BPB: 1.7020 | LR: 0.000010 | ms/batch: 46.0
Epoch 12/100 | Batch 16000/21973 | Loss: 1.1797 | BPB: 1.7020 | LR: 0.000010 | ms/batch: 46.0
Epoch 12/100 | Batch 16100/21973 | Loss: 1.1797 | BPB: 1.7020 | LR: 0.000010 | ms/batch: 46.0
Epoch 12/100 | Batch 16200/21973 | Loss: 1.1797 | BPB: 1.7020 | LR: 0.000010 | ms/batch: 46.0
Epoch 12/100 | Batch 16300/21973 | Loss: 1.1798 | BPB: 1.7020 | LR: 0.000010 | ms/batch: 46.0
Epoch 12/100 | Batch 16400/21973 | Loss: 1.1797 | BPB: 1.7020 | LR: 0.000010 | ms/batch: 46.0
Epoch 12/100 | Batch 16500/21973 | Loss: 1.1797 | BPB: 1.7020 | LR: 0.000010 | ms/batch: 46.0
Epoch 12/100 | Batch 16600/21973 | Loss: 1.1797 | BPB: 1.7020 | LR: 0.000010 | ms/batch: 46.0
Epoch 12/100 | Batch 16700/21973 | Loss: 1.1797 | BPB: 1.7020 | LR: 0.000010 | ms/batch: 46.0
Epoch 12/100 | Batch 16800/21973 | Loss: 1.1797 | BPB: 1.7020 | LR: 0.000010 | ms/batch: 46.0
Epoch 12/100 | Batch 16900/21973 | Loss: 1.1797 | BPB: 1.7020 | LR: 0.000010 | ms/batch: 46.0
Epoch 12/100 | Batch 17000/21973 | Loss: 1.1797 | BPB: 1.7020 | LR: 0.000010 | ms/batch: 46.0
Epoch 12/100 | Batch 17100/21973 | Loss: 1.1797 | BPB: 1.7020 | LR: 0.000010 | ms/batch: 46.0
Epoch 12/100 | Batch 17200/21973 | Loss: 1.1797 | BPB: 1.7019 | LR: 0.000010 | ms/batch: 46.0
Epoch 12/100 | Batch 17300/21973 | Loss: 1.1797 | BPB: 1.7019 | LR: 0.000010 | ms/batch: 46.0
Epoch 12/100 | Batch 17400/21973 | Loss: 1.1797 | BPB: 1.7019 | LR: 0.000010 | ms/batch: 46.0
Epoch 12/100 | Batch 17500/21973 | Loss: 1.1797 | BPB: 1.7019 | LR: 0.000010 | ms/batch: 46.0
Epoch 12/100 | Batch 17600/21973 | Loss: 1.1797 | BPB: 1.7019 | LR: 0.000010 | ms/batch: 46.0
Epoch 12/100 | Batch 17700/21973 | Loss: 1.1797 | BPB: 1.7019 | LR: 0.000010 | ms/batch: 46.0
Epoch 12/100 | Batch 17800/21973 | Loss: 1.1797 | BPB: 1.7019 | LR: 0.000010 | ms/batch: 46.0
Epoch 12/100 | Batch 17900/21973 | Loss: 1.1797 | BPB: 1.7019 | LR: 0.000010 | ms/batch: 46.0
Epoch 12/100 | Batch 18000/21973 | Loss: 1.1797 | BPB: 1.7019 | LR: 0.000010 | ms/batch: 46.0
Epoch 12/100 | Batch 18100/21973 | Loss: 1.1797 | BPB: 1.7019 | LR: 0.000010 | ms/batch: 46.0
Epoch 12/100 | Batch 18200/21973 | Loss: 1.1797 | BPB: 1.7019 | LR: 0.000010 | ms/batch: 46.0
Epoch 12/100 | Batch 18300/21973 | Loss: 1.1797 | BPB: 1.7019 | LR: 0.000010 | ms/batch: 46.0
Epoch 12/100 | Batch 18400/21973 | Loss: 1.1797 | BPB: 1.7019 | LR: 0.000010 | ms/batch: 46.0
Epoch 12/100 | Batch 18500/21973 | Loss: 1.1797 | BPB: 1.7019 | LR: 0.000010 | ms/batch: 46.0
Epoch 12/100 | Batch 18600/21973 | Loss: 1.1797 | BPB: 1.7019 | LR: 0.000010 | ms/batch: 46.0
Epoch 12/100 | Batch 18700/21973 | Loss: 1.1796 | BPB: 1.7019 | LR: 0.000010 | ms/batch: 46.0
Epoch 12/100 | Batch 18800/21973 | Loss: 1.1796 | BPB: 1.7019 | LR: 0.000010 | ms/batch: 46.0
Epoch 12/100 | Batch 18900/21973 | Loss: 1.1796 | BPB: 1.7019 | LR: 0.000010 | ms/batch: 46.0
Epoch 12/100 | Batch 19000/21973 | Loss: 1.1796 | BPB: 1.7018 | LR: 0.000010 | ms/batch: 46.0
Epoch 12/100 | Batch 19100/21973 | Loss: 1.1796 | BPB: 1.7018 | LR: 0.000010 | ms/batch: 46.0
Epoch 12/100 | Batch 19200/21973 | Loss: 1.1796 | BPB: 1.7018 | LR: 0.000010 | ms/batch: 46.0
Epoch 12/100 | Batch 19300/21973 | Loss: 1.1796 | BPB: 1.7019 | LR: 0.000010 | ms/batch: 46.0
Epoch 12/100 | Batch 19400/21973 | Loss: 1.1796 | BPB: 1.7019 | LR: 0.000010 | ms/batch: 46.0
Epoch 12/100 | Batch 19500/21973 | Loss: 1.1796 | BPB: 1.7018 | LR: 0.000010 | ms/batch: 46.0
Epoch 12/100 | Batch 19600/21973 | Loss: 1.1796 | BPB: 1.7019 | LR: 0.000010 | ms/batch: 46.0
Epoch 12/100 | Batch 19700/21973 | Loss: 1.1796 | BPB: 1.7019 | LR: 0.000010 | ms/batch: 46.0
Epoch 12/100 | Batch 19800/21973 | Loss: 1.1796 | BPB: 1.7019 | LR: 0.000010 | ms/batch: 46.0
Epoch 12/100 | Batch 19900/21973 | Loss: 1.1796 | BPB: 1.7019 | LR: 0.000010 | ms/batch: 46.0
Epoch 12/100 | Batch 20000/21973 | Loss: 1.1797 | BPB: 1.7019 | LR: 0.000010 | ms/batch: 46.0
Epoch 12/100 | Batch 20100/21973 | Loss: 1.1796 | BPB: 1.7019 | LR: 0.000010 | ms/batch: 46.0
Epoch 12/100 | Batch 20200/21973 | Loss: 1.1796 | BPB: 1.7019 | LR: 0.000010 | ms/batch: 46.0
Epoch 12/100 | Batch 20300/21973 | Loss: 1.1796 | BPB: 1.7019 | LR: 0.000010 | ms/batch: 46.0
Epoch 12/100 | Batch 20400/21973 | Loss: 1.1796 | BPB: 1.7019 | LR: 0.000010 | ms/batch: 46.0
Epoch 12/100 | Batch 20500/21973 | Loss: 1.1796 | BPB: 1.7019 | LR: 0.000010 | ms/batch: 46.0
Epoch 12/100 | Batch 20600/21973 | Loss: 1.1797 | BPB: 1.7019 | LR: 0.000010 | ms/batch: 46.0
Epoch 12/100 | Batch 20700/21973 | Loss: 1.1797 | BPB: 1.7019 | LR: 0.000010 | ms/batch: 46.0
Epoch 12/100 | Batch 20800/21973 | Loss: 1.1796 | BPB: 1.7019 | LR: 0.000010 | ms/batch: 46.0
Epoch 12/100 | Batch 20900/21973 | Loss: 1.1796 | BPB: 1.7019 | LR: 0.000010 | ms/batch: 46.0
Epoch 12/100 | Batch 21000/21973 | Loss: 1.1796 | BPB: 1.7019 | LR: 0.000010 | ms/batch: 46.0
Epoch 12/100 | Batch 21100/21973 | Loss: 1.1796 | BPB: 1.7018 | LR: 0.000010 | ms/batch: 46.0
Epoch 12/100 | Batch 21200/21973 | Loss: 1.1796 | BPB: 1.7018 | LR: 0.000010 | ms/batch: 46.0
Epoch 12/100 | Batch 21300/21973 | Loss: 1.1796 | BPB: 1.7018 | LR: 0.000010 | ms/batch: 46.0
Epoch 12/100 | Batch 21400/21973 | Loss: 1.1796 | BPB: 1.7018 | LR: 0.000010 | ms/batch: 46.0
Epoch 12/100 | Batch 21500/21973 | Loss: 1.1796 | BPB: 1.7018 | LR: 0.000010 | ms/batch: 46.0
Epoch 12/100 | Batch 21600/21973 | Loss: 1.1796 | BPB: 1.7018 | LR: 0.000010 | ms/batch: 46.0
Epoch 12/100 | Batch 21700/21973 | Loss: 1.1796 | BPB: 1.7018 | LR: 0.000010 | ms/batch: 46.0
Epoch 12/100 | Batch 21800/21973 | Loss: 1.1796 | BPB: 1.7018 | LR: 0.000010 | ms/batch: 46.0
Epoch 12/100 | Batch 21900/21973 | Loss: 1.1796 | BPB: 1.7018 | LR: 0.000010 | ms/batch: 46.0

Epoch 12/100 Summary:
Training Loss: 1.1796 (BPB: 1.7018)
Validation Loss: 0.8788 (BPB: 1.2678)
Best Validation Loss: 0.8788
Learning Rate: 0.000010
Epoch 13/100 | Batch 0/21973 | Loss: 1.1917 | BPB: 1.7192 | LR: 0.000010 | ms/batch: 120.3
Epoch 13/100 | Batch 100/21973 | Loss: 1.1801 | BPB: 1.7025 | LR: 0.000010 | ms/batch: 47.2
Epoch 13/100 | Batch 200/21973 | Loss: 1.1801 | BPB: 1.7026 | LR: 0.000010 | ms/batch: 46.6
Epoch 13/100 | Batch 300/21973 | Loss: 1.1802 | BPB: 1.7027 | LR: 0.000010 | ms/batch: 46.3
Epoch 13/100 | Batch 400/21973 | Loss: 1.1798 | BPB: 1.7021 | LR: 0.000010 | ms/batch: 46.3
Epoch 13/100 | Batch 500/21973 | Loss: 1.1791 | BPB: 1.7010 | LR: 0.000010 | ms/batch: 46.2
Epoch 13/100 | Batch 600/21973 | Loss: 1.1790 | BPB: 1.7010 | LR: 0.000010 | ms/batch: 46.2
Epoch 13/100 | Batch 700/21973 | Loss: 1.1792 | BPB: 1.7012 | LR: 0.000010 | ms/batch: 46.2
Epoch 13/100 | Batch 800/21973 | Loss: 1.1792 | BPB: 1.7013 | LR: 0.000010 | ms/batch: 46.2
Epoch 13/100 | Batch 900/21973 | Loss: 1.1790 | BPB: 1.7010 | LR: 0.000010 | ms/batch: 46.1
Epoch 13/100 | Batch 1000/21973 | Loss: 1.1789 | BPB: 1.7008 | LR: 0.000010 | ms/batch: 46.1
Epoch 13/100 | Batch 1100/21973 | Loss: 1.1788 | BPB: 1.7006 | LR: 0.000010 | ms/batch: 46.1
Epoch 13/100 | Batch 1200/21973 | Loss: 1.1789 | BPB: 1.7008 | LR: 0.000010 | ms/batch: 46.1
Epoch 13/100 | Batch 1300/21973 | Loss: 1.1791 | BPB: 1.7010 | LR: 0.000010 | ms/batch: 46.1
Epoch 13/100 | Batch 1400/21973 | Loss: 1.1792 | BPB: 1.7013 | LR: 0.000010 | ms/batch: 46.1
Epoch 13/100 | Batch 1500/21973 | Loss: 1.1793 | BPB: 1.7014 | LR: 0.000010 | ms/batch: 46.1
Epoch 13/100 | Batch 1600/21973 | Loss: 1.1791 | BPB: 1.7011 | LR: 0.000010 | ms/batch: 46.1
Epoch 13/100 | Batch 1700/21973 | Loss: 1.1791 | BPB: 1.7011 | LR: 0.000010 | ms/batch: 46.1
Epoch 13/100 | Batch 1800/21973 | Loss: 1.1791 | BPB: 1.7011 | LR: 0.000010 | ms/batch: 46.1
Epoch 13/100 | Batch 1900/21973 | Loss: 1.1791 | BPB: 1.7011 | LR: 0.000010 | ms/batch: 46.1
Epoch 13/100 | Batch 2000/21973 | Loss: 1.1792 | BPB: 1.7012 | LR: 0.000010 | ms/batch: 46.1
Epoch 13/100 | Batch 2100/21973 | Loss: 1.1790 | BPB: 1.7010 | LR: 0.000010 | ms/batch: 46.1
Epoch 13/100 | Batch 2200/21973 | Loss: 1.1790 | BPB: 1.7009 | LR: 0.000010 | ms/batch: 46.1
Epoch 13/100 | Batch 2300/21973 | Loss: 1.1790 | BPB: 1.7010 | LR: 0.000010 | ms/batch: 46.1
Epoch 13/100 | Batch 2400/21973 | Loss: 1.1790 | BPB: 1.7009 | LR: 0.000010 | ms/batch: 46.1
Epoch 13/100 | Batch 2500/21973 | Loss: 1.1790 | BPB: 1.7009 | LR: 0.000010 | ms/batch: 46.1
Epoch 13/100 | Batch 2600/21973 | Loss: 1.1789 | BPB: 1.7008 | LR: 0.000010 | ms/batch: 46.1
Epoch 13/100 | Batch 2700/21973 | Loss: 1.1790 | BPB: 1.7010 | LR: 0.000010 | ms/batch: 46.1
Epoch 13/100 | Batch 2800/21973 | Loss: 1.1791 | BPB: 1.7011 | LR: 0.000010 | ms/batch: 46.1
Epoch 13/100 | Batch 2900/21973 | Loss: 1.1792 | BPB: 1.7012 | LR: 0.000010 | ms/batch: 46.0
Epoch 13/100 | Batch 3000/21973 | Loss: 1.1792 | BPB: 1.7012 | LR: 0.000010 | ms/batch: 46.0
Epoch 13/100 | Batch 3100/21973 | Loss: 1.1792 | BPB: 1.7012 | LR: 0.000010 | ms/batch: 46.1
Epoch 13/100 | Batch 3200/21973 | Loss: 1.1792 | BPB: 1.7013 | LR: 0.000010 | ms/batch: 46.1
Epoch 13/100 | Batch 3300/21973 | Loss: 1.1793 | BPB: 1.7014 | LR: 0.000010 | ms/batch: 46.0
Epoch 13/100 | Batch 3400/21973 | Loss: 1.1793 | BPB: 1.7014 | LR: 0.000010 | ms/batch: 46.0
Epoch 13/100 | Batch 3500/21973 | Loss: 1.1793 | BPB: 1.7013 | LR: 0.000010 | ms/batch: 46.0
Epoch 13/100 | Batch 3600/21973 | Loss: 1.1792 | BPB: 1.7012 | LR: 0.000010 | ms/batch: 46.0
Epoch 13/100 | Batch 3700/21973 | Loss: 1.1792 | BPB: 1.7012 | LR: 0.000010 | ms/batch: 46.0
Epoch 13/100 | Batch 3800/21973 | Loss: 1.1792 | BPB: 1.7012 | LR: 0.000010 | ms/batch: 46.0
Epoch 13/100 | Batch 3900/21973 | Loss: 1.1791 | BPB: 1.7012 | LR: 0.000010 | ms/batch: 46.0
Epoch 13/100 | Batch 4000/21973 | Loss: 1.1791 | BPB: 1.7011 | LR: 0.000010 | ms/batch: 46.0
Epoch 13/100 | Batch 4100/21973 | Loss: 1.1791 | BPB: 1.7010 | LR: 0.000010 | ms/batch: 46.0
Epoch 13/100 | Batch 4200/21973 | Loss: 1.1791 | BPB: 1.7010 | LR: 0.000010 | ms/batch: 46.0
Epoch 13/100 | Batch 4300/21973 | Loss: 1.1792 | BPB: 1.7012 | LR: 0.000010 | ms/batch: 46.0
Epoch 13/100 | Batch 4400/21973 | Loss: 1.1792 | BPB: 1.7012 | LR: 0.000010 | ms/batch: 46.0
Epoch 13/100 | Batch 4500/21973 | Loss: 1.1792 | BPB: 1.7012 | LR: 0.000010 | ms/batch: 46.0
Epoch 13/100 | Batch 4600/21973 | Loss: 1.1792 | BPB: 1.7012 | LR: 0.000010 | ms/batch: 46.0
Epoch 13/100 | Batch 4700/21973 | Loss: 1.1792 | BPB: 1.7013 | LR: 0.000010 | ms/batch: 46.0
Epoch 13/100 | Batch 4800/21973 | Loss: 1.1792 | BPB: 1.7012 | LR: 0.000010 | ms/batch: 46.0
Epoch 13/100 | Batch 4900/21973 | Loss: 1.1792 | BPB: 1.7012 | LR: 0.000010 | ms/batch: 46.0
Epoch 13/100 | Batch 5000/21973 | Loss: 1.1792 | BPB: 1.7012 | LR: 0.000010 | ms/batch: 46.0
Epoch 13/100 | Batch 5100/21973 | Loss: 1.1792 | BPB: 1.7012 | LR: 0.000010 | ms/batch: 46.0
Epoch 13/100 | Batch 5200/21973 | Loss: 1.1792 | BPB: 1.7013 | LR: 0.000010 | ms/batch: 46.0
Epoch 13/100 | Batch 5300/21973 | Loss: 1.1793 | BPB: 1.7013 | LR: 0.000010 | ms/batch: 46.0
Epoch 13/100 | Batch 5400/21973 | Loss: 1.1793 | BPB: 1.7014 | LR: 0.000010 | ms/batch: 46.0
Epoch 13/100 | Batch 5500/21973 | Loss: 1.1793 | BPB: 1.7013 | LR: 0.000010 | ms/batch: 46.0
Epoch 13/100 | Batch 5600/21973 | Loss: 1.1792 | BPB: 1.7013 | LR: 0.000010 | ms/batch: 46.0
Epoch 13/100 | Batch 5700/21973 | Loss: 1.1793 | BPB: 1.7013 | LR: 0.000010 | ms/batch: 46.0
Epoch 13/100 | Batch 5800/21973 | Loss: 1.1792 | BPB: 1.7013 | LR: 0.000010 | ms/batch: 46.0
Epoch 13/100 | Batch 5900/21973 | Loss: 1.1793 | BPB: 1.7013 | LR: 0.000010 | ms/batch: 46.0
Epoch 13/100 | Batch 6000/21973 | Loss: 1.1792 | BPB: 1.7013 | LR: 0.000010 | ms/batch: 46.0
Epoch 13/100 | Batch 6100/21973 | Loss: 1.1792 | BPB: 1.7012 | LR: 0.000010 | ms/batch: 46.0
Epoch 13/100 | Batch 6200/21973 | Loss: 1.1792 | BPB: 1.7012 | LR: 0.000010 | ms/batch: 46.0
Epoch 13/100 | Batch 6300/21973 | Loss: 1.1792 | BPB: 1.7012 | LR: 0.000010 | ms/batch: 46.0
Epoch 13/100 | Batch 6400/21973 | Loss: 1.1791 | BPB: 1.7011 | LR: 0.000010 | ms/batch: 46.0
Epoch 13/100 | Batch 6500/21973 | Loss: 1.1792 | BPB: 1.7012 | LR: 0.000010 | ms/batch: 46.0
Epoch 13/100 | Batch 6600/21973 | Loss: 1.1792 | BPB: 1.7012 | LR: 0.000010 | ms/batch: 46.0
Epoch 13/100 | Batch 6700/21973 | Loss: 1.1792 | BPB: 1.7012 | LR: 0.000010 | ms/batch: 46.0
Epoch 13/100 | Batch 6800/21973 | Loss: 1.1792 | BPB: 1.7012 | LR: 0.000010 | ms/batch: 46.0
Epoch 13/100 | Batch 6900/21973 | Loss: 1.1792 | BPB: 1.7012 | LR: 0.000010 | ms/batch: 46.0
Epoch 13/100 | Batch 7000/21973 | Loss: 1.1792 | BPB: 1.7013 | LR: 0.000010 | ms/batch: 46.0
Epoch 13/100 | Batch 7100/21973 | Loss: 1.1792 | BPB: 1.7012 | LR: 0.000010 | ms/batch: 46.0
Epoch 13/100 | Batch 7200/21973 | Loss: 1.1792 | BPB: 1.7012 | LR: 0.000010 | ms/batch: 46.0
Epoch 13/100 | Batch 7300/21973 | Loss: 1.1792 | BPB: 1.7012 | LR: 0.000010 | ms/batch: 46.0
Epoch 13/100 | Batch 7400/21973 | Loss: 1.1791 | BPB: 1.7011 | LR: 0.000010 | ms/batch: 46.0
Epoch 13/100 | Batch 7500/21973 | Loss: 1.1791 | BPB: 1.7011 | LR: 0.000010 | ms/batch: 46.0
Epoch 13/100 | Batch 7600/21973 | Loss: 1.1791 | BPB: 1.7011 | LR: 0.000010 | ms/batch: 46.0
Epoch 13/100 | Batch 7700/21973 | Loss: 1.1791 | BPB: 1.7011 | LR: 0.000010 | ms/batch: 46.0
Epoch 13/100 | Batch 7800/21973 | Loss: 1.1791 | BPB: 1.7011 | LR: 0.000010 | ms/batch: 46.0
Epoch 13/100 | Batch 7900/21973 | Loss: 1.1791 | BPB: 1.7011 | LR: 0.000010 | ms/batch: 46.0
Epoch 13/100 | Batch 8000/21973 | Loss: 1.1791 | BPB: 1.7011 | LR: 0.000010 | ms/batch: 46.0
Epoch 13/100 | Batch 8100/21973 | Loss: 1.1791 | BPB: 1.7011 | LR: 0.000010 | ms/batch: 46.0
Epoch 13/100 | Batch 8200/21973 | Loss: 1.1791 | BPB: 1.7011 | LR: 0.000010 | ms/batch: 46.0
Epoch 13/100 | Batch 8300/21973 | Loss: 1.1791 | BPB: 1.7011 | LR: 0.000010 | ms/batch: 46.0
Epoch 13/100 | Batch 8400/21973 | Loss: 1.1791 | BPB: 1.7011 | LR: 0.000010 | ms/batch: 46.0
Epoch 13/100 | Batch 8500/21973 | Loss: 1.1791 | BPB: 1.7011 | LR: 0.000010 | ms/batch: 46.0
Epoch 13/100 | Batch 8600/21973 | Loss: 1.1791 | BPB: 1.7011 | LR: 0.000010 | ms/batch: 46.0
Epoch 13/100 | Batch 8700/21973 | Loss: 1.1791 | BPB: 1.7011 | LR: 0.000010 | ms/batch: 46.0
Epoch 13/100 | Batch 8800/21973 | Loss: 1.1791 | BPB: 1.7011 | LR: 0.000010 | ms/batch: 46.0
Epoch 13/100 | Batch 8900/21973 | Loss: 1.1791 | BPB: 1.7011 | LR: 0.000010 | ms/batch: 46.0
Epoch 13/100 | Batch 9000/21973 | Loss: 1.1791 | BPB: 1.7011 | LR: 0.000010 | ms/batch: 46.0
Epoch 13/100 | Batch 9100/21973 | Loss: 1.1791 | BPB: 1.7011 | LR: 0.000010 | ms/batch: 46.0
Epoch 13/100 | Batch 9200/21973 | Loss: 1.1791 | BPB: 1.7011 | LR: 0.000010 | ms/batch: 46.0
Epoch 13/100 | Batch 9300/21973 | Loss: 1.1791 | BPB: 1.7011 | LR: 0.000010 | ms/batch: 46.0
Epoch 13/100 | Batch 9400/21973 | Loss: 1.1792 | BPB: 1.7012 | LR: 0.000010 | ms/batch: 46.0
Epoch 13/100 | Batch 9500/21973 | Loss: 1.1792 | BPB: 1.7012 | LR: 0.000010 | ms/batch: 46.0
Epoch 13/100 | Batch 9600/21973 | Loss: 1.1792 | BPB: 1.7012 | LR: 0.000010 | ms/batch: 46.0
Epoch 13/100 | Batch 9700/21973 | Loss: 1.1792 | BPB: 1.7012 | LR: 0.000010 | ms/batch: 46.0
Epoch 13/100 | Batch 9800/21973 | Loss: 1.1792 | BPB: 1.7012 | LR: 0.000010 | ms/batch: 46.0
Epoch 13/100 | Batch 9900/21973 | Loss: 1.1792 | BPB: 1.7012 | LR: 0.000010 | ms/batch: 46.0
Epoch 13/100 | Batch 10000/21973 | Loss: 1.1792 | BPB: 1.7012 | LR: 0.000010 | ms/batch: 46.0
Epoch 13/100 | Batch 10100/21973 | Loss: 1.1792 | BPB: 1.7012 | LR: 0.000010 | ms/batch: 46.0
Epoch 13/100 | Batch 10200/21973 | Loss: 1.1792 | BPB: 1.7012 | LR: 0.000010 | ms/batch: 46.0
Epoch 13/100 | Batch 10300/21973 | Loss: 1.1791 | BPB: 1.7011 | LR: 0.000010 | ms/batch: 46.0
Epoch 13/100 | Batch 10400/21973 | Loss: 1.1791 | BPB: 1.7011 | LR: 0.000010 | ms/batch: 46.0
Epoch 13/100 | Batch 10500/21973 | Loss: 1.1791 | BPB: 1.7012 | LR: 0.000010 | ms/batch: 46.0
Epoch 13/100 | Batch 10600/21973 | Loss: 1.1791 | BPB: 1.7011 | LR: 0.000010 | ms/batch: 46.0
Epoch 13/100 | Batch 10700/21973 | Loss: 1.1791 | BPB: 1.7012 | LR: 0.000010 | ms/batch: 46.0
Epoch 13/100 | Batch 10800/21973 | Loss: 1.1791 | BPB: 1.7011 | LR: 0.000010 | ms/batch: 46.0
Epoch 13/100 | Batch 10900/21973 | Loss: 1.1791 | BPB: 1.7011 | LR: 0.000010 | ms/batch: 46.0
Epoch 13/100 | Batch 11000/21973 | Loss: 1.1791 | BPB: 1.7011 | LR: 0.000010 | ms/batch: 46.0
Epoch 13/100 | Batch 11100/21973 | Loss: 1.1791 | BPB: 1.7011 | LR: 0.000010 | ms/batch: 46.0
Epoch 13/100 | Batch 11200/21973 | Loss: 1.1791 | BPB: 1.7011 | LR: 0.000010 | ms/batch: 46.0
Epoch 13/100 | Batch 11300/21973 | Loss: 1.1791 | BPB: 1.7011 | LR: 0.000010 | ms/batch: 46.0
Epoch 13/100 | Batch 11400/21973 | Loss: 1.1791 | BPB: 1.7011 | LR: 0.000010 | ms/batch: 46.0
Epoch 13/100 | Batch 11500/21973 | Loss: 1.1791 | BPB: 1.7011 | LR: 0.000010 | ms/batch: 46.0
Epoch 13/100 | Batch 11600/21973 | Loss: 1.1791 | BPB: 1.7011 | LR: 0.000010 | ms/batch: 46.0
Epoch 13/100 | Batch 11700/21973 | Loss: 1.1791 | BPB: 1.7010 | LR: 0.000010 | ms/batch: 46.0
Epoch 13/100 | Batch 11800/21973 | Loss: 1.1791 | BPB: 1.7010 | LR: 0.000010 | ms/batch: 46.0
Epoch 13/100 | Batch 11900/21973 | Loss: 1.1791 | BPB: 1.7011 | LR: 0.000010 | ms/batch: 46.0
Epoch 13/100 | Batch 12000/21973 | Loss: 1.1791 | BPB: 1.7011 | LR: 0.000010 | ms/batch: 46.0
Epoch 13/100 | Batch 12100/21973 | Loss: 1.1791 | BPB: 1.7011 | LR: 0.000010 | ms/batch: 46.0
Epoch 13/100 | Batch 12200/21973 | Loss: 1.1791 | BPB: 1.7011 | LR: 0.000010 | ms/batch: 46.0
Epoch 13/100 | Batch 12300/21973 | Loss: 1.1791 | BPB: 1.7011 | LR: 0.000010 | ms/batch: 46.0
Epoch 13/100 | Batch 12400/21973 | Loss: 1.1791 | BPB: 1.7011 | LR: 0.000010 | ms/batch: 46.0
Epoch 13/100 | Batch 12500/21973 | Loss: 1.1791 | BPB: 1.7011 | LR: 0.000010 | ms/batch: 46.0
Epoch 13/100 | Batch 12600/21973 | Loss: 1.1791 | BPB: 1.7010 | LR: 0.000010 | ms/batch: 46.0
Epoch 13/100 | Batch 12700/21973 | Loss: 1.1791 | BPB: 1.7010 | LR: 0.000010 | ms/batch: 46.0
Epoch 13/100 | Batch 12800/21973 | Loss: 1.1791 | BPB: 1.7010 | LR: 0.000010 | ms/batch: 46.0
Epoch 13/100 | Batch 12900/21973 | Loss: 1.1790 | BPB: 1.7010 | LR: 0.000010 | ms/batch: 46.0
Epoch 13/100 | Batch 13000/21973 | Loss: 1.1790 | BPB: 1.7010 | LR: 0.000010 | ms/batch: 46.0
Epoch 13/100 | Batch 13100/21973 | Loss: 1.1790 | BPB: 1.7010 | LR: 0.000010 | ms/batch: 46.0
Epoch 13/100 | Batch 13200/21973 | Loss: 1.1790 | BPB: 1.7010 | LR: 0.000010 | ms/batch: 46.0
Epoch 13/100 | Batch 13300/21973 | Loss: 1.1790 | BPB: 1.7009 | LR: 0.000010 | ms/batch: 46.0
Epoch 13/100 | Batch 13400/21973 | Loss: 1.1790 | BPB: 1.7009 | LR: 0.000010 | ms/batch: 46.0
Epoch 13/100 | Batch 13500/21973 | Loss: 1.1790 | BPB: 1.7009 | LR: 0.000010 | ms/batch: 46.0
Epoch 13/100 | Batch 13600/21973 | Loss: 1.1790 | BPB: 1.7009 | LR: 0.000010 | ms/batch: 46.0
Epoch 13/100 | Batch 13700/21973 | Loss: 1.1790 | BPB: 1.7009 | LR: 0.000010 | ms/batch: 46.0
Epoch 13/100 | Batch 13800/21973 | Loss: 1.1790 | BPB: 1.7009 | LR: 0.000010 | ms/batch: 46.0
Epoch 13/100 | Batch 13900/21973 | Loss: 1.1790 | BPB: 1.7009 | LR: 0.000010 | ms/batch: 46.0
Epoch 13/100 | Batch 14000/21973 | Loss: 1.1790 | BPB: 1.7009 | LR: 0.000010 | ms/batch: 46.0
Epoch 13/100 | Batch 14100/21973 | Loss: 1.1790 | BPB: 1.7009 | LR: 0.000010 | ms/batch: 46.0
Epoch 13/100 | Batch 14200/21973 | Loss: 1.1790 | BPB: 1.7009 | LR: 0.000010 | ms/batch: 46.0
Epoch 13/100 | Batch 14300/21973 | Loss: 1.1790 | BPB: 1.7009 | LR: 0.000010 | ms/batch: 46.0
Epoch 13/100 | Batch 14400/21973 | Loss: 1.1790 | BPB: 1.7009 | LR: 0.000010 | ms/batch: 46.0
Epoch 13/100 | Batch 14500/21973 | Loss: 1.1790 | BPB: 1.7009 | LR: 0.000010 | ms/batch: 46.0
Epoch 13/100 | Batch 14600/21973 | Loss: 1.1790 | BPB: 1.7009 | LR: 0.000010 | ms/batch: 46.0
Epoch 13/100 | Batch 14700/21973 | Loss: 1.1790 | BPB: 1.7009 | LR: 0.000010 | ms/batch: 46.0
Epoch 13/100 | Batch 14800/21973 | Loss: 1.1790 | BPB: 1.7009 | LR: 0.000010 | ms/batch: 46.0
Epoch 13/100 | Batch 14900/21973 | Loss: 1.1790 | BPB: 1.7009 | LR: 0.000010 | ms/batch: 46.0
Epoch 13/100 | Batch 15000/21973 | Loss: 1.1790 | BPB: 1.7009 | LR: 0.000010 | ms/batch: 46.0
Epoch 13/100 | Batch 15100/21973 | Loss: 1.1790 | BPB: 1.7009 | LR: 0.000010 | ms/batch: 46.0
Epoch 13/100 | Batch 15200/21973 | Loss: 1.1790 | BPB: 1.7009 | LR: 0.000010 | ms/batch: 46.0
Epoch 13/100 | Batch 15300/21973 | Loss: 1.1790 | BPB: 1.7010 | LR: 0.000010 | ms/batch: 46.0
Epoch 13/100 | Batch 15400/21973 | Loss: 1.1790 | BPB: 1.7009 | LR: 0.000010 | ms/batch: 46.0
Epoch 13/100 | Batch 15500/21973 | Loss: 1.1790 | BPB: 1.7009 | LR: 0.000010 | ms/batch: 46.0
Epoch 13/100 | Batch 15600/21973 | Loss: 1.1790 | BPB: 1.7009 | LR: 0.000010 | ms/batch: 46.0
Epoch 13/100 | Batch 15700/21973 | Loss: 1.1790 | BPB: 1.7009 | LR: 0.000010 | ms/batch: 46.0
Epoch 13/100 | Batch 15800/21973 | Loss: 1.1790 | BPB: 1.7009 | LR: 0.000010 | ms/batch: 46.0
Epoch 13/100 | Batch 15900/21973 | Loss: 1.1790 | BPB: 1.7009 | LR: 0.000010 | ms/batch: 46.0
Epoch 13/100 | Batch 16000/21973 | Loss: 1.1790 | BPB: 1.7009 | LR: 0.000010 | ms/batch: 46.0
Epoch 13/100 | Batch 16100/21973 | Loss: 1.1790 | BPB: 1.7010 | LR: 0.000010 | ms/batch: 46.0
Epoch 13/100 | Batch 16200/21973 | Loss: 1.1790 | BPB: 1.7010 | LR: 0.000010 | ms/batch: 46.0
Epoch 13/100 | Batch 16300/21973 | Loss: 1.1790 | BPB: 1.7010 | LR: 0.000010 | ms/batch: 46.0
Epoch 13/100 | Batch 16400/21973 | Loss: 1.1790 | BPB: 1.7010 | LR: 0.000010 | ms/batch: 46.0
Epoch 13/100 | Batch 16500/21973 | Loss: 1.1790 | BPB: 1.7010 | LR: 0.000010 | ms/batch: 46.0
Epoch 13/100 | Batch 16600/21973 | Loss: 1.1790 | BPB: 1.7010 | LR: 0.000010 | ms/batch: 46.0
Epoch 13/100 | Batch 16700/21973 | Loss: 1.1790 | BPB: 1.7010 | LR: 0.000010 | ms/batch: 46.0
Epoch 13/100 | Batch 16800/21973 | Loss: 1.1790 | BPB: 1.7010 | LR: 0.000010 | ms/batch: 46.0
Epoch 13/100 | Batch 16900/21973 | Loss: 1.1790 | BPB: 1.7009 | LR: 0.000010 | ms/batch: 46.0
Epoch 13/100 | Batch 17000/21973 | Loss: 1.1790 | BPB: 1.7009 | LR: 0.000010 | ms/batch: 46.0
Epoch 13/100 | Batch 17100/21973 | Loss: 1.1790 | BPB: 1.7010 | LR: 0.000010 | ms/batch: 46.0
Epoch 13/100 | Batch 17200/21973 | Loss: 1.1790 | BPB: 1.7009 | LR: 0.000010 | ms/batch: 46.0
Epoch 13/100 | Batch 17300/21973 | Loss: 1.1790 | BPB: 1.7009 | LR: 0.000010 | ms/batch: 46.0
Epoch 13/100 | Batch 17400/21973 | Loss: 1.1790 | BPB: 1.7009 | LR: 0.000010 | ms/batch: 46.0
Epoch 13/100 | Batch 17500/21973 | Loss: 1.1790 | BPB: 1.7009 | LR: 0.000010 | ms/batch: 46.0
Epoch 13/100 | Batch 17600/21973 | Loss: 1.1790 | BPB: 1.7009 | LR: 0.000010 | ms/batch: 46.0
Epoch 13/100 | Batch 17700/21973 | Loss: 1.1790 | BPB: 1.7009 | LR: 0.000010 | ms/batch: 46.0
Epoch 13/100 | Batch 17800/21973 | Loss: 1.1790 | BPB: 1.7009 | LR: 0.000010 | ms/batch: 46.0
Epoch 13/100 | Batch 17900/21973 | Loss: 1.1790 | BPB: 1.7009 | LR: 0.000010 | ms/batch: 46.0
Epoch 13/100 | Batch 18000/21973 | Loss: 1.1790 | BPB: 1.7009 | LR: 0.000010 | ms/batch: 46.0
Epoch 13/100 | Batch 18100/21973 | Loss: 1.1790 | BPB: 1.7009 | LR: 0.000010 | ms/batch: 46.0
Epoch 13/100 | Batch 18200/21973 | Loss: 1.1790 | BPB: 1.7009 | LR: 0.000010 | ms/batch: 46.0
Epoch 13/100 | Batch 18300/21973 | Loss: 1.1790 | BPB: 1.7009 | LR: 0.000010 | ms/batch: 46.0
Epoch 13/100 | Batch 18400/21973 | Loss: 1.1790 | BPB: 1.7009 | LR: 0.000010 | ms/batch: 46.0
Epoch 13/100 | Batch 18500/21973 | Loss: 1.1790 | BPB: 1.7009 | LR: 0.000010 | ms/batch: 46.0
Epoch 13/100 | Batch 18600/21973 | Loss: 1.1790 | BPB: 1.7009 | LR: 0.000010 | ms/batch: 46.0
Epoch 13/100 | Batch 18700/21973 | Loss: 1.1790 | BPB: 1.7009 | LR: 0.000010 | ms/batch: 46.0
Epoch 13/100 | Batch 18800/21973 | Loss: 1.1790 | BPB: 1.7009 | LR: 0.000010 | ms/batch: 46.0
Epoch 13/100 | Batch 18900/21973 | Loss: 1.1790 | BPB: 1.7009 | LR: 0.000010 | ms/batch: 46.0
Epoch 13/100 | Batch 19000/21973 | Loss: 1.1790 | BPB: 1.7009 | LR: 0.000010 | ms/batch: 46.0
Epoch 13/100 | Batch 19100/21973 | Loss: 1.1790 | BPB: 1.7009 | LR: 0.000010 | ms/batch: 46.0
Epoch 13/100 | Batch 19200/21973 | Loss: 1.1790 | BPB: 1.7009 | LR: 0.000010 | ms/batch: 46.0
Epoch 13/100 | Batch 19300/21973 | Loss: 1.1790 | BPB: 1.7009 | LR: 0.000010 | ms/batch: 46.0
Epoch 13/100 | Batch 19400/21973 | Loss: 1.1790 | BPB: 1.7009 | LR: 0.000010 | ms/batch: 46.0
Epoch 13/100 | Batch 19500/21973 | Loss: 1.1790 | BPB: 1.7009 | LR: 0.000010 | ms/batch: 46.0
Epoch 13/100 | Batch 19600/21973 | Loss: 1.1790 | BPB: 1.7009 | LR: 0.000010 | ms/batch: 46.0
Epoch 13/100 | Batch 19700/21973 | Loss: 1.1790 | BPB: 1.7009 | LR: 0.000010 | ms/batch: 46.0
Epoch 13/100 | Batch 19800/21973 | Loss: 1.1790 | BPB: 1.7009 | LR: 0.000010 | ms/batch: 46.0
Epoch 13/100 | Batch 19900/21973 | Loss: 1.1790 | BPB: 1.7009 | LR: 0.000010 | ms/batch: 46.0
Epoch 13/100 | Batch 20000/21973 | Loss: 1.1790 | BPB: 1.7009 | LR: 0.000010 | ms/batch: 46.0
Epoch 13/100 | Batch 20100/21973 | Loss: 1.1790 | BPB: 1.7009 | LR: 0.000010 | ms/batch: 46.0
Epoch 13/100 | Batch 20200/21973 | Loss: 1.1790 | BPB: 1.7009 | LR: 0.000010 | ms/batch: 46.0
Epoch 13/100 | Batch 20300/21973 | Loss: 1.1790 | BPB: 1.7009 | LR: 0.000010 | ms/batch: 46.0
Epoch 13/100 | Batch 20400/21973 | Loss: 1.1790 | BPB: 1.7009 | LR: 0.000010 | ms/batch: 46.0
Epoch 13/100 | Batch 20500/21973 | Loss: 1.1790 | BPB: 1.7009 | LR: 0.000010 | ms/batch: 46.0
Epoch 13/100 | Batch 20600/21973 | Loss: 1.1790 | BPB: 1.7009 | LR: 0.000010 | ms/batch: 46.0
Epoch 13/100 | Batch 20700/21973 | Loss: 1.1790 | BPB: 1.7009 | LR: 0.000010 | ms/batch: 46.0
Epoch 13/100 | Batch 20800/21973 | Loss: 1.1789 | BPB: 1.7009 | LR: 0.000010 | ms/batch: 46.0
Epoch 13/100 | Batch 20900/21973 | Loss: 1.1789 | BPB: 1.7009 | LR: 0.000010 | ms/batch: 46.0
Epoch 13/100 | Batch 21000/21973 | Loss: 1.1789 | BPB: 1.7008 | LR: 0.000010 | ms/batch: 46.0
Epoch 13/100 | Batch 21100/21973 | Loss: 1.1789 | BPB: 1.7008 | LR: 0.000010 | ms/batch: 46.0
Epoch 13/100 | Batch 21200/21973 | Loss: 1.1789 | BPB: 1.7008 | LR: 0.000010 | ms/batch: 46.0
Epoch 13/100 | Batch 21300/21973 | Loss: 1.1789 | BPB: 1.7008 | LR: 0.000010 | ms/batch: 46.0
Epoch 13/100 | Batch 21400/21973 | Loss: 1.1789 | BPB: 1.7008 | LR: 0.000010 | ms/batch: 46.0
Epoch 13/100 | Batch 21500/21973 | Loss: 1.1789 | BPB: 1.7008 | LR: 0.000010 | ms/batch: 46.0
Epoch 13/100 | Batch 21600/21973 | Loss: 1.1789 | BPB: 1.7008 | LR: 0.000010 | ms/batch: 46.0
Epoch 13/100 | Batch 21700/21973 | Loss: 1.1789 | BPB: 1.7008 | LR: 0.000010 | ms/batch: 46.0
Epoch 13/100 | Batch 21800/21973 | Loss: 1.1789 | BPB: 1.7008 | LR: 0.000010 | ms/batch: 46.0
Epoch 13/100 | Batch 21900/21973 | Loss: 1.1789 | BPB: 1.7008 | LR: 0.000010 | ms/batch: 46.0

Epoch 13/100 Summary:
Training Loss: 1.1789 (BPB: 1.7008)
Validation Loss: 0.8788 (BPB: 1.2678)
Best Validation Loss: 0.8788
Learning Rate: 0.000010
Epoch 14/100 | Batch 0/21973 | Loss: 1.1824 | BPB: 1.7059 | LR: 0.000010 | ms/batch: 122.3
Epoch 14/100 | Batch 100/21973 | Loss: 1.1800 | BPB: 1.7023 | LR: 0.000010 | ms/batch: 47.2
Epoch 14/100 | Batch 200/21973 | Loss: 1.1788 | BPB: 1.7006 | LR: 0.000010 | ms/batch: 46.5
Epoch 14/100 | Batch 300/21973 | Loss: 1.1782 | BPB: 1.6998 | LR: 0.000010 | ms/batch: 46.3
Epoch 14/100 | Batch 400/21973 | Loss: 1.1781 | BPB: 1.6996 | LR: 0.000010 | ms/batch: 46.2
Epoch 14/100 | Batch 500/21973 | Loss: 1.1786 | BPB: 1.7004 | LR: 0.000010 | ms/batch: 46.1
Epoch 14/100 | Batch 600/21973 | Loss: 1.1784 | BPB: 1.7001 | LR: 0.000010 | ms/batch: 46.2
Epoch 14/100 | Batch 700/21973 | Loss: 1.1784 | BPB: 1.7001 | LR: 0.000010 | ms/batch: 46.1
Epoch 14/100 | Batch 800/21973 | Loss: 1.1783 | BPB: 1.6999 | LR: 0.000010 | ms/batch: 46.1
Epoch 14/100 | Batch 900/21973 | Loss: 1.1784 | BPB: 1.7000 | LR: 0.000010 | ms/batch: 46.1
Epoch 14/100 | Batch 1000/21973 | Loss: 1.1788 | BPB: 1.7007 | LR: 0.000010 | ms/batch: 46.1
Epoch 14/100 | Batch 1100/21973 | Loss: 1.1787 | BPB: 1.7004 | LR: 0.000010 | ms/batch: 46.1
Epoch 14/100 | Batch 1200/21973 | Loss: 1.1788 | BPB: 1.7006 | LR: 0.000010 | ms/batch: 46.1
Epoch 14/100 | Batch 1300/21973 | Loss: 1.1784 | BPB: 1.7000 | LR: 0.000010 | ms/batch: 46.1
Epoch 14/100 | Batch 1400/21973 | Loss: 1.1784 | BPB: 1.7000 | LR: 0.000010 | ms/batch: 46.0
Epoch 14/100 | Batch 1500/21973 | Loss: 1.1783 | BPB: 1.6999 | LR: 0.000010 | ms/batch: 46.0
Epoch 14/100 | Batch 1600/21973 | Loss: 1.1781 | BPB: 1.6996 | LR: 0.000010 | ms/batch: 46.1
Epoch 14/100 | Batch 1700/21973 | Loss: 1.1780 | BPB: 1.6994 | LR: 0.000010 | ms/batch: 46.1
Epoch 14/100 | Batch 1800/21973 | Loss: 1.1780 | BPB: 1.6995 | LR: 0.000010 | ms/batch: 46.0
Epoch 14/100 | Batch 1900/21973 | Loss: 1.1783 | BPB: 1.6999 | LR: 0.000010 | ms/batch: 46.0
Epoch 14/100 | Batch 2000/21973 | Loss: 1.1782 | BPB: 1.6998 | LR: 0.000010 | ms/batch: 46.0
Epoch 14/100 | Batch 2100/21973 | Loss: 1.1782 | BPB: 1.6998 | LR: 0.000010 | ms/batch: 46.1
Epoch 14/100 | Batch 2200/21973 | Loss: 1.1782 | BPB: 1.6997 | LR: 0.000010 | ms/batch: 46.0
Epoch 14/100 | Batch 2300/21973 | Loss: 1.1781 | BPB: 1.6996 | LR: 0.000010 | ms/batch: 46.0
Epoch 14/100 | Batch 2400/21973 | Loss: 1.1781 | BPB: 1.6996 | LR: 0.000010 | ms/batch: 46.0
Epoch 14/100 | Batch 2500/21973 | Loss: 1.1781 | BPB: 1.6997 | LR: 0.000010 | ms/batch: 46.0
Epoch 14/100 | Batch 2600/21973 | Loss: 1.1781 | BPB: 1.6997 | LR: 0.000010 | ms/batch: 46.0
Epoch 14/100 | Batch 2700/21973 | Loss: 1.1781 | BPB: 1.6997 | LR: 0.000010 | ms/batch: 46.0
Epoch 14/100 | Batch 2800/21973 | Loss: 1.1781 | BPB: 1.6996 | LR: 0.000010 | ms/batch: 46.0
Epoch 14/100 | Batch 2900/21973 | Loss: 1.1781 | BPB: 1.6997 | LR: 0.000010 | ms/batch: 46.0
Epoch 14/100 | Batch 3000/21973 | Loss: 1.1782 | BPB: 1.6997 | LR: 0.000010 | ms/batch: 46.0
Epoch 14/100 | Batch 3100/21973 | Loss: 1.1782 | BPB: 1.6998 | LR: 0.000010 | ms/batch: 46.0
Epoch 14/100 | Batch 3200/21973 | Loss: 1.1783 | BPB: 1.6999 | LR: 0.000010 | ms/batch: 46.0
Epoch 14/100 | Batch 3300/21973 | Loss: 1.1783 | BPB: 1.6999 | LR: 0.000010 | ms/batch: 46.0
Epoch 14/100 | Batch 3400/21973 | Loss: 1.1782 | BPB: 1.6998 | LR: 0.000010 | ms/batch: 46.0
Epoch 14/100 | Batch 3500/21973 | Loss: 1.1782 | BPB: 1.6998 | LR: 0.000010 | ms/batch: 46.0
Epoch 14/100 | Batch 3600/21973 | Loss: 1.1783 | BPB: 1.6999 | LR: 0.000010 | ms/batch: 46.0
Epoch 14/100 | Batch 3700/21973 | Loss: 1.1782 | BPB: 1.6997 | LR: 0.000010 | ms/batch: 46.0
Epoch 14/100 | Batch 3800/21973 | Loss: 1.1782 | BPB: 1.6997 | LR: 0.000010 | ms/batch: 46.0
Epoch 14/100 | Batch 3900/21973 | Loss: 1.1782 | BPB: 1.6997 | LR: 0.000010 | ms/batch: 46.0
Epoch 14/100 | Batch 4000/21973 | Loss: 1.1782 | BPB: 1.6998 | LR: 0.000010 | ms/batch: 46.0
Epoch 14/100 | Batch 4100/21973 | Loss: 1.1782 | BPB: 1.6998 | LR: 0.000010 | ms/batch: 46.0
Epoch 14/100 | Batch 4200/21973 | Loss: 1.1781 | BPB: 1.6997 | LR: 0.000010 | ms/batch: 46.0
Epoch 14/100 | Batch 4300/21973 | Loss: 1.1782 | BPB: 1.6998 | LR: 0.000010 | ms/batch: 46.0
Epoch 14/100 | Batch 4400/21973 | Loss: 1.1782 | BPB: 1.6998 | LR: 0.000010 | ms/batch: 46.0
Epoch 14/100 | Batch 4500/21973 | Loss: 1.1782 | BPB: 1.6998 | LR: 0.000010 | ms/batch: 46.0
Epoch 14/100 | Batch 4600/21973 | Loss: 1.1783 | BPB: 1.6999 | LR: 0.000010 | ms/batch: 46.0
Epoch 14/100 | Batch 4700/21973 | Loss: 1.1783 | BPB: 1.6999 | LR: 0.000010 | ms/batch: 46.0
Epoch 14/100 | Batch 4800/21973 | Loss: 1.1782 | BPB: 1.6998 | LR: 0.000010 | ms/batch: 46.0
Epoch 14/100 | Batch 4900/21973 | Loss: 1.1782 | BPB: 1.6997 | LR: 0.000010 | ms/batch: 46.0
Epoch 14/100 | Batch 5000/21973 | Loss: 1.1782 | BPB: 1.6998 | LR: 0.000010 | ms/batch: 46.0
Epoch 14/100 | Batch 5100/21973 | Loss: 1.1781 | BPB: 1.6997 | LR: 0.000010 | ms/batch: 46.0
Epoch 14/100 | Batch 5200/21973 | Loss: 1.1781 | BPB: 1.6997 | LR: 0.000010 | ms/batch: 46.0
Epoch 14/100 | Batch 5300/21973 | Loss: 1.1781 | BPB: 1.6997 | LR: 0.000010 | ms/batch: 46.0
Epoch 14/100 | Batch 5400/21973 | Loss: 1.1782 | BPB: 1.6997 | LR: 0.000010 | ms/batch: 46.0
Epoch 14/100 | Batch 5500/21973 | Loss: 1.1781 | BPB: 1.6997 | LR: 0.000010 | ms/batch: 46.0
Epoch 14/100 | Batch 5600/21973 | Loss: 1.1781 | BPB: 1.6996 | LR: 0.000010 | ms/batch: 46.0
Epoch 14/100 | Batch 5700/21973 | Loss: 1.1781 | BPB: 1.6996 | LR: 0.000010 | ms/batch: 46.0
Epoch 14/100 | Batch 5800/21973 | Loss: 1.1782 | BPB: 1.6997 | LR: 0.000010 | ms/batch: 46.0
Epoch 14/100 | Batch 5900/21973 | Loss: 1.1781 | BPB: 1.6997 | LR: 0.000010 | ms/batch: 46.0
Epoch 14/100 | Batch 6000/21973 | Loss: 1.1781 | BPB: 1.6997 | LR: 0.000010 | ms/batch: 46.0
Epoch 14/100 | Batch 6100/21973 | Loss: 1.1782 | BPB: 1.6997 | LR: 0.000010 | ms/batch: 46.0
Epoch 14/100 | Batch 6200/21973 | Loss: 1.1782 | BPB: 1.6997 | LR: 0.000010 | ms/batch: 46.0
Epoch 14/100 | Batch 6300/21973 | Loss: 1.1782 | BPB: 1.6998 | LR: 0.000010 | ms/batch: 46.0
Epoch 14/100 | Batch 6400/21973 | Loss: 1.1782 | BPB: 1.6998 | LR: 0.000010 | ms/batch: 46.0
Epoch 14/100 | Batch 6500/21973 | Loss: 1.1782 | BPB: 1.6998 | LR: 0.000010 | ms/batch: 46.0
Epoch 14/100 | Batch 6600/21973 | Loss: 1.1782 | BPB: 1.6998 | LR: 0.000010 | ms/batch: 46.0
Epoch 14/100 | Batch 6700/21973 | Loss: 1.1782 | BPB: 1.6998 | LR: 0.000010 | ms/batch: 46.0
Epoch 14/100 | Batch 6800/21973 | Loss: 1.1782 | BPB: 1.6998 | LR: 0.000010 | ms/batch: 46.0
Epoch 14/100 | Batch 6900/21973 | Loss: 1.1782 | BPB: 1.6998 | LR: 0.000010 | ms/batch: 46.0
Epoch 14/100 | Batch 7000/21973 | Loss: 1.1782 | BPB: 1.6997 | LR: 0.000010 | ms/batch: 46.0
Epoch 14/100 | Batch 7100/21973 | Loss: 1.1781 | BPB: 1.6997 | LR: 0.000010 | ms/batch: 46.0
Epoch 14/100 | Batch 7200/21973 | Loss: 1.1781 | BPB: 1.6997 | LR: 0.000010 | ms/batch: 46.0
Epoch 14/100 | Batch 7300/21973 | Loss: 1.1781 | BPB: 1.6997 | LR: 0.000010 | ms/batch: 46.0
Epoch 14/100 | Batch 7400/21973 | Loss: 1.1781 | BPB: 1.6997 | LR: 0.000010 | ms/batch: 46.0
Epoch 14/100 | Batch 7500/21973 | Loss: 1.1781 | BPB: 1.6997 | LR: 0.000010 | ms/batch: 46.0
Epoch 14/100 | Batch 7600/21973 | Loss: 1.1781 | BPB: 1.6997 | LR: 0.000010 | ms/batch: 46.0
Epoch 14/100 | Batch 7700/21973 | Loss: 1.1781 | BPB: 1.6996 | LR: 0.000010 | ms/batch: 46.0
Epoch 14/100 | Batch 7800/21973 | Loss: 1.1781 | BPB: 1.6996 | LR: 0.000010 | ms/batch: 46.0
Epoch 14/100 | Batch 7900/21973 | Loss: 1.1781 | BPB: 1.6996 | LR: 0.000010 | ms/batch: 46.0
Epoch 14/100 | Batch 8000/21973 | Loss: 1.1781 | BPB: 1.6996 | LR: 0.000010 | ms/batch: 46.0
Epoch 14/100 | Batch 8100/21973 | Loss: 1.1781 | BPB: 1.6996 | LR: 0.000010 | ms/batch: 46.0
Epoch 14/100 | Batch 8200/21973 | Loss: 1.1781 | BPB: 1.6996 | LR: 0.000010 | ms/batch: 46.0
Epoch 14/100 | Batch 8300/21973 | Loss: 1.1781 | BPB: 1.6996 | LR: 0.000010 | ms/batch: 46.0
Epoch 14/100 | Batch 8400/21973 | Loss: 1.1781 | BPB: 1.6996 | LR: 0.000010 | ms/batch: 46.0
Epoch 14/100 | Batch 8500/21973 | Loss: 1.1781 | BPB: 1.6997 | LR: 0.000010 | ms/batch: 46.0
Epoch 14/100 | Batch 8600/21973 | Loss: 1.1781 | BPB: 1.6996 | LR: 0.000010 | ms/batch: 46.0
Epoch 14/100 | Batch 8700/21973 | Loss: 1.1781 | BPB: 1.6996 | LR: 0.000010 | ms/batch: 46.0
Epoch 14/100 | Batch 8800/21973 | Loss: 1.1781 | BPB: 1.6997 | LR: 0.000010 | ms/batch: 46.0
Epoch 14/100 | Batch 8900/21973 | Loss: 1.1781 | BPB: 1.6996 | LR: 0.000010 | ms/batch: 46.1
Epoch 14/100 | Batch 9000/21973 | Loss: 1.1781 | BPB: 1.6996 | LR: 0.000010 | ms/batch: 46.1
Epoch 14/100 | Batch 9100/21973 | Loss: 1.1781 | BPB: 1.6997 | LR: 0.000010 | ms/batch: 46.1
Epoch 14/100 | Batch 9200/21973 | Loss: 1.1781 | BPB: 1.6997 | LR: 0.000010 | ms/batch: 46.1
Epoch 14/100 | Batch 9300/21973 | Loss: 1.1781 | BPB: 1.6997 | LR: 0.000010 | ms/batch: 46.1
Epoch 14/100 | Batch 9400/21973 | Loss: 1.1782 | BPB: 1.6997 | LR: 0.000010 | ms/batch: 46.1
Epoch 14/100 | Batch 9500/21973 | Loss: 1.1782 | BPB: 1.6998 | LR: 0.000010 | ms/batch: 46.1
Epoch 14/100 | Batch 9600/21973 | Loss: 1.1782 | BPB: 1.6998 | LR: 0.000010 | ms/batch: 46.1
Epoch 14/100 | Batch 9700/21973 | Loss: 1.1782 | BPB: 1.6998 | LR: 0.000010 | ms/batch: 46.1
Epoch 14/100 | Batch 9800/21973 | Loss: 1.1782 | BPB: 1.6998 | LR: 0.000010 | ms/batch: 46.1
Epoch 14/100 | Batch 9900/21973 | Loss: 1.1782 | BPB: 1.6998 | LR: 0.000010 | ms/batch: 46.1
Epoch 14/100 | Batch 10000/21973 | Loss: 1.1782 | BPB: 1.6998 | LR: 0.000010 | ms/batch: 46.1
Epoch 14/100 | Batch 10100/21973 | Loss: 1.1782 | BPB: 1.6998 | LR: 0.000010 | ms/batch: 46.1
Epoch 14/100 | Batch 10200/21973 | Loss: 1.1782 | BPB: 1.6997 | LR: 0.000010 | ms/batch: 46.1
Epoch 14/100 | Batch 10300/21973 | Loss: 1.1782 | BPB: 1.6998 | LR: 0.000010 | ms/batch: 46.1
Epoch 14/100 | Batch 10400/21973 | Loss: 1.1783 | BPB: 1.6999 | LR: 0.000010 | ms/batch: 46.1
Epoch 14/100 | Batch 10500/21973 | Loss: 1.1783 | BPB: 1.6999 | LR: 0.000010 | ms/batch: 46.1
Epoch 14/100 | Batch 10600/21973 | Loss: 1.1783 | BPB: 1.6999 | LR: 0.000010 | ms/batch: 46.1
Epoch 14/100 | Batch 10700/21973 | Loss: 1.1783 | BPB: 1.6999 | LR: 0.000010 | ms/batch: 46.1
Epoch 14/100 | Batch 10800/21973 | Loss: 1.1783 | BPB: 1.6999 | LR: 0.000010 | ms/batch: 46.1
Epoch 14/100 | Batch 10900/21973 | Loss: 1.1783 | BPB: 1.6999 | LR: 0.000010 | ms/batch: 46.1
Epoch 14/100 | Batch 11000/21973 | Loss: 1.1783 | BPB: 1.6999 | LR: 0.000010 | ms/batch: 46.1
Epoch 14/100 | Batch 11100/21973 | Loss: 1.1783 | BPB: 1.6999 | LR: 0.000010 | ms/batch: 46.1
Epoch 14/100 | Batch 11200/21973 | Loss: 1.1782 | BPB: 1.6998 | LR: 0.000010 | ms/batch: 46.1
Epoch 14/100 | Batch 11300/21973 | Loss: 1.1782 | BPB: 1.6999 | LR: 0.000010 | ms/batch: 46.1
Epoch 14/100 | Batch 11400/21973 | Loss: 1.1782 | BPB: 1.6998 | LR: 0.000010 | ms/batch: 46.1
Epoch 14/100 | Batch 11500/21973 | Loss: 1.1782 | BPB: 1.6998 | LR: 0.000010 | ms/batch: 46.0
Epoch 14/100 | Batch 11600/21973 | Loss: 1.1782 | BPB: 1.6999 | LR: 0.000010 | ms/batch: 46.1
Epoch 14/100 | Batch 11700/21973 | Loss: 1.1782 | BPB: 1.6999 | LR: 0.000010 | ms/batch: 46.1
Epoch 14/100 | Batch 11800/21973 | Loss: 1.1783 | BPB: 1.6999 | LR: 0.000010 | ms/batch: 46.0
Epoch 14/100 | Batch 11900/21973 | Loss: 1.1782 | BPB: 1.6998 | LR: 0.000010 | ms/batch: 46.0
Epoch 14/100 | Batch 12000/21973 | Loss: 1.1783 | BPB: 1.6999 | LR: 0.000010 | ms/batch: 46.0
Epoch 14/100 | Batch 12100/21973 | Loss: 1.1783 | BPB: 1.6999 | LR: 0.000010 | ms/batch: 46.1
Epoch 14/100 | Batch 12200/21973 | Loss: 1.1783 | BPB: 1.6999 | LR: 0.000010 | ms/batch: 46.1
Epoch 14/100 | Batch 12300/21973 | Loss: 1.1783 | BPB: 1.6999 | LR: 0.000010 | ms/batch: 46.1
Epoch 14/100 | Batch 12400/21973 | Loss: 1.1782 | BPB: 1.6998 | LR: 0.000010 | ms/batch: 46.1
Epoch 14/100 | Batch 12500/21973 | Loss: 1.1782 | BPB: 1.6998 | LR: 0.000010 | ms/batch: 46.1
Epoch 14/100 | Batch 12600/21973 | Loss: 1.1782 | BPB: 1.6998 | LR: 0.000010 | ms/batch: 46.1
Epoch 14/100 | Batch 12700/21973 | Loss: 1.1782 | BPB: 1.6998 | LR: 0.000010 | ms/batch: 46.1
Epoch 14/100 | Batch 12800/21973 | Loss: 1.1782 | BPB: 1.6998 | LR: 0.000010 | ms/batch: 46.1
Epoch 14/100 | Batch 12900/21973 | Loss: 1.1782 | BPB: 1.6998 | LR: 0.000010 | ms/batch: 46.1
Epoch 14/100 | Batch 13000/21973 | Loss: 1.1782 | BPB: 1.6998 | LR: 0.000010 | ms/batch: 46.1
Epoch 14/100 | Batch 13100/21973 | Loss: 1.1782 | BPB: 1.6997 | LR: 0.000010 | ms/batch: 46.1
Epoch 14/100 | Batch 13200/21973 | Loss: 1.1782 | BPB: 1.6997 | LR: 0.000010 | ms/batch: 46.1
Epoch 14/100 | Batch 13300/21973 | Loss: 1.1782 | BPB: 1.6997 | LR: 0.000010 | ms/batch: 46.1
Epoch 14/100 | Batch 13400/21973 | Loss: 1.1782 | BPB: 1.6998 | LR: 0.000010 | ms/batch: 46.1
Epoch 14/100 | Batch 13500/21973 | Loss: 1.1782 | BPB: 1.6997 | LR: 0.000010 | ms/batch: 46.1
Epoch 14/100 | Batch 13600/21973 | Loss: 1.1782 | BPB: 1.6998 | LR: 0.000010 | ms/batch: 46.1
Epoch 14/100 | Batch 13700/21973 | Loss: 1.1782 | BPB: 1.6998 | LR: 0.000010 | ms/batch: 46.1
Epoch 14/100 | Batch 13800/21973 | Loss: 1.1782 | BPB: 1.6998 | LR: 0.000010 | ms/batch: 46.1
Epoch 14/100 | Batch 13900/21973 | Loss: 1.1782 | BPB: 1.6998 | LR: 0.000010 | ms/batch: 46.1
Epoch 14/100 | Batch 14000/21973 | Loss: 1.1782 | BPB: 1.6998 | LR: 0.000010 | ms/batch: 46.1
Epoch 14/100 | Batch 14100/21973 | Loss: 1.1782 | BPB: 1.6998 | LR: 0.000010 | ms/batch: 46.1
Epoch 14/100 | Batch 14200/21973 | Loss: 1.1782 | BPB: 1.6998 | LR: 0.000010 | ms/batch: 46.1
Epoch 14/100 | Batch 14300/21973 | Loss: 1.1782 | BPB: 1.6998 | LR: 0.000010 | ms/batch: 46.1
Epoch 14/100 | Batch 14400/21973 | Loss: 1.1782 | BPB: 1.6997 | LR: 0.000010 | ms/batch: 46.1
Epoch 14/100 | Batch 14500/21973 | Loss: 1.1782 | BPB: 1.6998 | LR: 0.000010 | ms/batch: 46.1
Epoch 14/100 | Batch 14600/21973 | Loss: 1.1782 | BPB: 1.6998 | LR: 0.000010 | ms/batch: 46.1
Epoch 14/100 | Batch 14700/21973 | Loss: 1.1782 | BPB: 1.6998 | LR: 0.000010 | ms/batch: 46.1
Epoch 14/100 | Batch 14800/21973 | Loss: 1.1782 | BPB: 1.6998 | LR: 0.000010 | ms/batch: 46.1
Epoch 14/100 | Batch 14900/21973 | Loss: 1.1782 | BPB: 1.6998 | LR: 0.000010 | ms/batch: 46.1
Epoch 14/100 | Batch 15000/21973 | Loss: 1.1782 | BPB: 1.6998 | LR: 0.000010 | ms/batch: 46.1
Epoch 14/100 | Batch 15100/21973 | Loss: 1.1782 | BPB: 1.6998 | LR: 0.000010 | ms/batch: 46.1
Epoch 14/100 | Batch 15200/21973 | Loss: 1.1782 | BPB: 1.6998 | LR: 0.000010 | ms/batch: 46.1
Epoch 14/100 | Batch 15300/21973 | Loss: 1.1782 | BPB: 1.6998 | LR: 0.000010 | ms/batch: 46.1
Epoch 14/100 | Batch 15400/21973 | Loss: 1.1782 | BPB: 1.6998 | LR: 0.000010 | ms/batch: 46.1
Epoch 14/100 | Batch 15500/21973 | Loss: 1.1782 | BPB: 1.6998 | LR: 0.000010 | ms/batch: 46.1
Epoch 14/100 | Batch 15600/21973 | Loss: 1.1782 | BPB: 1.6998 | LR: 0.000010 | ms/batch: 46.1
Epoch 14/100 | Batch 15700/21973 | Loss: 1.1782 | BPB: 1.6998 | LR: 0.000010 | ms/batch: 46.1
Epoch 14/100 | Batch 15800/21973 | Loss: 1.1782 | BPB: 1.6998 | LR: 0.000010 | ms/batch: 46.1
Epoch 14/100 | Batch 15900/21973 | Loss: 1.1782 | BPB: 1.6998 | LR: 0.000010 | ms/batch: 46.1
Epoch 14/100 | Batch 16000/21973 | Loss: 1.1782 | BPB: 1.6998 | LR: 0.000010 | ms/batch: 46.1
Epoch 14/100 | Batch 16100/21973 | Loss: 1.1782 | BPB: 1.6998 | LR: 0.000010 | ms/batch: 46.1
Epoch 14/100 | Batch 16200/21973 | Loss: 1.1782 | BPB: 1.6998 | LR: 0.000010 | ms/batch: 46.1
Epoch 14/100 | Batch 16300/21973 | Loss: 1.1782 | BPB: 1.6998 | LR: 0.000010 | ms/batch: 46.1
Epoch 14/100 | Batch 16400/21973 | Loss: 1.1782 | BPB: 1.6998 | LR: 0.000010 | ms/batch: 46.1
Epoch 14/100 | Batch 16500/21973 | Loss: 1.1782 | BPB: 1.6998 | LR: 0.000010 | ms/batch: 46.1
Epoch 14/100 | Batch 16600/21973 | Loss: 1.1782 | BPB: 1.6998 | LR: 0.000010 | ms/batch: 46.1
Epoch 14/100 | Batch 16700/21973 | Loss: 1.1782 | BPB: 1.6998 | LR: 0.000010 | ms/batch: 46.1
Epoch 14/100 | Batch 16800/21973 | Loss: 1.1782 | BPB: 1.6998 | LR: 0.000010 | ms/batch: 46.1
Epoch 14/100 | Batch 16900/21973 | Loss: 1.1782 | BPB: 1.6998 | LR: 0.000010 | ms/batch: 46.1
Epoch 14/100 | Batch 17000/21973 | Loss: 1.1782 | BPB: 1.6998 | LR: 0.000010 | ms/batch: 46.1
Epoch 14/100 | Batch 17100/21973 | Loss: 1.1782 | BPB: 1.6997 | LR: 0.000010 | ms/batch: 46.1
Epoch 14/100 | Batch 17200/21973 | Loss: 1.1782 | BPB: 1.6997 | LR: 0.000010 | ms/batch: 46.1
Epoch 14/100 | Batch 17300/21973 | Loss: 1.1782 | BPB: 1.6997 | LR: 0.000010 | ms/batch: 46.1
Epoch 14/100 | Batch 17400/21973 | Loss: 1.1782 | BPB: 1.6997 | LR: 0.000010 | ms/batch: 46.1
Epoch 14/100 | Batch 17500/21973 | Loss: 1.1781 | BPB: 1.6997 | LR: 0.000010 | ms/batch: 46.1
Epoch 14/100 | Batch 17600/21973 | Loss: 1.1781 | BPB: 1.6997 | LR: 0.000010 | ms/batch: 46.1
Epoch 14/100 | Batch 17700/21973 | Loss: 1.1781 | BPB: 1.6997 | LR: 0.000010 | ms/batch: 46.1
Epoch 14/100 | Batch 17800/21973 | Loss: 1.1782 | BPB: 1.6997 | LR: 0.000010 | ms/batch: 46.1
Epoch 14/100 | Batch 17900/21973 | Loss: 1.1781 | BPB: 1.6997 | LR: 0.000010 | ms/batch: 46.1
Epoch 14/100 | Batch 18000/21973 | Loss: 1.1782 | BPB: 1.6997 | LR: 0.000010 | ms/batch: 46.1
Epoch 14/100 | Batch 18100/21973 | Loss: 1.1782 | BPB: 1.6997 | LR: 0.000010 | ms/batch: 46.1
Epoch 14/100 | Batch 18200/21973 | Loss: 1.1782 | BPB: 1.6997 | LR: 0.000010 | ms/batch: 46.1
Epoch 14/100 | Batch 18300/21973 | Loss: 1.1782 | BPB: 1.6997 | LR: 0.000010 | ms/batch: 46.1
Epoch 14/100 | Batch 18400/21973 | Loss: 1.1782 | BPB: 1.6997 | LR: 0.000010 | ms/batch: 46.1
Epoch 14/100 | Batch 18500/21973 | Loss: 1.1782 | BPB: 1.6997 | LR: 0.000010 | ms/batch: 46.1
Epoch 14/100 | Batch 18600/21973 | Loss: 1.1782 | BPB: 1.6997 | LR: 0.000010 | ms/batch: 46.1
Epoch 14/100 | Batch 18700/21973 | Loss: 1.1782 | BPB: 1.6997 | LR: 0.000010 | ms/batch: 46.1
Epoch 14/100 | Batch 18800/21973 | Loss: 1.1782 | BPB: 1.6997 | LR: 0.000010 | ms/batch: 46.1
Epoch 14/100 | Batch 18900/21973 | Loss: 1.1782 | BPB: 1.6997 | LR: 0.000010 | ms/batch: 46.1
Epoch 14/100 | Batch 19000/21973 | Loss: 1.1782 | BPB: 1.6997 | LR: 0.000010 | ms/batch: 46.1
Epoch 14/100 | Batch 19100/21973 | Loss: 1.1782 | BPB: 1.6997 | LR: 0.000010 | ms/batch: 46.1
Epoch 14/100 | Batch 19200/21973 | Loss: 1.1782 | BPB: 1.6997 | LR: 0.000010 | ms/batch: 46.1
Epoch 14/100 | Batch 19300/21973 | Loss: 1.1782 | BPB: 1.6997 | LR: 0.000010 | ms/batch: 46.1
Epoch 14/100 | Batch 19400/21973 | Loss: 1.1782 | BPB: 1.6997 | LR: 0.000010 | ms/batch: 46.1
Epoch 14/100 | Batch 19500/21973 | Loss: 1.1782 | BPB: 1.6997 | LR: 0.000010 | ms/batch: 46.1
Epoch 14/100 | Batch 19600/21973 | Loss: 1.1782 | BPB: 1.6997 | LR: 0.000010 | ms/batch: 46.1
Epoch 14/100 | Batch 19700/21973 | Loss: 1.1781 | BPB: 1.6997 | LR: 0.000010 | ms/batch: 46.1
Epoch 14/100 | Batch 19800/21973 | Loss: 1.1781 | BPB: 1.6997 | LR: 0.000010 | ms/batch: 46.1
Epoch 14/100 | Batch 19900/21973 | Loss: 1.1781 | BPB: 1.6997 | LR: 0.000010 | ms/batch: 46.1
Epoch 14/100 | Batch 20000/21973 | Loss: 1.1781 | BPB: 1.6997 | LR: 0.000010 | ms/batch: 46.1
Epoch 14/100 | Batch 20100/21973 | Loss: 1.1781 | BPB: 1.6997 | LR: 0.000010 | ms/batch: 46.1
Epoch 14/100 | Batch 20200/21973 | Loss: 1.1781 | BPB: 1.6997 | LR: 0.000010 | ms/batch: 46.1
Epoch 14/100 | Batch 20300/21973 | Loss: 1.1781 | BPB: 1.6997 | LR: 0.000010 | ms/batch: 46.1
Epoch 14/100 | Batch 20400/21973 | Loss: 1.1781 | BPB: 1.6997 | LR: 0.000010 | ms/batch: 46.1
Epoch 14/100 | Batch 20500/21973 | Loss: 1.1781 | BPB: 1.6997 | LR: 0.000010 | ms/batch: 46.1
Epoch 14/100 | Batch 20600/21973 | Loss: 1.1781 | BPB: 1.6997 | LR: 0.000010 | ms/batch: 46.1
Epoch 14/100 | Batch 20700/21973 | Loss: 1.1781 | BPB: 1.6997 | LR: 0.000010 | ms/batch: 46.1
Epoch 14/100 | Batch 20800/21973 | Loss: 1.1781 | BPB: 1.6997 | LR: 0.000010 | ms/batch: 46.1
Epoch 14/100 | Batch 20900/21973 | Loss: 1.1781 | BPB: 1.6997 | LR: 0.000010 | ms/batch: 46.1
Epoch 14/100 | Batch 21000/21973 | Loss: 1.1781 | BPB: 1.6997 | LR: 0.000010 | ms/batch: 46.1
Epoch 14/100 | Batch 21100/21973 | Loss: 1.1781 | BPB: 1.6997 | LR: 0.000010 | ms/batch: 46.1
Epoch 14/100 | Batch 21200/21973 | Loss: 1.1781 | BPB: 1.6997 | LR: 0.000010 | ms/batch: 46.1
Epoch 14/100 | Batch 21300/21973 | Loss: 1.1781 | BPB: 1.6997 | LR: 0.000010 | ms/batch: 46.1
Epoch 14/100 | Batch 21400/21973 | Loss: 1.1781 | BPB: 1.6996 | LR: 0.000010 | ms/batch: 46.1
Epoch 14/100 | Batch 21500/21973 | Loss: 1.1781 | BPB: 1.6996 | LR: 0.000010 | ms/batch: 46.1
Epoch 14/100 | Batch 21600/21973 | Loss: 1.1781 | BPB: 1.6996 | LR: 0.000010 | ms/batch: 46.1
Epoch 14/100 | Batch 21700/21973 | Loss: 1.1781 | BPB: 1.6996 | LR: 0.000010 | ms/batch: 46.1
Epoch 14/100 | Batch 21800/21973 | Loss: 1.1781 | BPB: 1.6996 | LR: 0.000010 | ms/batch: 46.1
Epoch 14/100 | Batch 21900/21973 | Loss: 1.1781 | BPB: 1.6996 | LR: 0.000010 | ms/batch: 46.1

Epoch 14/100 Summary:
Training Loss: 1.1781 (BPB: 1.6996)
Validation Loss: 0.8787 (BPB: 1.2677)
Best Validation Loss: 0.8787
Learning Rate: 0.000010
Epoch 15/100 | Batch 0/21973 | Loss: 1.1752 | BPB: 1.6954 | LR: 0.000010 | ms/batch: 125.3
Epoch 15/100 | Batch 100/21973 | Loss: 1.1747 | BPB: 1.6947 | LR: 0.000010 | ms/batch: 48.3
Epoch 15/100 | Batch 200/21973 | Loss: 1.1758 | BPB: 1.6963 | LR: 0.000010 | ms/batch: 47.5
Epoch 15/100 | Batch 300/21973 | Loss: 1.1765 | BPB: 1.6973 | LR: 0.000010 | ms/batch: 47.2
Epoch 15/100 | Batch 400/21973 | Loss: 1.1768 | BPB: 1.6978 | LR: 0.000010 | ms/batch: 46.9
Epoch 15/100 | Batch 500/21973 | Loss: 1.1766 | BPB: 1.6975 | LR: 0.000010 | ms/batch: 46.7
Epoch 15/100 | Batch 600/21973 | Loss: 1.1764 | BPB: 1.6972 | LR: 0.000010 | ms/batch: 46.6
Epoch 15/100 | Batch 700/21973 | Loss: 1.1761 | BPB: 1.6968 | LR: 0.000010 | ms/batch: 46.5
Epoch 15/100 | Batch 800/21973 | Loss: 1.1764 | BPB: 1.6972 | LR: 0.000010 | ms/batch: 46.5
Epoch 15/100 | Batch 900/21973 | Loss: 1.1766 | BPB: 1.6974 | LR: 0.000010 | ms/batch: 46.4
Epoch 15/100 | Batch 1000/21973 | Loss: 1.1766 | BPB: 1.6975 | LR: 0.000010 | ms/batch: 46.4
Epoch 15/100 | Batch 1100/21973 | Loss: 1.1769 | BPB: 1.6980 | LR: 0.000010 | ms/batch: 46.4
Epoch 15/100 | Batch 1200/21973 | Loss: 1.1769 | BPB: 1.6979 | LR: 0.000010 | ms/batch: 46.3
Epoch 15/100 | Batch 1300/21973 | Loss: 1.1769 | BPB: 1.6978 | LR: 0.000010 | ms/batch: 46.3
Epoch 15/100 | Batch 1400/21973 | Loss: 1.1768 | BPB: 1.6978 | LR: 0.000010 | ms/batch: 46.3
Epoch 15/100 | Batch 1500/21973 | Loss: 1.1769 | BPB: 1.6979 | LR: 0.000010 | ms/batch: 46.2
Epoch 15/100 | Batch 1600/21973 | Loss: 1.1769 | BPB: 1.6979 | LR: 0.000010 | ms/batch: 46.3
Epoch 15/100 | Batch 1700/21973 | Loss: 1.1771 | BPB: 1.6981 | LR: 0.000010 | ms/batch: 46.2
Epoch 15/100 | Batch 1800/21973 | Loss: 1.1770 | BPB: 1.6981 | LR: 0.000010 | ms/batch: 46.2
Epoch 15/100 | Batch 1900/21973 | Loss: 1.1771 | BPB: 1.6982 | LR: 0.000010 | ms/batch: 46.2
Epoch 15/100 | Batch 2000/21973 | Loss: 1.1771 | BPB: 1.6982 | LR: 0.000010 | ms/batch: 46.2
Epoch 15/100 | Batch 2100/21973 | Loss: 1.1770 | BPB: 1.6981 | LR: 0.000010 | ms/batch: 46.2
Epoch 15/100 | Batch 2200/21973 | Loss: 1.1770 | BPB: 1.6981 | LR: 0.000010 | ms/batch: 46.2
Epoch 15/100 | Batch 2300/21973 | Loss: 1.1771 | BPB: 1.6982 | LR: 0.000010 | ms/batch: 46.2
Epoch 15/100 | Batch 2400/21973 | Loss: 1.1771 | BPB: 1.6982 | LR: 0.000010 | ms/batch: 46.2
Epoch 15/100 | Batch 2500/21973 | Loss: 1.1773 | BPB: 1.6984 | LR: 0.000010 | ms/batch: 46.1
Epoch 15/100 | Batch 2600/21973 | Loss: 1.1773 | BPB: 1.6984 | LR: 0.000010 | ms/batch: 46.2
Epoch 15/100 | Batch 2700/21973 | Loss: 1.1772 | BPB: 1.6984 | LR: 0.000010 | ms/batch: 46.1
Epoch 15/100 | Batch 2800/21973 | Loss: 1.1773 | BPB: 1.6985 | LR: 0.000010 | ms/batch: 46.1
Epoch 15/100 | Batch 2900/21973 | Loss: 1.1772 | BPB: 1.6984 | LR: 0.000010 | ms/batch: 46.1
Epoch 15/100 | Batch 3000/21973 | Loss: 1.1773 | BPB: 1.6984 | LR: 0.000010 | ms/batch: 46.1
Epoch 15/100 | Batch 3100/21973 | Loss: 1.1773 | BPB: 1.6985 | LR: 0.000010 | ms/batch: 46.1
Epoch 15/100 | Batch 3200/21973 | Loss: 1.1774 | BPB: 1.6986 | LR: 0.000010 | ms/batch: 46.1
Epoch 15/100 | Batch 3300/21973 | Loss: 1.1774 | BPB: 1.6987 | LR: 0.000010 | ms/batch: 46.1
Epoch 15/100 | Batch 3400/21973 | Loss: 1.1775 | BPB: 1.6987 | LR: 0.000010 | ms/batch: 46.1
Epoch 15/100 | Batch 3500/21973 | Loss: 1.1775 | BPB: 1.6987 | LR: 0.000010 | ms/batch: 46.1
Epoch 15/100 | Batch 3600/21973 | Loss: 1.1775 | BPB: 1.6987 | LR: 0.000010 | ms/batch: 46.1
Epoch 15/100 | Batch 3700/21973 | Loss: 1.1775 | BPB: 1.6987 | LR: 0.000010 | ms/batch: 46.1
Epoch 15/100 | Batch 3800/21973 | Loss: 1.1776 | BPB: 1.6989 | LR: 0.000010 | ms/batch: 46.1
Epoch 15/100 | Batch 3900/21973 | Loss: 1.1776 | BPB: 1.6989 | LR: 0.000010 | ms/batch: 46.1
Epoch 15/100 | Batch 4000/21973 | Loss: 1.1776 | BPB: 1.6989 | LR: 0.000010 | ms/batch: 46.1
Epoch 15/100 | Batch 4100/21973 | Loss: 1.1776 | BPB: 1.6989 | LR: 0.000010 | ms/batch: 46.1
Epoch 15/100 | Batch 4200/21973 | Loss: 1.1776 | BPB: 1.6989 | LR: 0.000010 | ms/batch: 46.1
Epoch 15/100 | Batch 4300/21973 | Loss: 1.1775 | BPB: 1.6988 | LR: 0.000010 | ms/batch: 46.1
Epoch 15/100 | Batch 4400/21973 | Loss: 1.1776 | BPB: 1.6989 | LR: 0.000010 | ms/batch: 46.1
Epoch 15/100 | Batch 4500/21973 | Loss: 1.1776 | BPB: 1.6989 | LR: 0.000010 | ms/batch: 46.1
Epoch 15/100 | Batch 4600/21973 | Loss: 1.1776 | BPB: 1.6989 | LR: 0.000010 | ms/batch: 46.1
Epoch 15/100 | Batch 4700/21973 | Loss: 1.1776 | BPB: 1.6990 | LR: 0.000010 | ms/batch: 46.1
Epoch 15/100 | Batch 4800/21973 | Loss: 1.1777 | BPB: 1.6990 | LR: 0.000010 | ms/batch: 46.1
Epoch 15/100 | Batch 4900/21973 | Loss: 1.1777 | BPB: 1.6991 | LR: 0.000010 | ms/batch: 46.1
Epoch 15/100 | Batch 5000/21973 | Loss: 1.1777 | BPB: 1.6991 | LR: 0.000010 | ms/batch: 46.1
Epoch 15/100 | Batch 5100/21973 | Loss: 1.1777 | BPB: 1.6991 | LR: 0.000010 | ms/batch: 46.1
Epoch 15/100 | Batch 5200/21973 | Loss: 1.1777 | BPB: 1.6991 | LR: 0.000010 | ms/batch: 46.1
Epoch 15/100 | Batch 5300/21973 | Loss: 1.1777 | BPB: 1.6990 | LR: 0.000010 | ms/batch: 46.1
Epoch 15/100 | Batch 5400/21973 | Loss: 1.1777 | BPB: 1.6990 | LR: 0.000010 | ms/batch: 46.1
Epoch 15/100 | Batch 5500/21973 | Loss: 1.1777 | BPB: 1.6990 | LR: 0.000010 | ms/batch: 46.1
Epoch 15/100 | Batch 5600/21973 | Loss: 1.1777 | BPB: 1.6990 | LR: 0.000010 | ms/batch: 46.1
Epoch 15/100 | Batch 5700/21973 | Loss: 1.1777 | BPB: 1.6991 | LR: 0.000010 | ms/batch: 46.1
Epoch 15/100 | Batch 5800/21973 | Loss: 1.1777 | BPB: 1.6991 | LR: 0.000010 | ms/batch: 46.1
Epoch 15/100 | Batch 5900/21973 | Loss: 1.1777 | BPB: 1.6991 | LR: 0.000010 | ms/batch: 46.1
Epoch 15/100 | Batch 6000/21973 | Loss: 1.1777 | BPB: 1.6991 | LR: 0.000010 | ms/batch: 46.1
Epoch 15/100 | Batch 6100/21973 | Loss: 1.1777 | BPB: 1.6991 | LR: 0.000010 | ms/batch: 46.1
Epoch 15/100 | Batch 6200/21973 | Loss: 1.1777 | BPB: 1.6990 | LR: 0.000010 | ms/batch: 46.1
Epoch 15/100 | Batch 6300/21973 | Loss: 1.1777 | BPB: 1.6990 | LR: 0.000010 | ms/batch: 46.1
Epoch 15/100 | Batch 6400/21973 | Loss: 1.1777 | BPB: 1.6990 | LR: 0.000010 | ms/batch: 46.1
Epoch 15/100 | Batch 6500/21973 | Loss: 1.1776 | BPB: 1.6990 | LR: 0.000010 | ms/batch: 46.1
Epoch 15/100 | Batch 6600/21973 | Loss: 1.1777 | BPB: 1.6990 | LR: 0.000010 | ms/batch: 46.1
Epoch 15/100 | Batch 6700/21973 | Loss: 1.1777 | BPB: 1.6990 | LR: 0.000010 | ms/batch: 46.1
Epoch 15/100 | Batch 6800/21973 | Loss: 1.1777 | BPB: 1.6990 | LR: 0.000010 | ms/batch: 46.1
Epoch 15/100 | Batch 6900/21973 | Loss: 1.1776 | BPB: 1.6990 | LR: 0.000010 | ms/batch: 46.1
Epoch 15/100 | Batch 7000/21973 | Loss: 1.1777 | BPB: 1.6990 | LR: 0.000010 | ms/batch: 46.1
Epoch 15/100 | Batch 7100/21973 | Loss: 1.1776 | BPB: 1.6990 | LR: 0.000010 | ms/batch: 46.1
Epoch 15/100 | Batch 7200/21973 | Loss: 1.1776 | BPB: 1.6989 | LR: 0.000010 | ms/batch: 46.1
Epoch 15/100 | Batch 7300/21973 | Loss: 1.1776 | BPB: 1.6990 | LR: 0.000010 | ms/batch: 46.1
Epoch 15/100 | Batch 7400/21973 | Loss: 1.1777 | BPB: 1.6990 | LR: 0.000010 | ms/batch: 46.1
Epoch 15/100 | Batch 7500/21973 | Loss: 1.1777 | BPB: 1.6990 | LR: 0.000010 | ms/batch: 46.1
Epoch 15/100 | Batch 7600/21973 | Loss: 1.1776 | BPB: 1.6989 | LR: 0.000010 | ms/batch: 46.1
Epoch 15/100 | Batch 7700/21973 | Loss: 1.1776 | BPB: 1.6989 | LR: 0.000010 | ms/batch: 46.1
Epoch 15/100 | Batch 7800/21973 | Loss: 1.1776 | BPB: 1.6989 | LR: 0.000010 | ms/batch: 46.1
Epoch 15/100 | Batch 7900/21973 | Loss: 1.1776 | BPB: 1.6989 | LR: 0.000010 | ms/batch: 46.1
Epoch 15/100 | Batch 8000/21973 | Loss: 1.1776 | BPB: 1.6990 | LR: 0.000010 | ms/batch: 46.1
Epoch 15/100 | Batch 8100/21973 | Loss: 1.1776 | BPB: 1.6990 | LR: 0.000010 | ms/batch: 46.1
Epoch 15/100 | Batch 8200/21973 | Loss: 1.1776 | BPB: 1.6990 | LR: 0.000010 | ms/batch: 46.1
Epoch 15/100 | Batch 8300/21973 | Loss: 1.1776 | BPB: 1.6990 | LR: 0.000010 | ms/batch: 46.0
Epoch 15/100 | Batch 8400/21973 | Loss: 1.1776 | BPB: 1.6990 | LR: 0.000010 | ms/batch: 46.0
Epoch 15/100 | Batch 8500/21973 | Loss: 1.1776 | BPB: 1.6990 | LR: 0.000010 | ms/batch: 46.0
Epoch 15/100 | Batch 8600/21973 | Loss: 1.1776 | BPB: 1.6990 | LR: 0.000010 | ms/batch: 46.1
Epoch 15/100 | Batch 8700/21973 | Loss: 1.1776 | BPB: 1.6989 | LR: 0.000010 | ms/batch: 46.1
Epoch 15/100 | Batch 8800/21973 | Loss: 1.1776 | BPB: 1.6989 | LR: 0.000010 | ms/batch: 46.0
Epoch 15/100 | Batch 8900/21973 | Loss: 1.1776 | BPB: 1.6989 | LR: 0.000010 | ms/batch: 46.0
Epoch 15/100 | Batch 9000/21973 | Loss: 1.1776 | BPB: 1.6989 | LR: 0.000010 | ms/batch: 46.0
Epoch 15/100 | Batch 9100/21973 | Loss: 1.1776 | BPB: 1.6989 | LR: 0.000010 | ms/batch: 46.0
Epoch 15/100 | Batch 9200/21973 | Loss: 1.1776 | BPB: 1.6989 | LR: 0.000010 | ms/batch: 46.0
Epoch 15/100 | Batch 9300/21973 | Loss: 1.1776 | BPB: 1.6989 | LR: 0.000010 | ms/batch: 46.0
Epoch 15/100 | Batch 9400/21973 | Loss: 1.1776 | BPB: 1.6989 | LR: 0.000010 | ms/batch: 46.0
Epoch 15/100 | Batch 9500/21973 | Loss: 1.1776 | BPB: 1.6989 | LR: 0.000010 | ms/batch: 46.0
Epoch 15/100 | Batch 9600/21973 | Loss: 1.1776 | BPB: 1.6989 | LR: 0.000010 | ms/batch: 46.0
Epoch 15/100 | Batch 9700/21973 | Loss: 1.1776 | BPB: 1.6989 | LR: 0.000010 | ms/batch: 46.0
Epoch 15/100 | Batch 9800/21973 | Loss: 1.1776 | BPB: 1.6989 | LR: 0.000010 | ms/batch: 46.0
Epoch 15/100 | Batch 9900/21973 | Loss: 1.1776 | BPB: 1.6989 | LR: 0.000010 | ms/batch: 46.0
Epoch 15/100 | Batch 10000/21973 | Loss: 1.1776 | BPB: 1.6989 | LR: 0.000010 | ms/batch: 46.0
Epoch 15/100 | Batch 10100/21973 | Loss: 1.1776 | BPB: 1.6989 | LR: 0.000010 | ms/batch: 46.0
Epoch 15/100 | Batch 10200/21973 | Loss: 1.1776 | BPB: 1.6989 | LR: 0.000010 | ms/batch: 46.0
Epoch 15/100 | Batch 10300/21973 | Loss: 1.1776 | BPB: 1.6989 | LR: 0.000010 | ms/batch: 46.0
Epoch 15/100 | Batch 10400/21973 | Loss: 1.1776 | BPB: 1.6989 | LR: 0.000010 | ms/batch: 46.0
Epoch 15/100 | Batch 10500/21973 | Loss: 1.1776 | BPB: 1.6989 | LR: 0.000010 | ms/batch: 46.0
Epoch 15/100 | Batch 10600/21973 | Loss: 1.1776 | BPB: 1.6989 | LR: 0.000010 | ms/batch: 46.0
Epoch 15/100 | Batch 10700/21973 | Loss: 1.1776 | BPB: 1.6989 | LR: 0.000010 | ms/batch: 46.0
Epoch 15/100 | Batch 10800/21973 | Loss: 1.1776 | BPB: 1.6989 | LR: 0.000010 | ms/batch: 46.0
Epoch 15/100 | Batch 10900/21973 | Loss: 1.1776 | BPB: 1.6989 | LR: 0.000010 | ms/batch: 46.0
Epoch 15/100 | Batch 11000/21973 | Loss: 1.1776 | BPB: 1.6989 | LR: 0.000010 | ms/batch: 46.0
Epoch 15/100 | Batch 11100/21973 | Loss: 1.1776 | BPB: 1.6989 | LR: 0.000010 | ms/batch: 46.0
Epoch 15/100 | Batch 11200/21973 | Loss: 1.1776 | BPB: 1.6989 | LR: 0.000010 | ms/batch: 46.0
Epoch 15/100 | Batch 11300/21973 | Loss: 1.1776 | BPB: 1.6989 | LR: 0.000010 | ms/batch: 46.0
Epoch 15/100 | Batch 11400/21973 | Loss: 1.1776 | BPB: 1.6989 | LR: 0.000010 | ms/batch: 46.0
Epoch 15/100 | Batch 11500/21973 | Loss: 1.1776 | BPB: 1.6989 | LR: 0.000010 | ms/batch: 46.0
Epoch 15/100 | Batch 11600/21973 | Loss: 1.1776 | BPB: 1.6989 | LR: 0.000010 | ms/batch: 46.0
Epoch 15/100 | Batch 11700/21973 | Loss: 1.1776 | BPB: 1.6989 | LR: 0.000010 | ms/batch: 46.0
Epoch 15/100 | Batch 11800/21973 | Loss: 1.1776 | BPB: 1.6989 | LR: 0.000010 | ms/batch: 46.0
Epoch 15/100 | Batch 11900/21973 | Loss: 1.1776 | BPB: 1.6989 | LR: 0.000010 | ms/batch: 46.0
Epoch 15/100 | Batch 12000/21973 | Loss: 1.1776 | BPB: 1.6989 | LR: 0.000010 | ms/batch: 46.0
Epoch 15/100 | Batch 12100/21973 | Loss: 1.1776 | BPB: 1.6989 | LR: 0.000010 | ms/batch: 46.0
Epoch 15/100 | Batch 12200/21973 | Loss: 1.1776 | BPB: 1.6989 | LR: 0.000010 | ms/batch: 46.0
Epoch 15/100 | Batch 12300/21973 | Loss: 1.1776 | BPB: 1.6989 | LR: 0.000010 | ms/batch: 46.0
Epoch 15/100 | Batch 12400/21973 | Loss: 1.1776 | BPB: 1.6989 | LR: 0.000010 | ms/batch: 46.0
Epoch 15/100 | Batch 12500/21973 | Loss: 1.1776 | BPB: 1.6990 | LR: 0.000010 | ms/batch: 46.0
Epoch 15/100 | Batch 12600/21973 | Loss: 1.1776 | BPB: 1.6989 | LR: 0.000010 | ms/batch: 46.0
Epoch 15/100 | Batch 12700/21973 | Loss: 1.1776 | BPB: 1.6990 | LR: 0.000010 | ms/batch: 46.0
Epoch 15/100 | Batch 12800/21973 | Loss: 1.1777 | BPB: 1.6990 | LR: 0.000010 | ms/batch: 46.0
Epoch 15/100 | Batch 12900/21973 | Loss: 1.1777 | BPB: 1.6990 | LR: 0.000010 | ms/batch: 46.0
Epoch 15/100 | Batch 13000/21973 | Loss: 1.1776 | BPB: 1.6990 | LR: 0.000010 | ms/batch: 46.0
Epoch 15/100 | Batch 13100/21973 | Loss: 1.1776 | BPB: 1.6990 | LR: 0.000010 | ms/batch: 46.0
Epoch 15/100 | Batch 13200/21973 | Loss: 1.1776 | BPB: 1.6990 | LR: 0.000010 | ms/batch: 46.0
Epoch 15/100 | Batch 13300/21973 | Loss: 1.1776 | BPB: 1.6990 | LR: 0.000010 | ms/batch: 46.0
Epoch 15/100 | Batch 13400/21973 | Loss: 1.1776 | BPB: 1.6990 | LR: 0.000010 | ms/batch: 46.0
Epoch 15/100 | Batch 13500/21973 | Loss: 1.1776 | BPB: 1.6989 | LR: 0.000010 | ms/batch: 46.0
Epoch 15/100 | Batch 13600/21973 | Loss: 1.1776 | BPB: 1.6989 | LR: 0.000010 | ms/batch: 46.0
Epoch 15/100 | Batch 13700/21973 | Loss: 1.1776 | BPB: 1.6989 | LR: 0.000010 | ms/batch: 46.0
Epoch 15/100 | Batch 13800/21973 | Loss: 1.1776 | BPB: 1.6989 | LR: 0.000010 | ms/batch: 46.0
Epoch 15/100 | Batch 13900/21973 | Loss: 1.1776 | BPB: 1.6989 | LR: 0.000010 | ms/batch: 46.0
Epoch 15/100 | Batch 14000/21973 | Loss: 1.1776 | BPB: 1.6989 | LR: 0.000010 | ms/batch: 46.0
Epoch 15/100 | Batch 14100/21973 | Loss: 1.1776 | BPB: 1.6989 | LR: 0.000010 | ms/batch: 46.0
Epoch 15/100 | Batch 14200/21973 | Loss: 1.1776 | BPB: 1.6990 | LR: 0.000010 | ms/batch: 46.0
Epoch 15/100 | Batch 14300/21973 | Loss: 1.1776 | BPB: 1.6990 | LR: 0.000010 | ms/batch: 46.0
Epoch 15/100 | Batch 14400/21973 | Loss: 1.1776 | BPB: 1.6990 | LR: 0.000010 | ms/batch: 46.0
Epoch 15/100 | Batch 14500/21973 | Loss: 1.1776 | BPB: 1.6990 | LR: 0.000010 | ms/batch: 46.0
Epoch 15/100 | Batch 14600/21973 | Loss: 1.1776 | BPB: 1.6990 | LR: 0.000010 | ms/batch: 46.0
Epoch 15/100 | Batch 14700/21973 | Loss: 1.1776 | BPB: 1.6990 | LR: 0.000010 | ms/batch: 46.0
Epoch 15/100 | Batch 14800/21973 | Loss: 1.1776 | BPB: 1.6989 | LR: 0.000010 | ms/batch: 46.0
Epoch 15/100 | Batch 14900/21973 | Loss: 1.1776 | BPB: 1.6990 | LR: 0.000010 | ms/batch: 46.0
Epoch 15/100 | Batch 15000/21973 | Loss: 1.1776 | BPB: 1.6990 | LR: 0.000010 | ms/batch: 46.0
Epoch 15/100 | Batch 15100/21973 | Loss: 1.1776 | BPB: 1.6989 | LR: 0.000010 | ms/batch: 46.0
Epoch 15/100 | Batch 15200/21973 | Loss: 1.1776 | BPB: 1.6989 | LR: 0.000010 | ms/batch: 46.0
Epoch 15/100 | Batch 15300/21973 | Loss: 1.1776 | BPB: 1.6989 | LR: 0.000010 | ms/batch: 46.0
Epoch 15/100 | Batch 15400/21973 | Loss: 1.1776 | BPB: 1.6989 | LR: 0.000010 | ms/batch: 46.0
Epoch 15/100 | Batch 15500/21973 | Loss: 1.1776 | BPB: 1.6989 | LR: 0.000010 | ms/batch: 46.0
Epoch 15/100 | Batch 15600/21973 | Loss: 1.1776 | BPB: 1.6989 | LR: 0.000010 | ms/batch: 46.0
Epoch 15/100 | Batch 15700/21973 | Loss: 1.1776 | BPB: 1.6989 | LR: 0.000010 | ms/batch: 46.0
Epoch 15/100 | Batch 15800/21973 | Loss: 1.1776 | BPB: 1.6989 | LR: 0.000010 | ms/batch: 46.0
Epoch 15/100 | Batch 15900/21973 | Loss: 1.1776 | BPB: 1.6989 | LR: 0.000010 | ms/batch: 46.0
Epoch 15/100 | Batch 16000/21973 | Loss: 1.1776 | BPB: 1.6989 | LR: 0.000010 | ms/batch: 46.0
Epoch 15/100 | Batch 16100/21973 | Loss: 1.1776 | BPB: 1.6989 | LR: 0.000010 | ms/batch: 46.0
Epoch 15/100 | Batch 16200/21973 | Loss: 1.1776 | BPB: 1.6989 | LR: 0.000010 | ms/batch: 46.0
Epoch 15/100 | Batch 16300/21973 | Loss: 1.1776 | BPB: 1.6989 | LR: 0.000010 | ms/batch: 46.0
Epoch 15/100 | Batch 16400/21973 | Loss: 1.1776 | BPB: 1.6989 | LR: 0.000010 | ms/batch: 46.0
Epoch 15/100 | Batch 16500/21973 | Loss: 1.1776 | BPB: 1.6989 | LR: 0.000010 | ms/batch: 46.0
Epoch 15/100 | Batch 16600/21973 | Loss: 1.1776 | BPB: 1.6989 | LR: 0.000010 | ms/batch: 46.0
Epoch 15/100 | Batch 16700/21973 | Loss: 1.1776 | BPB: 1.6989 | LR: 0.000010 | ms/batch: 46.0
Epoch 15/100 | Batch 16800/21973 | Loss: 1.1776 | BPB: 1.6989 | LR: 0.000010 | ms/batch: 46.0
Epoch 15/100 | Batch 16900/21973 | Loss: 1.1776 | BPB: 1.6989 | LR: 0.000010 | ms/batch: 46.0
Epoch 15/100 | Batch 17000/21973 | Loss: 1.1776 | BPB: 1.6989 | LR: 0.000010 | ms/batch: 46.0
Epoch 15/100 | Batch 17100/21973 | Loss: 1.1775 | BPB: 1.6988 | LR: 0.000010 | ms/batch: 46.0
Epoch 15/100 | Batch 17200/21973 | Loss: 1.1776 | BPB: 1.6989 | LR: 0.000010 | ms/batch: 46.0
Epoch 15/100 | Batch 17300/21973 | Loss: 1.1775 | BPB: 1.6988 | LR: 0.000010 | ms/batch: 46.0
Epoch 15/100 | Batch 17400/21973 | Loss: 1.1775 | BPB: 1.6988 | LR: 0.000010 | ms/batch: 46.0
Epoch 15/100 | Batch 17500/21973 | Loss: 1.1775 | BPB: 1.6988 | LR: 0.000010 | ms/batch: 46.0
Epoch 15/100 | Batch 17600/21973 | Loss: 1.1776 | BPB: 1.6989 | LR: 0.000010 | ms/batch: 46.0
Epoch 15/100 | Batch 17700/21973 | Loss: 1.1776 | BPB: 1.6989 | LR: 0.000010 | ms/batch: 46.0
Epoch 15/100 | Batch 17800/21973 | Loss: 1.1776 | BPB: 1.6989 | LR: 0.000010 | ms/batch: 46.0
Epoch 15/100 | Batch 17900/21973 | Loss: 1.1776 | BPB: 1.6988 | LR: 0.000010 | ms/batch: 46.0
Epoch 15/100 | Batch 18000/21973 | Loss: 1.1776 | BPB: 1.6989 | LR: 0.000010 | ms/batch: 46.0
Epoch 15/100 | Batch 18100/21973 | Loss: 1.1776 | BPB: 1.6988 | LR: 0.000010 | ms/batch: 46.0
Epoch 15/100 | Batch 18200/21973 | Loss: 1.1776 | BPB: 1.6989 | LR: 0.000010 | ms/batch: 46.0
Epoch 15/100 | Batch 18300/21973 | Loss: 1.1776 | BPB: 1.6988 | LR: 0.000010 | ms/batch: 46.0
Epoch 15/100 | Batch 18400/21973 | Loss: 1.1775 | BPB: 1.6988 | LR: 0.000010 | ms/batch: 46.0
Epoch 15/100 | Batch 18500/21973 | Loss: 1.1775 | BPB: 1.6988 | LR: 0.000010 | ms/batch: 46.0
Epoch 15/100 | Batch 18600/21973 | Loss: 1.1775 | BPB: 1.6988 | LR: 0.000010 | ms/batch: 46.0
Epoch 15/100 | Batch 18700/21973 | Loss: 1.1775 | BPB: 1.6988 | LR: 0.000010 | ms/batch: 46.0
Epoch 15/100 | Batch 18800/21973 | Loss: 1.1775 | BPB: 1.6988 | LR: 0.000010 | ms/batch: 46.0
Epoch 15/100 | Batch 18900/21973 | Loss: 1.1775 | BPB: 1.6988 | LR: 0.000010 | ms/batch: 46.0
Epoch 15/100 | Batch 19000/21973 | Loss: 1.1775 | BPB: 1.6988 | LR: 0.000010 | ms/batch: 46.0
Epoch 15/100 | Batch 19100/21973 | Loss: 1.1775 | BPB: 1.6988 | LR: 0.000010 | ms/batch: 46.0
Epoch 15/100 | Batch 19200/21973 | Loss: 1.1775 | BPB: 1.6988 | LR: 0.000010 | ms/batch: 46.0
Epoch 15/100 | Batch 19300/21973 | Loss: 1.1775 | BPB: 1.6988 | LR: 0.000010 | ms/batch: 46.0
Epoch 15/100 | Batch 19400/21973 | Loss: 1.1776 | BPB: 1.6988 | LR: 0.000010 | ms/batch: 46.0
Epoch 15/100 | Batch 19500/21973 | Loss: 1.1776 | BPB: 1.6988 | LR: 0.000010 | ms/batch: 46.0
Epoch 15/100 | Batch 19600/21973 | Loss: 1.1775 | BPB: 1.6988 | LR: 0.000010 | ms/batch: 46.0
Epoch 15/100 | Batch 19700/21973 | Loss: 1.1775 | BPB: 1.6988 | LR: 0.000010 | ms/batch: 46.0
Epoch 15/100 | Batch 19800/21973 | Loss: 1.1775 | BPB: 1.6988 | LR: 0.000010 | ms/batch: 46.0
Epoch 15/100 | Batch 19900/21973 | Loss: 1.1775 | BPB: 1.6988 | LR: 0.000010 | ms/batch: 46.0
Epoch 15/100 | Batch 20000/21973 | Loss: 1.1775 | BPB: 1.6988 | LR: 0.000010 | ms/batch: 46.0
Epoch 15/100 | Batch 20100/21973 | Loss: 1.1775 | BPB: 1.6988 | LR: 0.000010 | ms/batch: 46.0
Epoch 15/100 | Batch 20200/21973 | Loss: 1.1775 | BPB: 1.6988 | LR: 0.000010 | ms/batch: 46.0
Epoch 15/100 | Batch 20300/21973 | Loss: 1.1775 | BPB: 1.6988 | LR: 0.000010 | ms/batch: 46.0
Epoch 15/100 | Batch 20400/21973 | Loss: 1.1775 | BPB: 1.6988 | LR: 0.000010 | ms/batch: 46.0
Epoch 15/100 | Batch 20500/21973 | Loss: 1.1775 | BPB: 1.6988 | LR: 0.000010 | ms/batch: 46.0
Epoch 15/100 | Batch 20600/21973 | Loss: 1.1775 | BPB: 1.6988 | LR: 0.000010 | ms/batch: 46.0
Epoch 15/100 | Batch 20700/21973 | Loss: 1.1775 | BPB: 1.6988 | LR: 0.000010 | ms/batch: 46.0
Epoch 15/100 | Batch 20800/21973 | Loss: 1.1775 | BPB: 1.6988 | LR: 0.000010 | ms/batch: 46.0
Epoch 15/100 | Batch 20900/21973 | Loss: 1.1775 | BPB: 1.6988 | LR: 0.000010 | ms/batch: 46.0
Epoch 15/100 | Batch 21000/21973 | Loss: 1.1775 | BPB: 1.6988 | LR: 0.000010 | ms/batch: 46.0
Epoch 15/100 | Batch 21100/21973 | Loss: 1.1775 | BPB: 1.6988 | LR: 0.000010 | ms/batch: 46.0
Epoch 15/100 | Batch 21200/21973 | Loss: 1.1775 | BPB: 1.6988 | LR: 0.000010 | ms/batch: 46.0
Epoch 15/100 | Batch 21300/21973 | Loss: 1.1775 | BPB: 1.6988 | LR: 0.000010 | ms/batch: 46.0
Epoch 15/100 | Batch 21400/21973 | Loss: 1.1775 | BPB: 1.6988 | LR: 0.000010 | ms/batch: 46.0
Epoch 15/100 | Batch 21500/21973 | Loss: 1.1775 | BPB: 1.6988 | LR: 0.000010 | ms/batch: 46.0
Epoch 15/100 | Batch 21600/21973 | Loss: 1.1775 | BPB: 1.6988 | LR: 0.000010 | ms/batch: 46.0
Epoch 15/100 | Batch 21700/21973 | Loss: 1.1775 | BPB: 1.6988 | LR: 0.000010 | ms/batch: 46.0
Epoch 15/100 | Batch 21800/21973 | Loss: 1.1775 | BPB: 1.6988 | LR: 0.000010 | ms/batch: 46.0
Epoch 15/100 | Batch 21900/21973 | Loss: 1.1775 | BPB: 1.6988 | LR: 0.000010 | ms/batch: 46.0

Epoch 15/100 Summary:
Training Loss: 1.1775 (BPB: 1.6988)
Validation Loss: 0.8787 (BPB: 1.2676)
Best Validation Loss: 0.8787
Learning Rate: 0.000010
Epoch 16/100 | Batch 0/21973 | Loss: 1.1624 | BPB: 1.6770 | LR: 0.000010 | ms/batch: 129.9
Epoch 16/100 | Batch 100/21973 | Loss: 1.1776 | BPB: 1.6989 | LR: 0.000010 | ms/batch: 49.0
Epoch 16/100 | Batch 200/21973 | Loss: 1.1763 | BPB: 1.6971 | LR: 0.000010 | ms/batch: 48.2
Epoch 16/100 | Batch 300/21973 | Loss: 1.1763 | BPB: 1.6971 | LR: 0.000010 | ms/batch: 48.0
Epoch 16/100 | Batch 400/21973 | Loss: 1.1758 | BPB: 1.6964 | LR: 0.000010 | ms/batch: 47.9
Epoch 16/100 | Batch 500/21973 | Loss: 1.1762 | BPB: 1.6970 | LR: 0.000010 | ms/batch: 47.8
Epoch 16/100 | Batch 600/21973 | Loss: 1.1763 | BPB: 1.6970 | LR: 0.000010 | ms/batch: 47.9
Epoch 16/100 | Batch 700/21973 | Loss: 1.1761 | BPB: 1.6967 | LR: 0.000010 | ms/batch: 47.8
Epoch 16/100 | Batch 800/21973 | Loss: 1.1764 | BPB: 1.6972 | LR: 0.000010 | ms/batch: 47.8
Epoch 16/100 | Batch 900/21973 | Loss: 1.1764 | BPB: 1.6971 | LR: 0.000010 | ms/batch: 47.8
Epoch 16/100 | Batch 1000/21973 | Loss: 1.1765 | BPB: 1.6973 | LR: 0.000010 | ms/batch: 47.8
Epoch 16/100 | Batch 1100/21973 | Loss: 1.1764 | BPB: 1.6972 | LR: 0.000010 | ms/batch: 47.8
Epoch 16/100 | Batch 1200/21973 | Loss: 1.1765 | BPB: 1.6973 | LR: 0.000010 | ms/batch: 47.8
Epoch 16/100 | Batch 1300/21973 | Loss: 1.1765 | BPB: 1.6973 | LR: 0.000010 | ms/batch: 47.8
Epoch 16/100 | Batch 1400/21973 | Loss: 1.1764 | BPB: 1.6972 | LR: 0.000010 | ms/batch: 47.7
Epoch 16/100 | Batch 1500/21973 | Loss: 1.1764 | BPB: 1.6972 | LR: 0.000010 | ms/batch: 47.7
Epoch 16/100 | Batch 1600/21973 | Loss: 1.1767 | BPB: 1.6976 | LR: 0.000010 | ms/batch: 47.8
Epoch 16/100 | Batch 1700/21973 | Loss: 1.1766 | BPB: 1.6975 | LR: 0.000010 | ms/batch: 47.7
Epoch 16/100 | Batch 1800/21973 | Loss: 1.1768 | BPB: 1.6977 | LR: 0.000010 | ms/batch: 47.7
Epoch 16/100 | Batch 1900/21973 | Loss: 1.1768 | BPB: 1.6978 | LR: 0.000010 | ms/batch: 47.7
Epoch 16/100 | Batch 2000/21973 | Loss: 1.1768 | BPB: 1.6978 | LR: 0.000010 | ms/batch: 47.7
Epoch 16/100 | Batch 2100/21973 | Loss: 1.1768 | BPB: 1.6978 | LR: 0.000010 | ms/batch: 47.7
Epoch 16/100 | Batch 2200/21973 | Loss: 1.1767 | BPB: 1.6977 | LR: 0.000010 | ms/batch: 47.7
Epoch 16/100 | Batch 2300/21973 | Loss: 1.1768 | BPB: 1.6977 | LR: 0.000010 | ms/batch: 47.7
Epoch 16/100 | Batch 2400/21973 | Loss: 1.1769 | BPB: 1.6979 | LR: 0.000010 | ms/batch: 47.7
Epoch 16/100 | Batch 2500/21973 | Loss: 1.1770 | BPB: 1.6981 | LR: 0.000010 | ms/batch: 47.7
Epoch 16/100 | Batch 2600/21973 | Loss: 1.1770 | BPB: 1.6980 | LR: 0.000010 | ms/batch: 47.7
Epoch 16/100 | Batch 2700/21973 | Loss: 1.1770 | BPB: 1.6980 | LR: 0.000010 | ms/batch: 47.7
Epoch 16/100 | Batch 2800/21973 | Loss: 1.1771 | BPB: 1.6982 | LR: 0.000010 | ms/batch: 47.7
Epoch 16/100 | Batch 2900/21973 | Loss: 1.1771 | BPB: 1.6982 | LR: 0.000010 | ms/batch: 47.7
Epoch 16/100 | Batch 3000/21973 | Loss: 1.1772 | BPB: 1.6984 | LR: 0.000010 | ms/batch: 47.7
Epoch 16/100 | Batch 3100/21973 | Loss: 1.1773 | BPB: 1.6984 | LR: 0.000010 | ms/batch: 47.7
Epoch 16/100 | Batch 3200/21973 | Loss: 1.1773 | BPB: 1.6985 | LR: 0.000010 | ms/batch: 47.7
Epoch 16/100 | Batch 3300/21973 | Loss: 1.1773 | BPB: 1.6985 | LR: 0.000010 | ms/batch: 47.7
Epoch 16/100 | Batch 3400/21973 | Loss: 1.1773 | BPB: 1.6985 | LR: 0.000010 | ms/batch: 47.7
Epoch 16/100 | Batch 3500/21973 | Loss: 1.1773 | BPB: 1.6984 | LR: 0.000010 | ms/batch: 47.7
Epoch 16/100 | Batch 3600/21973 | Loss: 1.1773 | BPB: 1.6984 | LR: 0.000010 | ms/batch: 47.7
Epoch 16/100 | Batch 3700/21973 | Loss: 1.1772 | BPB: 1.6984 | LR: 0.000010 | ms/batch: 47.7
Epoch 16/100 | Batch 3800/21973 | Loss: 1.1772 | BPB: 1.6984 | LR: 0.000010 | ms/batch: 47.7
Epoch 16/100 | Batch 3900/21973 | Loss: 1.1772 | BPB: 1.6983 | LR: 0.000010 | ms/batch: 47.7
Epoch 16/100 | Batch 4000/21973 | Loss: 1.1771 | BPB: 1.6983 | LR: 0.000010 | ms/batch: 47.7
Epoch 16/100 | Batch 4100/21973 | Loss: 1.1772 | BPB: 1.6983 | LR: 0.000010 | ms/batch: 47.7
Epoch 16/100 | Batch 4200/21973 | Loss: 1.1772 | BPB: 1.6983 | LR: 0.000010 | ms/batch: 47.7
Epoch 16/100 | Batch 4300/21973 | Loss: 1.1772 | BPB: 1.6984 | LR: 0.000010 | ms/batch: 47.7
Epoch 16/100 | Batch 4400/21973 | Loss: 1.1773 | BPB: 1.6984 | LR: 0.000010 | ms/batch: 47.7
Epoch 16/100 | Batch 4500/21973 | Loss: 1.1773 | BPB: 1.6984 | LR: 0.000010 | ms/batch: 47.7
Epoch 16/100 | Batch 4600/21973 | Loss: 1.1773 | BPB: 1.6985 | LR: 0.000010 | ms/batch: 47.7
Epoch 16/100 | Batch 4700/21973 | Loss: 1.1773 | BPB: 1.6985 | LR: 0.000010 | ms/batch: 47.7
Epoch 16/100 | Batch 4800/21973 | Loss: 1.1773 | BPB: 1.6985 | LR: 0.000010 | ms/batch: 47.7
Epoch 16/100 | Batch 4900/21973 | Loss: 1.1773 | BPB: 1.6984 | LR: 0.000010 | ms/batch: 47.7
Epoch 16/100 | Batch 5000/21973 | Loss: 1.1773 | BPB: 1.6984 | LR: 0.000010 | ms/batch: 47.7
Epoch 16/100 | Batch 5100/21973 | Loss: 1.1773 | BPB: 1.6985 | LR: 0.000010 | ms/batch: 47.7
Epoch 16/100 | Batch 5200/21973 | Loss: 1.1773 | BPB: 1.6985 | LR: 0.000010 | ms/batch: 47.7
Epoch 16/100 | Batch 5300/21973 | Loss: 1.1773 | BPB: 1.6984 | LR: 0.000010 | ms/batch: 47.7
Epoch 16/100 | Batch 5400/21973 | Loss: 1.1773 | BPB: 1.6984 | LR: 0.000010 | ms/batch: 47.7
Epoch 16/100 | Batch 5500/21973 | Loss: 1.1772 | BPB: 1.6983 | LR: 0.000010 | ms/batch: 47.7
Epoch 16/100 | Batch 5600/21973 | Loss: 1.1772 | BPB: 1.6983 | LR: 0.000010 | ms/batch: 47.7
Epoch 16/100 | Batch 5700/21973 | Loss: 1.1772 | BPB: 1.6984 | LR: 0.000010 | ms/batch: 47.7
Epoch 16/100 | Batch 5800/21973 | Loss: 1.1772 | BPB: 1.6983 | LR: 0.000010 | ms/batch: 47.7
Epoch 16/100 | Batch 5900/21973 | Loss: 1.1772 | BPB: 1.6983 | LR: 0.000010 | ms/batch: 47.7
Epoch 16/100 | Batch 6000/21973 | Loss: 1.1771 | BPB: 1.6983 | LR: 0.000010 | ms/batch: 47.7
Epoch 16/100 | Batch 6100/21973 | Loss: 1.1771 | BPB: 1.6983 | LR: 0.000010 | ms/batch: 47.7
Epoch 16/100 | Batch 6200/21973 | Loss: 1.1771 | BPB: 1.6982 | LR: 0.000010 | ms/batch: 47.7
Epoch 16/100 | Batch 6300/21973 | Loss: 1.1771 | BPB: 1.6982 | LR: 0.000010 | ms/batch: 47.7
Epoch 16/100 | Batch 6400/21973 | Loss: 1.1771 | BPB: 1.6982 | LR: 0.000010 | ms/batch: 47.7
Epoch 16/100 | Batch 6500/21973 | Loss: 1.1771 | BPB: 1.6982 | LR: 0.000010 | ms/batch: 47.7
Epoch 16/100 | Batch 6600/21973 | Loss: 1.1771 | BPB: 1.6982 | LR: 0.000010 | ms/batch: 47.7
Epoch 16/100 | Batch 6700/21973 | Loss: 1.1771 | BPB: 1.6982 | LR: 0.000010 | ms/batch: 47.7
Epoch 16/100 | Batch 6800/21973 | Loss: 1.1771 | BPB: 1.6982 | LR: 0.000010 | ms/batch: 47.7
Epoch 16/100 | Batch 6900/21973 | Loss: 1.1771 | BPB: 1.6982 | LR: 0.000010 | ms/batch: 47.7
Epoch 16/100 | Batch 7000/21973 | Loss: 1.1770 | BPB: 1.6981 | LR: 0.000010 | ms/batch: 47.7
Epoch 16/100 | Batch 7100/21973 | Loss: 1.1770 | BPB: 1.6981 | LR: 0.000010 | ms/batch: 47.7
Epoch 16/100 | Batch 7200/21973 | Loss: 1.1771 | BPB: 1.6982 | LR: 0.000010 | ms/batch: 47.7
Epoch 16/100 | Batch 7300/21973 | Loss: 1.1771 | BPB: 1.6981 | LR: 0.000010 | ms/batch: 47.7
Epoch 16/100 | Batch 7400/21973 | Loss: 1.1771 | BPB: 1.6982 | LR: 0.000010 | ms/batch: 47.7
Epoch 16/100 | Batch 7500/21973 | Loss: 1.1771 | BPB: 1.6982 | LR: 0.000010 | ms/batch: 47.7
Epoch 16/100 | Batch 7600/21973 | Loss: 1.1771 | BPB: 1.6982 | LR: 0.000010 | ms/batch: 47.7
Epoch 16/100 | Batch 7700/21973 | Loss: 1.1771 | BPB: 1.6982 | LR: 0.000010 | ms/batch: 47.7
Epoch 16/100 | Batch 7800/21973 | Loss: 1.1771 | BPB: 1.6982 | LR: 0.000010 | ms/batch: 47.7
Epoch 16/100 | Batch 7900/21973 | Loss: 1.1771 | BPB: 1.6982 | LR: 0.000010 | ms/batch: 47.7
Epoch 16/100 | Batch 8000/21973 | Loss: 1.1771 | BPB: 1.6982 | LR: 0.000010 | ms/batch: 47.7
Epoch 16/100 | Batch 8100/21973 | Loss: 1.1771 | BPB: 1.6982 | LR: 0.000010 | ms/batch: 47.7
Epoch 16/100 | Batch 8200/21973 | Loss: 1.1771 | BPB: 1.6982 | LR: 0.000010 | ms/batch: 47.7
Epoch 16/100 | Batch 8300/21973 | Loss: 1.1771 | BPB: 1.6982 | LR: 0.000010 | ms/batch: 47.7
Epoch 16/100 | Batch 8400/21973 | Loss: 1.1771 | BPB: 1.6982 | LR: 0.000010 | ms/batch: 47.7
Epoch 16/100 | Batch 8500/21973 | Loss: 1.1771 | BPB: 1.6982 | LR: 0.000010 | ms/batch: 47.7
Epoch 16/100 | Batch 8600/21973 | Loss: 1.1771 | BPB: 1.6982 | LR: 0.000010 | ms/batch: 47.7
Epoch 16/100 | Batch 8700/21973 | Loss: 1.1771 | BPB: 1.6982 | LR: 0.000010 | ms/batch: 47.7
Epoch 16/100 | Batch 8800/21973 | Loss: 1.1771 | BPB: 1.6982 | LR: 0.000010 | ms/batch: 47.7
Epoch 16/100 | Batch 8900/21973 | Loss: 1.1771 | BPB: 1.6982 | LR: 0.000010 | ms/batch: 47.7
Epoch 16/100 | Batch 9000/21973 | Loss: 1.1771 | BPB: 1.6982 | LR: 0.000010 | ms/batch: 47.7
Epoch 16/100 | Batch 9100/21973 | Loss: 1.1771 | BPB: 1.6982 | LR: 0.000010 | ms/batch: 47.7
Epoch 16/100 | Batch 9200/21973 | Loss: 1.1771 | BPB: 1.6982 | LR: 0.000010 | ms/batch: 47.7
Epoch 16/100 | Batch 9300/21973 | Loss: 1.1771 | BPB: 1.6982 | LR: 0.000010 | ms/batch: 47.7
Epoch 16/100 | Batch 9400/21973 | Loss: 1.1771 | BPB: 1.6982 | LR: 0.000010 | ms/batch: 47.7
Epoch 16/100 | Batch 9500/21973 | Loss: 1.1771 | BPB: 1.6982 | LR: 0.000010 | ms/batch: 47.7
Epoch 16/100 | Batch 9600/21973 | Loss: 1.1771 | BPB: 1.6982 | LR: 0.000010 | ms/batch: 47.7
Epoch 16/100 | Batch 9700/21973 | Loss: 1.1771 | BPB: 1.6982 | LR: 0.000010 | ms/batch: 47.7
Epoch 16/100 | Batch 9800/21973 | Loss: 1.1771 | BPB: 1.6982 | LR: 0.000010 | ms/batch: 47.7
Epoch 16/100 | Batch 9900/21973 | Loss: 1.1771 | BPB: 1.6982 | LR: 0.000010 | ms/batch: 47.7
Epoch 16/100 | Batch 10000/21973 | Loss: 1.1771 | BPB: 1.6982 | LR: 0.000010 | ms/batch: 47.6
Epoch 16/100 | Batch 10100/21973 | Loss: 1.1771 | BPB: 1.6982 | LR: 0.000010 | ms/batch: 47.6
Epoch 16/100 | Batch 10200/21973 | Loss: 1.1771 | BPB: 1.6982 | LR: 0.000010 | ms/batch: 47.6
Epoch 16/100 | Batch 10300/21973 | Loss: 1.1771 | BPB: 1.6982 | LR: 0.000010 | ms/batch: 47.6
Epoch 16/100 | Batch 10400/21973 | Loss: 1.1771 | BPB: 1.6982 | LR: 0.000010 | ms/batch: 47.6
Epoch 16/100 | Batch 10500/21973 | Loss: 1.1771 | BPB: 1.6982 | LR: 0.000010 | ms/batch: 47.6
Epoch 16/100 | Batch 10600/21973 | Loss: 1.1771 | BPB: 1.6981 | LR: 0.000010 | ms/batch: 47.6
Epoch 16/100 | Batch 10700/21973 | Loss: 1.1771 | BPB: 1.6981 | LR: 0.000010 | ms/batch: 47.6
Epoch 16/100 | Batch 10800/21973 | Loss: 1.1771 | BPB: 1.6982 | LR: 0.000010 | ms/batch: 47.6
Epoch 16/100 | Batch 10900/21973 | Loss: 1.1770 | BPB: 1.6981 | LR: 0.000010 | ms/batch: 47.6
Epoch 16/100 | Batch 11000/21973 | Loss: 1.1770 | BPB: 1.6981 | LR: 0.000010 | ms/batch: 47.6
Epoch 16/100 | Batch 11100/21973 | Loss: 1.1770 | BPB: 1.6981 | LR: 0.000010 | ms/batch: 47.6
Epoch 16/100 | Batch 11200/21973 | Loss: 1.1770 | BPB: 1.6981 | LR: 0.000010 | ms/batch: 47.6
Epoch 16/100 | Batch 11300/21973 | Loss: 1.1770 | BPB: 1.6981 | LR: 0.000010 | ms/batch: 47.6
Epoch 16/100 | Batch 11400/21973 | Loss: 1.1770 | BPB: 1.6980 | LR: 0.000010 | ms/batch: 47.6
Epoch 16/100 | Batch 11500/21973 | Loss: 1.1770 | BPB: 1.6980 | LR: 0.000010 | ms/batch: 47.6
Epoch 16/100 | Batch 11600/21973 | Loss: 1.1770 | BPB: 1.6980 | LR: 0.000010 | ms/batch: 47.6
Epoch 16/100 | Batch 11700/21973 | Loss: 1.1770 | BPB: 1.6980 | LR: 0.000010 | ms/batch: 47.6
Epoch 16/100 | Batch 11800/21973 | Loss: 1.1770 | BPB: 1.6980 | LR: 0.000010 | ms/batch: 47.6
Epoch 16/100 | Batch 11900/21973 | Loss: 1.1770 | BPB: 1.6980 | LR: 0.000010 | ms/batch: 47.6
Epoch 16/100 | Batch 12000/21973 | Loss: 1.1770 | BPB: 1.6980 | LR: 0.000010 | ms/batch: 47.6
Epoch 16/100 | Batch 12100/21973 | Loss: 1.1770 | BPB: 1.6981 | LR: 0.000010 | ms/batch: 47.6
Epoch 16/100 | Batch 12200/21973 | Loss: 1.1770 | BPB: 1.6981 | LR: 0.000010 | ms/batch: 47.6
Epoch 16/100 | Batch 12300/21973 | Loss: 1.1770 | BPB: 1.6981 | LR: 0.000010 | ms/batch: 47.6
Epoch 16/100 | Batch 12400/21973 | Loss: 1.1770 | BPB: 1.6980 | LR: 0.000010 | ms/batch: 47.6
Epoch 16/100 | Batch 12500/21973 | Loss: 1.1770 | BPB: 1.6980 | LR: 0.000010 | ms/batch: 47.6
Epoch 16/100 | Batch 12600/21973 | Loss: 1.1770 | BPB: 1.6980 | LR: 0.000010 | ms/batch: 47.6
Epoch 16/100 | Batch 12700/21973 | Loss: 1.1770 | BPB: 1.6980 | LR: 0.000010 | ms/batch: 47.6
Epoch 16/100 | Batch 12800/21973 | Loss: 1.1770 | BPB: 1.6980 | LR: 0.000010 | ms/batch: 47.6
Epoch 16/100 | Batch 12900/21973 | Loss: 1.1770 | BPB: 1.6980 | LR: 0.000010 | ms/batch: 47.6
Epoch 16/100 | Batch 13000/21973 | Loss: 1.1770 | BPB: 1.6980 | LR: 0.000010 | ms/batch: 47.6
Epoch 16/100 | Batch 13100/21973 | Loss: 1.1770 | BPB: 1.6980 | LR: 0.000010 | ms/batch: 47.6
Epoch 16/100 | Batch 13200/21973 | Loss: 1.1769 | BPB: 1.6980 | LR: 0.000010 | ms/batch: 47.6
Epoch 16/100 | Batch 13300/21973 | Loss: 1.1770 | BPB: 1.6980 | LR: 0.000010 | ms/batch: 47.6
Epoch 16/100 | Batch 13400/21973 | Loss: 1.1769 | BPB: 1.6980 | LR: 0.000010 | ms/batch: 47.6
Epoch 16/100 | Batch 13500/21973 | Loss: 1.1769 | BPB: 1.6979 | LR: 0.000010 | ms/batch: 47.6
Epoch 16/100 | Batch 13600/21973 | Loss: 1.1769 | BPB: 1.6980 | LR: 0.000010 | ms/batch: 47.6
Epoch 16/100 | Batch 13700/21973 | Loss: 1.1769 | BPB: 1.6980 | LR: 0.000010 | ms/batch: 47.6
Epoch 16/100 | Batch 13800/21973 | Loss: 1.1769 | BPB: 1.6979 | LR: 0.000010 | ms/batch: 47.6
Epoch 16/100 | Batch 13900/21973 | Loss: 1.1769 | BPB: 1.6979 | LR: 0.000010 | ms/batch: 47.6
Epoch 16/100 | Batch 14000/21973 | Loss: 1.1769 | BPB: 1.6979 | LR: 0.000010 | ms/batch: 47.6
Epoch 16/100 | Batch 14100/21973 | Loss: 1.1769 | BPB: 1.6979 | LR: 0.000010 | ms/batch: 47.6
Epoch 16/100 | Batch 14200/21973 | Loss: 1.1769 | BPB: 1.6979 | LR: 0.000010 | ms/batch: 47.6
Epoch 16/100 | Batch 14300/21973 | Loss: 1.1769 | BPB: 1.6980 | LR: 0.000010 | ms/batch: 47.6
Epoch 16/100 | Batch 14400/21973 | Loss: 1.1769 | BPB: 1.6979 | LR: 0.000010 | ms/batch: 47.6
Epoch 16/100 | Batch 14500/21973 | Loss: 1.1769 | BPB: 1.6980 | LR: 0.000010 | ms/batch: 47.6
Epoch 16/100 | Batch 14600/21973 | Loss: 1.1769 | BPB: 1.6979 | LR: 0.000010 | ms/batch: 47.6
Epoch 16/100 | Batch 14700/21973 | Loss: 1.1769 | BPB: 1.6979 | LR: 0.000010 | ms/batch: 47.6
Epoch 16/100 | Batch 14800/21973 | Loss: 1.1769 | BPB: 1.6979 | LR: 0.000010 | ms/batch: 47.6
Epoch 16/100 | Batch 14900/21973 | Loss: 1.1769 | BPB: 1.6979 | LR: 0.000010 | ms/batch: 47.6
Epoch 16/100 | Batch 15000/21973 | Loss: 1.1769 | BPB: 1.6979 | LR: 0.000010 | ms/batch: 47.6
Epoch 16/100 | Batch 15100/21973 | Loss: 1.1769 | BPB: 1.6979 | LR: 0.000010 | ms/batch: 47.6
Epoch 16/100 | Batch 15200/21973 | Loss: 1.1769 | BPB: 1.6979 | LR: 0.000010 | ms/batch: 47.6
Epoch 16/100 | Batch 15300/21973 | Loss: 1.1769 | BPB: 1.6980 | LR: 0.000010 | ms/batch: 47.6
Epoch 16/100 | Batch 15400/21973 | Loss: 1.1769 | BPB: 1.6980 | LR: 0.000010 | ms/batch: 47.6
Epoch 16/100 | Batch 15500/21973 | Loss: 1.1769 | BPB: 1.6980 | LR: 0.000010 | ms/batch: 47.6
Epoch 16/100 | Batch 15600/21973 | Loss: 1.1769 | BPB: 1.6980 | LR: 0.000010 | ms/batch: 47.6
Epoch 16/100 | Batch 15700/21973 | Loss: 1.1769 | BPB: 1.6979 | LR: 0.000010 | ms/batch: 47.6
Epoch 16/100 | Batch 15800/21973 | Loss: 1.1769 | BPB: 1.6980 | LR: 0.000010 | ms/batch: 47.6
Epoch 16/100 | Batch 15900/21973 | Loss: 1.1769 | BPB: 1.6980 | LR: 0.000010 | ms/batch: 47.6
Epoch 16/100 | Batch 16000/21973 | Loss: 1.1769 | BPB: 1.6980 | LR: 0.000010 | ms/batch: 47.6
Epoch 16/100 | Batch 16100/21973 | Loss: 1.1770 | BPB: 1.6980 | LR: 0.000010 | ms/batch: 47.6
Epoch 16/100 | Batch 16200/21973 | Loss: 1.1769 | BPB: 1.6980 | LR: 0.000010 | ms/batch: 47.6
Epoch 16/100 | Batch 16300/21973 | Loss: 1.1769 | BPB: 1.6980 | LR: 0.000010 | ms/batch: 47.6
Epoch 16/100 | Batch 16400/21973 | Loss: 1.1769 | BPB: 1.6980 | LR: 0.000010 | ms/batch: 47.6
Epoch 16/100 | Batch 16500/21973 | Loss: 1.1769 | BPB: 1.6980 | LR: 0.000010 | ms/batch: 47.6
Epoch 16/100 | Batch 16600/21973 | Loss: 1.1769 | BPB: 1.6980 | LR: 0.000010 | ms/batch: 47.6
Epoch 16/100 | Batch 16700/21973 | Loss: 1.1769 | BPB: 1.6980 | LR: 0.000010 | ms/batch: 47.6
Epoch 16/100 | Batch 16800/21973 | Loss: 1.1769 | BPB: 1.6980 | LR: 0.000010 | ms/batch: 47.6
Epoch 16/100 | Batch 16900/21973 | Loss: 1.1769 | BPB: 1.6979 | LR: 0.000010 | ms/batch: 47.6
Epoch 16/100 | Batch 17000/21973 | Loss: 1.1769 | BPB: 1.6979 | LR: 0.000010 | ms/batch: 47.6
Epoch 16/100 | Batch 17100/21973 | Loss: 1.1769 | BPB: 1.6979 | LR: 0.000010 | ms/batch: 47.6
Epoch 16/100 | Batch 17200/21973 | Loss: 1.1769 | BPB: 1.6979 | LR: 0.000010 | ms/batch: 47.6
Epoch 16/100 | Batch 17300/21973 | Loss: 1.1769 | BPB: 1.6979 | LR: 0.000010 | ms/batch: 47.6
Epoch 16/100 | Batch 17400/21973 | Loss: 1.1769 | BPB: 1.6979 | LR: 0.000010 | ms/batch: 47.6
Epoch 16/100 | Batch 17500/21973 | Loss: 1.1769 | BPB: 1.6979 | LR: 0.000010 | ms/batch: 47.6
Epoch 16/100 | Batch 17600/21973 | Loss: 1.1769 | BPB: 1.6979 | LR: 0.000010 | ms/batch: 47.6
Epoch 16/100 | Batch 17700/21973 | Loss: 1.1769 | BPB: 1.6979 | LR: 0.000010 | ms/batch: 47.6
Epoch 16/100 | Batch 17800/21973 | Loss: 1.1769 | BPB: 1.6979 | LR: 0.000010 | ms/batch: 47.6
Epoch 16/100 | Batch 17900/21973 | Loss: 1.1769 | BPB: 1.6979 | LR: 0.000010 | ms/batch: 47.6
Epoch 16/100 | Batch 18000/21973 | Loss: 1.1769 | BPB: 1.6979 | LR: 0.000010 | ms/batch: 47.6
Epoch 16/100 | Batch 18100/21973 | Loss: 1.1769 | BPB: 1.6979 | LR: 0.000010 | ms/batch: 47.6
Epoch 16/100 | Batch 18200/21973 | Loss: 1.1769 | BPB: 1.6979 | LR: 0.000010 | ms/batch: 47.6
Epoch 16/100 | Batch 18300/21973 | Loss: 1.1769 | BPB: 1.6979 | LR: 0.000010 | ms/batch: 47.6
Epoch 16/100 | Batch 18400/21973 | Loss: 1.1769 | BPB: 1.6979 | LR: 0.000010 | ms/batch: 47.6
Epoch 16/100 | Batch 18500/21973 | Loss: 1.1769 | BPB: 1.6979 | LR: 0.000010 | ms/batch: 47.6
Epoch 16/100 | Batch 18600/21973 | Loss: 1.1769 | BPB: 1.6979 | LR: 0.000010 | ms/batch: 47.6
Epoch 16/100 | Batch 18700/21973 | Loss: 1.1769 | BPB: 1.6979 | LR: 0.000010 | ms/batch: 47.6
Epoch 16/100 | Batch 18800/21973 | Loss: 1.1769 | BPB: 1.6979 | LR: 0.000010 | ms/batch: 47.6
Epoch 16/100 | Batch 18900/21973 | Loss: 1.1769 | BPB: 1.6979 | LR: 0.000010 | ms/batch: 47.6
Epoch 16/100 | Batch 19000/21973 | Loss: 1.1769 | BPB: 1.6979 | LR: 0.000010 | ms/batch: 47.6
Epoch 16/100 | Batch 19100/21973 | Loss: 1.1769 | BPB: 1.6979 | LR: 0.000010 | ms/batch: 47.6
Epoch 16/100 | Batch 19200/21973 | Loss: 1.1769 | BPB: 1.6979 | LR: 0.000010 | ms/batch: 47.6
Epoch 16/100 | Batch 19300/21973 | Loss: 1.1769 | BPB: 1.6979 | LR: 0.000010 | ms/batch: 47.6
Epoch 16/100 | Batch 19400/21973 | Loss: 1.1769 | BPB: 1.6979 | LR: 0.000010 | ms/batch: 47.6
Epoch 16/100 | Batch 19500/21973 | Loss: 1.1769 | BPB: 1.6979 | LR: 0.000010 | ms/batch: 47.6
Epoch 16/100 | Batch 19600/21973 | Loss: 1.1769 | BPB: 1.6979 | LR: 0.000010 | ms/batch: 47.6
Epoch 16/100 | Batch 19700/21973 | Loss: 1.1769 | BPB: 1.6979 | LR: 0.000010 | ms/batch: 47.6
Epoch 16/100 | Batch 19800/21973 | Loss: 1.1769 | BPB: 1.6979 | LR: 0.000010 | ms/batch: 47.6
Epoch 16/100 | Batch 19900/21973 | Loss: 1.1769 | BPB: 1.6979 | LR: 0.000010 | ms/batch: 47.6
Epoch 16/100 | Batch 20000/21973 | Loss: 1.1769 | BPB: 1.6979 | LR: 0.000010 | ms/batch: 47.6
Epoch 16/100 | Batch 20100/21973 | Loss: 1.1769 | BPB: 1.6979 | LR: 0.000010 | ms/batch: 47.6
Epoch 16/100 | Batch 20200/21973 | Loss: 1.1769 | BPB: 1.6979 | LR: 0.000010 | ms/batch: 47.6
Epoch 16/100 | Batch 20300/21973 | Loss: 1.1769 | BPB: 1.6979 | LR: 0.000010 | ms/batch: 47.6
Epoch 16/100 | Batch 20400/21973 | Loss: 1.1769 | BPB: 1.6979 | LR: 0.000010 | ms/batch: 47.6
Epoch 16/100 | Batch 20500/21973 | Loss: 1.1769 | BPB: 1.6979 | LR: 0.000010 | ms/batch: 47.6
Epoch 16/100 | Batch 20600/21973 | Loss: 1.1769 | BPB: 1.6979 | LR: 0.000010 | ms/batch: 47.6
Epoch 16/100 | Batch 20700/21973 | Loss: 1.1769 | BPB: 1.6979 | LR: 0.000010 | ms/batch: 47.6
Epoch 16/100 | Batch 20800/21973 | Loss: 1.1769 | BPB: 1.6979 | LR: 0.000010 | ms/batch: 47.6
Epoch 16/100 | Batch 20900/21973 | Loss: 1.1769 | BPB: 1.6979 | LR: 0.000010 | ms/batch: 47.6
Epoch 16/100 | Batch 21000/21973 | Loss: 1.1769 | BPB: 1.6979 | LR: 0.000010 | ms/batch: 47.6
Epoch 16/100 | Batch 21100/21973 | Loss: 1.1769 | BPB: 1.6979 | LR: 0.000010 | ms/batch: 47.6
Epoch 16/100 | Batch 21200/21973 | Loss: 1.1769 | BPB: 1.6979 | LR: 0.000010 | ms/batch: 47.6
Epoch 16/100 | Batch 21300/21973 | Loss: 1.1769 | BPB: 1.6979 | LR: 0.000010 | ms/batch: 47.6
Epoch 16/100 | Batch 21400/21973 | Loss: 1.1769 | BPB: 1.6979 | LR: 0.000010 | ms/batch: 47.6
Epoch 16/100 | Batch 21500/21973 | Loss: 1.1769 | BPB: 1.6979 | LR: 0.000010 | ms/batch: 47.6
Epoch 16/100 | Batch 21600/21973 | Loss: 1.1769 | BPB: 1.6979 | LR: 0.000010 | ms/batch: 47.6
Epoch 16/100 | Batch 21700/21973 | Loss: 1.1769 | BPB: 1.6978 | LR: 0.000010 | ms/batch: 47.6
Epoch 16/100 | Batch 21800/21973 | Loss: 1.1769 | BPB: 1.6979 | LR: 0.000010 | ms/batch: 47.6
Epoch 16/100 | Batch 21900/21973 | Loss: 1.1769 | BPB: 1.6978 | LR: 0.000010 | ms/batch: 47.6

Epoch 16/100 Summary:
Training Loss: 1.1769 (BPB: 1.6978)
Validation Loss: 0.8787 (BPB: 1.2676)
Best Validation Loss: 0.8787
Learning Rate: 0.000010
Epoch 17/100 | Batch 0/21973 | Loss: 1.1799 | BPB: 1.7023 | LR: 0.000010 | ms/batch: 128.7
Epoch 17/100 | Batch 100/21973 | Loss: 1.1787 | BPB: 1.7006 | LR: 0.000010 | ms/batch: 48.3
Epoch 17/100 | Batch 200/21973 | Loss: 1.1767 | BPB: 1.6976 | LR: 0.000010 | ms/batch: 47.5
Epoch 17/100 | Batch 300/21973 | Loss: 1.1770 | BPB: 1.6981 | LR: 0.000010 | ms/batch: 47.0
Epoch 17/100 | Batch 400/21973 | Loss: 1.1775 | BPB: 1.6988 | LR: 0.000010 | ms/batch: 46.7
Epoch 17/100 | Batch 500/21973 | Loss: 1.1773 | BPB: 1.6984 | LR: 0.000010 | ms/batch: 46.5
Epoch 17/100 | Batch 600/21973 | Loss: 1.1775 | BPB: 1.6988 | LR: 0.000010 | ms/batch: 46.5
Epoch 17/100 | Batch 700/21973 | Loss: 1.1767 | BPB: 1.6977 | LR: 0.000010 | ms/batch: 46.4
Epoch 17/100 | Batch 800/21973 | Loss: 1.1766 | BPB: 1.6975 | LR: 0.000010 | ms/batch: 46.4
Epoch 17/100 | Batch 900/21973 | Loss: 1.1767 | BPB: 1.6976 | LR: 0.000010 | ms/batch: 46.3
Epoch 17/100 | Batch 1000/21973 | Loss: 1.1765 | BPB: 1.6974 | LR: 0.000010 | ms/batch: 46.3
Epoch 17/100 | Batch 1100/21973 | Loss: 1.1763 | BPB: 1.6971 | LR: 0.000010 | ms/batch: 46.3
Epoch 17/100 | Batch 1200/21973 | Loss: 1.1763 | BPB: 1.6970 | LR: 0.000010 | ms/batch: 46.3
Epoch 17/100 | Batch 1300/21973 | Loss: 1.1763 | BPB: 1.6970 | LR: 0.000010 | ms/batch: 46.2
Epoch 17/100 | Batch 1400/21973 | Loss: 1.1762 | BPB: 1.6969 | LR: 0.000010 | ms/batch: 46.2
Epoch 17/100 | Batch 1500/21973 | Loss: 1.1762 | BPB: 1.6969 | LR: 0.000010 | ms/batch: 46.2
Epoch 17/100 | Batch 1600/21973 | Loss: 1.1762 | BPB: 1.6969 | LR: 0.000010 | ms/batch: 46.2
Epoch 17/100 | Batch 1700/21973 | Loss: 1.1764 | BPB: 1.6972 | LR: 0.000010 | ms/batch: 46.2
Epoch 17/100 | Batch 1800/21973 | Loss: 1.1763 | BPB: 1.6971 | LR: 0.000010 | ms/batch: 46.2
Epoch 17/100 | Batch 1900/21973 | Loss: 1.1765 | BPB: 1.6974 | LR: 0.000010 | ms/batch: 46.2
Epoch 17/100 | Batch 2000/21973 | Loss: 1.1766 | BPB: 1.6975 | LR: 0.000010 | ms/batch: 46.1
Epoch 17/100 | Batch 2100/21973 | Loss: 1.1766 | BPB: 1.6974 | LR: 0.000010 | ms/batch: 46.2
Epoch 17/100 | Batch 2200/21973 | Loss: 1.1766 | BPB: 1.6975 | LR: 0.000010 | ms/batch: 46.1
Epoch 17/100 | Batch 2300/21973 | Loss: 1.1766 | BPB: 1.6975 | LR: 0.000010 | ms/batch: 46.1
Epoch 17/100 | Batch 2400/21973 | Loss: 1.1766 | BPB: 1.6975 | LR: 0.000010 | ms/batch: 46.1
Epoch 17/100 | Batch 2500/21973 | Loss: 1.1766 | BPB: 1.6975 | LR: 0.000010 | ms/batch: 46.1
Epoch 17/100 | Batch 2600/21973 | Loss: 1.1766 | BPB: 1.6975 | LR: 0.000010 | ms/batch: 46.1
Epoch 17/100 | Batch 2700/21973 | Loss: 1.1767 | BPB: 1.6976 | LR: 0.000010 | ms/batch: 46.1
Epoch 17/100 | Batch 2800/21973 | Loss: 1.1767 | BPB: 1.6976 | LR: 0.000010 | ms/batch: 46.1
Epoch 17/100 | Batch 2900/21973 | Loss: 1.1766 | BPB: 1.6974 | LR: 0.000010 | ms/batch: 46.1
Epoch 17/100 | Batch 3000/21973 | Loss: 1.1767 | BPB: 1.6976 | LR: 0.000010 | ms/batch: 46.1
Epoch 17/100 | Batch 3100/21973 | Loss: 1.1767 | BPB: 1.6976 | LR: 0.000010 | ms/batch: 46.1
Epoch 17/100 | Batch 3200/21973 | Loss: 1.1767 | BPB: 1.6977 | LR: 0.000010 | ms/batch: 46.1
Epoch 17/100 | Batch 3300/21973 | Loss: 1.1767 | BPB: 1.6977 | LR: 0.000010 | ms/batch: 46.1
Epoch 17/100 | Batch 3400/21973 | Loss: 1.1767 | BPB: 1.6977 | LR: 0.000010 | ms/batch: 46.1
Epoch 17/100 | Batch 3500/21973 | Loss: 1.1767 | BPB: 1.6976 | LR: 0.000010 | ms/batch: 46.1
Epoch 17/100 | Batch 3600/21973 | Loss: 1.1766 | BPB: 1.6974 | LR: 0.000010 | ms/batch: 46.1
Epoch 17/100 | Batch 3700/21973 | Loss: 1.1765 | BPB: 1.6974 | LR: 0.000010 | ms/batch: 46.1
Epoch 17/100 | Batch 3800/21973 | Loss: 1.1765 | BPB: 1.6973 | LR: 0.000010 | ms/batch: 46.1
Epoch 17/100 | Batch 3900/21973 | Loss: 1.1764 | BPB: 1.6972 | LR: 0.000010 | ms/batch: 46.1
Epoch 17/100 | Batch 4000/21973 | Loss: 1.1764 | BPB: 1.6972 | LR: 0.000010 | ms/batch: 46.1
Epoch 17/100 | Batch 4100/21973 | Loss: 1.1764 | BPB: 1.6972 | LR: 0.000010 | ms/batch: 46.1
Epoch 17/100 | Batch 4200/21973 | Loss: 1.1764 | BPB: 1.6972 | LR: 0.000010 | ms/batch: 46.1
Epoch 17/100 | Batch 4300/21973 | Loss: 1.1764 | BPB: 1.6972 | LR: 0.000010 | ms/batch: 46.1
Epoch 17/100 | Batch 4400/21973 | Loss: 1.1764 | BPB: 1.6972 | LR: 0.000010 | ms/batch: 46.1
Epoch 17/100 | Batch 4500/21973 | Loss: 1.1764 | BPB: 1.6972 | LR: 0.000010 | ms/batch: 46.1
Epoch 17/100 | Batch 4600/21973 | Loss: 1.1764 | BPB: 1.6972 | LR: 0.000010 | ms/batch: 46.1
Epoch 17/100 | Batch 4700/21973 | Loss: 1.1764 | BPB: 1.6972 | LR: 0.000010 | ms/batch: 46.1
Epoch 17/100 | Batch 4800/21973 | Loss: 1.1764 | BPB: 1.6971 | LR: 0.000010 | ms/batch: 46.1
Epoch 17/100 | Batch 4900/21973 | Loss: 1.1764 | BPB: 1.6972 | LR: 0.000010 | ms/batch: 46.1
Epoch 17/100 | Batch 5000/21973 | Loss: 1.1764 | BPB: 1.6972 | LR: 0.000010 | ms/batch: 46.1
Epoch 17/100 | Batch 5100/21973 | Loss: 1.1765 | BPB: 1.6973 | LR: 0.000010 | ms/batch: 46.1
Epoch 17/100 | Batch 5200/21973 | Loss: 1.1765 | BPB: 1.6973 | LR: 0.000010 | ms/batch: 46.1
Epoch 17/100 | Batch 5300/21973 | Loss: 1.1765 | BPB: 1.6974 | LR: 0.000010 | ms/batch: 46.1
Epoch 17/100 | Batch 5400/21973 | Loss: 1.1765 | BPB: 1.6973 | LR: 0.000010 | ms/batch: 46.1
Epoch 17/100 | Batch 5500/21973 | Loss: 1.1766 | BPB: 1.6974 | LR: 0.000010 | ms/batch: 46.1
Epoch 17/100 | Batch 5600/21973 | Loss: 1.1766 | BPB: 1.6974 | LR: 0.000010 | ms/batch: 46.1
Epoch 17/100 | Batch 5700/21973 | Loss: 1.1766 | BPB: 1.6975 | LR: 0.000010 | ms/batch: 46.1
Epoch 17/100 | Batch 5800/21973 | Loss: 1.1765 | BPB: 1.6974 | LR: 0.000010 | ms/batch: 46.1
Epoch 17/100 | Batch 5900/21973 | Loss: 1.1765 | BPB: 1.6974 | LR: 0.000010 | ms/batch: 46.1
Epoch 17/100 | Batch 6000/21973 | Loss: 1.1765 | BPB: 1.6974 | LR: 0.000010 | ms/batch: 46.1
Epoch 17/100 | Batch 6100/21973 | Loss: 1.1765 | BPB: 1.6973 | LR: 0.000010 | ms/batch: 46.1
Epoch 17/100 | Batch 6200/21973 | Loss: 1.1764 | BPB: 1.6972 | LR: 0.000010 | ms/batch: 46.1
Epoch 17/100 | Batch 6300/21973 | Loss: 1.1765 | BPB: 1.6973 | LR: 0.000010 | ms/batch: 46.1
Epoch 17/100 | Batch 6400/21973 | Loss: 1.1765 | BPB: 1.6974 | LR: 0.000010 | ms/batch: 46.1
Epoch 17/100 | Batch 6500/21973 | Loss: 1.1765 | BPB: 1.6973 | LR: 0.000010 | ms/batch: 46.1
Epoch 17/100 | Batch 6600/21973 | Loss: 1.1765 | BPB: 1.6973 | LR: 0.000010 | ms/batch: 46.1
Epoch 17/100 | Batch 6700/21973 | Loss: 1.1764 | BPB: 1.6972 | LR: 0.000010 | ms/batch: 46.1
Epoch 17/100 | Batch 6800/21973 | Loss: 1.1764 | BPB: 1.6972 | LR: 0.000010 | ms/batch: 46.1
Epoch 17/100 | Batch 6900/21973 | Loss: 1.1764 | BPB: 1.6972 | LR: 0.000010 | ms/batch: 46.1
Epoch 17/100 | Batch 7000/21973 | Loss: 1.1764 | BPB: 1.6972 | LR: 0.000010 | ms/batch: 46.1
Epoch 17/100 | Batch 7100/21973 | Loss: 1.1764 | BPB: 1.6972 | LR: 0.000010 | ms/batch: 46.1
Epoch 17/100 | Batch 7200/21973 | Loss: 1.1764 | BPB: 1.6972 | LR: 0.000010 | ms/batch: 46.1
Epoch 17/100 | Batch 7300/21973 | Loss: 1.1764 | BPB: 1.6971 | LR: 0.000010 | ms/batch: 46.1
Epoch 17/100 | Batch 7400/21973 | Loss: 1.1764 | BPB: 1.6971 | LR: 0.000010 | ms/batch: 46.1
Epoch 17/100 | Batch 7500/21973 | Loss: 1.1764 | BPB: 1.6972 | LR: 0.000010 | ms/batch: 46.1
Epoch 17/100 | Batch 7600/21973 | Loss: 1.1764 | BPB: 1.6972 | LR: 0.000010 | ms/batch: 46.1
Epoch 17/100 | Batch 7700/21973 | Loss: 1.1764 | BPB: 1.6972 | LR: 0.000010 | ms/batch: 46.1
Epoch 17/100 | Batch 7800/21973 | Loss: 1.1764 | BPB: 1.6971 | LR: 0.000010 | ms/batch: 46.1
Epoch 17/100 | Batch 7900/21973 | Loss: 1.1764 | BPB: 1.6972 | LR: 0.000010 | ms/batch: 46.1
Epoch 17/100 | Batch 8000/21973 | Loss: 1.1764 | BPB: 1.6972 | LR: 0.000010 | ms/batch: 46.1
Epoch 17/100 | Batch 8100/21973 | Loss: 1.1764 | BPB: 1.6972 | LR: 0.000010 | ms/batch: 46.1
Epoch 17/100 | Batch 8200/21973 | Loss: 1.1764 | BPB: 1.6972 | LR: 0.000010 | ms/batch: 46.1
Epoch 17/100 | Batch 8300/21973 | Loss: 1.1764 | BPB: 1.6972 | LR: 0.000010 | ms/batch: 46.1
Epoch 17/100 | Batch 8400/21973 | Loss: 1.1764 | BPB: 1.6972 | LR: 0.000010 | ms/batch: 46.1
Epoch 17/100 | Batch 8500/21973 | Loss: 1.1764 | BPB: 1.6972 | LR: 0.000010 | ms/batch: 46.1
Epoch 17/100 | Batch 8600/21973 | Loss: 1.1764 | BPB: 1.6972 | LR: 0.000010 | ms/batch: 46.1
Epoch 17/100 | Batch 8700/21973 | Loss: 1.1764 | BPB: 1.6971 | LR: 0.000010 | ms/batch: 46.1
Epoch 17/100 | Batch 8800/21973 | Loss: 1.1764 | BPB: 1.6972 | LR: 0.000010 | ms/batch: 46.1
Epoch 17/100 | Batch 8900/21973 | Loss: 1.1764 | BPB: 1.6972 | LR: 0.000010 | ms/batch: 46.1
Epoch 17/100 | Batch 9000/21973 | Loss: 1.1764 | BPB: 1.6972 | LR: 0.000010 | ms/batch: 46.1
Epoch 17/100 | Batch 9100/21973 | Loss: 1.1764 | BPB: 1.6971 | LR: 0.000010 | ms/batch: 46.1
Epoch 17/100 | Batch 9200/21973 | Loss: 1.1764 | BPB: 1.6972 | LR: 0.000010 | ms/batch: 46.1
Epoch 17/100 | Batch 9300/21973 | Loss: 1.1764 | BPB: 1.6972 | LR: 0.000010 | ms/batch: 46.1
Epoch 17/100 | Batch 9400/21973 | Loss: 1.1764 | BPB: 1.6972 | LR: 0.000010 | ms/batch: 46.1
Epoch 17/100 | Batch 9500/21973 | Loss: 1.1764 | BPB: 1.6972 | LR: 0.000010 | ms/batch: 46.1
Epoch 17/100 | Batch 9600/21973 | Loss: 1.1765 | BPB: 1.6973 | LR: 0.000010 | ms/batch: 46.1
Epoch 17/100 | Batch 9700/21973 | Loss: 1.1765 | BPB: 1.6973 | LR: 0.000010 | ms/batch: 46.1
Epoch 17/100 | Batch 9800/21973 | Loss: 1.1764 | BPB: 1.6972 | LR: 0.000010 | ms/batch: 46.1
Epoch 17/100 | Batch 9900/21973 | Loss: 1.1764 | BPB: 1.6972 | LR: 0.000010 | ms/batch: 46.1
Epoch 17/100 | Batch 10000/21973 | Loss: 1.1764 | BPB: 1.6972 | LR: 0.000010 | ms/batch: 46.1
Epoch 17/100 | Batch 10100/21973 | Loss: 1.1764 | BPB: 1.6972 | LR: 0.000010 | ms/batch: 46.1
Epoch 17/100 | Batch 10200/21973 | Loss: 1.1764 | BPB: 1.6972 | LR: 0.000010 | ms/batch: 46.1
Epoch 17/100 | Batch 10300/21973 | Loss: 1.1764 | BPB: 1.6972 | LR: 0.000010 | ms/batch: 46.1
Epoch 17/100 | Batch 10400/21973 | Loss: 1.1764 | BPB: 1.6972 | LR: 0.000010 | ms/batch: 46.1
Epoch 17/100 | Batch 10500/21973 | Loss: 1.1764 | BPB: 1.6972 | LR: 0.000010 | ms/batch: 46.1
Epoch 17/100 | Batch 10600/21973 | Loss: 1.1764 | BPB: 1.6972 | LR: 0.000010 | ms/batch: 46.1
Epoch 17/100 | Batch 10700/21973 | Loss: 1.1764 | BPB: 1.6972 | LR: 0.000010 | ms/batch: 46.1
Epoch 17/100 | Batch 10800/21973 | Loss: 1.1764 | BPB: 1.6972 | LR: 0.000010 | ms/batch: 46.1
Epoch 17/100 | Batch 10900/21973 | Loss: 1.1764 | BPB: 1.6972 | LR: 0.000010 | ms/batch: 46.1
Epoch 17/100 | Batch 11000/21973 | Loss: 1.1764 | BPB: 1.6972 | LR: 0.000010 | ms/batch: 46.1
Epoch 17/100 | Batch 11100/21973 | Loss: 1.1764 | BPB: 1.6972 | LR: 0.000010 | ms/batch: 46.1
Epoch 17/100 | Batch 11200/21973 | Loss: 1.1764 | BPB: 1.6972 | LR: 0.000010 | ms/batch: 46.1
Epoch 17/100 | Batch 11300/21973 | Loss: 1.1765 | BPB: 1.6973 | LR: 0.000010 | ms/batch: 46.1
Epoch 17/100 | Batch 11400/21973 | Loss: 1.1764 | BPB: 1.6973 | LR: 0.000010 | ms/batch: 46.1
Epoch 17/100 | Batch 11500/21973 | Loss: 1.1764 | BPB: 1.6972 | LR: 0.000010 | ms/batch: 46.1
Epoch 17/100 | Batch 11600/21973 | Loss: 1.1764 | BPB: 1.6972 | LR: 0.000010 | ms/batch: 46.1
Epoch 17/100 | Batch 11700/21973 | Loss: 1.1764 | BPB: 1.6972 | LR: 0.000010 | ms/batch: 46.1
Epoch 17/100 | Batch 11800/21973 | Loss: 1.1764 | BPB: 1.6972 | LR: 0.000010 | ms/batch: 46.1
Epoch 17/100 | Batch 11900/21973 | Loss: 1.1764 | BPB: 1.6972 | LR: 0.000010 | ms/batch: 46.1
Epoch 17/100 | Batch 12000/21973 | Loss: 1.1764 | BPB: 1.6971 | LR: 0.000010 | ms/batch: 46.1
Epoch 17/100 | Batch 12100/21973 | Loss: 1.1764 | BPB: 1.6971 | LR: 0.000010 | ms/batch: 46.1
Epoch 17/100 | Batch 12200/21973 | Loss: 1.1764 | BPB: 1.6971 | LR: 0.000010 | ms/batch: 46.1
Epoch 17/100 | Batch 12300/21973 | Loss: 1.1764 | BPB: 1.6972 | LR: 0.000010 | ms/batch: 46.1
Epoch 17/100 | Batch 12400/21973 | Loss: 1.1764 | BPB: 1.6972 | LR: 0.000010 | ms/batch: 46.1
Epoch 17/100 | Batch 12500/21973 | Loss: 1.1764 | BPB: 1.6972 | LR: 0.000010 | ms/batch: 46.1
Epoch 17/100 | Batch 12600/21973 | Loss: 1.1764 | BPB: 1.6972 | LR: 0.000010 | ms/batch: 46.1
Epoch 17/100 | Batch 12700/21973 | Loss: 1.1764 | BPB: 1.6972 | LR: 0.000010 | ms/batch: 46.1
Epoch 17/100 | Batch 12800/21973 | Loss: 1.1764 | BPB: 1.6972 | LR: 0.000010 | ms/batch: 46.1
Epoch 17/100 | Batch 12900/21973 | Loss: 1.1764 | BPB: 1.6972 | LR: 0.000010 | ms/batch: 46.1
Epoch 17/100 | Batch 13000/21973 | Loss: 1.1764 | BPB: 1.6972 | LR: 0.000010 | ms/batch: 46.1
Epoch 17/100 | Batch 13100/21973 | Loss: 1.1764 | BPB: 1.6971 | LR: 0.000010 | ms/batch: 46.1
Epoch 17/100 | Batch 13200/21973 | Loss: 1.1764 | BPB: 1.6972 | LR: 0.000010 | ms/batch: 46.1
Epoch 17/100 | Batch 13300/21973 | Loss: 1.1764 | BPB: 1.6972 | LR: 0.000010 | ms/batch: 46.1
Epoch 17/100 | Batch 13400/21973 | Loss: 1.1764 | BPB: 1.6972 | LR: 0.000010 | ms/batch: 46.1
Epoch 17/100 | Batch 13500/21973 | Loss: 1.1764 | BPB: 1.6972 | LR: 0.000010 | ms/batch: 46.1
Epoch 17/100 | Batch 13600/21973 | Loss: 1.1764 | BPB: 1.6972 | LR: 0.000010 | ms/batch: 46.1
Epoch 17/100 | Batch 13700/21973 | Loss: 1.1764 | BPB: 1.6972 | LR: 0.000010 | ms/batch: 46.1
Epoch 17/100 | Batch 13800/21973 | Loss: 1.1764 | BPB: 1.6972 | LR: 0.000010 | ms/batch: 46.1
Epoch 17/100 | Batch 13900/21973 | Loss: 1.1764 | BPB: 1.6972 | LR: 0.000010 | ms/batch: 46.1
Epoch 17/100 | Batch 14000/21973 | Loss: 1.1764 | BPB: 1.6972 | LR: 0.000010 | ms/batch: 46.1
Epoch 17/100 | Batch 14100/21973 | Loss: 1.1764 | BPB: 1.6972 | LR: 0.000010 | ms/batch: 46.1
Epoch 17/100 | Batch 14200/21973 | Loss: 1.1764 | BPB: 1.6972 | LR: 0.000010 | ms/batch: 46.1
Epoch 17/100 | Batch 14300/21973 | Loss: 1.1764 | BPB: 1.6972 | LR: 0.000010 | ms/batch: 46.1
Epoch 17/100 | Batch 14400/21973 | Loss: 1.1764 | BPB: 1.6971 | LR: 0.000010 | ms/batch: 46.1
Epoch 17/100 | Batch 14500/21973 | Loss: 1.1764 | BPB: 1.6971 | LR: 0.000010 | ms/batch: 46.1
Epoch 17/100 | Batch 14600/21973 | Loss: 1.1764 | BPB: 1.6971 | LR: 0.000010 | ms/batch: 46.1
Epoch 17/100 | Batch 14700/21973 | Loss: 1.1764 | BPB: 1.6971 | LR: 0.000010 | ms/batch: 46.1
Epoch 17/100 | Batch 14800/21973 | Loss: 1.1764 | BPB: 1.6972 | LR: 0.000010 | ms/batch: 46.1
Epoch 17/100 | Batch 14900/21973 | Loss: 1.1764 | BPB: 1.6971 | LR: 0.000010 | ms/batch: 46.1
Epoch 17/100 | Batch 15000/21973 | Loss: 1.1764 | BPB: 1.6972 | LR: 0.000010 | ms/batch: 46.1
Epoch 17/100 | Batch 15100/21973 | Loss: 1.1764 | BPB: 1.6972 | LR: 0.000010 | ms/batch: 46.1
Epoch 17/100 | Batch 15200/21973 | Loss: 1.1764 | BPB: 1.6971 | LR: 0.000010 | ms/batch: 46.1
Epoch 17/100 | Batch 15300/21973 | Loss: 1.1764 | BPB: 1.6971 | LR: 0.000010 | ms/batch: 46.1
Epoch 17/100 | Batch 15400/21973 | Loss: 1.1764 | BPB: 1.6971 | LR: 0.000010 | ms/batch: 46.1
Epoch 17/100 | Batch 15500/21973 | Loss: 1.1764 | BPB: 1.6971 | LR: 0.000010 | ms/batch: 46.1
Epoch 17/100 | Batch 15600/21973 | Loss: 1.1764 | BPB: 1.6971 | LR: 0.000010 | ms/batch: 46.1
Epoch 17/100 | Batch 15700/21973 | Loss: 1.1764 | BPB: 1.6971 | LR: 0.000010 | ms/batch: 46.1
Epoch 17/100 | Batch 15800/21973 | Loss: 1.1763 | BPB: 1.6971 | LR: 0.000010 | ms/batch: 46.1
Epoch 17/100 | Batch 15900/21973 | Loss: 1.1763 | BPB: 1.6971 | LR: 0.000010 | ms/batch: 46.1
Epoch 17/100 | Batch 16000/21973 | Loss: 1.1763 | BPB: 1.6971 | LR: 0.000010 | ms/batch: 46.1
Epoch 17/100 | Batch 16100/21973 | Loss: 1.1763 | BPB: 1.6971 | LR: 0.000010 | ms/batch: 46.1
Epoch 17/100 | Batch 16200/21973 | Loss: 1.1763 | BPB: 1.6971 | LR: 0.000010 | ms/batch: 46.1
Epoch 17/100 | Batch 16300/21973 | Loss: 1.1763 | BPB: 1.6971 | LR: 0.000010 | ms/batch: 46.1
Epoch 17/100 | Batch 16400/21973 | Loss: 1.1763 | BPB: 1.6971 | LR: 0.000010 | ms/batch: 46.1
Epoch 17/100 | Batch 16500/21973 | Loss: 1.1763 | BPB: 1.6971 | LR: 0.000010 | ms/batch: 46.1
Epoch 17/100 | Batch 16600/21973 | Loss: 1.1763 | BPB: 1.6970 | LR: 0.000010 | ms/batch: 46.1
Epoch 17/100 | Batch 16700/21973 | Loss: 1.1763 | BPB: 1.6970 | LR: 0.000010 | ms/batch: 46.1
Epoch 17/100 | Batch 16800/21973 | Loss: 1.1763 | BPB: 1.6970 | LR: 0.000010 | ms/batch: 46.1
Epoch 17/100 | Batch 16900/21973 | Loss: 1.1763 | BPB: 1.6970 | LR: 0.000010 | ms/batch: 46.1
Epoch 17/100 | Batch 17000/21973 | Loss: 1.1763 | BPB: 1.6970 | LR: 0.000010 | ms/batch: 46.1
Epoch 17/100 | Batch 17100/21973 | Loss: 1.1763 | BPB: 1.6970 | LR: 0.000010 | ms/batch: 46.1
Epoch 17/100 | Batch 17200/21973 | Loss: 1.1763 | BPB: 1.6970 | LR: 0.000010 | ms/batch: 46.1
Epoch 17/100 | Batch 17300/21973 | Loss: 1.1763 | BPB: 1.6970 | LR: 0.000010 | ms/batch: 46.1
Epoch 17/100 | Batch 17400/21973 | Loss: 1.1763 | BPB: 1.6970 | LR: 0.000010 | ms/batch: 46.1
Epoch 17/100 | Batch 17500/21973 | Loss: 1.1763 | BPB: 1.6970 | LR: 0.000010 | ms/batch: 46.1
Epoch 17/100 | Batch 17600/21973 | Loss: 1.1763 | BPB: 1.6970 | LR: 0.000010 | ms/batch: 46.1
Epoch 17/100 | Batch 17700/21973 | Loss: 1.1763 | BPB: 1.6970 | LR: 0.000010 | ms/batch: 46.1
Epoch 17/100 | Batch 17800/21973 | Loss: 1.1763 | BPB: 1.6970 | LR: 0.000010 | ms/batch: 46.1
Epoch 17/100 | Batch 17900/21973 | Loss: 1.1763 | BPB: 1.6970 | LR: 0.000010 | ms/batch: 46.1
Epoch 17/100 | Batch 18000/21973 | Loss: 1.1763 | BPB: 1.6970 | LR: 0.000010 | ms/batch: 46.1
Epoch 17/100 | Batch 18100/21973 | Loss: 1.1763 | BPB: 1.6970 | LR: 0.000010 | ms/batch: 46.1
Epoch 17/100 | Batch 18200/21973 | Loss: 1.1763 | BPB: 1.6970 | LR: 0.000010 | ms/batch: 46.1
Epoch 17/100 | Batch 18300/21973 | Loss: 1.1763 | BPB: 1.6970 | LR: 0.000010 | ms/batch: 46.1
Epoch 17/100 | Batch 18400/21973 | Loss: 1.1763 | BPB: 1.6970 | LR: 0.000010 | ms/batch: 46.1
Epoch 17/100 | Batch 18500/21973 | Loss: 1.1763 | BPB: 1.6970 | LR: 0.000010 | ms/batch: 46.1
Epoch 17/100 | Batch 18600/21973 | Loss: 1.1763 | BPB: 1.6970 | LR: 0.000010 | ms/batch: 46.1
Epoch 17/100 | Batch 18700/21973 | Loss: 1.1763 | BPB: 1.6970 | LR: 0.000010 | ms/batch: 46.1
Epoch 17/100 | Batch 18800/21973 | Loss: 1.1763 | BPB: 1.6970 | LR: 0.000010 | ms/batch: 46.1
Epoch 17/100 | Batch 18900/21973 | Loss: 1.1763 | BPB: 1.6970 | LR: 0.000010 | ms/batch: 46.1
Epoch 17/100 | Batch 19000/21973 | Loss: 1.1763 | BPB: 1.6970 | LR: 0.000010 | ms/batch: 46.1
Epoch 17/100 | Batch 19100/21973 | Loss: 1.1763 | BPB: 1.6970 | LR: 0.000010 | ms/batch: 46.1
Epoch 17/100 | Batch 19200/21973 | Loss: 1.1763 | BPB: 1.6970 | LR: 0.000010 | ms/batch: 46.1
Epoch 17/100 | Batch 19300/21973 | Loss: 1.1763 | BPB: 1.6970 | LR: 0.000010 | ms/batch: 46.1
Epoch 17/100 | Batch 19400/21973 | Loss: 1.1763 | BPB: 1.6970 | LR: 0.000010 | ms/batch: 46.1
Epoch 17/100 | Batch 19500/21973 | Loss: 1.1763 | BPB: 1.6970 | LR: 0.000010 | ms/batch: 46.1
Epoch 17/100 | Batch 19600/21973 | Loss: 1.1763 | BPB: 1.6970 | LR: 0.000010 | ms/batch: 46.1
Epoch 17/100 | Batch 19700/21973 | Loss: 1.1763 | BPB: 1.6970 | LR: 0.000010 | ms/batch: 46.1
Epoch 17/100 | Batch 19800/21973 | Loss: 1.1763 | BPB: 1.6970 | LR: 0.000010 | ms/batch: 46.1
Epoch 17/100 | Batch 19900/21973 | Loss: 1.1763 | BPB: 1.6970 | LR: 0.000010 | ms/batch: 46.1
Epoch 17/100 | Batch 20000/21973 | Loss: 1.1763 | BPB: 1.6970 | LR: 0.000010 | ms/batch: 46.1
Epoch 17/100 | Batch 20100/21973 | Loss: 1.1763 | BPB: 1.6970 | LR: 0.000010 | ms/batch: 46.1
Epoch 17/100 | Batch 20200/21973 | Loss: 1.1763 | BPB: 1.6970 | LR: 0.000010 | ms/batch: 46.1
Epoch 17/100 | Batch 20300/21973 | Loss: 1.1762 | BPB: 1.6970 | LR: 0.000010 | ms/batch: 46.1
Epoch 17/100 | Batch 20400/21973 | Loss: 1.1762 | BPB: 1.6970 | LR: 0.000010 | ms/batch: 46.1
Epoch 17/100 | Batch 20500/21973 | Loss: 1.1762 | BPB: 1.6970 | LR: 0.000010 | ms/batch: 46.1
Epoch 17/100 | Batch 20600/21973 | Loss: 1.1762 | BPB: 1.6970 | LR: 0.000010 | ms/batch: 46.1
Epoch 17/100 | Batch 20700/21973 | Loss: 1.1762 | BPB: 1.6970 | LR: 0.000010 | ms/batch: 46.1
Epoch 17/100 | Batch 20800/21973 | Loss: 1.1762 | BPB: 1.6970 | LR: 0.000010 | ms/batch: 46.1
Epoch 17/100 | Batch 20900/21973 | Loss: 1.1762 | BPB: 1.6970 | LR: 0.000010 | ms/batch: 46.1
Epoch 17/100 | Batch 21000/21973 | Loss: 1.1762 | BPB: 1.6969 | LR: 0.000010 | ms/batch: 46.1
Epoch 17/100 | Batch 21100/21973 | Loss: 1.1762 | BPB: 1.6969 | LR: 0.000010 | ms/batch: 46.1
Epoch 17/100 | Batch 21200/21973 | Loss: 1.1762 | BPB: 1.6969 | LR: 0.000010 | ms/batch: 46.1
Epoch 17/100 | Batch 21300/21973 | Loss: 1.1762 | BPB: 1.6970 | LR: 0.000010 | ms/batch: 46.1
Epoch 17/100 | Batch 21400/21973 | Loss: 1.1762 | BPB: 1.6970 | LR: 0.000010 | ms/batch: 46.1
Epoch 17/100 | Batch 21500/21973 | Loss: 1.1762 | BPB: 1.6969 | LR: 0.000010 | ms/batch: 46.1
Epoch 17/100 | Batch 21600/21973 | Loss: 1.1762 | BPB: 1.6970 | LR: 0.000010 | ms/batch: 46.1
Epoch 17/100 | Batch 21700/21973 | Loss: 1.1763 | BPB: 1.6970 | LR: 0.000010 | ms/batch: 46.1
Epoch 17/100 | Batch 21800/21973 | Loss: 1.1763 | BPB: 1.6970 | LR: 0.000010 | ms/batch: 46.1
Epoch 17/100 | Batch 21900/21973 | Loss: 1.1763 | BPB: 1.6970 | LR: 0.000010 | ms/batch: 46.1

Epoch 17/100 Summary:
Training Loss: 1.1763 (BPB: 1.6970)
Validation Loss: 0.8786 (BPB: 1.2676)
Best Validation Loss: 0.8786
Learning Rate: 0.000010
Epoch 18/100 | Batch 0/21973 | Loss: 1.1621 | BPB: 1.6765 | LR: 0.000010 | ms/batch: 122.0
Epoch 18/100 | Batch 100/21973 | Loss: 1.1731 | BPB: 1.6924 | LR: 0.000010 | ms/batch: 47.3
Epoch 18/100 | Batch 200/21973 | Loss: 1.1739 | BPB: 1.6935 | LR: 0.000010 | ms/batch: 46.6
Epoch 18/100 | Batch 300/21973 | Loss: 1.1736 | BPB: 1.6931 | LR: 0.000010 | ms/batch: 46.3
Epoch 18/100 | Batch 400/21973 | Loss: 1.1749 | BPB: 1.6950 | LR: 0.000010 | ms/batch: 46.3
Epoch 18/100 | Batch 500/21973 | Loss: 1.1756 | BPB: 1.6960 | LR: 0.000010 | ms/batch: 46.3
Epoch 18/100 | Batch 600/21973 | Loss: 1.1756 | BPB: 1.6960 | LR: 0.000010 | ms/batch: 46.3
Epoch 18/100 | Batch 700/21973 | Loss: 1.1752 | BPB: 1.6954 | LR: 0.000010 | ms/batch: 46.3
Epoch 18/100 | Batch 800/21973 | Loss: 1.1753 | BPB: 1.6955 | LR: 0.000010 | ms/batch: 46.3
Epoch 18/100 | Batch 900/21973 | Loss: 1.1752 | BPB: 1.6955 | LR: 0.000010 | ms/batch: 46.3
Epoch 18/100 | Batch 1000/21973 | Loss: 1.1753 | BPB: 1.6956 | LR: 0.000010 | ms/batch: 46.3
Epoch 18/100 | Batch 1100/21973 | Loss: 1.1756 | BPB: 1.6960 | LR: 0.000010 | ms/batch: 46.3
Epoch 18/100 | Batch 1200/21973 | Loss: 1.1757 | BPB: 1.6961 | LR: 0.000010 | ms/batch: 46.3
Epoch 18/100 | Batch 1300/21973 | Loss: 1.1757 | BPB: 1.6961 | LR: 0.000010 | ms/batch: 46.3
Epoch 18/100 | Batch 1400/21973 | Loss: 1.1755 | BPB: 1.6959 | LR: 0.000010 | ms/batch: 46.3
Epoch 18/100 | Batch 1500/21973 | Loss: 1.1754 | BPB: 1.6957 | LR: 0.000010 | ms/batch: 46.2
Epoch 18/100 | Batch 1600/21973 | Loss: 1.1752 | BPB: 1.6955 | LR: 0.000010 | ms/batch: 46.3
Epoch 18/100 | Batch 1700/21973 | Loss: 1.1753 | BPB: 1.6955 | LR: 0.000010 | ms/batch: 46.3
Epoch 18/100 | Batch 1800/21973 | Loss: 1.1753 | BPB: 1.6955 | LR: 0.000010 | ms/batch: 46.2
Epoch 18/100 | Batch 1900/21973 | Loss: 1.1753 | BPB: 1.6956 | LR: 0.000010 | ms/batch: 46.2
Epoch 18/100 | Batch 2000/21973 | Loss: 1.1753 | BPB: 1.6956 | LR: 0.000010 | ms/batch: 46.2
Epoch 18/100 | Batch 2100/21973 | Loss: 1.1754 | BPB: 1.6958 | LR: 0.000010 | ms/batch: 46.3
Epoch 18/100 | Batch 2200/21973 | Loss: 1.1757 | BPB: 1.6961 | LR: 0.000010 | ms/batch: 46.3
Epoch 18/100 | Batch 2300/21973 | Loss: 1.1757 | BPB: 1.6962 | LR: 0.000010 | ms/batch: 46.2
Epoch 18/100 | Batch 2400/21973 | Loss: 1.1757 | BPB: 1.6962 | LR: 0.000010 | ms/batch: 46.2
Epoch 18/100 | Batch 2500/21973 | Loss: 1.1758 | BPB: 1.6963 | LR: 0.000010 | ms/batch: 46.2
Epoch 18/100 | Batch 2600/21973 | Loss: 1.1758 | BPB: 1.6963 | LR: 0.000010 | ms/batch: 46.2
Epoch 18/100 | Batch 2700/21973 | Loss: 1.1758 | BPB: 1.6964 | LR: 0.000010 | ms/batch: 46.2
Epoch 18/100 | Batch 2800/21973 | Loss: 1.1757 | BPB: 1.6962 | LR: 0.000010 | ms/batch: 46.2
Epoch 18/100 | Batch 2900/21973 | Loss: 1.1757 | BPB: 1.6962 | LR: 0.000010 | ms/batch: 46.2
Epoch 18/100 | Batch 3000/21973 | Loss: 1.1758 | BPB: 1.6963 | LR: 0.000010 | ms/batch: 46.2
Epoch 18/100 | Batch 3100/21973 | Loss: 1.1758 | BPB: 1.6963 | LR: 0.000010 | ms/batch: 46.2
Epoch 18/100 | Batch 3200/21973 | Loss: 1.1759 | BPB: 1.6964 | LR: 0.000010 | ms/batch: 46.2
Epoch 18/100 | Batch 3300/21973 | Loss: 1.1758 | BPB: 1.6963 | LR: 0.000010 | ms/batch: 46.2
Epoch 18/100 | Batch 3400/21973 | Loss: 1.1757 | BPB: 1.6962 | LR: 0.000010 | ms/batch: 46.2
Epoch 18/100 | Batch 3500/21973 | Loss: 1.1757 | BPB: 1.6962 | LR: 0.000010 | ms/batch: 46.2
Epoch 18/100 | Batch 3600/21973 | Loss: 1.1757 | BPB: 1.6962 | LR: 0.000010 | ms/batch: 46.2
Epoch 18/100 | Batch 3700/21973 | Loss: 1.1758 | BPB: 1.6963 | LR: 0.000010 | ms/batch: 46.2
Epoch 18/100 | Batch 3800/21973 | Loss: 1.1758 | BPB: 1.6963 | LR: 0.000010 | ms/batch: 46.2
Epoch 18/100 | Batch 3900/21973 | Loss: 1.1758 | BPB: 1.6963 | LR: 0.000010 | ms/batch: 46.2
Epoch 18/100 | Batch 4000/21973 | Loss: 1.1758 | BPB: 1.6964 | LR: 0.000010 | ms/batch: 46.2
Epoch 18/100 | Batch 4100/21973 | Loss: 1.1758 | BPB: 1.6963 | LR: 0.000010 | ms/batch: 46.2
Epoch 18/100 | Batch 4200/21973 | Loss: 1.1758 | BPB: 1.6963 | LR: 0.000010 | ms/batch: 46.2
Epoch 18/100 | Batch 4300/21973 | Loss: 1.1758 | BPB: 1.6963 | LR: 0.000010 | ms/batch: 46.2
Epoch 18/100 | Batch 4400/21973 | Loss: 1.1759 | BPB: 1.6965 | LR: 0.000010 | ms/batch: 46.2
Epoch 18/100 | Batch 4500/21973 | Loss: 1.1759 | BPB: 1.6965 | LR: 0.000010 | ms/batch: 46.2
Epoch 18/100 | Batch 4600/21973 | Loss: 1.1759 | BPB: 1.6964 | LR: 0.000010 | ms/batch: 46.2
Epoch 18/100 | Batch 4700/21973 | Loss: 1.1759 | BPB: 1.6964 | LR: 0.000010 | ms/batch: 46.2
Epoch 18/100 | Batch 4800/21973 | Loss: 1.1758 | BPB: 1.6964 | LR: 0.000010 | ms/batch: 46.2
Epoch 18/100 | Batch 4900/21973 | Loss: 1.1759 | BPB: 1.6964 | LR: 0.000010 | ms/batch: 46.1
Epoch 18/100 | Batch 5000/21973 | Loss: 1.1758 | BPB: 1.6964 | LR: 0.000010 | ms/batch: 46.1
Epoch 18/100 | Batch 5100/21973 | Loss: 1.1758 | BPB: 1.6963 | LR: 0.000010 | ms/batch: 46.1
Epoch 18/100 | Batch 5200/21973 | Loss: 1.1758 | BPB: 1.6963 | LR: 0.000010 | ms/batch: 46.1
Epoch 18/100 | Batch 5300/21973 | Loss: 1.1758 | BPB: 1.6963 | LR: 0.000010 | ms/batch: 46.1
Epoch 18/100 | Batch 5400/21973 | Loss: 1.1758 | BPB: 1.6963 | LR: 0.000010 | ms/batch: 46.1
Epoch 18/100 | Batch 5500/21973 | Loss: 1.1757 | BPB: 1.6962 | LR: 0.000010 | ms/batch: 46.1
Epoch 18/100 | Batch 5600/21973 | Loss: 1.1757 | BPB: 1.6961 | LR: 0.000010 | ms/batch: 46.1
Epoch 18/100 | Batch 5700/21973 | Loss: 1.1757 | BPB: 1.6961 | LR: 0.000010 | ms/batch: 46.1
Epoch 18/100 | Batch 5800/21973 | Loss: 1.1756 | BPB: 1.6961 | LR: 0.000010 | ms/batch: 46.1
Epoch 18/100 | Batch 5900/21973 | Loss: 1.1756 | BPB: 1.6961 | LR: 0.000010 | ms/batch: 46.1
Epoch 18/100 | Batch 6000/21973 | Loss: 1.1756 | BPB: 1.6961 | LR: 0.000010 | ms/batch: 46.1
Epoch 18/100 | Batch 6100/21973 | Loss: 1.1756 | BPB: 1.6960 | LR: 0.000010 | ms/batch: 46.1
Epoch 18/100 | Batch 6200/21973 | Loss: 1.1756 | BPB: 1.6960 | LR: 0.000010 | ms/batch: 46.1
Epoch 18/100 | Batch 6300/21973 | Loss: 1.1756 | BPB: 1.6960 | LR: 0.000010 | ms/batch: 46.1
Epoch 18/100 | Batch 6400/21973 | Loss: 1.1756 | BPB: 1.6960 | LR: 0.000010 | ms/batch: 46.1
Epoch 18/100 | Batch 6500/21973 | Loss: 1.1756 | BPB: 1.6960 | LR: 0.000010 | ms/batch: 46.1
Epoch 18/100 | Batch 6600/21973 | Loss: 1.1756 | BPB: 1.6960 | LR: 0.000010 | ms/batch: 46.1
Epoch 18/100 | Batch 6700/21973 | Loss: 1.1755 | BPB: 1.6960 | LR: 0.000010 | ms/batch: 46.1
Epoch 18/100 | Batch 6800/21973 | Loss: 1.1755 | BPB: 1.6959 | LR: 0.000010 | ms/batch: 46.1
Epoch 18/100 | Batch 6900/21973 | Loss: 1.1755 | BPB: 1.6959 | LR: 0.000010 | ms/batch: 46.1
Epoch 18/100 | Batch 7000/21973 | Loss: 1.1755 | BPB: 1.6959 | LR: 0.000010 | ms/batch: 46.1
Epoch 18/100 | Batch 7100/21973 | Loss: 1.1755 | BPB: 1.6959 | LR: 0.000010 | ms/batch: 46.1
Epoch 18/100 | Batch 7200/21973 | Loss: 1.1755 | BPB: 1.6959 | LR: 0.000010 | ms/batch: 46.1
Epoch 18/100 | Batch 7300/21973 | Loss: 1.1755 | BPB: 1.6959 | LR: 0.000010 | ms/batch: 46.1
Epoch 18/100 | Batch 7400/21973 | Loss: 1.1755 | BPB: 1.6958 | LR: 0.000010 | ms/batch: 46.1
Epoch 18/100 | Batch 7500/21973 | Loss: 1.1755 | BPB: 1.6959 | LR: 0.000010 | ms/batch: 46.1
Epoch 18/100 | Batch 7600/21973 | Loss: 1.1755 | BPB: 1.6959 | LR: 0.000010 | ms/batch: 46.1
Epoch 18/100 | Batch 7700/21973 | Loss: 1.1755 | BPB: 1.6959 | LR: 0.000010 | ms/batch: 46.1
Epoch 18/100 | Batch 7800/21973 | Loss: 1.1755 | BPB: 1.6959 | LR: 0.000010 | ms/batch: 46.1
Epoch 18/100 | Batch 7900/21973 | Loss: 1.1755 | BPB: 1.6959 | LR: 0.000010 | ms/batch: 46.1
Epoch 18/100 | Batch 8000/21973 | Loss: 1.1755 | BPB: 1.6959 | LR: 0.000010 | ms/batch: 46.1
Epoch 18/100 | Batch 8100/21973 | Loss: 1.1755 | BPB: 1.6959 | LR: 0.000010 | ms/batch: 46.1
Epoch 18/100 | Batch 8200/21973 | Loss: 1.1755 | BPB: 1.6959 | LR: 0.000010 | ms/batch: 46.1
Epoch 18/100 | Batch 8300/21973 | Loss: 1.1756 | BPB: 1.6960 | LR: 0.000010 | ms/batch: 46.1
Epoch 18/100 | Batch 8400/21973 | Loss: 1.1756 | BPB: 1.6960 | LR: 0.000010 | ms/batch: 46.1
Epoch 18/100 | Batch 8500/21973 | Loss: 1.1756 | BPB: 1.6960 | LR: 0.000010 | ms/batch: 46.1
Epoch 18/100 | Batch 8600/21973 | Loss: 1.1755 | BPB: 1.6960 | LR: 0.000010 | ms/batch: 46.1
Epoch 18/100 | Batch 8700/21973 | Loss: 1.1756 | BPB: 1.6960 | LR: 0.000010 | ms/batch: 46.1
Epoch 18/100 | Batch 8800/21973 | Loss: 1.1756 | BPB: 1.6960 | LR: 0.000010 | ms/batch: 46.1
Epoch 18/100 | Batch 8900/21973 | Loss: 1.1756 | BPB: 1.6960 | LR: 0.000010 | ms/batch: 46.1
Epoch 18/100 | Batch 9000/21973 | Loss: 1.1756 | BPB: 1.6960 | LR: 0.000010 | ms/batch: 46.1
Epoch 18/100 | Batch 9100/21973 | Loss: 1.1756 | BPB: 1.6960 | LR: 0.000010 | ms/batch: 46.1
Epoch 18/100 | Batch 9200/21973 | Loss: 1.1756 | BPB: 1.6960 | LR: 0.000010 | ms/batch: 46.1
Epoch 18/100 | Batch 9300/21973 | Loss: 1.1756 | BPB: 1.6960 | LR: 0.000010 | ms/batch: 46.1
Epoch 18/100 | Batch 9400/21973 | Loss: 1.1756 | BPB: 1.6960 | LR: 0.000010 | ms/batch: 46.1
Epoch 18/100 | Batch 9500/21973 | Loss: 1.1756 | BPB: 1.6960 | LR: 0.000010 | ms/batch: 46.1
Epoch 18/100 | Batch 9600/21973 | Loss: 1.1756 | BPB: 1.6960 | LR: 0.000010 | ms/batch: 46.1
Epoch 18/100 | Batch 9700/21973 | Loss: 1.1756 | BPB: 1.6960 | LR: 0.000010 | ms/batch: 46.1
Epoch 18/100 | Batch 9800/21973 | Loss: 1.1756 | BPB: 1.6960 | LR: 0.000010 | ms/batch: 46.1
Epoch 18/100 | Batch 9900/21973 | Loss: 1.1756 | BPB: 1.6960 | LR: 0.000010 | ms/batch: 46.1
Epoch 18/100 | Batch 10000/21973 | Loss: 1.1756 | BPB: 1.6960 | LR: 0.000010 | ms/batch: 46.1
Epoch 18/100 | Batch 10100/21973 | Loss: 1.1756 | BPB: 1.6960 | LR: 0.000010 | ms/batch: 46.1
Epoch 18/100 | Batch 10200/21973 | Loss: 1.1756 | BPB: 1.6960 | LR: 0.000010 | ms/batch: 46.1
Epoch 18/100 | Batch 10300/21973 | Loss: 1.1756 | BPB: 1.6961 | LR: 0.000010 | ms/batch: 46.1
Epoch 18/100 | Batch 10400/21973 | Loss: 1.1756 | BPB: 1.6961 | LR: 0.000010 | ms/batch: 46.1
Epoch 18/100 | Batch 10500/21973 | Loss: 1.1757 | BPB: 1.6961 | LR: 0.000010 | ms/batch: 46.1
Epoch 18/100 | Batch 10600/21973 | Loss: 1.1756 | BPB: 1.6961 | LR: 0.000010 | ms/batch: 46.1
Epoch 18/100 | Batch 10700/21973 | Loss: 1.1756 | BPB: 1.6961 | LR: 0.000010 | ms/batch: 46.1
Epoch 18/100 | Batch 10800/21973 | Loss: 1.1757 | BPB: 1.6961 | LR: 0.000010 | ms/batch: 46.1
Epoch 18/100 | Batch 10900/21973 | Loss: 1.1757 | BPB: 1.6961 | LR: 0.000010 | ms/batch: 46.1
Epoch 18/100 | Batch 11000/21973 | Loss: 1.1757 | BPB: 1.6961 | LR: 0.000010 | ms/batch: 46.1
Epoch 18/100 | Batch 11100/21973 | Loss: 1.1757 | BPB: 1.6962 | LR: 0.000010 | ms/batch: 46.1
Epoch 18/100 | Batch 11200/21973 | Loss: 1.1757 | BPB: 1.6962 | LR: 0.000010 | ms/batch: 46.1
Epoch 18/100 | Batch 11300/21973 | Loss: 1.1757 | BPB: 1.6962 | LR: 0.000010 | ms/batch: 46.1
Epoch 18/100 | Batch 11400/21973 | Loss: 1.1757 | BPB: 1.6962 | LR: 0.000010 | ms/batch: 46.1
Epoch 18/100 | Batch 11500/21973 | Loss: 1.1757 | BPB: 1.6962 | LR: 0.000010 | ms/batch: 46.1
Epoch 18/100 | Batch 11600/21973 | Loss: 1.1758 | BPB: 1.6963 | LR: 0.000010 | ms/batch: 46.1
Epoch 18/100 | Batch 11700/21973 | Loss: 1.1757 | BPB: 1.6962 | LR: 0.000010 | ms/batch: 46.1
Epoch 18/100 | Batch 11800/21973 | Loss: 1.1758 | BPB: 1.6963 | LR: 0.000010 | ms/batch: 46.1
Epoch 18/100 | Batch 11900/21973 | Loss: 1.1758 | BPB: 1.6963 | LR: 0.000010 | ms/batch: 46.1
Epoch 18/100 | Batch 12000/21973 | Loss: 1.1758 | BPB: 1.6963 | LR: 0.000010 | ms/batch: 46.1
Epoch 18/100 | Batch 12100/21973 | Loss: 1.1758 | BPB: 1.6963 | LR: 0.000010 | ms/batch: 46.1
Epoch 18/100 | Batch 12200/21973 | Loss: 1.1758 | BPB: 1.6963 | LR: 0.000010 | ms/batch: 46.1
Epoch 18/100 | Batch 12300/21973 | Loss: 1.1758 | BPB: 1.6963 | LR: 0.000010 | ms/batch: 46.1
Epoch 18/100 | Batch 12400/21973 | Loss: 1.1758 | BPB: 1.6963 | LR: 0.000010 | ms/batch: 46.1
Epoch 18/100 | Batch 12500/21973 | Loss: 1.1758 | BPB: 1.6963 | LR: 0.000010 | ms/batch: 46.1
Epoch 18/100 | Batch 12600/21973 | Loss: 1.1758 | BPB: 1.6963 | LR: 0.000010 | ms/batch: 46.1
Epoch 18/100 | Batch 12700/21973 | Loss: 1.1758 | BPB: 1.6963 | LR: 0.000010 | ms/batch: 46.1
Epoch 18/100 | Batch 12800/21973 | Loss: 1.1758 | BPB: 1.6963 | LR: 0.000010 | ms/batch: 46.1
Epoch 18/100 | Batch 12900/21973 | Loss: 1.1758 | BPB: 1.6963 | LR: 0.000010 | ms/batch: 46.1
Epoch 18/100 | Batch 13000/21973 | Loss: 1.1758 | BPB: 1.6963 | LR: 0.000010 | ms/batch: 46.1
Epoch 18/100 | Batch 13100/21973 | Loss: 1.1758 | BPB: 1.6963 | LR: 0.000010 | ms/batch: 46.1
Epoch 18/100 | Batch 13200/21973 | Loss: 1.1758 | BPB: 1.6963 | LR: 0.000010 | ms/batch: 46.1
Epoch 18/100 | Batch 13300/21973 | Loss: 1.1758 | BPB: 1.6963 | LR: 0.000010 | ms/batch: 46.1
Epoch 18/100 | Batch 13400/21973 | Loss: 1.1758 | BPB: 1.6963 | LR: 0.000010 | ms/batch: 46.1
Epoch 18/100 | Batch 13500/21973 | Loss: 1.1758 | BPB: 1.6963 | LR: 0.000010 | ms/batch: 46.1
Epoch 18/100 | Batch 13600/21973 | Loss: 1.1758 | BPB: 1.6963 | LR: 0.000010 | ms/batch: 46.1
Epoch 18/100 | Batch 13700/21973 | Loss: 1.1758 | BPB: 1.6963 | LR: 0.000010 | ms/batch: 46.1
Epoch 18/100 | Batch 13800/21973 | Loss: 1.1758 | BPB: 1.6963 | LR: 0.000010 | ms/batch: 46.1
Epoch 18/100 | Batch 13900/21973 | Loss: 1.1758 | BPB: 1.6963 | LR: 0.000010 | ms/batch: 46.1
Epoch 18/100 | Batch 14000/21973 | Loss: 1.1758 | BPB: 1.6963 | LR: 0.000010 | ms/batch: 46.1
Epoch 18/100 | Batch 14100/21973 | Loss: 1.1757 | BPB: 1.6962 | LR: 0.000010 | ms/batch: 46.1
Epoch 18/100 | Batch 14200/21973 | Loss: 1.1758 | BPB: 1.6963 | LR: 0.000010 | ms/batch: 46.1
Epoch 18/100 | Batch 14300/21973 | Loss: 1.1758 | BPB: 1.6963 | LR: 0.000010 | ms/batch: 46.1
Epoch 18/100 | Batch 14400/21973 | Loss: 1.1758 | BPB: 1.6963 | LR: 0.000010 | ms/batch: 46.1
Epoch 18/100 | Batch 14500/21973 | Loss: 1.1757 | BPB: 1.6962 | LR: 0.000010 | ms/batch: 46.1
Epoch 18/100 | Batch 14600/21973 | Loss: 1.1757 | BPB: 1.6962 | LR: 0.000010 | ms/batch: 46.1
Epoch 18/100 | Batch 14700/21973 | Loss: 1.1757 | BPB: 1.6962 | LR: 0.000010 | ms/batch: 46.1
Epoch 18/100 | Batch 14800/21973 | Loss: 1.1757 | BPB: 1.6962 | LR: 0.000010 | ms/batch: 46.1
Epoch 18/100 | Batch 14900/21973 | Loss: 1.1757 | BPB: 1.6962 | LR: 0.000010 | ms/batch: 46.1
Epoch 18/100 | Batch 15000/21973 | Loss: 1.1757 | BPB: 1.6962 | LR: 0.000010 | ms/batch: 46.1
Epoch 18/100 | Batch 15100/21973 | Loss: 1.1757 | BPB: 1.6962 | LR: 0.000010 | ms/batch: 46.1
Epoch 18/100 | Batch 15200/21973 | Loss: 1.1757 | BPB: 1.6962 | LR: 0.000010 | ms/batch: 46.1
Epoch 18/100 | Batch 15300/21973 | Loss: 1.1757 | BPB: 1.6962 | LR: 0.000010 | ms/batch: 46.1
Epoch 18/100 | Batch 15400/21973 | Loss: 1.1757 | BPB: 1.6962 | LR: 0.000010 | ms/batch: 46.1
Epoch 18/100 | Batch 15500/21973 | Loss: 1.1757 | BPB: 1.6962 | LR: 0.000010 | ms/batch: 46.1
Epoch 18/100 | Batch 15600/21973 | Loss: 1.1757 | BPB: 1.6962 | LR: 0.000010 | ms/batch: 46.1
Epoch 18/100 | Batch 15700/21973 | Loss: 1.1757 | BPB: 1.6962 | LR: 0.000010 | ms/batch: 46.1
Epoch 18/100 | Batch 15800/21973 | Loss: 1.1757 | BPB: 1.6962 | LR: 0.000010 | ms/batch: 46.1
Epoch 18/100 | Batch 15900/21973 | Loss: 1.1757 | BPB: 1.6962 | LR: 0.000010 | ms/batch: 46.1
Epoch 18/100 | Batch 16000/21973 | Loss: 1.1757 | BPB: 1.6962 | LR: 0.000010 | ms/batch: 46.1
Epoch 18/100 | Batch 16100/21973 | Loss: 1.1757 | BPB: 1.6962 | LR: 0.000010 | ms/batch: 46.1
Epoch 18/100 | Batch 16200/21973 | Loss: 1.1757 | BPB: 1.6962 | LR: 0.000010 | ms/batch: 46.1
Epoch 18/100 | Batch 16300/21973 | Loss: 1.1757 | BPB: 1.6962 | LR: 0.000010 | ms/batch: 46.1
Epoch 18/100 | Batch 16400/21973 | Loss: 1.1757 | BPB: 1.6962 | LR: 0.000010 | ms/batch: 46.1
Epoch 18/100 | Batch 16500/21973 | Loss: 1.1757 | BPB: 1.6962 | LR: 0.000010 | ms/batch: 46.1
Epoch 18/100 | Batch 16600/21973 | Loss: 1.1757 | BPB: 1.6961 | LR: 0.000010 | ms/batch: 46.1
Epoch 18/100 | Batch 16700/21973 | Loss: 1.1757 | BPB: 1.6961 | LR: 0.000010 | ms/batch: 46.1
Epoch 18/100 | Batch 16800/21973 | Loss: 1.1757 | BPB: 1.6961 | LR: 0.000010 | ms/batch: 46.1
Epoch 18/100 | Batch 16900/21973 | Loss: 1.1757 | BPB: 1.6961 | LR: 0.000010 | ms/batch: 46.1
Epoch 18/100 | Batch 17000/21973 | Loss: 1.1757 | BPB: 1.6961 | LR: 0.000010 | ms/batch: 46.1
Epoch 18/100 | Batch 17100/21973 | Loss: 1.1757 | BPB: 1.6961 | LR: 0.000010 | ms/batch: 46.1
Epoch 18/100 | Batch 17200/21973 | Loss: 1.1757 | BPB: 1.6961 | LR: 0.000010 | ms/batch: 46.1
Epoch 18/100 | Batch 17300/21973 | Loss: 1.1756 | BPB: 1.6961 | LR: 0.000010 | ms/batch: 46.1
Epoch 18/100 | Batch 17400/21973 | Loss: 1.1756 | BPB: 1.6961 | LR: 0.000010 | ms/batch: 46.1
Epoch 18/100 | Batch 17500/21973 | Loss: 1.1757 | BPB: 1.6961 | LR: 0.000010 | ms/batch: 46.1
Epoch 18/100 | Batch 17600/21973 | Loss: 1.1757 | BPB: 1.6961 | LR: 0.000010 | ms/batch: 46.1
Epoch 18/100 | Batch 17700/21973 | Loss: 1.1756 | BPB: 1.6961 | LR: 0.000010 | ms/batch: 46.1
Epoch 18/100 | Batch 17800/21973 | Loss: 1.1757 | BPB: 1.6961 | LR: 0.000010 | ms/batch: 46.1
Epoch 18/100 | Batch 17900/21973 | Loss: 1.1757 | BPB: 1.6961 | LR: 0.000010 | ms/batch: 46.1
Epoch 18/100 | Batch 18000/21973 | Loss: 1.1756 | BPB: 1.6961 | LR: 0.000010 | ms/batch: 46.1
Epoch 18/100 | Batch 18100/21973 | Loss: 1.1756 | BPB: 1.6961 | LR: 0.000010 | ms/batch: 46.1
Epoch 18/100 | Batch 18200/21973 | Loss: 1.1757 | BPB: 1.6961 | LR: 0.000010 | ms/batch: 46.1
Epoch 18/100 | Batch 18300/21973 | Loss: 1.1757 | BPB: 1.6961 | LR: 0.000010 | ms/batch: 46.1
Epoch 18/100 | Batch 18400/21973 | Loss: 1.1756 | BPB: 1.6961 | LR: 0.000010 | ms/batch: 46.1
Epoch 18/100 | Batch 18500/21973 | Loss: 1.1757 | BPB: 1.6961 | LR: 0.000010 | ms/batch: 46.1
Epoch 18/100 | Batch 18600/21973 | Loss: 1.1757 | BPB: 1.6961 | LR: 0.000010 | ms/batch: 46.1
Epoch 18/100 | Batch 18700/21973 | Loss: 1.1757 | BPB: 1.6961 | LR: 0.000010 | ms/batch: 46.1
Epoch 18/100 | Batch 18800/21973 | Loss: 1.1757 | BPB: 1.6961 | LR: 0.000010 | ms/batch: 46.1
Epoch 18/100 | Batch 18900/21973 | Loss: 1.1757 | BPB: 1.6961 | LR: 0.000010 | ms/batch: 46.1
Epoch 18/100 | Batch 19000/21973 | Loss: 1.1757 | BPB: 1.6961 | LR: 0.000010 | ms/batch: 46.1
Epoch 18/100 | Batch 19100/21973 | Loss: 1.1757 | BPB: 1.6961 | LR: 0.000010 | ms/batch: 46.1
Epoch 18/100 | Batch 19200/21973 | Loss: 1.1757 | BPB: 1.6961 | LR: 0.000010 | ms/batch: 46.1
Epoch 18/100 | Batch 19300/21973 | Loss: 1.1756 | BPB: 1.6961 | LR: 0.000010 | ms/batch: 46.1
Epoch 18/100 | Batch 19400/21973 | Loss: 1.1756 | BPB: 1.6961 | LR: 0.000010 | ms/batch: 46.1
Epoch 18/100 | Batch 19500/21973 | Loss: 1.1756 | BPB: 1.6961 | LR: 0.000010 | ms/batch: 46.1
Epoch 18/100 | Batch 19600/21973 | Loss: 1.1756 | BPB: 1.6961 | LR: 0.000010 | ms/batch: 46.1
Epoch 18/100 | Batch 19700/21973 | Loss: 1.1756 | BPB: 1.6961 | LR: 0.000010 | ms/batch: 46.1
Epoch 18/100 | Batch 19800/21973 | Loss: 1.1756 | BPB: 1.6961 | LR: 0.000010 | ms/batch: 46.1
Epoch 18/100 | Batch 19900/21973 | Loss: 1.1756 | BPB: 1.6961 | LR: 0.000010 | ms/batch: 46.1
Epoch 18/100 | Batch 20000/21973 | Loss: 1.1756 | BPB: 1.6961 | LR: 0.000010 | ms/batch: 46.1
Epoch 18/100 | Batch 20100/21973 | Loss: 1.1756 | BPB: 1.6961 | LR: 0.000010 | ms/batch: 46.1
Epoch 18/100 | Batch 20200/21973 | Loss: 1.1756 | BPB: 1.6961 | LR: 0.000010 | ms/batch: 46.1
Epoch 18/100 | Batch 20300/21973 | Loss: 1.1756 | BPB: 1.6961 | LR: 0.000010 | ms/batch: 46.1
Epoch 18/100 | Batch 20400/21973 | Loss: 1.1756 | BPB: 1.6961 | LR: 0.000010 | ms/batch: 46.1
Epoch 18/100 | Batch 20500/21973 | Loss: 1.1757 | BPB: 1.6961 | LR: 0.000010 | ms/batch: 46.1
Epoch 18/100 | Batch 20600/21973 | Loss: 1.1757 | BPB: 1.6961 | LR: 0.000010 | ms/batch: 46.1
Epoch 18/100 | Batch 20700/21973 | Loss: 1.1757 | BPB: 1.6961 | LR: 0.000010 | ms/batch: 46.1
Epoch 18/100 | Batch 20800/21973 | Loss: 1.1756 | BPB: 1.6961 | LR: 0.000010 | ms/batch: 46.1
Epoch 18/100 | Batch 20900/21973 | Loss: 1.1756 | BPB: 1.6961 | LR: 0.000010 | ms/batch: 46.1
Epoch 18/100 | Batch 21000/21973 | Loss: 1.1756 | BPB: 1.6961 | LR: 0.000010 | ms/batch: 46.1
Epoch 18/100 | Batch 21100/21973 | Loss: 1.1756 | BPB: 1.6961 | LR: 0.000010 | ms/batch: 46.1
Epoch 18/100 | Batch 21200/21973 | Loss: 1.1757 | BPB: 1.6961 | LR: 0.000010 | ms/batch: 46.1
Epoch 18/100 | Batch 21300/21973 | Loss: 1.1756 | BPB: 1.6961 | LR: 0.000010 | ms/batch: 46.1
Epoch 18/100 | Batch 21400/21973 | Loss: 1.1756 | BPB: 1.6961 | LR: 0.000010 | ms/batch: 46.1
Epoch 18/100 | Batch 21500/21973 | Loss: 1.1757 | BPB: 1.6961 | LR: 0.000010 | ms/batch: 46.1
Epoch 18/100 | Batch 21600/21973 | Loss: 1.1757 | BPB: 1.6961 | LR: 0.000010 | ms/batch: 46.1
Epoch 18/100 | Batch 21700/21973 | Loss: 1.1757 | BPB: 1.6961 | LR: 0.000010 | ms/batch: 46.1
Epoch 18/100 | Batch 21800/21973 | Loss: 1.1757 | BPB: 1.6961 | LR: 0.000010 | ms/batch: 46.1
Epoch 18/100 | Batch 21900/21973 | Loss: 1.1757 | BPB: 1.6962 | LR: 0.000010 | ms/batch: 46.1

Epoch 18/100 Summary:
Training Loss: 1.1757 (BPB: 1.6961)
Validation Loss: 0.8785 (BPB: 1.2675)
Best Validation Loss: 0.8785
Learning Rate: 0.000010
Epoch 19/100 | Batch 0/21973 | Loss: 1.1871 | BPB: 1.7126 | LR: 0.000010 | ms/batch: 125.8
Epoch 19/100 | Batch 100/21973 | Loss: 1.1765 | BPB: 1.6973 | LR: 0.000010 | ms/batch: 47.4
Epoch 19/100 | Batch 200/21973 | Loss: 1.1759 | BPB: 1.6965 | LR: 0.000010 | ms/batch: 46.6
Epoch 19/100 | Batch 300/21973 | Loss: 1.1766 | BPB: 1.6974 | LR: 0.000010 | ms/batch: 46.4
Epoch 19/100 | Batch 400/21973 | Loss: 1.1765 | BPB: 1.6973 | LR: 0.000010 | ms/batch: 46.3
Epoch 19/100 | Batch 500/21973 | Loss: 1.1767 | BPB: 1.6976 | LR: 0.000010 | ms/batch: 46.2
Epoch 19/100 | Batch 600/21973 | Loss: 1.1767 | BPB: 1.6977 | LR: 0.000010 | ms/batch: 46.2
Epoch 19/100 | Batch 700/21973 | Loss: 1.1763 | BPB: 1.6971 | LR: 0.000010 | ms/batch: 46.2
Epoch 19/100 | Batch 800/21973 | Loss: 1.1759 | BPB: 1.6964 | LR: 0.000010 | ms/batch: 46.1
Epoch 19/100 | Batch 900/21973 | Loss: 1.1759 | BPB: 1.6964 | LR: 0.000010 | ms/batch: 46.1
Epoch 19/100 | Batch 1000/21973 | Loss: 1.1756 | BPB: 1.6960 | LR: 0.000010 | ms/batch: 46.1
Epoch 19/100 | Batch 1100/21973 | Loss: 1.1757 | BPB: 1.6962 | LR: 0.000010 | ms/batch: 46.1
Epoch 19/100 | Batch 1200/21973 | Loss: 1.1758 | BPB: 1.6963 | LR: 0.000010 | ms/batch: 46.1
Epoch 19/100 | Batch 1300/21973 | Loss: 1.1758 | BPB: 1.6963 | LR: 0.000010 | ms/batch: 46.1
Epoch 19/100 | Batch 1400/21973 | Loss: 1.1760 | BPB: 1.6966 | LR: 0.000010 | ms/batch: 46.1
Epoch 19/100 | Batch 1500/21973 | Loss: 1.1758 | BPB: 1.6963 | LR: 0.000010 | ms/batch: 46.1
Epoch 19/100 | Batch 1600/21973 | Loss: 1.1757 | BPB: 1.6961 | LR: 0.000010 | ms/batch: 46.1
Epoch 19/100 | Batch 1700/21973 | Loss: 1.1755 | BPB: 1.6959 | LR: 0.000010 | ms/batch: 46.1
Epoch 19/100 | Batch 1800/21973 | Loss: 1.1756 | BPB: 1.6960 | LR: 0.000010 | ms/batch: 46.1
Epoch 19/100 | Batch 1900/21973 | Loss: 1.1755 | BPB: 1.6959 | LR: 0.000010 | ms/batch: 46.1
Epoch 19/100 | Batch 2000/21973 | Loss: 1.1755 | BPB: 1.6959 | LR: 0.000010 | ms/batch: 46.1
Epoch 19/100 | Batch 2100/21973 | Loss: 1.1755 | BPB: 1.6959 | LR: 0.000010 | ms/batch: 46.1
Epoch 19/100 | Batch 2200/21973 | Loss: 1.1755 | BPB: 1.6958 | LR: 0.000010 | ms/batch: 46.1
Epoch 19/100 | Batch 2300/21973 | Loss: 1.1755 | BPB: 1.6959 | LR: 0.000010 | ms/batch: 46.1
Epoch 19/100 | Batch 2400/21973 | Loss: 1.1756 | BPB: 1.6961 | LR: 0.000010 | ms/batch: 46.1
Epoch 19/100 | Batch 2500/21973 | Loss: 1.1756 | BPB: 1.6960 | LR: 0.000010 | ms/batch: 46.0
Epoch 19/100 | Batch 2600/21973 | Loss: 1.1756 | BPB: 1.6961 | LR: 0.000010 | ms/batch: 46.1
Epoch 19/100 | Batch 2700/21973 | Loss: 1.1757 | BPB: 1.6962 | LR: 0.000010 | ms/batch: 46.1
Epoch 19/100 | Batch 2800/21973 | Loss: 1.1757 | BPB: 1.6961 | LR: 0.000010 | ms/batch: 46.1
Epoch 19/100 | Batch 2900/21973 | Loss: 1.1756 | BPB: 1.6961 | LR: 0.000010 | ms/batch: 46.0
Epoch 19/100 | Batch 3000/21973 | Loss: 1.1757 | BPB: 1.6961 | LR: 0.000010 | ms/batch: 46.0
Epoch 19/100 | Batch 3100/21973 | Loss: 1.1757 | BPB: 1.6962 | LR: 0.000010 | ms/batch: 46.0
Epoch 19/100 | Batch 3200/21973 | Loss: 1.1758 | BPB: 1.6963 | LR: 0.000010 | ms/batch: 46.1
Epoch 19/100 | Batch 3300/21973 | Loss: 1.1757 | BPB: 1.6962 | LR: 0.000010 | ms/batch: 46.0
Epoch 19/100 | Batch 3400/21973 | Loss: 1.1757 | BPB: 1.6961 | LR: 0.000010 | ms/batch: 46.0
Epoch 19/100 | Batch 3500/21973 | Loss: 1.1757 | BPB: 1.6962 | LR: 0.000010 | ms/batch: 46.0
Epoch 19/100 | Batch 3600/21973 | Loss: 1.1757 | BPB: 1.6962 | LR: 0.000010 | ms/batch: 46.1
Epoch 19/100 | Batch 3700/21973 | Loss: 1.1758 | BPB: 1.6963 | LR: 0.000010 | ms/batch: 46.0
Epoch 19/100 | Batch 3800/21973 | Loss: 1.1759 | BPB: 1.6965 | LR: 0.000010 | ms/batch: 46.0
Epoch 19/100 | Batch 3900/21973 | Loss: 1.1759 | BPB: 1.6965 | LR: 0.000010 | ms/batch: 46.0
Epoch 19/100 | Batch 4000/21973 | Loss: 1.1759 | BPB: 1.6965 | LR: 0.000010 | ms/batch: 46.0
Epoch 19/100 | Batch 4100/21973 | Loss: 1.1759 | BPB: 1.6965 | LR: 0.000010 | ms/batch: 46.0
Epoch 19/100 | Batch 4200/21973 | Loss: 1.1759 | BPB: 1.6964 | LR: 0.000010 | ms/batch: 46.0
Epoch 19/100 | Batch 4300/21973 | Loss: 1.1759 | BPB: 1.6964 | LR: 0.000010 | ms/batch: 46.0
Epoch 19/100 | Batch 4400/21973 | Loss: 1.1759 | BPB: 1.6965 | LR: 0.000010 | ms/batch: 46.0
Epoch 19/100 | Batch 4500/21973 | Loss: 1.1759 | BPB: 1.6965 | LR: 0.000010 | ms/batch: 46.0
Epoch 19/100 | Batch 4600/21973 | Loss: 1.1759 | BPB: 1.6965 | LR: 0.000010 | ms/batch: 46.0
Epoch 19/100 | Batch 4700/21973 | Loss: 1.1759 | BPB: 1.6965 | LR: 0.000010 | ms/batch: 46.0
Epoch 19/100 | Batch 4800/21973 | Loss: 1.1758 | BPB: 1.6964 | LR: 0.000010 | ms/batch: 46.0
Epoch 19/100 | Batch 4900/21973 | Loss: 1.1758 | BPB: 1.6963 | LR: 0.000010 | ms/batch: 46.0
Epoch 19/100 | Batch 5000/21973 | Loss: 1.1758 | BPB: 1.6964 | LR: 0.000010 | ms/batch: 46.0
Epoch 19/100 | Batch 5100/21973 | Loss: 1.1758 | BPB: 1.6963 | LR: 0.000010 | ms/batch: 46.0
Epoch 19/100 | Batch 5200/21973 | Loss: 1.1758 | BPB: 1.6963 | LR: 0.000010 | ms/batch: 46.0
Epoch 19/100 | Batch 5300/21973 | Loss: 1.1758 | BPB: 1.6963 | LR: 0.000010 | ms/batch: 46.0
Epoch 19/100 | Batch 5400/21973 | Loss: 1.1757 | BPB: 1.6962 | LR: 0.000010 | ms/batch: 46.0
Epoch 19/100 | Batch 5500/21973 | Loss: 1.1757 | BPB: 1.6962 | LR: 0.000010 | ms/batch: 46.0
Epoch 19/100 | Batch 5600/21973 | Loss: 1.1756 | BPB: 1.6961 | LR: 0.000010 | ms/batch: 46.0
Epoch 19/100 | Batch 5700/21973 | Loss: 1.1756 | BPB: 1.6960 | LR: 0.000010 | ms/batch: 46.0
Epoch 19/100 | Batch 5800/21973 | Loss: 1.1756 | BPB: 1.6960 | LR: 0.000010 | ms/batch: 46.0
Epoch 19/100 | Batch 5900/21973 | Loss: 1.1756 | BPB: 1.6960 | LR: 0.000010 | ms/batch: 46.0
Epoch 19/100 | Batch 6000/21973 | Loss: 1.1755 | BPB: 1.6959 | LR: 0.000010 | ms/batch: 46.0
Epoch 19/100 | Batch 6100/21973 | Loss: 1.1755 | BPB: 1.6959 | LR: 0.000010 | ms/batch: 46.0
Epoch 19/100 | Batch 6200/21973 | Loss: 1.1755 | BPB: 1.6959 | LR: 0.000010 | ms/batch: 46.0
Epoch 19/100 | Batch 6300/21973 | Loss: 1.1755 | BPB: 1.6960 | LR: 0.000010 | ms/batch: 46.0
Epoch 19/100 | Batch 6400/21973 | Loss: 1.1755 | BPB: 1.6960 | LR: 0.000010 | ms/batch: 46.0
Epoch 19/100 | Batch 6500/21973 | Loss: 1.1755 | BPB: 1.6959 | LR: 0.000010 | ms/batch: 46.0
Epoch 19/100 | Batch 6600/21973 | Loss: 1.1755 | BPB: 1.6958 | LR: 0.000010 | ms/batch: 46.0
Epoch 19/100 | Batch 6700/21973 | Loss: 1.1755 | BPB: 1.6959 | LR: 0.000010 | ms/batch: 46.0
Epoch 19/100 | Batch 6800/21973 | Loss: 1.1755 | BPB: 1.6959 | LR: 0.000010 | ms/batch: 46.0
Epoch 19/100 | Batch 6900/21973 | Loss: 1.1755 | BPB: 1.6959 | LR: 0.000010 | ms/batch: 46.0
Epoch 19/100 | Batch 7000/21973 | Loss: 1.1755 | BPB: 1.6959 | LR: 0.000010 | ms/batch: 46.0
Epoch 19/100 | Batch 7100/21973 | Loss: 1.1755 | BPB: 1.6959 | LR: 0.000010 | ms/batch: 46.0
Epoch 19/100 | Batch 7200/21973 | Loss: 1.1755 | BPB: 1.6959 | LR: 0.000010 | ms/batch: 46.0
Epoch 19/100 | Batch 7300/21973 | Loss: 1.1755 | BPB: 1.6959 | LR: 0.000010 | ms/batch: 46.0
Epoch 19/100 | Batch 7400/21973 | Loss: 1.1755 | BPB: 1.6959 | LR: 0.000010 | ms/batch: 46.0
Epoch 19/100 | Batch 7500/21973 | Loss: 1.1755 | BPB: 1.6959 | LR: 0.000010 | ms/batch: 46.0
Epoch 19/100 | Batch 7600/21973 | Loss: 1.1755 | BPB: 1.6959 | LR: 0.000010 | ms/batch: 46.0
Epoch 19/100 | Batch 7700/21973 | Loss: 1.1755 | BPB: 1.6959 | LR: 0.000010 | ms/batch: 46.0
Epoch 19/100 | Batch 7800/21973 | Loss: 1.1755 | BPB: 1.6959 | LR: 0.000010 | ms/batch: 46.0
Epoch 19/100 | Batch 7900/21973 | Loss: 1.1755 | BPB: 1.6959 | LR: 0.000010 | ms/batch: 46.0
Epoch 19/100 | Batch 8000/21973 | Loss: 1.1755 | BPB: 1.6958 | LR: 0.000010 | ms/batch: 46.0
Epoch 19/100 | Batch 8100/21973 | Loss: 1.1755 | BPB: 1.6959 | LR: 0.000010 | ms/batch: 46.0
Epoch 19/100 | Batch 8200/21973 | Loss: 1.1755 | BPB: 1.6958 | LR: 0.000010 | ms/batch: 46.0
Epoch 19/100 | Batch 8300/21973 | Loss: 1.1755 | BPB: 1.6959 | LR: 0.000010 | ms/batch: 46.0
Epoch 19/100 | Batch 8400/21973 | Loss: 1.1755 | BPB: 1.6959 | LR: 0.000010 | ms/batch: 46.0
Epoch 19/100 | Batch 8500/21973 | Loss: 1.1755 | BPB: 1.6958 | LR: 0.000010 | ms/batch: 46.0
Epoch 19/100 | Batch 8600/21973 | Loss: 1.1755 | BPB: 1.6958 | LR: 0.000010 | ms/batch: 46.0
Epoch 19/100 | Batch 8700/21973 | Loss: 1.1754 | BPB: 1.6958 | LR: 0.000010 | ms/batch: 46.0
Epoch 19/100 | Batch 8800/21973 | Loss: 1.1754 | BPB: 1.6958 | LR: 0.000010 | ms/batch: 46.0
Epoch 19/100 | Batch 8900/21973 | Loss: 1.1754 | BPB: 1.6958 | LR: 0.000010 | ms/batch: 46.0
Epoch 19/100 | Batch 9000/21973 | Loss: 1.1754 | BPB: 1.6958 | LR: 0.000010 | ms/batch: 46.0
Epoch 19/100 | Batch 9100/21973 | Loss: 1.1754 | BPB: 1.6958 | LR: 0.000010 | ms/batch: 46.0
Epoch 19/100 | Batch 9200/21973 | Loss: 1.1754 | BPB: 1.6958 | LR: 0.000010 | ms/batch: 46.0
Epoch 19/100 | Batch 9300/21973 | Loss: 1.1754 | BPB: 1.6958 | LR: 0.000010 | ms/batch: 46.0
Epoch 19/100 | Batch 9400/21973 | Loss: 1.1754 | BPB: 1.6958 | LR: 0.000010 | ms/batch: 46.0
Epoch 19/100 | Batch 9500/21973 | Loss: 1.1754 | BPB: 1.6958 | LR: 0.000010 | ms/batch: 46.0
Epoch 19/100 | Batch 9600/21973 | Loss: 1.1754 | BPB: 1.6958 | LR: 0.000010 | ms/batch: 46.0
Epoch 19/100 | Batch 9700/21973 | Loss: 1.1754 | BPB: 1.6958 | LR: 0.000010 | ms/batch: 46.0
Epoch 19/100 | Batch 9800/21973 | Loss: 1.1754 | BPB: 1.6958 | LR: 0.000010 | ms/batch: 46.0
Epoch 19/100 | Batch 9900/21973 | Loss: 1.1755 | BPB: 1.6958 | LR: 0.000010 | ms/batch: 46.0
Epoch 19/100 | Batch 10000/21973 | Loss: 1.1755 | BPB: 1.6958 | LR: 0.000010 | ms/batch: 46.0
Epoch 19/100 | Batch 10100/21973 | Loss: 1.1755 | BPB: 1.6959 | LR: 0.000010 | ms/batch: 46.0
Epoch 19/100 | Batch 10200/21973 | Loss: 1.1755 | BPB: 1.6958 | LR: 0.000010 | ms/batch: 46.0
Epoch 19/100 | Batch 10300/21973 | Loss: 1.1755 | BPB: 1.6959 | LR: 0.000010 | ms/batch: 46.0
Epoch 19/100 | Batch 10400/21973 | Loss: 1.1755 | BPB: 1.6958 | LR: 0.000010 | ms/batch: 46.0
Epoch 19/100 | Batch 10500/21973 | Loss: 1.1755 | BPB: 1.6958 | LR: 0.000010 | ms/batch: 46.0
Epoch 19/100 | Batch 10600/21973 | Loss: 1.1755 | BPB: 1.6958 | LR: 0.000010 | ms/batch: 46.0
Epoch 19/100 | Batch 10700/21973 | Loss: 1.1755 | BPB: 1.6958 | LR: 0.000010 | ms/batch: 46.0
Epoch 19/100 | Batch 10800/21973 | Loss: 1.1755 | BPB: 1.6958 | LR: 0.000010 | ms/batch: 46.0
Epoch 19/100 | Batch 10900/21973 | Loss: 1.1754 | BPB: 1.6958 | LR: 0.000010 | ms/batch: 46.0
Epoch 19/100 | Batch 11000/21973 | Loss: 1.1754 | BPB: 1.6958 | LR: 0.000010 | ms/batch: 46.0
Epoch 19/100 | Batch 11100/21973 | Loss: 1.1754 | BPB: 1.6958 | LR: 0.000010 | ms/batch: 46.0
Epoch 19/100 | Batch 11200/21973 | Loss: 1.1755 | BPB: 1.6959 | LR: 0.000010 | ms/batch: 46.1
Epoch 19/100 | Batch 11300/21973 | Loss: 1.1755 | BPB: 1.6959 | LR: 0.000010 | ms/batch: 46.1
Epoch 19/100 | Batch 11400/21973 | Loss: 1.1755 | BPB: 1.6959 | LR: 0.000010 | ms/batch: 46.1
Epoch 19/100 | Batch 11500/21973 | Loss: 1.1755 | BPB: 1.6959 | LR: 0.000010 | ms/batch: 46.1
Epoch 19/100 | Batch 11600/21973 | Loss: 1.1755 | BPB: 1.6959 | LR: 0.000010 | ms/batch: 46.1
Epoch 19/100 | Batch 11700/21973 | Loss: 1.1755 | BPB: 1.6959 | LR: 0.000010 | ms/batch: 46.1
Epoch 19/100 | Batch 11800/21973 | Loss: 1.1755 | BPB: 1.6959 | LR: 0.000010 | ms/batch: 46.1
Epoch 19/100 | Batch 11900/21973 | Loss: 1.1755 | BPB: 1.6959 | LR: 0.000010 | ms/batch: 46.1
Epoch 19/100 | Batch 12000/21973 | Loss: 1.1755 | BPB: 1.6959 | LR: 0.000010 | ms/batch: 46.1
Epoch 19/100 | Batch 12100/21973 | Loss: 1.1755 | BPB: 1.6959 | LR: 0.000010 | ms/batch: 46.1
Epoch 19/100 | Batch 12200/21973 | Loss: 1.1755 | BPB: 1.6959 | LR: 0.000010 | ms/batch: 46.1
Epoch 19/100 | Batch 12300/21973 | Loss: 1.1755 | BPB: 1.6959 | LR: 0.000010 | ms/batch: 46.1
Epoch 19/100 | Batch 12400/21973 | Loss: 1.1755 | BPB: 1.6959 | LR: 0.000010 | ms/batch: 46.1
Epoch 19/100 | Batch 12500/21973 | Loss: 1.1755 | BPB: 1.6960 | LR: 0.000010 | ms/batch: 46.1
Epoch 19/100 | Batch 12600/21973 | Loss: 1.1755 | BPB: 1.6960 | LR: 0.000010 | ms/batch: 46.1
Epoch 19/100 | Batch 12700/21973 | Loss: 1.1756 | BPB: 1.6960 | LR: 0.000010 | ms/batch: 46.1
Epoch 19/100 | Batch 12800/21973 | Loss: 1.1756 | BPB: 1.6960 | LR: 0.000010 | ms/batch: 46.1
Epoch 19/100 | Batch 12900/21973 | Loss: 1.1756 | BPB: 1.6960 | LR: 0.000010 | ms/batch: 46.1
Epoch 19/100 | Batch 13000/21973 | Loss: 1.1756 | BPB: 1.6960 | LR: 0.000010 | ms/batch: 46.1
Epoch 19/100 | Batch 13100/21973 | Loss: 1.1756 | BPB: 1.6960 | LR: 0.000010 | ms/batch: 46.1
Epoch 19/100 | Batch 13200/21973 | Loss: 1.1756 | BPB: 1.6960 | LR: 0.000010 | ms/batch: 46.1
Epoch 19/100 | Batch 13300/21973 | Loss: 1.1756 | BPB: 1.6960 | LR: 0.000010 | ms/batch: 46.1
Epoch 19/100 | Batch 13400/21973 | Loss: 1.1756 | BPB: 1.6960 | LR: 0.000010 | ms/batch: 46.1
Epoch 19/100 | Batch 13500/21973 | Loss: 1.1755 | BPB: 1.6959 | LR: 0.000010 | ms/batch: 46.1
Epoch 19/100 | Batch 13600/21973 | Loss: 1.1755 | BPB: 1.6960 | LR: 0.000010 | ms/batch: 46.1
Epoch 19/100 | Batch 13700/21973 | Loss: 1.1756 | BPB: 1.6960 | LR: 0.000010 | ms/batch: 46.1
Epoch 19/100 | Batch 13800/21973 | Loss: 1.1756 | BPB: 1.6960 | LR: 0.000010 | ms/batch: 46.1
Epoch 19/100 | Batch 13900/21973 | Loss: 1.1756 | BPB: 1.6960 | LR: 0.000010 | ms/batch: 46.1
Epoch 19/100 | Batch 14000/21973 | Loss: 1.1756 | BPB: 1.6960 | LR: 0.000010 | ms/batch: 46.1
Epoch 19/100 | Batch 14100/21973 | Loss: 1.1756 | BPB: 1.6960 | LR: 0.000010 | ms/batch: 46.1
Epoch 19/100 | Batch 14200/21973 | Loss: 1.1756 | BPB: 1.6960 | LR: 0.000010 | ms/batch: 46.1
Epoch 19/100 | Batch 14300/21973 | Loss: 1.1756 | BPB: 1.6960 | LR: 0.000010 | ms/batch: 46.1
Epoch 19/100 | Batch 14400/21973 | Loss: 1.1755 | BPB: 1.6959 | LR: 0.000010 | ms/batch: 46.1
Epoch 19/100 | Batch 14500/21973 | Loss: 1.1755 | BPB: 1.6959 | LR: 0.000010 | ms/batch: 46.1
Epoch 19/100 | Batch 14600/21973 | Loss: 1.1755 | BPB: 1.6959 | LR: 0.000010 | ms/batch: 46.1
Epoch 19/100 | Batch 14700/21973 | Loss: 1.1755 | BPB: 1.6959 | LR: 0.000010 | ms/batch: 46.1
Epoch 19/100 | Batch 14800/21973 | Loss: 1.1755 | BPB: 1.6959 | LR: 0.000010 | ms/batch: 46.1
Epoch 19/100 | Batch 14900/21973 | Loss: 1.1755 | BPB: 1.6959 | LR: 0.000010 | ms/batch: 46.1
Epoch 19/100 | Batch 15000/21973 | Loss: 1.1755 | BPB: 1.6959 | LR: 0.000010 | ms/batch: 46.1
Epoch 19/100 | Batch 15100/21973 | Loss: 1.1755 | BPB: 1.6959 | LR: 0.000010 | ms/batch: 46.1
Epoch 19/100 | Batch 15200/21973 | Loss: 1.1755 | BPB: 1.6958 | LR: 0.000010 | ms/batch: 46.1
Epoch 19/100 | Batch 15300/21973 | Loss: 1.1755 | BPB: 1.6958 | LR: 0.000010 | ms/batch: 46.1
Epoch 19/100 | Batch 15400/21973 | Loss: 1.1755 | BPB: 1.6958 | LR: 0.000010 | ms/batch: 46.1
Epoch 19/100 | Batch 15500/21973 | Loss: 1.1754 | BPB: 1.6958 | LR: 0.000010 | ms/batch: 46.1
Epoch 19/100 | Batch 15600/21973 | Loss: 1.1754 | BPB: 1.6958 | LR: 0.000010 | ms/batch: 46.1
Epoch 19/100 | Batch 15700/21973 | Loss: 1.1754 | BPB: 1.6958 | LR: 0.000010 | ms/batch: 46.1
Epoch 19/100 | Batch 15800/21973 | Loss: 1.1754 | BPB: 1.6958 | LR: 0.000010 | ms/batch: 46.1
Epoch 19/100 | Batch 15900/21973 | Loss: 1.1755 | BPB: 1.6958 | LR: 0.000010 | ms/batch: 46.1
Epoch 19/100 | Batch 16000/21973 | Loss: 1.1755 | BPB: 1.6958 | LR: 0.000010 | ms/batch: 46.1
Epoch 19/100 | Batch 16100/21973 | Loss: 1.1754 | BPB: 1.6958 | LR: 0.000010 | ms/batch: 46.1
Epoch 19/100 | Batch 16200/21973 | Loss: 1.1754 | BPB: 1.6958 | LR: 0.000010 | ms/batch: 46.1
Epoch 19/100 | Batch 16300/21973 | Loss: 1.1754 | BPB: 1.6958 | LR: 0.000010 | ms/batch: 46.1
Epoch 19/100 | Batch 16400/21973 | Loss: 1.1754 | BPB: 1.6958 | LR: 0.000010 | ms/batch: 46.1
Epoch 19/100 | Batch 16500/21973 | Loss: 1.1754 | BPB: 1.6958 | LR: 0.000010 | ms/batch: 46.1
Epoch 19/100 | Batch 16600/21973 | Loss: 1.1754 | BPB: 1.6958 | LR: 0.000010 | ms/batch: 46.1
Epoch 19/100 | Batch 16700/21973 | Loss: 1.1754 | BPB: 1.6958 | LR: 0.000010 | ms/batch: 46.1
Epoch 19/100 | Batch 16800/21973 | Loss: 1.1754 | BPB: 1.6958 | LR: 0.000010 | ms/batch: 46.1
Epoch 19/100 | Batch 16900/21973 | Loss: 1.1754 | BPB: 1.6958 | LR: 0.000010 | ms/batch: 46.1
Epoch 19/100 | Batch 17000/21973 | Loss: 1.1754 | BPB: 1.6958 | LR: 0.000010 | ms/batch: 46.1
Epoch 19/100 | Batch 17100/21973 | Loss: 1.1754 | BPB: 1.6958 | LR: 0.000010 | ms/batch: 46.1
Epoch 19/100 | Batch 17200/21973 | Loss: 1.1754 | BPB: 1.6958 | LR: 0.000010 | ms/batch: 46.1
Epoch 19/100 | Batch 17300/21973 | Loss: 1.1754 | BPB: 1.6958 | LR: 0.000010 | ms/batch: 46.1
Epoch 19/100 | Batch 17400/21973 | Loss: 1.1754 | BPB: 1.6958 | LR: 0.000010 | ms/batch: 46.1
Epoch 19/100 | Batch 17500/21973 | Loss: 1.1754 | BPB: 1.6958 | LR: 0.000010 | ms/batch: 46.1
Epoch 19/100 | Batch 17600/21973 | Loss: 1.1754 | BPB: 1.6958 | LR: 0.000010 | ms/batch: 46.1
Epoch 19/100 | Batch 17700/21973 | Loss: 1.1754 | BPB: 1.6958 | LR: 0.000010 | ms/batch: 46.1
Epoch 19/100 | Batch 17800/21973 | Loss: 1.1754 | BPB: 1.6958 | LR: 0.000010 | ms/batch: 46.1
Epoch 19/100 | Batch 17900/21973 | Loss: 1.1754 | BPB: 1.6958 | LR: 0.000010 | ms/batch: 46.1
Epoch 19/100 | Batch 18000/21973 | Loss: 1.1755 | BPB: 1.6958 | LR: 0.000010 | ms/batch: 46.1
Epoch 19/100 | Batch 18100/21973 | Loss: 1.1754 | BPB: 1.6958 | LR: 0.000010 | ms/batch: 46.1
Epoch 19/100 | Batch 18200/21973 | Loss: 1.1755 | BPB: 1.6958 | LR: 0.000010 | ms/batch: 46.1
Epoch 19/100 | Batch 18300/21973 | Loss: 1.1754 | BPB: 1.6958 | LR: 0.000010 | ms/batch: 46.1
Epoch 19/100 | Batch 18400/21973 | Loss: 1.1754 | BPB: 1.6958 | LR: 0.000010 | ms/batch: 46.1
Epoch 19/100 | Batch 18500/21973 | Loss: 1.1754 | BPB: 1.6958 | LR: 0.000010 | ms/batch: 46.1
Epoch 19/100 | Batch 18600/21973 | Loss: 1.1754 | BPB: 1.6958 | LR: 0.000010 | ms/batch: 46.1
Epoch 19/100 | Batch 18700/21973 | Loss: 1.1754 | BPB: 1.6958 | LR: 0.000010 | ms/batch: 46.1
Epoch 19/100 | Batch 18800/21973 | Loss: 1.1754 | BPB: 1.6958 | LR: 0.000010 | ms/batch: 46.1
Epoch 19/100 | Batch 18900/21973 | Loss: 1.1755 | BPB: 1.6958 | LR: 0.000010 | ms/batch: 46.1
Epoch 19/100 | Batch 19000/21973 | Loss: 1.1754 | BPB: 1.6958 | LR: 0.000010 | ms/batch: 46.1
Epoch 19/100 | Batch 19100/21973 | Loss: 1.1754 | BPB: 1.6958 | LR: 0.000010 | ms/batch: 46.1
Epoch 19/100 | Batch 19200/21973 | Loss: 1.1754 | BPB: 1.6958 | LR: 0.000010 | ms/batch: 46.1
Epoch 19/100 | Batch 19300/21973 | Loss: 1.1754 | BPB: 1.6958 | LR: 0.000010 | ms/batch: 46.1
Epoch 19/100 | Batch 19400/21973 | Loss: 1.1755 | BPB: 1.6958 | LR: 0.000010 | ms/batch: 46.1
Epoch 19/100 | Batch 19500/21973 | Loss: 1.1754 | BPB: 1.6958 | LR: 0.000010 | ms/batch: 46.1
Epoch 19/100 | Batch 19600/21973 | Loss: 1.1754 | BPB: 1.6958 | LR: 0.000010 | ms/batch: 46.1
Epoch 19/100 | Batch 19700/21973 | Loss: 1.1755 | BPB: 1.6958 | LR: 0.000010 | ms/batch: 46.1
Epoch 19/100 | Batch 19800/21973 | Loss: 1.1755 | BPB: 1.6958 | LR: 0.000010 | ms/batch: 46.1
Epoch 19/100 | Batch 19900/21973 | Loss: 1.1755 | BPB: 1.6958 | LR: 0.000010 | ms/batch: 46.1
Epoch 19/100 | Batch 20000/21973 | Loss: 1.1755 | BPB: 1.6958 | LR: 0.000010 | ms/batch: 46.1
Epoch 19/100 | Batch 20100/21973 | Loss: 1.1755 | BPB: 1.6958 | LR: 0.000010 | ms/batch: 46.1
Epoch 19/100 | Batch 20200/21973 | Loss: 1.1755 | BPB: 1.6958 | LR: 0.000010 | ms/batch: 46.1
Epoch 19/100 | Batch 20300/21973 | Loss: 1.1755 | BPB: 1.6959 | LR: 0.000010 | ms/batch: 46.1
Epoch 19/100 | Batch 20400/21973 | Loss: 1.1755 | BPB: 1.6959 | LR: 0.000010 | ms/batch: 46.1
Epoch 19/100 | Batch 20500/21973 | Loss: 1.1755 | BPB: 1.6958 | LR: 0.000010 | ms/batch: 46.1
Epoch 19/100 | Batch 20600/21973 | Loss: 1.1755 | BPB: 1.6958 | LR: 0.000010 | ms/batch: 46.1
Epoch 19/100 | Batch 20700/21973 | Loss: 1.1755 | BPB: 1.6958 | LR: 0.000010 | ms/batch: 46.1
Epoch 19/100 | Batch 20800/21973 | Loss: 1.1755 | BPB: 1.6958 | LR: 0.000010 | ms/batch: 46.1
Epoch 19/100 | Batch 20900/21973 | Loss: 1.1755 | BPB: 1.6958 | LR: 0.000010 | ms/batch: 46.1
Epoch 19/100 | Batch 21000/21973 | Loss: 1.1755 | BPB: 1.6958 | LR: 0.000010 | ms/batch: 46.1
Epoch 19/100 | Batch 21100/21973 | Loss: 1.1754 | BPB: 1.6958 | LR: 0.000010 | ms/batch: 46.1
Epoch 19/100 | Batch 21200/21973 | Loss: 1.1754 | BPB: 1.6958 | LR: 0.000010 | ms/batch: 46.1
Epoch 19/100 | Batch 21300/21973 | Loss: 1.1755 | BPB: 1.6958 | LR: 0.000010 | ms/batch: 46.1
Epoch 19/100 | Batch 21400/21973 | Loss: 1.1755 | BPB: 1.6958 | LR: 0.000010 | ms/batch: 46.1
Epoch 19/100 | Batch 21500/21973 | Loss: 1.1755 | BPB: 1.6958 | LR: 0.000010 | ms/batch: 46.1
Epoch 19/100 | Batch 21600/21973 | Loss: 1.1755 | BPB: 1.6958 | LR: 0.000010 | ms/batch: 46.1
Epoch 19/100 | Batch 21700/21973 | Loss: 1.1755 | BPB: 1.6958 | LR: 0.000010 | ms/batch: 46.1
Epoch 19/100 | Batch 21800/21973 | Loss: 1.1755 | BPB: 1.6958 | LR: 0.000010 | ms/batch: 46.1
Epoch 19/100 | Batch 21900/21973 | Loss: 1.1755 | BPB: 1.6958 | LR: 0.000010 | ms/batch: 46.1

Epoch 19/100 Summary:
Training Loss: 1.1755 (BPB: 1.6958)
Validation Loss: 0.8785 (BPB: 1.2674)
Best Validation Loss: 0.8785
Learning Rate: 0.000010
Epoch 20/100 | Batch 0/21973 | Loss: 1.2098 | BPB: 1.7454 | LR: 0.000010 | ms/batch: 123.5
Epoch 20/100 | Batch 100/21973 | Loss: 1.1749 | BPB: 1.6951 | LR: 0.000010 | ms/batch: 47.4
Epoch 20/100 | Batch 200/21973 | Loss: 1.1746 | BPB: 1.6946 | LR: 0.000010 | ms/batch: 46.7
Epoch 20/100 | Batch 300/21973 | Loss: 1.1747 | BPB: 1.6948 | LR: 0.000010 | ms/batch: 46.5
Epoch 20/100 | Batch 400/21973 | Loss: 1.1750 | BPB: 1.6951 | LR: 0.000010 | ms/batch: 46.4
Epoch 20/100 | Batch 500/21973 | Loss: 1.1747 | BPB: 1.6947 | LR: 0.000010 | ms/batch: 46.3
Epoch 20/100 | Batch 600/21973 | Loss: 1.1746 | BPB: 1.6946 | LR: 0.000010 | ms/batch: 46.3
Epoch 20/100 | Batch 700/21973 | Loss: 1.1745 | BPB: 1.6945 | LR: 0.000010 | ms/batch: 46.3
Epoch 20/100 | Batch 800/21973 | Loss: 1.1744 | BPB: 1.6943 | LR: 0.000010 | ms/batch: 46.3
Epoch 20/100 | Batch 900/21973 | Loss: 1.1743 | BPB: 1.6941 | LR: 0.000010 | ms/batch: 46.3
Epoch 20/100 | Batch 1000/21973 | Loss: 1.1743 | BPB: 1.6942 | LR: 0.000010 | ms/batch: 46.2
Epoch 20/100 | Batch 1100/21973 | Loss: 1.1742 | BPB: 1.6940 | LR: 0.000010 | ms/batch: 46.3
Epoch 20/100 | Batch 1200/21973 | Loss: 1.1744 | BPB: 1.6942 | LR: 0.000010 | ms/batch: 46.3
Epoch 20/100 | Batch 1300/21973 | Loss: 1.1744 | BPB: 1.6942 | LR: 0.000010 | ms/batch: 46.2
Epoch 20/100 | Batch 1400/21973 | Loss: 1.1744 | BPB: 1.6943 | LR: 0.000010 | ms/batch: 46.2
Epoch 20/100 | Batch 1500/21973 | Loss: 1.1745 | BPB: 1.6945 | LR: 0.000010 | ms/batch: 46.2
Epoch 20/100 | Batch 1600/21973 | Loss: 1.1746 | BPB: 1.6946 | LR: 0.000010 | ms/batch: 46.3
Epoch 20/100 | Batch 1700/21973 | Loss: 1.1744 | BPB: 1.6943 | LR: 0.000010 | ms/batch: 46.2
Epoch 20/100 | Batch 1800/21973 | Loss: 1.1744 | BPB: 1.6943 | LR: 0.000010 | ms/batch: 46.2
Epoch 20/100 | Batch 1900/21973 | Loss: 1.1744 | BPB: 1.6943 | LR: 0.000010 | ms/batch: 46.2
Epoch 20/100 | Batch 2000/21973 | Loss: 1.1746 | BPB: 1.6945 | LR: 0.000010 | ms/batch: 46.2
Epoch 20/100 | Batch 2100/21973 | Loss: 1.1746 | BPB: 1.6946 | LR: 0.000010 | ms/batch: 46.2
Epoch 20/100 | Batch 2200/21973 | Loss: 1.1745 | BPB: 1.6945 | LR: 0.000010 | ms/batch: 46.2
Epoch 20/100 | Batch 2300/21973 | Loss: 1.1745 | BPB: 1.6945 | LR: 0.000010 | ms/batch: 46.2
Epoch 20/100 | Batch 2400/21973 | Loss: 1.1746 | BPB: 1.6945 | LR: 0.000010 | ms/batch: 46.2
Epoch 20/100 | Batch 2500/21973 | Loss: 1.1746 | BPB: 1.6946 | LR: 0.000010 | ms/batch: 46.2
Epoch 20/100 | Batch 2600/21973 | Loss: 1.1746 | BPB: 1.6946 | LR: 0.000010 | ms/batch: 46.2
Epoch 20/100 | Batch 2700/21973 | Loss: 1.1747 | BPB: 1.6947 | LR: 0.000010 | ms/batch: 46.2
Epoch 20/100 | Batch 2800/21973 | Loss: 1.1747 | BPB: 1.6948 | LR: 0.000010 | ms/batch: 46.2
Epoch 20/100 | Batch 2900/21973 | Loss: 1.1746 | BPB: 1.6946 | LR: 0.000010 | ms/batch: 46.2
Epoch 20/100 | Batch 3000/21973 | Loss: 1.1746 | BPB: 1.6946 | LR: 0.000010 | ms/batch: 46.2
Epoch 20/100 | Batch 3100/21973 | Loss: 1.1745 | BPB: 1.6945 | LR: 0.000010 | ms/batch: 46.2
Epoch 20/100 | Batch 3200/21973 | Loss: 1.1746 | BPB: 1.6946 | LR: 0.000010 | ms/batch: 46.2
Epoch 20/100 | Batch 3300/21973 | Loss: 1.1746 | BPB: 1.6946 | LR: 0.000010 | ms/batch: 46.2
Epoch 20/100 | Batch 3400/21973 | Loss: 1.1746 | BPB: 1.6946 | LR: 0.000010 | ms/batch: 46.2
Epoch 20/100 | Batch 3500/21973 | Loss: 1.1747 | BPB: 1.6947 | LR: 0.000010 | ms/batch: 46.2
Epoch 20/100 | Batch 3600/21973 | Loss: 1.1747 | BPB: 1.6947 | LR: 0.000010 | ms/batch: 46.2
Epoch 20/100 | Batch 3700/21973 | Loss: 1.1747 | BPB: 1.6948 | LR: 0.000010 | ms/batch: 46.2
Epoch 20/100 | Batch 3800/21973 | Loss: 1.1748 | BPB: 1.6948 | LR: 0.000010 | ms/batch: 46.2
Epoch 20/100 | Batch 3900/21973 | Loss: 1.1748 | BPB: 1.6948 | LR: 0.000010 | ms/batch: 46.2
Epoch 20/100 | Batch 4000/21973 | Loss: 1.1748 | BPB: 1.6949 | LR: 0.000010 | ms/batch: 46.2
Epoch 20/100 | Batch 4100/21973 | Loss: 1.1748 | BPB: 1.6949 | LR: 0.000010 | ms/batch: 46.2
Epoch 20/100 | Batch 4200/21973 | Loss: 1.1748 | BPB: 1.6949 | LR: 0.000010 | ms/batch: 46.2
Epoch 20/100 | Batch 4300/21973 | Loss: 1.1748 | BPB: 1.6948 | LR: 0.000010 | ms/batch: 46.2
Epoch 20/100 | Batch 4400/21973 | Loss: 1.1748 | BPB: 1.6949 | LR: 0.000010 | ms/batch: 46.2
Epoch 20/100 | Batch 4500/21973 | Loss: 1.1748 | BPB: 1.6949 | LR: 0.000010 | ms/batch: 46.2
Epoch 20/100 | Batch 4600/21973 | Loss: 1.1748 | BPB: 1.6949 | LR: 0.000010 | ms/batch: 46.2
Epoch 20/100 | Batch 4700/21973 | Loss: 1.1749 | BPB: 1.6950 | LR: 0.000010 | ms/batch: 46.2
Epoch 20/100 | Batch 4800/21973 | Loss: 1.1749 | BPB: 1.6950 | LR: 0.000010 | ms/batch: 46.2
Epoch 20/100 | Batch 4900/21973 | Loss: 1.1748 | BPB: 1.6949 | LR: 0.000010 | ms/batch: 46.2
Epoch 20/100 | Batch 5000/21973 | Loss: 1.1748 | BPB: 1.6949 | LR: 0.000010 | ms/batch: 46.2
Epoch 20/100 | Batch 5100/21973 | Loss: 1.1748 | BPB: 1.6949 | LR: 0.000010 | ms/batch: 46.2
Epoch 20/100 | Batch 5200/21973 | Loss: 1.1749 | BPB: 1.6950 | LR: 0.000010 | ms/batch: 46.2
Epoch 20/100 | Batch 5300/21973 | Loss: 1.1748 | BPB: 1.6949 | LR: 0.000010 | ms/batch: 46.2
Epoch 20/100 | Batch 5400/21973 | Loss: 1.1749 | BPB: 1.6950 | LR: 0.000010 | ms/batch: 46.2
Epoch 20/100 | Batch 5500/21973 | Loss: 1.1749 | BPB: 1.6950 | LR: 0.000010 | ms/batch: 46.2
Epoch 20/100 | Batch 5600/21973 | Loss: 1.1750 | BPB: 1.6951 | LR: 0.000010 | ms/batch: 46.2
Epoch 20/100 | Batch 5700/21973 | Loss: 1.1750 | BPB: 1.6952 | LR: 0.000010 | ms/batch: 46.2
Epoch 20/100 | Batch 5800/21973 | Loss: 1.1750 | BPB: 1.6951 | LR: 0.000010 | ms/batch: 46.2
Epoch 20/100 | Batch 5900/21973 | Loss: 1.1750 | BPB: 1.6952 | LR: 0.000010 | ms/batch: 46.2
Epoch 20/100 | Batch 6000/21973 | Loss: 1.1750 | BPB: 1.6952 | LR: 0.000010 | ms/batch: 46.2
Epoch 20/100 | Batch 6100/21973 | Loss: 1.1750 | BPB: 1.6952 | LR: 0.000010 | ms/batch: 46.2
Epoch 20/100 | Batch 6200/21973 | Loss: 1.1750 | BPB: 1.6952 | LR: 0.000010 | ms/batch: 46.2
Epoch 20/100 | Batch 6300/21973 | Loss: 1.1750 | BPB: 1.6952 | LR: 0.000010 | ms/batch: 46.2
Epoch 20/100 | Batch 6400/21973 | Loss: 1.1750 | BPB: 1.6952 | LR: 0.000010 | ms/batch: 46.2
Epoch 20/100 | Batch 6500/21973 | Loss: 1.1750 | BPB: 1.6952 | LR: 0.000010 | ms/batch: 46.2
Epoch 20/100 | Batch 6600/21973 | Loss: 1.1751 | BPB: 1.6952 | LR: 0.000010 | ms/batch: 46.2
Epoch 20/100 | Batch 6700/21973 | Loss: 1.1750 | BPB: 1.6952 | LR: 0.000010 | ms/batch: 46.2
Epoch 20/100 | Batch 6800/21973 | Loss: 1.1751 | BPB: 1.6953 | LR: 0.000010 | ms/batch: 46.2
Epoch 20/100 | Batch 6900/21973 | Loss: 1.1751 | BPB: 1.6953 | LR: 0.000010 | ms/batch: 46.2
Epoch 20/100 | Batch 7000/21973 | Loss: 1.1751 | BPB: 1.6953 | LR: 0.000010 | ms/batch: 46.2
Epoch 20/100 | Batch 7100/21973 | Loss: 1.1750 | BPB: 1.6952 | LR: 0.000010 | ms/batch: 46.2
Epoch 20/100 | Batch 7200/21973 | Loss: 1.1750 | BPB: 1.6952 | LR: 0.000010 | ms/batch: 46.2
Epoch 20/100 | Batch 7300/21973 | Loss: 1.1750 | BPB: 1.6952 | LR: 0.000010 | ms/batch: 46.2
Epoch 20/100 | Batch 7400/21973 | Loss: 1.1750 | BPB: 1.6952 | LR: 0.000010 | ms/batch: 46.2
Epoch 20/100 | Batch 7500/21973 | Loss: 1.1750 | BPB: 1.6952 | LR: 0.000010 | ms/batch: 46.2
Epoch 20/100 | Batch 7600/21973 | Loss: 1.1750 | BPB: 1.6951 | LR: 0.000010 | ms/batch: 46.2
Epoch 20/100 | Batch 7700/21973 | Loss: 1.1750 | BPB: 1.6952 | LR: 0.000010 | ms/batch: 46.2
Epoch 20/100 | Batch 7800/21973 | Loss: 1.1750 | BPB: 1.6952 | LR: 0.000010 | ms/batch: 46.2
Epoch 20/100 | Batch 7900/21973 | Loss: 1.1749 | BPB: 1.6951 | LR: 0.000010 | ms/batch: 46.2
Epoch 20/100 | Batch 8000/21973 | Loss: 1.1750 | BPB: 1.6951 | LR: 0.000010 | ms/batch: 46.2
Epoch 20/100 | Batch 8100/21973 | Loss: 1.1750 | BPB: 1.6952 | LR: 0.000010 | ms/batch: 46.2
Epoch 20/100 | Batch 8200/21973 | Loss: 1.1750 | BPB: 1.6951 | LR: 0.000010 | ms/batch: 46.2
Epoch 20/100 | Batch 8300/21973 | Loss: 1.1750 | BPB: 1.6951 | LR: 0.000010 | ms/batch: 46.2
Epoch 20/100 | Batch 8400/21973 | Loss: 1.1750 | BPB: 1.6951 | LR: 0.000010 | ms/batch: 46.2
Epoch 20/100 | Batch 8500/21973 | Loss: 1.1750 | BPB: 1.6951 | LR: 0.000010 | ms/batch: 46.2
Epoch 20/100 | Batch 8600/21973 | Loss: 1.1750 | BPB: 1.6951 | LR: 0.000010 | ms/batch: 46.2
Epoch 20/100 | Batch 8700/21973 | Loss: 1.1750 | BPB: 1.6952 | LR: 0.000010 | ms/batch: 46.2
Epoch 20/100 | Batch 8800/21973 | Loss: 1.1750 | BPB: 1.6952 | LR: 0.000010 | ms/batch: 46.2
Epoch 20/100 | Batch 8900/21973 | Loss: 1.1750 | BPB: 1.6952 | LR: 0.000010 | ms/batch: 46.2
Epoch 20/100 | Batch 9000/21973 | Loss: 1.1751 | BPB: 1.6952 | LR: 0.000010 | ms/batch: 46.2
Epoch 20/100 | Batch 9100/21973 | Loss: 1.1750 | BPB: 1.6952 | LR: 0.000010 | ms/batch: 46.2
Epoch 20/100 | Batch 9200/21973 | Loss: 1.1750 | BPB: 1.6952 | LR: 0.000010 | ms/batch: 46.2
Epoch 20/100 | Batch 9300/21973 | Loss: 1.1750 | BPB: 1.6952 | LR: 0.000010 | ms/batch: 46.2
Epoch 20/100 | Batch 9400/21973 | Loss: 1.1750 | BPB: 1.6952 | LR: 0.000010 | ms/batch: 46.2
Epoch 20/100 | Batch 9500/21973 | Loss: 1.1750 | BPB: 1.6952 | LR: 0.000010 | ms/batch: 46.2
Epoch 20/100 | Batch 9600/21973 | Loss: 1.1750 | BPB: 1.6952 | LR: 0.000010 | ms/batch: 46.2
Epoch 20/100 | Batch 9700/21973 | Loss: 1.1750 | BPB: 1.6952 | LR: 0.000010 | ms/batch: 46.2
Epoch 20/100 | Batch 9800/21973 | Loss: 1.1751 | BPB: 1.6953 | LR: 0.000010 | ms/batch: 46.2
Epoch 20/100 | Batch 9900/21973 | Loss: 1.1751 | BPB: 1.6953 | LR: 0.000010 | ms/batch: 46.2
Epoch 20/100 | Batch 10000/21973 | Loss: 1.1751 | BPB: 1.6953 | LR: 0.000010 | ms/batch: 46.2
Epoch 20/100 | Batch 10100/21973 | Loss: 1.1751 | BPB: 1.6953 | LR: 0.000010 | ms/batch: 46.2
Epoch 20/100 | Batch 10200/21973 | Loss: 1.1751 | BPB: 1.6953 | LR: 0.000010 | ms/batch: 46.2
Epoch 20/100 | Batch 10300/21973 | Loss: 1.1751 | BPB: 1.6953 | LR: 0.000010 | ms/batch: 46.2
Epoch 20/100 | Batch 10400/21973 | Loss: 1.1751 | BPB: 1.6954 | LR: 0.000010 | ms/batch: 46.2
Epoch 20/100 | Batch 10500/21973 | Loss: 1.1751 | BPB: 1.6953 | LR: 0.000010 | ms/batch: 46.2
Epoch 20/100 | Batch 10600/21973 | Loss: 1.1751 | BPB: 1.6953 | LR: 0.000010 | ms/batch: 46.3
Epoch 20/100 | Batch 10700/21973 | Loss: 1.1751 | BPB: 1.6953 | LR: 0.000010 | ms/batch: 46.2
Epoch 20/100 | Batch 10800/21973 | Loss: 1.1751 | BPB: 1.6953 | LR: 0.000010 | ms/batch: 46.2
Epoch 20/100 | Batch 10900/21973 | Loss: 1.1751 | BPB: 1.6953 | LR: 0.000010 | ms/batch: 46.2
Epoch 20/100 | Batch 11000/21973 | Loss: 1.1751 | BPB: 1.6954 | LR: 0.000010 | ms/batch: 46.2
Epoch 20/100 | Batch 11100/21973 | Loss: 1.1751 | BPB: 1.6954 | LR: 0.000010 | ms/batch: 46.2
Epoch 20/100 | Batch 11200/21973 | Loss: 1.1751 | BPB: 1.6954 | LR: 0.000010 | ms/batch: 46.2
Epoch 20/100 | Batch 11300/21973 | Loss: 1.1751 | BPB: 1.6954 | LR: 0.000010 | ms/batch: 46.2
Epoch 20/100 | Batch 11400/21973 | Loss: 1.1752 | BPB: 1.6954 | LR: 0.000010 | ms/batch: 46.2
Epoch 20/100 | Batch 11500/21973 | Loss: 1.1751 | BPB: 1.6954 | LR: 0.000010 | ms/batch: 46.2
Epoch 20/100 | Batch 11600/21973 | Loss: 1.1751 | BPB: 1.6953 | LR: 0.000010 | ms/batch: 46.2
Epoch 20/100 | Batch 11700/21973 | Loss: 1.1751 | BPB: 1.6953 | LR: 0.000010 | ms/batch: 46.2
Epoch 20/100 | Batch 11800/21973 | Loss: 1.1751 | BPB: 1.6954 | LR: 0.000010 | ms/batch: 46.2
Epoch 20/100 | Batch 11900/21973 | Loss: 1.1751 | BPB: 1.6953 | LR: 0.000010 | ms/batch: 46.2
Epoch 20/100 | Batch 12000/21973 | Loss: 1.1751 | BPB: 1.6953 | LR: 0.000010 | ms/batch: 46.2
Epoch 20/100 | Batch 12100/21973 | Loss: 1.1751 | BPB: 1.6953 | LR: 0.000010 | ms/batch: 46.2
Epoch 20/100 | Batch 12200/21973 | Loss: 1.1751 | BPB: 1.6953 | LR: 0.000010 | ms/batch: 46.2
Epoch 20/100 | Batch 12300/21973 | Loss: 1.1751 | BPB: 1.6953 | LR: 0.000010 | ms/batch: 46.2
Epoch 20/100 | Batch 12400/21973 | Loss: 1.1751 | BPB: 1.6953 | LR: 0.000010 | ms/batch: 46.2
Epoch 20/100 | Batch 12500/21973 | Loss: 1.1751 | BPB: 1.6953 | LR: 0.000010 | ms/batch: 46.2
Epoch 20/100 | Batch 12600/21973 | Loss: 1.1751 | BPB: 1.6953 | LR: 0.000010 | ms/batch: 46.2
Epoch 20/100 | Batch 12700/21973 | Loss: 1.1751 | BPB: 1.6953 | LR: 0.000010 | ms/batch: 46.2
Epoch 20/100 | Batch 12800/21973 | Loss: 1.1751 | BPB: 1.6953 | LR: 0.000010 | ms/batch: 46.2
Epoch 20/100 | Batch 12900/21973 | Loss: 1.1751 | BPB: 1.6954 | LR: 0.000010 | ms/batch: 46.2
Epoch 20/100 | Batch 13000/21973 | Loss: 1.1751 | BPB: 1.6953 | LR: 0.000010 | ms/batch: 46.2
Epoch 20/100 | Batch 13100/21973 | Loss: 1.1751 | BPB: 1.6953 | LR: 0.000010 | ms/batch: 46.2
Epoch 20/100 | Batch 13200/21973 | Loss: 1.1751 | BPB: 1.6953 | LR: 0.000010 | ms/batch: 46.2
Epoch 20/100 | Batch 13300/21973 | Loss: 1.1751 | BPB: 1.6953 | LR: 0.000010 | ms/batch: 46.2
Epoch 20/100 | Batch 13400/21973 | Loss: 1.1751 | BPB: 1.6954 | LR: 0.000010 | ms/batch: 46.2
Epoch 20/100 | Batch 13500/21973 | Loss: 1.1751 | BPB: 1.6953 | LR: 0.000010 | ms/batch: 46.2
Epoch 20/100 | Batch 13600/21973 | Loss: 1.1751 | BPB: 1.6953 | LR: 0.000010 | ms/batch: 46.2
Epoch 20/100 | Batch 13700/21973 | Loss: 1.1751 | BPB: 1.6953 | LR: 0.000010 | ms/batch: 46.2
Epoch 20/100 | Batch 13800/21973 | Loss: 1.1751 | BPB: 1.6953 | LR: 0.000010 | ms/batch: 46.2
Epoch 20/100 | Batch 13900/21973 | Loss: 1.1751 | BPB: 1.6953 | LR: 0.000010 | ms/batch: 46.2
Epoch 20/100 | Batch 14000/21973 | Loss: 1.1751 | BPB: 1.6953 | LR: 0.000010 | ms/batch: 46.2
Epoch 20/100 | Batch 14100/21973 | Loss: 1.1751 | BPB: 1.6953 | LR: 0.000010 | ms/batch: 46.2
Epoch 20/100 | Batch 14200/21973 | Loss: 1.1751 | BPB: 1.6953 | LR: 0.000010 | ms/batch: 46.2
Epoch 20/100 | Batch 14300/21973 | Loss: 1.1751 | BPB: 1.6953 | LR: 0.000010 | ms/batch: 46.2
Epoch 20/100 | Batch 14400/21973 | Loss: 1.1751 | BPB: 1.6953 | LR: 0.000010 | ms/batch: 46.2
Epoch 20/100 | Batch 14500/21973 | Loss: 1.1751 | BPB: 1.6952 | LR: 0.000010 | ms/batch: 46.2
Epoch 20/100 | Batch 14600/21973 | Loss: 1.1750 | BPB: 1.6952 | LR: 0.000010 | ms/batch: 46.2
Epoch 20/100 | Batch 14700/21973 | Loss: 1.1751 | BPB: 1.6953 | LR: 0.000010 | ms/batch: 46.2
Epoch 20/100 | Batch 14800/21973 | Loss: 1.1751 | BPB: 1.6952 | LR: 0.000010 | ms/batch: 46.2
Epoch 20/100 | Batch 14900/21973 | Loss: 1.1750 | BPB: 1.6952 | LR: 0.000010 | ms/batch: 46.2
Epoch 20/100 | Batch 15000/21973 | Loss: 1.1750 | BPB: 1.6952 | LR: 0.000010 | ms/batch: 46.2
Epoch 20/100 | Batch 15100/21973 | Loss: 1.1750 | BPB: 1.6952 | LR: 0.000010 | ms/batch: 46.2
Epoch 20/100 | Batch 15200/21973 | Loss: 1.1750 | BPB: 1.6952 | LR: 0.000010 | ms/batch: 46.2
Epoch 20/100 | Batch 15300/21973 | Loss: 1.1750 | BPB: 1.6952 | LR: 0.000010 | ms/batch: 46.2
Epoch 20/100 | Batch 15400/21973 | Loss: 1.1751 | BPB: 1.6952 | LR: 0.000010 | ms/batch: 46.2
Epoch 20/100 | Batch 15500/21973 | Loss: 1.1750 | BPB: 1.6952 | LR: 0.000010 | ms/batch: 46.2
Epoch 20/100 | Batch 15600/21973 | Loss: 1.1751 | BPB: 1.6952 | LR: 0.000010 | ms/batch: 46.2
Epoch 20/100 | Batch 15700/21973 | Loss: 1.1750 | BPB: 1.6952 | LR: 0.000010 | ms/batch: 46.2
Epoch 20/100 | Batch 15800/21973 | Loss: 1.1750 | BPB: 1.6952 | LR: 0.000010 | ms/batch: 46.2
Epoch 20/100 | Batch 15900/21973 | Loss: 1.1750 | BPB: 1.6952 | LR: 0.000010 | ms/batch: 46.2
Epoch 20/100 | Batch 16000/21973 | Loss: 1.1750 | BPB: 1.6952 | LR: 0.000010 | ms/batch: 46.2
Epoch 20/100 | Batch 16100/21973 | Loss: 1.1750 | BPB: 1.6952 | LR: 0.000010 | ms/batch: 46.2
Epoch 20/100 | Batch 16200/21973 | Loss: 1.1750 | BPB: 1.6952 | LR: 0.000010 | ms/batch: 46.2
Epoch 20/100 | Batch 16300/21973 | Loss: 1.1750 | BPB: 1.6952 | LR: 0.000010 | ms/batch: 46.2
Epoch 20/100 | Batch 16400/21973 | Loss: 1.1750 | BPB: 1.6952 | LR: 0.000010 | ms/batch: 46.2
Epoch 20/100 | Batch 16500/21973 | Loss: 1.1750 | BPB: 1.6952 | LR: 0.000010 | ms/batch: 46.2
Epoch 20/100 | Batch 16600/21973 | Loss: 1.1750 | BPB: 1.6952 | LR: 0.000010 | ms/batch: 46.2
Epoch 20/100 | Batch 16700/21973 | Loss: 1.1750 | BPB: 1.6952 | LR: 0.000010 | ms/batch: 46.2
Epoch 20/100 | Batch 16800/21973 | Loss: 1.1750 | BPB: 1.6952 | LR: 0.000010 | ms/batch: 46.2
Epoch 20/100 | Batch 16900/21973 | Loss: 1.1750 | BPB: 1.6951 | LR: 0.000010 | ms/batch: 46.2
Epoch 20/100 | Batch 17000/21973 | Loss: 1.1750 | BPB: 1.6951 | LR: 0.000010 | ms/batch: 46.2
Epoch 20/100 | Batch 17100/21973 | Loss: 1.1750 | BPB: 1.6951 | LR: 0.000010 | ms/batch: 46.2
Epoch 20/100 | Batch 17200/21973 | Loss: 1.1750 | BPB: 1.6951 | LR: 0.000010 | ms/batch: 46.2
Epoch 20/100 | Batch 17300/21973 | Loss: 1.1750 | BPB: 1.6951 | LR: 0.000010 | ms/batch: 46.2
Epoch 20/100 | Batch 17400/21973 | Loss: 1.1750 | BPB: 1.6952 | LR: 0.000010 | ms/batch: 46.2
Epoch 20/100 | Batch 17500/21973 | Loss: 1.1750 | BPB: 1.6952 | LR: 0.000010 | ms/batch: 46.2
Epoch 20/100 | Batch 17600/21973 | Loss: 1.1750 | BPB: 1.6952 | LR: 0.000010 | ms/batch: 46.2
Epoch 20/100 | Batch 17700/21973 | Loss: 1.1750 | BPB: 1.6951 | LR: 0.000010 | ms/batch: 46.2
Epoch 20/100 | Batch 17800/21973 | Loss: 1.1750 | BPB: 1.6952 | LR: 0.000010 | ms/batch: 46.2
Epoch 20/100 | Batch 17900/21973 | Loss: 1.1750 | BPB: 1.6952 | LR: 0.000010 | ms/batch: 46.2
Epoch 20/100 | Batch 18000/21973 | Loss: 1.1750 | BPB: 1.6951 | LR: 0.000010 | ms/batch: 46.2
Epoch 20/100 | Batch 18100/21973 | Loss: 1.1750 | BPB: 1.6952 | LR: 0.000010 | ms/batch: 46.2
Epoch 20/100 | Batch 18200/21973 | Loss: 1.1750 | BPB: 1.6952 | LR: 0.000010 | ms/batch: 46.2
Epoch 20/100 | Batch 18300/21973 | Loss: 1.1750 | BPB: 1.6952 | LR: 0.000010 | ms/batch: 46.2
Epoch 20/100 | Batch 18400/21973 | Loss: 1.1750 | BPB: 1.6952 | LR: 0.000010 | ms/batch: 46.2
Epoch 20/100 | Batch 18500/21973 | Loss: 1.1750 | BPB: 1.6952 | LR: 0.000010 | ms/batch: 46.2
Epoch 20/100 | Batch 18600/21973 | Loss: 1.1750 | BPB: 1.6952 | LR: 0.000010 | ms/batch: 46.2
Epoch 20/100 | Batch 18700/21973 | Loss: 1.1750 | BPB: 1.6952 | LR: 0.000010 | ms/batch: 46.2
Epoch 20/100 | Batch 18800/21973 | Loss: 1.1750 | BPB: 1.6952 | LR: 0.000010 | ms/batch: 46.2
Epoch 20/100 | Batch 18900/21973 | Loss: 1.1750 | BPB: 1.6952 | LR: 0.000010 | ms/batch: 46.2
Epoch 20/100 | Batch 19000/21973 | Loss: 1.1750 | BPB: 1.6952 | LR: 0.000010 | ms/batch: 46.2
Epoch 20/100 | Batch 19100/21973 | Loss: 1.1750 | BPB: 1.6952 | LR: 0.000010 | ms/batch: 46.2
Epoch 20/100 | Batch 19200/21973 | Loss: 1.1750 | BPB: 1.6952 | LR: 0.000010 | ms/batch: 46.2
Epoch 20/100 | Batch 19300/21973 | Loss: 1.1750 | BPB: 1.6952 | LR: 0.000010 | ms/batch: 46.2
Epoch 20/100 | Batch 19400/21973 | Loss: 1.1750 | BPB: 1.6952 | LR: 0.000010 | ms/batch: 46.2
Epoch 20/100 | Batch 19500/21973 | Loss: 1.1750 | BPB: 1.6951 | LR: 0.000010 | ms/batch: 46.2
Epoch 20/100 | Batch 19600/21973 | Loss: 1.1750 | BPB: 1.6951 | LR: 0.000010 | ms/batch: 46.2
Epoch 20/100 | Batch 19700/21973 | Loss: 1.1750 | BPB: 1.6951 | LR: 0.000010 | ms/batch: 46.2
Epoch 20/100 | Batch 19800/21973 | Loss: 1.1750 | BPB: 1.6951 | LR: 0.000010 | ms/batch: 46.2
Epoch 20/100 | Batch 19900/21973 | Loss: 1.1750 | BPB: 1.6951 | LR: 0.000010 | ms/batch: 46.2
Epoch 20/100 | Batch 20000/21973 | Loss: 1.1750 | BPB: 1.6952 | LR: 0.000010 | ms/batch: 46.2
Epoch 20/100 | Batch 20100/21973 | Loss: 1.1750 | BPB: 1.6951 | LR: 0.000010 | ms/batch: 46.2
Epoch 20/100 | Batch 20200/21973 | Loss: 1.1750 | BPB: 1.6952 | LR: 0.000010 | ms/batch: 46.2
Epoch 20/100 | Batch 20300/21973 | Loss: 1.1750 | BPB: 1.6951 | LR: 0.000010 | ms/batch: 46.2
Epoch 20/100 | Batch 20400/21973 | Loss: 1.1750 | BPB: 1.6952 | LR: 0.000010 | ms/batch: 46.2
Epoch 20/100 | Batch 20500/21973 | Loss: 1.1750 | BPB: 1.6951 | LR: 0.000010 | ms/batch: 46.2
Epoch 20/100 | Batch 20600/21973 | Loss: 1.1750 | BPB: 1.6951 | LR: 0.000010 | ms/batch: 46.2
Epoch 20/100 | Batch 20700/21973 | Loss: 1.1750 | BPB: 1.6951 | LR: 0.000010 | ms/batch: 46.2
Epoch 20/100 | Batch 20800/21973 | Loss: 1.1749 | BPB: 1.6951 | LR: 0.000010 | ms/batch: 46.2
Epoch 20/100 | Batch 20900/21973 | Loss: 1.1749 | BPB: 1.6951 | LR: 0.000010 | ms/batch: 46.2
Epoch 20/100 | Batch 21000/21973 | Loss: 1.1749 | BPB: 1.6951 | LR: 0.000010 | ms/batch: 46.2
Epoch 20/100 | Batch 21100/21973 | Loss: 1.1749 | BPB: 1.6951 | LR: 0.000010 | ms/batch: 46.2
Epoch 20/100 | Batch 21200/21973 | Loss: 1.1749 | BPB: 1.6951 | LR: 0.000010 | ms/batch: 46.2
Epoch 20/100 | Batch 21300/21973 | Loss: 1.1749 | BPB: 1.6951 | LR: 0.000010 | ms/batch: 46.2
Epoch 20/100 | Batch 21400/21973 | Loss: 1.1749 | BPB: 1.6951 | LR: 0.000010 | ms/batch: 46.2
Epoch 20/100 | Batch 21500/21973 | Loss: 1.1749 | BPB: 1.6951 | LR: 0.000010 | ms/batch: 46.2
Epoch 20/100 | Batch 21600/21973 | Loss: 1.1749 | BPB: 1.6951 | LR: 0.000010 | ms/batch: 46.2
Epoch 20/100 | Batch 21700/21973 | Loss: 1.1750 | BPB: 1.6951 | LR: 0.000010 | ms/batch: 46.2
Epoch 20/100 | Batch 21800/21973 | Loss: 1.1750 | BPB: 1.6951 | LR: 0.000010 | ms/batch: 46.2
Epoch 20/100 | Batch 21900/21973 | Loss: 1.1750 | BPB: 1.6951 | LR: 0.000010 | ms/batch: 46.2

Epoch 20/100 Summary:
Training Loss: 1.1750 (BPB: 1.6951)
Validation Loss: 0.8785 (BPB: 1.2674)
Best Validation Loss: 0.8785
Learning Rate: 0.000010
Epoch 21/100 | Batch 0/21973 | Loss: 1.1712 | BPB: 1.6897 | LR: 0.000010 | ms/batch: 122.4
Epoch 21/100 | Batch 100/21973 | Loss: 1.1743 | BPB: 1.6941 | LR: 0.000010 | ms/batch: 47.3
Epoch 21/100 | Batch 200/21973 | Loss: 1.1748 | BPB: 1.6948 | LR: 0.000010 | ms/batch: 46.6
Epoch 21/100 | Batch 300/21973 | Loss: 1.1752 | BPB: 1.6955 | LR: 0.000010 | ms/batch: 46.3
Epoch 21/100 | Batch 400/21973 | Loss: 1.1756 | BPB: 1.6960 | LR: 0.000010 | ms/batch: 46.3
Epoch 21/100 | Batch 500/21973 | Loss: 1.1751 | BPB: 1.6953 | LR: 0.000010 | ms/batch: 46.2
Epoch 21/100 | Batch 600/21973 | Loss: 1.1752 | BPB: 1.6955 | LR: 0.000010 | ms/batch: 46.2
Epoch 21/100 | Batch 700/21973 | Loss: 1.1752 | BPB: 1.6954 | LR: 0.000010 | ms/batch: 46.2
Epoch 21/100 | Batch 800/21973 | Loss: 1.1757 | BPB: 1.6962 | LR: 0.000010 | ms/batch: 46.2
Epoch 21/100 | Batch 900/21973 | Loss: 1.1754 | BPB: 1.6957 | LR: 0.000010 | ms/batch: 46.2
Epoch 21/100 | Batch 1000/21973 | Loss: 1.1753 | BPB: 1.6956 | LR: 0.000010 | ms/batch: 46.1
Epoch 21/100 | Batch 1100/21973 | Loss: 1.1752 | BPB: 1.6954 | LR: 0.000010 | ms/batch: 46.2
Epoch 21/100 | Batch 1200/21973 | Loss: 1.1748 | BPB: 1.6949 | LR: 0.000010 | ms/batch: 46.2
Epoch 21/100 | Batch 1300/21973 | Loss: 1.1749 | BPB: 1.6950 | LR: 0.000010 | ms/batch: 46.1
Epoch 21/100 | Batch 1400/21973 | Loss: 1.1750 | BPB: 1.6952 | LR: 0.000010 | ms/batch: 46.1
Epoch 21/100 | Batch 1500/21973 | Loss: 1.1750 | BPB: 1.6951 | LR: 0.000010 | ms/batch: 46.1
Epoch 21/100 | Batch 1600/21973 | Loss: 1.1749 | BPB: 1.6950 | LR: 0.000010 | ms/batch: 46.2
Epoch 21/100 | Batch 1700/21973 | Loss: 1.1748 | BPB: 1.6949 | LR: 0.000010 | ms/batch: 46.1
Epoch 21/100 | Batch 1800/21973 | Loss: 1.1746 | BPB: 1.6946 | LR: 0.000010 | ms/batch: 46.1
Epoch 21/100 | Batch 1900/21973 | Loss: 1.1747 | BPB: 1.6947 | LR: 0.000010 | ms/batch: 46.1
Epoch 21/100 | Batch 2000/21973 | Loss: 1.1747 | BPB: 1.6947 | LR: 0.000010 | ms/batch: 46.1
Epoch 21/100 | Batch 2100/21973 | Loss: 1.1747 | BPB: 1.6948 | LR: 0.000010 | ms/batch: 46.1
Epoch 21/100 | Batch 2200/21973 | Loss: 1.1748 | BPB: 1.6948 | LR: 0.000010 | ms/batch: 46.1
Epoch 21/100 | Batch 2300/21973 | Loss: 1.1748 | BPB: 1.6949 | LR: 0.000010 | ms/batch: 46.1
Epoch 21/100 | Batch 2400/21973 | Loss: 1.1749 | BPB: 1.6950 | LR: 0.000010 | ms/batch: 46.1
Epoch 21/100 | Batch 2500/21973 | Loss: 1.1749 | BPB: 1.6950 | LR: 0.000010 | ms/batch: 46.1
Epoch 21/100 | Batch 2600/21973 | Loss: 1.1748 | BPB: 1.6949 | LR: 0.000010 | ms/batch: 46.1
Epoch 21/100 | Batch 2700/21973 | Loss: 1.1749 | BPB: 1.6950 | LR: 0.000010 | ms/batch: 46.1
Epoch 21/100 | Batch 2800/21973 | Loss: 1.1750 | BPB: 1.6951 | LR: 0.000010 | ms/batch: 46.1
Epoch 21/100 | Batch 2900/21973 | Loss: 1.1750 | BPB: 1.6951 | LR: 0.000010 | ms/batch: 46.1
Epoch 21/100 | Batch 3000/21973 | Loss: 1.1749 | BPB: 1.6950 | LR: 0.000010 | ms/batch: 46.1
Epoch 21/100 | Batch 3100/21973 | Loss: 1.1750 | BPB: 1.6952 | LR: 0.000010 | ms/batch: 46.1
Epoch 21/100 | Batch 3200/21973 | Loss: 1.1750 | BPB: 1.6952 | LR: 0.000010 | ms/batch: 46.1
Epoch 21/100 | Batch 3300/21973 | Loss: 1.1750 | BPB: 1.6952 | LR: 0.000010 | ms/batch: 46.1
Epoch 21/100 | Batch 3400/21973 | Loss: 1.1751 | BPB: 1.6952 | LR: 0.000010 | ms/batch: 46.1
Epoch 21/100 | Batch 3500/21973 | Loss: 1.1751 | BPB: 1.6953 | LR: 0.000010 | ms/batch: 46.1
Epoch 21/100 | Batch 3600/21973 | Loss: 1.1751 | BPB: 1.6954 | LR: 0.000010 | ms/batch: 46.1
Epoch 21/100 | Batch 3700/21973 | Loss: 1.1751 | BPB: 1.6953 | LR: 0.000010 | ms/batch: 46.1
Epoch 21/100 | Batch 3800/21973 | Loss: 1.1751 | BPB: 1.6953 | LR: 0.000010 | ms/batch: 46.1
Epoch 21/100 | Batch 3900/21973 | Loss: 1.1751 | BPB: 1.6954 | LR: 0.000010 | ms/batch: 46.2
Epoch 21/100 | Batch 4000/21973 | Loss: 1.1751 | BPB: 1.6953 | LR: 0.000010 | ms/batch: 46.2
Epoch 21/100 | Batch 4100/21973 | Loss: 1.1751 | BPB: 1.6954 | LR: 0.000010 | ms/batch: 46.2
Epoch 21/100 | Batch 4200/21973 | Loss: 1.1751 | BPB: 1.6954 | LR: 0.000010 | ms/batch: 46.2
Epoch 21/100 | Batch 4300/21973 | Loss: 1.1752 | BPB: 1.6954 | LR: 0.000010 | ms/batch: 46.2
Epoch 21/100 | Batch 4400/21973 | Loss: 1.1752 | BPB: 1.6954 | LR: 0.000010 | ms/batch: 46.2
Epoch 21/100 | Batch 4500/21973 | Loss: 1.1752 | BPB: 1.6955 | LR: 0.000010 | ms/batch: 46.2
Epoch 21/100 | Batch 4600/21973 | Loss: 1.1752 | BPB: 1.6955 | LR: 0.000010 | ms/batch: 46.2
Epoch 21/100 | Batch 4700/21973 | Loss: 1.1752 | BPB: 1.6955 | LR: 0.000010 | ms/batch: 46.2
Epoch 21/100 | Batch 4800/21973 | Loss: 1.1752 | BPB: 1.6954 | LR: 0.000010 | ms/batch: 46.2
Epoch 21/100 | Batch 4900/21973 | Loss: 1.1752 | BPB: 1.6955 | LR: 0.000010 | ms/batch: 46.2
Epoch 21/100 | Batch 5000/21973 | Loss: 1.1752 | BPB: 1.6955 | LR: 0.000010 | ms/batch: 46.3
Epoch 21/100 | Batch 5100/21973 | Loss: 1.1752 | BPB: 1.6954 | LR: 0.000010 | ms/batch: 46.3
Epoch 21/100 | Batch 5200/21973 | Loss: 1.1753 | BPB: 1.6955 | LR: 0.000010 | ms/batch: 46.3
Epoch 21/100 | Batch 5300/21973 | Loss: 1.1753 | BPB: 1.6956 | LR: 0.000010 | ms/batch: 46.3
Epoch 21/100 | Batch 5400/21973 | Loss: 1.1753 | BPB: 1.6956 | LR: 0.000010 | ms/batch: 46.3
Epoch 21/100 | Batch 5500/21973 | Loss: 1.1753 | BPB: 1.6956 | LR: 0.000010 | ms/batch: 46.3
Epoch 21/100 | Batch 5600/21973 | Loss: 1.1753 | BPB: 1.6956 | LR: 0.000010 | ms/batch: 46.3
Epoch 21/100 | Batch 5700/21973 | Loss: 1.1754 | BPB: 1.6957 | LR: 0.000010 | ms/batch: 46.3
Epoch 21/100 | Batch 5800/21973 | Loss: 1.1753 | BPB: 1.6956 | LR: 0.000010 | ms/batch: 46.3
Epoch 21/100 | Batch 5900/21973 | Loss: 1.1753 | BPB: 1.6957 | LR: 0.000010 | ms/batch: 46.3
Epoch 21/100 | Batch 6000/21973 | Loss: 1.1753 | BPB: 1.6956 | LR: 0.000010 | ms/batch: 46.3
Epoch 21/100 | Batch 6100/21973 | Loss: 1.1753 | BPB: 1.6956 | LR: 0.000010 | ms/batch: 46.3
Epoch 21/100 | Batch 6200/21973 | Loss: 1.1753 | BPB: 1.6956 | LR: 0.000010 | ms/batch: 46.3
Epoch 21/100 | Batch 6300/21973 | Loss: 1.1753 | BPB: 1.6956 | LR: 0.000010 | ms/batch: 46.3
Epoch 21/100 | Batch 6400/21973 | Loss: 1.1753 | BPB: 1.6956 | LR: 0.000010 | ms/batch: 46.3
Epoch 21/100 | Batch 6500/21973 | Loss: 1.1753 | BPB: 1.6956 | LR: 0.000010 | ms/batch: 46.3
Epoch 21/100 | Batch 6600/21973 | Loss: 1.1753 | BPB: 1.6955 | LR: 0.000010 | ms/batch: 46.3
Epoch 21/100 | Batch 6700/21973 | Loss: 1.1753 | BPB: 1.6956 | LR: 0.000010 | ms/batch: 46.3
Epoch 21/100 | Batch 6800/21973 | Loss: 1.1753 | BPB: 1.6955 | LR: 0.000010 | ms/batch: 46.3
Epoch 21/100 | Batch 6900/21973 | Loss: 1.1753 | BPB: 1.6956 | LR: 0.000010 | ms/batch: 46.3
Epoch 21/100 | Batch 7000/21973 | Loss: 1.1753 | BPB: 1.6955 | LR: 0.000010 | ms/batch: 46.2
Epoch 21/100 | Batch 7100/21973 | Loss: 1.1752 | BPB: 1.6955 | LR: 0.000010 | ms/batch: 46.2
Epoch 21/100 | Batch 7200/21973 | Loss: 1.1752 | BPB: 1.6955 | LR: 0.000010 | ms/batch: 46.2
Epoch 21/100 | Batch 7300/21973 | Loss: 1.1752 | BPB: 1.6954 | LR: 0.000010 | ms/batch: 46.2
Epoch 21/100 | Batch 7400/21973 | Loss: 1.1752 | BPB: 1.6954 | LR: 0.000010 | ms/batch: 46.2
Epoch 21/100 | Batch 7500/21973 | Loss: 1.1752 | BPB: 1.6954 | LR: 0.000010 | ms/batch: 46.2
Epoch 21/100 | Batch 7600/21973 | Loss: 1.1751 | BPB: 1.6954 | LR: 0.000010 | ms/batch: 46.2
Epoch 21/100 | Batch 7700/21973 | Loss: 1.1751 | BPB: 1.6953 | LR: 0.000010 | ms/batch: 46.2
Epoch 21/100 | Batch 7800/21973 | Loss: 1.1751 | BPB: 1.6953 | LR: 0.000010 | ms/batch: 46.2
Epoch 21/100 | Batch 7900/21973 | Loss: 1.1751 | BPB: 1.6953 | LR: 0.000010 | ms/batch: 46.2
Epoch 21/100 | Batch 8000/21973 | Loss: 1.1751 | BPB: 1.6954 | LR: 0.000010 | ms/batch: 46.2
Epoch 21/100 | Batch 8100/21973 | Loss: 1.1752 | BPB: 1.6954 | LR: 0.000010 | ms/batch: 46.2
Epoch 21/100 | Batch 8200/21973 | Loss: 1.1752 | BPB: 1.6954 | LR: 0.000010 | ms/batch: 46.2
Epoch 21/100 | Batch 8300/21973 | Loss: 1.1752 | BPB: 1.6954 | LR: 0.000010 | ms/batch: 46.2
Epoch 21/100 | Batch 8400/21973 | Loss: 1.1752 | BPB: 1.6954 | LR: 0.000010 | ms/batch: 46.2
Epoch 21/100 | Batch 8500/21973 | Loss: 1.1752 | BPB: 1.6954 | LR: 0.000010 | ms/batch: 46.2
Epoch 21/100 | Batch 8600/21973 | Loss: 1.1752 | BPB: 1.6954 | LR: 0.000010 | ms/batch: 46.2
Epoch 21/100 | Batch 8700/21973 | Loss: 1.1752 | BPB: 1.6954 | LR: 0.000010 | ms/batch: 46.2
Epoch 21/100 | Batch 8800/21973 | Loss: 1.1752 | BPB: 1.6954 | LR: 0.000010 | ms/batch: 46.2
Epoch 21/100 | Batch 8900/21973 | Loss: 1.1752 | BPB: 1.6954 | LR: 0.000010 | ms/batch: 46.2
Epoch 21/100 | Batch 9000/21973 | Loss: 1.1752 | BPB: 1.6954 | LR: 0.000010 | ms/batch: 46.2
Epoch 21/100 | Batch 9100/21973 | Loss: 1.1752 | BPB: 1.6954 | LR: 0.000010 | ms/batch: 46.2
Epoch 21/100 | Batch 9200/21973 | Loss: 1.1751 | BPB: 1.6954 | LR: 0.000010 | ms/batch: 46.2
Epoch 21/100 | Batch 9300/21973 | Loss: 1.1751 | BPB: 1.6954 | LR: 0.000010 | ms/batch: 46.2
Epoch 21/100 | Batch 9400/21973 | Loss: 1.1751 | BPB: 1.6953 | LR: 0.000010 | ms/batch: 46.2
Epoch 21/100 | Batch 9500/21973 | Loss: 1.1751 | BPB: 1.6953 | LR: 0.000010 | ms/batch: 46.2
Epoch 21/100 | Batch 9600/21973 | Loss: 1.1752 | BPB: 1.6954 | LR: 0.000010 | ms/batch: 46.2
Epoch 21/100 | Batch 9700/21973 | Loss: 1.1751 | BPB: 1.6954 | LR: 0.000010 | ms/batch: 46.2
Epoch 21/100 | Batch 9800/21973 | Loss: 1.1751 | BPB: 1.6954 | LR: 0.000010 | ms/batch: 46.2
Epoch 21/100 | Batch 9900/21973 | Loss: 1.1751 | BPB: 1.6954 | LR: 0.000010 | ms/batch: 46.2
Epoch 21/100 | Batch 10000/21973 | Loss: 1.1751 | BPB: 1.6953 | LR: 0.000010 | ms/batch: 46.2
Epoch 21/100 | Batch 10100/21973 | Loss: 1.1751 | BPB: 1.6953 | LR: 0.000010 | ms/batch: 46.2
Epoch 21/100 | Batch 10200/21973 | Loss: 1.1751 | BPB: 1.6953 | LR: 0.000010 | ms/batch: 46.2
Epoch 21/100 | Batch 10300/21973 | Loss: 1.1751 | BPB: 1.6953 | LR: 0.000010 | ms/batch: 46.2
Epoch 21/100 | Batch 10400/21973 | Loss: 1.1751 | BPB: 1.6953 | LR: 0.000010 | ms/batch: 46.2
Epoch 21/100 | Batch 10500/21973 | Loss: 1.1750 | BPB: 1.6952 | LR: 0.000010 | ms/batch: 46.2
Epoch 21/100 | Batch 10600/21973 | Loss: 1.1750 | BPB: 1.6952 | LR: 0.000010 | ms/batch: 46.2
Epoch 21/100 | Batch 10700/21973 | Loss: 1.1750 | BPB: 1.6952 | LR: 0.000010 | ms/batch: 46.2
Epoch 21/100 | Batch 10800/21973 | Loss: 1.1750 | BPB: 1.6952 | LR: 0.000010 | ms/batch: 46.2
Epoch 21/100 | Batch 10900/21973 | Loss: 1.1750 | BPB: 1.6951 | LR: 0.000010 | ms/batch: 46.2
Epoch 21/100 | Batch 11000/21973 | Loss: 1.1749 | BPB: 1.6951 | LR: 0.000010 | ms/batch: 46.2
Epoch 21/100 | Batch 11100/21973 | Loss: 1.1750 | BPB: 1.6951 | LR: 0.000010 | ms/batch: 46.2
Epoch 21/100 | Batch 11200/21973 | Loss: 1.1750 | BPB: 1.6951 | LR: 0.000010 | ms/batch: 46.2
Epoch 21/100 | Batch 11300/21973 | Loss: 1.1749 | BPB: 1.6951 | LR: 0.000010 | ms/batch: 46.2
Epoch 21/100 | Batch 11400/21973 | Loss: 1.1750 | BPB: 1.6951 | LR: 0.000010 | ms/batch: 46.2
Epoch 21/100 | Batch 11500/21973 | Loss: 1.1750 | BPB: 1.6951 | LR: 0.000010 | ms/batch: 46.2
Epoch 21/100 | Batch 11600/21973 | Loss: 1.1749 | BPB: 1.6951 | LR: 0.000010 | ms/batch: 46.2
Epoch 21/100 | Batch 11700/21973 | Loss: 1.1749 | BPB: 1.6951 | LR: 0.000010 | ms/batch: 46.2
Epoch 21/100 | Batch 11800/21973 | Loss: 1.1749 | BPB: 1.6951 | LR: 0.000010 | ms/batch: 46.2
Epoch 21/100 | Batch 11900/21973 | Loss: 1.1749 | BPB: 1.6951 | LR: 0.000010 | ms/batch: 46.2
Epoch 21/100 | Batch 12000/21973 | Loss: 1.1749 | BPB: 1.6951 | LR: 0.000010 | ms/batch: 46.2
Epoch 21/100 | Batch 12100/21973 | Loss: 1.1749 | BPB: 1.6951 | LR: 0.000010 | ms/batch: 46.2
Epoch 21/100 | Batch 12200/21973 | Loss: 1.1749 | BPB: 1.6951 | LR: 0.000010 | ms/batch: 46.2
Epoch 21/100 | Batch 12300/21973 | Loss: 1.1749 | BPB: 1.6950 | LR: 0.000010 | ms/batch: 46.2
Epoch 21/100 | Batch 12400/21973 | Loss: 1.1749 | BPB: 1.6951 | LR: 0.000010 | ms/batch: 46.2
Epoch 21/100 | Batch 12500/21973 | Loss: 1.1750 | BPB: 1.6951 | LR: 0.000010 | ms/batch: 46.2
Epoch 21/100 | Batch 12600/21973 | Loss: 1.1750 | BPB: 1.6951 | LR: 0.000010 | ms/batch: 46.2
Epoch 21/100 | Batch 12700/21973 | Loss: 1.1750 | BPB: 1.6951 | LR: 0.000010 | ms/batch: 46.2
Epoch 21/100 | Batch 12800/21973 | Loss: 1.1750 | BPB: 1.6951 | LR: 0.000010 | ms/batch: 46.2
Epoch 21/100 | Batch 12900/21973 | Loss: 1.1749 | BPB: 1.6951 | LR: 0.000010 | ms/batch: 46.2
Epoch 21/100 | Batch 13000/21973 | Loss: 1.1749 | BPB: 1.6951 | LR: 0.000010 | ms/batch: 46.2
Epoch 21/100 | Batch 13100/21973 | Loss: 1.1749 | BPB: 1.6951 | LR: 0.000010 | ms/batch: 46.2
Epoch 21/100 | Batch 13200/21973 | Loss: 1.1750 | BPB: 1.6951 | LR: 0.000010 | ms/batch: 46.2
Epoch 21/100 | Batch 13300/21973 | Loss: 1.1750 | BPB: 1.6951 | LR: 0.000010 | ms/batch: 46.2
Epoch 21/100 | Batch 13400/21973 | Loss: 1.1750 | BPB: 1.6951 | LR: 0.000010 | ms/batch: 46.2
Epoch 21/100 | Batch 13500/21973 | Loss: 1.1750 | BPB: 1.6951 | LR: 0.000010 | ms/batch: 46.2
Epoch 21/100 | Batch 13600/21973 | Loss: 1.1750 | BPB: 1.6951 | LR: 0.000010 | ms/batch: 46.2
Epoch 21/100 | Batch 13700/21973 | Loss: 1.1750 | BPB: 1.6951 | LR: 0.000010 | ms/batch: 46.2
Epoch 21/100 | Batch 13800/21973 | Loss: 1.1750 | BPB: 1.6951 | LR: 0.000010 | ms/batch: 46.2
Epoch 21/100 | Batch 13900/21973 | Loss: 1.1749 | BPB: 1.6951 | LR: 0.000010 | ms/batch: 46.2
Epoch 21/100 | Batch 14000/21973 | Loss: 1.1749 | BPB: 1.6951 | LR: 0.000010 | ms/batch: 46.2
Epoch 21/100 | Batch 14100/21973 | Loss: 1.1750 | BPB: 1.6951 | LR: 0.000010 | ms/batch: 46.2
Epoch 21/100 | Batch 14200/21973 | Loss: 1.1749 | BPB: 1.6951 | LR: 0.000010 | ms/batch: 46.2
Epoch 21/100 | Batch 14300/21973 | Loss: 1.1749 | BPB: 1.6951 | LR: 0.000010 | ms/batch: 46.2
Epoch 21/100 | Batch 14400/21973 | Loss: 1.1749 | BPB: 1.6951 | LR: 0.000010 | ms/batch: 46.3
Epoch 21/100 | Batch 14500/21973 | Loss: 1.1749 | BPB: 1.6951 | LR: 0.000010 | ms/batch: 46.3
Epoch 21/100 | Batch 14600/21973 | Loss: 1.1749 | BPB: 1.6951 | LR: 0.000010 | ms/batch: 46.3
Epoch 21/100 | Batch 14700/21973 | Loss: 1.1749 | BPB: 1.6950 | LR: 0.000010 | ms/batch: 46.3
Epoch 21/100 | Batch 14800/21973 | Loss: 1.1749 | BPB: 1.6950 | LR: 0.000010 | ms/batch: 46.3
Epoch 21/100 | Batch 14900/21973 | Loss: 1.1749 | BPB: 1.6950 | LR: 0.000010 | ms/batch: 46.3
Epoch 21/100 | Batch 15000/21973 | Loss: 1.1749 | BPB: 1.6950 | LR: 0.000010 | ms/batch: 46.3
Epoch 21/100 | Batch 15100/21973 | Loss: 1.1749 | BPB: 1.6950 | LR: 0.000010 | ms/batch: 46.3
Epoch 21/100 | Batch 15200/21973 | Loss: 1.1749 | BPB: 1.6950 | LR: 0.000010 | ms/batch: 46.3
Epoch 21/100 | Batch 15300/21973 | Loss: 1.1749 | BPB: 1.6950 | LR: 0.000010 | ms/batch: 46.3
Epoch 21/100 | Batch 15400/21973 | Loss: 1.1749 | BPB: 1.6950 | LR: 0.000010 | ms/batch: 46.3
Epoch 21/100 | Batch 15500/21973 | Loss: 1.1749 | BPB: 1.6950 | LR: 0.000010 | ms/batch: 46.3
Epoch 21/100 | Batch 15600/21973 | Loss: 1.1749 | BPB: 1.6950 | LR: 0.000010 | ms/batch: 46.3
Epoch 21/100 | Batch 15700/21973 | Loss: 1.1749 | BPB: 1.6950 | LR: 0.000010 | ms/batch: 46.3
Epoch 21/100 | Batch 15800/21973 | Loss: 1.1749 | BPB: 1.6950 | LR: 0.000010 | ms/batch: 46.3
Epoch 21/100 | Batch 15900/21973 | Loss: 1.1748 | BPB: 1.6949 | LR: 0.000010 | ms/batch: 46.2
Epoch 21/100 | Batch 16000/21973 | Loss: 1.1748 | BPB: 1.6949 | LR: 0.000010 | ms/batch: 46.2
Epoch 21/100 | Batch 16100/21973 | Loss: 1.1748 | BPB: 1.6949 | LR: 0.000010 | ms/batch: 46.2
Epoch 21/100 | Batch 16200/21973 | Loss: 1.1748 | BPB: 1.6949 | LR: 0.000010 | ms/batch: 46.2
Epoch 21/100 | Batch 16300/21973 | Loss: 1.1749 | BPB: 1.6950 | LR: 0.000010 | ms/batch: 46.2
Epoch 21/100 | Batch 16400/21973 | Loss: 1.1748 | BPB: 1.6949 | LR: 0.000010 | ms/batch: 46.2
Epoch 21/100 | Batch 16500/21973 | Loss: 1.1748 | BPB: 1.6949 | LR: 0.000010 | ms/batch: 46.2
Epoch 21/100 | Batch 16600/21973 | Loss: 1.1748 | BPB: 1.6949 | LR: 0.000010 | ms/batch: 46.2
Epoch 21/100 | Batch 16700/21973 | Loss: 1.1748 | BPB: 1.6949 | LR: 0.000010 | ms/batch: 46.2
Epoch 21/100 | Batch 16800/21973 | Loss: 1.1748 | BPB: 1.6949 | LR: 0.000010 | ms/batch: 46.2
Epoch 21/100 | Batch 16900/21973 | Loss: 1.1748 | BPB: 1.6949 | LR: 0.000010 | ms/batch: 46.2
Epoch 21/100 | Batch 17000/21973 | Loss: 1.1748 | BPB: 1.6949 | LR: 0.000010 | ms/batch: 46.2
Epoch 21/100 | Batch 17100/21973 | Loss: 1.1748 | BPB: 1.6949 | LR: 0.000010 | ms/batch: 46.2
Epoch 21/100 | Batch 17200/21973 | Loss: 1.1748 | BPB: 1.6949 | LR: 0.000010 | ms/batch: 46.2
Epoch 21/100 | Batch 17300/21973 | Loss: 1.1748 | BPB: 1.6949 | LR: 0.000010 | ms/batch: 46.2
Epoch 21/100 | Batch 17400/21973 | Loss: 1.1748 | BPB: 1.6949 | LR: 0.000010 | ms/batch: 46.2
Epoch 21/100 | Batch 17500/21973 | Loss: 1.1748 | BPB: 1.6949 | LR: 0.000010 | ms/batch: 46.2
Epoch 21/100 | Batch 17600/21973 | Loss: 1.1748 | BPB: 1.6949 | LR: 0.000010 | ms/batch: 46.2
Epoch 21/100 | Batch 17700/21973 | Loss: 1.1748 | BPB: 1.6949 | LR: 0.000010 | ms/batch: 46.2
Epoch 21/100 | Batch 17800/21973 | Loss: 1.1748 | BPB: 1.6949 | LR: 0.000010 | ms/batch: 46.2
Epoch 21/100 | Batch 17900/21973 | Loss: 1.1748 | BPB: 1.6949 | LR: 0.000010 | ms/batch: 46.2
Epoch 21/100 | Batch 18000/21973 | Loss: 1.1748 | BPB: 1.6949 | LR: 0.000010 | ms/batch: 46.2
Epoch 21/100 | Batch 18100/21973 | Loss: 1.1748 | BPB: 1.6948 | LR: 0.000010 | ms/batch: 46.2
Epoch 21/100 | Batch 18200/21973 | Loss: 1.1748 | BPB: 1.6949 | LR: 0.000010 | ms/batch: 46.2
Epoch 21/100 | Batch 18300/21973 | Loss: 1.1748 | BPB: 1.6949 | LR: 0.000010 | ms/batch: 46.2
Epoch 21/100 | Batch 18400/21973 | Loss: 1.1748 | BPB: 1.6949 | LR: 0.000010 | ms/batch: 46.2
Epoch 21/100 | Batch 18500/21973 | Loss: 1.1748 | BPB: 1.6948 | LR: 0.000010 | ms/batch: 46.2
Epoch 21/100 | Batch 18600/21973 | Loss: 1.1748 | BPB: 1.6949 | LR: 0.000010 | ms/batch: 46.2
Epoch 21/100 | Batch 18700/21973 | Loss: 1.1748 | BPB: 1.6948 | LR: 0.000010 | ms/batch: 46.2
Epoch 21/100 | Batch 18800/21973 | Loss: 1.1748 | BPB: 1.6948 | LR: 0.000010 | ms/batch: 46.2
Epoch 21/100 | Batch 18900/21973 | Loss: 1.1748 | BPB: 1.6949 | LR: 0.000010 | ms/batch: 46.2
Epoch 21/100 | Batch 19000/21973 | Loss: 1.1748 | BPB: 1.6949 | LR: 0.000010 | ms/batch: 46.2
Epoch 21/100 | Batch 19100/21973 | Loss: 1.1748 | BPB: 1.6949 | LR: 0.000010 | ms/batch: 46.2
Epoch 21/100 | Batch 19200/21973 | Loss: 1.1748 | BPB: 1.6948 | LR: 0.000010 | ms/batch: 46.2
Epoch 21/100 | Batch 19300/21973 | Loss: 1.1748 | BPB: 1.6949 | LR: 0.000010 | ms/batch: 46.2
Epoch 21/100 | Batch 19400/21973 | Loss: 1.1748 | BPB: 1.6948 | LR: 0.000010 | ms/batch: 46.2
Epoch 21/100 | Batch 19500/21973 | Loss: 1.1748 | BPB: 1.6948 | LR: 0.000010 | ms/batch: 46.2
Epoch 21/100 | Batch 19600/21973 | Loss: 1.1748 | BPB: 1.6948 | LR: 0.000010 | ms/batch: 46.2
Epoch 21/100 | Batch 19700/21973 | Loss: 1.1748 | BPB: 1.6948 | LR: 0.000010 | ms/batch: 46.2
Epoch 21/100 | Batch 19800/21973 | Loss: 1.1748 | BPB: 1.6948 | LR: 0.000010 | ms/batch: 46.2
Epoch 21/100 | Batch 19900/21973 | Loss: 1.1748 | BPB: 1.6948 | LR: 0.000010 | ms/batch: 46.2
Epoch 21/100 | Batch 20000/21973 | Loss: 1.1748 | BPB: 1.6948 | LR: 0.000010 | ms/batch: 46.2
Epoch 21/100 | Batch 20100/21973 | Loss: 1.1747 | BPB: 1.6948 | LR: 0.000010 | ms/batch: 46.2
Epoch 21/100 | Batch 20200/21973 | Loss: 1.1747 | BPB: 1.6948 | LR: 0.000010 | ms/batch: 46.2
Epoch 21/100 | Batch 20300/21973 | Loss: 1.1747 | BPB: 1.6948 | LR: 0.000010 | ms/batch: 46.2
Epoch 21/100 | Batch 20400/21973 | Loss: 1.1747 | BPB: 1.6947 | LR: 0.000010 | ms/batch: 46.2
Epoch 21/100 | Batch 20500/21973 | Loss: 1.1747 | BPB: 1.6947 | LR: 0.000010 | ms/batch: 46.2
Epoch 21/100 | Batch 20600/21973 | Loss: 1.1747 | BPB: 1.6947 | LR: 0.000010 | ms/batch: 46.2
Epoch 21/100 | Batch 20700/21973 | Loss: 1.1747 | BPB: 1.6947 | LR: 0.000010 | ms/batch: 46.2
Epoch 21/100 | Batch 20800/21973 | Loss: 1.1747 | BPB: 1.6947 | LR: 0.000010 | ms/batch: 46.2
Epoch 21/100 | Batch 20900/21973 | Loss: 1.1747 | BPB: 1.6947 | LR: 0.000010 | ms/batch: 46.2
Epoch 21/100 | Batch 21000/21973 | Loss: 1.1747 | BPB: 1.6947 | LR: 0.000010 | ms/batch: 46.2
Epoch 21/100 | Batch 21100/21973 | Loss: 1.1747 | BPB: 1.6947 | LR: 0.000010 | ms/batch: 46.2
Epoch 21/100 | Batch 21200/21973 | Loss: 1.1747 | BPB: 1.6947 | LR: 0.000010 | ms/batch: 46.2
Epoch 21/100 | Batch 21300/21973 | Loss: 1.1747 | BPB: 1.6947 | LR: 0.000010 | ms/batch: 46.2
Epoch 21/100 | Batch 21400/21973 | Loss: 1.1747 | BPB: 1.6947 | LR: 0.000010 | ms/batch: 46.2
Epoch 21/100 | Batch 21500/21973 | Loss: 1.1747 | BPB: 1.6947 | LR: 0.000010 | ms/batch: 46.2
Epoch 21/100 | Batch 21600/21973 | Loss: 1.1747 | BPB: 1.6947 | LR: 0.000010 | ms/batch: 46.2
Epoch 21/100 | Batch 21700/21973 | Loss: 1.1747 | BPB: 1.6947 | LR: 0.000010 | ms/batch: 46.2
Epoch 21/100 | Batch 21800/21973 | Loss: 1.1747 | BPB: 1.6947 | LR: 0.000010 | ms/batch: 46.2
Epoch 21/100 | Batch 21900/21973 | Loss: 1.1747 | BPB: 1.6947 | LR: 0.000010 | ms/batch: 46.2

Epoch 21/100 Summary:
Training Loss: 1.1747 (BPB: 1.6947)
Validation Loss: 0.8784 (BPB: 1.2673)
Best Validation Loss: 0.8784
Learning Rate: 0.000010
Epoch 22/100 | Batch 0/21973 | Loss: 1.2184 | BPB: 1.7577 | LR: 0.000010 | ms/batch: 122.3
Epoch 22/100 | Batch 100/21973 | Loss: 1.1747 | BPB: 1.6947 | LR: 0.000010 | ms/batch: 47.2
Epoch 22/100 | Batch 200/21973 | Loss: 1.1741 | BPB: 1.6939 | LR: 0.000010 | ms/batch: 46.5
Epoch 22/100 | Batch 300/21973 | Loss: 1.1728 | BPB: 1.6920 | LR: 0.000010 | ms/batch: 46.3
Epoch 22/100 | Batch 400/21973 | Loss: 1.1732 | BPB: 1.6926 | LR: 0.000010 | ms/batch: 46.2
Epoch 22/100 | Batch 500/21973 | Loss: 1.1732 | BPB: 1.6926 | LR: 0.000010 | ms/batch: 46.1
Epoch 22/100 | Batch 600/21973 | Loss: 1.1732 | BPB: 1.6925 | LR: 0.000010 | ms/batch: 46.2
Epoch 22/100 | Batch 700/21973 | Loss: 1.1735 | BPB: 1.6930 | LR: 0.000010 | ms/batch: 46.2
Epoch 22/100 | Batch 800/21973 | Loss: 1.1734 | BPB: 1.6929 | LR: 0.000010 | ms/batch: 46.2
Epoch 22/100 | Batch 900/21973 | Loss: 1.1735 | BPB: 1.6930 | LR: 0.000010 | ms/batch: 46.1
Epoch 22/100 | Batch 1000/21973 | Loss: 1.1736 | BPB: 1.6932 | LR: 0.000010 | ms/batch: 46.1
Epoch 22/100 | Batch 1100/21973 | Loss: 1.1738 | BPB: 1.6934 | LR: 0.000010 | ms/batch: 46.1
Epoch 22/100 | Batch 1200/21973 | Loss: 1.1739 | BPB: 1.6935 | LR: 0.000010 | ms/batch: 46.1
Epoch 22/100 | Batch 1300/21973 | Loss: 1.1735 | BPB: 1.6930 | LR: 0.000010 | ms/batch: 46.1
Epoch 22/100 | Batch 1400/21973 | Loss: 1.1736 | BPB: 1.6932 | LR: 0.000010 | ms/batch: 46.1
Epoch 22/100 | Batch 1500/21973 | Loss: 1.1738 | BPB: 1.6934 | LR: 0.000010 | ms/batch: 46.1
Epoch 22/100 | Batch 1600/21973 | Loss: 1.1739 | BPB: 1.6936 | LR: 0.000010 | ms/batch: 46.1
Epoch 22/100 | Batch 1700/21973 | Loss: 1.1740 | BPB: 1.6937 | LR: 0.000010 | ms/batch: 46.1
Epoch 22/100 | Batch 1800/21973 | Loss: 1.1740 | BPB: 1.6937 | LR: 0.000010 | ms/batch: 46.1
Epoch 22/100 | Batch 1900/21973 | Loss: 1.1740 | BPB: 1.6938 | LR: 0.000010 | ms/batch: 46.1
Epoch 22/100 | Batch 2000/21973 | Loss: 1.1739 | BPB: 1.6936 | LR: 0.000010 | ms/batch: 46.1
Epoch 22/100 | Batch 2100/21973 | Loss: 1.1740 | BPB: 1.6938 | LR: 0.000010 | ms/batch: 46.1
Epoch 22/100 | Batch 2200/21973 | Loss: 1.1740 | BPB: 1.6938 | LR: 0.000010 | ms/batch: 46.1
Epoch 22/100 | Batch 2300/21973 | Loss: 1.1741 | BPB: 1.6938 | LR: 0.000010 | ms/batch: 46.1
Epoch 22/100 | Batch 2400/21973 | Loss: 1.1741 | BPB: 1.6939 | LR: 0.000010 | ms/batch: 46.1
Epoch 22/100 | Batch 2500/21973 | Loss: 1.1741 | BPB: 1.6939 | LR: 0.000010 | ms/batch: 46.1
Epoch 22/100 | Batch 2600/21973 | Loss: 1.1740 | BPB: 1.6938 | LR: 0.000010 | ms/batch: 46.1
Epoch 22/100 | Batch 2700/21973 | Loss: 1.1740 | BPB: 1.6938 | LR: 0.000010 | ms/batch: 46.1
Epoch 22/100 | Batch 2800/21973 | Loss: 1.1741 | BPB: 1.6939 | LR: 0.000010 | ms/batch: 46.1
Epoch 22/100 | Batch 2900/21973 | Loss: 1.1741 | BPB: 1.6939 | LR: 0.000010 | ms/batch: 46.1
Epoch 22/100 | Batch 3000/21973 | Loss: 1.1741 | BPB: 1.6938 | LR: 0.000010 | ms/batch: 46.1
Epoch 22/100 | Batch 3100/21973 | Loss: 1.1741 | BPB: 1.6939 | LR: 0.000010 | ms/batch: 46.1
Epoch 22/100 | Batch 3200/21973 | Loss: 1.1742 | BPB: 1.6940 | LR: 0.000010 | ms/batch: 46.1
Epoch 22/100 | Batch 3300/21973 | Loss: 1.1743 | BPB: 1.6942 | LR: 0.000010 | ms/batch: 46.1
Epoch 22/100 | Batch 3400/21973 | Loss: 1.1743 | BPB: 1.6942 | LR: 0.000010 | ms/batch: 46.1
Epoch 22/100 | Batch 3500/21973 | Loss: 1.1744 | BPB: 1.6942 | LR: 0.000010 | ms/batch: 46.1
Epoch 22/100 | Batch 3600/21973 | Loss: 1.1743 | BPB: 1.6942 | LR: 0.000010 | ms/batch: 46.2
Epoch 22/100 | Batch 3700/21973 | Loss: 1.1743 | BPB: 1.6942 | LR: 0.000010 | ms/batch: 46.2
Epoch 22/100 | Batch 3800/21973 | Loss: 1.1743 | BPB: 1.6942 | LR: 0.000010 | ms/batch: 46.1
Epoch 22/100 | Batch 3900/21973 | Loss: 1.1743 | BPB: 1.6942 | LR: 0.000010 | ms/batch: 46.1
Epoch 22/100 | Batch 4000/21973 | Loss: 1.1744 | BPB: 1.6943 | LR: 0.000010 | ms/batch: 46.1
Epoch 22/100 | Batch 4100/21973 | Loss: 1.1744 | BPB: 1.6944 | LR: 0.000010 | ms/batch: 46.2
Epoch 22/100 | Batch 4200/21973 | Loss: 1.1744 | BPB: 1.6944 | LR: 0.000010 | ms/batch: 46.2
Epoch 22/100 | Batch 4300/21973 | Loss: 1.1744 | BPB: 1.6943 | LR: 0.000010 | ms/batch: 46.2
Epoch 22/100 | Batch 4400/21973 | Loss: 1.1743 | BPB: 1.6942 | LR: 0.000010 | ms/batch: 46.2
Epoch 22/100 | Batch 4500/21973 | Loss: 1.1743 | BPB: 1.6942 | LR: 0.000010 | ms/batch: 46.1
Epoch 22/100 | Batch 4600/21973 | Loss: 1.1743 | BPB: 1.6942 | LR: 0.000010 | ms/batch: 46.2
Epoch 22/100 | Batch 4700/21973 | Loss: 1.1743 | BPB: 1.6941 | LR: 0.000010 | ms/batch: 46.2
Epoch 22/100 | Batch 4800/21973 | Loss: 1.1743 | BPB: 1.6941 | LR: 0.000010 | ms/batch: 46.2
Epoch 22/100 | Batch 4900/21973 | Loss: 1.1743 | BPB: 1.6941 | LR: 0.000010 | ms/batch: 46.2
Epoch 22/100 | Batch 5000/21973 | Loss: 1.1743 | BPB: 1.6941 | LR: 0.000010 | ms/batch: 46.2
Epoch 22/100 | Batch 5100/21973 | Loss: 1.1743 | BPB: 1.6941 | LR: 0.000010 | ms/batch: 46.2
Epoch 22/100 | Batch 5200/21973 | Loss: 1.1743 | BPB: 1.6942 | LR: 0.000010 | ms/batch: 46.2
Epoch 22/100 | Batch 5300/21973 | Loss: 1.1743 | BPB: 1.6942 | LR: 0.000010 | ms/batch: 46.2
Epoch 22/100 | Batch 5400/21973 | Loss: 1.1743 | BPB: 1.6942 | LR: 0.000010 | ms/batch: 46.2
Epoch 22/100 | Batch 5500/21973 | Loss: 1.1744 | BPB: 1.6943 | LR: 0.000010 | ms/batch: 46.2
Epoch 22/100 | Batch 5600/21973 | Loss: 1.1744 | BPB: 1.6944 | LR: 0.000010 | ms/batch: 46.2
Epoch 22/100 | Batch 5700/21973 | Loss: 1.1745 | BPB: 1.6944 | LR: 0.000010 | ms/batch: 46.2
Epoch 22/100 | Batch 5800/21973 | Loss: 1.1745 | BPB: 1.6944 | LR: 0.000010 | ms/batch: 46.2
Epoch 22/100 | Batch 5900/21973 | Loss: 1.1745 | BPB: 1.6944 | LR: 0.000010 | ms/batch: 46.2
Epoch 22/100 | Batch 6000/21973 | Loss: 1.1745 | BPB: 1.6944 | LR: 0.000010 | ms/batch: 46.2
Epoch 22/100 | Batch 6100/21973 | Loss: 1.1745 | BPB: 1.6944 | LR: 0.000010 | ms/batch: 46.2
Epoch 22/100 | Batch 6200/21973 | Loss: 1.1745 | BPB: 1.6944 | LR: 0.000010 | ms/batch: 46.2
Epoch 22/100 | Batch 6300/21973 | Loss: 1.1746 | BPB: 1.6946 | LR: 0.000010 | ms/batch: 46.2
Epoch 22/100 | Batch 6400/21973 | Loss: 1.1745 | BPB: 1.6945 | LR: 0.000010 | ms/batch: 46.2
Epoch 22/100 | Batch 6500/21973 | Loss: 1.1745 | BPB: 1.6944 | LR: 0.000010 | ms/batch: 46.2
Epoch 22/100 | Batch 6600/21973 | Loss: 1.1745 | BPB: 1.6944 | LR: 0.000010 | ms/batch: 46.2
Epoch 22/100 | Batch 6700/21973 | Loss: 1.1745 | BPB: 1.6944 | LR: 0.000010 | ms/batch: 46.2
Epoch 22/100 | Batch 6800/21973 | Loss: 1.1745 | BPB: 1.6944 | LR: 0.000010 | ms/batch: 46.2
Epoch 22/100 | Batch 6900/21973 | Loss: 1.1745 | BPB: 1.6944 | LR: 0.000010 | ms/batch: 46.2
Epoch 22/100 | Batch 7000/21973 | Loss: 1.1745 | BPB: 1.6944 | LR: 0.000010 | ms/batch: 46.1
Epoch 22/100 | Batch 7100/21973 | Loss: 1.1745 | BPB: 1.6944 | LR: 0.000010 | ms/batch: 46.2
Epoch 22/100 | Batch 7200/21973 | Loss: 1.1744 | BPB: 1.6943 | LR: 0.000010 | ms/batch: 46.2
Epoch 22/100 | Batch 7300/21973 | Loss: 1.1744 | BPB: 1.6943 | LR: 0.000010 | ms/batch: 46.2
Epoch 22/100 | Batch 7400/21973 | Loss: 1.1744 | BPB: 1.6943 | LR: 0.000010 | ms/batch: 46.2
Epoch 22/100 | Batch 7500/21973 | Loss: 1.1744 | BPB: 1.6943 | LR: 0.000010 | ms/batch: 46.1
Epoch 22/100 | Batch 7600/21973 | Loss: 1.1744 | BPB: 1.6944 | LR: 0.000010 | ms/batch: 46.2
Epoch 22/100 | Batch 7700/21973 | Loss: 1.1745 | BPB: 1.6944 | LR: 0.000010 | ms/batch: 46.2
Epoch 22/100 | Batch 7800/21973 | Loss: 1.1744 | BPB: 1.6943 | LR: 0.000010 | ms/batch: 46.2
Epoch 22/100 | Batch 7900/21973 | Loss: 1.1744 | BPB: 1.6944 | LR: 0.000010 | ms/batch: 46.2
Epoch 22/100 | Batch 8000/21973 | Loss: 1.1744 | BPB: 1.6944 | LR: 0.000010 | ms/batch: 46.2
Epoch 22/100 | Batch 8100/21973 | Loss: 1.1745 | BPB: 1.6944 | LR: 0.000010 | ms/batch: 46.2
Epoch 22/100 | Batch 8200/21973 | Loss: 1.1745 | BPB: 1.6944 | LR: 0.000010 | ms/batch: 46.2
Epoch 22/100 | Batch 8300/21973 | Loss: 1.1744 | BPB: 1.6944 | LR: 0.000010 | ms/batch: 46.2
Epoch 22/100 | Batch 8400/21973 | Loss: 1.1744 | BPB: 1.6944 | LR: 0.000010 | ms/batch: 46.2
Epoch 22/100 | Batch 8500/21973 | Loss: 1.1744 | BPB: 1.6944 | LR: 0.000010 | ms/batch: 46.2
Epoch 22/100 | Batch 8600/21973 | Loss: 1.1744 | BPB: 1.6943 | LR: 0.000010 | ms/batch: 46.2
Epoch 22/100 | Batch 8700/21973 | Loss: 1.1744 | BPB: 1.6943 | LR: 0.000010 | ms/batch: 46.2
Epoch 22/100 | Batch 8800/21973 | Loss: 1.1744 | BPB: 1.6943 | LR: 0.000010 | ms/batch: 46.2
Epoch 22/100 | Batch 8900/21973 | Loss: 1.1744 | BPB: 1.6943 | LR: 0.000010 | ms/batch: 46.2
Epoch 22/100 | Batch 9000/21973 | Loss: 1.1744 | BPB: 1.6943 | LR: 0.000010 | ms/batch: 46.2
Epoch 22/100 | Batch 9100/21973 | Loss: 1.1744 | BPB: 1.6943 | LR: 0.000010 | ms/batch: 46.2
Epoch 22/100 | Batch 9200/21973 | Loss: 1.1744 | BPB: 1.6943 | LR: 0.000010 | ms/batch: 46.2
Epoch 22/100 | Batch 9300/21973 | Loss: 1.1744 | BPB: 1.6943 | LR: 0.000010 | ms/batch: 46.2
Epoch 22/100 | Batch 9400/21973 | Loss: 1.1745 | BPB: 1.6944 | LR: 0.000010 | ms/batch: 46.2
Epoch 22/100 | Batch 9500/21973 | Loss: 1.1745 | BPB: 1.6944 | LR: 0.000010 | ms/batch: 46.2
Epoch 22/100 | Batch 9600/21973 | Loss: 1.1745 | BPB: 1.6944 | LR: 0.000010 | ms/batch: 46.2
Epoch 22/100 | Batch 9700/21973 | Loss: 1.1745 | BPB: 1.6944 | LR: 0.000010 | ms/batch: 46.2
Epoch 22/100 | Batch 9800/21973 | Loss: 1.1744 | BPB: 1.6944 | LR: 0.000010 | ms/batch: 46.2
Epoch 22/100 | Batch 9900/21973 | Loss: 1.1745 | BPB: 1.6944 | LR: 0.000010 | ms/batch: 46.2
Epoch 22/100 | Batch 10000/21973 | Loss: 1.1744 | BPB: 1.6943 | LR: 0.000010 | ms/batch: 46.2
Epoch 22/100 | Batch 10100/21973 | Loss: 1.1744 | BPB: 1.6943 | LR: 0.000010 | ms/batch: 46.2
Epoch 22/100 | Batch 10200/21973 | Loss: 1.1744 | BPB: 1.6943 | LR: 0.000010 | ms/batch: 46.2
Epoch 22/100 | Batch 10300/21973 | Loss: 1.1744 | BPB: 1.6943 | LR: 0.000010 | ms/batch: 46.2
Epoch 22/100 | Batch 10400/21973 | Loss: 1.1744 | BPB: 1.6943 | LR: 0.000010 | ms/batch: 46.2
Epoch 22/100 | Batch 10500/21973 | Loss: 1.1744 | BPB: 1.6943 | LR: 0.000010 | ms/batch: 46.2
Epoch 22/100 | Batch 10600/21973 | Loss: 1.1744 | BPB: 1.6943 | LR: 0.000010 | ms/batch: 46.2
Epoch 22/100 | Batch 10700/21973 | Loss: 1.1743 | BPB: 1.6942 | LR: 0.000010 | ms/batch: 46.2
Epoch 22/100 | Batch 10800/21973 | Loss: 1.1743 | BPB: 1.6942 | LR: 0.000010 | ms/batch: 46.2
Epoch 22/100 | Batch 10900/21973 | Loss: 1.1743 | BPB: 1.6942 | LR: 0.000010 | ms/batch: 46.2
Epoch 22/100 | Batch 11000/21973 | Loss: 1.1743 | BPB: 1.6942 | LR: 0.000010 | ms/batch: 46.2
Epoch 22/100 | Batch 11100/21973 | Loss: 1.1743 | BPB: 1.6941 | LR: 0.000010 | ms/batch: 46.2
Epoch 22/100 | Batch 11200/21973 | Loss: 1.1743 | BPB: 1.6942 | LR: 0.000010 | ms/batch: 46.2
Epoch 22/100 | Batch 11300/21973 | Loss: 1.1743 | BPB: 1.6942 | LR: 0.000010 | ms/batch: 46.2
Epoch 22/100 | Batch 11400/21973 | Loss: 1.1743 | BPB: 1.6942 | LR: 0.000010 | ms/batch: 46.2
Epoch 22/100 | Batch 11500/21973 | Loss: 1.1743 | BPB: 1.6942 | LR: 0.000010 | ms/batch: 46.2
Epoch 22/100 | Batch 11600/21973 | Loss: 1.1743 | BPB: 1.6942 | LR: 0.000010 | ms/batch: 46.2
Epoch 22/100 | Batch 11700/21973 | Loss: 1.1743 | BPB: 1.6942 | LR: 0.000010 | ms/batch: 46.2
Epoch 22/100 | Batch 11800/21973 | Loss: 1.1743 | BPB: 1.6942 | LR: 0.000010 | ms/batch: 46.2
Epoch 22/100 | Batch 11900/21973 | Loss: 1.1743 | BPB: 1.6942 | LR: 0.000010 | ms/batch: 46.2
Epoch 22/100 | Batch 12000/21973 | Loss: 1.1743 | BPB: 1.6942 | LR: 0.000010 | ms/batch: 46.2
Epoch 22/100 | Batch 12100/21973 | Loss: 1.1743 | BPB: 1.6942 | LR: 0.000010 | ms/batch: 46.2
Epoch 22/100 | Batch 12200/21973 | Loss: 1.1743 | BPB: 1.6941 | LR: 0.000010 | ms/batch: 46.2
Epoch 22/100 | Batch 12300/21973 | Loss: 1.1743 | BPB: 1.6941 | LR: 0.000010 | ms/batch: 46.2
Epoch 22/100 | Batch 12400/21973 | Loss: 1.1743 | BPB: 1.6941 | LR: 0.000010 | ms/batch: 46.2
Epoch 22/100 | Batch 12500/21973 | Loss: 1.1743 | BPB: 1.6942 | LR: 0.000010 | ms/batch: 46.2
Epoch 22/100 | Batch 12600/21973 | Loss: 1.1743 | BPB: 1.6942 | LR: 0.000010 | ms/batch: 46.2
Epoch 22/100 | Batch 12700/21973 | Loss: 1.1743 | BPB: 1.6941 | LR: 0.000010 | ms/batch: 46.2
Epoch 22/100 | Batch 12800/21973 | Loss: 1.1743 | BPB: 1.6942 | LR: 0.000010 | ms/batch: 46.2
Epoch 22/100 | Batch 12900/21973 | Loss: 1.1743 | BPB: 1.6941 | LR: 0.000010 | ms/batch: 46.2
Epoch 22/100 | Batch 13000/21973 | Loss: 1.1743 | BPB: 1.6941 | LR: 0.000010 | ms/batch: 46.2
Epoch 22/100 | Batch 13100/21973 | Loss: 1.1743 | BPB: 1.6941 | LR: 0.000010 | ms/batch: 46.2
Epoch 22/100 | Batch 13200/21973 | Loss: 1.1743 | BPB: 1.6941 | LR: 0.000010 | ms/batch: 46.2
Epoch 22/100 | Batch 13300/21973 | Loss: 1.1743 | BPB: 1.6942 | LR: 0.000010 | ms/batch: 46.2
Epoch 22/100 | Batch 13400/21973 | Loss: 1.1743 | BPB: 1.6942 | LR: 0.000010 | ms/batch: 46.2
Epoch 22/100 | Batch 13500/21973 | Loss: 1.1743 | BPB: 1.6942 | LR: 0.000010 | ms/batch: 46.2
Epoch 22/100 | Batch 13600/21973 | Loss: 1.1743 | BPB: 1.6942 | LR: 0.000010 | ms/batch: 46.2
Epoch 22/100 | Batch 13700/21973 | Loss: 1.1743 | BPB: 1.6942 | LR: 0.000010 | ms/batch: 46.2
Epoch 22/100 | Batch 13800/21973 | Loss: 1.1743 | BPB: 1.6942 | LR: 0.000010 | ms/batch: 46.2
Epoch 22/100 | Batch 13900/21973 | Loss: 1.1743 | BPB: 1.6942 | LR: 0.000010 | ms/batch: 46.2
Epoch 22/100 | Batch 14000/21973 | Loss: 1.1744 | BPB: 1.6942 | LR: 0.000010 | ms/batch: 46.2
Epoch 22/100 | Batch 14100/21973 | Loss: 1.1744 | BPB: 1.6943 | LR: 0.000010 | ms/batch: 46.2
Epoch 22/100 | Batch 14200/21973 | Loss: 1.1744 | BPB: 1.6943 | LR: 0.000010 | ms/batch: 46.2
Epoch 22/100 | Batch 14300/21973 | Loss: 1.1744 | BPB: 1.6943 | LR: 0.000010 | ms/batch: 46.2
Epoch 22/100 | Batch 14400/21973 | Loss: 1.1744 | BPB: 1.6943 | LR: 0.000010 | ms/batch: 46.2
Epoch 22/100 | Batch 14500/21973 | Loss: 1.1744 | BPB: 1.6943 | LR: 0.000010 | ms/batch: 46.2
Epoch 22/100 | Batch 14600/21973 | Loss: 1.1744 | BPB: 1.6943 | LR: 0.000010 | ms/batch: 46.2
Epoch 22/100 | Batch 14700/21973 | Loss: 1.1744 | BPB: 1.6943 | LR: 0.000010 | ms/batch: 46.2
Epoch 22/100 | Batch 14800/21973 | Loss: 1.1744 | BPB: 1.6942 | LR: 0.000010 | ms/batch: 46.2
Epoch 22/100 | Batch 14900/21973 | Loss: 1.1744 | BPB: 1.6942 | LR: 0.000010 | ms/batch: 46.2
Epoch 22/100 | Batch 15000/21973 | Loss: 1.1744 | BPB: 1.6943 | LR: 0.000010 | ms/batch: 46.2
Epoch 22/100 | Batch 15100/21973 | Loss: 1.1744 | BPB: 1.6943 | LR: 0.000010 | ms/batch: 46.2
Epoch 22/100 | Batch 15200/21973 | Loss: 1.1744 | BPB: 1.6942 | LR: 0.000010 | ms/batch: 46.2
Epoch 22/100 | Batch 15300/21973 | Loss: 1.1744 | BPB: 1.6943 | LR: 0.000010 | ms/batch: 46.2
Epoch 22/100 | Batch 15400/21973 | Loss: 1.1744 | BPB: 1.6942 | LR: 0.000010 | ms/batch: 46.2
Epoch 22/100 | Batch 15500/21973 | Loss: 1.1743 | BPB: 1.6942 | LR: 0.000010 | ms/batch: 46.2
Epoch 22/100 | Batch 15600/21973 | Loss: 1.1743 | BPB: 1.6942 | LR: 0.000010 | ms/batch: 46.2
Epoch 22/100 | Batch 15700/21973 | Loss: 1.1743 | BPB: 1.6942 | LR: 0.000010 | ms/batch: 46.2
Epoch 22/100 | Batch 15800/21973 | Loss: 1.1744 | BPB: 1.6942 | LR: 0.000010 | ms/batch: 46.2
Epoch 22/100 | Batch 15900/21973 | Loss: 1.1744 | BPB: 1.6942 | LR: 0.000010 | ms/batch: 46.2
Epoch 22/100 | Batch 16000/21973 | Loss: 1.1744 | BPB: 1.6942 | LR: 0.000010 | ms/batch: 46.2
Epoch 22/100 | Batch 16100/21973 | Loss: 1.1743 | BPB: 1.6942 | LR: 0.000010 | ms/batch: 46.2
Epoch 22/100 | Batch 16200/21973 | Loss: 1.1743 | BPB: 1.6942 | LR: 0.000010 | ms/batch: 46.2
Epoch 22/100 | Batch 16300/21973 | Loss: 1.1744 | BPB: 1.6942 | LR: 0.000010 | ms/batch: 46.2
Epoch 22/100 | Batch 16400/21973 | Loss: 1.1744 | BPB: 1.6942 | LR: 0.000010 | ms/batch: 46.2
Epoch 22/100 | Batch 16500/21973 | Loss: 1.1744 | BPB: 1.6942 | LR: 0.000010 | ms/batch: 46.2
Epoch 22/100 | Batch 16600/21973 | Loss: 1.1743 | BPB: 1.6942 | LR: 0.000010 | ms/batch: 46.2
Epoch 22/100 | Batch 16700/21973 | Loss: 1.1743 | BPB: 1.6942 | LR: 0.000010 | ms/batch: 46.2
Epoch 22/100 | Batch 16800/21973 | Loss: 1.1743 | BPB: 1.6942 | LR: 0.000010 | ms/batch: 46.2
Epoch 22/100 | Batch 16900/21973 | Loss: 1.1743 | BPB: 1.6942 | LR: 0.000010 | ms/batch: 46.2
Epoch 22/100 | Batch 17000/21973 | Loss: 1.1744 | BPB: 1.6942 | LR: 0.000010 | ms/batch: 46.2
Epoch 22/100 | Batch 17100/21973 | Loss: 1.1744 | BPB: 1.6942 | LR: 0.000010 | ms/batch: 46.2
Epoch 22/100 | Batch 17200/21973 | Loss: 1.1744 | BPB: 1.6942 | LR: 0.000010 | ms/batch: 46.2
Epoch 22/100 | Batch 17300/21973 | Loss: 1.1743 | BPB: 1.6942 | LR: 0.000010 | ms/batch: 46.2
Epoch 22/100 | Batch 17400/21973 | Loss: 1.1743 | BPB: 1.6942 | LR: 0.000010 | ms/batch: 46.2
Epoch 22/100 | Batch 17500/21973 | Loss: 1.1743 | BPB: 1.6942 | LR: 0.000010 | ms/batch: 46.2
Epoch 22/100 | Batch 17600/21973 | Loss: 1.1743 | BPB: 1.6942 | LR: 0.000010 | ms/batch: 46.2
Epoch 22/100 | Batch 17700/21973 | Loss: 1.1743 | BPB: 1.6942 | LR: 0.000010 | ms/batch: 46.2
Epoch 22/100 | Batch 17800/21973 | Loss: 1.1743 | BPB: 1.6942 | LR: 0.000010 | ms/batch: 46.2
Epoch 22/100 | Batch 17900/21973 | Loss: 1.1743 | BPB: 1.6942 | LR: 0.000010 | ms/batch: 46.2
Epoch 22/100 | Batch 18000/21973 | Loss: 1.1743 | BPB: 1.6942 | LR: 0.000010 | ms/batch: 46.2
Epoch 22/100 | Batch 18100/21973 | Loss: 1.1743 | BPB: 1.6942 | LR: 0.000010 | ms/batch: 46.2
Epoch 22/100 | Batch 18200/21973 | Loss: 1.1743 | BPB: 1.6942 | LR: 0.000010 | ms/batch: 46.2
Epoch 22/100 | Batch 18300/21973 | Loss: 1.1743 | BPB: 1.6942 | LR: 0.000010 | ms/batch: 46.2
Epoch 22/100 | Batch 18400/21973 | Loss: 1.1743 | BPB: 1.6942 | LR: 0.000010 | ms/batch: 46.2
Epoch 22/100 | Batch 18500/21973 | Loss: 1.1743 | BPB: 1.6942 | LR: 0.000010 | ms/batch: 46.2
Epoch 22/100 | Batch 18600/21973 | Loss: 1.1743 | BPB: 1.6942 | LR: 0.000010 | ms/batch: 46.2
Epoch 22/100 | Batch 18700/21973 | Loss: 1.1743 | BPB: 1.6942 | LR: 0.000010 | ms/batch: 46.2
Epoch 22/100 | Batch 18800/21973 | Loss: 1.1743 | BPB: 1.6942 | LR: 0.000010 | ms/batch: 46.2
Epoch 22/100 | Batch 18900/21973 | Loss: 1.1743 | BPB: 1.6942 | LR: 0.000010 | ms/batch: 46.2
Epoch 22/100 | Batch 19000/21973 | Loss: 1.1743 | BPB: 1.6942 | LR: 0.000010 | ms/batch: 46.2
Epoch 22/100 | Batch 19100/21973 | Loss: 1.1743 | BPB: 1.6942 | LR: 0.000010 | ms/batch: 46.2
Epoch 22/100 | Batch 19200/21973 | Loss: 1.1743 | BPB: 1.6942 | LR: 0.000010 | ms/batch: 46.2
Epoch 22/100 | Batch 19300/21973 | Loss: 1.1743 | BPB: 1.6942 | LR: 0.000010 | ms/batch: 46.2
Epoch 22/100 | Batch 19400/21973 | Loss: 1.1743 | BPB: 1.6942 | LR: 0.000010 | ms/batch: 46.2
Epoch 22/100 | Batch 19500/21973 | Loss: 1.1743 | BPB: 1.6942 | LR: 0.000010 | ms/batch: 46.2
Epoch 22/100 | Batch 19600/21973 | Loss: 1.1743 | BPB: 1.6942 | LR: 0.000010 | ms/batch: 46.2
Epoch 22/100 | Batch 19700/21973 | Loss: 1.1743 | BPB: 1.6941 | LR: 0.000010 | ms/batch: 46.2
Epoch 22/100 | Batch 19800/21973 | Loss: 1.1743 | BPB: 1.6941 | LR: 0.000010 | ms/batch: 46.2
Epoch 22/100 | Batch 19900/21973 | Loss: 1.1743 | BPB: 1.6941 | LR: 0.000010 | ms/batch: 46.2
Epoch 22/100 | Batch 20000/21973 | Loss: 1.1743 | BPB: 1.6941 | LR: 0.000010 | ms/batch: 46.2
Epoch 22/100 | Batch 20100/21973 | Loss: 1.1743 | BPB: 1.6941 | LR: 0.000010 | ms/batch: 46.2
Epoch 22/100 | Batch 20200/21973 | Loss: 1.1743 | BPB: 1.6941 | LR: 0.000010 | ms/batch: 46.2
Epoch 22/100 | Batch 20300/21973 | Loss: 1.1743 | BPB: 1.6941 | LR: 0.000010 | ms/batch: 46.2
Epoch 22/100 | Batch 20400/21973 | Loss: 1.1743 | BPB: 1.6941 | LR: 0.000010 | ms/batch: 46.2
Epoch 22/100 | Batch 20500/21973 | Loss: 1.1743 | BPB: 1.6941 | LR: 0.000010 | ms/batch: 46.2
Epoch 22/100 | Batch 20600/21973 | Loss: 1.1743 | BPB: 1.6941 | LR: 0.000010 | ms/batch: 46.2
Epoch 22/100 | Batch 20700/21973 | Loss: 1.1743 | BPB: 1.6941 | LR: 0.000010 | ms/batch: 46.2
Epoch 22/100 | Batch 20800/21973 | Loss: 1.1743 | BPB: 1.6941 | LR: 0.000010 | ms/batch: 46.2
Epoch 22/100 | Batch 20900/21973 | Loss: 1.1743 | BPB: 1.6941 | LR: 0.000010 | ms/batch: 46.2
Epoch 22/100 | Batch 21000/21973 | Loss: 1.1743 | BPB: 1.6941 | LR: 0.000010 | ms/batch: 46.2
Epoch 22/100 | Batch 21100/21973 | Loss: 1.1743 | BPB: 1.6941 | LR: 0.000010 | ms/batch: 46.2
Epoch 22/100 | Batch 21200/21973 | Loss: 1.1743 | BPB: 1.6941 | LR: 0.000010 | ms/batch: 46.2
Epoch 22/100 | Batch 21300/21973 | Loss: 1.1743 | BPB: 1.6941 | LR: 0.000010 | ms/batch: 46.2
Epoch 22/100 | Batch 21400/21973 | Loss: 1.1743 | BPB: 1.6941 | LR: 0.000010 | ms/batch: 46.2
Epoch 22/100 | Batch 21500/21973 | Loss: 1.1743 | BPB: 1.6941 | LR: 0.000010 | ms/batch: 46.2
Epoch 22/100 | Batch 21600/21973 | Loss: 1.1743 | BPB: 1.6941 | LR: 0.000010 | ms/batch: 46.2
Epoch 22/100 | Batch 21700/21973 | Loss: 1.1743 | BPB: 1.6941 | LR: 0.000010 | ms/batch: 46.2
Epoch 22/100 | Batch 21800/21973 | Loss: 1.1743 | BPB: 1.6941 | LR: 0.000010 | ms/batch: 46.2
Epoch 22/100 | Batch 21900/21973 | Loss: 1.1743 | BPB: 1.6941 | LR: 0.000010 | ms/batch: 46.2

Epoch 22/100 Summary:
Training Loss: 1.1743 (BPB: 1.6941)
Validation Loss: 0.8784 (BPB: 1.2673)
Best Validation Loss: 0.8784
Learning Rate: 0.000010
Epoch 23/100 | Batch 0/21973 | Loss: 1.1361 | BPB: 1.6391 | LR: 0.000010 | ms/batch: 123.3
Epoch 23/100 | Batch 100/21973 | Loss: 1.1733 | BPB: 1.6927 | LR: 0.000010 | ms/batch: 47.2
Epoch 23/100 | Batch 200/21973 | Loss: 1.1737 | BPB: 1.6933 | LR: 0.000010 | ms/batch: 46.5
Epoch 23/100 | Batch 300/21973 | Loss: 1.1732 | BPB: 1.6926 | LR: 0.000010 | ms/batch: 46.3
Epoch 23/100 | Batch 400/21973 | Loss: 1.1737 | BPB: 1.6933 | LR: 0.000010 | ms/batch: 46.3
Epoch 23/100 | Batch 500/21973 | Loss: 1.1740 | BPB: 1.6937 | LR: 0.000010 | ms/batch: 46.2
Epoch 23/100 | Batch 600/21973 | Loss: 1.1745 | BPB: 1.6945 | LR: 0.000010 | ms/batch: 46.2
Epoch 23/100 | Batch 700/21973 | Loss: 1.1743 | BPB: 1.6942 | LR: 0.000010 | ms/batch: 46.2
Epoch 23/100 | Batch 800/21973 | Loss: 1.1744 | BPB: 1.6943 | LR: 0.000010 | ms/batch: 46.2
Epoch 23/100 | Batch 900/21973 | Loss: 1.1743 | BPB: 1.6942 | LR: 0.000010 | ms/batch: 46.2
Epoch 23/100 | Batch 1000/21973 | Loss: 1.1744 | BPB: 1.6943 | LR: 0.000010 | ms/batch: 46.1
Epoch 23/100 | Batch 1100/21973 | Loss: 1.1744 | BPB: 1.6943 | LR: 0.000010 | ms/batch: 46.2
Epoch 23/100 | Batch 1200/21973 | Loss: 1.1744 | BPB: 1.6943 | LR: 0.000010 | ms/batch: 46.2
Epoch 23/100 | Batch 1300/21973 | Loss: 1.1743 | BPB: 1.6942 | LR: 0.000010 | ms/batch: 46.2
Epoch 23/100 | Batch 1400/21973 | Loss: 1.1742 | BPB: 1.6941 | LR: 0.000010 | ms/batch: 46.1
Epoch 23/100 | Batch 1500/21973 | Loss: 1.1743 | BPB: 1.6941 | LR: 0.000010 | ms/batch: 46.1
Epoch 23/100 | Batch 1600/21973 | Loss: 1.1742 | BPB: 1.6941 | LR: 0.000010 | ms/batch: 46.2
Epoch 23/100 | Batch 1700/21973 | Loss: 1.1742 | BPB: 1.6940 | LR: 0.000010 | ms/batch: 46.1
Epoch 23/100 | Batch 1800/21973 | Loss: 1.1743 | BPB: 1.6941 | LR: 0.000010 | ms/batch: 46.1
Epoch 23/100 | Batch 1900/21973 | Loss: 1.1742 | BPB: 1.6940 | LR: 0.000010 | ms/batch: 46.1
Epoch 23/100 | Batch 2000/21973 | Loss: 1.1742 | BPB: 1.6940 | LR: 0.000010 | ms/batch: 46.1
Epoch 23/100 | Batch 2100/21973 | Loss: 1.1741 | BPB: 1.6939 | LR: 0.000010 | ms/batch: 46.1
Epoch 23/100 | Batch 2200/21973 | Loss: 1.1741 | BPB: 1.6938 | LR: 0.000010 | ms/batch: 46.2
Epoch 23/100 | Batch 2300/21973 | Loss: 1.1741 | BPB: 1.6939 | LR: 0.000010 | ms/batch: 46.2
Epoch 23/100 | Batch 2400/21973 | Loss: 1.1742 | BPB: 1.6940 | LR: 0.000010 | ms/batch: 46.2
Epoch 23/100 | Batch 2500/21973 | Loss: 1.1742 | BPB: 1.6940 | LR: 0.000010 | ms/batch: 46.3
Epoch 23/100 | Batch 2600/21973 | Loss: 1.1743 | BPB: 1.6941 | LR: 0.000010 | ms/batch: 46.3
Epoch 23/100 | Batch 2700/21973 | Loss: 1.1743 | BPB: 1.6942 | LR: 0.000010 | ms/batch: 46.3
Epoch 23/100 | Batch 2800/21973 | Loss: 1.1743 | BPB: 1.6942 | LR: 0.000010 | ms/batch: 46.3
Epoch 23/100 | Batch 2900/21973 | Loss: 1.1743 | BPB: 1.6942 | LR: 0.000010 | ms/batch: 46.3
Epoch 23/100 | Batch 3000/21973 | Loss: 1.1743 | BPB: 1.6941 | LR: 0.000010 | ms/batch: 46.3
Epoch 23/100 | Batch 3100/21973 | Loss: 1.1743 | BPB: 1.6942 | LR: 0.000010 | ms/batch: 46.3
Epoch 23/100 | Batch 3200/21973 | Loss: 1.1743 | BPB: 1.6941 | LR: 0.000010 | ms/batch: 46.3
Epoch 23/100 | Batch 3300/21973 | Loss: 1.1742 | BPB: 1.6941 | LR: 0.000010 | ms/batch: 46.3
Epoch 23/100 | Batch 3400/21973 | Loss: 1.1742 | BPB: 1.6941 | LR: 0.000010 | ms/batch: 46.3
Epoch 23/100 | Batch 3500/21973 | Loss: 1.1742 | BPB: 1.6940 | LR: 0.000010 | ms/batch: 46.3
Epoch 23/100 | Batch 3600/21973 | Loss: 1.1742 | BPB: 1.6940 | LR: 0.000010 | ms/batch: 46.3
Epoch 23/100 | Batch 3700/21973 | Loss: 1.1742 | BPB: 1.6941 | LR: 0.000010 | ms/batch: 46.3
Epoch 23/100 | Batch 3800/21973 | Loss: 1.1743 | BPB: 1.6942 | LR: 0.000010 | ms/batch: 46.3
Epoch 23/100 | Batch 3900/21973 | Loss: 1.1743 | BPB: 1.6942 | LR: 0.000010 | ms/batch: 46.3
Epoch 23/100 | Batch 4000/21973 | Loss: 1.1743 | BPB: 1.6942 | LR: 0.000010 | ms/batch: 46.3
Epoch 23/100 | Batch 4100/21973 | Loss: 1.1744 | BPB: 1.6942 | LR: 0.000010 | ms/batch: 46.3
Epoch 23/100 | Batch 4200/21973 | Loss: 1.1743 | BPB: 1.6942 | LR: 0.000010 | ms/batch: 46.3
Epoch 23/100 | Batch 4300/21973 | Loss: 1.1744 | BPB: 1.6943 | LR: 0.000010 | ms/batch: 46.3
Epoch 23/100 | Batch 4400/21973 | Loss: 1.1744 | BPB: 1.6942 | LR: 0.000010 | ms/batch: 46.3
Epoch 23/100 | Batch 4500/21973 | Loss: 1.1744 | BPB: 1.6943 | LR: 0.000010 | ms/batch: 46.2
Epoch 23/100 | Batch 4600/21973 | Loss: 1.1744 | BPB: 1.6943 | LR: 0.000010 | ms/batch: 46.3
Epoch 23/100 | Batch 4700/21973 | Loss: 1.1744 | BPB: 1.6943 | LR: 0.000010 | ms/batch: 46.2
Epoch 23/100 | Batch 4800/21973 | Loss: 1.1744 | BPB: 1.6944 | LR: 0.000010 | ms/batch: 46.2
Epoch 23/100 | Batch 4900/21973 | Loss: 1.1745 | BPB: 1.6944 | LR: 0.000010 | ms/batch: 46.2
Epoch 23/100 | Batch 5000/21973 | Loss: 1.1745 | BPB: 1.6944 | LR: 0.000010 | ms/batch: 46.2
Epoch 23/100 | Batch 5100/21973 | Loss: 1.1745 | BPB: 1.6944 | LR: 0.000010 | ms/batch: 46.2
Epoch 23/100 | Batch 5200/21973 | Loss: 1.1745 | BPB: 1.6944 | LR: 0.000010 | ms/batch: 46.2
Epoch 23/100 | Batch 5300/21973 | Loss: 1.1744 | BPB: 1.6944 | LR: 0.000010 | ms/batch: 46.2
Epoch 23/100 | Batch 5400/21973 | Loss: 1.1744 | BPB: 1.6944 | LR: 0.000010 | ms/batch: 46.2
Epoch 23/100 | Batch 5500/21973 | Loss: 1.1745 | BPB: 1.6944 | LR: 0.000010 | ms/batch: 46.2
Epoch 23/100 | Batch 5600/21973 | Loss: 1.1745 | BPB: 1.6945 | LR: 0.000010 | ms/batch: 46.2
Epoch 23/100 | Batch 5700/21973 | Loss: 1.1745 | BPB: 1.6945 | LR: 0.000010 | ms/batch: 46.2
Epoch 23/100 | Batch 5800/21973 | Loss: 1.1745 | BPB: 1.6945 | LR: 0.000010 | ms/batch: 46.2
Epoch 23/100 | Batch 5900/21973 | Loss: 1.1745 | BPB: 1.6944 | LR: 0.000010 | ms/batch: 46.2
Epoch 23/100 | Batch 6000/21973 | Loss: 1.1745 | BPB: 1.6944 | LR: 0.000010 | ms/batch: 46.2
Epoch 23/100 | Batch 6100/21973 | Loss: 1.1745 | BPB: 1.6944 | LR: 0.000010 | ms/batch: 46.2
Epoch 23/100 | Batch 6200/21973 | Loss: 1.1744 | BPB: 1.6944 | LR: 0.000010 | ms/batch: 46.2
Epoch 23/100 | Batch 6300/21973 | Loss: 1.1745 | BPB: 1.6944 | LR: 0.000010 | ms/batch: 46.2
Epoch 23/100 | Batch 6400/21973 | Loss: 1.1745 | BPB: 1.6945 | LR: 0.000010 | ms/batch: 46.2
Epoch 23/100 | Batch 6500/21973 | Loss: 1.1745 | BPB: 1.6944 | LR: 0.000010 | ms/batch: 46.2
Epoch 23/100 | Batch 6600/21973 | Loss: 1.1745 | BPB: 1.6944 | LR: 0.000010 | ms/batch: 46.2
Epoch 23/100 | Batch 6700/21973 | Loss: 1.1744 | BPB: 1.6944 | LR: 0.000010 | ms/batch: 46.2
Epoch 23/100 | Batch 6800/21973 | Loss: 1.1745 | BPB: 1.6944 | LR: 0.000010 | ms/batch: 46.2
Epoch 23/100 | Batch 6900/21973 | Loss: 1.1744 | BPB: 1.6944 | LR: 0.000010 | ms/batch: 46.2
Epoch 23/100 | Batch 7000/21973 | Loss: 1.1744 | BPB: 1.6943 | LR: 0.000010 | ms/batch: 46.2
Epoch 23/100 | Batch 7100/21973 | Loss: 1.1744 | BPB: 1.6943 | LR: 0.000010 | ms/batch: 46.2
Epoch 23/100 | Batch 7200/21973 | Loss: 1.1744 | BPB: 1.6942 | LR: 0.000010 | ms/batch: 46.2
Epoch 23/100 | Batch 7300/21973 | Loss: 1.1744 | BPB: 1.6943 | LR: 0.000010 | ms/batch: 46.2
Epoch 23/100 | Batch 7400/21973 | Loss: 1.1744 | BPB: 1.6942 | LR: 0.000010 | ms/batch: 46.2
Epoch 23/100 | Batch 7500/21973 | Loss: 1.1744 | BPB: 1.6942 | LR: 0.000010 | ms/batch: 46.2
Epoch 23/100 | Batch 7600/21973 | Loss: 1.1743 | BPB: 1.6942 | LR: 0.000010 | ms/batch: 46.2
Epoch 23/100 | Batch 7700/21973 | Loss: 1.1743 | BPB: 1.6942 | LR: 0.000010 | ms/batch: 46.2
Epoch 23/100 | Batch 7800/21973 | Loss: 1.1743 | BPB: 1.6942 | LR: 0.000010 | ms/batch: 46.2
Epoch 23/100 | Batch 7900/21973 | Loss: 1.1743 | BPB: 1.6942 | LR: 0.000010 | ms/batch: 46.2
Epoch 23/100 | Batch 8000/21973 | Loss: 1.1744 | BPB: 1.6943 | LR: 0.000010 | ms/batch: 46.2
Epoch 23/100 | Batch 8100/21973 | Loss: 1.1744 | BPB: 1.6943 | LR: 0.000010 | ms/batch: 46.2
Epoch 23/100 | Batch 8200/21973 | Loss: 1.1744 | BPB: 1.6943 | LR: 0.000010 | ms/batch: 46.2
Epoch 23/100 | Batch 8300/21973 | Loss: 1.1744 | BPB: 1.6943 | LR: 0.000010 | ms/batch: 46.2
Epoch 23/100 | Batch 8400/21973 | Loss: 1.1744 | BPB: 1.6943 | LR: 0.000010 | ms/batch: 46.2
Epoch 23/100 | Batch 8500/21973 | Loss: 1.1744 | BPB: 1.6943 | LR: 0.000010 | ms/batch: 46.2
Epoch 23/100 | Batch 8600/21973 | Loss: 1.1744 | BPB: 1.6943 | LR: 0.000010 | ms/batch: 46.2
Epoch 23/100 | Batch 8700/21973 | Loss: 1.1744 | BPB: 1.6943 | LR: 0.000010 | ms/batch: 46.2
Epoch 23/100 | Batch 8800/21973 | Loss: 1.1744 | BPB: 1.6942 | LR: 0.000010 | ms/batch: 46.2
Epoch 23/100 | Batch 8900/21973 | Loss: 1.1744 | BPB: 1.6943 | LR: 0.000010 | ms/batch: 46.2
Epoch 23/100 | Batch 9000/21973 | Loss: 1.1744 | BPB: 1.6943 | LR: 0.000010 | ms/batch: 46.2
Epoch 23/100 | Batch 9100/21973 | Loss: 1.1744 | BPB: 1.6943 | LR: 0.000010 | ms/batch: 46.2
Epoch 23/100 | Batch 9200/21973 | Loss: 1.1744 | BPB: 1.6943 | LR: 0.000010 | ms/batch: 46.2
Epoch 23/100 | Batch 9300/21973 | Loss: 1.1744 | BPB: 1.6944 | LR: 0.000010 | ms/batch: 46.2
Epoch 23/100 | Batch 9400/21973 | Loss: 1.1744 | BPB: 1.6944 | LR: 0.000010 | ms/batch: 46.2
Epoch 23/100 | Batch 9500/21973 | Loss: 1.1744 | BPB: 1.6944 | LR: 0.000010 | ms/batch: 46.2
Epoch 23/100 | Batch 9600/21973 | Loss: 1.1745 | BPB: 1.6944 | LR: 0.000010 | ms/batch: 46.2
Epoch 23/100 | Batch 9700/21973 | Loss: 1.1745 | BPB: 1.6944 | LR: 0.000010 | ms/batch: 46.2
Epoch 23/100 | Batch 9800/21973 | Loss: 1.1745 | BPB: 1.6944 | LR: 0.000010 | ms/batch: 46.2
Epoch 23/100 | Batch 9900/21973 | Loss: 1.1745 | BPB: 1.6944 | LR: 0.000010 | ms/batch: 46.2
Epoch 23/100 | Batch 10000/21973 | Loss: 1.1745 | BPB: 1.6944 | LR: 0.000010 | ms/batch: 46.2
Epoch 23/100 | Batch 10100/21973 | Loss: 1.1745 | BPB: 1.6944 | LR: 0.000010 | ms/batch: 46.2
Epoch 23/100 | Batch 10200/21973 | Loss: 1.1745 | BPB: 1.6944 | LR: 0.000010 | ms/batch: 46.2
Epoch 23/100 | Batch 10300/21973 | Loss: 1.1745 | BPB: 1.6944 | LR: 0.000010 | ms/batch: 46.2
Epoch 23/100 | Batch 10400/21973 | Loss: 1.1744 | BPB: 1.6944 | LR: 0.000010 | ms/batch: 46.2
Epoch 23/100 | Batch 10500/21973 | Loss: 1.1744 | BPB: 1.6944 | LR: 0.000010 | ms/batch: 46.2
Epoch 23/100 | Batch 10600/21973 | Loss: 1.1745 | BPB: 1.6944 | LR: 0.000010 | ms/batch: 46.2
Epoch 23/100 | Batch 10700/21973 | Loss: 1.1745 | BPB: 1.6944 | LR: 0.000010 | ms/batch: 46.2
Epoch 23/100 | Batch 10800/21973 | Loss: 1.1745 | BPB: 1.6944 | LR: 0.000010 | ms/batch: 46.2
Epoch 23/100 | Batch 10900/21973 | Loss: 1.1745 | BPB: 1.6944 | LR: 0.000010 | ms/batch: 46.2
Epoch 23/100 | Batch 11000/21973 | Loss: 1.1744 | BPB: 1.6944 | LR: 0.000010 | ms/batch: 46.1
Epoch 23/100 | Batch 11100/21973 | Loss: 1.1744 | BPB: 1.6944 | LR: 0.000010 | ms/batch: 46.2
Epoch 23/100 | Batch 11200/21973 | Loss: 1.1745 | BPB: 1.6944 | LR: 0.000010 | ms/batch: 46.2
Epoch 23/100 | Batch 11300/21973 | Loss: 1.1745 | BPB: 1.6944 | LR: 0.000010 | ms/batch: 46.2
Epoch 23/100 | Batch 11400/21973 | Loss: 1.1745 | BPB: 1.6944 | LR: 0.000010 | ms/batch: 46.1
Epoch 23/100 | Batch 11500/21973 | Loss: 1.1745 | BPB: 1.6944 | LR: 0.000010 | ms/batch: 46.1
Epoch 23/100 | Batch 11600/21973 | Loss: 1.1744 | BPB: 1.6944 | LR: 0.000010 | ms/batch: 46.2
Epoch 23/100 | Batch 11700/21973 | Loss: 1.1744 | BPB: 1.6944 | LR: 0.000010 | ms/batch: 46.2
Epoch 23/100 | Batch 11800/21973 | Loss: 1.1744 | BPB: 1.6943 | LR: 0.000010 | ms/batch: 46.1
Epoch 23/100 | Batch 11900/21973 | Loss: 1.1744 | BPB: 1.6943 | LR: 0.000010 | ms/batch: 46.1
Epoch 23/100 | Batch 12000/21973 | Loss: 1.1744 | BPB: 1.6943 | LR: 0.000010 | ms/batch: 46.1
Epoch 23/100 | Batch 12100/21973 | Loss: 1.1744 | BPB: 1.6943 | LR: 0.000010 | ms/batch: 46.1
Epoch 23/100 | Batch 12200/21973 | Loss: 1.1744 | BPB: 1.6943 | LR: 0.000010 | ms/batch: 46.1
Epoch 23/100 | Batch 12300/21973 | Loss: 1.1744 | BPB: 1.6943 | LR: 0.000010 | ms/batch: 46.1
Epoch 23/100 | Batch 12400/21973 | Loss: 1.1744 | BPB: 1.6943 | LR: 0.000010 | ms/batch: 46.1
Epoch 23/100 | Batch 12500/21973 | Loss: 1.1744 | BPB: 1.6943 | LR: 0.000010 | ms/batch: 46.1
Epoch 23/100 | Batch 12600/21973 | Loss: 1.1744 | BPB: 1.6943 | LR: 0.000010 | ms/batch: 46.1
Epoch 23/100 | Batch 12700/21973 | Loss: 1.1744 | BPB: 1.6943 | LR: 0.000010 | ms/batch: 46.1
Epoch 23/100 | Batch 12800/21973 | Loss: 1.1744 | BPB: 1.6943 | LR: 0.000010 | ms/batch: 46.1
Epoch 23/100 | Batch 12900/21973 | Loss: 1.1744 | BPB: 1.6943 | LR: 0.000010 | ms/batch: 46.1
Epoch 23/100 | Batch 13000/21973 | Loss: 1.1744 | BPB: 1.6943 | LR: 0.000010 | ms/batch: 46.1
Epoch 23/100 | Batch 13100/21973 | Loss: 1.1744 | BPB: 1.6943 | LR: 0.000010 | ms/batch: 46.1
Epoch 23/100 | Batch 13200/21973 | Loss: 1.1744 | BPB: 1.6942 | LR: 0.000010 | ms/batch: 46.1
Epoch 23/100 | Batch 13300/21973 | Loss: 1.1744 | BPB: 1.6942 | LR: 0.000010 | ms/batch: 46.1
Epoch 23/100 | Batch 13400/21973 | Loss: 1.1743 | BPB: 1.6942 | LR: 0.000010 | ms/batch: 46.1
Epoch 23/100 | Batch 13500/21973 | Loss: 1.1743 | BPB: 1.6942 | LR: 0.000010 | ms/batch: 46.1
Epoch 23/100 | Batch 13600/21973 | Loss: 1.1743 | BPB: 1.6942 | LR: 0.000010 | ms/batch: 46.1
Epoch 23/100 | Batch 13700/21973 | Loss: 1.1743 | BPB: 1.6942 | LR: 0.000010 | ms/batch: 46.1
Epoch 23/100 | Batch 13800/21973 | Loss: 1.1743 | BPB: 1.6942 | LR: 0.000010 | ms/batch: 46.1
Epoch 23/100 | Batch 13900/21973 | Loss: 1.1743 | BPB: 1.6942 | LR: 0.000010 | ms/batch: 46.1
Epoch 23/100 | Batch 14000/21973 | Loss: 1.1743 | BPB: 1.6942 | LR: 0.000010 | ms/batch: 46.1
Epoch 23/100 | Batch 14100/21973 | Loss: 1.1743 | BPB: 1.6942 | LR: 0.000010 | ms/batch: 46.1
Epoch 23/100 | Batch 14200/21973 | Loss: 1.1743 | BPB: 1.6942 | LR: 0.000010 | ms/batch: 46.1
Epoch 23/100 | Batch 14300/21973 | Loss: 1.1743 | BPB: 1.6942 | LR: 0.000010 | ms/batch: 46.1
Epoch 23/100 | Batch 14400/21973 | Loss: 1.1743 | BPB: 1.6942 | LR: 0.000010 | ms/batch: 46.1
Epoch 23/100 | Batch 14500/21973 | Loss: 1.1743 | BPB: 1.6942 | LR: 0.000010 | ms/batch: 46.1
Epoch 23/100 | Batch 14600/21973 | Loss: 1.1743 | BPB: 1.6942 | LR: 0.000010 | ms/batch: 46.1
Epoch 23/100 | Batch 14700/21973 | Loss: 1.1743 | BPB: 1.6941 | LR: 0.000010 | ms/batch: 46.1
Epoch 23/100 | Batch 14800/21973 | Loss: 1.1743 | BPB: 1.6941 | LR: 0.000010 | ms/batch: 46.1
Epoch 23/100 | Batch 14900/21973 | Loss: 1.1743 | BPB: 1.6942 | LR: 0.000010 | ms/batch: 46.1
Epoch 23/100 | Batch 15000/21973 | Loss: 1.1743 | BPB: 1.6942 | LR: 0.000010 | ms/batch: 46.1
Epoch 23/100 | Batch 15100/21973 | Loss: 1.1743 | BPB: 1.6942 | LR: 0.000010 | ms/batch: 46.1
Epoch 23/100 | Batch 15200/21973 | Loss: 1.1743 | BPB: 1.6941 | LR: 0.000010 | ms/batch: 46.1
Epoch 23/100 | Batch 15300/21973 | Loss: 1.1743 | BPB: 1.6941 | LR: 0.000010 | ms/batch: 46.1
Epoch 23/100 | Batch 15400/21973 | Loss: 1.1743 | BPB: 1.6941 | LR: 0.000010 | ms/batch: 46.1
Epoch 23/100 | Batch 15500/21973 | Loss: 1.1743 | BPB: 1.6941 | LR: 0.000010 | ms/batch: 46.1
Epoch 23/100 | Batch 15600/21973 | Loss: 1.1743 | BPB: 1.6941 | LR: 0.000010 | ms/batch: 46.1
Epoch 23/100 | Batch 15700/21973 | Loss: 1.1742 | BPB: 1.6941 | LR: 0.000010 | ms/batch: 46.1
Epoch 23/100 | Batch 15800/21973 | Loss: 1.1742 | BPB: 1.6941 | LR: 0.000010 | ms/batch: 46.1
Epoch 23/100 | Batch 15900/21973 | Loss: 1.1742 | BPB: 1.6941 | LR: 0.000010 | ms/batch: 46.1
Epoch 23/100 | Batch 16000/21973 | Loss: 1.1743 | BPB: 1.6941 | LR: 0.000010 | ms/batch: 46.1
Epoch 23/100 | Batch 16100/21973 | Loss: 1.1742 | BPB: 1.6941 | LR: 0.000010 | ms/batch: 46.1
Epoch 23/100 | Batch 16200/21973 | Loss: 1.1742 | BPB: 1.6940 | LR: 0.000010 | ms/batch: 46.1
Epoch 23/100 | Batch 16300/21973 | Loss: 1.1742 | BPB: 1.6940 | LR: 0.000010 | ms/batch: 46.1
Epoch 23/100 | Batch 16400/21973 | Loss: 1.1742 | BPB: 1.6940 | LR: 0.000010 | ms/batch: 46.1
Epoch 23/100 | Batch 16500/21973 | Loss: 1.1742 | BPB: 1.6940 | LR: 0.000010 | ms/batch: 46.1
Epoch 23/100 | Batch 16600/21973 | Loss: 1.1742 | BPB: 1.6940 | LR: 0.000010 | ms/batch: 46.1
Epoch 23/100 | Batch 16700/21973 | Loss: 1.1742 | BPB: 1.6940 | LR: 0.000010 | ms/batch: 46.1
Epoch 23/100 | Batch 16800/21973 | Loss: 1.1742 | BPB: 1.6940 | LR: 0.000010 | ms/batch: 46.1
Epoch 23/100 | Batch 16900/21973 | Loss: 1.1742 | BPB: 1.6940 | LR: 0.000010 | ms/batch: 46.1
Epoch 23/100 | Batch 17000/21973 | Loss: 1.1742 | BPB: 1.6940 | LR: 0.000010 | ms/batch: 46.1
Epoch 23/100 | Batch 17100/21973 | Loss: 1.1742 | BPB: 1.6940 | LR: 0.000010 | ms/batch: 46.1
Epoch 23/100 | Batch 17200/21973 | Loss: 1.1742 | BPB: 1.6939 | LR: 0.000010 | ms/batch: 46.1
Epoch 23/100 | Batch 17300/21973 | Loss: 1.1741 | BPB: 1.6939 | LR: 0.000010 | ms/batch: 46.1
Epoch 23/100 | Batch 17400/21973 | Loss: 1.1741 | BPB: 1.6939 | LR: 0.000010 | ms/batch: 46.1
Epoch 23/100 | Batch 17500/21973 | Loss: 1.1741 | BPB: 1.6939 | LR: 0.000010 | ms/batch: 46.1
Epoch 23/100 | Batch 17600/21973 | Loss: 1.1741 | BPB: 1.6939 | LR: 0.000010 | ms/batch: 46.1
Epoch 23/100 | Batch 17700/21973 | Loss: 1.1741 | BPB: 1.6939 | LR: 0.000010 | ms/batch: 46.1
Epoch 23/100 | Batch 17800/21973 | Loss: 1.1741 | BPB: 1.6939 | LR: 0.000010 | ms/batch: 46.1
Epoch 23/100 | Batch 17900/21973 | Loss: 1.1741 | BPB: 1.6939 | LR: 0.000010 | ms/batch: 46.1
Epoch 23/100 | Batch 18000/21973 | Loss: 1.1741 | BPB: 1.6939 | LR: 0.000010 | ms/batch: 46.1
Epoch 23/100 | Batch 18100/21973 | Loss: 1.1741 | BPB: 1.6939 | LR: 0.000010 | ms/batch: 46.1
Epoch 23/100 | Batch 18200/21973 | Loss: 1.1742 | BPB: 1.6940 | LR: 0.000010 | ms/batch: 46.1
Epoch 23/100 | Batch 18300/21973 | Loss: 1.1742 | BPB: 1.6940 | LR: 0.000010 | ms/batch: 46.1
Epoch 23/100 | Batch 18400/21973 | Loss: 1.1742 | BPB: 1.6940 | LR: 0.000010 | ms/batch: 46.1
Epoch 23/100 | Batch 18500/21973 | Loss: 1.1741 | BPB: 1.6939 | LR: 0.000010 | ms/batch: 46.1
Epoch 23/100 | Batch 18600/21973 | Loss: 1.1741 | BPB: 1.6939 | LR: 0.000010 | ms/batch: 46.1
Epoch 23/100 | Batch 18700/21973 | Loss: 1.1742 | BPB: 1.6940 | LR: 0.000010 | ms/batch: 46.1
Epoch 23/100 | Batch 18800/21973 | Loss: 1.1742 | BPB: 1.6940 | LR: 0.000010 | ms/batch: 46.1
Epoch 23/100 | Batch 18900/21973 | Loss: 1.1742 | BPB: 1.6940 | LR: 0.000010 | ms/batch: 46.1
Epoch 23/100 | Batch 19000/21973 | Loss: 1.1741 | BPB: 1.6939 | LR: 0.000010 | ms/batch: 46.1
Epoch 23/100 | Batch 19100/21973 | Loss: 1.1741 | BPB: 1.6939 | LR: 0.000010 | ms/batch: 46.1
Epoch 23/100 | Batch 19200/21973 | Loss: 1.1741 | BPB: 1.6939 | LR: 0.000010 | ms/batch: 46.1
Epoch 23/100 | Batch 19300/21973 | Loss: 1.1741 | BPB: 1.6939 | LR: 0.000010 | ms/batch: 46.1
Epoch 23/100 | Batch 19400/21973 | Loss: 1.1741 | BPB: 1.6939 | LR: 0.000010 | ms/batch: 46.1
Epoch 23/100 | Batch 19500/21973 | Loss: 1.1741 | BPB: 1.6939 | LR: 0.000010 | ms/batch: 46.1
Epoch 23/100 | Batch 19600/21973 | Loss: 1.1741 | BPB: 1.6939 | LR: 0.000010 | ms/batch: 46.1
Epoch 23/100 | Batch 19700/21973 | Loss: 1.1741 | BPB: 1.6939 | LR: 0.000010 | ms/batch: 46.1
Epoch 23/100 | Batch 19800/21973 | Loss: 1.1741 | BPB: 1.6939 | LR: 0.000010 | ms/batch: 46.1
Epoch 23/100 | Batch 19900/21973 | Loss: 1.1741 | BPB: 1.6939 | LR: 0.000010 | ms/batch: 46.1
Epoch 23/100 | Batch 20000/21973 | Loss: 1.1741 | BPB: 1.6939 | LR: 0.000010 | ms/batch: 46.1
Epoch 23/100 | Batch 20100/21973 | Loss: 1.1741 | BPB: 1.6938 | LR: 0.000010 | ms/batch: 46.1
Epoch 23/100 | Batch 20200/21973 | Loss: 1.1741 | BPB: 1.6938 | LR: 0.000010 | ms/batch: 46.1
Epoch 23/100 | Batch 20300/21973 | Loss: 1.1741 | BPB: 1.6938 | LR: 0.000010 | ms/batch: 46.1
Epoch 23/100 | Batch 20400/21973 | Loss: 1.1741 | BPB: 1.6938 | LR: 0.000010 | ms/batch: 46.1
Epoch 23/100 | Batch 20500/21973 | Loss: 1.1740 | BPB: 1.6938 | LR: 0.000010 | ms/batch: 46.1
Epoch 23/100 | Batch 20600/21973 | Loss: 1.1740 | BPB: 1.6938 | LR: 0.000010 | ms/batch: 46.1
Epoch 23/100 | Batch 20700/21973 | Loss: 1.1740 | BPB: 1.6938 | LR: 0.000010 | ms/batch: 46.1
Epoch 23/100 | Batch 20800/21973 | Loss: 1.1740 | BPB: 1.6938 | LR: 0.000010 | ms/batch: 46.1
Epoch 23/100 | Batch 20900/21973 | Loss: 1.1740 | BPB: 1.6938 | LR: 0.000010 | ms/batch: 46.1
Epoch 23/100 | Batch 21000/21973 | Loss: 1.1740 | BPB: 1.6938 | LR: 0.000010 | ms/batch: 46.1
Epoch 23/100 | Batch 21100/21973 | Loss: 1.1740 | BPB: 1.6938 | LR: 0.000010 | ms/batch: 46.1
Epoch 23/100 | Batch 21200/21973 | Loss: 1.1740 | BPB: 1.6938 | LR: 0.000010 | ms/batch: 46.1
Epoch 23/100 | Batch 21300/21973 | Loss: 1.1740 | BPB: 1.6938 | LR: 0.000010 | ms/batch: 46.1
Epoch 23/100 | Batch 21400/21973 | Loss: 1.1740 | BPB: 1.6938 | LR: 0.000010 | ms/batch: 46.1
Epoch 23/100 | Batch 21500/21973 | Loss: 1.1740 | BPB: 1.6938 | LR: 0.000010 | ms/batch: 46.1
Epoch 23/100 | Batch 21600/21973 | Loss: 1.1740 | BPB: 1.6938 | LR: 0.000010 | ms/batch: 46.1
Epoch 23/100 | Batch 21700/21973 | Loss: 1.1740 | BPB: 1.6938 | LR: 0.000010 | ms/batch: 46.1
Epoch 23/100 | Batch 21800/21973 | Loss: 1.1740 | BPB: 1.6938 | LR: 0.000010 | ms/batch: 46.1
Epoch 23/100 | Batch 21900/21973 | Loss: 1.1740 | BPB: 1.6937 | LR: 0.000010 | ms/batch: 46.1

Epoch 23/100 Summary:
Training Loss: 1.1740 (BPB: 1.6938)
Validation Loss: 0.8784 (BPB: 1.2672)
Best Validation Loss: 0.8784
Learning Rate: 0.000010
Epoch 24/100 | Batch 0/21973 | Loss: 1.1624 | BPB: 1.6769 | LR: 0.000010 | ms/batch: 123.0
Epoch 24/100 | Batch 100/21973 | Loss: 1.1732 | BPB: 1.6925 | LR: 0.000010 | ms/batch: 47.3
Epoch 24/100 | Batch 200/21973 | Loss: 1.1746 | BPB: 1.6946 | LR: 0.000010 | ms/batch: 46.6
Epoch 24/100 | Batch 300/21973 | Loss: 1.1738 | BPB: 1.6935 | LR: 0.000010 | ms/batch: 46.3
Epoch 24/100 | Batch 400/21973 | Loss: 1.1736 | BPB: 1.6931 | LR: 0.000010 | ms/batch: 46.3
Epoch 24/100 | Batch 500/21973 | Loss: 1.1739 | BPB: 1.6935 | LR: 0.000010 | ms/batch: 46.2
Epoch 24/100 | Batch 600/21973 | Loss: 1.1741 | BPB: 1.6939 | LR: 0.000010 | ms/batch: 46.2
Epoch 24/100 | Batch 700/21973 | Loss: 1.1740 | BPB: 1.6937 | LR: 0.000010 | ms/batch: 46.2
Epoch 24/100 | Batch 800/21973 | Loss: 1.1740 | BPB: 1.6938 | LR: 0.000010 | ms/batch: 46.2
Epoch 24/100 | Batch 900/21973 | Loss: 1.1739 | BPB: 1.6936 | LR: 0.000010 | ms/batch: 46.2
Epoch 24/100 | Batch 1000/21973 | Loss: 1.1738 | BPB: 1.6934 | LR: 0.000010 | ms/batch: 46.2
Epoch 24/100 | Batch 1100/21973 | Loss: 1.1737 | BPB: 1.6933 | LR: 0.000010 | ms/batch: 46.2
Epoch 24/100 | Batch 1200/21973 | Loss: 1.1737 | BPB: 1.6933 | LR: 0.000010 | ms/batch: 46.2
Epoch 24/100 | Batch 1300/21973 | Loss: 1.1738 | BPB: 1.6934 | LR: 0.000010 | ms/batch: 46.2
Epoch 24/100 | Batch 1400/21973 | Loss: 1.1737 | BPB: 1.6933 | LR: 0.000010 | ms/batch: 46.1
Epoch 24/100 | Batch 1500/21973 | Loss: 1.1737 | BPB: 1.6933 | LR: 0.000010 | ms/batch: 46.1
Epoch 24/100 | Batch 1600/21973 | Loss: 1.1736 | BPB: 1.6931 | LR: 0.000010 | ms/batch: 46.2
Epoch 24/100 | Batch 1700/21973 | Loss: 1.1734 | BPB: 1.6929 | LR: 0.000010 | ms/batch: 46.1
Epoch 24/100 | Batch 1800/21973 | Loss: 1.1734 | BPB: 1.6929 | LR: 0.000010 | ms/batch: 46.1
Epoch 24/100 | Batch 1900/21973 | Loss: 1.1733 | BPB: 1.6928 | LR: 0.000010 | ms/batch: 46.1
Epoch 24/100 | Batch 2000/21973 | Loss: 1.1733 | BPB: 1.6927 | LR: 0.000010 | ms/batch: 46.1
Epoch 24/100 | Batch 2100/21973 | Loss: 1.1731 | BPB: 1.6925 | LR: 0.000010 | ms/batch: 46.1
Epoch 24/100 | Batch 2200/21973 | Loss: 1.1732 | BPB: 1.6926 | LR: 0.000010 | ms/batch: 46.1
Epoch 24/100 | Batch 2300/21973 | Loss: 1.1732 | BPB: 1.6926 | LR: 0.000010 | ms/batch: 46.1
Epoch 24/100 | Batch 2400/21973 | Loss: 1.1732 | BPB: 1.6926 | LR: 0.000010 | ms/batch: 46.1
Epoch 24/100 | Batch 2500/21973 | Loss: 1.1733 | BPB: 1.6928 | LR: 0.000010 | ms/batch: 46.1
Epoch 24/100 | Batch 2600/21973 | Loss: 1.1733 | BPB: 1.6928 | LR: 0.000010 | ms/batch: 46.1
Epoch 24/100 | Batch 2700/21973 | Loss: 1.1735 | BPB: 1.6929 | LR: 0.000010 | ms/batch: 46.1
Epoch 24/100 | Batch 2800/21973 | Loss: 1.1734 | BPB: 1.6929 | LR: 0.000010 | ms/batch: 46.1
Epoch 24/100 | Batch 2900/21973 | Loss: 1.1735 | BPB: 1.6930 | LR: 0.000010 | ms/batch: 46.1
Epoch 24/100 | Batch 3000/21973 | Loss: 1.1735 | BPB: 1.6930 | LR: 0.000010 | ms/batch: 46.1
Epoch 24/100 | Batch 3100/21973 | Loss: 1.1736 | BPB: 1.6931 | LR: 0.000010 | ms/batch: 46.1
Epoch 24/100 | Batch 3200/21973 | Loss: 1.1736 | BPB: 1.6931 | LR: 0.000010 | ms/batch: 46.1
Epoch 24/100 | Batch 3300/21973 | Loss: 1.1736 | BPB: 1.6932 | LR: 0.000010 | ms/batch: 46.1
Epoch 24/100 | Batch 3400/21973 | Loss: 1.1736 | BPB: 1.6932 | LR: 0.000010 | ms/batch: 46.1
Epoch 24/100 | Batch 3500/21973 | Loss: 1.1736 | BPB: 1.6932 | LR: 0.000010 | ms/batch: 46.1
Epoch 24/100 | Batch 3600/21973 | Loss: 1.1736 | BPB: 1.6932 | LR: 0.000010 | ms/batch: 46.1
Epoch 24/100 | Batch 3700/21973 | Loss: 1.1737 | BPB: 1.6932 | LR: 0.000010 | ms/batch: 46.1
Epoch 24/100 | Batch 3800/21973 | Loss: 1.1736 | BPB: 1.6931 | LR: 0.000010 | ms/batch: 46.1
Epoch 24/100 | Batch 3900/21973 | Loss: 1.1736 | BPB: 1.6932 | LR: 0.000010 | ms/batch: 46.1
Epoch 24/100 | Batch 4000/21973 | Loss: 1.1736 | BPB: 1.6932 | LR: 0.000010 | ms/batch: 46.1
Epoch 24/100 | Batch 4100/21973 | Loss: 1.1736 | BPB: 1.6931 | LR: 0.000010 | ms/batch: 46.1
Epoch 24/100 | Batch 4200/21973 | Loss: 1.1736 | BPB: 1.6932 | LR: 0.000010 | ms/batch: 46.1
Epoch 24/100 | Batch 4300/21973 | Loss: 1.1736 | BPB: 1.6932 | LR: 0.000010 | ms/batch: 46.1
Epoch 24/100 | Batch 4400/21973 | Loss: 1.1736 | BPB: 1.6932 | LR: 0.000010 | ms/batch: 46.1
Epoch 24/100 | Batch 4500/21973 | Loss: 1.1737 | BPB: 1.6932 | LR: 0.000010 | ms/batch: 46.1
Epoch 24/100 | Batch 4600/21973 | Loss: 1.1736 | BPB: 1.6932 | LR: 0.000010 | ms/batch: 46.1
Epoch 24/100 | Batch 4700/21973 | Loss: 1.1736 | BPB: 1.6932 | LR: 0.000010 | ms/batch: 46.1
Epoch 24/100 | Batch 4800/21973 | Loss: 1.1737 | BPB: 1.6932 | LR: 0.000010 | ms/batch: 46.1
Epoch 24/100 | Batch 4900/21973 | Loss: 1.1736 | BPB: 1.6931 | LR: 0.000010 | ms/batch: 46.1
Epoch 24/100 | Batch 5000/21973 | Loss: 1.1735 | BPB: 1.6931 | LR: 0.000010 | ms/batch: 46.1
Epoch 24/100 | Batch 5100/21973 | Loss: 1.1736 | BPB: 1.6931 | LR: 0.000010 | ms/batch: 46.1
Epoch 24/100 | Batch 5200/21973 | Loss: 1.1736 | BPB: 1.6931 | LR: 0.000010 | ms/batch: 46.1
Epoch 24/100 | Batch 5300/21973 | Loss: 1.1736 | BPB: 1.6931 | LR: 0.000010 | ms/batch: 46.1
Epoch 24/100 | Batch 5400/21973 | Loss: 1.1736 | BPB: 1.6931 | LR: 0.000010 | ms/batch: 46.1
Epoch 24/100 | Batch 5500/21973 | Loss: 1.1735 | BPB: 1.6930 | LR: 0.000010 | ms/batch: 46.1
Epoch 24/100 | Batch 5600/21973 | Loss: 1.1735 | BPB: 1.6931 | LR: 0.000010 | ms/batch: 46.1
Epoch 24/100 | Batch 5700/21973 | Loss: 1.1736 | BPB: 1.6932 | LR: 0.000010 | ms/batch: 46.1
Epoch 24/100 | Batch 5800/21973 | Loss: 1.1736 | BPB: 1.6931 | LR: 0.000010 | ms/batch: 46.1
Epoch 24/100 | Batch 5900/21973 | Loss: 1.1736 | BPB: 1.6931 | LR: 0.000010 | ms/batch: 46.1
Epoch 24/100 | Batch 6000/21973 | Loss: 1.1735 | BPB: 1.6930 | LR: 0.000010 | ms/batch: 46.1
Epoch 24/100 | Batch 6100/21973 | Loss: 1.1735 | BPB: 1.6930 | LR: 0.000010 | ms/batch: 46.1
Epoch 24/100 | Batch 6200/21973 | Loss: 1.1735 | BPB: 1.6930 | LR: 0.000010 | ms/batch: 46.1
Epoch 24/100 | Batch 6300/21973 | Loss: 1.1735 | BPB: 1.6930 | LR: 0.000010 | ms/batch: 46.1
Epoch 24/100 | Batch 6400/21973 | Loss: 1.1734 | BPB: 1.6929 | LR: 0.000010 | ms/batch: 46.1
Epoch 24/100 | Batch 6500/21973 | Loss: 1.1735 | BPB: 1.6929 | LR: 0.000010 | ms/batch: 46.1
Epoch 24/100 | Batch 6600/21973 | Loss: 1.1735 | BPB: 1.6930 | LR: 0.000010 | ms/batch: 46.1
Epoch 24/100 | Batch 6700/21973 | Loss: 1.1734 | BPB: 1.6929 | LR: 0.000010 | ms/batch: 46.1
Epoch 24/100 | Batch 6800/21973 | Loss: 1.1734 | BPB: 1.6929 | LR: 0.000010 | ms/batch: 46.1
Epoch 24/100 | Batch 6900/21973 | Loss: 1.1734 | BPB: 1.6929 | LR: 0.000010 | ms/batch: 46.1
Epoch 24/100 | Batch 7000/21973 | Loss: 1.1734 | BPB: 1.6929 | LR: 0.000010 | ms/batch: 46.1
Epoch 24/100 | Batch 7100/21973 | Loss: 1.1734 | BPB: 1.6928 | LR: 0.000010 | ms/batch: 46.1
Epoch 24/100 | Batch 7200/21973 | Loss: 1.1734 | BPB: 1.6928 | LR: 0.000010 | ms/batch: 46.1
Epoch 24/100 | Batch 7300/21973 | Loss: 1.1733 | BPB: 1.6928 | LR: 0.000010 | ms/batch: 46.1
Epoch 24/100 | Batch 7400/21973 | Loss: 1.1734 | BPB: 1.6928 | LR: 0.000010 | ms/batch: 46.1
Epoch 24/100 | Batch 7500/21973 | Loss: 1.1734 | BPB: 1.6928 | LR: 0.000010 | ms/batch: 46.1
Epoch 24/100 | Batch 7600/21973 | Loss: 1.1734 | BPB: 1.6928 | LR: 0.000010 | ms/batch: 46.1
Epoch 24/100 | Batch 7700/21973 | Loss: 1.1734 | BPB: 1.6928 | LR: 0.000010 | ms/batch: 46.1
Epoch 24/100 | Batch 7800/21973 | Loss: 1.1734 | BPB: 1.6928 | LR: 0.000010 | ms/batch: 46.1
Epoch 24/100 | Batch 7900/21973 | Loss: 1.1734 | BPB: 1.6929 | LR: 0.000010 | ms/batch: 46.1
Epoch 24/100 | Batch 8000/21973 | Loss: 1.1734 | BPB: 1.6929 | LR: 0.000010 | ms/batch: 46.1
Epoch 24/100 | Batch 8100/21973 | Loss: 1.1734 | BPB: 1.6929 | LR: 0.000010 | ms/batch: 46.1
Epoch 24/100 | Batch 8200/21973 | Loss: 1.1734 | BPB: 1.6929 | LR: 0.000010 | ms/batch: 46.1
Epoch 24/100 | Batch 8300/21973 | Loss: 1.1735 | BPB: 1.6929 | LR: 0.000010 | ms/batch: 46.1
Epoch 24/100 | Batch 8400/21973 | Loss: 1.1734 | BPB: 1.6929 | LR: 0.000010 | ms/batch: 46.1
Epoch 24/100 | Batch 8500/21973 | Loss: 1.1735 | BPB: 1.6930 | LR: 0.000010 | ms/batch: 46.1
Epoch 24/100 | Batch 8600/21973 | Loss: 1.1735 | BPB: 1.6931 | LR: 0.000010 | ms/batch: 46.1
Epoch 24/100 | Batch 8700/21973 | Loss: 1.1736 | BPB: 1.6931 | LR: 0.000010 | ms/batch: 46.1
Epoch 24/100 | Batch 8800/21973 | Loss: 1.1735 | BPB: 1.6930 | LR: 0.000010 | ms/batch: 46.1
Epoch 24/100 | Batch 8900/21973 | Loss: 1.1735 | BPB: 1.6930 | LR: 0.000010 | ms/batch: 46.1
Epoch 24/100 | Batch 9000/21973 | Loss: 1.1735 | BPB: 1.6931 | LR: 0.000010 | ms/batch: 46.1
Epoch 24/100 | Batch 9100/21973 | Loss: 1.1735 | BPB: 1.6930 | LR: 0.000010 | ms/batch: 46.1
Epoch 24/100 | Batch 9200/21973 | Loss: 1.1735 | BPB: 1.6930 | LR: 0.000010 | ms/batch: 46.1
Epoch 24/100 | Batch 9300/21973 | Loss: 1.1735 | BPB: 1.6930 | LR: 0.000010 | ms/batch: 46.1
Epoch 24/100 | Batch 9400/21973 | Loss: 1.1735 | BPB: 1.6930 | LR: 0.000010 | ms/batch: 46.1
Epoch 24/100 | Batch 9500/21973 | Loss: 1.1735 | BPB: 1.6930 | LR: 0.000010 | ms/batch: 46.1
Epoch 24/100 | Batch 9600/21973 | Loss: 1.1735 | BPB: 1.6930 | LR: 0.000010 | ms/batch: 46.1
Epoch 24/100 | Batch 9700/21973 | Loss: 1.1735 | BPB: 1.6930 | LR: 0.000010 | ms/batch: 46.1
Epoch 24/100 | Batch 9800/21973 | Loss: 1.1735 | BPB: 1.6930 | LR: 0.000010 | ms/batch: 46.1
Epoch 24/100 | Batch 9900/21973 | Loss: 1.1735 | BPB: 1.6930 | LR: 0.000010 | ms/batch: 46.1
Epoch 24/100 | Batch 10000/21973 | Loss: 1.1735 | BPB: 1.6931 | LR: 0.000010 | ms/batch: 46.1
Epoch 24/100 | Batch 10100/21973 | Loss: 1.1736 | BPB: 1.6931 | LR: 0.000010 | ms/batch: 46.1
Epoch 24/100 | Batch 10200/21973 | Loss: 1.1735 | BPB: 1.6931 | LR: 0.000010 | ms/batch: 46.1
Epoch 24/100 | Batch 10300/21973 | Loss: 1.1735 | BPB: 1.6931 | LR: 0.000010 | ms/batch: 46.1
Epoch 24/100 | Batch 10400/21973 | Loss: 1.1735 | BPB: 1.6930 | LR: 0.000010 | ms/batch: 46.1
Epoch 24/100 | Batch 10500/21973 | Loss: 1.1735 | BPB: 1.6930 | LR: 0.000010 | ms/batch: 46.1
Epoch 24/100 | Batch 10600/21973 | Loss: 1.1735 | BPB: 1.6930 | LR: 0.000010 | ms/batch: 46.1
Epoch 24/100 | Batch 10700/21973 | Loss: 1.1735 | BPB: 1.6930 | LR: 0.000010 | ms/batch: 46.1
Epoch 24/100 | Batch 10800/21973 | Loss: 1.1735 | BPB: 1.6929 | LR: 0.000010 | ms/batch: 46.1
Epoch 24/100 | Batch 10900/21973 | Loss: 1.1734 | BPB: 1.6929 | LR: 0.000010 | ms/batch: 46.1
Epoch 24/100 | Batch 11000/21973 | Loss: 1.1734 | BPB: 1.6929 | LR: 0.000010 | ms/batch: 46.1
Epoch 24/100 | Batch 11100/21973 | Loss: 1.1735 | BPB: 1.6929 | LR: 0.000010 | ms/batch: 46.1
Epoch 24/100 | Batch 11200/21973 | Loss: 1.1735 | BPB: 1.6930 | LR: 0.000010 | ms/batch: 46.1
Epoch 24/100 | Batch 11300/21973 | Loss: 1.1735 | BPB: 1.6930 | LR: 0.000010 | ms/batch: 46.1
Epoch 24/100 | Batch 11400/21973 | Loss: 1.1735 | BPB: 1.6930 | LR: 0.000010 | ms/batch: 46.1
Epoch 24/100 | Batch 11500/21973 | Loss: 1.1735 | BPB: 1.6930 | LR: 0.000010 | ms/batch: 46.1
Epoch 24/100 | Batch 11600/21973 | Loss: 1.1735 | BPB: 1.6930 | LR: 0.000010 | ms/batch: 46.1
Epoch 24/100 | Batch 11700/21973 | Loss: 1.1735 | BPB: 1.6930 | LR: 0.000010 | ms/batch: 46.1
Epoch 24/100 | Batch 11800/21973 | Loss: 1.1735 | BPB: 1.6930 | LR: 0.000010 | ms/batch: 46.1
Epoch 24/100 | Batch 11900/21973 | Loss: 1.1735 | BPB: 1.6930 | LR: 0.000010 | ms/batch: 46.1
Epoch 24/100 | Batch 12000/21973 | Loss: 1.1735 | BPB: 1.6930 | LR: 0.000010 | ms/batch: 46.1
Epoch 24/100 | Batch 12100/21973 | Loss: 1.1735 | BPB: 1.6929 | LR: 0.000010 | ms/batch: 46.1
Epoch 24/100 | Batch 12200/21973 | Loss: 1.1735 | BPB: 1.6930 | LR: 0.000010 | ms/batch: 46.1
Epoch 24/100 | Batch 12300/21973 | Loss: 1.1735 | BPB: 1.6929 | LR: 0.000010 | ms/batch: 46.1
Epoch 24/100 | Batch 12400/21973 | Loss: 1.1735 | BPB: 1.6930 | LR: 0.000010 | ms/batch: 46.1
Epoch 24/100 | Batch 12500/21973 | Loss: 1.1736 | BPB: 1.6931 | LR: 0.000010 | ms/batch: 46.1
Epoch 24/100 | Batch 12600/21973 | Loss: 1.1736 | BPB: 1.6931 | LR: 0.000010 | ms/batch: 46.1
Epoch 24/100 | Batch 12700/21973 | Loss: 1.1736 | BPB: 1.6931 | LR: 0.000010 | ms/batch: 46.1
Epoch 24/100 | Batch 12800/21973 | Loss: 1.1736 | BPB: 1.6931 | LR: 0.000010 | ms/batch: 46.1
Epoch 24/100 | Batch 12900/21973 | Loss: 1.1736 | BPB: 1.6931 | LR: 0.000010 | ms/batch: 46.1
Epoch 24/100 | Batch 13000/21973 | Loss: 1.1736 | BPB: 1.6932 | LR: 0.000010 | ms/batch: 46.1
Epoch 24/100 | Batch 13100/21973 | Loss: 1.1736 | BPB: 1.6932 | LR: 0.000010 | ms/batch: 46.1
Epoch 24/100 | Batch 13200/21973 | Loss: 1.1736 | BPB: 1.6931 | LR: 0.000010 | ms/batch: 46.1
Epoch 24/100 | Batch 13300/21973 | Loss: 1.1736 | BPB: 1.6932 | LR: 0.000010 | ms/batch: 46.1
Epoch 24/100 | Batch 13400/21973 | Loss: 1.1736 | BPB: 1.6932 | LR: 0.000010 | ms/batch: 46.1
Epoch 24/100 | Batch 13500/21973 | Loss: 1.1736 | BPB: 1.6932 | LR: 0.000010 | ms/batch: 46.1
Epoch 24/100 | Batch 13600/21973 | Loss: 1.1736 | BPB: 1.6932 | LR: 0.000010 | ms/batch: 46.1
Epoch 24/100 | Batch 13700/21973 | Loss: 1.1736 | BPB: 1.6932 | LR: 0.000010 | ms/batch: 46.1
Epoch 24/100 | Batch 13800/21973 | Loss: 1.1736 | BPB: 1.6932 | LR: 0.000010 | ms/batch: 46.1
Epoch 24/100 | Batch 13900/21973 | Loss: 1.1736 | BPB: 1.6932 | LR: 0.000010 | ms/batch: 46.1
Epoch 24/100 | Batch 14000/21973 | Loss: 1.1736 | BPB: 1.6932 | LR: 0.000010 | ms/batch: 46.1
Epoch 24/100 | Batch 14100/21973 | Loss: 1.1736 | BPB: 1.6932 | LR: 0.000010 | ms/batch: 46.1
Epoch 24/100 | Batch 14200/21973 | Loss: 1.1736 | BPB: 1.6932 | LR: 0.000010 | ms/batch: 46.1
Epoch 24/100 | Batch 14300/21973 | Loss: 1.1736 | BPB: 1.6932 | LR: 0.000010 | ms/batch: 46.1
Epoch 24/100 | Batch 14400/21973 | Loss: 1.1736 | BPB: 1.6932 | LR: 0.000010 | ms/batch: 46.1
Epoch 24/100 | Batch 14500/21973 | Loss: 1.1737 | BPB: 1.6932 | LR: 0.000010 | ms/batch: 46.1
Epoch 24/100 | Batch 14600/21973 | Loss: 1.1736 | BPB: 1.6932 | LR: 0.000010 | ms/batch: 46.1
Epoch 24/100 | Batch 14700/21973 | Loss: 1.1736 | BPB: 1.6932 | LR: 0.000010 | ms/batch: 46.1
Epoch 24/100 | Batch 14800/21973 | Loss: 1.1736 | BPB: 1.6932 | LR: 0.000010 | ms/batch: 46.1
Epoch 24/100 | Batch 14900/21973 | Loss: 1.1736 | BPB: 1.6932 | LR: 0.000010 | ms/batch: 46.1
Epoch 24/100 | Batch 15000/21973 | Loss: 1.1736 | BPB: 1.6932 | LR: 0.000010 | ms/batch: 46.1
Epoch 24/100 | Batch 15100/21973 | Loss: 1.1736 | BPB: 1.6932 | LR: 0.000010 | ms/batch: 46.1
Epoch 24/100 | Batch 15200/21973 | Loss: 1.1736 | BPB: 1.6932 | LR: 0.000010 | ms/batch: 46.1
Epoch 24/100 | Batch 15300/21973 | Loss: 1.1736 | BPB: 1.6932 | LR: 0.000010 | ms/batch: 46.1
Epoch 24/100 | Batch 15400/21973 | Loss: 1.1736 | BPB: 1.6931 | LR: 0.000010 | ms/batch: 46.1
Epoch 24/100 | Batch 15500/21973 | Loss: 1.1736 | BPB: 1.6931 | LR: 0.000010 | ms/batch: 46.1
Epoch 24/100 | Batch 15600/21973 | Loss: 1.1736 | BPB: 1.6931 | LR: 0.000010 | ms/batch: 46.1
Epoch 24/100 | Batch 15700/21973 | Loss: 1.1736 | BPB: 1.6931 | LR: 0.000010 | ms/batch: 46.1
Epoch 24/100 | Batch 15800/21973 | Loss: 1.1736 | BPB: 1.6931 | LR: 0.000010 | ms/batch: 46.1
Epoch 24/100 | Batch 15900/21973 | Loss: 1.1736 | BPB: 1.6931 | LR: 0.000010 | ms/batch: 46.1
Epoch 24/100 | Batch 16000/21973 | Loss: 1.1736 | BPB: 1.6931 | LR: 0.000010 | ms/batch: 46.1
Epoch 24/100 | Batch 16100/21973 | Loss: 1.1736 | BPB: 1.6931 | LR: 0.000010 | ms/batch: 46.1
Epoch 24/100 | Batch 16200/21973 | Loss: 1.1736 | BPB: 1.6931 | LR: 0.000010 | ms/batch: 46.1
Epoch 24/100 | Batch 16300/21973 | Loss: 1.1736 | BPB: 1.6932 | LR: 0.000010 | ms/batch: 46.1
Epoch 24/100 | Batch 16400/21973 | Loss: 1.1736 | BPB: 1.6931 | LR: 0.000010 | ms/batch: 46.1
Epoch 24/100 | Batch 16500/21973 | Loss: 1.1736 | BPB: 1.6931 | LR: 0.000010 | ms/batch: 46.1
Epoch 24/100 | Batch 16600/21973 | Loss: 1.1736 | BPB: 1.6931 | LR: 0.000010 | ms/batch: 46.1
Epoch 24/100 | Batch 16700/21973 | Loss: 1.1736 | BPB: 1.6931 | LR: 0.000010 | ms/batch: 46.1
Epoch 24/100 | Batch 16800/21973 | Loss: 1.1736 | BPB: 1.6931 | LR: 0.000010 | ms/batch: 46.1
Epoch 24/100 | Batch 16900/21973 | Loss: 1.1736 | BPB: 1.6931 | LR: 0.000010 | ms/batch: 46.1
Epoch 24/100 | Batch 17000/21973 | Loss: 1.1736 | BPB: 1.6931 | LR: 0.000010 | ms/batch: 46.1
Epoch 24/100 | Batch 17100/21973 | Loss: 1.1736 | BPB: 1.6931 | LR: 0.000010 | ms/batch: 46.1
Epoch 24/100 | Batch 17200/21973 | Loss: 1.1736 | BPB: 1.6931 | LR: 0.000010 | ms/batch: 46.1
Epoch 24/100 | Batch 17300/21973 | Loss: 1.1736 | BPB: 1.6931 | LR: 0.000010 | ms/batch: 46.1
Epoch 24/100 | Batch 17400/21973 | Loss: 1.1735 | BPB: 1.6931 | LR: 0.000010 | ms/batch: 46.1
Epoch 24/100 | Batch 17500/21973 | Loss: 1.1735 | BPB: 1.6931 | LR: 0.000010 | ms/batch: 46.1
Epoch 24/100 | Batch 17600/21973 | Loss: 1.1735 | BPB: 1.6931 | LR: 0.000010 | ms/batch: 46.1
Epoch 24/100 | Batch 17700/21973 | Loss: 1.1735 | BPB: 1.6931 | LR: 0.000010 | ms/batch: 46.1
Epoch 24/100 | Batch 17800/21973 | Loss: 1.1735 | BPB: 1.6931 | LR: 0.000010 | ms/batch: 46.1
Epoch 24/100 | Batch 17900/21973 | Loss: 1.1735 | BPB: 1.6931 | LR: 0.000010 | ms/batch: 46.1
Epoch 24/100 | Batch 18000/21973 | Loss: 1.1735 | BPB: 1.6931 | LR: 0.000010 | ms/batch: 46.1
Epoch 24/100 | Batch 18100/21973 | Loss: 1.1735 | BPB: 1.6931 | LR: 0.000010 | ms/batch: 46.1
Epoch 24/100 | Batch 18200/21973 | Loss: 1.1735 | BPB: 1.6931 | LR: 0.000010 | ms/batch: 46.1
Epoch 24/100 | Batch 18300/21973 | Loss: 1.1735 | BPB: 1.6931 | LR: 0.000010 | ms/batch: 46.1
Epoch 24/100 | Batch 18400/21973 | Loss: 1.1735 | BPB: 1.6931 | LR: 0.000010 | ms/batch: 46.1
Epoch 24/100 | Batch 18500/21973 | Loss: 1.1735 | BPB: 1.6931 | LR: 0.000010 | ms/batch: 46.1
Epoch 24/100 | Batch 18600/21973 | Loss: 1.1735 | BPB: 1.6930 | LR: 0.000010 | ms/batch: 46.1
Epoch 24/100 | Batch 18700/21973 | Loss: 1.1735 | BPB: 1.6930 | LR: 0.000010 | ms/batch: 46.1
Epoch 24/100 | Batch 18800/21973 | Loss: 1.1735 | BPB: 1.6930 | LR: 0.000010 | ms/batch: 46.1
Epoch 24/100 | Batch 18900/21973 | Loss: 1.1735 | BPB: 1.6930 | LR: 0.000010 | ms/batch: 46.1
Epoch 24/100 | Batch 19000/21973 | Loss: 1.1735 | BPB: 1.6930 | LR: 0.000010 | ms/batch: 46.1
Epoch 24/100 | Batch 19100/21973 | Loss: 1.1735 | BPB: 1.6930 | LR: 0.000010 | ms/batch: 46.1
Epoch 24/100 | Batch 19200/21973 | Loss: 1.1735 | BPB: 1.6930 | LR: 0.000010 | ms/batch: 46.1
Epoch 24/100 | Batch 19300/21973 | Loss: 1.1735 | BPB: 1.6930 | LR: 0.000010 | ms/batch: 46.1
Epoch 24/100 | Batch 19400/21973 | Loss: 1.1735 | BPB: 1.6930 | LR: 0.000010 | ms/batch: 46.1
Epoch 24/100 | Batch 19500/21973 | Loss: 1.1735 | BPB: 1.6930 | LR: 0.000010 | ms/batch: 46.1
Epoch 24/100 | Batch 19600/21973 | Loss: 1.1735 | BPB: 1.6930 | LR: 0.000010 | ms/batch: 46.1
Epoch 24/100 | Batch 19700/21973 | Loss: 1.1735 | BPB: 1.6930 | LR: 0.000010 | ms/batch: 46.1
Epoch 24/100 | Batch 19800/21973 | Loss: 1.1735 | BPB: 1.6930 | LR: 0.000010 | ms/batch: 46.1
Epoch 24/100 | Batch 19900/21973 | Loss: 1.1735 | BPB: 1.6930 | LR: 0.000010 | ms/batch: 46.1
Epoch 24/100 | Batch 20000/21973 | Loss: 1.1735 | BPB: 1.6930 | LR: 0.000010 | ms/batch: 46.1
Epoch 24/100 | Batch 20100/21973 | Loss: 1.1735 | BPB: 1.6930 | LR: 0.000010 | ms/batch: 46.1
Epoch 24/100 | Batch 20200/21973 | Loss: 1.1735 | BPB: 1.6930 | LR: 0.000010 | ms/batch: 46.1
Epoch 24/100 | Batch 20300/21973 | Loss: 1.1735 | BPB: 1.6930 | LR: 0.000010 | ms/batch: 46.1
Epoch 24/100 | Batch 20400/21973 | Loss: 1.1735 | BPB: 1.6930 | LR: 0.000010 | ms/batch: 46.1
Epoch 24/100 | Batch 20500/21973 | Loss: 1.1735 | BPB: 1.6930 | LR: 0.000010 | ms/batch: 46.1
Epoch 24/100 | Batch 20600/21973 | Loss: 1.1735 | BPB: 1.6930 | LR: 0.000010 | ms/batch: 46.1
Epoch 24/100 | Batch 20700/21973 | Loss: 1.1735 | BPB: 1.6930 | LR: 0.000010 | ms/batch: 46.1
Epoch 24/100 | Batch 20800/21973 | Loss: 1.1735 | BPB: 1.6930 | LR: 0.000010 | ms/batch: 46.1
Epoch 24/100 | Batch 20900/21973 | Loss: 1.1735 | BPB: 1.6930 | LR: 0.000010 | ms/batch: 46.1
Epoch 24/100 | Batch 21000/21973 | Loss: 1.1735 | BPB: 1.6930 | LR: 0.000010 | ms/batch: 46.1
Epoch 24/100 | Batch 21100/21973 | Loss: 1.1735 | BPB: 1.6930 | LR: 0.000010 | ms/batch: 46.1
Epoch 24/100 | Batch 21200/21973 | Loss: 1.1735 | BPB: 1.6930 | LR: 0.000010 | ms/batch: 46.1
Epoch 24/100 | Batch 21300/21973 | Loss: 1.1735 | BPB: 1.6930 | LR: 0.000010 | ms/batch: 46.1
Epoch 24/100 | Batch 21400/21973 | Loss: 1.1735 | BPB: 1.6930 | LR: 0.000010 | ms/batch: 46.1
Epoch 24/100 | Batch 21500/21973 | Loss: 1.1735 | BPB: 1.6930 | LR: 0.000010 | ms/batch: 46.1
Epoch 24/100 | Batch 21600/21973 | Loss: 1.1735 | BPB: 1.6930 | LR: 0.000010 | ms/batch: 46.1
Epoch 24/100 | Batch 21700/21973 | Loss: 1.1735 | BPB: 1.6930 | LR: 0.000010 | ms/batch: 46.1
Epoch 24/100 | Batch 21800/21973 | Loss: 1.1735 | BPB: 1.6930 | LR: 0.000010 | ms/batch: 46.1
Epoch 24/100 | Batch 21900/21973 | Loss: 1.1735 | BPB: 1.6929 | LR: 0.000010 | ms/batch: 46.1

Epoch 24/100 Summary:
Training Loss: 1.1735 (BPB: 1.6929)
Validation Loss: 0.8784 (BPB: 1.2672)
Best Validation Loss: 0.8784
Learning Rate: 0.000010
Epoch 25/100 | Batch 0/21973 | Loss: 1.1879 | BPB: 1.7137 | LR: 0.000010 | ms/batch: 123.7
Epoch 25/100 | Batch 100/21973 | Loss: 1.1725 | BPB: 1.6916 | LR: 0.000010 | ms/batch: 47.2
Epoch 25/100 | Batch 200/21973 | Loss: 1.1740 | BPB: 1.6938 | LR: 0.000010 | ms/batch: 46.6
Epoch 25/100 | Batch 300/21973 | Loss: 1.1737 | BPB: 1.6933 | LR: 0.000010 | ms/batch: 46.3
Epoch 25/100 | Batch 400/21973 | Loss: 1.1734 | BPB: 1.6929 | LR: 0.000010 | ms/batch: 46.3
Epoch 25/100 | Batch 500/21973 | Loss: 1.1733 | BPB: 1.6928 | LR: 0.000010 | ms/batch: 46.2
Epoch 25/100 | Batch 600/21973 | Loss: 1.1730 | BPB: 1.6923 | LR: 0.000010 | ms/batch: 46.2
Epoch 25/100 | Batch 700/21973 | Loss: 1.1728 | BPB: 1.6920 | LR: 0.000010 | ms/batch: 46.2
Epoch 25/100 | Batch 800/21973 | Loss: 1.1730 | BPB: 1.6922 | LR: 0.000010 | ms/batch: 46.2
Epoch 25/100 | Batch 900/21973 | Loss: 1.1730 | BPB: 1.6923 | LR: 0.000010 | ms/batch: 46.2
Epoch 25/100 | Batch 1000/21973 | Loss: 1.1728 | BPB: 1.6920 | LR: 0.000010 | ms/batch: 46.1
Epoch 25/100 | Batch 1100/21973 | Loss: 1.1728 | BPB: 1.6920 | LR: 0.000010 | ms/batch: 46.2
Epoch 25/100 | Batch 1200/21973 | Loss: 1.1729 | BPB: 1.6922 | LR: 0.000010 | ms/batch: 46.2
Epoch 25/100 | Batch 1300/21973 | Loss: 1.1731 | BPB: 1.6924 | LR: 0.000010 | ms/batch: 46.1
Epoch 25/100 | Batch 1400/21973 | Loss: 1.1731 | BPB: 1.6924 | LR: 0.000010 | ms/batch: 46.1
Epoch 25/100 | Batch 1500/21973 | Loss: 1.1732 | BPB: 1.6926 | LR: 0.000010 | ms/batch: 46.1
Epoch 25/100 | Batch 1600/21973 | Loss: 1.1731 | BPB: 1.6925 | LR: 0.000010 | ms/batch: 46.2
Epoch 25/100 | Batch 1700/21973 | Loss: 1.1732 | BPB: 1.6925 | LR: 0.000010 | ms/batch: 46.1
Epoch 25/100 | Batch 1800/21973 | Loss: 1.1730 | BPB: 1.6923 | LR: 0.000010 | ms/batch: 46.1
Epoch 25/100 | Batch 1900/21973 | Loss: 1.1731 | BPB: 1.6925 | LR: 0.000010 | ms/batch: 46.1
Epoch 25/100 | Batch 2000/21973 | Loss: 1.1730 | BPB: 1.6923 | LR: 0.000010 | ms/batch: 46.1
Epoch 25/100 | Batch 2100/21973 | Loss: 1.1731 | BPB: 1.6924 | LR: 0.000010 | ms/batch: 46.1
Epoch 25/100 | Batch 2200/21973 | Loss: 1.1730 | BPB: 1.6923 | LR: 0.000010 | ms/batch: 46.1
Epoch 25/100 | Batch 2300/21973 | Loss: 1.1730 | BPB: 1.6923 | LR: 0.000010 | ms/batch: 46.1
Epoch 25/100 | Batch 2400/21973 | Loss: 1.1730 | BPB: 1.6923 | LR: 0.000010 | ms/batch: 46.1
Epoch 25/100 | Batch 2500/21973 | Loss: 1.1730 | BPB: 1.6923 | LR: 0.000010 | ms/batch: 46.1
Epoch 25/100 | Batch 2600/21973 | Loss: 1.1730 | BPB: 1.6922 | LR: 0.000010 | ms/batch: 46.2
Epoch 25/100 | Batch 2700/21973 | Loss: 1.1730 | BPB: 1.6923 | LR: 0.000010 | ms/batch: 46.2
Epoch 25/100 | Batch 2800/21973 | Loss: 1.1730 | BPB: 1.6923 | LR: 0.000010 | ms/batch: 46.2
Epoch 25/100 | Batch 2900/21973 | Loss: 1.1730 | BPB: 1.6923 | LR: 0.000010 | ms/batch: 46.2
Epoch 25/100 | Batch 3000/21973 | Loss: 1.1730 | BPB: 1.6922 | LR: 0.000010 | ms/batch: 46.1
Epoch 25/100 | Batch 3100/21973 | Loss: 1.1730 | BPB: 1.6923 | LR: 0.000010 | ms/batch: 46.2
Epoch 25/100 | Batch 3200/21973 | Loss: 1.1731 | BPB: 1.6924 | LR: 0.000010 | ms/batch: 46.2
Epoch 25/100 | Batch 3300/21973 | Loss: 1.1731 | BPB: 1.6924 | LR: 0.000010 | ms/batch: 46.2
Epoch 25/100 | Batch 3400/21973 | Loss: 1.1731 | BPB: 1.6925 | LR: 0.000010 | ms/batch: 46.3
Epoch 25/100 | Batch 3500/21973 | Loss: 1.1731 | BPB: 1.6924 | LR: 0.000010 | ms/batch: 46.3
Epoch 25/100 | Batch 3600/21973 | Loss: 1.1731 | BPB: 1.6925 | LR: 0.000010 | ms/batch: 46.3
Epoch 25/100 | Batch 3700/21973 | Loss: 1.1731 | BPB: 1.6924 | LR: 0.000010 | ms/batch: 46.3
Epoch 25/100 | Batch 3800/21973 | Loss: 1.1731 | BPB: 1.6924 | LR: 0.000010 | ms/batch: 46.3
Epoch 25/100 | Batch 3900/21973 | Loss: 1.1731 | BPB: 1.6925 | LR: 0.000010 | ms/batch: 46.3
Epoch 25/100 | Batch 4000/21973 | Loss: 1.1731 | BPB: 1.6924 | LR: 0.000010 | ms/batch: 46.3
Epoch 25/100 | Batch 4100/21973 | Loss: 1.1731 | BPB: 1.6924 | LR: 0.000010 | ms/batch: 46.3
Epoch 25/100 | Batch 4200/21973 | Loss: 1.1732 | BPB: 1.6925 | LR: 0.000010 | ms/batch: 46.3
Epoch 25/100 | Batch 4300/21973 | Loss: 1.1731 | BPB: 1.6925 | LR: 0.000010 | ms/batch: 46.3
Epoch 25/100 | Batch 4400/21973 | Loss: 1.1731 | BPB: 1.6924 | LR: 0.000010 | ms/batch: 46.3
Epoch 25/100 | Batch 4500/21973 | Loss: 1.1731 | BPB: 1.6924 | LR: 0.000010 | ms/batch: 46.3
Epoch 25/100 | Batch 4600/21973 | Loss: 1.1731 | BPB: 1.6924 | LR: 0.000010 | ms/batch: 46.3
Epoch 25/100 | Batch 4700/21973 | Loss: 1.1731 | BPB: 1.6924 | LR: 0.000010 | ms/batch: 46.3
Epoch 25/100 | Batch 4800/21973 | Loss: 1.1731 | BPB: 1.6925 | LR: 0.000010 | ms/batch: 46.3
Epoch 25/100 | Batch 4900/21973 | Loss: 1.1731 | BPB: 1.6925 | LR: 0.000010 | ms/batch: 46.3
Epoch 25/100 | Batch 5000/21973 | Loss: 1.1731 | BPB: 1.6924 | LR: 0.000010 | ms/batch: 46.3
Epoch 25/100 | Batch 5100/21973 | Loss: 1.1731 | BPB: 1.6924 | LR: 0.000010 | ms/batch: 46.3
Epoch 25/100 | Batch 5200/21973 | Loss: 1.1731 | BPB: 1.6925 | LR: 0.000010 | ms/batch: 46.3
Epoch 25/100 | Batch 5300/21973 | Loss: 1.1731 | BPB: 1.6924 | LR: 0.000010 | ms/batch: 46.3
Epoch 25/100 | Batch 5400/21973 | Loss: 1.1731 | BPB: 1.6924 | LR: 0.000010 | ms/batch: 46.3
Epoch 25/100 | Batch 5500/21973 | Loss: 1.1731 | BPB: 1.6924 | LR: 0.000010 | ms/batch: 46.3
Epoch 25/100 | Batch 5600/21973 | Loss: 1.1731 | BPB: 1.6924 | LR: 0.000010 | ms/batch: 46.3
Epoch 25/100 | Batch 5700/21973 | Loss: 1.1731 | BPB: 1.6925 | LR: 0.000010 | ms/batch: 46.3
Epoch 25/100 | Batch 5800/21973 | Loss: 1.1731 | BPB: 1.6925 | LR: 0.000010 | ms/batch: 46.3
Epoch 25/100 | Batch 5900/21973 | Loss: 1.1732 | BPB: 1.6925 | LR: 0.000010 | ms/batch: 46.3
Epoch 25/100 | Batch 6000/21973 | Loss: 1.1732 | BPB: 1.6926 | LR: 0.000010 | ms/batch: 46.3
Epoch 25/100 | Batch 6100/21973 | Loss: 1.1732 | BPB: 1.6926 | LR: 0.000010 | ms/batch: 46.3
Epoch 25/100 | Batch 6200/21973 | Loss: 1.1732 | BPB: 1.6926 | LR: 0.000010 | ms/batch: 46.3
Epoch 25/100 | Batch 6300/21973 | Loss: 1.1732 | BPB: 1.6926 | LR: 0.000010 | ms/batch: 46.3
Epoch 25/100 | Batch 6400/21973 | Loss: 1.1732 | BPB: 1.6926 | LR: 0.000010 | ms/batch: 46.3
Epoch 25/100 | Batch 6500/21973 | Loss: 1.1732 | BPB: 1.6925 | LR: 0.000010 | ms/batch: 46.3
Epoch 25/100 | Batch 6600/21973 | Loss: 1.1731 | BPB: 1.6925 | LR: 0.000010 | ms/batch: 46.3
Epoch 25/100 | Batch 6700/21973 | Loss: 1.1731 | BPB: 1.6924 | LR: 0.000010 | ms/batch: 46.3
Epoch 25/100 | Batch 6800/21973 | Loss: 1.1731 | BPB: 1.6925 | LR: 0.000010 | ms/batch: 46.3
Epoch 25/100 | Batch 6900/21973 | Loss: 1.1731 | BPB: 1.6924 | LR: 0.000010 | ms/batch: 46.3
Epoch 25/100 | Batch 7000/21973 | Loss: 1.1731 | BPB: 1.6924 | LR: 0.000010 | ms/batch: 46.3
Epoch 25/100 | Batch 7100/21973 | Loss: 1.1731 | BPB: 1.6924 | LR: 0.000010 | ms/batch: 46.3
Epoch 25/100 | Batch 7200/21973 | Loss: 1.1731 | BPB: 1.6924 | LR: 0.000010 | ms/batch: 46.3
Epoch 25/100 | Batch 7300/21973 | Loss: 1.1731 | BPB: 1.6924 | LR: 0.000010 | ms/batch: 46.3
Epoch 25/100 | Batch 7400/21973 | Loss: 1.1731 | BPB: 1.6924 | LR: 0.000010 | ms/batch: 46.3
Epoch 25/100 | Batch 7500/21973 | Loss: 1.1731 | BPB: 1.6925 | LR: 0.000010 | ms/batch: 46.3
Epoch 25/100 | Batch 7600/21973 | Loss: 1.1731 | BPB: 1.6924 | LR: 0.000010 | ms/batch: 46.3
Epoch 25/100 | Batch 7700/21973 | Loss: 1.1731 | BPB: 1.6924 | LR: 0.000010 | ms/batch: 46.3
Epoch 25/100 | Batch 7800/21973 | Loss: 1.1731 | BPB: 1.6925 | LR: 0.000010 | ms/batch: 46.3
Epoch 25/100 | Batch 7900/21973 | Loss: 1.1732 | BPB: 1.6925 | LR: 0.000010 | ms/batch: 46.3
Epoch 25/100 | Batch 8000/21973 | Loss: 1.1732 | BPB: 1.6925 | LR: 0.000010 | ms/batch: 46.3
Epoch 25/100 | Batch 8100/21973 | Loss: 1.1731 | BPB: 1.6925 | LR: 0.000010 | ms/batch: 46.3
Epoch 25/100 | Batch 8200/21973 | Loss: 1.1732 | BPB: 1.6925 | LR: 0.000010 | ms/batch: 46.3
Epoch 25/100 | Batch 8300/21973 | Loss: 1.1732 | BPB: 1.6925 | LR: 0.000010 | ms/batch: 46.3
Epoch 25/100 | Batch 8400/21973 | Loss: 1.1732 | BPB: 1.6925 | LR: 0.000010 | ms/batch: 46.3
Epoch 25/100 | Batch 8500/21973 | Loss: 1.1732 | BPB: 1.6926 | LR: 0.000010 | ms/batch: 46.3
Epoch 25/100 | Batch 8600/21973 | Loss: 1.1732 | BPB: 1.6926 | LR: 0.000010 | ms/batch: 46.3
Epoch 25/100 | Batch 8700/21973 | Loss: 1.1732 | BPB: 1.6926 | LR: 0.000010 | ms/batch: 46.3
Epoch 25/100 | Batch 8800/21973 | Loss: 1.1732 | BPB: 1.6926 | LR: 0.000010 | ms/batch: 46.3
Epoch 25/100 | Batch 8900/21973 | Loss: 1.1733 | BPB: 1.6926 | LR: 0.000010 | ms/batch: 46.3
Epoch 25/100 | Batch 9000/21973 | Loss: 1.1732 | BPB: 1.6926 | LR: 0.000010 | ms/batch: 46.3
Epoch 25/100 | Batch 9100/21973 | Loss: 1.1733 | BPB: 1.6927 | LR: 0.000010 | ms/batch: 46.3
Epoch 25/100 | Batch 9200/21973 | Loss: 1.1733 | BPB: 1.6926 | LR: 0.000010 | ms/batch: 46.3
Epoch 25/100 | Batch 9300/21973 | Loss: 1.1732 | BPB: 1.6926 | LR: 0.000010 | ms/batch: 46.3
Epoch 25/100 | Batch 9400/21973 | Loss: 1.1732 | BPB: 1.6926 | LR: 0.000010 | ms/batch: 46.3
Epoch 25/100 | Batch 9500/21973 | Loss: 1.1732 | BPB: 1.6926 | LR: 0.000010 | ms/batch: 46.3
Epoch 25/100 | Batch 9600/21973 | Loss: 1.1732 | BPB: 1.6926 | LR: 0.000010 | ms/batch: 46.3
Epoch 25/100 | Batch 9700/21973 | Loss: 1.1732 | BPB: 1.6926 | LR: 0.000010 | ms/batch: 46.3
Epoch 25/100 | Batch 9800/21973 | Loss: 1.1732 | BPB: 1.6926 | LR: 0.000010 | ms/batch: 46.3
Epoch 25/100 | Batch 9900/21973 | Loss: 1.1732 | BPB: 1.6926 | LR: 0.000010 | ms/batch: 46.3
Epoch 25/100 | Batch 10000/21973 | Loss: 1.1732 | BPB: 1.6926 | LR: 0.000010 | ms/batch: 46.3
Epoch 25/100 | Batch 10100/21973 | Loss: 1.1732 | BPB: 1.6926 | LR: 0.000010 | ms/batch: 46.3
Epoch 25/100 | Batch 10200/21973 | Loss: 1.1732 | BPB: 1.6926 | LR: 0.000010 | ms/batch: 46.3
Epoch 25/100 | Batch 10300/21973 | Loss: 1.1732 | BPB: 1.6926 | LR: 0.000010 | ms/batch: 46.3
Epoch 25/100 | Batch 10400/21973 | Loss: 1.1732 | BPB: 1.6926 | LR: 0.000010 | ms/batch: 46.3
Epoch 25/100 | Batch 10500/21973 | Loss: 1.1732 | BPB: 1.6926 | LR: 0.000010 | ms/batch: 46.3
Epoch 25/100 | Batch 10600/21973 | Loss: 1.1732 | BPB: 1.6926 | LR: 0.000010 | ms/batch: 46.3
Epoch 25/100 | Batch 10700/21973 | Loss: 1.1732 | BPB: 1.6926 | LR: 0.000010 | ms/batch: 46.3
Epoch 25/100 | Batch 10800/21973 | Loss: 1.1732 | BPB: 1.6925 | LR: 0.000010 | ms/batch: 46.3
Epoch 25/100 | Batch 10900/21973 | Loss: 1.1732 | BPB: 1.6926 | LR: 0.000010 | ms/batch: 46.3
Epoch 25/100 | Batch 11000/21973 | Loss: 1.1732 | BPB: 1.6926 | LR: 0.000010 | ms/batch: 46.3
Epoch 25/100 | Batch 11100/21973 | Loss: 1.1732 | BPB: 1.6926 | LR: 0.000010 | ms/batch: 46.3
Epoch 25/100 | Batch 11200/21973 | Loss: 1.1732 | BPB: 1.6926 | LR: 0.000010 | ms/batch: 46.3
Epoch 25/100 | Batch 11300/21973 | Loss: 1.1732 | BPB: 1.6926 | LR: 0.000010 | ms/batch: 46.3
Epoch 25/100 | Batch 11400/21973 | Loss: 1.1732 | BPB: 1.6926 | LR: 0.000010 | ms/batch: 46.3
Epoch 25/100 | Batch 11500/21973 | Loss: 1.1732 | BPB: 1.6926 | LR: 0.000010 | ms/batch: 46.3
Epoch 25/100 | Batch 11600/21973 | Loss: 1.1732 | BPB: 1.6926 | LR: 0.000010 | ms/batch: 46.3
Epoch 25/100 | Batch 11700/21973 | Loss: 1.1732 | BPB: 1.6926 | LR: 0.000010 | ms/batch: 46.3
Epoch 25/100 | Batch 11800/21973 | Loss: 1.1732 | BPB: 1.6926 | LR: 0.000010 | ms/batch: 46.3
Epoch 25/100 | Batch 11900/21973 | Loss: 1.1732 | BPB: 1.6926 | LR: 0.000010 | ms/batch: 46.3
Epoch 25/100 | Batch 12000/21973 | Loss: 1.1733 | BPB: 1.6926 | LR: 0.000010 | ms/batch: 46.3
Epoch 25/100 | Batch 12100/21973 | Loss: 1.1733 | BPB: 1.6927 | LR: 0.000010 | ms/batch: 46.3
Epoch 25/100 | Batch 12200/21973 | Loss: 1.1732 | BPB: 1.6926 | LR: 0.000010 | ms/batch: 46.3
Epoch 25/100 | Batch 12300/21973 | Loss: 1.1733 | BPB: 1.6927 | LR: 0.000010 | ms/batch: 46.3
Epoch 25/100 | Batch 12400/21973 | Loss: 1.1733 | BPB: 1.6927 | LR: 0.000010 | ms/batch: 46.3
Epoch 25/100 | Batch 12500/21973 | Loss: 1.1733 | BPB: 1.6927 | LR: 0.000010 | ms/batch: 46.3
Epoch 25/100 | Batch 12600/21973 | Loss: 1.1732 | BPB: 1.6926 | LR: 0.000010 | ms/batch: 46.3
Epoch 25/100 | Batch 12700/21973 | Loss: 1.1732 | BPB: 1.6926 | LR: 0.000010 | ms/batch: 46.3
Epoch 25/100 | Batch 12800/21973 | Loss: 1.1732 | BPB: 1.6926 | LR: 0.000010 | ms/batch: 46.3
Epoch 25/100 | Batch 12900/21973 | Loss: 1.1732 | BPB: 1.6926 | LR: 0.000010 | ms/batch: 46.3
Epoch 25/100 | Batch 13000/21973 | Loss: 1.1732 | BPB: 1.6926 | LR: 0.000010 | ms/batch: 46.3
Epoch 25/100 | Batch 13100/21973 | Loss: 1.1732 | BPB: 1.6926 | LR: 0.000010 | ms/batch: 46.3
Epoch 25/100 | Batch 13200/21973 | Loss: 1.1732 | BPB: 1.6926 | LR: 0.000010 | ms/batch: 46.3
Epoch 25/100 | Batch 13300/21973 | Loss: 1.1732 | BPB: 1.6925 | LR: 0.000010 | ms/batch: 46.3
Epoch 25/100 | Batch 13400/21973 | Loss: 1.1732 | BPB: 1.6925 | LR: 0.000010 | ms/batch: 46.3
Epoch 25/100 | Batch 13500/21973 | Loss: 1.1732 | BPB: 1.6925 | LR: 0.000010 | ms/batch: 46.3
Epoch 25/100 | Batch 13600/21973 | Loss: 1.1732 | BPB: 1.6925 | LR: 0.000010 | ms/batch: 46.3
Epoch 25/100 | Batch 13700/21973 | Loss: 1.1732 | BPB: 1.6925 | LR: 0.000010 | ms/batch: 46.3
Epoch 25/100 | Batch 13800/21973 | Loss: 1.1732 | BPB: 1.6926 | LR: 0.000010 | ms/batch: 46.3
Epoch 25/100 | Batch 13900/21973 | Loss: 1.1732 | BPB: 1.6926 | LR: 0.000010 | ms/batch: 46.3
Epoch 25/100 | Batch 14000/21973 | Loss: 1.1732 | BPB: 1.6926 | LR: 0.000010 | ms/batch: 46.3
Epoch 25/100 | Batch 14100/21973 | Loss: 1.1732 | BPB: 1.6925 | LR: 0.000010 | ms/batch: 46.3
Epoch 25/100 | Batch 14200/21973 | Loss: 1.1732 | BPB: 1.6925 | LR: 0.000010 | ms/batch: 46.3
Epoch 25/100 | Batch 14300/21973 | Loss: 1.1732 | BPB: 1.6925 | LR: 0.000010 | ms/batch: 46.3
Epoch 25/100 | Batch 14400/21973 | Loss: 1.1732 | BPB: 1.6925 | LR: 0.000010 | ms/batch: 46.3
Epoch 25/100 | Batch 14500/21973 | Loss: 1.1731 | BPB: 1.6925 | LR: 0.000010 | ms/batch: 46.3
Epoch 25/100 | Batch 14600/21973 | Loss: 1.1731 | BPB: 1.6925 | LR: 0.000010 | ms/batch: 46.3
Epoch 25/100 | Batch 14700/21973 | Loss: 1.1731 | BPB: 1.6925 | LR: 0.000010 | ms/batch: 46.3
Epoch 25/100 | Batch 14800/21973 | Loss: 1.1732 | BPB: 1.6925 | LR: 0.000010 | ms/batch: 46.3
Epoch 25/100 | Batch 14900/21973 | Loss: 1.1732 | BPB: 1.6925 | LR: 0.000010 | ms/batch: 46.3
Epoch 25/100 | Batch 15000/21973 | Loss: 1.1732 | BPB: 1.6925 | LR: 0.000010 | ms/batch: 46.3
Epoch 25/100 | Batch 15100/21973 | Loss: 1.1731 | BPB: 1.6925 | LR: 0.000010 | ms/batch: 46.3
Epoch 25/100 | Batch 15200/21973 | Loss: 1.1731 | BPB: 1.6925 | LR: 0.000010 | ms/batch: 46.3
Epoch 25/100 | Batch 15300/21973 | Loss: 1.1731 | BPB: 1.6925 | LR: 0.000010 | ms/batch: 46.3
Epoch 25/100 | Batch 15400/21973 | Loss: 1.1731 | BPB: 1.6925 | LR: 0.000010 | ms/batch: 46.3
Epoch 25/100 | Batch 15500/21973 | Loss: 1.1731 | BPB: 1.6925 | LR: 0.000010 | ms/batch: 46.3
Epoch 25/100 | Batch 15600/21973 | Loss: 1.1731 | BPB: 1.6925 | LR: 0.000010 | ms/batch: 46.3
Epoch 25/100 | Batch 15700/21973 | Loss: 1.1731 | BPB: 1.6924 | LR: 0.000010 | ms/batch: 46.3
Epoch 25/100 | Batch 15800/21973 | Loss: 1.1731 | BPB: 1.6924 | LR: 0.000010 | ms/batch: 46.3
Epoch 25/100 | Batch 15900/21973 | Loss: 1.1731 | BPB: 1.6924 | LR: 0.000010 | ms/batch: 46.3
Epoch 25/100 | Batch 16000/21973 | Loss: 1.1731 | BPB: 1.6924 | LR: 0.000010 | ms/batch: 46.3
Epoch 25/100 | Batch 16100/21973 | Loss: 1.1731 | BPB: 1.6924 | LR: 0.000010 | ms/batch: 46.3
Epoch 25/100 | Batch 16200/21973 | Loss: 1.1731 | BPB: 1.6924 | LR: 0.000010 | ms/batch: 46.3
Epoch 25/100 | Batch 16300/21973 | Loss: 1.1731 | BPB: 1.6924 | LR: 0.000010 | ms/batch: 46.3
Epoch 25/100 | Batch 16400/21973 | Loss: 1.1731 | BPB: 1.6924 | LR: 0.000010 | ms/batch: 46.3
Epoch 25/100 | Batch 16500/21973 | Loss: 1.1731 | BPB: 1.6924 | LR: 0.000010 | ms/batch: 46.3
Epoch 25/100 | Batch 16600/21973 | Loss: 1.1731 | BPB: 1.6924 | LR: 0.000010 | ms/batch: 46.3
Epoch 25/100 | Batch 16700/21973 | Loss: 1.1731 | BPB: 1.6924 | LR: 0.000010 | ms/batch: 46.3
Epoch 25/100 | Batch 16800/21973 | Loss: 1.1731 | BPB: 1.6924 | LR: 0.000010 | ms/batch: 46.3
Epoch 25/100 | Batch 16900/21973 | Loss: 1.1731 | BPB: 1.6924 | LR: 0.000010 | ms/batch: 46.3
Epoch 25/100 | Batch 17000/21973 | Loss: 1.1731 | BPB: 1.6924 | LR: 0.000010 | ms/batch: 46.3
Epoch 25/100 | Batch 17100/21973 | Loss: 1.1731 | BPB: 1.6924 | LR: 0.000010 | ms/batch: 46.3
Epoch 25/100 | Batch 17200/21973 | Loss: 1.1731 | BPB: 1.6924 | LR: 0.000010 | ms/batch: 46.3
Epoch 25/100 | Batch 17300/21973 | Loss: 1.1731 | BPB: 1.6924 | LR: 0.000010 | ms/batch: 46.3
Epoch 25/100 | Batch 17400/21973 | Loss: 1.1731 | BPB: 1.6924 | LR: 0.000010 | ms/batch: 46.3
Epoch 25/100 | Batch 17500/21973 | Loss: 1.1731 | BPB: 1.6924 | LR: 0.000010 | ms/batch: 46.3
Epoch 25/100 | Batch 17600/21973 | Loss: 1.1731 | BPB: 1.6924 | LR: 0.000010 | ms/batch: 46.3
Epoch 25/100 | Batch 17700/21973 | Loss: 1.1731 | BPB: 1.6924 | LR: 0.000010 | ms/batch: 46.3
Epoch 25/100 | Batch 17800/21973 | Loss: 1.1731 | BPB: 1.6924 | LR: 0.000010 | ms/batch: 46.3
Epoch 25/100 | Batch 17900/21973 | Loss: 1.1731 | BPB: 1.6924 | LR: 0.000010 | ms/batch: 46.3
Epoch 25/100 | Batch 18000/21973 | Loss: 1.1731 | BPB: 1.6924 | LR: 0.000010 | ms/batch: 46.3
Epoch 25/100 | Batch 18100/21973 | Loss: 1.1731 | BPB: 1.6924 | LR: 0.000010 | ms/batch: 46.3
Epoch 25/100 | Batch 18200/21973 | Loss: 1.1731 | BPB: 1.6924 | LR: 0.000010 | ms/batch: 46.3
Epoch 25/100 | Batch 18300/21973 | Loss: 1.1731 | BPB: 1.6924 | LR: 0.000010 | ms/batch: 46.3
Epoch 25/100 | Batch 18400/21973 | Loss: 1.1731 | BPB: 1.6924 | LR: 0.000010 | ms/batch: 46.3
Epoch 25/100 | Batch 18500/21973 | Loss: 1.1731 | BPB: 1.6924 | LR: 0.000010 | ms/batch: 46.3
Epoch 25/100 | Batch 18600/21973 | Loss: 1.1731 | BPB: 1.6924 | LR: 0.000010 | ms/batch: 46.3
Epoch 25/100 | Batch 18700/21973 | Loss: 1.1731 | BPB: 1.6924 | LR: 0.000010 | ms/batch: 46.3
Epoch 25/100 | Batch 18800/21973 | Loss: 1.1730 | BPB: 1.6923 | LR: 0.000010 | ms/batch: 46.3
Epoch 25/100 | Batch 18900/21973 | Loss: 1.1730 | BPB: 1.6923 | LR: 0.000010 | ms/batch: 46.3
Epoch 25/100 | Batch 19000/21973 | Loss: 1.1730 | BPB: 1.6923 | LR: 0.000010 | ms/batch: 46.3
Epoch 25/100 | Batch 19100/21973 | Loss: 1.1730 | BPB: 1.6923 | LR: 0.000010 | ms/batch: 46.3
Epoch 25/100 | Batch 19200/21973 | Loss: 1.1730 | BPB: 1.6923 | LR: 0.000010 | ms/batch: 46.3
Epoch 25/100 | Batch 19300/21973 | Loss: 1.1730 | BPB: 1.6923 | LR: 0.000010 | ms/batch: 46.3
Epoch 25/100 | Batch 19400/21973 | Loss: 1.1730 | BPB: 1.6923 | LR: 0.000010 | ms/batch: 46.3
Epoch 25/100 | Batch 19500/21973 | Loss: 1.1730 | BPB: 1.6923 | LR: 0.000010 | ms/batch: 46.3
Epoch 25/100 | Batch 19600/21973 | Loss: 1.1730 | BPB: 1.6924 | LR: 0.000010 | ms/batch: 46.3
Epoch 25/100 | Batch 19700/21973 | Loss: 1.1731 | BPB: 1.6924 | LR: 0.000010 | ms/batch: 46.3
Epoch 25/100 | Batch 19800/21973 | Loss: 1.1731 | BPB: 1.6924 | LR: 0.000010 | ms/batch: 46.3
Epoch 25/100 | Batch 19900/21973 | Loss: 1.1731 | BPB: 1.6924 | LR: 0.000010 | ms/batch: 46.3
Epoch 25/100 | Batch 20000/21973 | Loss: 1.1731 | BPB: 1.6924 | LR: 0.000010 | ms/batch: 46.3
Epoch 25/100 | Batch 20100/21973 | Loss: 1.1731 | BPB: 1.6924 | LR: 0.000010 | ms/batch: 46.3
Epoch 25/100 | Batch 20200/21973 | Loss: 1.1731 | BPB: 1.6924 | LR: 0.000010 | ms/batch: 46.3
Epoch 25/100 | Batch 20300/21973 | Loss: 1.1731 | BPB: 1.6924 | LR: 0.000010 | ms/batch: 46.3
Epoch 25/100 | Batch 20400/21973 | Loss: 1.1730 | BPB: 1.6923 | LR: 0.000010 | ms/batch: 46.3
Epoch 25/100 | Batch 20500/21973 | Loss: 1.1731 | BPB: 1.6924 | LR: 0.000010 | ms/batch: 46.3
Epoch 25/100 | Batch 20600/21973 | Loss: 1.1731 | BPB: 1.6924 | LR: 0.000010 | ms/batch: 46.3
Epoch 25/100 | Batch 20700/21973 | Loss: 1.1731 | BPB: 1.6924 | LR: 0.000010 | ms/batch: 46.3
Epoch 25/100 | Batch 20800/21973 | Loss: 1.1731 | BPB: 1.6924 | LR: 0.000010 | ms/batch: 46.3
Epoch 25/100 | Batch 20900/21973 | Loss: 1.1731 | BPB: 1.6924 | LR: 0.000010 | ms/batch: 46.3
Epoch 25/100 | Batch 21000/21973 | Loss: 1.1731 | BPB: 1.6924 | LR: 0.000010 | ms/batch: 46.3
Epoch 25/100 | Batch 21100/21973 | Loss: 1.1731 | BPB: 1.6924 | LR: 0.000010 | ms/batch: 46.3
Epoch 25/100 | Batch 21200/21973 | Loss: 1.1731 | BPB: 1.6924 | LR: 0.000010 | ms/batch: 46.3
Epoch 25/100 | Batch 21300/21973 | Loss: 1.1731 | BPB: 1.6924 | LR: 0.000010 | ms/batch: 46.3
Epoch 25/100 | Batch 21400/21973 | Loss: 1.1731 | BPB: 1.6924 | LR: 0.000010 | ms/batch: 46.3
Epoch 25/100 | Batch 21500/21973 | Loss: 1.1730 | BPB: 1.6923 | LR: 0.000010 | ms/batch: 46.3
Epoch 25/100 | Batch 21600/21973 | Loss: 1.1731 | BPB: 1.6924 | LR: 0.000010 | ms/batch: 46.3
Epoch 25/100 | Batch 21700/21973 | Loss: 1.1731 | BPB: 1.6924 | LR: 0.000010 | ms/batch: 46.3
Epoch 25/100 | Batch 21800/21973 | Loss: 1.1730 | BPB: 1.6923 | LR: 0.000010 | ms/batch: 46.3
Epoch 25/100 | Batch 21900/21973 | Loss: 1.1730 | BPB: 1.6923 | LR: 0.000010 | ms/batch: 46.3

Epoch 25/100 Summary:
Training Loss: 1.1730 (BPB: 1.6923)
Validation Loss: 0.8783 (BPB: 1.2672)
Best Validation Loss: 0.8783
Learning Rate: 0.000010
Epoch 26/100 | Batch 0/21973 | Loss: 1.1773 | BPB: 1.6985 | LR: 0.000010 | ms/batch: 126.0
Epoch 26/100 | Batch 100/21973 | Loss: 1.1741 | BPB: 1.6939 | LR: 0.000010 | ms/batch: 47.5
Epoch 26/100 | Batch 200/21973 | Loss: 1.1725 | BPB: 1.6915 | LR: 0.000010 | ms/batch: 46.8
Epoch 26/100 | Batch 300/21973 | Loss: 1.1728 | BPB: 1.6920 | LR: 0.000010 | ms/batch: 46.5
Epoch 26/100 | Batch 400/21973 | Loss: 1.1724 | BPB: 1.6915 | LR: 0.000010 | ms/batch: 46.4
Epoch 26/100 | Batch 500/21973 | Loss: 1.1719 | BPB: 1.6906 | LR: 0.000010 | ms/batch: 46.4
Epoch 26/100 | Batch 600/21973 | Loss: 1.1722 | BPB: 1.6912 | LR: 0.000010 | ms/batch: 46.4
Epoch 26/100 | Batch 700/21973 | Loss: 1.1725 | BPB: 1.6916 | LR: 0.000010 | ms/batch: 46.4
Epoch 26/100 | Batch 800/21973 | Loss: 1.1729 | BPB: 1.6921 | LR: 0.000010 | ms/batch: 46.4
Epoch 26/100 | Batch 900/21973 | Loss: 1.1728 | BPB: 1.6920 | LR: 0.000010 | ms/batch: 46.3
Epoch 26/100 | Batch 1000/21973 | Loss: 1.1728 | BPB: 1.6920 | LR: 0.000010 | ms/batch: 46.3
Epoch 26/100 | Batch 1100/21973 | Loss: 1.1728 | BPB: 1.6920 | LR: 0.000010 | ms/batch: 46.3
Epoch 26/100 | Batch 1200/21973 | Loss: 1.1727 | BPB: 1.6919 | LR: 0.000010 | ms/batch: 46.3
Epoch 26/100 | Batch 1300/21973 | Loss: 1.1728 | BPB: 1.6920 | LR: 0.000010 | ms/batch: 46.3
Epoch 26/100 | Batch 1400/21973 | Loss: 1.1727 | BPB: 1.6918 | LR: 0.000010 | ms/batch: 46.2
Epoch 26/100 | Batch 1500/21973 | Loss: 1.1726 | BPB: 1.6917 | LR: 0.000010 | ms/batch: 46.2
Epoch 26/100 | Batch 1600/21973 | Loss: 1.1726 | BPB: 1.6918 | LR: 0.000010 | ms/batch: 46.2
Epoch 26/100 | Batch 1700/21973 | Loss: 1.1726 | BPB: 1.6917 | LR: 0.000010 | ms/batch: 46.2
Epoch 26/100 | Batch 1800/21973 | Loss: 1.1726 | BPB: 1.6917 | LR: 0.000010 | ms/batch: 46.2
Epoch 26/100 | Batch 1900/21973 | Loss: 1.1726 | BPB: 1.6917 | LR: 0.000010 | ms/batch: 46.2
Epoch 26/100 | Batch 2000/21973 | Loss: 1.1727 | BPB: 1.6919 | LR: 0.000010 | ms/batch: 46.2
Epoch 26/100 | Batch 2100/21973 | Loss: 1.1728 | BPB: 1.6920 | LR: 0.000010 | ms/batch: 46.2
Epoch 26/100 | Batch 2200/21973 | Loss: 1.1729 | BPB: 1.6921 | LR: 0.000010 | ms/batch: 46.2
Epoch 26/100 | Batch 2300/21973 | Loss: 1.1729 | BPB: 1.6921 | LR: 0.000010 | ms/batch: 46.2
Epoch 26/100 | Batch 2400/21973 | Loss: 1.1729 | BPB: 1.6922 | LR: 0.000010 | ms/batch: 46.2
Epoch 26/100 | Batch 2500/21973 | Loss: 1.1729 | BPB: 1.6922 | LR: 0.000010 | ms/batch: 46.2
Epoch 26/100 | Batch 2600/21973 | Loss: 1.1729 | BPB: 1.6922 | LR: 0.000010 | ms/batch: 46.2
Epoch 26/100 | Batch 2700/21973 | Loss: 1.1729 | BPB: 1.6922 | LR: 0.000010 | ms/batch: 46.2
Epoch 26/100 | Batch 2800/21973 | Loss: 1.1729 | BPB: 1.6922 | LR: 0.000010 | ms/batch: 46.2
Epoch 26/100 | Batch 2900/21973 | Loss: 1.1729 | BPB: 1.6921 | LR: 0.000010 | ms/batch: 46.2
Epoch 26/100 | Batch 3000/21973 | Loss: 1.1729 | BPB: 1.6921 | LR: 0.000010 | ms/batch: 46.2
Epoch 26/100 | Batch 3100/21973 | Loss: 1.1729 | BPB: 1.6921 | LR: 0.000010 | ms/batch: 46.2
Epoch 26/100 | Batch 3200/21973 | Loss: 1.1729 | BPB: 1.6921 | LR: 0.000010 | ms/batch: 46.2
Epoch 26/100 | Batch 3300/21973 | Loss: 1.1729 | BPB: 1.6921 | LR: 0.000010 | ms/batch: 46.2
Epoch 26/100 | Batch 3400/21973 | Loss: 1.1728 | BPB: 1.6919 | LR: 0.000010 | ms/batch: 46.1
Epoch 26/100 | Batch 3500/21973 | Loss: 1.1727 | BPB: 1.6919 | LR: 0.000010 | ms/batch: 46.1
Epoch 26/100 | Batch 3600/21973 | Loss: 1.1728 | BPB: 1.6920 | LR: 0.000010 | ms/batch: 46.2
Epoch 26/100 | Batch 3700/21973 | Loss: 1.1728 | BPB: 1.6920 | LR: 0.000010 | ms/batch: 46.1
Epoch 26/100 | Batch 3800/21973 | Loss: 1.1729 | BPB: 1.6921 | LR: 0.000010 | ms/batch: 46.1
Epoch 26/100 | Batch 3900/21973 | Loss: 1.1728 | BPB: 1.6920 | LR: 0.000010 | ms/batch: 46.1
Epoch 26/100 | Batch 4000/21973 | Loss: 1.1729 | BPB: 1.6921 | LR: 0.000010 | ms/batch: 46.1
Epoch 26/100 | Batch 4100/21973 | Loss: 1.1728 | BPB: 1.6920 | LR: 0.000010 | ms/batch: 46.1
Epoch 26/100 | Batch 4200/21973 | Loss: 1.1728 | BPB: 1.6920 | LR: 0.000010 | ms/batch: 46.1
Epoch 26/100 | Batch 4300/21973 | Loss: 1.1728 | BPB: 1.6919 | LR: 0.000010 | ms/batch: 46.1
Epoch 26/100 | Batch 4400/21973 | Loss: 1.1728 | BPB: 1.6920 | LR: 0.000010 | ms/batch: 46.1
Epoch 26/100 | Batch 4500/21973 | Loss: 1.1728 | BPB: 1.6920 | LR: 0.000010 | ms/batch: 46.1
Epoch 26/100 | Batch 4600/21973 | Loss: 1.1728 | BPB: 1.6920 | LR: 0.000010 | ms/batch: 46.1
Epoch 26/100 | Batch 4700/21973 | Loss: 1.1728 | BPB: 1.6920 | LR: 0.000010 | ms/batch: 46.1
Epoch 26/100 | Batch 4800/21973 | Loss: 1.1728 | BPB: 1.6921 | LR: 0.000010 | ms/batch: 46.1
Epoch 26/100 | Batch 4900/21973 | Loss: 1.1728 | BPB: 1.6920 | LR: 0.000010 | ms/batch: 46.1
Epoch 26/100 | Batch 5000/21973 | Loss: 1.1728 | BPB: 1.6919 | LR: 0.000010 | ms/batch: 46.1
Epoch 26/100 | Batch 5100/21973 | Loss: 1.1728 | BPB: 1.6920 | LR: 0.000010 | ms/batch: 46.1
Epoch 26/100 | Batch 5200/21973 | Loss: 1.1728 | BPB: 1.6920 | LR: 0.000010 | ms/batch: 46.1
Epoch 26/100 | Batch 5300/21973 | Loss: 1.1728 | BPB: 1.6920 | LR: 0.000010 | ms/batch: 46.1
Epoch 26/100 | Batch 5400/21973 | Loss: 1.1728 | BPB: 1.6920 | LR: 0.000010 | ms/batch: 46.1
Epoch 26/100 | Batch 5500/21973 | Loss: 1.1728 | BPB: 1.6920 | LR: 0.000010 | ms/batch: 46.1
Epoch 26/100 | Batch 5600/21973 | Loss: 1.1728 | BPB: 1.6920 | LR: 0.000010 | ms/batch: 46.1
Epoch 26/100 | Batch 5700/21973 | Loss: 1.1728 | BPB: 1.6920 | LR: 0.000010 | ms/batch: 46.1
Epoch 26/100 | Batch 5800/21973 | Loss: 1.1728 | BPB: 1.6920 | LR: 0.000010 | ms/batch: 46.1
Epoch 26/100 | Batch 5900/21973 | Loss: 1.1728 | BPB: 1.6920 | LR: 0.000010 | ms/batch: 46.1
Epoch 26/100 | Batch 6000/21973 | Loss: 1.1728 | BPB: 1.6919 | LR: 0.000010 | ms/batch: 46.1
Epoch 26/100 | Batch 6100/21973 | Loss: 1.1727 | BPB: 1.6919 | LR: 0.000010 | ms/batch: 46.1
Epoch 26/100 | Batch 6200/21973 | Loss: 1.1727 | BPB: 1.6919 | LR: 0.000010 | ms/batch: 46.1
Epoch 26/100 | Batch 6300/21973 | Loss: 1.1727 | BPB: 1.6919 | LR: 0.000010 | ms/batch: 46.1
Epoch 26/100 | Batch 6400/21973 | Loss: 1.1727 | BPB: 1.6919 | LR: 0.000010 | ms/batch: 46.1
Epoch 26/100 | Batch 6500/21973 | Loss: 1.1727 | BPB: 1.6918 | LR: 0.000010 | ms/batch: 46.1
Epoch 26/100 | Batch 6600/21973 | Loss: 1.1727 | BPB: 1.6918 | LR: 0.000010 | ms/batch: 46.1
Epoch 26/100 | Batch 6700/21973 | Loss: 1.1727 | BPB: 1.6918 | LR: 0.000010 | ms/batch: 46.1
Epoch 26/100 | Batch 6800/21973 | Loss: 1.1727 | BPB: 1.6918 | LR: 0.000010 | ms/batch: 46.1
Epoch 26/100 | Batch 6900/21973 | Loss: 1.1727 | BPB: 1.6919 | LR: 0.000010 | ms/batch: 46.1
Epoch 26/100 | Batch 7000/21973 | Loss: 1.1727 | BPB: 1.6918 | LR: 0.000010 | ms/batch: 46.1
Epoch 26/100 | Batch 7100/21973 | Loss: 1.1727 | BPB: 1.6919 | LR: 0.000010 | ms/batch: 46.1
Epoch 26/100 | Batch 7200/21973 | Loss: 1.1727 | BPB: 1.6919 | LR: 0.000010 | ms/batch: 46.1
Epoch 26/100 | Batch 7300/21973 | Loss: 1.1727 | BPB: 1.6919 | LR: 0.000010 | ms/batch: 46.1
Epoch 26/100 | Batch 7400/21973 | Loss: 1.1727 | BPB: 1.6918 | LR: 0.000010 | ms/batch: 46.1
Epoch 26/100 | Batch 7500/21973 | Loss: 1.1727 | BPB: 1.6918 | LR: 0.000010 | ms/batch: 46.1
Epoch 26/100 | Batch 7600/21973 | Loss: 1.1727 | BPB: 1.6918 | LR: 0.000010 | ms/batch: 46.1
Epoch 26/100 | Batch 7700/21973 | Loss: 1.1727 | BPB: 1.6918 | LR: 0.000010 | ms/batch: 46.1
Epoch 26/100 | Batch 7800/21973 | Loss: 1.1727 | BPB: 1.6919 | LR: 0.000010 | ms/batch: 46.1
Epoch 26/100 | Batch 7900/21973 | Loss: 1.1727 | BPB: 1.6919 | LR: 0.000010 | ms/batch: 46.1
Epoch 26/100 | Batch 8000/21973 | Loss: 1.1727 | BPB: 1.6919 | LR: 0.000010 | ms/batch: 46.1
Epoch 26/100 | Batch 8100/21973 | Loss: 1.1727 | BPB: 1.6918 | LR: 0.000010 | ms/batch: 46.1
Epoch 26/100 | Batch 8200/21973 | Loss: 1.1727 | BPB: 1.6918 | LR: 0.000010 | ms/batch: 46.1
Epoch 26/100 | Batch 8300/21973 | Loss: 1.1727 | BPB: 1.6919 | LR: 0.000010 | ms/batch: 46.1
Epoch 26/100 | Batch 8400/21973 | Loss: 1.1727 | BPB: 1.6918 | LR: 0.000010 | ms/batch: 46.1
Epoch 26/100 | Batch 8500/21973 | Loss: 1.1727 | BPB: 1.6918 | LR: 0.000010 | ms/batch: 46.1
Epoch 26/100 | Batch 8600/21973 | Loss: 1.1727 | BPB: 1.6918 | LR: 0.000010 | ms/batch: 46.1
Epoch 26/100 | Batch 8700/21973 | Loss: 1.1727 | BPB: 1.6918 | LR: 0.000010 | ms/batch: 46.1
Epoch 26/100 | Batch 8800/21973 | Loss: 1.1727 | BPB: 1.6918 | LR: 0.000010 | ms/batch: 46.1
Epoch 26/100 | Batch 8900/21973 | Loss: 1.1727 | BPB: 1.6918 | LR: 0.000010 | ms/batch: 46.1
Epoch 26/100 | Batch 9000/21973 | Loss: 1.1727 | BPB: 1.6918 | LR: 0.000010 | ms/batch: 46.1
Epoch 26/100 | Batch 9100/21973 | Loss: 1.1727 | BPB: 1.6918 | LR: 0.000010 | ms/batch: 46.1
Epoch 26/100 | Batch 9200/21973 | Loss: 1.1727 | BPB: 1.6918 | LR: 0.000010 | ms/batch: 46.1
Epoch 26/100 | Batch 9300/21973 | Loss: 1.1727 | BPB: 1.6918 | LR: 0.000010 | ms/batch: 46.1
Epoch 26/100 | Batch 9400/21973 | Loss: 1.1726 | BPB: 1.6917 | LR: 0.000010 | ms/batch: 46.1
Epoch 26/100 | Batch 9500/21973 | Loss: 1.1726 | BPB: 1.6918 | LR: 0.000010 | ms/batch: 46.1
Epoch 26/100 | Batch 9600/21973 | Loss: 1.1726 | BPB: 1.6917 | LR: 0.000010 | ms/batch: 46.1
Epoch 26/100 | Batch 9700/21973 | Loss: 1.1726 | BPB: 1.6917 | LR: 0.000010 | ms/batch: 46.1
Epoch 26/100 | Batch 9800/21973 | Loss: 1.1726 | BPB: 1.6917 | LR: 0.000010 | ms/batch: 46.1
Epoch 26/100 | Batch 9900/21973 | Loss: 1.1726 | BPB: 1.6917 | LR: 0.000010 | ms/batch: 46.1
Epoch 26/100 | Batch 10000/21973 | Loss: 1.1727 | BPB: 1.6918 | LR: 0.000010 | ms/batch: 46.1
Epoch 26/100 | Batch 10100/21973 | Loss: 1.1726 | BPB: 1.6918 | LR: 0.000010 | ms/batch: 46.1
Epoch 26/100 | Batch 10200/21973 | Loss: 1.1726 | BPB: 1.6917 | LR: 0.000010 | ms/batch: 46.1
Epoch 26/100 | Batch 10300/21973 | Loss: 1.1726 | BPB: 1.6917 | LR: 0.000010 | ms/batch: 46.1
Epoch 26/100 | Batch 10400/21973 | Loss: 1.1726 | BPB: 1.6917 | LR: 0.000010 | ms/batch: 46.1
Epoch 26/100 | Batch 10500/21973 | Loss: 1.1726 | BPB: 1.6917 | LR: 0.000010 | ms/batch: 46.1
Epoch 26/100 | Batch 10600/21973 | Loss: 1.1726 | BPB: 1.6917 | LR: 0.000010 | ms/batch: 46.1
Epoch 26/100 | Batch 10700/21973 | Loss: 1.1726 | BPB: 1.6918 | LR: 0.000010 | ms/batch: 46.1
Epoch 26/100 | Batch 10800/21973 | Loss: 1.1726 | BPB: 1.6918 | LR: 0.000010 | ms/batch: 46.1
Epoch 26/100 | Batch 10900/21973 | Loss: 1.1727 | BPB: 1.6918 | LR: 0.000010 | ms/batch: 46.1
Epoch 26/100 | Batch 11000/21973 | Loss: 1.1727 | BPB: 1.6918 | LR: 0.000010 | ms/batch: 46.1
Epoch 26/100 | Batch 11100/21973 | Loss: 1.1727 | BPB: 1.6918 | LR: 0.000010 | ms/batch: 46.1
Epoch 26/100 | Batch 11200/21973 | Loss: 1.1727 | BPB: 1.6918 | LR: 0.000010 | ms/batch: 46.1
Epoch 26/100 | Batch 11300/21973 | Loss: 1.1727 | BPB: 1.6918 | LR: 0.000010 | ms/batch: 46.1
Epoch 26/100 | Batch 11400/21973 | Loss: 1.1727 | BPB: 1.6918 | LR: 0.000010 | ms/batch: 46.1
Epoch 26/100 | Batch 11500/21973 | Loss: 1.1727 | BPB: 1.6918 | LR: 0.000010 | ms/batch: 46.1
Epoch 26/100 | Batch 11600/21973 | Loss: 1.1727 | BPB: 1.6918 | LR: 0.000010 | ms/batch: 46.1
Epoch 26/100 | Batch 11700/21973 | Loss: 1.1727 | BPB: 1.6918 | LR: 0.000010 | ms/batch: 46.1
Epoch 26/100 | Batch 11800/21973 | Loss: 1.1727 | BPB: 1.6918 | LR: 0.000010 | ms/batch: 46.1
Epoch 26/100 | Batch 11900/21973 | Loss: 1.1727 | BPB: 1.6918 | LR: 0.000010 | ms/batch: 46.1
Epoch 26/100 | Batch 12000/21973 | Loss: 1.1727 | BPB: 1.6918 | LR: 0.000010 | ms/batch: 46.1
Epoch 26/100 | Batch 12100/21973 | Loss: 1.1727 | BPB: 1.6918 | LR: 0.000010 | ms/batch: 46.1
Epoch 26/100 | Batch 12200/21973 | Loss: 1.1727 | BPB: 1.6918 | LR: 0.000010 | ms/batch: 46.1
Epoch 26/100 | Batch 12300/21973 | Loss: 1.1727 | BPB: 1.6918 | LR: 0.000010 | ms/batch: 46.1
Epoch 26/100 | Batch 12400/21973 | Loss: 1.1727 | BPB: 1.6918 | LR: 0.000010 | ms/batch: 46.1
Epoch 26/100 | Batch 12500/21973 | Loss: 1.1727 | BPB: 1.6918 | LR: 0.000010 | ms/batch: 46.1
Epoch 26/100 | Batch 12600/21973 | Loss: 1.1727 | BPB: 1.6919 | LR: 0.000010 | ms/batch: 46.1
Epoch 26/100 | Batch 12700/21973 | Loss: 1.1727 | BPB: 1.6919 | LR: 0.000010 | ms/batch: 46.1
Epoch 26/100 | Batch 12800/21973 | Loss: 1.1727 | BPB: 1.6919 | LR: 0.000010 | ms/batch: 46.1
Epoch 26/100 | Batch 12900/21973 | Loss: 1.1727 | BPB: 1.6919 | LR: 0.000010 | ms/batch: 46.1
Epoch 26/100 | Batch 13000/21973 | Loss: 1.1727 | BPB: 1.6919 | LR: 0.000010 | ms/batch: 46.1
Epoch 26/100 | Batch 13100/21973 | Loss: 1.1728 | BPB: 1.6919 | LR: 0.000010 | ms/batch: 46.1
Epoch 26/100 | Batch 13200/21973 | Loss: 1.1727 | BPB: 1.6919 | LR: 0.000010 | ms/batch: 46.1
Epoch 26/100 | Batch 13300/21973 | Loss: 1.1727 | BPB: 1.6919 | LR: 0.000010 | ms/batch: 46.1
Epoch 26/100 | Batch 13400/21973 | Loss: 1.1728 | BPB: 1.6919 | LR: 0.000010 | ms/batch: 46.1
Epoch 26/100 | Batch 13500/21973 | Loss: 1.1727 | BPB: 1.6919 | LR: 0.000010 | ms/batch: 46.1
Epoch 26/100 | Batch 13600/21973 | Loss: 1.1728 | BPB: 1.6919 | LR: 0.000010 | ms/batch: 46.1
Epoch 26/100 | Batch 13700/21973 | Loss: 1.1727 | BPB: 1.6919 | LR: 0.000010 | ms/batch: 46.1
Epoch 26/100 | Batch 13800/21973 | Loss: 1.1727 | BPB: 1.6919 | LR: 0.000010 | ms/batch: 46.1
Epoch 26/100 | Batch 13900/21973 | Loss: 1.1727 | BPB: 1.6919 | LR: 0.000010 | ms/batch: 46.1
Epoch 26/100 | Batch 14000/21973 | Loss: 1.1727 | BPB: 1.6919 | LR: 0.000010 | ms/batch: 46.1
Epoch 26/100 | Batch 14100/21973 | Loss: 1.1727 | BPB: 1.6919 | LR: 0.000010 | ms/batch: 46.1
Epoch 26/100 | Batch 14200/21973 | Loss: 1.1727 | BPB: 1.6919 | LR: 0.000010 | ms/batch: 46.1
Epoch 26/100 | Batch 14300/21973 | Loss: 1.1727 | BPB: 1.6919 | LR: 0.000010 | ms/batch: 46.1
Epoch 26/100 | Batch 14400/21973 | Loss: 1.1727 | BPB: 1.6919 | LR: 0.000010 | ms/batch: 46.1
Epoch 26/100 | Batch 14500/21973 | Loss: 1.1727 | BPB: 1.6919 | LR: 0.000010 | ms/batch: 46.1
Epoch 26/100 | Batch 14600/21973 | Loss: 1.1727 | BPB: 1.6919 | LR: 0.000010 | ms/batch: 46.1
Epoch 26/100 | Batch 14700/21973 | Loss: 1.1727 | BPB: 1.6919 | LR: 0.000010 | ms/batch: 46.1
Epoch 26/100 | Batch 14800/21973 | Loss: 1.1727 | BPB: 1.6919 | LR: 0.000010 | ms/batch: 46.1
Epoch 26/100 | Batch 14900/21973 | Loss: 1.1727 | BPB: 1.6918 | LR: 0.000010 | ms/batch: 46.1
Epoch 26/100 | Batch 15000/21973 | Loss: 1.1727 | BPB: 1.6918 | LR: 0.000010 | ms/batch: 46.1
Epoch 26/100 | Batch 15100/21973 | Loss: 1.1727 | BPB: 1.6918 | LR: 0.000010 | ms/batch: 46.1
Epoch 26/100 | Batch 15200/21973 | Loss: 1.1727 | BPB: 1.6918 | LR: 0.000010 | ms/batch: 46.1
Epoch 26/100 | Batch 15300/21973 | Loss: 1.1727 | BPB: 1.6918 | LR: 0.000010 | ms/batch: 46.1
Epoch 26/100 | Batch 15400/21973 | Loss: 1.1727 | BPB: 1.6918 | LR: 0.000010 | ms/batch: 46.1
Epoch 26/100 | Batch 15500/21973 | Loss: 1.1727 | BPB: 1.6918 | LR: 0.000010 | ms/batch: 46.1
Epoch 26/100 | Batch 15600/21973 | Loss: 1.1727 | BPB: 1.6918 | LR: 0.000010 | ms/batch: 46.1
Epoch 26/100 | Batch 15700/21973 | Loss: 1.1727 | BPB: 1.6918 | LR: 0.000010 | ms/batch: 46.1
Epoch 26/100 | Batch 15800/21973 | Loss: 1.1727 | BPB: 1.6918 | LR: 0.000010 | ms/batch: 46.1
Epoch 26/100 | Batch 15900/21973 | Loss: 1.1727 | BPB: 1.6918 | LR: 0.000010 | ms/batch: 46.1
Epoch 26/100 | Batch 16000/21973 | Loss: 1.1727 | BPB: 1.6918 | LR: 0.000010 | ms/batch: 46.1
Epoch 26/100 | Batch 16100/21973 | Loss: 1.1727 | BPB: 1.6918 | LR: 0.000010 | ms/batch: 46.1
Epoch 26/100 | Batch 16200/21973 | Loss: 1.1726 | BPB: 1.6918 | LR: 0.000010 | ms/batch: 46.1
Epoch 26/100 | Batch 16300/21973 | Loss: 1.1726 | BPB: 1.6917 | LR: 0.000010 | ms/batch: 46.1
Epoch 26/100 | Batch 16400/21973 | Loss: 1.1726 | BPB: 1.6917 | LR: 0.000010 | ms/batch: 46.1
Epoch 26/100 | Batch 16500/21973 | Loss: 1.1726 | BPB: 1.6917 | LR: 0.000010 | ms/batch: 46.1
Epoch 26/100 | Batch 16600/21973 | Loss: 1.1726 | BPB: 1.6917 | LR: 0.000010 | ms/batch: 46.1
Epoch 26/100 | Batch 16700/21973 | Loss: 1.1726 | BPB: 1.6917 | LR: 0.000010 | ms/batch: 46.1
Epoch 26/100 | Batch 16800/21973 | Loss: 1.1726 | BPB: 1.6917 | LR: 0.000010 | ms/batch: 46.1
Epoch 26/100 | Batch 16900/21973 | Loss: 1.1726 | BPB: 1.6917 | LR: 0.000010 | ms/batch: 46.1
Epoch 26/100 | Batch 17000/21973 | Loss: 1.1726 | BPB: 1.6917 | LR: 0.000010 | ms/batch: 46.1
Epoch 26/100 | Batch 17100/21973 | Loss: 1.1726 | BPB: 1.6917 | LR: 0.000010 | ms/batch: 46.1
Epoch 26/100 | Batch 17200/21973 | Loss: 1.1726 | BPB: 1.6916 | LR: 0.000010 | ms/batch: 46.1
Epoch 26/100 | Batch 17300/21973 | Loss: 1.1725 | BPB: 1.6916 | LR: 0.000010 | ms/batch: 46.1
Epoch 26/100 | Batch 17400/21973 | Loss: 1.1725 | BPB: 1.6916 | LR: 0.000010 | ms/batch: 46.1
Epoch 26/100 | Batch 17500/21973 | Loss: 1.1725 | BPB: 1.6916 | LR: 0.000010 | ms/batch: 46.1
Epoch 26/100 | Batch 17600/21973 | Loss: 1.1725 | BPB: 1.6916 | LR: 0.000010 | ms/batch: 46.1
Epoch 26/100 | Batch 17700/21973 | Loss: 1.1725 | BPB: 1.6916 | LR: 0.000010 | ms/batch: 46.1
Epoch 26/100 | Batch 17800/21973 | Loss: 1.1725 | BPB: 1.6916 | LR: 0.000010 | ms/batch: 46.1
Epoch 26/100 | Batch 17900/21973 | Loss: 1.1725 | BPB: 1.6916 | LR: 0.000010 | ms/batch: 46.1
Epoch 26/100 | Batch 18000/21973 | Loss: 1.1725 | BPB: 1.6916 | LR: 0.000010 | ms/batch: 46.1
Epoch 26/100 | Batch 18100/21973 | Loss: 1.1725 | BPB: 1.6916 | LR: 0.000010 | ms/batch: 46.1
Epoch 26/100 | Batch 18200/21973 | Loss: 1.1726 | BPB: 1.6916 | LR: 0.000010 | ms/batch: 46.1
Epoch 26/100 | Batch 18300/21973 | Loss: 1.1726 | BPB: 1.6917 | LR: 0.000010 | ms/batch: 46.1
Epoch 26/100 | Batch 18400/21973 | Loss: 1.1726 | BPB: 1.6917 | LR: 0.000010 | ms/batch: 46.1
Epoch 26/100 | Batch 18500/21973 | Loss: 1.1726 | BPB: 1.6917 | LR: 0.000010 | ms/batch: 46.1
Epoch 26/100 | Batch 18600/21973 | Loss: 1.1726 | BPB: 1.6917 | LR: 0.000010 | ms/batch: 46.1
Epoch 26/100 | Batch 18700/21973 | Loss: 1.1726 | BPB: 1.6917 | LR: 0.000010 | ms/batch: 46.1
Epoch 26/100 | Batch 18800/21973 | Loss: 1.1726 | BPB: 1.6917 | LR: 0.000010 | ms/batch: 46.1
Epoch 26/100 | Batch 18900/21973 | Loss: 1.1726 | BPB: 1.6917 | LR: 0.000010 | ms/batch: 46.1
Epoch 26/100 | Batch 19000/21973 | Loss: 1.1726 | BPB: 1.6917 | LR: 0.000010 | ms/batch: 46.1
Epoch 26/100 | Batch 19100/21973 | Loss: 1.1726 | BPB: 1.6917 | LR: 0.000010 | ms/batch: 46.1
Epoch 26/100 | Batch 19200/21973 | Loss: 1.1726 | BPB: 1.6917 | LR: 0.000010 | ms/batch: 46.1
Epoch 26/100 | Batch 19300/21973 | Loss: 1.1726 | BPB: 1.6917 | LR: 0.000010 | ms/batch: 46.1
Epoch 26/100 | Batch 19400/21973 | Loss: 1.1726 | BPB: 1.6917 | LR: 0.000010 | ms/batch: 46.1
Epoch 26/100 | Batch 19500/21973 | Loss: 1.1726 | BPB: 1.6917 | LR: 0.000010 | ms/batch: 46.1
Epoch 26/100 | Batch 19600/21973 | Loss: 1.1726 | BPB: 1.6917 | LR: 0.000010 | ms/batch: 46.1
Epoch 26/100 | Batch 19700/21973 | Loss: 1.1726 | BPB: 1.6917 | LR: 0.000010 | ms/batch: 46.1
Epoch 26/100 | Batch 19800/21973 | Loss: 1.1726 | BPB: 1.6916 | LR: 0.000010 | ms/batch: 46.1
Epoch 26/100 | Batch 19900/21973 | Loss: 1.1725 | BPB: 1.6916 | LR: 0.000010 | ms/batch: 46.1
Epoch 26/100 | Batch 20000/21973 | Loss: 1.1725 | BPB: 1.6916 | LR: 0.000010 | ms/batch: 46.1
Epoch 26/100 | Batch 20100/21973 | Loss: 1.1725 | BPB: 1.6916 | LR: 0.000010 | ms/batch: 46.1
Epoch 26/100 | Batch 20200/21973 | Loss: 1.1725 | BPB: 1.6916 | LR: 0.000010 | ms/batch: 46.1
Epoch 26/100 | Batch 20300/21973 | Loss: 1.1725 | BPB: 1.6916 | LR: 0.000010 | ms/batch: 46.1
Epoch 26/100 | Batch 20400/21973 | Loss: 1.1725 | BPB: 1.6916 | LR: 0.000010 | ms/batch: 46.1
Epoch 26/100 | Batch 20500/21973 | Loss: 1.1726 | BPB: 1.6916 | LR: 0.000010 | ms/batch: 46.1
Epoch 26/100 | Batch 20600/21973 | Loss: 1.1726 | BPB: 1.6916 | LR: 0.000010 | ms/batch: 46.1
Epoch 26/100 | Batch 20700/21973 | Loss: 1.1725 | BPB: 1.6916 | LR: 0.000010 | ms/batch: 46.1
Epoch 26/100 | Batch 20800/21973 | Loss: 1.1725 | BPB: 1.6916 | LR: 0.000010 | ms/batch: 46.1
Epoch 26/100 | Batch 20900/21973 | Loss: 1.1725 | BPB: 1.6916 | LR: 0.000010 | ms/batch: 46.1
Epoch 26/100 | Batch 21000/21973 | Loss: 1.1725 | BPB: 1.6916 | LR: 0.000010 | ms/batch: 46.1
Epoch 26/100 | Batch 21100/21973 | Loss: 1.1725 | BPB: 1.6916 | LR: 0.000010 | ms/batch: 46.1
Epoch 26/100 | Batch 21200/21973 | Loss: 1.1725 | BPB: 1.6916 | LR: 0.000010 | ms/batch: 46.1
Epoch 26/100 | Batch 21300/21973 | Loss: 1.1725 | BPB: 1.6916 | LR: 0.000010 | ms/batch: 46.1
Epoch 26/100 | Batch 21400/21973 | Loss: 1.1725 | BPB: 1.6916 | LR: 0.000010 | ms/batch: 46.1
Epoch 26/100 | Batch 21500/21973 | Loss: 1.1725 | BPB: 1.6916 | LR: 0.000010 | ms/batch: 46.1
Epoch 26/100 | Batch 21600/21973 | Loss: 1.1725 | BPB: 1.6916 | LR: 0.000010 | ms/batch: 46.1
Epoch 26/100 | Batch 21700/21973 | Loss: 1.1725 | BPB: 1.6916 | LR: 0.000010 | ms/batch: 46.1
Epoch 26/100 | Batch 21800/21973 | Loss: 1.1726 | BPB: 1.6916 | LR: 0.000010 | ms/batch: 46.1
Epoch 26/100 | Batch 21900/21973 | Loss: 1.1725 | BPB: 1.6916 | LR: 0.000010 | ms/batch: 46.1

Epoch 26/100 Summary:
Training Loss: 1.1725 (BPB: 1.6916)
Validation Loss: 0.8783 (BPB: 1.2672)
Best Validation Loss: 0.8783
Learning Rate: 0.000010
Epoch 27/100 | Batch 0/21973 | Loss: 1.1558 | BPB: 1.6675 | LR: 0.000010 | ms/batch: 124.0
Epoch 27/100 | Batch 100/21973 | Loss: 1.1731 | BPB: 1.6925 | LR: 0.000010 | ms/batch: 47.4
Epoch 27/100 | Batch 200/21973 | Loss: 1.1742 | BPB: 1.6940 | LR: 0.000010 | ms/batch: 46.7
Epoch 27/100 | Batch 300/21973 | Loss: 1.1737 | BPB: 1.6933 | LR: 0.000010 | ms/batch: 46.5
Epoch 27/100 | Batch 400/21973 | Loss: 1.1728 | BPB: 1.6919 | LR: 0.000010 | ms/batch: 46.4
Epoch 27/100 | Batch 500/21973 | Loss: 1.1724 | BPB: 1.6914 | LR: 0.000010 | ms/batch: 46.3
Epoch 27/100 | Batch 600/21973 | Loss: 1.1718 | BPB: 1.6905 | LR: 0.000010 | ms/batch: 46.4
Epoch 27/100 | Batch 700/21973 | Loss: 1.1720 | BPB: 1.6908 | LR: 0.000010 | ms/batch: 46.3
Epoch 27/100 | Batch 800/21973 | Loss: 1.1720 | BPB: 1.6908 | LR: 0.000010 | ms/batch: 46.3
Epoch 27/100 | Batch 900/21973 | Loss: 1.1721 | BPB: 1.6909 | LR: 0.000010 | ms/batch: 46.3
Epoch 27/100 | Batch 1000/21973 | Loss: 1.1720 | BPB: 1.6909 | LR: 0.000010 | ms/batch: 46.3
Epoch 27/100 | Batch 1100/21973 | Loss: 1.1721 | BPB: 1.6909 | LR: 0.000010 | ms/batch: 46.3
Epoch 27/100 | Batch 1200/21973 | Loss: 1.1720 | BPB: 1.6908 | LR: 0.000010 | ms/batch: 46.3
Epoch 27/100 | Batch 1300/21973 | Loss: 1.1720 | BPB: 1.6909 | LR: 0.000010 | ms/batch: 46.3
Epoch 27/100 | Batch 1400/21973 | Loss: 1.1721 | BPB: 1.6910 | LR: 0.000010 | ms/batch: 46.3
Epoch 27/100 | Batch 1500/21973 | Loss: 1.1722 | BPB: 1.6912 | LR: 0.000010 | ms/batch: 46.3
Epoch 27/100 | Batch 1600/21973 | Loss: 1.1722 | BPB: 1.6911 | LR: 0.000010 | ms/batch: 46.3
Epoch 27/100 | Batch 1700/21973 | Loss: 1.1721 | BPB: 1.6910 | LR: 0.000010 | ms/batch: 46.3
Epoch 27/100 | Batch 1800/21973 | Loss: 1.1720 | BPB: 1.6908 | LR: 0.000010 | ms/batch: 46.3
Epoch 27/100 | Batch 1900/21973 | Loss: 1.1720 | BPB: 1.6909 | LR: 0.000010 | ms/batch: 46.3
Epoch 27/100 | Batch 2000/21973 | Loss: 1.1721 | BPB: 1.6909 | LR: 0.000010 | ms/batch: 46.3
Epoch 27/100 | Batch 2100/21973 | Loss: 1.1720 | BPB: 1.6909 | LR: 0.000010 | ms/batch: 46.3
Epoch 27/100 | Batch 2200/21973 | Loss: 1.1720 | BPB: 1.6908 | LR: 0.000010 | ms/batch: 46.3
Epoch 27/100 | Batch 2300/21973 | Loss: 1.1721 | BPB: 1.6910 | LR: 0.000010 | ms/batch: 46.3
Epoch 27/100 | Batch 2400/21973 | Loss: 1.1721 | BPB: 1.6910 | LR: 0.000010 | ms/batch: 46.3
Epoch 27/100 | Batch 2500/21973 | Loss: 1.1722 | BPB: 1.6911 | LR: 0.000010 | ms/batch: 46.2
Epoch 27/100 | Batch 2600/21973 | Loss: 1.1723 | BPB: 1.6913 | LR: 0.000010 | ms/batch: 46.3
Epoch 27/100 | Batch 2700/21973 | Loss: 1.1723 | BPB: 1.6913 | LR: 0.000010 | ms/batch: 46.3
Epoch 27/100 | Batch 2800/21973 | Loss: 1.1724 | BPB: 1.6914 | LR: 0.000010 | ms/batch: 46.3
Epoch 27/100 | Batch 2900/21973 | Loss: 1.1724 | BPB: 1.6914 | LR: 0.000010 | ms/batch: 46.2
Epoch 27/100 | Batch 3000/21973 | Loss: 1.1725 | BPB: 1.6915 | LR: 0.000010 | ms/batch: 46.2
Epoch 27/100 | Batch 3100/21973 | Loss: 1.1724 | BPB: 1.6915 | LR: 0.000010 | ms/batch: 46.3
Epoch 27/100 | Batch 3200/21973 | Loss: 1.1724 | BPB: 1.6914 | LR: 0.000010 | ms/batch: 46.3
Epoch 27/100 | Batch 3300/21973 | Loss: 1.1725 | BPB: 1.6916 | LR: 0.000010 | ms/batch: 46.2
Epoch 27/100 | Batch 3400/21973 | Loss: 1.1725 | BPB: 1.6915 | LR: 0.000010 | ms/batch: 46.2
Epoch 27/100 | Batch 3500/21973 | Loss: 1.1724 | BPB: 1.6914 | LR: 0.000010 | ms/batch: 46.2
Epoch 27/100 | Batch 3600/21973 | Loss: 1.1724 | BPB: 1.6915 | LR: 0.000010 | ms/batch: 46.3
Epoch 27/100 | Batch 3700/21973 | Loss: 1.1725 | BPB: 1.6916 | LR: 0.000010 | ms/batch: 46.2
Epoch 27/100 | Batch 3800/21973 | Loss: 1.1726 | BPB: 1.6917 | LR: 0.000010 | ms/batch: 46.2
Epoch 27/100 | Batch 3900/21973 | Loss: 1.1725 | BPB: 1.6916 | LR: 0.000010 | ms/batch: 46.2
Epoch 27/100 | Batch 4000/21973 | Loss: 1.1725 | BPB: 1.6915 | LR: 0.000010 | ms/batch: 46.2
Epoch 27/100 | Batch 4100/21973 | Loss: 1.1725 | BPB: 1.6915 | LR: 0.000010 | ms/batch: 46.2
Epoch 27/100 | Batch 4200/21973 | Loss: 1.1725 | BPB: 1.6916 | LR: 0.000010 | ms/batch: 46.2
Epoch 27/100 | Batch 4300/21973 | Loss: 1.1725 | BPB: 1.6915 | LR: 0.000010 | ms/batch: 46.2
Epoch 27/100 | Batch 4400/21973 | Loss: 1.1724 | BPB: 1.6915 | LR: 0.000010 | ms/batch: 46.2
Epoch 27/100 | Batch 4500/21973 | Loss: 1.1724 | BPB: 1.6914 | LR: 0.000010 | ms/batch: 46.2
Epoch 27/100 | Batch 4600/21973 | Loss: 1.1724 | BPB: 1.6914 | LR: 0.000010 | ms/batch: 46.2
Epoch 27/100 | Batch 4700/21973 | Loss: 1.1724 | BPB: 1.6914 | LR: 0.000010 | ms/batch: 46.2
Epoch 27/100 | Batch 4800/21973 | Loss: 1.1724 | BPB: 1.6914 | LR: 0.000010 | ms/batch: 46.2
Epoch 27/100 | Batch 4900/21973 | Loss: 1.1723 | BPB: 1.6913 | LR: 0.000010 | ms/batch: 46.2
Epoch 27/100 | Batch 5000/21973 | Loss: 1.1723 | BPB: 1.6913 | LR: 0.000010 | ms/batch: 46.2
Epoch 27/100 | Batch 5100/21973 | Loss: 1.1724 | BPB: 1.6914 | LR: 0.000010 | ms/batch: 46.2
Epoch 27/100 | Batch 5200/21973 | Loss: 1.1724 | BPB: 1.6914 | LR: 0.000010 | ms/batch: 46.2
Epoch 27/100 | Batch 5300/21973 | Loss: 1.1723 | BPB: 1.6913 | LR: 0.000010 | ms/batch: 46.2
Epoch 27/100 | Batch 5400/21973 | Loss: 1.1723 | BPB: 1.6913 | LR: 0.000010 | ms/batch: 46.2
Epoch 27/100 | Batch 5500/21973 | Loss: 1.1723 | BPB: 1.6912 | LR: 0.000010 | ms/batch: 46.2
Epoch 27/100 | Batch 5600/21973 | Loss: 1.1722 | BPB: 1.6911 | LR: 0.000010 | ms/batch: 46.2
Epoch 27/100 | Batch 5700/21973 | Loss: 1.1722 | BPB: 1.6911 | LR: 0.000010 | ms/batch: 46.2
Epoch 27/100 | Batch 5800/21973 | Loss: 1.1722 | BPB: 1.6912 | LR: 0.000010 | ms/batch: 46.2
Epoch 27/100 | Batch 5900/21973 | Loss: 1.1722 | BPB: 1.6911 | LR: 0.000010 | ms/batch: 46.2
Epoch 27/100 | Batch 6000/21973 | Loss: 1.1722 | BPB: 1.6911 | LR: 0.000010 | ms/batch: 46.2
Epoch 27/100 | Batch 6100/21973 | Loss: 1.1722 | BPB: 1.6911 | LR: 0.000010 | ms/batch: 46.3
Epoch 27/100 | Batch 6200/21973 | Loss: 1.1722 | BPB: 1.6911 | LR: 0.000010 | ms/batch: 46.2
Epoch 27/100 | Batch 6300/21973 | Loss: 1.1722 | BPB: 1.6911 | LR: 0.000010 | ms/batch: 46.2
Epoch 27/100 | Batch 6400/21973 | Loss: 1.1722 | BPB: 1.6911 | LR: 0.000010 | ms/batch: 46.2
Epoch 27/100 | Batch 6500/21973 | Loss: 1.1722 | BPB: 1.6912 | LR: 0.000010 | ms/batch: 46.2
Epoch 27/100 | Batch 6600/21973 | Loss: 1.1722 | BPB: 1.6912 | LR: 0.000010 | ms/batch: 46.3
Epoch 27/100 | Batch 6700/21973 | Loss: 1.1722 | BPB: 1.6912 | LR: 0.000010 | ms/batch: 46.3
Epoch 27/100 | Batch 6800/21973 | Loss: 1.1723 | BPB: 1.6912 | LR: 0.000010 | ms/batch: 46.3
Epoch 27/100 | Batch 6900/21973 | Loss: 1.1722 | BPB: 1.6911 | LR: 0.000010 | ms/batch: 46.3
Epoch 27/100 | Batch 7000/21973 | Loss: 1.1722 | BPB: 1.6911 | LR: 0.000010 | ms/batch: 46.3
Epoch 27/100 | Batch 7100/21973 | Loss: 1.1722 | BPB: 1.6911 | LR: 0.000010 | ms/batch: 46.3
Epoch 27/100 | Batch 7200/21973 | Loss: 1.1722 | BPB: 1.6911 | LR: 0.000010 | ms/batch: 46.3
Epoch 27/100 | Batch 7300/21973 | Loss: 1.1721 | BPB: 1.6910 | LR: 0.000010 | ms/batch: 46.3
Epoch 27/100 | Batch 7400/21973 | Loss: 1.1721 | BPB: 1.6910 | LR: 0.000010 | ms/batch: 46.3
Epoch 27/100 | Batch 7500/21973 | Loss: 1.1722 | BPB: 1.6911 | LR: 0.000010 | ms/batch: 46.3
Epoch 27/100 | Batch 7600/21973 | Loss: 1.1722 | BPB: 1.6911 | LR: 0.000010 | ms/batch: 46.3
Epoch 27/100 | Batch 7700/21973 | Loss: 1.1722 | BPB: 1.6911 | LR: 0.000010 | ms/batch: 46.3
Epoch 27/100 | Batch 7800/21973 | Loss: 1.1722 | BPB: 1.6911 | LR: 0.000010 | ms/batch: 46.3
Epoch 27/100 | Batch 7900/21973 | Loss: 1.1722 | BPB: 1.6911 | LR: 0.000010 | ms/batch: 46.3
Epoch 27/100 | Batch 8000/21973 | Loss: 1.1722 | BPB: 1.6911 | LR: 0.000010 | ms/batch: 46.3
Epoch 27/100 | Batch 8100/21973 | Loss: 1.1722 | BPB: 1.6911 | LR: 0.000010 | ms/batch: 46.3
Epoch 27/100 | Batch 8200/21973 | Loss: 1.1722 | BPB: 1.6911 | LR: 0.000010 | ms/batch: 46.3
Epoch 27/100 | Batch 8300/21973 | Loss: 1.1722 | BPB: 1.6911 | LR: 0.000010 | ms/batch: 46.3
Epoch 27/100 | Batch 8400/21973 | Loss: 1.1722 | BPB: 1.6911 | LR: 0.000010 | ms/batch: 46.3
Epoch 27/100 | Batch 8500/21973 | Loss: 1.1722 | BPB: 1.6911 | LR: 0.000010 | ms/batch: 46.3
Epoch 27/100 | Batch 8600/21973 | Loss: 1.1722 | BPB: 1.6911 | LR: 0.000010 | ms/batch: 46.3
Epoch 27/100 | Batch 8700/21973 | Loss: 1.1722 | BPB: 1.6911 | LR: 0.000010 | ms/batch: 46.3
Epoch 27/100 | Batch 8800/21973 | Loss: 1.1721 | BPB: 1.6910 | LR: 0.000010 | ms/batch: 46.3
Epoch 27/100 | Batch 8900/21973 | Loss: 1.1721 | BPB: 1.6910 | LR: 0.000010 | ms/batch: 46.3
Epoch 27/100 | Batch 9000/21973 | Loss: 1.1721 | BPB: 1.6910 | LR: 0.000010 | ms/batch: 46.3
Epoch 27/100 | Batch 9100/21973 | Loss: 1.1721 | BPB: 1.6910 | LR: 0.000010 | ms/batch: 46.3
Epoch 27/100 | Batch 9200/21973 | Loss: 1.1721 | BPB: 1.6910 | LR: 0.000010 | ms/batch: 46.3
Epoch 27/100 | Batch 9300/21973 | Loss: 1.1721 | BPB: 1.6910 | LR: 0.000010 | ms/batch: 46.3
Epoch 27/100 | Batch 9400/21973 | Loss: 1.1721 | BPB: 1.6910 | LR: 0.000010 | ms/batch: 46.3
Epoch 27/100 | Batch 9500/21973 | Loss: 1.1721 | BPB: 1.6910 | LR: 0.000010 | ms/batch: 46.3
Epoch 27/100 | Batch 9600/21973 | Loss: 1.1721 | BPB: 1.6910 | LR: 0.000010 | ms/batch: 46.3
Epoch 27/100 | Batch 9700/21973 | Loss: 1.1721 | BPB: 1.6910 | LR: 0.000010 | ms/batch: 46.3
Epoch 27/100 | Batch 9800/21973 | Loss: 1.1721 | BPB: 1.6910 | LR: 0.000010 | ms/batch: 46.3
Epoch 27/100 | Batch 9900/21973 | Loss: 1.1721 | BPB: 1.6910 | LR: 0.000010 | ms/batch: 46.3
Epoch 27/100 | Batch 10000/21973 | Loss: 1.1721 | BPB: 1.6910 | LR: 0.000010 | ms/batch: 46.3
Epoch 27/100 | Batch 10100/21973 | Loss: 1.1721 | BPB: 1.6910 | LR: 0.000010 | ms/batch: 46.3
Epoch 27/100 | Batch 10200/21973 | Loss: 1.1721 | BPB: 1.6910 | LR: 0.000010 | ms/batch: 46.3
Epoch 27/100 | Batch 10300/21973 | Loss: 1.1721 | BPB: 1.6910 | LR: 0.000010 | ms/batch: 46.3
Epoch 27/100 | Batch 10400/21973 | Loss: 1.1721 | BPB: 1.6910 | LR: 0.000010 | ms/batch: 46.3
Epoch 27/100 | Batch 10500/21973 | Loss: 1.1721 | BPB: 1.6910 | LR: 0.000010 | ms/batch: 46.3
Epoch 27/100 | Batch 10600/21973 | Loss: 1.1721 | BPB: 1.6910 | LR: 0.000010 | ms/batch: 46.3
Epoch 27/100 | Batch 10700/21973 | Loss: 1.1721 | BPB: 1.6910 | LR: 0.000010 | ms/batch: 46.3
Epoch 27/100 | Batch 10800/21973 | Loss: 1.1721 | BPB: 1.6910 | LR: 0.000010 | ms/batch: 46.3
Epoch 27/100 | Batch 10900/21973 | Loss: 1.1721 | BPB: 1.6910 | LR: 0.000010 | ms/batch: 46.3
Epoch 27/100 | Batch 11000/21973 | Loss: 1.1721 | BPB: 1.6910 | LR: 0.000010 | ms/batch: 46.3
Epoch 27/100 | Batch 11100/21973 | Loss: 1.1721 | BPB: 1.6910 | LR: 0.000010 | ms/batch: 46.3
Epoch 27/100 | Batch 11200/21973 | Loss: 1.1721 | BPB: 1.6910 | LR: 0.000010 | ms/batch: 46.3
Epoch 27/100 | Batch 11300/21973 | Loss: 1.1721 | BPB: 1.6910 | LR: 0.000010 | ms/batch: 46.3
Epoch 27/100 | Batch 11400/21973 | Loss: 1.1721 | BPB: 1.6910 | LR: 0.000010 | ms/batch: 46.3
Epoch 27/100 | Batch 11500/21973 | Loss: 1.1721 | BPB: 1.6910 | LR: 0.000010 | ms/batch: 46.3
Epoch 27/100 | Batch 11600/21973 | Loss: 1.1721 | BPB: 1.6910 | LR: 0.000010 | ms/batch: 46.3
Epoch 27/100 | Batch 11700/21973 | Loss: 1.1721 | BPB: 1.6910 | LR: 0.000010 | ms/batch: 46.3
Epoch 27/100 | Batch 11800/21973 | Loss: 1.1721 | BPB: 1.6910 | LR: 0.000010 | ms/batch: 46.3
Epoch 27/100 | Batch 11900/21973 | Loss: 1.1721 | BPB: 1.6910 | LR: 0.000010 | ms/batch: 46.3
Epoch 27/100 | Batch 12000/21973 | Loss: 1.1721 | BPB: 1.6910 | LR: 0.000010 | ms/batch: 46.3
Epoch 27/100 | Batch 12100/21973 | Loss: 1.1721 | BPB: 1.6910 | LR: 0.000010 | ms/batch: 46.3
Epoch 27/100 | Batch 12200/21973 | Loss: 1.1721 | BPB: 1.6910 | LR: 0.000010 | ms/batch: 46.3
Epoch 27/100 | Batch 12300/21973 | Loss: 1.1721 | BPB: 1.6911 | LR: 0.000010 | ms/batch: 46.3
Epoch 27/100 | Batch 12400/21973 | Loss: 1.1722 | BPB: 1.6911 | LR: 0.000010 | ms/batch: 46.3
Epoch 27/100 | Batch 12500/21973 | Loss: 1.1722 | BPB: 1.6911 | LR: 0.000010 | ms/batch: 46.3
Epoch 27/100 | Batch 12600/21973 | Loss: 1.1722 | BPB: 1.6911 | LR: 0.000010 | ms/batch: 46.3
Epoch 27/100 | Batch 12700/21973 | Loss: 1.1722 | BPB: 1.6911 | LR: 0.000010 | ms/batch: 46.3
Epoch 27/100 | Batch 12800/21973 | Loss: 1.1722 | BPB: 1.6911 | LR: 0.000010 | ms/batch: 46.3
Epoch 27/100 | Batch 12900/21973 | Loss: 1.1722 | BPB: 1.6911 | LR: 0.000010 | ms/batch: 46.3
Epoch 27/100 | Batch 13000/21973 | Loss: 1.1721 | BPB: 1.6910 | LR: 0.000010 | ms/batch: 46.3
Epoch 27/100 | Batch 13100/21973 | Loss: 1.1721 | BPB: 1.6911 | LR: 0.000010 | ms/batch: 46.3
Epoch 27/100 | Batch 13200/21973 | Loss: 1.1722 | BPB: 1.6911 | LR: 0.000010 | ms/batch: 46.3
Epoch 27/100 | Batch 13300/21973 | Loss: 1.1721 | BPB: 1.6910 | LR: 0.000010 | ms/batch: 46.3
Epoch 27/100 | Batch 13400/21973 | Loss: 1.1721 | BPB: 1.6910 | LR: 0.000010 | ms/batch: 46.3
Epoch 27/100 | Batch 13500/21973 | Loss: 1.1721 | BPB: 1.6910 | LR: 0.000010 | ms/batch: 46.3
Epoch 27/100 | Batch 13600/21973 | Loss: 1.1721 | BPB: 1.6910 | LR: 0.000010 | ms/batch: 46.3
Epoch 27/100 | Batch 13700/21973 | Loss: 1.1721 | BPB: 1.6910 | LR: 0.000010 | ms/batch: 46.3
Epoch 27/100 | Batch 13800/21973 | Loss: 1.1721 | BPB: 1.6910 | LR: 0.000010 | ms/batch: 46.3
Epoch 27/100 | Batch 13900/21973 | Loss: 1.1721 | BPB: 1.6910 | LR: 0.000010 | ms/batch: 46.3
Epoch 27/100 | Batch 14000/21973 | Loss: 1.1721 | BPB: 1.6910 | LR: 0.000010 | ms/batch: 46.3
Epoch 27/100 | Batch 14100/21973 | Loss: 1.1721 | BPB: 1.6910 | LR: 0.000010 | ms/batch: 46.3
Epoch 27/100 | Batch 14200/21973 | Loss: 1.1721 | BPB: 1.6910 | LR: 0.000010 | ms/batch: 46.3
Epoch 27/100 | Batch 14300/21973 | Loss: 1.1721 | BPB: 1.6910 | LR: 0.000010 | ms/batch: 46.3
Epoch 27/100 | Batch 14400/21973 | Loss: 1.1721 | BPB: 1.6910 | LR: 0.000010 | ms/batch: 46.3
Epoch 27/100 | Batch 14500/21973 | Loss: 1.1721 | BPB: 1.6910 | LR: 0.000010 | ms/batch: 46.3
Epoch 27/100 | Batch 14600/21973 | Loss: 1.1721 | BPB: 1.6910 | LR: 0.000010 | ms/batch: 46.3
Epoch 27/100 | Batch 14700/21973 | Loss: 1.1721 | BPB: 1.6910 | LR: 0.000010 | ms/batch: 46.3
Epoch 27/100 | Batch 14800/21973 | Loss: 1.1721 | BPB: 1.6909 | LR: 0.000010 | ms/batch: 46.3
Epoch 27/100 | Batch 14900/21973 | Loss: 1.1720 | BPB: 1.6909 | LR: 0.000010 | ms/batch: 46.3
Epoch 27/100 | Batch 15000/21973 | Loss: 1.1721 | BPB: 1.6909 | LR: 0.000010 | ms/batch: 46.3
Epoch 27/100 | Batch 15100/21973 | Loss: 1.1721 | BPB: 1.6909 | LR: 0.000010 | ms/batch: 46.3
Epoch 27/100 | Batch 15200/21973 | Loss: 1.1721 | BPB: 1.6909 | LR: 0.000010 | ms/batch: 46.3
Epoch 27/100 | Batch 15300/21973 | Loss: 1.1721 | BPB: 1.6909 | LR: 0.000010 | ms/batch: 46.3
Epoch 27/100 | Batch 15400/21973 | Loss: 1.1721 | BPB: 1.6910 | LR: 0.000010 | ms/batch: 46.3
Epoch 27/100 | Batch 15500/21973 | Loss: 1.1721 | BPB: 1.6910 | LR: 0.000010 | ms/batch: 46.3
Epoch 27/100 | Batch 15600/21973 | Loss: 1.1721 | BPB: 1.6910 | LR: 0.000010 | ms/batch: 46.3
Epoch 27/100 | Batch 15700/21973 | Loss: 1.1721 | BPB: 1.6910 | LR: 0.000010 | ms/batch: 46.3
Epoch 27/100 | Batch 15800/21973 | Loss: 1.1721 | BPB: 1.6910 | LR: 0.000010 | ms/batch: 46.3
Epoch 27/100 | Batch 15900/21973 | Loss: 1.1721 | BPB: 1.6910 | LR: 0.000010 | ms/batch: 46.3
Epoch 27/100 | Batch 16000/21973 | Loss: 1.1721 | BPB: 1.6909 | LR: 0.000010 | ms/batch: 46.3
Epoch 27/100 | Batch 16100/21973 | Loss: 1.1721 | BPB: 1.6909 | LR: 0.000010 | ms/batch: 46.3
Epoch 27/100 | Batch 16200/21973 | Loss: 1.1721 | BPB: 1.6909 | LR: 0.000010 | ms/batch: 46.3
Epoch 27/100 | Batch 16300/21973 | Loss: 1.1721 | BPB: 1.6909 | LR: 0.000010 | ms/batch: 46.3
Epoch 27/100 | Batch 16400/21973 | Loss: 1.1720 | BPB: 1.6909 | LR: 0.000010 | ms/batch: 46.3
Epoch 27/100 | Batch 16500/21973 | Loss: 1.1720 | BPB: 1.6909 | LR: 0.000010 | ms/batch: 46.3
Epoch 27/100 | Batch 16600/21973 | Loss: 1.1720 | BPB: 1.6909 | LR: 0.000010 | ms/batch: 46.3
Epoch 27/100 | Batch 16700/21973 | Loss: 1.1720 | BPB: 1.6909 | LR: 0.000010 | ms/batch: 46.3
Epoch 27/100 | Batch 16800/21973 | Loss: 1.1720 | BPB: 1.6909 | LR: 0.000010 | ms/batch: 46.3
Epoch 27/100 | Batch 16900/21973 | Loss: 1.1720 | BPB: 1.6909 | LR: 0.000010 | ms/batch: 46.3
Epoch 27/100 | Batch 17000/21973 | Loss: 1.1720 | BPB: 1.6909 | LR: 0.000010 | ms/batch: 46.3
Epoch 27/100 | Batch 17100/21973 | Loss: 1.1720 | BPB: 1.6909 | LR: 0.000010 | ms/batch: 46.3
Epoch 27/100 | Batch 17200/21973 | Loss: 1.1720 | BPB: 1.6909 | LR: 0.000010 | ms/batch: 46.3
Epoch 27/100 | Batch 17300/21973 | Loss: 1.1720 | BPB: 1.6909 | LR: 0.000010 | ms/batch: 46.3
Epoch 27/100 | Batch 17400/21973 | Loss: 1.1720 | BPB: 1.6909 | LR: 0.000010 | ms/batch: 46.3
Epoch 27/100 | Batch 17500/21973 | Loss: 1.1720 | BPB: 1.6908 | LR: 0.000010 | ms/batch: 46.3
Epoch 27/100 | Batch 17600/21973 | Loss: 1.1720 | BPB: 1.6908 | LR: 0.000010 | ms/batch: 46.3
Epoch 27/100 | Batch 17700/21973 | Loss: 1.1720 | BPB: 1.6909 | LR: 0.000010 | ms/batch: 46.3
Epoch 27/100 | Batch 17800/21973 | Loss: 1.1720 | BPB: 1.6909 | LR: 0.000010 | ms/batch: 46.3
Epoch 27/100 | Batch 17900/21973 | Loss: 1.1720 | BPB: 1.6909 | LR: 0.000010 | ms/batch: 46.3
Epoch 27/100 | Batch 18000/21973 | Loss: 1.1720 | BPB: 1.6908 | LR: 0.000010 | ms/batch: 46.3
Epoch 27/100 | Batch 18100/21973 | Loss: 1.1720 | BPB: 1.6908 | LR: 0.000010 | ms/batch: 46.3
Epoch 27/100 | Batch 18200/21973 | Loss: 1.1720 | BPB: 1.6908 | LR: 0.000010 | ms/batch: 46.3
Epoch 27/100 | Batch 18300/21973 | Loss: 1.1720 | BPB: 1.6908 | LR: 0.000010 | ms/batch: 46.3
Epoch 27/100 | Batch 18400/21973 | Loss: 1.1720 | BPB: 1.6908 | LR: 0.000010 | ms/batch: 46.3
Epoch 27/100 | Batch 18500/21973 | Loss: 1.1720 | BPB: 1.6908 | LR: 0.000010 | ms/batch: 46.3
Epoch 27/100 | Batch 18600/21973 | Loss: 1.1720 | BPB: 1.6908 | LR: 0.000010 | ms/batch: 46.3
Epoch 27/100 | Batch 18700/21973 | Loss: 1.1720 | BPB: 1.6908 | LR: 0.000010 | ms/batch: 46.3
Epoch 27/100 | Batch 18800/21973 | Loss: 1.1720 | BPB: 1.6908 | LR: 0.000010 | ms/batch: 46.3
Epoch 27/100 | Batch 18900/21973 | Loss: 1.1720 | BPB: 1.6908 | LR: 0.000010 | ms/batch: 46.3
Epoch 27/100 | Batch 19000/21973 | Loss: 1.1720 | BPB: 1.6909 | LR: 0.000010 | ms/batch: 46.3
Epoch 27/100 | Batch 19100/21973 | Loss: 1.1720 | BPB: 1.6908 | LR: 0.000010 | ms/batch: 46.3
Epoch 27/100 | Batch 19200/21973 | Loss: 1.1720 | BPB: 1.6908 | LR: 0.000010 | ms/batch: 46.3
Epoch 27/100 | Batch 19300/21973 | Loss: 1.1720 | BPB: 1.6908 | LR: 0.000010 | ms/batch: 46.3
Epoch 27/100 | Batch 19400/21973 | Loss: 1.1720 | BPB: 1.6908 | LR: 0.000010 | ms/batch: 46.3
Epoch 27/100 | Batch 19500/21973 | Loss: 1.1720 | BPB: 1.6908 | LR: 0.000010 | ms/batch: 46.3
Epoch 27/100 | Batch 19600/21973 | Loss: 1.1720 | BPB: 1.6908 | LR: 0.000010 | ms/batch: 46.3
Epoch 27/100 | Batch 19700/21973 | Loss: 1.1720 | BPB: 1.6908 | LR: 0.000010 | ms/batch: 46.3
Epoch 27/100 | Batch 19800/21973 | Loss: 1.1720 | BPB: 1.6908 | LR: 0.000010 | ms/batch: 46.3
Epoch 27/100 | Batch 19900/21973 | Loss: 1.1720 | BPB: 1.6908 | LR: 0.000010 | ms/batch: 46.3
Epoch 27/100 | Batch 20000/21973 | Loss: 1.1720 | BPB: 1.6908 | LR: 0.000010 | ms/batch: 46.3
Epoch 27/100 | Batch 20100/21973 | Loss: 1.1720 | BPB: 1.6908 | LR: 0.000010 | ms/batch: 46.3
Epoch 27/100 | Batch 20200/21973 | Loss: 1.1720 | BPB: 1.6908 | LR: 0.000010 | ms/batch: 46.3
Epoch 27/100 | Batch 20300/21973 | Loss: 1.1720 | BPB: 1.6908 | LR: 0.000010 | ms/batch: 46.3
Epoch 27/100 | Batch 20400/21973 | Loss: 1.1720 | BPB: 1.6908 | LR: 0.000010 | ms/batch: 46.3
Epoch 27/100 | Batch 20500/21973 | Loss: 1.1720 | BPB: 1.6908 | LR: 0.000010 | ms/batch: 46.3
Epoch 27/100 | Batch 20600/21973 | Loss: 1.1720 | BPB: 1.6908 | LR: 0.000010 | ms/batch: 46.3
Epoch 27/100 | Batch 20700/21973 | Loss: 1.1720 | BPB: 1.6908 | LR: 0.000010 | ms/batch: 46.3
Epoch 27/100 | Batch 20800/21973 | Loss: 1.1720 | BPB: 1.6908 | LR: 0.000010 | ms/batch: 46.3
Epoch 27/100 | Batch 20900/21973 | Loss: 1.1720 | BPB: 1.6908 | LR: 0.000010 | ms/batch: 46.3
Epoch 27/100 | Batch 21000/21973 | Loss: 1.1720 | BPB: 1.6908 | LR: 0.000010 | ms/batch: 46.3
Epoch 27/100 | Batch 21100/21973 | Loss: 1.1720 | BPB: 1.6908 | LR: 0.000010 | ms/batch: 46.3
Epoch 27/100 | Batch 21200/21973 | Loss: 1.1720 | BPB: 1.6908 | LR: 0.000010 | ms/batch: 46.3
Epoch 27/100 | Batch 21300/21973 | Loss: 1.1720 | BPB: 1.6908 | LR: 0.000010 | ms/batch: 46.3
Epoch 27/100 | Batch 21400/21973 | Loss: 1.1720 | BPB: 1.6908 | LR: 0.000010 | ms/batch: 46.3
Epoch 27/100 | Batch 21500/21973 | Loss: 1.1720 | BPB: 1.6908 | LR: 0.000010 | ms/batch: 46.3
Epoch 27/100 | Batch 21600/21973 | Loss: 1.1720 | BPB: 1.6908 | LR: 0.000010 | ms/batch: 46.3
Epoch 27/100 | Batch 21700/21973 | Loss: 1.1720 | BPB: 1.6908 | LR: 0.000010 | ms/batch: 46.3
Epoch 27/100 | Batch 21800/21973 | Loss: 1.1720 | BPB: 1.6908 | LR: 0.000010 | ms/batch: 46.3
Epoch 27/100 | Batch 21900/21973 | Loss: 1.1720 | BPB: 1.6908 | LR: 0.000010 | ms/batch: 46.3

Epoch 27/100 Summary:
Training Loss: 1.1720 (BPB: 1.6908)
Validation Loss: 0.8783 (BPB: 1.2671)
Best Validation Loss: 0.8783
Learning Rate: 0.000010
Epoch 28/100 | Batch 0/21973 | Loss: 1.1814 | BPB: 1.7044 | LR: 0.000010 | ms/batch: 124.3
Epoch 28/100 | Batch 100/21973 | Loss: 1.1731 | BPB: 1.6925 | LR: 0.000010 | ms/batch: 47.3
Epoch 28/100 | Batch 200/21973 | Loss: 1.1737 | BPB: 1.6933 | LR: 0.000010 | ms/batch: 46.6
Epoch 28/100 | Batch 300/21973 | Loss: 1.1725 | BPB: 1.6916 | LR: 0.000010 | ms/batch: 46.4
Epoch 28/100 | Batch 400/21973 | Loss: 1.1720 | BPB: 1.6909 | LR: 0.000010 | ms/batch: 46.3
Epoch 28/100 | Batch 500/21973 | Loss: 1.1717 | BPB: 1.6905 | LR: 0.000010 | ms/batch: 46.2
Epoch 28/100 | Batch 600/21973 | Loss: 1.1717 | BPB: 1.6904 | LR: 0.000010 | ms/batch: 46.3
Epoch 28/100 | Batch 700/21973 | Loss: 1.1717 | BPB: 1.6903 | LR: 0.000010 | ms/batch: 46.2
Epoch 28/100 | Batch 800/21973 | Loss: 1.1716 | BPB: 1.6902 | LR: 0.000010 | ms/batch: 46.2
Epoch 28/100 | Batch 900/21973 | Loss: 1.1716 | BPB: 1.6903 | LR: 0.000010 | ms/batch: 46.2
Epoch 28/100 | Batch 1000/21973 | Loss: 1.1716 | BPB: 1.6903 | LR: 0.000010 | ms/batch: 46.2
Epoch 28/100 | Batch 1100/21973 | Loss: 1.1714 | BPB: 1.6900 | LR: 0.000010 | ms/batch: 46.2
Epoch 28/100 | Batch 1200/21973 | Loss: 1.1714 | BPB: 1.6900 | LR: 0.000010 | ms/batch: 46.2
Epoch 28/100 | Batch 1300/21973 | Loss: 1.1713 | BPB: 1.6899 | LR: 0.000010 | ms/batch: 46.2
Epoch 28/100 | Batch 1400/21973 | Loss: 1.1713 | BPB: 1.6898 | LR: 0.000010 | ms/batch: 46.2
Epoch 28/100 | Batch 1500/21973 | Loss: 1.1713 | BPB: 1.6898 | LR: 0.000010 | ms/batch: 46.2
Epoch 28/100 | Batch 1600/21973 | Loss: 1.1711 | BPB: 1.6896 | LR: 0.000010 | ms/batch: 46.2
Epoch 28/100 | Batch 1700/21973 | Loss: 1.1711 | BPB: 1.6896 | LR: 0.000010 | ms/batch: 46.2
Epoch 28/100 | Batch 1800/21973 | Loss: 1.1712 | BPB: 1.6896 | LR: 0.000010 | ms/batch: 46.2
Epoch 28/100 | Batch 1900/21973 | Loss: 1.1711 | BPB: 1.6895 | LR: 0.000010 | ms/batch: 46.2
Epoch 28/100 | Batch 2000/21973 | Loss: 1.1710 | BPB: 1.6894 | LR: 0.000010 | ms/batch: 46.2
Epoch 28/100 | Batch 2100/21973 | Loss: 1.1709 | BPB: 1.6893 | LR: 0.000010 | ms/batch: 46.2
Epoch 28/100 | Batch 2200/21973 | Loss: 1.1709 | BPB: 1.6892 | LR: 0.000010 | ms/batch: 46.2
Epoch 28/100 | Batch 2300/21973 | Loss: 1.1710 | BPB: 1.6894 | LR: 0.000010 | ms/batch: 46.1
Epoch 28/100 | Batch 2400/21973 | Loss: 1.1710 | BPB: 1.6894 | LR: 0.000010 | ms/batch: 46.1
Epoch 28/100 | Batch 2500/21973 | Loss: 1.1711 | BPB: 1.6895 | LR: 0.000010 | ms/batch: 46.1
Epoch 28/100 | Batch 2600/21973 | Loss: 1.1711 | BPB: 1.6896 | LR: 0.000010 | ms/batch: 46.2
Epoch 28/100 | Batch 2700/21973 | Loss: 1.1711 | BPB: 1.6896 | LR: 0.000010 | ms/batch: 46.1
Epoch 28/100 | Batch 2800/21973 | Loss: 1.1712 | BPB: 1.6897 | LR: 0.000010 | ms/batch: 46.1
Epoch 28/100 | Batch 2900/21973 | Loss: 1.1712 | BPB: 1.6897 | LR: 0.000010 | ms/batch: 46.1
Epoch 28/100 | Batch 3000/21973 | Loss: 1.1711 | BPB: 1.6896 | LR: 0.000010 | ms/batch: 46.1
Epoch 28/100 | Batch 3100/21973 | Loss: 1.1712 | BPB: 1.6897 | LR: 0.000010 | ms/batch: 46.1
Epoch 28/100 | Batch 3200/21973 | Loss: 1.1712 | BPB: 1.6897 | LR: 0.000010 | ms/batch: 46.1
Epoch 28/100 | Batch 3300/21973 | Loss: 1.1712 | BPB: 1.6897 | LR: 0.000010 | ms/batch: 46.1
Epoch 28/100 | Batch 3400/21973 | Loss: 1.1711 | BPB: 1.6896 | LR: 0.000010 | ms/batch: 46.1
Epoch 28/100 | Batch 3500/21973 | Loss: 1.1712 | BPB: 1.6897 | LR: 0.000010 | ms/batch: 46.1
Epoch 28/100 | Batch 3600/21973 | Loss: 1.1711 | BPB: 1.6895 | LR: 0.000010 | ms/batch: 46.1
Epoch 28/100 | Batch 3700/21973 | Loss: 1.1710 | BPB: 1.6895 | LR: 0.000010 | ms/batch: 46.1
Epoch 28/100 | Batch 3800/21973 | Loss: 1.1710 | BPB: 1.6895 | LR: 0.000010 | ms/batch: 46.1
Epoch 28/100 | Batch 3900/21973 | Loss: 1.1710 | BPB: 1.6894 | LR: 0.000010 | ms/batch: 46.1
Epoch 28/100 | Batch 4000/21973 | Loss: 1.1710 | BPB: 1.6894 | LR: 0.000010 | ms/batch: 46.1
Epoch 28/100 | Batch 4100/21973 | Loss: 1.1710 | BPB: 1.6894 | LR: 0.000010 | ms/batch: 46.1
Epoch 28/100 | Batch 4200/21973 | Loss: 1.1710 | BPB: 1.6894 | LR: 0.000010 | ms/batch: 46.1
Epoch 28/100 | Batch 4300/21973 | Loss: 1.1710 | BPB: 1.6894 | LR: 0.000010 | ms/batch: 46.1
Epoch 28/100 | Batch 4400/21973 | Loss: 1.1710 | BPB: 1.6894 | LR: 0.000010 | ms/batch: 46.1
Epoch 28/100 | Batch 4500/21973 | Loss: 1.1710 | BPB: 1.6894 | LR: 0.000010 | ms/batch: 46.1
Epoch 28/100 | Batch 4600/21973 | Loss: 1.1711 | BPB: 1.6895 | LR: 0.000010 | ms/batch: 46.1
Epoch 28/100 | Batch 4700/21973 | Loss: 1.1711 | BPB: 1.6895 | LR: 0.000010 | ms/batch: 46.1
Epoch 28/100 | Batch 4800/21973 | Loss: 1.1712 | BPB: 1.6896 | LR: 0.000010 | ms/batch: 46.1
Epoch 28/100 | Batch 4900/21973 | Loss: 1.1711 | BPB: 1.6896 | LR: 0.000010 | ms/batch: 46.1
Epoch 28/100 | Batch 5000/21973 | Loss: 1.1712 | BPB: 1.6896 | LR: 0.000010 | ms/batch: 46.1
Epoch 28/100 | Batch 5100/21973 | Loss: 1.1712 | BPB: 1.6896 | LR: 0.000010 | ms/batch: 46.2
Epoch 28/100 | Batch 5200/21973 | Loss: 1.1712 | BPB: 1.6896 | LR: 0.000010 | ms/batch: 46.2
Epoch 28/100 | Batch 5300/21973 | Loss: 1.1712 | BPB: 1.6896 | LR: 0.000010 | ms/batch: 46.2
Epoch 28/100 | Batch 5400/21973 | Loss: 1.1711 | BPB: 1.6896 | LR: 0.000010 | ms/batch: 46.1
Epoch 28/100 | Batch 5500/21973 | Loss: 1.1712 | BPB: 1.6896 | LR: 0.000010 | ms/batch: 46.1
Epoch 28/100 | Batch 5600/21973 | Loss: 1.1712 | BPB: 1.6896 | LR: 0.000010 | ms/batch: 46.2
Epoch 28/100 | Batch 5700/21973 | Loss: 1.1712 | BPB: 1.6896 | LR: 0.000010 | ms/batch: 46.2
Epoch 28/100 | Batch 5800/21973 | Loss: 1.1712 | BPB: 1.6896 | LR: 0.000010 | ms/batch: 46.2
Epoch 28/100 | Batch 5900/21973 | Loss: 1.1712 | BPB: 1.6897 | LR: 0.000010 | ms/batch: 46.2
Epoch 28/100 | Batch 6000/21973 | Loss: 1.1712 | BPB: 1.6897 | LR: 0.000010 | ms/batch: 46.2
Epoch 28/100 | Batch 6100/21973 | Loss: 1.1713 | BPB: 1.6898 | LR: 0.000010 | ms/batch: 46.2
Epoch 28/100 | Batch 6200/21973 | Loss: 1.1713 | BPB: 1.6898 | LR: 0.000010 | ms/batch: 46.2
Epoch 28/100 | Batch 6300/21973 | Loss: 1.1713 | BPB: 1.6898 | LR: 0.000010 | ms/batch: 46.2
Epoch 28/100 | Batch 6400/21973 | Loss: 1.1713 | BPB: 1.6898 | LR: 0.000010 | ms/batch: 46.2
Epoch 28/100 | Batch 6500/21973 | Loss: 1.1713 | BPB: 1.6898 | LR: 0.000010 | ms/batch: 46.2
Epoch 28/100 | Batch 6600/21973 | Loss: 1.1714 | BPB: 1.6899 | LR: 0.000010 | ms/batch: 46.2
Epoch 28/100 | Batch 6700/21973 | Loss: 1.1714 | BPB: 1.6899 | LR: 0.000010 | ms/batch: 46.2
Epoch 28/100 | Batch 6800/21973 | Loss: 1.1714 | BPB: 1.6900 | LR: 0.000010 | ms/batch: 46.2
Epoch 28/100 | Batch 6900/21973 | Loss: 1.1714 | BPB: 1.6900 | LR: 0.000010 | ms/batch: 46.2
Epoch 28/100 | Batch 7000/21973 | Loss: 1.1714 | BPB: 1.6900 | LR: 0.000010 | ms/batch: 46.2
Epoch 28/100 | Batch 7100/21973 | Loss: 1.1714 | BPB: 1.6900 | LR: 0.000010 | ms/batch: 46.2
Epoch 28/100 | Batch 7200/21973 | Loss: 1.1714 | BPB: 1.6900 | LR: 0.000010 | ms/batch: 46.2
Epoch 28/100 | Batch 7300/21973 | Loss: 1.1714 | BPB: 1.6900 | LR: 0.000010 | ms/batch: 46.2
Epoch 28/100 | Batch 7400/21973 | Loss: 1.1714 | BPB: 1.6900 | LR: 0.000010 | ms/batch: 46.2
Epoch 28/100 | Batch 7500/21973 | Loss: 1.1715 | BPB: 1.6900 | LR: 0.000010 | ms/batch: 46.2
Epoch 28/100 | Batch 7600/21973 | Loss: 1.1715 | BPB: 1.6901 | LR: 0.000010 | ms/batch: 46.2
Epoch 28/100 | Batch 7700/21973 | Loss: 1.1715 | BPB: 1.6901 | LR: 0.000010 | ms/batch: 46.2
Epoch 28/100 | Batch 7800/21973 | Loss: 1.1715 | BPB: 1.6901 | LR: 0.000010 | ms/batch: 46.2
Epoch 28/100 | Batch 7900/21973 | Loss: 1.1715 | BPB: 1.6901 | LR: 0.000010 | ms/batch: 46.2
Epoch 28/100 | Batch 8000/21973 | Loss: 1.1715 | BPB: 1.6901 | LR: 0.000010 | ms/batch: 46.2
Epoch 28/100 | Batch 8100/21973 | Loss: 1.1715 | BPB: 1.6901 | LR: 0.000010 | ms/batch: 46.2
Epoch 28/100 | Batch 8200/21973 | Loss: 1.1714 | BPB: 1.6900 | LR: 0.000010 | ms/batch: 46.2
Epoch 28/100 | Batch 8300/21973 | Loss: 1.1714 | BPB: 1.6900 | LR: 0.000010 | ms/batch: 46.2
Epoch 28/100 | Batch 8400/21973 | Loss: 1.1714 | BPB: 1.6900 | LR: 0.000010 | ms/batch: 46.2
Epoch 28/100 | Batch 8500/21973 | Loss: 1.1715 | BPB: 1.6901 | LR: 0.000010 | ms/batch: 46.2
Epoch 28/100 | Batch 8600/21973 | Loss: 1.1715 | BPB: 1.6901 | LR: 0.000010 | ms/batch: 46.2
Epoch 28/100 | Batch 8700/21973 | Loss: 1.1715 | BPB: 1.6901 | LR: 0.000010 | ms/batch: 46.2
Epoch 28/100 | Batch 8800/21973 | Loss: 1.1715 | BPB: 1.6901 | LR: 0.000010 | ms/batch: 46.2
Epoch 28/100 | Batch 8900/21973 | Loss: 1.1715 | BPB: 1.6901 | LR: 0.000010 | ms/batch: 46.2
Epoch 28/100 | Batch 9000/21973 | Loss: 1.1715 | BPB: 1.6902 | LR: 0.000010 | ms/batch: 46.2
Epoch 28/100 | Batch 9100/21973 | Loss: 1.1715 | BPB: 1.6901 | LR: 0.000010 | ms/batch: 46.2
Epoch 28/100 | Batch 9200/21973 | Loss: 1.1715 | BPB: 1.6901 | LR: 0.000010 | ms/batch: 46.2
Epoch 28/100 | Batch 9300/21973 | Loss: 1.1715 | BPB: 1.6901 | LR: 0.000010 | ms/batch: 46.2
Epoch 28/100 | Batch 9400/21973 | Loss: 1.1715 | BPB: 1.6901 | LR: 0.000010 | ms/batch: 46.2
Epoch 28/100 | Batch 9500/21973 | Loss: 1.1715 | BPB: 1.6901 | LR: 0.000010 | ms/batch: 46.2
Epoch 28/100 | Batch 9600/21973 | Loss: 1.1715 | BPB: 1.6901 | LR: 0.000010 | ms/batch: 46.2
Epoch 28/100 | Batch 9700/21973 | Loss: 1.1714 | BPB: 1.6900 | LR: 0.000010 | ms/batch: 46.2
Epoch 28/100 | Batch 9800/21973 | Loss: 1.1714 | BPB: 1.6900 | LR: 0.000010 | ms/batch: 46.2
Epoch 28/100 | Batch 9900/21973 | Loss: 1.1714 | BPB: 1.6900 | LR: 0.000010 | ms/batch: 46.2
Epoch 28/100 | Batch 10000/21973 | Loss: 1.1715 | BPB: 1.6900 | LR: 0.000010 | ms/batch: 46.2
Epoch 28/100 | Batch 10100/21973 | Loss: 1.1714 | BPB: 1.6900 | LR: 0.000010 | ms/batch: 46.2
Epoch 28/100 | Batch 10200/21973 | Loss: 1.1714 | BPB: 1.6900 | LR: 0.000010 | ms/batch: 46.2
Epoch 28/100 | Batch 10300/21973 | Loss: 1.1714 | BPB: 1.6900 | LR: 0.000010 | ms/batch: 46.2
Epoch 28/100 | Batch 10400/21973 | Loss: 1.1714 | BPB: 1.6900 | LR: 0.000010 | ms/batch: 46.2
Epoch 28/100 | Batch 10500/21973 | Loss: 1.1714 | BPB: 1.6900 | LR: 0.000010 | ms/batch: 46.2
Epoch 28/100 | Batch 10600/21973 | Loss: 1.1714 | BPB: 1.6900 | LR: 0.000010 | ms/batch: 46.2
Epoch 28/100 | Batch 10700/21973 | Loss: 1.1715 | BPB: 1.6900 | LR: 0.000010 | ms/batch: 46.2
Epoch 28/100 | Batch 10800/21973 | Loss: 1.1714 | BPB: 1.6900 | LR: 0.000010 | ms/batch: 46.2
Epoch 28/100 | Batch 10900/21973 | Loss: 1.1714 | BPB: 1.6900 | LR: 0.000010 | ms/batch: 46.2
Epoch 28/100 | Batch 11000/21973 | Loss: 1.1715 | BPB: 1.6901 | LR: 0.000010 | ms/batch: 46.2
Epoch 28/100 | Batch 11100/21973 | Loss: 1.1715 | BPB: 1.6901 | LR: 0.000010 | ms/batch: 46.2
Epoch 28/100 | Batch 11200/21973 | Loss: 1.1715 | BPB: 1.6901 | LR: 0.000010 | ms/batch: 46.2
Epoch 28/100 | Batch 11300/21973 | Loss: 1.1715 | BPB: 1.6901 | LR: 0.000010 | ms/batch: 46.2
Epoch 28/100 | Batch 11400/21973 | Loss: 1.1715 | BPB: 1.6901 | LR: 0.000010 | ms/batch: 46.2
Epoch 28/100 | Batch 11500/21973 | Loss: 1.1714 | BPB: 1.6900 | LR: 0.000010 | ms/batch: 46.2
Epoch 28/100 | Batch 11600/21973 | Loss: 1.1714 | BPB: 1.6900 | LR: 0.000010 | ms/batch: 46.2
Epoch 28/100 | Batch 11700/21973 | Loss: 1.1714 | BPB: 1.6900 | LR: 0.000010 | ms/batch: 46.2
Epoch 28/100 | Batch 11800/21973 | Loss: 1.1714 | BPB: 1.6900 | LR: 0.000010 | ms/batch: 46.2
Epoch 28/100 | Batch 11900/21973 | Loss: 1.1714 | BPB: 1.6900 | LR: 0.000010 | ms/batch: 46.2
Epoch 28/100 | Batch 12000/21973 | Loss: 1.1714 | BPB: 1.6900 | LR: 0.000010 | ms/batch: 46.2
Epoch 28/100 | Batch 12100/21973 | Loss: 1.1714 | BPB: 1.6900 | LR: 0.000010 | ms/batch: 46.2
Epoch 28/100 | Batch 12200/21973 | Loss: 1.1714 | BPB: 1.6900 | LR: 0.000010 | ms/batch: 46.2
Epoch 28/100 | Batch 12300/21973 | Loss: 1.1714 | BPB: 1.6900 | LR: 0.000010 | ms/batch: 46.2
Epoch 28/100 | Batch 12400/21973 | Loss: 1.1714 | BPB: 1.6900 | LR: 0.000010 | ms/batch: 46.2
Epoch 28/100 | Batch 12500/21973 | Loss: 1.1714 | BPB: 1.6899 | LR: 0.000010 | ms/batch: 46.2
Epoch 28/100 | Batch 12600/21973 | Loss: 1.1714 | BPB: 1.6899 | LR: 0.000010 | ms/batch: 46.2
Epoch 28/100 | Batch 12700/21973 | Loss: 1.1713 | BPB: 1.6899 | LR: 0.000010 | ms/batch: 46.2
Epoch 28/100 | Batch 12800/21973 | Loss: 1.1713 | BPB: 1.6899 | LR: 0.000010 | ms/batch: 46.2
Epoch 28/100 | Batch 12900/21973 | Loss: 1.1714 | BPB: 1.6899 | LR: 0.000010 | ms/batch: 46.2
Epoch 28/100 | Batch 13000/21973 | Loss: 1.1714 | BPB: 1.6899 | LR: 0.000010 | ms/batch: 46.2
Epoch 28/100 | Batch 13100/21973 | Loss: 1.1714 | BPB: 1.6899 | LR: 0.000010 | ms/batch: 46.2
Epoch 28/100 | Batch 13200/21973 | Loss: 1.1714 | BPB: 1.6899 | LR: 0.000010 | ms/batch: 46.2
Epoch 28/100 | Batch 13300/21973 | Loss: 1.1713 | BPB: 1.6899 | LR: 0.000010 | ms/batch: 46.2
Epoch 28/100 | Batch 13400/21973 | Loss: 1.1714 | BPB: 1.6899 | LR: 0.000010 | ms/batch: 46.2
Epoch 28/100 | Batch 13500/21973 | Loss: 1.1714 | BPB: 1.6899 | LR: 0.000010 | ms/batch: 46.2
Epoch 28/100 | Batch 13600/21973 | Loss: 1.1713 | BPB: 1.6899 | LR: 0.000010 | ms/batch: 46.2
Epoch 28/100 | Batch 13700/21973 | Loss: 1.1713 | BPB: 1.6899 | LR: 0.000010 | ms/batch: 46.2
Epoch 28/100 | Batch 13800/21973 | Loss: 1.1713 | BPB: 1.6899 | LR: 0.000010 | ms/batch: 46.2
Epoch 28/100 | Batch 13900/21973 | Loss: 1.1713 | BPB: 1.6899 | LR: 0.000010 | ms/batch: 46.2
Epoch 28/100 | Batch 14000/21973 | Loss: 1.1713 | BPB: 1.6898 | LR: 0.000010 | ms/batch: 46.2
Epoch 28/100 | Batch 14100/21973 | Loss: 1.1713 | BPB: 1.6899 | LR: 0.000010 | ms/batch: 46.2
Epoch 28/100 | Batch 14200/21973 | Loss: 1.1713 | BPB: 1.6898 | LR: 0.000010 | ms/batch: 46.2
Epoch 28/100 | Batch 14300/21973 | Loss: 1.1713 | BPB: 1.6898 | LR: 0.000010 | ms/batch: 46.2
Epoch 28/100 | Batch 14400/21973 | Loss: 1.1713 | BPB: 1.6898 | LR: 0.000010 | ms/batch: 46.2
Epoch 28/100 | Batch 14500/21973 | Loss: 1.1713 | BPB: 1.6898 | LR: 0.000010 | ms/batch: 46.2
Epoch 28/100 | Batch 14600/21973 | Loss: 1.1713 | BPB: 1.6898 | LR: 0.000010 | ms/batch: 46.2
Epoch 28/100 | Batch 14700/21973 | Loss: 1.1713 | BPB: 1.6898 | LR: 0.000010 | ms/batch: 46.2
Epoch 28/100 | Batch 14800/21973 | Loss: 1.1713 | BPB: 1.6898 | LR: 0.000010 | ms/batch: 46.2
Epoch 28/100 | Batch 14900/21973 | Loss: 1.1713 | BPB: 1.6899 | LR: 0.000010 | ms/batch: 46.2
Epoch 28/100 | Batch 15000/21973 | Loss: 1.1713 | BPB: 1.6899 | LR: 0.000010 | ms/batch: 46.2
Epoch 28/100 | Batch 15100/21973 | Loss: 1.1713 | BPB: 1.6898 | LR: 0.000010 | ms/batch: 46.2
Epoch 28/100 | Batch 15200/21973 | Loss: 1.1713 | BPB: 1.6899 | LR: 0.000010 | ms/batch: 46.2
Epoch 28/100 | Batch 15300/21973 | Loss: 1.1713 | BPB: 1.6899 | LR: 0.000010 | ms/batch: 46.2
Epoch 28/100 | Batch 15400/21973 | Loss: 1.1713 | BPB: 1.6899 | LR: 0.000010 | ms/batch: 46.2
Epoch 28/100 | Batch 15500/21973 | Loss: 1.1713 | BPB: 1.6898 | LR: 0.000010 | ms/batch: 46.2
Epoch 28/100 | Batch 15600/21973 | Loss: 1.1713 | BPB: 1.6898 | LR: 0.000010 | ms/batch: 46.2
Epoch 28/100 | Batch 15700/21973 | Loss: 1.1713 | BPB: 1.6898 | LR: 0.000010 | ms/batch: 46.2
Epoch 28/100 | Batch 15800/21973 | Loss: 1.1713 | BPB: 1.6898 | LR: 0.000010 | ms/batch: 46.2
Epoch 28/100 | Batch 15900/21973 | Loss: 1.1713 | BPB: 1.6898 | LR: 0.000010 | ms/batch: 46.2
Epoch 28/100 | Batch 16000/21973 | Loss: 1.1713 | BPB: 1.6899 | LR: 0.000010 | ms/batch: 46.2
Epoch 28/100 | Batch 16100/21973 | Loss: 1.1713 | BPB: 1.6899 | LR: 0.000010 | ms/batch: 46.2
Epoch 28/100 | Batch 16200/21973 | Loss: 1.1713 | BPB: 1.6898 | LR: 0.000010 | ms/batch: 46.2
Epoch 28/100 | Batch 16300/21973 | Loss: 1.1713 | BPB: 1.6898 | LR: 0.000010 | ms/batch: 46.2
Epoch 28/100 | Batch 16400/21973 | Loss: 1.1713 | BPB: 1.6898 | LR: 0.000010 | ms/batch: 46.2
Epoch 28/100 | Batch 16500/21973 | Loss: 1.1713 | BPB: 1.6898 | LR: 0.000010 | ms/batch: 46.2
Epoch 28/100 | Batch 16600/21973 | Loss: 1.1713 | BPB: 1.6898 | LR: 0.000010 | ms/batch: 46.2
Epoch 28/100 | Batch 16700/21973 | Loss: 1.1713 | BPB: 1.6898 | LR: 0.000010 | ms/batch: 46.2
Epoch 28/100 | Batch 16800/21973 | Loss: 1.1713 | BPB: 1.6898 | LR: 0.000010 | ms/batch: 46.2
Epoch 28/100 | Batch 16900/21973 | Loss: 1.1713 | BPB: 1.6898 | LR: 0.000010 | ms/batch: 46.2
Epoch 28/100 | Batch 17000/21973 | Loss: 1.1713 | BPB: 1.6898 | LR: 0.000010 | ms/batch: 46.2
Epoch 28/100 | Batch 17100/21973 | Loss: 1.1713 | BPB: 1.6898 | LR: 0.000010 | ms/batch: 46.2
Epoch 28/100 | Batch 17200/21973 | Loss: 1.1713 | BPB: 1.6898 | LR: 0.000010 | ms/batch: 46.2
Epoch 28/100 | Batch 17300/21973 | Loss: 1.1713 | BPB: 1.6898 | LR: 0.000010 | ms/batch: 46.2
Epoch 28/100 | Batch 17400/21973 | Loss: 1.1713 | BPB: 1.6898 | LR: 0.000010 | ms/batch: 46.2
Epoch 28/100 | Batch 17500/21973 | Loss: 1.1713 | BPB: 1.6898 | LR: 0.000010 | ms/batch: 46.2
Epoch 28/100 | Batch 17600/21973 | Loss: 1.1713 | BPB: 1.6898 | LR: 0.000010 | ms/batch: 46.2
Epoch 28/100 | Batch 17700/21973 | Loss: 1.1713 | BPB: 1.6898 | LR: 0.000010 | ms/batch: 46.2
Epoch 28/100 | Batch 17800/21973 | Loss: 1.1713 | BPB: 1.6898 | LR: 0.000010 | ms/batch: 46.3
Epoch 28/100 | Batch 17900/21973 | Loss: 1.1713 | BPB: 1.6898 | LR: 0.000010 | ms/batch: 46.3
Epoch 28/100 | Batch 18000/21973 | Loss: 1.1713 | BPB: 1.6898 | LR: 0.000010 | ms/batch: 46.3
Epoch 28/100 | Batch 18100/21973 | Loss: 1.1713 | BPB: 1.6898 | LR: 0.000010 | ms/batch: 46.3
Epoch 28/100 | Batch 18200/21973 | Loss: 1.1713 | BPB: 1.6898 | LR: 0.000010 | ms/batch: 46.3
Epoch 28/100 | Batch 18300/21973 | Loss: 1.1713 | BPB: 1.6898 | LR: 0.000010 | ms/batch: 46.3
Epoch 28/100 | Batch 18400/21973 | Loss: 1.1713 | BPB: 1.6898 | LR: 0.000010 | ms/batch: 46.3
Epoch 28/100 | Batch 18500/21973 | Loss: 1.1713 | BPB: 1.6898 | LR: 0.000010 | ms/batch: 46.3
Epoch 28/100 | Batch 18600/21973 | Loss: 1.1713 | BPB: 1.6898 | LR: 0.000010 | ms/batch: 46.3
Epoch 28/100 | Batch 18700/21973 | Loss: 1.1713 | BPB: 1.6898 | LR: 0.000010 | ms/batch: 46.3
Epoch 28/100 | Batch 18800/21973 | Loss: 1.1713 | BPB: 1.6898 | LR: 0.000010 | ms/batch: 46.3
Epoch 28/100 | Batch 18900/21973 | Loss: 1.1713 | BPB: 1.6898 | LR: 0.000010 | ms/batch: 46.3
Epoch 28/100 | Batch 19000/21973 | Loss: 1.1713 | BPB: 1.6898 | LR: 0.000010 | ms/batch: 46.3
Epoch 28/100 | Batch 19100/21973 | Loss: 1.1712 | BPB: 1.6898 | LR: 0.000010 | ms/batch: 46.3
Epoch 28/100 | Batch 19200/21973 | Loss: 1.1712 | BPB: 1.6897 | LR: 0.000010 | ms/batch: 46.3
Epoch 28/100 | Batch 19300/21973 | Loss: 1.1712 | BPB: 1.6897 | LR: 0.000010 | ms/batch: 46.3
Epoch 28/100 | Batch 19400/21973 | Loss: 1.1712 | BPB: 1.6897 | LR: 0.000010 | ms/batch: 46.3
Epoch 28/100 | Batch 19500/21973 | Loss: 1.1712 | BPB: 1.6897 | LR: 0.000010 | ms/batch: 46.3
Epoch 28/100 | Batch 19600/21973 | Loss: 1.1712 | BPB: 1.6897 | LR: 0.000010 | ms/batch: 46.3
Epoch 28/100 | Batch 19700/21973 | Loss: 1.1712 | BPB: 1.6897 | LR: 0.000010 | ms/batch: 46.3
Epoch 28/100 | Batch 19800/21973 | Loss: 1.1712 | BPB: 1.6897 | LR: 0.000010 | ms/batch: 46.3
Epoch 28/100 | Batch 19900/21973 | Loss: 1.1712 | BPB: 1.6898 | LR: 0.000010 | ms/batch: 46.3
Epoch 28/100 | Batch 20000/21973 | Loss: 1.1712 | BPB: 1.6897 | LR: 0.000010 | ms/batch: 46.3
Epoch 28/100 | Batch 20100/21973 | Loss: 1.1712 | BPB: 1.6897 | LR: 0.000010 | ms/batch: 46.3
Epoch 28/100 | Batch 20200/21973 | Loss: 1.1712 | BPB: 1.6897 | LR: 0.000010 | ms/batch: 46.3
Epoch 28/100 | Batch 20300/21973 | Loss: 1.1712 | BPB: 1.6897 | LR: 0.000010 | ms/batch: 46.3
Epoch 28/100 | Batch 20400/21973 | Loss: 1.1712 | BPB: 1.6897 | LR: 0.000010 | ms/batch: 46.3
Epoch 28/100 | Batch 20500/21973 | Loss: 1.1712 | BPB: 1.6897 | LR: 0.000010 | ms/batch: 46.3
Epoch 28/100 | Batch 20600/21973 | Loss: 1.1712 | BPB: 1.6897 | LR: 0.000010 | ms/batch: 46.3
Epoch 28/100 | Batch 20700/21973 | Loss: 1.1712 | BPB: 1.6897 | LR: 0.000010 | ms/batch: 46.3
Epoch 28/100 | Batch 20800/21973 | Loss: 1.1712 | BPB: 1.6897 | LR: 0.000010 | ms/batch: 46.3
Epoch 28/100 | Batch 20900/21973 | Loss: 1.1712 | BPB: 1.6897 | LR: 0.000010 | ms/batch: 46.3
Epoch 28/100 | Batch 21000/21973 | Loss: 1.1712 | BPB: 1.6897 | LR: 0.000010 | ms/batch: 46.3
Epoch 28/100 | Batch 21100/21973 | Loss: 1.1712 | BPB: 1.6897 | LR: 0.000010 | ms/batch: 46.3
Epoch 28/100 | Batch 21200/21973 | Loss: 1.1712 | BPB: 1.6897 | LR: 0.000010 | ms/batch: 46.3
Epoch 28/100 | Batch 21300/21973 | Loss: 1.1712 | BPB: 1.6897 | LR: 0.000010 | ms/batch: 46.3
Epoch 28/100 | Batch 21400/21973 | Loss: 1.1712 | BPB: 1.6897 | LR: 0.000010 | ms/batch: 46.3
Epoch 28/100 | Batch 21500/21973 | Loss: 1.1712 | BPB: 1.6897 | LR: 0.000010 | ms/batch: 46.3
Epoch 28/100 | Batch 21600/21973 | Loss: 1.1712 | BPB: 1.6897 | LR: 0.000010 | ms/batch: 46.3
Epoch 28/100 | Batch 21700/21973 | Loss: 1.1712 | BPB: 1.6897 | LR: 0.000010 | ms/batch: 46.3
Epoch 28/100 | Batch 21800/21973 | Loss: 1.1712 | BPB: 1.6897 | LR: 0.000010 | ms/batch: 46.3
Epoch 28/100 | Batch 21900/21973 | Loss: 1.1712 | BPB: 1.6897 | LR: 0.000010 | ms/batch: 46.3

Epoch 28/100 Summary:
Training Loss: 1.1712 (BPB: 1.6897)
Validation Loss: 0.8783 (BPB: 1.2671)
Best Validation Loss: 0.8783
Learning Rate: 0.000010
Epoch 29/100 | Batch 0/21973 | Loss: 1.1853 | BPB: 1.7100 | LR: 0.000010 | ms/batch: 125.3
Epoch 29/100 | Batch 100/21973 | Loss: 1.1709 | BPB: 1.6893 | LR: 0.000010 | ms/batch: 47.6
Epoch 29/100 | Batch 200/21973 | Loss: 1.1709 | BPB: 1.6893 | LR: 0.000010 | ms/batch: 46.9
Epoch 29/100 | Batch 300/21973 | Loss: 1.1712 | BPB: 1.6897 | LR: 0.000010 | ms/batch: 46.7
Epoch 29/100 | Batch 400/21973 | Loss: 1.1710 | BPB: 1.6894 | LR: 0.000010 | ms/batch: 46.6
Epoch 29/100 | Batch 500/21973 | Loss: 1.1708 | BPB: 1.6890 | LR: 0.000010 | ms/batch: 46.5
Epoch 29/100 | Batch 600/21973 | Loss: 1.1707 | BPB: 1.6890 | LR: 0.000010 | ms/batch: 46.6
Epoch 29/100 | Batch 700/21973 | Loss: 1.1709 | BPB: 1.6893 | LR: 0.000010 | ms/batch: 46.6
Epoch 29/100 | Batch 800/21973 | Loss: 1.1703 | BPB: 1.6884 | LR: 0.000010 | ms/batch: 46.5
Epoch 29/100 | Batch 900/21973 | Loss: 1.1705 | BPB: 1.6887 | LR: 0.000010 | ms/batch: 46.5
Epoch 29/100 | Batch 1000/21973 | Loss: 1.1709 | BPB: 1.6893 | LR: 0.000010 | ms/batch: 46.5
Epoch 29/100 | Batch 1100/21973 | Loss: 1.1708 | BPB: 1.6892 | LR: 0.000010 | ms/batch: 46.5
Epoch 29/100 | Batch 1200/21973 | Loss: 1.1709 | BPB: 1.6892 | LR: 0.000010 | ms/batch: 46.5
Epoch 29/100 | Batch 1300/21973 | Loss: 1.1710 | BPB: 1.6894 | LR: 0.000010 | ms/batch: 46.5
Epoch 29/100 | Batch 1400/21973 | Loss: 1.1708 | BPB: 1.6891 | LR: 0.000010 | ms/batch: 46.5
Epoch 29/100 | Batch 1500/21973 | Loss: 1.1710 | BPB: 1.6894 | LR: 0.000010 | ms/batch: 46.5
Epoch 29/100 | Batch 1600/21973 | Loss: 1.1709 | BPB: 1.6893 | LR: 0.000010 | ms/batch: 46.5
Epoch 29/100 | Batch 1700/21973 | Loss: 1.1709 | BPB: 1.6892 | LR: 0.000010 | ms/batch: 46.5
Epoch 29/100 | Batch 1800/21973 | Loss: 1.1706 | BPB: 1.6889 | LR: 0.000010 | ms/batch: 46.5
Epoch 29/100 | Batch 1900/21973 | Loss: 1.1707 | BPB: 1.6889 | LR: 0.000010 | ms/batch: 46.5
Epoch 29/100 | Batch 2000/21973 | Loss: 1.1708 | BPB: 1.6892 | LR: 0.000010 | ms/batch: 46.5
Epoch 29/100 | Batch 2100/21973 | Loss: 1.1707 | BPB: 1.6890 | LR: 0.000010 | ms/batch: 46.5
Epoch 29/100 | Batch 2200/21973 | Loss: 1.1708 | BPB: 1.6892 | LR: 0.000010 | ms/batch: 46.5
Epoch 29/100 | Batch 2300/21973 | Loss: 1.1707 | BPB: 1.6890 | LR: 0.000010 | ms/batch: 46.5
Epoch 29/100 | Batch 2400/21973 | Loss: 1.1707 | BPB: 1.6890 | LR: 0.000010 | ms/batch: 46.5
Epoch 29/100 | Batch 2500/21973 | Loss: 1.1708 | BPB: 1.6891 | LR: 0.000010 | ms/batch: 46.4
Epoch 29/100 | Batch 2600/21973 | Loss: 1.1709 | BPB: 1.6892 | LR: 0.000010 | ms/batch: 46.5
Epoch 29/100 | Batch 2700/21973 | Loss: 1.1709 | BPB: 1.6893 | LR: 0.000010 | ms/batch: 46.5
Epoch 29/100 | Batch 2800/21973 | Loss: 1.1709 | BPB: 1.6893 | LR: 0.000010 | ms/batch: 46.5
Epoch 29/100 | Batch 2900/21973 | Loss: 1.1710 | BPB: 1.6894 | LR: 0.000010 | ms/batch: 46.4
Epoch 29/100 | Batch 3000/21973 | Loss: 1.1709 | BPB: 1.6893 | LR: 0.000010 | ms/batch: 46.4
Epoch 29/100 | Batch 3100/21973 | Loss: 1.1709 | BPB: 1.6892 | LR: 0.000010 | ms/batch: 46.5
Epoch 29/100 | Batch 3200/21973 | Loss: 1.1709 | BPB: 1.6892 | LR: 0.000010 | ms/batch: 46.5
Epoch 29/100 | Batch 3300/21973 | Loss: 1.1709 | BPB: 1.6892 | LR: 0.000010 | ms/batch: 46.4
Epoch 29/100 | Batch 3400/21973 | Loss: 1.1708 | BPB: 1.6891 | LR: 0.000010 | ms/batch: 46.4
Epoch 29/100 | Batch 3500/21973 | Loss: 1.1708 | BPB: 1.6892 | LR: 0.000010 | ms/batch: 46.4
Epoch 29/100 | Batch 3600/21973 | Loss: 1.1708 | BPB: 1.6891 | LR: 0.000010 | ms/batch: 46.5
Epoch 29/100 | Batch 3700/21973 | Loss: 1.1708 | BPB: 1.6891 | LR: 0.000010 | ms/batch: 46.5
Epoch 29/100 | Batch 3800/21973 | Loss: 1.1709 | BPB: 1.6892 | LR: 0.000010 | ms/batch: 46.4
Epoch 29/100 | Batch 3900/21973 | Loss: 1.1709 | BPB: 1.6892 | LR: 0.000010 | ms/batch: 46.4
Epoch 29/100 | Batch 4000/21973 | Loss: 1.1709 | BPB: 1.6893 | LR: 0.000010 | ms/batch: 46.4
Epoch 29/100 | Batch 4100/21973 | Loss: 1.1708 | BPB: 1.6892 | LR: 0.000010 | ms/batch: 46.5
Epoch 29/100 | Batch 4200/21973 | Loss: 1.1708 | BPB: 1.6891 | LR: 0.000010 | ms/batch: 46.4
Epoch 29/100 | Batch 4300/21973 | Loss: 1.1709 | BPB: 1.6892 | LR: 0.000010 | ms/batch: 46.4
Epoch 29/100 | Batch 4400/21973 | Loss: 1.1708 | BPB: 1.6892 | LR: 0.000010 | ms/batch: 46.4
Epoch 29/100 | Batch 4500/21973 | Loss: 1.1709 | BPB: 1.6892 | LR: 0.000010 | ms/batch: 46.4
Epoch 29/100 | Batch 4600/21973 | Loss: 1.1709 | BPB: 1.6892 | LR: 0.000010 | ms/batch: 46.5
Epoch 29/100 | Batch 4700/21973 | Loss: 1.1709 | BPB: 1.6892 | LR: 0.000010 | ms/batch: 46.4
Epoch 29/100 | Batch 4800/21973 | Loss: 1.1709 | BPB: 1.6892 | LR: 0.000010 | ms/batch: 46.4
Epoch 29/100 | Batch 4900/21973 | Loss: 1.1709 | BPB: 1.6892 | LR: 0.000010 | ms/batch: 46.4
Epoch 29/100 | Batch 5000/21973 | Loss: 1.1709 | BPB: 1.6892 | LR: 0.000010 | ms/batch: 46.4
Epoch 29/100 | Batch 5100/21973 | Loss: 1.1708 | BPB: 1.6892 | LR: 0.000010 | ms/batch: 46.4
Epoch 29/100 | Batch 5200/21973 | Loss: 1.1708 | BPB: 1.6891 | LR: 0.000010 | ms/batch: 46.4
Epoch 29/100 | Batch 5300/21973 | Loss: 1.1708 | BPB: 1.6891 | LR: 0.000010 | ms/batch: 46.4
Epoch 29/100 | Batch 5400/21973 | Loss: 1.1709 | BPB: 1.6892 | LR: 0.000010 | ms/batch: 46.4
Epoch 29/100 | Batch 5500/21973 | Loss: 1.1709 | BPB: 1.6892 | LR: 0.000010 | ms/batch: 46.4
Epoch 29/100 | Batch 5600/21973 | Loss: 1.1709 | BPB: 1.6892 | LR: 0.000010 | ms/batch: 46.4
Epoch 29/100 | Batch 5700/21973 | Loss: 1.1709 | BPB: 1.6892 | LR: 0.000010 | ms/batch: 46.4
Epoch 29/100 | Batch 5800/21973 | Loss: 1.1708 | BPB: 1.6892 | LR: 0.000010 | ms/batch: 46.4
Epoch 29/100 | Batch 5900/21973 | Loss: 1.1708 | BPB: 1.6891 | LR: 0.000010 | ms/batch: 46.4
Epoch 29/100 | Batch 6000/21973 | Loss: 1.1708 | BPB: 1.6891 | LR: 0.000010 | ms/batch: 46.4
Epoch 29/100 | Batch 6100/21973 | Loss: 1.1708 | BPB: 1.6891 | LR: 0.000010 | ms/batch: 46.4
Epoch 29/100 | Batch 6200/21973 | Loss: 1.1708 | BPB: 1.6891 | LR: 0.000010 | ms/batch: 46.4
Epoch 29/100 | Batch 6300/21973 | Loss: 1.1708 | BPB: 1.6891 | LR: 0.000010 | ms/batch: 46.4
Epoch 29/100 | Batch 6400/21973 | Loss: 1.1708 | BPB: 1.6890 | LR: 0.000010 | ms/batch: 46.4
Epoch 29/100 | Batch 6500/21973 | Loss: 1.1708 | BPB: 1.6891 | LR: 0.000010 | ms/batch: 46.4
Epoch 29/100 | Batch 6600/21973 | Loss: 1.1708 | BPB: 1.6891 | LR: 0.000010 | ms/batch: 46.4
Epoch 29/100 | Batch 6700/21973 | Loss: 1.1708 | BPB: 1.6891 | LR: 0.000010 | ms/batch: 46.4
Epoch 29/100 | Batch 6800/21973 | Loss: 1.1708 | BPB: 1.6892 | LR: 0.000010 | ms/batch: 46.4
Epoch 29/100 | Batch 6900/21973 | Loss: 1.1708 | BPB: 1.6891 | LR: 0.000010 | ms/batch: 46.4
Epoch 29/100 | Batch 7000/21973 | Loss: 1.1708 | BPB: 1.6891 | LR: 0.000010 | ms/batch: 46.4
Epoch 29/100 | Batch 7100/21973 | Loss: 1.1708 | BPB: 1.6891 | LR: 0.000010 | ms/batch: 46.4
Epoch 29/100 | Batch 7200/21973 | Loss: 1.1708 | BPB: 1.6891 | LR: 0.000010 | ms/batch: 46.4
Epoch 29/100 | Batch 7300/21973 | Loss: 1.1708 | BPB: 1.6891 | LR: 0.000010 | ms/batch: 46.4
Epoch 29/100 | Batch 7400/21973 | Loss: 1.1708 | BPB: 1.6891 | LR: 0.000010 | ms/batch: 46.4
Epoch 29/100 | Batch 7500/21973 | Loss: 1.1708 | BPB: 1.6891 | LR: 0.000010 | ms/batch: 46.4
Epoch 29/100 | Batch 7600/21973 | Loss: 1.1708 | BPB: 1.6891 | LR: 0.000010 | ms/batch: 46.4
Epoch 29/100 | Batch 7700/21973 | Loss: 1.1708 | BPB: 1.6891 | LR: 0.000010 | ms/batch: 46.4
Epoch 29/100 | Batch 7800/21973 | Loss: 1.1708 | BPB: 1.6891 | LR: 0.000010 | ms/batch: 46.4
Epoch 29/100 | Batch 7900/21973 | Loss: 1.1708 | BPB: 1.6891 | LR: 0.000010 | ms/batch: 46.4
Epoch 29/100 | Batch 8000/21973 | Loss: 1.1708 | BPB: 1.6891 | LR: 0.000010 | ms/batch: 46.4
Epoch 29/100 | Batch 8100/21973 | Loss: 1.1708 | BPB: 1.6891 | LR: 0.000010 | ms/batch: 46.4
Epoch 29/100 | Batch 8200/21973 | Loss: 1.1708 | BPB: 1.6891 | LR: 0.000010 | ms/batch: 46.4
Epoch 29/100 | Batch 8300/21973 | Loss: 1.1708 | BPB: 1.6891 | LR: 0.000010 | ms/batch: 46.4
Epoch 29/100 | Batch 8400/21973 | Loss: 1.1709 | BPB: 1.6892 | LR: 0.000010 | ms/batch: 46.4
Epoch 29/100 | Batch 8500/21973 | Loss: 1.1709 | BPB: 1.6892 | LR: 0.000010 | ms/batch: 46.4
Epoch 29/100 | Batch 8600/21973 | Loss: 1.1709 | BPB: 1.6892 | LR: 0.000010 | ms/batch: 46.4
Epoch 29/100 | Batch 8700/21973 | Loss: 1.1709 | BPB: 1.6892 | LR: 0.000010 | ms/batch: 46.4
Epoch 29/100 | Batch 8800/21973 | Loss: 1.1709 | BPB: 1.6893 | LR: 0.000010 | ms/batch: 46.4
Epoch 29/100 | Batch 8900/21973 | Loss: 1.1710 | BPB: 1.6894 | LR: 0.000010 | ms/batch: 46.4
Epoch 29/100 | Batch 9000/21973 | Loss: 1.1710 | BPB: 1.6894 | LR: 0.000010 | ms/batch: 46.4
Epoch 29/100 | Batch 9100/21973 | Loss: 1.1710 | BPB: 1.6894 | LR: 0.000010 | ms/batch: 46.4
Epoch 29/100 | Batch 9200/21973 | Loss: 1.1710 | BPB: 1.6894 | LR: 0.000010 | ms/batch: 46.4
Epoch 29/100 | Batch 9300/21973 | Loss: 1.1710 | BPB: 1.6894 | LR: 0.000010 | ms/batch: 46.4
Epoch 29/100 | Batch 9400/21973 | Loss: 1.1710 | BPB: 1.6894 | LR: 0.000010 | ms/batch: 46.4
Epoch 29/100 | Batch 9500/21973 | Loss: 1.1710 | BPB: 1.6894 | LR: 0.000010 | ms/batch: 46.4
Epoch 29/100 | Batch 9600/21973 | Loss: 1.1710 | BPB: 1.6894 | LR: 0.000010 | ms/batch: 46.4
Epoch 29/100 | Batch 9700/21973 | Loss: 1.1710 | BPB: 1.6894 | LR: 0.000010 | ms/batch: 46.4
Epoch 29/100 | Batch 9800/21973 | Loss: 1.1710 | BPB: 1.6894 | LR: 0.000010 | ms/batch: 46.4
Epoch 29/100 | Batch 9900/21973 | Loss: 1.1710 | BPB: 1.6894 | LR: 0.000010 | ms/batch: 46.4
Epoch 29/100 | Batch 10000/21973 | Loss: 1.1710 | BPB: 1.6894 | LR: 0.000010 | ms/batch: 46.4
Epoch 29/100 | Batch 10100/21973 | Loss: 1.1710 | BPB: 1.6893 | LR: 0.000010 | ms/batch: 46.4
Epoch 29/100 | Batch 10200/21973 | Loss: 1.1710 | BPB: 1.6893 | LR: 0.000010 | ms/batch: 46.4
Epoch 29/100 | Batch 10300/21973 | Loss: 1.1710 | BPB: 1.6893 | LR: 0.000010 | ms/batch: 46.4
Epoch 29/100 | Batch 10400/21973 | Loss: 1.1709 | BPB: 1.6893 | LR: 0.000010 | ms/batch: 46.4
Epoch 29/100 | Batch 10500/21973 | Loss: 1.1709 | BPB: 1.6893 | LR: 0.000010 | ms/batch: 46.4
Epoch 29/100 | Batch 10600/21973 | Loss: 1.1709 | BPB: 1.6893 | LR: 0.000010 | ms/batch: 46.4
Epoch 29/100 | Batch 10700/21973 | Loss: 1.1709 | BPB: 1.6893 | LR: 0.000010 | ms/batch: 46.4
Epoch 29/100 | Batch 10800/21973 | Loss: 1.1709 | BPB: 1.6893 | LR: 0.000010 | ms/batch: 46.4
Epoch 29/100 | Batch 10900/21973 | Loss: 1.1710 | BPB: 1.6893 | LR: 0.000010 | ms/batch: 46.4
Epoch 29/100 | Batch 11000/21973 | Loss: 1.1710 | BPB: 1.6893 | LR: 0.000010 | ms/batch: 46.4
Epoch 29/100 | Batch 11100/21973 | Loss: 1.1709 | BPB: 1.6893 | LR: 0.000010 | ms/batch: 46.4
Epoch 29/100 | Batch 11200/21973 | Loss: 1.1710 | BPB: 1.6893 | LR: 0.000010 | ms/batch: 46.4
Epoch 29/100 | Batch 11300/21973 | Loss: 1.1709 | BPB: 1.6893 | LR: 0.000010 | ms/batch: 46.4
Epoch 29/100 | Batch 11400/21973 | Loss: 1.1710 | BPB: 1.6893 | LR: 0.000010 | ms/batch: 46.4
Epoch 29/100 | Batch 11500/21973 | Loss: 1.1710 | BPB: 1.6894 | LR: 0.000010 | ms/batch: 46.4
Epoch 29/100 | Batch 11600/21973 | Loss: 1.1710 | BPB: 1.6894 | LR: 0.000010 | ms/batch: 46.4
Epoch 29/100 | Batch 11700/21973 | Loss: 1.1710 | BPB: 1.6894 | LR: 0.000010 | ms/batch: 46.4
Epoch 29/100 | Batch 11800/21973 | Loss: 1.1710 | BPB: 1.6894 | LR: 0.000010 | ms/batch: 46.4
Epoch 29/100 | Batch 11900/21973 | Loss: 1.1710 | BPB: 1.6894 | LR: 0.000010 | ms/batch: 46.4
Epoch 29/100 | Batch 12000/21973 | Loss: 1.1710 | BPB: 1.6894 | LR: 0.000010 | ms/batch: 46.4
Epoch 29/100 | Batch 12100/21973 | Loss: 1.1710 | BPB: 1.6894 | LR: 0.000010 | ms/batch: 46.4
Epoch 29/100 | Batch 12200/21973 | Loss: 1.1710 | BPB: 1.6894 | LR: 0.000010 | ms/batch: 46.4
Epoch 29/100 | Batch 12300/21973 | Loss: 1.1710 | BPB: 1.6894 | LR: 0.000010 | ms/batch: 46.4
Epoch 29/100 | Batch 12400/21973 | Loss: 1.1710 | BPB: 1.6894 | LR: 0.000010 | ms/batch: 46.4
Epoch 29/100 | Batch 12500/21973 | Loss: 1.1710 | BPB: 1.6894 | LR: 0.000010 | ms/batch: 46.4
Epoch 29/100 | Batch 12600/21973 | Loss: 1.1710 | BPB: 1.6894 | LR: 0.000010 | ms/batch: 46.4
Epoch 29/100 | Batch 12700/21973 | Loss: 1.1710 | BPB: 1.6894 | LR: 0.000010 | ms/batch: 46.4
Epoch 29/100 | Batch 12800/21973 | Loss: 1.1710 | BPB: 1.6894 | LR: 0.000010 | ms/batch: 46.4
Epoch 29/100 | Batch 12900/21973 | Loss: 1.1710 | BPB: 1.6894 | LR: 0.000010 | ms/batch: 46.4
Epoch 29/100 | Batch 13000/21973 | Loss: 1.1710 | BPB: 1.6894 | LR: 0.000010 | ms/batch: 46.4
Epoch 29/100 | Batch 13100/21973 | Loss: 1.1710 | BPB: 1.6894 | LR: 0.000010 | ms/batch: 46.4
Epoch 29/100 | Batch 13200/21973 | Loss: 1.1710 | BPB: 1.6894 | LR: 0.000010 | ms/batch: 46.4
Epoch 29/100 | Batch 13300/21973 | Loss: 1.1710 | BPB: 1.6894 | LR: 0.000010 | ms/batch: 46.4
Epoch 29/100 | Batch 13400/21973 | Loss: 1.1710 | BPB: 1.6894 | LR: 0.000010 | ms/batch: 46.4
Epoch 29/100 | Batch 13500/21973 | Loss: 1.1710 | BPB: 1.6893 | LR: 0.000010 | ms/batch: 46.4
Epoch 29/100 | Batch 13600/21973 | Loss: 1.1710 | BPB: 1.6893 | LR: 0.000010 | ms/batch: 46.4
Epoch 29/100 | Batch 13700/21973 | Loss: 1.1710 | BPB: 1.6894 | LR: 0.000010 | ms/batch: 46.4
Epoch 29/100 | Batch 13800/21973 | Loss: 1.1710 | BPB: 1.6894 | LR: 0.000010 | ms/batch: 46.4
Epoch 29/100 | Batch 13900/21973 | Loss: 1.1710 | BPB: 1.6894 | LR: 0.000010 | ms/batch: 46.4
Epoch 29/100 | Batch 14000/21973 | Loss: 1.1710 | BPB: 1.6894 | LR: 0.000010 | ms/batch: 46.4
Epoch 29/100 | Batch 14100/21973 | Loss: 1.1710 | BPB: 1.6894 | LR: 0.000010 | ms/batch: 46.4
Epoch 29/100 | Batch 14200/21973 | Loss: 1.1710 | BPB: 1.6894 | LR: 0.000010 | ms/batch: 46.4
Epoch 29/100 | Batch 14300/21973 | Loss: 1.1710 | BPB: 1.6894 | LR: 0.000010 | ms/batch: 46.4
Epoch 29/100 | Batch 14400/21973 | Loss: 1.1710 | BPB: 1.6894 | LR: 0.000010 | ms/batch: 46.4
Epoch 29/100 | Batch 14500/21973 | Loss: 1.1710 | BPB: 1.6894 | LR: 0.000010 | ms/batch: 46.4
Epoch 29/100 | Batch 14600/21973 | Loss: 1.1710 | BPB: 1.6894 | LR: 0.000010 | ms/batch: 46.4
Epoch 29/100 | Batch 14700/21973 | Loss: 1.1710 | BPB: 1.6893 | LR: 0.000010 | ms/batch: 46.4
Epoch 29/100 | Batch 14800/21973 | Loss: 1.1710 | BPB: 1.6894 | LR: 0.000010 | ms/batch: 46.4
Epoch 29/100 | Batch 14900/21973 | Loss: 1.1710 | BPB: 1.6894 | LR: 0.000010 | ms/batch: 46.4
Epoch 29/100 | Batch 15000/21973 | Loss: 1.1710 | BPB: 1.6894 | LR: 0.000010 | ms/batch: 46.4
Epoch 29/100 | Batch 15100/21973 | Loss: 1.1710 | BPB: 1.6893 | LR: 0.000010 | ms/batch: 46.4
Epoch 29/100 | Batch 15200/21973 | Loss: 1.1710 | BPB: 1.6894 | LR: 0.000010 | ms/batch: 46.4
Epoch 29/100 | Batch 15300/21973 | Loss: 1.1710 | BPB: 1.6894 | LR: 0.000010 | ms/batch: 46.4
Epoch 29/100 | Batch 15400/21973 | Loss: 1.1710 | BPB: 1.6894 | LR: 0.000010 | ms/batch: 46.4
Epoch 29/100 | Batch 15500/21973 | Loss: 1.1710 | BPB: 1.6893 | LR: 0.000010 | ms/batch: 46.4
Epoch 29/100 | Batch 15600/21973 | Loss: 1.1710 | BPB: 1.6893 | LR: 0.000010 | ms/batch: 46.4
Epoch 29/100 | Batch 15700/21973 | Loss: 1.1710 | BPB: 1.6893 | LR: 0.000010 | ms/batch: 46.4
Epoch 29/100 | Batch 15800/21973 | Loss: 1.1710 | BPB: 1.6893 | LR: 0.000010 | ms/batch: 46.4
Epoch 29/100 | Batch 15900/21973 | Loss: 1.1710 | BPB: 1.6893 | LR: 0.000010 | ms/batch: 46.4
Epoch 29/100 | Batch 16000/21973 | Loss: 1.1709 | BPB: 1.6893 | LR: 0.000010 | ms/batch: 46.4
Epoch 29/100 | Batch 16100/21973 | Loss: 1.1709 | BPB: 1.6893 | LR: 0.000010 | ms/batch: 46.4
Epoch 29/100 | Batch 16200/21973 | Loss: 1.1709 | BPB: 1.6893 | LR: 0.000010 | ms/batch: 46.4
Epoch 29/100 | Batch 16300/21973 | Loss: 1.1709 | BPB: 1.6892 | LR: 0.000010 | ms/batch: 46.4
Epoch 29/100 | Batch 16400/21973 | Loss: 1.1709 | BPB: 1.6893 | LR: 0.000010 | ms/batch: 46.4
Epoch 29/100 | Batch 16500/21973 | Loss: 1.1709 | BPB: 1.6893 | LR: 0.000010 | ms/batch: 46.4
Epoch 29/100 | Batch 16600/21973 | Loss: 1.1709 | BPB: 1.6893 | LR: 0.000010 | ms/batch: 46.4
Epoch 29/100 | Batch 16700/21973 | Loss: 1.1709 | BPB: 1.6893 | LR: 0.000010 | ms/batch: 46.4
Epoch 29/100 | Batch 16800/21973 | Loss: 1.1709 | BPB: 1.6893 | LR: 0.000010 | ms/batch: 46.4
Epoch 29/100 | Batch 16900/21973 | Loss: 1.1709 | BPB: 1.6893 | LR: 0.000010 | ms/batch: 46.4
Epoch 29/100 | Batch 17000/21973 | Loss: 1.1709 | BPB: 1.6893 | LR: 0.000010 | ms/batch: 46.4
Epoch 29/100 | Batch 17100/21973 | Loss: 1.1709 | BPB: 1.6893 | LR: 0.000010 | ms/batch: 46.4
Epoch 29/100 | Batch 17200/21973 | Loss: 1.1710 | BPB: 1.6893 | LR: 0.000010 | ms/batch: 46.4
Epoch 29/100 | Batch 17300/21973 | Loss: 1.1710 | BPB: 1.6893 | LR: 0.000010 | ms/batch: 46.4
Epoch 29/100 | Batch 17400/21973 | Loss: 1.1710 | BPB: 1.6893 | LR: 0.000010 | ms/batch: 46.4
Epoch 29/100 | Batch 17500/21973 | Loss: 1.1710 | BPB: 1.6893 | LR: 0.000010 | ms/batch: 46.4
Epoch 29/100 | Batch 17600/21973 | Loss: 1.1710 | BPB: 1.6894 | LR: 0.000010 | ms/batch: 46.4
Epoch 29/100 | Batch 17700/21973 | Loss: 1.1710 | BPB: 1.6893 | LR: 0.000010 | ms/batch: 46.4
Epoch 29/100 | Batch 17800/21973 | Loss: 1.1710 | BPB: 1.6893 | LR: 0.000010 | ms/batch: 46.4
Epoch 29/100 | Batch 17900/21973 | Loss: 1.1710 | BPB: 1.6893 | LR: 0.000010 | ms/batch: 46.4
Epoch 29/100 | Batch 18000/21973 | Loss: 1.1710 | BPB: 1.6894 | LR: 0.000010 | ms/batch: 46.4
Epoch 29/100 | Batch 18100/21973 | Loss: 1.1710 | BPB: 1.6893 | LR: 0.000010 | ms/batch: 46.4
Epoch 29/100 | Batch 18200/21973 | Loss: 1.1710 | BPB: 1.6893 | LR: 0.000010 | ms/batch: 46.4
Epoch 29/100 | Batch 18300/21973 | Loss: 1.1710 | BPB: 1.6893 | LR: 0.000010 | ms/batch: 46.4
Epoch 29/100 | Batch 18400/21973 | Loss: 1.1709 | BPB: 1.6893 | LR: 0.000010 | ms/batch: 46.4
Epoch 29/100 | Batch 18500/21973 | Loss: 1.1709 | BPB: 1.6893 | LR: 0.000010 | ms/batch: 46.4
Epoch 29/100 | Batch 18600/21973 | Loss: 1.1709 | BPB: 1.6893 | LR: 0.000010 | ms/batch: 46.4
Epoch 29/100 | Batch 18700/21973 | Loss: 1.1709 | BPB: 1.6893 | LR: 0.000010 | ms/batch: 46.4
Epoch 29/100 | Batch 18800/21973 | Loss: 1.1709 | BPB: 1.6893 | LR: 0.000010 | ms/batch: 46.4
Epoch 29/100 | Batch 18900/21973 | Loss: 1.1709 | BPB: 1.6893 | LR: 0.000010 | ms/batch: 46.4
Epoch 29/100 | Batch 19000/21973 | Loss: 1.1709 | BPB: 1.6893 | LR: 0.000010 | ms/batch: 46.4
Epoch 29/100 | Batch 19100/21973 | Loss: 1.1709 | BPB: 1.6893 | LR: 0.000010 | ms/batch: 46.4
Epoch 29/100 | Batch 19200/21973 | Loss: 1.1709 | BPB: 1.6893 | LR: 0.000010 | ms/batch: 46.4
Epoch 29/100 | Batch 19300/21973 | Loss: 1.1709 | BPB: 1.6893 | LR: 0.000010 | ms/batch: 46.4
Epoch 29/100 | Batch 19400/21973 | Loss: 1.1709 | BPB: 1.6893 | LR: 0.000010 | ms/batch: 46.4
Epoch 29/100 | Batch 19500/21973 | Loss: 1.1709 | BPB: 1.6893 | LR: 0.000010 | ms/batch: 46.4
Epoch 29/100 | Batch 19600/21973 | Loss: 1.1709 | BPB: 1.6893 | LR: 0.000010 | ms/batch: 46.4
Epoch 29/100 | Batch 19700/21973 | Loss: 1.1709 | BPB: 1.6893 | LR: 0.000010 | ms/batch: 46.4
Epoch 29/100 | Batch 19800/21973 | Loss: 1.1709 | BPB: 1.6893 | LR: 0.000010 | ms/batch: 46.4
Epoch 29/100 | Batch 19900/21973 | Loss: 1.1709 | BPB: 1.6893 | LR: 0.000010 | ms/batch: 46.4
Epoch 29/100 | Batch 20000/21973 | Loss: 1.1709 | BPB: 1.6893 | LR: 0.000010 | ms/batch: 46.4
Epoch 29/100 | Batch 20100/21973 | Loss: 1.1709 | BPB: 1.6893 | LR: 0.000010 | ms/batch: 46.4
Epoch 29/100 | Batch 20200/21973 | Loss: 1.1709 | BPB: 1.6892 | LR: 0.000010 | ms/batch: 46.4
Epoch 29/100 | Batch 20300/21973 | Loss: 1.1709 | BPB: 1.6892 | LR: 0.000010 | ms/batch: 46.4
Epoch 29/100 | Batch 20400/21973 | Loss: 1.1709 | BPB: 1.6892 | LR: 0.000010 | ms/batch: 46.4
Epoch 29/100 | Batch 20500/21973 | Loss: 1.1709 | BPB: 1.6892 | LR: 0.000010 | ms/batch: 46.4
Epoch 29/100 | Batch 20600/21973 | Loss: 1.1709 | BPB: 1.6892 | LR: 0.000010 | ms/batch: 46.4
Epoch 29/100 | Batch 20700/21973 | Loss: 1.1709 | BPB: 1.6892 | LR: 0.000010 | ms/batch: 46.4
Epoch 29/100 | Batch 20800/21973 | Loss: 1.1709 | BPB: 1.6892 | LR: 0.000010 | ms/batch: 46.4
Epoch 29/100 | Batch 20900/21973 | Loss: 1.1709 | BPB: 1.6892 | LR: 0.000010 | ms/batch: 46.4
Epoch 29/100 | Batch 21000/21973 | Loss: 1.1709 | BPB: 1.6892 | LR: 0.000010 | ms/batch: 46.4
Epoch 29/100 | Batch 21100/21973 | Loss: 1.1708 | BPB: 1.6892 | LR: 0.000010 | ms/batch: 46.4
Epoch 29/100 | Batch 21200/21973 | Loss: 1.1708 | BPB: 1.6892 | LR: 0.000010 | ms/batch: 46.4
Epoch 29/100 | Batch 21300/21973 | Loss: 1.1709 | BPB: 1.6892 | LR: 0.000010 | ms/batch: 46.4
Epoch 29/100 | Batch 21400/21973 | Loss: 1.1708 | BPB: 1.6892 | LR: 0.000010 | ms/batch: 46.4
Epoch 29/100 | Batch 21500/21973 | Loss: 1.1708 | BPB: 1.6892 | LR: 0.000010 | ms/batch: 46.4
Epoch 29/100 | Batch 21600/21973 | Loss: 1.1708 | BPB: 1.6892 | LR: 0.000010 | ms/batch: 46.4
Epoch 29/100 | Batch 21700/21973 | Loss: 1.1708 | BPB: 1.6891 | LR: 0.000010 | ms/batch: 46.4
Epoch 29/100 | Batch 21800/21973 | Loss: 1.1708 | BPB: 1.6892 | LR: 0.000010 | ms/batch: 46.4
Epoch 29/100 | Batch 21900/21973 | Loss: 1.1708 | BPB: 1.6891 | LR: 0.000010 | ms/batch: 46.4

Epoch 29/100 Summary:
Training Loss: 1.1708 (BPB: 1.6891)
Validation Loss: 0.8783 (BPB: 1.2671)
Best Validation Loss: 0.8783
Learning Rate: 0.000010
Epoch 30/100 | Batch 0/21973 | Loss: 1.1481 | BPB: 1.6564 | LR: 0.000010 | ms/batch: 123.6
Epoch 30/100 | Batch 100/21973 | Loss: 1.1726 | BPB: 1.6917 | LR: 0.000010 | ms/batch: 47.6
Epoch 30/100 | Batch 200/21973 | Loss: 1.1703 | BPB: 1.6884 | LR: 0.000010 | ms/batch: 46.9
Epoch 30/100 | Batch 300/21973 | Loss: 1.1704 | BPB: 1.6885 | LR: 0.000010 | ms/batch: 46.7
Epoch 30/100 | Batch 400/21973 | Loss: 1.1710 | BPB: 1.6893 | LR: 0.000010 | ms/batch: 46.6
Epoch 30/100 | Batch 500/21973 | Loss: 1.1705 | BPB: 1.6887 | LR: 0.000010 | ms/batch: 46.5
Epoch 30/100 | Batch 600/21973 | Loss: 1.1706 | BPB: 1.6889 | LR: 0.000010 | ms/batch: 46.6
Epoch 30/100 | Batch 700/21973 | Loss: 1.1708 | BPB: 1.6891 | LR: 0.000010 | ms/batch: 46.6
Epoch 30/100 | Batch 800/21973 | Loss: 1.1705 | BPB: 1.6887 | LR: 0.000010 | ms/batch: 46.5
Epoch 30/100 | Batch 900/21973 | Loss: 1.1702 | BPB: 1.6882 | LR: 0.000010 | ms/batch: 46.5
Epoch 30/100 | Batch 1000/21973 | Loss: 1.1699 | BPB: 1.6879 | LR: 0.000010 | ms/batch: 46.5
Epoch 30/100 | Batch 1100/21973 | Loss: 1.1698 | BPB: 1.6876 | LR: 0.000010 | ms/batch: 46.5
Epoch 30/100 | Batch 1200/21973 | Loss: 1.1697 | BPB: 1.6875 | LR: 0.000010 | ms/batch: 46.5
Epoch 30/100 | Batch 1300/21973 | Loss: 1.1698 | BPB: 1.6876 | LR: 0.000010 | ms/batch: 46.5
Epoch 30/100 | Batch 1400/21973 | Loss: 1.1700 | BPB: 1.6879 | LR: 0.000010 | ms/batch: 46.5
Epoch 30/100 | Batch 1500/21973 | Loss: 1.1699 | BPB: 1.6878 | LR: 0.000010 | ms/batch: 46.5
Epoch 30/100 | Batch 1600/21973 | Loss: 1.1699 | BPB: 1.6879 | LR: 0.000010 | ms/batch: 46.5
Epoch 30/100 | Batch 1700/21973 | Loss: 1.1702 | BPB: 1.6882 | LR: 0.000010 | ms/batch: 46.5
Epoch 30/100 | Batch 1800/21973 | Loss: 1.1703 | BPB: 1.6884 | LR: 0.000010 | ms/batch: 46.5
Epoch 30/100 | Batch 1900/21973 | Loss: 1.1703 | BPB: 1.6884 | LR: 0.000010 | ms/batch: 46.5
Epoch 30/100 | Batch 2000/21973 | Loss: 1.1705 | BPB: 1.6887 | LR: 0.000010 | ms/batch: 46.5
Epoch 30/100 | Batch 2100/21973 | Loss: 1.1705 | BPB: 1.6887 | LR: 0.000010 | ms/batch: 46.5
Epoch 30/100 | Batch 2200/21973 | Loss: 1.1705 | BPB: 1.6887 | LR: 0.000010 | ms/batch: 46.5
Epoch 30/100 | Batch 2300/21973 | Loss: 1.1705 | BPB: 1.6887 | LR: 0.000010 | ms/batch: 46.5
Epoch 30/100 | Batch 2400/21973 | Loss: 1.1705 | BPB: 1.6887 | LR: 0.000010 | ms/batch: 46.5
Epoch 30/100 | Batch 2500/21973 | Loss: 1.1704 | BPB: 1.6886 | LR: 0.000010 | ms/batch: 46.4
Epoch 30/100 | Batch 2600/21973 | Loss: 1.1705 | BPB: 1.6886 | LR: 0.000010 | ms/batch: 46.5
Epoch 30/100 | Batch 2700/21973 | Loss: 1.1704 | BPB: 1.6885 | LR: 0.000010 | ms/batch: 46.5
Epoch 30/100 | Batch 2800/21973 | Loss: 1.1703 | BPB: 1.6885 | LR: 0.000010 | ms/batch: 46.5
Epoch 30/100 | Batch 2900/21973 | Loss: 1.1704 | BPB: 1.6885 | LR: 0.000010 | ms/batch: 46.4
Epoch 30/100 | Batch 3000/21973 | Loss: 1.1704 | BPB: 1.6885 | LR: 0.000010 | ms/batch: 46.4
Epoch 30/100 | Batch 3100/21973 | Loss: 1.1703 | BPB: 1.6884 | LR: 0.000010 | ms/batch: 46.5
Epoch 30/100 | Batch 3200/21973 | Loss: 1.1703 | BPB: 1.6884 | LR: 0.000010 | ms/batch: 46.4
Epoch 30/100 | Batch 3300/21973 | Loss: 1.1703 | BPB: 1.6883 | LR: 0.000010 | ms/batch: 46.4
Epoch 30/100 | Batch 3400/21973 | Loss: 1.1703 | BPB: 1.6884 | LR: 0.000010 | ms/batch: 46.4
Epoch 30/100 | Batch 3500/21973 | Loss: 1.1703 | BPB: 1.6884 | LR: 0.000010 | ms/batch: 46.4
Epoch 30/100 | Batch 3600/21973 | Loss: 1.1704 | BPB: 1.6886 | LR: 0.000010 | ms/batch: 46.5
Epoch 30/100 | Batch 3700/21973 | Loss: 1.1705 | BPB: 1.6886 | LR: 0.000010 | ms/batch: 46.4
Epoch 30/100 | Batch 3800/21973 | Loss: 1.1705 | BPB: 1.6887 | LR: 0.000010 | ms/batch: 46.4
Epoch 30/100 | Batch 3900/21973 | Loss: 1.1705 | BPB: 1.6886 | LR: 0.000010 | ms/batch: 46.4
Epoch 30/100 | Batch 4000/21973 | Loss: 1.1704 | BPB: 1.6886 | LR: 0.000010 | ms/batch: 46.4
Epoch 30/100 | Batch 4100/21973 | Loss: 1.1705 | BPB: 1.6887 | LR: 0.000010 | ms/batch: 46.4
Epoch 30/100 | Batch 4200/21973 | Loss: 1.1705 | BPB: 1.6887 | LR: 0.000010 | ms/batch: 46.4
Epoch 30/100 | Batch 4300/21973 | Loss: 1.1705 | BPB: 1.6887 | LR: 0.000010 | ms/batch: 46.4
Epoch 30/100 | Batch 4400/21973 | Loss: 1.1705 | BPB: 1.6887 | LR: 0.000010 | ms/batch: 46.4
Epoch 30/100 | Batch 4500/21973 | Loss: 1.1704 | BPB: 1.6886 | LR: 0.000010 | ms/batch: 46.4
Epoch 30/100 | Batch 4600/21973 | Loss: 1.1704 | BPB: 1.6886 | LR: 0.000010 | ms/batch: 46.4
Epoch 30/100 | Batch 4700/21973 | Loss: 1.1704 | BPB: 1.6886 | LR: 0.000010 | ms/batch: 46.4
Epoch 30/100 | Batch 4800/21973 | Loss: 1.1704 | BPB: 1.6885 | LR: 0.000010 | ms/batch: 46.4
Epoch 30/100 | Batch 4900/21973 | Loss: 1.1704 | BPB: 1.6885 | LR: 0.000010 | ms/batch: 46.4
Epoch 30/100 | Batch 5000/21973 | Loss: 1.1704 | BPB: 1.6885 | LR: 0.000010 | ms/batch: 46.4
Epoch 30/100 | Batch 5100/21973 | Loss: 1.1704 | BPB: 1.6885 | LR: 0.000010 | ms/batch: 46.4
Epoch 30/100 | Batch 5200/21973 | Loss: 1.1704 | BPB: 1.6885 | LR: 0.000010 | ms/batch: 46.4
Epoch 30/100 | Batch 5300/21973 | Loss: 1.1704 | BPB: 1.6885 | LR: 0.000010 | ms/batch: 46.4
Epoch 30/100 | Batch 5400/21973 | Loss: 1.1704 | BPB: 1.6885 | LR: 0.000010 | ms/batch: 46.4
Epoch 30/100 | Batch 5500/21973 | Loss: 1.1704 | BPB: 1.6886 | LR: 0.000010 | ms/batch: 46.4
Epoch 30/100 | Batch 5600/21973 | Loss: 1.1705 | BPB: 1.6886 | LR: 0.000010 | ms/batch: 46.4
Epoch 30/100 | Batch 5700/21973 | Loss: 1.1704 | BPB: 1.6886 | LR: 0.000010 | ms/batch: 46.4
Epoch 30/100 | Batch 5800/21973 | Loss: 1.1705 | BPB: 1.6886 | LR: 0.000010 | ms/batch: 46.4
Epoch 30/100 | Batch 5900/21973 | Loss: 1.1705 | BPB: 1.6887 | LR: 0.000010 | ms/batch: 46.4
Epoch 30/100 | Batch 6000/21973 | Loss: 1.1705 | BPB: 1.6887 | LR: 0.000010 | ms/batch: 46.4
Epoch 30/100 | Batch 6100/21973 | Loss: 1.1706 | BPB: 1.6888 | LR: 0.000010 | ms/batch: 46.4
Epoch 30/100 | Batch 6200/21973 | Loss: 1.1706 | BPB: 1.6888 | LR: 0.000010 | ms/batch: 46.4
Epoch 30/100 | Batch 6300/21973 | Loss: 1.1706 | BPB: 1.6888 | LR: 0.000010 | ms/batch: 46.4
Epoch 30/100 | Batch 6400/21973 | Loss: 1.1705 | BPB: 1.6887 | LR: 0.000010 | ms/batch: 46.4
Epoch 30/100 | Batch 6500/21973 | Loss: 1.1705 | BPB: 1.6887 | LR: 0.000010 | ms/batch: 46.4
Epoch 30/100 | Batch 6600/21973 | Loss: 1.1705 | BPB: 1.6887 | LR: 0.000010 | ms/batch: 46.4
Epoch 30/100 | Batch 6700/21973 | Loss: 1.1705 | BPB: 1.6887 | LR: 0.000010 | ms/batch: 46.4
Epoch 30/100 | Batch 6800/21973 | Loss: 1.1705 | BPB: 1.6887 | LR: 0.000010 | ms/batch: 46.4
Epoch 30/100 | Batch 6900/21973 | Loss: 1.1705 | BPB: 1.6886 | LR: 0.000010 | ms/batch: 46.4
Epoch 30/100 | Batch 7000/21973 | Loss: 1.1705 | BPB: 1.6886 | LR: 0.000010 | ms/batch: 46.4
Epoch 30/100 | Batch 7100/21973 | Loss: 1.1704 | BPB: 1.6886 | LR: 0.000010 | ms/batch: 46.4
Epoch 30/100 | Batch 7200/21973 | Loss: 1.1705 | BPB: 1.6886 | LR: 0.000010 | ms/batch: 46.4
Epoch 30/100 | Batch 7300/21973 | Loss: 1.1705 | BPB: 1.6886 | LR: 0.000010 | ms/batch: 46.4
Epoch 30/100 | Batch 7400/21973 | Loss: 1.1705 | BPB: 1.6886 | LR: 0.000010 | ms/batch: 46.4
Epoch 30/100 | Batch 7500/21973 | Loss: 1.1705 | BPB: 1.6887 | LR: 0.000010 | ms/batch: 46.4
Epoch 30/100 | Batch 7600/21973 | Loss: 1.1705 | BPB: 1.6887 | LR: 0.000010 | ms/batch: 46.4
Epoch 30/100 | Batch 7700/21973 | Loss: 1.1705 | BPB: 1.6887 | LR: 0.000010 | ms/batch: 46.4
Epoch 30/100 | Batch 7800/21973 | Loss: 1.1705 | BPB: 1.6887 | LR: 0.000010 | ms/batch: 46.4
Epoch 30/100 | Batch 7900/21973 | Loss: 1.1705 | BPB: 1.6886 | LR: 0.000010 | ms/batch: 46.4
Epoch 30/100 | Batch 8000/21973 | Loss: 1.1705 | BPB: 1.6887 | LR: 0.000010 | ms/batch: 46.4
Epoch 30/100 | Batch 8100/21973 | Loss: 1.1705 | BPB: 1.6886 | LR: 0.000010 | ms/batch: 46.4
Epoch 30/100 | Batch 8200/21973 | Loss: 1.1705 | BPB: 1.6886 | LR: 0.000010 | ms/batch: 46.4
Epoch 30/100 | Batch 8300/21973 | Loss: 1.1704 | BPB: 1.6886 | LR: 0.000010 | ms/batch: 46.4
Epoch 30/100 | Batch 8400/21973 | Loss: 1.1704 | BPB: 1.6886 | LR: 0.000010 | ms/batch: 46.4
Epoch 30/100 | Batch 8500/21973 | Loss: 1.1704 | BPB: 1.6886 | LR: 0.000010 | ms/batch: 46.4
Epoch 30/100 | Batch 8600/21973 | Loss: 1.1704 | BPB: 1.6885 | LR: 0.000010 | ms/batch: 46.4
Epoch 30/100 | Batch 8700/21973 | Loss: 1.1704 | BPB: 1.6885 | LR: 0.000010 | ms/batch: 46.4
Epoch 30/100 | Batch 8800/21973 | Loss: 1.1703 | BPB: 1.6884 | LR: 0.000010 | ms/batch: 46.4
Epoch 30/100 | Batch 8900/21973 | Loss: 1.1703 | BPB: 1.6884 | LR: 0.000010 | ms/batch: 46.4
Epoch 30/100 | Batch 9000/21973 | Loss: 1.1703 | BPB: 1.6885 | LR: 0.000010 | ms/batch: 46.4
Epoch 30/100 | Batch 9100/21973 | Loss: 1.1703 | BPB: 1.6884 | LR: 0.000010 | ms/batch: 46.4
Epoch 30/100 | Batch 9200/21973 | Loss: 1.1703 | BPB: 1.6884 | LR: 0.000010 | ms/batch: 46.4
Epoch 30/100 | Batch 9300/21973 | Loss: 1.1703 | BPB: 1.6884 | LR: 0.000010 | ms/batch: 46.4
Epoch 30/100 | Batch 9400/21973 | Loss: 1.1703 | BPB: 1.6884 | LR: 0.000010 | ms/batch: 46.4
Epoch 30/100 | Batch 9500/21973 | Loss: 1.1703 | BPB: 1.6884 | LR: 0.000010 | ms/batch: 46.4
Epoch 30/100 | Batch 9600/21973 | Loss: 1.1704 | BPB: 1.6885 | LR: 0.000010 | ms/batch: 46.4
Epoch 30/100 | Batch 9700/21973 | Loss: 1.1703 | BPB: 1.6885 | LR: 0.000010 | ms/batch: 46.4
Epoch 30/100 | Batch 9800/21973 | Loss: 1.1703 | BPB: 1.6885 | LR: 0.000010 | ms/batch: 46.4
Epoch 30/100 | Batch 9900/21973 | Loss: 1.1703 | BPB: 1.6884 | LR: 0.000010 | ms/batch: 46.4
Epoch 30/100 | Batch 10000/21973 | Loss: 1.1703 | BPB: 1.6884 | LR: 0.000010 | ms/batch: 46.4
Epoch 30/100 | Batch 10100/21973 | Loss: 1.1703 | BPB: 1.6884 | LR: 0.000010 | ms/batch: 46.4
Epoch 30/100 | Batch 10200/21973 | Loss: 1.1703 | BPB: 1.6884 | LR: 0.000010 | ms/batch: 46.4
Epoch 30/100 | Batch 10300/21973 | Loss: 1.1703 | BPB: 1.6884 | LR: 0.000010 | ms/batch: 46.4
Epoch 30/100 | Batch 10400/21973 | Loss: 1.1703 | BPB: 1.6884 | LR: 0.000010 | ms/batch: 46.4
Epoch 30/100 | Batch 10500/21973 | Loss: 1.1703 | BPB: 1.6884 | LR: 0.000010 | ms/batch: 46.4
Epoch 30/100 | Batch 10600/21973 | Loss: 1.1703 | BPB: 1.6884 | LR: 0.000010 | ms/batch: 46.4
Epoch 30/100 | Batch 10700/21973 | Loss: 1.1703 | BPB: 1.6884 | LR: 0.000010 | ms/batch: 46.4
Epoch 30/100 | Batch 10800/21973 | Loss: 1.1703 | BPB: 1.6884 | LR: 0.000010 | ms/batch: 46.4
Epoch 30/100 | Batch 10900/21973 | Loss: 1.1703 | BPB: 1.6884 | LR: 0.000010 | ms/batch: 46.4
Epoch 30/100 | Batch 11000/21973 | Loss: 1.1703 | BPB: 1.6884 | LR: 0.000010 | ms/batch: 46.4
Epoch 30/100 | Batch 11100/21973 | Loss: 1.1703 | BPB: 1.6884 | LR: 0.000010 | ms/batch: 46.4
Epoch 30/100 | Batch 11200/21973 | Loss: 1.1703 | BPB: 1.6884 | LR: 0.000010 | ms/batch: 46.4
Epoch 30/100 | Batch 11300/21973 | Loss: 1.1703 | BPB: 1.6884 | LR: 0.000010 | ms/batch: 46.4
Epoch 30/100 | Batch 11400/21973 | Loss: 1.1703 | BPB: 1.6884 | LR: 0.000010 | ms/batch: 46.4
Epoch 30/100 | Batch 11500/21973 | Loss: 1.1703 | BPB: 1.6884 | LR: 0.000010 | ms/batch: 46.4
Epoch 30/100 | Batch 11600/21973 | Loss: 1.1703 | BPB: 1.6884 | LR: 0.000010 | ms/batch: 46.4
Epoch 30/100 | Batch 11700/21973 | Loss: 1.1703 | BPB: 1.6884 | LR: 0.000010 | ms/batch: 46.4
Epoch 30/100 | Batch 11800/21973 | Loss: 1.1703 | BPB: 1.6884 | LR: 0.000010 | ms/batch: 46.4
Epoch 30/100 | Batch 11900/21973 | Loss: 1.1703 | BPB: 1.6883 | LR: 0.000010 | ms/batch: 46.4
Epoch 30/100 | Batch 12000/21973 | Loss: 1.1703 | BPB: 1.6884 | LR: 0.000010 | ms/batch: 46.4
Epoch 30/100 | Batch 12100/21973 | Loss: 1.1703 | BPB: 1.6883 | LR: 0.000010 | ms/batch: 46.4
Epoch 30/100 | Batch 12200/21973 | Loss: 1.1703 | BPB: 1.6884 | LR: 0.000010 | ms/batch: 46.4
Epoch 30/100 | Batch 12300/21973 | Loss: 1.1703 | BPB: 1.6884 | LR: 0.000010 | ms/batch: 46.4
Epoch 30/100 | Batch 12400/21973 | Loss: 1.1703 | BPB: 1.6884 | LR: 0.000010 | ms/batch: 46.4
Epoch 30/100 | Batch 12500/21973 | Loss: 1.1703 | BPB: 1.6884 | LR: 0.000010 | ms/batch: 46.4
Epoch 30/100 | Batch 12600/21973 | Loss: 1.1703 | BPB: 1.6884 | LR: 0.000010 | ms/batch: 46.4
Epoch 30/100 | Batch 12700/21973 | Loss: 1.1703 | BPB: 1.6884 | LR: 0.000010 | ms/batch: 46.4
Epoch 30/100 | Batch 12800/21973 | Loss: 1.1704 | BPB: 1.6885 | LR: 0.000010 | ms/batch: 46.4
Epoch 30/100 | Batch 12900/21973 | Loss: 1.1703 | BPB: 1.6884 | LR: 0.000010 | ms/batch: 46.4
Epoch 30/100 | Batch 13000/21973 | Loss: 1.1703 | BPB: 1.6884 | LR: 0.000010 | ms/batch: 46.4
Epoch 30/100 | Batch 13100/21973 | Loss: 1.1703 | BPB: 1.6884 | LR: 0.000010 | ms/batch: 46.4
Epoch 30/100 | Batch 13200/21973 | Loss: 1.1703 | BPB: 1.6885 | LR: 0.000010 | ms/batch: 46.4
Epoch 30/100 | Batch 13300/21973 | Loss: 1.1703 | BPB: 1.6885 | LR: 0.000010 | ms/batch: 46.4
Epoch 30/100 | Batch 13400/21973 | Loss: 1.1703 | BPB: 1.6884 | LR: 0.000010 | ms/batch: 46.4
Epoch 30/100 | Batch 13500/21973 | Loss: 1.1703 | BPB: 1.6884 | LR: 0.000010 | ms/batch: 46.4
Epoch 30/100 | Batch 13600/21973 | Loss: 1.1703 | BPB: 1.6885 | LR: 0.000010 | ms/batch: 46.4
Epoch 30/100 | Batch 13700/21973 | Loss: 1.1703 | BPB: 1.6884 | LR: 0.000010 | ms/batch: 46.4
Epoch 30/100 | Batch 13800/21973 | Loss: 1.1703 | BPB: 1.6884 | LR: 0.000010 | ms/batch: 46.4
Epoch 30/100 | Batch 13900/21973 | Loss: 1.1703 | BPB: 1.6884 | LR: 0.000010 | ms/batch: 46.4
Epoch 30/100 | Batch 14000/21973 | Loss: 1.1703 | BPB: 1.6884 | LR: 0.000010 | ms/batch: 46.4
Epoch 30/100 | Batch 14100/21973 | Loss: 1.1703 | BPB: 1.6884 | LR: 0.000010 | ms/batch: 46.4
Epoch 30/100 | Batch 14200/21973 | Loss: 1.1704 | BPB: 1.6885 | LR: 0.000010 | ms/batch: 46.4
Epoch 30/100 | Batch 14300/21973 | Loss: 1.1704 | BPB: 1.6885 | LR: 0.000010 | ms/batch: 46.4
Epoch 30/100 | Batch 14400/21973 | Loss: 1.1704 | BPB: 1.6885 | LR: 0.000010 | ms/batch: 46.4
Epoch 30/100 | Batch 14500/21973 | Loss: 1.1704 | BPB: 1.6885 | LR: 0.000010 | ms/batch: 46.4
Epoch 30/100 | Batch 14600/21973 | Loss: 1.1704 | BPB: 1.6885 | LR: 0.000010 | ms/batch: 46.4
Epoch 30/100 | Batch 14700/21973 | Loss: 1.1704 | BPB: 1.6885 | LR: 0.000010 | ms/batch: 46.4
Epoch 30/100 | Batch 14800/21973 | Loss: 1.1704 | BPB: 1.6885 | LR: 0.000010 | ms/batch: 46.4
Epoch 30/100 | Batch 14900/21973 | Loss: 1.1704 | BPB: 1.6885 | LR: 0.000010 | ms/batch: 46.4
Epoch 30/100 | Batch 15000/21973 | Loss: 1.1704 | BPB: 1.6885 | LR: 0.000010 | ms/batch: 46.4
Epoch 30/100 | Batch 15100/21973 | Loss: 1.1704 | BPB: 1.6885 | LR: 0.000010 | ms/batch: 46.4
Epoch 30/100 | Batch 15200/21973 | Loss: 1.1704 | BPB: 1.6885 | LR: 0.000010 | ms/batch: 46.4
Epoch 30/100 | Batch 15300/21973 | Loss: 1.1704 | BPB: 1.6885 | LR: 0.000010 | ms/batch: 46.4
Epoch 30/100 | Batch 15400/21973 | Loss: 1.1704 | BPB: 1.6885 | LR: 0.000010 | ms/batch: 46.4
Epoch 30/100 | Batch 15500/21973 | Loss: 1.1704 | BPB: 1.6885 | LR: 0.000010 | ms/batch: 46.4
Epoch 30/100 | Batch 15600/21973 | Loss: 1.1704 | BPB: 1.6885 | LR: 0.000010 | ms/batch: 46.4
Epoch 30/100 | Batch 15700/21973 | Loss: 1.1704 | BPB: 1.6885 | LR: 0.000010 | ms/batch: 46.4
Epoch 30/100 | Batch 15800/21973 | Loss: 1.1704 | BPB: 1.6885 | LR: 0.000010 | ms/batch: 46.4
Epoch 30/100 | Batch 15900/21973 | Loss: 1.1704 | BPB: 1.6885 | LR: 0.000010 | ms/batch: 46.4
Epoch 30/100 | Batch 16000/21973 | Loss: 1.1704 | BPB: 1.6885 | LR: 0.000010 | ms/batch: 46.4
Epoch 30/100 | Batch 16100/21973 | Loss: 1.1704 | BPB: 1.6885 | LR: 0.000010 | ms/batch: 46.4
Epoch 30/100 | Batch 16200/21973 | Loss: 1.1704 | BPB: 1.6885 | LR: 0.000010 | ms/batch: 46.4
Epoch 30/100 | Batch 16300/21973 | Loss: 1.1704 | BPB: 1.6885 | LR: 0.000010 | ms/batch: 46.4
Epoch 30/100 | Batch 16400/21973 | Loss: 1.1704 | BPB: 1.6885 | LR: 0.000010 | ms/batch: 46.4
Epoch 30/100 | Batch 16500/21973 | Loss: 1.1704 | BPB: 1.6885 | LR: 0.000010 | ms/batch: 46.4
Epoch 30/100 | Batch 16600/21973 | Loss: 1.1704 | BPB: 1.6885 | LR: 0.000010 | ms/batch: 46.4
Epoch 30/100 | Batch 16700/21973 | Loss: 1.1704 | BPB: 1.6885 | LR: 0.000010 | ms/batch: 46.4
Epoch 30/100 | Batch 16800/21973 | Loss: 1.1704 | BPB: 1.6885 | LR: 0.000010 | ms/batch: 46.4
Epoch 30/100 | Batch 16900/21973 | Loss: 1.1704 | BPB: 1.6885 | LR: 0.000010 | ms/batch: 46.4
Epoch 30/100 | Batch 17000/21973 | Loss: 1.1704 | BPB: 1.6885 | LR: 0.000010 | ms/batch: 46.3
Epoch 30/100 | Batch 17100/21973 | Loss: 1.1704 | BPB: 1.6885 | LR: 0.000010 | ms/batch: 46.3
Epoch 30/100 | Batch 17200/21973 | Loss: 1.1704 | BPB: 1.6885 | LR: 0.000010 | ms/batch: 46.3
Epoch 30/100 | Batch 17300/21973 | Loss: 1.1704 | BPB: 1.6885 | LR: 0.000010 | ms/batch: 46.3
Epoch 30/100 | Batch 17400/21973 | Loss: 1.1704 | BPB: 1.6885 | LR: 0.000010 | ms/batch: 46.3
Epoch 30/100 | Batch 17500/21973 | Loss: 1.1704 | BPB: 1.6885 | LR: 0.000010 | ms/batch: 46.3
Epoch 30/100 | Batch 17600/21973 | Loss: 1.1704 | BPB: 1.6885 | LR: 0.000010 | ms/batch: 46.3
Epoch 30/100 | Batch 17700/21973 | Loss: 1.1704 | BPB: 1.6885 | LR: 0.000010 | ms/batch: 46.3
Epoch 30/100 | Batch 17800/21973 | Loss: 1.1704 | BPB: 1.6885 | LR: 0.000010 | ms/batch: 46.3
Epoch 30/100 | Batch 17900/21973 | Loss: 1.1704 | BPB: 1.6885 | LR: 0.000010 | ms/batch: 46.3
Epoch 30/100 | Batch 18000/21973 | Loss: 1.1704 | BPB: 1.6885 | LR: 0.000010 | ms/batch: 46.3
Epoch 30/100 | Batch 18100/21973 | Loss: 1.1704 | BPB: 1.6885 | LR: 0.000010 | ms/batch: 46.3
Epoch 30/100 | Batch 18200/21973 | Loss: 1.1704 | BPB: 1.6885 | LR: 0.000010 | ms/batch: 46.3
Epoch 30/100 | Batch 18300/21973 | Loss: 1.1704 | BPB: 1.6885 | LR: 0.000010 | ms/batch: 46.3
Epoch 30/100 | Batch 18400/21973 | Loss: 1.1704 | BPB: 1.6886 | LR: 0.000010 | ms/batch: 46.3
Epoch 30/100 | Batch 18500/21973 | Loss: 1.1704 | BPB: 1.6886 | LR: 0.000010 | ms/batch: 46.3
Epoch 30/100 | Batch 18600/21973 | Loss: 1.1704 | BPB: 1.6886 | LR: 0.000010 | ms/batch: 46.3
Epoch 30/100 | Batch 18700/21973 | Loss: 1.1704 | BPB: 1.6885 | LR: 0.000010 | ms/batch: 46.3
Epoch 30/100 | Batch 18800/21973 | Loss: 1.1704 | BPB: 1.6885 | LR: 0.000010 | ms/batch: 46.3
Epoch 30/100 | Batch 18900/21973 | Loss: 1.1704 | BPB: 1.6886 | LR: 0.000010 | ms/batch: 46.3
Epoch 30/100 | Batch 19000/21973 | Loss: 1.1704 | BPB: 1.6885 | LR: 0.000010 | ms/batch: 46.3
Epoch 30/100 | Batch 19100/21973 | Loss: 1.1704 | BPB: 1.6885 | LR: 0.000010 | ms/batch: 46.3
Epoch 30/100 | Batch 19200/21973 | Loss: 1.1704 | BPB: 1.6885 | LR: 0.000010 | ms/batch: 46.3
Epoch 30/100 | Batch 19300/21973 | Loss: 1.1704 | BPB: 1.6885 | LR: 0.000010 | ms/batch: 46.3
Epoch 30/100 | Batch 19400/21973 | Loss: 1.1704 | BPB: 1.6885 | LR: 0.000010 | ms/batch: 46.3
Epoch 30/100 | Batch 19500/21973 | Loss: 1.1704 | BPB: 1.6885 | LR: 0.000010 | ms/batch: 46.3
Epoch 30/100 | Batch 19600/21973 | Loss: 1.1704 | BPB: 1.6885 | LR: 0.000010 | ms/batch: 46.3
Epoch 30/100 | Batch 19700/21973 | Loss: 1.1704 | BPB: 1.6885 | LR: 0.000010 | ms/batch: 46.3
Epoch 30/100 | Batch 19800/21973 | Loss: 1.1704 | BPB: 1.6885 | LR: 0.000010 | ms/batch: 46.3
Epoch 30/100 | Batch 19900/21973 | Loss: 1.1704 | BPB: 1.6885 | LR: 0.000010 | ms/batch: 46.3
Epoch 30/100 | Batch 20000/21973 | Loss: 1.1704 | BPB: 1.6885 | LR: 0.000010 | ms/batch: 46.3
Epoch 30/100 | Batch 20100/21973 | Loss: 1.1704 | BPB: 1.6885 | LR: 0.000010 | ms/batch: 46.3
Epoch 30/100 | Batch 20200/21973 | Loss: 1.1704 | BPB: 1.6885 | LR: 0.000010 | ms/batch: 46.3
Epoch 30/100 | Batch 20300/21973 | Loss: 1.1704 | BPB: 1.6885 | LR: 0.000010 | ms/batch: 46.3
Epoch 30/100 | Batch 20400/21973 | Loss: 1.1704 | BPB: 1.6885 | LR: 0.000010 | ms/batch: 46.3
Epoch 30/100 | Batch 20500/21973 | Loss: 1.1704 | BPB: 1.6885 | LR: 0.000010 | ms/batch: 46.3
Epoch 30/100 | Batch 20600/21973 | Loss: 1.1704 | BPB: 1.6885 | LR: 0.000010 | ms/batch: 46.3
Epoch 30/100 | Batch 20700/21973 | Loss: 1.1704 | BPB: 1.6885 | LR: 0.000010 | ms/batch: 46.3
Epoch 30/100 | Batch 20800/21973 | Loss: 1.1704 | BPB: 1.6885 | LR: 0.000010 | ms/batch: 46.3
Epoch 30/100 | Batch 20900/21973 | Loss: 1.1704 | BPB: 1.6885 | LR: 0.000010 | ms/batch: 46.3
Epoch 30/100 | Batch 21000/21973 | Loss: 1.1704 | BPB: 1.6885 | LR: 0.000010 | ms/batch: 46.3
Epoch 30/100 | Batch 21100/21973 | Loss: 1.1704 | BPB: 1.6885 | LR: 0.000010 | ms/batch: 46.3
Epoch 30/100 | Batch 21200/21973 | Loss: 1.1704 | BPB: 1.6885 | LR: 0.000010 | ms/batch: 46.3
Epoch 30/100 | Batch 21300/21973 | Loss: 1.1704 | BPB: 1.6885 | LR: 0.000010 | ms/batch: 46.3
Epoch 30/100 | Batch 21400/21973 | Loss: 1.1704 | BPB: 1.6885 | LR: 0.000010 | ms/batch: 46.3
Epoch 30/100 | Batch 21500/21973 | Loss: 1.1704 | BPB: 1.6885 | LR: 0.000010 | ms/batch: 46.3
Epoch 30/100 | Batch 21600/21973 | Loss: 1.1704 | BPB: 1.6885 | LR: 0.000010 | ms/batch: 46.3
Epoch 30/100 | Batch 21700/21973 | Loss: 1.1704 | BPB: 1.6885 | LR: 0.000010 | ms/batch: 46.3
Epoch 30/100 | Batch 21800/21973 | Loss: 1.1704 | BPB: 1.6885 | LR: 0.000010 | ms/batch: 46.3
Epoch 30/100 | Batch 21900/21973 | Loss: 1.1703 | BPB: 1.6885 | LR: 0.000010 | ms/batch: 46.3

Epoch 30/100 Summary:
Training Loss: 1.1704 (BPB: 1.6885)
Validation Loss: 0.8783 (BPB: 1.2671)
Best Validation Loss: 0.8783
Learning Rate: 0.000010
Epoch 31/100 | Batch 0/21973 | Loss: 1.1418 | BPB: 1.6473 | LR: 0.000010 | ms/batch: 123.1
Epoch 31/100 | Batch 100/21973 | Loss: 1.1737 | BPB: 1.6932 | LR: 0.000010 | ms/batch: 47.3
Epoch 31/100 | Batch 200/21973 | Loss: 1.1727 | BPB: 1.6918 | LR: 0.000010 | ms/batch: 46.6
Epoch 31/100 | Batch 300/21973 | Loss: 1.1713 | BPB: 1.6899 | LR: 0.000010 | ms/batch: 46.4
Epoch 31/100 | Batch 400/21973 | Loss: 1.1711 | BPB: 1.6896 | LR: 0.000010 | ms/batch: 46.3
Epoch 31/100 | Batch 500/21973 | Loss: 1.1712 | BPB: 1.6897 | LR: 0.000010 | ms/batch: 46.3
Epoch 31/100 | Batch 600/21973 | Loss: 1.1712 | BPB: 1.6896 | LR: 0.000010 | ms/batch: 46.3
Epoch 31/100 | Batch 700/21973 | Loss: 1.1709 | BPB: 1.6893 | LR: 0.000010 | ms/batch: 46.3
Epoch 31/100 | Batch 800/21973 | Loss: 1.1707 | BPB: 1.6889 | LR: 0.000010 | ms/batch: 46.3
Epoch 31/100 | Batch 900/21973 | Loss: 1.1708 | BPB: 1.6891 | LR: 0.000010 | ms/batch: 46.2
Epoch 31/100 | Batch 1000/21973 | Loss: 1.1706 | BPB: 1.6889 | LR: 0.000010 | ms/batch: 46.2
Epoch 31/100 | Batch 1100/21973 | Loss: 1.1708 | BPB: 1.6891 | LR: 0.000010 | ms/batch: 46.2
Epoch 31/100 | Batch 1200/21973 | Loss: 1.1708 | BPB: 1.6891 | LR: 0.000010 | ms/batch: 46.2
Epoch 31/100 | Batch 1300/21973 | Loss: 1.1706 | BPB: 1.6888 | LR: 0.000010 | ms/batch: 46.2
Epoch 31/100 | Batch 1400/21973 | Loss: 1.1707 | BPB: 1.6890 | LR: 0.000010 | ms/batch: 46.2
Epoch 31/100 | Batch 1500/21973 | Loss: 1.1706 | BPB: 1.6888 | LR: 0.000010 | ms/batch: 46.2
Epoch 31/100 | Batch 1600/21973 | Loss: 1.1704 | BPB: 1.6885 | LR: 0.000010 | ms/batch: 46.2
Epoch 31/100 | Batch 1700/21973 | Loss: 1.1702 | BPB: 1.6882 | LR: 0.000010 | ms/batch: 46.2
Epoch 31/100 | Batch 1800/21973 | Loss: 1.1702 | BPB: 1.6882 | LR: 0.000010 | ms/batch: 46.2
Epoch 31/100 | Batch 1900/21973 | Loss: 1.1701 | BPB: 1.6881 | LR: 0.000010 | ms/batch: 46.2
Epoch 31/100 | Batch 2000/21973 | Loss: 1.1703 | BPB: 1.6883 | LR: 0.000010 | ms/batch: 46.2
Epoch 31/100 | Batch 2100/21973 | Loss: 1.1702 | BPB: 1.6883 | LR: 0.000010 | ms/batch: 46.2
Epoch 31/100 | Batch 2200/21973 | Loss: 1.1702 | BPB: 1.6883 | LR: 0.000010 | ms/batch: 46.2
Epoch 31/100 | Batch 2300/21973 | Loss: 1.1702 | BPB: 1.6882 | LR: 0.000010 | ms/batch: 46.2
Epoch 31/100 | Batch 2400/21973 | Loss: 1.1703 | BPB: 1.6884 | LR: 0.000010 | ms/batch: 46.2
Epoch 31/100 | Batch 2500/21973 | Loss: 1.1702 | BPB: 1.6883 | LR: 0.000010 | ms/batch: 46.2
Epoch 31/100 | Batch 2600/21973 | Loss: 1.1702 | BPB: 1.6882 | LR: 0.000010 | ms/batch: 46.2
Epoch 31/100 | Batch 2700/21973 | Loss: 1.1703 | BPB: 1.6883 | LR: 0.000010 | ms/batch: 46.2
Epoch 31/100 | Batch 2800/21973 | Loss: 1.1702 | BPB: 1.6883 | LR: 0.000010 | ms/batch: 46.2
Epoch 31/100 | Batch 2900/21973 | Loss: 1.1702 | BPB: 1.6883 | LR: 0.000010 | ms/batch: 46.2
Epoch 31/100 | Batch 3000/21973 | Loss: 1.1703 | BPB: 1.6883 | LR: 0.000010 | ms/batch: 46.2
Epoch 31/100 | Batch 3100/21973 | Loss: 1.1702 | BPB: 1.6882 | LR: 0.000010 | ms/batch: 46.2
Epoch 31/100 | Batch 3200/21973 | Loss: 1.1703 | BPB: 1.6884 | LR: 0.000010 | ms/batch: 46.2
Epoch 31/100 | Batch 3300/21973 | Loss: 1.1703 | BPB: 1.6884 | LR: 0.000010 | ms/batch: 46.2
Epoch 31/100 | Batch 3400/21973 | Loss: 1.1702 | BPB: 1.6882 | LR: 0.000010 | ms/batch: 46.2
Epoch 31/100 | Batch 3500/21973 | Loss: 1.1702 | BPB: 1.6882 | LR: 0.000010 | ms/batch: 46.2
Epoch 31/100 | Batch 3600/21973 | Loss: 1.1701 | BPB: 1.6882 | LR: 0.000010 | ms/batch: 46.2
Epoch 31/100 | Batch 3700/21973 | Loss: 1.1701 | BPB: 1.6881 | LR: 0.000010 | ms/batch: 46.2
Epoch 31/100 | Batch 3800/21973 | Loss: 1.1701 | BPB: 1.6881 | LR: 0.000010 | ms/batch: 46.2
Epoch 31/100 | Batch 3900/21973 | Loss: 1.1701 | BPB: 1.6881 | LR: 0.000010 | ms/batch: 46.2
Epoch 31/100 | Batch 4000/21973 | Loss: 1.1701 | BPB: 1.6882 | LR: 0.000010 | ms/batch: 46.2
Epoch 31/100 | Batch 4100/21973 | Loss: 1.1702 | BPB: 1.6882 | LR: 0.000010 | ms/batch: 46.2
Epoch 31/100 | Batch 4200/21973 | Loss: 1.1702 | BPB: 1.6883 | LR: 0.000010 | ms/batch: 46.2
Epoch 31/100 | Batch 4300/21973 | Loss: 1.1702 | BPB: 1.6882 | LR: 0.000010 | ms/batch: 46.2
Epoch 31/100 | Batch 4400/21973 | Loss: 1.1702 | BPB: 1.6882 | LR: 0.000010 | ms/batch: 46.2
Epoch 31/100 | Batch 4500/21973 | Loss: 1.1702 | BPB: 1.6882 | LR: 0.000010 | ms/batch: 46.2
Epoch 31/100 | Batch 4600/21973 | Loss: 1.1702 | BPB: 1.6882 | LR: 0.000010 | ms/batch: 46.2
Epoch 31/100 | Batch 4700/21973 | Loss: 1.1702 | BPB: 1.6882 | LR: 0.000010 | ms/batch: 46.2
Epoch 31/100 | Batch 4800/21973 | Loss: 1.1701 | BPB: 1.6881 | LR: 0.000010 | ms/batch: 46.2
Epoch 31/100 | Batch 4900/21973 | Loss: 1.1701 | BPB: 1.6881 | LR: 0.000010 | ms/batch: 46.2
Epoch 31/100 | Batch 5000/21973 | Loss: 1.1700 | BPB: 1.6880 | LR: 0.000010 | ms/batch: 46.2
Epoch 31/100 | Batch 5100/21973 | Loss: 1.1701 | BPB: 1.6880 | LR: 0.000010 | ms/batch: 46.2
Epoch 31/100 | Batch 5200/21973 | Loss: 1.1701 | BPB: 1.6881 | LR: 0.000010 | ms/batch: 46.2
Epoch 31/100 | Batch 5300/21973 | Loss: 1.1701 | BPB: 1.6881 | LR: 0.000010 | ms/batch: 46.2
Epoch 31/100 | Batch 5400/21973 | Loss: 1.1701 | BPB: 1.6880 | LR: 0.000010 | ms/batch: 46.2
Epoch 31/100 | Batch 5500/21973 | Loss: 1.1701 | BPB: 1.6880 | LR: 0.000010 | ms/batch: 46.2
Epoch 31/100 | Batch 5600/21973 | Loss: 1.1700 | BPB: 1.6880 | LR: 0.000010 | ms/batch: 46.2
Epoch 31/100 | Batch 5700/21973 | Loss: 1.1700 | BPB: 1.6879 | LR: 0.000010 | ms/batch: 46.2
Epoch 31/100 | Batch 5800/21973 | Loss: 1.1700 | BPB: 1.6880 | LR: 0.000010 | ms/batch: 46.2
Epoch 31/100 | Batch 5900/21973 | Loss: 1.1701 | BPB: 1.6880 | LR: 0.000010 | ms/batch: 46.2
Epoch 31/100 | Batch 6000/21973 | Loss: 1.1700 | BPB: 1.6880 | LR: 0.000010 | ms/batch: 46.2
Epoch 31/100 | Batch 6100/21973 | Loss: 1.1700 | BPB: 1.6880 | LR: 0.000010 | ms/batch: 46.2
Epoch 31/100 | Batch 6200/21973 | Loss: 1.1700 | BPB: 1.6880 | LR: 0.000010 | ms/batch: 46.2
Epoch 31/100 | Batch 6300/21973 | Loss: 1.1700 | BPB: 1.6879 | LR: 0.000010 | ms/batch: 46.2
Epoch 31/100 | Batch 6400/21973 | Loss: 1.1699 | BPB: 1.6879 | LR: 0.000010 | ms/batch: 46.2
Epoch 31/100 | Batch 6500/21973 | Loss: 1.1699 | BPB: 1.6879 | LR: 0.000010 | ms/batch: 46.2
Epoch 31/100 | Batch 6600/21973 | Loss: 1.1699 | BPB: 1.6879 | LR: 0.000010 | ms/batch: 46.2
Epoch 31/100 | Batch 6700/21973 | Loss: 1.1700 | BPB: 1.6879 | LR: 0.000010 | ms/batch: 46.2
Epoch 31/100 | Batch 6800/21973 | Loss: 1.1700 | BPB: 1.6879 | LR: 0.000010 | ms/batch: 46.2
Epoch 31/100 | Batch 6900/21973 | Loss: 1.1700 | BPB: 1.6879 | LR: 0.000010 | ms/batch: 46.2
Epoch 31/100 | Batch 7000/21973 | Loss: 1.1700 | BPB: 1.6879 | LR: 0.000010 | ms/batch: 46.2
Epoch 31/100 | Batch 7100/21973 | Loss: 1.1700 | BPB: 1.6879 | LR: 0.000010 | ms/batch: 46.3
Epoch 31/100 | Batch 7200/21973 | Loss: 1.1700 | BPB: 1.6880 | LR: 0.000010 | ms/batch: 46.3
Epoch 31/100 | Batch 7300/21973 | Loss: 1.1700 | BPB: 1.6880 | LR: 0.000010 | ms/batch: 46.3
Epoch 31/100 | Batch 7400/21973 | Loss: 1.1700 | BPB: 1.6880 | LR: 0.000010 | ms/batch: 46.3
Epoch 31/100 | Batch 7500/21973 | Loss: 1.1700 | BPB: 1.6880 | LR: 0.000010 | ms/batch: 46.3
Epoch 31/100 | Batch 7600/21973 | Loss: 1.1701 | BPB: 1.6881 | LR: 0.000010 | ms/batch: 46.3
Epoch 31/100 | Batch 7700/21973 | Loss: 1.1701 | BPB: 1.6880 | LR: 0.000010 | ms/batch: 46.3
Epoch 31/100 | Batch 7800/21973 | Loss: 1.1700 | BPB: 1.6880 | LR: 0.000010 | ms/batch: 46.3
Epoch 31/100 | Batch 7900/21973 | Loss: 1.1701 | BPB: 1.6880 | LR: 0.000010 | ms/batch: 46.3
Epoch 31/100 | Batch 8000/21973 | Loss: 1.1700 | BPB: 1.6880 | LR: 0.000010 | ms/batch: 46.3
Epoch 31/100 | Batch 8100/21973 | Loss: 1.1700 | BPB: 1.6880 | LR: 0.000010 | ms/batch: 46.3
Epoch 31/100 | Batch 8200/21973 | Loss: 1.1700 | BPB: 1.6880 | LR: 0.000010 | ms/batch: 46.3
Epoch 31/100 | Batch 8300/21973 | Loss: 1.1700 | BPB: 1.6880 | LR: 0.000010 | ms/batch: 46.3
Epoch 31/100 | Batch 8400/21973 | Loss: 1.1700 | BPB: 1.6879 | LR: 0.000010 | ms/batch: 46.3
Epoch 31/100 | Batch 8500/21973 | Loss: 1.1700 | BPB: 1.6879 | LR: 0.000010 | ms/batch: 46.3
Epoch 31/100 | Batch 8600/21973 | Loss: 1.1700 | BPB: 1.6880 | LR: 0.000010 | ms/batch: 46.3
Epoch 31/100 | Batch 8700/21973 | Loss: 1.1700 | BPB: 1.6880 | LR: 0.000010 | ms/batch: 46.3
Epoch 31/100 | Batch 8800/21973 | Loss: 1.1700 | BPB: 1.6880 | LR: 0.000010 | ms/batch: 46.3
Epoch 31/100 | Batch 8900/21973 | Loss: 1.1700 | BPB: 1.6880 | LR: 0.000010 | ms/batch: 46.3
Epoch 31/100 | Batch 9000/21973 | Loss: 1.1700 | BPB: 1.6880 | LR: 0.000010 | ms/batch: 46.3
Epoch 31/100 | Batch 9100/21973 | Loss: 1.1700 | BPB: 1.6880 | LR: 0.000010 | ms/batch: 46.3
Epoch 31/100 | Batch 9200/21973 | Loss: 1.1700 | BPB: 1.6880 | LR: 0.000010 | ms/batch: 46.3
Epoch 31/100 | Batch 9300/21973 | Loss: 1.1700 | BPB: 1.6880 | LR: 0.000010 | ms/batch: 46.3
Epoch 31/100 | Batch 9400/21973 | Loss: 1.1700 | BPB: 1.6880 | LR: 0.000010 | ms/batch: 46.3
Epoch 31/100 | Batch 9500/21973 | Loss: 1.1700 | BPB: 1.6880 | LR: 0.000010 | ms/batch: 46.3
Epoch 31/100 | Batch 9600/21973 | Loss: 1.1701 | BPB: 1.6880 | LR: 0.000010 | ms/batch: 46.3
Epoch 31/100 | Batch 9700/21973 | Loss: 1.1701 | BPB: 1.6880 | LR: 0.000010 | ms/batch: 46.3
Epoch 31/100 | Batch 9800/21973 | Loss: 1.1701 | BPB: 1.6880 | LR: 0.000010 | ms/batch: 46.3
Epoch 31/100 | Batch 9900/21973 | Loss: 1.1700 | BPB: 1.6880 | LR: 0.000010 | ms/batch: 46.3
Epoch 31/100 | Batch 10000/21973 | Loss: 1.1700 | BPB: 1.6880 | LR: 0.000010 | ms/batch: 46.3
Epoch 31/100 | Batch 10100/21973 | Loss: 1.1700 | BPB: 1.6880 | LR: 0.000010 | ms/batch: 46.3
Epoch 31/100 | Batch 10200/21973 | Loss: 1.1701 | BPB: 1.6880 | LR: 0.000010 | ms/batch: 46.3
Epoch 31/100 | Batch 10300/21973 | Loss: 1.1700 | BPB: 1.6880 | LR: 0.000010 | ms/batch: 46.3
Epoch 31/100 | Batch 10400/21973 | Loss: 1.1700 | BPB: 1.6880 | LR: 0.000010 | ms/batch: 46.3
Epoch 31/100 | Batch 10500/21973 | Loss: 1.1701 | BPB: 1.6880 | LR: 0.000010 | ms/batch: 46.3
Epoch 31/100 | Batch 10600/21973 | Loss: 1.1700 | BPB: 1.6880 | LR: 0.000010 | ms/batch: 46.3
Epoch 31/100 | Batch 10700/21973 | Loss: 1.1700 | BPB: 1.6880 | LR: 0.000010 | ms/batch: 46.3
Epoch 31/100 | Batch 10800/21973 | Loss: 1.1701 | BPB: 1.6880 | LR: 0.000010 | ms/batch: 46.3
Epoch 31/100 | Batch 10900/21973 | Loss: 1.1701 | BPB: 1.6881 | LR: 0.000010 | ms/batch: 46.3
Epoch 31/100 | Batch 11000/21973 | Loss: 1.1701 | BPB: 1.6881 | LR: 0.000010 | ms/batch: 46.3
Epoch 31/100 | Batch 11100/21973 | Loss: 1.1701 | BPB: 1.6881 | LR: 0.000010 | ms/batch: 46.3
Epoch 31/100 | Batch 11200/21973 | Loss: 1.1701 | BPB: 1.6881 | LR: 0.000010 | ms/batch: 46.3
Epoch 31/100 | Batch 11300/21973 | Loss: 1.1701 | BPB: 1.6881 | LR: 0.000010 | ms/batch: 46.3
Epoch 31/100 | Batch 11400/21973 | Loss: 1.1701 | BPB: 1.6881 | LR: 0.000010 | ms/batch: 46.3
Epoch 31/100 | Batch 11500/21973 | Loss: 1.1701 | BPB: 1.6882 | LR: 0.000010 | ms/batch: 46.3
Epoch 31/100 | Batch 11600/21973 | Loss: 1.1701 | BPB: 1.6882 | LR: 0.000010 | ms/batch: 46.3
Epoch 31/100 | Batch 11700/21973 | Loss: 1.1701 | BPB: 1.6881 | LR: 0.000010 | ms/batch: 46.3
Epoch 31/100 | Batch 11800/21973 | Loss: 1.1701 | BPB: 1.6881 | LR: 0.000010 | ms/batch: 46.3
Epoch 31/100 | Batch 11900/21973 | Loss: 1.1701 | BPB: 1.6882 | LR: 0.000010 | ms/batch: 46.3
Epoch 31/100 | Batch 12000/21973 | Loss: 1.1702 | BPB: 1.6882 | LR: 0.000010 | ms/batch: 46.3
Epoch 31/100 | Batch 12100/21973 | Loss: 1.1702 | BPB: 1.6882 | LR: 0.000010 | ms/batch: 46.3
Epoch 31/100 | Batch 12200/21973 | Loss: 1.1702 | BPB: 1.6882 | LR: 0.000010 | ms/batch: 46.3
Epoch 31/100 | Batch 12300/21973 | Loss: 1.1702 | BPB: 1.6882 | LR: 0.000010 | ms/batch: 46.3
Epoch 31/100 | Batch 12400/21973 | Loss: 1.1702 | BPB: 1.6882 | LR: 0.000010 | ms/batch: 46.3
Epoch 31/100 | Batch 12500/21973 | Loss: 1.1702 | BPB: 1.6882 | LR: 0.000010 | ms/batch: 46.3
Epoch 31/100 | Batch 12600/21973 | Loss: 1.1702 | BPB: 1.6883 | LR: 0.000010 | ms/batch: 46.3
Epoch 31/100 | Batch 12700/21973 | Loss: 1.1702 | BPB: 1.6882 | LR: 0.000010 | ms/batch: 46.3
Epoch 31/100 | Batch 12800/21973 | Loss: 1.1702 | BPB: 1.6883 | LR: 0.000010 | ms/batch: 46.3
Epoch 31/100 | Batch 12900/21973 | Loss: 1.1702 | BPB: 1.6882 | LR: 0.000010 | ms/batch: 46.3
Epoch 31/100 | Batch 13000/21973 | Loss: 1.1702 | BPB: 1.6882 | LR: 0.000010 | ms/batch: 46.3
Epoch 31/100 | Batch 13100/21973 | Loss: 1.1702 | BPB: 1.6882 | LR: 0.000010 | ms/batch: 46.3
Epoch 31/100 | Batch 13200/21973 | Loss: 1.1702 | BPB: 1.6882 | LR: 0.000010 | ms/batch: 46.3
Epoch 31/100 | Batch 13300/21973 | Loss: 1.1702 | BPB: 1.6882 | LR: 0.000010 | ms/batch: 46.3
Epoch 31/100 | Batch 13400/21973 | Loss: 1.1702 | BPB: 1.6882 | LR: 0.000010 | ms/batch: 46.3
Epoch 31/100 | Batch 13500/21973 | Loss: 1.1701 | BPB: 1.6882 | LR: 0.000010 | ms/batch: 46.3
Epoch 31/100 | Batch 13600/21973 | Loss: 1.1701 | BPB: 1.6881 | LR: 0.000010 | ms/batch: 46.3
Epoch 31/100 | Batch 13700/21973 | Loss: 1.1701 | BPB: 1.6881 | LR: 0.000010 | ms/batch: 46.3
Epoch 31/100 | Batch 13800/21973 | Loss: 1.1701 | BPB: 1.6881 | LR: 0.000010 | ms/batch: 46.3
Epoch 31/100 | Batch 13900/21973 | Loss: 1.1701 | BPB: 1.6881 | LR: 0.000010 | ms/batch: 46.3
Epoch 31/100 | Batch 14000/21973 | Loss: 1.1701 | BPB: 1.6881 | LR: 0.000010 | ms/batch: 46.3
Epoch 31/100 | Batch 14100/21973 | Loss: 1.1701 | BPB: 1.6881 | LR: 0.000010 | ms/batch: 46.3
Epoch 31/100 | Batch 14200/21973 | Loss: 1.1701 | BPB: 1.6881 | LR: 0.000010 | ms/batch: 46.3
Epoch 31/100 | Batch 14300/21973 | Loss: 1.1701 | BPB: 1.6881 | LR: 0.000010 | ms/batch: 46.3
Epoch 31/100 | Batch 14400/21973 | Loss: 1.1701 | BPB: 1.6881 | LR: 0.000010 | ms/batch: 46.3
Epoch 31/100 | Batch 14500/21973 | Loss: 1.1701 | BPB: 1.6881 | LR: 0.000010 | ms/batch: 46.3
Epoch 31/100 | Batch 14600/21973 | Loss: 1.1701 | BPB: 1.6881 | LR: 0.000010 | ms/batch: 46.3
Epoch 31/100 | Batch 14700/21973 | Loss: 1.1701 | BPB: 1.6881 | LR: 0.000010 | ms/batch: 46.3
Epoch 31/100 | Batch 14800/21973 | Loss: 1.1701 | BPB: 1.6881 | LR: 0.000010 | ms/batch: 46.3
Epoch 31/100 | Batch 14900/21973 | Loss: 1.1701 | BPB: 1.6881 | LR: 0.000010 | ms/batch: 46.3
Epoch 31/100 | Batch 15000/21973 | Loss: 1.1701 | BPB: 1.6881 | LR: 0.000010 | ms/batch: 46.3
Epoch 31/100 | Batch 15100/21973 | Loss: 1.1701 | BPB: 1.6881 | LR: 0.000010 | ms/batch: 46.3
Epoch 31/100 | Batch 15200/21973 | Loss: 1.1701 | BPB: 1.6881 | LR: 0.000010 | ms/batch: 46.3
Epoch 31/100 | Batch 15300/21973 | Loss: 1.1701 | BPB: 1.6881 | LR: 0.000010 | ms/batch: 46.3
Epoch 31/100 | Batch 15400/21973 | Loss: 1.1701 | BPB: 1.6881 | LR: 0.000010 | ms/batch: 46.3
Epoch 31/100 | Batch 15500/21973 | Loss: 1.1701 | BPB: 1.6880 | LR: 0.000010 | ms/batch: 46.3
Epoch 31/100 | Batch 15600/21973 | Loss: 1.1701 | BPB: 1.6881 | LR: 0.000010 | ms/batch: 46.3
Epoch 31/100 | Batch 15700/21973 | Loss: 1.1701 | BPB: 1.6881 | LR: 0.000010 | ms/batch: 46.3
Epoch 31/100 | Batch 15800/21973 | Loss: 1.1701 | BPB: 1.6880 | LR: 0.000010 | ms/batch: 46.3
Epoch 31/100 | Batch 15900/21973 | Loss: 1.1701 | BPB: 1.6880 | LR: 0.000010 | ms/batch: 46.3
Epoch 31/100 | Batch 16000/21973 | Loss: 1.1701 | BPB: 1.6880 | LR: 0.000010 | ms/batch: 46.3
Epoch 31/100 | Batch 16100/21973 | Loss: 1.1701 | BPB: 1.6881 | LR: 0.000010 | ms/batch: 46.3
Epoch 31/100 | Batch 16200/21973 | Loss: 1.1701 | BPB: 1.6881 | LR: 0.000010 | ms/batch: 46.3
Epoch 31/100 | Batch 16300/21973 | Loss: 1.1701 | BPB: 1.6881 | LR: 0.000010 | ms/batch: 46.3
Epoch 31/100 | Batch 16400/21973 | Loss: 1.1701 | BPB: 1.6880 | LR: 0.000010 | ms/batch: 46.3
Epoch 31/100 | Batch 16500/21973 | Loss: 1.1701 | BPB: 1.6880 | LR: 0.000010 | ms/batch: 46.3
Epoch 31/100 | Batch 16600/21973 | Loss: 1.1701 | BPB: 1.6881 | LR: 0.000010 | ms/batch: 46.3
Epoch 31/100 | Batch 16700/21973 | Loss: 1.1701 | BPB: 1.6881 | LR: 0.000010 | ms/batch: 46.3
Epoch 31/100 | Batch 16800/21973 | Loss: 1.1701 | BPB: 1.6881 | LR: 0.000010 | ms/batch: 46.3
Epoch 31/100 | Batch 16900/21973 | Loss: 1.1701 | BPB: 1.6881 | LR: 0.000010 | ms/batch: 46.3
Epoch 31/100 | Batch 17000/21973 | Loss: 1.1701 | BPB: 1.6881 | LR: 0.000010 | ms/batch: 46.3
Epoch 31/100 | Batch 17100/21973 | Loss: 1.1701 | BPB: 1.6881 | LR: 0.000010 | ms/batch: 46.3
Epoch 31/100 | Batch 17200/21973 | Loss: 1.1701 | BPB: 1.6881 | LR: 0.000010 | ms/batch: 46.4
Epoch 31/100 | Batch 17300/21973 | Loss: 1.1701 | BPB: 1.6881 | LR: 0.000010 | ms/batch: 46.3
Epoch 31/100 | Batch 17400/21973 | Loss: 1.1701 | BPB: 1.6881 | LR: 0.000010 | ms/batch: 46.3
Epoch 31/100 | Batch 17500/21973 | Loss: 1.1701 | BPB: 1.6880 | LR: 0.000010 | ms/batch: 46.3
Epoch 31/100 | Batch 17600/21973 | Loss: 1.1701 | BPB: 1.6880 | LR: 0.000010 | ms/batch: 46.4
Epoch 31/100 | Batch 17700/21973 | Loss: 1.1701 | BPB: 1.6881 | LR: 0.000010 | ms/batch: 46.4
Epoch 31/100 | Batch 17800/21973 | Loss: 1.1701 | BPB: 1.6881 | LR: 0.000010 | ms/batch: 46.4
Epoch 31/100 | Batch 17900/21973 | Loss: 1.1701 | BPB: 1.6881 | LR: 0.000010 | ms/batch: 46.4
Epoch 31/100 | Batch 18000/21973 | Loss: 1.1701 | BPB: 1.6881 | LR: 0.000010 | ms/batch: 46.4
Epoch 31/100 | Batch 18100/21973 | Loss: 1.1701 | BPB: 1.6880 | LR: 0.000010 | ms/batch: 46.4
Epoch 31/100 | Batch 18200/21973 | Loss: 1.1701 | BPB: 1.6880 | LR: 0.000010 | ms/batch: 46.4
Epoch 31/100 | Batch 18300/21973 | Loss: 1.1701 | BPB: 1.6881 | LR: 0.000010 | ms/batch: 46.4
Epoch 31/100 | Batch 18400/21973 | Loss: 1.1701 | BPB: 1.6881 | LR: 0.000010 | ms/batch: 46.4
Epoch 31/100 | Batch 18500/21973 | Loss: 1.1701 | BPB: 1.6880 | LR: 0.000010 | ms/batch: 46.4
Epoch 31/100 | Batch 18600/21973 | Loss: 1.1701 | BPB: 1.6880 | LR: 0.000010 | ms/batch: 46.4
Epoch 31/100 | Batch 18700/21973 | Loss: 1.1701 | BPB: 1.6880 | LR: 0.000010 | ms/batch: 46.4
Epoch 31/100 | Batch 18800/21973 | Loss: 1.1700 | BPB: 1.6880 | LR: 0.000010 | ms/batch: 46.4
Epoch 31/100 | Batch 18900/21973 | Loss: 1.1700 | BPB: 1.6880 | LR: 0.000010 | ms/batch: 46.4
Epoch 31/100 | Batch 19000/21973 | Loss: 1.1700 | BPB: 1.6880 | LR: 0.000010 | ms/batch: 46.4
Epoch 31/100 | Batch 19100/21973 | Loss: 1.1700 | BPB: 1.6880 | LR: 0.000010 | ms/batch: 46.4
Epoch 31/100 | Batch 19200/21973 | Loss: 1.1700 | BPB: 1.6880 | LR: 0.000010 | ms/batch: 46.4
Epoch 31/100 | Batch 19300/21973 | Loss: 1.1700 | BPB: 1.6880 | LR: 0.000010 | ms/batch: 46.4
Epoch 31/100 | Batch 19400/21973 | Loss: 1.1700 | BPB: 1.6880 | LR: 0.000010 | ms/batch: 46.4
Epoch 31/100 | Batch 19500/21973 | Loss: 1.1700 | BPB: 1.6880 | LR: 0.000010 | ms/batch: 46.4
Epoch 31/100 | Batch 19600/21973 | Loss: 1.1701 | BPB: 1.6881 | LR: 0.000010 | ms/batch: 46.4
Epoch 31/100 | Batch 19700/21973 | Loss: 1.1701 | BPB: 1.6880 | LR: 0.000010 | ms/batch: 46.4
Epoch 31/100 | Batch 19800/21973 | Loss: 1.1701 | BPB: 1.6880 | LR: 0.000010 | ms/batch: 46.4
Epoch 31/100 | Batch 19900/21973 | Loss: 1.1701 | BPB: 1.6880 | LR: 0.000010 | ms/batch: 46.4
Epoch 31/100 | Batch 20000/21973 | Loss: 1.1701 | BPB: 1.6880 | LR: 0.000010 | ms/batch: 46.4
Epoch 31/100 | Batch 20100/21973 | Loss: 1.1701 | BPB: 1.6880 | LR: 0.000010 | ms/batch: 46.4
Epoch 31/100 | Batch 20200/21973 | Loss: 1.1701 | BPB: 1.6880 | LR: 0.000010 | ms/batch: 46.4
Epoch 31/100 | Batch 20300/21973 | Loss: 1.1701 | BPB: 1.6880 | LR: 0.000010 | ms/batch: 46.4
Epoch 31/100 | Batch 20400/21973 | Loss: 1.1701 | BPB: 1.6880 | LR: 0.000010 | ms/batch: 46.4
Epoch 31/100 | Batch 20500/21973 | Loss: 1.1701 | BPB: 1.6880 | LR: 0.000010 | ms/batch: 46.4
Epoch 31/100 | Batch 20600/21973 | Loss: 1.1701 | BPB: 1.6881 | LR: 0.000010 | ms/batch: 46.4
Epoch 31/100 | Batch 20700/21973 | Loss: 1.1701 | BPB: 1.6880 | LR: 0.000010 | ms/batch: 46.4
Epoch 31/100 | Batch 20800/21973 | Loss: 1.1701 | BPB: 1.6880 | LR: 0.000010 | ms/batch: 46.4
Epoch 31/100 | Batch 20900/21973 | Loss: 1.1701 | BPB: 1.6881 | LR: 0.000010 | ms/batch: 46.4
Epoch 31/100 | Batch 21000/21973 | Loss: 1.1701 | BPB: 1.6881 | LR: 0.000010 | ms/batch: 46.4
Epoch 31/100 | Batch 21100/21973 | Loss: 1.1701 | BPB: 1.6881 | LR: 0.000010 | ms/batch: 46.4
Epoch 31/100 | Batch 21200/21973 | Loss: 1.1701 | BPB: 1.6881 | LR: 0.000010 | ms/batch: 46.4
Epoch 31/100 | Batch 21300/21973 | Loss: 1.1701 | BPB: 1.6880 | LR: 0.000010 | ms/batch: 46.4
Epoch 31/100 | Batch 21400/21973 | Loss: 1.1701 | BPB: 1.6881 | LR: 0.000010 | ms/batch: 46.4
Epoch 31/100 | Batch 21500/21973 | Loss: 1.1701 | BPB: 1.6881 | LR: 0.000010 | ms/batch: 46.4
Epoch 31/100 | Batch 21600/21973 | Loss: 1.1701 | BPB: 1.6880 | LR: 0.000010 | ms/batch: 46.4
Epoch 31/100 | Batch 21700/21973 | Loss: 1.1701 | BPB: 1.6880 | LR: 0.000010 | ms/batch: 46.4
Epoch 31/100 | Batch 21800/21973 | Loss: 1.1701 | BPB: 1.6880 | LR: 0.000010 | ms/batch: 46.4
Epoch 31/100 | Batch 21900/21973 | Loss: 1.1701 | BPB: 1.6880 | LR: 0.000010 | ms/batch: 46.4

Epoch 31/100 Summary:
Training Loss: 1.1701 (BPB: 1.6880)
Validation Loss: 0.8783 (BPB: 1.2671)
Best Validation Loss: 0.8783
Learning Rate: 0.000010
Epoch 32/100 | Batch 0/21973 | Loss: 1.1641 | BPB: 1.6794 | LR: 0.000010 | ms/batch: 123.9
Epoch 32/100 | Batch 100/21973 | Loss: 1.1677 | BPB: 1.6846 | LR: 0.000010 | ms/batch: 47.7
Epoch 32/100 | Batch 200/21973 | Loss: 1.1682 | BPB: 1.6853 | LR: 0.000010 | ms/batch: 46.9
Epoch 32/100 | Batch 300/21973 | Loss: 1.1687 | BPB: 1.6861 | LR: 0.000010 | ms/batch: 46.7
Epoch 32/100 | Batch 400/21973 | Loss: 1.1690 | BPB: 1.6865 | LR: 0.000010 | ms/batch: 46.6
Epoch 32/100 | Batch 500/21973 | Loss: 1.1690 | BPB: 1.6865 | LR: 0.000010 | ms/batch: 46.6
Epoch 32/100 | Batch 600/21973 | Loss: 1.1694 | BPB: 1.6871 | LR: 0.000010 | ms/batch: 46.6
Epoch 32/100 | Batch 700/21973 | Loss: 1.1695 | BPB: 1.6872 | LR: 0.000010 | ms/batch: 46.6
Epoch 32/100 | Batch 800/21973 | Loss: 1.1694 | BPB: 1.6871 | LR: 0.000010 | ms/batch: 46.6
Epoch 32/100 | Batch 900/21973 | Loss: 1.1695 | BPB: 1.6873 | LR: 0.000010 | ms/batch: 46.5
Epoch 32/100 | Batch 1000/21973 | Loss: 1.1697 | BPB: 1.6876 | LR: 0.000010 | ms/batch: 46.5
Epoch 32/100 | Batch 1100/21973 | Loss: 1.1697 | BPB: 1.6876 | LR: 0.000010 | ms/batch: 46.6
Epoch 32/100 | Batch 1200/21973 | Loss: 1.1695 | BPB: 1.6873 | LR: 0.000010 | ms/batch: 46.6
Epoch 32/100 | Batch 1300/21973 | Loss: 1.1698 | BPB: 1.6876 | LR: 0.000010 | ms/batch: 46.5
Epoch 32/100 | Batch 1400/21973 | Loss: 1.1699 | BPB: 1.6878 | LR: 0.000010 | ms/batch: 46.5
Epoch 32/100 | Batch 1500/21973 | Loss: 1.1698 | BPB: 1.6877 | LR: 0.000010 | ms/batch: 46.5
Epoch 32/100 | Batch 1600/21973 | Loss: 1.1699 | BPB: 1.6878 | LR: 0.000010 | ms/batch: 46.5
Epoch 32/100 | Batch 1700/21973 | Loss: 1.1700 | BPB: 1.6879 | LR: 0.000010 | ms/batch: 46.5
Epoch 32/100 | Batch 1800/21973 | Loss: 1.1699 | BPB: 1.6879 | LR: 0.000010 | ms/batch: 46.5
Epoch 32/100 | Batch 1900/21973 | Loss: 1.1698 | BPB: 1.6877 | LR: 0.000010 | ms/batch: 46.5
Epoch 32/100 | Batch 2000/21973 | Loss: 1.1697 | BPB: 1.6876 | LR: 0.000010 | ms/batch: 46.5
Epoch 32/100 | Batch 2100/21973 | Loss: 1.1697 | BPB: 1.6875 | LR: 0.000010 | ms/batch: 46.5
Epoch 32/100 | Batch 2200/21973 | Loss: 1.1697 | BPB: 1.6876 | LR: 0.000010 | ms/batch: 46.5
Epoch 32/100 | Batch 2300/21973 | Loss: 1.1696 | BPB: 1.6874 | LR: 0.000010 | ms/batch: 46.5
Epoch 32/100 | Batch 2400/21973 | Loss: 1.1697 | BPB: 1.6875 | LR: 0.000010 | ms/batch: 46.5
Epoch 32/100 | Batch 2500/21973 | Loss: 1.1696 | BPB: 1.6874 | LR: 0.000010 | ms/batch: 46.5
Epoch 32/100 | Batch 2600/21973 | Loss: 1.1697 | BPB: 1.6876 | LR: 0.000010 | ms/batch: 46.5
Epoch 32/100 | Batch 2700/21973 | Loss: 1.1697 | BPB: 1.6876 | LR: 0.000010 | ms/batch: 46.5
Epoch 32/100 | Batch 2800/21973 | Loss: 1.1698 | BPB: 1.6877 | LR: 0.000010 | ms/batch: 46.5
Epoch 32/100 | Batch 2900/21973 | Loss: 1.1698 | BPB: 1.6876 | LR: 0.000010 | ms/batch: 46.5
Epoch 32/100 | Batch 3000/21973 | Loss: 1.1699 | BPB: 1.6878 | LR: 0.000010 | ms/batch: 46.5
Epoch 32/100 | Batch 3100/21973 | Loss: 1.1698 | BPB: 1.6877 | LR: 0.000010 | ms/batch: 46.5
Epoch 32/100 | Batch 3200/21973 | Loss: 1.1698 | BPB: 1.6877 | LR: 0.000010 | ms/batch: 46.5
Epoch 32/100 | Batch 3300/21973 | Loss: 1.1698 | BPB: 1.6877 | LR: 0.000010 | ms/batch: 46.5
Epoch 32/100 | Batch 3400/21973 | Loss: 1.1698 | BPB: 1.6877 | LR: 0.000010 | ms/batch: 46.5
Epoch 32/100 | Batch 3500/21973 | Loss: 1.1699 | BPB: 1.6877 | LR: 0.000010 | ms/batch: 46.5
Epoch 32/100 | Batch 3600/21973 | Loss: 1.1698 | BPB: 1.6876 | LR: 0.000010 | ms/batch: 46.5
Epoch 32/100 | Batch 3700/21973 | Loss: 1.1698 | BPB: 1.6877 | LR: 0.000010 | ms/batch: 46.5
Epoch 32/100 | Batch 3800/21973 | Loss: 1.1698 | BPB: 1.6877 | LR: 0.000010 | ms/batch: 46.5
Epoch 32/100 | Batch 3900/21973 | Loss: 1.1699 | BPB: 1.6878 | LR: 0.000010 | ms/batch: 46.5
Epoch 32/100 | Batch 4000/21973 | Loss: 1.1699 | BPB: 1.6878 | LR: 0.000010 | ms/batch: 46.5
Epoch 32/100 | Batch 4100/21973 | Loss: 1.1699 | BPB: 1.6878 | LR: 0.000010 | ms/batch: 46.5
Epoch 32/100 | Batch 4200/21973 | Loss: 1.1699 | BPB: 1.6879 | LR: 0.000010 | ms/batch: 46.5
Epoch 32/100 | Batch 4300/21973 | Loss: 1.1699 | BPB: 1.6878 | LR: 0.000010 | ms/batch: 46.5
Epoch 32/100 | Batch 4400/21973 | Loss: 1.1699 | BPB: 1.6878 | LR: 0.000010 | ms/batch: 46.5
Epoch 32/100 | Batch 4500/21973 | Loss: 1.1699 | BPB: 1.6878 | LR: 0.000010 | ms/batch: 46.5
Epoch 32/100 | Batch 4600/21973 | Loss: 1.1698 | BPB: 1.6877 | LR: 0.000010 | ms/batch: 46.5
Epoch 32/100 | Batch 4700/21973 | Loss: 1.1699 | BPB: 1.6878 | LR: 0.000010 | ms/batch: 46.5
Epoch 32/100 | Batch 4800/21973 | Loss: 1.1699 | BPB: 1.6878 | LR: 0.000010 | ms/batch: 46.5
Epoch 32/100 | Batch 4900/21973 | Loss: 1.1699 | BPB: 1.6878 | LR: 0.000010 | ms/batch: 46.5
Epoch 32/100 | Batch 5000/21973 | Loss: 1.1699 | BPB: 1.6878 | LR: 0.000010 | ms/batch: 46.5
Epoch 32/100 | Batch 5100/21973 | Loss: 1.1699 | BPB: 1.6878 | LR: 0.000010 | ms/batch: 46.5
Epoch 32/100 | Batch 5200/21973 | Loss: 1.1699 | BPB: 1.6878 | LR: 0.000010 | ms/batch: 46.5
Epoch 32/100 | Batch 5300/21973 | Loss: 1.1699 | BPB: 1.6878 | LR: 0.000010 | ms/batch: 46.5
Epoch 32/100 | Batch 5400/21973 | Loss: 1.1698 | BPB: 1.6877 | LR: 0.000010 | ms/batch: 46.5
Epoch 32/100 | Batch 5500/21973 | Loss: 1.1699 | BPB: 1.6877 | LR: 0.000010 | ms/batch: 46.5
Epoch 32/100 | Batch 5600/21973 | Loss: 1.1699 | BPB: 1.6878 | LR: 0.000010 | ms/batch: 46.5
Epoch 32/100 | Batch 5700/21973 | Loss: 1.1699 | BPB: 1.6878 | LR: 0.000010 | ms/batch: 46.5
Epoch 32/100 | Batch 5800/21973 | Loss: 1.1699 | BPB: 1.6878 | LR: 0.000010 | ms/batch: 46.5
Epoch 32/100 | Batch 5900/21973 | Loss: 1.1699 | BPB: 1.6878 | LR: 0.000010 | ms/batch: 46.5
Epoch 32/100 | Batch 6000/21973 | Loss: 1.1699 | BPB: 1.6878 | LR: 0.000010 | ms/batch: 46.5
Epoch 32/100 | Batch 6100/21973 | Loss: 1.1699 | BPB: 1.6878 | LR: 0.000010 | ms/batch: 46.5
Epoch 32/100 | Batch 6200/21973 | Loss: 1.1699 | BPB: 1.6878 | LR: 0.000010 | ms/batch: 46.5
Epoch 32/100 | Batch 6300/21973 | Loss: 1.1699 | BPB: 1.6878 | LR: 0.000010 | ms/batch: 46.5
Epoch 32/100 | Batch 6400/21973 | Loss: 1.1699 | BPB: 1.6878 | LR: 0.000010 | ms/batch: 46.5
Epoch 32/100 | Batch 6500/21973 | Loss: 1.1699 | BPB: 1.6878 | LR: 0.000010 | ms/batch: 46.5
Epoch 32/100 | Batch 6600/21973 | Loss: 1.1699 | BPB: 1.6878 | LR: 0.000010 | ms/batch: 46.5
Epoch 32/100 | Batch 6700/21973 | Loss: 1.1699 | BPB: 1.6878 | LR: 0.000010 | ms/batch: 46.5
Epoch 32/100 | Batch 6800/21973 | Loss: 1.1699 | BPB: 1.6878 | LR: 0.000010 | ms/batch: 46.5
Epoch 32/100 | Batch 6900/21973 | Loss: 1.1699 | BPB: 1.6878 | LR: 0.000010 | ms/batch: 46.5
Epoch 32/100 | Batch 7000/21973 | Loss: 1.1699 | BPB: 1.6878 | LR: 0.000010 | ms/batch: 46.5
Epoch 32/100 | Batch 7100/21973 | Loss: 1.1699 | BPB: 1.6878 | LR: 0.000010 | ms/batch: 46.5
Epoch 32/100 | Batch 7200/21973 | Loss: 1.1699 | BPB: 1.6878 | LR: 0.000010 | ms/batch: 46.5
Epoch 32/100 | Batch 7300/21973 | Loss: 1.1699 | BPB: 1.6878 | LR: 0.000010 | ms/batch: 46.5
Epoch 32/100 | Batch 7400/21973 | Loss: 1.1699 | BPB: 1.6878 | LR: 0.000010 | ms/batch: 46.5
Epoch 32/100 | Batch 7500/21973 | Loss: 1.1699 | BPB: 1.6878 | LR: 0.000010 | ms/batch: 46.5
Epoch 32/100 | Batch 7600/21973 | Loss: 1.1699 | BPB: 1.6878 | LR: 0.000010 | ms/batch: 46.5
Epoch 32/100 | Batch 7700/21973 | Loss: 1.1699 | BPB: 1.6878 | LR: 0.000010 | ms/batch: 46.5
Epoch 32/100 | Batch 7800/21973 | Loss: 1.1699 | BPB: 1.6878 | LR: 0.000010 | ms/batch: 46.5
Epoch 32/100 | Batch 7900/21973 | Loss: 1.1698 | BPB: 1.6877 | LR: 0.000010 | ms/batch: 46.5
Epoch 32/100 | Batch 8000/21973 | Loss: 1.1699 | BPB: 1.6878 | LR: 0.000010 | ms/batch: 46.5
Epoch 32/100 | Batch 8100/21973 | Loss: 1.1698 | BPB: 1.6877 | LR: 0.000010 | ms/batch: 46.5
Epoch 32/100 | Batch 8200/21973 | Loss: 1.1698 | BPB: 1.6876 | LR: 0.000010 | ms/batch: 46.5
Epoch 32/100 | Batch 8300/21973 | Loss: 1.1698 | BPB: 1.6877 | LR: 0.000010 | ms/batch: 46.5
Epoch 32/100 | Batch 8400/21973 | Loss: 1.1698 | BPB: 1.6877 | LR: 0.000010 | ms/batch: 46.5
Epoch 32/100 | Batch 8500/21973 | Loss: 1.1698 | BPB: 1.6876 | LR: 0.000010 | ms/batch: 46.5
Epoch 32/100 | Batch 8600/21973 | Loss: 1.1698 | BPB: 1.6877 | LR: 0.000010 | ms/batch: 46.5
Epoch 32/100 | Batch 8700/21973 | Loss: 1.1698 | BPB: 1.6877 | LR: 0.000010 | ms/batch: 46.5
Epoch 32/100 | Batch 8800/21973 | Loss: 1.1698 | BPB: 1.6877 | LR: 0.000010 | ms/batch: 46.5
Epoch 32/100 | Batch 8900/21973 | Loss: 1.1698 | BPB: 1.6877 | LR: 0.000010 | ms/batch: 46.5
Epoch 32/100 | Batch 9000/21973 | Loss: 1.1698 | BPB: 1.6877 | LR: 0.000010 | ms/batch: 46.5
Epoch 32/100 | Batch 9100/21973 | Loss: 1.1698 | BPB: 1.6877 | LR: 0.000010 | ms/batch: 46.5
Epoch 32/100 | Batch 9200/21973 | Loss: 1.1698 | BPB: 1.6877 | LR: 0.000010 | ms/batch: 46.5
Epoch 32/100 | Batch 9300/21973 | Loss: 1.1698 | BPB: 1.6877 | LR: 0.000010 | ms/batch: 46.5
Epoch 32/100 | Batch 9400/21973 | Loss: 1.1698 | BPB: 1.6876 | LR: 0.000010 | ms/batch: 46.5
Epoch 32/100 | Batch 9500/21973 | Loss: 1.1697 | BPB: 1.6876 | LR: 0.000010 | ms/batch: 46.5
Epoch 32/100 | Batch 9600/21973 | Loss: 1.1697 | BPB: 1.6876 | LR: 0.000010 | ms/batch: 46.5
Epoch 32/100 | Batch 9700/21973 | Loss: 1.1697 | BPB: 1.6876 | LR: 0.000010 | ms/batch: 46.5
Epoch 32/100 | Batch 9800/21973 | Loss: 1.1697 | BPB: 1.6876 | LR: 0.000010 | ms/batch: 46.5
Epoch 32/100 | Batch 9900/21973 | Loss: 1.1698 | BPB: 1.6876 | LR: 0.000010 | ms/batch: 46.5
Epoch 32/100 | Batch 10000/21973 | Loss: 1.1698 | BPB: 1.6876 | LR: 0.000010 | ms/batch: 46.5
Epoch 32/100 | Batch 10100/21973 | Loss: 1.1698 | BPB: 1.6876 | LR: 0.000010 | ms/batch: 46.5
Epoch 32/100 | Batch 10200/21973 | Loss: 1.1698 | BPB: 1.6876 | LR: 0.000010 | ms/batch: 46.5
Epoch 32/100 | Batch 10300/21973 | Loss: 1.1697 | BPB: 1.6876 | LR: 0.000010 | ms/batch: 46.5
Epoch 32/100 | Batch 10400/21973 | Loss: 1.1697 | BPB: 1.6876 | LR: 0.000010 | ms/batch: 46.5
Epoch 32/100 | Batch 10500/21973 | Loss: 1.1697 | BPB: 1.6876 | LR: 0.000010 | ms/batch: 46.5
Epoch 32/100 | Batch 10600/21973 | Loss: 1.1698 | BPB: 1.6876 | LR: 0.000010 | ms/batch: 46.5
Epoch 32/100 | Batch 10700/21973 | Loss: 1.1698 | BPB: 1.6876 | LR: 0.000010 | ms/batch: 46.5
Epoch 32/100 | Batch 10800/21973 | Loss: 1.1697 | BPB: 1.6876 | LR: 0.000010 | ms/batch: 46.5
Epoch 32/100 | Batch 10900/21973 | Loss: 1.1697 | BPB: 1.6876 | LR: 0.000010 | ms/batch: 46.5
Epoch 32/100 | Batch 11000/21973 | Loss: 1.1698 | BPB: 1.6876 | LR: 0.000010 | ms/batch: 46.5
Epoch 32/100 | Batch 11100/21973 | Loss: 1.1698 | BPB: 1.6876 | LR: 0.000010 | ms/batch: 46.5
Epoch 32/100 | Batch 11200/21973 | Loss: 1.1698 | BPB: 1.6876 | LR: 0.000010 | ms/batch: 46.5
Epoch 32/100 | Batch 11300/21973 | Loss: 1.1697 | BPB: 1.6876 | LR: 0.000010 | ms/batch: 46.5
Epoch 32/100 | Batch 11400/21973 | Loss: 1.1698 | BPB: 1.6876 | LR: 0.000010 | ms/batch: 46.5
Epoch 32/100 | Batch 11500/21973 | Loss: 1.1697 | BPB: 1.6876 | LR: 0.000010 | ms/batch: 46.5
Epoch 32/100 | Batch 11600/21973 | Loss: 1.1698 | BPB: 1.6876 | LR: 0.000010 | ms/batch: 46.5
Epoch 32/100 | Batch 11700/21973 | Loss: 1.1698 | BPB: 1.6876 | LR: 0.000010 | ms/batch: 46.5
Epoch 32/100 | Batch 11800/21973 | Loss: 1.1698 | BPB: 1.6876 | LR: 0.000010 | ms/batch: 46.5
Epoch 32/100 | Batch 11900/21973 | Loss: 1.1698 | BPB: 1.6876 | LR: 0.000010 | ms/batch: 46.5
Epoch 32/100 | Batch 12000/21973 | Loss: 1.1698 | BPB: 1.6876 | LR: 0.000010 | ms/batch: 46.5
Epoch 32/100 | Batch 12100/21973 | Loss: 1.1698 | BPB: 1.6876 | LR: 0.000010 | ms/batch: 46.5
Epoch 32/100 | Batch 12200/21973 | Loss: 1.1697 | BPB: 1.6876 | LR: 0.000010 | ms/batch: 46.5
Epoch 32/100 | Batch 12300/21973 | Loss: 1.1698 | BPB: 1.6876 | LR: 0.000010 | ms/batch: 46.5
Epoch 32/100 | Batch 12400/21973 | Loss: 1.1698 | BPB: 1.6876 | LR: 0.000010 | ms/batch: 46.5
Epoch 32/100 | Batch 12500/21973 | Loss: 1.1698 | BPB: 1.6876 | LR: 0.000010 | ms/batch: 46.5
Epoch 32/100 | Batch 12600/21973 | Loss: 1.1698 | BPB: 1.6876 | LR: 0.000010 | ms/batch: 46.5
Epoch 32/100 | Batch 12700/21973 | Loss: 1.1698 | BPB: 1.6876 | LR: 0.000010 | ms/batch: 46.5
Epoch 32/100 | Batch 12800/21973 | Loss: 1.1698 | BPB: 1.6876 | LR: 0.000010 | ms/batch: 46.5
Epoch 32/100 | Batch 12900/21973 | Loss: 1.1698 | BPB: 1.6877 | LR: 0.000010 | ms/batch: 46.5
Epoch 32/100 | Batch 13000/21973 | Loss: 1.1698 | BPB: 1.6876 | LR: 0.000010 | ms/batch: 46.5
Epoch 32/100 | Batch 13100/21973 | Loss: 1.1698 | BPB: 1.6876 | LR: 0.000010 | ms/batch: 46.5
Epoch 32/100 | Batch 13200/21973 | Loss: 1.1698 | BPB: 1.6876 | LR: 0.000010 | ms/batch: 46.5
Epoch 32/100 | Batch 13300/21973 | Loss: 1.1698 | BPB: 1.6876 | LR: 0.000010 | ms/batch: 46.5
Epoch 32/100 | Batch 13400/21973 | Loss: 1.1698 | BPB: 1.6876 | LR: 0.000010 | ms/batch: 46.5
Epoch 32/100 | Batch 13500/21973 | Loss: 1.1698 | BPB: 1.6876 | LR: 0.000010 | ms/batch: 46.5
Epoch 32/100 | Batch 13600/21973 | Loss: 1.1698 | BPB: 1.6876 | LR: 0.000010 | ms/batch: 46.5
Epoch 32/100 | Batch 13700/21973 | Loss: 1.1698 | BPB: 1.6876 | LR: 0.000010 | ms/batch: 46.5
Epoch 32/100 | Batch 13800/21973 | Loss: 1.1698 | BPB: 1.6876 | LR: 0.000010 | ms/batch: 46.5
Epoch 32/100 | Batch 13900/21973 | Loss: 1.1698 | BPB: 1.6876 | LR: 0.000010 | ms/batch: 46.5
Epoch 32/100 | Batch 14000/21973 | Loss: 1.1698 | BPB: 1.6876 | LR: 0.000010 | ms/batch: 46.5
Epoch 32/100 | Batch 14100/21973 | Loss: 1.1698 | BPB: 1.6876 | LR: 0.000010 | ms/batch: 46.5
Epoch 32/100 | Batch 14200/21973 | Loss: 1.1697 | BPB: 1.6876 | LR: 0.000010 | ms/batch: 46.5
Epoch 32/100 | Batch 14300/21973 | Loss: 1.1697 | BPB: 1.6876 | LR: 0.000010 | ms/batch: 46.5
Epoch 32/100 | Batch 14400/21973 | Loss: 1.1697 | BPB: 1.6875 | LR: 0.000010 | ms/batch: 46.5
Epoch 32/100 | Batch 14500/21973 | Loss: 1.1697 | BPB: 1.6875 | LR: 0.000010 | ms/batch: 46.5
Epoch 32/100 | Batch 14600/21973 | Loss: 1.1697 | BPB: 1.6875 | LR: 0.000010 | ms/batch: 46.5
Epoch 32/100 | Batch 14700/21973 | Loss: 1.1697 | BPB: 1.6875 | LR: 0.000010 | ms/batch: 46.5
Epoch 32/100 | Batch 14800/21973 | Loss: 1.1697 | BPB: 1.6875 | LR: 0.000010 | ms/batch: 46.5
Epoch 32/100 | Batch 14900/21973 | Loss: 1.1697 | BPB: 1.6875 | LR: 0.000010 | ms/batch: 46.5
Epoch 32/100 | Batch 15000/21973 | Loss: 1.1697 | BPB: 1.6875 | LR: 0.000010 | ms/batch: 46.5
Epoch 32/100 | Batch 15100/21973 | Loss: 1.1697 | BPB: 1.6875 | LR: 0.000010 | ms/batch: 46.5
Epoch 32/100 | Batch 15200/21973 | Loss: 1.1697 | BPB: 1.6875 | LR: 0.000010 | ms/batch: 46.5
Epoch 32/100 | Batch 15300/21973 | Loss: 1.1697 | BPB: 1.6875 | LR: 0.000010 | ms/batch: 46.5
Epoch 32/100 | Batch 15400/21973 | Loss: 1.1697 | BPB: 1.6875 | LR: 0.000010 | ms/batch: 46.5
Epoch 32/100 | Batch 15500/21973 | Loss: 1.1697 | BPB: 1.6875 | LR: 0.000010 | ms/batch: 46.5
Epoch 32/100 | Batch 15600/21973 | Loss: 1.1697 | BPB: 1.6875 | LR: 0.000010 | ms/batch: 46.5
Epoch 32/100 | Batch 15700/21973 | Loss: 1.1697 | BPB: 1.6875 | LR: 0.000010 | ms/batch: 46.5
Epoch 32/100 | Batch 15800/21973 | Loss: 1.1697 | BPB: 1.6875 | LR: 0.000010 | ms/batch: 46.5
Epoch 32/100 | Batch 15900/21973 | Loss: 1.1697 | BPB: 1.6875 | LR: 0.000010 | ms/batch: 46.5
Epoch 32/100 | Batch 16000/21973 | Loss: 1.1697 | BPB: 1.6875 | LR: 0.000010 | ms/batch: 46.5
Epoch 32/100 | Batch 16100/21973 | Loss: 1.1697 | BPB: 1.6875 | LR: 0.000010 | ms/batch: 46.5
Epoch 32/100 | Batch 16200/21973 | Loss: 1.1697 | BPB: 1.6875 | LR: 0.000010 | ms/batch: 46.5
Epoch 32/100 | Batch 16300/21973 | Loss: 1.1697 | BPB: 1.6875 | LR: 0.000010 | ms/batch: 46.5
Epoch 32/100 | Batch 16400/21973 | Loss: 1.1697 | BPB: 1.6875 | LR: 0.000010 | ms/batch: 46.5
Epoch 32/100 | Batch 16500/21973 | Loss: 1.1697 | BPB: 1.6875 | LR: 0.000010 | ms/batch: 46.5
Epoch 32/100 | Batch 16600/21973 | Loss: 1.1697 | BPB: 1.6875 | LR: 0.000010 | ms/batch: 46.5
Epoch 32/100 | Batch 16700/21973 | Loss: 1.1697 | BPB: 1.6875 | LR: 0.000010 | ms/batch: 46.5
Epoch 32/100 | Batch 16800/21973 | Loss: 1.1697 | BPB: 1.6875 | LR: 0.000010 | ms/batch: 46.5
Epoch 32/100 | Batch 16900/21973 | Loss: 1.1697 | BPB: 1.6875 | LR: 0.000010 | ms/batch: 46.5
Epoch 32/100 | Batch 17000/21973 | Loss: 1.1697 | BPB: 1.6875 | LR: 0.000010 | ms/batch: 46.4
Epoch 32/100 | Batch 17100/21973 | Loss: 1.1697 | BPB: 1.6875 | LR: 0.000010 | ms/batch: 46.5
Epoch 32/100 | Batch 17200/21973 | Loss: 1.1697 | BPB: 1.6875 | LR: 0.000010 | ms/batch: 46.5
Epoch 32/100 | Batch 17300/21973 | Loss: 1.1697 | BPB: 1.6875 | LR: 0.000010 | ms/batch: 46.5
Epoch 32/100 | Batch 17400/21973 | Loss: 1.1697 | BPB: 1.6875 | LR: 0.000010 | ms/batch: 46.4
Epoch 32/100 | Batch 17500/21973 | Loss: 1.1697 | BPB: 1.6875 | LR: 0.000010 | ms/batch: 46.4
Epoch 32/100 | Batch 17600/21973 | Loss: 1.1697 | BPB: 1.6875 | LR: 0.000010 | ms/batch: 46.5
Epoch 32/100 | Batch 17700/21973 | Loss: 1.1696 | BPB: 1.6874 | LR: 0.000010 | ms/batch: 46.5
Epoch 32/100 | Batch 17800/21973 | Loss: 1.1696 | BPB: 1.6874 | LR: 0.000010 | ms/batch: 46.4
Epoch 32/100 | Batch 17900/21973 | Loss: 1.1696 | BPB: 1.6874 | LR: 0.000010 | ms/batch: 46.4
Epoch 32/100 | Batch 18000/21973 | Loss: 1.1696 | BPB: 1.6874 | LR: 0.000010 | ms/batch: 46.4
Epoch 32/100 | Batch 18100/21973 | Loss: 1.1696 | BPB: 1.6874 | LR: 0.000010 | ms/batch: 46.5
Epoch 32/100 | Batch 18200/21973 | Loss: 1.1696 | BPB: 1.6874 | LR: 0.000010 | ms/batch: 46.4
Epoch 32/100 | Batch 18300/21973 | Loss: 1.1696 | BPB: 1.6874 | LR: 0.000010 | ms/batch: 46.4
Epoch 32/100 | Batch 18400/21973 | Loss: 1.1696 | BPB: 1.6874 | LR: 0.000010 | ms/batch: 46.4
Epoch 32/100 | Batch 18500/21973 | Loss: 1.1696 | BPB: 1.6874 | LR: 0.000010 | ms/batch: 46.4
Epoch 32/100 | Batch 18600/21973 | Loss: 1.1696 | BPB: 1.6874 | LR: 0.000010 | ms/batch: 46.4
Epoch 32/100 | Batch 18700/21973 | Loss: 1.1696 | BPB: 1.6874 | LR: 0.000010 | ms/batch: 46.4
Epoch 32/100 | Batch 18800/21973 | Loss: 1.1696 | BPB: 1.6874 | LR: 0.000010 | ms/batch: 46.4
Epoch 32/100 | Batch 18900/21973 | Loss: 1.1696 | BPB: 1.6873 | LR: 0.000010 | ms/batch: 46.4
Epoch 32/100 | Batch 19000/21973 | Loss: 1.1696 | BPB: 1.6873 | LR: 0.000010 | ms/batch: 46.4
Epoch 32/100 | Batch 19100/21973 | Loss: 1.1696 | BPB: 1.6873 | LR: 0.000010 | ms/batch: 46.4
Epoch 32/100 | Batch 19200/21973 | Loss: 1.1696 | BPB: 1.6873 | LR: 0.000010 | ms/batch: 46.4
Epoch 32/100 | Batch 19300/21973 | Loss: 1.1696 | BPB: 1.6874 | LR: 0.000010 | ms/batch: 46.4
Epoch 32/100 | Batch 19400/21973 | Loss: 1.1696 | BPB: 1.6873 | LR: 0.000010 | ms/batch: 46.4
Epoch 32/100 | Batch 19500/21973 | Loss: 1.1696 | BPB: 1.6874 | LR: 0.000010 | ms/batch: 46.4
Epoch 32/100 | Batch 19600/21973 | Loss: 1.1696 | BPB: 1.6873 | LR: 0.000010 | ms/batch: 46.4
Epoch 32/100 | Batch 19700/21973 | Loss: 1.1696 | BPB: 1.6873 | LR: 0.000010 | ms/batch: 46.4
Epoch 32/100 | Batch 19800/21973 | Loss: 1.1696 | BPB: 1.6873 | LR: 0.000010 | ms/batch: 46.4
Epoch 32/100 | Batch 19900/21973 | Loss: 1.1696 | BPB: 1.6873 | LR: 0.000010 | ms/batch: 46.4
Epoch 32/100 | Batch 20000/21973 | Loss: 1.1696 | BPB: 1.6873 | LR: 0.000010 | ms/batch: 46.4
Epoch 32/100 | Batch 20100/21973 | Loss: 1.1696 | BPB: 1.6874 | LR: 0.000010 | ms/batch: 46.4
Epoch 32/100 | Batch 20200/21973 | Loss: 1.1696 | BPB: 1.6874 | LR: 0.000010 | ms/batch: 46.4
Epoch 32/100 | Batch 20300/21973 | Loss: 1.1696 | BPB: 1.6874 | LR: 0.000010 | ms/batch: 46.4
Epoch 32/100 | Batch 20400/21973 | Loss: 1.1696 | BPB: 1.6874 | LR: 0.000010 | ms/batch: 46.4
Epoch 32/100 | Batch 20500/21973 | Loss: 1.1696 | BPB: 1.6874 | LR: 0.000010 | ms/batch: 46.4
Epoch 32/100 | Batch 20600/21973 | Loss: 1.1696 | BPB: 1.6874 | LR: 0.000010 | ms/batch: 46.4
Epoch 32/100 | Batch 20700/21973 | Loss: 1.1696 | BPB: 1.6874 | LR: 0.000010 | ms/batch: 46.4
Epoch 32/100 | Batch 20800/21973 | Loss: 1.1696 | BPB: 1.6874 | LR: 0.000010 | ms/batch: 46.4
Epoch 32/100 | Batch 20900/21973 | Loss: 1.1696 | BPB: 1.6874 | LR: 0.000010 | ms/batch: 46.4
Epoch 32/100 | Batch 21000/21973 | Loss: 1.1696 | BPB: 1.6874 | LR: 0.000010 | ms/batch: 46.4
Epoch 32/100 | Batch 21100/21973 | Loss: 1.1696 | BPB: 1.6874 | LR: 0.000010 | ms/batch: 46.4
Epoch 32/100 | Batch 21200/21973 | Loss: 1.1696 | BPB: 1.6874 | LR: 0.000010 | ms/batch: 46.4
Epoch 32/100 | Batch 21300/21973 | Loss: 1.1696 | BPB: 1.6874 | LR: 0.000010 | ms/batch: 46.4
Epoch 32/100 | Batch 21400/21973 | Loss: 1.1696 | BPB: 1.6874 | LR: 0.000010 | ms/batch: 46.4
Epoch 32/100 | Batch 21500/21973 | Loss: 1.1696 | BPB: 1.6874 | LR: 0.000010 | ms/batch: 46.4
Epoch 32/100 | Batch 21600/21973 | Loss: 1.1696 | BPB: 1.6874 | LR: 0.000010 | ms/batch: 46.5
Epoch 32/100 | Batch 21700/21973 | Loss: 1.1696 | BPB: 1.6874 | LR: 0.000010 | ms/batch: 46.4
Epoch 32/100 | Batch 21800/21973 | Loss: 1.1696 | BPB: 1.6874 | LR: 0.000010 | ms/batch: 46.4
Epoch 32/100 | Batch 21900/21973 | Loss: 1.1696 | BPB: 1.6874 | LR: 0.000010 | ms/batch: 46.4

Epoch 32/100 Summary:
Training Loss: 1.1696 (BPB: 1.6874)
Validation Loss: 0.8783 (BPB: 1.2671)
Best Validation Loss: 0.8783
Learning Rate: 0.000010
Epoch 33/100 | Batch 0/21973 | Loss: 1.1845 | BPB: 1.7089 | LR: 0.000010 | ms/batch: 125.9
Epoch 33/100 | Batch 100/21973 | Loss: 1.1705 | BPB: 1.6887 | LR: 0.000010 | ms/batch: 47.6
Epoch 33/100 | Batch 200/21973 | Loss: 1.1707 | BPB: 1.6889 | LR: 0.000010 | ms/batch: 46.9
Epoch 33/100 | Batch 300/21973 | Loss: 1.1696 | BPB: 1.6873 | LR: 0.000010 | ms/batch: 46.7
Epoch 33/100 | Batch 400/21973 | Loss: 1.1697 | BPB: 1.6875 | LR: 0.000010 | ms/batch: 46.6
Epoch 33/100 | Batch 500/21973 | Loss: 1.1697 | BPB: 1.6875 | LR: 0.000010 | ms/batch: 46.5
Epoch 33/100 | Batch 600/21973 | Loss: 1.1694 | BPB: 1.6870 | LR: 0.000010 | ms/batch: 46.6
Epoch 33/100 | Batch 700/21973 | Loss: 1.1695 | BPB: 1.6872 | LR: 0.000010 | ms/batch: 46.5
Epoch 33/100 | Batch 800/21973 | Loss: 1.1694 | BPB: 1.6871 | LR: 0.000010 | ms/batch: 46.5
Epoch 33/100 | Batch 900/21973 | Loss: 1.1693 | BPB: 1.6870 | LR: 0.000010 | ms/batch: 46.5
Epoch 33/100 | Batch 1000/21973 | Loss: 1.1694 | BPB: 1.6871 | LR: 0.000010 | ms/batch: 46.5
Epoch 33/100 | Batch 1100/21973 | Loss: 1.1694 | BPB: 1.6871 | LR: 0.000010 | ms/batch: 46.5
Epoch 33/100 | Batch 1200/21973 | Loss: 1.1696 | BPB: 1.6874 | LR: 0.000010 | ms/batch: 46.5
Epoch 33/100 | Batch 1300/21973 | Loss: 1.1696 | BPB: 1.6874 | LR: 0.000010 | ms/batch: 46.5
Epoch 33/100 | Batch 1400/21973 | Loss: 1.1695 | BPB: 1.6873 | LR: 0.000010 | ms/batch: 46.4
Epoch 33/100 | Batch 1500/21973 | Loss: 1.1694 | BPB: 1.6871 | LR: 0.000010 | ms/batch: 46.4
Epoch 33/100 | Batch 1600/21973 | Loss: 1.1694 | BPB: 1.6870 | LR: 0.000010 | ms/batch: 46.5
Epoch 33/100 | Batch 1700/21973 | Loss: 1.1694 | BPB: 1.6872 | LR: 0.000010 | ms/batch: 46.5
Epoch 33/100 | Batch 1800/21973 | Loss: 1.1695 | BPB: 1.6873 | LR: 0.000010 | ms/batch: 46.4
Epoch 33/100 | Batch 1900/21973 | Loss: 1.1696 | BPB: 1.6874 | LR: 0.000010 | ms/batch: 46.4
Epoch 33/100 | Batch 2000/21973 | Loss: 1.1695 | BPB: 1.6873 | LR: 0.000010 | ms/batch: 46.4
Epoch 33/100 | Batch 2100/21973 | Loss: 1.1696 | BPB: 1.6874 | LR: 0.000010 | ms/batch: 46.5
Epoch 33/100 | Batch 2200/21973 | Loss: 1.1696 | BPB: 1.6874 | LR: 0.000010 | ms/batch: 46.4
Epoch 33/100 | Batch 2300/21973 | Loss: 1.1695 | BPB: 1.6873 | LR: 0.000010 | ms/batch: 46.4
Epoch 33/100 | Batch 2400/21973 | Loss: 1.1696 | BPB: 1.6873 | LR: 0.000010 | ms/batch: 46.4
Epoch 33/100 | Batch 2500/21973 | Loss: 1.1695 | BPB: 1.6873 | LR: 0.000010 | ms/batch: 46.4
Epoch 33/100 | Batch 2600/21973 | Loss: 1.1695 | BPB: 1.6872 | LR: 0.000010 | ms/batch: 46.4
Epoch 33/100 | Batch 2700/21973 | Loss: 1.1695 | BPB: 1.6872 | LR: 0.000010 | ms/batch: 46.4
Epoch 33/100 | Batch 2800/21973 | Loss: 1.1695 | BPB: 1.6872 | LR: 0.000010 | ms/batch: 46.4
Epoch 33/100 | Batch 2900/21973 | Loss: 1.1695 | BPB: 1.6872 | LR: 0.000010 | ms/batch: 46.4
Epoch 33/100 | Batch 3000/21973 | Loss: 1.1695 | BPB: 1.6872 | LR: 0.000010 | ms/batch: 46.4
Epoch 33/100 | Batch 3100/21973 | Loss: 1.1695 | BPB: 1.6873 | LR: 0.000010 | ms/batch: 46.4
Epoch 33/100 | Batch 3200/21973 | Loss: 1.1695 | BPB: 1.6873 | LR: 0.000010 | ms/batch: 46.4
Epoch 33/100 | Batch 3300/21973 | Loss: 1.1696 | BPB: 1.6873 | LR: 0.000010 | ms/batch: 46.4
Epoch 33/100 | Batch 3400/21973 | Loss: 1.1696 | BPB: 1.6874 | LR: 0.000010 | ms/batch: 46.4
Epoch 33/100 | Batch 3500/21973 | Loss: 1.1696 | BPB: 1.6874 | LR: 0.000010 | ms/batch: 46.4
Epoch 33/100 | Batch 3600/21973 | Loss: 1.1696 | BPB: 1.6874 | LR: 0.000010 | ms/batch: 46.4
Epoch 33/100 | Batch 3700/21973 | Loss: 1.1696 | BPB: 1.6874 | LR: 0.000010 | ms/batch: 46.4
Epoch 33/100 | Batch 3800/21973 | Loss: 1.1696 | BPB: 1.6873 | LR: 0.000010 | ms/batch: 46.4
Epoch 33/100 | Batch 3900/21973 | Loss: 1.1696 | BPB: 1.6873 | LR: 0.000010 | ms/batch: 46.4
Epoch 33/100 | Batch 4000/21973 | Loss: 1.1696 | BPB: 1.6874 | LR: 0.000010 | ms/batch: 46.4
Epoch 33/100 | Batch 4100/21973 | Loss: 1.1696 | BPB: 1.6874 | LR: 0.000010 | ms/batch: 46.4
Epoch 33/100 | Batch 4200/21973 | Loss: 1.1696 | BPB: 1.6874 | LR: 0.000010 | ms/batch: 46.4
Epoch 33/100 | Batch 4300/21973 | Loss: 1.1696 | BPB: 1.6874 | LR: 0.000010 | ms/batch: 46.4
Epoch 33/100 | Batch 4400/21973 | Loss: 1.1696 | BPB: 1.6873 | LR: 0.000010 | ms/batch: 46.4
Epoch 33/100 | Batch 4500/21973 | Loss: 1.1695 | BPB: 1.6873 | LR: 0.000010 | ms/batch: 46.4
Epoch 33/100 | Batch 4600/21973 | Loss: 1.1695 | BPB: 1.6873 | LR: 0.000010 | ms/batch: 46.4
Epoch 33/100 | Batch 4700/21973 | Loss: 1.1695 | BPB: 1.6873 | LR: 0.000010 | ms/batch: 46.4
Epoch 33/100 | Batch 4800/21973 | Loss: 1.1695 | BPB: 1.6873 | LR: 0.000010 | ms/batch: 46.4
Epoch 33/100 | Batch 4900/21973 | Loss: 1.1696 | BPB: 1.6873 | LR: 0.000010 | ms/batch: 46.4
Epoch 33/100 | Batch 5000/21973 | Loss: 1.1696 | BPB: 1.6873 | LR: 0.000010 | ms/batch: 46.4
Epoch 33/100 | Batch 5100/21973 | Loss: 1.1696 | BPB: 1.6874 | LR: 0.000010 | ms/batch: 46.4
Epoch 33/100 | Batch 5200/21973 | Loss: 1.1696 | BPB: 1.6874 | LR: 0.000010 | ms/batch: 46.4
Epoch 33/100 | Batch 5300/21973 | Loss: 1.1696 | BPB: 1.6873 | LR: 0.000010 | ms/batch: 46.4
Epoch 33/100 | Batch 5400/21973 | Loss: 1.1696 | BPB: 1.6873 | LR: 0.000010 | ms/batch: 46.4
Epoch 33/100 | Batch 5500/21973 | Loss: 1.1696 | BPB: 1.6873 | LR: 0.000010 | ms/batch: 46.4
Epoch 33/100 | Batch 5600/21973 | Loss: 1.1696 | BPB: 1.6874 | LR: 0.000010 | ms/batch: 46.4
Epoch 33/100 | Batch 5700/21973 | Loss: 1.1696 | BPB: 1.6874 | LR: 0.000010 | ms/batch: 46.4
Epoch 33/100 | Batch 5800/21973 | Loss: 1.1696 | BPB: 1.6874 | LR: 0.000010 | ms/batch: 46.4
Epoch 33/100 | Batch 5900/21973 | Loss: 1.1696 | BPB: 1.6874 | LR: 0.000010 | ms/batch: 46.4
Epoch 33/100 | Batch 6000/21973 | Loss: 1.1696 | BPB: 1.6874 | LR: 0.000010 | ms/batch: 46.4
Epoch 33/100 | Batch 6100/21973 | Loss: 1.1697 | BPB: 1.6875 | LR: 0.000010 | ms/batch: 46.4
Epoch 33/100 | Batch 6200/21973 | Loss: 1.1697 | BPB: 1.6875 | LR: 0.000010 | ms/batch: 46.4
Epoch 33/100 | Batch 6300/21973 | Loss: 1.1697 | BPB: 1.6875 | LR: 0.000010 | ms/batch: 46.4
Epoch 33/100 | Batch 6400/21973 | Loss: 1.1697 | BPB: 1.6875 | LR: 0.000010 | ms/batch: 46.4
Epoch 33/100 | Batch 6500/21973 | Loss: 1.1696 | BPB: 1.6874 | LR: 0.000010 | ms/batch: 46.4
Epoch 33/100 | Batch 6600/21973 | Loss: 1.1697 | BPB: 1.6875 | LR: 0.000010 | ms/batch: 46.4
Epoch 33/100 | Batch 6700/21973 | Loss: 1.1697 | BPB: 1.6874 | LR: 0.000010 | ms/batch: 46.4
Epoch 33/100 | Batch 6800/21973 | Loss: 1.1696 | BPB: 1.6874 | LR: 0.000010 | ms/batch: 46.4
Epoch 33/100 | Batch 6900/21973 | Loss: 1.1696 | BPB: 1.6874 | LR: 0.000010 | ms/batch: 46.4
Epoch 33/100 | Batch 7000/21973 | Loss: 1.1696 | BPB: 1.6873 | LR: 0.000010 | ms/batch: 46.4
Epoch 33/100 | Batch 7100/21973 | Loss: 1.1696 | BPB: 1.6873 | LR: 0.000010 | ms/batch: 46.4
Epoch 33/100 | Batch 7200/21973 | Loss: 1.1696 | BPB: 1.6873 | LR: 0.000010 | ms/batch: 46.4
Epoch 33/100 | Batch 7300/21973 | Loss: 1.1696 | BPB: 1.6873 | LR: 0.000010 | ms/batch: 46.4
Epoch 33/100 | Batch 7400/21973 | Loss: 1.1696 | BPB: 1.6873 | LR: 0.000010 | ms/batch: 46.4
Epoch 33/100 | Batch 7500/21973 | Loss: 1.1695 | BPB: 1.6873 | LR: 0.000010 | ms/batch: 46.4
Epoch 33/100 | Batch 7600/21973 | Loss: 1.1696 | BPB: 1.6873 | LR: 0.000010 | ms/batch: 46.4
Epoch 33/100 | Batch 7700/21973 | Loss: 1.1696 | BPB: 1.6873 | LR: 0.000010 | ms/batch: 46.4
Epoch 33/100 | Batch 7800/21973 | Loss: 1.1695 | BPB: 1.6873 | LR: 0.000010 | ms/batch: 46.4
Epoch 33/100 | Batch 7900/21973 | Loss: 1.1695 | BPB: 1.6873 | LR: 0.000010 | ms/batch: 46.4
Epoch 33/100 | Batch 8000/21973 | Loss: 1.1695 | BPB: 1.6873 | LR: 0.000010 | ms/batch: 46.4
Epoch 33/100 | Batch 8100/21973 | Loss: 1.1695 | BPB: 1.6872 | LR: 0.000010 | ms/batch: 46.4
Epoch 33/100 | Batch 8200/21973 | Loss: 1.1695 | BPB: 1.6872 | LR: 0.000010 | ms/batch: 46.4
Epoch 33/100 | Batch 8300/21973 | Loss: 1.1695 | BPB: 1.6872 | LR: 0.000010 | ms/batch: 46.4
Epoch 33/100 | Batch 8400/21973 | Loss: 1.1695 | BPB: 1.6872 | LR: 0.000010 | ms/batch: 46.4
Epoch 33/100 | Batch 8500/21973 | Loss: 1.1695 | BPB: 1.6872 | LR: 0.000010 | ms/batch: 46.4
Epoch 33/100 | Batch 8600/21973 | Loss: 1.1695 | BPB: 1.6872 | LR: 0.000010 | ms/batch: 46.4
Epoch 33/100 | Batch 8700/21973 | Loss: 1.1695 | BPB: 1.6873 | LR: 0.000010 | ms/batch: 46.4
Epoch 33/100 | Batch 8800/21973 | Loss: 1.1695 | BPB: 1.6873 | LR: 0.000010 | ms/batch: 46.4
Epoch 33/100 | Batch 8900/21973 | Loss: 1.1695 | BPB: 1.6873 | LR: 0.000010 | ms/batch: 46.4
Epoch 33/100 | Batch 9000/21973 | Loss: 1.1695 | BPB: 1.6873 | LR: 0.000010 | ms/batch: 46.4
Epoch 33/100 | Batch 9100/21973 | Loss: 1.1695 | BPB: 1.6873 | LR: 0.000010 | ms/batch: 46.4
Epoch 33/100 | Batch 9200/21973 | Loss: 1.1696 | BPB: 1.6873 | LR: 0.000010 | ms/batch: 46.4
Epoch 33/100 | Batch 9300/21973 | Loss: 1.1695 | BPB: 1.6873 | LR: 0.000010 | ms/batch: 46.4
Epoch 33/100 | Batch 9400/21973 | Loss: 1.1696 | BPB: 1.6873 | LR: 0.000010 | ms/batch: 46.4
Epoch 33/100 | Batch 9500/21973 | Loss: 1.1696 | BPB: 1.6873 | LR: 0.000010 | ms/batch: 46.4
Epoch 33/100 | Batch 9600/21973 | Loss: 1.1695 | BPB: 1.6873 | LR: 0.000010 | ms/batch: 46.4
Epoch 33/100 | Batch 9700/21973 | Loss: 1.1695 | BPB: 1.6873 | LR: 0.000010 | ms/batch: 46.4
Epoch 33/100 | Batch 9800/21973 | Loss: 1.1695 | BPB: 1.6873 | LR: 0.000010 | ms/batch: 46.4
Epoch 33/100 | Batch 9900/21973 | Loss: 1.1695 | BPB: 1.6873 | LR: 0.000010 | ms/batch: 46.4
Epoch 33/100 | Batch 10000/21973 | Loss: 1.1695 | BPB: 1.6873 | LR: 0.000010 | ms/batch: 46.4
Epoch 33/100 | Batch 10100/21973 | Loss: 1.1695 | BPB: 1.6873 | LR: 0.000010 | ms/batch: 46.4
Epoch 33/100 | Batch 10200/21973 | Loss: 1.1695 | BPB: 1.6872 | LR: 0.000010 | ms/batch: 46.4
Epoch 33/100 | Batch 10300/21973 | Loss: 1.1695 | BPB: 1.6872 | LR: 0.000010 | ms/batch: 46.4
Epoch 33/100 | Batch 10400/21973 | Loss: 1.1695 | BPB: 1.6872 | LR: 0.000010 | ms/batch: 46.4
Epoch 33/100 | Batch 10500/21973 | Loss: 1.1695 | BPB: 1.6872 | LR: 0.000010 | ms/batch: 46.4
Epoch 33/100 | Batch 10600/21973 | Loss: 1.1695 | BPB: 1.6872 | LR: 0.000010 | ms/batch: 46.4
Epoch 33/100 | Batch 10700/21973 | Loss: 1.1695 | BPB: 1.6872 | LR: 0.000010 | ms/batch: 46.4
Epoch 33/100 | Batch 10800/21973 | Loss: 1.1695 | BPB: 1.6872 | LR: 0.000010 | ms/batch: 46.4
Epoch 33/100 | Batch 10900/21973 | Loss: 1.1694 | BPB: 1.6871 | LR: 0.000010 | ms/batch: 46.4
Epoch 33/100 | Batch 11000/21973 | Loss: 1.1695 | BPB: 1.6872 | LR: 0.000010 | ms/batch: 46.4
Epoch 33/100 | Batch 11100/21973 | Loss: 1.1695 | BPB: 1.6872 | LR: 0.000010 | ms/batch: 46.4
Epoch 33/100 | Batch 11200/21973 | Loss: 1.1695 | BPB: 1.6872 | LR: 0.000010 | ms/batch: 46.4
Epoch 33/100 | Batch 11300/21973 | Loss: 1.1695 | BPB: 1.6872 | LR: 0.000010 | ms/batch: 46.4
Epoch 33/100 | Batch 11400/21973 | Loss: 1.1695 | BPB: 1.6872 | LR: 0.000010 | ms/batch: 46.4
Epoch 33/100 | Batch 11500/21973 | Loss: 1.1695 | BPB: 1.6872 | LR: 0.000010 | ms/batch: 46.4
Epoch 33/100 | Batch 11600/21973 | Loss: 1.1695 | BPB: 1.6872 | LR: 0.000010 | ms/batch: 46.4
Epoch 33/100 | Batch 11700/21973 | Loss: 1.1695 | BPB: 1.6872 | LR: 0.000010 | ms/batch: 46.4
Epoch 33/100 | Batch 11800/21973 | Loss: 1.1695 | BPB: 1.6872 | LR: 0.000010 | ms/batch: 46.4
Epoch 33/100 | Batch 11900/21973 | Loss: 1.1695 | BPB: 1.6872 | LR: 0.000010 | ms/batch: 46.4
Epoch 33/100 | Batch 12000/21973 | Loss: 1.1695 | BPB: 1.6872 | LR: 0.000010 | ms/batch: 46.4
Epoch 33/100 | Batch 12100/21973 | Loss: 1.1695 | BPB: 1.6872 | LR: 0.000010 | ms/batch: 46.4
Epoch 33/100 | Batch 12200/21973 | Loss: 1.1695 | BPB: 1.6872 | LR: 0.000010 | ms/batch: 46.4
Epoch 33/100 | Batch 12300/21973 | Loss: 1.1695 | BPB: 1.6872 | LR: 0.000010 | ms/batch: 46.4
Epoch 33/100 | Batch 12400/21973 | Loss: 1.1694 | BPB: 1.6871 | LR: 0.000010 | ms/batch: 46.4
Epoch 33/100 | Batch 12500/21973 | Loss: 1.1694 | BPB: 1.6872 | LR: 0.000010 | ms/batch: 46.4
Epoch 33/100 | Batch 12600/21973 | Loss: 1.1695 | BPB: 1.6872 | LR: 0.000010 | ms/batch: 46.4
Epoch 33/100 | Batch 12700/21973 | Loss: 1.1695 | BPB: 1.6872 | LR: 0.000010 | ms/batch: 46.4
Epoch 33/100 | Batch 12800/21973 | Loss: 1.1695 | BPB: 1.6872 | LR: 0.000010 | ms/batch: 46.4
Epoch 33/100 | Batch 12900/21973 | Loss: 1.1695 | BPB: 1.6872 | LR: 0.000010 | ms/batch: 46.4
Epoch 33/100 | Batch 13000/21973 | Loss: 1.1695 | BPB: 1.6872 | LR: 0.000010 | ms/batch: 46.4
Epoch 33/100 | Batch 13100/21973 | Loss: 1.1695 | BPB: 1.6872 | LR: 0.000010 | ms/batch: 46.4
Epoch 33/100 | Batch 13200/21973 | Loss: 1.1695 | BPB: 1.6872 | LR: 0.000010 | ms/batch: 46.4
Epoch 33/100 | Batch 13300/21973 | Loss: 1.1695 | BPB: 1.6872 | LR: 0.000010 | ms/batch: 46.4
Epoch 33/100 | Batch 13400/21973 | Loss: 1.1694 | BPB: 1.6872 | LR: 0.000010 | ms/batch: 46.4
Epoch 33/100 | Batch 13500/21973 | Loss: 1.1694 | BPB: 1.6871 | LR: 0.000010 | ms/batch: 46.4
Epoch 33/100 | Batch 13600/21973 | Loss: 1.1694 | BPB: 1.6871 | LR: 0.000010 | ms/batch: 46.4
Epoch 33/100 | Batch 13700/21973 | Loss: 1.1694 | BPB: 1.6871 | LR: 0.000010 | ms/batch: 46.4
Epoch 33/100 | Batch 13800/21973 | Loss: 1.1694 | BPB: 1.6871 | LR: 0.000010 | ms/batch: 46.4
Epoch 33/100 | Batch 13900/21973 | Loss: 1.1694 | BPB: 1.6871 | LR: 0.000010 | ms/batch: 46.4
Epoch 33/100 | Batch 14000/21973 | Loss: 1.1694 | BPB: 1.6871 | LR: 0.000010 | ms/batch: 46.4
Epoch 33/100 | Batch 14100/21973 | Loss: 1.1694 | BPB: 1.6871 | LR: 0.000010 | ms/batch: 46.4
Epoch 33/100 | Batch 14200/21973 | Loss: 1.1694 | BPB: 1.6871 | LR: 0.000010 | ms/batch: 46.4
Epoch 33/100 | Batch 14300/21973 | Loss: 1.1694 | BPB: 1.6871 | LR: 0.000010 | ms/batch: 46.4
Epoch 33/100 | Batch 14400/21973 | Loss: 1.1694 | BPB: 1.6872 | LR: 0.000010 | ms/batch: 46.4
Epoch 33/100 | Batch 14500/21973 | Loss: 1.1695 | BPB: 1.6872 | LR: 0.000010 | ms/batch: 46.3
Epoch 33/100 | Batch 14600/21973 | Loss: 1.1694 | BPB: 1.6872 | LR: 0.000010 | ms/batch: 46.3
Epoch 33/100 | Batch 14700/21973 | Loss: 1.1694 | BPB: 1.6872 | LR: 0.000010 | ms/batch: 46.3
Epoch 33/100 | Batch 14800/21973 | Loss: 1.1694 | BPB: 1.6871 | LR: 0.000010 | ms/batch: 46.3
Epoch 33/100 | Batch 14900/21973 | Loss: 1.1694 | BPB: 1.6872 | LR: 0.000010 | ms/batch: 46.3
Epoch 33/100 | Batch 15000/21973 | Loss: 1.1695 | BPB: 1.6872 | LR: 0.000010 | ms/batch: 46.3
Epoch 33/100 | Batch 15100/21973 | Loss: 1.1694 | BPB: 1.6871 | LR: 0.000010 | ms/batch: 46.3
Epoch 33/100 | Batch 15200/21973 | Loss: 1.1694 | BPB: 1.6871 | LR: 0.000010 | ms/batch: 46.3
Epoch 33/100 | Batch 15300/21973 | Loss: 1.1694 | BPB: 1.6871 | LR: 0.000010 | ms/batch: 46.3
Epoch 33/100 | Batch 15400/21973 | Loss: 1.1694 | BPB: 1.6871 | LR: 0.000010 | ms/batch: 46.3
Epoch 33/100 | Batch 15500/21973 | Loss: 1.1694 | BPB: 1.6871 | LR: 0.000010 | ms/batch: 46.3
Epoch 33/100 | Batch 15600/21973 | Loss: 1.1694 | BPB: 1.6871 | LR: 0.000010 | ms/batch: 46.3
Epoch 33/100 | Batch 15700/21973 | Loss: 1.1694 | BPB: 1.6871 | LR: 0.000010 | ms/batch: 46.3
Epoch 33/100 | Batch 15800/21973 | Loss: 1.1694 | BPB: 1.6871 | LR: 0.000010 | ms/batch: 46.3
Epoch 33/100 | Batch 15900/21973 | Loss: 1.1694 | BPB: 1.6870 | LR: 0.000010 | ms/batch: 46.3
Epoch 33/100 | Batch 16000/21973 | Loss: 1.1694 | BPB: 1.6870 | LR: 0.000010 | ms/batch: 46.3
Epoch 33/100 | Batch 16100/21973 | Loss: 1.1694 | BPB: 1.6870 | LR: 0.000010 | ms/batch: 46.3
Epoch 33/100 | Batch 16200/21973 | Loss: 1.1694 | BPB: 1.6870 | LR: 0.000010 | ms/batch: 46.3
Epoch 33/100 | Batch 16300/21973 | Loss: 1.1694 | BPB: 1.6870 | LR: 0.000010 | ms/batch: 46.3
Epoch 33/100 | Batch 16400/21973 | Loss: 1.1694 | BPB: 1.6870 | LR: 0.000010 | ms/batch: 46.3
Epoch 33/100 | Batch 16500/21973 | Loss: 1.1694 | BPB: 1.6870 | LR: 0.000010 | ms/batch: 46.3
Epoch 33/100 | Batch 16600/21973 | Loss: 1.1693 | BPB: 1.6870 | LR: 0.000010 | ms/batch: 46.3
Epoch 33/100 | Batch 16700/21973 | Loss: 1.1693 | BPB: 1.6870 | LR: 0.000010 | ms/batch: 46.3
Epoch 33/100 | Batch 16800/21973 | Loss: 1.1693 | BPB: 1.6870 | LR: 0.000010 | ms/batch: 46.3
Epoch 33/100 | Batch 16900/21973 | Loss: 1.1693 | BPB: 1.6870 | LR: 0.000010 | ms/batch: 46.3
Epoch 33/100 | Batch 17000/21973 | Loss: 1.1693 | BPB: 1.6870 | LR: 0.000010 | ms/batch: 46.3
Epoch 33/100 | Batch 17100/21973 | Loss: 1.1693 | BPB: 1.6870 | LR: 0.000010 | ms/batch: 46.3
Epoch 33/100 | Batch 17200/21973 | Loss: 1.1693 | BPB: 1.6870 | LR: 0.000010 | ms/batch: 46.3
Epoch 33/100 | Batch 17300/21973 | Loss: 1.1693 | BPB: 1.6870 | LR: 0.000010 | ms/batch: 46.3
Epoch 33/100 | Batch 17400/21973 | Loss: 1.1693 | BPB: 1.6870 | LR: 0.000010 | ms/batch: 46.3
Epoch 33/100 | Batch 17500/21973 | Loss: 1.1693 | BPB: 1.6870 | LR: 0.000010 | ms/batch: 46.3
Epoch 33/100 | Batch 17600/21973 | Loss: 1.1693 | BPB: 1.6870 | LR: 0.000010 | ms/batch: 46.3
Epoch 33/100 | Batch 17700/21973 | Loss: 1.1693 | BPB: 1.6870 | LR: 0.000010 | ms/batch: 46.3
Epoch 33/100 | Batch 17800/21973 | Loss: 1.1693 | BPB: 1.6870 | LR: 0.000010 | ms/batch: 46.3
Epoch 33/100 | Batch 17900/21973 | Loss: 1.1693 | BPB: 1.6870 | LR: 0.000010 | ms/batch: 46.3
Epoch 33/100 | Batch 18000/21973 | Loss: 1.1693 | BPB: 1.6870 | LR: 0.000010 | ms/batch: 46.3
Epoch 33/100 | Batch 18100/21973 | Loss: 1.1693 | BPB: 1.6870 | LR: 0.000010 | ms/batch: 46.3
Epoch 33/100 | Batch 18200/21973 | Loss: 1.1693 | BPB: 1.6870 | LR: 0.000010 | ms/batch: 46.3
Epoch 33/100 | Batch 18300/21973 | Loss: 1.1693 | BPB: 1.6870 | LR: 0.000010 | ms/batch: 46.3
Epoch 33/100 | Batch 18400/21973 | Loss: 1.1693 | BPB: 1.6870 | LR: 0.000010 | ms/batch: 46.3
Epoch 33/100 | Batch 18500/21973 | Loss: 1.1693 | BPB: 1.6870 | LR: 0.000010 | ms/batch: 46.3
Epoch 33/100 | Batch 18600/21973 | Loss: 1.1693 | BPB: 1.6870 | LR: 0.000010 | ms/batch: 46.3
Epoch 33/100 | Batch 18700/21973 | Loss: 1.1693 | BPB: 1.6870 | LR: 0.000010 | ms/batch: 46.3
Epoch 33/100 | Batch 18800/21973 | Loss: 1.1693 | BPB: 1.6870 | LR: 0.000010 | ms/batch: 46.3
Epoch 33/100 | Batch 18900/21973 | Loss: 1.1693 | BPB: 1.6870 | LR: 0.000010 | ms/batch: 46.3
Epoch 33/100 | Batch 19000/21973 | Loss: 1.1694 | BPB: 1.6870 | LR: 0.000010 | ms/batch: 46.3
Epoch 33/100 | Batch 19100/21973 | Loss: 1.1694 | BPB: 1.6870 | LR: 0.000010 | ms/batch: 46.3
Epoch 33/100 | Batch 19200/21973 | Loss: 1.1693 | BPB: 1.6870 | LR: 0.000010 | ms/batch: 46.3
Epoch 33/100 | Batch 19300/21973 | Loss: 1.1693 | BPB: 1.6870 | LR: 0.000010 | ms/batch: 46.3
Epoch 33/100 | Batch 19400/21973 | Loss: 1.1693 | BPB: 1.6870 | LR: 0.000010 | ms/batch: 46.3
Epoch 33/100 | Batch 19500/21973 | Loss: 1.1693 | BPB: 1.6870 | LR: 0.000010 | ms/batch: 46.3
Epoch 33/100 | Batch 19600/21973 | Loss: 1.1693 | BPB: 1.6870 | LR: 0.000010 | ms/batch: 46.3
Epoch 33/100 | Batch 19700/21973 | Loss: 1.1693 | BPB: 1.6870 | LR: 0.000010 | ms/batch: 46.3
Epoch 33/100 | Batch 19800/21973 | Loss: 1.1693 | BPB: 1.6870 | LR: 0.000010 | ms/batch: 46.3
Epoch 33/100 | Batch 19900/21973 | Loss: 1.1693 | BPB: 1.6870 | LR: 0.000010 | ms/batch: 46.3
Epoch 33/100 | Batch 20000/21973 | Loss: 1.1694 | BPB: 1.6870 | LR: 0.000010 | ms/batch: 46.3
Epoch 33/100 | Batch 20100/21973 | Loss: 1.1693 | BPB: 1.6870 | LR: 0.000010 | ms/batch: 46.3
Epoch 33/100 | Batch 20200/21973 | Loss: 1.1693 | BPB: 1.6870 | LR: 0.000010 | ms/batch: 46.3
Epoch 33/100 | Batch 20300/21973 | Loss: 1.1693 | BPB: 1.6870 | LR: 0.000010 | ms/batch: 46.3
Epoch 33/100 | Batch 20400/21973 | Loss: 1.1693 | BPB: 1.6870 | LR: 0.000010 | ms/batch: 46.3
Epoch 33/100 | Batch 20500/21973 | Loss: 1.1693 | BPB: 1.6870 | LR: 0.000010 | ms/batch: 46.3
Epoch 33/100 | Batch 20600/21973 | Loss: 1.1693 | BPB: 1.6870 | LR: 0.000010 | ms/batch: 46.3
Epoch 33/100 | Batch 20700/21973 | Loss: 1.1693 | BPB: 1.6870 | LR: 0.000010 | ms/batch: 46.3
Epoch 33/100 | Batch 20800/21973 | Loss: 1.1694 | BPB: 1.6870 | LR: 0.000010 | ms/batch: 46.3
Epoch 33/100 | Batch 20900/21973 | Loss: 1.1694 | BPB: 1.6870 | LR: 0.000010 | ms/batch: 46.3
Epoch 33/100 | Batch 21000/21973 | Loss: 1.1694 | BPB: 1.6870 | LR: 0.000010 | ms/batch: 46.3
Epoch 33/100 | Batch 21100/21973 | Loss: 1.1694 | BPB: 1.6870 | LR: 0.000010 | ms/batch: 46.3
Epoch 33/100 | Batch 21200/21973 | Loss: 1.1694 | BPB: 1.6871 | LR: 0.000010 | ms/batch: 46.3
Epoch 33/100 | Batch 21300/21973 | Loss: 1.1694 | BPB: 1.6871 | LR: 0.000010 | ms/batch: 46.3
Epoch 33/100 | Batch 21400/21973 | Loss: 1.1694 | BPB: 1.6871 | LR: 0.000010 | ms/batch: 46.3
Epoch 33/100 | Batch 21500/21973 | Loss: 1.1694 | BPB: 1.6870 | LR: 0.000010 | ms/batch: 46.3
Epoch 33/100 | Batch 21600/21973 | Loss: 1.1694 | BPB: 1.6870 | LR: 0.000010 | ms/batch: 46.3
Epoch 33/100 | Batch 21700/21973 | Loss: 1.1694 | BPB: 1.6870 | LR: 0.000010 | ms/batch: 46.3
Epoch 33/100 | Batch 21800/21973 | Loss: 1.1694 | BPB: 1.6870 | LR: 0.000010 | ms/batch: 46.3
Epoch 33/100 | Batch 21900/21973 | Loss: 1.1694 | BPB: 1.6870 | LR: 0.000010 | ms/batch: 46.3

Epoch 33/100 Summary:
Training Loss: 1.1694 (BPB: 1.6870)
Validation Loss: 0.8783 (BPB: 1.2671)
Best Validation Loss: 0.8783
Learning Rate: 0.000010
Epoch 34/100 | Batch 0/21973 | Loss: 1.1992 | BPB: 1.7301 | LR: 0.000010 | ms/batch: 123.7
Epoch 34/100 | Batch 100/21973 | Loss: 1.1652 | BPB: 1.6810 | LR: 0.000010 | ms/batch: 47.3
Epoch 34/100 | Batch 200/21973 | Loss: 1.1670 | BPB: 1.6836 | LR: 0.000010 | ms/batch: 46.6
Epoch 34/100 | Batch 300/21973 | Loss: 1.1682 | BPB: 1.6853 | LR: 0.000010 | ms/batch: 46.4
Epoch 34/100 | Batch 400/21973 | Loss: 1.1682 | BPB: 1.6854 | LR: 0.000010 | ms/batch: 46.3
Epoch 34/100 | Batch 500/21973 | Loss: 1.1682 | BPB: 1.6854 | LR: 0.000010 | ms/batch: 46.3
Epoch 34/100 | Batch 600/21973 | Loss: 1.1680 | BPB: 1.6850 | LR: 0.000010 | ms/batch: 46.3
Epoch 34/100 | Batch 700/21973 | Loss: 1.1684 | BPB: 1.6856 | LR: 0.000010 | ms/batch: 46.3
Epoch 34/100 | Batch 800/21973 | Loss: 1.1687 | BPB: 1.6860 | LR: 0.000010 | ms/batch: 46.3
Epoch 34/100 | Batch 900/21973 | Loss: 1.1689 | BPB: 1.6864 | LR: 0.000010 | ms/batch: 46.2
Epoch 34/100 | Batch 1000/21973 | Loss: 1.1691 | BPB: 1.6866 | LR: 0.000010 | ms/batch: 46.2
Epoch 34/100 | Batch 1100/21973 | Loss: 1.1690 | BPB: 1.6865 | LR: 0.000010 | ms/batch: 46.2
Epoch 34/100 | Batch 1200/21973 | Loss: 1.1689 | BPB: 1.6864 | LR: 0.000010 | ms/batch: 46.2
Epoch 34/100 | Batch 1300/21973 | Loss: 1.1690 | BPB: 1.6864 | LR: 0.000010 | ms/batch: 46.2
Epoch 34/100 | Batch 1400/21973 | Loss: 1.1687 | BPB: 1.6861 | LR: 0.000010 | ms/batch: 46.2
Epoch 34/100 | Batch 1500/21973 | Loss: 1.1686 | BPB: 1.6859 | LR: 0.000010 | ms/batch: 46.2
Epoch 34/100 | Batch 1600/21973 | Loss: 1.1687 | BPB: 1.6861 | LR: 0.000010 | ms/batch: 46.2
Epoch 34/100 | Batch 1700/21973 | Loss: 1.1688 | BPB: 1.6862 | LR: 0.000010 | ms/batch: 46.2
Epoch 34/100 | Batch 1800/21973 | Loss: 1.1688 | BPB: 1.6863 | LR: 0.000010 | ms/batch: 46.2
Epoch 34/100 | Batch 1900/21973 | Loss: 1.1689 | BPB: 1.6864 | LR: 0.000010 | ms/batch: 46.2
Epoch 34/100 | Batch 2000/21973 | Loss: 1.1689 | BPB: 1.6863 | LR: 0.000010 | ms/batch: 46.2
Epoch 34/100 | Batch 2100/21973 | Loss: 1.1689 | BPB: 1.6864 | LR: 0.000010 | ms/batch: 46.2
Epoch 34/100 | Batch 2200/21973 | Loss: 1.1689 | BPB: 1.6864 | LR: 0.000010 | ms/batch: 46.2
Epoch 34/100 | Batch 2300/21973 | Loss: 1.1691 | BPB: 1.6867 | LR: 0.000010 | ms/batch: 46.2
Epoch 34/100 | Batch 2400/21973 | Loss: 1.1691 | BPB: 1.6867 | LR: 0.000010 | ms/batch: 46.2
Epoch 34/100 | Batch 2500/21973 | Loss: 1.1692 | BPB: 1.6867 | LR: 0.000010 | ms/batch: 46.2
Epoch 34/100 | Batch 2600/21973 | Loss: 1.1691 | BPB: 1.6867 | LR: 0.000010 | ms/batch: 46.2
Epoch 34/100 | Batch 2700/21973 | Loss: 1.1691 | BPB: 1.6866 | LR: 0.000010 | ms/batch: 46.2
Epoch 34/100 | Batch 2800/21973 | Loss: 1.1691 | BPB: 1.6867 | LR: 0.000010 | ms/batch: 46.2
Epoch 34/100 | Batch 2900/21973 | Loss: 1.1691 | BPB: 1.6866 | LR: 0.000010 | ms/batch: 46.2
Epoch 34/100 | Batch 3000/21973 | Loss: 1.1691 | BPB: 1.6867 | LR: 0.000010 | ms/batch: 46.2
Epoch 34/100 | Batch 3100/21973 | Loss: 1.1692 | BPB: 1.6868 | LR: 0.000010 | ms/batch: 46.2
Epoch 34/100 | Batch 3200/21973 | Loss: 1.1692 | BPB: 1.6867 | LR: 0.000010 | ms/batch: 46.2
Epoch 34/100 | Batch 3300/21973 | Loss: 1.1691 | BPB: 1.6867 | LR: 0.000010 | ms/batch: 46.2
Epoch 34/100 | Batch 3400/21973 | Loss: 1.1692 | BPB: 1.6868 | LR: 0.000010 | ms/batch: 46.2
Epoch 34/100 | Batch 3500/21973 | Loss: 1.1692 | BPB: 1.6868 | LR: 0.000010 | ms/batch: 46.2
Epoch 34/100 | Batch 3600/21973 | Loss: 1.1692 | BPB: 1.6869 | LR: 0.000010 | ms/batch: 46.2
Epoch 34/100 | Batch 3700/21973 | Loss: 1.1692 | BPB: 1.6868 | LR: 0.000010 | ms/batch: 46.2
Epoch 34/100 | Batch 3800/21973 | Loss: 1.1692 | BPB: 1.6868 | LR: 0.000010 | ms/batch: 46.2
Epoch 34/100 | Batch 3900/21973 | Loss: 1.1692 | BPB: 1.6868 | LR: 0.000010 | ms/batch: 46.2
Epoch 34/100 | Batch 4000/21973 | Loss: 1.1692 | BPB: 1.6868 | LR: 0.000010 | ms/batch: 46.2
Epoch 34/100 | Batch 4100/21973 | Loss: 1.1692 | BPB: 1.6868 | LR: 0.000010 | ms/batch: 46.2
Epoch 34/100 | Batch 4200/21973 | Loss: 1.1692 | BPB: 1.6868 | LR: 0.000010 | ms/batch: 46.2
Epoch 34/100 | Batch 4300/21973 | Loss: 1.1692 | BPB: 1.6869 | LR: 0.000010 | ms/batch: 46.2
Epoch 34/100 | Batch 4400/21973 | Loss: 1.1693 | BPB: 1.6869 | LR: 0.000010 | ms/batch: 46.2
Epoch 34/100 | Batch 4500/21973 | Loss: 1.1693 | BPB: 1.6870 | LR: 0.000010 | ms/batch: 46.1
Epoch 34/100 | Batch 4600/21973 | Loss: 1.1693 | BPB: 1.6870 | LR: 0.000010 | ms/batch: 46.2
Epoch 34/100 | Batch 4700/21973 | Loss: 1.1693 | BPB: 1.6870 | LR: 0.000010 | ms/batch: 46.2
Epoch 34/100 | Batch 4800/21973 | Loss: 1.1694 | BPB: 1.6870 | LR: 0.000010 | ms/batch: 46.2
Epoch 34/100 | Batch 4900/21973 | Loss: 1.1694 | BPB: 1.6870 | LR: 0.000010 | ms/batch: 46.1
Epoch 34/100 | Batch 5000/21973 | Loss: 1.1693 | BPB: 1.6870 | LR: 0.000010 | ms/batch: 46.1
Epoch 34/100 | Batch 5100/21973 | Loss: 1.1694 | BPB: 1.6871 | LR: 0.000010 | ms/batch: 46.2
Epoch 34/100 | Batch 5200/21973 | Loss: 1.1693 | BPB: 1.6870 | LR: 0.000010 | ms/batch: 46.1
Epoch 34/100 | Batch 5300/21973 | Loss: 1.1693 | BPB: 1.6870 | LR: 0.000010 | ms/batch: 46.1
Epoch 34/100 | Batch 5400/21973 | Loss: 1.1693 | BPB: 1.6869 | LR: 0.000010 | ms/batch: 46.1
Epoch 34/100 | Batch 5500/21973 | Loss: 1.1693 | BPB: 1.6870 | LR: 0.000010 | ms/batch: 46.1
Epoch 34/100 | Batch 5600/21973 | Loss: 1.1693 | BPB: 1.6870 | LR: 0.000010 | ms/batch: 46.1
Epoch 34/100 | Batch 5700/21973 | Loss: 1.1693 | BPB: 1.6869 | LR: 0.000010 | ms/batch: 46.1
Epoch 34/100 | Batch 5800/21973 | Loss: 1.1693 | BPB: 1.6869 | LR: 0.000010 | ms/batch: 46.1
Epoch 34/100 | Batch 5900/21973 | Loss: 1.1693 | BPB: 1.6869 | LR: 0.000010 | ms/batch: 46.1
Epoch 34/100 | Batch 6000/21973 | Loss: 1.1693 | BPB: 1.6869 | LR: 0.000010 | ms/batch: 46.1
Epoch 34/100 | Batch 6100/21973 | Loss: 1.1693 | BPB: 1.6869 | LR: 0.000010 | ms/batch: 46.1
Epoch 34/100 | Batch 6200/21973 | Loss: 1.1693 | BPB: 1.6869 | LR: 0.000010 | ms/batch: 46.1
Epoch 34/100 | Batch 6300/21973 | Loss: 1.1693 | BPB: 1.6869 | LR: 0.000010 | ms/batch: 46.1
Epoch 34/100 | Batch 6400/21973 | Loss: 1.1693 | BPB: 1.6869 | LR: 0.000010 | ms/batch: 46.1
Epoch 34/100 | Batch 6500/21973 | Loss: 1.1693 | BPB: 1.6869 | LR: 0.000010 | ms/batch: 46.1
Epoch 34/100 | Batch 6600/21973 | Loss: 1.1693 | BPB: 1.6869 | LR: 0.000010 | ms/batch: 46.1
Epoch 34/100 | Batch 6700/21973 | Loss: 1.1692 | BPB: 1.6869 | LR: 0.000010 | ms/batch: 46.1
Epoch 34/100 | Batch 6800/21973 | Loss: 1.1692 | BPB: 1.6868 | LR: 0.000010 | ms/batch: 46.1
Epoch 34/100 | Batch 6900/21973 | Loss: 1.1692 | BPB: 1.6868 | LR: 0.000010 | ms/batch: 46.1
Epoch 34/100 | Batch 7000/21973 | Loss: 1.1692 | BPB: 1.6868 | LR: 0.000010 | ms/batch: 46.1
Epoch 34/100 | Batch 7100/21973 | Loss: 1.1692 | BPB: 1.6868 | LR: 0.000010 | ms/batch: 46.1
Epoch 34/100 | Batch 7200/21973 | Loss: 1.1692 | BPB: 1.6868 | LR: 0.000010 | ms/batch: 46.1
Epoch 34/100 | Batch 7300/21973 | Loss: 1.1692 | BPB: 1.6868 | LR: 0.000010 | ms/batch: 46.1
Epoch 34/100 | Batch 7400/21973 | Loss: 1.1692 | BPB: 1.6868 | LR: 0.000010 | ms/batch: 46.1
Epoch 34/100 | Batch 7500/21973 | Loss: 1.1693 | BPB: 1.6869 | LR: 0.000010 | ms/batch: 46.1
Epoch 34/100 | Batch 7600/21973 | Loss: 1.1692 | BPB: 1.6868 | LR: 0.000010 | ms/batch: 46.1
Epoch 34/100 | Batch 7700/21973 | Loss: 1.1692 | BPB: 1.6869 | LR: 0.000010 | ms/batch: 46.1
Epoch 34/100 | Batch 7800/21973 | Loss: 1.1692 | BPB: 1.6868 | LR: 0.000010 | ms/batch: 46.1
Epoch 34/100 | Batch 7900/21973 | Loss: 1.1692 | BPB: 1.6869 | LR: 0.000010 | ms/batch: 46.1
Epoch 34/100 | Batch 8000/21973 | Loss: 1.1692 | BPB: 1.6868 | LR: 0.000010 | ms/batch: 46.1
Epoch 34/100 | Batch 8100/21973 | Loss: 1.1692 | BPB: 1.6869 | LR: 0.000010 | ms/batch: 46.1
Epoch 34/100 | Batch 8200/21973 | Loss: 1.1692 | BPB: 1.6869 | LR: 0.000010 | ms/batch: 46.1
Epoch 34/100 | Batch 8300/21973 | Loss: 1.1692 | BPB: 1.6869 | LR: 0.000010 | ms/batch: 46.1
Epoch 34/100 | Batch 8400/21973 | Loss: 1.1693 | BPB: 1.6869 | LR: 0.000010 | ms/batch: 46.1
Epoch 34/100 | Batch 8500/21973 | Loss: 1.1692 | BPB: 1.6868 | LR: 0.000010 | ms/batch: 46.1
Epoch 34/100 | Batch 8600/21973 | Loss: 1.1692 | BPB: 1.6868 | LR: 0.000010 | ms/batch: 46.1
Epoch 34/100 | Batch 8700/21973 | Loss: 1.1692 | BPB: 1.6868 | LR: 0.000010 | ms/batch: 46.1
Epoch 34/100 | Batch 8800/21973 | Loss: 1.1692 | BPB: 1.6868 | LR: 0.000010 | ms/batch: 46.1
Epoch 34/100 | Batch 8900/21973 | Loss: 1.1692 | BPB: 1.6868 | LR: 0.000010 | ms/batch: 46.1
Epoch 34/100 | Batch 9000/21973 | Loss: 1.1692 | BPB: 1.6868 | LR: 0.000010 | ms/batch: 46.1
Epoch 34/100 | Batch 9100/21973 | Loss: 1.1692 | BPB: 1.6868 | LR: 0.000010 | ms/batch: 46.1
Epoch 34/100 | Batch 9200/21973 | Loss: 1.1692 | BPB: 1.6868 | LR: 0.000010 | ms/batch: 46.1
Epoch 34/100 | Batch 9300/21973 | Loss: 1.1692 | BPB: 1.6868 | LR: 0.000010 | ms/batch: 46.1
Epoch 34/100 | Batch 9400/21973 | Loss: 1.1692 | BPB: 1.6868 | LR: 0.000010 | ms/batch: 46.1
Epoch 34/100 | Batch 9500/21973 | Loss: 1.1692 | BPB: 1.6868 | LR: 0.000010 | ms/batch: 46.1
Epoch 34/100 | Batch 9600/21973 | Loss: 1.1692 | BPB: 1.6868 | LR: 0.000010 | ms/batch: 46.1
Epoch 34/100 | Batch 9700/21973 | Loss: 1.1692 | BPB: 1.6868 | LR: 0.000010 | ms/batch: 46.1
Epoch 34/100 | Batch 9800/21973 | Loss: 1.1692 | BPB: 1.6869 | LR: 0.000010 | ms/batch: 46.1
Epoch 34/100 | Batch 9900/21973 | Loss: 1.1693 | BPB: 1.6869 | LR: 0.000010 | ms/batch: 46.1
Epoch 34/100 | Batch 10000/21973 | Loss: 1.1693 | BPB: 1.6869 | LR: 0.000010 | ms/batch: 46.1
Epoch 34/100 | Batch 10100/21973 | Loss: 1.1693 | BPB: 1.6869 | LR: 0.000010 | ms/batch: 46.1
Epoch 34/100 | Batch 10200/21973 | Loss: 1.1693 | BPB: 1.6869 | LR: 0.000010 | ms/batch: 46.1
Epoch 34/100 | Batch 10300/21973 | Loss: 1.1693 | BPB: 1.6869 | LR: 0.000010 | ms/batch: 46.1
Epoch 34/100 | Batch 10400/21973 | Loss: 1.1693 | BPB: 1.6869 | LR: 0.000010 | ms/batch: 46.1
Epoch 34/100 | Batch 10500/21973 | Loss: 1.1693 | BPB: 1.6869 | LR: 0.000010 | ms/batch: 46.1
Epoch 34/100 | Batch 10600/21973 | Loss: 1.1692 | BPB: 1.6869 | LR: 0.000010 | ms/batch: 46.1
Epoch 34/100 | Batch 10700/21973 | Loss: 1.1692 | BPB: 1.6868 | LR: 0.000010 | ms/batch: 46.1
Epoch 34/100 | Batch 10800/21973 | Loss: 1.1692 | BPB: 1.6868 | LR: 0.000010 | ms/batch: 46.1
Epoch 34/100 | Batch 10900/21973 | Loss: 1.1692 | BPB: 1.6868 | LR: 0.000010 | ms/batch: 46.1
Epoch 34/100 | Batch 11000/21973 | Loss: 1.1692 | BPB: 1.6868 | LR: 0.000010 | ms/batch: 46.1
Epoch 34/100 | Batch 11100/21973 | Loss: 1.1692 | BPB: 1.6868 | LR: 0.000010 | ms/batch: 46.1
Epoch 34/100 | Batch 11200/21973 | Loss: 1.1692 | BPB: 1.6868 | LR: 0.000010 | ms/batch: 46.1
Epoch 34/100 | Batch 11300/21973 | Loss: 1.1693 | BPB: 1.6869 | LR: 0.000010 | ms/batch: 46.1
Epoch 34/100 | Batch 11400/21973 | Loss: 1.1693 | BPB: 1.6869 | LR: 0.000010 | ms/batch: 46.1
Epoch 34/100 | Batch 11500/21973 | Loss: 1.1693 | BPB: 1.6869 | LR: 0.000010 | ms/batch: 46.1
Epoch 34/100 | Batch 11600/21973 | Loss: 1.1693 | BPB: 1.6869 | LR: 0.000010 | ms/batch: 46.1
Epoch 34/100 | Batch 11700/21973 | Loss: 1.1692 | BPB: 1.6869 | LR: 0.000010 | ms/batch: 46.1
Epoch 34/100 | Batch 11800/21973 | Loss: 1.1692 | BPB: 1.6869 | LR: 0.000010 | ms/batch: 46.1
Epoch 34/100 | Batch 11900/21973 | Loss: 1.1692 | BPB: 1.6869 | LR: 0.000010 | ms/batch: 46.1
Epoch 34/100 | Batch 12000/21973 | Loss: 1.1693 | BPB: 1.6869 | LR: 0.000010 | ms/batch: 46.1
Epoch 34/100 | Batch 12100/21973 | Loss: 1.1693 | BPB: 1.6869 | LR: 0.000010 | ms/batch: 46.1
Epoch 34/100 | Batch 12200/21973 | Loss: 1.1693 | BPB: 1.6869 | LR: 0.000010 | ms/batch: 46.1
Epoch 34/100 | Batch 12300/21973 | Loss: 1.1692 | BPB: 1.6869 | LR: 0.000010 | ms/batch: 46.1
Epoch 34/100 | Batch 12400/21973 | Loss: 1.1692 | BPB: 1.6869 | LR: 0.000010 | ms/batch: 46.1
Epoch 34/100 | Batch 12500/21973 | Loss: 1.1692 | BPB: 1.6869 | LR: 0.000010 | ms/batch: 46.1
Epoch 34/100 | Batch 12600/21973 | Loss: 1.1692 | BPB: 1.6869 | LR: 0.000010 | ms/batch: 46.1
Epoch 34/100 | Batch 12700/21973 | Loss: 1.1692 | BPB: 1.6869 | LR: 0.000010 | ms/batch: 46.1
Epoch 34/100 | Batch 12800/21973 | Loss: 1.1692 | BPB: 1.6869 | LR: 0.000010 | ms/batch: 46.1
Epoch 34/100 | Batch 12900/21973 | Loss: 1.1692 | BPB: 1.6869 | LR: 0.000010 | ms/batch: 46.1
Epoch 34/100 | Batch 13000/21973 | Loss: 1.1692 | BPB: 1.6869 | LR: 0.000010 | ms/batch: 46.1
Epoch 34/100 | Batch 13100/21973 | Loss: 1.1692 | BPB: 1.6869 | LR: 0.000010 | ms/batch: 46.1
Epoch 34/100 | Batch 13200/21973 | Loss: 1.1692 | BPB: 1.6868 | LR: 0.000010 | ms/batch: 46.1
Epoch 34/100 | Batch 13300/21973 | Loss: 1.1692 | BPB: 1.6868 | LR: 0.000010 | ms/batch: 46.1
Epoch 34/100 | Batch 13400/21973 | Loss: 1.1692 | BPB: 1.6868 | LR: 0.000010 | ms/batch: 46.1
Epoch 34/100 | Batch 13500/21973 | Loss: 1.1692 | BPB: 1.6868 | LR: 0.000010 | ms/batch: 46.1
Epoch 34/100 | Batch 13600/21973 | Loss: 1.1692 | BPB: 1.6868 | LR: 0.000010 | ms/batch: 46.1
Epoch 34/100 | Batch 13700/21973 | Loss: 1.1692 | BPB: 1.6868 | LR: 0.000010 | ms/batch: 46.1
Epoch 34/100 | Batch 13800/21973 | Loss: 1.1692 | BPB: 1.6868 | LR: 0.000010 | ms/batch: 46.1
Epoch 34/100 | Batch 13900/21973 | Loss: 1.1692 | BPB: 1.6868 | LR: 0.000010 | ms/batch: 46.1
Epoch 34/100 | Batch 14000/21973 | Loss: 1.1692 | BPB: 1.6868 | LR: 0.000010 | ms/batch: 46.1
Epoch 34/100 | Batch 14100/21973 | Loss: 1.1692 | BPB: 1.6868 | LR: 0.000010 | ms/batch: 46.1
Epoch 34/100 | Batch 14200/21973 | Loss: 1.1692 | BPB: 1.6868 | LR: 0.000010 | ms/batch: 46.1
Epoch 34/100 | Batch 14300/21973 | Loss: 1.1692 | BPB: 1.6868 | LR: 0.000010 | ms/batch: 46.1
Epoch 34/100 | Batch 14400/21973 | Loss: 1.1692 | BPB: 1.6868 | LR: 0.000010 | ms/batch: 46.1
Epoch 34/100 | Batch 14500/21973 | Loss: 1.1692 | BPB: 1.6868 | LR: 0.000010 | ms/batch: 46.1
Epoch 34/100 | Batch 14600/21973 | Loss: 1.1692 | BPB: 1.6868 | LR: 0.000010 | ms/batch: 46.1
Epoch 34/100 | Batch 14700/21973 | Loss: 1.1692 | BPB: 1.6868 | LR: 0.000010 | ms/batch: 46.1
Epoch 34/100 | Batch 14800/21973 | Loss: 1.1692 | BPB: 1.6868 | LR: 0.000010 | ms/batch: 46.1
Epoch 34/100 | Batch 14900/21973 | Loss: 1.1692 | BPB: 1.6868 | LR: 0.000010 | ms/batch: 46.1
Epoch 34/100 | Batch 15000/21973 | Loss: 1.1692 | BPB: 1.6868 | LR: 0.000010 | ms/batch: 46.1
Epoch 34/100 | Batch 15100/21973 | Loss: 1.1692 | BPB: 1.6867 | LR: 0.000010 | ms/batch: 46.1
Epoch 34/100 | Batch 15200/21973 | Loss: 1.1692 | BPB: 1.6867 | LR: 0.000010 | ms/batch: 46.1
Epoch 34/100 | Batch 15300/21973 | Loss: 1.1691 | BPB: 1.6867 | LR: 0.000010 | ms/batch: 46.1
Epoch 34/100 | Batch 15400/21973 | Loss: 1.1692 | BPB: 1.6867 | LR: 0.000010 | ms/batch: 46.1
Epoch 34/100 | Batch 15500/21973 | Loss: 1.1691 | BPB: 1.6867 | LR: 0.000010 | ms/batch: 46.1
Epoch 34/100 | Batch 15600/21973 | Loss: 1.1691 | BPB: 1.6867 | LR: 0.000010 | ms/batch: 46.1
Epoch 34/100 | Batch 15700/21973 | Loss: 1.1691 | BPB: 1.6867 | LR: 0.000010 | ms/batch: 46.1
Epoch 34/100 | Batch 15800/21973 | Loss: 1.1691 | BPB: 1.6867 | LR: 0.000010 | ms/batch: 46.1
Epoch 34/100 | Batch 15900/21973 | Loss: 1.1691 | BPB: 1.6867 | LR: 0.000010 | ms/batch: 46.1
Epoch 34/100 | Batch 16000/21973 | Loss: 1.1691 | BPB: 1.6867 | LR: 0.000010 | ms/batch: 46.1
Epoch 34/100 | Batch 16100/21973 | Loss: 1.1691 | BPB: 1.6867 | LR: 0.000010 | ms/batch: 46.1
Epoch 34/100 | Batch 16200/21973 | Loss: 1.1691 | BPB: 1.6866 | LR: 0.000010 | ms/batch: 46.1
Epoch 34/100 | Batch 16300/21973 | Loss: 1.1691 | BPB: 1.6867 | LR: 0.000010 | ms/batch: 46.1
Epoch 34/100 | Batch 16400/21973 | Loss: 1.1691 | BPB: 1.6867 | LR: 0.000010 | ms/batch: 46.1
Epoch 34/100 | Batch 16500/21973 | Loss: 1.1691 | BPB: 1.6867 | LR: 0.000010 | ms/batch: 46.1
Epoch 34/100 | Batch 16600/21973 | Loss: 1.1691 | BPB: 1.6867 | LR: 0.000010 | ms/batch: 46.1
Epoch 34/100 | Batch 16700/21973 | Loss: 1.1691 | BPB: 1.6867 | LR: 0.000010 | ms/batch: 46.1
Epoch 34/100 | Batch 16800/21973 | Loss: 1.1691 | BPB: 1.6867 | LR: 0.000010 | ms/batch: 46.1
Epoch 34/100 | Batch 16900/21973 | Loss: 1.1691 | BPB: 1.6867 | LR: 0.000010 | ms/batch: 46.1
Epoch 34/100 | Batch 17000/21973 | Loss: 1.1691 | BPB: 1.6867 | LR: 0.000010 | ms/batch: 46.1
Epoch 34/100 | Batch 17100/21973 | Loss: 1.1691 | BPB: 1.6867 | LR: 0.000010 | ms/batch: 46.1
Epoch 34/100 | Batch 17200/21973 | Loss: 1.1691 | BPB: 1.6867 | LR: 0.000010 | ms/batch: 46.1
Epoch 34/100 | Batch 17300/21973 | Loss: 1.1691 | BPB: 1.6867 | LR: 0.000010 | ms/batch: 46.1
Epoch 34/100 | Batch 17400/21973 | Loss: 1.1691 | BPB: 1.6867 | LR: 0.000010 | ms/batch: 46.1
Epoch 34/100 | Batch 17500/21973 | Loss: 1.1691 | BPB: 1.6867 | LR: 0.000010 | ms/batch: 46.1
Epoch 34/100 | Batch 17600/21973 | Loss: 1.1691 | BPB: 1.6867 | LR: 0.000010 | ms/batch: 46.1
Epoch 34/100 | Batch 17700/21973 | Loss: 1.1691 | BPB: 1.6867 | LR: 0.000010 | ms/batch: 46.1
Epoch 34/100 | Batch 17800/21973 | Loss: 1.1691 | BPB: 1.6867 | LR: 0.000010 | ms/batch: 46.1
Epoch 34/100 | Batch 17900/21973 | Loss: 1.1691 | BPB: 1.6867 | LR: 0.000010 | ms/batch: 46.1
Epoch 34/100 | Batch 18000/21973 | Loss: 1.1691 | BPB: 1.6867 | LR: 0.000010 | ms/batch: 46.1
Epoch 34/100 | Batch 18100/21973 | Loss: 1.1692 | BPB: 1.6867 | LR: 0.000010 | ms/batch: 46.1
Epoch 34/100 | Batch 18200/21973 | Loss: 1.1692 | BPB: 1.6867 | LR: 0.000010 | ms/batch: 46.1
Epoch 34/100 | Batch 18300/21973 | Loss: 1.1691 | BPB: 1.6867 | LR: 0.000010 | ms/batch: 46.1
Epoch 34/100 | Batch 18400/21973 | Loss: 1.1691 | BPB: 1.6867 | LR: 0.000010 | ms/batch: 46.1
Epoch 34/100 | Batch 18500/21973 | Loss: 1.1691 | BPB: 1.6867 | LR: 0.000010 | ms/batch: 46.1
Epoch 34/100 | Batch 18600/21973 | Loss: 1.1691 | BPB: 1.6867 | LR: 0.000010 | ms/batch: 46.1
Epoch 34/100 | Batch 18700/21973 | Loss: 1.1691 | BPB: 1.6867 | LR: 0.000010 | ms/batch: 46.1
Epoch 34/100 | Batch 18800/21973 | Loss: 1.1691 | BPB: 1.6867 | LR: 0.000010 | ms/batch: 46.1
Epoch 34/100 | Batch 18900/21973 | Loss: 1.1691 | BPB: 1.6867 | LR: 0.000010 | ms/batch: 46.1
Epoch 34/100 | Batch 19000/21973 | Loss: 1.1691 | BPB: 1.6867 | LR: 0.000010 | ms/batch: 46.1
Epoch 34/100 | Batch 19100/21973 | Loss: 1.1691 | BPB: 1.6867 | LR: 0.000010 | ms/batch: 46.1
Epoch 34/100 | Batch 19200/21973 | Loss: 1.1691 | BPB: 1.6867 | LR: 0.000010 | ms/batch: 46.1
Epoch 34/100 | Batch 19300/21973 | Loss: 1.1691 | BPB: 1.6867 | LR: 0.000010 | ms/batch: 46.1
Epoch 34/100 | Batch 19400/21973 | Loss: 1.1691 | BPB: 1.6867 | LR: 0.000010 | ms/batch: 46.1
Epoch 34/100 | Batch 19500/21973 | Loss: 1.1691 | BPB: 1.6867 | LR: 0.000010 | ms/batch: 46.1
Epoch 34/100 | Batch 19600/21973 | Loss: 1.1691 | BPB: 1.6867 | LR: 0.000010 | ms/batch: 46.1
Epoch 34/100 | Batch 19700/21973 | Loss: 1.1691 | BPB: 1.6867 | LR: 0.000010 | ms/batch: 46.1
Epoch 34/100 | Batch 19800/21973 | Loss: 1.1691 | BPB: 1.6867 | LR: 0.000010 | ms/batch: 46.1
Epoch 34/100 | Batch 19900/21973 | Loss: 1.1691 | BPB: 1.6867 | LR: 0.000010 | ms/batch: 46.1
Epoch 34/100 | Batch 20000/21973 | Loss: 1.1691 | BPB: 1.6867 | LR: 0.000010 | ms/batch: 46.1
Epoch 34/100 | Batch 20100/21973 | Loss: 1.1691 | BPB: 1.6867 | LR: 0.000010 | ms/batch: 46.1
Epoch 34/100 | Batch 20200/21973 | Loss: 1.1691 | BPB: 1.6867 | LR: 0.000010 | ms/batch: 46.1
Epoch 34/100 | Batch 20300/21973 | Loss: 1.1691 | BPB: 1.6866 | LR: 0.000010 | ms/batch: 46.1
Epoch 34/100 | Batch 20400/21973 | Loss: 1.1691 | BPB: 1.6866 | LR: 0.000010 | ms/batch: 46.1
Epoch 34/100 | Batch 20500/21973 | Loss: 1.1691 | BPB: 1.6867 | LR: 0.000010 | ms/batch: 46.1
Epoch 34/100 | Batch 20600/21973 | Loss: 1.1691 | BPB: 1.6867 | LR: 0.000010 | ms/batch: 46.1
Epoch 34/100 | Batch 20700/21973 | Loss: 1.1691 | BPB: 1.6867 | LR: 0.000010 | ms/batch: 46.1
Epoch 34/100 | Batch 20800/21973 | Loss: 1.1691 | BPB: 1.6867 | LR: 0.000010 | ms/batch: 46.1
Epoch 34/100 | Batch 20900/21973 | Loss: 1.1691 | BPB: 1.6867 | LR: 0.000010 | ms/batch: 46.1
Epoch 34/100 | Batch 21000/21973 | Loss: 1.1691 | BPB: 1.6867 | LR: 0.000010 | ms/batch: 46.1
Epoch 34/100 | Batch 21100/21973 | Loss: 1.1691 | BPB: 1.6866 | LR: 0.000010 | ms/batch: 46.1
Epoch 34/100 | Batch 21200/21973 | Loss: 1.1691 | BPB: 1.6866 | LR: 0.000010 | ms/batch: 46.1
Epoch 34/100 | Batch 21300/21973 | Loss: 1.1691 | BPB: 1.6866 | LR: 0.000010 | ms/batch: 46.1
Epoch 34/100 | Batch 21400/21973 | Loss: 1.1691 | BPB: 1.6866 | LR: 0.000010 | ms/batch: 46.1
Epoch 34/100 | Batch 21500/21973 | Loss: 1.1691 | BPB: 1.6866 | LR: 0.000010 | ms/batch: 46.1
Epoch 34/100 | Batch 21600/21973 | Loss: 1.1691 | BPB: 1.6866 | LR: 0.000010 | ms/batch: 46.1
Epoch 34/100 | Batch 21700/21973 | Loss: 1.1691 | BPB: 1.6866 | LR: 0.000010 | ms/batch: 46.1
Epoch 34/100 | Batch 21800/21973 | Loss: 1.1691 | BPB: 1.6866 | LR: 0.000010 | ms/batch: 46.1
Epoch 34/100 | Batch 21900/21973 | Loss: 1.1691 | BPB: 1.6866 | LR: 0.000010 | ms/batch: 46.1

Epoch 34/100 Summary:
Training Loss: 1.1691 (BPB: 1.6866)
Validation Loss: 0.8783 (BPB: 1.2671)
Best Validation Loss: 0.8783
Learning Rate: 0.000010
Epoch 35/100 | Batch 0/21973 | Loss: 1.1811 | BPB: 1.7040 | LR: 0.000010 | ms/batch: 123.7
Epoch 35/100 | Batch 100/21973 | Loss: 1.1694 | BPB: 1.6870 | LR: 0.000010 | ms/batch: 47.4
Epoch 35/100 | Batch 200/21973 | Loss: 1.1689 | BPB: 1.6864 | LR: 0.000010 | ms/batch: 46.6
Epoch 35/100 | Batch 300/21973 | Loss: 1.1680 | BPB: 1.6850 | LR: 0.000010 | ms/batch: 46.5
Epoch 35/100 | Batch 400/21973 | Loss: 1.1687 | BPB: 1.6860 | LR: 0.000010 | ms/batch: 46.6
Epoch 35/100 | Batch 500/21973 | Loss: 1.1686 | BPB: 1.6859 | LR: 0.000010 | ms/batch: 46.4
Epoch 35/100 | Batch 600/21973 | Loss: 1.1692 | BPB: 1.6868 | LR: 0.000010 | ms/batch: 46.5
Epoch 35/100 | Batch 700/21973 | Loss: 1.1690 | BPB: 1.6865 | LR: 0.000010 | ms/batch: 46.4
Epoch 35/100 | Batch 800/21973 | Loss: 1.1692 | BPB: 1.6869 | LR: 0.000010 | ms/batch: 46.5
Epoch 35/100 | Batch 900/21973 | Loss: 1.1692 | BPB: 1.6867 | LR: 0.000010 | ms/batch: 46.5
Epoch 35/100 | Batch 1000/21973 | Loss: 1.1694 | BPB: 1.6871 | LR: 0.000010 | ms/batch: 46.5
Epoch 35/100 | Batch 1100/21973 | Loss: 1.1697 | BPB: 1.6875 | LR: 0.000010 | ms/batch: 46.6
Epoch 35/100 | Batch 1200/21973 | Loss: 1.1697 | BPB: 1.6875 | LR: 0.000010 | ms/batch: 46.6
Epoch 35/100 | Batch 1300/21973 | Loss: 1.1695 | BPB: 1.6873 | LR: 0.000010 | ms/batch: 46.6
Epoch 35/100 | Batch 1400/21973 | Loss: 1.1691 | BPB: 1.6867 | LR: 0.000010 | ms/batch: 46.6
Epoch 35/100 | Batch 1500/21973 | Loss: 1.1691 | BPB: 1.6867 | LR: 0.000010 | ms/batch: 46.5
Epoch 35/100 | Batch 1600/21973 | Loss: 1.1688 | BPB: 1.6862 | LR: 0.000010 | ms/batch: 46.5
Epoch 35/100 | Batch 1700/21973 | Loss: 1.1688 | BPB: 1.6862 | LR: 0.000010 | ms/batch: 46.5
Epoch 35/100 | Batch 1800/21973 | Loss: 1.1687 | BPB: 1.6861 | LR: 0.000010 | ms/batch: 46.5
Epoch 35/100 | Batch 1900/21973 | Loss: 1.1688 | BPB: 1.6863 | LR: 0.000010 | ms/batch: 46.5
Epoch 35/100 | Batch 2000/21973 | Loss: 1.1686 | BPB: 1.6859 | LR: 0.000010 | ms/batch: 46.5
Epoch 35/100 | Batch 2100/21973 | Loss: 1.1686 | BPB: 1.6860 | LR: 0.000010 | ms/batch: 46.5
Epoch 35/100 | Batch 2200/21973 | Loss: 1.1686 | BPB: 1.6859 | LR: 0.000010 | ms/batch: 46.4
Epoch 35/100 | Batch 2300/21973 | Loss: 1.1687 | BPB: 1.6860 | LR: 0.000010 | ms/batch: 46.4
Epoch 35/100 | Batch 2400/21973 | Loss: 1.1687 | BPB: 1.6860 | LR: 0.000010 | ms/batch: 46.4
Epoch 35/100 | Batch 2500/21973 | Loss: 1.1685 | BPB: 1.6859 | LR: 0.000010 | ms/batch: 46.4
Epoch 35/100 | Batch 2600/21973 | Loss: 1.1685 | BPB: 1.6858 | LR: 0.000010 | ms/batch: 46.4
Epoch 35/100 | Batch 2700/21973 | Loss: 1.1686 | BPB: 1.6860 | LR: 0.000010 | ms/batch: 46.4
Epoch 35/100 | Batch 2800/21973 | Loss: 1.1686 | BPB: 1.6859 | LR: 0.000010 | ms/batch: 46.4
Epoch 35/100 | Batch 2900/21973 | Loss: 1.1686 | BPB: 1.6859 | LR: 0.000010 | ms/batch: 46.4
Epoch 35/100 | Batch 3000/21973 | Loss: 1.1686 | BPB: 1.6860 | LR: 0.000010 | ms/batch: 46.4
Epoch 35/100 | Batch 3100/21973 | Loss: 1.1687 | BPB: 1.6860 | LR: 0.000010 | ms/batch: 46.4
Epoch 35/100 | Batch 3200/21973 | Loss: 1.1688 | BPB: 1.6862 | LR: 0.000010 | ms/batch: 46.4
Epoch 35/100 | Batch 3300/21973 | Loss: 1.1687 | BPB: 1.6860 | LR: 0.000010 | ms/batch: 46.4
Epoch 35/100 | Batch 3400/21973 | Loss: 1.1687 | BPB: 1.6861 | LR: 0.000010 | ms/batch: 46.4
Epoch 35/100 | Batch 3500/21973 | Loss: 1.1687 | BPB: 1.6861 | LR: 0.000010 | ms/batch: 46.4
Epoch 35/100 | Batch 3600/21973 | Loss: 1.1687 | BPB: 1.6861 | LR: 0.000010 | ms/batch: 46.4
Epoch 35/100 | Batch 3700/21973 | Loss: 1.1688 | BPB: 1.6862 | LR: 0.000010 | ms/batch: 46.4
Epoch 35/100 | Batch 3800/21973 | Loss: 1.1688 | BPB: 1.6862 | LR: 0.000010 | ms/batch: 46.4
Epoch 35/100 | Batch 3900/21973 | Loss: 1.1689 | BPB: 1.6863 | LR: 0.000010 | ms/batch: 46.3
Epoch 35/100 | Batch 4000/21973 | Loss: 1.1688 | BPB: 1.6863 | LR: 0.000010 | ms/batch: 46.3
Epoch 35/100 | Batch 4100/21973 | Loss: 1.1688 | BPB: 1.6863 | LR: 0.000010 | ms/batch: 46.4
Epoch 35/100 | Batch 4200/21973 | Loss: 1.1689 | BPB: 1.6863 | LR: 0.000010 | ms/batch: 46.3
Epoch 35/100 | Batch 4300/21973 | Loss: 1.1689 | BPB: 1.6863 | LR: 0.000010 | ms/batch: 46.3
Epoch 35/100 | Batch 4400/21973 | Loss: 1.1688 | BPB: 1.6862 | LR: 0.000010 | ms/batch: 46.3
Epoch 35/100 | Batch 4500/21973 | Loss: 1.1688 | BPB: 1.6862 | LR: 0.000010 | ms/batch: 46.3
Epoch 35/100 | Batch 4600/21973 | Loss: 1.1688 | BPB: 1.6862 | LR: 0.000010 | ms/batch: 46.3
Epoch 35/100 | Batch 4700/21973 | Loss: 1.1688 | BPB: 1.6862 | LR: 0.000010 | ms/batch: 46.3
Epoch 35/100 | Batch 4800/21973 | Loss: 1.1688 | BPB: 1.6862 | LR: 0.000010 | ms/batch: 46.3
Epoch 35/100 | Batch 4900/21973 | Loss: 1.1688 | BPB: 1.6862 | LR: 0.000010 | ms/batch: 46.3
Epoch 35/100 | Batch 5000/21973 | Loss: 1.1688 | BPB: 1.6862 | LR: 0.000010 | ms/batch: 46.3
Epoch 35/100 | Batch 5100/21973 | Loss: 1.1688 | BPB: 1.6862 | LR: 0.000010 | ms/batch: 46.3
Epoch 35/100 | Batch 5200/21973 | Loss: 1.1688 | BPB: 1.6862 | LR: 0.000010 | ms/batch: 46.3
Epoch 35/100 | Batch 5300/21973 | Loss: 1.1688 | BPB: 1.6862 | LR: 0.000010 | ms/batch: 46.3
Epoch 35/100 | Batch 5400/21973 | Loss: 1.1688 | BPB: 1.6862 | LR: 0.000010 | ms/batch: 46.3
Epoch 35/100 | Batch 5500/21973 | Loss: 1.1688 | BPB: 1.6863 | LR: 0.000010 | ms/batch: 46.3
Epoch 35/100 | Batch 5600/21973 | Loss: 1.1688 | BPB: 1.6862 | LR: 0.000010 | ms/batch: 46.3
Epoch 35/100 | Batch 5700/21973 | Loss: 1.1688 | BPB: 1.6862 | LR: 0.000010 | ms/batch: 46.3
Epoch 35/100 | Batch 5800/21973 | Loss: 1.1688 | BPB: 1.6862 | LR: 0.000010 | ms/batch: 46.3
Epoch 35/100 | Batch 5900/21973 | Loss: 1.1688 | BPB: 1.6863 | LR: 0.000010 | ms/batch: 46.3
Epoch 35/100 | Batch 6000/21973 | Loss: 1.1688 | BPB: 1.6862 | LR: 0.000010 | ms/batch: 46.3
Epoch 35/100 | Batch 6100/21973 | Loss: 1.1688 | BPB: 1.6862 | LR: 0.000010 | ms/batch: 46.3
Epoch 35/100 | Batch 6200/21973 | Loss: 1.1688 | BPB: 1.6862 | LR: 0.000010 | ms/batch: 46.3
Epoch 35/100 | Batch 6300/21973 | Loss: 1.1688 | BPB: 1.6862 | LR: 0.000010 | ms/batch: 46.3
Epoch 35/100 | Batch 6400/21973 | Loss: 1.1687 | BPB: 1.6861 | LR: 0.000010 | ms/batch: 46.3
Epoch 35/100 | Batch 6500/21973 | Loss: 1.1688 | BPB: 1.6862 | LR: 0.000010 | ms/batch: 46.3
Epoch 35/100 | Batch 6600/21973 | Loss: 1.1688 | BPB: 1.6862 | LR: 0.000010 | ms/batch: 46.3
Epoch 35/100 | Batch 6700/21973 | Loss: 1.1688 | BPB: 1.6862 | LR: 0.000010 | ms/batch: 46.3
Epoch 35/100 | Batch 6800/21973 | Loss: 1.1688 | BPB: 1.6862 | LR: 0.000010 | ms/batch: 46.3
Epoch 35/100 | Batch 6900/21973 | Loss: 1.1688 | BPB: 1.6862 | LR: 0.000010 | ms/batch: 46.3
Epoch 35/100 | Batch 7000/21973 | Loss: 1.1688 | BPB: 1.6862 | LR: 0.000010 | ms/batch: 46.3
Epoch 35/100 | Batch 7100/21973 | Loss: 1.1688 | BPB: 1.6862 | LR: 0.000010 | ms/batch: 46.3
Epoch 35/100 | Batch 7200/21973 | Loss: 1.1687 | BPB: 1.6861 | LR: 0.000010 | ms/batch: 46.3
Epoch 35/100 | Batch 7300/21973 | Loss: 1.1688 | BPB: 1.6862 | LR: 0.000010 | ms/batch: 46.3
Epoch 35/100 | Batch 7400/21973 | Loss: 1.1688 | BPB: 1.6862 | LR: 0.000010 | ms/batch: 46.3
Epoch 35/100 | Batch 7500/21973 | Loss: 1.1688 | BPB: 1.6862 | LR: 0.000010 | ms/batch: 46.3
Epoch 35/100 | Batch 7600/21973 | Loss: 1.1687 | BPB: 1.6861 | LR: 0.000010 | ms/batch: 46.3
Epoch 35/100 | Batch 7700/21973 | Loss: 1.1688 | BPB: 1.6862 | LR: 0.000010 | ms/batch: 46.3
Epoch 35/100 | Batch 7800/21973 | Loss: 1.1688 | BPB: 1.6862 | LR: 0.000010 | ms/batch: 46.3
Epoch 35/100 | Batch 7900/21973 | Loss: 1.1688 | BPB: 1.6862 | LR: 0.000010 | ms/batch: 46.3
Epoch 35/100 | Batch 8000/21973 | Loss: 1.1688 | BPB: 1.6862 | LR: 0.000010 | ms/batch: 46.3
Epoch 35/100 | Batch 8100/21973 | Loss: 1.1688 | BPB: 1.6862 | LR: 0.000010 | ms/batch: 46.3
Epoch 35/100 | Batch 8200/21973 | Loss: 1.1688 | BPB: 1.6862 | LR: 0.000010 | ms/batch: 46.3
Epoch 35/100 | Batch 8300/21973 | Loss: 1.1688 | BPB: 1.6862 | LR: 0.000010 | ms/batch: 46.3
Epoch 35/100 | Batch 8400/21973 | Loss: 1.1688 | BPB: 1.6862 | LR: 0.000010 | ms/batch: 46.3
Epoch 35/100 | Batch 8500/21973 | Loss: 1.1688 | BPB: 1.6862 | LR: 0.000010 | ms/batch: 46.3
Epoch 35/100 | Batch 8600/21973 | Loss: 1.1688 | BPB: 1.6862 | LR: 0.000010 | ms/batch: 46.3
Epoch 35/100 | Batch 8700/21973 | Loss: 1.1688 | BPB: 1.6862 | LR: 0.000010 | ms/batch: 46.3
Epoch 35/100 | Batch 8800/21973 | Loss: 1.1688 | BPB: 1.6862 | LR: 0.000010 | ms/batch: 46.3
Epoch 35/100 | Batch 8900/21973 | Loss: 1.1688 | BPB: 1.6862 | LR: 0.000010 | ms/batch: 46.3
Epoch 35/100 | Batch 9000/21973 | Loss: 1.1688 | BPB: 1.6862 | LR: 0.000010 | ms/batch: 46.3
Epoch 35/100 | Batch 9100/21973 | Loss: 1.1688 | BPB: 1.6862 | LR: 0.000010 | ms/batch: 46.3
Epoch 35/100 | Batch 9200/21973 | Loss: 1.1688 | BPB: 1.6862 | LR: 0.000010 | ms/batch: 46.3
Epoch 35/100 | Batch 9300/21973 | Loss: 1.1688 | BPB: 1.6862 | LR: 0.000010 | ms/batch: 46.3
Epoch 35/100 | Batch 9400/21973 | Loss: 1.1688 | BPB: 1.6862 | LR: 0.000010 | ms/batch: 46.3
Epoch 35/100 | Batch 9500/21973 | Loss: 1.1688 | BPB: 1.6862 | LR: 0.000010 | ms/batch: 46.3
Epoch 35/100 | Batch 9600/21973 | Loss: 1.1688 | BPB: 1.6862 | LR: 0.000010 | ms/batch: 46.3
Epoch 35/100 | Batch 9700/21973 | Loss: 1.1688 | BPB: 1.6862 | LR: 0.000010 | ms/batch: 46.3
Epoch 35/100 | Batch 9800/21973 | Loss: 1.1688 | BPB: 1.6862 | LR: 0.000010 | ms/batch: 46.3
Epoch 35/100 | Batch 9900/21973 | Loss: 1.1688 | BPB: 1.6862 | LR: 0.000010 | ms/batch: 46.3
Epoch 35/100 | Batch 10000/21973 | Loss: 1.1688 | BPB: 1.6863 | LR: 0.000010 | ms/batch: 46.3
Epoch 35/100 | Batch 10100/21973 | Loss: 1.1688 | BPB: 1.6863 | LR: 0.000010 | ms/batch: 46.3
Epoch 35/100 | Batch 10200/21973 | Loss: 1.1689 | BPB: 1.6863 | LR: 0.000010 | ms/batch: 46.3
Epoch 35/100 | Batch 10300/21973 | Loss: 1.1689 | BPB: 1.6863 | LR: 0.000010 | ms/batch: 46.3
Epoch 35/100 | Batch 10400/21973 | Loss: 1.1689 | BPB: 1.6863 | LR: 0.000010 | ms/batch: 46.3
Epoch 35/100 | Batch 10500/21973 | Loss: 1.1689 | BPB: 1.6863 | LR: 0.000010 | ms/batch: 46.3
Epoch 35/100 | Batch 10600/21973 | Loss: 1.1688 | BPB: 1.6863 | LR: 0.000010 | ms/batch: 46.3
Epoch 35/100 | Batch 10700/21973 | Loss: 1.1689 | BPB: 1.6863 | LR: 0.000010 | ms/batch: 46.3
Epoch 35/100 | Batch 10800/21973 | Loss: 1.1689 | BPB: 1.6863 | LR: 0.000010 | ms/batch: 46.3
Epoch 35/100 | Batch 10900/21973 | Loss: 1.1688 | BPB: 1.6863 | LR: 0.000010 | ms/batch: 46.3
Epoch 35/100 | Batch 11000/21973 | Loss: 1.1689 | BPB: 1.6863 | LR: 0.000010 | ms/batch: 46.3
Epoch 35/100 | Batch 11100/21973 | Loss: 1.1688 | BPB: 1.6863 | LR: 0.000010 | ms/batch: 46.3
Epoch 35/100 | Batch 11200/21973 | Loss: 1.1688 | BPB: 1.6863 | LR: 0.000010 | ms/batch: 46.3
Epoch 35/100 | Batch 11300/21973 | Loss: 1.1688 | BPB: 1.6863 | LR: 0.000010 | ms/batch: 46.3
Epoch 35/100 | Batch 11400/21973 | Loss: 1.1688 | BPB: 1.6863 | LR: 0.000010 | ms/batch: 46.3
Epoch 35/100 | Batch 11500/21973 | Loss: 1.1688 | BPB: 1.6863 | LR: 0.000010 | ms/batch: 46.3
Epoch 35/100 | Batch 11600/21973 | Loss: 1.1688 | BPB: 1.6863 | LR: 0.000010 | ms/batch: 46.3
Epoch 35/100 | Batch 11700/21973 | Loss: 1.1688 | BPB: 1.6863 | LR: 0.000010 | ms/batch: 46.3
Epoch 35/100 | Batch 11800/21973 | Loss: 1.1688 | BPB: 1.6862 | LR: 0.000010 | ms/batch: 46.3
Epoch 35/100 | Batch 11900/21973 | Loss: 1.1688 | BPB: 1.6863 | LR: 0.000010 | ms/batch: 46.3
Epoch 35/100 | Batch 12000/21973 | Loss: 1.1688 | BPB: 1.6862 | LR: 0.000010 | ms/batch: 46.3
Epoch 35/100 | Batch 12100/21973 | Loss: 1.1688 | BPB: 1.6862 | LR: 0.000010 | ms/batch: 46.3
Epoch 35/100 | Batch 12200/21973 | Loss: 1.1688 | BPB: 1.6862 | LR: 0.000010 | ms/batch: 46.3
Epoch 35/100 | Batch 12300/21973 | Loss: 1.1688 | BPB: 1.6862 | LR: 0.000010 | ms/batch: 46.3
Epoch 35/100 | Batch 12400/21973 | Loss: 1.1688 | BPB: 1.6862 | LR: 0.000010 | ms/batch: 46.3
Epoch 35/100 | Batch 12500/21973 | Loss: 1.1688 | BPB: 1.6862 | LR: 0.000010 | ms/batch: 46.3
Epoch 35/100 | Batch 12600/21973 | Loss: 1.1688 | BPB: 1.6862 | LR: 0.000010 | ms/batch: 46.3
Epoch 35/100 | Batch 12700/21973 | Loss: 1.1688 | BPB: 1.6862 | LR: 0.000010 | ms/batch: 46.4
Epoch 35/100 | Batch 12800/21973 | Loss: 1.1688 | BPB: 1.6862 | LR: 0.000010 | ms/batch: 46.4
Epoch 35/100 | Batch 12900/21973 | Loss: 1.1688 | BPB: 1.6862 | LR: 0.000010 | ms/batch: 46.4
Epoch 35/100 | Batch 13000/21973 | Loss: 1.1688 | BPB: 1.6862 | LR: 0.000010 | ms/batch: 46.4
Epoch 35/100 | Batch 13100/21973 | Loss: 1.1688 | BPB: 1.6862 | LR: 0.000010 | ms/batch: 46.4
Epoch 35/100 | Batch 13200/21973 | Loss: 1.1688 | BPB: 1.6862 | LR: 0.000010 | ms/batch: 46.4
Epoch 35/100 | Batch 13300/21973 | Loss: 1.1688 | BPB: 1.6862 | LR: 0.000010 | ms/batch: 46.4
Epoch 35/100 | Batch 13400/21973 | Loss: 1.1688 | BPB: 1.6862 | LR: 0.000010 | ms/batch: 46.4
Epoch 35/100 | Batch 13500/21973 | Loss: 1.1688 | BPB: 1.6862 | LR: 0.000010 | ms/batch: 46.4
Epoch 35/100 | Batch 13600/21973 | Loss: 1.1688 | BPB: 1.6862 | LR: 0.000010 | ms/batch: 46.4
Epoch 35/100 | Batch 13700/21973 | Loss: 1.1688 | BPB: 1.6862 | LR: 0.000010 | ms/batch: 46.4
Epoch 35/100 | Batch 13800/21973 | Loss: 1.1688 | BPB: 1.6862 | LR: 0.000010 | ms/batch: 46.4
Epoch 35/100 | Batch 13900/21973 | Loss: 1.1688 | BPB: 1.6862 | LR: 0.000010 | ms/batch: 46.4
Epoch 35/100 | Batch 14000/21973 | Loss: 1.1688 | BPB: 1.6862 | LR: 0.000010 | ms/batch: 46.5
Epoch 35/100 | Batch 14100/21973 | Loss: 1.1688 | BPB: 1.6862 | LR: 0.000010 | ms/batch: 46.5
Epoch 35/100 | Batch 14200/21973 | Loss: 1.1687 | BPB: 1.6861 | LR: 0.000010 | ms/batch: 46.5
Epoch 35/100 | Batch 14300/21973 | Loss: 1.1688 | BPB: 1.6862 | LR: 0.000010 | ms/batch: 46.5
Epoch 35/100 | Batch 14400/21973 | Loss: 1.1687 | BPB: 1.6861 | LR: 0.000010 | ms/batch: 46.5
Epoch 35/100 | Batch 14500/21973 | Loss: 1.1688 | BPB: 1.6862 | LR: 0.000010 | ms/batch: 46.5
Epoch 35/100 | Batch 14600/21973 | Loss: 1.1687 | BPB: 1.6861 | LR: 0.000010 | ms/batch: 46.5
Epoch 35/100 | Batch 14700/21973 | Loss: 1.1687 | BPB: 1.6861 | LR: 0.000010 | ms/batch: 46.5
Epoch 35/100 | Batch 14800/21973 | Loss: 1.1687 | BPB: 1.6861 | LR: 0.000010 | ms/batch: 46.5
Epoch 35/100 | Batch 14900/21973 | Loss: 1.1687 | BPB: 1.6861 | LR: 0.000010 | ms/batch: 46.5
Epoch 35/100 | Batch 15000/21973 | Loss: 1.1687 | BPB: 1.6861 | LR: 0.000010 | ms/batch: 46.5
Epoch 35/100 | Batch 15100/21973 | Loss: 1.1687 | BPB: 1.6861 | LR: 0.000010 | ms/batch: 46.5
Epoch 35/100 | Batch 15200/21973 | Loss: 1.1687 | BPB: 1.6861 | LR: 0.000010 | ms/batch: 46.5
Epoch 35/100 | Batch 15300/21973 | Loss: 1.1688 | BPB: 1.6862 | LR: 0.000010 | ms/batch: 46.5
Epoch 35/100 | Batch 15400/21973 | Loss: 1.1687 | BPB: 1.6861 | LR: 0.000010 | ms/batch: 46.5
Epoch 35/100 | Batch 15500/21973 | Loss: 1.1688 | BPB: 1.6862 | LR: 0.000010 | ms/batch: 46.5
Epoch 35/100 | Batch 15600/21973 | Loss: 1.1688 | BPB: 1.6862 | LR: 0.000010 | ms/batch: 46.5
Epoch 35/100 | Batch 15700/21973 | Loss: 1.1688 | BPB: 1.6862 | LR: 0.000010 | ms/batch: 46.5
Epoch 35/100 | Batch 15800/21973 | Loss: 1.1687 | BPB: 1.6861 | LR: 0.000010 | ms/batch: 46.5
Epoch 35/100 | Batch 15900/21973 | Loss: 1.1688 | BPB: 1.6862 | LR: 0.000010 | ms/batch: 46.5
Epoch 35/100 | Batch 16000/21973 | Loss: 1.1688 | BPB: 1.6862 | LR: 0.000010 | ms/batch: 46.5
Epoch 35/100 | Batch 16100/21973 | Loss: 1.1687 | BPB: 1.6861 | LR: 0.000010 | ms/batch: 46.5
Epoch 35/100 | Batch 16200/21973 | Loss: 1.1687 | BPB: 1.6861 | LR: 0.000010 | ms/batch: 46.5
Epoch 35/100 | Batch 16300/21973 | Loss: 1.1687 | BPB: 1.6861 | LR: 0.000010 | ms/batch: 46.5
Epoch 35/100 | Batch 16400/21973 | Loss: 1.1687 | BPB: 1.6861 | LR: 0.000010 | ms/batch: 46.5
Epoch 35/100 | Batch 16500/21973 | Loss: 1.1687 | BPB: 1.6861 | LR: 0.000010 | ms/batch: 46.5
Epoch 35/100 | Batch 16600/21973 | Loss: 1.1687 | BPB: 1.6861 | LR: 0.000010 | ms/batch: 46.5
Epoch 35/100 | Batch 16700/21973 | Loss: 1.1687 | BPB: 1.6861 | LR: 0.000010 | ms/batch: 46.5
Epoch 35/100 | Batch 16800/21973 | Loss: 1.1687 | BPB: 1.6861 | LR: 0.000010 | ms/batch: 46.5
Epoch 35/100 | Batch 16900/21973 | Loss: 1.1687 | BPB: 1.6861 | LR: 0.000010 | ms/batch: 46.5
Epoch 35/100 | Batch 17000/21973 | Loss: 1.1687 | BPB: 1.6861 | LR: 0.000010 | ms/batch: 46.5
Epoch 35/100 | Batch 17100/21973 | Loss: 1.1687 | BPB: 1.6861 | LR: 0.000010 | ms/batch: 46.5
Epoch 35/100 | Batch 17200/21973 | Loss: 1.1687 | BPB: 1.6861 | LR: 0.000010 | ms/batch: 46.5
Epoch 35/100 | Batch 17300/21973 | Loss: 1.1687 | BPB: 1.6861 | LR: 0.000010 | ms/batch: 46.5
Epoch 35/100 | Batch 17400/21973 | Loss: 1.1687 | BPB: 1.6861 | LR: 0.000010 | ms/batch: 46.5
Epoch 35/100 | Batch 17500/21973 | Loss: 1.1687 | BPB: 1.6861 | LR: 0.000010 | ms/batch: 46.5
Epoch 35/100 | Batch 17600/21973 | Loss: 1.1687 | BPB: 1.6861 | LR: 0.000010 | ms/batch: 46.5
Epoch 35/100 | Batch 17700/21973 | Loss: 1.1687 | BPB: 1.6861 | LR: 0.000010 | ms/batch: 46.5
Epoch 35/100 | Batch 17800/21973 | Loss: 1.1687 | BPB: 1.6861 | LR: 0.000010 | ms/batch: 46.5
Epoch 35/100 | Batch 17900/21973 | Loss: 1.1687 | BPB: 1.6861 | LR: 0.000010 | ms/batch: 46.5
Epoch 35/100 | Batch 18000/21973 | Loss: 1.1687 | BPB: 1.6861 | LR: 0.000010 | ms/batch: 46.5
Epoch 35/100 | Batch 18100/21973 | Loss: 1.1687 | BPB: 1.6861 | LR: 0.000010 | ms/batch: 46.5
Epoch 35/100 | Batch 18200/21973 | Loss: 1.1687 | BPB: 1.6860 | LR: 0.000010 | ms/batch: 46.5
Epoch 35/100 | Batch 18300/21973 | Loss: 1.1687 | BPB: 1.6861 | LR: 0.000010 | ms/batch: 46.5
Epoch 35/100 | Batch 18400/21973 | Loss: 1.1687 | BPB: 1.6860 | LR: 0.000010 | ms/batch: 46.5
Epoch 35/100 | Batch 18500/21973 | Loss: 1.1687 | BPB: 1.6860 | LR: 0.000010 | ms/batch: 46.5
Epoch 35/100 | Batch 18600/21973 | Loss: 1.1687 | BPB: 1.6860 | LR: 0.000010 | ms/batch: 46.5
Epoch 35/100 | Batch 18700/21973 | Loss: 1.1686 | BPB: 1.6860 | LR: 0.000010 | ms/batch: 46.5
Epoch 35/100 | Batch 18800/21973 | Loss: 1.1686 | BPB: 1.6860 | LR: 0.000010 | ms/batch: 46.5
Epoch 35/100 | Batch 18900/21973 | Loss: 1.1686 | BPB: 1.6860 | LR: 0.000010 | ms/batch: 46.5
Epoch 35/100 | Batch 19000/21973 | Loss: 1.1686 | BPB: 1.6860 | LR: 0.000010 | ms/batch: 46.5
Epoch 35/100 | Batch 19100/21973 | Loss: 1.1686 | BPB: 1.6860 | LR: 0.000010 | ms/batch: 46.5
Epoch 35/100 | Batch 19200/21973 | Loss: 1.1686 | BPB: 1.6860 | LR: 0.000010 | ms/batch: 46.5
Epoch 35/100 | Batch 19300/21973 | Loss: 1.1686 | BPB: 1.6860 | LR: 0.000010 | ms/batch: 46.5
Epoch 35/100 | Batch 19400/21973 | Loss: 1.1686 | BPB: 1.6860 | LR: 0.000010 | ms/batch: 46.5
Epoch 35/100 | Batch 19500/21973 | Loss: 1.1686 | BPB: 1.6860 | LR: 0.000010 | ms/batch: 46.5
Epoch 35/100 | Batch 19600/21973 | Loss: 1.1686 | BPB: 1.6860 | LR: 0.000010 | ms/batch: 46.5
Epoch 35/100 | Batch 19700/21973 | Loss: 1.1686 | BPB: 1.6860 | LR: 0.000010 | ms/batch: 46.5
Epoch 35/100 | Batch 19800/21973 | Loss: 1.1686 | BPB: 1.6860 | LR: 0.000010 | ms/batch: 46.5
Epoch 35/100 | Batch 19900/21973 | Loss: 1.1686 | BPB: 1.6860 | LR: 0.000010 | ms/batch: 46.5
Epoch 35/100 | Batch 20000/21973 | Loss: 1.1686 | BPB: 1.6859 | LR: 0.000010 | ms/batch: 46.5
Epoch 35/100 | Batch 20100/21973 | Loss: 1.1686 | BPB: 1.6859 | LR: 0.000010 | ms/batch: 46.5
Epoch 35/100 | Batch 20200/21973 | Loss: 1.1686 | BPB: 1.6859 | LR: 0.000010 | ms/batch: 46.5
Epoch 35/100 | Batch 20300/21973 | Loss: 1.1686 | BPB: 1.6860 | LR: 0.000010 | ms/batch: 46.5
Epoch 35/100 | Batch 20400/21973 | Loss: 1.1686 | BPB: 1.6860 | LR: 0.000010 | ms/batch: 46.5
Epoch 35/100 | Batch 20500/21973 | Loss: 1.1686 | BPB: 1.6860 | LR: 0.000010 | ms/batch: 46.5
Epoch 35/100 | Batch 20600/21973 | Loss: 1.1686 | BPB: 1.6860 | LR: 0.000010 | ms/batch: 46.5
Epoch 35/100 | Batch 20700/21973 | Loss: 1.1686 | BPB: 1.6860 | LR: 0.000010 | ms/batch: 46.5
Epoch 35/100 | Batch 20800/21973 | Loss: 1.1686 | BPB: 1.6860 | LR: 0.000010 | ms/batch: 46.5
Epoch 35/100 | Batch 20900/21973 | Loss: 1.1686 | BPB: 1.6860 | LR: 0.000010 | ms/batch: 46.5
Epoch 35/100 | Batch 21000/21973 | Loss: 1.1686 | BPB: 1.6860 | LR: 0.000010 | ms/batch: 46.5
Epoch 35/100 | Batch 21100/21973 | Loss: 1.1686 | BPB: 1.6860 | LR: 0.000010 | ms/batch: 46.5
Epoch 35/100 | Batch 21200/21973 | Loss: 1.1686 | BPB: 1.6860 | LR: 0.000010 | ms/batch: 46.5
Epoch 35/100 | Batch 21300/21973 | Loss: 1.1686 | BPB: 1.6860 | LR: 0.000010 | ms/batch: 46.5
Epoch 35/100 | Batch 21400/21973 | Loss: 1.1686 | BPB: 1.6860 | LR: 0.000010 | ms/batch: 46.5
Epoch 35/100 | Batch 21500/21973 | Loss: 1.1687 | BPB: 1.6860 | LR: 0.000010 | ms/batch: 46.5
Epoch 35/100 | Batch 21600/21973 | Loss: 1.1687 | BPB: 1.6860 | LR: 0.000010 | ms/batch: 46.5
Epoch 35/100 | Batch 21700/21973 | Loss: 1.1687 | BPB: 1.6860 | LR: 0.000010 | ms/batch: 46.5
Epoch 35/100 | Batch 21800/21973 | Loss: 1.1687 | BPB: 1.6861 | LR: 0.000010 | ms/batch: 46.5
Epoch 35/100 | Batch 21900/21973 | Loss: 1.1687 | BPB: 1.6861 | LR: 0.000010 | ms/batch: 46.5

Epoch 35/100 Summary:
Training Loss: 1.1687 (BPB: 1.6860)
Validation Loss: 0.8783 (BPB: 1.2671)
Best Validation Loss: 0.8783
Learning Rate: 0.000010
Epoch 36/100 | Batch 0/21973 | Loss: 1.1568 | BPB: 1.6689 | LR: 0.000010 | ms/batch: 121.0
Epoch 36/100 | Batch 100/21973 | Loss: 1.1671 | BPB: 1.6838 | LR: 0.000010 | ms/batch: 47.3
Epoch 36/100 | Batch 200/21973 | Loss: 1.1680 | BPB: 1.6850 | LR: 0.000010 | ms/batch: 46.6
Epoch 36/100 | Batch 300/21973 | Loss: 1.1681 | BPB: 1.6852 | LR: 0.000010 | ms/batch: 46.4
Epoch 36/100 | Batch 400/21973 | Loss: 1.1689 | BPB: 1.6864 | LR: 0.000010 | ms/batch: 46.3
Epoch 36/100 | Batch 500/21973 | Loss: 1.1686 | BPB: 1.6859 | LR: 0.000010 | ms/batch: 46.2
Epoch 36/100 | Batch 600/21973 | Loss: 1.1684 | BPB: 1.6857 | LR: 0.000010 | ms/batch: 46.3
Epoch 36/100 | Batch 700/21973 | Loss: 1.1684 | BPB: 1.6857 | LR: 0.000010 | ms/batch: 46.2
Epoch 36/100 | Batch 800/21973 | Loss: 1.1687 | BPB: 1.6861 | LR: 0.000010 | ms/batch: 46.2
Epoch 36/100 | Batch 900/21973 | Loss: 1.1687 | BPB: 1.6861 | LR: 0.000010 | ms/batch: 46.2
Epoch 36/100 | Batch 1000/21973 | Loss: 1.1686 | BPB: 1.6859 | LR: 0.000010 | ms/batch: 46.2
Epoch 36/100 | Batch 1100/21973 | Loss: 1.1688 | BPB: 1.6863 | LR: 0.000010 | ms/batch: 46.2
Epoch 36/100 | Batch 1200/21973 | Loss: 1.1689 | BPB: 1.6864 | LR: 0.000010 | ms/batch: 46.2
Epoch 36/100 | Batch 1300/21973 | Loss: 1.1690 | BPB: 1.6865 | LR: 0.000010 | ms/batch: 46.2
Epoch 36/100 | Batch 1400/21973 | Loss: 1.1691 | BPB: 1.6866 | LR: 0.000010 | ms/batch: 46.2
Epoch 36/100 | Batch 1500/21973 | Loss: 1.1690 | BPB: 1.6865 | LR: 0.000010 | ms/batch: 46.1
Epoch 36/100 | Batch 1600/21973 | Loss: 1.1690 | BPB: 1.6866 | LR: 0.000010 | ms/batch: 46.2
Epoch 36/100 | Batch 1700/21973 | Loss: 1.1690 | BPB: 1.6865 | LR: 0.000010 | ms/batch: 46.2
Epoch 36/100 | Batch 1800/21973 | Loss: 1.1688 | BPB: 1.6863 | LR: 0.000010 | ms/batch: 46.2
Epoch 36/100 | Batch 1900/21973 | Loss: 1.1689 | BPB: 1.6864 | LR: 0.000010 | ms/batch: 46.1
Epoch 36/100 | Batch 2000/21973 | Loss: 1.1688 | BPB: 1.6862 | LR: 0.000010 | ms/batch: 46.1
Epoch 36/100 | Batch 2100/21973 | Loss: 1.1686 | BPB: 1.6860 | LR: 0.000010 | ms/batch: 46.2
Epoch 36/100 | Batch 2200/21973 | Loss: 1.1686 | BPB: 1.6860 | LR: 0.000010 | ms/batch: 46.1
Epoch 36/100 | Batch 2300/21973 | Loss: 1.1686 | BPB: 1.6859 | LR: 0.000010 | ms/batch: 46.1
Epoch 36/100 | Batch 2400/21973 | Loss: 1.1686 | BPB: 1.6859 | LR: 0.000010 | ms/batch: 46.1
Epoch 36/100 | Batch 2500/21973 | Loss: 1.1686 | BPB: 1.6859 | LR: 0.000010 | ms/batch: 46.1
Epoch 36/100 | Batch 2600/21973 | Loss: 1.1684 | BPB: 1.6857 | LR: 0.000010 | ms/batch: 46.1
Epoch 36/100 | Batch 2700/21973 | Loss: 1.1685 | BPB: 1.6857 | LR: 0.000010 | ms/batch: 46.1
Epoch 36/100 | Batch 2800/21973 | Loss: 1.1684 | BPB: 1.6857 | LR: 0.000010 | ms/batch: 46.1
Epoch 36/100 | Batch 2900/21973 | Loss: 1.1684 | BPB: 1.6856 | LR: 0.000010 | ms/batch: 46.1
Epoch 36/100 | Batch 3000/21973 | Loss: 1.1684 | BPB: 1.6857 | LR: 0.000010 | ms/batch: 46.1
Epoch 36/100 | Batch 3100/21973 | Loss: 1.1685 | BPB: 1.6858 | LR: 0.000010 | ms/batch: 46.1
Epoch 36/100 | Batch 3200/21973 | Loss: 1.1685 | BPB: 1.6859 | LR: 0.000010 | ms/batch: 46.1
Epoch 36/100 | Batch 3300/21973 | Loss: 1.1685 | BPB: 1.6858 | LR: 0.000010 | ms/batch: 46.1
Epoch 36/100 | Batch 3400/21973 | Loss: 1.1685 | BPB: 1.6858 | LR: 0.000010 | ms/batch: 46.1
Epoch 36/100 | Batch 3500/21973 | Loss: 1.1685 | BPB: 1.6857 | LR: 0.000010 | ms/batch: 46.1
Epoch 36/100 | Batch 3600/21973 | Loss: 1.1685 | BPB: 1.6858 | LR: 0.000010 | ms/batch: 46.1
Epoch 36/100 | Batch 3700/21973 | Loss: 1.1685 | BPB: 1.6858 | LR: 0.000010 | ms/batch: 46.1
Epoch 36/100 | Batch 3800/21973 | Loss: 1.1686 | BPB: 1.6859 | LR: 0.000010 | ms/batch: 46.1
Epoch 36/100 | Batch 3900/21973 | Loss: 1.1686 | BPB: 1.6859 | LR: 0.000010 | ms/batch: 46.1
Epoch 36/100 | Batch 4000/21973 | Loss: 1.1686 | BPB: 1.6859 | LR: 0.000010 | ms/batch: 46.1
Epoch 36/100 | Batch 4100/21973 | Loss: 1.1686 | BPB: 1.6859 | LR: 0.000010 | ms/batch: 46.1
Epoch 36/100 | Batch 4200/21973 | Loss: 1.1686 | BPB: 1.6859 | LR: 0.000010 | ms/batch: 46.1
Epoch 36/100 | Batch 4300/21973 | Loss: 1.1685 | BPB: 1.6858 | LR: 0.000010 | ms/batch: 46.1
Epoch 36/100 | Batch 4400/21973 | Loss: 1.1685 | BPB: 1.6858 | LR: 0.000010 | ms/batch: 46.1
Epoch 36/100 | Batch 4500/21973 | Loss: 1.1685 | BPB: 1.6857 | LR: 0.000010 | ms/batch: 46.1
Epoch 36/100 | Batch 4600/21973 | Loss: 1.1684 | BPB: 1.6856 | LR: 0.000010 | ms/batch: 46.1
Epoch 36/100 | Batch 4700/21973 | Loss: 1.1685 | BPB: 1.6857 | LR: 0.000010 | ms/batch: 46.1
Epoch 36/100 | Batch 4800/21973 | Loss: 1.1685 | BPB: 1.6858 | LR: 0.000010 | ms/batch: 46.1
Epoch 36/100 | Batch 4900/21973 | Loss: 1.1685 | BPB: 1.6858 | LR: 0.000010 | ms/batch: 46.1
Epoch 36/100 | Batch 5000/21973 | Loss: 1.1686 | BPB: 1.6859 | LR: 0.000010 | ms/batch: 46.1
Epoch 36/100 | Batch 5100/21973 | Loss: 1.1686 | BPB: 1.6859 | LR: 0.000010 | ms/batch: 46.1
Epoch 36/100 | Batch 5200/21973 | Loss: 1.1686 | BPB: 1.6859 | LR: 0.000010 | ms/batch: 46.1
Epoch 36/100 | Batch 5300/21973 | Loss: 1.1686 | BPB: 1.6859 | LR: 0.000010 | ms/batch: 46.1
Epoch 36/100 | Batch 5400/21973 | Loss: 1.1686 | BPB: 1.6859 | LR: 0.000010 | ms/batch: 46.1
Epoch 36/100 | Batch 5500/21973 | Loss: 1.1686 | BPB: 1.6860 | LR: 0.000010 | ms/batch: 46.1
Epoch 36/100 | Batch 5600/21973 | Loss: 1.1686 | BPB: 1.6860 | LR: 0.000010 | ms/batch: 46.1
Epoch 36/100 | Batch 5700/21973 | Loss: 1.1686 | BPB: 1.6859 | LR: 0.000010 | ms/batch: 46.1
Epoch 36/100 | Batch 5800/21973 | Loss: 1.1686 | BPB: 1.6859 | LR: 0.000010 | ms/batch: 46.1
Epoch 36/100 | Batch 5900/21973 | Loss: 1.1686 | BPB: 1.6859 | LR: 0.000010 | ms/batch: 46.1
Epoch 36/100 | Batch 6000/21973 | Loss: 1.1686 | BPB: 1.6859 | LR: 0.000010 | ms/batch: 46.1
Epoch 36/100 | Batch 6100/21973 | Loss: 1.1686 | BPB: 1.6859 | LR: 0.000010 | ms/batch: 46.1
Epoch 36/100 | Batch 6200/21973 | Loss: 1.1686 | BPB: 1.6859 | LR: 0.000010 | ms/batch: 46.1
Epoch 36/100 | Batch 6300/21973 | Loss: 1.1686 | BPB: 1.6860 | LR: 0.000010 | ms/batch: 46.1
Epoch 36/100 | Batch 6400/21973 | Loss: 1.1686 | BPB: 1.6860 | LR: 0.000010 | ms/batch: 46.1
Epoch 36/100 | Batch 6500/21973 | Loss: 1.1686 | BPB: 1.6860 | LR: 0.000010 | ms/batch: 46.1
Epoch 36/100 | Batch 6600/21973 | Loss: 1.1686 | BPB: 1.6859 | LR: 0.000010 | ms/batch: 46.1
Epoch 36/100 | Batch 6700/21973 | Loss: 1.1686 | BPB: 1.6859 | LR: 0.000010 | ms/batch: 46.1
Epoch 36/100 | Batch 6800/21973 | Loss: 1.1686 | BPB: 1.6860 | LR: 0.000010 | ms/batch: 46.1
Epoch 36/100 | Batch 6900/21973 | Loss: 1.1686 | BPB: 1.6859 | LR: 0.000010 | ms/batch: 46.1
Epoch 36/100 | Batch 7000/21973 | Loss: 1.1686 | BPB: 1.6859 | LR: 0.000010 | ms/batch: 46.1
Epoch 36/100 | Batch 7100/21973 | Loss: 1.1685 | BPB: 1.6858 | LR: 0.000010 | ms/batch: 46.1
Epoch 36/100 | Batch 7200/21973 | Loss: 1.1686 | BPB: 1.6859 | LR: 0.000010 | ms/batch: 46.1
Epoch 36/100 | Batch 7300/21973 | Loss: 1.1686 | BPB: 1.6859 | LR: 0.000010 | ms/batch: 46.1
Epoch 36/100 | Batch 7400/21973 | Loss: 1.1686 | BPB: 1.6859 | LR: 0.000010 | ms/batch: 46.1
Epoch 36/100 | Batch 7500/21973 | Loss: 1.1686 | BPB: 1.6859 | LR: 0.000010 | ms/batch: 46.1
Epoch 36/100 | Batch 7600/21973 | Loss: 1.1686 | BPB: 1.6859 | LR: 0.000010 | ms/batch: 46.1
Epoch 36/100 | Batch 7700/21973 | Loss: 1.1685 | BPB: 1.6858 | LR: 0.000010 | ms/batch: 46.1
Epoch 36/100 | Batch 7800/21973 | Loss: 1.1685 | BPB: 1.6858 | LR: 0.000010 | ms/batch: 46.1
Epoch 36/100 | Batch 7900/21973 | Loss: 1.1685 | BPB: 1.6858 | LR: 0.000010 | ms/batch: 46.1
Epoch 36/100 | Batch 8000/21973 | Loss: 1.1686 | BPB: 1.6859 | LR: 0.000010 | ms/batch: 46.1
Epoch 36/100 | Batch 8100/21973 | Loss: 1.1685 | BPB: 1.6859 | LR: 0.000010 | ms/batch: 46.1
Epoch 36/100 | Batch 8200/21973 | Loss: 1.1685 | BPB: 1.6858 | LR: 0.000010 | ms/batch: 46.1
Epoch 36/100 | Batch 8300/21973 | Loss: 1.1686 | BPB: 1.6859 | LR: 0.000010 | ms/batch: 46.1
Epoch 36/100 | Batch 8400/21973 | Loss: 1.1685 | BPB: 1.6859 | LR: 0.000010 | ms/batch: 46.1
Epoch 36/100 | Batch 8500/21973 | Loss: 1.1686 | BPB: 1.6859 | LR: 0.000010 | ms/batch: 46.1
Epoch 36/100 | Batch 8600/21973 | Loss: 1.1685 | BPB: 1.6858 | LR: 0.000010 | ms/batch: 46.1
Epoch 36/100 | Batch 8700/21973 | Loss: 1.1686 | BPB: 1.6859 | LR: 0.000010 | ms/batch: 46.1
Epoch 36/100 | Batch 8800/21973 | Loss: 1.1686 | BPB: 1.6859 | LR: 0.000010 | ms/batch: 46.1
Epoch 36/100 | Batch 8900/21973 | Loss: 1.1686 | BPB: 1.6859 | LR: 0.000010 | ms/batch: 46.1
Epoch 36/100 | Batch 9000/21973 | Loss: 1.1686 | BPB: 1.6859 | LR: 0.000010 | ms/batch: 46.1
Epoch 36/100 | Batch 9100/21973 | Loss: 1.1686 | BPB: 1.6860 | LR: 0.000010 | ms/batch: 46.1
Epoch 36/100 | Batch 9200/21973 | Loss: 1.1686 | BPB: 1.6859 | LR: 0.000010 | ms/batch: 46.1
Epoch 36/100 | Batch 9300/21973 | Loss: 1.1686 | BPB: 1.6859 | LR: 0.000010 | ms/batch: 46.1
Epoch 36/100 | Batch 9400/21973 | Loss: 1.1686 | BPB: 1.6859 | LR: 0.000010 | ms/batch: 46.1
Epoch 36/100 | Batch 9500/21973 | Loss: 1.1686 | BPB: 1.6860 | LR: 0.000010 | ms/batch: 46.1
Epoch 36/100 | Batch 9600/21973 | Loss: 1.1687 | BPB: 1.6860 | LR: 0.000010 | ms/batch: 46.1
Epoch 36/100 | Batch 9700/21973 | Loss: 1.1687 | BPB: 1.6860 | LR: 0.000010 | ms/batch: 46.1
Epoch 36/100 | Batch 9800/21973 | Loss: 1.1687 | BPB: 1.6860 | LR: 0.000010 | ms/batch: 46.1
Epoch 36/100 | Batch 9900/21973 | Loss: 1.1687 | BPB: 1.6860 | LR: 0.000010 | ms/batch: 46.1
Epoch 36/100 | Batch 10000/21973 | Loss: 1.1686 | BPB: 1.6860 | LR: 0.000010 | ms/batch: 46.1
Epoch 36/100 | Batch 10100/21973 | Loss: 1.1686 | BPB: 1.6860 | LR: 0.000010 | ms/batch: 46.1
Epoch 36/100 | Batch 10200/21973 | Loss: 1.1686 | BPB: 1.6860 | LR: 0.000010 | ms/batch: 46.1
Epoch 36/100 | Batch 10300/21973 | Loss: 1.1686 | BPB: 1.6860 | LR: 0.000010 | ms/batch: 46.1
Epoch 36/100 | Batch 10400/21973 | Loss: 1.1686 | BPB: 1.6860 | LR: 0.000010 | ms/batch: 46.2
Epoch 36/100 | Batch 10500/21973 | Loss: 1.1687 | BPB: 1.6860 | LR: 0.000010 | ms/batch: 46.2
Epoch 36/100 | Batch 10600/21973 | Loss: 1.1686 | BPB: 1.6860 | LR: 0.000010 | ms/batch: 46.2
Epoch 36/100 | Batch 10700/21973 | Loss: 1.1687 | BPB: 1.6860 | LR: 0.000010 | ms/batch: 46.2
Epoch 36/100 | Batch 10800/21973 | Loss: 1.1687 | BPB: 1.6860 | LR: 0.000010 | ms/batch: 46.2
Epoch 36/100 | Batch 10900/21973 | Loss: 1.1687 | BPB: 1.6861 | LR: 0.000010 | ms/batch: 46.2
Epoch 36/100 | Batch 11000/21973 | Loss: 1.1687 | BPB: 1.6861 | LR: 0.000010 | ms/batch: 46.2
Epoch 36/100 | Batch 11100/21973 | Loss: 1.1687 | BPB: 1.6861 | LR: 0.000010 | ms/batch: 46.2
Epoch 36/100 | Batch 11200/21973 | Loss: 1.1687 | BPB: 1.6860 | LR: 0.000010 | ms/batch: 46.2
Epoch 36/100 | Batch 11300/21973 | Loss: 1.1686 | BPB: 1.6860 | LR: 0.000010 | ms/batch: 46.2
Epoch 36/100 | Batch 11400/21973 | Loss: 1.1686 | BPB: 1.6860 | LR: 0.000010 | ms/batch: 46.2
Epoch 36/100 | Batch 11500/21973 | Loss: 1.1687 | BPB: 1.6860 | LR: 0.000010 | ms/batch: 46.2
Epoch 36/100 | Batch 11600/21973 | Loss: 1.1686 | BPB: 1.6860 | LR: 0.000010 | ms/batch: 46.2
Epoch 36/100 | Batch 11700/21973 | Loss: 1.1686 | BPB: 1.6860 | LR: 0.000010 | ms/batch: 46.2
Epoch 36/100 | Batch 11800/21973 | Loss: 1.1686 | BPB: 1.6860 | LR: 0.000010 | ms/batch: 46.2
Epoch 36/100 | Batch 11900/21973 | Loss: 1.1686 | BPB: 1.6860 | LR: 0.000010 | ms/batch: 46.2
Epoch 36/100 | Batch 12000/21973 | Loss: 1.1686 | BPB: 1.6860 | LR: 0.000010 | ms/batch: 46.2
Epoch 36/100 | Batch 12100/21973 | Loss: 1.1686 | BPB: 1.6860 | LR: 0.000010 | ms/batch: 46.2
Epoch 36/100 | Batch 12200/21973 | Loss: 1.1686 | BPB: 1.6860 | LR: 0.000010 | ms/batch: 46.2
Epoch 36/100 | Batch 12300/21973 | Loss: 1.1686 | BPB: 1.6860 | LR: 0.000010 | ms/batch: 46.2
Epoch 36/100 | Batch 12400/21973 | Loss: 1.1686 | BPB: 1.6860 | LR: 0.000010 | ms/batch: 46.2
Epoch 36/100 | Batch 12500/21973 | Loss: 1.1686 | BPB: 1.6859 | LR: 0.000010 | ms/batch: 46.2
Epoch 36/100 | Batch 12600/21973 | Loss: 1.1686 | BPB: 1.6860 | LR: 0.000010 | ms/batch: 46.2
Epoch 36/100 | Batch 12700/21973 | Loss: 1.1686 | BPB: 1.6860 | LR: 0.000010 | ms/batch: 46.2
Epoch 36/100 | Batch 12800/21973 | Loss: 1.1686 | BPB: 1.6860 | LR: 0.000010 | ms/batch: 46.2
Epoch 36/100 | Batch 12900/21973 | Loss: 1.1686 | BPB: 1.6860 | LR: 0.000010 | ms/batch: 46.2
Epoch 36/100 | Batch 13000/21973 | Loss: 1.1686 | BPB: 1.6860 | LR: 0.000010 | ms/batch: 46.2
Epoch 36/100 | Batch 13100/21973 | Loss: 1.1687 | BPB: 1.6860 | LR: 0.000010 | ms/batch: 46.2
Epoch 36/100 | Batch 13200/21973 | Loss: 1.1686 | BPB: 1.6860 | LR: 0.000010 | ms/batch: 46.2
Epoch 36/100 | Batch 13300/21973 | Loss: 1.1686 | BPB: 1.6860 | LR: 0.000010 | ms/batch: 46.2
Epoch 36/100 | Batch 13400/21973 | Loss: 1.1686 | BPB: 1.6860 | LR: 0.000010 | ms/batch: 46.2
Epoch 36/100 | Batch 13500/21973 | Loss: 1.1686 | BPB: 1.6860 | LR: 0.000010 | ms/batch: 46.2
Epoch 36/100 | Batch 13600/21973 | Loss: 1.1686 | BPB: 1.6860 | LR: 0.000010 | ms/batch: 46.2
Epoch 36/100 | Batch 13700/21973 | Loss: 1.1687 | BPB: 1.6860 | LR: 0.000010 | ms/batch: 46.2
Epoch 36/100 | Batch 13800/21973 | Loss: 1.1687 | BPB: 1.6860 | LR: 0.000010 | ms/batch: 46.2
Epoch 36/100 | Batch 13900/21973 | Loss: 1.1687 | BPB: 1.6860 | LR: 0.000010 | ms/batch: 46.2
Epoch 36/100 | Batch 14000/21973 | Loss: 1.1687 | BPB: 1.6860 | LR: 0.000010 | ms/batch: 46.2
Epoch 36/100 | Batch 14100/21973 | Loss: 1.1687 | BPB: 1.6860 | LR: 0.000010 | ms/batch: 46.2
Epoch 36/100 | Batch 14200/21973 | Loss: 1.1687 | BPB: 1.6861 | LR: 0.000010 | ms/batch: 46.2
Epoch 36/100 | Batch 14300/21973 | Loss: 1.1687 | BPB: 1.6861 | LR: 0.000010 | ms/batch: 46.2
Epoch 36/100 | Batch 14400/21973 | Loss: 1.1687 | BPB: 1.6861 | LR: 0.000010 | ms/batch: 46.2
Epoch 36/100 | Batch 14500/21973 | Loss: 1.1687 | BPB: 1.6861 | LR: 0.000010 | ms/batch: 46.2
Epoch 36/100 | Batch 14600/21973 | Loss: 1.1687 | BPB: 1.6861 | LR: 0.000010 | ms/batch: 46.2
Epoch 36/100 | Batch 14700/21973 | Loss: 1.1687 | BPB: 1.6861 | LR: 0.000010 | ms/batch: 46.2
Epoch 36/100 | Batch 14800/21973 | Loss: 1.1687 | BPB: 1.6861 | LR: 0.000010 | ms/batch: 46.2
Epoch 36/100 | Batch 14900/21973 | Loss: 1.1687 | BPB: 1.6861 | LR: 0.000010 | ms/batch: 46.2
Epoch 36/100 | Batch 15000/21973 | Loss: 1.1687 | BPB: 1.6860 | LR: 0.000010 | ms/batch: 46.2
Epoch 36/100 | Batch 15100/21973 | Loss: 1.1687 | BPB: 1.6860 | LR: 0.000010 | ms/batch: 46.2
Epoch 36/100 | Batch 15200/21973 | Loss: 1.1687 | BPB: 1.6860 | LR: 0.000010 | ms/batch: 46.2
Epoch 36/100 | Batch 15300/21973 | Loss: 1.1687 | BPB: 1.6861 | LR: 0.000010 | ms/batch: 46.2
Epoch 36/100 | Batch 15400/21973 | Loss: 1.1687 | BPB: 1.6860 | LR: 0.000010 | ms/batch: 46.2
Epoch 36/100 | Batch 15500/21973 | Loss: 1.1687 | BPB: 1.6861 | LR: 0.000010 | ms/batch: 46.2
Epoch 36/100 | Batch 15600/21973 | Loss: 1.1687 | BPB: 1.6861 | LR: 0.000010 | ms/batch: 46.2
Epoch 36/100 | Batch 15700/21973 | Loss: 1.1687 | BPB: 1.6860 | LR: 0.000010 | ms/batch: 46.2
Epoch 36/100 | Batch 15800/21973 | Loss: 1.1687 | BPB: 1.6861 | LR: 0.000010 | ms/batch: 46.2
Epoch 36/100 | Batch 15900/21973 | Loss: 1.1687 | BPB: 1.6860 | LR: 0.000010 | ms/batch: 46.2
Epoch 36/100 | Batch 16000/21973 | Loss: 1.1687 | BPB: 1.6860 | LR: 0.000010 | ms/batch: 46.2
Epoch 36/100 | Batch 16100/21973 | Loss: 1.1687 | BPB: 1.6860 | LR: 0.000010 | ms/batch: 46.2
Epoch 36/100 | Batch 16200/21973 | Loss: 1.1687 | BPB: 1.6860 | LR: 0.000010 | ms/batch: 46.2
Epoch 36/100 | Batch 16300/21973 | Loss: 1.1687 | BPB: 1.6860 | LR: 0.000010 | ms/batch: 46.1
Epoch 36/100 | Batch 16400/21973 | Loss: 1.1687 | BPB: 1.6860 | LR: 0.000010 | ms/batch: 46.1
Epoch 36/100 | Batch 16500/21973 | Loss: 1.1687 | BPB: 1.6860 | LR: 0.000010 | ms/batch: 46.1
Epoch 36/100 | Batch 16600/21973 | Loss: 1.1687 | BPB: 1.6861 | LR: 0.000010 | ms/batch: 46.1
Epoch 36/100 | Batch 16700/21973 | Loss: 1.1687 | BPB: 1.6860 | LR: 0.000010 | ms/batch: 46.1
Epoch 36/100 | Batch 16800/21973 | Loss: 1.1687 | BPB: 1.6860 | LR: 0.000010 | ms/batch: 46.1
Epoch 36/100 | Batch 16900/21973 | Loss: 1.1687 | BPB: 1.6860 | LR: 0.000010 | ms/batch: 46.1
Epoch 36/100 | Batch 17000/21973 | Loss: 1.1687 | BPB: 1.6860 | LR: 0.000010 | ms/batch: 46.1
Epoch 36/100 | Batch 17100/21973 | Loss: 1.1686 | BPB: 1.6860 | LR: 0.000010 | ms/batch: 46.1
Epoch 36/100 | Batch 17200/21973 | Loss: 1.1686 | BPB: 1.6860 | LR: 0.000010 | ms/batch: 46.1
Epoch 36/100 | Batch 17300/21973 | Loss: 1.1686 | BPB: 1.6860 | LR: 0.000010 | ms/batch: 46.1
Epoch 36/100 | Batch 17400/21973 | Loss: 1.1686 | BPB: 1.6860 | LR: 0.000010 | ms/batch: 46.1
Epoch 36/100 | Batch 17500/21973 | Loss: 1.1686 | BPB: 1.6860 | LR: 0.000010 | ms/batch: 46.1
Epoch 36/100 | Batch 17600/21973 | Loss: 1.1686 | BPB: 1.6860 | LR: 0.000010 | ms/batch: 46.1
Epoch 36/100 | Batch 17700/21973 | Loss: 1.1686 | BPB: 1.6860 | LR: 0.000010 | ms/batch: 46.1
Epoch 36/100 | Batch 17800/21973 | Loss: 1.1686 | BPB: 1.6860 | LR: 0.000010 | ms/batch: 46.1
Epoch 36/100 | Batch 17900/21973 | Loss: 1.1686 | BPB: 1.6860 | LR: 0.000010 | ms/batch: 46.1
Epoch 36/100 | Batch 18000/21973 | Loss: 1.1686 | BPB: 1.6860 | LR: 0.000010 | ms/batch: 46.1
Epoch 36/100 | Batch 18100/21973 | Loss: 1.1686 | BPB: 1.6860 | LR: 0.000010 | ms/batch: 46.1
Epoch 36/100 | Batch 18200/21973 | Loss: 1.1686 | BPB: 1.6860 | LR: 0.000010 | ms/batch: 46.1
Epoch 36/100 | Batch 18300/21973 | Loss: 1.1686 | BPB: 1.6860 | LR: 0.000010 | ms/batch: 46.1
Epoch 36/100 | Batch 18400/21973 | Loss: 1.1686 | BPB: 1.6859 | LR: 0.000010 | ms/batch: 46.1
Epoch 36/100 | Batch 18500/21973 | Loss: 1.1686 | BPB: 1.6860 | LR: 0.000010 | ms/batch: 46.1
Epoch 36/100 | Batch 18600/21973 | Loss: 1.1686 | BPB: 1.6859 | LR: 0.000010 | ms/batch: 46.1
Epoch 36/100 | Batch 18700/21973 | Loss: 1.1686 | BPB: 1.6860 | LR: 0.000010 | ms/batch: 46.1
Epoch 36/100 | Batch 18800/21973 | Loss: 1.1686 | BPB: 1.6859 | LR: 0.000010 | ms/batch: 46.1
Epoch 36/100 | Batch 18900/21973 | Loss: 1.1686 | BPB: 1.6859 | LR: 0.000010 | ms/batch: 46.1
Epoch 36/100 | Batch 19000/21973 | Loss: 1.1686 | BPB: 1.6859 | LR: 0.000010 | ms/batch: 46.1
Epoch 36/100 | Batch 19100/21973 | Loss: 1.1686 | BPB: 1.6859 | LR: 0.000010 | ms/batch: 46.1
Epoch 36/100 | Batch 19200/21973 | Loss: 1.1686 | BPB: 1.6859 | LR: 0.000010 | ms/batch: 46.1
Epoch 36/100 | Batch 19300/21973 | Loss: 1.1686 | BPB: 1.6859 | LR: 0.000010 | ms/batch: 46.1
Epoch 36/100 | Batch 19400/21973 | Loss: 1.1686 | BPB: 1.6859 | LR: 0.000010 | ms/batch: 46.1
Epoch 36/100 | Batch 19500/21973 | Loss: 1.1686 | BPB: 1.6859 | LR: 0.000010 | ms/batch: 46.1
Epoch 36/100 | Batch 19600/21973 | Loss: 1.1686 | BPB: 1.6859 | LR: 0.000010 | ms/batch: 46.1
Epoch 36/100 | Batch 19700/21973 | Loss: 1.1686 | BPB: 1.6859 | LR: 0.000010 | ms/batch: 46.1
Epoch 36/100 | Batch 19800/21973 | Loss: 1.1686 | BPB: 1.6859 | LR: 0.000010 | ms/batch: 46.1
Epoch 36/100 | Batch 19900/21973 | Loss: 1.1686 | BPB: 1.6860 | LR: 0.000010 | ms/batch: 46.1
Epoch 36/100 | Batch 20000/21973 | Loss: 1.1686 | BPB: 1.6859 | LR: 0.000010 | ms/batch: 46.1
Epoch 36/100 | Batch 20100/21973 | Loss: 1.1686 | BPB: 1.6859 | LR: 0.000010 | ms/batch: 46.1
Epoch 36/100 | Batch 20200/21973 | Loss: 1.1686 | BPB: 1.6859 | LR: 0.000010 | ms/batch: 46.1
Epoch 36/100 | Batch 20300/21973 | Loss: 1.1686 | BPB: 1.6859 | LR: 0.000010 | ms/batch: 46.1
Epoch 36/100 | Batch 20400/21973 | Loss: 1.1686 | BPB: 1.6859 | LR: 0.000010 | ms/batch: 46.1
Epoch 36/100 | Batch 20500/21973 | Loss: 1.1686 | BPB: 1.6859 | LR: 0.000010 | ms/batch: 46.1
Epoch 36/100 | Batch 20600/21973 | Loss: 1.1686 | BPB: 1.6859 | LR: 0.000010 | ms/batch: 46.1
Epoch 36/100 | Batch 20700/21973 | Loss: 1.1686 | BPB: 1.6860 | LR: 0.000010 | ms/batch: 46.1
Epoch 36/100 | Batch 20800/21973 | Loss: 1.1686 | BPB: 1.6860 | LR: 0.000010 | ms/batch: 46.1
Epoch 36/100 | Batch 20900/21973 | Loss: 1.1686 | BPB: 1.6860 | LR: 0.000010 | ms/batch: 46.1
Epoch 36/100 | Batch 21000/21973 | Loss: 1.1686 | BPB: 1.6860 | LR: 0.000010 | ms/batch: 46.1
Epoch 36/100 | Batch 21100/21973 | Loss: 1.1686 | BPB: 1.6860 | LR: 0.000010 | ms/batch: 46.1
Epoch 36/100 | Batch 21200/21973 | Loss: 1.1686 | BPB: 1.6860 | LR: 0.000010 | ms/batch: 46.1
Epoch 36/100 | Batch 21300/21973 | Loss: 1.1686 | BPB: 1.6860 | LR: 0.000010 | ms/batch: 46.1
Epoch 36/100 | Batch 21400/21973 | Loss: 1.1686 | BPB: 1.6860 | LR: 0.000010 | ms/batch: 46.1
Epoch 36/100 | Batch 21500/21973 | Loss: 1.1686 | BPB: 1.6860 | LR: 0.000010 | ms/batch: 46.1
Epoch 36/100 | Batch 21600/21973 | Loss: 1.1686 | BPB: 1.6860 | LR: 0.000010 | ms/batch: 46.1
Epoch 36/100 | Batch 21700/21973 | Loss: 1.1686 | BPB: 1.6860 | LR: 0.000010 | ms/batch: 46.1
Epoch 36/100 | Batch 21800/21973 | Loss: 1.1686 | BPB: 1.6860 | LR: 0.000010 | ms/batch: 46.1
Epoch 36/100 | Batch 21900/21973 | Loss: 1.1686 | BPB: 1.6860 | LR: 0.000010 | ms/batch: 46.1

Epoch 36/100 Summary:
Training Loss: 1.1686 (BPB: 1.6860)
Validation Loss: 0.8783 (BPB: 1.2671)
Best Validation Loss: 0.8783
Learning Rate: 0.000010
Epoch 37/100 | Batch 0/21973 | Loss: 1.1814 | BPB: 1.7044 | LR: 0.000010 | ms/batch: 125.8
Epoch 37/100 | Batch 100/21973 | Loss: 1.1690 | BPB: 1.6865 | LR: 0.000010 | ms/batch: 48.4
Epoch 37/100 | Batch 200/21973 | Loss: 1.1682 | BPB: 1.6854 | LR: 0.000010 | ms/batch: 47.6
Epoch 37/100 | Batch 300/21973 | Loss: 1.1674 | BPB: 1.6842 | LR: 0.000010 | ms/batch: 47.4
Epoch 37/100 | Batch 400/21973 | Loss: 1.1671 | BPB: 1.6837 | LR: 0.000010 | ms/batch: 47.3
Epoch 37/100 | Batch 500/21973 | Loss: 1.1672 | BPB: 1.6838 | LR: 0.000010 | ms/batch: 47.0
Epoch 37/100 | Batch 600/21973 | Loss: 1.1677 | BPB: 1.6847 | LR: 0.000010 | ms/batch: 47.0
Epoch 37/100 | Batch 700/21973 | Loss: 1.1682 | BPB: 1.6853 | LR: 0.000010 | ms/batch: 46.8
Epoch 37/100 | Batch 800/21973 | Loss: 1.1682 | BPB: 1.6853 | LR: 0.000010 | ms/batch: 46.9
Epoch 37/100 | Batch 900/21973 | Loss: 1.1683 | BPB: 1.6855 | LR: 0.000010 | ms/batch: 46.9
Epoch 37/100 | Batch 1000/21973 | Loss: 1.1682 | BPB: 1.6853 | LR: 0.000010 | ms/batch: 46.9
Epoch 37/100 | Batch 1100/21973 | Loss: 1.1683 | BPB: 1.6855 | LR: 0.000010 | ms/batch: 46.9
Epoch 37/100 | Batch 1200/21973 | Loss: 1.1682 | BPB: 1.6853 | LR: 0.000010 | ms/batch: 46.9
Epoch 37/100 | Batch 1300/21973 | Loss: 1.1684 | BPB: 1.6856 | LR: 0.000010 | ms/batch: 46.9
Epoch 37/100 | Batch 1400/21973 | Loss: 1.1683 | BPB: 1.6855 | LR: 0.000010 | ms/batch: 46.9
Epoch 37/100 | Batch 1500/21973 | Loss: 1.1682 | BPB: 1.6854 | LR: 0.000010 | ms/batch: 46.9
Epoch 37/100 | Batch 1600/21973 | Loss: 1.1683 | BPB: 1.6855 | LR: 0.000010 | ms/batch: 47.0
Epoch 37/100 | Batch 1700/21973 | Loss: 1.1683 | BPB: 1.6855 | LR: 0.000010 | ms/batch: 46.9
Epoch 37/100 | Batch 1800/21973 | Loss: 1.1682 | BPB: 1.6854 | LR: 0.000010 | ms/batch: 46.9
Epoch 37/100 | Batch 1900/21973 | Loss: 1.1682 | BPB: 1.6853 | LR: 0.000010 | ms/batch: 46.8
Epoch 37/100 | Batch 2000/21973 | Loss: 1.1682 | BPB: 1.6853 | LR: 0.000010 | ms/batch: 46.8
Epoch 37/100 | Batch 2100/21973 | Loss: 1.1682 | BPB: 1.6854 | LR: 0.000010 | ms/batch: 46.8
Epoch 37/100 | Batch 2200/21973 | Loss: 1.1682 | BPB: 1.6853 | LR: 0.000010 | ms/batch: 46.7
Epoch 37/100 | Batch 2300/21973 | Loss: 1.1681 | BPB: 1.6852 | LR: 0.000010 | ms/batch: 46.7
Epoch 37/100 | Batch 2400/21973 | Loss: 1.1681 | BPB: 1.6852 | LR: 0.000010 | ms/batch: 46.7
Epoch 37/100 | Batch 2500/21973 | Loss: 1.1680 | BPB: 1.6850 | LR: 0.000010 | ms/batch: 46.7
Epoch 37/100 | Batch 2600/21973 | Loss: 1.1680 | BPB: 1.6850 | LR: 0.000010 | ms/batch: 46.7
Epoch 37/100 | Batch 2700/21973 | Loss: 1.1679 | BPB: 1.6849 | LR: 0.000010 | ms/batch: 46.6
Epoch 37/100 | Batch 2800/21973 | Loss: 1.1680 | BPB: 1.6851 | LR: 0.000010 | ms/batch: 46.6
Epoch 37/100 | Batch 2900/21973 | Loss: 1.1680 | BPB: 1.6851 | LR: 0.000010 | ms/batch: 46.6
Epoch 37/100 | Batch 3000/21973 | Loss: 1.1680 | BPB: 1.6850 | LR: 0.000010 | ms/batch: 46.6
Epoch 37/100 | Batch 3100/21973 | Loss: 1.1680 | BPB: 1.6851 | LR: 0.000010 | ms/batch: 46.6
Epoch 37/100 | Batch 3200/21973 | Loss: 1.1679 | BPB: 1.6850 | LR: 0.000010 | ms/batch: 46.6
Epoch 37/100 | Batch 3300/21973 | Loss: 1.1680 | BPB: 1.6850 | LR: 0.000010 | ms/batch: 46.6
Epoch 37/100 | Batch 3400/21973 | Loss: 1.1680 | BPB: 1.6851 | LR: 0.000010 | ms/batch: 46.5
Epoch 37/100 | Batch 3500/21973 | Loss: 1.1680 | BPB: 1.6850 | LR: 0.000010 | ms/batch: 46.5
Epoch 37/100 | Batch 3600/21973 | Loss: 1.1680 | BPB: 1.6850 | LR: 0.000010 | ms/batch: 46.5
Epoch 37/100 | Batch 3700/21973 | Loss: 1.1680 | BPB: 1.6851 | LR: 0.000010 | ms/batch: 46.5
Epoch 37/100 | Batch 3800/21973 | Loss: 1.1680 | BPB: 1.6851 | LR: 0.000010 | ms/batch: 46.5
Epoch 37/100 | Batch 3900/21973 | Loss: 1.1681 | BPB: 1.6852 | LR: 0.000010 | ms/batch: 46.5
Epoch 37/100 | Batch 4000/21973 | Loss: 1.1680 | BPB: 1.6851 | LR: 0.000010 | ms/batch: 46.5
Epoch 37/100 | Batch 4100/21973 | Loss: 1.1681 | BPB: 1.6852 | LR: 0.000010 | ms/batch: 46.5
Epoch 37/100 | Batch 4200/21973 | Loss: 1.1680 | BPB: 1.6851 | LR: 0.000010 | ms/batch: 46.5
Epoch 37/100 | Batch 4300/21973 | Loss: 1.1680 | BPB: 1.6850 | LR: 0.000010 | ms/batch: 46.5
Epoch 37/100 | Batch 4400/21973 | Loss: 1.1680 | BPB: 1.6851 | LR: 0.000010 | ms/batch: 46.5
Epoch 37/100 | Batch 4500/21973 | Loss: 1.1681 | BPB: 1.6852 | LR: 0.000010 | ms/batch: 46.5
Epoch 37/100 | Batch 4600/21973 | Loss: 1.1680 | BPB: 1.6851 | LR: 0.000010 | ms/batch: 46.5
Epoch 37/100 | Batch 4700/21973 | Loss: 1.1680 | BPB: 1.6851 | LR: 0.000010 | ms/batch: 46.4
Epoch 37/100 | Batch 4800/21973 | Loss: 1.1680 | BPB: 1.6851 | LR: 0.000010 | ms/batch: 46.4
Epoch 37/100 | Batch 4900/21973 | Loss: 1.1680 | BPB: 1.6851 | LR: 0.000010 | ms/batch: 46.4
Epoch 37/100 | Batch 5000/21973 | Loss: 1.1680 | BPB: 1.6851 | LR: 0.000010 | ms/batch: 46.4
Epoch 37/100 | Batch 5100/21973 | Loss: 1.1681 | BPB: 1.6851 | LR: 0.000010 | ms/batch: 46.4
Epoch 37/100 | Batch 5200/21973 | Loss: 1.1681 | BPB: 1.6852 | LR: 0.000010 | ms/batch: 46.4
Epoch 37/100 | Batch 5300/21973 | Loss: 1.1681 | BPB: 1.6852 | LR: 0.000010 | ms/batch: 46.4
Epoch 37/100 | Batch 5400/21973 | Loss: 1.1681 | BPB: 1.6852 | LR: 0.000010 | ms/batch: 46.4
Epoch 37/100 | Batch 5500/21973 | Loss: 1.1681 | BPB: 1.6852 | LR: 0.000010 | ms/batch: 46.4
Epoch 37/100 | Batch 5600/21973 | Loss: 1.1681 | BPB: 1.6852 | LR: 0.000010 | ms/batch: 46.4
Epoch 37/100 | Batch 5700/21973 | Loss: 1.1681 | BPB: 1.6852 | LR: 0.000010 | ms/batch: 46.4
Epoch 37/100 | Batch 5800/21973 | Loss: 1.1681 | BPB: 1.6853 | LR: 0.000010 | ms/batch: 46.4
Epoch 37/100 | Batch 5900/21973 | Loss: 1.1681 | BPB: 1.6853 | LR: 0.000010 | ms/batch: 46.4
Epoch 37/100 | Batch 6000/21973 | Loss: 1.1682 | BPB: 1.6853 | LR: 0.000010 | ms/batch: 46.4
Epoch 37/100 | Batch 6100/21973 | Loss: 1.1682 | BPB: 1.6854 | LR: 0.000010 | ms/batch: 46.4
Epoch 37/100 | Batch 6200/21973 | Loss: 1.1682 | BPB: 1.6853 | LR: 0.000010 | ms/batch: 46.4
Epoch 37/100 | Batch 6300/21973 | Loss: 1.1682 | BPB: 1.6853 | LR: 0.000010 | ms/batch: 46.4
Epoch 37/100 | Batch 6400/21973 | Loss: 1.1681 | BPB: 1.6853 | LR: 0.000010 | ms/batch: 46.4
Epoch 37/100 | Batch 6500/21973 | Loss: 1.1682 | BPB: 1.6853 | LR: 0.000010 | ms/batch: 46.4
Epoch 37/100 | Batch 6600/21973 | Loss: 1.1682 | BPB: 1.6853 | LR: 0.000010 | ms/batch: 46.4
Epoch 37/100 | Batch 6700/21973 | Loss: 1.1681 | BPB: 1.6853 | LR: 0.000010 | ms/batch: 46.3
Epoch 37/100 | Batch 6800/21973 | Loss: 1.1682 | BPB: 1.6853 | LR: 0.000010 | ms/batch: 46.3
Epoch 37/100 | Batch 6900/21973 | Loss: 1.1681 | BPB: 1.6853 | LR: 0.000010 | ms/batch: 46.3
Epoch 37/100 | Batch 7000/21973 | Loss: 1.1681 | BPB: 1.6852 | LR: 0.000010 | ms/batch: 46.3
Epoch 37/100 | Batch 7100/21973 | Loss: 1.1681 | BPB: 1.6853 | LR: 0.000010 | ms/batch: 46.3
Epoch 37/100 | Batch 7200/21973 | Loss: 1.1681 | BPB: 1.6852 | LR: 0.000010 | ms/batch: 46.3
Epoch 37/100 | Batch 7300/21973 | Loss: 1.1681 | BPB: 1.6852 | LR: 0.000010 | ms/batch: 46.3
Epoch 37/100 | Batch 7400/21973 | Loss: 1.1681 | BPB: 1.6852 | LR: 0.000010 | ms/batch: 46.3
Epoch 37/100 | Batch 7500/21973 | Loss: 1.1680 | BPB: 1.6851 | LR: 0.000010 | ms/batch: 46.3
Epoch 37/100 | Batch 7600/21973 | Loss: 1.1680 | BPB: 1.6851 | LR: 0.000010 | ms/batch: 46.3
Epoch 37/100 | Batch 7700/21973 | Loss: 1.1680 | BPB: 1.6851 | LR: 0.000010 | ms/batch: 46.3
Epoch 37/100 | Batch 7800/21973 | Loss: 1.1680 | BPB: 1.6851 | LR: 0.000010 | ms/batch: 46.3
Epoch 37/100 | Batch 7900/21973 | Loss: 1.1680 | BPB: 1.6851 | LR: 0.000010 | ms/batch: 46.3
Epoch 37/100 | Batch 8000/21973 | Loss: 1.1680 | BPB: 1.6851 | LR: 0.000010 | ms/batch: 46.3
Epoch 37/100 | Batch 8100/21973 | Loss: 1.1680 | BPB: 1.6851 | LR: 0.000010 | ms/batch: 46.3
Epoch 37/100 | Batch 8200/21973 | Loss: 1.1680 | BPB: 1.6851 | LR: 0.000010 | ms/batch: 46.3
Epoch 37/100 | Batch 8300/21973 | Loss: 1.1681 | BPB: 1.6852 | LR: 0.000010 | ms/batch: 46.3
Epoch 37/100 | Batch 8400/21973 | Loss: 1.1681 | BPB: 1.6852 | LR: 0.000010 | ms/batch: 46.3
Epoch 37/100 | Batch 8500/21973 | Loss: 1.1681 | BPB: 1.6852 | LR: 0.000010 | ms/batch: 46.3
Epoch 37/100 | Batch 8600/21973 | Loss: 1.1681 | BPB: 1.6853 | LR: 0.000010 | ms/batch: 46.3
Epoch 37/100 | Batch 8700/21973 | Loss: 1.1681 | BPB: 1.6853 | LR: 0.000010 | ms/batch: 46.3
Epoch 37/100 | Batch 8800/21973 | Loss: 1.1681 | BPB: 1.6853 | LR: 0.000010 | ms/batch: 46.3
Epoch 37/100 | Batch 8900/21973 | Loss: 1.1682 | BPB: 1.6853 | LR: 0.000010 | ms/batch: 46.3
Epoch 37/100 | Batch 9000/21973 | Loss: 1.1682 | BPB: 1.6853 | LR: 0.000010 | ms/batch: 46.3
Epoch 37/100 | Batch 9100/21973 | Loss: 1.1682 | BPB: 1.6854 | LR: 0.000010 | ms/batch: 46.3
Epoch 37/100 | Batch 9200/21973 | Loss: 1.1682 | BPB: 1.6854 | LR: 0.000010 | ms/batch: 46.3
Epoch 37/100 | Batch 9300/21973 | Loss: 1.1682 | BPB: 1.6854 | LR: 0.000010 | ms/batch: 46.3
Epoch 37/100 | Batch 9400/21973 | Loss: 1.1682 | BPB: 1.6854 | LR: 0.000010 | ms/batch: 46.3
Epoch 37/100 | Batch 9500/21973 | Loss: 1.1682 | BPB: 1.6854 | LR: 0.000010 | ms/batch: 46.3
Epoch 37/100 | Batch 9600/21973 | Loss: 1.1682 | BPB: 1.6854 | LR: 0.000010 | ms/batch: 46.3
Epoch 37/100 | Batch 9700/21973 | Loss: 1.1682 | BPB: 1.6854 | LR: 0.000010 | ms/batch: 46.3
Epoch 37/100 | Batch 9800/21973 | Loss: 1.1682 | BPB: 1.6854 | LR: 0.000010 | ms/batch: 46.3
Epoch 37/100 | Batch 9900/21973 | Loss: 1.1682 | BPB: 1.6854 | LR: 0.000010 | ms/batch: 46.3
Epoch 37/100 | Batch 10000/21973 | Loss: 1.1682 | BPB: 1.6853 | LR: 0.000010 | ms/batch: 46.3
Warning: Invalid gradient norm detected: inf
