2025-05-30 08:19:40,229 | INFO | Using device: cuda
2025-05-30 08:19:42,682 | INFO | Model parameters: 19,177,728
2025-05-30 08:19:42,683 | INFO | Loading training data...
2025-05-30 08:19:48,359 | INFO | Starting training...
2025-05-30 08:25:22,761 | INFO | Using device: cuda
2025-05-30 08:25:25,171 | INFO | Model parameters: 19,177,728
2025-05-30 08:25:25,171 | INFO | Loading training data...
2025-05-30 08:25:30,805 | INFO | Starting training...
2025-05-30 08:28:05,140 | INFO | Using device: cuda
2025-05-30 08:28:07,574 | INFO | Model parameters: 19,177,728
2025-05-30 08:28:07,574 | INFO | Loading training data...
2025-05-30 08:28:13,201 | INFO | Starting training...
2025-05-30 08:31:54,191 | INFO | Using device: cuda
2025-05-30 08:31:56,611 | INFO | Model parameters: 19,177,728
2025-05-30 08:31:56,611 | INFO | Loading training data...
2025-05-30 08:32:02,473 | INFO | Starting training...
2025-05-30 08:33:27,107 | INFO | Using device: cuda
2025-05-30 08:33:29,508 | INFO | Model parameters: 19,177,728
2025-05-30 08:33:29,508 | INFO | Loading training data...
2025-05-30 08:33:35,240 | INFO | Starting training...
2025-05-30 08:33:40,260 | INFO | Train batch     0/10986 | ms/batch 5019.21 | bpb  0.02 | ppl     1.01
2025-05-30 08:34:00,071 | INFO | Train batch   100/10986 | ms/batch 245.84 | bpb  0.02 | ppl     1.01
2025-05-30 08:34:20,113 | INFO | Train batch   200/10986 | ms/batch 223.24 | bpb  0.02 | ppl     1.01
2025-05-30 08:34:40,266 | INFO | Train batch   300/10986 | ms/batch 216.03 | bpb  0.02 | ppl     1.01
2025-05-30 08:35:00,485 | INFO | Train batch   400/10986 | ms/batch 212.58 | bpb  0.02 | ppl     1.01
2025-05-30 08:35:20,790 | INFO | Train batch   500/10986 | ms/batch 210.68 | bpb  0.02 | ppl     1.01
2025-05-30 08:35:41,120 | INFO | Train batch   600/10986 | ms/batch 209.45 | bpb  0.02 | ppl     1.01
2025-05-30 08:36:01,507 | INFO | Train batch   700/10986 | ms/batch 208.65 | bpb  0.02 | ppl     1.01
2025-05-30 08:36:21,856 | INFO | Train batch   800/10986 | ms/batch 208.01 | bpb  0.02 | ppl     1.01
2025-05-30 08:37:00,990 | INFO | Using device: cuda
2025-05-30 08:37:03,496 | INFO | Model parameters: 19,177,728
2025-05-30 08:37:03,496 | INFO | Loading training data...
2025-05-30 08:37:09,229 | INFO | Starting training...
2025-05-30 08:37:09,230 | INFO | Input shape: torch.Size([16, 511]), Target shape: torch.Size([16, 511])
2025-05-30 08:37:09,231 | INFO | Input range: [10, 226]
2025-05-30 08:37:09,231 | INFO | Target range: [10, 226]
2025-05-30 08:37:14,635 | INFO | Output shape: torch.Size([8176, 256]), Reshaped target shape: torch.Size([8176])
2025-05-30 08:37:14,636 | INFO | Output range: [-5.6015625, 5.48828125]
2025-05-30 08:37:14,636 | INFO | Sample probabilities: max=0.07294634729623795, min=3.9065540477167815e-05
2025-05-30 08:37:14,637 | INFO | Raw loss value: 6.237721920013428
2025-05-30 08:37:14,638 | INFO | Batch 0 loss stats - Mean: -0.0271, Std: 1.1387
2025-05-30 08:37:14,810 | INFO | Gradient norm: 6.7961
2025-05-30 08:37:14,824 | INFO | Train batch     0/10986 | ms/batch 5594.22 | bpb  0.02 | ppl     1.01 | lr 2.25e-11
2025-05-30 08:37:34,357 | INFO | Gradient norm: 6.5640
2025-05-30 08:37:34,366 | INFO | Train batch   100/10986 | ms/batch 248.87 | bpb  0.02 | ppl     1.01 | lr 2.27e-09
2025-05-30 08:37:54,017 | INFO | Gradient norm: 6.8668
2025-05-30 08:37:54,025 | INFO | Train batch   200/10986 | ms/batch 222.86 | bpb  0.02 | ppl     1.01 | lr 4.52e-09
2025-05-30 08:38:13,766 | INFO | Gradient norm: 7.1335
2025-05-30 08:38:13,774 | INFO | Train batch   300/10986 | ms/batch 214.43 | bpb  0.02 | ppl     1.01 | lr 6.77e-09
2025-05-30 08:38:33,541 | INFO | Gradient norm: 6.7739
2025-05-30 08:38:33,549 | INFO | Train batch   400/10986 | ms/batch 210.27 | bpb  0.02 | ppl     1.01 | lr 9.02e-09
2025-05-30 08:38:53,361 | INFO | Gradient norm: 6.9395
2025-05-30 08:38:53,368 | INFO | Train batch   500/10986 | ms/batch 207.86 | bpb  0.02 | ppl     1.01 | lr 1.13e-08
2025-05-30 08:39:13,170 | INFO | Gradient norm: 7.2601
2025-05-30 08:39:13,178 | INFO | Train batch   600/10986 | ms/batch 206.24 | bpb  0.02 | ppl     1.01 | lr 1.35e-08
2025-05-30 08:39:32,997 | INFO | Gradient norm: 7.2144
2025-05-30 08:39:33,005 | INFO | Train batch   700/10986 | ms/batch 205.10 | bpb  0.02 | ppl     1.01 | lr 1.58e-08
2025-05-30 08:39:52,812 | INFO | Gradient norm: 6.9550
2025-05-30 08:39:52,820 | INFO | Train batch   800/10986 | ms/batch 204.23 | bpb  0.02 | ppl     1.01 | lr 1.80e-08
2025-05-30 08:40:12,619 | INFO | Gradient norm: 7.2705
2025-05-30 08:40:12,626 | INFO | Train batch   900/10986 | ms/batch 203.55 | bpb  0.02 | ppl     1.01 | lr 2.03e-08
2025-05-30 08:40:32,429 | INFO | Gradient norm: 6.9000
2025-05-30 08:40:32,437 | INFO | Train batch  1000/10986 | ms/batch 203.00 | bpb  0.02 | ppl     1.01 | lr 2.25e-08
2025-05-30 08:40:52,216 | INFO | Gradient norm: 6.8885
2025-05-30 08:40:52,224 | INFO | Train batch  1100/10986 | ms/batch 202.54 | bpb  0.02 | ppl     1.01 | lr 2.48e-08
2025-05-30 08:41:12,020 | INFO | Gradient norm: 6.8997
2025-05-30 08:41:12,028 | INFO | Train batch  1200/10986 | ms/batch 202.16 | bpb  0.02 | ppl     1.01 | lr 2.70e-08
2025-05-30 08:41:31,820 | INFO | Gradient norm: 6.9484
2025-05-30 08:41:31,828 | INFO | Train batch  1300/10986 | ms/batch 201.84 | bpb  0.02 | ppl     1.01 | lr 2.93e-08
2025-05-30 08:41:51,596 | INFO | Gradient norm: 6.0788
2025-05-30 08:41:51,604 | INFO | Train batch  1400/10986 | ms/batch 201.55 | bpb  0.02 | ppl     1.01 | lr 3.15e-08
2025-05-30 08:42:11,381 | INFO | Gradient norm: 6.5249
2025-05-30 08:42:11,389 | INFO | Train batch  1500/10986 | ms/batch 201.31 | bpb  0.02 | ppl     1.01 | lr 3.38e-08
2025-05-30 08:42:46,073 | INFO | Using device: cuda
2025-05-30 08:42:48,627 | INFO | Model parameters: 19,177,728
2025-05-30 08:42:48,627 | INFO | Loading training data...
2025-05-30 08:44:18,086 | INFO | Using device: cuda
2025-05-30 08:44:20,625 | INFO | Model parameters: 19,177,728
2025-05-30 08:44:20,625 | INFO | Loading training data...
2025-05-30 08:44:26,517 | INFO | Initial learning rate: 0.00e+00
2025-05-30 08:44:26,517 | INFO | Warmup steps: 4000
2025-05-30 08:44:26,517 | INFO | Total steps: 549300
2025-05-30 08:44:26,518 | INFO | Starting training...
2025-05-30 08:44:26,519 | INFO | Input shape: torch.Size([16, 511]), Target shape: torch.Size([16, 511])
2025-05-30 08:44:26,520 | INFO | Input range: [10, 226]
2025-05-30 08:44:26,520 | INFO | Target range: [10, 226]
2025-05-30 08:44:31,830 | INFO | Output shape: torch.Size([8176, 256]), Reshaped target shape: torch.Size([8176])
2025-05-30 08:44:31,832 | INFO | Output range: [-5.41796875, 5.5234375]
2025-05-30 08:44:31,832 | INFO | Sample probabilities: max=0.06419099867343903, min=4.46261401521042e-05
2025-05-30 08:44:31,833 | INFO | Raw loss value: 6.093836784362793
2025-05-30 08:44:31,833 | INFO | Batch 0 loss stats - Mean: -0.0641, Std: 1.1182
2025-05-30 08:44:32,002 | INFO | Gradient norm: 6.8590
2025-05-30 08:44:32,016 | INFO | Train batch     0/10986 | ms/batch 5497.22 | loss 6.0938 | bpb  8.79 | ppl   443.12 | lr 2.25e-11
2025-05-30 08:44:51,526 | INFO | Gradient norm: 6.6789
2025-05-30 08:44:51,534 | INFO | Train batch   100/10986 | ms/batch 247.68 | loss 6.1020 | bpb  8.80 | ppl   446.75 | lr 2.27e-09
2025-05-30 08:45:11,098 | INFO | Gradient norm: 7.0517
2025-05-30 08:45:11,107 | INFO | Train batch   200/10986 | ms/batch 221.83 | loss 6.0950 | bpb  8.79 | ppl   443.62 | lr 4.52e-09
2025-05-30 08:45:30,782 | INFO | Gradient norm: 7.2361
2025-05-30 08:45:30,790 | INFO | Train batch   300/10986 | ms/batch 213.53 | loss 6.0919 | bpb  8.79 | ppl   442.24 | lr 6.77e-09
2025-05-30 08:45:50,510 | INFO | Gradient norm: 6.8787
2025-05-30 08:45:50,518 | INFO | Train batch   400/10986 | ms/batch 209.47 | loss 6.0875 | bpb  8.78 | ppl   440.34 | lr 9.02e-09
2025-05-30 08:46:10,411 | INFO | Gradient norm: 6.9837
2025-05-30 08:46:10,419 | INFO | Train batch   500/10986 | ms/batch 207.39 | loss 6.0802 | bpb  8.77 | ppl   437.10 | lr 1.13e-08
2025-05-30 08:46:30,390 | INFO | Gradient norm: 7.3910
2025-05-30 08:46:30,398 | INFO | Train batch   600/10986 | ms/batch 206.12 | loss 6.0733 | bpb  8.76 | ppl   434.11 | lr 1.35e-08
2025-05-30 08:46:50,397 | INFO | Gradient norm: 7.3454
2025-05-30 08:46:50,405 | INFO | Train batch   700/10986 | ms/batch 205.26 | loss 6.0645 | bpb  8.75 | ppl   430.32 | lr 1.58e-08
2025-05-30 08:47:10,410 | INFO | Gradient norm: 7.0264
2025-05-30 08:47:10,418 | INFO | Train batch   800/10986 | ms/batch 204.62 | loss 6.0570 | bpb  8.74 | ppl   427.09 | lr 1.80e-08
2025-05-30 08:47:30,423 | INFO | Gradient norm: 7.3202
2025-05-30 08:47:30,431 | INFO | Train batch   900/10986 | ms/batch 204.12 | loss 6.0467 | bpb  8.72 | ppl   422.74 | lr 2.03e-08
2025-05-30 08:47:50,430 | INFO | Gradient norm: 7.0611
2025-05-30 08:47:50,438 | INFO | Train batch  1000/10986 | ms/batch 203.72 | loss 6.0357 | bpb  8.71 | ppl   418.08 | lr 2.25e-08
2025-05-30 08:48:10,431 | INFO | Gradient norm: 6.9913
2025-05-30 08:48:10,439 | INFO | Train batch  1100/10986 | ms/batch 203.38 | loss 6.0227 | bpb  8.69 | ppl   412.70 | lr 2.48e-08
2025-05-30 08:48:30,426 | INFO | Gradient norm: 7.0359
2025-05-30 08:48:30,434 | INFO | Train batch  1200/10986 | ms/batch 203.09 | loss 6.0090 | bpb  8.67 | ppl   407.08 | lr 2.70e-08
2025-05-30 08:48:50,425 | INFO | Gradient norm: 7.0326
2025-05-30 08:48:50,433 | INFO | Train batch  1300/10986 | ms/batch 202.85 | loss 5.9945 | bpb  8.65 | ppl   401.21 | lr 2.93e-08
2025-05-30 08:49:10,419 | INFO | Gradient norm: 6.2424
2025-05-30 08:49:10,426 | INFO | Train batch  1400/10986 | ms/batch 202.65 | loss 5.9799 | bpb  8.63 | ppl   395.42 | lr 3.15e-08
2025-05-30 08:49:30,406 | INFO | Gradient norm: 6.6448
2025-05-30 08:49:30,414 | INFO | Train batch  1500/10986 | ms/batch 202.46 | loss 5.9648 | bpb  8.61 | ppl   389.49 | lr 3.38e-08
2025-05-30 08:49:50,403 | INFO | Gradient norm: 6.6034
2025-05-30 08:49:50,411 | INFO | Train batch  1600/10986 | ms/batch 202.31 | loss 5.9479 | bpb  8.58 | ppl   382.96 | lr 3.60e-08
2025-05-30 08:50:10,396 | INFO | Gradient norm: 5.8446
2025-05-30 08:50:10,404 | INFO | Train batch  1700/10986 | ms/batch 202.17 | loss 5.9310 | bpb  8.56 | ppl   376.55 | lr 3.83e-08
2025-05-30 08:50:30,370 | INFO | Gradient norm: 6.2589
2025-05-30 08:50:30,378 | INFO | Train batch  1800/10986 | ms/batch 202.03 | loss 5.9136 | bpb  8.53 | ppl   370.04 | lr 4.05e-08
2025-05-30 08:50:50,363 | INFO | Gradient norm: 6.5867
2025-05-30 08:50:50,371 | INFO | Train batch  1900/10986 | ms/batch 201.92 | loss 5.8945 | bpb  8.50 | ppl   363.05 | lr 4.28e-08
2025-05-30 08:51:10,355 | INFO | Gradient norm: 5.9238
2025-05-30 08:51:10,363 | INFO | Train batch  2000/10986 | ms/batch 201.82 | loss 5.8727 | bpb  8.47 | ppl   355.22 | lr 4.50e-08
2025-05-30 08:51:30,328 | INFO | Gradient norm: 6.4187
2025-05-30 08:51:30,336 | INFO | Train batch  2100/10986 | ms/batch 201.72 | loss 5.8520 | bpb  8.44 | ppl   347.93 | lr 4.73e-08
2025-05-30 08:51:50,307 | INFO | Gradient norm: 5.9940
2025-05-30 08:51:50,315 | INFO | Train batch  2200/10986 | ms/batch 201.63 | loss 5.8298 | bpb  8.41 | ppl   340.29 | lr 4.95e-08
2025-05-30 08:52:10,292 | INFO | Gradient norm: 5.7640
2025-05-30 08:52:10,300 | INFO | Train batch  2300/10986 | ms/batch 201.56 | loss 5.8072 | bpb  8.38 | ppl   332.68 | lr 5.18e-08
2025-05-30 08:52:30,278 | INFO | Gradient norm: 5.7201
2025-05-30 08:52:30,286 | INFO | Train batch  2400/10986 | ms/batch 201.49 | loss 5.7835 | bpb  8.34 | ppl   324.90 | lr 5.40e-08
2025-05-30 08:52:50,254 | INFO | Gradient norm: 5.0095
2025-05-30 08:52:50,262 | INFO | Train batch  2500/10986 | ms/batch 201.42 | loss 5.7590 | bpb  8.31 | ppl   317.03 | lr 5.63e-08
2025-05-30 08:53:10,249 | INFO | Gradient norm: 5.1534
2025-05-30 08:53:10,257 | INFO | Train batch  2600/10986 | ms/batch 201.36 | loss 5.7337 | bpb  8.27 | ppl   309.11 | lr 5.85e-08
2025-05-30 08:53:30,238 | INFO | Gradient norm: 4.9284
2025-05-30 08:53:30,245 | INFO | Train batch  2700/10986 | ms/batch 201.31 | loss 5.7083 | bpb  8.24 | ppl   301.35 | lr 6.08e-08
2025-05-30 08:53:50,212 | INFO | Gradient norm: 4.6962
2025-05-30 08:53:50,219 | INFO | Train batch  2800/10986 | ms/batch 201.25 | loss 5.6840 | bpb  8.20 | ppl   294.11 | lr 6.30e-08
2025-05-30 08:54:10,209 | INFO | Gradient norm: 4.3300
2025-05-30 08:54:10,217 | INFO | Train batch  2900/10986 | ms/batch 201.21 | loss 5.6582 | bpb  8.16 | ppl   286.62 | lr 6.53e-08
2025-05-30 08:54:30,202 | INFO | Gradient norm: 4.3960
2025-05-30 08:54:30,210 | INFO | Train batch  3000/10986 | ms/batch 201.16 | loss 5.6318 | bpb  8.12 | ppl   279.16 | lr 6.75e-08
2025-05-30 08:54:50,182 | INFO | Gradient norm: 4.0410
2025-05-30 08:54:50,190 | INFO | Train batch  3100/10986 | ms/batch 201.12 | loss 5.6061 | bpb  8.09 | ppl   272.08 | lr 6.98e-08
2025-05-30 08:55:10,178 | INFO | Gradient norm: 3.6308
2025-05-30 08:55:10,186 | INFO | Train batch  3200/10986 | ms/batch 201.08 | loss 5.5798 | bpb  8.05 | ppl   265.01 | lr 7.20e-08
2025-05-30 08:55:30,178 | INFO | Gradient norm: 3.5073
2025-05-30 08:55:30,186 | INFO | Train batch  3300/10986 | ms/batch 201.05 | loss 5.5538 | bpb  8.01 | ppl   258.21 | lr 7.43e-08
2025-05-30 08:55:50,151 | INFO | Gradient norm: 3.3579
2025-05-30 08:55:50,159 | INFO | Train batch  3400/10986 | ms/batch 201.01 | loss 5.5282 | bpb  7.98 | ppl   251.69 | lr 7.65e-08
2025-05-30 08:56:10,144 | INFO | Gradient norm: 2.8791
2025-05-30 08:56:10,152 | INFO | Train batch  3500/10986 | ms/batch 200.98 | loss 5.5020 | bpb  7.94 | ppl   245.18 | lr 7.88e-08
2025-05-30 08:56:30,136 | INFO | Gradient norm: 2.8386
2025-05-30 08:56:30,144 | INFO | Train batch  3600/10986 | ms/batch 200.95 | loss 5.4767 | bpb  7.90 | ppl   239.06 | lr 8.10e-08
2025-05-30 08:56:50,107 | INFO | Gradient norm: 2.8289
2025-05-30 08:56:50,115 | INFO | Train batch  3700/10986 | ms/batch 200.92 | loss 5.4515 | bpb  7.86 | ppl   233.11 | lr 8.33e-08
2025-05-30 08:57:10,095 | INFO | Gradient norm: 2.7175
2025-05-30 08:57:10,103 | INFO | Train batch  3800/10986 | ms/batch 200.89 | loss 5.4263 | bpb  7.83 | ppl   227.30 | lr 8.55e-08
2025-05-30 08:57:30,086 | INFO | Gradient norm: 2.4395
2025-05-30 08:57:30,094 | INFO | Train batch  3900/10986 | ms/batch 200.87 | loss 5.4009 | bpb  7.79 | ppl   221.60 | lr 8.78e-08
2025-05-30 08:57:50,055 | INFO | Gradient norm: 2.2233
2025-05-30 08:57:50,063 | INFO | Train batch  4000/10986 | ms/batch 200.84 | loss 5.3753 | bpb  7.75 | ppl   216.01 | lr 9.00e-08
2025-05-30 08:58:10,044 | INFO | Gradient norm: 2.1169
2025-05-30 08:58:10,052 | INFO | Train batch  4100/10986 | ms/batch 200.81 | loss 5.3499 | bpb  7.72 | ppl   210.59 | lr 9.00e-08
2025-05-30 08:58:30,033 | INFO | Gradient norm: 2.0947
2025-05-30 08:58:30,041 | INFO | Train batch  4200/10986 | ms/batch 200.79 | loss 5.3269 | bpb  7.69 | ppl   205.81 | lr 9.00e-08
2025-05-30 08:58:50,005 | INFO | Gradient norm: 1.9570
2025-05-30 08:58:50,013 | INFO | Train batch  4300/10986 | ms/batch 200.77 | loss 5.3033 | bpb  7.65 | ppl   200.99 | lr 9.00e-08
2025-05-30 08:59:09,990 | INFO | Gradient norm: 1.8270
2025-05-30 08:59:09,998 | INFO | Train batch  4400/10986 | ms/batch 200.75 | loss 5.2809 | bpb  7.62 | ppl   196.54 | lr 9.00e-08
2025-05-30 08:59:29,985 | INFO | Gradient norm: 1.7095
2025-05-30 08:59:29,993 | INFO | Train batch  4500/10986 | ms/batch 200.73 | loss 5.2584 | bpb  7.59 | ppl   192.17 | lr 9.00e-08
2025-05-30 08:59:49,956 | INFO | Gradient norm: 1.6994
2025-05-30 08:59:49,964 | INFO | Train batch  4600/10986 | ms/batch 200.71 | loss 5.2359 | bpb  7.55 | ppl   187.90 | lr 9.00e-08
2025-05-30 09:00:09,946 | INFO | Gradient norm: 1.5911
2025-05-30 09:00:09,954 | INFO | Train batch  4700/10986 | ms/batch 200.69 | loss 5.2136 | bpb  7.52 | ppl   183.75 | lr 9.00e-08
2025-05-30 09:00:29,942 | INFO | Gradient norm: 1.6016
2025-05-30 09:00:29,950 | INFO | Train batch  4800/10986 | ms/batch 200.67 | loss 5.1928 | bpb  7.49 | ppl   179.98 | lr 9.00e-08
2025-05-30 09:00:49,915 | INFO | Gradient norm: 1.5574
2025-05-30 09:00:49,923 | INFO | Train batch  4900/10986 | ms/batch 200.65 | loss 5.1709 | bpb  7.46 | ppl   176.07 | lr 9.00e-08
2025-05-30 09:01:09,901 | INFO | Gradient norm: 1.3930
2025-05-30 09:01:09,909 | INFO | Train batch  5000/10986 | ms/batch 200.64 | loss 5.1498 | bpb  7.43 | ppl   172.39 | lr 9.00e-08
2025-05-30 09:01:29,885 | INFO | Gradient norm: 1.3326
2025-05-30 09:01:29,893 | INFO | Train batch  5100/10986 | ms/batch 200.62 | loss 5.1289 | bpb  7.40 | ppl   168.83 | lr 9.00e-08
2025-05-30 09:01:49,867 | INFO | Gradient norm: 1.3661
2025-05-30 09:01:49,875 | INFO | Train batch  5200/10986 | ms/batch 200.61 | loss 5.1079 | bpb  7.37 | ppl   165.32 | lr 9.00e-08
2025-05-30 09:02:09,858 | INFO | Gradient norm: 1.3531
2025-05-30 09:02:09,866 | INFO | Train batch  5300/10986 | ms/batch 200.59 | loss 5.0878 | bpb  7.34 | ppl   162.03 | lr 9.00e-08
2025-05-30 09:02:29,851 | INFO | Gradient norm: 1.2816
2025-05-30 09:02:29,859 | INFO | Train batch  5400/10986 | ms/batch 200.58 | loss 5.0681 | bpb  7.31 | ppl   158.88 | lr 9.00e-08
2025-05-30 09:02:49,823 | INFO | Gradient norm: 1.2721
2025-05-30 09:02:49,831 | INFO | Train batch  5500/10986 | ms/batch 200.57 | loss 5.0487 | bpb  7.28 | ppl   155.81 | lr 9.00e-08
2025-05-30 09:03:09,812 | INFO | Gradient norm: 1.2513
2025-05-30 09:03:09,820 | INFO | Train batch  5600/10986 | ms/batch 200.55 | loss 5.0305 | bpb  7.26 | ppl   153.01 | lr 9.00e-08
2025-05-30 09:03:29,805 | INFO | Gradient norm: 1.1670
2025-05-30 09:03:29,813 | INFO | Train batch  5700/10986 | ms/batch 200.54 | loss 5.0124 | bpb  7.23 | ppl   150.27 | lr 9.00e-08
2025-05-30 09:03:49,776 | INFO | Gradient norm: 1.1711
2025-05-30 09:03:49,784 | INFO | Train batch  5800/10986 | ms/batch 200.53 | loss 4.9946 | bpb  7.21 | ppl   147.61 | lr 9.00e-08
2025-05-30 09:04:09,768 | INFO | Gradient norm: 1.0729
2025-05-30 09:04:09,776 | INFO | Train batch  5900/10986 | ms/batch 200.52 | loss 4.9764 | bpb  7.18 | ppl   144.96 | lr 9.00e-08
2025-05-30 09:04:29,754 | INFO | Gradient norm: 1.0785
2025-05-30 09:04:29,761 | INFO | Train batch  6000/10986 | ms/batch 200.51 | loss 4.9586 | bpb  7.15 | ppl   142.39 | lr 9.00e-08
2025-05-30 09:04:49,725 | INFO | Gradient norm: 1.0784
2025-05-30 09:04:49,733 | INFO | Train batch  6100/10986 | ms/batch 200.49 | loss 4.9420 | bpb  7.13 | ppl   140.05 | lr 9.00e-08
2025-05-30 09:05:09,713 | INFO | Gradient norm: 1.0652
2025-05-30 09:05:09,721 | INFO | Train batch  6200/10986 | ms/batch 200.48 | loss 4.9254 | bpb  7.11 | ppl   137.74 | lr 9.00e-08
2025-05-30 09:05:29,693 | INFO | Gradient norm: 1.0248
2025-05-30 09:05:29,701 | INFO | Train batch  6300/10986 | ms/batch 200.47 | loss 4.9091 | bpb  7.08 | ppl   135.52 | lr 9.00e-08
2025-05-30 09:05:49,664 | INFO | Gradient norm: 1.0252
2025-05-30 09:05:49,672 | INFO | Train batch  6400/10986 | ms/batch 200.46 | loss 4.8934 | bpb  7.06 | ppl   133.40 | lr 9.00e-08
2025-05-30 09:06:09,652 | INFO | Gradient norm: 0.9521
2025-05-30 09:06:09,660 | INFO | Train batch  6500/10986 | ms/batch 200.45 | loss 4.8782 | bpb  7.04 | ppl   131.39 | lr 9.00e-08
2025-05-30 09:06:29,642 | INFO | Gradient norm: 1.1388
2025-05-30 09:06:29,650 | INFO | Train batch  6600/10986 | ms/batch 200.44 | loss 4.8636 | bpb  7.02 | ppl   129.49 | lr 9.00e-08
2025-05-30 09:06:49,611 | INFO | Gradient norm: 0.9967
2025-05-30 09:06:49,619 | INFO | Train batch  6700/10986 | ms/batch 200.43 | loss 4.8486 | bpb  7.00 | ppl   127.57 | lr 9.00e-08
2025-05-30 09:07:09,597 | INFO | Gradient norm: 0.8817
2025-05-30 09:07:09,605 | INFO | Train batch  6800/10986 | ms/batch 200.42 | loss 4.8339 | bpb  6.97 | ppl   125.69 | lr 9.00e-08
2025-05-30 09:07:29,592 | INFO | Gradient norm: 1.0937
2025-05-30 09:07:29,600 | INFO | Train batch  6900/10986 | ms/batch 200.42 | loss 4.8197 | bpb  6.95 | ppl   123.93 | lr 9.00e-08
2025-05-30 09:07:49,565 | INFO | Gradient norm: 0.8818
2025-05-30 09:07:49,573 | INFO | Train batch  7000/10986 | ms/batch 200.41 | loss 4.8065 | bpb  6.93 | ppl   122.31 | lr 9.00e-08
2025-05-30 09:08:09,554 | INFO | Gradient norm: 0.9189
2025-05-30 09:08:09,562 | INFO | Train batch  7100/10986 | ms/batch 200.40 | loss 4.7933 | bpb  6.92 | ppl   120.70 | lr 9.00e-08
2025-05-30 09:08:29,545 | INFO | Gradient norm: 0.9848
2025-05-30 09:08:29,553 | INFO | Train batch  7200/10986 | ms/batch 200.39 | loss 4.7804 | bpb  6.90 | ppl   119.16 | lr 9.00e-08
2025-05-30 09:08:49,518 | INFO | Gradient norm: 0.8884
2025-05-30 09:08:49,526 | INFO | Train batch  7300/10986 | ms/batch 200.38 | loss 4.7674 | bpb  6.88 | ppl   117.62 | lr 9.00e-08
2025-05-30 09:09:09,507 | INFO | Gradient norm: 0.8033
2025-05-30 09:09:09,515 | INFO | Train batch  7400/10986 | ms/batch 200.38 | loss 4.7541 | bpb  6.86 | ppl   116.06 | lr 9.00e-08
2025-05-30 09:09:29,489 | INFO | Gradient norm: 1.0641
2025-05-30 09:09:29,497 | INFO | Train batch  7500/10986 | ms/batch 200.37 | loss 4.7417 | bpb  6.84 | ppl   114.63 | lr 9.00e-08
2025-05-30 09:09:49,460 | INFO | Gradient norm: 0.9878
2025-05-30 09:09:49,468 | INFO | Train batch  7600/10986 | ms/batch 200.36 | loss 4.7297 | bpb  6.82 | ppl   113.26 | lr 9.00e-08
2025-05-30 09:10:09,448 | INFO | Gradient norm: 0.9267
2025-05-30 09:10:09,456 | INFO | Train batch  7700/10986 | ms/batch 200.36 | loss 4.7183 | bpb  6.81 | ppl   111.98 | lr 9.00e-08
2025-05-30 09:10:29,433 | INFO | Gradient norm: 0.9321
2025-05-30 09:10:29,441 | INFO | Train batch  7800/10986 | ms/batch 200.35 | loss 4.7073 | bpb  6.79 | ppl   110.75 | lr 9.00e-08
2025-05-30 09:10:49,401 | INFO | Gradient norm: 0.8481
2025-05-30 09:10:49,409 | INFO | Train batch  7900/10986 | ms/batch 200.34 | loss 4.6956 | bpb  6.77 | ppl   109.46 | lr 9.00e-08
2025-05-30 09:11:09,386 | INFO | Gradient norm: 0.8548
2025-05-30 09:11:09,394 | INFO | Train batch  8000/10986 | ms/batch 200.33 | loss 4.6841 | bpb  6.76 | ppl   108.21 | lr 9.00e-08
2025-05-30 09:11:29,369 | INFO | Gradient norm: 1.0139
2025-05-30 09:11:29,376 | INFO | Train batch  8100/10986 | ms/batch 200.33 | loss 4.6732 | bpb  6.74 | ppl   107.04 | lr 9.00e-08
2025-05-30 09:11:49,337 | INFO | Gradient norm: 0.8227
2025-05-30 09:11:49,344 | INFO | Train batch  8200/10986 | ms/batch 200.32 | loss 4.6622 | bpb  6.73 | ppl   105.87 | lr 9.00e-08
2025-05-30 09:12:09,317 | INFO | Gradient norm: 0.8304
2025-05-30 09:12:09,325 | INFO | Train batch  8300/10986 | ms/batch 200.31 | loss 4.6512 | bpb  6.71 | ppl   104.71 | lr 9.00e-08
2025-05-30 09:12:29,299 | INFO | Gradient norm: 0.9206
2025-05-30 09:12:29,307 | INFO | Train batch  8400/10986 | ms/batch 200.31 | loss 4.6408 | bpb  6.70 | ppl   103.62 | lr 9.00e-08
2025-05-30 09:12:49,265 | INFO | Gradient norm: 0.8728
2025-05-30 09:12:49,273 | INFO | Train batch  8500/10986 | ms/batch 200.30 | loss 4.6313 | bpb  6.68 | ppl   102.64 | lr 9.00e-08
2025-05-30 09:13:09,247 | INFO | Gradient norm: 0.7543
2025-05-30 09:13:09,255 | INFO | Train batch  8600/10986 | ms/batch 200.29 | loss 4.6210 | bpb  6.67 | ppl   101.59 | lr 9.00e-08
2025-05-30 09:13:29,227 | INFO | Gradient norm: 0.7833
2025-05-30 09:13:29,235 | INFO | Train batch  8700/10986 | ms/batch 200.29 | loss 4.6108 | bpb  6.65 | ppl   100.57 | lr 9.00e-08
2025-05-30 09:13:49,195 | INFO | Gradient norm: 0.7793
2025-05-30 09:13:49,203 | INFO | Train batch  8800/10986 | ms/batch 200.28 | loss 4.6006 | bpb  6.64 | ppl    99.55 | lr 9.00e-08
2025-05-30 09:14:09,171 | INFO | Gradient norm: 0.7430
2025-05-30 09:14:09,179 | INFO | Train batch  8900/10986 | ms/batch 200.28 | loss 4.5911 | bpb  6.62 | ppl    98.61 | lr 9.00e-08
2025-05-30 09:14:29,155 | INFO | Gradient norm: 0.7108
2025-05-30 09:14:29,163 | INFO | Train batch  9000/10986 | ms/batch 200.27 | loss 4.5813 | bpb  6.61 | ppl    97.65 | lr 9.00e-08
2025-05-30 09:14:49,121 | INFO | Gradient norm: 0.9281
2025-05-30 09:14:49,129 | INFO | Train batch  9100/10986 | ms/batch 200.26 | loss 4.5719 | bpb  6.60 | ppl    96.72 | lr 9.00e-08
2025-05-30 09:15:09,098 | INFO | Gradient norm: 0.7327
2025-05-30 09:15:09,106 | INFO | Train batch  9200/10986 | ms/batch 200.26 | loss 4.5624 | bpb  6.58 | ppl    95.81 | lr 9.00e-08
2025-05-30 09:15:29,080 | INFO | Gradient norm: 0.7251
2025-05-30 09:15:29,088 | INFO | Train batch  9300/10986 | ms/batch 200.25 | loss 4.5527 | bpb  6.57 | ppl    94.89 | lr 9.00e-08
2025-05-30 09:15:49,044 | INFO | Gradient norm: 0.8167
2025-05-30 09:15:49,052 | INFO | Train batch  9400/10986 | ms/batch 200.25 | loss 4.5437 | bpb  6.56 | ppl    94.04 | lr 9.00e-08
2025-05-30 09:16:09,021 | INFO | Gradient norm: 0.7271
2025-05-30 09:16:09,028 | INFO | Train batch  9500/10986 | ms/batch 200.24 | loss 4.5344 | bpb  6.54 | ppl    93.16 | lr 9.00e-08
2025-05-30 09:16:29,002 | INFO | Gradient norm: 0.7677
2025-05-30 09:16:29,010 | INFO | Train batch  9600/10986 | ms/batch 200.24 | loss 4.5256 | bpb  6.53 | ppl    92.35 | lr 9.00e-08
2025-05-30 09:16:48,971 | INFO | Gradient norm: 0.7912
2025-05-30 09:16:48,979 | INFO | Train batch  9700/10986 | ms/batch 200.23 | loss 4.5167 | bpb  6.52 | ppl    91.53 | lr 9.00e-08
2025-05-30 09:17:08,950 | INFO | Gradient norm: 0.7103
2025-05-30 09:17:08,958 | INFO | Train batch  9800/10986 | ms/batch 200.23 | loss 4.5081 | bpb  6.50 | ppl    90.75 | lr 9.00e-08
2025-05-30 09:17:28,929 | INFO | Gradient norm: 0.6469
2025-05-30 09:17:28,937 | INFO | Train batch  9900/10986 | ms/batch 200.22 | loss 4.4994 | bpb  6.49 | ppl    89.96 | lr 9.00e-08
2025-05-30 09:17:48,898 | INFO | Gradient norm: 0.7026
2025-05-30 09:17:48,905 | INFO | Train batch 10000/10986 | ms/batch 200.22 | loss 4.4909 | bpb  6.48 | ppl    89.21 | lr 9.00e-08
2025-05-30 09:18:08,887 | INFO | Gradient norm: 0.6105
2025-05-30 09:18:08,895 | INFO | Train batch 10100/10986 | ms/batch 200.22 | loss 4.4828 | bpb  6.47 | ppl    88.49 | lr 9.00e-08
2025-05-30 09:18:28,851 | INFO | Gradient norm: 0.6414
2025-05-30 09:18:28,859 | INFO | Train batch 10200/10986 | ms/batch 200.21 | loss 4.4746 | bpb  6.46 | ppl    87.76 | lr 9.00e-08
2025-05-30 09:18:48,826 | INFO | Gradient norm: 0.6721
2025-05-30 09:18:48,834 | INFO | Train batch 10300/10986 | ms/batch 200.21 | loss 4.4666 | bpb  6.44 | ppl    87.06 | lr 9.00e-08
2025-05-30 09:19:08,810 | INFO | Gradient norm: 0.6874
2025-05-30 09:19:08,818 | INFO | Train batch 10400/10986 | ms/batch 200.20 | loss 4.4585 | bpb  6.43 | ppl    86.36 | lr 9.00e-08
2025-05-30 09:19:28,778 | INFO | Gradient norm: 0.6771
2025-05-30 09:19:28,785 | INFO | Train batch 10500/10986 | ms/batch 200.20 | loss 4.4507 | bpb  6.42 | ppl    85.68 | lr 9.00e-08
2025-05-30 09:19:48,755 | INFO | Gradient norm: 0.6961
2025-05-30 09:19:48,763 | INFO | Train batch 10600/10986 | ms/batch 200.19 | loss 4.4433 | bpb  6.41 | ppl    85.06 | lr 9.00e-08
2025-05-30 09:20:08,737 | INFO | Gradient norm: 0.7107
2025-05-30 09:20:08,745 | INFO | Train batch 10700/10986 | ms/batch 200.19 | loss 4.4357 | bpb  6.40 | ppl    84.41 | lr 9.00e-08
2025-05-30 09:20:28,707 | INFO | Gradient norm: 0.7154
2025-05-30 09:20:28,715 | INFO | Train batch 10800/10986 | ms/batch 200.18 | loss 4.4283 | bpb  6.39 | ppl    83.79 | lr 9.00e-08
2025-05-30 09:20:48,685 | INFO | Gradient norm: 0.6021
2025-05-30 09:20:48,693 | INFO | Train batch 10900/10986 | ms/batch 200.18 | loss 4.4210 | bpb  6.38 | ppl    83.18 | lr 9.00e-08
2025-05-30 09:22:18,376 | INFO | Epoch   0 | time: 2271.86s | train bpb  6.37 | valid bpb  0.01
2025-05-30 09:22:19,760 | INFO | Saved new best model with validation bpb:  0.01
2025-05-30 09:22:19,836 | INFO | Input shape: torch.Size([16, 511]), Target shape: torch.Size([16, 511])
2025-05-30 09:22:19,836 | INFO | Input range: [10, 226]
2025-05-30 09:22:19,836 | INFO | Target range: [10, 226]
2025-05-30 09:22:19,873 | INFO | Output shape: torch.Size([8176, 256]), Reshaped target shape: torch.Size([8176])
2025-05-30 09:22:19,874 | INFO | Output range: [-5.7578125, 9.03125]
2025-05-30 09:22:19,874 | INFO | Sample probabilities: max=0.32395774126052856, min=2.7316995328874327e-05
2025-05-30 09:22:19,875 | INFO | Raw loss value: 3.6922237873077393
2025-05-30 09:22:19,875 | INFO | Batch 0 loss stats - Mean: -0.0933, Std: 1.3594
2025-05-30 09:22:20,025 | INFO | Gradient norm: 0.6841
2025-05-30 09:22:20,033 | INFO | Train batch     0/10986 | ms/batch 197.25 | loss 3.6922 | bpb  5.33 | ppl    40.13 | lr 9.00e-08
2025-05-30 09:22:39,944 | INFO | Gradient norm: 0.7807
2025-05-30 09:22:39,952 | INFO | Train batch   100/10986 | ms/batch 199.17 | loss 3.6517 | bpb  5.27 | ppl    38.54 | lr 9.00e-08
2025-05-30 09:22:59,894 | INFO | Gradient norm: 0.6556
2025-05-30 09:22:59,902 | INFO | Train batch   200/10986 | ms/batch 199.34 | loss 3.6389 | bpb  5.25 | ppl    38.05 | lr 9.00e-08
2025-05-30 09:23:19,864 | INFO | Gradient norm: 0.7378
2025-05-30 09:23:19,872 | INFO | Train batch   300/10986 | ms/batch 199.46 | loss 3.6383 | bpb  5.25 | ppl    38.03 | lr 9.00e-08
2025-05-30 09:23:39,821 | INFO | Gradient norm: 0.7135
2025-05-30 09:23:39,828 | INFO | Train batch   400/10986 | ms/batch 199.48 | loss 3.6313 | bpb  5.24 | ppl    37.76 | lr 9.00e-08
2025-05-30 09:23:59,783 | INFO | Gradient norm: 0.6749
2025-05-30 09:23:59,791 | INFO | Train batch   500/10986 | ms/batch 199.51 | loss 3.6168 | bpb  5.22 | ppl    37.22 | lr 9.00e-08
2025-05-30 09:24:19,754 | INFO | Gradient norm: 0.6198
2025-05-30 09:24:19,762 | INFO | Train batch   600/10986 | ms/batch 199.55 | loss 3.6162 | bpb  5.22 | ppl    37.20 | lr 9.00e-08
2025-05-30 09:24:39,706 | INFO | Gradient norm: 0.6927
2025-05-30 09:24:39,714 | INFO | Train batch   700/10986 | ms/batch 199.54 | loss 3.6085 | bpb  5.21 | ppl    36.91 | lr 9.00e-08
2025-05-30 09:24:59,659 | INFO | Gradient norm: 0.6098
2025-05-30 09:24:59,666 | INFO | Train batch   800/10986 | ms/batch 199.54 | loss 3.6076 | bpb  5.20 | ppl    36.88 | lr 9.00e-08
2025-05-30 09:25:19,633 | INFO | Gradient norm: 0.7150
2025-05-30 09:25:19,641 | INFO | Train batch   900/10986 | ms/batch 199.56 | loss 3.6027 | bpb  5.20 | ppl    36.70 | lr 9.00e-08
2025-05-30 09:25:39,584 | INFO | Gradient norm: 0.5722
2025-05-30 09:25:39,592 | INFO | Train batch  1000/10986 | ms/batch 199.56 | loss 3.6003 | bpb  5.19 | ppl    36.61 | lr 9.00e-08
2025-05-30 09:25:59,535 | INFO | Gradient norm: 0.5639
2025-05-30 09:25:59,543 | INFO | Train batch  1100/10986 | ms/batch 199.55 | loss 3.5973 | bpb  5.19 | ppl    36.50 | lr 9.00e-08
2025-05-30 09:26:19,494 | INFO | Gradient norm: 0.6829
2025-05-30 09:26:19,502 | INFO | Train batch  1200/10986 | ms/batch 199.56 | loss 3.5941 | bpb  5.19 | ppl    36.38 | lr 9.00e-08
2025-05-30 09:26:39,453 | INFO | Gradient norm: 0.6681
2025-05-30 09:26:39,461 | INFO | Train batch  1300/10986 | ms/batch 199.56 | loss 3.5921 | bpb  5.18 | ppl    36.31 | lr 9.00e-08
2025-05-30 09:26:59,401 | INFO | Gradient norm: 0.7531
2025-05-30 09:26:59,409 | INFO | Train batch  1400/10986 | ms/batch 199.55 | loss 3.5912 | bpb  5.18 | ppl    36.28 | lr 8.99e-08
2025-05-30 09:27:19,358 | INFO | Gradient norm: 0.7023
2025-05-30 09:27:19,366 | INFO | Train batch  1500/10986 | ms/batch 199.55 | loss 3.5915 | bpb  5.18 | ppl    36.29 | lr 8.99e-08
2025-05-30 09:27:39,316 | INFO | Gradient norm: 0.6256
2025-05-30 09:27:39,324 | INFO | Train batch  1600/10986 | ms/batch 199.56 | loss 3.5892 | bpb  5.18 | ppl    36.21 | lr 8.99e-08
2025-05-30 09:27:59,265 | INFO | Gradient norm: 0.8871
2025-05-30 09:27:59,273 | INFO | Train batch  1700/10986 | ms/batch 199.55 | loss 3.5903 | bpb  5.18 | ppl    36.25 | lr 8.99e-08
2025-05-30 09:28:19,223 | INFO | Gradient norm: 0.5898
2025-05-30 09:28:19,231 | INFO | Train batch  1800/10986 | ms/batch 199.55 | loss 3.5919 | bpb  5.18 | ppl    36.30 | lr 8.99e-08
2025-05-30 09:28:39,191 | INFO | Gradient norm: 0.6337
2025-05-30 09:28:39,199 | INFO | Train batch  1900/10986 | ms/batch 199.56 | loss 3.5915 | bpb  5.18 | ppl    36.29 | lr 8.99e-08
2025-05-30 09:28:59,141 | INFO | Gradient norm: 0.7502
2025-05-30 09:28:59,149 | INFO | Train batch  2000/10986 | ms/batch 199.56 | loss 3.5879 | bpb  5.18 | ppl    36.16 | lr 8.99e-08
2025-05-30 09:29:19,100 | INFO | Gradient norm: 0.6950
2025-05-30 09:29:19,108 | INFO | Train batch  2100/10986 | ms/batch 199.56 | loss 3.5870 | bpb  5.17 | ppl    36.12 | lr 8.99e-08
2025-05-30 09:29:39,064 | INFO | Gradient norm: 0.6314
2025-05-30 09:29:39,072 | INFO | Train batch  2200/10986 | ms/batch 199.56 | loss 3.5849 | bpb  5.17 | ppl    36.05 | lr 8.99e-08
2025-05-30 09:29:59,012 | INFO | Gradient norm: 0.6147
2025-05-30 09:29:59,020 | INFO | Train batch  2300/10986 | ms/batch 199.56 | loss 3.5835 | bpb  5.17 | ppl    36.00 | lr 8.99e-08
2025-05-30 09:30:18,971 | INFO | Gradient norm: 0.5559
2025-05-30 09:30:18,979 | INFO | Train batch  2400/10986 | ms/batch 199.56 | loss 3.5817 | bpb  5.17 | ppl    35.93 | lr 8.99e-08
2025-05-30 09:30:38,931 | INFO | Gradient norm: 0.6306
2025-05-30 09:30:38,939 | INFO | Train batch  2500/10986 | ms/batch 199.56 | loss 3.5794 | bpb  5.16 | ppl    35.85 | lr 8.99e-08
2025-05-30 09:30:58,880 | INFO | Gradient norm: 0.8353
2025-05-30 09:30:58,888 | INFO | Train batch  2600/10986 | ms/batch 199.56 | loss 3.5774 | bpb  5.16 | ppl    35.78 | lr 8.99e-08
2025-05-30 09:31:18,840 | INFO | Gradient norm: 0.5419
2025-05-30 09:31:18,848 | INFO | Train batch  2700/10986 | ms/batch 199.56 | loss 3.5755 | bpb  5.16 | ppl    35.71 | lr 8.99e-08
2025-05-30 09:31:38,802 | INFO | Gradient norm: 0.6210
2025-05-30 09:31:38,809 | INFO | Train batch  2800/10986 | ms/batch 199.56 | loss 3.5751 | bpb  5.16 | ppl    35.70 | lr 8.99e-08
2025-05-30 09:31:58,749 | INFO | Gradient norm: 0.5680
2025-05-30 09:31:58,757 | INFO | Train batch  2900/10986 | ms/batch 199.56 | loss 3.5734 | bpb  5.16 | ppl    35.64 | lr 8.99e-08
2025-05-30 09:32:18,706 | INFO | Gradient norm: 0.6129
2025-05-30 09:32:18,714 | INFO | Train batch  3000/10986 | ms/batch 199.56 | loss 3.5714 | bpb  5.15 | ppl    35.57 | lr 8.99e-08
2025-05-30 09:32:38,669 | INFO | Gradient norm: 0.6207
2025-05-30 09:32:38,676 | INFO | Train batch  3100/10986 | ms/batch 199.56 | loss 3.5705 | bpb  5.15 | ppl    35.53 | lr 8.99e-08
2025-05-30 09:32:58,618 | INFO | Gradient norm: 0.6763
2025-05-30 09:32:58,626 | INFO | Train batch  3200/10986 | ms/batch 199.56 | loss 3.5691 | bpb  5.15 | ppl    35.48 | lr 8.99e-08
2025-05-30 09:33:18,578 | INFO | Gradient norm: 0.7719
2025-05-30 09:33:18,586 | INFO | Train batch  3300/10986 | ms/batch 199.56 | loss 3.5677 | bpb  5.15 | ppl    35.44 | lr 8.99e-08
2025-05-30 09:33:38,539 | INFO | Gradient norm: 0.5723
2025-05-30 09:33:38,547 | INFO | Train batch  3400/10986 | ms/batch 199.56 | loss 3.5676 | bpb  5.15 | ppl    35.43 | lr 8.99e-08
2025-05-30 09:33:58,487 | INFO | Gradient norm: 0.6424
2025-05-30 09:33:58,495 | INFO | Train batch  3500/10986 | ms/batch 199.56 | loss 3.5660 | bpb  5.14 | ppl    35.37 | lr 8.99e-08
2025-05-30 09:34:18,444 | INFO | Gradient norm: 0.6957
2025-05-30 09:34:18,452 | INFO | Train batch  3600/10986 | ms/batch 199.56 | loss 3.5648 | bpb  5.14 | ppl    35.33 | lr 8.99e-08
2025-05-30 09:34:38,405 | INFO | Gradient norm: 0.6178
2025-05-30 09:34:38,413 | INFO | Train batch  3700/10986 | ms/batch 199.56 | loss 3.5641 | bpb  5.14 | ppl    35.31 | lr 8.99e-08
2025-05-30 09:34:58,353 | INFO | Gradient norm: 0.5588
2025-05-30 09:34:58,361 | INFO | Train batch  3800/10986 | ms/batch 199.56 | loss 3.5633 | bpb  5.14 | ppl    35.28 | lr 8.99e-08
2025-05-30 09:35:18,316 | INFO | Gradient norm: 0.6157
2025-05-30 09:35:18,324 | INFO | Train batch  3900/10986 | ms/batch 199.56 | loss 3.5618 | bpb  5.14 | ppl    35.22 | lr 8.99e-08
2025-05-30 09:35:38,274 | INFO | Gradient norm: 0.6285
2025-05-30 09:35:38,282 | INFO | Train batch  4000/10986 | ms/batch 199.56 | loss 3.5601 | bpb  5.14 | ppl    35.17 | lr 8.99e-08
2025-05-30 09:35:58,229 | INFO | Gradient norm: 0.5544
2025-05-30 09:35:58,237 | INFO | Train batch  4100/10986 | ms/batch 199.56 | loss 3.5585 | bpb  5.13 | ppl    35.11 | lr 8.99e-08
2025-05-30 09:36:18,192 | INFO | Gradient norm: 0.6493
2025-05-30 09:36:18,200 | INFO | Train batch  4200/10986 | ms/batch 199.56 | loss 3.5588 | bpb  5.13 | ppl    35.12 | lr 8.99e-08
2025-05-30 09:36:38,141 | INFO | Gradient norm: 0.8135
2025-05-30 09:36:38,148 | INFO | Train batch  4300/10986 | ms/batch 199.56 | loss 3.5578 | bpb  5.13 | ppl    35.08 | lr 8.99e-08
2025-05-30 09:36:58,093 | INFO | Gradient norm: 0.6085
2025-05-30 09:36:58,101 | INFO | Train batch  4400/10986 | ms/batch 199.56 | loss 3.5578 | bpb  5.13 | ppl    35.08 | lr 8.99e-08
2025-05-30 09:37:18,059 | INFO | Gradient norm: 0.6352
2025-05-30 09:37:18,067 | INFO | Train batch  4500/10986 | ms/batch 199.56 | loss 3.5576 | bpb  5.13 | ppl    35.08 | lr 8.99e-08
2025-05-30 09:37:38,005 | INFO | Gradient norm: 0.7611
2025-05-30 09:37:38,013 | INFO | Train batch  4600/10986 | ms/batch 199.56 | loss 3.5570 | bpb  5.13 | ppl    35.06 | lr 8.99e-08
2025-05-30 09:37:57,960 | INFO | Gradient norm: 0.6021
2025-05-30 09:37:57,967 | INFO | Train batch  4700/10986 | ms/batch 199.56 | loss 3.5558 | bpb  5.13 | ppl    35.02 | lr 8.99e-08
2025-05-30 09:38:17,925 | INFO | Gradient norm: 0.6637
2025-05-30 09:38:17,932 | INFO | Train batch  4800/10986 | ms/batch 199.56 | loss 3.5555 | bpb  5.13 | ppl    35.00 | lr 8.99e-08
2025-05-30 09:38:37,871 | INFO | Gradient norm: 0.6053
2025-05-30 09:38:37,879 | INFO | Train batch  4900/10986 | ms/batch 199.56 | loss 3.5538 | bpb  5.13 | ppl    34.95 | lr 8.99e-08
2025-05-30 09:38:57,829 | INFO | Gradient norm: 0.5976
2025-05-30 09:38:57,836 | INFO | Train batch  5000/10986 | ms/batch 199.56 | loss 3.5525 | bpb  5.13 | ppl    34.90 | lr 8.99e-08
2025-05-30 09:39:17,789 | INFO | Gradient norm: 0.5634
2025-05-30 09:39:17,796 | INFO | Train batch  5100/10986 | ms/batch 199.56 | loss 3.5509 | bpb  5.12 | ppl    34.85 | lr 8.99e-08
2025-05-30 09:39:37,735 | INFO | Gradient norm: 0.5987
2025-05-30 09:39:37,743 | INFO | Train batch  5200/10986 | ms/batch 199.56 | loss 3.5491 | bpb  5.12 | ppl    34.78 | lr 8.99e-08
2025-05-30 09:39:57,696 | INFO | Gradient norm: 0.6027
2025-05-30 09:39:57,704 | INFO | Train batch  5300/10986 | ms/batch 199.56 | loss 3.5474 | bpb  5.12 | ppl    34.72 | lr 8.99e-08
2025-05-30 09:40:17,660 | INFO | Gradient norm: 0.6403
2025-05-30 09:40:17,668 | INFO | Train batch  5400/10986 | ms/batch 199.56 | loss 3.5459 | bpb  5.12 | ppl    34.67 | lr 8.99e-08
2025-05-30 09:40:37,606 | INFO | Gradient norm: 0.5524
2025-05-30 09:40:37,614 | INFO | Train batch  5500/10986 | ms/batch 199.56 | loss 3.5444 | bpb  5.11 | ppl    34.62 | lr 8.99e-08
2025-05-30 09:40:57,563 | INFO | Gradient norm: 0.5836
2025-05-30 09:40:57,571 | INFO | Train batch  5600/10986 | ms/batch 199.56 | loss 3.5434 | bpb  5.11 | ppl    34.59 | lr 8.99e-08
2025-05-30 09:41:17,526 | INFO | Gradient norm: 0.6450
2025-05-30 09:41:17,534 | INFO | Train batch  5700/10986 | ms/batch 199.56 | loss 3.5424 | bpb  5.11 | ppl    34.55 | lr 8.99e-08
2025-05-30 09:41:37,472 | INFO | Gradient norm: 0.5708
2025-05-30 09:41:37,479 | INFO | Train batch  5800/10986 | ms/batch 199.56 | loss 3.5413 | bpb  5.11 | ppl    34.51 | lr 8.99e-08
2025-05-30 09:41:57,430 | INFO | Gradient norm: 0.5535
2025-05-30 09:41:57,438 | INFO | Train batch  5900/10986 | ms/batch 199.56 | loss 3.5396 | bpb  5.11 | ppl    34.45 | lr 8.99e-08
2025-05-30 09:42:17,390 | INFO | Gradient norm: 0.5566
2025-05-30 09:42:17,398 | INFO | Train batch  6000/10986 | ms/batch 199.56 | loss 3.5380 | bpb  5.10 | ppl    34.40 | lr 8.99e-08
2025-05-30 09:42:37,335 | INFO | Gradient norm: 0.5830
2025-05-30 09:42:37,343 | INFO | Train batch  6100/10986 | ms/batch 199.56 | loss 3.5369 | bpb  5.10 | ppl    34.36 | lr 8.99e-08
2025-05-30 09:42:57,294 | INFO | Gradient norm: 0.6259
2025-05-30 09:42:57,302 | INFO | Train batch  6200/10986 | ms/batch 199.56 | loss 3.5356 | bpb  5.10 | ppl    34.32 | lr 8.99e-08
2025-05-30 09:43:17,254 | INFO | Gradient norm: 0.5706
2025-05-30 09:43:17,262 | INFO | Train batch  6300/10986 | ms/batch 199.56 | loss 3.5343 | bpb  5.10 | ppl    34.27 | lr 8.99e-08
2025-05-30 09:43:37,203 | INFO | Gradient norm: 0.5479
2025-05-30 09:43:37,211 | INFO | Train batch  6400/10986 | ms/batch 199.56 | loss 3.5331 | bpb  5.10 | ppl    34.23 | lr 8.99e-08
2025-05-30 09:43:57,161 | INFO | Gradient norm: 0.4883
2025-05-30 09:43:57,169 | INFO | Train batch  6500/10986 | ms/batch 199.56 | loss 3.5321 | bpb  5.10 | ppl    34.19 | lr 8.99e-08
2025-05-30 09:44:17,122 | INFO | Gradient norm: 0.7557
2025-05-30 09:44:17,130 | INFO | Train batch  6600/10986 | ms/batch 199.56 | loss 3.5312 | bpb  5.09 | ppl    34.17 | lr 8.99e-08
2025-05-30 09:44:37,072 | INFO | Gradient norm: 0.6447
2025-05-30 09:44:37,079 | INFO | Train batch  6700/10986 | ms/batch 199.56 | loss 3.5300 | bpb  5.09 | ppl    34.12 | lr 8.99e-08
2025-05-30 09:44:57,032 | INFO | Gradient norm: 0.5198
2025-05-30 09:44:57,040 | INFO | Train batch  6800/10986 | ms/batch 199.56 | loss 3.5288 | bpb  5.09 | ppl    34.08 | lr 8.99e-08
2025-05-30 09:45:16,990 | INFO | Gradient norm: 0.6757
2025-05-30 09:45:16,997 | INFO | Train batch  6900/10986 | ms/batch 199.56 | loss 3.5278 | bpb  5.09 | ppl    34.05 | lr 8.99e-08
2025-05-30 09:45:36,941 | INFO | Gradient norm: 0.5627
2025-05-30 09:45:36,949 | INFO | Train batch  7000/10986 | ms/batch 199.56 | loss 3.5273 | bpb  5.09 | ppl    34.03 | lr 8.99e-08
2025-05-30 09:45:56,904 | INFO | Gradient norm: 0.6502
2025-05-30 09:45:56,912 | INFO | Train batch  7100/10986 | ms/batch 199.56 | loss 3.5265 | bpb  5.09 | ppl    34.01 | lr 8.99e-08
2025-05-30 09:46:16,849 | INFO | Gradient norm: 0.6694
2025-05-30 09:46:16,857 | INFO | Train batch  7200/10986 | ms/batch 199.56 | loss 3.5257 | bpb  5.09 | ppl    33.98 | lr 8.99e-08
2025-05-30 09:46:36,798 | INFO | Gradient norm: 0.5738
2025-05-30 09:46:36,806 | INFO | Train batch  7300/10986 | ms/batch 199.56 | loss 3.5246 | bpb  5.08 | ppl    33.94 | lr 8.99e-08
2025-05-30 09:46:56,758 | INFO | Gradient norm: 0.5335
2025-05-30 09:46:56,766 | INFO | Train batch  7400/10986 | ms/batch 199.56 | loss 3.5232 | bpb  5.08 | ppl    33.89 | lr 8.99e-08
2025-05-30 09:47:16,704 | INFO | Gradient norm: 0.7225
2025-05-30 09:47:16,712 | INFO | Train batch  7500/10986 | ms/batch 199.56 | loss 3.5224 | bpb  5.08 | ppl    33.87 | lr 8.98e-08
2025-05-30 09:47:36,656 | INFO | Gradient norm: 0.7231
2025-05-30 09:47:36,664 | INFO | Train batch  7600/10986 | ms/batch 199.56 | loss 3.5216 | bpb  5.08 | ppl    33.84 | lr 8.98e-08
2025-05-30 09:47:56,612 | INFO | Gradient norm: 0.6231
2025-05-30 09:47:56,620 | INFO | Train batch  7700/10986 | ms/batch 199.56 | loss 3.5211 | bpb  5.08 | ppl    33.82 | lr 8.98e-08
2025-05-30 09:48:16,556 | INFO | Gradient norm: 0.6684
2025-05-30 09:48:16,564 | INFO | Train batch  7800/10986 | ms/batch 199.56 | loss 3.5205 | bpb  5.08 | ppl    33.80 | lr 8.98e-08
2025-05-30 09:48:36,502 | INFO | Gradient norm: 0.5900
2025-05-30 09:48:36,510 | INFO | Train batch  7900/10986 | ms/batch 199.55 | loss 3.5195 | bpb  5.08 | ppl    33.77 | lr 8.98e-08
2025-05-30 09:48:56,458 | INFO | Gradient norm: 0.5968
2025-05-30 09:48:56,466 | INFO | Train batch  8000/10986 | ms/batch 199.55 | loss 3.5185 | bpb  5.08 | ppl    33.73 | lr 8.98e-08
2025-05-30 09:49:16,403 | INFO | Gradient norm: 0.7132
2025-05-30 09:49:16,411 | INFO | Train batch  8100/10986 | ms/batch 199.55 | loss 3.5176 | bpb  5.07 | ppl    33.70 | lr 8.98e-08
2025-05-30 09:49:36,348 | INFO | Gradient norm: 0.5360
2025-05-30 09:49:36,356 | INFO | Train batch  8200/10986 | ms/batch 199.55 | loss 3.5166 | bpb  5.07 | ppl    33.67 | lr 8.98e-08
2025-05-30 09:49:56,305 | INFO | Gradient norm: 0.5605
2025-05-30 09:49:56,313 | INFO | Train batch  8300/10986 | ms/batch 199.55 | loss 3.5155 | bpb  5.07 | ppl    33.63 | lr 8.98e-08
2025-05-30 09:50:16,248 | INFO | Gradient norm: 0.6946
2025-05-30 09:50:16,256 | INFO | Train batch  8400/10986 | ms/batch 199.55 | loss 3.5147 | bpb  5.07 | ppl    33.61 | lr 8.98e-08
2025-05-30 09:50:36,190 | INFO | Gradient norm: 0.6707
2025-05-30 09:50:36,198 | INFO | Train batch  8500/10986 | ms/batch 199.55 | loss 3.5145 | bpb  5.07 | ppl    33.60 | lr 8.98e-08
2025-05-30 09:50:56,145 | INFO | Gradient norm: 0.5387
2025-05-30 09:50:56,153 | INFO | Train batch  8600/10986 | ms/batch 199.55 | loss 3.5136 | bpb  5.07 | ppl    33.57 | lr 8.98e-08
2025-05-30 09:51:16,085 | INFO | Gradient norm: 0.5716
2025-05-30 09:51:16,093 | INFO | Train batch  8700/10986 | ms/batch 199.55 | loss 3.5126 | bpb  5.07 | ppl    33.53 | lr 8.98e-08
2025-05-30 09:51:36,027 | INFO | Gradient norm: 0.5525
2025-05-30 09:51:36,035 | INFO | Train batch  8800/10986 | ms/batch 199.55 | loss 3.5115 | bpb  5.07 | ppl    33.50 | lr 8.98e-08
2025-05-30 09:51:55,984 | INFO | Gradient norm: 0.5276
2025-05-30 09:51:55,992 | INFO | Train batch  8900/10986 | ms/batch 199.55 | loss 3.5106 | bpb  5.06 | ppl    33.47 | lr 8.98e-08
2025-05-30 09:52:15,825 | INFO | Gradient norm: 0.4946
2025-05-30 09:52:15,833 | INFO | Train batch  9000/10986 | ms/batch 199.53 | loss 3.5097 | bpb  5.06 | ppl    33.44 | lr 8.98e-08
2025-05-30 09:52:35,587 | INFO | Gradient norm: 0.7571
2025-05-30 09:52:35,595 | INFO | Train batch  9100/10986 | ms/batch 199.51 | loss 3.5087 | bpb  5.06 | ppl    33.41 | lr 8.98e-08
2025-05-30 09:52:55,366 | INFO | Gradient norm: 0.5446
2025-05-30 09:52:55,374 | INFO | Train batch  9200/10986 | ms/batch 199.49 | loss 3.5077 | bpb  5.06 | ppl    33.37 | lr 8.98e-08
2025-05-30 09:53:15,128 | INFO | Gradient norm: 0.5434
2025-05-30 09:53:15,136 | INFO | Train batch  9300/10986 | ms/batch 199.47 | loss 3.5065 | bpb  5.06 | ppl    33.33 | lr 8.98e-08
2025-05-30 09:53:34,889 | INFO | Gradient norm: 0.6161
2025-05-30 09:53:34,897 | INFO | Train batch  9400/10986 | ms/batch 199.45 | loss 3.5056 | bpb  5.06 | ppl    33.30 | lr 8.98e-08
2025-05-30 09:53:54,663 | INFO | Gradient norm: 0.5529
2025-05-30 09:53:54,671 | INFO | Train batch  9500/10986 | ms/batch 199.44 | loss 3.5044 | bpb  5.06 | ppl    33.26 | lr 8.98e-08
2025-05-30 09:54:14,425 | INFO | Gradient norm: 0.5726
2025-05-30 09:54:14,433 | INFO | Train batch  9600/10986 | ms/batch 199.42 | loss 3.5034 | bpb  5.05 | ppl    33.23 | lr 8.98e-08
2025-05-30 09:54:34,188 | INFO | Gradient norm: 0.6570
2025-05-30 09:54:34,196 | INFO | Train batch  9700/10986 | ms/batch 199.40 | loss 3.5022 | bpb  5.05 | ppl    33.19 | lr 8.98e-08
2025-05-30 09:54:53,959 | INFO | Gradient norm: 0.5672
2025-05-30 09:54:53,967 | INFO | Train batch  9800/10986 | ms/batch 199.38 | loss 3.5012 | bpb  5.05 | ppl    33.16 | lr 8.98e-08
2025-05-30 09:55:13,722 | INFO | Gradient norm: 0.5213
2025-05-30 09:55:13,730 | INFO | Train batch  9900/10986 | ms/batch 199.36 | loss 3.5000 | bpb  5.05 | ppl    33.12 | lr 8.98e-08
2025-05-30 09:55:33,494 | INFO | Gradient norm: 0.5513
2025-05-30 09:55:33,502 | INFO | Train batch 10000/10986 | ms/batch 199.35 | loss 3.4990 | bpb  5.05 | ppl    33.08 | lr 8.98e-08
2025-05-30 09:55:53,248 | INFO | Gradient norm: 0.4832
2025-05-30 09:55:53,256 | INFO | Train batch 10100/10986 | ms/batch 199.33 | loss 3.4980 | bpb  5.05 | ppl    33.05 | lr 8.98e-08
2025-05-30 09:56:13,008 | INFO | Gradient norm: 0.4937
2025-05-30 09:56:13,016 | INFO | Train batch 10200/10986 | ms/batch 199.31 | loss 3.4970 | bpb  5.05 | ppl    33.02 | lr 8.98e-08
2025-05-30 09:56:32,784 | INFO | Gradient norm: 0.5323
2025-05-30 09:56:32,792 | INFO | Train batch 10300/10986 | ms/batch 199.30 | loss 3.4961 | bpb  5.04 | ppl    32.99 | lr 8.98e-08
2025-05-30 09:56:52,545 | INFO | Gradient norm: 0.5567
2025-05-30 09:56:52,553 | INFO | Train batch 10400/10986 | ms/batch 199.28 | loss 3.4951 | bpb  5.04 | ppl    32.95 | lr 8.98e-08
2025-05-30 09:57:12,303 | INFO | Gradient norm: 0.5396
2025-05-30 09:57:12,311 | INFO | Train batch 10500/10986 | ms/batch 199.26 | loss 3.4941 | bpb  5.04 | ppl    32.92 | lr 8.98e-08
2025-05-30 09:57:32,077 | INFO | Gradient norm: 0.5568
2025-05-30 09:57:32,085 | INFO | Train batch 10600/10986 | ms/batch 199.25 | loss 3.4934 | bpb  5.04 | ppl    32.90 | lr 8.98e-08
2025-05-30 09:57:51,836 | INFO | Gradient norm: 0.5554
2025-05-30 09:57:51,843 | INFO | Train batch 10700/10986 | ms/batch 199.23 | loss 3.4924 | bpb  5.04 | ppl    32.86 | lr 8.98e-08
2025-05-30 09:58:11,596 | INFO | Gradient norm: 0.5948
2025-05-30 09:58:11,603 | INFO | Train batch 10800/10986 | ms/batch 199.22 | loss 3.4916 | bpb  5.04 | ppl    32.84 | lr 8.98e-08
2025-05-30 09:58:31,368 | INFO | Gradient norm: 0.4457
2025-05-30 09:58:31,376 | INFO | Train batch 10900/10986 | ms/batch 199.21 | loss 3.4908 | bpb  5.04 | ppl    32.81 | lr 8.98e-08
2025-05-30 10:00:00,288 | INFO | Epoch   1 | time: 2260.45s | train bpb  5.03 | valid bpb  0.01
2025-05-30 10:00:01,772 | INFO | Saved new best model with validation bpb:  0.01
2025-05-30 10:00:01,839 | INFO | Input shape: torch.Size([16, 511]), Target shape: torch.Size([16, 511])
2025-05-30 10:00:01,839 | INFO | Input range: [10, 226]
2025-05-30 10:00:01,839 | INFO | Target range: [10, 226]
2025-05-30 10:00:01,876 | INFO | Output shape: torch.Size([8176, 256]), Reshaped target shape: torch.Size([8176])
2025-05-30 10:00:01,877 | INFO | Output range: [-4.953125, 9.3515625]
2025-05-30 10:00:01,877 | INFO | Sample probabilities: max=0.20860400795936584, min=4.560149318422191e-05
2025-05-30 10:00:01,878 | INFO | Raw loss value: 3.4510724544525146
2025-05-30 10:00:01,878 | INFO | Batch 0 loss stats - Mean: -0.1530, Std: 1.3916
2025-05-30 10:00:02,027 | INFO | Gradient norm: 0.5618
2025-05-30 10:00:02,035 | INFO | Train batch     0/10986 | ms/batch 196.02 | loss 3.4511 | bpb  4.98 | ppl    31.53 | lr 8.98e-08
2025-05-30 10:00:21,756 | INFO | Gradient norm: 0.6229
2025-05-30 10:00:21,764 | INFO | Train batch   100/10986 | ms/batch 197.28 | loss 3.4163 | bpb  4.93 | ppl    30.46 | lr 8.98e-08
2025-05-30 10:00:41,493 | INFO | Gradient norm: 0.5469
2025-05-30 10:00:41,501 | INFO | Train batch   200/10986 | ms/batch 197.32 | loss 3.4033 | bpb  4.91 | ppl    30.06 | lr 8.98e-08
2025-05-30 10:01:01,232 | INFO | Gradient norm: 0.6053
2025-05-30 10:01:01,240 | INFO | Train batch   300/10986 | ms/batch 197.35 | loss 3.4063 | bpb  4.91 | ppl    30.15 | lr 8.98e-08
2025-05-30 10:01:20,989 | INFO | Gradient norm: 0.6445
2025-05-30 10:01:20,997 | INFO | Train batch   400/10986 | ms/batch 197.40 | loss 3.4015 | bpb  4.91 | ppl    30.01 | lr 8.98e-08
2025-05-30 10:01:40,733 | INFO | Gradient norm: 0.5415
2025-05-30 10:01:40,741 | INFO | Train batch   500/10986 | ms/batch 197.41 | loss 3.3921 | bpb  4.89 | ppl    29.73 | lr 8.98e-08
2025-05-30 10:02:00,478 | INFO | Gradient norm: 0.4892
2025-05-30 10:02:00,486 | INFO | Train batch   600/10986 | ms/batch 197.42 | loss 3.3922 | bpb  4.89 | ppl    29.73 | lr 8.98e-08
2025-05-30 10:02:20,232 | INFO | Gradient norm: 0.5883
2025-05-30 10:02:20,240 | INFO | Train batch   700/10986 | ms/batch 197.43 | loss 3.3871 | bpb  4.89 | ppl    29.58 | lr 8.97e-08
2025-05-30 10:02:39,975 | INFO | Gradient norm: 0.4988
2025-05-30 10:02:39,983 | INFO | Train batch   800/10986 | ms/batch 197.43 | loss 3.3859 | bpb  4.88 | ppl    29.55 | lr 8.97e-08
2025-05-30 10:02:59,715 | INFO | Gradient norm: 0.5956
2025-05-30 10:02:59,723 | INFO | Train batch   900/10986 | ms/batch 197.43 | loss 3.3829 | bpb  4.88 | ppl    29.46 | lr 8.97e-08
2025-05-30 10:03:19,469 | INFO | Gradient norm: 0.4559
2025-05-30 10:03:19,477 | INFO | Train batch  1000/10986 | ms/batch 197.44 | loss 3.3821 | bpb  4.88 | ppl    29.43 | lr 8.97e-08
2025-05-30 10:03:39,212 | INFO | Gradient norm: 0.5023
2025-05-30 10:03:39,220 | INFO | Train batch  1100/10986 | ms/batch 197.44 | loss 3.3811 | bpb  4.88 | ppl    29.40 | lr 8.97e-08
2025-05-30 10:03:58,954 | INFO | Gradient norm: 0.5738
2025-05-30 10:03:58,962 | INFO | Train batch  1200/10986 | ms/batch 197.44 | loss 3.3797 | bpb  4.88 | ppl    29.36 | lr 8.97e-08
2025-05-30 10:04:18,709 | INFO | Gradient norm: 0.5407
2025-05-30 10:04:18,717 | INFO | Train batch  1300/10986 | ms/batch 197.45 | loss 3.3792 | bpb  4.88 | ppl    29.35 | lr 8.97e-08
2025-05-30 10:04:38,451 | INFO | Gradient norm: 0.5776
2025-05-30 10:04:38,459 | INFO | Train batch  1400/10986 | ms/batch 197.44 | loss 3.3790 | bpb  4.87 | ppl    29.34 | lr 8.97e-08
2025-05-30 10:04:58,191 | INFO | Gradient norm: 0.6081
2025-05-30 10:04:58,199 | INFO | Train batch  1500/10986 | ms/batch 197.44 | loss 3.3796 | bpb  4.88 | ppl    29.36 | lr 8.97e-08
2025-05-30 10:05:17,948 | INFO | Gradient norm: 0.5411
2025-05-30 10:05:17,956 | INFO | Train batch  1600/10986 | ms/batch 197.45 | loss 3.3786 | bpb  4.87 | ppl    29.33 | lr 8.97e-08
2025-05-30 10:05:37,689 | INFO | Gradient norm: 0.7232
2025-05-30 10:05:37,696 | INFO | Train batch  1700/10986 | ms/batch 197.45 | loss 3.3798 | bpb  4.88 | ppl    29.36 | lr 8.97e-08
2025-05-30 10:05:57,428 | INFO | Gradient norm: 0.5072
2025-05-30 10:05:57,436 | INFO | Train batch  1800/10986 | ms/batch 197.44 | loss 3.3817 | bpb  4.88 | ppl    29.42 | lr 8.97e-08
2025-05-30 10:06:17,181 | INFO | Gradient norm: 0.5253
2025-05-30 10:06:17,189 | INFO | Train batch  1900/10986 | ms/batch 197.45 | loss 3.3819 | bpb  4.88 | ppl    29.43 | lr 8.97e-08
2025-05-30 10:06:36,920 | INFO | Gradient norm: 0.6358
2025-05-30 10:06:36,928 | INFO | Train batch  2000/10986 | ms/batch 197.45 | loss 3.3802 | bpb  4.88 | ppl    29.38 | lr 8.97e-08
2025-05-30 10:06:56,663 | INFO | Gradient norm: 0.5762
2025-05-30 10:06:56,671 | INFO | Train batch  2100/10986 | ms/batch 197.45 | loss 3.3797 | bpb  4.88 | ppl    29.36 | lr 8.97e-08
2025-05-30 10:07:16,417 | INFO | Gradient norm: 0.5324
2025-05-30 10:07:16,425 | INFO | Train batch  2200/10986 | ms/batch 197.45 | loss 3.3784 | bpb  4.87 | ppl    29.32 | lr 8.97e-08
2025-05-30 10:07:36,158 | INFO | Gradient norm: 0.5380
2025-05-30 10:07:36,166 | INFO | Train batch  2300/10986 | ms/batch 197.45 | loss 3.3779 | bpb  4.87 | ppl    29.31 | lr 8.97e-08
2025-05-30 10:07:55,900 | INFO | Gradient norm: 0.4925
2025-05-30 10:07:55,907 | INFO | Train batch  2400/10986 | ms/batch 197.45 | loss 3.3770 | bpb  4.87 | ppl    29.28 | lr 8.97e-08
2025-05-30 10:08:15,657 | INFO | Gradient norm: 0.5245
2025-05-30 10:08:15,665 | INFO | Train batch  2500/10986 | ms/batch 197.45 | loss 3.3759 | bpb  4.87 | ppl    29.25 | lr 8.97e-08
2025-05-30 10:08:35,398 | INFO | Gradient norm: 0.7355
2025-05-30 10:08:35,406 | INFO | Train batch  2600/10986 | ms/batch 197.45 | loss 3.3751 | bpb  4.87 | ppl    29.23 | lr 8.97e-08
2025-05-30 10:08:55,142 | INFO | Gradient norm: 0.4652
2025-05-30 10:08:55,150 | INFO | Train batch  2700/10986 | ms/batch 197.45 | loss 3.3741 | bpb  4.87 | ppl    29.20 | lr 8.97e-08
2025-05-30 10:09:14,897 | INFO | Gradient norm: 0.5146
2025-05-30 10:09:14,905 | INFO | Train batch  2800/10986 | ms/batch 197.45 | loss 3.3742 | bpb  4.87 | ppl    29.20 | lr 8.97e-08
2025-05-30 10:09:34,637 | INFO | Gradient norm: 0.4962
2025-05-30 10:09:34,645 | INFO | Train batch  2900/10986 | ms/batch 197.45 | loss 3.3732 | bpb  4.87 | ppl    29.17 | lr 8.97e-08
2025-05-30 10:09:54,377 | INFO | Gradient norm: 0.5289
2025-05-30 10:09:54,385 | INFO | Train batch  3000/10986 | ms/batch 197.45 | loss 3.3722 | bpb  4.87 | ppl    29.14 | lr 8.97e-08
2025-05-30 10:10:14,134 | INFO | Gradient norm: 0.5457
2025-05-30 10:10:14,142 | INFO | Train batch  3100/10986 | ms/batch 197.45 | loss 3.3719 | bpb  4.86 | ppl    29.13 | lr 8.97e-08
2025-05-30 10:10:33,878 | INFO | Gradient norm: 0.6136
2025-05-30 10:10:33,886 | INFO | Train batch  3200/10986 | ms/batch 197.45 | loss 3.3715 | bpb  4.86 | ppl    29.12 | lr 8.97e-08
2025-05-30 10:10:53,633 | INFO | Gradient norm: 0.5997
2025-05-30 10:10:53,641 | INFO | Train batch  3300/10986 | ms/batch 197.46 | loss 3.3709 | bpb  4.86 | ppl    29.11 | lr 8.97e-08
2025-05-30 10:11:13,377 | INFO | Gradient norm: 0.4981
2025-05-30 10:11:13,385 | INFO | Train batch  3400/10986 | ms/batch 197.46 | loss 3.3715 | bpb  4.86 | ppl    29.12 | lr 8.97e-08
2025-05-30 10:11:33,123 | INFO | Gradient norm: 0.5740
2025-05-30 10:11:33,131 | INFO | Train batch  3500/10986 | ms/batch 197.46 | loss 3.3707 | bpb  4.86 | ppl    29.10 | lr 8.97e-08
2025-05-30 10:11:52,883 | INFO | Gradient norm: 0.6068
2025-05-30 10:11:52,891 | INFO | Train batch  3600/10986 | ms/batch 197.46 | loss 3.3699 | bpb  4.86 | ppl    29.08 | lr 8.97e-08
2025-05-30 10:12:12,629 | INFO | Gradient norm: 0.5276
2025-05-30 10:12:12,636 | INFO | Train batch  3700/10986 | ms/batch 197.46 | loss 3.3699 | bpb  4.86 | ppl    29.07 | lr 8.97e-08
2025-05-30 10:12:32,374 | INFO | Gradient norm: 0.4741
2025-05-30 10:12:32,382 | INFO | Train batch  3800/10986 | ms/batch 197.46 | loss 3.3698 | bpb  4.86 | ppl    29.07 | lr 8.97e-08
2025-05-30 10:12:52,130 | INFO | Gradient norm: 0.5264
2025-05-30 10:12:52,138 | INFO | Train batch  3900/10986 | ms/batch 197.46 | loss 3.3691 | bpb  4.86 | ppl    29.05 | lr 8.97e-08
2025-05-30 10:13:11,873 | INFO | Gradient norm: 0.5651
2025-05-30 10:13:11,881 | INFO | Train batch  4000/10986 | ms/batch 197.46 | loss 3.3681 | bpb  4.86 | ppl    29.02 | lr 8.97e-08
2025-05-30 10:13:31,618 | INFO | Gradient norm: 0.4912
2025-05-30 10:13:31,626 | INFO | Train batch  4100/10986 | ms/batch 197.46 | loss 3.3676 | bpb  4.86 | ppl    29.01 | lr 8.96e-08
2025-05-30 10:13:51,374 | INFO | Gradient norm: 0.6152
2025-05-30 10:13:51,382 | INFO | Train batch  4200/10986 | ms/batch 197.46 | loss 3.3685 | bpb  4.86 | ppl    29.04 | lr 8.96e-08
2025-05-30 10:14:11,120 | INFO | Gradient norm: 0.6455
2025-05-30 10:14:11,128 | INFO | Train batch  4300/10986 | ms/batch 197.46 | loss 3.3681 | bpb  4.86 | ppl    29.02 | lr 8.96e-08
2025-05-30 10:14:30,870 | INFO | Gradient norm: 0.5444
2025-05-30 10:14:30,877 | INFO | Train batch  4400/10986 | ms/batch 197.46 | loss 3.3687 | bpb  4.86 | ppl    29.04 | lr 8.96e-08
2025-05-30 10:14:50,628 | INFO | Gradient norm: 0.5608
2025-05-30 10:14:50,636 | INFO | Train batch  4500/10986 | ms/batch 197.47 | loss 3.3694 | bpb  4.86 | ppl    29.06 | lr 8.96e-08
2025-05-30 10:15:10,370 | INFO | Gradient norm: 0.6480
2025-05-30 10:15:10,378 | INFO | Train batch  4600/10986 | ms/batch 197.47 | loss 3.3696 | bpb  4.86 | ppl    29.07 | lr 8.96e-08
2025-05-30 10:15:30,117 | INFO | Gradient norm: 0.5182
2025-05-30 10:15:30,125 | INFO | Train batch  4700/10986 | ms/batch 197.47 | loss 3.3692 | bpb  4.86 | ppl    29.05 | lr 8.96e-08
2025-05-30 10:15:49,868 | INFO | Gradient norm: 0.5827
2025-05-30 10:15:49,876 | INFO | Train batch  4800/10986 | ms/batch 197.47 | loss 3.3693 | bpb  4.86 | ppl    29.06 | lr 8.96e-08
2025-05-30 10:16:09,611 | INFO | Gradient norm: 0.5103
2025-05-30 10:16:09,619 | INFO | Train batch  4900/10986 | ms/batch 197.47 | loss 3.3683 | bpb  4.86 | ppl    29.03 | lr 8.96e-08
2025-05-30 10:16:29,366 | INFO | Gradient norm: 0.5575
2025-05-30 10:16:29,374 | INFO | Train batch  5000/10986 | ms/batch 197.47 | loss 3.3676 | bpb  4.86 | ppl    29.01 | lr 8.96e-08
2025-05-30 10:16:49,109 | INFO | Gradient norm: 0.4932
2025-05-30 10:16:49,117 | INFO | Train batch  5100/10986 | ms/batch 197.47 | loss 3.3668 | bpb  4.86 | ppl    28.99 | lr 8.96e-08
2025-05-30 10:17:08,853 | INFO | Gradient norm: 0.5212
2025-05-30 10:17:08,861 | INFO | Train batch  5200/10986 | ms/batch 197.47 | loss 3.3657 | bpb  4.86 | ppl    28.95 | lr 8.96e-08
2025-05-30 10:17:28,609 | INFO | Gradient norm: 0.4962
2025-05-30 10:17:28,617 | INFO | Train batch  5300/10986 | ms/batch 197.47 | loss 3.3648 | bpb  4.85 | ppl    28.93 | lr 8.96e-08
2025-05-30 10:17:48,352 | INFO | Gradient norm: 0.5818
2025-05-30 10:17:48,359 | INFO | Train batch  5400/10986 | ms/batch 197.47 | loss 3.3640 | bpb  4.85 | ppl    28.90 | lr 8.96e-08
2025-05-30 10:18:08,097 | INFO | Gradient norm: 0.4945
2025-05-30 10:18:08,104 | INFO | Train batch  5500/10986 | ms/batch 197.47 | loss 3.3633 | bpb  4.85 | ppl    28.88 | lr 8.96e-08
2025-05-30 10:18:27,850 | INFO | Gradient norm: 0.4886
2025-05-30 10:18:27,858 | INFO | Train batch  5600/10986 | ms/batch 197.47 | loss 3.3630 | bpb  4.85 | ppl    28.88 | lr 8.96e-08
2025-05-30 10:18:47,593 | INFO | Gradient norm: 0.5777
2025-05-30 10:18:47,601 | INFO | Train batch  5700/10986 | ms/batch 197.47 | loss 3.3626 | bpb  4.85 | ppl    28.86 | lr 8.96e-08
2025-05-30 10:19:07,336 | INFO | Gradient norm: 0.4844
2025-05-30 10:19:07,343 | INFO | Train batch  5800/10986 | ms/batch 197.47 | loss 3.3621 | bpb  4.85 | ppl    28.85 | lr 8.96e-08
2025-05-30 10:19:27,087 | INFO | Gradient norm: 0.4930
2025-05-30 10:19:27,095 | INFO | Train batch  5900/10986 | ms/batch 197.47 | loss 3.3611 | bpb  4.85 | ppl    28.82 | lr 8.96e-08
2025-05-30 10:19:46,828 | INFO | Gradient norm: 0.5040
2025-05-30 10:19:46,836 | INFO | Train batch  6000/10986 | ms/batch 197.47 | loss 3.3604 | bpb  4.85 | ppl    28.80 | lr 8.96e-08
2025-05-30 10:20:06,572 | INFO | Gradient norm: 0.5318
2025-05-30 10:20:06,580 | INFO | Train batch  6100/10986 | ms/batch 197.47 | loss 3.3599 | bpb  4.85 | ppl    28.79 | lr 8.96e-08
2025-05-30 10:20:26,326 | INFO | Gradient norm: 0.6102
2025-05-30 10:20:26,334 | INFO | Train batch  6200/10986 | ms/batch 197.47 | loss 3.3593 | bpb  4.85 | ppl    28.77 | lr 8.96e-08
2025-05-30 10:20:46,067 | INFO | Gradient norm: 0.5007
2025-05-30 10:20:46,075 | INFO | Train batch  6300/10986 | ms/batch 197.47 | loss 3.3587 | bpb  4.85 | ppl    28.75 | lr 8.96e-08
2025-05-30 10:21:05,816 | INFO | Gradient norm: 0.4750
2025-05-30 10:21:05,824 | INFO | Train batch  6400/10986 | ms/batch 197.47 | loss 3.3581 | bpb  4.84 | ppl    28.73 | lr 8.96e-08
2025-05-30 10:21:25,558 | INFO | Gradient norm: 0.4148
2025-05-30 10:21:25,566 | INFO | Train batch  6500/10986 | ms/batch 197.47 | loss 3.3577 | bpb  4.84 | ppl    28.72 | lr 8.96e-08
2025-05-30 10:21:45,299 | INFO | Gradient norm: 0.6377
2025-05-30 10:21:45,306 | INFO | Train batch  6600/10986 | ms/batch 197.47 | loss 3.3575 | bpb  4.84 | ppl    28.72 | lr 8.96e-08
2025-05-30 10:22:05,051 | INFO | Gradient norm: 0.5905
2025-05-30 10:22:05,059 | INFO | Train batch  6700/10986 | ms/batch 197.47 | loss 3.3569 | bpb  4.84 | ppl    28.70 | lr 8.96e-08
2025-05-30 10:22:24,793 | INFO | Gradient norm: 0.4826
2025-05-30 10:22:24,801 | INFO | Train batch  6800/10986 | ms/batch 197.47 | loss 3.3564 | bpb  4.84 | ppl    28.68 | lr 8.96e-08
2025-05-30 10:22:44,533 | INFO | Gradient norm: 0.5879
2025-05-30 10:22:44,541 | INFO | Train batch  6900/10986 | ms/batch 197.46 | loss 3.3560 | bpb  4.84 | ppl    28.67 | lr 8.96e-08
2025-05-30 10:23:04,286 | INFO | Gradient norm: 0.5279
2025-05-30 10:23:04,294 | INFO | Train batch  7000/10986 | ms/batch 197.47 | loss 3.3560 | bpb  4.84 | ppl    28.67 | lr 8.96e-08
2025-05-30 10:23:24,027 | INFO | Gradient norm: 0.5824
2025-05-30 10:23:24,035 | INFO | Train batch  7100/10986 | ms/batch 197.46 | loss 3.3558 | bpb  4.84 | ppl    28.67 | lr 8.95e-08
2025-05-30 10:23:43,769 | INFO | Gradient norm: 0.5851
2025-05-30 10:23:43,776 | INFO | Train batch  7200/10986 | ms/batch 197.46 | loss 3.3555 | bpb  4.84 | ppl    28.66 | lr 8.95e-08
2025-05-30 10:24:03,523 | INFO | Gradient norm: 0.5287
2025-05-30 10:24:03,530 | INFO | Train batch  7300/10986 | ms/batch 197.46 | loss 3.3550 | bpb  4.84 | ppl    28.64 | lr 8.95e-08
2025-05-30 10:24:23,263 | INFO | Gradient norm: 0.4874
2025-05-30 10:24:23,271 | INFO | Train batch  7400/10986 | ms/batch 197.46 | loss 3.3542 | bpb  4.84 | ppl    28.62 | lr 8.95e-08
2025-05-30 10:24:43,002 | INFO | Gradient norm: 0.6273
2025-05-30 10:24:43,010 | INFO | Train batch  7500/10986 | ms/batch 197.46 | loss 3.3540 | bpb  4.84 | ppl    28.62 | lr 8.95e-08
2025-05-30 10:25:02,759 | INFO | Gradient norm: 0.6452
2025-05-30 10:25:02,767 | INFO | Train batch  7600/10986 | ms/batch 197.46 | loss 3.3537 | bpb  4.84 | ppl    28.61 | lr 8.95e-08
2025-05-30 10:25:22,500 | INFO | Gradient norm: 0.5592
2025-05-30 10:25:22,508 | INFO | Train batch  7700/10986 | ms/batch 197.46 | loss 3.3536 | bpb  4.84 | ppl    28.61 | lr 8.95e-08
2025-05-30 10:25:42,244 | INFO | Gradient norm: 0.6034
2025-05-30 10:25:42,252 | INFO | Train batch  7800/10986 | ms/batch 197.46 | loss 3.3535 | bpb  4.84 | ppl    28.60 | lr 8.95e-08
2025-05-30 10:26:01,995 | INFO | Gradient norm: 0.5309
2025-05-30 10:26:02,003 | INFO | Train batch  7900/10986 | ms/batch 197.46 | loss 3.3531 | bpb  4.84 | ppl    28.59 | lr 8.95e-08
2025-05-30 10:26:21,736 | INFO | Gradient norm: 0.5534
2025-05-30 10:26:21,743 | INFO | Train batch  8000/10986 | ms/batch 197.46 | loss 3.3527 | bpb  4.84 | ppl    28.58 | lr 8.95e-08
2025-05-30 10:26:41,487 | INFO | Gradient norm: 0.6340
2025-05-30 10:26:41,494 | INFO | Train batch  8100/10986 | ms/batch 197.46 | loss 3.3522 | bpb  4.84 | ppl    28.57 | lr 8.95e-08
2025-05-30 10:27:01,227 | INFO | Gradient norm: 0.4998
2025-05-30 10:27:01,235 | INFO | Train batch  8200/10986 | ms/batch 197.46 | loss 3.3517 | bpb  4.84 | ppl    28.55 | lr 8.95e-08
2025-05-30 10:27:20,966 | INFO | Gradient norm: 0.4968
2025-05-30 10:27:20,974 | INFO | Train batch  8300/10986 | ms/batch 197.46 | loss 3.3512 | bpb  4.83 | ppl    28.54 | lr 8.95e-08
2025-05-30 10:27:40,719 | INFO | Gradient norm: 0.6334
2025-05-30 10:27:40,727 | INFO | Train batch  8400/10986 | ms/batch 197.46 | loss 3.3509 | bpb  4.83 | ppl    28.53 | lr 8.95e-08
2025-05-30 10:28:00,460 | INFO | Gradient norm: 0.5950
2025-05-30 10:28:00,468 | INFO | Train batch  8500/10986 | ms/batch 197.46 | loss 3.3510 | bpb  4.83 | ppl    28.53 | lr 8.95e-08
2025-05-30 10:28:20,202 | INFO | Gradient norm: 0.5014
2025-05-30 10:28:20,210 | INFO | Train batch  8600/10986 | ms/batch 197.46 | loss 3.3506 | bpb  4.83 | ppl    28.52 | lr 8.95e-08
2025-05-30 10:28:39,955 | INFO | Gradient norm: 0.5094
2025-05-30 10:28:39,963 | INFO | Train batch  8700/10986 | ms/batch 197.46 | loss 3.3501 | bpb  4.83 | ppl    28.51 | lr 8.95e-08
2025-05-30 10:28:59,697 | INFO | Gradient norm: 0.4908
2025-05-30 10:28:59,705 | INFO | Train batch  8800/10986 | ms/batch 197.46 | loss 3.3496 | bpb  4.83 | ppl    28.49 | lr 8.95e-08
2025-05-30 10:29:19,440 | INFO | Gradient norm: 0.4751
2025-05-30 10:29:19,447 | INFO | Train batch  8900/10986 | ms/batch 197.46 | loss 3.3492 | bpb  4.83 | ppl    28.48 | lr 8.95e-08
2025-05-30 10:29:39,194 | INFO | Gradient norm: 0.4532
2025-05-30 10:29:39,202 | INFO | Train batch  9000/10986 | ms/batch 197.46 | loss 3.3487 | bpb  4.83 | ppl    28.47 | lr 8.95e-08
2025-05-30 10:29:58,937 | INFO | Gradient norm: 0.6598
2025-05-30 10:29:58,945 | INFO | Train batch  9100/10986 | ms/batch 197.46 | loss 3.3483 | bpb  4.83 | ppl    28.46 | lr 8.95e-08
2025-05-30 10:30:18,680 | INFO | Gradient norm: 0.5075
2025-05-30 10:30:18,688 | INFO | Train batch  9200/10986 | ms/batch 197.46 | loss 3.3479 | bpb  4.83 | ppl    28.44 | lr 8.95e-08
2025-05-30 10:30:38,431 | INFO | Gradient norm: 0.4840
2025-05-30 10:30:38,439 | INFO | Train batch  9300/10986 | ms/batch 197.46 | loss 3.3472 | bpb  4.83 | ppl    28.42 | lr 8.95e-08
2025-05-30 10:30:58,172 | INFO | Gradient norm: 0.5376
2025-05-30 10:30:58,180 | INFO | Train batch  9400/10986 | ms/batch 197.46 | loss 3.3468 | bpb  4.83 | ppl    28.41 | lr 8.95e-08
2025-05-30 10:31:17,925 | INFO | Gradient norm: 0.5156
2025-05-30 10:31:17,933 | INFO | Train batch  9500/10986 | ms/batch 197.46 | loss 3.3461 | bpb  4.83 | ppl    28.39 | lr 8.95e-08
2025-05-30 10:31:37,667 | INFO | Gradient norm: 0.5048
2025-05-30 10:31:37,674 | INFO | Train batch  9600/10986 | ms/batch 197.46 | loss 3.3456 | bpb  4.83 | ppl    28.38 | lr 8.95e-08
2025-05-30 10:31:57,412 | INFO | Gradient norm: 0.5652
2025-05-30 10:31:57,420 | INFO | Train batch  9700/10986 | ms/batch 197.46 | loss 3.3449 | bpb  4.83 | ppl    28.36 | lr 8.94e-08
2025-05-30 10:32:17,167 | INFO | Gradient norm: 0.5138
2025-05-30 10:32:17,175 | INFO | Train batch  9800/10986 | ms/batch 197.46 | loss 3.3444 | bpb  4.82 | ppl    28.34 | lr 8.94e-08
2025-05-30 10:32:36,908 | INFO | Gradient norm: 0.4854
2025-05-30 10:32:36,916 | INFO | Train batch  9900/10986 | ms/batch 197.46 | loss 3.3437 | bpb  4.82 | ppl    28.32 | lr 8.94e-08
2025-05-30 10:32:56,651 | INFO | Gradient norm: 0.5268
2025-05-30 10:32:56,659 | INFO | Train batch 10000/10986 | ms/batch 197.46 | loss 3.3431 | bpb  4.82 | ppl    28.31 | lr 8.94e-08
2025-05-30 10:33:16,400 | INFO | Gradient norm: 0.4472
2025-05-30 10:33:16,408 | INFO | Train batch 10100/10986 | ms/batch 197.46 | loss 3.3426 | bpb  4.82 | ppl    28.29 | lr 8.94e-08
2025-05-30 10:33:36,141 | INFO | Gradient norm: 0.4490
2025-05-30 10:33:36,149 | INFO | Train batch 10200/10986 | ms/batch 197.46 | loss 3.3421 | bpb  4.82 | ppl    28.28 | lr 8.94e-08
2025-05-30 10:33:55,884 | INFO | Gradient norm: 0.4810
2025-05-30 10:33:55,892 | INFO | Train batch 10300/10986 | ms/batch 197.46 | loss 3.3418 | bpb  4.82 | ppl    28.27 | lr 8.94e-08
2025-05-30 10:34:15,638 | INFO | Gradient norm: 0.5104
2025-05-30 10:34:15,646 | INFO | Train batch 10400/10986 | ms/batch 197.46 | loss 3.3412 | bpb  4.82 | ppl    28.25 | lr 8.94e-08
2025-05-30 10:34:35,383 | INFO | Gradient norm: 0.4996
2025-05-30 10:34:35,391 | INFO | Train batch 10500/10986 | ms/batch 197.46 | loss 3.3407 | bpb  4.82 | ppl    28.24 | lr 8.94e-08
2025-05-30 10:34:55,126 | INFO | Gradient norm: 0.5109
2025-05-30 10:34:55,134 | INFO | Train batch 10600/10986 | ms/batch 197.46 | loss 3.3405 | bpb  4.82 | ppl    28.23 | lr 8.94e-08
2025-05-30 10:35:14,882 | INFO | Gradient norm: 0.5021
2025-05-30 10:35:14,889 | INFO | Train batch 10700/10986 | ms/batch 197.46 | loss 3.3399 | bpb  4.82 | ppl    28.22 | lr 8.94e-08
2025-05-30 10:35:34,623 | INFO | Gradient norm: 0.5643
2025-05-30 10:35:34,631 | INFO | Train batch 10800/10986 | ms/batch 197.46 | loss 3.3396 | bpb  4.82 | ppl    28.21 | lr 8.94e-08
2025-05-30 10:35:54,376 | INFO | Gradient norm: 0.4188
2025-05-30 10:35:54,384 | INFO | Train batch 10900/10986 | ms/batch 197.46 | loss 3.3393 | bpb  4.82 | ppl    28.20 | lr 8.94e-08
2025-05-30 10:37:23,277 | INFO | Epoch   2 | time: 2241.44s | train bpb  4.82 | valid bpb  0.01
2025-05-30 10:37:24,595 | INFO | Saved new best model with validation bpb:  0.01
2025-05-30 10:37:24,658 | INFO | Input shape: torch.Size([16, 511]), Target shape: torch.Size([16, 511])
2025-05-30 10:37:24,658 | INFO | Input range: [10, 226]
2025-05-30 10:37:24,658 | INFO | Target range: [10, 226]
2025-05-30 10:37:24,696 | INFO | Output shape: torch.Size([8176, 256]), Reshaped target shape: torch.Size([8176])
2025-05-30 10:37:24,697 | INFO | Output range: [-5.1328125, 9.4296875]
2025-05-30 10:37:24,697 | INFO | Sample probabilities: max=0.637265145778656, min=3.5865825338987634e-05
2025-05-30 10:37:24,698 | INFO | Raw loss value: 3.3499836921691895
2025-05-30 10:37:24,698 | INFO | Batch 0 loss stats - Mean: -0.1885, Std: 1.3936
2025-05-30 10:37:24,848 | INFO | Gradient norm: 0.5176
2025-05-30 10:37:24,856 | INFO | Train batch     0/10986 | ms/batch 198.42 | loss 3.3500 | bpb  4.83 | ppl    28.50 | lr 8.94e-08
2025-05-30 10:37:44,568 | INFO | Gradient norm: 0.5782
2025-05-30 10:37:44,576 | INFO | Train batch   100/10986 | ms/batch 197.21 | loss 3.3133 | bpb  4.78 | ppl    27.47 | lr 8.94e-08
2025-05-30 10:38:04,307 | INFO | Gradient norm: 0.4914
2025-05-30 10:38:04,315 | INFO | Train batch   200/10986 | ms/batch 197.30 | loss 3.3002 | bpb  4.76 | ppl    27.12 | lr 8.94e-08
2025-05-30 10:38:24,060 | INFO | Gradient norm: 0.5406
2025-05-30 10:38:24,068 | INFO | Train batch   300/10986 | ms/batch 197.38 | loss 3.3033 | bpb  4.77 | ppl    27.20 | lr 8.94e-08
2025-05-30 10:38:43,806 | INFO | Gradient norm: 0.5737
2025-05-30 10:38:43,814 | INFO | Train batch   400/10986 | ms/batch 197.40 | loss 3.2988 | bpb  4.76 | ppl    27.08 | lr 8.94e-08
2025-05-30 10:39:03,551 | INFO | Gradient norm: 0.4938
2025-05-30 10:39:03,559 | INFO | Train batch   500/10986 | ms/batch 197.41 | loss 3.2918 | bpb  4.75 | ppl    26.89 | lr 8.94e-08
2025-05-30 10:39:23,310 | INFO | Gradient norm: 0.4430
2025-05-30 10:39:23,318 | INFO | Train batch   600/10986 | ms/batch 197.44 | loss 3.2919 | bpb  4.75 | ppl    26.90 | lr 8.94e-08
2025-05-30 10:39:43,055 | INFO | Gradient norm: 0.5066
2025-05-30 10:39:43,063 | INFO | Train batch   700/10986 | ms/batch 197.44 | loss 3.2879 | bpb  4.74 | ppl    26.79 | lr 8.94e-08
2025-05-30 10:40:02,802 | INFO | Gradient norm: 0.4619
2025-05-30 10:40:02,810 | INFO | Train batch   800/10986 | ms/batch 197.44 | loss 3.2866 | bpb  4.74 | ppl    26.75 | lr 8.94e-08
2025-05-30 10:40:22,559 | INFO | Gradient norm: 0.5168
2025-05-30 10:40:22,567 | INFO | Train batch   900/10986 | ms/batch 197.46 | loss 3.2841 | bpb  4.74 | ppl    26.68 | lr 8.94e-08
2025-05-30 10:40:42,304 | INFO | Gradient norm: 0.4240
2025-05-30 10:40:42,312 | INFO | Train batch  1000/10986 | ms/batch 197.46 | loss 3.2838 | bpb  4.74 | ppl    26.68 | lr 8.94e-08
2025-05-30 10:41:02,050 | INFO | Gradient norm: 0.4665
2025-05-30 10:41:02,058 | INFO | Train batch  1100/10986 | ms/batch 197.46 | loss 3.2836 | bpb  4.74 | ppl    26.67 | lr 8.93e-08
2025-05-30 10:41:21,804 | INFO | Gradient norm: 0.5305
2025-05-30 10:41:21,812 | INFO | Train batch  1200/10986 | ms/batch 197.46 | loss 3.2829 | bpb  4.74 | ppl    26.65 | lr 8.93e-08
2025-05-30 10:41:41,547 | INFO | Gradient norm: 0.4967
2025-05-30 10:41:41,555 | INFO | Train batch  1300/10986 | ms/batch 197.46 | loss 3.2826 | bpb  4.74 | ppl    26.65 | lr 8.93e-08
2025-05-30 10:42:01,292 | INFO | Gradient norm: 0.5576
2025-05-30 10:42:01,300 | INFO | Train batch  1400/10986 | ms/batch 197.46 | loss 3.2826 | bpb  4.74 | ppl    26.65 | lr 8.93e-08
2025-05-30 10:42:21,044 | INFO | Gradient norm: 0.5401
2025-05-30 10:42:21,051 | INFO | Train batch  1500/10986 | ms/batch 197.46 | loss 3.2832 | bpb  4.74 | ppl    26.66 | lr 8.93e-08
2025-05-30 10:42:40,788 | INFO | Gradient norm: 0.5062
2025-05-30 10:42:40,796 | INFO | Train batch  1600/10986 | ms/batch 197.46 | loss 3.2825 | bpb  4.74 | ppl    26.64 | lr 8.93e-08
2025-05-30 10:43:00,533 | INFO | Gradient norm: 0.6638
2025-05-30 10:43:00,541 | INFO | Train batch  1700/10986 | ms/batch 197.46 | loss 3.2835 | bpb  4.74 | ppl    26.67 | lr 8.93e-08
2025-05-30 10:43:20,286 | INFO | Gradient norm: 0.4859
2025-05-30 10:43:20,294 | INFO | Train batch  1800/10986 | ms/batch 197.47 | loss 3.2854 | bpb  4.74 | ppl    26.72 | lr 8.93e-08
2025-05-30 10:43:40,028 | INFO | Gradient norm: 0.4690
2025-05-30 10:43:40,036 | INFO | Train batch  1900/10986 | ms/batch 197.46 | loss 3.2858 | bpb  4.74 | ppl    26.73 | lr 8.93e-08
2025-05-30 10:43:59,770 | INFO | Gradient norm: 0.5850
2025-05-30 10:43:59,778 | INFO | Train batch  2000/10986 | ms/batch 197.46 | loss 3.2847 | bpb  4.74 | ppl    26.70 | lr 8.93e-08
2025-05-30 10:44:19,524 | INFO | Gradient norm: 0.4919
2025-05-30 10:44:19,532 | INFO | Train batch  2100/10986 | ms/batch 197.47 | loss 3.2842 | bpb  4.74 | ppl    26.69 | lr 8.93e-08
2025-05-30 10:44:39,268 | INFO | Gradient norm: 0.5054
2025-05-30 10:44:39,276 | INFO | Train batch  2200/10986 | ms/batch 197.46 | loss 3.2831 | bpb  4.74 | ppl    26.66 | lr 8.93e-08
2025-05-30 10:44:59,014 | INFO | Gradient norm: 0.4936
2025-05-30 10:44:59,022 | INFO | Train batch  2300/10986 | ms/batch 197.46 | loss 3.2828 | bpb  4.74 | ppl    26.65 | lr 8.93e-08
2025-05-30 10:45:18,769 | INFO | Gradient norm: 0.4659
2025-05-30 10:45:18,777 | INFO | Train batch  2400/10986 | ms/batch 197.47 | loss 3.2822 | bpb  4.74 | ppl    26.64 | lr 8.93e-08
2025-05-30 10:45:38,516 | INFO | Gradient norm: 0.4927
2025-05-30 10:45:38,524 | INFO | Train batch  2500/10986 | ms/batch 197.47 | loss 3.2815 | bpb  4.73 | ppl    26.62 | lr 8.93e-08
2025-05-30 10:45:58,259 | INFO | Gradient norm: 0.6398
2025-05-30 10:45:58,267 | INFO | Train batch  2600/10986 | ms/batch 197.47 | loss 3.2812 | bpb  4.73 | ppl    26.61 | lr 8.93e-08
2025-05-30 10:46:18,014 | INFO | Gradient norm: 0.4362
2025-05-30 10:46:18,022 | INFO | Train batch  2700/10986 | ms/batch 197.47 | loss 3.2805 | bpb  4.73 | ppl    26.59 | lr 8.93e-08
2025-05-30 10:46:37,759 | INFO | Gradient norm: 0.4671
2025-05-30 10:46:37,767 | INFO | Train batch  2800/10986 | ms/batch 197.47 | loss 3.2806 | bpb  4.73 | ppl    26.59 | lr 8.93e-08
2025-05-30 10:46:57,512 | INFO | Gradient norm: 0.4608
2025-05-30 10:46:57,520 | INFO | Train batch  2900/10986 | ms/batch 197.47 | loss 3.2800 | bpb  4.73 | ppl    26.57 | lr 8.93e-08
2025-05-30 10:47:17,256 | INFO | Gradient norm: 0.4915
2025-05-30 10:47:17,264 | INFO | Train batch  3000/10986 | ms/batch 197.47 | loss 3.2793 | bpb  4.73 | ppl    26.56 | lr 8.93e-08
2025-05-30 10:47:37,000 | INFO | Gradient norm: 0.4898
2025-05-30 10:47:37,008 | INFO | Train batch  3100/10986 | ms/batch 197.47 | loss 3.2791 | bpb  4.73 | ppl    26.55 | lr 8.93e-08
2025-05-30 10:47:56,755 | INFO | Gradient norm: 0.5514
2025-05-30 10:47:56,763 | INFO | Train batch  3200/10986 | ms/batch 197.47 | loss 3.2789 | bpb  4.73 | ppl    26.55 | lr 8.93e-08
2025-05-30 10:48:16,499 | INFO | Gradient norm: 0.5439
2025-05-30 10:48:16,507 | INFO | Train batch  3300/10986 | ms/batch 197.47 | loss 3.2786 | bpb  4.73 | ppl    26.54 | lr 8.93e-08
2025-05-30 10:48:36,243 | INFO | Gradient norm: 0.4644
2025-05-30 10:48:36,251 | INFO | Train batch  3400/10986 | ms/batch 197.47 | loss 3.2794 | bpb  4.73 | ppl    26.56 | lr 8.92e-08
2025-05-30 10:48:56,000 | INFO | Gradient norm: 0.5498
2025-05-30 10:48:56,008 | INFO | Train batch  3500/10986 | ms/batch 197.47 | loss 3.2788 | bpb  4.73 | ppl    26.54 | lr 8.92e-08
2025-05-30 10:49:15,744 | INFO | Gradient norm: 0.5654
2025-05-30 10:49:15,752 | INFO | Train batch  3600/10986 | ms/batch 197.47 | loss 3.2780 | bpb  4.73 | ppl    26.52 | lr 8.92e-08
2025-05-30 10:49:35,486 | INFO | Gradient norm: 0.4792
2025-05-30 10:49:35,493 | INFO | Train batch  3700/10986 | ms/batch 197.47 | loss 3.2781 | bpb  4.73 | ppl    26.52 | lr 8.92e-08
2025-05-30 10:49:55,243 | INFO | Gradient norm: 0.4364
2025-05-30 10:49:55,251 | INFO | Train batch  3800/10986 | ms/batch 197.47 | loss 3.2782 | bpb  4.73 | ppl    26.53 | lr 8.92e-08
2025-05-30 10:50:14,990 | INFO | Gradient norm: 0.4631
2025-05-30 10:50:14,998 | INFO | Train batch  3900/10986 | ms/batch 197.47 | loss 3.2777 | bpb  4.73 | ppl    26.51 | lr 8.92e-08
2025-05-30 10:50:34,734 | INFO | Gradient norm: 0.5312
2025-05-30 10:50:34,742 | INFO | Train batch  4000/10986 | ms/batch 197.47 | loss 3.2769 | bpb  4.73 | ppl    26.49 | lr 8.92e-08
2025-05-30 10:50:54,486 | INFO | Gradient norm: 0.4588
2025-05-30 10:50:54,494 | INFO | Train batch  4100/10986 | ms/batch 197.47 | loss 3.2766 | bpb  4.73 | ppl    26.49 | lr 8.92e-08
2025-05-30 10:51:14,228 | INFO | Gradient norm: 0.5894
2025-05-30 10:51:14,236 | INFO | Train batch  4200/10986 | ms/batch 197.47 | loss 3.2777 | bpb  4.73 | ppl    26.52 | lr 8.92e-08
2025-05-30 10:51:33,980 | INFO | Gradient norm: 0.5426
2025-05-30 10:51:33,988 | INFO | Train batch  4300/10986 | ms/batch 197.47 | loss 3.2775 | bpb  4.73 | ppl    26.51 | lr 8.92e-08
2025-05-30 10:51:53,722 | INFO | Gradient norm: 0.5063
2025-05-30 10:51:53,730 | INFO | Train batch  4400/10986 | ms/batch 197.47 | loss 3.2783 | bpb  4.73 | ppl    26.53 | lr 8.92e-08
2025-05-30 10:52:13,465 | INFO | Gradient norm: 0.5322
2025-05-30 10:52:13,473 | INFO | Train batch  4500/10986 | ms/batch 197.47 | loss 3.2791 | bpb  4.73 | ppl    26.55 | lr 8.92e-08
2025-05-30 10:52:33,217 | INFO | Gradient norm: 0.5691
2025-05-30 10:52:33,225 | INFO | Train batch  4600/10986 | ms/batch 197.47 | loss 3.2796 | bpb  4.73 | ppl    26.57 | lr 8.92e-08
2025-05-30 10:52:52,959 | INFO | Gradient norm: 0.4812
2025-05-30 10:52:52,967 | INFO | Train batch  4700/10986 | ms/batch 197.47 | loss 3.2793 | bpb  4.73 | ppl    26.56 | lr 8.92e-08
2025-05-30 10:53:12,698 | INFO | Gradient norm: 0.5050
2025-05-30 10:53:12,706 | INFO | Train batch  4800/10986 | ms/batch 197.47 | loss 3.2795 | bpb  4.73 | ppl    26.56 | lr 8.92e-08
2025-05-30 10:53:32,450 | INFO | Gradient norm: 0.4633
2025-05-30 10:53:32,458 | INFO | Train batch  4900/10986 | ms/batch 197.47 | loss 3.2787 | bpb  4.73 | ppl    26.54 | lr 8.92e-08
2025-05-30 10:53:52,190 | INFO | Gradient norm: 0.5142
2025-05-30 10:53:52,198 | INFO | Train batch  5000/10986 | ms/batch 197.47 | loss 3.2782 | bpb  4.73 | ppl    26.53 | lr 8.92e-08
2025-05-30 10:54:11,932 | INFO | Gradient norm: 0.4910
2025-05-30 10:54:11,940 | INFO | Train batch  5100/10986 | ms/batch 197.47 | loss 3.2776 | bpb  4.73 | ppl    26.51 | lr 8.92e-08
2025-05-30 10:54:31,683 | INFO | Gradient norm: 0.4828
2025-05-30 10:54:31,691 | INFO | Train batch  5200/10986 | ms/batch 197.47 | loss 3.2768 | bpb  4.73 | ppl    26.49 | lr 8.92e-08
2025-05-30 10:54:51,425 | INFO | Gradient norm: 0.4577
2025-05-30 10:54:51,432 | INFO | Train batch  5300/10986 | ms/batch 197.47 | loss 3.2761 | bpb  4.73 | ppl    26.47 | lr 8.92e-08
2025-05-30 10:55:11,165 | INFO | Gradient norm: 0.5329
2025-05-30 10:55:11,173 | INFO | Train batch  5400/10986 | ms/batch 197.47 | loss 3.2755 | bpb  4.73 | ppl    26.46 | lr 8.92e-08
2025-05-30 10:55:30,917 | INFO | Gradient norm: 0.4799
2025-05-30 10:55:30,925 | INFO | Train batch  5500/10986 | ms/batch 197.47 | loss 3.2750 | bpb  4.72 | ppl    26.44 | lr 8.91e-08
2025-05-30 10:55:50,657 | INFO | Gradient norm: 0.4269
2025-05-30 10:55:50,665 | INFO | Train batch  5600/10986 | ms/batch 197.47 | loss 3.2749 | bpb  4.72 | ppl    26.44 | lr 8.91e-08
2025-05-30 10:56:10,410 | INFO | Gradient norm: 0.5299
2025-05-30 10:56:10,418 | INFO | Train batch  5700/10986 | ms/batch 197.47 | loss 3.2747 | bpb  4.72 | ppl    26.43 | lr 8.91e-08
2025-05-30 10:56:30,150 | INFO | Gradient norm: 0.4560
2025-05-30 10:56:30,158 | INFO | Train batch  5800/10986 | ms/batch 197.47 | loss 3.2744 | bpb  4.72 | ppl    26.43 | lr 8.91e-08
2025-05-30 10:56:49,889 | INFO | Gradient norm: 0.4823
2025-05-30 10:56:49,897 | INFO | Train batch  5900/10986 | ms/batch 197.46 | loss 3.2736 | bpb  4.72 | ppl    26.41 | lr 8.91e-08
2025-05-30 10:57:09,641 | INFO | Gradient norm: 0.4557
2025-05-30 10:57:09,649 | INFO | Train batch  6000/10986 | ms/batch 197.47 | loss 3.2732 | bpb  4.72 | ppl    26.39 | lr 8.91e-08
2025-05-30 10:57:29,382 | INFO | Gradient norm: 0.5077
2025-05-30 10:57:29,390 | INFO | Train batch  6100/10986 | ms/batch 197.46 | loss 3.2728 | bpb  4.72 | ppl    26.39 | lr 8.91e-08
2025-05-30 10:57:49,122 | INFO | Gradient norm: 0.5595
2025-05-30 10:57:49,130 | INFO | Train batch  6200/10986 | ms/batch 197.46 | loss 3.2724 | bpb  4.72 | ppl    26.37 | lr 8.91e-08
2025-05-30 10:58:08,875 | INFO | Gradient norm: 0.4695
2025-05-30 10:58:08,883 | INFO | Train batch  6300/10986 | ms/batch 197.46 | loss 3.2720 | bpb  4.72 | ppl    26.37 | lr 8.91e-08
2025-05-30 10:58:28,615 | INFO | Gradient norm: 0.4376
2025-05-30 10:58:28,623 | INFO | Train batch  6400/10986 | ms/batch 197.46 | loss 3.2716 | bpb  4.72 | ppl    26.35 | lr 8.91e-08
2025-05-30 10:58:48,355 | INFO | Gradient norm: 0.3921
2025-05-30 10:58:48,363 | INFO | Train batch  6500/10986 | ms/batch 197.46 | loss 3.2714 | bpb  4.72 | ppl    26.35 | lr 8.91e-08
2025-05-30 10:59:08,339 | INFO | Gradient norm: 0.5721
2025-05-30 10:59:08,352 | INFO | Train batch  6600/10986 | ms/batch 197.50 | loss 3.2713 | bpb  4.72 | ppl    26.35 | lr 8.91e-08
2025-05-30 10:59:28,706 | INFO | Gradient norm: 0.5472
2025-05-30 10:59:28,718 | INFO | Train batch  6700/10986 | ms/batch 197.59 | loss 3.2709 | bpb  4.72 | ppl    26.34 | lr 8.91e-08
2025-05-30 10:59:49,070 | INFO | Gradient norm: 0.4352
2025-05-30 10:59:49,082 | INFO | Train batch  6800/10986 | ms/batch 197.68 | loss 3.2706 | bpb  4.72 | ppl    26.33 | lr 8.91e-08
2025-05-30 11:00:09,442 | INFO | Gradient norm: 0.5353
2025-05-30 11:00:09,454 | INFO | Train batch  6900/10986 | ms/batch 197.77 | loss 3.2704 | bpb  4.72 | ppl    26.32 | lr 8.91e-08
2025-05-30 11:00:29,799 | INFO | Gradient norm: 0.5162
2025-05-30 11:00:29,812 | INFO | Train batch  7000/10986 | ms/batch 197.85 | loss 3.2705 | bpb  4.72 | ppl    26.33 | lr 8.91e-08
2025-05-30 11:00:50,168 | INFO | Gradient norm: 0.5094
2025-05-30 11:00:50,181 | INFO | Train batch  7100/10986 | ms/batch 197.93 | loss 3.2705 | bpb  4.72 | ppl    26.32 | lr 8.91e-08
2025-05-30 11:01:10,526 | INFO | Gradient norm: 0.5169
2025-05-30 11:01:10,539 | INFO | Train batch  7200/10986 | ms/batch 198.01 | loss 3.2703 | bpb  4.72 | ppl    26.32 | lr 8.91e-08
2025-05-30 11:01:30,886 | INFO | Gradient norm: 0.5128
2025-05-30 11:01:30,898 | INFO | Train batch  7300/10986 | ms/batch 198.09 | loss 3.2699 | bpb  4.72 | ppl    26.31 | lr 8.91e-08
2025-05-30 11:01:51,256 | INFO | Gradient norm: 0.4578
2025-05-30 11:01:51,269 | INFO | Train batch  7400/10986 | ms/batch 198.16 | loss 3.2694 | bpb  4.72 | ppl    26.30 | lr 8.90e-08
2025-05-30 11:02:11,613 | INFO | Gradient norm: 0.5997
2025-05-30 11:02:11,625 | INFO | Train batch  7500/10986 | ms/batch 198.24 | loss 3.2693 | bpb  4.72 | ppl    26.29 | lr 8.90e-08
2025-05-30 11:02:31,972 | INFO | Gradient norm: 0.5964
2025-05-30 11:02:31,985 | INFO | Train batch  7600/10986 | ms/batch 198.31 | loss 3.2692 | bpb  4.72 | ppl    26.29 | lr 8.90e-08
2025-05-30 11:02:52,344 | INFO | Gradient norm: 0.5214
2025-05-30 11:02:52,356 | INFO | Train batch  7700/10986 | ms/batch 198.38 | loss 3.2692 | bpb  4.72 | ppl    26.29 | lr 8.90e-08
2025-05-30 11:03:12,703 | INFO | Gradient norm: 0.5507
2025-05-30 11:03:12,715 | INFO | Train batch  7800/10986 | ms/batch 198.44 | loss 3.2691 | bpb  4.72 | ppl    26.29 | lr 8.90e-08
2025-05-30 11:03:33,064 | INFO | Gradient norm: 0.4936
2025-05-30 11:03:33,077 | INFO | Train batch  7900/10986 | ms/batch 198.51 | loss 3.2689 | bpb  4.72 | ppl    26.28 | lr 8.90e-08
2025-05-30 11:03:53,436 | INFO | Gradient norm: 0.5013
2025-05-30 11:03:53,449 | INFO | Train batch  8000/10986 | ms/batch 198.57 | loss 3.2687 | bpb  4.72 | ppl    26.28 | lr 8.90e-08
2025-05-30 11:04:13,798 | INFO | Gradient norm: 0.5747
2025-05-30 11:04:13,810 | INFO | Train batch  8100/10986 | ms/batch 198.64 | loss 3.2683 | bpb  4.72 | ppl    26.27 | lr 8.90e-08
2025-05-30 11:04:34,161 | INFO | Gradient norm: 0.4844
2025-05-30 11:04:34,174 | INFO | Train batch  8200/10986 | ms/batch 198.70 | loss 3.2679 | bpb  4.71 | ppl    26.26 | lr 8.90e-08
2025-05-30 11:04:54,534 | INFO | Gradient norm: 0.4585
2025-05-30 11:04:54,547 | INFO | Train batch  8300/10986 | ms/batch 198.76 | loss 3.2675 | bpb  4.71 | ppl    26.25 | lr 8.90e-08
2025-05-30 11:05:14,896 | INFO | Gradient norm: 0.5797
2025-05-30 11:05:14,909 | INFO | Train batch  8400/10986 | ms/batch 198.82 | loss 3.2674 | bpb  4.71 | ppl    26.24 | lr 8.90e-08
2025-05-30 11:05:35,258 | INFO | Gradient norm: 0.5404
2025-05-30 11:05:35,270 | INFO | Train batch  8500/10986 | ms/batch 198.87 | loss 3.2676 | bpb  4.71 | ppl    26.25 | lr 8.90e-08
2025-05-30 11:05:55,636 | INFO | Gradient norm: 0.4773
2025-05-30 11:05:55,648 | INFO | Train batch  8600/10986 | ms/batch 198.93 | loss 3.2673 | bpb  4.71 | ppl    26.24 | lr 8.90e-08
2025-05-30 11:06:15,997 | INFO | Gradient norm: 0.4706
2025-05-30 11:06:16,009 | INFO | Train batch  8700/10986 | ms/batch 198.98 | loss 3.2670 | bpb  4.71 | ppl    26.23 | lr 8.90e-08
2025-05-30 11:06:36,370 | INFO | Gradient norm: 0.4671
2025-05-30 11:06:36,383 | INFO | Train batch  8800/10986 | ms/batch 199.04 | loss 3.2665 | bpb  4.71 | ppl    26.22 | lr 8.90e-08
2025-05-30 11:06:56,734 | INFO | Gradient norm: 0.4592
2025-05-30 11:06:56,746 | INFO | Train batch  8900/10986 | ms/batch 199.09 | loss 3.2663 | bpb  4.71 | ppl    26.21 | lr 8.90e-08
2025-05-30 11:07:17,099 | INFO | Gradient norm: 0.4161
2025-05-30 11:07:17,112 | INFO | Train batch  9000/10986 | ms/batch 199.14 | loss 3.2660 | bpb  4.71 | ppl    26.21 | lr 8.90e-08
2025-05-30 11:07:37,476 | INFO | Gradient norm: 0.5735
2025-05-30 11:07:37,489 | INFO | Train batch  9100/10986 | ms/batch 199.19 | loss 3.2658 | bpb  4.71 | ppl    26.20 | lr 8.90e-08
2025-05-30 11:07:57,839 | INFO | Gradient norm: 0.4523
2025-05-30 11:07:57,851 | INFO | Train batch  9200/10986 | ms/batch 199.24 | loss 3.2655 | bpb  4.71 | ppl    26.19 | lr 8.90e-08
2025-05-30 11:08:18,200 | INFO | Gradient norm: 0.4429
2025-05-30 11:08:18,212 | INFO | Train batch  9300/10986 | ms/batch 199.29 | loss 3.2650 | bpb  4.71 | ppl    26.18 | lr 8.89e-08
2025-05-30 11:08:38,577 | INFO | Gradient norm: 0.4846
2025-05-30 11:08:38,589 | INFO | Train batch  9400/10986 | ms/batch 199.33 | loss 3.2648 | bpb  4.71 | ppl    26.18 | lr 8.89e-08
2025-05-30 11:08:58,940 | INFO | Gradient norm: 0.4873
2025-05-30 11:08:58,952 | INFO | Train batch  9500/10986 | ms/batch 199.38 | loss 3.2643 | bpb  4.71 | ppl    26.16 | lr 8.89e-08
2025-05-30 11:09:19,306 | INFO | Gradient norm: 0.4685
2025-05-30 11:09:19,318 | INFO | Train batch  9600/10986 | ms/batch 199.42 | loss 3.2638 | bpb  4.71 | ppl    26.15 | lr 8.89e-08
2025-05-30 11:09:39,681 | INFO | Gradient norm: 0.4665
2025-05-30 11:09:39,694 | INFO | Train batch  9700/10986 | ms/batch 199.47 | loss 3.2633 | bpb  4.71 | ppl    26.14 | lr 8.89e-08
2025-05-30 11:10:00,042 | INFO | Gradient norm: 0.4729
2025-05-30 11:10:00,055 | INFO | Train batch  9800/10986 | ms/batch 199.51 | loss 3.2629 | bpb  4.71 | ppl    26.13 | lr 8.89e-08
2025-05-30 11:10:20,409 | INFO | Gradient norm: 0.4622
2025-05-30 11:10:20,421 | INFO | Train batch  9900/10986 | ms/batch 199.55 | loss 3.2624 | bpb  4.71 | ppl    26.11 | lr 8.89e-08
2025-05-30 11:10:40,784 | INFO | Gradient norm: 0.4905
2025-05-30 11:10:40,797 | INFO | Train batch 10000/10986 | ms/batch 199.59 | loss 3.2621 | bpb  4.71 | ppl    26.10 | lr 8.89e-08
2025-05-30 11:11:01,149 | INFO | Gradient norm: 0.4264
2025-05-30 11:11:01,161 | INFO | Train batch 10100/10986 | ms/batch 199.63 | loss 3.2616 | bpb  4.71 | ppl    26.09 | lr 8.89e-08
2025-05-30 11:11:21,516 | INFO | Gradient norm: 0.4276
2025-05-30 11:11:21,528 | INFO | Train batch 10200/10986 | ms/batch 199.67 | loss 3.2613 | bpb  4.71 | ppl    26.08 | lr 8.89e-08
2025-05-30 11:11:41,877 | INFO | Gradient norm: 0.4461
2025-05-30 11:11:41,890 | INFO | Train batch 10300/10986 | ms/batch 199.71 | loss 3.2611 | bpb  4.70 | ppl    26.08 | lr 8.89e-08
2025-05-30 11:12:02,241 | INFO | Gradient norm: 0.4792
2025-05-30 11:12:02,254 | INFO | Train batch 10400/10986 | ms/batch 199.75 | loss 3.2607 | bpb  4.70 | ppl    26.07 | lr 8.89e-08
2025-05-30 11:12:22,619 | INFO | Gradient norm: 0.4890
2025-05-30 11:12:22,632 | INFO | Train batch 10500/10986 | ms/batch 199.79 | loss 3.2604 | bpb  4.70 | ppl    26.06 | lr 8.89e-08
2025-05-30 11:12:42,984 | INFO | Gradient norm: 0.4861
2025-05-30 11:12:42,996 | INFO | Train batch 10600/10986 | ms/batch 199.82 | loss 3.2603 | bpb  4.70 | ppl    26.06 | lr 8.89e-08
2025-05-30 11:13:03,351 | INFO | Gradient norm: 0.4762
2025-05-30 11:13:03,363 | INFO | Train batch 10700/10986 | ms/batch 199.86 | loss 3.2599 | bpb  4.70 | ppl    26.05 | lr 8.89e-08
2025-05-30 11:13:23,727 | INFO | Gradient norm: 0.5423
2025-05-30 11:13:23,740 | INFO | Train batch 10800/10986 | ms/batch 199.90 | loss 3.2597 | bpb  4.70 | ppl    26.04 | lr 8.89e-08
2025-05-30 11:13:44,092 | INFO | Gradient norm: 0.3996
2025-05-30 11:13:44,104 | INFO | Train batch 10900/10986 | ms/batch 199.93 | loss 3.2595 | bpb  4.70 | ppl    26.04 | lr 8.89e-08
2025-05-30 11:15:13,966 | INFO | Epoch   3 | time: 2269.31s | train bpb  4.70 | valid bpb  0.01
2025-05-30 11:15:15,301 | INFO | Saved new best model with validation bpb:  0.01
2025-05-30 11:15:15,361 | INFO | Input shape: torch.Size([16, 511]), Target shape: torch.Size([16, 511])
2025-05-30 11:15:15,361 | INFO | Input range: [10, 226]
2025-05-30 11:15:15,361 | INFO | Target range: [10, 226]
2025-05-30 11:15:15,399 | INFO | Output shape: torch.Size([8176, 256]), Reshaped target shape: torch.Size([8176])
2025-05-30 11:15:15,400 | INFO | Output range: [-4.90625, 9.359375]
2025-05-30 11:15:15,400 | INFO | Sample probabilities: max=0.6775848865509033, min=1.5742567484267056e-05
2025-05-30 11:15:15,401 | INFO | Raw loss value: 3.282691240310669
2025-05-30 11:15:15,401 | INFO | Batch 0 loss stats - Mean: -0.1942, Std: 1.3818
2025-05-30 11:15:15,549 | INFO | Gradient norm: 0.4909
2025-05-30 11:15:15,562 | INFO | Train batch     0/10986 | ms/batch 201.01 | loss 3.2827 | bpb  4.74 | ppl    26.65 | lr 8.89e-08
2025-05-30 11:15:35,925 | INFO | Gradient norm: 0.5500
2025-05-30 11:15:35,937 | INFO | Train batch   100/10986 | ms/batch 203.72 | loss 3.2481 | bpb  4.69 | ppl    25.74 | lr 8.88e-08
2025-05-30 11:15:56,296 | INFO | Gradient norm: 0.4517
2025-05-30 11:15:56,309 | INFO | Train batch   200/10986 | ms/batch 203.72 | loss 3.2350 | bpb  4.67 | ppl    25.41 | lr 8.88e-08
2025-05-30 11:16:16,666 | INFO | Gradient norm: 0.5038
2025-05-30 11:16:16,679 | INFO | Train batch   300/10986 | ms/batch 203.71 | loss 3.2384 | bpb  4.67 | ppl    25.49 | lr 8.88e-08
2025-05-30 11:16:37,045 | INFO | Gradient norm: 0.5123
2025-05-30 11:16:37,057 | INFO | Train batch   400/10986 | ms/batch 203.73 | loss 3.2340 | bpb  4.67 | ppl    25.38 | lr 8.88e-08
2025-05-30 11:16:57,412 | INFO | Gradient norm: 0.4693
2025-05-30 11:16:57,425 | INFO | Train batch   500/10986 | ms/batch 203.72 | loss 3.2283 | bpb  4.66 | ppl    25.24 | lr 8.88e-08
2025-05-30 11:17:17,782 | INFO | Gradient norm: 0.4137
2025-05-30 11:17:17,795 | INFO | Train batch   600/10986 | ms/batch 203.72 | loss 3.2288 | bpb  4.66 | ppl    25.25 | lr 8.88e-08
2025-05-30 11:17:38,162 | INFO | Gradient norm: 0.4775
2025-05-30 11:17:38,175 | INFO | Train batch   700/10986 | ms/batch 203.73 | loss 3.2254 | bpb  4.65 | ppl    25.16 | lr 8.88e-08
2025-05-30 11:17:58,531 | INFO | Gradient norm: 0.4338
2025-05-30 11:17:58,543 | INFO | Train batch   800/10986 | ms/batch 203.72 | loss 3.2242 | bpb  4.65 | ppl    25.13 | lr 8.88e-08
2025-05-30 11:18:18,899 | INFO | Gradient norm: 0.4505
2025-05-30 11:18:18,911 | INFO | Train batch   900/10986 | ms/batch 203.72 | loss 3.2219 | bpb  4.65 | ppl    25.08 | lr 8.88e-08
2025-05-30 11:18:39,277 | INFO | Gradient norm: 0.4128
2025-05-30 11:18:39,289 | INFO | Train batch  1000/10986 | ms/batch 203.72 | loss 3.2219 | bpb  4.65 | ppl    25.08 | lr 8.88e-08
2025-05-30 11:18:59,645 | INFO | Gradient norm: 0.4574
2025-05-30 11:18:59,657 | INFO | Train batch  1100/10986 | ms/batch 203.72 | loss 3.2220 | bpb  4.65 | ppl    25.08 | lr 8.88e-08
2025-05-30 11:19:36,118 | INFO | Using device: cuda
2025-05-30 11:19:38,657 | INFO | Model parameters: 19,177,728
2025-05-30 11:19:38,658 | INFO | Loading training data...
2025-05-30 11:19:44,431 | INFO | Base learning rate: 3.00e-04
2025-05-30 11:19:44,431 | INFO | Minimum learning rate: 1.00e-05
2025-05-30 11:19:44,431 | INFO | Initial learning rate: 0.00e+00
2025-05-30 11:19:44,431 | INFO | Warmup steps: 2000
2025-05-30 11:19:44,431 | INFO | Total steps: 549300
2025-05-30 11:19:44,431 | INFO | Test LR at step 0: 0.00e+00
2025-05-30 11:19:44,431 | INFO | Test LR at step 1000: 1.50e-04
2025-05-30 11:19:44,431 | INFO | Test LR at step 2000: 3.10e-04
2025-05-30 11:19:44,431 | INFO | Test LR at step 274650: 1.61e-04
2025-05-30 11:19:44,431 | INFO | Test LR at step 549299: 1.00e-05
2025-05-30 11:19:44,432 | INFO | Starting training...
2025-05-30 11:19:44,433 | INFO | Input shape: torch.Size([16, 511]), Target shape: torch.Size([16, 511])
2025-05-30 11:19:44,434 | INFO | Input range: [10, 226]
2025-05-30 11:19:44,434 | INFO | Target range: [10, 226]
2025-05-30 11:19:49,262 | INFO | Output shape: torch.Size([8176, 256]), Reshaped target shape: torch.Size([8176])
2025-05-30 11:19:49,263 | INFO | Output range: [-5.71875, 5.44921875]
2025-05-30 11:19:49,263 | INFO | Sample probabilities: max=0.08805162459611893, min=5.454139318317175e-05
2025-05-30 11:19:49,265 | INFO | Raw loss value: 6.455838680267334
2025-05-30 11:19:49,265 | INFO | Batch 0 loss stats - Mean: -0.0491, Std: 1.1582
2025-05-30 11:19:49,440 | INFO | Gradient norm: 6.8968
2025-05-30 11:19:49,460 | INFO | Train batch     0/10986 | ms/batch 5027.11 | loss 6.4558 | bpb  9.31 | ppl   636.41 | lr 0.00e+00
2025-05-30 11:20:09,751 | INFO | Gradient norm: 6.6180
2025-05-30 11:20:09,764 | INFO | Train batch   100/10986 | ms/batch 250.81 | loss 6.4425 | bpb  9.29 | ppl   627.98 | lr 0.00e+00
2025-05-30 11:20:30,067 | INFO | Gradient norm: 7.0063
2025-05-30 11:20:30,080 | INFO | Train batch   200/10986 | ms/batch 227.10 | loss 6.4422 | bpb  9.29 | ppl   627.76 | lr 0.00e+00
2025-05-30 11:20:50,434 | INFO | Gradient norm: 7.1668
2025-05-30 11:20:50,446 | INFO | Train batch   300/10986 | ms/batch 219.31 | loss 6.4425 | bpb  9.29 | ppl   627.96 | lr 0.00e+00
2025-05-30 11:21:10,842 | INFO | Gradient norm: 6.8000
2025-05-30 11:21:10,854 | INFO | Train batch   400/10986 | ms/batch 215.52 | loss 6.4447 | bpb  9.30 | ppl   629.35 | lr 0.00e+00
2025-05-30 11:21:31,245 | INFO | Gradient norm: 6.9911
2025-05-30 11:21:31,257 | INFO | Train batch   500/10986 | ms/batch 213.22 | loss 6.4484 | bpb  9.30 | ppl   631.71 | lr 0.00e+00
2025-05-30 11:21:51,668 | INFO | Gradient norm: 7.4000
2025-05-30 11:21:51,681 | INFO | Train batch   600/10986 | ms/batch 211.73 | loss 6.4485 | bpb  9.30 | ppl   631.76 | lr 0.00e+00
2025-05-30 11:22:12,082 | INFO | Gradient norm: 7.3581
2025-05-30 11:22:12,095 | INFO | Train batch   700/10986 | ms/batch 210.64 | loss 6.4499 | bpb  9.31 | ppl   632.65 | lr 0.00e+00
2025-05-30 11:22:32,508 | INFO | Gradient norm: 7.1013
2025-05-30 11:22:32,520 | INFO | Train batch   800/10986 | ms/batch 209.85 | loss 6.4479 | bpb  9.30 | ppl   631.40 | lr 0.00e+00
2025-05-30 11:22:52,912 | INFO | Gradient norm: 7.4880
2025-05-30 11:22:52,925 | INFO | Train batch   900/10986 | ms/batch 209.20 | loss 6.4486 | bpb  9.30 | ppl   631.81 | lr 0.00e+00
2025-05-30 11:23:13,339 | INFO | Gradient norm: 7.1986
2025-05-30 11:23:13,351 | INFO | Train batch  1000/10986 | ms/batch 208.71 | loss 6.4485 | bpb  9.30 | ppl   631.74 | lr 0.00e+00
2025-05-30 11:23:33,747 | INFO | Gradient norm: 7.1656
2025-05-30 11:23:33,760 | INFO | Train batch  1100/10986 | ms/batch 208.29 | loss 6.4496 | bpb  9.30 | ppl   632.45 | lr 0.00e+00
2025-05-30 11:23:54,165 | INFO | Gradient norm: 7.2830
2025-05-30 11:23:54,177 | INFO | Train batch  1200/10986 | ms/batch 207.95 | loss 6.4500 | bpb  9.31 | ppl   632.68 | lr 0.00e+00
2025-05-30 11:24:14,579 | INFO | Gradient norm: 7.4110
2025-05-30 11:24:14,591 | INFO | Train batch  1300/10986 | ms/batch 207.65 | loss 6.4505 | bpb  9.31 | ppl   633.00 | lr 0.00e+00
2025-05-30 11:24:34,976 | INFO | Gradient norm: 6.4433
2025-05-30 11:24:34,989 | INFO | Train batch  1400/10986 | ms/batch 207.39 | loss 6.4499 | bpb  9.31 | ppl   632.66 | lr 0.00e+00
2025-05-30 11:24:55,390 | INFO | Gradient norm: 6.9491
2025-05-30 11:24:55,402 | INFO | Train batch  1500/10986 | ms/batch 207.17 | loss 6.4493 | bpb  9.30 | ppl   632.23 | lr 0.00e+00
2025-05-30 11:25:15,803 | INFO | Gradient norm: 6.9634
2025-05-30 11:25:15,815 | INFO | Train batch  1600/10986 | ms/batch 206.98 | loss 6.4498 | bpb  9.31 | ppl   632.55 | lr 0.00e+00
2025-05-30 11:25:36,198 | INFO | Gradient norm: 6.3048
2025-05-30 11:25:36,211 | INFO | Train batch  1700/10986 | ms/batch 206.81 | loss 6.4488 | bpb  9.30 | ppl   631.93 | lr 0.00e+00
2025-05-30 11:25:56,611 | INFO | Gradient norm: 6.8447
2025-05-30 11:25:56,623 | INFO | Train batch  1800/10986 | ms/batch 206.66 | loss 6.4477 | bpb  9.30 | ppl   631.28 | lr 0.00e+00
2025-05-30 11:26:17,011 | INFO | Gradient norm: 7.4162
2025-05-30 11:26:17,024 | INFO | Train batch  1900/10986 | ms/batch 206.52 | loss 6.4472 | bpb  9.30 | ppl   630.95 | lr 0.00e+00
2025-05-30 11:26:37,395 | INFO | Gradient norm: 6.7176
2025-05-30 11:26:37,407 | INFO | Train batch  2000/10986 | ms/batch 206.38 | loss 6.4480 | bpb  9.30 | ppl   631.43 | lr 0.00e+00
2025-05-30 11:26:57,795 | INFO | Gradient norm: 7.4399
2025-05-30 11:26:57,807 | INFO | Train batch  2100/10986 | ms/batch 206.27 | loss 6.4473 | bpb  9.30 | ppl   631.01 | lr 0.00e+00
2025-05-30 11:27:18,193 | INFO | Gradient norm: 7.2342
2025-05-30 11:27:18,205 | INFO | Train batch  2200/10986 | ms/batch 206.17 | loss 6.4471 | bpb  9.30 | ppl   630.89 | lr 0.00e+00
                                                                                                                                                                                                                                                                                                                                                                                                                                                                                                                                                                                                                                                                                                                                                                                                                                                                                                                                                                                                                                                                                                                                                                                                                                                                                                                                                                 2025-05-30 11:27:38,577 | INFO | Gradient norm: 7.1116
2025-05-30 11:27:38,589 | INFO | Train batch  2300/10986 | ms/batch 206.07 | loss 6.4471 | bpb  9.30 | ppl   630.87 | lr 0.00e+00
                                                                                                                                                                                          2025-05-30 11:27:58,972 | INFO | Gradient norm: 7.4169
2025-05-30 11:27:58,984 | INFO | Train batch  2400/10986 | ms/batch 205.98 | loss 6.4473 | bpb  9.30 | ppl   631.00 | lr 0.00e+00
2025-05-30 11:28:19,371 | INFO | Gradient norm: 6.5798
2025-05-30 11:28:19,383 | INFO | Train batch  2500/10986 | ms/batch 205.90 | loss 6.4475 | bpb  9.30 | ppl   631.15 | lr 0.00e+00
2025-05-30 11:28:39,771 | INFO | Gradient norm: 7.2074
2025-05-30 11:28:39,783 | INFO | Train batch  2600/10986 | ms/batch 205.82 | loss 6.4477 | bpb  9.30 | ppl   631.24 | lr 0.00e+00
2025-05-30 11:29:00,155 | INFO | Gradient norm: 7.2654
2025-05-30 11:29:00,167 | INFO | Train batch  2700/10986 | ms/batch 205.75 | loss 6.4478 | bpb  9.30 | ppl   631.32 | lr 0.00e+00
2025-05-30 11:29:20,563 | INFO | Gradient norm: 7.2548
2025-05-30 11:29:20,575 | INFO | Train batch  2800/10986 | ms/batch 205.69 | loss 6.4473 | bpb  9.30 | ppl   631.00 | lr 0.00e+00
2025-05-30 11:29:40,964 | INFO | Gradient norm: 7.0501
2025-05-30 11:29:40,976 | INFO | Train batch  2900/10986 | ms/batch 205.63 | loss 6.4470 | bpb  9.30 | ppl   630.78 | lr 0.00e+00
2025-05-30 11:30:03,518 | INFO | Gradient norm: 0.6421
2025-05-30 11:30:03,525 | INFO | Train batch   800/10986 | ms/batch 212.38 | loss 3.2573 | bpb  4.70 | ppl    25.98 | lr 1.20e-04
2025-05-30 11:30:23,968 | INFO | Gradient norm: 0.7617
2025-05-30 11:30:23,976 | INFO | Train batch   900/10986 | ms/batch 211.51 | loss 3.1632 | bpb  4.56 | ppl    23.65 | lr 1.35e-04
2025-05-30 11:30:44,438 | INFO | Gradient norm: 0.7437
2025-05-30 11:30:44,446 | INFO | Train batch  1000/10986 | ms/batch 210.83 | loss 3.0331 | bpb  4.38 | ppl    20.76 | lr 1.50e-04
2025-05-30 11:31:04,912 | INFO | Gradient norm: 0.5214
2025-05-30 11:31:04,920 | INFO | Train batch  1100/10986 | ms/batch 210.28 | loss 2.8837 | bpb  4.16 | ppl    17.88 | lr 1.65e-04
2025-05-30 11:31:25,391 | INFO | Gradient norm: 0.3310
2025-05-30 11:31:25,399 | INFO | Train batch  1200/10986 | ms/batch 209.82 | loss 2.7404 | bpb  3.95 | ppl    15.49 | lr 1.80e-04
2025-05-30 11:31:45,890 | INFO | Gradient norm: 0.2541
2025-05-30 11:31:45,898 | INFO | Train batch  1300/10986 | ms/batch 209.45 | loss 2.6115 | bpb  3.77 | ppl    13.62 | lr 1.95e-04
2025-05-30 11:32:06,350 | INFO | Gradient norm: 0.2270
2025-05-30 11:32:06,358 | INFO | Train batch  1400/10986 | ms/batch 209.10 | loss 2.4968 | bpb  3.60 | ppl    12.14 | lr 2.10e-04
2025-05-30 11:32:26,834 | INFO | Gradient norm: 0.1683
2025-05-30 11:32:26,842 | INFO | Train batch  1500/10986 | ms/batch 208.82 | loss 2.3956 | bpb  3.46 | ppl    10.97 | lr 2.25e-04
2025-05-30 11:32:47,300 | INFO | Gradient norm: 0.1387
2025-05-30 11:32:47,308 | INFO | Train batch  1600/10986 | ms/batch 208.56 | loss 2.3051 | bpb  3.33 | ppl    10.03 | lr 2.40e-04
2025-05-30 11:33:07,789 | INFO | Gradient norm: 0.1631
2025-05-30 11:33:07,797 | INFO | Train batch  1700/10986 | ms/batch 208.34 | loss 2.2249 | bpb  3.21 | ppl     9.25 | lr 2.55e-04
2025-05-30 11:33:28,271 | INFO | Gradient norm: 0.1009
2025-05-30 11:33:28,279 | INFO | Train batch  1800/10986 | ms/batch 208.15 | loss 2.1529 | bpb  3.11 | ppl     8.61 | lr 2.70e-04
2025-05-30 11:33:48,756 | INFO | Gradient norm: 0.0888
2025-05-30 11:33:48,764 | INFO | Train batch  1900/10986 | ms/batch 207.97 | loss 2.0878 | bpb  3.01 | ppl     8.07 | lr 2.85e-04
2025-05-30 11:34:09,232 | INFO | Gradient norm: 0.0987
2025-05-30 11:34:09,240 | INFO | Train batch  2000/10986 | ms/batch 207.81 | loss 2.0289 | bpb  2.93 | ppl     7.61 | lr 3.00e-04
2025-05-30 11:34:29,711 | INFO | Gradient norm: 0.0796
2025-05-30 11:34:29,719 | INFO | Train batch  2100/10986 | ms/batch 207.67 | loss 1.9753 | bpb  2.85 | ppl     7.21 | lr 3.00e-04
2025-05-30 11:34:50,180 | INFO | Gradient norm: 0.0705
2025-05-30 11:34:50,188 | INFO | Train batch  2200/10986 | ms/batch 207.53 | loss 1.9266 | bpb  2.78 | ppl     6.87 | lr 3.00e-04
2025-05-30 11:35:10,663 | INFO | Gradient norm: 0.0942
2025-05-30 11:35:10,671 | INFO | Train batch  2300/10986 | ms/batch 207.42 | loss 1.8819 | bpb  2.72 | ppl     6.57 | lr 3.00e-04
2025-05-30 11:35:31,142 | INFO | Gradient norm: 0.0925
2025-05-30 11:35:31,150 | INFO | Train batch  2400/10986 | ms/batch 207.31 | loss 1.8409 | bpb  2.66 | ppl     6.30 | lr 3.00e-04
2025-05-30 11:35:51,635 | INFO | Gradient norm: 0.0814
2025-05-30 11:35:51,643 | INFO | Train batch  2500/10986 | ms/batch 207.21 | loss 1.8031 | bpb  2.60 | ppl     6.07 | lr 3.00e-04
2025-05-30 11:36:12,117 | INFO | Gradient norm: 0.0736
2025-05-30 11:36:12,125 | INFO | Train batch  2600/10986 | ms/batch 207.12 | loss 1.7681 | bpb  2.55 | ppl     5.86 | lr 3.00e-04
2025-05-30 11:36:32,597 | INFO | Gradient norm: 0.0958
2025-05-30 11:36:32,605 | INFO | Train batch  2700/10986 | ms/batch 207.03 | loss 1.7357 | bpb  2.50 | ppl     5.67 | lr 3.00e-04
2025-05-30 11:36:53,072 | INFO | Gradient norm: 0.0966
2025-05-30 11:36:53,080 | INFO | Train batch  2800/10986 | ms/batch 206.95 | loss 1.7056 | bpb  2.46 | ppl     5.50 | lr 3.00e-04
2025-05-30 11:37:13,555 | INFO | Gradient norm: 0.0863
2025-05-30 11:37:13,563 | INFO | Train batch  2900/10986 | ms/batch 206.88 | loss 1.6775 | bpb  2.42 | ppl     5.35 | lr 3.00e-04
2025-05-30 11:37:34,019 | INFO | Gradient norm: 0.0710
2025-05-30 11:37:34,026 | INFO | Train batch  3000/10986 | ms/batch 206.80 | loss 1.6513 | bpb  2.38 | ppl     5.21 | lr 3.00e-04
2025-05-30 11:37:54,511 | INFO | Gradient norm: 0.0786
2025-05-30 11:37:54,519 | INFO | Train batch  3100/10986 | ms/batch 206.74 | loss 1.6267 | bpb  2.35 | ppl     5.09 | lr 3.00e-04
2025-05-30 11:38:14,992 | INFO | Gradient norm: 0.0382
2025-05-30 11:38:15,000 | INFO | Train batch  3200/10986 | ms/batch 206.68 | loss 1.6037 | bpb  2.31 | ppl     4.97 | lr 3.00e-04
2025-05-30 11:38:35,457 | INFO | Gradient norm: 0.0758
2025-05-30 11:38:35,465 | INFO | Train batch  3300/10986 | ms/batch 206.62 | loss 1.5820 | bpb  2.28 | ppl     4.86 | lr 3.00e-04
2025-05-30 11:38:55,942 | INFO | Gradient norm: 0.0508
2025-05-30 11:38:55,950 | INFO | Train batch  3400/10986 | ms/batch 206.57 | loss 1.5616 | bpb  2.25 | ppl     4.77 | lr 3.00e-04
2025-05-30 11:39:16,441 | INFO | Gradient norm: 0.0675
2025-05-30 11:39:16,449 | INFO | Train batch  3500/10986 | ms/batch 206.52 | loss 1.5424 | bpb  2.23 | ppl     4.68 | lr 3.00e-04
2025-05-30 11:39:36,924 | INFO | Gradient norm: 0.0756
2025-05-30 11:39:36,931 | INFO | Train batch  3600/10986 | ms/batch 206.48 | loss 1.5242 | bpb  2.20 | ppl     4.59 | lr 3.00e-04
2025-05-30 11:39:57,398 | INFO | Gradient norm: 0.0528
2025-05-30 11:39:57,406 | INFO | Train batch  3700/10986 | ms/batch 206.43 | loss 1.5070 | bpb  2.17 | ppl     4.51 | lr 3.00e-04
2025-05-30 11:40:17,831 | INFO | Gradient norm: 0.0728
2025-05-30 11:40:17,838 | INFO | Train batch  3800/10986 | ms/batch 206.38 | loss 1.4907 | bpb  2.15 | ppl     4.44 | lr 3.00e-04
2025-05-30 11:40:38,226 | INFO | Gradient norm: 0.0483
2025-05-30 11:40:38,234 | INFO | Train batch  3900/10986 | ms/batch 206.31 | loss 1.4753 | bpb  2.13 | ppl     4.37 | lr 3.00e-04
2025-05-30 11:40:58,625 | INFO | Gradient norm: 0.0491
2025-05-30 11:40:58,633 | INFO | Train batch  4000/10986 | ms/batch 206.26 | loss 1.4605 | bpb  2.11 | ppl     4.31 | lr 3.00e-04
2025-05-30 11:41:19,098 | INFO | Gradient norm: 0.0724
2025-05-30 11:41:19,106 | INFO | Train batch  4100/10986 | ms/batch 206.22 | loss 1.4465 | bpb  2.09 | ppl     4.25 | lr 3.00e-04
2025-05-30 11:41:39,551 | INFO | Gradient norm: 0.0646
2025-05-30 11:41:39,559 | INFO | Train batch  4200/10986 | ms/batch 206.18 | loss 1.4332 | bpb  2.07 | ppl     4.19 | lr 3.00e-04
2025-05-30 11:42:00,017 | INFO | Gradient norm: 0.0450
2025-05-30 11:42:00,025 | INFO | Train batch  4300/10986 | ms/batch 206.14 | loss 1.4205 | bpb  2.05 | ppl     4.14 | lr 3.00e-04
2025-05-30 11:42:20,498 | INFO | Gradient norm: 0.0621
2025-05-30 11:42:20,506 | INFO | Train batch  4400/10986 | ms/batch 206.11 | loss 1.4084 | bpb  2.03 | ppl     4.09 | lr 3.00e-04
2025-05-30 11:42:40,979 | INFO | Gradient norm: 0.0373
2025-05-30 11:42:40,987 | INFO | Train batch  4500/10986 | ms/batch 206.08 | loss 1.3968 | bpb  2.02 | ppl     4.04 | lr 3.00e-04
2025-05-30 11:43:01,406 | INFO | Gradient norm: 0.0412
2025-05-30 11:43:01,413 | INFO | Train batch  4600/10986 | ms/batch 206.04 | loss 1.3857 | bpb  2.00 | ppl     4.00 | lr 3.00e-04
2025-05-30 11:43:21,797 | INFO | Gradient norm: 0.0404
2025-05-30 11:43:21,805 | INFO | Train batch  4700/10986 | ms/batch 206.00 | loss 1.3750 | bpb  1.98 | ppl     3.96 | lr 3.00e-04
2025-05-30 11:43:42,259 | INFO | Gradient norm: 0.0556
2025-05-30 11:43:42,267 | INFO | Train batch  4800/10986 | ms/batch 205.97 | loss 1.3648 | bpb  1.97 | ppl     3.92 | lr 3.00e-04
2025-05-30 11:44:02,729 | INFO | Gradient norm: 0.0748
2025-05-30 11:44:02,737 | INFO | Train batch  4900/10986 | ms/batch 205.94 | loss 1.3550 | bpb  1.95 | ppl     3.88 | lr 3.00e-04
2025-05-30 11:44:23,217 | INFO | Gradient norm: 0.0562
2025-05-30 11:44:23,225 | INFO | Train batch  5000/10986 | ms/batch 205.92 | loss 1.3456 | bpb  1.94 | ppl     3.84 | lr 3.00e-04
2025-05-30 11:44:43,691 | INFO | Gradient norm: 0.0460
2025-05-30 11:44:43,699 | INFO | Train batch  5100/10986 | ms/batch 205.90 | loss 1.3366 | bpb  1.93 | ppl     3.81 | lr 3.00e-04
2025-05-30 11:45:04,111 | INFO | Gradient norm: 0.0450
2025-05-30 11:45:04,119 | INFO | Train batch  5200/10986 | ms/batch 205.87 | loss 1.3279 | bpb  1.92 | ppl     3.77 | lr 3.00e-04
2025-05-30 11:45:24,470 | INFO | Gradient norm: 0.0343
2025-05-30 11:45:24,477 | INFO | Train batch  5300/10986 | ms/batch 205.82 | loss 1.3195 | bpb  1.90 | ppl     3.74 | lr 3.00e-04
2025-05-30 11:45:44,935 | INFO | Gradient norm: 0.0708
2025-05-30 11:45:44,943 | INFO | Train batch  5400/10986 | ms/batch 205.80 | loss 1.3115 | bpb  1.89 | ppl     3.71 | lr 3.00e-04
2025-05-30 11:46:05,363 | INFO | Gradient norm: 0.0500
2025-05-30 11:46:05,371 | INFO | Train batch  5500/10986 | ms/batch 205.77 | loss 1.3037 | bpb  1.88 | ppl     3.68 | lr 3.00e-04
2025-05-30 11:46:25,749 | INFO | Gradient norm: 0.0413
2025-05-30 11:46:25,757 | INFO | Train batch  5600/10986 | ms/batch 205.74 | loss 1.2962 | bpb  1.87 | ppl     3.66 | lr 3.00e-04
2025-05-30 11:46:46,160 | INFO | Gradient norm: 0.0372
2025-05-30 11:46:46,167 | INFO | Train batch  5700/10986 | ms/batch 205.71 | loss 1.2890 | bpb  1.86 | ppl     3.63 | lr 3.00e-04
2025-05-30 11:47:06,629 | INFO | Gradient norm: 0.0444
2025-05-30 11:47:06,637 | INFO | Train batch  5800/10986 | ms/batch 205.69 | loss 1.2820 | bpb  1.85 | ppl     3.60 | lr 3.00e-04
2025-05-30 11:47:26,986 | INFO | Gradient norm: 0.0831
2025-05-30 11:47:26,994 | INFO | Train batch  5900/10986 | ms/batch 205.66 | loss 1.2752 | bpb  1.84 | ppl     3.58 | lr 3.00e-04
2025-05-30 11:47:47,414 | INFO | Gradient norm: 0.0404
2025-05-30 11:47:47,422 | INFO | Train batch  6000/10986 | ms/batch 205.64 | loss 1.2687 | bpb  1.83 | ppl     3.56 | lr 3.00e-04
2025-05-30 11:48:07,885 | INFO | Gradient norm: 0.0461
2025-05-30 11:48:07,893 | INFO | Train batch  6100/10986 | ms/batch 205.62 | loss 1.2624 | bpb  1.82 | ppl     3.53 | lr 3.00e-04
2025-05-30 11:48:28,364 | INFO | Gradient norm: 0.0340
2025-05-30 11:48:28,372 | INFO | Train batch  6200/10986 | ms/batch 205.61 | loss 1.2563 | bpb  1.81 | ppl     3.51 | lr 3.00e-04
2025-05-30 11:48:48,848 | INFO | Gradient norm: 0.0497
2025-05-30 11:48:48,856 | INFO | Train batch  6300/10986 | ms/batch 205.59 | loss 1.2504 | bpb  1.80 | ppl     3.49 | lr 3.00e-04
2025-05-30 11:49:09,330 | INFO | Gradient norm: 0.0297
2025-05-30 11:49:09,338 | INFO | Train batch  6400/10986 | ms/batch 205.58 | loss 1.2447 | bpb  1.80 | ppl     3.47 | lr 3.00e-04
2025-05-30 11:49:29,810 | INFO | Gradient norm: 0.0344
2025-05-30 11:49:29,818 | INFO | Train batch  6500/10986 | ms/batch 205.57 | loss 1.2391 | bpb  1.79 | ppl     3.45 | lr 3.00e-04
2025-05-30 11:49:50,295 | INFO | Gradient norm: 0.0307
2025-05-30 11:49:50,303 | INFO | Train batch  6600/10986 | ms/batch 205.56 | loss 1.2337 | bpb  1.78 | ppl     3.43 | lr 3.00e-04
2025-05-30 11:50:10,769 | INFO | Gradient norm: 0.0402
2025-05-30 11:50:10,777 | INFO | Train batch  6700/10986 | ms/batch 205.55 | loss 1.2285 | bpb  1.77 | ppl     3.42 | lr 3.00e-04
2025-05-30 11:50:31,240 | INFO | Gradient norm: 0.0398
2025-05-30 11:50:31,248 | INFO | Train batch  6800/10986 | ms/batch 205.53 | loss 1.2234 | bpb  1.77 | ppl     3.40 | lr 3.00e-04
2025-05-30 11:50:51,722 | INFO | Gradient norm: 0.0423
2025-05-30 11:50:51,730 | INFO | Train batch  6900/10986 | ms/batch 205.52 | loss 1.2185 | bpb  1.76 | ppl     3.38 | lr 3.00e-04
2025-05-30 11:51:12,213 | INFO | Gradient norm: 0.0322
2025-05-30 11:51:12,220 | INFO | Train batch  7000/10986 | ms/batch 205.52 | loss 1.2137 | bpb  1.75 | ppl     3.37 | lr 3.00e-04
2025-05-30 11:51:32,689 | INFO | Gradient norm: 0.0366
2025-05-30 11:51:32,696 | INFO | Train batch  7100/10986 | ms/batch 205.50 | loss 1.2091 | bpb  1.74 | ppl     3.35 | lr 3.00e-04
                                                                                                                                                                                         2025-05-30 11:51:53,154 | INFO | Gradient norm: 0.0258
2025-05-30 11:51:53,162 | INFO | Train batch  7200/10986 | ms/batch 205.49 | loss 1.2046 | bpb  1.74 | ppl     3.34 | lr 3.00e-04
2025-05-30 11:52:13,534 | INFO | Gradient norm: 0.0298
2025-05-30 11:52:13,541 | INFO | Train batch  7300/10986 | ms/batch 205.47 | loss 1.2002 | bpb  1.73 | ppl     3.32 | lr 3.00e-04
2025-05-30 11:52:33,922 | INFO | Gradient norm: 0.0394
2025-05-30 11:52:33,930 | INFO | Train batch  7400/10986 | ms/batch 205.45 | loss 1.1959 | bpb  1.73 | ppl     3.31 | lr 3.00e-04
2025-05-30 11:52:54,345 | INFO | Gradient norm: 0.0346
2025-05-30 11:52:54,353 | INFO | Train batch  7500/10986 | ms/batch 205.43 | loss 1.1917 | bpb  1.72 | ppl     3.29 | lr 3.00e-04
2025-05-30 11:53:14,685 | INFO | Gradient norm: 0.0192
2025-05-30 11:53:14,693 | INFO | Train batch  7600/10986 | ms/batch 205.41 | loss 1.1876 | bpb  1.71 | ppl     3.28 | lr 3.00e-04
2025-05-30 11:53:35,158 | INFO | Gradient norm: 0.0321
2025-05-30 11:53:35,166 | INFO | Train batch  7700/10986 | ms/batch 205.40 | loss 1.1837 | bpb  1.71 | ppl     3.27 | lr 3.00e-04
2025-05-30 11:53:55,634 | INFO | Gradient norm: 0.0549
2025-05-30 11:53:55,642 | INFO | Train batch  7800/10986 | ms/batch 205.39 | loss 1.1798 | bpb  1.70 | ppl     3.25 | lr 3.00e-04
2025-05-30 11:54:16,103 | INFO | Gradient norm: 0.0591
2025-05-30 11:54:16,111 | INFO | Train batch  7900/10986 | ms/batch 205.38 | loss 1.1761 | bpb  1.70 | ppl     3.24 | lr 3.00e-04
2025-05-30 11:54:36,594 | INFO | Gradient norm: 0.0520
2025-05-30 11:54:36,602 | INFO | Train batch  8000/10986 | ms/batch 205.37 | loss 1.1724 | bpb  1.69 | ppl     3.23 | lr 3.00e-04
2025-05-30 11:54:57,078 | INFO | Gradient norm: 0.0266
2025-05-30 11:54:57,086 | INFO | Train batch  8100/10986 | ms/batch 205.37 | loss 1.1689 | bpb  1.69 | ppl     3.22 | lr 3.00e-04
2025-05-30 11:55:17,553 | INFO | Gradient norm: 0.0391
2025-05-30 11:55:17,561 | INFO | Train batch  8200/10986 | ms/batch 205.36 | loss 1.1654 | bpb  1.68 | ppl     3.21 | lr 3.00e-04
2025-05-30 11:55:38,032 | INFO | Gradient norm: 0.0338
2025-05-30 11:55:38,040 | INFO | Train batch  8300/10986 | ms/batch 205.35 | loss 1.1620 | bpb  1.68 | ppl     3.20 | lr 3.00e-04
2025-05-30 11:55:58,484 | INFO | Gradient norm: 0.0183
2025-05-30 11:55:58,492 | INFO | Train batch  8400/10986 | ms/batch 205.34 | loss 1.1586 | bpb  1.67 | ppl     3.19 | lr 3.00e-04
2025-05-30 11:56:18,943 | INFO | Gradient norm: 0.0517
2025-05-30 11:56:18,951 | INFO | Train batch  8500/10986 | ms/batch 205.33 | loss 1.1554 | bpb  1.67 | ppl     3.18 | lr 3.00e-04
2025-05-30 11:56:39,300 | INFO | Gradient norm: 0.0299
2025-05-30 11:56:39,308 | INFO | Train batch  8600/10986 | ms/batch 205.31 | loss 1.1522 | bpb  1.66 | ppl     3.17 | lr 3.00e-04
2025-05-30 11:56:59,747 | INFO | Gradient norm: 0.0438
2025-05-30 11:56:59,755 | INFO | Train batch  8700/10986 | ms/batch 205.30 | loss 1.1491 | bpb  1.66 | ppl     3.16 | lr 3.00e-04
2025-05-30 11:57:20,178 | INFO | Gradient norm: 0.0339
2025-05-30 11:57:20,186 | INFO | Train batch  8800/10986 | ms/batch 205.29 | loss 1.1461 | bpb  1.65 | ppl     3.15 | lr 3.00e-04
2025-05-30 11:57:40,525 | INFO | Gradient norm: 0.0461
2025-05-30 11:57:40,533 | INFO | Train batch  8900/10986 | ms/batch 205.27 | loss 1.1431 | bpb  1.65 | ppl     3.14 | lr 3.00e-04
2025-05-30 11:58:01,003 | INFO | Gradient norm: 0.0441
2025-05-30 11:58:01,011 | INFO | Train batch  9000/10986 | ms/batch 205.27 | loss 1.1402 | bpb  1.65 | ppl     3.13 | lr 3.00e-04
2025-05-30 11:58:21,360 | INFO | Gradient norm: 0.1280
2025-05-30 11:58:21,368 | INFO | Train batch  9100/10986 | ms/batch 205.25 | loss 1.1374 | bpb  1.64 | ppl     3.12 | lr 3.00e-04
2025-05-30 11:58:41,746 | INFO | Gradient norm: 0.0469
2025-05-30 11:58:41,753 | INFO | Train batch  9200/10986 | ms/batch 205.23 | loss 1.1346 | bpb  1.64 | ppl     3.11 | lr 3.00e-04
 [-5.83203125, 5.41796875]
2025-05-30 11:57:57,478 | INFO | Sample probabilities: max=0.10601317882537842, min=4.9196612962987274e-05
2025-05-30 11:57:57,478 | INFO | Raw loss value: 6.450827598571777
2025-05-30 11:57:57,478 | INFO | Batch 0 loss stats - Mean: -0.0505, Std: 1.1582
2025-05-30 11:57:57,625 | INFO | Gradient norm: 6.8902
2025-05-30 11:57:57,633 | INFO | Train batch     0/10986 | ms/batch 193.94 | loss 6.4508 | bpb  9.31 | ppl   633.23 | lr 0.00e+00
2025-05-30 11:58:17,309 | INFO | Gradient norm: 6.6167
2025-05-30 11:58:17,317 | INFO | Train batch   100/10986 | ms/batch 196.81 | loss 6.4430 | bpb  9.30 | ppl   628.29 | lr 0.00e+00
2025-05-30 11:58:37,021 | INFO | Gradient norm: 7.0156
2025-05-30 11:58:37,029 | INFO | Train batch   200/10986 | ms/batch 196.97 | loss 6.4425 | bpb  9.29 | ppl   627.96 | lr 0.00e+00
2025-05-30 11:58:56,756 | INFO | Gradient norm: 7.1692
2025-05-30 11:58:56,764 | INFO | Train batch   300/10986 | ms/batch 197.09 | loss 6.4430 | bpb  9.30 | ppl   628.26 | lr 0.00e+00
2025-05-30 11:59:16,490 | INFO | Gradient norm: 6.8094
2025-05-30 11:59:16,498 | INFO | Train batch   400/10986 | ms/batch 197.15 | loss 6.4450 | bpb  9.30 | ppl   629.56 | lr 0.00e+00
2025-05-30 11:59:36,230 | INFO | Gradient norm: 6.9924
2025-05-30 11:59:36,238 | INFO | Train batch   500/10986 | ms/batch 197.20 | loss 6.4489 | bpb  9.30 | ppl   631.98 | lr 0.00e+00
2025-05-30 11:59:55,983 | INFO | Gradient norm: 7.4043
2025-05-30 11:59:55,991 | INFO | Train batch   600/10986 | ms/batch 197.26 | loss 6.4487 | bpb  9.30 | ppl   631.87 | lr 0.00e+00
2025-05-30 12:00:15,720 | INFO | Gradient norm: 7.3824
2025-05-30 12:00:15,727 | INFO | Train batch   700/10986 | ms/batch 197.27 | loss 6.4500 | bpb  9.31 | ppl   632.72 | lr 0.00e+00
2025-05-30 12:00:35,450 | INFO | Gradient norm: 7.1093
2025-05-30 12:00:35,458 | INFO | Train batch   800/10986 | ms/batch 197.28 | loss 6.4480 | bpb  9.30 | ppl   631.43 | lr 0.00e+00
2025-05-30 12:00:55,188 | INFO | Gradient norm: 7.4975
2025-05-30 12:00:55,196 | INFO | Train batch   900/10986 | ms/batch 197.29 | loss 6.4486 | bpb  9.30 | ppl   631.84 | lr 0.00e+00
2025-05-30 12:01:14,906 | INFO | Gradient norm: 7.2035
2025-05-30 12:01:14,913 | INFO | Train batch  1000/10986 | ms/batch 197.28 | loss 6.4484 | bpb  9.30 | ppl   631.72 | lr 0.00e+00
2025-05-30 12:01:34,630 | INFO | Gradient norm: 7.1758
2025-05-30 12:01:34,638 | INFO | Train batch  1100/10986 | ms/batch 197.27 | loss 6.4495 | bpb  9.30 | ppl   632.41 | lr 0.00e+00
2025-05-30 12:01:54,363 | INFO | Gradient norm: 7.2637
2025-05-30 12:01:54,370 | INFO | Train batch  1200/10986 | ms/batch 197.28 | loss 6.4499 | bpb  9.31 | ppl   632.64 | lr 0.00e+00
2025-05-30 12:02:14,081 | INFO | Gradient norm: 7.3971
2025-05-30 12:02:14,089 | INFO | Train batch  1300/10986 | ms/batch 197.27 | loss 6.4504 | bpb  9.31 | ppl   632.95 | lr 0.00e+00
2025-05-30 12:02:33,801 | INFO | Gradient norm: 6.4507
2025-05-30 12:02:33,808 | INFO | Train batch  1400/10986 | ms/batch 197.27 | loss 6.4497 | bpb  9.30 | ppl   632.53 | lr 0.00e+00
2025-05-30 12:02:53,532 | INFO | Gradient norm: 6.9534
2025-05-30 12:02:53,540 | INFO | Train batch  1500/10986 | ms/batch 197.27 | loss 6.4491 | bpb  9.30 | ppl   632.12 | lr 0.00e+00
2025-05-30 12:03:13,251 | INFO | Gradient norm: 6.9667
2025-05-30 12:03:13,259 | INFO | Train batch  1600/10986 | ms/batch 197.26 | loss 6.4496 | bpb  9.30 | ppl   632.46 | lr 0.00e+00
2025-05-30 12:03:32,970 | INFO | Gradient norm: 6.3027
2025-05-30 12:03:32,978 | INFO | Train batch  1700/10986 | ms/batch 197.26 | loss 6.4487 | bpb  9.30 | ppl   631.86 | lr 0.00e+00
2025-05-30 12:03:52,703 | INFO | Gradient norm: 6.8601
2025-05-30 12:03:52,710 | INFO | Train batch  1800/10986 | ms/batch 197.26 | loss 6.4477 | bpb  9.30 | ppl   631.25 | lr 0.00e+00
2025-05-30 12:04:12,422 | INFO | Gradient norm: 7.4163
2025-05-30 12:04:12,430 | INFO | Train batch  1900/10986 | ms/batch 197.26 | loss 6.4472 | bpb  9.30 | ppl   630.93 | lr 0.00e+00
2025-05-30 12:04:32,141 | INFO | Gradient norm: 6.7181
2025-05-30 12:04:32,149 | INFO | Train batch  2000/10986 | ms/batch 197.26 | loss 6.4480 | bpb  9.30 | ppl   631.43 | lr 0.00e+00
2025-05-30 12:04:51,871 | INFO | Gradient norm: 7.4280
2025-05-30 12:04:51,879 | INFO | Train batch  2100/10986 | ms/batch 197.26 | loss 6.4474 | bpb  9.30 | ppl   631.04 | lr 0.00e+00
2025-05-30 12:05:11,578 | INFO | Gradient norm: 7.2247
2025-05-30 12:05:11,586 | INFO | Train batch  2200/10986 | ms/batch 197.25 | loss 6.4472 | bpb  9.30 | ppl   630.93 | lr 0.00e+00
2025-05-30 12:05:31,281 | INFO | Gradient norm: 7.1033
2025-05-30 12:05:31,288 | INFO | Train batch  2300/10986 | ms/batch 197.24 | loss 6.4472 | bpb  9.30 | ppl   630.91 | lr 0.00e+00
2025-05-30 12:05:50,998 | INFO | Gradient norm: 7.4070
2025-05-30 12:05:51,006 | INFO | Train batch  2400/10986 | ms/batch 197.24 | loss 6.4473 | bpb  9.30 | ppl   631.02 | lr 0.00e+00
2025-05-30 12:06:10,705 | INFO | Gradient norm: 6.5667
2025-05-30 12:06:10,713 | INFO | Train batch  2500/10986 | ms/batch 197.23 | loss 6.4476 | bpb  9.30 | ppl   631.17 | lr 0.00e+00
2025-05-30 12:06:30,410 | INFO | Gradient norm: 7.2142
2025-05-30 12:06:30,418 | INFO | Train batch  2600/10986 | ms/batch 197.22 | loss 6.4477 | bpb  9.30 | ppl   631.25 | lr 0.00e+00
2025-05-30 12:06:50,126 | INFO | Gradient norm: 7.2740
2025-05-30 12:06:50,134 | INFO | Train batch  2700/10986 | ms/batch 197.22 | loss 6.4478 | bpb  9.30 | ppl   631.32 | lr 0.00e+00
                                                                                                                                                                                                                                                                                                                                                                                                                                                                                                                                                                                                                                                                         2025-05-30 12:07:09,830 | INFO | Gradient norm: 7.2475
2025-05-30 12:07:09,838 | INFO | Train batch  2800/10986 | ms/batch 197.22 | loss 6.4473 | bpb  9.30 | ppl   630.99 | lr 0.00e+00
                                                                                                                                                                                         2025-05-30 12:07:29,534 | INFO | Gradient norm: 7.0427
2025-05-30 12:07:29,542 | INFO | Train batch  2900/10986 | ms/batch 197.21 | loss 6.4469 | bpb  9.30 | ppl   630.74 | lr 0.00e+00
2025-05-30 12:07:49,253 | INFO | Gradient norm: 7.4999
2025-05-30 12:07:49,261 | INFO | Train batch  3000/10986 | ms/batch 197.21 | loss 6.4468 | bpb  9.30 | ppl   630.71 | lr 0.00e+00
2025-05-30 12:08:08,956 | INFO | Gradient norm: 7.1765
2025-05-30 12:08:08,964 | INFO | Train batch  3100/10986 | ms/batch 197.20 | loss 6.4465 | bpb  9.30 | ppl   630.51 | lr 0.00e+00
2025-05-30 12:08:28,657 | INFO | Gradient norm: 6.8232
2025-05-30 12:08:28,665 | INFO | Train batch  3200/10986 | ms/batch 197.20 | loss 6.4466 | bpb  9.30 | ppl   630.56 | lr 0.00e+00
2025-05-30 12:08:48,373 | INFO | Gradient norm: 6.8031
2025-05-30 12:08:48,381 | INFO | Train batch  3300/10986 | ms/batch 197.20 | loss 6.4465 | bpb  9.30 | ppl   630.48 | lr 0.00e+00
2025-05-30 12:09:08,078 | INFO | Gradient norm: 7.0551
2025-05-30 12:09:08,086 | INFO | Train batch  3400/10986 | ms/batch 197.19 | loss 6.4462 | bpb  9.30 | ppl   630.32 | lr 0.00e+00
2025-05-30 12:09:27,782 | INFO | Gradient norm: 6.6706
2025-05-30 12:09:27,790 | INFO | Train batch  3500/10986 | ms/batch 197.19 | loss 6.4463 | bpb  9.30 | ppl   630.37 | lr 0.00e+00
2025-05-30 12:09:47,498 | INFO | Gradient norm: 6.3974
2025-05-30 12:09:47,506 | INFO | Train batch  3600/10986 | ms/batch 197.19 | loss 6.4460 | bpb  9.30 | ppl   630.16 | lr 0.00e+00
2025-05-30 12:10:07,202 | INFO | Gradient norm: 7.2368
2025-05-30 12:10:07,210 | INFO | Train batch  3700/10986 | ms/batch 197.18 | loss 6.4458 | bpb  9.30 | ppl   630.05 | lr 0.00e+00
2025-05-30 12:10:26,907 | INFO | Gradient norm: 7.1173
2025-05-30 12:10:26,915 | INFO | Train batch  3800/10986 | ms/batch 197.18 | loss 6.4457 | bpb  9.30 | ppl   629.98 | lr 0.00e+00
2025-05-30 12:10:46,623 | INFO | Gradient norm: 7.0193
2025-05-30 12:10:46,630 | INFO | Train batch  3900/10986 | ms/batch 197.18 | loss 6.4456 | bpb  9.30 | ppl   629.95 | lr 0.00e+00
2025-05-30 12:11:12,733 | INFO | Gradient norm: 0.0140
2025-05-30 12:11:12,741 | INFO | Train batch  1500/10986 | ms/batch 204.17 | loss 0.8820 | bpb  1.27 | ppl     2.42 | lr 3.00e-04
2025-05-30 12:11:33,204 | INFO | Gradient norm: 0.0497
2025-05-30 12:11:33,212 | INFO | Train batch  1600/10986 | ms/batch 204.21 | loss 0.8820 | bpb  1.27 | ppl     2.42 | lr 3.00e-04
2025-05-30 12:11:53,701 | INFO | Gradient norm: 0.0183
2025-05-30 12:11:53,709 | INFO | Train batch  1700/10986 | ms/batch 204.25 | loss 0.8820 | bpb  1.27 | ppl     2.42 | lr 3.00e-04
2025-05-30 12:12:14,119 | INFO | Gradient norm: 0.0187
2025-05-30 12:12:14,127 | INFO | Train batch  1800/10986 | ms/batch 204.25 | loss 0.8820 | bpb  1.27 | ppl     2.42 | lr 3.00e-04
2025-05-30 12:12:34,455 | INFO | Gradient norm: 0.0401
2025-05-30 12:12:34,463 | INFO | Train batch  1900/10986 | ms/batch 204.20 | loss 0.8820 | bpb  1.27 | ppl     2.42 | lr 3.00e-04
2025-05-30 12:12:54,925 | INFO | Gradient norm: 0.0298
2025-05-30 12:12:54,933 | INFO | Train batch  2000/10986 | ms/batch 204.22 | loss 0.8820 | bpb  1.27 | ppl     2.42 | lr 3.00e-04
2025-05-30 12:13:15,342 | INFO | Gradient norm: 0.0335
2025-05-30 12:13:15,350 | INFO | Train batch  2100/10986 | ms/batch 204.22 | loss 0.8820 | bpb  1.27 | ppl     2.42 | lr 3.00e-04
2025-05-30 12:13:35,689 | INFO | Gradient norm: 0.0268
2025-05-30 12:13:35,697 | INFO | Train batch  2200/10986 | ms/batch 204.19 | loss 0.8820 | bpb  1.27 | ppl     2.42 | lr 3.00e-04
2025-05-30 12:13:56,171 | INFO | Gradient norm: 0.0362
2025-05-30 12:13:56,179 | INFO | Train batch  2300/10986 | ms/batch 204.22 | loss 0.8820 | bpb  1.27 | ppl     2.42 | lr 3.00e-04
2025-05-30 12:14:16,635 | INFO | Gradient norm: 0.0221
2025-05-30 12:14:16,643 | INFO | Train batch  2400/10986 | ms/batch 204.23 | loss 0.8820 | bpb  1.27 | ppl     2.42 | lr 3.00e-04
2025-05-30 12:14:37,005 | INFO | Gradient norm: 0.0347
2025-05-30 12:14:37,013 | INFO | Train batch  2500/10986 | ms/batch 204.21 | loss 0.8819 | bpb  1.27 | ppl     2.42 | lr 3.00e-04
2025-05-30 12:14:57,396 | INFO | Gradient norm: 0.0226
2025-05-30 12:14:57,403 | INFO | Train batch  2600/10986 | ms/batch 204.20 | loss 0.8819 | bpb  1.27 | ppl     2.42 | lr 3.00e-04
2025-05-30 12:15:17,733 | INFO | Gradient norm: 0.0377
2025-05-30 12:15:17,741 | INFO | Train batch  2700/10986 | ms/batch 204.17 | loss 0.8819 | bpb  1.27 | ppl     2.42 | lr 3.00e-04
2025-05-30 12:15:38,164 | INFO | Gradient norm: 0.0169
2025-05-30 12:15:38,172 | INFO | Train batch  2800/10986 | ms/batch 204.17 | loss 0.8819 | bpb  1.27 | ppl     2.42 | lr 3.00e-04
2025-05-30 12:15:58,596 | INFO | Gradient norm: 0.0294
2025-05-30 12:15:58,604 | INFO | Train batch  2900/10986 | ms/batch 204.18 | loss 0.8819 | bpb  1.27 | ppl     2.42 | lr 3.00e-04
2025-05-30 12:16:18,920 | INFO | Gradient norm: 0.0118
2025-05-30 12:16:18,928 | INFO | Train batch  3000/10986 | ms/batch 204.15 | loss 0.8819 | bpb  1.27 | ppl     2.42 | lr 3.00e-04
2025-05-30 12:16:39,248 | INFO | Gradient norm: 0.0196
2025-05-30 12:16:39,256 | INFO | Train batch  3100/10986 | ms/batch 204.12 | loss 0.8819 | bpb  1.27 | ppl     2.42 | lr 3.00e-04
2025-05-30 12:16:59,636 | INFO | Gradient norm: 0.0651
2025-05-30 12:16:59,643 | INFO | Train batch  3200/10986 | ms/batch 204.11 | loss 0.8819 | bpb  1.27 | ppl     2.42 | lr 3.00e-04
2025-05-30 12:17:19,998 | INFO | Gradient norm: 0.0294
2025-05-30 12:17:20,006 | INFO | Train batch  3300/10986 | ms/batch 204.10 | loss 0.8819 | bpb  1.27 | ppl     2.42 | lr 3.00e-04
2025-05-30 12:17:40,391 | INFO | Gradient norm: 0.0144
2025-05-30 12:17:40,399 | INFO | Train batch  3400/10986 | ms/batch 204.09 | loss 0.8819 | bpb  1.27 | ppl     2.42 | lr 3.00e-04
2025-05-30 12:18:00,736 | INFO | Gradient norm: 0.0232
2025-05-30 12:18:00,744 | INFO | Train batch  3500/10986 | ms/batch 204.07 | loss 0.8819 | bpb  1.27 | ppl     2.42 | lr 3.00e-04
2025-05-30 12:18:21,167 | INFO | Gradient norm: 0.0341
2025-05-30 12:18:21,175 | INFO | Train batch  3600/10986 | ms/batch 204.08 | loss 0.8819 | bpb  1.27 | ppl     2.42 | lr 3.00e-04
2025-05-30 12:18:41,573 | INFO | Gradient norm: 0.0191
2025-05-30 12:18:41,581 | INFO | Train batch  3700/10986 | ms/batch 204.08 | loss 0.8819 | bpb  1.27 | ppl     2.42 | lr 3.00e-04
                                                                                                                                                                                         2025-05-30 12:19:01,936 | INFO | Gradient norm: 0.0183
2025-05-30 12:19:01,944 | INFO | Train batch  3800/10986 | ms/batch 204.07 | loss 0.8819 | bpb  1.27 | ppl     2.42 | lr 3.00e-04
2025-05-30 12:19:22,349 | INFO | Gradient norm: 0.0229
2025-05-30 12:19:22,357 | INFO | Train batch  3900/10986 | ms/batch 204.07 | loss 0.8818 | bpb  1.27 | ppl     2.42 | lr 3.00e-04
2025-05-30 12:19:42,678 | INFO | Gradient norm: 0.0157
2025-05-30 12:19:42,686 | INFO | Train batch  4000/10986 | ms/batch 204.05 | loss 0.8818 | bpb  1.27 | ppl     2.42 | lr 3.00e-04
2025-05-30 12:20:03,018 | INFO | Gradient norm: 0.0257
2025-05-30 12:20:03,026 | INFO | Train batch  4100/10986 | ms/batch 204.03 | loss 0.8818 | bpb  1.27 | ppl     2.42 | lr 3.00e-04
2025-05-30 12:20:23,452 | INFO | Gradient norm: 0.0279
2025-05-30 12:20:23,460 | INFO | Train batch  4200/10986 | ms/batch 204.04 | loss 0.8818 | bpb  1.27 | ppl     2.42 | lr 3.00e-04
2025-05-30 12:20:43,879 | INFO | Gradient norm: 0.0156
2025-05-30 12:20:43,886 | INFO | Train batch  4300/10986 | ms/batch 204.05 | loss 0.8818 | bpb  1.27 | ppl     2.42 | lr 3.00e-04
2025-05-30 12:21:04,208 | INFO | Gradient norm: 0.0242
2025-05-30 12:21:04,216 | INFO | Train batch  4400/10986 | ms/batch 204.03 | loss 0.8818 | bpb  1.27 | ppl     2.42 | lr 3.00e-04
2025-05-30 12:21:24,634 | INFO | Gradient norm: 0.0332
2025-05-30 12:21:24,642 | INFO | Train batch  4500/10986 | ms/batch 204.04 | loss 0.8818 | bpb  1.27 | ppl     2.42 | lr 3.00e-04
2025-05-30 12:21:44,969 | INFO | Gradient norm: 0.0183
2025-05-30 12:21:44,977 | INFO | Train batch  4600/10986 | ms/batch 204.02 | loss 0.8818 | bpb  1.27 | ppl     2.42 | lr 3.00e-04
2025-05-30 12:22:05,326 | INFO | Gradient norm: 0.0134
2025-05-30 12:22:05,334 | INFO | Train batch  4700/10986 | ms/batch 204.01 | loss 0.8818 | bpb  1.27 | ppl     2.42 | lr 3.00e-04
2025-05-30 12:22:25,671 | INFO | Gradient norm: 0.0189
2025-05-30 12:22:25,679 | INFO | Train batch  4800/10986 | ms/batch 204.00 | loss 0.8818 | bpb  1.27 | ppl     2.42 | lr 3.00e-04
2025-05-30 12:22:46,027 | INFO | Gradient norm: 0.0229
2025-05-30 12:22:46,035 | INFO | Train batch  4900/10986 | ms/batch 203.99 | loss 0.8818 | bpb  1.27 | ppl     2.42 | lr 3.00e-04
2025-05-30 12:23:06,396 | INFO | Gradient norm: 0.0345
2025-05-30 12:23:06,404 | INFO | Train batch  5000/10986 | ms/batch 203.98 | loss 0.8818 | bpb  1.27 | ppl     2.42 | lr 3.00e-04
2025-05-30 12:23:26,729 | INFO | Gradient norm: 0.0210
2025-05-30 12:23:26,737 | INFO | Train batch  5100/10986 | ms/batch 203.97 | loss 0.8818 | bpb  1.27 | ppl     2.42 | lr 3.00e-04
2025-05-30 12:23:47,114 | INFO | Gradient norm: 0.0267
2025-05-30 12:23:47,122 | INFO | Train batch  5200/10986 | ms/batch 203.97 | loss 0.8818 | bpb  1.27 | ppl     2.42 | lr 3.00e-04
2025-05-30 12:24:07,456 | INFO | Gradient norm: 0.0217
2025-05-30 12:24:07,464 | INFO | Train batch  5300/10986 | ms/batch 203.96 | loss 0.8818 | bpb  1.27 | ppl     2.42 | lr 3.00e-04
2025-05-30 12:24:27,777 | INFO | Gradient norm: 0.0155
2025-05-30 12:24:27,785 | INFO | Train batch  5400/10986 | ms/batch 203.94 | loss 0.8818 | bpb  1.27 | ppl     2.42 | lr 3.00e-04
2025-05-30 12:24:48,114 | INFO | Gradient norm: 0.0257
2025-05-30 12:24:48,122 | INFO | Train batch  5500/10986 | ms/batch 203.93 | loss 0.8817 | bpb  1.27 | ppl     2.42 | lr 2.99e-04
2025-05-30 12:25:08,457 | INFO | Gradient norm: 0.0264
2025-05-30 12:25:08,465 | INFO | Train batch  5600/10986 | ms/batch 203.93 | loss 0.8817 | bpb  1.27 | ppl     2.42 | lr 2.99e-04
2025-05-30 12:25:28,798 | INFO | Gradient norm: 0.0280
2025-05-30 12:25:28,806 | INFO | Train batch  5700/10986 | ms/batch 203.92 | loss 0.8817 | bpb  1.27 | ppl     2.42 | lr 2.99e-04
2025-05-30 12:25:49,103 | INFO | Gradient norm: 0.0210
2025-05-30 12:25:49,111 | INFO | Train batch  5800/10986 | ms/batch 203.90 | loss 0.8817 | bpb  1.27 | ppl     2.42 | lr 2.99e-04
2025-05-30 12:26:09,496 | INFO | Gradient norm: 0.0202
2025-05-30 12:26:09,504 | INFO | Train batch  5900/10986 | ms/batch 203.90 | loss 0.8817 | bpb  1.27 | ppl     2.42 | lr 2.99e-04
2025-05-30 12:26:29,822 | INFO | Gradient norm: 0.0114
2025-05-30 12:26:29,830 | INFO | Train batch  6000/10986 | ms/batch 203.89 | loss 0.8817 | bpb  1.27 | ppl     2.42 | lr 2.99e-04
2025-05-30 12:26:50,189 | INFO | Gradient norm: 0.0323
2025-05-30 12:26:50,197 | INFO | Train batch  6100/10986 | ms/batch 203.89 | loss 0.8817 | bpb  1.27 | ppl     2.42 | lr 2.99e-04
2025-05-30 12:27:10,546 | INFO | Gradient norm: 0.0291
2025-05-30 12:27:10,554 | INFO | Train batch  6200/10986 | ms/batch 203.88 | loss 0.8817 | bpb  1.27 | ppl     2.42 | lr 2.99e-04
                                                                                                                                                                                         2025-05-30 12:27:30,881 | INFO | Gradient norm: 0.0383
2025-05-30 12:27:30,889 | INFO | Train batch  6300/10986 | ms/batch 203.87 | loss 0.8817 | bpb  1.27 | ppl     2.41 | lr 2.99e-04
2025-05-30 12:27:51,312 | INFO | Gradient norm: 0.0182
2025-05-30 12:27:51,320 | INFO | Train batch  6400/10986 | ms/batch 203.88 | loss 0.8817 | bpb  1.27 | ppl     2.41 | lr 2.99e-04
2025-05-30 12:28:11,638 | INFO | Gradient norm: 0.0366
2025-05-30 12:28:11,646 | INFO | Train batch  6500/10986 | ms/batch 203.87 | loss 0.8817 | bpb  1.27 | ppl     2.41 | lr 2.99e-04
2025-05-30 12:28:32,109 | INFO | Gradient norm: 0.0284
2025-05-30 12:28:32,117 | INFO | Train batch  6600/10986 | ms/batch 203.88 | loss 0.8817 | bpb  1.27 | ppl     2.41 | lr 2.99e-04
2025-05-30 12:28:52,573 | INFO | Gradient norm: 0.0139
2025-05-30 12:28:52,581 | INFO | Train batch  6700/10986 | ms/batch 203.90 | loss 0.8817 | bpb  1.27 | ppl     2.41 | lr 2.99e-04
2025-05-30 12:29:13,044 | INFO | Gradient norm: 0.0203
2025-05-30 12:29:13,052 | INFO | Train batch  6800/10986 | ms/batch 203.91 | loss 0.8817 | bpb  1.27 | ppl     2.41 | lr 2.99e-04
2025-05-30 12:29:33,535 | INFO | Gradient norm: 0.0143
2025-05-30 12:29:33,543 | INFO | Train batch  6900/10986 | ms/batch 203.92 | loss 0.8817 | bpb  1.27 | ppl     2.41 | lr 2.99e-04
2025-05-30 12:29:53,965 | INFO | Gradient norm: 0.0609
2025-05-30 12:29:53,973 | INFO | Train batch  7000/10986 | ms/batch 203.93 | loss 0.8817 | bpb  1.27 | ppl     2.41 | lr 2.99e-04
2025-05-30 12:30:14,280 | INFO | Gradient norm: 0.0130
2025-05-30 12:30:14,288 | INFO | Train batch  7100/10986 | ms/batch 203.92 | loss 0.8817 | bpb  1.27 | ppl     2.41 | lr 2.99e-04
2025-05-30 12:30:34,625 | INFO | Gradient norm: 0.0354
2025-05-30 12:30:34,633 | INFO | Train batch  7200/10986 | ms/batch 203.91 | loss 0.8817 | bpb  1.27 | ppl     2.41 | lr 2.99e-04
2025-05-30 12:30:54,999 | INFO | Gradient norm: 0.0130
2025-05-30 12:30:55,007 | INFO | Train batch  7300/10986 | ms/batch 203.91 | loss 0.8817 | bpb  1.27 | ppl     2.41 | lr 2.99e-04
2025-05-30 12:31:15,322 | INFO | Gradient norm: 0.0230
2025-05-30 12:31:15,330 | INFO | Train batch  7400/10986 | ms/batch 203.90 | loss 0.8817 | bpb  1.27 | ppl     2.41 | lr 2.99e-04
2025-05-30 12:31:35,711 | INFO | Gradient norm: 0.0171
2025-05-30 12:31:35,719 | INFO | Train batch  7500/10986 | ms/batch 203.90 | loss 0.8817 | bpb  1.27 | ppl     2.41 | lr 2.99e-04
2025-05-30 12:31:56,058 | INFO | Gradient norm: 0.0153
2025-05-30 12:31:56,066 | INFO | Train batch  7600/10986 | ms/batch 203.89 | loss 0.8816 | bpb  1.27 | ppl     2.41 | lr 2.99e-04
2025-05-30 12:32:16,400 | INFO | Gradient norm: 0.0331
2025-05-30 12:32:16,408 | INFO | Train batch  7700/10986 | ms/batch 203.89 | loss 0.8816 | bpb  1.27 | ppl     2.41 | lr 2.99e-04
2025-05-30 12:32:36,772 | INFO | Gradient norm: 0.0390
2025-05-30 12:32:36,780 | INFO | Train batch  7800/10986 | ms/batch 203.88 | loss 0.8816 | bpb  1.27 | ppl     2.41 | lr 2.99e-04
2025-05-30 12:32:57,084 | INFO | Gradient norm: 0.0321
2025-05-30 12:32:57,092 | INFO | Train batch  7900/10986 | ms/batch 203.87 | loss 0.8816 | bpb  1.27 | ppl     2.41 | lr 2.99e-04
2025-05-30 12:33:17,413 | INFO | Gradient norm: 0.0228
2025-05-30 12:33:17,421 | INFO | Train batch  8000/10986 | ms/batch 203.87 | loss 0.8816 | bpb  1.27 | ppl     2.41 | lr 2.99e-04
2025-05-30 12:33:37,794 | INFO | Gradient norm: 0.0190
2025-05-30 12:33:37,802 | INFO | Train batch  8100/10986 | ms/batch 203.87 | loss 0.8816 | bpb  1.27 | ppl     2.41 | lr 2.99e-04
2025-05-30 12:33:58,130 | INFO | Gradient norm: 0.0108
2025-05-30 12:33:58,137 | INFO | Train batch  8200/10986 | ms/batch 203.86 | loss 0.8816 | bpb  1.27 | ppl     2.41 | lr 2.99e-04
2025-05-30 12:34:18,572 | INFO | Gradient norm: 0.0301
2025-05-30 12:34:18,580 | INFO | Train batch  8300/10986 | ms/batch 203.87 | loss 0.8816 | bpb  1.27 | ppl     2.41 | lr 2.99e-04
2025-05-30 12:34:38,879 | INFO | Gradient norm: 0.0204
2025-05-30 12:34:38,887 | INFO | Train batch  8400/10986 | ms/batch 203.86 | loss 0.8816 | bpb  1.27 | ppl     2.41 | lr 2.99e-04
2025-05-30 12:34:59,275 | INFO | Gradient norm: 0.0353
2025-05-30 12:34:59,283 | INFO | Train batch  8500/10986 | ms/batch 203.86 | loss 0.8816 | bpb  1.27 | ppl     2.41 | lr 2.99e-04
2025-05-30 12:35:19,628 | INFO | Gradient norm: 0.0415
2025-05-30 12:35:19,636 | INFO | Train batch  8600/10986 | ms/batch 203.86 | loss 0.8816 | bpb  1.27 | ppl     2.41 | lr 2.99e-04
2025-05-30 12:35:39,955 | INFO | Gradient norm: 0.0233
2025-05-30 12:35:39,963 | INFO | Train batch  8700/10986 | ms/batch 203.85 | loss 0.8816 | bpb  1.27 | ppl     2.41 | lr 2.99e-04
2025-05-30 12:36:00,398 | INFO | Gradient norm: 0.0250
2025-05-30 12:36:00,406 | INFO | Train batch  8800/10986 | ms/batch 203.85 | loss 0.8816 | bpb  1.27 | ppl     2.41 | lr 2.99e-04
                                                                                                                                                                                                                                                                                                                                                                                                                                                                                                                                                                                                                                                                                                                                                                           2025-05-30 12:36:20,879 | INFO | Gradient norm: 0.0166
2025-05-30 12:36:20,887 | INFO | Train batch  8900/10986 | ms/batch 203.87 | loss 0.8816 | bpb  1.27 | ppl     2.41 | lr 2.99e-04
2025-05-30 12:36:41,261 | INFO | Gradient norm: 0.0246
2025-05-30 12:36:41,269 | INFO | Train batch  9000/10986 | ms/batch 203.87 | loss 0.8816 | bpb  1.27 | ppl     2.41 | lr 2.99e-04
2025-05-30 12:37:01,614 | INFO | Gradient norm: 0.0396
2025-05-30 12:37:01,622 | INFO | Train batch  9100/10986 | ms/batch 203.86 | loss 0.8816 | bpb  1.27 | ppl     2.41 | lr 2.99e-04
2025-05-30 12:37:21,960 | INFO | Gradient norm: 0.0163
2025-05-30 12:37:21,968 | INFO | Train batch  9200/10986 | ms/batch 203.86 | loss 0.8816 | bpb  1.27 | ppl     2.41 | lr 2.99e-04
2025-05-30 12:37:42,394 | INFO | Gradient norm: 0.0129
2025-05-30 12:37:42,402 | INFO | Train batch  9300/10986 | ms/batch 203.86 | loss 0.8816 | bpb  1.27 | ppl     2.41 | lr 2.99e-04
2025-05-30 12:38:02,742 | INFO | Gradient norm: 0.0256
2025-05-30 12:38:02,750 | INFO | Train batch  9400/10986 | ms/batch 203.86 | loss 0.8816 | bpb  1.27 | ppl     2.41 | lr 2.99e-04
2025-05-30 12:38:23,118 | INFO | Gradient norm: 0.0233
2025-05-30 12:38:23,126 | INFO | Train batch  9500/10986 | ms/batch 203.86 | loss 0.8815 | bpb  1.27 | ppl     2.41 | lr 2.99e-04
2025-05-30 12:38:43,431 | INFO | Gradient norm: 0.0095
2025-05-30 12:38:43,439 | INFO | Train batch  9600/10986 | ms/batch 203.85 | loss 0.8815 | bpb  1.27 | ppl     2.41 | lr 2.99e-04
2025-05-30 12:39:03,808 | INFO | Gradient norm: 0.0106
2025-05-30 12:39:03,816 | INFO | Train batch  9700/10986 | ms/batch 203.85 | loss 0.8815 | bpb  1.27 | ppl     2.41 | lr 2.99e-04
2025-05-30 12:39:24,192 | INFO | Gradient norm: 0.0389
2025-05-30 12:39:12,267 | INFO | Train batch  1200/10986 | ms/batch 196.99 | loss 6.4496 | bpb  9.30 | ppl   632.44 | lr 0.00e+00
2025-05-30 12:39:31,967 | INFO | Gradient norm: 7.3949
2025-05-30 12:39:31,975 | INFO | Train batch  1300/10986 | ms/batch 197.00 | loss 6.4502 | bpb  9.31 | ppl   632.82 | lr 0.00e+00
2025-05-30 12:39:51,664 | INFO | Gradient norm: 6.4517
2025-05-30 12:39:51,672 | INFO | Train batch  1400/10986 | ms/batch 197.00 | loss 6.4495 | bpb  9.30 | ppl   632.42 | lr 0.00e+00
2025-05-30 12:40:11,366 | INFO | Gradient norm: 6.9719
2025-05-30 12:40:11,374 | INFO | Train batch  1500/10986 | ms/batch 197.00 | loss 6.4488 | bpb  9.30 | ppl   631.97 | lr 0.00e+00
2025-05-30 12:40:31,075 | INFO | Gradient norm: 6.9618
2025-05-30 12:40:31,082 | INFO | Train batch  1600/10986 | ms/batch 197.01 | loss 6.4494 | bpb  9.30 | ppl   632.32 | lr 0.00e+00
2025-05-30 12:40:50,770 | INFO | Gradient norm: 6.3014
2025-05-30 12:40:50,778 | INFO | Train batch  1700/10986 | ms/batch 197.00 | loss 6.4485 | bpb  9.30 | ppl   631.73 | lr 0.00e+00
2025-05-30 12:41:10,467 | INFO | Gradient norm: 6.8552
2025-05-30 12:41:10,475 | INFO | Train batch  1800/10986 | ms/batch 197.00 | loss 6.4475 | bpb  9.30 | ppl   631.12 | lr 0.00e+00
2025-05-30 12:41:30,177 | INFO | Gradient norm: 7.4204
2025-05-30 12:41:30,185 | INFO | Train batch  1900/10986 | ms/batch 197.01 | loss 6.4470 | bpb  9.30 | ppl   630.79 | lr 0.00e+00
2025-05-30 12:41:49,874 | INFO | Gradient norm: 6.7103
2025-05-30 12:41:49,882 | INFO | Train batch  2000/10986 | ms/batch 197.00 | loss 6.4477 | bpb  9.30 | ppl   631.27 | lr 0.00e+00
2025-05-30 12:42:09,574 | INFO | Gradient norm: 7.4215
2025-05-30 12:42:09,582 | INFO | Train batch  2100/10986 | ms/batch 197.00 | loss 6.4471 | bpb  9.30 | ppl   630.86 | lr 0.00e+00
2025-05-30 12:42:29,280 | INFO | Gradient norm: 7.2339
2025-05-30 12:42:29,287 | INFO | Train batch  2200/10986 | ms/batch 197.01 | loss 6.4469 | bpb  9.30 | ppl   630.76 | lr 0.00e+00
2025-05-30 12:42:48,976 | INFO | Gradient norm: 7.1173
2025-05-30 12:42:48,984 | INFO | Train batch  2300/10986 | ms/batch 197.00 | loss 6.4469 | bpb  9.30 | ppl   630.75 | lr 0.00e+00
2025-05-30 12:43:08,676 | INFO | Gradient norm: 7.4038
2025-05-30 12:43:08,684 | INFO | Train batch  2400/10986 | ms/batch 197.00 | loss 6.4471 | bpb  9.30 | ppl   630.88 | lr 0.00e+00
2025-05-30 12:43:28,385 | INFO | Gradient norm: 6.5735
2025-05-30 12:43:28,393 | INFO | Train batch  2500/10986 | ms/batch 197.01 | loss 6.4474 | bpb  9.30 | ppl   631.03 | lr 0.00e+00
2025-05-30 12:43:48,083 | INFO | Gradient norm: 7.2134
2025-05-30 12:43:48,091 | INFO | Train batch  2600/10986 | ms/batch 197.01 | loss 6.4475 | bpb  9.30 | ppl   631.09 | lr 0.00e+00
2025-05-30 12:44:07,780 | INFO | Gradient norm: 7.2652
2025-05-30 12:44:07,788 | INFO | Train batch  2700/10986 | ms/batch 197.01 | loss 6.4476 | bpb  9.30 | ppl   631.17 | lr 0.00e+00
2025-05-30 12:44:27,488 | INFO | Gradient norm: 7.2544
2025-05-30 12:44:27,495 | INFO | Train batch  2800/10986 | ms/batch 197.01 | loss 6.4471 | bpb  9.30 | ppl   630.85 | lr 0.00e+00
2025-05-30 12:44:47,181 | INFO | Gradient norm: 7.0270
2025-05-30 12:44:47,189 | INFO | Train batch  2900/10986 | ms/batch 197.01 | loss 6.4467 | bpb  9.30 | ppl   630.61 | lr 0.00e+00
2025-05-30 12:45:06,881 | INFO | Gradient norm: 7.5212
2025-05-30 12:45:06,889 | INFO | Train batch  3000/10986 | ms/batch 197.01 | loss 6.4467 | bpb  9.30 | ppl   630.60 | lr 0.00e+00
2025-05-30 12:45:26,588 | INFO | Gradient norm: 7.1933
2025-05-30 12:45:26,596 | INFO | Train batch  3100/10986 | ms/batch 197.01 | loss 6.4464 | bpb  9.30 | ppl   630.43 | lr 0.00e+00
 [-7.234375, 9.171875]
2025-05-30 12:44:45,130 | INFO | Sample probabilities: max=0.9075402617454529, min=0.0002724532096181065
2025-05-30 12:44:45,130 | INFO | Raw loss value: 0.8808141946792603
2025-05-30 12:44:45,131 | INFO | Batch 0 loss stats - Mean: -0.2988, Std: 0.7212
2025-05-30 12:44:45,280 | INFO | Gradient norm: 0.0190
2025-05-30 12:44:45,288 | INFO | Train batch     0/10986 | ms/batch 196.94 | loss 0.8808 | bpb  1.27 | ppl     2.41 | lr 2.99e-04
2025-05-30 12:45:05,581 | INFO | Gradient norm: 0.0181
2025-05-30 12:45:05,589 | INFO | Train batch   100/10986 | ms/batch 202.94 | loss 0.8827 | bpb  1.27 | ppl     2.42 | lr 2.99e-04
2025-05-30 12:45:26,050 | INFO | Gradient norm: 0.0284
2025-05-30 12:45:26,058 | INFO | Train batch   200/10986 | ms/batch 203.81 | loss 0.8821 | bpb  1.27 | ppl     2.42 | lr 2.99e-04
2025-05-30 12:45:46,542 | INFO | Gradient norm: 0.0097
2025-05-30 12:45:46,550 | INFO | Train batch   300/10986 | ms/batch 204.18 | loss 0.8817 | bpb  1.27 | ppl     2.41 | lr 2.99e-04
2025-05-30 12:46:06,904 | INFO | Gradient norm: 0.0401
2025-05-30 12:46:06,912 | INFO | Train batch   400/10986 | ms/batch 204.04 | loss 0.8815 | bpb  1.27 | ppl     2.41 | lr 2.99e-04
2025-05-30 12:46:27,258 | INFO | Gradient norm: 0.0157
2025-05-30 12:46:27,266 | INFO | Train batch   500/10986 | ms/batch 203.94 | loss 0.8814 | bpb  1.27 | ppl     2.41 | lr 2.99e-04
2025-05-30 12:46:47,585 | INFO | Gradient norm: 0.0098
2025-05-30 12:46:47,593 | INFO | Train batch   600/10986 | ms/batch 203.83 | loss 0.8813 | bpb  1.27 | ppl     2.41 | lr 2.99e-04
2025-05-30 12:47:07,975 | INFO | Gradient norm: 0.0158
2025-05-30 12:47:07,983 | INFO | Train batch   700/10986 | ms/batch 203.84 | loss 0.8813 | bpb  1.27 | ppl     2.41 | lr 2.99e-04
2025-05-30 12:47:28,330 | INFO | Gradient norm: 0.0113
2025-05-30 12:47:28,338 | INFO | Train batch   800/10986 | ms/batch 203.80 | loss 0.8812 | bpb  1.27 | ppl     2.41 | lr 2.99e-04
2025-05-30 12:47:48,786 | INFO | Gradient norm: 0.0111
2025-05-30 12:47:48,793 | INFO | Train batch   900/10986 | ms/batch 203.89 | loss 0.8812 | bpb  1.27 | ppl     2.41 | lr 2.99e-04
2025-05-30 12:48:09,098 | INFO | Gradient norm: 0.0134
2025-05-30 12:48:09,105 | INFO | Train batch  1000/10986 | ms/batch 203.81 | loss 0.8811 | bpb  1.27 | ppl     2.41 | lr 2.99e-04
2025-05-30 12:48:29,471 | INFO | Gradient norm: 0.0249
2025-05-30 12:48:29,478 | INFO | Train batch  1100/10986 | ms/batch 203.80 | loss 0.8811 | bpb  1.27 | ppl     2.41 | lr 2.99e-04
2025-05-30 12:48:49,800 | INFO | Gradient norm: 0.0365
2025-05-30 12:48:49,807 | INFO | Train batch  1200/10986 | ms/batch 203.76 | loss 0.8811 | bpb  1.27 | ppl     2.41 | lr 2.99e-04
2025-05-30 12:49:10,124 | INFO | Gradient norm: 0.0238
2025-05-30 12:49:10,132 | INFO | Train batch  1300/10986 | ms/batch 203.72 | loss 0.8811 | bpb  1.27 | ppl     2.41 | lr 2.99e-04
2025-05-30 12:49:30,530 | INFO | Gradient norm: 0.0247
2025-05-30 12:49:30,538 | INFO | Train batch  1400/10986 | ms/batch 203.75 | loss 0.8811 | bpb  1.27 | ppl     2.41 | lr 2.99e-04
2025-05-30 12:49:50,858 | INFO | Gradient norm: 0.0156
2025-05-30 12:49:50,866 | INFO | Train batch  1500/10986 | ms/batch 203.71 | loss 0.8811 | bpb  1.27 | ppl     2.41 | lr 2.99e-04
2025-05-30 12:50:11,192 | INFO | Gradient norm: 0.0182
2025-05-30 12:50:11,200 | INFO | Train batch  1600/10986 | ms/batch 203.69 | loss 0.8811 | bpb  1.27 | ppl     2.41 | lr 2.99e-04
2025-05-30 12:50:31,608 | INFO | Gradient norm: 0.0295
2025-05-30 12:50:31,616 | INFO | Train batch  1700/10986 | ms/batch 203.72 | loss 0.8811 | bpb  1.27 | ppl     2.41 | lr 2.99e-04
2025-05-30 12:50:51,934 | INFO | Gradient norm: 0.0188
2025-05-30 12:50:51,941 | INFO | Train batch  1800/10986 | ms/batch 203.69 | loss 0.8811 | bpb  1.27 | ppl     2.41 | lr 2.99e-04
2025-05-30 12:51:12,342 | INFO | Gradient norm: 0.0160
2025-05-30 12:51:12,350 | INFO | Train batch  1900/10986 | ms/batch 203.71 | loss 0.8810 | bpb  1.27 | ppl     2.41 | lr 2.99e-04
2025-05-30 12:51:32,662 | INFO | Gradient norm: 0.0211
2025-05-30 12:51:32,670 | INFO | Train batch  2000/10986 | ms/batch 203.69 | loss 0.8811 | bpb  1.27 | ppl     2.41 | lr 2.99e-04
2025-05-30 12:51:52,989 | INFO | Gradient norm: 0.0319
2025-05-30 12:51:52,997 | INFO | Train batch  2100/10986 | ms/batch 203.67 | loss 0.8811 | bpb  1.27 | ppl     2.41 | lr 2.99e-04
2025-05-30 12:52:13,424 | INFO | Gradient norm: 0.0218
2025-05-30 12:52:13,432 | INFO | Train batch  2200/10986 | ms/batch 203.70 | loss 0.8811 | bpb  1.27 | ppl     2.41 | lr 2.99e-04
2025-05-30 12:52:33,905 | INFO | Gradient norm: 0.0110
2025-05-30 12:52:33,913 | INFO | Train batch  2300/10986 | ms/batch 203.75 | loss 0.8811 | bpb  1.27 | ppl     2.41 | lr 2.99e-04
2025-05-30 12:52:54,334 | INFO | Gradient norm: 0.0291
2025-05-30 12:52:54,342 | INFO | Train batch  2400/10986 | ms/batch 203.77 | loss 0.8811 | bpb  1.27 | ppl     2.41 | lr 2.99e-04
2025-05-30 12:53:14,657 | INFO | Gradient norm: 0.0169
2025-05-30 12:53:14,664 | INFO | Train batch  2500/10986 | ms/batch 203.75 | loss 0.8810 | bpb  1.27 | ppl     2.41 | lr 2.99e-04
2025-05-30 12:53:35,092 | INFO | Gradient norm: 0.0116
2025-05-30 12:53:35,100 | INFO | Train batch  2600/10986 | ms/batch 203.77 | loss 0.8810 | bpb  1.27 | ppl     2.41 | lr 2.99e-04
2025-05-30 12:53:55,436 | INFO | Gradient norm: 0.0233
2025-05-30 12:53:55,444 | INFO | Train batch  2700/10986 | ms/batch 203.76 | loss 0.8810 | bpb  1.27 | ppl     2.41 | lr 2.99e-04
2025-05-30 12:54:15,881 | INFO | Gradient norm: 0.0424
2025-05-30 12:54:15,889 | INFO | Train batch  2800/10986 | ms/batch 203.78 | loss 0.8810 | bpb  1.27 | ppl     2.41 | lr 2.99e-04
2025-05-30 12:54:36,190 | INFO | Gradient norm: 0.0125
2025-05-30 12:54:36,198 | INFO | Train batch  2900/10986 | ms/batch 203.76 | loss 0.8810 | bpb  1.27 | ppl     2.41 | lr 2.99e-04
2025-05-30 12:54:56,502 | INFO | Gradient norm: 0.0277
2025-05-30 12:54:56,510 | INFO | Train batch  3000/10986 | ms/batch 203.74 | loss 0.8810 | bpb  1.27 | ppl     2.41 | lr 2.99e-04
2025-05-30 12:55:16,879 | INFO | Gradient norm: 0.0192
2025-05-30 12:55:16,886 | INFO | Train batch  3100/10986 | ms/batch 203.74 | loss 0.8810 | bpb  1.27 | ppl     2.41 | lr 2.99e-04
2025-05-30 12:55:37,190 | INFO | Gradient norm: 0.0089
2025-05-30 12:55:37,198 | INFO | Train batch  3200/10986 | ms/batch 203.72 | loss 0.8810 | bpb  1.27 | ppl     2.41 | lr 2.99e-04
2025-05-30 12:55:57,474 | INFO | Gradient norm: 0.0104
2025-05-30 12:55:57,482 | INFO | Train batch  3300/10986 | ms/batch 203.69 | loss 0.8810 | bpb  1.27 | ppl     2.41 | lr 2.99e-04
2025-05-30 12:56:17,921 | INFO | Gradient norm: 0.0285
2025-05-30 12:56:17,929 | INFO | Train batch  3400/10986 | ms/batch 203.72 | loss 0.8810 | bpb  1.27 | ppl     2.41 | lr 2.99e-04
2025-05-30 12:56:38,226 | INFO | Gradient norm: 0.0345
2025-05-30 12:56:38,233 | INFO | Train batch  3500/10986 | ms/batch 203.70 | loss 0.8810 | bpb  1.27 | ppl     2.41 | lr 2.99e-04
2025-05-30 12:56:58,529 | INFO | Gradient norm: 0.0160
2025-05-30 12:56:58,537 | INFO | Train batch  3600/10986 | ms/batch 203.68 | loss 0.8810 | bpb  1.27 | ppl     2.41 | lr 2.99e-04
2025-05-30 12:57:18,861 | INFO | Gradient norm: 0.0128
2025-05-30 12:57:18,869 | INFO | Train batch  3700/10986 | ms/batch 203.67 | loss 0.8810 | bpb  1.27 | ppl     2.41 | lr 2.99e-04
2025-05-30 12:57:39,212 | INFO | Gradient norm: 0.0109
2025-05-30 12:57:39,220 | INFO | Train batch  3800/10986 | ms/batch 203.66 | loss 0.8810 | bpb  1.27 | ppl     2.41 | lr 2.99e-04
2025-05-30 12:57:59,533 | INFO | Gradient norm: 0.0097
2025-05-30 12:57:59,540 | INFO | Train batch  3900/10986 | ms/batch 203.65 | loss 0.8810 | bpb  1.27 | ppl     2.41 | lr 2.99e-04
2025-05-30 12:58:19,882 | INFO | Gradient norm: 0.0179
2025-05-30 12:58:19,890 | INFO | Train batch  4000/10986 | ms/batch 203.65 | loss 0.8810 | bpb  1.27 | ppl     2.41 | lr 2.99e-04
2025-05-30 12:58:40,283 | INFO | Gradient norm: 0.0145
2025-05-30 12:58:40,291 | INFO | Train batch  4100/10986 | ms/batch 203.66 | loss 0.8810 | bpb  1.27 | ppl     2.41 | lr 2.99e-04
2025-05-30 12:59:00,651 | INFO | Gradient norm: 0.0257
2025-05-30 12:59:00,659 | INFO | Train batch  4200/10986 | ms/batch 203.66 | loss 0.8810 | bpb  1.27 | ppl     2.41 | lr 2.99e-04
2025-05-30 12:59:20,972 | INFO | Gradient norm: 0.0288
2025-05-30 12:59:20,980 | INFO | Train batch  4300/10986 | ms/batch 203.65 | loss 0.8810 | bpb  1.27 | ppl     2.41 | lr 2.99e-04
2025-05-30 12:59:41,287 | INFO | Gradient norm: 0.0126
2025-05-30 12:59:41,295 | INFO | Train batch  4400/10986 | ms/batch 203.64 | loss 0.8810 | bpb  1.27 | ppl     2.41 | lr 2.99e-04
2025-05-30 13:00:01,603 | INFO | Gradient norm: 0.0203
2025-05-30 13:00:01,611 | INFO | Train batch  4500/10986 | ms/batch 203.63 | loss 0.8810 | bpb  1.27 | ppl     2.41 | lr 2.99e-04
2025-05-30 13:00:22,039 | INFO | Gradient norm: 0.0198
2025-05-30 13:00:22,047 | INFO | Train batch  4600/10986 | ms/batch 203.64 | loss 0.8810 | bpb  1.27 | ppl     2.41 | lr 2.99e-04
2025-05-30 13:00:42,359 | INFO | Gradient norm: 0.0096
2025-05-30 13:00:42,367 | INFO | Train batch  4700/10986 | ms/batch 203.63 | loss 0.8810 | bpb  1.27 | ppl     2.41 | lr 2.99e-04
2025-05-30 13:01:02,679 | INFO | Gradient norm: 0.0222
2025-05-30 13:01:02,687 | INFO | Train batch  4800/10986 | ms/batch 203.62 | loss 0.8810 | bpb  1.27 | ppl     2.41 | lr 2.99e-04
2025-05-30 13:01:23,042 | INFO | Gradient norm: 0.0087
2025-05-30 13:01:23,050 | INFO | Train batch  4900/10986 | ms/batch 203.62 | loss 0.8810 | bpb  1.27 | ppl     2.41 | lr 2.99e-04
2025-05-30 13:01:43,375 | INFO | Gradient norm: 0.0187
2025-05-30 13:01:43,383 | INFO | Train batch  5000/10986 | ms/batch 203.62 | loss 0.8810 | bpb  1.27 | ppl     2.41 | lr 2.99e-04
2025-05-30 13:02:03,734 | INFO | Gradient norm: 0.0144
2025-05-30 13:02:03,742 | INFO | Train batch  5100/10986 | ms/batch 203.62 | loss 0.8810 | bpb  1.27 | ppl     2.41 | lr 2.99e-04
2025-05-30 13:02:24,013 | INFO | Gradient norm: 0.0116
2025-05-30 13:02:24,021 | INFO | Train batch  5200/10986 | ms/batch 203.60 | loss 0.8810 | bpb  1.27 | ppl     2.41 | lr 2.98e-04
2025-05-30 13:02:44,365 | INFO | Gradient norm: 0.0205
2025-05-30 13:02:44,373 | INFO | Train batch  5300/10986 | ms/batch 203.60 | loss 0.8810 | bpb  1.27 | ppl     2.41 | lr 2.98e-04
2025-05-30 13:03:04,668 | INFO | Gradient norm: 0.0179
2025-05-30 13:03:04,676 | INFO | Train batch  5400/10986 | ms/batch 203.59 | loss 0.8810 | bpb  1.27 | ppl     2.41 | lr 2.98e-04
2025-05-30 13:03:24,982 | INFO | Gradient norm: 0.0097
2025-05-30 13:03:24,990 | INFO | Train batch  5500/10986 | ms/batch 203.58 | loss 0.8810 | bpb  1.27 | ppl     2.41 | lr 2.98e-04
2025-05-30 13:03:45,345 | INFO | Gradient norm: 0.0185
2025-05-30 13:03:45,353 | INFO | Train batch  5600/10986 | ms/batch 203.58 | loss 0.8810 | bpb  1.27 | ppl     2.41 | lr 2.98e-04
2025-05-30 13:04:05,669 | INFO | Gradient norm: 0.0236
2025-05-30 13:04:05,677 | INFO | Train batch  5700/10986 | ms/batch 203.58 | loss 0.8809 | bpb  1.27 | ppl     2.41 | lr 2.98e-04
2025-05-30 13:04:25,973 | INFO | Gradient norm: 0.0094
2025-05-30 13:04:25,981 | INFO | Train batch  5800/10986 | ms/batch 203.57 | loss 0.8809 | bpb  1.27 | ppl     2.41 | lr 2.98e-04
2025-05-30 13:04:46,305 | INFO | Gradient norm: 0.0089
2025-05-30 13:04:46,313 | INFO | Train batch  5900/10986 | ms/batch 203.56 | loss 0.8809 | bpb  1.27 | ppl     2.41 | lr 2.98e-04
2025-05-30 13:05:06,621 | INFO | Gradient norm: 0.0144
2025-05-30 13:05:06,629 | INFO | Train batch  6000/10986 | ms/batch 203.56 | loss 0.8809 | bpb  1.27 | ppl     2.41 | lr 2.98e-04
2025-05-30 13:05:26,926 | INFO | Gradient norm: 0.0243
2025-05-30 13:05:26,934 | INFO | Train batch  6100/10986 | ms/batch 203.55 | loss 0.8809 | bpb  1.27 | ppl     2.41 | lr 2.98e-04
2025-05-30 13:05:47,252 | INFO | Gradient norm: 0.0333
2025-05-30 13:05:47,260 | INFO | Train batch  6200/10986 | ms/batch 203.54 | loss 0.8809 | bpb  1.27 | ppl     2.41 | lr 2.98e-04
2025-05-30 13:06:07,550 | INFO | Gradient norm: 0.0284
2025-05-30 13:06:07,558 | INFO | Train batch  6300/10986 | ms/batch 203.53 | loss 0.8809 | bpb  1.27 | ppl     2.41 | lr 2.98e-04
2025-05-30 13:06:27,866 | INFO | Gradient norm: 0.0180
2025-05-30 13:06:27,874 | INFO | Train batch  6400/10986 | ms/batch 203.53 | loss 0.8809 | bpb  1.27 | ppl     2.41 | lr 2.98e-04
2025-05-30 13:06:48,181 | INFO | Gradient norm: 0.0268
2025-05-30 13:06:48,189 | INFO | Train batch  6500/10986 | ms/batch 203.52 | loss 0.8809 | bpb  1.27 | ppl     2.41 | lr 2.98e-04
2025-05-30 13:07:08,458 | INFO | Gradient norm: 0.0139
2025-05-30 13:07:08,466 | INFO | Train batch  6600/10986 | ms/batch 203.51 | loss 0.8809 | bpb  1.27 | ppl     2.41 | lr 2.98e-04
2025-05-30 13:07:28,749 | INFO | Gradient norm: 0.0293
2025-05-30 13:07:28,757 | INFO | Train batch  6700/10986 | ms/batch 203.50 | loss 0.8809 | bpb  1.27 | ppl     2.41 | lr 2.98e-04
2025-05-30 13:07:49,062 | INFO | Gradient norm: 0.0273
2025-05-30 13:07:49,070 | INFO | Train batch  6800/10986 | ms/batch 203.50 | loss 0.8809 | bpb  1.27 | ppl     2.41 | lr 2.98e-04
2025-05-30 13:08:09,375 | INFO | Gradient norm: 0.0203
2025-05-30 13:08:09,383 | INFO | Train batch  6900/10986 | ms/batch 203.49 | loss 0.8809 | bpb  1.27 | ppl     2.41 | lr 2.98e-04
2025-05-30 13:08:29,663 | INFO | Gradient norm: 0.0111
2025-05-30 13:08:29,670 | INFO | Train batch  7000/10986 | ms/batch 203.48 | loss 0.8809 | bpb  1.27 | ppl     2.41 | lr 2.98e-04
2025-05-30 13:08:49,992 | INFO | Gradient norm: 0.0166
2025-05-30 13:08:50,000 | INFO | Train batch  7100/10986 | ms/batch 203.48 | loss 0.8809 | bpb  1.27 | ppl     2.41 | lr 2.98e-04
2025-05-30 13:09:10,311 | INFO | Gradient norm: 0.0141
2025-05-30 13:09:10,319 | INFO | Train batch  7200/10986 | ms/batch 203.48 | loss 0.8809 | bpb  1.27 | ppl     2.41 | lr 2.98e-04
2025-05-30 13:09:30,640 | INFO | Gradient norm: 0.0133
2025-05-30 13:09:30,648 | INFO | Train batch  7300/10986 | ms/batch 203.47 | loss 0.8809 | bpb  1.27 | ppl     2.41 | lr 2.98e-04
2025-05-30 13:09:50,982 | INFO | Gradient norm: 0.0155
2025-05-30 13:09:50,990 | INFO | Train batch  7400/10986 | ms/batch 203.47 | loss 0.8809 | bpb  1.27 | ppl     2.41 | lr 2.98e-04
2025-05-30 13:10:11,298 | INFO | Gradient norm: 0.0324
2025-05-30 13:10:11,306 | INFO | Train batch  7500/10986 | ms/batch 203.47 | loss 0.8809 | bpb  1.27 | ppl     2.41 | lr 2.98e-04
2025-05-30 13:10:31,567 | INFO | Gradient norm: 0.0089
2025-05-30 13:10:31,575 | INFO | Train batch  7600/10986 | ms/batch 203.46 | loss 0.8809 | bpb  1.27 | ppl     2.41 | lr 2.98e-04
2025-05-30 13:10:51,940 | INFO | Gradient norm: 0.0260
2025-05-30 13:10:51,948 | INFO | Train batch  7700/10986 | ms/batch 203.46 | loss 0.8809 | bpb  1.27 | ppl     2.41 | lr 2.98e-04
2025-05-30 13:11:12,238 | INFO | Gradient norm: 0.0114
2025-05-30 13:11:12,246 | INFO | Train batch  7800/10986 | ms/batch 203.46 | loss 0.8809 | bpb  1.27 | ppl     2.41 | lr 2.98e-04
2025-05-30 13:11:32,546 | INFO | Gradient norm: 0.0191
2025-05-30 13:11:32,554 | INFO | Train batch  7900/10986 | ms/batch 203.45 | loss 0.8809 | bpb  1.27 | ppl     2.41 | lr 2.98e-04
2025-05-30 13:11:52,892 | INFO | Gradient norm: 0.0178
2025-05-30 13:11:52,900 | INFO | Train batch  8000/10986 | ms/batch 203.45 | loss 0.8809 | bpb  1.27 | ppl     2.41 | lr 2.98e-04
2025-05-30 13:12:13,227 | INFO | Gradient norm: 0.0285
2025-05-30 13:12:13,235 | INFO | Train batch  8100/10986 | ms/batch 203.45 | loss 0.8809 | bpb  1.27 | ppl     2.41 | lr 2.98e-04
2025-05-30 13:12:33,572 | INFO | Gradient norm: 0.0109
2025-05-30 13:12:33,580 | INFO | Train batch  8200/10986 | ms/batch 203.45 | loss 0.8809 | bpb  1.27 | ppl     2.41 | lr 2.98e-04
2025-05-30 13:12:53,889 | INFO | Gradient norm: 0.0151
2025-05-30 13:12:53,897 | INFO | Train batch  8300/10986 | ms/batch 203.45 | loss 0.8809 | bpb  1.27 | ppl     2.41 | lr 2.98e-04
2025-05-30 13:13:14,188 | INFO | Gradient norm: 0.0149
2025-05-30 13:13:14,196 | INFO | Train batch  8400/10986 | ms/batch 203.44 | loss 0.8809 | bpb  1.27 | ppl     2.41 | lr 2.98e-04
2025-05-30 13:13:34,572 | INFO | Gradient norm: 0.0238
2025-05-30 13:13:34,580 | INFO | Train batch  8500/10986 | ms/batch 203.45 | loss 0.8809 | bpb  1.27 | ppl     2.41 | lr 2.98e-04
2025-05-30 13:13:54,880 | INFO | Gradient norm: 0.0159
2025-05-30 13:13:54,888 | INFO | Train batch  8600/10986 | ms/batch 203.44 | loss 0.8809 | bpb  1.27 | ppl     2.41 | lr 2.98e-04
2025-05-30 13:14:15,162 | INFO | Gradient norm: 0.0301
2025-05-30 13:14:15,170 | INFO | Train batch  8700/10986 | ms/batch 203.43 | loss 0.8809 | bpb  1.27 | ppl     2.41 | lr 2.98e-04
2025-05-30 13:14:35,476 | INFO | Gradient norm: 0.0289
2025-05-30 13:14:35,483 | INFO | Train batch  8800/10986 | ms/batch 203.43 | loss 0.8809 | bpb  1.27 | ppl     2.41 | lr 2.98e-04
2025-05-30 13:14:55,824 | INFO | Gradient norm: 0.0175
2025-05-30 13:14:55,832 | INFO | Train batch  8900/10986 | ms/batch 203.43 | loss 0.8809 | bpb  1.27 | ppl     2.41 | lr 2.98e-04
2025-05-30 13:15:16,168 | INFO | Gradient norm: 0.0149
2025-05-30 13:15:16,176 | INFO | Train batch  9000/10986 | ms/batch 203.43 | loss 0.8809 | bpb  1.27 | ppl     2.41 | lr 2.98e-04
2025-05-30 13:15:36,472 | INFO | Gradient norm: 0.0132
2025-05-30 13:15:36,480 | INFO | Train batch  9100/10986 | ms/batch 203.43 | loss 0.8809 | bpb  1.27 | ppl     2.41 | lr 2.98e-04
2025-05-30 13:15:56,798 | INFO | Gradient norm: 0.0170
2025-05-30 13:15:56,806 | INFO | Train batch  9200/10986 | ms/batch 203.43 | loss 0.8809 | bpb  1.27 | ppl     2.41 | lr 2.98e-04
2025-05-30 13:16:17,139 | INFO | Gradient norm: 0.0194
2025-05-30 13:16:17,147 | INFO | Train batch  9300/10986 | ms/batch 203.42 | loss 0.8809 | bpb  1.27 | ppl     2.41 | lr 2.98e-04
2025-05-30 13:16:37,480 | INFO | Gradient norm: 0.0082
2025-05-30 13:16:37,488 | INFO | Train batch  9400/10986 | ms/batch 203.42 | loss 0.8809 | bpb  1.27 | ppl     2.41 | lr 2.98e-04
2025-05-30 13:16:57,791 | INFO | Gradient norm: 0.0200
2025-05-30 13:16:57,799 | INFO | Train batch  9500/10986 | ms/batch 203.42 | loss 0.8809 | bpb  1.27 | ppl     2.41 | lr 2.98e-04
2025-05-30 13:17:18,223 | INFO | Gradient norm: 0.0130
2025-05-30 13:17:18,231 | INFO | Train batch  9600/10986 | ms/batch 203.43 | loss 0.8809 | bpb  1.27 | ppl     2.41 | lr 2.98e-04
2025-05-30 13:17:38,545 | INFO | Gradient norm: 0.0089
2025-05-30 13:17:38,553 | INFO | Train batch  9700/10986 | ms/batch 203.43 | loss 0.8809 | bpb  1.27 | ppl     2.41 | lr 2.98e-04
2025-05-30 13:17:58,857 | INFO | Gradient norm: 0.0182
2025-05-30 13:17:58,865 | INFO | Train batch  9800/10986 | ms/batch 203.43 | loss 0.8809 | bpb  1.27 | ppl     2.41 | lr 2.98e-04
2025-05-30 13:18:19,142 | INFO | Gradient norm: 0.0100
2025-05-30 13:18:19,150 | INFO | Train batch  9900/10986 | ms/batch 203.42 | loss 0.8809 | bpb  1.27 | ppl     2.41 | lr 2.98e-04
2025-05-30 13:18:39,527 | INFO | Gradient norm: 0.0153
2025-05-30 13:18:39,535 | INFO | Train batch 10000/10986 | ms/batch 203.42 | loss 0.8808 | bpb  1.27 | ppl     2.41 | lr 2.98e-04
2025-05-30 13:18:59,859 | INFO | Gradient norm: 0.0183
2025-05-30 13:18:59,866 | INFO | Train batch 10100/10986 | ms/batch 203.42 | loss 0.8808 | bpb  1.27 | ppl     2.41 | lr 2.98e-04
2025-05-30 13:19:20,227 | INFO | Gradient norm: 0.0120
2025-05-30 13:19:20,235 | INFO | Train batch 10200/10986 | ms/batch 203.43 | loss 0.8808 | bpb  1.27 | ppl     2.41 | lr 2.98e-04
2025-05-30 13:19:40,580 | INFO | Gradient norm: 0.0373
2025-05-30 13:19:40,588 | INFO | Train batch 10300/10986 | ms/batch 203.43 | loss 0.8808 | bpb  1.27 | ppl     2.41 | lr 2.98e-04
2025-05-30 13:20:00,896 | INFO | Gradient norm: 0.0162
2025-05-30 13:20:00,904 | INFO | Train batch 10400/10986 | ms/batch 203.42 | loss 0.8808 | bpb  1.27 | ppl     2.41 | lr 2.98e-04
2025-05-30 13:20:21,202 | INFO | Gradient norm: 0.0098
2025-05-30 13:20:21,210 | INFO | Train batch 10500/10986 | ms/batch 203.42 | loss 0.8808 | bpb  1.27 | ppl     2.41 | lr 2.98e-04
2025-05-30 13:20:41,570 | INFO | Gradient norm: 0.0135
2025-05-30 13:20:41,577 | INFO | Train batch 10600/10986 | ms/batch 203.42 | loss 0.8808 | bpb  1.27 | ppl     2.41 | lr 2.98e-04
2025-05-30 13:21:01,885 | INFO | Gradient norm: 0.0563
2025-05-30 13:21:01,892 | INFO | Train batch 10700/10986 | ms/batch 203.42 | loss 0.8808 | bpb  1.27 | ppl     2.41 | lr 2.98e-04
2025-05-30 13:21:22,199 | INFO | Gradient norm: 0.0188
2025-05-30 13:21:22,207 | INFO | Train batch 10800/10986 | ms/batch 203.42 | loss 0.8808 | bpb  1.27 | ppl     2.41 | lr 2.98e-04
2025-05-30 13:21:42,556 | INFO | Gradient norm: 0.0094
2025-05-30 13:21:42,564 | INFO | Train batch 10900/10986 | ms/batch 203.42 | loss 0.8808 | bpb  1.27 | ppl     2.41 | lr 2.98e-04
2025-05-30 13:23:16,750 | INFO | Epoch   2 | time: 2311.66s | train bpb  1.27 | valid bpb  1.28
2025-05-30 13:23:17,934 | INFO | Saved new best model with validation bpb:  1.28
2025-05-30 13:23:17,995 | INFO | Input shape: torch.Size([16, 511]), Target shape: torch.Size([16, 511])
2025-05-30 13:23:17,995 | INFO | Input range: [10, 226]
2025-05-30 13:23:17,996 | INFO | Target range: [10, 226]
2025-05-30 13:23:18,032 | INFO | Output shape: torch.Size([8176, 256]), Reshaped target shape: torch.Size([8176])
2025-05-30 13:23:18,033 | INFO | Output range: [-8.2578125, 9.5546875]
2025-05-30 13:23:18,033 | INFO | Sample probabilities: max=0.9040193557739258, min=0.0002581400331109762
2025-05-30 13:23:18,034 | INFO | Raw loss value: 0.8809655904769897
2025-05-30 13:23:18,034 | INFO | Batch 0 loss stats - Mean: -0.2698, Std: 0.9399
2025-05-30 13:23:18,184 | INFO | Gradient norm: 0.0229
2025-05-30 13:23:18,192 | INFO | Train batch     0/10986 | ms/batch 196.89 | loss 0.8810 | bpb  1.27 | ppl     2.41 | lr 2.98e-04
2025-05-30 13:23:38,593 | INFO | Gradient norm: 0.0287
2025-05-30 13:23:38,601 | INFO | Train batch   100/10986 | ms/batch 204.02 | loss 0.8820 | bpb  1.27 | ppl     2.42 | lr 2.98e-04
2025-05-30 13:23:58,927 | INFO | Gradient norm: 0.0149
2025-05-30 13:23:58,935 | INFO | Train batch   200/10986 | ms/batch 203.68 | loss 0.8815 | bpb  1.27 | ppl     2.41 | lr 2.98e-04
2025-05-30 13:24:19,219 | INFO | Gradient norm: 0.0108
2025-05-30 13:24:19,227 | INFO | Train batch   300/10986 | ms/batch 203.43 | loss 0.8812 | bpb  1.27 | ppl     2.41 | lr 2.98e-04
2025-05-30 13:24:39,580 | INFO | Gradient norm: 0.0199
2025-05-30 13:24:39,588 | INFO | Train batch   400/10986 | ms/batch 203.47 | loss 0.8810 | bpb  1.27 | ppl     2.41 | lr 2.98e-04
2025-05-30 13:24:59,904 | INFO | Gradient norm: 0.0280
2025-05-30 13:24:59,912 | INFO | Train batch   500/10986 | ms/batch 203.43 | loss 0.8809 | bpb  1.27 | ppl     2.41 | lr 2.98e-04
2025-05-30 13:25:20,240 | INFO | Gradient norm: 0.0217
2025-05-30 13:25:20,248 | INFO | Train batch   600/10986 | ms/batch 203.42 | loss 0.8809 | bpb  1.27 | ppl     2.41 | lr 2.98e-04
2025-05-30 13:25:40,588 | INFO | Gradient norm: 0.0105
2025-05-30 13:25:40,595 | INFO | Train batch   700/10986 | ms/batch 203.42 | loss 0.8808 | bpb  1.27 | ppl     2.41 | lr 2.98e-04
2025-05-30 13:26:00,893 | INFO | Gradient norm: 0.0091
2025-05-30 13:26:00,901 | INFO | Train batch   800/10986 | ms/batch 203.38 | loss 0.8808 | bpb  1.27 | ppl     2.41 | lr 2.98e-04
2025-05-30 13:26:21,204 | INFO | Gradient norm: 0.0084
2025-05-30 13:26:21,212 | INFO | Train batch   900/10986 | ms/batch 203.35 | loss 0.8807 | bpb  1.27 | ppl     2.41 | lr 2.98e-04
2025-05-30 13:26:41,529 | INFO | Gradient norm: 0.0132
2025-05-30 13:26:41,537 | INFO | Train batch  1000/10986 | ms/batch 203.34 | loss 0.8807 | bpb  1.27 | ppl     2.41 | lr 2.98e-04
2025-05-30 13:27:01,857 | INFO | Gradient norm: 0.0083
2025-05-30 13:27:01,865 | INFO | Train batch  1100/10986 | ms/batch 203.33 | loss 0.8807 | bpb  1.27 | ppl     2.41 | lr 2.98e-04
2025-05-30 13:27:22,120 | INFO | Gradient norm: 0.0211
2025-05-30 13:27:22,128 | INFO | Train batch  1200/10986 | ms/batch 203.27 | loss 0.8807 | bpb  1.27 | ppl     2.41 | lr 2.98e-04
2025-05-30 13:27:42,422 | INFO | Gradient norm: 0.0124
2025-05-30 13:27:42,430 | INFO | Train batch  1300/10986 | ms/batch 203.26 | loss 0.8807 | bpb  1.27 | ppl     2.41 | lr 2.98e-04
2025-05-30 13:28:02,709 | INFO | Gradient norm: 0.0132
2025-05-30 13:28:02,717 | INFO | Train batch  1400/10986 | ms/batch 203.23 | loss 0.8807 | bpb  1.27 | ppl     2.41 | lr 2.98e-04
2025-05-30 13:28:22,987 | INFO | Gradient norm: 0.0185
2025-05-30 13:28:22,995 | INFO | Train batch  1500/10986 | ms/batch 203.20 | loss 0.8806 | bpb  1.27 | ppl     2.41 | lr 2.97e-04
2025-05-30 13:28:43,284 | INFO | Gradient norm: 0.0124
2025-05-30 13:28:43,292 | INFO | Train batch  1600/10986 | ms/batch 203.18 | loss 0.8806 | bpb  1.27 | ppl     2.41 | lr 2.97e-04
2025-05-30 13:29:03,565 | INFO | Gradient norm: 0.0269
2025-05-30 13:29:03,573 | INFO | Train batch  1700/10986 | ms/batch 203.16 | loss 0.8806 | bpb  1.27 | ppl     2.41 | lr 2.97e-04
2025-05-30 13:29:23,859 | INFO | Gradient norm: 0.0146
2025-05-30 13:29:23,867 | INFO | Train batch  1800/10986 | ms/batch 203.15 | loss 0.8806 | bpb  1.27 | ppl     2.41 | lr 2.97e-04
2025-05-30 13:29:44,173 | INFO | Gradient norm: 0.0216
2025-05-30 13:29:44,181 | INFO | Train batch  1900/10986 | ms/batch 203.15 | loss 0.8806 | bpb  1.27 | ppl     2.41 | lr 2.97e-04
2025-05-30 13:30:04,495 | INFO | Gradient norm: 0.0180
2025-05-30 13:30:04,503 | INFO | Train batch  2000/10986 | ms/batch 203.15 | loss 0.8807 | bpb  1.27 | ppl     2.41 | lr 2.97e-04
2025-05-30 13:30:24,849 | INFO | Gradient norm: 0.0272
2025-05-30 13:30:24,857 | INFO | Train batch  2100/10986 | ms/batch 203.17 | loss 0.8806 | bpb  1.27 | ppl     2.41 | lr 2.97e-04
2025-05-30 13:30:45,150 | INFO | Gradient norm: 0.0144
2025-05-30 13:30:45,158 | INFO | Train batch  2200/10986 | ms/batch 203.16 | loss 0.8806 | bpb  1.27 | ppl     2.41 | lr 2.97e-04
2025-05-30 13:31:05,424 | INFO | Gradient norm: 0.0213
2025-05-30 13:31:05,431 | INFO | Train batch  2300/10986 | ms/batch 203.14 | loss 0.8806 | bpb  1.27 | ppl     2.41 | lr 2.97e-04
2025-05-30 13:31:25,702 | INFO | Gradient norm: 0.0160
2025-05-30 13:31:25,710 | INFO | Train batch  2400/10986 | ms/batch 203.13 | loss 0.8806 | bpb  1.27 | ppl     2.41 | lr 2.97e-04
2025-05-30 13:31:46,010 | INFO | Gradient norm: 0.0150
2025-05-30 13:31:46,018 | INFO | Train batch  2500/10986 | ms/batch 203.13 | loss 0.8806 | bpb  1.27 | ppl     2.41 | lr 2.97e-04
2025-05-30 13:32:06,330 | INFO | Gradient norm: 0.0192
2025-05-30 13:32:06,338 | INFO | Train batch  2600/10986 | ms/batch 203.13 | loss 0.8806 | bpb  1.27 | ppl     2.41 | lr 2.97e-04
2025-05-30 13:32:26,630 | INFO | Gradient norm: 0.0108
2025-05-30 13:32:26,638 | INFO | Train batch  2700/10986 | ms/batch 203.13 | loss 0.8806 | bpb  1.27 | ppl     2.41 | lr 2.97e-04
2025-05-30 13:32:46,922 | INFO | Gradient norm: 0.0100
2025-05-30 13:32:46,930 | INFO | Train batch  2800/10986 | ms/batch 203.12 | loss 0.8806 | bpb  1.27 | ppl     2.41 | lr 2.97e-04
2025-05-30 13:33:07,220 | INFO | Gradient norm: 0.0119
2025-05-30 13:33:07,228 | INFO | Train batch  2900/10986 | ms/batch 203.11 | loss 0.8806 | bpb  1.27 | ppl     2.41 | lr 2.97e-04
2025-05-30 13:33:27,474 | INFO | Gradient norm: 0.0231
2025-05-30 13:33:27,482 | INFO | Train batch  3000/10986 | ms/batch 203.09 | loss 0.8806 | bpb  1.27 | ppl     2.41 | lr 2.97e-04
2025-05-30 13:33:47,773 | INFO | Gradient norm: 0.0111
2025-05-30 13:33:47,781 | INFO | Train batch  3100/10986 | ms/batch 203.09 | loss 0.8806 | bpb  1.27 | ppl     2.41 | lr 2.97e-04
2025-05-30 13:34:08,054 | INFO | Gradient norm: 0.0140
2025-05-30 13:34:08,061 | INFO | Train batch  3200/10986 | ms/batch 203.08 | loss 0.8806 | bpb  1.27 | ppl     2.41 | lr 2.97e-04
2025-05-30 13:34:28,332 | INFO | Gradient norm: 0.0191
2025-05-30 13:34:28,340 | INFO | Train batch  3300/10986 | ms/batch 203.07 | loss 0.8806 | bpb  1.27 | ppl     2.41 | lr 2.97e-04
2025-05-30 13:34:48,658 | INFO | Gradient norm: 0.0265
2025-05-30 13:34:48,666 | INFO | Train batch  3400/10986 | ms/batch 203.08 | loss 0.8806 | bpb  1.27 | ppl     2.41 | lr 2.97e-04
2025-05-30 13:35:08,983 | INFO | Gradient norm: 0.0090
2025-05-30 13:35:08,991 | INFO | Train batch  3500/10986 | ms/batch 203.08 | loss 0.8806 | bpb  1.27 | ppl     2.41 | lr 2.97e-04
2025-05-30 13:35:29,305 | INFO | Gradient norm: 0.0110
2025-05-30 13:35:29,313 | INFO | Train batch  3600/10986 | ms/batch 203.09 | loss 0.8806 | bpb  1.27 | ppl     2.41 | lr 2.97e-04
2025-05-30 13:35:49,616 | INFO | Gradient norm: 0.0100
2025-05-30 13:35:49,624 | INFO | Train batch  3700/10986 | ms/batch 203.09 | loss 0.8806 | bpb  1.27 | ppl     2.41 | lr 2.97e-04
2025-05-30 13:36:09,882 | INFO | Gradient norm: 0.0298
2025-05-30 13:36:09,890 | INFO | Train batch  3800/10986 | ms/batch 203.08 | loss 0.8806 | bpb  1.27 | ppl     2.41 | lr 2.97e-04
2025-05-30 13:36:30,153 | INFO | Gradient norm: 0.0096
2025-05-30 13:36:30,160 | INFO | Train batch  3900/10986 | ms/batch 203.07 | loss 0.8806 | bpb  1.27 | ppl     2.41 | lr 2.97e-04
2025-05-30 13:36:50,516 | INFO | Gradient norm: 0.0242
2025-05-30 13:36:50,524 | INFO | Train batch  4000/10986 | ms/batch 203.08 | loss 0.8806 | bpb  1.27 | ppl     2.41 | lr 2.97e-04
2025-05-30 13:37:10,791 | INFO | Gradient norm: 0.0100
2025-05-30 13:37:10,799 | INFO | Train batch  4100/10986 | ms/batch 203.07 | loss 0.8806 | bpb  1.27 | ppl     2.41 | lr 2.97e-04
2025-05-30 13:37:31,072 | INFO | Gradient norm: 0.0165
2025-05-30 13:37:31,079 | INFO | Train batch  4200/10986 | ms/batch 203.07 | loss 0.8806 | bpb  1.27 | ppl     2.41 | lr 2.97e-04
2025-05-30 13:37:51,363 | INFO | Gradient norm: 0.0103
2025-05-30 13:37:51,371 | INFO | Train batch  4300/10986 | ms/batch 203.06 | loss 0.8806 | bpb  1.27 | ppl     2.41 | lr 2.97e-04
2025-05-30 13:38:11,647 | INFO | Gradient norm: 0.0084
2025-05-30 13:38:11,655 | INFO | Train batch  4400/10986 | ms/batch 203.06 | loss 0.8806 | bpb  1.27 | ppl     2.41 | lr 2.97e-04
2025-05-30 13:38:31,910 | INFO | Gradient norm: 0.0096
2025-05-30 13:38:31,918 | INFO | Train batch  4500/10986 | ms/batch 203.05 | loss 0.8806 | bpb  1.27 | ppl     2.41 | lr 2.97e-04
2025-05-30 13:38:52,213 | INFO | Gradient norm: 0.0119
2025-05-30 13:38:52,221 | INFO | Train batch  4600/10986 | ms/batch 203.05 | loss 0.8806 | bpb  1.27 | ppl     2.41 | lr 2.97e-04
2025-05-30 13:39:12,519 | INFO | Gradient norm: 0.0102
2025-05-30 13:39:12,527 | INFO | Train batch  4700/10986 | ms/batch 203.05 | loss 0.8806 | bpb  1.27 | ppl     2.41 | lr 2.97e-04
2025-05-30 13:39:32,826 | INFO | Gradient norm: 0.0085
2025-05-30 13:39:32,834 | INFO | Train batch  4800/10986 | ms/batch 203.05 | loss 0.8806 | bpb  1.27 | ppl     2.41 | lr 2.97e-04
2025-05-30 13:39:53,140 | INFO | Gradient norm: 0.0277
2025-05-30 13:39:53,148 | INFO | Train batch  4900/10986 | ms/batch 203.05 | loss 0.8806 | bpb  1.27 | ppl     2.41 | lr 2.97e-04
2025-05-30 13:40:13,427 | INFO | Gradient norm: 0.0082
2025-05-30 13:40:13,435 | INFO | Train batch  5000/10986 | ms/batch 203.05 | loss 0.8806 | bpb  1.27 | ppl     2.41 | lr 2.97e-04
2025-05-30 13:40:33,729 | INFO | Gradient norm: 0.0128
2025-05-30 13:40:33,737 | INFO | Train batch  5100/10986 | ms/batch 203.05 | loss 0.8806 | bpb  1.27 | ppl     2.41 | lr 2.97e-04
2025-05-30 13:40:54,030 | INFO | Gradient norm: 0.0115
2025-05-30 13:40:54,038 | INFO | Train batch  5200/10986 | ms/batch 203.05 | loss 0.8806 | bpb  1.27 | ppl     2.41 | lr 2.97e-04
2025-05-30 13:41:14,309 | INFO | Gradient norm: 0.0172
2025-05-30 13:41:14,317 | INFO | Train batch  5300/10986 | ms/batch 203.04 | loss 0.8806 | bpb  1.27 | ppl     2.41 | lr 2.97e-04
2025-05-30 13:41:34,609 | INFO | Gradient norm: 0.0097
2025-05-30 13:41:34,617 | INFO | Train batch  5400/10986 | ms/batch 203.04 | loss 0.8806 | bpb  1.27 | ppl     2.41 | lr 2.97e-04
2025-05-30 13:41:54,918 | INFO | Gradient norm: 0.0371
2025-05-30 13:41:54,926 | INFO | Train batch  5500/10986 | ms/batch 203.04 | loss 0.8806 | bpb  1.27 | ppl     2.41 | lr 2.97e-04
2025-05-30 13:42:15,195 | INFO | Gradient norm: 0.0154
2025-05-30 13:42:15,203 | INFO | Train batch  5600/10986 | ms/batch 203.04 | loss 0.8806 | bpb  1.27 | ppl     2.41 | lr 2.97e-04
2025-05-30 13:42:35,536 | INFO | Gradient norm: 0.0096
2025-05-30 13:42:35,544 | INFO | Train batch  5700/10986 | ms/batch 203.04 | loss 0.8806 | bpb  1.27 | ppl     2.41 | lr 2.97e-04
2025-05-30 13:42:55,837 | INFO | Gradient norm: 0.0264
2025-05-30 13:42:55,845 | INFO | Train batch  5800/10986 | ms/batch 203.04 | loss 0.8806 | bpb  1.27 | ppl     2.41 | lr 2.97e-04
2025-05-30 13:43:16,158 | INFO | Gradient norm: 0.0119
2025-05-30 13:43:16,166 | INFO | Train batch  5900/10986 | ms/batch 203.05 | loss 0.8806 | bpb  1.27 | ppl     2.41 | lr 2.97e-04
2025-05-30 13:43:36,461 | INFO | Gradient norm: 0.0160
2025-05-30 13:43:36,469 | INFO | Train batch  6000/10986 | ms/batch 203.05 | loss 0.8806 | bpb  1.27 | ppl     2.41 | lr 2.97e-04
2025-05-30 13:43:56,743 | INFO | Gradient norm: 0.0077
2025-05-30 13:43:56,751 | INFO | Train batch  6100/10986 | ms/batch 203.04 | loss 0.8806 | bpb  1.27 | ppl     2.41 | lr 2.97e-04
2025-05-30 13:44:17,040 | INFO | Gradient norm: 0.0087
2025-05-30 13:44:17,048 | INFO | Train batch  6200/10986 | ms/batch 203.04 | loss 0.8806 | bpb  1.27 | ppl     2.41 | lr 2.97e-04
2025-05-30 13:44:37,354 | INFO | Gradient norm: 0.0116
2025-05-30 13:44:37,362 | INFO | Train batch  6300/10986 | ms/batch 203.04 | loss 0.8806 | bpb  1.27 | ppl     2.41 | lr 2.97e-04
2025-05-30 13:44:57,627 | INFO | Gradient norm: 0.0102
2025-05-30 13:44:57,635 | INFO | Train batch  6400/10986 | ms/batch 203.04 | loss 0.8806 | bpb  1.27 | ppl     2.41 | lr 2.97e-04
2025-05-30 13:45:17,927 | INFO | Gradient norm: 0.0083
2025-05-30 13:45:17,935 | INFO | Train batch  6500/10986 | ms/batch 203.04 | loss 0.8806 | bpb  1.27 | ppl     2.41 | lr 2.97e-04
2025-05-30 13:45:38,231 | INFO | Gradient norm: 0.0115
2025-05-30 13:45:38,239 | INFO | Train batch  6600/10986 | ms/batch 203.04 | loss 0.8806 | bpb  1.27 | ppl     2.41 | lr 2.97e-04
2025-05-30 13:45:58,521 | INFO | Gradient norm: 0.0136
2025-05-30 13:45:58,529 | INFO | Train batch  6700/10986 | ms/batch 203.03 | loss 0.8806 | bpb  1.27 | ppl     2.41 | lr 2.97e-04
2025-05-30 13:46:18,819 | INFO | Gradient norm: 0.0391
2025-05-30 13:46:18,827 | INFO | Train batch  6800/10986 | ms/batch 203.03 | loss 0.8806 | bpb  1.27 | ppl     2.41 | lr 2.97e-04
2025-05-30 13:46:39,138 | INFO | Gradient norm: 0.0118
2025-05-30 13:46:39,146 | INFO | Train batch  6900/10986 | ms/batch 203.04 | loss 0.8806 | bpb  1.27 | ppl     2.41 | lr 2.97e-04
2025-05-30 13:46:59,460 | INFO | Gradient norm: 0.0166
2025-05-30 13:46:59,467 | INFO | Train batch  7000/10986 | ms/batch 203.04 | loss 0.8806 | bpb  1.27 | ppl     2.41 | lr 2.97e-04
2025-05-30 13:47:19,793 | INFO | Gradient norm: 0.0172
2025-05-30 13:47:19,801 | INFO | Train batch  7100/10986 | ms/batch 203.04 | loss 0.8806 | bpb  1.27 | ppl     2.41 | lr 2.97e-04
2025-05-30 13:47:40,078 | INFO | Gradient norm: 0.0099
2025-05-30 13:47:40,086 | INFO | Train batch  7200/10986 | ms/batch 203.04 | loss 0.8806 | bpb  1.27 | ppl     2.41 | lr 2.97e-04
2025-05-30 13:48:00,365 | INFO | Gradient norm: 0.0165
2025-05-30 13:48:00,373 | INFO | Train batch  7300/10986 | ms/batch 203.04 | loss 0.8806 | bpb  1.27 | ppl     2.41 | lr 2.97e-04
2025-05-30 13:48:20,669 | INFO | Gradient norm: 0.0084
2025-05-30 13:48:20,677 | INFO | Train batch  7400/10986 | ms/batch 203.04 | loss 0.8806 | bpb  1.27 | ppl     2.41 | lr 2.96e-04
2025-05-30 13:48:40,971 | INFO | Gradient norm: 0.0101
2025-05-30 13:48:40,979 | INFO | Train batch  7500/10986 | ms/batch 203.04 | loss 0.8806 | bpb  1.27 | ppl     2.41 | lr 2.96e-04
2025-05-30 13:49:01,284 | INFO | Gradient norm: 0.0088
2025-05-30 13:49:01,292 | INFO | Train batch  7600/10986 | ms/batch 203.04 | loss 0.8806 | bpb  1.27 | ppl     2.41 | lr 2.96e-04
2025-05-30 13:49:21,633 | INFO | Gradient norm: 0.0267
2025-05-30 13:49:21,641 | INFO | Train batch  7700/10986 | ms/batch 203.04 | loss 0.8806 | bpb  1.27 | ppl     2.41 | lr 2.96e-04
2025-05-30 13:49:41,920 | INFO | Gradient norm: 0.0144
2025-05-30 13:49:41,928 | INFO | Train batch  7800/10986 | ms/batch 203.04 | loss 0.8806 | bpb  1.27 | ppl     2.41 | lr 2.96e-04
2025-05-30 13:50:02,224 | INFO | Gradient norm: 0.0088
2025-05-30 13:50:02,232 | INFO | Train batch  7900/10986 | ms/batch 203.04 | loss 0.8806 | bpb  1.27 | ppl     2.41 | lr 2.96e-04
2025-05-30 13:50:22,548 | INFO | Gradient norm: 0.0182
2025-05-30 13:50:22,556 | INFO | Train batch  8000/10986 | ms/batch 203.04 | loss 0.8806 | bpb  1.27 | ppl     2.41 | lr 2.96e-04
2025-05-30 13:50:42,844 | INFO | Gradient norm: 0.0218
2025-05-30 13:50:42,852 | INFO | Train batch  8100/10986 | ms/batch 203.04 | loss 0.8806 | bpb  1.27 | ppl     2.41 | lr 2.96e-04
2025-05-30 13:51:03,131 | INFO | Gradient norm: 0.0100
2025-05-30 13:51:03,139 | INFO | Train batch  8200/10986 | ms/batch 203.04 | loss 0.8806 | bpb  1.27 | ppl     2.41 | lr 2.96e-04
2025-05-30 13:51:23,453 | INFO | Gradient norm: 0.0099
2025-05-30 13:51:23,461 | INFO | Train batch  8300/10986 | ms/batch 203.04 | loss 0.8805 | bpb  1.27 | ppl     2.41 | lr 2.96e-04
2025-05-30 13:51:43,767 | INFO | Gradient norm: 0.0111
2025-05-30 13:51:43,775 | INFO | Train batch  8400/10986 | ms/batch 203.04 | loss 0.8805 | bpb  1.27 | ppl     2.41 | lr 2.96e-04
2025-05-30 13:52:04,084 | INFO | Gradient norm: 0.0405
2025-05-30 13:52:04,092 | INFO | Train batch  8500/10986 | ms/batch 203.05 | loss 0.8805 | bpb  1.27 | ppl     2.41 | lr 2.96e-04
2025-05-30 13:52:24,407 | INFO | Gradient norm: 0.0114
2025-05-30 13:52:24,415 | INFO | Train batch  8600/10986 | ms/batch 203.05 | loss 0.8805 | bpb  1.27 | ppl     2.41 | lr 2.96e-04
2025-05-30 13:52:44,693 | INFO | Gradient norm: 0.0162
2025-05-30 13:52:44,701 | INFO | Train batch  8700/10986 | ms/batch 203.05 | loss 0.8805 | bpb  1.27 | ppl     2.41 | lr 2.96e-04
2025-05-30 13:53:05,010 | INFO | Gradient norm: 0.0098
2025-05-30 13:53:05,017 | INFO | Train batch  8800/10986 | ms/batch 203.05 | loss 0.8805 | bpb  1.27 | ppl     2.41 | lr 2.96e-04
2025-05-30 13:53:25,355 | INFO | Gradient norm: 0.0151
2025-05-30 13:53:25,363 | INFO | Train batch  8900/10986 | ms/batch 203.05 | loss 0.8805 | bpb  1.27 | ppl     2.41 | lr 2.96e-04
2025-05-30 13:53:45,671 | INFO | Gradient norm: 0.0121
2025-05-30 13:53:45,679 | INFO | Train batch  9000/10986 | ms/batch 203.05 | loss 0.8805 | bpb  1.27 | ppl     2.41 | lr 2.96e-04
2025-05-30 13:54:05,980 | INFO | Gradient norm: 0.0274
2025-05-30 13:54:05,987 | INFO | Train batch  9100/10986 | ms/batch 203.05 | loss 0.8805 | bpb  1.27 | ppl     2.41 | lr 2.96e-04
2025-05-30 13:54:26,287 | INFO | Gradient norm: 0.0138
2025-05-30 13:54:26,294 | INFO | Train batch  9200/10986 | ms/batch 203.05 | loss 0.8805 | bpb  1.27 | ppl     2.41 | lr 2.96e-04
2025-05-30 13:54:46,603 | INFO | Gradient norm: 0.0122
2025-05-30 13:54:46,611 | INFO | Train batch  9300/10986 | ms/batch 203.06 | loss 0.8805 | bpb  1.27 | ppl     2.41 | lr 2.96e-04
2025-05-30 13:55:06,943 | INFO | Gradient norm: 0.0165
2025-05-30 13:55:06,950 | INFO | Train batch  9400/10986 | ms/batch 203.06 | loss 0.8805 | bpb  1.27 | ppl     2.41 | lr 2.96e-04
2025-05-30 13:55:27,247 | INFO | Gradient norm: 0.0276
2025-05-30 13:55:27,254 | INFO | Train batch  9500/10986 | ms/batch 203.06 | loss 0.8805 | bpb  1.27 | ppl     2.41 | lr 2.96e-04
2025-05-30 13:55:47,581 | INFO | Gradient norm: 0.0300
2025-05-30 13:55:47,589 | INFO | Train batch  9600/10986 | ms/batch 203.06 | loss 0.8805 | bpb  1.27 | ppl     2.41 | lr 2.96e-04
2025-05-30 13:56:07,884 | INFO | Gradient norm: 0.0302
2025-05-30 13:56:07,892 | INFO | Train batch  9700/10986 | ms/batch 203.06 | loss 0.8805 | bpb  1.27 | ppl     2.41 | lr 2.96e-04
2025-05-30 13:56:28,166 | INFO | Gradient norm: 0.0101
2025-05-30 13:56:28,174 | INFO | Train batch  9800/10986 | ms/batch 203.06 | loss 0.8805 | bpb  1.27 | ppl     2.41 | lr 2.96e-04
2025-05-30 13:56:48,464 | INFO | Gradient norm: 0.0197
2025-05-30 13:56:48,472 | INFO | Train batch  9900/10986 | ms/batch 203.06 | loss 0.8805 | bpb  1.27 | ppl     2.41 | lr 2.96e-04
2025-05-30 13:57:08,803 | INFO | Gradient norm: 0.0278
2025-05-30 13:57:08,811 | INFO | Train batch 10000/10986 | ms/batch 203.06 | loss 0.8805 | bpb  1.27 | ppl     2.41 | lr 2.96e-04
2025-05-30 13:57:29,101 | INFO | Gradient norm: 0.0165
2025-05-30 13:57:29,109 | INFO | Train batch 10100/10986 | ms/batch 203.06 | loss 0.8805 | bpb  1.27 | ppl     2.41 | lr 2.96e-04
2025-05-30 13:57:49,426 | INFO | Gradient norm: 0.0148
2025-05-30 13:57:49,433 | INFO | Train batch 10200/10986 | ms/batch 203.06 | loss 0.8805 | bpb  1.27 | ppl     2.41 | lr 2.96e-04
2025-05-30 13:58:09,735 | INFO | Gradient norm: 0.0091
2025-05-30 13:58:09,743 | INFO | Train batch 10300/10986 | ms/batch 203.06 | loss 0.8805 | bpb  1.27 | ppl     2.41 | lr 2.96e-04
2025-05-30 13:58:30,066 | INFO | Gradient norm: 0.0314
2025-05-30 13:58:30,074 | INFO | Train batch 10400/10986 | ms/batch 203.07 | loss 0.8805 | bpb  1.27 | ppl     2.41 | lr 2.96e-04
2025-05-30 13:58:50,407 | INFO | Gradient norm: 0.0090
2025-05-30 13:58:50,415 | INFO | Train batch 10500/10986 | ms/batch 203.07 | loss 0.8805 | bpb  1.27 | ppl     2.41 | lr 2.96e-04
2025-05-30 13:59:10,716 | INFO | Gradient norm: 0.0134
2025-05-30 13:59:10,724 | INFO | Train batch 10600/10986 | ms/batch 203.07 | loss 0.8805 | bpb  1.27 | ppl     2.41 | lr 2.96e-04
2025-05-30 13:59:31,021 | INFO | Gradient norm: 0.0165
2025-05-30 13:59:31,029 | INFO | Train batch 10700/10986 | ms/batch 203.07 | loss 0.8805 | bpb  1.27 | ppl     2.41 | lr 2.96e-04
2025-05-30 13:59:51,315 | INFO | Gradient norm: 0.0098
2025-05-30 13:59:51,323 | INFO | Train batch 10800/10986 | ms/batch 203.07 | loss 0.8805 | bpb  1.27 | ppl     2.41 | lr 2.96e-04
2025-05-30 14:00:11,626 | INFO | Gradient norm: 0.0090
2025-05-30 14:00:11,633 | INFO | Train batch 10900/10986 | ms/batch 203.07 | loss 0.8805 | bpb  1.27 | ppl     2.41 | lr 2.96e-04
2025-05-30 14:01:47,118 | INFO | Epoch   3 | time: 2309.12s | train bpb  1.27 | valid bpb  1.27
2025-05-30 14:01:48,413 | INFO | Saved new best model with validation bpb:  1.27
2025-05-30 14:01:48,472 | INFO | Input shape: torch.Size([16, 511]), Target shape: torch.Size([16, 511])
2025-05-30 14:01:48,472 | INFO | Input range: [10, 226]
2025-05-30 14:01:48,473 | INFO | Target range: [10, 226]
2025-05-30 14:01:48,509 | INFO | Output shape: torch.Size([8176, 256]), Reshaped target shape: torch.Size([8176])
2025-05-30 14:01:48,510 | INFO | Output range: [-10.234375, 10.0234375]
2025-05-30 14:01:48,511 | INFO | Sample probabilities: max=0.9096284508705139, min=0.0002447135339025408
2025-05-30 14:01:48,511 | INFO | Raw loss value: 0.88033127784729
2025-05-30 14:01:48,511 | INFO | Batch 0 loss stats - Mean: -0.2676, Std: 1.1270
2025-05-30 14:01:48,661 | INFO | Gradient norm: 0.0089
2025-05-30 14:01:48,669 | INFO | Train batch     0/10986 | ms/batch 196.78 | loss 0.8803 | bpb  1.27 | ppl     2.41 | lr 2.96e-04
2025-05-30 14:02:08,948 | INFO | Gradient norm: 0.0080
2025-05-30 14:02:08,956 | INFO | Train batch   100/10986 | ms/batch 202.81 | loss 0.8817 | bpb  1.27 | ppl     2.42 | lr 2.96e-04
2025-05-30 14:02:29,249 | INFO | Gradient norm: 0.0161
2025-05-30 14:02:29,257 | INFO | Train batch   200/10986 | ms/batch 202.91 | loss 0.8813 | bpb  1.27 | ppl     2.41 | lr 2.96e-04
2025-05-30 14:02:49,617 | INFO | Gradient norm: 0.0148
2025-05-30 14:02:49,624 | INFO | Train batch   300/10986 | ms/batch 203.16 | loss 0.8809 | bpb  1.27 | ppl     2.41 | lr 2.96e-04
2025-05-30 14:03:09,930 | INFO | Gradient norm: 0.0222
2025-05-30 14:03:09,938 | INFO | Train batch   400/10986 | ms/batch 203.16 | loss 0.8808 | bpb  1.27 | ppl     2.41 | lr 2.96e-04
2025-05-30 14:03:30,252 | INFO | Gradient norm: 0.0280
2025-05-30 14:03:30,260 | INFO | Train batch   500/10986 | ms/batch 203.17 | loss 0.8807 | bpb  1.27 | ppl     2.41 | lr 2.96e-04
2025-05-30 14:03:50,536 | INFO | Gradient norm: 0.0098
2025-05-30 14:03:50,544 | INFO | Train batch   600/10986 | ms/batch 203.12 | loss 0.8806 | bpb  1.27 | ppl     2.41 | lr 2.96e-04
2025-05-30 14:04:10,842 | INFO | Gradient norm: 0.0116
2025-05-30 14:04:10,849 | INFO | Train batch   700/10986 | ms/batch 203.11 | loss 0.8806 | bpb  1.27 | ppl     2.41 | lr 2.96e-04
2025-05-30 14:04:31,133 | INFO | Gradient norm: 0.0080
2025-05-30 14:04:31,140 | INFO | Train batch   800/10986 | ms/batch 203.08 | loss 0.8805 | bpb  1.27 | ppl     2.41 | lr 2.96e-04
2025-05-30 14:04:51,454 | INFO | Gradient norm: 0.0382
2025-05-30 14:04:51,461 | INFO | Train batch   900/10986 | ms/batch 203.10 | loss 0.8805 | bpb  1.27 | ppl     2.41 | lr 2.96e-04
2025-05-30 14:05:11,763 | INFO | Gradient norm: 0.0145
2025-05-30 14:05:11,770 | INFO | Train batch  1000/10986 | ms/batch 203.10 | loss 0.8805 | bpb  1.27 | ppl     2.41 | lr 2.96e-04
2025-05-30 14:05:32,084 | INFO | Gradient norm: 0.0343
2025-05-30 14:05:32,092 | INFO | Train batch  1100/10986 | ms/batch 203.11 | loss 0.8805 | bpb  1.27 | ppl     2.41 | lr 2.96e-04
2025-05-30 14:05:52,374 | INFO | Gradient norm: 0.0150
2025-05-30 14:05:52,382 | INFO | Train batch  1200/10986 | ms/batch 203.09 | loss 0.8805 | bpb  1.27 | ppl     2.41 | lr 2.96e-04
2025-05-30 14:06:12,668 | INFO | Gradient norm: 0.0225
2025-05-30 14:06:12,676 | INFO | Train batch  1300/10986 | ms/batch 203.08 | loss 0.8804 | bpb  1.27 | ppl     2.41 | lr 2.96e-04
2025-05-30 14:06:32,963 | INFO | Gradient norm: 0.0120
2025-05-30 14:06:32,971 | INFO | Train batch  1400/10986 | ms/batch 203.07 | loss 0.8804 | bpb  1.27 | ppl     2.41 | lr 2.96e-04
2025-05-30 14:06:53,249 | INFO | Gradient norm: 0.0218
2025-05-30 14:06:53,256 | INFO | Train batch  1500/10986 | ms/batch 203.05 | loss 0.8804 | bpb  1.27 | ppl     2.41 | lr 2.96e-04
2025-05-30 14:07:13,573 | INFO | Gradient norm: 0.0280
2025-05-30 14:07:13,581 | INFO | Train batch  1600/10986 | ms/batch 203.07 | loss 0.8804 | bpb  1.27 | ppl     2.41 | lr 2.95e-04
2025-05-30 14:07:33,854 | INFO | Gradient norm: 0.0432
2025-05-30 14:07:33,862 | INFO | Train batch  1700/10986 | ms/batch 203.05 | loss 0.8804 | bpb  1.27 | ppl     2.41 | lr 2.95e-04
2025-05-30 14:07:54,124 | INFO | Gradient norm: 0.0137
2025-05-30 14:07:54,132 | INFO | Train batch  1800/10986 | ms/batch 203.03 | loss 0.8804 | bpb  1.27 | ppl     2.41 | lr 2.95e-04
2025-05-30 14:08:14,414 | INFO | Gradient norm: 0.0227
2025-05-30 14:08:14,422 | INFO | Train batch  1900/10986 | ms/batch 203.02 | loss 0.8804 | bpb  1.27 | ppl     2.41 | lr 2.95e-04
2025-05-30 14:08:34,723 | INFO | Gradient norm: 0.0092
2025-05-30 14:08:34,731 | INFO | Train batch  2000/10986 | ms/batch 203.03 | loss 0.8804 | bpb  1.27 | ppl     2.41 | lr 2.95e-04
2025-05-30 14:08:55,025 | INFO | Gradient norm: 0.0321
2025-05-30 14:08:55,033 | INFO | Train batch  2100/10986 | ms/batch 203.03 | loss 0.8804 | bpb  1.27 | ppl     2.41 | lr 2.95e-04
2025-05-30 14:09:15,340 | INFO | Gradient norm: 0.0314
2025-05-30 14:09:15,348 | INFO | Train batch  2200/10986 | ms/batch 203.03 | loss 0.8804 | bpb  1.27 | ppl     2.41 | lr 2.95e-04
2025-05-30 14:09:35,644 | INFO | Gradient norm: 0.0084
2025-05-30 14:09:35,651 | INFO | Train batch  2300/10986 | ms/batch 203.03 | loss 0.8804 | bpb  1.27 | ppl     2.41 | lr 2.95e-04
2025-05-30 14:09:55,992 | INFO | Gradient norm: 0.0246
2025-05-30 14:09:56,000 | INFO | Train batch  2400/10986 | ms/batch 203.05 | loss 0.8804 | bpb  1.27 | ppl     2.41 | lr 2.95e-04
2025-05-30 14:10:16,345 | INFO | Gradient norm: 0.0088
2025-05-30 14:10:16,353 | INFO | Train batch  2500/10986 | ms/batch 203.07 | loss 0.8804 | bpb  1.27 | ppl     2.41 | lr 2.95e-04
2025-05-30 14:10:36,650 | INFO | Gradient norm: 0.0088
2025-05-30 14:10:36,658 | INFO | Train batch  2600/10986 | ms/batch 203.07 | loss 0.8804 | bpb  1.27 | ppl     2.41 | lr 2.95e-04
2025-05-30 14:10:56,954 | INFO | Gradient norm: 0.0086
2025-05-30 14:10:56,962 | INFO | Train batch  2700/10986 | ms/batch 203.07 | loss 0.8804 | bpb  1.27 | ppl     2.41 | lr 2.95e-04
2025-05-30 14:11:17,282 | INFO | Gradient norm: 0.0098
2025-05-30 14:11:17,290 | INFO | Train batch  2800/10986 | ms/batch 203.08 | loss 0.8804 | bpb  1.27 | ppl     2.41 | lr 2.95e-04
2025-05-30 14:11:37,608 | INFO | Gradient norm: 0.0103
2025-05-30 14:11:37,616 | INFO | Train batch  2900/10986 | ms/batch 203.08 | loss 0.8804 | bpb  1.27 | ppl     2.41 | lr 2.95e-04
2025-05-30 14:11:57,900 | INFO | Gradient norm: 0.0109
2025-05-30 14:11:57,908 | INFO | Train batch  3000/10986 | ms/batch 203.08 | loss 0.8804 | bpb  1.27 | ppl     2.41 | lr 2.95e-04
2025-05-30 14:12:18,212 | INFO | Gradient norm: 0.0206
2025-05-30 14:12:18,220 | INFO | Train batch  3100/10986 | ms/batch 203.08 | loss 0.8804 | bpb  1.27 | ppl     2.41 | lr 2.95e-04
2025-05-30 14:12:38,502 | INFO | Gradient norm: 0.0140
2025-05-30 14:12:38,510 | INFO | Train batch  3200/10986 | ms/batch 203.07 | loss 0.8804 | bpb  1.27 | ppl     2.41 | lr 2.95e-04
2025-05-30 14:12:58,785 | INFO | Gradient norm: 0.0087
2025-05-30 14:12:58,793 | INFO | Train batch  3300/10986 | ms/batch 203.07 | loss 0.8804 | bpb  1.27 | ppl     2.41 | lr 2.95e-04
2025-05-30 14:13:19,108 | INFO | Gradient norm: 0.0133
2025-05-30 14:13:19,116 | INFO | Train batch  3400/10986 | ms/batch 203.07 | loss 0.8804 | bpb  1.27 | ppl     2.41 | lr 2.95e-04
2025-05-30 14:13:39,427 | INFO | Gradient norm: 0.0127
2025-05-30 14:13:39,435 | INFO | Train batch  3500/10986 | ms/batch 203.07 | loss 0.8804 | bpb  1.27 | ppl     2.41 | lr 2.95e-04
2025-05-30 14:13:59,770 | INFO | Gradient norm: 0.0176
2025-05-30 14:13:59,778 | INFO | Train batch  3600/10986 | ms/batch 203.08 | loss 0.8804 | bpb  1.27 | ppl     2.41 | lr 2.95e-04
2025-05-30 14:14:20,087 | INFO | Gradient norm: 0.0277
2025-05-30 14:14:20,095 | INFO | Train batch  3700/10986 | ms/batch 203.09 | loss 0.8804 | bpb  1.27 | ppl     2.41 | lr 2.95e-04
2025-05-30 14:14:40,413 | INFO | Gradient norm: 0.0193
2025-05-30 14:14:40,421 | INFO | Train batch  3800/10986 | ms/batch 203.09 | loss 0.8804 | bpb  1.27 | ppl     2.41 | lr 2.95e-04
2025-05-30 14:15:00,719 | INFO | Gradient norm: 0.0089
2025-05-30 14:15:00,727 | INFO | Train batch  3900/10986 | ms/batch 203.09 | loss 0.8804 | bpb  1.27 | ppl     2.41 | lr 2.95e-04
2025-05-30 14:15:21,020 | INFO | Gradient norm: 0.0099
2025-05-30 14:15:21,028 | INFO | Train batch  4000/10986 | ms/batch 203.09 | loss 0.8804 | bpb  1.27 | ppl     2.41 | lr 2.95e-04
2025-05-30 14:15:41,328 | INFO | Gradient norm: 0.0088
2025-05-30 14:15:41,336 | INFO | Train batch  4100/10986 | ms/batch 203.09 | loss 0.8804 | bpb  1.27 | ppl     2.41 | lr 2.95e-04
2025-05-30 14:16:01,653 | INFO | Gradient norm: 0.0086
2025-05-30 14:16:01,661 | INFO | Train batch  4200/10986 | ms/batch 203.09 | loss 0.8804 | bpb  1.27 | ppl     2.41 | lr 2.95e-04
2025-05-30 14:16:21,947 | INFO | Gradient norm: 0.0086
2025-05-30 14:16:21,955 | INFO | Train batch  4300/10986 | ms/batch 203.09 | loss 0.8804 | bpb  1.27 | ppl     2.41 | lr 2.95e-04
2025-05-30 14:16:42,271 | INFO | Gradient norm: 0.0268
2025-05-30 14:16:42,279 | INFO | Train batch  4400/10986 | ms/batch 203.09 | loss 0.8804 | bpb  1.27 | ppl     2.41 | lr 2.95e-04
2025-05-30 14:17:02,587 | INFO | Gradient norm: 0.0198
2025-05-30 14:17:02,595 | INFO | Train batch  4500/10986 | ms/batch 203.09 | loss 0.8804 | bpb  1.27 | ppl     2.41 | lr 2.95e-04
2025-05-30 14:17:22,900 | INFO | Gradient norm: 0.0126
2025-05-30 14:17:22,908 | INFO | Train batch  4600/10986 | ms/batch 203.09 | loss 0.8804 | bpb  1.27 | ppl     2.41 | lr 2.95e-04
2025-05-30 14:17:43,215 | INFO | Gradient norm: 0.0102
2025-05-30 14:17:43,222 | INFO | Train batch  4700/10986 | ms/batch 203.10 | loss 0.8804 | bpb  1.27 | ppl     2.41 | lr 2.95e-04
2025-05-30 14:18:03,521 | INFO | Gradient norm: 0.0130
2025-05-30 14:18:03,529 | INFO | Train batch  4800/10986 | ms/batch 203.09 | loss 0.8804 | bpb  1.27 | ppl     2.41 | lr 2.95e-04
2025-05-30 14:18:23,805 | INFO | Gradient norm: 0.0152
2025-05-30 14:18:23,813 | INFO | Train batch  4900/10986 | ms/batch 203.09 | loss 0.8804 | bpb  1.27 | ppl     2.41 | lr 2.95e-04
2025-05-30 14:18:44,131 | INFO | Gradient norm: 0.0174
2025-05-30 14:18:44,138 | INFO | Train batch  5000/10986 | ms/batch 203.09 | loss 0.8804 | bpb  1.27 | ppl     2.41 | lr 2.95e-04
2025-05-30 14:19:04,460 | INFO | Gradient norm: 0.0120
2025-05-30 14:19:04,467 | INFO | Train batch  5100/10986 | ms/batch 203.10 | loss 0.8804 | bpb  1.27 | ppl     2.41 | lr 2.95e-04
2025-05-30 14:19:24,778 | INFO | Gradient norm: 0.0117
2025-05-30 14:19:24,785 | INFO | Train batch  5200/10986 | ms/batch 203.10 | loss 0.8804 | bpb  1.27 | ppl     2.41 | lr 2.95e-04
2025-05-30 14:19:45,067 | INFO | Gradient norm: 0.0088
2025-05-30 14:19:45,075 | INFO | Train batch  5300/10986 | ms/batch 203.09 | loss 0.8804 | bpb  1.27 | ppl     2.41 | lr 2.95e-04
2025-05-30 14:20:05,374 | INFO | Gradient norm: 0.0133
2025-05-30 14:20:05,382 | INFO | Train batch  5400/10986 | ms/batch 203.09 | loss 0.8803 | bpb  1.27 | ppl     2.41 | lr 2.95e-04
2025-05-30 14:20:25,711 | INFO | Gradient norm: 0.0149
2025-05-30 14:20:25,719 | INFO | Train batch  5500/10986 | ms/batch 203.10 | loss 0.8804 | bpb  1.27 | ppl     2.41 | lr 2.95e-04
2025-05-30 14:20:46,046 | INFO | Gradient norm: 0.0093
2025-05-30 14:20:46,054 | INFO | Train batch  5600/10986 | ms/batch 203.10 | loss 0.8803 | bpb  1.27 | ppl     2.41 | lr 2.95e-04
2025-05-30 14:21:06,341 | INFO | Gradient norm: 0.0242
2025-05-30 14:21:06,348 | INFO | Train batch  5700/10986 | ms/batch 203.10 | loss 0.8803 | bpb  1.27 | ppl     2.41 | lr 2.95e-04
2025-05-30 14:21:26,653 | INFO | Gradient norm: 0.0129
2025-05-30 14:21:26,660 | INFO | Train batch  5800/10986 | ms/batch 203.10 | loss 0.8803 | bpb  1.27 | ppl     2.41 | lr 2.95e-04
2025-05-30 14:21:46,949 | INFO | Gradient norm: 0.0075
2025-05-30 14:21:46,957 | INFO | Train batch  5900/10986 | ms/batch 203.10 | loss 0.8803 | bpb  1.27 | ppl     2.41 | lr 2.95e-04
2025-05-30 14:22:07,242 | INFO | Gradient norm: 0.0215
2025-05-30 14:22:07,250 | INFO | Train batch  6000/10986 | ms/batch 203.10 | loss 0.8803 | bpb  1.27 | ppl     2.41 | lr 2.95e-04
2025-05-30 14:22:27,542 | INFO | Gradient norm: 0.0179
2025-05-30 14:22:27,550 | INFO | Train batch  6100/10986 | ms/batch 203.09 | loss 0.8803 | bpb  1.27 | ppl     2.41 | lr 2.95e-04
2025-05-30 14:22:47,822 | INFO | Gradient norm: 0.0109
2025-05-30 14:22:47,830 | INFO | Train batch  6200/10986 | ms/batch 203.09 | loss 0.8803 | bpb  1.27 | ppl     2.41 | lr 2.94e-04
2025-05-30 14:23:08,187 | INFO | Gradient norm: 0.0235
2025-05-30 14:23:08,195 | INFO | Train batch  6300/10986 | ms/batch 203.10 | loss 0.8803 | bpb  1.27 | ppl     2.41 | lr 2.94e-04
2025-05-30 14:23:28,484 | INFO | Gradient norm: 0.0285
2025-05-30 14:23:28,491 | INFO | Train batch  6400/10986 | ms/batch 203.10 | loss 0.8803 | bpb  1.27 | ppl     2.41 | lr 2.94e-04
2025-05-30 14:23:48,758 | INFO | Gradient norm: 0.0137
2025-05-30 14:23:48,766 | INFO | Train batch  6500/10986 | ms/batch 203.09 | loss 0.8803 | bpb  1.27 | ppl     2.41 | lr 2.94e-04
2025-05-30 14:24:09,063 | INFO | Gradient norm: 0.0114
2025-05-30 14:24:09,071 | INFO | Train batch  6600/10986 | ms/batch 203.09 | loss 0.8803 | bpb  1.27 | ppl     2.41 | lr 2.94e-04
2025-05-30 14:24:29,359 | INFO | Gradient norm: 0.0137
2025-05-30 14:24:29,367 | INFO | Train batch  6700/10986 | ms/batch 203.09 | loss 0.8803 | bpb  1.27 | ppl     2.41 | lr 2.94e-04
2025-05-30 14:24:49,716 | INFO | Gradient norm: 0.0123
2025-05-30 14:24:49,724 | INFO | Train batch  6800/10986 | ms/batch 203.10 | loss 0.8803 | bpb  1.27 | ppl     2.41 | lr 2.94e-04
2025-05-30 14:25:09,990 | INFO | Gradient norm: 0.0148
2025-05-30 14:25:09,998 | INFO | Train batch  6900/10986 | ms/batch 203.09 | loss 0.8803 | bpb  1.27 | ppl     2.41 | lr 2.94e-04
2025-05-30 14:25:30,314 | INFO | Gradient norm: 0.0156
2025-05-30 14:25:30,322 | INFO | Train batch  7000/10986 | ms/batch 203.09 | loss 0.8803 | bpb  1.27 | ppl     2.41 | lr 2.94e-04
2025-05-30 14:25:50,644 | INFO | Gradient norm: 0.0082
2025-05-30 14:25:50,652 | INFO | Train batch  7100/10986 | ms/batch 203.10 | loss 0.8803 | bpb  1.27 | ppl     2.41 | lr 2.94e-04
2025-05-30 14:26:10,933 | INFO | Gradient norm: 0.0118
2025-05-30 14:26:10,941 | INFO | Train batch  7200/10986 | ms/batch 203.09 | loss 0.8803 | bpb  1.27 | ppl     2.41 | lr 2.94e-04
2025-05-30 14:26:31,232 | INFO | Gradient norm: 0.0094
2025-05-30 14:26:31,240 | INFO | Train batch  7300/10986 | ms/batch 203.09 | loss 0.8803 | bpb  1.27 | ppl     2.41 | lr 2.94e-04
2025-05-30 14:26:51,573 | INFO | Gradient norm: 0.0181
2025-05-30 14:26:51,581 | INFO | Train batch  7400/10986 | ms/batch 203.10 | loss 0.8803 | bpb  1.27 | ppl     2.41 | lr 2.94e-04
2025-05-30 14:27:11,907 | INFO | Gradient norm: 0.0098
2025-05-30 14:27:11,915 | INFO | Train batch  7500/10986 | ms/batch 203.10 | loss 0.8803 | bpb  1.27 | ppl     2.41 | lr 2.94e-04
2025-05-30 14:27:32,249 | INFO | Gradient norm: 0.0147
2025-05-30 14:27:32,257 | INFO | Train batch  7600/10986 | ms/batch 203.10 | loss 0.8803 | bpb  1.27 | ppl     2.41 | lr 2.94e-04
2025-05-30 14:27:52,558 | INFO | Gradient norm: 0.0139
2025-05-30 14:27:52,566 | INFO | Train batch  7700/10986 | ms/batch 203.10 | loss 0.8803 | bpb  1.27 | ppl     2.41 | lr 2.94e-04
2025-05-30 14:28:12,882 | INFO | Gradient norm: 0.0152
2025-05-30 14:28:12,890 | INFO | Train batch  7800/10986 | ms/batch 203.10 | loss 0.8803 | bpb  1.27 | ppl     2.41 | lr 2.94e-04
2025-05-30 14:28:33,204 | INFO | Gradient norm: 0.0147
2025-05-30 14:28:33,212 | INFO | Train batch  7900/10986 | ms/batch 203.11 | loss 0.8803 | bpb  1.27 | ppl     2.41 | lr 2.94e-04
2025-05-30 14:28:53,536 | INFO | Gradient norm: 0.0118
2025-05-30 14:28:53,544 | INFO | Train batch  8000/10986 | ms/batch 203.11 | loss 0.8803 | bpb  1.27 | ppl     2.41 | lr 2.94e-04
2025-05-30 14:29:13,863 | INFO | Gradient norm: 0.0069
2025-05-30 14:29:13,871 | INFO | Train batch  8100/10986 | ms/batch 203.11 | loss 0.8803 | bpb  1.27 | ppl     2.41 | lr 2.94e-04
2025-05-30 14:29:34,198 | INFO | Gradient norm: 0.0149
2025-05-30 14:29:34,206 | INFO | Train batch  8200/10986 | ms/batch 203.11 | loss 0.8803 | bpb  1.27 | ppl     2.41 | lr 2.94e-04
2025-05-30 14:29:54,513 | INFO | Gradient norm: 0.0173
2025-05-30 14:29:54,521 | INFO | Train batch  8300/10986 | ms/batch 203.11 | loss 0.8803 | bpb  1.27 | ppl     2.41 | lr 2.94e-04
2025-05-30 14:30:14,810 | INFO | Gradient norm: 0.0106
2025-05-30 14:30:14,817 | INFO | Train batch  8400/10986 | ms/batch 203.11 | loss 0.8803 | bpb  1.27 | ppl     2.41 | lr 2.94e-04
2025-05-30 14:30:35,109 | INFO | Gradient norm: 0.0342
2025-05-30 14:30:35,117 | INFO | Train batch  8500/10986 | ms/batch 203.11 | loss 0.8803 | bpb  1.27 | ppl     2.41 | lr 2.94e-04
2025-05-30 14:30:55,439 | INFO | Gradient norm: 0.0145
2025-05-30 14:30:55,447 | INFO | Train batch  8600/10986 | ms/batch 203.11 | loss 0.8803 | bpb  1.27 | ppl     2.41 | lr 2.94e-04
2025-05-30 14:31:15,725 | INFO | Gradient norm: 0.0093
2025-05-30 14:31:15,733 | INFO | Train batch  8700/10986 | ms/batch 203.11 | loss 0.8803 | bpb  1.27 | ppl     2.41 | lr 2.94e-04
2025-05-30 14:31:36,044 | INFO | Gradient norm: 0.0164
2025-05-30 14:31:36,052 | INFO | Train batch  8800/10986 | ms/batch 203.11 | loss 0.8803 | bpb  1.27 | ppl     2.41 | lr 2.94e-04
2025-05-30 14:31:56,384 | INFO | Gradient norm: 0.0228
2025-05-30 14:31:56,392 | INFO | Train batch  8900/10986 | ms/batch 203.11 | loss 0.8803 | bpb  1.27 | ppl     2.41 | lr 2.94e-04
2025-05-30 14:32:16,719 | INFO | Gradient norm: 0.0102
2025-05-30 14:32:16,727 | INFO | Train batch  9000/10986 | ms/batch 203.12 | loss 0.8803 | bpb  1.27 | ppl     2.41 | lr 2.94e-04
2025-05-30 14:32:37,082 | INFO | Gradient norm: 0.0136
2025-05-30 14:32:37,090 | INFO | Train batch  9100/10986 | ms/batch 203.12 | loss 0.8803 | bpb  1.27 | ppl     2.41 | lr 2.94e-04
2025-05-30 14:32:57,410 | INFO | Gradient norm: 0.0080
2025-05-30 14:32:57,418 | INFO | Train batch  9200/10986 | ms/batch 203.12 | loss 0.8803 | bpb  1.27 | ppl     2.41 | lr 2.94e-04
2025-05-30 14:33:17,732 | INFO | Gradient norm: 0.0207
2025-05-30 14:33:17,740 | INFO | Train batch  9300/10986 | ms/batch 203.13 | loss 0.8803 | bpb  1.27 | ppl     2.41 | lr 2.94e-04
2025-05-30 14:33:38,031 | INFO | Gradient norm: 0.0079
2025-05-30 14:33:38,039 | INFO | Train batch  9400/10986 | ms/batch 203.12 | loss 0.8803 | bpb  1.27 | ppl     2.41 | lr 2.94e-04
2025-05-30 14:33:58,347 | INFO | Gradient norm: 0.0178
2025-05-30 14:33:58,355 | INFO | Train batch  9500/10986 | ms/batch 203.12 | loss 0.8803 | bpb  1.27 | ppl     2.41 | lr 2.94e-04
2025-05-30 14:34:18,719 | INFO | Gradient norm: 0.0183
2025-05-30 14:34:18,727 | INFO | Train batch  9600/10986 | ms/batch 203.13 | loss 0.8803 | bpb  1.27 | ppl     2.41 | lr 2.94e-04
2025-05-30 14:34:39,033 | INFO | Gradient norm: 0.0397
2025-05-30 14:34:39,041 | INFO | Train batch  9700/10986 | ms/batch 203.13 | loss 0.8803 | bpb  1.27 | ppl     2.41 | lr 2.94e-04
2025-05-30 14:34:59,319 | INFO | Gradient norm: 0.0093
2025-05-30 14:34:59,327 | INFO | Train batch  9800/10986 | ms/batch 203.13 | loss 0.8803 | bpb  1.27 | ppl     2.41 | lr 2.94e-04
2025-05-30 14:35:19,628 | INFO | Gradient norm: 0.0312
2025-05-30 14:35:19,636 | INFO | Train batch  9900/10986 | ms/batch 203.13 | loss 0.8803 | bpb  1.27 | ppl     2.41 | lr 2.94e-04
2025-05-30 14:35:39,974 | INFO | Gradient norm: 0.0267
2025-05-30 14:35:39,982 | INFO | Train batch 10000/10986 | ms/batch 203.13 | loss 0.8803 | bpb  1.27 | ppl     2.41 | lr 2.94e-04
2025-05-30 14:36:00,272 | INFO | Gradient norm: 0.0134
2025-05-30 14:36:00,280 | INFO | Train batch 10100/10986 | ms/batch 203.13 | loss 0.8803 | bpb  1.27 | ppl     2.41 | lr 2.94e-04
2025-05-30 14:36:20,569 | INFO | Gradient norm: 0.0090
2025-05-30 14:36:20,577 | INFO | Train batch 10200/10986 | ms/batch 203.13 | loss 0.8803 | bpb  1.27 | ppl     2.41 | lr 2.94e-04
2025-05-30 14:36:40,860 | INFO | Gradient norm: 0.0178
2025-05-30 14:36:40,868 | INFO | Train batch 10300/10986 | ms/batch 203.13 | loss 0.8803 | bpb  1.27 | ppl     2.41 | lr 2.94e-04
2025-05-30 14:37:01,152 | INFO | Gradient norm: 0.0131
2025-05-30 14:37:01,160 | INFO | Train batch 10400/10986 | ms/batch 203.12 | loss 0.8803 | bpb  1.27 | ppl     2.41 | lr 2.94e-04
2025-05-30 14:37:21,454 | INFO | Gradient norm: 0.0238
2025-05-30 14:37:21,462 | INFO | Train batch 10500/10986 | ms/batch 203.12 | loss 0.8803 | bpb  1.27 | ppl     2.41 | lr 2.93e-04
2025-05-30 14:37:41,745 | INFO | Gradient norm: 0.0302
2025-05-30 14:37:41,753 | INFO | Train batch 10600/10986 | ms/batch 203.12 | loss 0.8803 | bpb  1.27 | ppl     2.41 | lr 2.93e-04
2025-05-30 14:38:02,104 | INFO | Gradient norm: 0.0114
2025-05-30 14:38:02,112 | INFO | Train batch 10700/10986 | ms/batch 203.12 | loss 0.8803 | bpb  1.27 | ppl     2.41 | lr 2.93e-04
2025-05-30 14:38:22,397 | INFO | Gradient norm: 0.0295
2025-05-30 14:38:22,405 | INFO | Train batch 10800/10986 | ms/batch 203.12 | loss 0.8803 | bpb  1.27 | ppl     2.41 | lr 2.93e-04
2025-05-30 14:38:42,743 | INFO | Gradient norm: 0.0081
2025-05-30 14:38:42,751 | INFO | Train batch 10900/10986 | ms/batch 203.13 | loss 0.8803 | bpb  1.27 | ppl     2.41 | lr 2.93e-04
2025-05-30 14:40:18,249 | INFO | Epoch   4 | time: 2309.78s | train bpb  1.27 | valid bpb  1.27
2025-05-30 14:40:19,380 | INFO | Saved new best model with validation bpb:  1.27
2025-05-30 14:40:19,440 | INFO | Input shape: torch.Size([16, 511]), Target shape: torch.Size([16, 511])
2025-05-30 14:40:19,440 | INFO | Input range: [10, 226]
2025-05-30 14:40:19,440 | INFO | Target range: [10, 226]
2025-05-30 14:40:19,477 | INFO | Output shape: torch.Size([8176, 256]), Reshaped target shape: torch.Size([8176])
2025-05-30 14:40:19,478 | INFO | Output range: [-10.9765625, 10.6171875]
2025-05-30 14:40:19,478 | INFO | Sample probabilities: max=0.9031673073768616, min=0.00029080890817567706
2025-05-30 14:40:19,479 | INFO | Raw loss value: 0.8807130455970764
2025-05-30 14:40:19,479 | INFO | Batch 0 loss stats - Mean: -0.2607, Std: 1.2969
2025-05-30 14:40:19,629 | INFO | Gradient norm: 0.0234
2025-05-30 14:40:19,637 | INFO | Train batch     0/10986 | ms/batch 196.98 | loss 0.8807 | bpb  1.27 | ppl     2.41 | lr 2.93e-04
2025-05-30 14:40:39,912 | INFO | Gradient norm: 0.0346
2025-05-30 14:40:39,920 | INFO | Train batch   100/10986 | ms/batch 202.77 | loss 0.8816 | bpb  1.27 | ppl     2.41 | lr 2.93e-04
2025-05-30 14:41:00,229 | INFO | Gradient norm: 0.0112
2025-05-30 14:41:00,237 | INFO | Train batch   200/10986 | ms/batch 202.97 | loss 0.8811 | bpb  1.27 | ppl     2.41 | lr 2.93e-04
2025-05-30 14:41:20,591 | INFO | Gradient norm: 0.0137
2025-05-30 14:41:20,599 | INFO | Train batch   300/10986 | ms/batch 203.19 | loss 0.8807 | bpb  1.27 | ppl     2.41 | lr 2.93e-04
2025-05-30 14:41:40,904 | INFO | Gradient norm: 0.0118
2025-05-30 14:41:40,912 | INFO | Train batch   400/10986 | ms/batch 203.17 | loss 0.8806 | bpb  1.27 | ppl     2.41 | lr 2.93e-04
2025-05-30 14:42:01,212 | INFO | Gradient norm: 0.0362
2025-05-30 14:42:01,220 | INFO | Train batch   500/10986 | ms/batch 203.15 | loss 0.8805 | bpb  1.27 | ppl     2.41 | lr 2.93e-04
2025-05-30 14:42:21,490 | INFO | Gradient norm: 0.0073
2025-05-30 14:42:21,498 | INFO | Train batch   600/10986 | ms/batch 203.09 | loss 0.8804 | bpb  1.27 | ppl     2.41 | lr 2.93e-04
2025-05-30 14:42:41,784 | INFO | Gradient norm: 0.0086
2025-05-30 14:42:41,792 | INFO | Train batch   700/10986 | ms/batch 203.07 | loss 0.8804 | bpb  1.27 | ppl     2.41 | lr 2.93e-04
2025-05-30 14:43:02,092 | INFO | Gradient norm: 0.0089
2025-05-30 14:43:02,100 | INFO | Train batch   800/10986 | ms/batch 203.07 | loss 0.8804 | bpb  1.27 | ppl     2.41 | lr 2.93e-04
2025-05-30 14:43:22,400 | INFO | Gradient norm: 0.0111
2025-05-30 14:43:22,408 | INFO | Train batch   900/10986 | ms/batch 203.07 | loss 0.8803 | bpb  1.27 | ppl     2.41 | lr 2.93e-04
2025-05-30 14:43:42,717 | INFO | Gradient norm: 0.0129
2025-05-30 14:43:42,725 | INFO | Train batch  1000/10986 | ms/batch 203.08 | loss 0.8803 | bpb  1.27 | ppl     2.41 | lr 2.93e-04
2025-05-30 14:44:03,038 | INFO | Gradient norm: 0.0085
2025-05-30 14:44:03,046 | INFO | Train batch  1100/10986 | ms/batch 203.09 | loss 0.8803 | bpb  1.27 | ppl     2.41 | lr 2.93e-04
2025-05-30 14:44:23,344 | INFO | Gradient norm: 0.0099
2025-05-30 14:44:23,352 | INFO | Train batch  1200/10986 | ms/batch 203.09 | loss 0.8803 | bpb  1.27 | ppl     2.41 | lr 2.93e-04
2025-05-30 14:44:43,824 | INFO | Gradient norm: 0.0127
2025-05-30 14:44:43,832 | INFO | Train batch  1300/10986 | ms/batch 203.22 | loss 0.8803 | bpb  1.27 | ppl     2.41 | lr 2.93e-04
2025-05-30 14:45:04,120 | INFO | Gradient norm: 0.0118
2025-05-30 14:45:04,128 | INFO | Train batch  1400/10986 | ms/batch 203.20 | loss 0.8802 | bpb  1.27 | ppl     2.41 | lr 2.93e-04
2025-05-30 14:45:24,425 | INFO | Gradient norm: 0.0078
2025-05-30 14:45:24,433 | INFO | Train batch  1500/10986 | ms/batch 203.19 | loss 0.8802 | bpb  1.27 | ppl     2.41 | lr 2.93e-04
2025-05-30 14:45:44,748 | INFO | Gradient norm: 0.0096
2025-05-30 14:45:44,755 | INFO | Train batch  1600/10986 | ms/batch 203.20 | loss 0.8802 | bpb  1.27 | ppl     2.41 | lr 2.93e-04
2025-05-30 14:46:05,043 | INFO | Gradient norm: 0.0109
2025-05-30 14:46:05,051 | INFO | Train batch  1700/10986 | ms/batch 203.18 | loss 0.8802 | bpb  1.27 | ppl     2.41 | lr 2.93e-04
2025-05-30 14:46:25,330 | INFO | Gradient norm: 0.0211
2025-05-30 14:46:25,337 | INFO | Train batch  1800/10986 | ms/batch 203.16 | loss 0.8802 | bpb  1.27 | ppl     2.41 | lr 2.93e-04
2025-05-30 14:46:45,638 | INFO | Gradient norm: 0.0193
2025-05-30 14:46:45,646 | INFO | Train batch  1900/10986 | ms/batch 203.16 | loss 0.8802 | bpb  1.27 | ppl     2.41 | lr 2.93e-04
2025-05-30 14:47:05,930 | INFO | Gradient norm: 0.0276
2025-05-30 14:47:05,938 | INFO | Train batch  2000/10986 | ms/batch 203.15 | loss 0.8802 | bpb  1.27 | ppl     2.41 | lr 2.93e-04
2025-05-30 14:47:26,233 | INFO | Gradient norm: 0.0101
2025-05-30 14:47:26,241 | INFO | Train batch  2100/10986 | ms/batch 203.14 | loss 0.8802 | bpb  1.27 | ppl     2.41 | lr 2.93e-04
2025-05-30 14:47:46,527 | INFO | Gradient norm: 0.0172
2025-05-30 14:47:46,535 | INFO | Train batch  2200/10986 | ms/batch 203.13 | loss 0.8802 | bpb  1.27 | ppl     2.41 | lr 2.93e-04
2025-05-30 14:48:06,880 | INFO | Gradient norm: 0.0082
2025-05-30 14:48:06,888 | INFO | Train batch  2300/10986 | ms/batch 203.15 | loss 0.8802 | bpb  1.27 | ppl     2.41 | lr 2.93e-04
2025-05-30 14:48:27,257 | INFO | Gradient norm: 0.0084
2025-05-30 14:48:27,264 | INFO | Train batch  2400/10986 | ms/batch 203.18 | loss 0.8802 | bpb  1.27 | ppl     2.41 | lr 2.93e-04
2025-05-30 14:48:47,567 | INFO | Gradient norm: 0.0078
2025-05-30 14:48:47,575 | INFO | Train batch  2500/10986 | ms/batch 203.17 | loss 0.8802 | bpb  1.27 | ppl     2.41 | lr 2.93e-04
2025-05-30 14:49:07,928 | INFO | Gradient norm: 0.0103
2025-05-30 14:49:07,936 | INFO | Train batch  2600/10986 | ms/batch 203.19 | loss 0.8802 | bpb  1.27 | ppl     2.41 | lr 2.93e-04
2025-05-30 14:49:28,257 | INFO | Gradient norm: 0.0127
2025-05-30 14:49:28,264 | INFO | Train batch  2700/10986 | ms/batch 203.19 | loss 0.8802 | bpb  1.27 | ppl     2.41 | lr 2.93e-04
2025-05-30 14:49:48,566 | INFO | Gradient norm: 0.0128
2025-05-30 14:49:48,574 | INFO | Train batch  2800/10986 | ms/batch 203.19 | loss 0.8802 | bpb  1.27 | ppl     2.41 | lr 2.93e-04
2025-05-30 14:50:08,945 | INFO | Gradient norm: 0.0104
2025-05-30 14:50:08,953 | INFO | Train batch  2900/10986 | ms/batch 203.21 | loss 0.8802 | bpb  1.27 | ppl     2.41 | lr 2.93e-04
2025-05-30 14:50:29,308 | INFO | Gradient norm: 0.0177
2025-05-30 14:50:29,316 | INFO | Train batch  3000/10986 | ms/batch 203.22 | loss 0.8802 | bpb  1.27 | ppl     2.41 | lr 2.93e-04
2025-05-30 14:50:49,619 | INFO | Gradient norm: 0.0090
2025-05-30 14:50:49,627 | INFO | Train batch  3100/10986 | ms/batch 203.22 | loss 0.8802 | bpb  1.27 | ppl     2.41 | lr 2.93e-04
2025-05-30 14:51:09,944 | INFO | Gradient norm: 0.0086
2025-05-30 14:51:09,952 | INFO | Train batch  3200/10986 | ms/batch 203.22 | loss 0.8802 | bpb  1.27 | ppl     2.41 | lr 2.93e-04
2025-05-30 14:51:30,245 | INFO | Gradient norm: 0.0126
2025-05-30 14:51:30,253 | INFO | Train batch  3300/10986 | ms/batch 203.22 | loss 0.8802 | bpb  1.27 | ppl     2.41 | lr 2.93e-04
2025-05-30 14:51:50,564 | INFO | Gradient norm: 0.0158
2025-05-30 14:51:50,572 | INFO | Train batch  3400/10986 | ms/batch 203.21 | loss 0.8802 | bpb  1.27 | ppl     2.41 | lr 2.92e-04
2025-05-30 14:52:10,875 | INFO | Gradient norm: 0.0223
2025-05-30 14:52:10,883 | INFO | Train batch  3500/10986 | ms/batch 203.21 | loss 0.8802 | bpb  1.27 | ppl     2.41 | lr 2.92e-04
2025-05-30 14:52:31,188 | INFO | Gradient norm: 0.0423
2025-05-30 14:52:31,196 | INFO | Train batch  3600/10986 | ms/batch 203.21 | loss 0.8802 | bpb  1.27 | ppl     2.41 | lr 2.92e-04
2025-05-30 14:52:51,466 | INFO | Gradient norm: 0.0100
2025-05-30 14:52:51,474 | INFO | Train batch  3700/10986 | ms/batch 203.20 | loss 0.8802 | bpb  1.27 | ppl     2.41 | lr 2.92e-04
2025-05-30 14:53:11,775 | INFO | Gradient norm: 0.0119
2025-05-30 14:53:11,783 | INFO | Train batch  3800/10986 | ms/batch 203.19 | loss 0.8802 | bpb  1.27 | ppl     2.41 | lr 2.92e-04
2025-05-30 14:53:32,178 | INFO | Gradient norm: 0.0146
2025-05-30 14:53:32,186 | INFO | Train batch  3900/10986 | ms/batch 203.22 | loss 0.8802 | bpb  1.27 | ppl     2.41 | lr 2.92e-04
2025-05-30 14:53:52,486 | INFO | Gradient norm: 0.0091
2025-05-30 14:53:52,494 | INFO | Train batch  4000/10986 | ms/batch 203.21 | loss 0.8802 | bpb  1.27 | ppl     2.41 | lr 2.92e-04
2025-05-30 14:54:12,769 | INFO | Gradient norm: 0.0091
2025-05-30 14:54:12,777 | INFO | Train batch  4100/10986 | ms/batch 203.20 | loss 0.8802 | bpb  1.27 | ppl     2.41 | lr 2.92e-04
2025-05-30 14:54:33,158 | INFO | Gradient norm: 0.0205
2025-05-30 14:54:33,165 | INFO | Train batch  4200/10986 | ms/batch 203.22 | loss 0.8802 | bpb  1.27 | ppl     2.41 | lr 2.92e-04
2025-05-30 14:54:53,449 | INFO | Gradient norm: 0.0238
2025-05-30 14:54:53,457 | INFO | Train batch  4300/10986 | ms/batch 203.21 | loss 0.8802 | bpb  1.27 | ppl     2.41 | lr 2.92e-04
2025-05-30 14:55:13,762 | INFO | Gradient norm: 0.0170
2025-05-30 14:55:13,770 | INFO | Train batch  4400/10986 | ms/batch 203.21 | loss 0.8802 | bpb  1.27 | ppl     2.41 | lr 2.92e-04
2025-05-30 14:55:34,106 | INFO | Gradient norm: 0.0206
2025-05-30 14:55:34,114 | INFO | Train batch  4500/10986 | ms/batch 203.22 | loss 0.8802 | bpb  1.27 | ppl     2.41 | lr 2.92e-04
2025-05-30 14:55:54,401 | INFO | Gradient norm: 0.0113
2025-05-30 14:55:54,409 | INFO | Train batch  4600/10986 | ms/batch 203.21 | loss 0.8802 | bpb  1.27 | ppl     2.41 | lr 2.92e-04
2025-05-30 14:56:14,746 | INFO | Gradient norm: 0.0100
2025-05-30 14:56:14,754 | INFO | Train batch  4700/10986 | ms/batch 203.22 | loss 0.8802 | bpb  1.27 | ppl     2.41 | lr 2.92e-04
2025-05-30 14:56:35,049 | INFO | Gradient norm: 0.0073
2025-05-30 14:56:35,057 | INFO | Train batch  4800/10986 | ms/batch 203.21 | loss 0.8802 | bpb  1.27 | ppl     2.41 | lr 2.92e-04
2025-05-30 14:56:55,357 | INFO | Gradient norm: 0.0278
2025-05-30 14:56:55,364 | INFO | Train batch  4900/10986 | ms/batch 203.21 | loss 0.8802 | bpb  1.27 | ppl     2.41 | lr 2.92e-04
2025-05-30 14:57:15,671 | INFO | Gradient norm: 0.0342
2025-05-30 14:57:15,679 | INFO | Train batch  5000/10986 | ms/batch 203.21 | loss 0.8802 | bpb  1.27 | ppl     2.41 | lr 2.92e-04
2025-05-30 14:57:35,985 | INFO | Gradient norm: 0.0166
2025-05-30 14:57:35,993 | INFO | Train batch  5100/10986 | ms/batch 203.21 | loss 0.8802 | bpb  1.27 | ppl     2.41 | lr 2.92e-04
2025-05-30 14:57:56,296 | INFO | Gradient norm: 0.0102
2025-05-30 14:57:56,304 | INFO | Train batch  5200/10986 | ms/batch 203.20 | loss 0.8802 | bpb  1.27 | ppl     2.41 | lr 2.92e-04
2025-05-30 14:58:16,626 | INFO | Gradient norm: 0.0146
2025-05-30 14:58:16,634 | INFO | Train batch  5300/10986 | ms/batch 203.21 | loss 0.8802 | bpb  1.27 | ppl     2.41 | lr 2.92e-04
2025-05-30 14:58:36,918 | INFO | Gradient norm: 0.0079
2025-05-30 14:58:36,926 | INFO | Train batch  5400/10986 | ms/batch 203.20 | loss 0.8802 | bpb  1.27 | ppl     2.41 | lr 2.92e-04
2025-05-30 14:58:57,212 | INFO | Gradient norm: 0.0133
2025-05-30 14:58:57,220 | INFO | Train batch  5500/10986 | ms/batch 203.20 | loss 0.8802 | bpb  1.27 | ppl     2.41 | lr 2.92e-04
2025-05-30 14:59:17,523 | INFO | Gradient norm: 0.0083
2025-05-30 14:59:17,530 | INFO | Train batch  5600/10986 | ms/batch 203.19 | loss 0.8802 | bpb  1.27 | ppl     2.41 | lr 2.92e-04
2025-05-30 14:59:37,846 | INFO | Gradient norm: 0.0142
2025-05-30 14:59:37,854 | INFO | Train batch  5700/10986 | ms/batch 203.19 | loss 0.8802 | bpb  1.27 | ppl     2.41 | lr 2.92e-04
2025-05-30 14:59:58,143 | INFO | Gradient norm: 0.0085
2025-05-30 14:59:58,151 | INFO | Train batch  5800/10986 | ms/batch 203.19 | loss 0.8802 | bpb  1.27 | ppl     2.41 | lr 2.92e-04
2025-05-30 15:00:18,499 | INFO | Gradient norm: 0.0702
2025-05-30 15:00:18,507 | INFO | Train batch  5900/10986 | ms/batch 203.20 | loss 0.8802 | bpb  1.27 | ppl     2.41 | lr 2.92e-04
2025-05-30 15:00:38,816 | INFO | Gradient norm: 0.0083
2025-05-30 15:00:38,824 | INFO | Train batch  6000/10986 | ms/batch 203.20 | loss 0.8802 | bpb  1.27 | ppl     2.41 | lr 2.92e-04
2025-05-30 15:00:59,165 | INFO | Gradient norm: 0.0125
2025-05-30 15:00:59,173 | INFO | Train batch  6100/10986 | ms/batch 203.20 | loss 0.8802 | bpb  1.27 | ppl     2.41 | lr 2.92e-04
2025-05-30 15:01:19,497 | INFO | Gradient norm: 0.0296
2025-05-30 15:01:19,505 | INFO | Train batch  6200/10986 | ms/batch 203.20 | loss 0.8802 | bpb  1.27 | ppl     2.41 | lr 2.92e-04
2025-05-30 15:01:39,784 | INFO | Gradient norm: 0.0107
2025-05-30 15:01:39,792 | INFO | Train batch  6300/10986 | ms/batch 203.20 | loss 0.8802 | bpb  1.27 | ppl     2.41 | lr 2.92e-04
2025-05-30 15:02:00,079 | INFO | Gradient norm: 0.0529
2025-05-30 15:02:00,087 | INFO | Train batch  6400/10986 | ms/batch 203.19 | loss 0.8802 | bpb  1.27 | ppl     2.41 | lr 2.92e-04
2025-05-30 15:02:20,359 | INFO | Gradient norm: 0.0229
2025-05-30 15:02:20,367 | INFO | Train batch  6500/10986 | ms/batch 203.19 | loss 0.8802 | bpb  1.27 | ppl     2.41 | lr 2.92e-04
2025-05-30 15:02:40,657 | INFO | Gradient norm: 0.0221
2025-05-30 15:02:40,665 | INFO | Train batch  6600/10986 | ms/batch 203.19 | loss 0.8802 | bpb  1.27 | ppl     2.41 | lr 2.92e-04
2025-05-30 15:03:00,972 | INFO | Gradient norm: 0.0095
2025-05-30 15:03:00,980 | INFO | Train batch  6700/10986 | ms/batch 203.18 | loss 0.8802 | bpb  1.27 | ppl     2.41 | lr 2.92e-04
2025-05-30 15:03:21,407 | INFO | Gradient norm: 0.0086
2025-05-30 15:03:21,414 | INFO | Train batch  6800/10986 | ms/batch 203.20 | loss 0.8802 | bpb  1.27 | ppl     2.41 | lr 2.92e-04
2025-05-30 15:03:41,708 | INFO | Gradient norm: 0.0087
2025-05-30 15:03:41,716 | INFO | Train batch  6900/10986 | ms/batch 203.20 | loss 0.8802 | bpb  1.27 | ppl     2.41 | lr 2.92e-04
2025-05-30 15:04:01,992 | INFO | Gradient norm: 0.0106
2025-05-30 15:04:02,000 | INFO | Train batch  7000/10986 | ms/batch 203.19 | loss 0.8802 | bpb  1.27 | ppl     2.41 | lr 2.92e-04
2025-05-30 15:04:22,298 | INFO | Gradient norm: 0.0080
2025-05-30 15:04:22,306 | INFO | Train batch  7100/10986 | ms/batch 203.19 | loss 0.8802 | bpb  1.27 | ppl     2.41 | lr 2.91e-04
2025-05-30 15:04:42,601 | INFO | Gradient norm: 0.0243
2025-05-30 15:04:42,609 | INFO | Train batch  7200/10986 | ms/batch 203.19 | loss 0.8802 | bpb  1.27 | ppl     2.41 | lr 2.91e-04
2025-05-30 15:05:02,922 | INFO | Gradient norm: 0.0085
2025-05-30 15:05:02,930 | INFO | Train batch  7300/10986 | ms/batch 203.19 | loss 0.8802 | bpb  1.27 | ppl     2.41 | lr 2.91e-04
2025-05-30 15:05:23,209 | INFO | Gradient norm: 0.0390
2025-05-30 15:05:23,217 | INFO | Train batch  7400/10986 | ms/batch 203.19 | loss 0.8802 | bpb  1.27 | ppl     2.41 | lr 2.91e-04
2025-05-30 15:05:43,516 | INFO | Gradient norm: 0.0196
2025-05-30 15:05:43,524 | INFO | Train batch  7500/10986 | ms/batch 203.18 | loss 0.8802 | bpb  1.27 | ppl     2.41 | lr 2.91e-04
2025-05-30 15:06:03,825 | INFO | Gradient norm: 0.0198
2025-05-30 15:06:03,833 | INFO | Train batch  7600/10986 | ms/batch 203.18 | loss 0.8802 | bpb  1.27 | ppl     2.41 | lr 2.91e-04
2025-05-30 15:06:24,117 | INFO | Gradient norm: 0.0223
2025-05-30 15:06:24,125 | INFO | Train batch  7700/10986 | ms/batch 203.18 | loss 0.8802 | bpb  1.27 | ppl     2.41 | lr 2.91e-04
2025-05-30 15:06:44,399 | INFO | Gradient norm: 0.0096
2025-05-30 15:06:44,407 | INFO | Train batch  7800/10986 | ms/batch 203.17 | loss 0.8802 | bpb  1.27 | ppl     2.41 | lr 2.91e-04
2025-05-30 15:07:04,682 | INFO | Gradient norm: 0.0111
2025-05-30 15:07:04,690 | INFO | Train batch  7900/10986 | ms/batch 203.17 | loss 0.8802 | bpb  1.27 | ppl     2.41 | lr 2.91e-04
2025-05-30 15:07:24,964 | INFO | Gradient norm: 0.0150
2025-05-30 15:07:24,972 | INFO | Train batch  8000/10986 | ms/batch 203.17 | loss 0.8802 | bpb  1.27 | ppl     2.41 | lr 2.91e-04
2025-05-30 15:07:45,238 | INFO | Gradient norm: 0.0084
2025-05-30 15:07:45,246 | INFO | Train batch  8100/10986 | ms/batch 203.16 | loss 0.8802 | bpb  1.27 | ppl     2.41 | lr 2.91e-04
2025-05-30 15:08:05,527 | INFO | Gradient norm: 0.0102
2025-05-30 15:08:05,535 | INFO | Train batch  8200/10986 | ms/batch 203.16 | loss 0.8802 | bpb  1.27 | ppl     2.41 | lr 2.91e-04
2025-05-30 15:08:25,818 | INFO | Gradient norm: 0.0178
2025-05-30 15:08:25,826 | INFO | Train batch  8300/10986 | ms/batch 203.15 | loss 0.8802 | bpb  1.27 | ppl     2.41 | lr 2.91e-04
2025-05-30 15:08:46,157 | INFO | Gradient norm: 0.0137
2025-05-30 15:08:46,165 | INFO | Train batch  8400/10986 | ms/batch 203.16 | loss 0.8802 | bpb  1.27 | ppl     2.41 | lr 2.91e-04
2025-05-30 15:09:06,452 | INFO | Gradient norm: 0.0280
2025-05-30 15:09:06,460 | INFO | Train batch  8500/10986 | ms/batch 203.15 | loss 0.8802 | bpb  1.27 | ppl     2.41 | lr 2.91e-04
2025-05-30 15:09:26,735 | INFO | Gradient norm: 0.0190
2025-05-30 15:09:26,743 | INFO | Train batch  8600/10986 | ms/batch 203.15 | loss 0.8802 | bpb  1.27 | ppl     2.41 | lr 2.91e-04
2025-05-30 15:09:47,038 | INFO | Gradient norm: 0.0426
2025-05-30 15:09:47,046 | INFO | Train batch  8700/10986 | ms/batch 203.15 | loss 0.8802 | bpb  1.27 | ppl     2.41 | lr 2.91e-04
2025-05-30 15:10:07,334 | INFO | Gradient norm: 0.0087
2025-05-30 15:10:07,342 | INFO | Train batch  8800/10986 | ms/batch 203.15 | loss 0.8801 | bpb  1.27 | ppl     2.41 | lr 2.91e-04
2025-05-30 15:10:27,633 | INFO | Gradient norm: 0.0342
2025-05-30 15:10:27,641 | INFO | Train batch  8900/10986 | ms/batch 203.15 | loss 0.8801 | bpb  1.27 | ppl     2.41 | lr 2.91e-04
2025-05-30 15:10:47,961 | INFO | Gradient norm: 0.0093
2025-05-30 15:10:47,969 | INFO | Train batch  9000/10986 | ms/batch 203.15 | loss 0.8801 | bpb  1.27 | ppl     2.41 | lr 2.91e-04
2025-05-30 15:11:08,291 | INFO | Gradient norm: 0.0120
2025-05-30 15:11:08,299 | INFO | Train batch  9100/10986 | ms/batch 203.15 | loss 0.8801 | bpb  1.27 | ppl     2.41 | lr 2.91e-04
2025-05-30 15:11:28,625 | INFO | Gradient norm: 0.0130
2025-05-30 15:11:28,633 | INFO | Train batch  9200/10986 | ms/batch 203.15 | loss 0.8801 | bpb  1.27 | ppl     2.41 | lr 2.91e-04
2025-05-30 15:11:48,913 | INFO | Gradient norm: 0.0102
2025-05-30 15:11:48,921 | INFO | Train batch  9300/10986 | ms/batch 203.15 | loss 0.8801 | bpb  1.27 | ppl     2.41 | lr 2.91e-04
2025-05-30 15:12:09,221 | INFO | Gradient norm: 0.0070
2025-05-30 15:12:09,229 | INFO | Train batch  9400/10986 | ms/batch 203.15 | loss 0.8801 | bpb  1.27 | ppl     2.41 | lr 2.91e-04
2025-05-30 15:12:29,519 | INFO | Gradient norm: 0.0215
2025-05-30 15:12:29,527 | INFO | Train batch  9500/10986 | ms/batch 203.15 | loss 0.8801 | bpb  1.27 | ppl     2.41 | lr 2.91e-04
2025-05-30 15:12:49,832 | INFO | Gradient norm: 0.0113
2025-05-30 15:12:49,840 | INFO | Train batch  9600/10986 | ms/batch 203.15 | loss 0.8801 | bpb  1.27 | ppl     2.41 | lr 2.91e-04
2025-05-30 15:13:10,158 | INFO | Gradient norm: 0.0076
2025-05-30 15:13:10,166 | INFO | Train batch  9700/10986 | ms/batch 203.15 | loss 0.8801 | bpb  1.27 | ppl     2.41 | lr 2.91e-04
2025-05-30 15:13:30,459 | INFO | Gradient norm: 0.0085
2025-05-30 15:13:30,467 | INFO | Train batch  9800/10986 | ms/batch 203.15 | loss 0.8801 | bpb  1.27 | ppl     2.41 | lr 2.91e-04
2025-05-30 15:13:50,743 | INFO | Gradient norm: 0.0077
2025-05-30 15:13:50,751 | INFO | Train batch  9900/10986 | ms/batch 203.14 | loss 0.8801 | bpb  1.27 | ppl     2.41 | lr 2.91e-04
2025-05-30 15:14:11,044 | INFO | Gradient norm: 0.0207
2025-05-30 15:14:11,052 | INFO | Train batch 10000/10986 | ms/batch 203.14 | loss 0.8801 | bpb  1.27 | ppl     2.41 | lr 2.91e-04
2025-05-30 15:14:31,353 | INFO | Gradient norm: 0.0097
2025-05-30 15:14:31,361 | INFO | Train batch 10100/10986 | ms/batch 203.14 | loss 0.8801 | bpb  1.27 | ppl     2.41 | lr 2.91e-04
2025-05-30 15:14:51,653 | INFO | Gradient norm: 0.0100
2025-05-30 15:14:51,661 | INFO | Train batch 10200/10986 | ms/batch 203.14 | loss 0.8801 | bpb  1.27 | ppl     2.41 | lr 2.91e-04
2025-05-30 15:15:11,944 | INFO | Gradient norm: 0.0128
2025-05-30 15:15:11,952 | INFO | Train batch 10300/10986 | ms/batch 203.14 | loss 0.8801 | bpb  1.27 | ppl     2.41 | lr 2.91e-04
2025-05-30 15:15:32,246 | INFO | Gradient norm: 0.0165
2025-05-30 15:15:32,254 | INFO | Train batch 10400/10986 | ms/batch 203.14 | loss 0.8801 | bpb  1.27 | ppl     2.41 | lr 2.91e-04
2025-05-30 15:15:52,552 | INFO | Gradient norm: 0.0388
2025-05-30 15:15:52,560 | INFO | Train batch 10500/10986 | ms/batch 203.13 | loss 0.8801 | bpb  1.27 | ppl     2.41 | lr 2.90e-04
2025-05-30 15:16:12,836 | INFO | Gradient norm: 0.0125
2025-05-30 15:16:12,844 | INFO | Train batch 10600/10986 | ms/batch 203.13 | loss 0.8801 | bpb  1.27 | ppl     2.41 | lr 2.90e-04
2025-05-30 15:16:33,122 | INFO | Gradient norm: 0.0073
2025-05-30 15:16:33,130 | INFO | Train batch 10700/10986 | ms/batch 203.13 | loss 0.8801 | bpb  1.27 | ppl     2.41 | lr 2.90e-04
2025-05-30 15:16:53,425 | INFO | Gradient norm: 0.0107
2025-05-30 15:16:53,433 | INFO | Train batch 10800/10986 | ms/batch 203.13 | loss 0.8801 | bpb  1.27 | ppl     2.41 | lr 2.90e-04
2025-05-30 15:17:13,709 | INFO | Gradient norm: 0.0087
2025-05-30 15:17:13,716 | INFO | Train batch 10900/10986 | ms/batch 203.13 | loss 0.8801 | bpb  1.27 | ppl     2.41 | lr 2.90e-04
2025-05-30 15:18:48,922 | INFO | Epoch   5 | time: 2309.48s | train bpb  1.27 | valid bpb  1.27
2025-05-30 15:18:50,300 | INFO | Saved new best model with validation bpb:  1.27
2025-05-30 15:18:50,364 | INFO | Input shape: torch.Size([16, 511]), Target shape: torch.Size([16, 511])
2025-05-30 15:18:50,365 | INFO | Input range: [10, 226]
2025-05-30 15:18:50,365 | INFO | Target range: [10, 226]
2025-05-30 15:18:50,401 | INFO | Output shape: torch.Size([8176, 256]), Reshaped target shape: torch.Size([8176])
2025-05-30 15:18:50,403 | INFO | Output range: [-12.203125, 10.84375]
2025-05-30 15:18:50,403 | INFO | Sample probabilities: max=0.9064046144485474, min=0.0002810271398629993
2025-05-30 15:18:50,403 | INFO | Raw loss value: 0.8800830245018005
2025-05-30 15:18:50,403 | INFO | Batch 0 loss stats - Mean: -0.1997, Std: 1.4238
2025-05-30 15:18:50,553 | INFO | Gradient norm: 0.0096
2025-05-30 15:18:50,561 | INFO | Train batch     0/10986 | ms/batch 197.02 | loss 0.8801 | bpb  1.27 | ppl     2.41 | lr 2.90e-04
2025-05-30 15:19:10,833 | INFO | Gradient norm: 0.0097
2025-05-30 15:19:10,841 | INFO | Train batch   100/10986 | ms/batch 202.74 | loss 0.8813 | bpb  1.27 | ppl     2.41 | lr 2.90e-04
2025-05-30 15:19:31,158 | INFO | Gradient norm: 0.0100
2025-05-30 15:19:31,166 | INFO | Train batch   200/10986 | ms/batch 202.99 | loss 0.8809 | bpb  1.27 | ppl     2.41 | lr 2.90e-04
2025-05-30 15:19:51,488 | INFO | Gradient norm: 0.0158
2025-05-30 15:19:51,496 | INFO | Train batch   300/10986 | ms/batch 203.10 | loss 0.8806 | bpb  1.27 | ppl     2.41 | lr 2.90e-04
2025-05-30 15:20:11,827 | INFO | Gradient norm: 0.0300
2025-05-30 15:20:11,835 | INFO | Train batch   400/10986 | ms/batch 203.17 | loss 0.8804 | bpb  1.27 | ppl     2.41 | lr 2.90e-04
2025-05-30 15:20:32,145 | INFO | Gradient norm: 0.0105
2025-05-30 15:20:32,153 | INFO | Train batch   500/10986 | ms/batch 203.17 | loss 0.8803 | bpb  1.27 | ppl     2.41 | lr 2.90e-04
2025-05-30 15:20:52,457 | INFO | Gradient norm: 0.0132
2025-05-30 15:20:52,465 | INFO | Train batch   600/10986 | ms/batch 203.16 | loss 0.8803 | bpb  1.27 | ppl     2.41 | lr 2.90e-04
2025-05-30 15:21:12,759 | INFO | Gradient norm: 0.0095
2025-05-30 15:21:12,766 | INFO | Train batch   700/10986 | ms/batch 203.14 | loss 0.8802 | bpb  1.27 | ppl     2.41 | lr 2.90e-04
2025-05-30 15:21:33,098 | INFO | Gradient norm: 0.0085
2025-05-30 15:21:33,106 | INFO | Train batch   800/10986 | ms/batch 203.17 | loss 0.8802 | bpb  1.27 | ppl     2.41 | lr 2.90e-04
2025-05-30 15:21:53,423 | INFO | Gradient norm: 0.0260
2025-05-30 15:21:53,430 | INFO | Train batch   900/10986 | ms/batch 203.18 | loss 0.8802 | bpb  1.27 | ppl     2.41 | lr 2.90e-04
2025-05-30 15:22:13,730 | INFO | Gradient norm: 0.0139
2025-05-30 15:22:13,738 | INFO | Train batch  1000/10986 | ms/batch 203.17 | loss 0.8801 | bpb  1.27 | ppl     2.41 | lr 2.90e-04
2025-05-30 15:22:34,022 | INFO | Gradient norm: 0.0085
2025-05-30 15:22:34,030 | INFO | Train batch  1100/10986 | ms/batch 203.15 | loss 0.8801 | bpb  1.27 | ppl     2.41 | lr 2.90e-04
2025-05-30 15:22:54,336 | INFO | Gradient norm: 0.0089
2025-05-30 15:22:54,344 | INFO | Train batch  1200/10986 | ms/batch 203.15 | loss 0.8801 | bpb  1.27 | ppl     2.41 | lr 2.90e-04
2025-05-30 15:23:14,631 | INFO | Gradient norm: 0.0110
2025-05-30 15:23:14,639 | INFO | Train batch  1300/10986 | ms/batch 203.13 | loss 0.8801 | bpb  1.27 | ppl     2.41 | lr 2.90e-04
2025-05-30 15:23:34,962 | INFO | Gradient norm: 0.0177
2025-05-30 15:23:34,970 | INFO | Train batch  1400/10986 | ms/batch 203.15 | loss 0.8801 | bpb  1.27 | ppl     2.41 | lr 2.90e-04
2025-05-30 15:23:55,252 | INFO | Gradient norm: 0.0084
2025-05-30 15:23:55,260 | INFO | Train batch  1500/10986 | ms/batch 203.13 | loss 0.8801 | bpb  1.27 | ppl     2.41 | lr 2.90e-04
2025-05-30 15:24:15,578 | INFO | Gradient norm: 0.0230
2025-05-30 15:24:15,586 | INFO | Train batch  1600/10986 | ms/batch 203.14 | loss 0.8801 | bpb  1.27 | ppl     2.41 | lr 2.90e-04
2025-05-30 15:24:35,912 | INFO | Gradient norm: 0.0092
2025-05-30 15:24:35,920 | INFO | Train batch  1700/10986 | ms/batch 203.15 | loss 0.8801 | bpb  1.27 | ppl     2.41 | lr 2.90e-04
2025-05-30 15:24:56,231 | INFO | Gradient norm: 0.0087
2025-05-30 15:24:56,239 | INFO | Train batch  1800/10986 | ms/batch 203.15 | loss 0.8801 | bpb  1.27 | ppl     2.41 | lr 2.90e-04
2025-05-30 15:25:16,592 | INFO | Gradient norm: 0.0088
2025-05-30 15:25:16,599 | INFO | Train batch  1900/10986 | ms/batch 203.17 | loss 0.8801 | bpb  1.27 | ppl     2.41 | lr 2.90e-04
2025-05-30 15:25:36,883 | INFO | Gradient norm: 0.0078
2025-05-30 15:25:36,891 | INFO | Train batch  2000/10986 | ms/batch 203.16 | loss 0.8801 | bpb  1.27 | ppl     2.41 | lr 2.90e-04
2025-05-30 15:25:57,229 | INFO | Gradient norm: 0.0138
2025-05-30 15:25:57,237 | INFO | Train batch  2100/10986 | ms/batch 203.18 | loss 0.8801 | bpb  1.27 | ppl     2.41 | lr 2.90e-04
2025-05-30 15:26:17,576 | INFO | Gradient norm: 0.0204
2025-05-30 15:26:17,584 | INFO | Train batch  2200/10986 | ms/batch 203.19 | loss 0.8801 | bpb  1.27 | ppl     2.41 | lr 2.90e-04
2025-05-30 15:26:37,878 | INFO | Gradient norm: 0.0125
2025-05-30 15:26:37,886 | INFO | Train batch  2300/10986 | ms/batch 203.18 | loss 0.8801 | bpb  1.27 | ppl     2.41 | lr 2.90e-04
2025-05-30 15:26:58,258 | INFO | Gradient norm: 0.0098
2025-05-30 15:26:58,266 | INFO | Train batch  2400/10986 | ms/batch 203.21 | loss 0.8801 | bpb  1.27 | ppl     2.41 | lr 2.90e-04
2025-05-30 15:27:18,634 | INFO | Gradient norm: 0.0084
2025-05-30 15:27:18,641 | INFO | Train batch  2500/10986 | ms/batch 203.23 | loss 0.8801 | bpb  1.27 | ppl     2.41 | lr 2.90e-04
2025-05-30 15:27:38,961 | INFO | Gradient norm: 0.0108
2025-05-30 15:27:38,969 | INFO | Train batch  2600/10986 | ms/batch 203.23 | loss 0.8801 | bpb  1.27 | ppl     2.41 | lr 2.90e-04
2025-05-30 15:27:59,352 | INFO | Gradient norm: 0.0089
2025-05-30 15:27:59,360 | INFO | Train batch  2700/10986 | ms/batch 203.26 | loss 0.8801 | bpb  1.27 | ppl     2.41 | lr 2.90e-04
2025-05-30 15:28:19,723 | INFO | Gradient norm: 0.0324
2025-05-30 15:28:19,730 | INFO | Train batch  2800/10986 | ms/batch 203.27 | loss 0.8801 | bpb  1.27 | ppl     2.41 | lr 2.89e-04
2025-05-30 15:28:40,055 | INFO | Gradient norm: 0.0201
2025-05-30 15:28:40,062 | INFO | Train batch  2900/10986 | ms/batch 203.27 | loss 0.8801 | bpb  1.27 | ppl     2.41 | lr 2.89e-04
2025-05-30 15:29:00,374 | INFO | Gradient norm: 0.0089
2025-05-30 15:29:00,382 | INFO | Train batch  3000/10986 | ms/batch 203.27 | loss 0.8801 | bpb  1.27 | ppl     2.41 | lr 2.89e-04
2025-05-30 15:29:20,683 | INFO | Gradient norm: 0.0129
2025-05-30 15:29:20,691 | INFO | Train batch  3100/10986 | ms/batch 203.27 | loss 0.8801 | bpb  1.27 | ppl     2.41 | lr 2.89e-04
2025-05-30 15:29:40,976 | INFO | Gradient norm: 0.0106
2025-05-30 15:29:40,984 | INFO | Train batch  3200/10986 | ms/batch 203.26 | loss 0.8801 | bpb  1.27 | ppl     2.41 | lr 2.89e-04
2025-05-30 15:30:01,279 | INFO | Gradient norm: 0.0113
2025-05-30 15:30:01,287 | INFO | Train batch  3300/10986 | ms/batch 203.25 | loss 0.8801 | bpb  1.27 | ppl     2.41 | lr 2.89e-04
2025-05-30 15:30:21,586 | INFO | Gradient norm: 0.0182
2025-05-30 15:30:21,594 | INFO | Train batch  3400/10986 | ms/batch 203.24 | loss 0.8801 | bpb  1.27 | ppl     2.41 | lr 2.89e-04
2025-05-30 15:30:41,878 | INFO | Gradient norm: 0.0101
2025-05-30 15:30:41,886 | INFO | Train batch  3500/10986 | ms/batch 203.23 | loss 0.8801 | bpb  1.27 | ppl     2.41 | lr 2.89e-04
2025-05-30 15:31:02,203 | INFO | Gradient norm: 0.0166
2025-05-30 15:31:02,211 | INFO | Train batch  3600/10986 | ms/batch 203.23 | loss 0.8801 | bpb  1.27 | ppl     2.41 | lr 2.89e-04
2025-05-30 15:31:22,500 | INFO | Gradient norm: 0.0102
2025-05-30 15:31:22,508 | INFO | Train batch  3700/10986 | ms/batch 203.23 | loss 0.8801 | bpb  1.27 | ppl     2.41 | lr 2.89e-04
2025-05-30 15:31:42,795 | INFO | Gradient norm: 0.0130
2025-05-30 15:31:42,803 | INFO | Train batch  3800/10986 | ms/batch 203.22 | loss 0.8801 | bpb  1.27 | ppl     2.41 | lr 2.89e-04
2025-05-30 15:32:03,129 | INFO | Gradient norm: 0.0067
2025-05-30 15:32:03,137 | INFO | Train batch  3900/10986 | ms/batch 203.22 | loss 0.8801 | bpb  1.27 | ppl     2.41 | lr 2.89e-04
2025-05-30 15:32:23,443 | INFO | Gradient norm: 0.0129
2025-05-30 15:32:23,451 | INFO | Train batch  4000/10986 | ms/batch 203.22 | loss 0.8801 | bpb  1.27 | ppl     2.41 | lr 2.89e-04
2025-05-30 15:32:43,746 | INFO | Gradient norm: 0.0118
2025-05-30 15:32:43,754 | INFO | Train batch  4100/10986 | ms/batch 203.22 | loss 0.8801 | bpb  1.27 | ppl     2.41 | lr 2.89e-04
2025-05-30 15:33:04,110 | INFO | Gradient norm: 0.0168
2025-05-30 15:33:04,118 | INFO | Train batch  4200/10986 | ms/batch 203.23 | loss 0.8801 | bpb  1.27 | ppl     2.41 | lr 2.89e-04
2025-05-30 15:33:24,436 | INFO | Gradient norm: 0.0189
2025-05-30 15:33:24,444 | INFO | Train batch  4300/10986 | ms/batch 203.23 | loss 0.8801 | bpb  1.27 | ppl     2.41 | lr 2.89e-04
2025-05-30 15:33:44,752 | INFO | Gradient norm: 0.0210
2025-05-30 15:33:44,760 | INFO | Train batch  4400/10986 | ms/batch 203.23 | loss 0.8801 | bpb  1.27 | ppl     2.41 | lr 2.89e-04
2025-05-30 15:34:05,121 | INFO | Gradient norm: 0.0111
2025-05-30 15:34:05,129 | INFO | Train batch  4500/10986 | ms/batch 203.24 | loss 0.8801 | bpb  1.27 | ppl     2.41 | lr 2.89e-04
2025-05-30 15:34:25,413 | INFO | Gradient norm: 0.0134
2025-05-30 15:34:25,421 | INFO | Train batch  4600/10986 | ms/batch 203.23 | loss 0.8801 | bpb  1.27 | ppl     2.41 | lr 2.89e-04
2025-05-30 15:34:45,732 | INFO | Gradient norm: 0.0140
2025-05-30 15:34:45,740 | INFO | Train batch  4700/10986 | ms/batch 203.23 | loss 0.8801 | bpb  1.27 | ppl     2.41 | lr 2.89e-04
2025-05-30 15:35:06,042 | INFO | Gradient norm: 0.0192
2025-05-30 15:35:06,050 | INFO | Train batch  4800/10986 | ms/batch 203.23 | loss 0.8801 | bpb  1.27 | ppl     2.41 | lr 2.89e-04
2025-05-30 15:35:26,309 | INFO | Gradient norm: 0.0143
2025-05-30 15:35:26,317 | INFO | Train batch  4900/10986 | ms/batch 203.21 | loss 0.8801 | bpb  1.27 | ppl     2.41 | lr 2.89e-04
2025-05-30 15:35:46,594 | INFO | Gradient norm: 0.0195
2025-05-30 15:35:46,602 | INFO | Train batch  5000/10986 | ms/batch 203.21 | loss 0.8801 | bpb  1.27 | ppl     2.41 | lr 2.89e-04
2025-05-30 15:36:06,879 | INFO | Gradient norm: 0.0087
2025-05-30 15:36:06,887 | INFO | Train batch  5100/10986 | ms/batch 203.20 | loss 0.8800 | bpb  1.27 | ppl     2.41 | lr 2.89e-04
2025-05-30 15:36:27,168 | INFO | Gradient norm: 0.0193
2025-05-30 15:36:27,175 | INFO | Train batch  5200/10986 | ms/batch 203.19 | loss 0.8800 | bpb  1.27 | ppl     2.41 | lr 2.89e-04
2025-05-30 15:36:47,445 | INFO | Gradient norm: 0.0083
2025-05-30 15:36:47,453 | INFO | Train batch  5300/10986 | ms/batch 203.19 | loss 0.8800 | bpb  1.27 | ppl     2.41 | lr 2.89e-04
2025-05-30 15:37:07,756 | INFO | Gradient norm: 0.0096
2025-05-30 15:37:07,764 | INFO | Train batch  5400/10986 | ms/batch 203.18 | loss 0.8800 | bpb  1.27 | ppl     2.41 | lr 2.89e-04
2025-05-30 15:37:28,080 | INFO | Gradient norm: 0.0180
2025-05-30 15:37:28,088 | INFO | Train batch  5500/10986 | ms/batch 203.19 | loss 0.8800 | bpb  1.27 | ppl     2.41 | lr 2.89e-04
2025-05-30 15:37:48,410 | INFO | Gradient norm: 0.0106
2025-05-30 15:37:48,418 | INFO | Train batch  5600/10986 | ms/batch 203.19 | loss 0.8800 | bpb  1.27 | ppl     2.41 | lr 2.89e-04
2025-05-30 15:38:08,704 | INFO | Gradient norm: 0.0184
2025-05-30 15:38:08,711 | INFO | Train batch  5700/10986 | ms/batch 203.18 | loss 0.8800 | bpb  1.27 | ppl     2.41 | lr 2.89e-04
2025-05-30 15:38:28,995 | INFO | Gradient norm: 0.0294
2025-05-30 15:38:29,003 | INFO | Train batch  5800/10986 | ms/batch 203.18 | loss 0.8800 | bpb  1.27 | ppl     2.41 | lr 2.89e-04
2025-05-30 15:38:49,277 | INFO | Gradient norm: 0.0212
2025-05-30 15:38:49,285 | INFO | Train batch  5900/10986 | ms/batch 203.17 | loss 0.8800 | bpb  1.27 | ppl     2.41 | lr 2.89e-04
2025-05-30 15:39:09,666 | INFO | Gradient norm: 0.0123
2025-05-30 15:39:09,673 | INFO | Train batch  6000/10986 | ms/batch 203.18 | loss 0.8800 | bpb  1.27 | ppl     2.41 | lr 2.88e-04
2025-05-30 15:39:30,019 | INFO | Gradient norm: 0.0089
2025-05-30 15:39:30,027 | INFO | Train batch  6100/10986 | ms/batch 203.19 | loss 0.8800 | bpb  1.27 | ppl     2.41 | lr 2.88e-04
2025-05-30 15:39:50,307 | INFO | Gradient norm: 0.0100
2025-05-30 15:39:50,314 | INFO | Train batch  6200/10986 | ms/batch 203.19 | loss 0.8800 | bpb  1.27 | ppl     2.41 | lr 2.88e-04
2025-05-30 15:40:10,599 | INFO | Gradient norm: 0.0096
2025-05-30 15:40:10,607 | INFO | Train batch  6300/10986 | ms/batch 203.18 | loss 0.8800 | bpb  1.27 | ppl     2.41 | lr 2.88e-04
2025-05-30 15:40:30,914 | INFO | Gradient norm: 0.0126
2025-05-30 15:40:30,922 | INFO | Train batch  6400/10986 | ms/batch 203.18 | loss 0.8800 | bpb  1.27 | ppl     2.41 | lr 2.88e-04
2025-05-30 15:40:51,232 | INFO | Gradient norm: 0.0108
2025-05-30 15:40:51,239 | INFO | Train batch  6500/10986 | ms/batch 203.18 | loss 0.8800 | bpb  1.27 | ppl     2.41 | lr 2.88e-04
2025-05-30 15:41:11,571 | INFO | Gradient norm: 0.0134
2025-05-30 15:41:11,579 | INFO | Train batch  6600/10986 | ms/batch 203.18 | loss 0.8800 | bpb  1.27 | ppl     2.41 | lr 2.88e-04
2025-05-30 15:41:31,862 | INFO | Gradient norm: 0.0117
2025-05-30 15:41:31,870 | INFO | Train batch  6700/10986 | ms/batch 203.18 | loss 0.8800 | bpb  1.27 | ppl     2.41 | lr 2.88e-04
2025-05-30 15:41:52,161 | INFO | Gradient norm: 0.0089
2025-05-30 15:41:52,169 | INFO | Train batch  6800/10986 | ms/batch 203.18 | loss 0.8800 | bpb  1.27 | ppl     2.41 | lr 2.88e-04
2025-05-30 15:42:12,458 | INFO | Gradient norm: 0.0087
2025-05-30 15:42:12,466 | INFO | Train batch  6900/10986 | ms/batch 203.17 | loss 0.8800 | bpb  1.27 | ppl     2.41 | lr 2.88e-04
2025-05-30 15:42:32,794 | INFO | Gradient norm: 0.0124
2025-05-30 15:42:32,802 | INFO | Train batch  7000/10986 | ms/batch 203.18 | loss 0.8800 | bpb  1.27 | ppl     2.41 | lr 2.88e-04
2025-05-30 15:42:53,142 | INFO | Gradient norm: 0.0110
2025-05-30 15:42:53,150 | INFO | Train batch  7100/10986 | ms/batch 203.18 | loss 0.8800 | bpb  1.27 | ppl     2.41 | lr 2.88e-04
2025-05-30 15:43:13,453 | INFO | Gradient norm: 0.0108
2025-05-30 15:43:13,461 | INFO | Train batch  7200/10986 | ms/batch 203.18 | loss 0.8800 | bpb  1.27 | ppl     2.41 | lr 2.88e-04
2025-05-30 15:43:33,775 | INFO | Gradient norm: 0.0156
2025-05-30 15:43:33,783 | INFO | Train batch  7300/10986 | ms/batch 203.18 | loss 0.8800 | bpb  1.27 | ppl     2.41 | lr 2.88e-04
2025-05-30 15:43:54,067 | INFO | Gradient norm: 0.0089
2025-05-30 15:43:54,075 | INFO | Train batch  7400/10986 | ms/batch 203.18 | loss 0.8800 | bpb  1.27 | ppl     2.41 | lr 2.88e-04
2025-05-30 15:44:14,363 | INFO | Gradient norm: 0.0101
2025-05-30 15:44:14,371 | INFO | Train batch  7500/10986 | ms/batch 203.17 | loss 0.8800 | bpb  1.27 | ppl     2.41 | lr 2.88e-04
2025-05-30 15:44:34,678 | INFO | Gradient norm: 0.0185
2025-05-30 15:44:34,686 | INFO | Train batch  7600/10986 | ms/batch 203.17 | loss 0.8800 | bpb  1.27 | ppl     2.41 | lr 2.88e-04
2025-05-30 15:44:54,993 | INFO | Gradient norm: 0.0104
2025-05-30 15:44:55,001 | INFO | Train batch  7700/10986 | ms/batch 203.17 | loss 0.8800 | bpb  1.27 | ppl     2.41 | lr 2.88e-04
2025-05-30 15:45:15,300 | INFO | Gradient norm: 0.0100
2025-05-30 15:45:15,308 | INFO | Train batch  7800/10986 | ms/batch 203.17 | loss 0.8800 | bpb  1.27 | ppl     2.41 | lr 2.88e-04
2025-05-30 15:45:35,630 | INFO | Gradient norm: 0.0293
2025-05-30 15:45:35,638 | INFO | Train batch  7900/10986 | ms/batch 203.17 | loss 0.8800 | bpb  1.27 | ppl     2.41 | lr 2.88e-04
2025-05-30 15:45:55,947 | INFO | Gradient norm: 0.0117
2025-05-30 15:45:55,955 | INFO | Train batch  8000/10986 | ms/batch 203.17 | loss 0.8800 | bpb  1.27 | ppl     2.41 | lr 2.88e-04
2025-05-30 15:46:16,278 | INFO | Gradient norm: 0.0084
2025-05-30 15:46:16,286 | INFO | Train batch  8100/10986 | ms/batch 203.18 | loss 0.8800 | bpb  1.27 | ppl     2.41 | lr 2.88e-04
2025-05-30 15:46:36,620 | INFO | Gradient norm: 0.0104
2025-05-30 15:46:36,628 | INFO | Train batch  8200/10986 | ms/batch 203.18 | loss 0.8800 | bpb  1.27 | ppl     2.41 | lr 2.88e-04
2025-05-30 15:46:56,944 | INFO | Gradient norm: 0.0074
2025-05-30 15:46:56,952 | INFO | Train batch  8300/10986 | ms/batch 203.18 | loss 0.8800 | bpb  1.27 | ppl     2.41 | lr 2.88e-04
2025-05-30 15:47:17,254 | INFO | Gradient norm: 0.0180
2025-05-30 15:47:17,262 | INFO | Train batch  8400/10986 | ms/batch 203.18 | loss 0.8800 | bpb  1.27 | ppl     2.41 | lr 2.88e-04
2025-05-30 15:47:37,579 | INFO | Gradient norm: 0.0226
2025-05-30 15:47:37,587 | INFO | Train batch  8500/10986 | ms/batch 203.18 | loss 0.8800 | bpb  1.27 | ppl     2.41 | lr 2.88e-04
2025-05-30 15:47:57,897 | INFO | Gradient norm: 0.0237
2025-05-30 15:47:57,905 | INFO | Train batch  8600/10986 | ms/batch 203.18 | loss 0.8800 | bpb  1.27 | ppl     2.41 | lr 2.88e-04
2025-05-30 15:48:18,178 | INFO | Gradient norm: 0.0095
2025-05-30 15:48:18,186 | INFO | Train batch  8700/10986 | ms/batch 203.17 | loss 0.8800 | bpb  1.27 | ppl     2.41 | lr 2.88e-04
2025-05-30 15:48:38,494 | INFO | Gradient norm: 0.0100
2025-05-30 15:48:38,502 | INFO | Train batch  8800/10986 | ms/batch 203.17 | loss 0.8800 | bpb  1.27 | ppl     2.41 | lr 2.88e-04
2025-05-30 15:48:58,798 | INFO | Gradient norm: 0.0103
2025-05-30 15:48:58,805 | INFO | Train batch  8900/10986 | ms/batch 203.17 | loss 0.8800 | bpb  1.27 | ppl     2.41 | lr 2.88e-04
2025-05-30 15:49:19,083 | INFO | Gradient norm: 0.0129
2025-05-30 15:49:19,091 | INFO | Train batch  9000/10986 | ms/batch 203.17 | loss 0.8800 | bpb  1.27 | ppl     2.41 | lr 2.87e-04
2025-05-30 15:49:39,392 | INFO | Gradient norm: 0.0141
2025-05-30 15:49:39,400 | INFO | Train batch  9100/10986 | ms/batch 203.17 | loss 0.8800 | bpb  1.27 | ppl     2.41 | lr 2.87e-04
2025-05-30 15:49:59,681 | INFO | Gradient norm: 0.0080
2025-05-30 15:49:59,689 | INFO | Train batch  9200/10986 | ms/batch 203.17 | loss 0.8800 | bpb  1.27 | ppl     2.41 | lr 2.87e-04
2025-05-30 15:50:19,994 | INFO | Gradient norm: 0.0117
2025-05-30 15:50:20,001 | INFO | Train batch  9300/10986 | ms/batch 203.16 | loss 0.8800 | bpb  1.27 | ppl     2.41 | lr 2.87e-04
2025-05-30 15:50:40,323 | INFO | Gradient norm: 0.0075
2025-05-30 15:50:40,331 | INFO | Train batch  9400/10986 | ms/batch 203.17 | loss 0.8800 | bpb  1.27 | ppl     2.41 | lr 2.87e-04
2025-05-30 15:51:00,631 | INFO | Gradient norm: 0.0253
2025-05-30 15:51:00,639 | INFO | Train batch  9500/10986 | ms/batch 203.17 | loss 0.8800 | bpb  1.27 | ppl     2.41 | lr 2.87e-04
2025-05-30 15:51:20,933 | INFO | Gradient norm: 0.0071
2025-05-30 15:51:20,941 | INFO | Train batch  9600/10986 | ms/batch 203.16 | loss 0.8800 | bpb  1.27 | ppl     2.41 | lr 2.87e-04
2025-05-30 15:51:41,261 | INFO | Gradient norm: 0.0095
2025-05-30 15:51:41,269 | INFO | Train batch  9700/10986 | ms/batch 203.17 | loss 0.8800 | bpb  1.27 | ppl     2.41 | lr 2.87e-04
2025-05-30 15:52:01,552 | INFO | Gradient norm: 0.0081
2025-05-30 15:52:01,560 | INFO | Train batch  9800/10986 | ms/batch 203.16 | loss 0.8800 | bpb  1.27 | ppl     2.41 | lr 2.87e-04
2025-05-30 15:52:21,918 | INFO | Gradient norm: 0.0071
2025-05-30 15:52:21,926 | INFO | Train batch  9900/10986 | ms/batch 203.17 | loss 0.8800 | bpb  1.27 | ppl     2.41 | lr 2.87e-04
2025-05-30 15:52:42,251 | INFO | Gradient norm: 0.0110
2025-05-30 15:52:42,259 | INFO | Train batch 10000/10986 | ms/batch 203.17 | loss 0.8800 | bpb  1.27 | ppl     2.41 | lr 2.87e-04
2025-05-30 15:53:02,580 | INFO | Gradient norm: 0.0078
2025-05-30 15:53:02,588 | INFO | Train batch 10100/10986 | ms/batch 203.17 | loss 0.8800 | bpb  1.27 | ppl     2.41 | lr 2.87e-04
2025-05-30 15:53:22,939 | INFO | Gradient norm: 0.0085
2025-05-30 15:53:22,947 | INFO | Train batch 10200/10986 | ms/batch 203.17 | loss 0.8800 | bpb  1.27 | ppl     2.41 | lr 2.87e-04
2025-05-30 15:53:43,269 | INFO | Gradient norm: 0.0082
2025-05-30 15:53:43,277 | INFO | Train batch 10300/10986 | ms/batch 203.18 | loss 0.8800 | bpb  1.27 | ppl     2.41 | lr 2.87e-04
2025-05-30 15:54:03,608 | INFO | Gradient norm: 0.0133
2025-05-30 15:54:03,616 | INFO | Train batch 10400/10986 | ms/batch 203.18 | loss 0.8800 | bpb  1.27 | ppl     2.41 | lr 2.87e-04
2025-05-30 15:54:23,965 | INFO | Gradient norm: 0.0084
2025-05-30 15:54:23,973 | INFO | Train batch 10500/10986 | ms/batch 203.18 | loss 0.8800 | bpb  1.27 | ppl     2.41 | lr 2.87e-04
2025-05-30 15:54:44,276 | INFO | Gradient norm: 0.0168
2025-05-30 15:54:44,283 | INFO | Train batch 10600/10986 | ms/batch 203.18 | loss 0.8800 | bpb  1.27 | ppl     2.41 | lr 2.87e-04
2025-05-30 15:55:04,593 | INFO | Gradient norm: 0.0229
2025-05-30 15:55:04,601 | INFO | Train batch 10700/10986 | ms/batch 203.18 | loss 0.8800 | bpb  1.27 | ppl     2.41 | lr 2.87e-04
2025-05-30 15:55:24,912 | INFO | Gradient norm: 0.0165
2025-05-30 15:55:24,920 | INFO | Train batch 10800/10986 | ms/batch 203.18 | loss 0.8800 | bpb  1.27 | ppl     2.41 | lr 2.87e-04
2025-05-30 15:55:45,260 | INFO | Gradient norm: 0.0087
2025-05-30 15:55:45,268 | INFO | Train batch 10900/10986 | ms/batch 203.18 | loss 0.8800 | bpb  1.27 | ppl     2.41 | lr 2.87e-04
2025-05-30 15:57:20,868 | INFO | Epoch   6 | time: 2310.50s | train bpb  1.27 | valid bpb  1.27
2025-05-30 15:57:22,354 | INFO | Saved new best model with validation bpb:  1.27
2025-05-30 15:57:22,418 | INFO | Input shape: torch.Size([16, 511]), Target shape: torch.Size([16, 511])
2025-05-30 15:57:22,418 | INFO | Input range: [10, 226]
2025-05-30 15:57:22,419 | INFO | Target range: [10, 226]
2025-05-30 15:57:22,455 | INFO | Output shape: torch.Size([8176, 256]), Reshaped target shape: torch.Size([8176])
2025-05-30 15:57:22,456 | INFO | Output range: [-11.5234375, 11.5390625]
2025-05-30 15:57:22,457 | INFO | Sample probabilities: max=0.906497597694397, min=0.0002840028319042176
2025-05-30 15:57:22,457 | INFO | Raw loss value: 0.8797072172164917
2025-05-30 15:57:22,457 | INFO | Batch 0 loss stats - Mean: -0.1726, Std: 1.5166
2025-05-30 15:57:22,607 | INFO | Gradient norm: 0.0088
2025-05-30 15:57:22,615 | INFO | Train batch     0/10986 | ms/batch 197.34 | loss 0.8797 | bpb  1.27 | ppl     2.41 | lr 2.87e-04
2025-05-30 15:57:42,913 | INFO | Gradient norm: 0.0106
2025-05-30 15:57:42,921 | INFO | Train batch   100/10986 | ms/batch 203.00 | loss 0.8812 | bpb  1.27 | ppl     2.41 | lr 2.87e-04
2025-05-30 15:58:03,256 | INFO | Gradient norm: 0.0139
2025-05-30 15:58:03,263 | INFO | Train batch   200/10986 | ms/batch 203.21 | loss 0.8807 | bpb  1.27 | ppl     2.41 | lr 2.87e-04
2025-05-30 15:58:23,584 | INFO | Gradient norm: 0.0090
2025-05-30 15:58:23,592 | INFO | Train batch   300/10986 | ms/batch 203.24 | loss 0.8804 | bpb  1.27 | ppl     2.41 | lr 2.87e-04
2025-05-30 15:58:43,922 | INFO | Gradient norm: 0.0318
2025-05-30 15:58:43,930 | INFO | Train batch   400/10986 | ms/batch 203.27 | loss 0.8803 | bpb  1.27 | ppl     2.41 | lr 2.87e-04
2025-05-30 15:59:04,252 | INFO | Gradient norm: 0.0158
2025-05-30 15:59:04,260 | INFO | Train batch   500/10986 | ms/batch 203.28 | loss 0.8802 | bpb  1.27 | ppl     2.41 | lr 2.87e-04
2025-05-30 15:59:24,566 | INFO | Gradient norm: 0.0079
2025-05-30 15:59:24,574 | INFO | Train batch   600/10986 | ms/batch 203.25 | loss 0.8802 | bpb  1.27 | ppl     2.41 | lr 2.87e-04
2025-05-30 15:59:44,868 | INFO | Gradient norm: 0.0094
2025-05-30 15:59:44,876 | INFO | Train batch   700/10986 | ms/batch 203.22 | loss 0.8801 | bpb  1.27 | ppl     2.41 | lr 2.87e-04
2025-05-30 16:00:05,169 | INFO | Gradient norm: 0.0197
2025-05-30 16:00:05,177 | INFO | Train batch   800/10986 | ms/batch 203.19 | loss 0.8801 | bpb  1.27 | ppl     2.41 | lr 2.87e-04
2025-05-30 16:00:25,476 | INFO | Gradient norm: 0.0085
2025-05-30 16:00:25,484 | INFO | Train batch   900/10986 | ms/batch 203.18 | loss 0.8800 | bpb  1.27 | ppl     2.41 | lr 2.86e-04
2025-05-30 16:00:45,839 | INFO | Gradient norm: 0.0083
2025-05-30 16:00:45,846 | INFO | Train batch  1000/10986 | ms/batch 203.23 | loss 0.8800 | bpb  1.27 | ppl     2.41 | lr 2.86e-04
2025-05-30 16:01:06,136 | INFO | Gradient norm: 0.0088
2025-05-30 16:01:06,144 | INFO | Train batch  1100/10986 | ms/batch 203.20 | loss 0.8800 | bpb  1.27 | ppl     2.41 | lr 2.86e-04
2025-05-30 16:01:26,431 | INFO | Gradient norm: 0.0113
2025-05-30 16:01:26,439 | INFO | Train batch  1200/10986 | ms/batch 203.18 | loss 0.8800 | bpb  1.27 | ppl     2.41 | lr 2.86e-04
2025-05-30 16:01:46,764 | INFO | Gradient norm: 0.0129
2025-05-30 16:01:46,772 | INFO | Train batch  1300/10986 | ms/batch 203.19 | loss 0.8800 | bpb  1.27 | ppl     2.41 | lr 2.86e-04
2025-05-30 16:02:07,066 | INFO | Gradient norm: 0.0181
2025-05-30 16:02:07,074 | INFO | Train batch  1400/10986 | ms/batch 203.18 | loss 0.8800 | bpb  1.27 | ppl     2.41 | lr 2.86e-04
2025-05-30 16:02:27,341 | INFO | Gradient norm: 0.0127
2025-05-30 16:02:27,349 | INFO | Train batch  1500/10986 | ms/batch 203.15 | loss 0.8800 | bpb  1.27 | ppl     2.41 | lr 2.86e-04
2025-05-30 16:02:47,634 | INFO | Gradient norm: 0.0079
2025-05-30 16:02:47,642 | INFO | Train batch  1600/10986 | ms/batch 203.14 | loss 0.8800 | bpb  1.27 | ppl     2.41 | lr 2.86e-04
2025-05-30 16:03:07,920 | INFO | Gradient norm: 0.0103
2025-05-30 16:03:07,928 | INFO | Train batch  1700/10986 | ms/batch 203.12 | loss 0.8800 | bpb  1.27 | ppl     2.41 | lr 2.86e-04
2025-05-30 16:03:28,227 | INFO | Gradient norm: 0.0091
2025-05-30 16:03:28,235 | INFO | Train batch  1800/10986 | ms/batch 203.12 | loss 0.8800 | bpb  1.27 | ppl     2.41 | lr 2.86e-04
2025-05-30 16:03:48,526 | INFO | Gradient norm: 0.0194
2025-05-30 16:03:48,534 | INFO | Train batch  1900/10986 | ms/batch 203.11 | loss 0.8799 | bpb  1.27 | ppl     2.41 | lr 2.86e-04
2025-05-30 16:04:08,804 | INFO | Gradient norm: 0.0073
2025-05-30 16:04:08,812 | INFO | Train batch  2000/10986 | ms/batch 203.10 | loss 0.8800 | bpb  1.27 | ppl     2.41 | lr 2.86e-04
2025-05-30 16:04:29,119 | INFO | Gradient norm: 0.0254
2025-05-30 16:04:29,126 | INFO | Train batch  2100/10986 | ms/batch 203.10 | loss 0.8800 | bpb  1.27 | ppl     2.41 | lr 2.86e-04
2025-05-30 16:04:49,424 | INFO | Gradient norm: 0.0188
2025-05-30 16:04:49,432 | INFO | Train batch  2200/10986 | ms/batch 203.10 | loss 0.8800 | bpb  1.27 | ppl     2.41 | lr 2.86e-04
2025-05-30 16:05:09,706 | INFO | Gradient norm: 0.0095
2025-05-30 16:05:09,714 | INFO | Train batch  2300/10986 | ms/batch 203.08 | loss 0.8800 | bpb  1.27 | ppl     2.41 | lr 2.86e-04
2025-05-30 16:05:30,042 | INFO | Gradient norm: 0.0079
2025-05-30 16:05:30,050 | INFO | Train batch  2400/10986 | ms/batch 203.10 | loss 0.8800 | bpb  1.27 | ppl     2.41 | lr 2.86e-04
2025-05-30 16:05:50,339 | INFO | Gradient norm: 0.0088
2025-05-30 16:05:50,347 | INFO | Train batch  2500/10986 | ms/batch 203.09 | loss 0.8800 | bpb  1.27 | ppl     2.41 | lr 2.86e-04
2025-05-30 16:06:10,636 | INFO | Gradient norm: 0.0084
2025-05-30 16:06:10,644 | INFO | Train batch  2600/10986 | ms/batch 203.09 | loss 0.8800 | bpb  1.27 | ppl     2.41 | lr 2.86e-04
2025-05-30 16:06:30,980 | INFO | Gradient norm: 0.0144
2025-05-30 16:06:30,988 | INFO | Train batch  2700/10986 | ms/batch 203.10 | loss 0.8800 | bpb  1.27 | ppl     2.41 | lr 2.86e-04
2025-05-30 16:06:51,279 | INFO | Gradient norm: 0.0111
2025-05-30 16:06:51,287 | INFO | Train batch  2800/10986 | ms/batch 203.09 | loss 0.8800 | bpb  1.27 | ppl     2.41 | lr 2.86e-04
2025-05-30 16:07:11,605 | INFO | Gradient norm: 0.0177
2025-05-30 16:07:11,613 | INFO | Train batch  2900/10986 | ms/batch 203.10 | loss 0.8800 | bpb  1.27 | ppl     2.41 | lr 2.86e-04
2025-05-30 16:07:31,899 | INFO | Gradient norm: 0.0204
2025-05-30 16:07:31,907 | INFO | Train batch  3000/10986 | ms/batch 203.10 | loss 0.8800 | bpb  1.27 | ppl     2.41 | lr 2.86e-04
2025-05-30 16:07:52,206 | INFO | Gradient norm: 0.0171
2025-05-30 16:07:52,214 | INFO | Train batch  3100/10986 | ms/batch 203.09 | loss 0.8799 | bpb  1.27 | ppl     2.41 | lr 2.86e-04
2025-05-30 16:08:12,496 | INFO | Gradient norm: 0.0090
2025-05-30 16:08:12,504 | INFO | Train batch  3200/10986 | ms/batch 203.09 | loss 0.8799 | bpb  1.27 | ppl     2.41 | lr 2.86e-04
2025-05-30 16:08:32,875 | INFO | Gradient norm: 0.0256
2025-05-30 16:08:32,883 | INFO | Train batch  3300/10986 | ms/batch 203.11 | loss 0.8799 | bpb  1.27 | ppl     2.41 | lr 2.86e-04
2025-05-30 16:08:53,219 | INFO | Gradient norm: 0.0073
2025-05-30 16:08:53,227 | INFO | Train batch  3400/10986 | ms/batch 203.12 | loss 0.8799 | bpb  1.27 | ppl     2.41 | lr 2.86e-04
2025-05-30 16:09:13,528 | INFO | Gradient norm: 0.0088
2025-05-30 16:09:13,536 | INFO | Train batch  3500/10986 | ms/batch 203.12 | loss 0.8799 | bpb  1.27 | ppl     2.41 | lr 2.86e-04
2025-05-30 16:09:33,825 | INFO | Gradient norm: 0.0150
2025-05-30 16:09:33,833 | INFO | Train batch  3600/10986 | ms/batch 203.11 | loss 0.8799 | bpb  1.27 | ppl     2.41 | lr 2.86e-04
2025-05-30 16:09:54,129 | INFO | Gradient norm: 0.0099
2025-05-30 16:09:54,137 | INFO | Train batch  3700/10986 | ms/batch 203.11 | loss 0.8799 | bpb  1.27 | ppl     2.41 | lr 2.85e-04
2025-05-30 16:10:14,441 | INFO | Gradient norm: 0.0094
2025-05-30 16:10:14,449 | INFO | Train batch  3800/10986 | ms/batch 203.11 | loss 0.8799 | bpb  1.27 | ppl     2.41 | lr 2.85e-04
2025-05-30 16:10:34,727 | INFO | Gradient norm: 0.0072
2025-05-30 16:10:34,734 | INFO | Train batch  3900/10986 | ms/batch 203.11 | loss 0.8799 | bpb  1.27 | ppl     2.41 | lr 2.85e-04
2025-05-30 16:10:55,015 | INFO | Gradient norm: 0.0521
2025-05-30 16:10:55,023 | INFO | Train batch  4000/10986 | ms/batch 203.10 | loss 0.8799 | bpb  1.27 | ppl     2.41 | lr 2.85e-04
2025-05-30 16:11:15,288 | INFO | Gradient norm: 0.0248
2025-05-30 16:11:15,296 | INFO | Train batch  4100/10986 | ms/batch 203.09 | loss 0.8799 | bpb  1.27 | ppl     2.41 | lr 2.85e-04
2025-05-30 16:11:35,585 | INFO | Gradient norm: 0.0181
2025-05-30 16:11:35,592 | INFO | Train batch  4200/10986 | ms/batch 203.09 | loss 0.8799 | bpb  1.27 | ppl     2.41 | lr 2.85e-04
2025-05-30 16:11:55,879 | INFO | Gradient norm: 0.0095
2025-05-30 16:11:55,887 | INFO | Train batch  4300/10986 | ms/batch 203.09 | loss 0.8799 | bpb  1.27 | ppl     2.41 | lr 2.85e-04
2025-05-30 16:12:16,153 | INFO | Gradient norm: 0.0085
2025-05-30 16:12:16,161 | INFO | Train batch  4400/10986 | ms/batch 203.08 | loss 0.8799 | bpb  1.27 | ppl     2.41 | lr 2.85e-04
2025-05-30 16:12:36,454 | INFO | Gradient norm: 0.0133
2025-05-30 16:12:36,462 | INFO | Train batch  4500/10986 | ms/batch 203.08 | loss 0.8799 | bpb  1.27 | ppl     2.41 | lr 2.85e-04
2025-05-30 16:12:56,757 | INFO | Gradient norm: 0.0236
2025-05-30 16:12:56,764 | INFO | Train batch  4600/10986 | ms/batch 203.07 | loss 0.8799 | bpb  1.27 | ppl     2.41 | lr 2.85e-04
2025-05-30 16:13:17,071 | INFO | Gradient norm: 0.0190
2025-05-30 16:13:17,079 | INFO | Train batch  4700/10986 | ms/batch 203.08 | loss 0.8799 | bpb  1.27 | ppl     2.41 | lr 2.85e-04
2025-05-30 16:13:37,370 | INFO | Gradient norm: 0.0080
2025-05-30 16:13:37,377 | INFO | Train batch  4800/10986 | ms/batch 203.07 | loss 0.8799 | bpb  1.27 | ppl     2.41 | lr 2.85e-04
2025-05-30 16:13:57,686 | INFO | Gradient norm: 0.0098
2025-05-30 16:13:57,694 | INFO | Train batch  4900/10986 | ms/batch 203.08 | loss 0.8799 | bpb  1.27 | ppl     2.41 | lr 2.85e-04
2025-05-30 16:14:17,992 | INFO | Gradient norm: 0.0163
2025-05-30 16:14:18,000 | INFO | Train batch  5000/10986 | ms/batch 203.08 | loss 0.8799 | bpb  1.27 | ppl     2.41 | lr 2.85e-04
2025-05-30 16:14:38,258 | INFO | Gradient norm: 0.0088
2025-05-30 16:14:38,266 | INFO | Train batch  5100/10986 | ms/batch 203.07 | loss 0.8799 | bpb  1.27 | ppl     2.41 | lr 2.85e-04
2025-05-30 16:14:58,519 | INFO | Gradient norm: 0.0081
2025-05-30 16:14:58,527 | INFO | Train batch  5200/10986 | ms/batch 203.06 | loss 0.8799 | bpb  1.27 | ppl     2.41 | lr 2.85e-04
2025-05-30 16:15:18,813 | INFO | Gradient norm: 0.0107
2025-05-30 16:15:18,821 | INFO | Train batch  5300/10986 | ms/batch 203.06 | loss 0.8799 | bpb  1.27 | ppl     2.41 | lr 2.85e-04
2025-05-30 16:15:39,120 | INFO | Gradient norm: 0.0187
2025-05-30 16:15:39,128 | INFO | Train batch  5400/10986 | ms/batch 203.06 | loss 0.8799 | bpb  1.27 | ppl     2.41 | lr 2.85e-04
2025-05-30 16:15:59,390 | INFO | Gradient norm: 0.0100
2025-05-30 16:15:59,398 | INFO | Train batch  5500/10986 | ms/batch 203.05 | loss 0.8799 | bpb  1.27 | ppl     2.41 | lr 2.85e-04
2025-05-30 16:16:19,687 | INFO | Gradient norm: 0.0322
2025-05-30 16:16:19,695 | INFO | Train batch  5600/10986 | ms/batch 203.05 | loss 0.8799 | bpb  1.27 | ppl     2.41 | lr 2.85e-04
2025-05-30 16:16:39,987 | INFO | Gradient norm: 0.0105
2025-05-30 16:16:39,994 | INFO | Train batch  5700/10986 | ms/batch 203.05 | loss 0.8799 | bpb  1.27 | ppl     2.41 | lr 2.85e-04
2025-05-30 16:17:00,345 | INFO | Gradient norm: 0.0115
2025-05-30 16:17:00,353 | INFO | Train batch  5800/10986 | ms/batch 203.06 | loss 0.8799 | bpb  1.27 | ppl     2.41 | lr 2.85e-04
2025-05-30 16:17:20,680 | INFO | Gradient norm: 0.0075
2025-05-30 16:17:20,688 | INFO | Train batch  5900/10986 | ms/batch 203.06 | loss 0.8799 | bpb  1.27 | ppl     2.41 | lr 2.85e-04
2025-05-30 16:17:41,008 | INFO | Gradient norm: 0.0219
2025-05-30 16:17:41,016 | INFO | Train batch  6000/10986 | ms/batch 203.07 | loss 0.8799 | bpb  1.27 | ppl     2.41 | lr 2.85e-04
2025-05-30 16:18:01,349 | INFO | Gradient norm: 0.0120
2025-05-30 16:18:01,357 | INFO | Train batch  6100/10986 | ms/batch 203.07 | loss 0.8799 | bpb  1.27 | ppl     2.41 | lr 2.85e-04
2025-05-30 16:18:21,667 | INFO | Gradient norm: 0.0289
2025-05-30 16:18:21,675 | INFO | Train batch  6200/10986 | ms/batch 203.07 | loss 0.8799 | bpb  1.27 | ppl     2.41 | lr 2.85e-04
2025-05-30 16:18:41,958 | INFO | Gradient norm: 0.0119
2025-05-30 16:18:41,966 | INFO | Train batch  6300/10986 | ms/batch 203.07 | loss 0.8799 | bpb  1.27 | ppl     2.41 | lr 2.85e-04
2025-05-30 16:19:02,250 | INFO | Gradient norm: 0.0099
2025-05-30 16:19:02,258 | INFO | Train batch  6400/10986 | ms/batch 203.07 | loss 0.8799 | bpb  1.27 | ppl     2.41 | lr 2.84e-04
2025-05-30 16:19:22,546 | INFO | Gradient norm: 0.0089
2025-05-30 16:19:22,554 | INFO | Train batch  6500/10986 | ms/batch 203.07 | loss 0.8799 | bpb  1.27 | ppl     2.41 | lr 2.84e-04
2025-05-30 16:19:42,846 | INFO | Gradient norm: 0.0160
2025-05-30 16:19:42,854 | INFO | Train batch  6600/10986 | ms/batch 203.07 | loss 0.8799 | bpb  1.27 | ppl     2.41 | lr 2.84e-04
2025-05-30 16:20:03,183 | INFO | Gradient norm: 0.0131
2025-05-30 16:20:03,191 | INFO | Train batch  6700/10986 | ms/batch 203.07 | loss 0.8799 | bpb  1.27 | ppl     2.41 | lr 2.84e-04
2025-05-30 16:20:23,518 | INFO | Gradient norm: 0.0100
2025-05-30 16:20:23,526 | INFO | Train batch  6800/10986 | ms/batch 203.07 | loss 0.8799 | bpb  1.27 | ppl     2.41 | lr 2.84e-04
2025-05-30 16:20:43,812 | INFO | Gradient norm: 0.0091
2025-05-30 16:20:43,820 | INFO | Train batch  6900/10986 | ms/batch 203.07 | loss 0.8799 | bpb  1.27 | ppl     2.41 | lr 2.84e-04
2025-05-30 16:21:03,988 | INFO | Gradient norm: 0.0224
2025-05-30 16:21:03,996 | INFO | Train batch  7000/10986 | ms/batch 203.05 | loss 0.8799 | bpb  1.27 | ppl     2.41 | lr 2.84e-04
2025-05-30 16:21:24,160 | INFO | Gradient norm: 0.0094
2025-05-30 16:21:24,168 | INFO | Train batch  7100/10986 | ms/batch 203.03 | loss 0.8799 | bpb  1.27 | ppl     2.41 | lr 2.84e-04
2025-05-30 16:21:44,340 | INFO | Gradient norm: 0.0187
2025-05-30 16:21:44,348 | INFO | Train batch  7200/10986 | ms/batch 203.02 | loss 0.8799 | bpb  1.27 | ppl     2.41 | lr 2.84e-04
2025-05-30 16:22:04,517 | INFO | Gradient norm: 0.0085
2025-05-30 16:22:04,525 | INFO | Train batch  7300/10986 | ms/batch 203.00 | loss 0.8799 | bpb  1.27 | ppl     2.41 | lr 2.84e-04
2025-05-30 16:22:24,704 | INFO | Gradient norm: 0.0085
2025-05-30 16:22:24,712 | INFO | Train batch  7400/10986 | ms/batch 202.99 | loss 0.8799 | bpb  1.27 | ppl     2.41 | lr 2.84e-04
2025-05-30 16:22:44,865 | INFO | Gradient norm: 0.0085
2025-05-30 16:22:44,873 | INFO | Train batch  7500/10986 | ms/batch 202.97 | loss 0.8799 | bpb  1.27 | ppl     2.41 | lr 2.84e-04
2025-05-30 16:23:05,041 | INFO | Gradient norm: 0.0095
2025-05-30 16:23:05,049 | INFO | Train batch  7600/10986 | ms/batch 202.95 | loss 0.8799 | bpb  1.27 | ppl     2.41 | lr 2.84e-04
2025-05-30 16:23:25,198 | INFO | Gradient norm: 0.0128
2025-05-30 16:23:25,206 | INFO | Train batch  7700/10986 | ms/batch 202.93 | loss 0.8799 | bpb  1.27 | ppl     2.41 | lr 2.84e-04
2025-05-30 16:23:45,360 | INFO | Gradient norm: 0.0175
2025-05-30 16:23:45,368 | INFO | Train batch  7800/10986 | ms/batch 202.92 | loss 0.8799 | bpb  1.27 | ppl     2.41 | lr 2.84e-04
2025-05-30 16:24:05,545 | INFO | Gradient norm: 0.0110
2025-05-30 16:24:05,552 | INFO | Train batch  7900/10986 | ms/batch 202.90 | loss 0.8799 | bpb  1.27 | ppl     2.41 | lr 2.84e-04
2025-05-30 16:24:25,717 | INFO | Gradient norm: 0.0105
2025-05-30 16:24:25,725 | INFO | Train batch  8000/10986 | ms/batch 202.89 | loss 0.8799 | bpb  1.27 | ppl     2.41 | lr 2.84e-04
2025-05-30 16:24:45,889 | INFO | Gradient norm: 0.0094
2025-05-30 16:24:45,897 | INFO | Train batch  8100/10986 | ms/batch 202.87 | loss 0.8799 | bpb  1.27 | ppl     2.41 | lr 2.84e-04
2025-05-30 16:25:06,041 | INFO | Gradient norm: 0.0100
2025-05-30 16:25:06,049 | INFO | Train batch  8200/10986 | ms/batch 202.86 | loss 0.8799 | bpb  1.27 | ppl     2.41 | lr 2.84e-04
2025-05-30 16:25:26,187 | INFO | Gradient norm: 0.0242
2025-05-30 16:25:26,195 | INFO | Train batch  8300/10986 | ms/batch 202.84 | loss 0.8799 | bpb  1.27 | ppl     2.41 | lr 2.84e-04
2025-05-30 16:25:46,356 | INFO | Gradient norm: 0.0238
2025-05-30 16:25:46,364 | INFO | Train batch  8400/10986 | ms/batch 202.83 | loss 0.8799 | bpb  1.27 | ppl     2.41 | lr 2.84e-04
2025-05-30 16:26:06,511 | INFO | Gradient norm: 0.0122
2025-05-30 16:26:06,519 | INFO | Train batch  8500/10986 | ms/batch 202.81 | loss 0.8799 | bpb  1.27 | ppl     2.41 | lr 2.84e-04
2025-05-30 16:26:26,665 | INFO | Gradient norm: 0.0106
2025-05-30 16:26:26,673 | INFO | Train batch  8600/10986 | ms/batch 202.80 | loss 0.8799 | bpb  1.27 | ppl     2.41 | lr 2.84e-04
2025-05-30 16:26:46,822 | INFO | Gradient norm: 0.0103
2025-05-30 16:26:46,830 | INFO | Train batch  8700/10986 | ms/batch 202.78 | loss 0.8799 | bpb  1.27 | ppl     2.41 | lr 2.84e-04
2025-05-30 16:27:07,004 | INFO | Gradient norm: 0.0189
2025-05-30 16:27:07,012 | INFO | Train batch  8800/10986 | ms/batch 202.77 | loss 0.8799 | bpb  1.27 | ppl     2.41 | lr 2.84e-04
2025-05-30 16:27:27,175 | INFO | Gradient norm: 0.0292
2025-05-30 16:27:27,183 | INFO | Train batch  8900/10986 | ms/batch 202.76 | loss 0.8799 | bpb  1.27 | ppl     2.41 | lr 2.84e-04
2025-05-30 16:27:47,334 | INFO | Gradient norm: 0.0082
2025-05-30 16:27:47,342 | INFO | Train batch  9000/10986 | ms/batch 202.75 | loss 0.8799 | bpb  1.27 | ppl     2.41 | lr 2.84e-04
2025-05-30 16:28:07,494 | INFO | Gradient norm: 0.0116
2025-05-30 16:28:07,502 | INFO | Train batch  9100/10986 | ms/batch 202.73 | loss 0.8799 | bpb  1.27 | ppl     2.41 | lr 2.83e-04
2025-05-30 16:28:27,651 | INFO | Gradient norm: 0.0079
2025-05-30 16:28:27,659 | INFO | Train batch  9200/10986 | ms/batch 202.72 | loss 0.8799 | bpb  1.27 | ppl     2.41 | lr 2.83e-04
2025-05-30 16:28:47,779 | INFO | Gradient norm: 0.0079
2025-05-30 16:28:47,787 | INFO | Train batch  9300/10986 | ms/batch 202.71 | loss 0.8799 | bpb  1.27 | ppl     2.41 | lr 2.83e-04
2025-05-30 16:29:07,935 | INFO | Gradient norm: 0.0070
2025-05-30 16:29:07,943 | INFO | Train batch  9400/10986 | ms/batch 202.69 | loss 0.8799 | bpb  1.27 | ppl     2.41 | lr 2.83e-04
2025-05-30 16:29:28,100 | INFO | Gradient norm: 0.0106
2025-05-30 16:29:28,108 | INFO | Train batch  9500/10986 | ms/batch 202.68 | loss 0.8799 | bpb  1.27 | ppl     2.41 | lr 2.83e-04
2025-05-30 16:29:48,303 | INFO | Gradient norm: 0.0757
2025-05-30 16:29:48,311 | INFO | Train batch  9600/10986 | ms/batch 202.68 | loss 0.8799 | bpb  1.27 | ppl     2.41 | lr 2.83e-04
2025-05-30 16:30:08,464 | INFO | Gradient norm: 0.0113
2025-05-30 16:30:08,472 | INFO | Train batch  9700/10986 | ms/batch 202.67 | loss 0.8799 | bpb  1.27 | ppl     2.41 | lr 2.83e-04
2025-05-30 16:30:28,666 | INFO | Gradient norm: 0.0095
2025-05-30 16:30:28,673 | INFO | Train batch  9800/10986 | ms/batch 202.66 | loss 0.8799 | bpb  1.27 | ppl     2.41 | lr 2.83e-04
2025-05-30 16:30:48,836 | INFO | Gradient norm: 0.0102
2025-05-30 16:30:48,844 | INFO | Train batch  9900/10986 | ms/batch 202.65 | loss 0.8799 | bpb  1.27 | ppl     2.41 | lr 2.83e-04
2025-05-30 16:31:08,966 | INFO | Gradient norm: 0.0160
2025-05-30 16:31:08,974 | INFO | Train batch 10000/10986 | ms/batch 202.64 | loss 0.8799 | bpb  1.27 | ppl     2.41 | lr 2.83e-04
2025-05-30 16:31:29,119 | INFO | Gradient norm: 0.0082
2025-05-30 16:31:29,127 | INFO | Train batch 10100/10986 | ms/batch 202.62 | loss 0.8799 | bpb  1.27 | ppl     2.41 | lr 2.83e-04
2025-05-30 16:31:49,257 | INFO | Gradient norm: 0.0079
2025-05-30 16:31:49,265 | INFO | Train batch 10200/10986 | ms/batch 202.61 | loss 0.8799 | bpb  1.27 | ppl     2.41 | lr 2.83e-04
2025-05-30 16:32:09,409 | INFO | Gradient norm: 0.0087
2025-05-30 16:32:09,417 | INFO | Train batch 10300/10986 | ms/batch 202.60 | loss 0.8799 | bpb  1.27 | ppl     2.41 | lr 2.83e-04
2025-05-30 16:32:29,531 | INFO | Gradient norm: 0.0156
2025-05-30 16:32:29,539 | INFO | Train batch 10400/10986 | ms/batch 202.59 | loss 0.8799 | bpb  1.27 | ppl     2.41 | lr 2.83e-04
2025-05-30 16:32:49,682 | INFO | Gradient norm: 0.0089
2025-05-30 16:32:49,690 | INFO | Train batch 10500/10986 | ms/batch 202.58 | loss 0.8799 | bpb  1.27 | ppl     2.41 | lr 2.83e-04
2025-05-30 16:33:09,833 | INFO | Gradient norm: 0.0088
2025-05-30 16:33:09,841 | INFO | Train batch 10600/10986 | ms/batch 202.57 | loss 0.8799 | bpb  1.27 | ppl     2.41 | lr 2.83e-04
2025-05-30 16:33:29,989 | INFO | Gradient norm: 0.0455
2025-05-30 16:33:29,997 | INFO | Train batch 10700/10986 | ms/batch 202.56 | loss 0.8799 | bpb  1.27 | ppl     2.41 | lr 2.83e-04
2025-05-30 16:33:50,141 | INFO | Gradient norm: 0.0078
2025-05-30 16:33:50,149 | INFO | Train batch 10800/10986 | ms/batch 202.55 | loss 0.8799 | bpb  1.27 | ppl     2.41 | lr 2.83e-04
2025-05-30 16:34:10,288 | INFO | Gradient norm: 0.0098
2025-05-30 16:34:10,296 | INFO | Train batch 10900/10986 | ms/batch 202.54 | loss 0.8799 | bpb  1.27 | ppl     2.41 | lr 2.83e-04
2025-05-30 16:35:44,962 | INFO | Epoch   7 | time: 2302.54s | train bpb  1.27 | valid bpb  1.27
2025-05-30 16:35:46,528 | INFO | Saved new best model with validation bpb:  1.27
2025-05-30 16:35:46,591 | INFO | Input shape: torch.Size([16, 511]), Target shape: torch.Size([16, 511])
2025-05-30 16:35:46,592 | INFO | Input range: [10, 226]
2025-05-30 16:35:46,592 | INFO | Target range: [10, 226]
2025-05-30 16:35:46,628 | INFO | Output shape: torch.Size([8176, 256]), Reshaped target shape: torch.Size([8176])
2025-05-30 16:35:46,630 | INFO | Output range: [-12.4453125, 11.8671875]
2025-05-30 16:35:46,630 | INFO | Sample probabilities: max=0.908262312412262, min=0.00028211346943862736
2025-05-30 16:35:46,630 | INFO | Raw loss value: 0.8801036477088928
2025-05-30 16:35:46,630 | INFO | Batch 0 loss stats - Mean: -0.1726, Std: 1.6035
2025-05-30 16:35:46,778 | INFO | Gradient norm: 0.0157
2025-05-30 16:35:46,786 | INFO | Train batch     0/10986 | ms/batch 194.52 | loss 0.8801 | bpb  1.27 | ppl     2.41 | lr 2.83e-04
2025-05-30 16:36:06,918 | INFO | Gradient norm: 0.0109
2025-05-30 16:36:06,926 | INFO | Train batch   100/10986 | ms/batch 201.34 | loss 0.8811 | bpb  1.27 | ppl     2.41 | lr 2.83e-04
2025-05-30 16:36:27,123 | INFO | Gradient norm: 0.0124
2025-05-30 16:36:27,130 | INFO | Train batch   200/10986 | ms/batch 201.69 | loss 0.8807 | bpb  1.27 | ppl     2.41 | lr 2.83e-04
2025-05-30 16:36:47,313 | INFO | Gradient norm: 0.0147
2025-05-30 16:36:47,321 | INFO | Train batch   300/10986 | ms/batch 201.76 | loss 0.8803 | bpb  1.27 | ppl     2.41 | lr 2.83e-04
2025-05-30 16:37:07,497 | INFO | Gradient norm: 0.0125
2025-05-30 16:37:07,505 | INFO | Train batch   400/10986 | ms/batch 201.78 | loss 0.8802 | bpb  1.27 | ppl     2.41 | lr 2.83e-04
2025-05-30 16:37:27,654 | INFO | Gradient norm: 0.0103
2025-05-30 16:37:27,662 | INFO | Train batch   500/10986 | ms/batch 201.74 | loss 0.8801 | bpb  1.27 | ppl     2.41 | lr 2.83e-04
2025-05-30 16:37:47,781 | INFO | Gradient norm: 0.0152
2025-05-30 16:37:47,789 | INFO | Train batch   600/10986 | ms/batch 201.66 | loss 0.8800 | bpb  1.27 | ppl     2.41 | lr 2.82e-04
2025-05-30 16:38:07,930 | INFO | Gradient norm: 0.0129
2025-05-30 16:38:07,938 | INFO | Train batch   700/10986 | ms/batch 201.64 | loss 0.8800 | bpb  1.27 | ppl     2.41 | lr 2.82e-04
2025-05-30 16:38:28,123 | INFO | Gradient norm: 0.0216
2025-05-30 16:38:28,131 | INFO | Train batch   800/10986 | ms/batch 201.67 | loss 0.8800 | bpb  1.27 | ppl     2.41 | lr 2.82e-04
2025-05-30 16:38:48,272 | INFO | Gradient norm: 0.0089
2025-05-30 16:38:48,280 | INFO | Train batch   900/10986 | ms/batch 201.65 | loss 0.8799 | bpb  1.27 | ppl     2.41 | lr 2.82e-04
2025-05-30 16:39:08,435 | INFO | Gradient norm: 0.0083
2025-05-30 16:39:08,443 | INFO | Train batch  1000/10986 | ms/batch 201.65 | loss 0.8799 | bpb  1.27 | ppl     2.41 | lr 2.82e-04
2025-05-30 16:39:28,613 | INFO | Gradient norm: 0.0206
2025-05-30 16:39:28,621 | INFO | Train batch  1100/10986 | ms/batch 201.66 | loss 0.8799 | bpb  1.27 | ppl     2.41 | lr 2.82e-04
2025-05-30 16:39:48,752 | INFO | Gradient norm: 0.0186
2025-05-30 16:39:48,760 | INFO | Train batch  1200/10986 | ms/batch 201.64 | loss 0.8799 | bpb  1.27 | ppl     2.41 | lr 2.82e-04
2025-05-30 16:40:08,913 | INFO | Gradient norm: 0.0094
2025-05-30 16:40:08,921 | INFO | Train batch  1300/10986 | ms/batch 201.64 | loss 0.8799 | bpb  1.27 | ppl     2.41 | lr 2.82e-04
2025-05-30 16:40:29,074 | INFO | Gradient norm: 0.0174
2025-05-30 16:40:29,082 | INFO | Train batch  1400/10986 | ms/batch 201.64 | loss 0.8799 | bpb  1.27 | ppl     2.41 | lr 2.82e-04
2025-05-30 16:40:49,209 | INFO | Gradient norm: 0.0155
2025-05-30 16:40:49,217 | INFO | Train batch  1500/10986 | ms/batch 201.62 | loss 0.8799 | bpb  1.27 | ppl     2.41 | lr 2.82e-04
2025-05-30 16:41:09,380 | INFO | Gradient norm: 0.0156
2025-05-30 16:41:09,388 | INFO | Train batch  1600/10986 | ms/batch 201.62 | loss 0.8799 | bpb  1.27 | ppl     2.41 | lr 2.82e-04
2025-05-30 16:41:29,525 | INFO | Gradient norm: 0.0112
2025-05-30 16:41:29,533 | INFO | Train batch  1700/10986 | ms/batch 201.61 | loss 0.8799 | bpb  1.27 | ppl     2.41 | lr 2.82e-04
2025-05-30 16:41:49,716 | INFO | Gradient norm: 0.0194
2025-05-30 16:41:49,724 | INFO | Train batch  1800/10986 | ms/batch 201.63 | loss 0.8799 | bpb  1.27 | ppl     2.41 | lr 2.82e-04
2025-05-30 16:42:09,893 | INFO | Gradient norm: 0.0080
2025-05-30 16:42:09,901 | INFO | Train batch  1900/10986 | ms/batch 201.64 | loss 0.8799 | bpb  1.27 | ppl     2.41 | lr 2.82e-04
2025-05-30 16:42:30,058 | INFO | Gradient norm: 0.0075
2025-05-30 16:42:30,065 | INFO | Train batch  2000/10986 | ms/batch 201.64 | loss 0.8799 | bpb  1.27 | ppl     2.41 | lr 2.82e-04
2025-05-30 16:42:50,255 | INFO | Gradient norm: 0.0070
2025-05-30 16:42:50,262 | INFO | Train batch  2100/10986 | ms/batch 201.65 | loss 0.8799 | bpb  1.27 | ppl     2.41 | lr 2.82e-04
2025-05-30 16:43:10,437 | INFO | Gradient norm: 0.0091
2025-05-30 16:43:10,444 | INFO | Train batch  2200/10986 | ms/batch 201.66 | loss 0.8799 | bpb  1.27 | ppl     2.41 | lr 2.82e-04
2025-05-30 16:43:30,610 | INFO | Gradient norm: 0.0100
2025-05-30 16:43:30,618 | INFO | Train batch  2300/10986 | ms/batch 201.66 | loss 0.8799 | bpb  1.27 | ppl     2.41 | lr 2.82e-04
2025-05-30 16:43:50,754 | INFO | Gradient norm: 0.0118
2025-05-30 16:43:50,761 | INFO | Train batch  2400/10986 | ms/batch 201.65 | loss 0.8799 | bpb  1.27 | ppl     2.41 | lr 2.82e-04
2025-05-30 16:44:10,982 | INFO | Gradient norm: 0.0077
2025-05-30 16:44:10,989 | INFO | Train batch  2500/10986 | ms/batch 201.68 | loss 0.8799 | bpb  1.27 | ppl     2.41 | lr 2.82e-04
2025-05-30 16:44:31,124 | INFO | Gradient norm: 0.0203
2025-05-30 16:44:31,132 | INFO | Train batch  2600/10986 | ms/batch 201.67 | loss 0.8799 | bpb  1.27 | ppl     2.41 | lr 2.82e-04
2025-05-30 16:44:51,286 | INFO | Gradient norm: 0.0095
2025-05-30 16:44:51,294 | INFO | Train batch  2700/10986 | ms/batch 201.67 | loss 0.8799 | bpb  1.27 | ppl     2.41 | lr 2.82e-04
2025-05-30 16:45:11,408 | INFO | Gradient norm: 0.0089
2025-05-30 16:45:11,415 | INFO | Train batch  2800/10986 | ms/batch 201.65 | loss 0.8799 | bpb  1.27 | ppl     2.41 | lr 2.82e-04
2025-05-30 16:45:31,558 | INFO | Gradient norm: 0.0134
2025-05-30 16:45:31,566 | INFO | Train batch  2900/10986 | ms/batch 201.65 | loss 0.8799 | bpb  1.27 | ppl     2.41 | lr 2.82e-04
2025-05-30 16:45:51,716 | INFO | Gradient norm: 0.0083
2025-05-30 16:45:51,724 | INFO | Train batch  3000/10986 | ms/batch 201.64 | loss 0.8799 | bpb  1.27 | ppl     2.41 | lr 2.82e-04
2025-05-30 16:46:11,860 | INFO | Gradient norm: 0.0127
2025-05-30 16:46:11,867 | INFO | Train batch  3100/10986 | ms/batch 201.64 | loss 0.8798 | bpb  1.27 | ppl     2.41 | lr 2.81e-04
2025-05-30 16:46:32,021 | INFO | Gradient norm: 0.0069
2025-05-30 16:46:32,029 | INFO | Train batch  3200/10986 | ms/batch 201.64 | loss 0.8798 | bpb  1.27 | ppl     2.41 | lr 2.81e-04
2025-05-30 16:46:52,162 | INFO | Gradient norm: 0.0183
2025-05-30 16:46:52,170 | INFO | Train batch  3300/10986 | ms/batch 201.63 | loss 0.8798 | bpb  1.27 | ppl     2.41 | lr 2.81e-04
2025-05-30 16:47:12,300 | INFO | Gradient norm: 0.0090
2025-05-30 16:47:12,308 | INFO | Train batch  3400/10986 | ms/batch 201.62 | loss 0.8798 | bpb  1.27 | ppl     2.41 | lr 2.81e-04
2025-05-30 16:47:32,438 | INFO | Gradient norm: 0.0095
2025-05-30 16:47:32,446 | INFO | Train batch  3500/10986 | ms/batch 201.62 | loss 0.8798 | bpb  1.27 | ppl     2.41 | lr 2.81e-04
2025-05-30 16:47:52,581 | INFO | Gradient norm: 0.0112
2025-05-30 16:47:52,589 | INFO | Train batch  3600/10986 | ms/batch 201.61 | loss 0.8798 | bpb  1.27 | ppl     2.41 | lr 2.81e-04
2025-05-30 16:48:12,754 | INFO | Gradient norm: 0.0091
2025-05-30 16:48:12,761 | INFO | Train batch  3700/10986 | ms/batch 201.61 | loss 0.8798 | bpb  1.27 | ppl     2.41 | lr 2.81e-04
2025-05-30 16:48:32,897 | INFO | Gradient norm: 0.0145
2025-05-30 16:48:32,905 | INFO | Train batch  3800/10986 | ms/batch 201.61 | loss 0.8799 | bpb  1.27 | ppl     2.41 | lr 2.81e-04
2025-05-30 16:48:53,013 | INFO | Gradient norm: 0.0112
2025-05-30 16:48:53,021 | INFO | Train batch  3900/10986 | ms/batch 201.60 | loss 0.8798 | bpb  1.27 | ppl     2.41 | lr 2.81e-04
2025-05-30 16:49:13,171 | INFO | Gradient norm: 0.0112
2025-05-30 16:49:13,179 | INFO | Train batch  4000/10986 | ms/batch 201.60 | loss 0.8798 | bpb  1.27 | ppl     2.41 | lr 2.81e-04
2025-05-30 16:49:33,347 | INFO | Gradient norm: 0.0117
2025-05-30 16:49:33,355 | INFO | Train batch  4100/10986 | ms/batch 201.60 | loss 0.8798 | bpb  1.27 | ppl     2.41 | lr 2.81e-04
2025-05-30 16:49:53,503 | INFO | Gradient norm: 0.0127
2025-05-30 16:49:53,511 | INFO | Train batch  4200/10986 | ms/batch 201.60 | loss 0.8798 | bpb  1.27 | ppl     2.41 | lr 2.81e-04
2025-05-30 16:50:13,684 | INFO | Gradient norm: 0.0212
2025-05-30 16:50:13,692 | INFO | Train batch  4300/10986 | ms/batch 201.60 | loss 0.8798 | bpb  1.27 | ppl     2.41 | lr 2.81e-04
2025-05-30 16:50:33,840 | INFO | Gradient norm: 0.0091
2025-05-30 16:50:33,848 | INFO | Train batch  4400/10986 | ms/batch 201.60 | loss 0.8798 | bpb  1.27 | ppl     2.41 | lr 2.81e-04
2025-05-30 16:50:54,001 | INFO | Gradient norm: 0.0128
2025-05-30 16:50:54,009 | INFO | Train batch  4500/10986 | ms/batch 201.60 | loss 0.8798 | bpb  1.27 | ppl     2.41 | lr 2.81e-04
2025-05-30 16:51:14,139 | INFO | Gradient norm: 0.0120
2025-05-30 16:51:14,147 | INFO | Train batch  4600/10986 | ms/batch 201.60 | loss 0.8798 | bpb  1.27 | ppl     2.41 | lr 2.81e-04
2025-05-30 16:51:34,264 | INFO | Gradient norm: 0.0078
2025-05-30 16:51:34,272 | INFO | Train batch  4700/10986 | ms/batch 201.59 | loss 0.8798 | bpb  1.27 | ppl     2.41 | lr 2.81e-04
2025-05-30 16:51:54,420 | INFO | Gradient norm: 0.0072
2025-05-30 16:51:54,428 | INFO | Train batch  4800/10986 | ms/batch 201.59 | loss 0.8798 | bpb  1.27 | ppl     2.41 | lr 2.81e-04
2025-05-30 16:52:14,584 | INFO | Gradient norm: 0.0093
2025-05-30 16:52:14,592 | INFO | Train batch  4900/10986 | ms/batch 201.59 | loss 0.8798 | bpb  1.27 | ppl     2.41 | lr 2.81e-04
2025-05-30 16:52:34,715 | INFO | Gradient norm: 0.0090
2025-05-30 16:52:34,722 | INFO | Train batch  5000/10986 | ms/batch 201.59 | loss 0.8798 | bpb  1.27 | ppl     2.41 | lr 2.81e-04
2025-05-30 16:52:54,886 | INFO | Gradient norm: 0.0091
2025-05-30 16:52:54,894 | INFO | Train batch  5100/10986 | ms/batch 201.59 | loss 0.8798 | bpb  1.27 | ppl     2.41 | lr 2.81e-04
2025-05-30 16:53:15,071 | INFO | Gradient norm: 0.0197
2025-05-30 16:53:15,079 | INFO | Train batch  5200/10986 | ms/batch 201.59 | loss 0.8798 | bpb  1.27 | ppl     2.41 | lr 2.81e-04
2025-05-30 16:53:35,245 | INFO | Gradient norm: 0.0096
2025-05-30 16:53:35,253 | INFO | Train batch  5300/10986 | ms/batch 201.60 | loss 0.8798 | bpb  1.27 | ppl     2.41 | lr 2.81e-04
2025-05-30 16:53:55,406 | INFO | Gradient norm: 0.0077
2025-05-30 16:53:55,414 | INFO | Train batch  5400/10986 | ms/batch 201.60 | loss 0.8798 | bpb  1.27 | ppl     2.41 | lr 2.81e-04
2025-05-30 16:54:15,588 | INFO | Gradient norm: 0.0100
2025-05-30 16:54:15,596 | INFO | Train batch  5500/10986 | ms/batch 201.60 | loss 0.8798 | bpb  1.27 | ppl     2.41 | lr 2.81e-04
2025-05-30 16:54:35,748 | INFO | Gradient norm: 0.0118
2025-05-30 16:54:35,756 | INFO | Train batch  5600/10986 | ms/batch 201.60 | loss 0.8798 | bpb  1.27 | ppl     2.41 | lr 2.80e-04
2025-05-30 16:54:55,937 | INFO | Gradient norm: 0.0089
2025-05-30 16:54:55,945 | INFO | Train batch  5700/10986 | ms/batch 201.61 | loss 0.8798 | bpb  1.27 | ppl     2.41 | lr 2.80e-04
2025-05-30 16:55:16,123 | INFO | Gradient norm: 0.0077
2025-05-30 16:55:16,131 | INFO | Train batch  5800/10986 | ms/batch 201.61 | loss 0.8798 | bpb  1.27 | ppl     2.41 | lr 2.80e-04
2025-05-30 16:55:36,312 | INFO | Gradient norm: 0.0143
2025-05-30 16:55:36,320 | INFO | Train batch  5900/10986 | ms/batch 201.61 | loss 0.8798 | bpb  1.27 | ppl     2.41 | lr 2.80e-04
2025-05-30 16:55:56,495 | INFO | Gradient norm: 0.0068
2025-05-30 16:55:56,503 | INFO | Train batch  6000/10986 | ms/batch 201.62 | loss 0.8798 | bpb  1.27 | ppl     2.41 | lr 2.80e-04
2025-05-30 16:56:16,748 | INFO | Gradient norm: 0.0233
2025-05-30 16:56:16,756 | INFO | Train batch  6100/10986 | ms/batch 201.63 | loss 0.8798 | bpb  1.27 | ppl     2.41 | lr 2.80e-04
2025-05-30 16:56:37,018 | INFO | Gradient norm: 0.0087
2025-05-30 16:56:37,026 | INFO | Train batch  6200/10986 | ms/batch 201.65 | loss 0.8798 | bpb  1.27 | ppl     2.41 | lr 2.80e-04
2025-05-30 16:56:57,252 | INFO | Gradient norm: 0.0110
2025-05-30 16:56:57,260 | INFO | Train batch  6300/10986 | ms/batch 201.66 | loss 0.8798 | bpb  1.27 | ppl     2.41 | lr 2.80e-04
2025-05-30 16:57:17,444 | INFO | Gradient norm: 0.0238
2025-05-30 16:57:17,452 | INFO | Train batch  6400/10986 | ms/batch 201.67 | loss 0.8798 | bpb  1.27 | ppl     2.41 | lr 2.80e-04
2025-05-30 16:57:37,627 | INFO | Gradient norm: 0.0117
2025-05-30 16:57:37,635 | INFO | Train batch  6500/10986 | ms/batch 201.67 | loss 0.8798 | bpb  1.27 | ppl     2.41 | lr 2.80e-04
2025-05-30 16:57:57,872 | INFO | Gradient norm: 0.0125
2025-05-30 16:57:57,880 | INFO | Train batch  6600/10986 | ms/batch 201.68 | loss 0.8798 | bpb  1.27 | ppl     2.41 | lr 2.80e-04
2025-05-30 16:58:18,104 | INFO | Gradient norm: 0.0115
2025-05-30 16:58:18,112 | INFO | Train batch  6700/10986 | ms/batch 201.69 | loss 0.8798 | bpb  1.27 | ppl     2.41 | lr 2.80e-04
2025-05-30 16:58:38,284 | INFO | Gradient norm: 0.0161
2025-05-30 16:58:38,291 | INFO | Train batch  6800/10986 | ms/batch 201.69 | loss 0.8798 | bpb  1.27 | ppl     2.41 | lr 2.80e-04
2025-05-30 16:58:58,467 | INFO | Gradient norm: 0.0090
2025-05-30 16:58:58,475 | INFO | Train batch  6900/10986 | ms/batch 201.69 | loss 0.8798 | bpb  1.27 | ppl     2.41 | lr 2.80e-04
2025-05-30 16:59:18,625 | INFO | Gradient norm: 0.0126
2025-05-30 16:59:18,633 | INFO | Train batch  7000/10986 | ms/batch 201.69 | loss 0.8798 | bpb  1.27 | ppl     2.41 | lr 2.80e-04
2025-05-30 16:59:38,795 | INFO | Gradient norm: 0.0120
2025-05-30 16:59:38,803 | INFO | Train batch  7100/10986 | ms/batch 201.69 | loss 0.8798 | bpb  1.27 | ppl     2.41 | lr 2.80e-04
2025-05-30 16:59:59,011 | INFO | Gradient norm: 0.0105
2025-05-30 16:59:59,019 | INFO | Train batch  7200/10986 | ms/batch 201.70 | loss 0.8798 | bpb  1.27 | ppl     2.41 | lr 2.80e-04
2025-05-30 17:00:19,184 | INFO | Gradient norm: 0.0086
2025-05-30 17:00:19,191 | INFO | Train batch  7300/10986 | ms/batch 201.70 | loss 0.8798 | bpb  1.27 | ppl     2.41 | lr 2.80e-04
2025-05-30 17:00:39,392 | INFO | Gradient norm: 0.0151
2025-05-30 17:00:39,400 | INFO | Train batch  7400/10986 | ms/batch 201.70 | loss 0.8798 | bpb  1.27 | ppl     2.41 | lr 2.80e-04
2025-05-30 17:00:59,550 | INFO | Gradient norm: 0.0091
2025-05-30 17:00:59,558 | INFO | Train batch  7500/10986 | ms/batch 201.70 | loss 0.8798 | bpb  1.27 | ppl     2.41 | lr 2.80e-04
2025-05-30 17:01:19,719 | INFO | Gradient norm: 0.0103
2025-05-30 17:01:19,727 | INFO | Train batch  7600/10986 | ms/batch 201.70 | loss 0.8798 | bpb  1.27 | ppl     2.41 | lr 2.80e-04
2025-05-30 17:01:39,879 | INFO | Gradient norm: 0.0101
2025-05-30 17:01:39,887 | INFO | Train batch  7700/10986 | ms/batch 201.70 | loss 0.8798 | bpb  1.27 | ppl     2.41 | lr 2.80e-04
2025-05-30 17:02:00,071 | INFO | Gradient norm: 0.0104
2025-05-30 17:02:00,079 | INFO | Train batch  7800/10986 | ms/batch 201.70 | loss 0.8798 | bpb  1.27 | ppl     2.41 | lr 2.80e-04
2025-05-30 17:02:20,247 | INFO | Gradient norm: 0.0087
2025-05-30 17:02:20,255 | INFO | Train batch  7900/10986 | ms/batch 201.70 | loss 0.8798 | bpb  1.27 | ppl     2.41 | lr 2.79e-04
2025-05-30 17:02:40,405 | INFO | Gradient norm: 0.0251
2025-05-30 17:02:40,413 | INFO | Train batch  8000/10986 | ms/batch 201.70 | loss 0.8798 | bpb  1.27 | ppl     2.41 | lr 2.79e-04
2025-05-30 17:03:00,623 | INFO | Gradient norm: 0.0082
2025-05-30 17:03:00,631 | INFO | Train batch  8100/10986 | ms/batch 201.71 | loss 0.8798 | bpb  1.27 | ppl     2.41 | lr 2.79e-04
2025-05-30 17:03:20,773 | INFO | Gradient norm: 0.0111
2025-05-30 17:03:20,781 | INFO | Train batch  8200/10986 | ms/batch 201.71 | loss 0.8798 | bpb  1.27 | ppl     2.41 | lr 2.79e-04
2025-05-30 17:03:40,920 | INFO | Gradient norm: 0.0085
2025-05-30 17:03:40,928 | INFO | Train batch  8300/10986 | ms/batch 201.70 | loss 0.8798 | bpb  1.27 | ppl     2.41 | lr 2.79e-04
2025-05-30 17:04:01,126 | INFO | Gradient norm: 0.0101
2025-05-30 17:04:01,134 | INFO | Train batch  8400/10986 | ms/batch 201.71 | loss 0.8798 | bpb  1.27 | ppl     2.41 | lr 2.79e-04
2025-05-30 17:04:21,326 | INFO | Gradient norm: 0.0104
2025-05-30 17:04:21,334 | INFO | Train batch  8500/10986 | ms/batch 201.71 | loss 0.8798 | bpb  1.27 | ppl     2.41 | lr 2.79e-04
2025-05-30 17:04:41,491 | INFO | Gradient norm: 0.0098
2025-05-30 17:04:41,499 | INFO | Train batch  8600/10986 | ms/batch 201.71 | loss 0.8798 | bpb  1.27 | ppl     2.41 | lr 2.79e-04
2025-05-30 17:05:01,692 | INFO | Gradient norm: 0.0088
2025-05-30 17:05:01,700 | INFO | Train batch  8700/10986 | ms/batch 201.71 | loss 0.8798 | bpb  1.27 | ppl     2.41 | lr 2.79e-04
2025-05-30 17:05:21,868 | INFO | Gradient norm: 0.0161
2025-05-30 17:05:21,876 | INFO | Train batch  8800/10986 | ms/batch 201.71 | loss 0.8798 | bpb  1.27 | ppl     2.41 | lr 2.79e-04
2025-05-30 17:05:42,044 | INFO | Gradient norm: 0.0093
2025-05-30 17:05:42,052 | INFO | Train batch  8900/10986 | ms/batch 201.71 | loss 0.8798 | bpb  1.27 | ppl     2.41 | lr 2.79e-04
2025-05-30 17:06:02,205 | INFO | Gradient norm: 0.0113
2025-05-30 17:06:02,213 | INFO | Train batch  9000/10986 | ms/batch 201.71 | loss 0.8798 | bpb  1.27 | ppl     2.41 | lr 2.79e-04
2025-05-30 17:06:22,405 | INFO | Gradient norm: 0.0119
2025-05-30 17:06:22,413 | INFO | Train batch  9100/10986 | ms/batch 201.72 | loss 0.8798 | bpb  1.27 | ppl     2.41 | lr 2.79e-04
2025-05-30 17:06:42,626 | INFO | Gradient norm: 0.0074
2025-05-30 17:06:42,634 | INFO | Train batch  9200/10986 | ms/batch 201.72 | loss 0.8798 | bpb  1.27 | ppl     2.41 | lr 2.79e-04
2025-05-30 17:07:02,808 | INFO | Gradient norm: 0.0425
2025-05-30 17:07:02,815 | INFO | Train batch  9300/10986 | ms/batch 201.72 | loss 0.8798 | bpb  1.27 | ppl     2.41 | lr 2.79e-04
2025-05-30 17:07:22,991 | INFO | Gradient norm: 0.0074
2025-05-30 17:07:22,999 | INFO | Train batch  9400/10986 | ms/batch 201.72 | loss 0.8798 | bpb  1.27 | ppl     2.41 | lr 2.79e-04
2025-05-30 17:07:43,159 | INFO | Gradient norm: 0.0095
2025-05-30 17:07:43,166 | INFO | Train batch  9500/10986 | ms/batch 201.72 | loss 0.8798 | bpb  1.27 | ppl     2.41 | lr 2.79e-04
2025-05-30 17:08:03,341 | INFO | Gradient norm: 0.0284
2025-05-30 17:08:03,349 | INFO | Train batch  9600/10986 | ms/batch 201.72 | loss 0.8798 | bpb  1.27 | ppl     2.41 | lr 2.79e-04
2025-05-30 17:08:23,461 | INFO | Gradient norm: 0.0067
2025-05-30 17:08:23,469 | INFO | Train batch  9700/10986 | ms/batch 201.72 | loss 0.8798 | bpb  1.27 | ppl     2.41 | lr 2.79e-04
2025-05-30 17:08:43,668 | INFO | Gradient norm: 0.0216
2025-05-30 17:08:43,676 | INFO | Train batch  9800/10986 | ms/batch 201.72 | loss 0.8798 | bpb  1.27 | ppl     2.41 | lr 2.79e-04
2025-05-30 17:09:03,821 | INFO | Gradient norm: 0.0080
2025-05-30 17:09:03,829 | INFO | Train batch  9900/10986 | ms/batch 201.72 | loss 0.8798 | bpb  1.27 | ppl     2.41 | lr 2.79e-04
2025-05-30 17:09:23,983 | INFO | Gradient norm: 0.0089
2025-05-30 17:09:23,991 | INFO | Train batch 10000/10986 | ms/batch 201.72 | loss 0.8798 | bpb  1.27 | ppl     2.41 | lr 2.79e-04
2025-05-30 17:09:44,162 | INFO | Gradient norm: 0.0091
2025-05-30 17:09:44,170 | INFO | Train batch 10100/10986 | ms/batch 201.72 | loss 0.8798 | bpb  1.27 | ppl     2.41 | lr 2.79e-04
2025-05-30 17:10:04,367 | INFO | Gradient norm: 0.0107
2025-05-30 17:10:04,375 | INFO | Train batch 10200/10986 | ms/batch 201.72 | loss 0.8798 | bpb  1.27 | ppl     2.41 | lr 2.78e-04
2025-05-30 17:10:24,532 | INFO | Gradient norm: 0.0082
2025-05-30 17:10:24,540 | INFO | Train batch 10300/10986 | ms/batch 201.72 | loss 0.8798 | bpb  1.27 | ppl     2.41 | lr 2.78e-04
2025-05-30 17:10:44,706 | INFO | Gradient norm: 0.0096
2025-05-30 17:10:44,714 | INFO | Train batch 10400/10986 | ms/batch 201.72 | loss 0.8798 | bpb  1.27 | ppl     2.41 | lr 2.78e-04
2025-05-30 17:11:04,865 | INFO | Gradient norm: 0.0252
2025-05-30 17:11:04,873 | INFO | Train batch 10500/10986 | ms/batch 201.72 | loss 0.8798 | bpb  1.27 | ppl     2.41 | lr 2.78e-04
2025-05-30 17:11:25,050 | INFO | Gradient norm: 0.0093
2025-05-30 17:11:25,058 | INFO | Train batch 10600/10986 | ms/batch 201.72 | loss 0.8798 | bpb  1.27 | ppl     2.41 | lr 2.78e-04
2025-05-30 17:11:45,205 | INFO | Gradient norm: 0.0074
2025-05-30 17:11:45,213 | INFO | Train batch 10700/10986 | ms/batch 201.72 | loss 0.8798 | bpb  1.27 | ppl     2.41 | lr 2.78e-04
2025-05-30 17:12:05,328 | INFO | Gradient norm: 0.0081
2025-05-30 17:12:05,336 | INFO | Train batch 10800/10986 | ms/batch 201.72 | loss 0.8798 | bpb  1.27 | ppl     2.41 | lr 2.78e-04
2025-05-30 17:12:25,478 | INFO | Gradient norm: 0.0094
2025-05-30 17:12:25,486 | INFO | Train batch 10900/10986 | ms/batch 201.71 | loss 0.8798 | bpb  1.27 | ppl     2.41 | lr 2.78e-04
2025-05-30 17:14:00,317 | INFO | Epoch   8 | time: 2293.73s | train bpb  1.27 | valid bpb  1.27
2025-05-30 17:14:01,658 | INFO | Saved new best model with validation bpb:  1.27
2025-05-30 17:14:01,717 | INFO | Input shape: torch.Size([16, 511]), Target shape: torch.Size([16, 511])
2025-05-30 17:14:01,717 | INFO | Input range: [10, 226]
2025-05-30 17:14:01,717 | INFO | Target range: [10, 226]
2025-05-30 17:14:01,754 | INFO | Output shape: torch.Size([8176, 256]), Reshaped target shape: torch.Size([8176])
2025-05-30 17:14:01,755 | INFO | Output range: [-12.3046875, 11.765625]
2025-05-30 17:14:01,755 | INFO | Sample probabilities: max=0.9033792614936829, min=0.0002975952811539173
2025-05-30 17:14:01,756 | INFO | Raw loss value: 0.8798892498016357
2025-05-30 17:14:01,756 | INFO | Batch 0 loss stats - Mean: -0.1061, Std: 1.6973
2025-05-30 17:14:01,903 | INFO | Gradient norm: 0.0098
2025-05-30 17:14:01,911 | INFO | Train batch     0/10986 | ms/batch 194.45 | loss 0.8799 | bpb  1.27 | ppl     2.41 | lr 2.78e-04
2025-05-30 17:14:22,025 | INFO | Gradient norm: 0.0124
2025-05-30 17:14:22,033 | INFO | Train batch   100/10986 | ms/batch 201.15 | loss 0.8810 | bpb  1.27 | ppl     2.41 | lr 2.78e-04
2025-05-30 17:14:42,233 | INFO | Gradient norm: 0.0288
2025-05-30 17:14:42,241 | INFO | Train batch   200/10986 | ms/batch 201.61 | loss 0.8805 | bpb  1.27 | ppl     2.41 | lr 2.78e-04
2025-05-30 17:15:02,396 | INFO | Gradient norm: 0.0119
2025-05-30 17:15:02,404 | INFO | Train batch   300/10986 | ms/batch 201.62 | loss 0.8802 | bpb  1.27 | ppl     2.41 | lr 2.78e-04
2025-05-30 17:15:22,554 | INFO | Gradient norm: 0.0113
2025-05-30 17:15:22,562 | INFO | Train batch   400/10986 | ms/batch 201.61 | loss 0.8801 | bpb  1.27 | ppl     2.41 | lr 2.78e-04
2025-05-30 17:15:42,701 | INFO | Gradient norm: 0.0093
2025-05-30 17:15:42,709 | INFO | Train batch   500/10986 | ms/batch 201.58 | loss 0.8800 | bpb  1.27 | ppl     2.41 | lr 2.78e-04
2025-05-30 17:16:02,838 | INFO | Gradient norm: 0.0073
2025-05-30 17:16:02,846 | INFO | Train batch   600/10986 | ms/batch 201.55 | loss 0.8800 | bpb  1.27 | ppl     2.41 | lr 2.78e-04
2025-05-30 17:16:23,015 | INFO | Gradient norm: 0.0091
2025-05-30 17:16:23,022 | INFO | Train batch   700/10986 | ms/batch 201.58 | loss 0.8799 | bpb  1.27 | ppl     2.41 | lr 2.78e-04
2025-05-30 17:16:43,175 | INFO | Gradient norm: 0.0146
2025-05-30 17:16:43,182 | INFO | Train batch   800/10986 | ms/batch 201.58 | loss 0.8799 | bpb  1.27 | ppl     2.41 | lr 2.78e-04
2025-05-30 17:17:03,360 | INFO | Gradient norm: 0.0192
2025-05-30 17:17:03,368 | INFO | Train batch   900/10986 | ms/batch 201.61 | loss 0.8798 | bpb  1.27 | ppl     2.41 | lr 2.78e-04
2025-05-30 17:17:23,516 | INFO | Gradient norm: 0.0266
2025-05-30 17:17:23,523 | INFO | Train batch  1000/10986 | ms/batch 201.61 | loss 0.8798 | bpb  1.27 | ppl     2.41 | lr 2.78e-04
2025-05-30 17:17:43,669 | INFO | Gradient norm: 0.0092
2025-05-30 17:17:43,677 | INFO | Train batch  1100/10986 | ms/batch 201.60 | loss 0.8798 | bpb  1.27 | ppl     2.41 | lr 2.78e-04
2025-05-30 17:18:03,841 | INFO | Gradient norm: 0.0313
2025-05-30 17:18:03,849 | INFO | Train batch  1200/10986 | ms/batch 201.61 | loss 0.8798 | bpb  1.27 | ppl     2.41 | lr 2.78e-04
2025-05-30 17:18:23,998 | INFO | Gradient norm: 0.0108
2025-05-30 17:18:24,006 | INFO | Train batch  1300/10986 | ms/batch 201.61 | loss 0.8798 | bpb  1.27 | ppl     2.41 | lr 2.78e-04
2025-05-30 17:18:44,195 | INFO | Gradient norm: 0.0123
2025-05-30 17:18:44,203 | INFO | Train batch  1400/10986 | ms/batch 201.63 | loss 0.8798 | bpb  1.27 | ppl     2.41 | lr 2.78e-04
2025-05-30 17:19:04,363 | INFO | Gradient norm: 0.0400
2025-05-30 17:19:04,371 | INFO | Train batch  1500/10986 | ms/batch 201.64 | loss 0.8798 | bpb  1.27 | ppl     2.41 | lr 2.77e-04
2025-05-30 17:19:24,553 | INFO | Gradient norm: 0.0089
2025-05-30 17:19:24,560 | INFO | Train batch  1600/10986 | ms/batch 201.65 | loss 0.8798 | bpb  1.27 | ppl     2.41 | lr 2.77e-04
2025-05-30 17:19:44,732 | INFO | Gradient norm: 0.0092
2025-05-30 17:19:44,739 | INFO | Train batch  1700/10986 | ms/batch 201.66 | loss 0.8798 | bpb  1.27 | ppl     2.41 | lr 2.77e-04
2025-05-30 17:20:04,896 | INFO | Gradient norm: 0.0094
2025-05-30 17:20:04,904 | INFO | Train batch  1800/10986 | ms/batch 201.66 | loss 0.8798 | bpb  1.27 | ppl     2.41 | lr 2.77e-04
2025-05-30 17:20:25,087 | INFO | Gradient norm: 0.0402
2025-05-30 17:20:25,095 | INFO | Train batch  1900/10986 | ms/batch 201.67 | loss 0.8798 | bpb  1.27 | ppl     2.41 | lr 2.77e-04
2025-05-30 17:20:45,298 | INFO | Gradient norm: 0.0090
2025-05-30 17:20:45,306 | INFO | Train batch  2000/10986 | ms/batch 201.69 | loss 0.8798 | bpb  1.27 | ppl     2.41 | lr 2.77e-04
2025-05-30 17:21:05,494 | INFO | Gradient norm: 0.0077
2025-05-30 17:21:05,502 | INFO | Train batch  2100/10986 | ms/batch 201.71 | loss 0.8798 | bpb  1.27 | ppl     2.41 | lr 2.77e-04
2025-05-30 17:21:25,667 | INFO | Gradient norm: 0.0225
2025-05-30 17:21:25,674 | INFO | Train batch  2200/10986 | ms/batch 201.71 | loss 0.8798 | bpb  1.27 | ppl     2.41 | lr 2.77e-04
2025-05-30 17:21:45,842 | INFO | Gradient norm: 0.0085
2025-05-30 17:21:45,850 | INFO | Train batch  2300/10986 | ms/batch 201.71 | loss 0.8798 | bpb  1.27 | ppl     2.41 | lr 2.77e-04
2025-05-30 17:22:05,990 | INFO | Gradient norm: 0.0338
2025-05-30 17:22:05,998 | INFO | Train batch  2400/10986 | ms/batch 201.70 | loss 0.8798 | bpb  1.27 | ppl     2.41 | lr 2.77e-04
2025-05-30 17:22:26,161 | INFO | Gradient norm: 0.0232
2025-05-30 17:22:26,168 | INFO | Train batch  2500/10986 | ms/batch 201.70 | loss 0.8798 | bpb  1.27 | ppl     2.41 | lr 2.77e-04
2025-05-30 17:22:46,328 | INFO | Gradient norm: 0.0104
2025-05-30 17:22:46,336 | INFO | Train batch  2600/10986 | ms/batch 201.70 | loss 0.8798 | bpb  1.27 | ppl     2.41 | lr 2.77e-04
2025-05-30 17:23:06,504 | INFO | Gradient norm: 0.0106
2025-05-30 17:23:06,512 | INFO | Train batch  2700/10986 | ms/batch 201.70 | loss 0.8798 | bpb  1.27 | ppl     2.41 | lr 2.77e-04
2025-05-30 17:23:26,676 | INFO | Gradient norm: 0.0098
2025-05-30 17:23:26,684 | INFO | Train batch  2800/10986 | ms/batch 201.70 | loss 0.8798 | bpb  1.27 | ppl     2.41 | lr 2.77e-04
2025-05-30 17:23:46,875 | INFO | Gradient norm: 0.0097
2025-05-30 17:23:46,883 | INFO | Train batch  2900/10986 | ms/batch 201.71 | loss 0.8798 | bpb  1.27 | ppl     2.41 | lr 2.77e-04
2025-05-30 17:24:07,051 | INFO | Gradient norm: 0.0120
2025-05-30 17:24:07,059 | INFO | Train batch  3000/10986 | ms/batch 201.71 | loss 0.8798 | bpb  1.27 | ppl     2.41 | lr 2.77e-04
2025-05-30 17:24:27,223 | INFO | Gradient norm: 0.0073
2025-05-30 17:24:27,231 | INFO | Train batch  3100/10986 | ms/batch 201.71 | loss 0.8797 | bpb  1.27 | ppl     2.41 | lr 2.77e-04
2025-05-30 17:24:47,404 | INFO | Gradient norm: 0.0074
2025-05-30 17:24:47,412 | INFO | Train batch  3200/10986 | ms/batch 201.72 | loss 0.8797 | bpb  1.27 | ppl     2.41 | lr 2.77e-04
2025-05-30 17:25:07,568 | INFO | Gradient norm: 0.0094
2025-05-30 17:25:07,576 | INFO | Train batch  3300/10986 | ms/batch 201.71 | loss 0.8797 | bpb  1.27 | ppl     2.41 | lr 2.77e-04
2025-05-30 17:25:27,724 | INFO | Gradient norm: 0.0196
2025-05-30 17:25:27,732 | INFO | Train batch  3400/10986 | ms/batch 201.71 | loss 0.8797 | bpb  1.27 | ppl     2.41 | lr 2.77e-04
2025-05-30 17:25:47,915 | INFO | Gradient norm: 0.0103
2025-05-30 17:25:47,923 | INFO | Train batch  3500/10986 | ms/batch 201.72 | loss 0.8797 | bpb  1.27 | ppl     2.41 | lr 2.77e-04
2025-05-30 17:26:08,071 | INFO | Gradient norm: 0.0127
2025-05-30 17:26:08,078 | INFO | Train batch  3600/10986 | ms/batch 201.71 | loss 0.8797 | bpb  1.27 | ppl     2.41 | lr 2.77e-04
2025-05-30 17:26:28,232 | INFO | Gradient norm: 0.0207
2025-05-30 17:26:28,240 | INFO | Train batch  3700/10986 | ms/batch 201.71 | loss 0.8797 | bpb  1.27 | ppl     2.41 | lr 2.76e-04
2025-05-30 17:26:48,425 | INFO | Gradient norm: 0.0090
2025-05-30 17:26:48,433 | INFO | Train batch  3800/10986 | ms/batch 201.71 | loss 0.8797 | bpb  1.27 | ppl     2.41 | lr 2.76e-04
2025-05-30 17:27:08,578 | INFO | Gradient norm: 0.0064
2025-05-30 17:27:08,586 | INFO | Train batch  3900/10986 | ms/batch 201.71 | loss 0.8797 | bpb  1.27 | ppl     2.41 | lr 2.76e-04
2025-05-30 17:27:28,735 | INFO | Gradient norm: 0.0305
2025-05-30 17:27:28,743 | INFO | Train batch  4000/10986 | ms/batch 201.71 | loss 0.8797 | bpb  1.27 | ppl     2.41 | lr 2.76e-04
2025-05-30 17:27:48,941 | INFO | Gradient norm: 0.0109
2025-05-30 17:27:48,949 | INFO | Train batch  4100/10986 | ms/batch 201.71 | loss 0.8797 | bpb  1.27 | ppl     2.41 | lr 2.76e-04
2025-05-30 17:28:09,106 | INFO | Gradient norm: 0.0124
2025-05-30 17:28:09,114 | INFO | Train batch  4200/10986 | ms/batch 201.71 | loss 0.8797 | bpb  1.27 | ppl     2.41 | lr 2.76e-04
2025-05-30 17:28:29,292 | INFO | Gradient norm: 0.0088
2025-05-30 17:28:29,300 | INFO | Train batch  4300/10986 | ms/batch 201.72 | loss 0.8797 | bpb  1.27 | ppl     2.41 | lr 2.76e-04
2025-05-30 17:28:49,432 | INFO | Gradient norm: 0.0146
2025-05-30 17:28:49,440 | INFO | Train batch  4400/10986 | ms/batch 201.71 | loss 0.8797 | bpb  1.27 | ppl     2.41 | lr 2.76e-04
2025-05-30 17:29:09,581 | INFO | Gradient norm: 0.0079
2025-05-30 17:29:09,589 | INFO | Train batch  4500/10986 | ms/batch 201.70 | loss 0.8797 | bpb  1.27 | ppl     2.41 | lr 2.76e-04
2025-05-30 17:29:29,761 | INFO | Gradient norm: 0.0235
2025-05-30 17:29:29,769 | INFO | Train batch  4600/10986 | ms/batch 201.71 | loss 0.8797 | bpb  1.27 | ppl     2.41 | lr 2.76e-04
2025-05-30 17:29:49,940 | INFO | Gradient norm: 0.0082
2025-05-30 17:29:49,948 | INFO | Train batch  4700/10986 | ms/batch 201.71 | loss 0.8797 | bpb  1.27 | ppl     2.41 | lr 2.76e-04
2025-05-30 17:30:10,065 | INFO | Gradient norm: 0.0084
2025-05-30 17:30:10,073 | INFO | Train batch  4800/10986 | ms/batch 201.70 | loss 0.8797 | bpb  1.27 | ppl     2.41 | lr 2.76e-04
2025-05-30 17:30:30,191 | INFO | Gradient norm: 0.0088
2025-05-30 17:30:30,199 | INFO | Train batch  4900/10986 | ms/batch 201.69 | loss 0.8797 | bpb  1.27 | ppl     2.41 | lr 2.76e-04
2025-05-30 17:30:50,341 | INFO | Gradient norm: 0.0422
2025-05-30 17:30:50,349 | INFO | Train batch  5000/10986 | ms/batch 201.69 | loss 0.8797 | bpb  1.27 | ppl     2.41 | lr 2.76e-04
2025-05-30 17:31:10,472 | INFO | Gradient norm: 0.0219
2025-05-30 17:31:10,480 | INFO | Train batch  5100/10986 | ms/batch 201.68 | loss 0.8797 | bpb  1.27 | ppl     2.41 | lr 2.76e-04
2025-05-30 17:31:30,623 | INFO | Gradient norm: 0.0101
2025-05-30 17:31:30,631 | INFO | Train batch  5200/10986 | ms/batch 201.68 | loss 0.8797 | bpb  1.27 | ppl     2.41 | lr 2.76e-04
2025-05-30 17:31:50,829 | INFO | Gradient norm: 0.0081
2025-05-30 17:31:50,837 | INFO | Train batch  5300/10986 | ms/batch 201.68 | loss 0.8797 | bpb  1.27 | ppl     2.41 | lr 2.76e-04
2025-05-30 17:32:10,959 | INFO | Gradient norm: 0.0074
2025-05-30 17:32:10,967 | INFO | Train batch  5400/10986 | ms/batch 201.68 | loss 0.8797 | bpb  1.27 | ppl     2.41 | lr 2.76e-04
2025-05-30 17:32:31,097 | INFO | Gradient norm: 0.0095
2025-05-30 17:32:31,105 | INFO | Train batch  5500/10986 | ms/batch 201.67 | loss 0.8797 | bpb  1.27 | ppl     2.41 | lr 2.76e-04
2025-05-30 17:32:51,245 | INFO | Gradient norm: 0.0088
2025-05-30 17:32:51,253 | INFO | Train batch  5600/10986 | ms/batch 201.67 | loss 0.8797 | bpb  1.27 | ppl     2.41 | lr 2.76e-04
2025-05-30 17:33:11,412 | INFO | Gradient norm: 0.0135
2025-05-30 17:33:11,420 | INFO | Train batch  5700/10986 | ms/batch 201.67 | loss 0.8797 | bpb  1.27 | ppl     2.41 | lr 2.76e-04
2025-05-30 17:33:31,599 | INFO | Gradient norm: 0.0815
2025-05-30 17:33:31,606 | INFO | Train batch  5800/10986 | ms/batch 201.67 | loss 0.8797 | bpb  1.27 | ppl     2.41 | lr 2.76e-04
2025-05-30 17:33:51,801 | INFO | Gradient norm: 0.0075
2025-05-30 17:33:51,809 | INFO | Train batch  5900/10986 | ms/batch 201.68 | loss 0.8797 | bpb  1.27 | ppl     2.41 | lr 2.75e-04
2025-05-30 17:34:11,926 | INFO | Gradient norm: 0.0075
2025-05-30 17:34:11,934 | INFO | Train batch  6000/10986 | ms/batch 201.67 | loss 0.8797 | bpb  1.27 | ppl     2.41 | lr 2.75e-04
2025-05-30 17:34:32,055 | INFO | Gradient norm: 0.0108
2025-05-30 17:34:32,062 | INFO | Train batch  6100/10986 | ms/batch 201.66 | loss 0.8797 | bpb  1.27 | ppl     2.41 | lr 2.75e-04
2025-05-30 17:34:52,166 | INFO | Gradient norm: 0.0218
2025-05-30 17:34:52,174 | INFO | Train batch  6200/10986 | ms/batch 201.65 | loss 0.8797 | bpb  1.27 | ppl     2.41 | lr 2.75e-04
2025-05-30 17:35:12,311 | INFO | Gradient norm: 0.0277
2025-05-30 17:35:12,319 | INFO | Train batch  6300/10986 | ms/batch 201.65 | loss 0.8797 | bpb  1.27 | ppl     2.41 | lr 2.75e-04
2025-05-30 17:35:32,449 | INFO | Gradient norm: 0.0169
2025-05-30 17:35:32,457 | INFO | Train batch  6400/10986 | ms/batch 201.65 | loss 0.8797 | bpb  1.27 | ppl     2.41 | lr 2.75e-04
2025-05-30 17:35:52,586 | INFO | Gradient norm: 0.0301
2025-05-30 17:35:52,594 | INFO | Train batch  6500/10986 | ms/batch 201.64 | loss 0.8797 | bpb  1.27 | ppl     2.41 | lr 2.75e-04
2025-05-30 17:36:12,747 | INFO | Gradient norm: 0.0311
2025-05-30 17:36:12,755 | INFO | Train batch  6600/10986 | ms/batch 201.64 | loss 0.8797 | bpb  1.27 | ppl     2.41 | lr 2.75e-04
2025-05-30 17:36:32,894 | INFO | Gradient norm: 0.0097
2025-05-30 17:36:32,902 | INFO | Train batch  6700/10986 | ms/batch 201.64 | loss 0.8797 | bpb  1.27 | ppl     2.41 | lr 2.75e-04
2025-05-30 17:36:53,068 | INFO | Gradient norm: 0.0087
2025-05-30 17:36:53,076 | INFO | Train batch  6800/10986 | ms/batch 201.64 | loss 0.8797 | bpb  1.27 | ppl     2.41 | lr 2.75e-04
2025-05-30 17:37:13,241 | INFO | Gradient norm: 0.0125
2025-05-30 17:37:13,249 | INFO | Train batch  6900/10986 | ms/batch 201.64 | loss 0.8797 | bpb  1.27 | ppl     2.41 | lr 2.75e-04
2025-05-30 17:37:33,389 | INFO | Gradient norm: 0.0138
2025-05-30 17:37:33,397 | INFO | Train batch  7000/10986 | ms/batch 201.64 | loss 0.8797 | bpb  1.27 | ppl     2.41 | lr 2.75e-04
2025-05-30 17:37:53,527 | INFO | Gradient norm: 0.0105
2025-05-30 17:37:53,535 | INFO | Train batch  7100/10986 | ms/batch 201.64 | loss 0.8797 | bpb  1.27 | ppl     2.41 | lr 2.75e-04
2025-05-30 17:38:13,648 | INFO | Gradient norm: 0.0095
2025-05-30 17:38:13,656 | INFO | Train batch  7200/10986 | ms/batch 201.63 | loss 0.8797 | bpb  1.27 | ppl     2.41 | lr 2.75e-04
2025-05-30 17:38:33,779 | INFO | Gradient norm: 0.0107
2025-05-30 17:38:33,787 | INFO | Train batch  7300/10986 | ms/batch 201.63 | loss 0.8797 | bpb  1.27 | ppl     2.41 | lr 2.75e-04
2025-05-30 17:38:53,927 | INFO | Gradient norm: 0.0199
2025-05-30 17:38:53,934 | INFO | Train batch  7400/10986 | ms/batch 201.62 | loss 0.8797 | bpb  1.27 | ppl     2.41 | lr 2.75e-04
2025-05-30 17:39:14,068 | INFO | Gradient norm: 0.0096
2025-05-30 17:39:14,076 | INFO | Train batch  7500/10986 | ms/batch 201.62 | loss 0.8797 | bpb  1.27 | ppl     2.41 | lr 2.75e-04
2025-05-30 17:39:34,262 | INFO | Gradient norm: 0.0092
2025-05-30 17:39:34,270 | INFO | Train batch  7600/10986 | ms/batch 201.63 | loss 0.8797 | bpb  1.27 | ppl     2.41 | lr 2.75e-04
2025-05-30 17:39:54,430 | INFO | Gradient norm: 0.0129
2025-05-30 17:39:54,438 | INFO | Train batch  7700/10986 | ms/batch 201.63 | loss 0.8797 | bpb  1.27 | ppl     2.41 | lr 2.75e-04
2025-05-30 17:40:14,619 | INFO | Gradient norm: 0.0097
2025-05-30 17:40:14,626 | INFO | Train batch  7800/10986 | ms/batch 201.63 | loss 0.8797 | bpb  1.27 | ppl     2.41 | lr 2.75e-04
2025-05-30 17:40:34,795 | INFO | Gradient norm: 0.0089
2025-05-30 17:40:34,803 | INFO | Train batch  7900/10986 | ms/batch 201.63 | loss 0.8797 | bpb  1.27 | ppl     2.41 | lr 2.75e-04
2025-05-30 17:40:54,950 | INFO | Gradient norm: 0.0109
2025-05-30 17:40:54,958 | INFO | Train batch  8000/10986 | ms/batch 201.63 | loss 0.8797 | bpb  1.27 | ppl     2.41 | lr 2.75e-04
2025-05-30 17:41:15,114 | INFO | Gradient norm: 0.0138
2025-05-30 17:41:15,122 | INFO | Train batch  8100/10986 | ms/batch 201.63 | loss 0.8797 | bpb  1.27 | ppl     2.41 | lr 2.74e-04
2025-05-30 17:41:35,285 | INFO | Gradient norm: 0.0138
2025-05-30 17:41:35,292 | INFO | Train batch  8200/10986 | ms/batch 201.63 | loss 0.8797 | bpb  1.27 | ppl     2.41 | lr 2.74e-04
2025-05-30 17:41:55,422 | INFO | Gradient norm: 0.0085
2025-05-30 17:41:55,430 | INFO | Train batch  8300/10986 | ms/batch 201.63 | loss 0.8797 | bpb  1.27 | ppl     2.41 | lr 2.74e-04
2025-05-30 17:42:15,590 | INFO | Gradient norm: 0.0112
2025-05-30 17:42:15,598 | INFO | Train batch  8400/10986 | ms/batch 201.63 | loss 0.8797 | bpb  1.27 | ppl     2.41 | lr 2.74e-04
2025-05-30 17:42:35,726 | INFO | Gradient norm: 0.0178
2025-05-30 17:42:35,733 | INFO | Train batch  8500/10986 | ms/batch 201.63 | loss 0.8797 | bpb  1.27 | ppl     2.41 | lr 2.74e-04
2025-05-30 17:42:55,895 | INFO | Gradient norm: 0.0136
2025-05-30 17:42:55,903 | INFO | Train batch  8600/10986 | ms/batch 201.63 | loss 0.8797 | bpb  1.27 | ppl     2.41 | lr 2.74e-04
2025-05-30 17:43:16,096 | INFO | Gradient norm: 0.0084
2025-05-30 17:43:16,104 | INFO | Train batch  8700/10986 | ms/batch 201.63 | loss 0.8797 | bpb  1.27 | ppl     2.41 | lr 2.74e-04
2025-05-30 17:43:36,296 | INFO | Gradient norm: 0.0401
2025-05-30 17:43:36,304 | INFO | Train batch  8800/10986 | ms/batch 201.63 | loss 0.8797 | bpb  1.27 | ppl     2.41 | lr 2.74e-04
2025-05-30 17:43:56,479 | INFO | Gradient norm: 0.0116
2025-05-30 17:43:56,486 | INFO | Train batch  8900/10986 | ms/batch 201.64 | loss 0.8797 | bpb  1.27 | ppl     2.41 | lr 2.74e-04
2025-05-30 17:44:16,659 | INFO | Gradient norm: 0.0098
2025-05-30 17:44:16,666 | INFO | Train batch  9000/10986 | ms/batch 201.64 | loss 0.8797 | bpb  1.27 | ppl     2.41 | lr 2.74e-04
2025-05-30 17:44:36,793 | INFO | Gradient norm: 0.0245
2025-05-30 17:44:36,800 | INFO | Train batch  9100/10986 | ms/batch 201.64 | loss 0.8797 | bpb  1.27 | ppl     2.41 | lr 2.74e-04
2025-05-30 17:44:56,953 | INFO | Gradient norm: 0.0256
2025-05-30 17:44:56,961 | INFO | Train batch  9200/10986 | ms/batch 201.64 | loss 0.8797 | bpb  1.27 | ppl     2.41 | lr 2.74e-04
2025-05-30 17:45:17,098 | INFO | Gradient norm: 0.0111
2025-05-30 17:45:17,106 | INFO | Train batch  9300/10986 | ms/batch 201.63 | loss 0.8797 | bpb  1.27 | ppl     2.41 | lr 2.74e-04
2025-05-30 17:45:37,238 | INFO | Gradient norm: 0.0109
2025-05-30 17:45:37,246 | INFO | Train batch  9400/10986 | ms/batch 201.63 | loss 0.8797 | bpb  1.27 | ppl     2.41 | lr 2.74e-04
2025-05-30 17:45:57,439 | INFO | Gradient norm: 0.0100
2025-05-30 17:45:57,446 | INFO | Train batch  9500/10986 | ms/batch 201.63 | loss 0.8797 | bpb  1.27 | ppl     2.41 | lr 2.74e-04
2025-05-30 17:46:17,628 | INFO | Gradient norm: 0.0124
2025-05-30 17:46:17,636 | INFO | Train batch  9600/10986 | ms/batch 201.64 | loss 0.8797 | bpb  1.27 | ppl     2.41 | lr 2.74e-04
2025-05-30 17:46:37,809 | INFO | Gradient norm: 0.0105
2025-05-30 17:46:37,817 | INFO | Train batch  9700/10986 | ms/batch 201.64 | loss 0.8797 | bpb  1.27 | ppl     2.41 | lr 2.74e-04
2025-05-30 17:46:57,993 | INFO | Gradient norm: 0.0227
2025-05-30 17:46:58,001 | INFO | Train batch  9800/10986 | ms/batch 201.64 | loss 0.8797 | bpb  1.27 | ppl     2.41 | lr 2.74e-04
2025-05-30 17:47:18,211 | INFO | Gradient norm: 0.0081
2025-05-30 17:47:18,219 | INFO | Train batch  9900/10986 | ms/batch 201.65 | loss 0.8797 | bpb  1.27 | ppl     2.41 | lr 2.74e-04
2025-05-30 17:47:38,372 | INFO | Gradient norm: 0.0430
2025-05-30 17:47:38,380 | INFO | Train batch 10000/10986 | ms/batch 201.65 | loss 0.8797 | bpb  1.27 | ppl     2.41 | lr 2.74e-04
2025-05-30 17:47:58,502 | INFO | Gradient norm: 0.0356
2025-05-30 17:47:58,510 | INFO | Train batch 10100/10986 | ms/batch 201.64 | loss 0.8797 | bpb  1.27 | ppl     2.41 | lr 2.74e-04
2025-05-30 17:48:18,673 | INFO | Gradient norm: 0.0096
2025-05-30 17:48:18,681 | INFO | Train batch 10200/10986 | ms/batch 201.64 | loss 0.8797 | bpb  1.27 | ppl     2.41 | lr 2.73e-04
2025-05-30 17:48:38,815 | INFO | Gradient norm: 0.0177
2025-05-30 17:48:38,823 | INFO | Train batch 10300/10986 | ms/batch 201.64 | loss 0.8797 | bpb  1.27 | ppl     2.41 | lr 2.73e-04
2025-05-30 17:48:58,969 | INFO | Gradient norm: 0.0097
2025-05-30 17:48:58,977 | INFO | Train batch 10400/10986 | ms/batch 201.64 | loss 0.8797 | bpb  1.27 | ppl     2.41 | lr 2.73e-04
2025-05-30 17:49:19,124 | INFO | Gradient norm: 0.0116
2025-05-30 17:49:19,132 | INFO | Train batch 10500/10986 | ms/batch 201.64 | loss 0.8797 | bpb  1.27 | ppl     2.41 | lr 2.73e-04
2025-05-30 17:49:39,287 | INFO | Gradient norm: 0.0091
2025-05-30 17:49:39,295 | INFO | Train batch 10600/10986 | ms/batch 201.64 | loss 0.8797 | bpb  1.27 | ppl     2.41 | lr 2.73e-04
2025-05-30 17:49:59,457 | INFO | Gradient norm: 0.0079
2025-05-30 17:49:59,465 | INFO | Train batch 10700/10986 | ms/batch 201.64 | loss 0.8797 | bpb  1.27 | ppl     2.41 | lr 2.73e-04
2025-05-30 17:50:19,625 | INFO | Gradient norm: 0.0078
2025-05-30 17:50:19,633 | INFO | Train batch 10800/10986 | ms/batch 201.64 | loss 0.8797 | bpb  1.27 | ppl     2.41 | lr 2.73e-04
2025-05-30 17:50:39,767 | INFO | Gradient norm: 0.0095
2025-05-30 17:50:39,775 | INFO | Train batch 10900/10986 | ms/batch 201.64 | loss 0.8797 | bpb  1.27 | ppl     2.41 | lr 2.73e-04
2025-05-30 17:52:13,427 | INFO | Epoch   9 | time: 2291.71s | train bpb  1.27 | valid bpb  1.27
2025-05-30 17:52:14,727 | INFO | Saved new best model with validation bpb:  1.27
2025-05-30 17:52:14,786 | INFO | Input shape: torch.Size([16, 511]), Target shape: torch.Size([16, 511])
2025-05-30 17:52:14,786 | INFO | Input range: [10, 226]
2025-05-30 17:52:14,786 | INFO | Target range: [10, 226]
2025-05-30 17:52:14,822 | INFO | Output shape: torch.Size([8176, 256]), Reshaped target shape: torch.Size([8176])
2025-05-30 17:52:14,824 | INFO | Output range: [-15.390625, 12.3515625]
2025-05-30 17:52:14,824 | INFO | Sample probabilities: max=0.9039281606674194, min=0.00027257882175035775
2025-05-30 17:52:14,824 | INFO | Raw loss value: 0.8793184757232666
2025-05-30 17:52:14,825 | INFO | Batch 0 loss stats - Mean: 0.0177, Std: 1.7539
2025-05-30 17:52:14,972 | INFO | Gradient norm: 0.0102
2025-05-30 17:52:14,980 | INFO | Train batch     0/10986 | ms/batch 194.61 | loss 0.8793 | bpb  1.27 | ppl     2.41 | lr 2.73e-04
2025-05-30 17:52:35,098 | INFO | Gradient norm: 0.0203
2025-05-30 17:52:35,106 | INFO | Train batch   100/10986 | ms/batch 201.19 | loss 0.8810 | bpb  1.27 | ppl     2.41 | lr 2.73e-04
2025-05-30 17:52:55,292 | INFO | Gradient norm: 0.0350
2025-05-30 17:52:55,300 | INFO | Train batch   200/10986 | ms/batch 201.57 | loss 0.8805 | bpb  1.27 | ppl     2.41 | lr 2.73e-04
2025-05-30 17:53:15,532 | INFO | Gradient norm: 0.0291
2025-05-30 17:53:15,540 | INFO | Train batch   300/10986 | ms/batch 201.84 | loss 0.8802 | bpb  1.27 | ppl     2.41 | lr 2.73e-04
2025-05-30 17:53:35,743 | INFO | Gradient norm: 0.0100
2025-05-30 17:53:35,751 | INFO | Train batch   400/10986 | ms/batch 201.91 | loss 0.8800 | bpb  1.27 | ppl     2.41 | lr 2.73e-04
2025-05-30 17:53:55,944 | INFO | Gradient norm: 0.0093
2025-05-30 17:53:55,952 | INFO | Train batch   500/10986 | ms/batch 201.93 | loss 0.8799 | bpb  1.27 | ppl     2.41 | lr 2.73e-04
2025-05-30 17:54:16,190 | INFO | Gradient norm: 0.0112
2025-05-30 17:54:16,198 | INFO | Train batch   600/10986 | ms/batch 202.02 | loss 0.8799 | bpb  1.27 | ppl     2.41 | lr 2.73e-04
2025-05-30 17:54:36,420 | INFO | Gradient norm: 0.0159
2025-05-30 17:54:36,428 | INFO | Train batch   700/10986 | ms/batch 202.06 | loss 0.8798 | bpb  1.27 | ppl     2.41 | lr 2.73e-04
2025-05-30 17:54:56,621 | INFO | Gradient norm: 0.0064
2025-05-30 17:54:56,629 | INFO | Train batch   800/10986 | ms/batch 202.05 | loss 0.8798 | bpb  1.27 | ppl     2.41 | lr 2.73e-04
2025-05-30 17:55:16,882 | INFO | Gradient norm: 0.0084
2025-05-30 17:55:16,890 | INFO | Train batch   900/10986 | ms/batch 202.11 | loss 0.8798 | bpb  1.27 | ppl     2.41 | lr 2.73e-04
2025-05-30 17:55:37,058 | INFO | Gradient norm: 0.0390
2025-05-30 17:55:37,065 | INFO | Train batch  1000/10986 | ms/batch 202.08 | loss 0.8797 | bpb  1.27 | ppl     2.41 | lr 2.73e-04
2025-05-30 17:55:57,285 | INFO | Gradient norm: 0.0093
2025-05-30 17:55:57,293 | INFO | Train batch  1100/10986 | ms/batch 202.10 | loss 0.8797 | bpb  1.27 | ppl     2.41 | lr 2.73e-04
2025-05-30 17:56:17,521 | INFO | Gradient norm: 0.0091
2025-05-30 17:56:17,529 | INFO | Train batch  1200/10986 | ms/batch 202.12 | loss 0.8797 | bpb  1.27 | ppl     2.41 | lr 2.73e-04
2025-05-30 17:56:37,710 | INFO | Gradient norm: 0.0110
2025-05-30 17:56:37,717 | INFO | Train batch  1300/10986 | ms/batch 202.10 | loss 0.8797 | bpb  1.27 | ppl     2.41 | lr 2.72e-04
2025-05-30 17:56:57,907 | INFO | Gradient norm: 0.0129
2025-05-30 17:56:57,915 | INFO | Train batch  1400/10986 | ms/batch 202.09 | loss 0.8797 | bpb  1.27 | ppl     2.41 | lr 2.72e-04
2025-05-30 17:57:18,089 | INFO | Gradient norm: 0.0324
2025-05-30 17:57:18,097 | INFO | Train batch  1500/10986 | ms/batch 202.07 | loss 0.8797 | bpb  1.27 | ppl     2.41 | lr 2.72e-04
2025-05-30 17:57:38,287 | INFO | Gradient norm: 0.0222
2025-05-30 17:57:38,295 | INFO | Train batch  1600/10986 | ms/batch 202.07 | loss 0.8797 | bpb  1.27 | ppl     2.41 | lr 2.72e-04
2025-05-30 17:57:58,491 | INFO | Gradient norm: 0.0100
2025-05-30 17:57:58,499 | INFO | Train batch  1700/10986 | ms/batch 202.07 | loss 0.8797 | bpb  1.27 | ppl     2.41 | lr 2.72e-04
2025-05-30 17:58:18,671 | INFO | Gradient norm: 0.0093
2025-05-30 17:58:18,679 | INFO | Train batch  1800/10986 | ms/batch 202.05 | loss 0.8797 | bpb  1.27 | ppl     2.41 | lr 2.72e-04
2025-05-30 17:58:38,894 | INFO | Gradient norm: 0.0086
2025-05-30 17:58:38,902 | INFO | Train batch  1900/10986 | ms/batch 202.06 | loss 0.8797 | bpb  1.27 | ppl     2.41 | lr 2.72e-04
2025-05-30 17:58:59,057 | INFO | Gradient norm: 0.0099
2025-05-30 17:58:59,065 | INFO | Train batch  2000/10986 | ms/batch 202.04 | loss 0.8797 | bpb  1.27 | ppl     2.41 | lr 2.72e-04
2025-05-30 17:59:19,267 | INFO | Gradient norm: 0.0078
2025-05-30 17:59:19,275 | INFO | Train batch  2100/10986 | ms/batch 202.04 | loss 0.8797 | bpb  1.27 | ppl     2.41 | lr 2.72e-04
2025-05-30 17:59:39,479 | INFO | Gradient norm: 0.0088
2025-05-30 17:59:39,487 | INFO | Train batch  2200/10986 | ms/batch 202.05 | loss 0.8797 | bpb  1.27 | ppl     2.41 | lr 2.72e-04
2025-05-30 17:59:59,643 | INFO | Gradient norm: 0.0108
2025-05-30 17:59:59,650 | INFO | Train batch  2300/10986 | ms/batch 202.03 | loss 0.8797 | bpb  1.27 | ppl     2.41 | lr 2.72e-04
2025-05-30 18:00:19,836 | INFO | Gradient norm: 0.0078
2025-05-30 18:00:19,844 | INFO | Train batch  2400/10986 | ms/batch 202.02 | loss 0.8797 | bpb  1.27 | ppl     2.41 | lr 2.72e-04
2025-05-30 18:00:40,071 | INFO | Gradient norm: 0.0098
2025-05-30 18:00:40,079 | INFO | Train batch  2500/10986 | ms/batch 202.04 | loss 0.8797 | bpb  1.27 | ppl     2.41 | lr 2.72e-04
2025-05-30 18:01:00,229 | INFO | Gradient norm: 0.0243
2025-05-30 18:01:00,237 | INFO | Train batch  2600/10986 | ms/batch 202.02 | loss 0.8797 | bpb  1.27 | ppl     2.41 | lr 2.72e-04
2025-05-30 18:01:20,425 | INFO | Gradient norm: 0.0171
2025-05-30 18:01:20,433 | INFO | Train batch  2700/10986 | ms/batch 202.02 | loss 0.8797 | bpb  1.27 | ppl     2.41 | lr 2.72e-04
2025-05-30 18:01:40,597 | INFO | Gradient norm: 0.0089
2025-05-30 18:01:40,605 | INFO | Train batch  2800/10986 | ms/batch 202.01 | loss 0.8797 | bpb  1.27 | ppl     2.41 | lr 2.72e-04
2025-05-30 18:02:00,844 | INFO | Gradient norm: 0.0187
2025-05-30 18:02:00,851 | INFO | Train batch  2900/10986 | ms/batch 202.02 | loss 0.8797 | bpb  1.27 | ppl     2.41 | lr 2.72e-04
2025-05-30 18:02:21,029 | INFO | Gradient norm: 0.0089
2025-05-30 18:02:21,037 | INFO | Train batch  3000/10986 | ms/batch 202.02 | loss 0.8797 | bpb  1.27 | ppl     2.41 | lr 2.72e-04
2025-05-30 18:02:41,215 | INFO | Gradient norm: 0.0201
2025-05-30 18:02:41,222 | INFO | Train batch  3100/10986 | ms/batch 202.01 | loss 0.8797 | bpb  1.27 | ppl     2.41 | lr 2.72e-04
2025-05-30 18:03:01,382 | INFO | Gradient norm: 0.0333
2025-05-30 18:03:01,390 | INFO | Train batch  3200/10986 | ms/batch 202.00 | loss 0.8797 | bpb  1.27 | ppl     2.41 | lr 2.72e-04
2025-05-30 18:03:21,565 | INFO | Gradient norm: 0.0299
2025-05-30 18:03:21,573 | INFO | Train batch  3300/10986 | ms/batch 202.00 | loss 0.8797 | bpb  1.27 | ppl     2.41 | lr 2.71e-04
2025-05-30 18:03:41,750 | INFO | Gradient norm: 0.0110
2025-05-30 18:03:41,757 | INFO | Train batch  3400/10986 | ms/batch 201.99 | loss 0.8797 | bpb  1.27 | ppl     2.41 | lr 2.71e-04
2025-05-30 18:04:01,900 | INFO | Gradient norm: 0.0497
2025-05-30 18:04:01,908 | INFO | Train batch  3500/10986 | ms/batch 201.98 | loss 0.8797 | bpb  1.27 | ppl     2.41 | lr 2.71e-04
2025-05-30 18:04:22,112 | INFO | Gradient norm: 0.0160
2025-05-30 18:04:22,120 | INFO | Train batch  3600/10986 | ms/batch 201.98 | loss 0.8797 | bpb  1.27 | ppl     2.41 | lr 2.71e-04
2025-05-30 18:04:42,284 | INFO | Gradient norm: 0.0109
2025-05-30 18:04:42,292 | INFO | Train batch  3700/10986 | ms/batch 201.97 | loss 0.8797 | bpb  1.27 | ppl     2.41 | lr 2.71e-04
2025-05-30 18:05:02,491 | INFO | Gradient norm: 0.0105
2025-05-30 18:05:02,499 | INFO | Train batch  3800/10986 | ms/batch 201.98 | loss 0.8797 | bpb  1.27 | ppl     2.41 | lr 2.71e-04
2025-05-30 18:05:22,678 | INFO | Gradient norm: 0.0114
2025-05-30 18:05:22,685 | INFO | Train batch  3900/10986 | ms/batch 201.97 | loss 0.8797 | bpb  1.27 | ppl     2.41 | lr 2.71e-04
2025-05-30 18:05:42,849 | INFO | Gradient norm: 0.0079
2025-05-30 18:05:42,857 | INFO | Train batch  4000/10986 | ms/batch 201.97 | loss 0.8797 | bpb  1.27 | ppl     2.41 | lr 2.71e-04
2025-05-30 18:06:03,034 | INFO | Gradient norm: 0.0113
2025-05-30 18:06:03,042 | INFO | Train batch  4100/10986 | ms/batch 201.96 | loss 0.8797 | bpb  1.27 | ppl     2.41 | lr 2.71e-04
2025-05-30 18:06:23,155 | INFO | Gradient norm: 0.0125
2025-05-30 18:06:23,163 | INFO | Train batch  4200/10986 | ms/batch 201.95 | loss 0.8797 | bpb  1.27 | ppl     2.41 | lr 2.71e-04
2025-05-30 18:06:43,324 | INFO | Gradient norm: 0.0125
2025-05-30 18:06:43,332 | INFO | Train batch  4300/10986 | ms/batch 201.94 | loss 0.8797 | bpb  1.27 | ppl     2.41 | lr 2.71e-04
2025-05-30 18:07:03,569 | INFO | Gradient norm: 0.0152
2025-05-30 18:07:03,577 | INFO | Train batch  4400/10986 | ms/batch 201.95 | loss 0.8797 | bpb  1.27 | ppl     2.41 | lr 2.71e-04
2025-05-30 18:07:23,782 | INFO | Gradient norm: 0.0108
2025-05-30 18:07:23,789 | INFO | Train batch  4500/10986 | ms/batch 201.96 | loss 0.8797 | bpb  1.27 | ppl     2.41 | lr 2.71e-04
2025-05-30 18:07:43,957 | INFO | Gradient norm: 0.0130
2025-05-30 18:07:43,965 | INFO | Train batch  4600/10986 | ms/batch 201.95 | loss 0.8797 | bpb  1.27 | ppl     2.41 | lr 2.71e-04
2025-05-30 18:08:04,127 | INFO | Gradient norm: 0.0634
2025-05-30 18:08:04,135 | INFO | Train batch  4700/10986 | ms/batch 201.95 | loss 0.8797 | bpb  1.27 | ppl     2.41 | lr 2.71e-04
2025-05-30 18:08:24,291 | INFO | Gradient norm: 0.0085
2025-05-30 18:08:24,299 | INFO | Train batch  4800/10986 | ms/batch 201.94 | loss 0.8797 | bpb  1.27 | ppl     2.41 | lr 2.71e-04
2025-05-30 18:08:44,481 | INFO | Gradient norm: 0.0085
2025-05-30 18:08:44,489 | INFO | Train batch  4900/10986 | ms/batch 201.94 | loss 0.8797 | bpb  1.27 | ppl     2.41 | lr 2.71e-04
2025-05-30 18:09:04,664 | INFO | Gradient norm: 0.0085
2025-05-30 18:09:04,671 | INFO | Train batch  5000/10986 | ms/batch 201.94 | loss 0.8797 | bpb  1.27 | ppl     2.41 | lr 2.71e-04
2025-05-30 18:09:24,855 | INFO | Gradient norm: 0.0101
2025-05-30 18:09:24,863 | INFO | Train batch  5100/10986 | ms/batch 201.94 | loss 0.8797 | bpb  1.27 | ppl     2.41 | lr 2.71e-04
2025-05-30 18:09:45,052 | INFO | Gradient norm: 0.0179
2025-05-30 18:09:45,060 | INFO | Train batch  5200/10986 | ms/batch 201.94 | loss 0.8796 | bpb  1.27 | ppl     2.41 | lr 2.71e-04
2025-05-30 18:10:05,225 | INFO | Gradient norm: 0.0086
2025-05-30 18:10:05,233 | INFO | Train batch  5300/10986 | ms/batch 201.93 | loss 0.8796 | bpb  1.27 | ppl     2.41 | lr 2.70e-04
2025-05-30 18:10:25,417 | INFO | Gradient norm: 0.0068
2025-05-30 18:10:25,425 | INFO | Train batch  5400/10986 | ms/batch 201.93 | loss 0.8796 | bpb  1.27 | ppl     2.41 | lr 2.70e-04
2025-05-30 18:10:45,595 | INFO | Gradient norm: 0.0099
2025-05-30 18:10:45,603 | INFO | Train batch  5500/10986 | ms/batch 201.93 | loss 0.8796 | bpb  1.27 | ppl     2.41 | lr 2.70e-04
2025-05-30 18:11:05,780 | INFO | Gradient norm: 0.0102
2025-05-30 18:11:05,788 | INFO | Train batch  5600/10986 | ms/batch 201.93 | loss 0.8796 | bpb  1.27 | ppl     2.41 | lr 2.70e-04
2025-05-30 18:11:25,943 | INFO | Gradient norm: 0.0119
2025-05-30 18:11:25,951 | INFO | Train batch  5700/10986 | ms/batch 201.92 | loss 0.8796 | bpb  1.27 | ppl     2.41 | lr 2.70e-04
2025-05-30 18:11:46,103 | INFO | Gradient norm: 0.0076
2025-05-30 18:11:46,111 | INFO | Train batch  5800/10986 | ms/batch 201.92 | loss 0.8796 | bpb  1.27 | ppl     2.41 | lr 2.70e-04
2025-05-30 18:12:06,266 | INFO | Gradient norm: 0.0111
2025-05-30 18:12:06,274 | INFO | Train batch  5900/10986 | ms/batch 201.91 | loss 0.8796 | bpb  1.27 | ppl     2.41 | lr 2.70e-04
2025-05-30 18:12:26,459 | INFO | Gradient norm: 0.0121
2025-05-30 18:12:26,467 | INFO | Train batch  6000/10986 | ms/batch 201.91 | loss 0.8796 | bpb  1.27 | ppl     2.41 | lr 2.70e-04
2025-05-30 18:12:46,611 | INFO | Gradient norm: 0.0087
2025-05-30 18:12:46,619 | INFO | Train batch  6100/10986 | ms/batch 201.91 | loss 0.8796 | bpb  1.27 | ppl     2.41 | lr 2.70e-04
2025-05-30 18:13:07,211 | INFO | Using device: cuda
2025-05-30 18:13:09,786 | INFO | Model parameters: 19,177,728
2025-05-30 18:13:09,787 | INFO | Loading training data...
2025-05-30 18:13:15,575 | INFO | Base learning rate: 3.00e-04
2025-05-30 18:13:15,575 | INFO | Minimum learning rate: 1.00e-05
2025-05-30 18:13:15,575 | INFO | Initial learning rate: 0.00e+00
2025-05-30 18:13:15,575 | INFO | Warmup steps: 2000
2025-05-30 18:13:15,575 | INFO | Total steps: 549300
2025-05-30 18:13:15,575 | INFO | Test LR at step 0: 0.00e+00
2025-05-30 18:13:15,575 | INFO | Test LR at step 1000: 1.50e-04
2025-05-30 18:13:15,575 | INFO | Test LR at step 2000: 3.00e-04
2025-05-30 18:13:15,575 | INFO | Test LR at step 274650: 1.56e-04
2025-05-30 18:13:15,575 | INFO | Test LR at step 549299: 1.00e-05
2025-05-30 18:13:15,576 | INFO | Starting training...
2025-05-30 18:13:15,577 | INFO | Input shape: torch.Size([16, 511]), Target shape: torch.Size([16, 511])
2025-05-30 18:13:15,578 | INFO | Input range: [10, 226]
2025-05-30 18:13:15,578 | INFO | Target range: [10, 226]
2025-05-30 18:13:20,685 | INFO | Output shape: torch.Size([8176, 256]), Reshaped target shape: torch.Size([8176])
2025-05-30 18:13:20,686 | INFO | Output range: [-6.0859375, 5.26953125]
2025-05-30 18:13:20,687 | INFO | Sample probabilities: max=0.1308823823928833, min=4.438071482582018e-05
2025-05-30 18:13:20,688 | INFO | Raw loss value: 6.194406986236572
2025-05-30 18:13:20,688 | INFO | Batch 0 loss stats - Mean: -0.0173, Std: 1.1631
2025-05-30 18:13:20,859 | INFO | Gradient norm: 6.7382
2025-05-30 18:13:20,873 | INFO | Train batch     0/10986 | ms/batch 5296.15 | loss 6.1944 | bpb  8.94 | ppl   490.00 | lr 1.50e-07
2025-05-30 18:13:40,297 | INFO | Gradient norm: 0.8066
2025-05-30 18:13:40,306 | INFO | Train batch   100/10986 | ms/batch 244.84 | loss 4.7212 | bpb  6.81 | ppl   112.30 | lr 1.51e-05
2025-05-30 18:14:00,389 | INFO | Gradient norm: 0.4869
2025-05-30 18:14:00,402 | INFO | Train batch   200/10986 | ms/batch 223.01 | loss 4.0839 | bpb  5.89 | ppl    59.38 | lr 3.01e-05
2025-05-30 18:14:20,662 | INFO | Gradient norm: 0.4702
2025-05-30 18:14:20,674 | INFO | Train batch   300/10986 | ms/batch 216.27 | loss 3.8016 | bpb  5.48 | ppl    44.77 | lr 4.51e-05
2025-05-30 18:14:41,066 | INFO | Gradient norm: 0.5002
2025-05-30 18:14:41,078 | INFO | Train batch   400/10986 | ms/batch 213.22 | loss 3.6259 | bpb  5.23 | ppl    37.56 | lr 6.01e-05
2025-05-30 18:15:01,519 | INFO | Gradient norm: 0.5410
2025-05-30 18:15:01,532 | INFO | Train batch   500/10986 | ms/batch 211.49 | loss 3.5042 | bpb  5.06 | ppl    33.25 | lr 7.51e-05
2025-05-30 18:15:22,061 | INFO | Gradient norm: 0.5073
2025-05-30 18:15:22,074 | INFO | Train batch   600/10986 | ms/batch 210.48 | loss 3.4132 | bpb  4.92 | ppl    30.36 | lr 9.01e-05
2025-05-30 18:15:42,635 | INFO | Gradient norm: 0.5002
2025-05-30 18:15:42,648 | INFO | Train batch   700/10986 | ms/batch 209.80 | loss 3.3388 | bpb  4.82 | ppl    28.19 | lr 1.05e-04
2025-05-30 18:16:03,178 | INFO | Gradient norm: 0.5840
2025-05-30 18:16:03,190 | INFO | Train batch   800/10986 | ms/batch 209.26 | loss 3.2701 | bpb  4.72 | ppl    26.32 | lr 1.20e-04
2025-05-30 18:16:23,698 | INFO | Gradient norm: 0.7378
2025-05-30 18:16:23,711 | INFO | Train batch   900/10986 | ms/batch 208.81 | loss 3.1791 | bpb  4.59 | ppl    24.03 | lr 1.35e-04
2025-05-30 18:16:44,174 | INFO | Gradient norm: 0.6917
2025-05-30 18:16:44,186 | INFO | Train batch  1000/10986 | ms/batch 208.40 | loss 3.0465 | bpb  4.40 | ppl    21.04 | lr 1.50e-04
2025-05-30 18:17:04,653 | INFO | Gradient norm: 0.4801
2025-05-30 18:17:04,666 | INFO | Train batch  1100/10986 | ms/batch 208.07 | loss 2.8948 | bpb  4.18 | ppl    18.08 | lr 1.65e-04
2025-05-30 18:17:25,124 | INFO | Gradient norm: 0.3469
2025-05-30 18:17:25,136 | INFO | Train batch  1200/10986 | ms/batch 207.79 | loss 2.7498 | bpb  3.97 | ppl    15.64 | lr 1.80e-04
2025-05-30 18:17:45,563 | INFO | Gradient norm: 0.2486
2025-05-30 18:17:45,575 | INFO | Train batch  1300/10986 | ms/batch 207.53 | loss 2.6195 | bpb  3.78 | ppl    13.73 | lr 1.95e-04
2025-05-30 18:18:06,008 | INFO | Gradient norm: 0.2228
2025-05-30 18:18:06,021 | INFO | Train batch  1400/10986 | ms/batch 207.31 | loss 2.5038 | bpb  3.61 | ppl    12.23 | lr 2.10e-04
2025-05-30 18:18:26,441 | INFO | Gradient norm: 0.1630
2025-05-30 18:18:26,453 | INFO | Train batch  1500/10986 | ms/batch 207.11 | loss 2.4017 | bpb  3.46 | ppl    11.04 | lr 2.25e-04
2025-05-30 18:18:46,874 | INFO | Gradient norm: 0.1303
2025-05-30 18:18:46,887 | INFO | Train batch  1600/10986 | ms/batch 206.94 | loss 2.3105 | bpb  3.33 | ppl    10.08 | lr 2.40e-04
2025-05-30 18:19:07,296 | INFO | Gradient norm: 0.1469
2025-05-30 18:19:07,308 | INFO | Train batch  1700/10986 | ms/batch 206.78 | loss 2.2298 | bpb  3.22 | ppl     9.30 | lr 2.55e-04
2025-05-30 18:19:27,733 | INFO | Gradient norm: 0.1108
2025-05-30 18:19:27,745 | INFO | Train batch  1800/10986 | ms/batch 206.65 | loss 2.1572 | bpb  3.11 | ppl     8.65 | lr 2.70e-04
2025-05-30 18:19:48,170 | INFO | Gradient norm: 0.1162
2025-05-30 18:19:48,182 | INFO | Train batch  1900/10986 | ms/batch 206.53 | loss 2.0918 | bpb  3.02 | ppl     8.10 | lr 2.85e-04
2025-05-30 18:20:08,587 | INFO | Gradient norm: 0.0913
2025-05-30 18:20:08,600 | INFO | Train batch  2000/10986 | ms/batch 206.41 | loss 2.0325 | bpb  2.93 | ppl     7.63 | lr 3.00e-04
2025-05-30 18:20:29,022 | INFO | Gradient norm: 0.0807
2025-05-30 18:20:29,034 | INFO | Train batch  2100/10986 | ms/batch 206.31 | loss 1.9787 | bpb  2.85 | ppl     7.23 | lr 3.00e-04
2025-05-30 18:20:49,454 | INFO | Gradient norm: 0.0823
2025-05-30 18:20:49,466 | INFO | Train batch  2200/10986 | ms/batch 206.22 | loss 1.9297 | bpb  2.78 | ppl     6.89 | lr 3.00e-04
2025-05-30 18:21:09,861 | INFO | Gradient norm: 0.0748
2025-05-30 18:21:09,874 | INFO | Train batch  2300/10986 | ms/batch 206.13 | loss 1.8849 | bpb  2.72 | ppl     6.59 | lr 3.00e-04
2025-05-30 18:21:30,276 | INFO | Gradient norm: 0.1036
2025-05-30 18:21:30,288 | INFO | Train batch  2400/10986 | ms/batch 206.04 | loss 1.8436 | bpb  2.66 | ppl     6.32 | lr 3.00e-04
2025-05-30 18:21:50,693 | INFO | Gradient norm: 0.0654
2025-05-30 18:21:50,705 | INFO | Train batch  2500/10986 | ms/batch 205.97 | loss 1.8056 | bpb  2.60 | ppl     6.08 | lr 3.00e-04
2025-05-30 18:22:11,110 | INFO | Gradient norm: 0.1122
2025-05-30 18:22:11,122 | INFO | Train batch  2600/10986 | ms/batch 205.90 | loss 1.7705 | bpb  2.55 | ppl     5.87 | lr 3.00e-04
2025-05-30 18:22:31,517 | INFO | Gradient norm: 0.0765
2025-05-30 18:22:31,530 | INFO | Train batch  2700/10986 | ms/batch 205.83 | loss 1.7380 | bpb  2.51 | ppl     5.69 | lr 3.00e-04
2025-05-30 18:22:51,938 | INFO | Gradient norm: 0.0509
2025-05-30 18:22:51,951 | INFO | Train batch  2800/10986 | ms/batch 205.77 | loss 1.7077 | bpb  2.46 | ppl     5.52 | lr 3.00e-04
2025-05-30 18:23:12,353 | INFO | Gradient norm: 0.0703
2025-05-30 18:23:12,366 | INFO | Train batch  2900/10986 | ms/batch 205.72 | loss 1.6795 | bpb  2.42 | ppl     5.36 | lr 3.00e-04
2025-05-30 18:23:32,755 | INFO | Gradient norm: 0.0440
2025-05-30 18:23:32,767 | INFO | Train batch  3000/10986 | ms/batch 205.66 | loss 1.6532 | bpb  2.39 | ppl     5.22 | lr 3.00e-04
2025-05-30 18:23:53,178 | INFO | Gradient norm: 0.0882
2025-05-30 18:23:53,190 | INFO | Train batch  3100/10986 | ms/batch 205.62 | loss 1.6285 | bpb  2.35 | ppl     5.10 | lr 3.00e-04
2025-05-30 18:24:13,594 | INFO | Gradient norm: 0.0561
2025-05-30 18:24:13,606 | INFO | Train batch  3200/10986 | ms/batch 205.57 | loss 1.6054 | bpb  2.32 | ppl     4.98 | lr 3.00e-04
2025-05-30 18:24:33,998 | INFO | Gradient norm: 0.0806
2025-05-30 18:24:34,011 | INFO | Train batch  3300/10986 | ms/batch 205.52 | loss 1.5837 | bpb  2.28 | ppl     4.87 | lr 3.00e-04
2025-05-30 18:24:54,421 | INFO | Gradient norm: 0.0917
2025-05-30 18:24:54,433 | INFO | Train batch  3400/10986 | ms/batch 205.49 | loss 1.5632 | bpb  2.26 | ppl     4.77 | lr 3.00e-04
2025-05-30 18:25:14,846 | INFO | Gradient norm: 0.0567
2025-05-30 18:25:14,859 | INFO | Train batch  3500/10986 | ms/batch 205.45 | loss 1.5439 | bpb  2.23 | ppl     4.68 | lr 3.00e-04
2025-05-30 18:25:35,248 | INFO | Gradient norm: 0.0422
2025-05-30 18:25:35,261 | INFO | Train batch  3600/10986 | ms/batch 205.41 | loss 1.5257 | bpb  2.20 | ppl     4.60 | lr 3.00e-04
2025-05-30 18:25:55,673 | INFO | Gradient norm: 0.0567
2025-05-30 18:25:55,685 | INFO | Train batch  3700/10986 | ms/batch 205.38 | loss 1.5084 | bpb  2.18 | ppl     4.52 | lr 3.00e-04
2025-05-30 18:26:16,091 | INFO | Gradient norm: 0.0480
2025-05-30 18:26:16,104 | INFO | Train batch  3800/10986 | ms/batch 205.35 | loss 1.4921 | bpb  2.15 | ppl     4.45 | lr 3.00e-04
2025-05-30 18:26:36,493 | INFO | Gradient norm: 0.0556
2025-05-30 18:26:36,506 | INFO | Train batch  3900/10986 | ms/batch 205.31 | loss 1.4765 | bpb  2.13 | ppl     4.38 | lr 3.00e-04
2025-05-30 18:26:56,914 | INFO | Gradient norm: 0.0557
2025-05-30 18:26:56,926 | INFO | Train batch  4000/10986 | ms/batch 205.29 | loss 1.4617 | bpb  2.11 | ppl     4.31 | lr 3.00e-04
2025-05-30 18:27:17,334 | INFO | Gradient norm: 0.0829
2025-05-30 18:27:17,347 | INFO | Train batch  4100/10986 | ms/batch 205.26 | loss 1.4477 | bpb  2.09 | ppl     4.25 | lr 3.00e-04
2025-05-30 18:27:37,736 | INFO | Gradient norm: 0.0698
2025-05-30 18:27:37,749 | INFO | Train batch  4200/10986 | ms/batch 205.23 | loss 1.4343 | bpb  2.07 | ppl     4.20 | lr 3.00e-04
2025-05-30 18:27:58,153 | INFO | Gradient norm: 0.0591
2025-05-30 18:27:58,166 | INFO | Train batch  4300/10986 | ms/batch 205.21 | loss 1.4216 | bpb  2.05 | ppl     4.14 | lr 3.00e-04
2025-05-30 18:28:18,581 | INFO | Gradient norm: 0.0429
2025-05-30 18:28:18,594 | INFO | Train batch  4400/10986 | ms/batch 205.18 | loss 1.4094 | bpb  2.03 | ppl     4.09 | lr 3.00e-04
2025-05-30 18:28:38,983 | INFO | Gradient norm: 0.0515
2025-05-30 18:28:38,995 | INFO | Train batch  4500/10986 | ms/batch 205.16 | loss 1.3978 | bpb  2.02 | ppl     4.05 | lr 3.00e-04
2025-05-30 18:28:59,398 | INFO | Gradient norm: 0.0696
2025-05-30 18:28:59,411 | INFO | Train batch  4600/10986 | ms/batch 205.14 | loss 1.3866 | bpb  2.00 | ppl     4.00 | lr 3.00e-04
2025-05-30 18:29:19,817 | INFO | Gradient norm: 0.0497
2025-05-30 18:29:19,829 | INFO | Train batch  4700/10986 | ms/batch 205.12 | loss 1.3759 | bpb  1.99 | ppl     3.96 | lr 3.00e-04
2025-05-30 18:29:40,230 | INFO | Gradient norm: 0.0326
2025-05-30 18:29:40,242 | INFO | Train batch  4800/10986 | ms/batch 205.10 | loss 1.3657 | bpb  1.97 | ppl     3.92 | lr 3.00e-04
2025-05-30 18:30:00,649 | INFO | Gradient norm: 0.0371
2025-05-30 18:30:00,661 | INFO | Train batch  4900/10986 | ms/batch 205.08 | loss 1.3559 | bpb  1.96 | ppl     3.88 | lr 3.00e-04
2025-05-30 18:30:21,061 | INFO | Gradient norm: 0.0338
2025-05-30 18:30:21,073 | INFO | Train batch  5000/10986 | ms/batch 205.06 | loss 1.3464 | bpb  1.94 | ppl     3.84 | lr 3.00e-04
2025-05-30 18:30:41,483 | INFO | Gradient norm: 0.0341
2025-05-30 18:30:41,495 | INFO | Train batch  5100/10986 | ms/batch 205.04 | loss 1.3374 | bpb  1.93 | ppl     3.81 | lr 3.00e-04
2025-05-30 18:31:01,896 | INFO | Gradient norm: 0.0522
2025-05-30 18:31:01,908 | INFO | Train batch  5200/10986 | ms/batch 205.02 | loss 1.3287 | bpb  1.92 | ppl     3.78 | lr 3.00e-04
2025-05-30 18:31:22,309 | INFO | Gradient norm: 0.0734
2025-05-30 18:31:22,321 | INFO | Train batch  5300/10986 | ms/batch 205.01 | loss 1.3203 | bpb  1.90 | ppl     3.74 | lr 3.00e-04
2025-05-30 18:31:42,724 | INFO | Gradient norm: 0.0407
2025-05-30 18:31:42,736 | INFO | Train batch  5400/10986 | ms/batch 204.99 | loss 1.3122 | bpb  1.89 | ppl     3.71 | lr 3.00e-04
2025-05-30 18:32:03,136 | INFO | Gradient norm: 0.0731
2025-05-30 18:32:03,148 | INFO | Train batch  5500/10986 | ms/batch 204.98 | loss 1.3044 | bpb  1.88 | ppl     3.69 | lr 3.00e-04
2025-05-30 18:32:23,550 | INFO | Gradient norm: 0.0414
2025-05-30 18:32:23,563 | INFO | Train batch  5600/10986 | ms/batch 204.96 | loss 1.2969 | bpb  1.87 | ppl     3.66 | lr 3.00e-04
2025-05-30 18:32:43,968 | INFO | Gradient norm: 0.0510
2025-05-30 18:32:43,981 | INFO | Train batch  5700/10986 | ms/batch 204.95 | loss 1.2896 | bpb  1.86 | ppl     3.63 | lr 3.00e-04
2025-05-30 18:33:04,379 | INFO | Gradient norm: 0.0588
2025-05-30 18:33:04,392 | INFO | Train batch  5800/10986 | ms/batch 204.93 | loss 1.2826 | bpb  1.85 | ppl     3.61 | lr 3.00e-04
2025-05-30 18:33:24,794 | INFO | Gradient norm: 0.0490
2025-05-30 18:33:24,806 | INFO | Train batch  5900/10986 | ms/batch 204.92 | loss 1.2759 | bpb  1.84 | ppl     3.58 | lr 3.00e-04
2025-05-30 18:33:45,211 | INFO | Gradient norm: 0.0506
2025-05-30 18:33:45,223 | INFO | Train batch  6000/10986 | ms/batch 204.91 | loss 1.2693 | bpb  1.83 | ppl     3.56 | lr 3.00e-04
2025-05-30 18:34:05,623 | INFO | Gradient norm: 0.0230
2025-05-30 18:34:05,635 | INFO | Train batch  6100/10986 | ms/batch 204.89 | loss 1.2630 | bpb  1.82 | ppl     3.54 | lr 3.00e-04
2025-05-30 18:34:26,037 | INFO | Gradient norm: 0.0737
2025-05-30 18:34:26,049 | INFO | Train batch  6200/10986 | ms/batch 204.88 | loss 1.2569 | bpb  1.81 | ppl     3.51 | lr 3.00e-04
2025-05-30 18:34:46,455 | INFO | Gradient norm: 0.0362
2025-05-30 18:34:46,467 | INFO | Train batch  6300/10986 | ms/batch 204.87 | loss 1.2510 | bpb  1.80 | ppl     3.49 | lr 3.00e-04
2025-05-30 18:35:06,863 | INFO | Gradient norm: 0.0332
2025-05-30 18:35:06,876 | INFO | Train batch  6400/10986 | ms/batch 204.86 | loss 1.2452 | bpb  1.80 | ppl     3.47 | lr 3.00e-04
2025-05-30 18:35:27,278 | INFO | Gradient norm: 0.0405
2025-05-30 18:35:27,290 | INFO | Train batch  6500/10986 | ms/batch 204.85 | loss 1.2396 | bpb  1.79 | ppl     3.45 | lr 3.00e-04
2025-05-30 18:35:47,696 | INFO | Gradient norm: 0.0384
2025-05-30 18:35:47,708 | INFO | Train batch  6600/10986 | ms/batch 204.84 | loss 1.2343 | bpb  1.78 | ppl     3.44 | lr 3.00e-04
2025-05-30 18:36:08,102 | INFO | Gradient norm: 0.0283
2025-05-30 18:36:08,114 | INFO | Train batch  6700/10986 | ms/batch 204.83 | loss 1.2290 | bpb  1.77 | ppl     3.42 | lr 3.00e-04
2025-05-30 18:36:28,523 | INFO | Gradient norm: 0.0210
2025-05-30 18:36:28,535 | INFO | Train batch  6800/10986 | ms/batch 204.82 | loss 1.2239 | bpb  1.77 | ppl     3.40 | lr 3.00e-04
2025-05-30 18:36:48,941 | INFO | Gradient norm: 0.0429
2025-05-30 18:36:48,953 | INFO | Train batch  6900/10986 | ms/batch 204.81 | loss 1.2190 | bpb  1.76 | ppl     3.38 | lr 3.00e-04
2025-05-30 18:37:09,348 | INFO | Gradient norm: 0.0350
2025-05-30 18:37:09,361 | INFO | Train batch  7000/10986 | ms/batch 204.80 | loss 1.2142 | bpb  1.75 | ppl     3.37 | lr 3.00e-04
2025-05-30 18:37:29,766 | INFO | Gradient norm: 0.0315
2025-05-30 18:37:29,779 | INFO | Train batch  7100/10986 | ms/batch 204.79 | loss 1.2095 | bpb  1.75 | ppl     3.35 | lr 3.00e-04
2025-05-30 18:37:50,179 | INFO | Gradient norm: 0.0460
2025-05-30 18:37:50,191 | INFO | Train batch  7200/10986 | ms/batch 204.78 | loss 1.2050 | bpb  1.74 | ppl     3.34 | lr 3.00e-04
2025-05-30 18:38:10,579 | INFO | Gradient norm: 0.0160
2025-05-30 18:38:10,591 | INFO | Train batch  7300/10986 | ms/batch 204.77 | loss 1.2006 | bpb  1.73 | ppl     3.32 | lr 3.00e-04
2025-05-30 18:38:31,000 | INFO | Gradient norm: 0.0297
2025-05-30 18:38:31,012 | INFO | Train batch  7400/10986 | ms/batch 204.76 | loss 1.1963 | bpb  1.73 | ppl     3.31 | lr 3.00e-04
2025-05-30 18:38:51,417 | INFO | Gradient norm: 0.0221
2025-05-30 18:38:51,429 | INFO | Train batch  7500/10986 | ms/batch 204.75 | loss 1.1921 | bpb  1.72 | ppl     3.29 | lr 3.00e-04
2025-05-30 18:39:11,818 | INFO | Gradient norm: 0.0307
2025-05-30 18:39:11,830 | INFO | Train batch  7600/10986 | ms/batch 204.74 | loss 1.1880 | bpb  1.71 | ppl     3.28 | lr 3.00e-04
2025-05-30 18:39:32,238 | INFO | Gradient norm: 0.0488
2025-05-30 18:39:32,250 | INFO | Train batch  7700/10986 | ms/batch 204.74 | loss 1.1841 | bpb  1.71 | ppl     3.27 | lr 3.00e-04
2025-05-30 18:39:52,650 | INFO | Gradient norm: 0.0228
2025-05-30 18:39:52,662 | INFO | Train batch  7800/10986 | ms/batch 204.73 | loss 1.1802 | bpb  1.70 | ppl     3.26 | lr 3.00e-04
2025-05-30 18:40:13,053 | INFO | Gradient norm: 0.0184
2025-05-30 18:40:13,065 | INFO | Train batch  7900/10986 | ms/batch 204.72 | loss 1.1765 | bpb  1.70 | ppl     3.24 | lr 3.00e-04
2025-05-30 18:40:33,473 | INFO | Gradient norm: 0.0262
2025-05-30 18:40:33,486 | INFO | Train batch  8000/10986 | ms/batch 204.71 | loss 1.1728 | bpb  1.69 | ppl     3.23 | lr 3.00e-04
2025-05-30 18:40:53,888 | INFO | Gradient norm: 0.0332
2025-05-30 18:40:53,901 | INFO | Train batch  8100/10986 | ms/batch 204.71 | loss 1.1692 | bpb  1.69 | ppl     3.22 | lr 3.00e-04
2025-05-30 18:41:14,288 | INFO | Gradient norm: 0.0367
2025-05-30 18:41:14,300 | INFO | Train batch  8200/10986 | ms/batch 204.70 | loss 1.1657 | bpb  1.68 | ppl     3.21 | lr 3.00e-04
2025-05-30 18:41:34,704 | INFO | Gradient norm: 0.0534
2025-05-30 18:41:34,717 | INFO | Train batch  8300/10986 | ms/batch 204.69 | loss 1.1623 | bpb  1.68 | ppl     3.20 | lr 3.00e-04
2025-05-30 18:41:55,118 | INFO | Gradient norm: 0.0333
2025-05-30 18:41:55,130 | INFO | Train batch  8400/10986 | ms/batch 204.68 | loss 1.1590 | bpb  1.67 | ppl     3.19 | lr 3.00e-04
2025-05-30 18:42:15,525 | INFO | Gradient norm: 0.0513
2025-05-30 18:42:15,537 | INFO | Train batch  8500/10986 | ms/batch 204.68 | loss 1.1557 | bpb  1.67 | ppl     3.18 | lr 3.00e-04
2025-05-30 18:42:35,937 | INFO | Gradient norm: 0.0349
2025-05-30 18:42:35,949 | INFO | Train batch  8600/10986 | ms/batch 204.67 | loss 1.1525 | bpb  1.66 | ppl     3.17 | lr 3.00e-04
2025-05-30 18:42:56,351 | INFO | Gradient norm: 0.0301
2025-05-30 18:42:56,363 | INFO | Train batch  8700/10986 | ms/batch 204.66 | loss 1.1494 | bpb  1.66 | ppl     3.16 | lr 3.00e-04
2025-05-30 18:43:16,749 | INFO | Gradient norm: 0.0292
2025-05-30 18:43:16,761 | INFO | Train batch  8800/10986 | ms/batch 204.66 | loss 1.1464 | bpb  1.65 | ppl     3.15 | lr 3.00e-04
2025-05-30 18:43:37,159 | INFO | Gradient norm: 0.0515
2025-05-30 18:43:37,172 | INFO | Train batch  8900/10986 | ms/batch 204.65 | loss 1.1434 | bpb  1.65 | ppl     3.14 | lr 3.00e-04
2025-05-30 18:43:57,574 | INFO | Gradient norm: 0.0155
2025-05-30 18:43:57,586 | INFO | Train batch  9000/10986 | ms/batch 204.64 | loss 1.1405 | bpb  1.65 | ppl     3.13 | lr 3.00e-04
2025-05-30 18:44:17,971 | INFO | Gradient norm: 0.0306
2025-05-30 18:44:17,983 | INFO | Train batch  9100/10986 | ms/batch 204.64 | loss 1.1377 | bpb  1.64 | ppl     3.12 | lr 3.00e-04
2025-05-30 18:44:38,376 | INFO | Gradient norm: 0.0628
2025-05-30 18:44:38,388 | INFO | Train batch  9200/10986 | ms/batch 204.63 | loss 1.1349 | bpb  1.64 | ppl     3.11 | lr 3.00e-04
2025-05-30 18:44:58,786 | INFO | Gradient norm: 0.0529
2025-05-30 18:44:58,799 | INFO | Train batch  9300/10986 | ms/batch 204.63 | loss 1.1322 | bpb  1.63 | ppl     3.10 | lr 3.00e-04
2025-05-30 18:45:19,184 | INFO | Gradient norm: 0.0219
2025-05-30 18:45:19,196 | INFO | Train batch  9400/10986 | ms/batch 204.62 | loss 1.1295 | bpb  1.63 | ppl     3.09 | lr 3.00e-04
2025-05-30 18:45:39,590 | INFO | Gradient norm: 0.0148
2025-05-30 18:45:39,603 | INFO | Train batch  9500/10986 | ms/batch 204.61 | loss 1.1269 | bpb  1.63 | ppl     3.09 | lr 3.00e-04
2025-05-30 18:46:00,003 | INFO | Gradient norm: 0.0167
2025-05-30 18:46:00,015 | INFO | Train batch  9600/10986 | ms/batch 204.61 | loss 1.1244 | bpb  1.62 | ppl     3.08 | lr 3.00e-04
2025-05-30 18:46:20,399 | INFO | Gradient norm: 0.0281
2025-05-30 18:46:20,411 | INFO | Train batch  9700/10986 | ms/batch 204.60 | loss 1.1219 | bpb  1.62 | ppl     3.07 | lr 3.00e-04
2025-05-30 18:46:40,803 | INFO | Gradient norm: 0.0169
2025-05-30 18:46:40,815 | INFO | Train batch  9800/10986 | ms/batch 204.60 | loss 1.1194 | bpb  1.61 | ppl     3.06 | lr 3.00e-04
2025-05-30 18:47:01,206 | INFO | Gradient norm: 0.0123
2025-05-30 18:47:01,218 | INFO | Train batch  9900/10986 | ms/batch 204.59 | loss 1.1170 | bpb  1.61 | ppl     3.06 | lr 3.00e-04
2025-05-30 18:47:21,599 | INFO | Gradient norm: 0.0347
2025-05-30 18:47:21,611 | INFO | Train batch 10000/10986 | ms/batch 204.58 | loss 1.1147 | bpb  1.61 | ppl     3.05 | lr 3.00e-04
2025-05-30 18:47:41,999 | INFO | Gradient norm: 0.0358
2025-05-30 18:47:42,012 | INFO | Train batch 10100/10986 | ms/batch 204.58 | loss 1.1124 | bpb  1.60 | ppl     3.04 | lr 3.00e-04
2025-05-30 18:48:02,402 | INFO | Gradient norm: 0.0356
2025-05-30 18:48:02,414 | INFO | Train batch 10200/10986 | ms/batch 204.57 | loss 1.1101 | bpb  1.60 | ppl     3.03 | lr 3.00e-04
2025-05-30 18:48:22,793 | INFO | Gradient norm: 0.0312
2025-05-30 18:48:22,805 | INFO | Train batch 10300/10986 | ms/batch 204.57 | loss 1.1079 | bpb  1.60 | ppl     3.03 | lr 3.00e-04
2025-05-30 18:48:43,203 | INFO | Gradient norm: 0.0124
2025-05-30 18:48:43,215 | INFO | Train batch 10400/10986 | ms/batch 204.56 | loss 1.1057 | bpb  1.60 | ppl     3.02 | lr 3.00e-04
2025-05-30 18:49:03,595 | INFO | Gradient norm: 0.0226
2025-05-30 18:49:03,607 | INFO | Train batch 10500/10986 | ms/batch 204.55 | loss 1.1036 | bpb  1.59 | ppl     3.01 | lr 3.00e-04
2025-05-30 18:49:23,988 | INFO | Gradient norm: 0.0268
2025-05-30 18:49:24,000 | INFO | Train batch 10600/10986 | ms/batch 204.55 | loss 1.1015 | bpb  1.59 | ppl     3.01 | lr 3.00e-04
2025-05-30 18:49:44,400 | INFO | Gradient norm: 0.0114
2025-05-30 18:49:44,412 | INFO | Train batch 10700/10986 | ms/batch 204.54 | loss 1.0995 | bpb  1.59 | ppl     3.00 | lr 3.00e-04
2025-05-30 18:50:04,792 | INFO | Gradient norm: 0.0249
2025-05-30 18:50:04,804 | INFO | Train batch 10800/10986 | ms/batch 204.54 | loss 1.0974 | bpb  1.58 | ppl     3.00 | lr 3.00e-04
2025-05-30 18:50:25,184 | INFO | Gradient norm: 0.0451
2025-05-30 18:50:25,196 | INFO | Train batch 10900/10986 | ms/batch 204.53 | loss 1.0955 | bpb  1.58 | ppl     2.99 | lr 3.00e-04
2025-05-30 18:51:55,706 | INFO | Epoch   0 | time: 2320.13s | train bpb  1.58 | valid bpb  1.28
2025-05-30 18:51:56,299 | INFO | Saved new best model with validation bpb:  1.28
2025-05-30 18:51:57,101 | INFO | Input shape: torch.Size([16, 511]), Target shape: torch.Size([16, 511])
2025-05-30 18:51:57,101 | INFO | Input range: [10, 226]
2025-05-30 18:51:57,101 | INFO | Target range: [10, 226]
2025-05-30 18:51:57,139 | INFO | Output shape: torch.Size([8176, 256]), Reshaped target shape: torch.Size([8176])
2025-05-30 18:51:57,140 | INFO | Output range: [-4.4140625, 8.4921875]
2025-05-30 18:51:57,140 | INFO | Sample probabilities: max=0.9095008373260498, min=0.00021767476573586464
2025-05-30 18:51:57,141 | INFO | Raw loss value: 0.8815767765045166
2025-05-30 18:51:57,141 | INFO | Batch 0 loss stats - Mean: -0.1990, Std: 0.5752
2025-05-30 18:51:57,289 | INFO | Gradient norm: 0.0333
2025-05-30 18:51:57,302 | INFO | Train batch     0/10986 | ms/batch 201.42 | loss 0.8816 | bpb  1.27 | ppl     2.41 | lr 3.00e-04
2025-05-30 18:52:17,683 | INFO | Gradient norm: 0.0394
2025-05-30 18:52:17,695 | INFO | Train batch   100/10986 | ms/batch 203.91 | loss 0.8838 | bpb  1.28 | ppl     2.42 | lr 3.00e-04
2025-05-30 18:52:38,062 | INFO | Gradient norm: 0.0251
2025-05-30 18:52:38,074 | INFO | Train batch   200/10986 | ms/batch 203.85 | loss 0.8831 | bpb  1.27 | ppl     2.42 | lr 3.00e-04
2025-05-30 18:52:58,443 | INFO | Gradient norm: 0.0194
2025-05-30 18:52:58,455 | INFO | Train batch   300/10986 | ms/batch 203.84 | loss 0.8826 | bpb  1.27 | ppl     2.42 | lr 3.00e-04
2025-05-30 18:53:18,838 | INFO | Gradient norm: 0.0356
2025-05-30 18:53:18,851 | INFO | Train batch   400/10986 | ms/batch 203.87 | loss 0.8823 | bpb  1.27 | ppl     2.42 | lr 3.00e-04
2025-05-30 18:53:39,220 | INFO | Gradient norm: 0.0123
2025-05-30 18:53:39,233 | INFO | Train batch   500/10986 | ms/batch 203.86 | loss 0.8822 | bpb  1.27 | ppl     2.42 | lr 3.00e-04
2025-05-30 18:53:59,602 | INFO | Gradient norm: 0.0121
2025-05-30 18:53:59,614 | INFO | Train batch   600/10986 | ms/batch 203.85 | loss 0.8821 | bpb  1.27 | ppl     2.42 | lr 3.00e-04
2025-05-30 18:54:19,993 | INFO | Gradient norm: 0.0124
2025-05-30 18:54:20,006 | INFO | Train batch   700/10986 | ms/batch 203.86 | loss 0.8821 | bpb  1.27 | ppl     2.42 | lr 3.00e-04
2025-05-30 18:54:40,371 | INFO | Gradient norm: 0.0438
2025-05-30 18:54:40,384 | INFO | Train batch   800/10986 | ms/batch 203.85 | loss 0.8820 | bpb  1.27 | ppl     2.42 | lr 3.00e-04
2025-05-30 18:55:00,750 | INFO | Gradient norm: 0.0201
2025-05-30 18:55:00,762 | INFO | Train batch   900/10986 | ms/batch 203.84 | loss 0.8820 | bpb  1.27 | ppl     2.42 | lr 3.00e-04
2025-05-30 18:55:21,142 | INFO | Gradient norm: 0.0113
2025-05-30 18:55:21,154 | INFO | Train batch  1000/10986 | ms/batch 203.85 | loss 0.8819 | bpb  1.27 | ppl     2.42 | lr 3.00e-04
2025-05-30 18:55:41,518 | INFO | Gradient norm: 0.0344
2025-05-30 18:55:41,530 | INFO | Train batch  1100/10986 | ms/batch 203.84 | loss 0.8819 | bpb  1.27 | ppl     2.42 | lr 3.00e-04
2025-05-30 18:56:01,898 | INFO | Gradient norm: 0.0167
2025-05-30 18:56:01,910 | INFO | Train batch  1200/10986 | ms/batch 203.84 | loss 0.8819 | bpb  1.27 | ppl     2.42 | lr 3.00e-04
2025-05-30 18:56:22,291 | INFO | Gradient norm: 0.0413
2025-05-30 18:56:22,303 | INFO | Train batch  1300/10986 | ms/batch 203.85 | loss 0.8818 | bpb  1.27 | ppl     2.42 | lr 3.00e-04
2025-05-30 18:56:42,665 | INFO | Gradient norm: 0.0267
2025-05-30 18:56:42,678 | INFO | Train batch  1400/10986 | ms/batch 203.84 | loss 0.8818 | bpb  1.27 | ppl     2.42 | lr 3.00e-04
2025-05-30 18:57:03,043 | INFO | Gradient norm: 0.0372
2025-05-30 18:57:03,056 | INFO | Train batch  1500/10986 | ms/batch 203.83 | loss 0.8818 | bpb  1.27 | ppl     2.42 | lr 3.00e-04
2025-05-30 18:57:23,438 | INFO | Gradient norm: 0.0319
2025-05-30 18:57:23,450 | INFO | Train batch  1600/10986 | ms/batch 203.84 | loss 0.8818 | bpb  1.27 | ppl     2.42 | lr 3.00e-04
2025-05-30 18:57:43,814 | INFO | Gradient norm: 0.0241
2025-05-30 18:57:43,826 | INFO | Train batch  1700/10986 | ms/batch 203.84 | loss 0.8818 | bpb  1.27 | ppl     2.42 | lr 3.00e-04
2025-05-30 18:58:04,193 | INFO | Gradient norm: 0.0251
2025-05-30 18:58:04,205 | INFO | Train batch  1800/10986 | ms/batch 203.83 | loss 0.8818 | bpb  1.27 | ppl     2.42 | lr 3.00e-04
2025-05-30 18:58:24,582 | INFO | Gradient norm: 0.0277
2025-05-30 18:58:24,594 | INFO | Train batch  1900/10986 | ms/batch 203.84 | loss 0.8818 | bpb  1.27 | ppl     2.42 | lr 3.00e-04
2025-05-30 18:58:44,958 | INFO | Gradient norm: 0.0356
2025-05-30 18:58:44,970 | INFO | Train batch  2000/10986 | ms/batch 203.83 | loss 0.8818 | bpb  1.27 | ppl     2.42 | lr 3.00e-04
2025-05-30 18:59:05,337 | INFO | Gradient norm: 0.0177
2025-05-30 18:59:05,350 | INFO | Train batch  2100/10986 | ms/batch 203.83 | loss 0.8818 | bpb  1.27 | ppl     2.42 | lr 3.00e-04
2025-05-30 18:59:25,731 | INFO | Gradient norm: 0.0235
2025-05-30 18:59:25,743 | INFO | Train batch  2200/10986 | ms/batch 203.84 | loss 0.8818 | bpb  1.27 | ppl     2.42 | lr 3.00e-04
2025-05-30 18:59:46,112 | INFO | Gradient norm: 0.0257
2025-05-30 18:59:46,125 | INFO | Train batch  2300/10986 | ms/batch 203.83 | loss 0.8818 | bpb  1.27 | ppl     2.42 | lr 3.00e-04
2025-05-30 19:00:06,479 | INFO | Gradient norm: 0.0306
2025-05-30 19:00:06,491 | INFO | Train batch  2400/10986 | ms/batch 203.83 | loss 0.8818 | bpb  1.27 | ppl     2.42 | lr 3.00e-04
2025-05-30 19:00:26,853 | INFO | Gradient norm: 0.0164
2025-05-30 19:00:26,865 | INFO | Train batch  2500/10986 | ms/batch 203.82 | loss 0.8817 | bpb  1.27 | ppl     2.42 | lr 3.00e-04
2025-05-30 19:00:47,210 | INFO | Gradient norm: 0.0132
2025-05-30 19:00:47,223 | INFO | Train batch  2600/10986 | ms/batch 203.81 | loss 0.8817 | bpb  1.27 | ppl     2.42 | lr 3.00e-04
2025-05-30 19:01:07,568 | INFO | Gradient norm: 0.0365
2025-05-30 19:01:07,580 | INFO | Train batch  2700/10986 | ms/batch 203.81 | loss 0.8817 | bpb  1.27 | ppl     2.42 | lr 3.00e-04
2025-05-30 19:01:27,939 | INFO | Gradient norm: 0.0279
2025-05-30 19:01:27,951 | INFO | Train batch  2800/10986 | ms/batch 203.80 | loss 0.8817 | bpb  1.27 | ppl     2.42 | lr 3.00e-04
2025-05-30 19:01:48,298 | INFO | Gradient norm: 0.0209
2025-05-30 19:01:48,310 | INFO | Train batch  2900/10986 | ms/batch 203.80 | loss 0.8817 | bpb  1.27 | ppl     2.42 | lr 3.00e-04
2025-05-30 19:02:08,655 | INFO | Gradient norm: 0.0378
2025-05-30 19:02:08,668 | INFO | Train batch  3000/10986 | ms/batch 203.79 | loss 0.8817 | bpb  1.27 | ppl     2.42 | lr 3.00e-04
2025-05-30 19:02:29,027 | INFO | Gradient norm: 0.0155
2025-05-30 19:02:29,040 | INFO | Train batch  3100/10986 | ms/batch 203.79 | loss 0.8817 | bpb  1.27 | ppl     2.41 | lr 3.00e-04
2025-05-30 19:02:49,387 | INFO | Gradient norm: 0.0128
2025-05-30 19:02:49,400 | INFO | Train batch  3200/10986 | ms/batch 203.78 | loss 0.8817 | bpb  1.27 | ppl     2.41 | lr 3.00e-04
2025-05-30 19:03:09,756 | INFO | Gradient norm: 0.0127
2025-05-30 19:03:09,769 | INFO | Train batch  3300/10986 | ms/batch 203.78 | loss 0.8817 | bpb  1.27 | ppl     2.41 | lr 3.00e-04
2025-05-30 19:03:30,113 | INFO | Gradient norm: 0.0149
2025-05-30 19:03:30,125 | INFO | Train batch  3400/10986 | ms/batch 203.77 | loss 0.8817 | bpb  1.27 | ppl     2.41 | lr 3.00e-04
2025-05-30 19:03:50,473 | INFO | Gradient norm: 0.0230
2025-05-30 19:03:50,485 | INFO | Train batch  3500/10986 | ms/batch 203.77 | loss 0.8817 | bpb  1.27 | ppl     2.41 | lr 3.00e-04
2025-05-30 19:04:10,846 | INFO | Gradient norm: 0.0123
2025-05-30 19:04:10,858 | INFO | Train batch  3600/10986 | ms/batch 203.76 | loss 0.8817 | bpb  1.27 | ppl     2.41 | lr 3.00e-04
2025-05-30 19:04:31,205 | INFO | Gradient norm: 0.0118
2025-05-30 19:04:31,217 | INFO | Train batch  3700/10986 | ms/batch 203.76 | loss 0.8817 | bpb  1.27 | ppl     2.41 | lr 3.00e-04
2025-05-30 19:04:51,566 | INFO | Gradient norm: 0.0156
2025-05-30 19:04:51,578 | INFO | Train batch  3800/10986 | ms/batch 203.76 | loss 0.8817 | bpb  1.27 | ppl     2.41 | lr 3.00e-04
2025-05-30 19:05:11,938 | INFO | Gradient norm: 0.0151
2025-05-30 19:05:11,950 | INFO | Train batch  3900/10986 | ms/batch 203.76 | loss 0.8816 | bpb  1.27 | ppl     2.41 | lr 3.00e-04
2025-05-30 19:05:32,295 | INFO | Gradient norm: 0.0211
2025-05-30 19:05:32,307 | INFO | Train batch  4000/10986 | ms/batch 203.75 | loss 0.8816 | bpb  1.27 | ppl     2.41 | lr 3.00e-04
2025-05-30 19:05:52,654 | INFO | Gradient norm: 0.0235
2025-05-30 19:05:52,666 | INFO | Train batch  4100/10986 | ms/batch 203.75 | loss 0.8816 | bpb  1.27 | ppl     2.41 | lr 3.00e-04
2025-05-30 19:06:13,027 | INFO | Gradient norm: 0.0112
2025-05-30 19:06:13,039 | INFO | Train batch  4200/10986 | ms/batch 203.75 | loss 0.8816 | bpb  1.27 | ppl     2.41 | lr 3.00e-04
2025-05-30 19:06:33,390 | INFO | Gradient norm: 0.0364
2025-05-30 19:06:33,402 | INFO | Train batch  4300/10986 | ms/batch 203.74 | loss 0.8816 | bpb  1.27 | ppl     2.41 | lr 3.00e-04
2025-05-30 19:06:53,750 | INFO | Gradient norm: 0.0165
2025-05-30 19:06:53,762 | INFO | Train batch  4400/10986 | ms/batch 203.74 | loss 0.8816 | bpb  1.27 | ppl     2.41 | lr 3.00e-04
2025-05-30 19:07:14,124 | INFO | Gradient norm: 0.0153
2025-05-30 19:07:14,136 | INFO | Train batch  4500/10986 | ms/batch 203.74 | loss 0.8816 | bpb  1.27 | ppl     2.41 | lr 3.00e-04
2025-05-30 19:07:34,483 | INFO | Gradient norm: 0.0396
2025-05-30 19:07:34,496 | INFO | Train batch  4600/10986 | ms/batch 203.74 | loss 0.8816 | bpb  1.27 | ppl     2.41 | lr 3.00e-04
2025-05-30 19:07:54,844 | INFO | Gradient norm: 0.0394
2025-05-30 19:07:54,857 | INFO | Train batch  4700/10986 | ms/batch 203.73 | loss 0.8816 | bpb  1.27 | ppl     2.41 | lr 3.00e-04
2025-05-30 19:08:15,217 | INFO | Gradient norm: 0.0366
2025-05-30 19:08:15,229 | INFO | Train batch  4800/10986 | ms/batch 203.73 | loss 0.8816 | bpb  1.27 | ppl     2.41 | lr 3.00e-04
2025-05-30 19:08:35,577 | INFO | Gradient norm: 0.0256
2025-05-30 19:08:35,589 | INFO | Train batch  4900/10986 | ms/batch 203.73 | loss 0.8816 | bpb  1.27 | ppl     2.41 | lr 3.00e-04
2025-05-30 19:08:55,383 | INFO | Gradient norm: 0.0212
2025-05-30 19:08:55,391 | INFO | Train batch  5000/10986 | ms/batch 203.62 | loss 0.8816 | bpb  1.27 | ppl     2.41 | lr 3.00e-04
2025-05-30 19:09:15,113 | INFO | Gradient norm: 0.0317
2025-05-30 19:09:15,121 | INFO | Train batch  5100/10986 | ms/batch 203.49 | loss 0.8816 | bpb  1.27 | ppl     2.41 | lr 3.00e-04
2025-05-30 19:09:34,847 | INFO | Gradient norm: 0.0157
2025-05-30 19:09:34,855 | INFO | Train batch  5200/10986 | ms/batch 203.38 | loss 0.8816 | bpb  1.27 | ppl     2.41 | lr 3.00e-04
2025-05-30 19:09:54,599 | INFO | Gradient norm: 0.0312
2025-05-30 19:09:54,607 | INFO | Train batch  5300/10986 | ms/batch 203.26 | loss 0.8816 | bpb  1.27 | ppl     2.41 | lr 3.00e-04
2025-05-30 19:10:14,339 | INFO | Gradient norm: 0.0115
2025-05-30 19:10:14,346 | INFO | Train batch  5400/10986 | ms/batch 203.16 | loss 0.8816 | bpb  1.27 | ppl     2.41 | lr 3.00e-04
2025-05-30 19:10:34,079 | INFO | Gradient norm: 0.0218
2025-05-30 19:10:34,087 | INFO | Train batch  5500/10986 | ms/batch 203.05 | loss 0.8816 | bpb  1.27 | ppl     2.41 | lr 2.99e-04
2025-05-30 19:10:53,831 | INFO | Gradient norm: 0.0191
2025-05-30 19:10:53,839 | INFO | Train batch  5600/10986 | ms/batch 202.95 | loss 0.8816 | bpb  1.27 | ppl     2.41 | lr 2.99e-04
2025-05-30 19:11:13,570 | INFO | Gradient norm: 0.0279
2025-05-30 19:11:13,578 | INFO | Train batch  5700/10986 | ms/batch 202.86 | loss 0.8815 | bpb  1.27 | ppl     2.41 | lr 2.99e-04
2025-05-30 19:11:33,307 | INFO | Gradient norm: 0.0161
2025-05-30 19:11:33,315 | INFO | Train batch  5800/10986 | ms/batch 202.76 | loss 0.8815 | bpb  1.27 | ppl     2.41 | lr 2.99e-04
2025-05-30 19:11:53,057 | INFO | Gradient norm: 0.0381
2025-05-30 19:11:53,065 | INFO | Train batch  5900/10986 | ms/batch 202.67 | loss 0.8815 | bpb  1.27 | ppl     2.41 | lr 2.99e-04
2025-05-30 19:12:12,795 | INFO | Gradient norm: 0.0112
2025-05-30 19:12:12,802 | INFO | Train batch  6000/10986 | ms/batch 202.58 | loss 0.8815 | bpb  1.27 | ppl     2.41 | lr 2.99e-04
2025-05-30 19:12:32,535 | INFO | Gradient norm: 0.0148
2025-05-30 19:12:32,543 | INFO | Train batch  6100/10986 | ms/batch 202.50 | loss 0.8815 | bpb  1.27 | ppl     2.41 | lr 2.99e-04
2025-05-30 19:12:52,285 | INFO | Gradient norm: 0.0279
2025-05-30 19:12:52,292 | INFO | Train batch  6200/10986 | ms/batch 202.42 | loss 0.8815 | bpb  1.27 | ppl     2.41 | lr 2.99e-04
2025-05-30 19:13:12,023 | INFO | Gradient norm: 0.0135
2025-05-30 19:13:12,031 | INFO | Train batch  6300/10986 | ms/batch 202.34 | loss 0.8815 | bpb  1.27 | ppl     2.41 | lr 2.99e-04
2025-05-30 19:13:31,773 | INFO | Gradient norm: 0.0231
2025-05-30 19:13:31,781 | INFO | Train batch  6400/10986 | ms/batch 202.26 | loss 0.8815 | bpb  1.27 | ppl     2.41 | lr 2.99e-04
2025-05-30 19:13:51,507 | INFO | Gradient norm: 0.0201
2025-05-30 19:13:51,515 | INFO | Train batch  6500/10986 | ms/batch 202.19 | loss 0.8815 | bpb  1.27 | ppl     2.41 | lr 2.99e-04
2025-05-30 19:14:11,244 | INFO | Gradient norm: 0.0315
2025-05-30 19:14:11,251 | INFO | Train batch  6600/10986 | ms/batch 202.11 | loss 0.8815 | bpb  1.27 | ppl     2.41 | lr 2.99e-04
2025-05-30 19:14:30,990 | INFO | Gradient norm: 0.0228
2025-05-30 19:14:30,998 | INFO | Train batch  6700/10986 | ms/batch 202.04 | loss 0.8815 | bpb  1.27 | ppl     2.41 | lr 2.99e-04
2025-05-30 19:14:50,722 | INFO | Gradient norm: 0.0226
2025-05-30 19:14:50,730 | INFO | Train batch  6800/10986 | ms/batch 201.97 | loss 0.8815 | bpb  1.27 | ppl     2.41 | lr 2.99e-04
2025-05-30 19:15:10,454 | INFO | Gradient norm: 0.0158
2025-05-30 19:15:10,462 | INFO | Train batch  6900/10986 | ms/batch 201.91 | loss 0.8815 | bpb  1.27 | ppl     2.41 | lr 2.99e-04
2025-05-30 19:15:30,199 | INFO | Gradient norm: 0.0190
2025-05-30 19:15:30,207 | INFO | Train batch  7000/10986 | ms/batch 201.84 | loss 0.8815 | bpb  1.27 | ppl     2.41 | lr 2.99e-04
2025-05-30 19:15:49,930 | INFO | Gradient norm: 0.0223
2025-05-30 19:15:49,938 | INFO | Train batch  7100/10986 | ms/batch 201.78 | loss 0.8815 | bpb  1.27 | ppl     2.41 | lr 2.99e-04
2025-05-30 19:16:09,659 | INFO | Gradient norm: 0.0310
2025-05-30 19:16:09,667 | INFO | Train batch  7200/10986 | ms/batch 201.72 | loss 0.8815 | bpb  1.27 | ppl     2.41 | lr 2.99e-04
2025-05-30 19:16:29,400 | INFO | Gradient norm: 0.0144
2025-05-30 19:16:29,408 | INFO | Train batch  7300/10986 | ms/batch 201.66 | loss 0.8815 | bpb  1.27 | ppl     2.41 | lr 2.99e-04
2025-05-30 19:16:49,132 | INFO | Gradient norm: 0.0157
2025-05-30 19:16:49,140 | INFO | Train batch  7400/10986 | ms/batch 201.60 | loss 0.8815 | bpb  1.27 | ppl     2.41 | lr 2.99e-04
2025-05-30 19:17:08,863 | INFO | Gradient norm: 0.0185
2025-05-30 19:17:08,871 | INFO | Train batch  7500/10986 | ms/batch 201.54 | loss 0.8815 | bpb  1.27 | ppl     2.41 | lr 2.99e-04
2025-05-30 19:17:28,606 | INFO | Gradient norm: 0.0299
2025-05-30 19:17:28,614 | INFO | Train batch  7600/10986 | ms/batch 201.49 | loss 0.8815 | bpb  1.27 | ppl     2.41 | lr 2.99e-04
2025-05-30 19:17:48,341 | INFO | Gradient norm: 0.0174
2025-05-30 19:17:48,348 | INFO | Train batch  7700/10986 | ms/batch 201.43 | loss 0.8815 | bpb  1.27 | ppl     2.41 | lr 2.99e-04
2025-05-30 19:18:08,084 | INFO | Gradient norm: 0.0122
2025-05-30 19:18:08,092 | INFO | Train batch  7800/10986 | ms/batch 201.38 | loss 0.8815 | bpb  1.27 | ppl     2.41 | lr 2.99e-04
2025-05-30 19:18:27,812 | INFO | Gradient norm: 0.0095
2025-05-30 19:18:27,820 | INFO | Train batch  7900/10986 | ms/batch 201.33 | loss 0.8815 | bpb  1.27 | ppl     2.41 | lr 2.99e-04
2025-05-30 19:18:47,541 | INFO | Gradient norm: 0.0271
2025-05-30 19:18:47,548 | INFO | Train batch  8000/10986 | ms/batch 201.28 | loss 0.8814 | bpb  1.27 | ppl     2.41 | lr 2.99e-04
2025-05-30 19:19:07,284 | INFO | Gradient norm: 0.0172
2025-05-30 19:19:07,291 | INFO | Train batch  8100/10986 | ms/batch 201.23 | loss 0.8814 | bpb  1.27 | ppl     2.41 | lr 2.99e-04
2025-05-30 19:19:27,017 | INFO | Gradient norm: 0.0109
2025-05-30 19:19:27,025 | INFO | Train batch  8200/10986 | ms/batch 201.19 | loss 0.8814 | bpb  1.27 | ppl     2.41 | lr 2.99e-04
2025-05-30 19:19:46,748 | INFO | Gradient norm: 0.0161
2025-05-30 19:19:46,756 | INFO | Train batch  8300/10986 | ms/batch 201.14 | loss 0.8814 | bpb  1.27 | ppl     2.41 | lr 2.99e-04
2025-05-30 19:20:06,490 | INFO | Gradient norm: 0.0291
2025-05-30 19:20:06,497 | INFO | Train batch  8400/10986 | ms/batch 201.09 | loss 0.8814 | bpb  1.27 | ppl     2.41 | lr 2.99e-04
2025-05-30 19:20:26,221 | INFO | Gradient norm: 0.0163
2025-05-30 19:20:26,229 | INFO | Train batch  8500/10986 | ms/batch 201.05 | loss 0.8814 | bpb  1.27 | ppl     2.41 | lr 2.99e-04
2025-05-30 19:20:45,953 | INFO | Gradient norm: 0.0335
2025-05-30 19:20:45,961 | INFO | Train batch  8600/10986 | ms/batch 201.01 | loss 0.8814 | bpb  1.27 | ppl     2.41 | lr 2.99e-04
2025-05-30 19:21:05,698 | INFO | Gradient norm: 0.0439
2025-05-30 19:21:05,706 | INFO | Train batch  8700/10986 | ms/batch 200.97 | loss 0.8814 | bpb  1.27 | ppl     2.41 | lr 2.99e-04
2025-05-30 19:21:25,429 | INFO | Gradient norm: 0.0124
2025-05-30 19:21:25,437 | INFO | Train batch  8800/10986 | ms/batch 200.92 | loss 0.8814 | bpb  1.27 | ppl     2.41 | lr 2.99e-04
2025-05-30 19:21:45,163 | INFO | Gradient norm: 0.0278
2025-05-30 19:21:45,171 | INFO | Train batch  8900/10986 | ms/batch 200.88 | loss 0.8814 | bpb  1.27 | ppl     2.41 | lr 2.99e-04
2025-05-30 19:22:04,904 | INFO | Gradient norm: 0.0100
2025-05-30 19:22:04,912 | INFO | Train batch  9000/10986 | ms/batch 200.85 | loss 0.8814 | bpb  1.27 | ppl     2.41 | lr 2.99e-04
2025-05-30 19:22:24,637 | INFO | Gradient norm: 0.0335
2025-05-30 19:22:24,644 | INFO | Train batch  9100/10986 | ms/batch 200.81 | loss 0.8814 | bpb  1.27 | ppl     2.41 | lr 2.99e-04
2025-05-30 19:22:44,370 | INFO | Gradient norm: 0.0148
2025-05-30 19:22:44,378 | INFO | Train batch  9200/10986 | ms/batch 200.77 | loss 0.8814 | bpb  1.27 | ppl     2.41 | lr 2.99e-04
2025-05-30 19:23:04,112 | INFO | Gradient norm: 0.0158
2025-05-30 19:23:04,120 | INFO | Train batch  9300/10986 | ms/batch 200.73 | loss 0.8814 | bpb  1.27 | ppl     2.41 | lr 2.99e-04
2025-05-30 19:23:23,844 | INFO | Gradient norm: 0.0228
2025-05-30 19:23:23,852 | INFO | Train batch  9400/10986 | ms/batch 200.70 | loss 0.8814 | bpb  1.27 | ppl     2.41 | lr 2.99e-04
2025-05-30 19:23:43,588 | INFO | Gradient norm: 0.0211
2025-05-30 19:23:43,596 | INFO | Train batch  9500/10986 | ms/batch 200.66 | loss 0.8814 | bpb  1.27 | ppl     2.41 | lr 2.99e-04
2025-05-30 19:24:03,319 | INFO | Gradient norm: 0.0183
2025-05-30 19:24:03,327 | INFO | Train batch  9600/10986 | ms/batch 200.63 | loss 0.8814 | bpb  1.27 | ppl     2.41 | lr 2.99e-04
2025-05-30 19:24:23,051 | INFO | Gradient norm: 0.0248
2025-05-30 19:24:23,059 | INFO | Train batch  9700/10986 | ms/batch 200.59 | loss 0.8814 | bpb  1.27 | ppl     2.41 | lr 2.99e-04
2025-05-30 19:24:42,792 | INFO | Gradient norm: 0.0116
2025-05-30 19:24:42,800 | INFO | Train batch  9800/10986 | ms/batch 200.56 | loss 0.8814 | bpb  1.27 | ppl     2.41 | lr 2.99e-04
2025-05-30 19:25:02,524 | INFO | Gradient norm: 0.0155
2025-05-30 19:25:02,532 | INFO | Train batch  9900/10986 | ms/batch 200.53 | loss 0.8814 | bpb  1.27 | ppl     2.41 | lr 2.99e-04
2025-05-30 19:25:22,255 | INFO | Gradient norm: 0.0185
2025-05-30 19:25:22,263 | INFO | Train batch 10000/10986 | ms/batch 200.50 | loss 0.8813 | bpb  1.27 | ppl     2.41 | lr 2.99e-04
2025-05-30 19:25:41,999 | INFO | Gradient norm: 0.0143
2025-05-30 19:25:42,007 | INFO | Train batch 10100/10986 | ms/batch 200.47 | loss 0.8813 | bpb  1.27 | ppl     2.41 | lr 2.99e-04
2025-05-30 19:26:01,732 | INFO | Gradient norm: 0.0116
2025-05-30 19:26:01,740 | INFO | Train batch 10200/10986 | ms/batch 200.44 | loss 0.8813 | bpb  1.27 | ppl     2.41 | lr 2.99e-04
2025-05-30 19:26:21,465 | INFO | Gradient norm: 0.0092
2025-05-30 19:26:21,473 | INFO | Train batch 10300/10986 | ms/batch 200.41 | loss 0.8813 | bpb  1.27 | ppl     2.41 | lr 2.99e-04
2025-05-30 19:26:41,207 | INFO | Gradient norm: 0.0159
2025-05-30 19:26:41,215 | INFO | Train batch 10400/10986 | ms/batch 200.38 | loss 0.8813 | bpb  1.27 | ppl     2.41 | lr 2.99e-04
2025-05-30 19:27:00,940 | INFO | Gradient norm: 0.0222
2025-05-30 19:27:00,948 | INFO | Train batch 10500/10986 | ms/batch 200.35 | loss 0.8813 | bpb  1.27 | ppl     2.41 | lr 2.99e-04
2025-05-30 19:27:20,675 | INFO | Gradient norm: 0.0149
2025-05-30 19:27:20,683 | INFO | Train batch 10600/10986 | ms/batch 200.32 | loss 0.8813 | bpb  1.27 | ppl     2.41 | lr 2.99e-04
2025-05-30 19:27:40,419 | INFO | Gradient norm: 0.0359
2025-05-30 19:27:40,427 | INFO | Train batch 10700/10986 | ms/batch 200.29 | loss 0.8813 | bpb  1.27 | ppl     2.41 | lr 2.99e-04
2025-05-30 19:28:00,153 | INFO | Gradient norm: 0.0204
2025-05-30 19:28:00,160 | INFO | Train batch 10800/10986 | ms/batch 200.26 | loss 0.8813 | bpb  1.27 | ppl     2.41 | lr 2.99e-04
2025-05-30 19:28:19,896 | INFO | Gradient norm: 0.0152
2025-05-30 19:28:19,904 | INFO | Train batch 10900/10986 | ms/batch 200.24 | loss 0.8813 | bpb  1.27 | ppl     2.41 | lr 2.99e-04
2025-05-30 19:29:49,157 | INFO | Epoch   1 | time: 2272.06s | train bpb  1.27 | valid bpb  1.27
2025-05-30 19:29:49,942 | INFO | Saved new best model with validation bpb:  1.27
2025-05-30 19:29:50,773 | INFO | Input shape: torch.Size([16, 511]), Target shape: torch.Size([16, 511])
2025-05-30 19:29:50,773 | INFO | Input range: [10, 226]
2025-05-30 19:29:50,773 | INFO | Target range: [10, 226]
2025-05-30 19:29:50,810 | INFO | Output shape: torch.Size([8176, 256]), Reshaped target shape: torch.Size([8176])
2025-05-30 19:29:50,811 | INFO | Output range: [-7.65625, 9.5546875]
2025-05-30 19:29:50,811 | INFO | Sample probabilities: max=0.9059746861457825, min=0.00025705399457365274
2025-05-30 19:29:50,812 | INFO | Raw loss value: 0.8815456032752991
2025-05-30 19:29:50,812 | INFO | Batch 0 loss stats - Mean: -0.3022, Std: 0.7388
2025-05-30 19:29:50,959 | INFO | Gradient norm: 0.0298
2025-05-30 19:29:50,967 | INFO | Train batch     0/10986 | ms/batch 194.38 | loss 0.8815 | bpb  1.27 | ppl     2.41 | lr 2.99e-04
2025-05-30 19:30:10,655 | INFO | Gradient norm: 0.0272
2025-05-30 19:30:10,662 | INFO | Train batch   100/10986 | ms/batch 196.93 | loss 0.8824 | bpb  1.27 | ppl     2.42 | lr 2.99e-04
2025-05-30 19:30:30,370 | INFO | Gradient norm: 0.0262
2025-05-30 19:30:30,378 | INFO | Train batch   200/10986 | ms/batch 197.04 | loss 0.8819 | bpb  1.27 | ppl     2.42 | lr 2.99e-04
2025-05-30 19:30:50,104 | INFO | Gradient norm: 0.0201
2025-05-30 19:30:50,112 | INFO | Train batch   300/10986 | ms/batch 197.14 | loss 0.8815 | bpb  1.27 | ppl     2.41 | lr 2.99e-04
2025-05-30 19:31:09,828 | INFO | Gradient norm: 0.0162
2025-05-30 19:31:09,836 | INFO | Train batch   400/10986 | ms/batch 197.17 | loss 0.8813 | bpb  1.27 | ppl     2.41 | lr 2.99e-04
2025-05-30 19:31:29,552 | INFO | Gradient norm: 0.0160
2025-05-30 19:31:29,560 | INFO | Train batch   500/10986 | ms/batch 197.18 | loss 0.8812 | bpb  1.27 | ppl     2.41 | lr 2.99e-04
2025-05-30 19:31:49,288 | INFO | Gradient norm: 0.0369
2025-05-30 19:31:49,296 | INFO | Train batch   600/10986 | ms/batch 197.21 | loss 0.8811 | bpb  1.27 | ppl     2.41 | lr 2.99e-04
2025-05-30 19:32:09,008 | INFO | Gradient norm: 0.0133
2025-05-30 19:32:09,016 | INFO | Train batch   700/10986 | ms/batch 197.21 | loss 0.8811 | bpb  1.27 | ppl     2.41 | lr 2.99e-04
2025-05-30 19:32:28,728 | INFO | Gradient norm: 0.0082
2025-05-30 19:32:28,736 | INFO | Train batch   800/10986 | ms/batch 197.21 | loss 0.8810 | bpb  1.27 | ppl     2.41 | lr 2.99e-04
2025-05-30 19:32:48,463 | INFO | Gradient norm: 0.0095
2025-05-30 19:32:48,471 | INFO | Train batch   900/10986 | ms/batch 197.22 | loss 0.8810 | bpb  1.27 | ppl     2.41 | lr 2.99e-04
2025-05-30 19:33:08,182 | INFO | Gradient norm: 0.0277
2025-05-30 19:33:08,190 | INFO | Train batch  1000/10986 | ms/batch 197.22 | loss 0.8810 | bpb  1.27 | ppl     2.41 | lr 2.99e-04
2025-05-30 19:33:27,902 | INFO | Gradient norm: 0.0275
2025-05-30 19:33:27,910 | INFO | Train batch  1100/10986 | ms/batch 197.22 | loss 0.8810 | bpb  1.27 | ppl     2.41 | lr 2.99e-04
2025-05-30 19:33:47,635 | INFO | Gradient norm: 0.0212
2025-05-30 19:33:47,643 | INFO | Train batch  1200/10986 | ms/batch 197.23 | loss 0.8809 | bpb  1.27 | ppl     2.41 | lr 2.99e-04
2025-05-30 19:34:07,354 | INFO | Gradient norm: 0.0108
2025-05-30 19:34:07,362 | INFO | Train batch  1300/10986 | ms/batch 197.22 | loss 0.8809 | bpb  1.27 | ppl     2.41 | lr 2.99e-04
2025-05-30 19:34:27,072 | INFO | Gradient norm: 0.0372
2025-05-30 19:34:27,080 | INFO | Train batch  1400/10986 | ms/batch 197.22 | loss 0.8809 | bpb  1.27 | ppl     2.41 | lr 2.99e-04
2025-05-30 19:34:46,802 | INFO | Gradient norm: 0.0146
2025-05-30 19:34:46,809 | INFO | Train batch  1500/10986 | ms/batch 197.23 | loss 0.8809 | bpb  1.27 | ppl     2.41 | lr 2.99e-04
2025-05-30 19:35:06,520 | INFO | Gradient norm: 0.0125
2025-05-30 19:35:06,528 | INFO | Train batch  1600/10986 | ms/batch 197.22 | loss 0.8809 | bpb  1.27 | ppl     2.41 | lr 2.99e-04
2025-05-30 19:35:26,238 | INFO | Gradient norm: 0.0219
2025-05-30 19:35:26,246 | INFO | Train batch  1700/10986 | ms/batch 197.22 | loss 0.8809 | bpb  1.27 | ppl     2.41 | lr 2.99e-04
2025-05-30 19:35:45,966 | INFO | Gradient norm: 0.0107
2025-05-30 19:35:45,974 | INFO | Train batch  1800/10986 | ms/batch 197.22 | loss 0.8809 | bpb  1.27 | ppl     2.41 | lr 2.99e-04
2025-05-30 19:36:05,681 | INFO | Gradient norm: 0.0130
2025-05-30 19:36:05,689 | INFO | Train batch  1900/10986 | ms/batch 197.22 | loss 0.8809 | bpb  1.27 | ppl     2.41 | lr 2.99e-04
2025-05-30 19:36:25,400 | INFO | Gradient norm: 0.0141
2025-05-30 19:36:25,408 | INFO | Train batch  2000/10986 | ms/batch 197.22 | loss 0.8809 | bpb  1.27 | ppl     2.41 | lr 2.99e-04
2025-05-30 19:36:45,129 | INFO | Gradient norm: 0.0083
2025-05-30 19:36:45,137 | INFO | Train batch  2100/10986 | ms/batch 197.22 | loss 0.8809 | bpb  1.27 | ppl     2.41 | lr 2.99e-04
2025-05-30 19:37:04,846 | INFO | Gradient norm: 0.0097
2025-05-30 19:37:04,854 | INFO | Train batch  2200/10986 | ms/batch 197.22 | loss 0.8809 | bpb  1.27 | ppl     2.41 | lr 2.99e-04
2025-05-30 19:37:24,565 | INFO | Gradient norm: 0.0091
2025-05-30 19:37:24,573 | INFO | Train batch  2300/10986 | ms/batch 197.22 | loss 0.8809 | bpb  1.27 | ppl     2.41 | lr 2.99e-04
2025-05-30 19:37:44,296 | INFO | Gradient norm: 0.0093
2025-05-30 19:37:44,304 | INFO | Train batch  2400/10986 | ms/batch 197.22 | loss 0.8809 | bpb  1.27 | ppl     2.41 | lr 2.99e-04
2025-05-30 19:38:04,014 | INFO | Gradient norm: 0.0158
2025-05-30 19:38:04,022 | INFO | Train batch  2500/10986 | ms/batch 197.22 | loss 0.8809 | bpb  1.27 | ppl     2.41 | lr 2.99e-04
2025-05-30 19:38:23,732 | INFO | Gradient norm: 0.0093
2025-05-30 19:38:23,740 | INFO | Train batch  2600/10986 | ms/batch 197.22 | loss 0.8809 | bpb  1.27 | ppl     2.41 | lr 2.99e-04
2025-05-30 19:38:43,463 | INFO | Gradient norm: 0.0103
2025-05-30 19:38:43,471 | INFO | Train batch  2700/10986 | ms/batch 197.22 | loss 0.8809 | bpb  1.27 | ppl     2.41 | lr 2.99e-04
2025-05-30 19:39:03,181 | INFO | Gradient norm: 0.0087
2025-05-30 19:39:03,189 | INFO | Train batch  2800/10986 | ms/batch 197.22 | loss 0.8809 | bpb  1.27 | ppl     2.41 | lr 2.99e-04
2025-05-30 19:39:22,912 | INFO | Gradient norm: 0.0193
2025-05-30 19:39:22,920 | INFO | Train batch  2900/10986 | ms/batch 197.22 | loss 0.8809 | bpb  1.27 | ppl     2.41 | lr 2.99e-04
2025-05-30 19:39:42,628 | INFO | Gradient norm: 0.0252
2025-05-30 19:39:42,636 | INFO | Train batch  3000/10986 | ms/batch 197.22 | loss 0.8809 | bpb  1.27 | ppl     2.41 | lr 2.99e-04
2025-05-30 19:40:02,350 | INFO | Gradient norm: 0.0195
2025-05-30 19:40:02,358 | INFO | Train batch  3100/10986 | ms/batch 197.22 | loss 0.8809 | bpb  1.27 | ppl     2.41 | lr 2.99e-04
2025-05-30 19:40:22,076 | INFO | Gradient norm: 0.0091
2025-05-30 19:40:22,084 | INFO | Train batch  3200/10986 | ms/batch 197.22 | loss 0.8809 | bpb  1.27 | ppl     2.41 | lr 2.99e-04
2025-05-30 19:40:41,792 | INFO | Gradient norm: 0.0132
2025-05-30 19:40:41,800 | INFO | Train batch  3300/10986 | ms/batch 197.22 | loss 0.8809 | bpb  1.27 | ppl     2.41 | lr 2.99e-04
2025-05-30 19:41:01,509 | INFO | Gradient norm: 0.0171
2025-05-30 19:41:01,517 | INFO | Train batch  3400/10986 | ms/batch 197.22 | loss 0.8809 | bpb  1.27 | ppl     2.41 | lr 2.99e-04
2025-05-30 19:41:21,237 | INFO | Gradient norm: 0.0352
2025-05-30 19:41:21,245 | INFO | Train batch  3500/10986 | ms/batch 197.22 | loss 0.8809 | bpb  1.27 | ppl     2.41 | lr 2.99e-04
2025-05-30 19:41:40,955 | INFO | Gradient norm: 0.0202
2025-05-30 19:41:40,963 | INFO | Train batch  3600/10986 | ms/batch 197.22 | loss 0.8809 | bpb  1.27 | ppl     2.41 | lr 2.99e-04
2025-05-30 19:42:00,671 | INFO | Gradient norm: 0.0132
2025-05-30 19:42:00,679 | INFO | Train batch  3700/10986 | ms/batch 197.22 | loss 0.8809 | bpb  1.27 | ppl     2.41 | lr 2.99e-04
2025-05-30 19:42:20,401 | INFO | Gradient norm: 0.0260
2025-05-30 19:42:20,409 | INFO | Train batch  3800/10986 | ms/batch 197.22 | loss 0.8809 | bpb  1.27 | ppl     2.41 | lr 2.99e-04
2025-05-30 19:42:40,116 | INFO | Gradient norm: 0.0108
2025-05-30 19:42:40,123 | INFO | Train batch  3900/10986 | ms/batch 197.22 | loss 0.8809 | bpb  1.27 | ppl     2.41 | lr 2.99e-04
2025-05-30 19:42:59,833 | INFO | Gradient norm: 0.0202
2025-05-30 19:42:59,841 | INFO | Train batch  4000/10986 | ms/batch 197.22 | loss 0.8809 | bpb  1.27 | ppl     2.41 | lr 2.99e-04
2025-05-30 19:43:19,564 | INFO | Gradient norm: 0.0181
2025-05-30 19:43:19,572 | INFO | Train batch  4100/10986 | ms/batch 197.22 | loss 0.8809 | bpb  1.27 | ppl     2.41 | lr 2.99e-04
2025-05-30 19:43:39,285 | INFO | Gradient norm: 0.0422
2025-05-30 19:43:39,293 | INFO | Train batch  4200/10986 | ms/batch 197.22 | loss 0.8809 | bpb  1.27 | ppl     2.41 | lr 2.99e-04
2025-05-30 19:43:59,009 | INFO | Gradient norm: 0.0089
2025-05-30 19:43:59,017 | INFO | Train batch  4300/10986 | ms/batch 197.22 | loss 0.8809 | bpb  1.27 | ppl     2.41 | lr 2.99e-04
2025-05-30 19:44:18,738 | INFO | Gradient norm: 0.0118
2025-05-30 19:44:18,746 | INFO | Train batch  4400/10986 | ms/batch 197.22 | loss 0.8809 | bpb  1.27 | ppl     2.41 | lr 2.99e-04
2025-05-30 19:44:38,455 | INFO | Gradient norm: 0.0192
2025-05-30 19:44:38,463 | INFO | Train batch  4500/10986 | ms/batch 197.22 | loss 0.8809 | bpb  1.27 | ppl     2.41 | lr 2.99e-04
2025-05-30 19:44:58,186 | INFO | Gradient norm: 0.0114
2025-05-30 19:44:58,194 | INFO | Train batch  4600/10986 | ms/batch 197.22 | loss 0.8809 | bpb  1.27 | ppl     2.41 | lr 2.99e-04
2025-05-30 19:45:17,907 | INFO | Gradient norm: 0.0228
2025-05-30 19:45:17,915 | INFO | Train batch  4700/10986 | ms/batch 197.22 | loss 0.8809 | bpb  1.27 | ppl     2.41 | lr 2.99e-04
2025-05-30 19:45:37,627 | INFO | Gradient norm: 0.0084
2025-05-30 19:45:37,635 | INFO | Train batch  4800/10986 | ms/batch 197.22 | loss 0.8809 | bpb  1.27 | ppl     2.41 | lr 2.99e-04
2025-05-30 19:45:57,357 | INFO | Gradient norm: 0.0218
2025-05-30 19:45:57,365 | INFO | Train batch  4900/10986 | ms/batch 197.22 | loss 0.8808 | bpb  1.27 | ppl     2.41 | lr 2.99e-04
2025-05-30 19:46:17,077 | INFO | Gradient norm: 0.0110
2025-05-30 19:46:17,084 | INFO | Train batch  5000/10986 | ms/batch 197.22 | loss 0.8808 | bpb  1.27 | ppl     2.41 | lr 2.99e-04
2025-05-30 19:46:36,799 | INFO | Gradient norm: 0.0101
2025-05-30 19:46:36,807 | INFO | Train batch  5100/10986 | ms/batch 197.22 | loss 0.8808 | bpb  1.27 | ppl     2.41 | lr 2.99e-04
2025-05-30 19:46:56,532 | INFO | Gradient norm: 0.0100
2025-05-30 19:46:56,540 | INFO | Train batch  5200/10986 | ms/batch 197.23 | loss 0.8808 | bpb  1.27 | ppl     2.41 | lr 2.98e-04
2025-05-30 19:47:16,253 | INFO | Gradient norm: 0.0093
2025-05-30 19:47:16,261 | INFO | Train batch  5300/10986 | ms/batch 197.22 | loss 0.8808 | bpb  1.27 | ppl     2.41 | lr 2.98e-04
2025-05-30 19:47:35,975 | INFO | Gradient norm: 0.0150
2025-05-30 19:47:35,983 | INFO | Train batch  5400/10986 | ms/batch 197.22 | loss 0.8808 | bpb  1.27 | ppl     2.41 | lr 2.98e-04
2025-05-30 19:47:55,704 | INFO | Gradient norm: 0.0212
2025-05-30 19:47:55,712 | INFO | Train batch  5500/10986 | ms/batch 197.23 | loss 0.8808 | bpb  1.27 | ppl     2.41 | lr 2.98e-04
2025-05-30 19:48:15,426 | INFO | Gradient norm: 0.0145
2025-05-30 19:48:15,434 | INFO | Train batch  5600/10986 | ms/batch 197.23 | loss 0.8808 | bpb  1.27 | ppl     2.41 | lr 2.98e-04
2025-05-30 19:48:35,146 | INFO | Gradient norm: 0.0250
2025-05-30 19:48:35,154 | INFO | Train batch  5700/10986 | ms/batch 197.23 | loss 0.8808 | bpb  1.27 | ppl     2.41 | lr 2.98e-04
2025-05-30 19:48:54,876 | INFO | Gradient norm: 0.0079
2025-05-30 19:48:54,884 | INFO | Train batch  5800/10986 | ms/batch 197.23 | loss 0.8808 | bpb  1.27 | ppl     2.41 | lr 2.98e-04
2025-05-30 19:49:14,598 | INFO | Gradient norm: 0.0228
2025-05-30 19:49:14,606 | INFO | Train batch  5900/10986 | ms/batch 197.23 | loss 0.8808 | bpb  1.27 | ppl     2.41 | lr 2.98e-04
2025-05-30 19:49:34,331 | INFO | Gradient norm: 0.0090
2025-05-30 19:49:34,339 | INFO | Train batch  6000/10986 | ms/batch 197.23 | loss 0.8808 | bpb  1.27 | ppl     2.41 | lr 2.98e-04
2025-05-30 19:49:54,054 | INFO | Gradient norm: 0.0086
2025-05-30 19:49:54,062 | INFO | Train batch  6100/10986 | ms/batch 197.23 | loss 0.8808 | bpb  1.27 | ppl     2.41 | lr 2.98e-04
2025-05-30 19:50:13,776 | INFO | Gradient norm: 0.0357
2025-05-30 19:50:13,784 | INFO | Train batch  6200/10986 | ms/batch 197.23 | loss 0.8808 | bpb  1.27 | ppl     2.41 | lr 2.98e-04
2025-05-30 19:50:33,511 | INFO | Gradient norm: 0.0284
2025-05-30 19:50:33,519 | INFO | Train batch  6300/10986 | ms/batch 197.23 | loss 0.8808 | bpb  1.27 | ppl     2.41 | lr 2.98e-04
2025-05-30 19:50:53,233 | INFO | Gradient norm: 0.0162
2025-05-30 19:50:53,241 | INFO | Train batch  6400/10986 | ms/batch 197.23 | loss 0.8808 | bpb  1.27 | ppl     2.41 | lr 2.98e-04
2025-05-30 19:51:12,954 | INFO | Gradient norm: 0.0098
2025-05-30 19:51:12,962 | INFO | Train batch  6500/10986 | ms/batch 197.23 | loss 0.8808 | bpb  1.27 | ppl     2.41 | lr 2.98e-04
2025-05-30 19:51:32,689 | INFO | Gradient norm: 0.0237
2025-05-30 19:51:32,697 | INFO | Train batch  6600/10986 | ms/batch 197.23 | loss 0.8808 | bpb  1.27 | ppl     2.41 | lr 2.98e-04
2025-05-30 19:51:52,414 | INFO | Gradient norm: 0.0371
2025-05-30 19:51:52,421 | INFO | Train batch  6700/10986 | ms/batch 197.23 | loss 0.8808 | bpb  1.27 | ppl     2.41 | lr 2.98e-04
2025-05-30 19:52:12,137 | INFO | Gradient norm: 0.0096
2025-05-30 19:52:12,145 | INFO | Train batch  6800/10986 | ms/batch 197.23 | loss 0.8808 | bpb  1.27 | ppl     2.41 | lr 2.98e-04
2025-05-30 19:52:31,870 | INFO | Gradient norm: 0.0096
2025-05-30 19:52:31,878 | INFO | Train batch  6900/10986 | ms/batch 197.23 | loss 0.8808 | bpb  1.27 | ppl     2.41 | lr 2.98e-04
2025-05-30 19:52:51,593 | INFO | Gradient norm: 0.0113
2025-05-30 19:52:51,601 | INFO | Train batch  7000/10986 | ms/batch 197.23 | loss 0.8808 | bpb  1.27 | ppl     2.41 | lr 2.98e-04
2025-05-30 19:53:11,318 | INFO | Gradient norm: 0.0254
2025-05-30 19:53:11,326 | INFO | Train batch  7100/10986 | ms/batch 197.23 | loss 0.8808 | bpb  1.27 | ppl     2.41 | lr 2.98e-04
2025-05-30 19:53:31,053 | INFO | Gradient norm: 0.0089
2025-05-30 19:53:31,061 | INFO | Train batch  7200/10986 | ms/batch 197.23 | loss 0.8808 | bpb  1.27 | ppl     2.41 | lr 2.98e-04
2025-05-30 19:53:50,777 | INFO | Gradient norm: 0.0096
2025-05-30 19:53:50,785 | INFO | Train batch  7300/10986 | ms/batch 197.23 | loss 0.8808 | bpb  1.27 | ppl     2.41 | lr 2.98e-04
2025-05-30 19:54:10,514 | INFO | Gradient norm: 0.0086
2025-05-30 19:54:10,522 | INFO | Train batch  7400/10986 | ms/batch 197.24 | loss 0.8808 | bpb  1.27 | ppl     2.41 | lr 2.98e-04
2025-05-30 19:54:30,237 | INFO | Gradient norm: 0.0322
2025-05-30 19:54:30,245 | INFO | Train batch  7500/10986 | ms/batch 197.24 | loss 0.8808 | bpb  1.27 | ppl     2.41 | lr 2.98e-04
2025-05-30 19:54:49,959 | INFO | Gradient norm: 0.0092
2025-05-30 19:54:49,967 | INFO | Train batch  7600/10986 | ms/batch 197.24 | loss 0.8808 | bpb  1.27 | ppl     2.41 | lr 2.98e-04
2025-05-30 19:55:09,697 | INFO | Gradient norm: 0.0093
2025-05-30 19:55:09,704 | INFO | Train batch  7700/10986 | ms/batch 197.24 | loss 0.8808 | bpb  1.27 | ppl     2.41 | lr 2.98e-04
2025-05-30 19:55:29,419 | INFO | Gradient norm: 0.0095
2025-05-30 19:55:29,427 | INFO | Train batch  7800/10986 | ms/batch 197.24 | loss 0.8808 | bpb  1.27 | ppl     2.41 | lr 2.98e-04
2025-05-30 19:55:49,143 | INFO | Gradient norm: 0.0131
2025-05-30 19:55:49,150 | INFO | Train batch  7900/10986 | ms/batch 197.24 | loss 0.8808 | bpb  1.27 | ppl     2.41 | lr 2.98e-04
2025-05-30 19:56:08,877 | INFO | Gradient norm: 0.0108
2025-05-30 19:56:08,885 | INFO | Train batch  8000/10986 | ms/batch 197.24 | loss 0.8808 | bpb  1.27 | ppl     2.41 | lr 2.98e-04
2025-05-30 19:56:28,602 | INFO | Gradient norm: 0.0210
2025-05-30 19:56:28,610 | INFO | Train batch  8100/10986 | ms/batch 197.24 | loss 0.8808 | bpb  1.27 | ppl     2.41 | lr 2.98e-04
2025-05-30 19:56:48,326 | INFO | Gradient norm: 0.0150
2025-05-30 19:56:48,334 | INFO | Train batch  8200/10986 | ms/batch 197.24 | loss 0.8808 | bpb  1.27 | ppl     2.41 | lr 2.98e-04
2025-05-30 19:57:08,063 | INFO | Gradient norm: 0.0148
2025-05-30 19:57:08,071 | INFO | Train batch  8300/10986 | ms/batch 197.24 | loss 0.8808 | bpb  1.27 | ppl     2.41 | lr 2.98e-04
2025-05-30 19:57:27,788 | INFO | Gradient norm: 0.0183
2025-05-30 19:57:27,796 | INFO | Train batch  8400/10986 | ms/batch 197.24 | loss 0.8808 | bpb  1.27 | ppl     2.41 | lr 2.98e-04
2025-05-30 19:57:47,513 | INFO | Gradient norm: 0.0101
2025-05-30 19:57:47,521 | INFO | Train batch  8500/10986 | ms/batch 197.24 | loss 0.8808 | bpb  1.27 | ppl     2.41 | lr 2.98e-04
2025-05-30 19:58:07,253 | INFO | Gradient norm: 0.0346
2025-05-30 19:58:07,261 | INFO | Train batch  8600/10986 | ms/batch 197.24 | loss 0.8808 | bpb  1.27 | ppl     2.41 | lr 2.98e-04
2025-05-30 19:58:26,979 | INFO | Gradient norm: 0.0109
2025-05-30 19:58:26,987 | INFO | Train batch  8700/10986 | ms/batch 197.24 | loss 0.8808 | bpb  1.27 | ppl     2.41 | lr 2.98e-04
2025-05-30 19:58:46,707 | INFO | Gradient norm: 0.0150
2025-05-30 19:58:46,715 | INFO | Train batch  8800/10986 | ms/batch 197.24 | loss 0.8808 | bpb  1.27 | ppl     2.41 | lr 2.98e-04
2025-05-30 19:59:06,445 | INFO | Gradient norm: 0.0112
2025-05-30 19:59:06,452 | INFO | Train batch  8900/10986 | ms/batch 197.25 | loss 0.8808 | bpb  1.27 | ppl     2.41 | lr 2.98e-04
2025-05-30 19:59:26,171 | INFO | Gradient norm: 0.0097
2025-05-30 19:59:26,179 | INFO | Train batch  9000/10986 | ms/batch 197.25 | loss 0.8808 | bpb  1.27 | ppl     2.41 | lr 2.98e-04
2025-05-30 19:59:45,904 | INFO | Gradient norm: 0.0111
2025-05-30 19:59:45,912 | INFO | Train batch  9100/10986 | ms/batch 197.25 | loss 0.8808 | bpb  1.27 | ppl     2.41 | lr 2.98e-04
2025-05-30 20:00:05,634 | INFO | Gradient norm: 0.0159
2025-05-30 20:00:05,642 | INFO | Train batch  9200/10986 | ms/batch 197.25 | loss 0.8808 | bpb  1.27 | ppl     2.41 | lr 2.98e-04
2025-05-30 20:00:25,361 | INFO | Gradient norm: 0.0121
2025-05-30 20:00:25,369 | INFO | Train batch  9300/10986 | ms/batch 197.25 | loss 0.8807 | bpb  1.27 | ppl     2.41 | lr 2.98e-04
2025-05-30 20:00:45,100 | INFO | Gradient norm: 0.0096
2025-05-30 20:00:45,108 | INFO | Train batch  9400/10986 | ms/batch 197.25 | loss 0.8807 | bpb  1.27 | ppl     2.41 | lr 2.98e-04
2025-05-30 20:01:04,828 | INFO | Gradient norm: 0.0095
2025-05-30 20:01:04,836 | INFO | Train batch  9500/10986 | ms/batch 197.25 | loss 0.8807 | bpb  1.27 | ppl     2.41 | lr 2.98e-04
2025-05-30 20:01:24,556 | INFO | Gradient norm: 0.0097
2025-05-30 20:01:24,564 | INFO | Train batch  9600/10986 | ms/batch 197.25 | loss 0.8807 | bpb  1.27 | ppl     2.41 | lr 2.98e-04
2025-05-30 20:01:44,295 | INFO | Gradient norm: 0.0097
2025-05-30 20:01:44,303 | INFO | Train batch  9700/10986 | ms/batch 197.25 | loss 0.8807 | bpb  1.27 | ppl     2.41 | lr 2.98e-04
2025-05-30 20:02:04,021 | INFO | Gradient norm: 0.0083
2025-05-30 20:02:04,029 | INFO | Train batch  9800/10986 | ms/batch 197.25 | loss 0.8807 | bpb  1.27 | ppl     2.41 | lr 2.98e-04
2025-05-30 20:02:23,749 | INFO | Gradient norm: 0.0098
2025-05-30 20:02:23,757 | INFO | Train batch  9900/10986 | ms/batch 197.25 | loss 0.8807 | bpb  1.27 | ppl     2.41 | lr 2.98e-04
2025-05-30 20:02:43,485 | INFO | Gradient norm: 0.0111
2025-05-30 20:02:43,493 | INFO | Train batch 10000/10986 | ms/batch 197.25 | loss 0.8807 | bpb  1.27 | ppl     2.41 | lr 2.98e-04
2025-05-30 20:03:03,212 | INFO | Gradient norm: 0.0212
2025-05-30 20:03:03,220 | INFO | Train batch 10100/10986 | ms/batch 197.25 | loss 0.8807 | bpb  1.27 | ppl     2.41 | lr 2.98e-04
2025-05-30 20:03:22,942 | INFO | Gradient norm: 0.0121
2025-05-30 20:03:22,951 | INFO | Train batch 10200/10986 | ms/batch 197.25 | loss 0.8807 | bpb  1.27 | ppl     2.41 | lr 2.98e-04
2025-05-30 20:03:42,678 | INFO | Gradient norm: 0.0140
2025-05-30 20:03:42,686 | INFO | Train batch 10300/10986 | ms/batch 197.25 | loss 0.8807 | bpb  1.27 | ppl     2.41 | lr 2.98e-04
2025-05-30 20:04:02,404 | INFO | Gradient norm: 0.0102
2025-05-30 20:04:02,412 | INFO | Train batch 10400/10986 | ms/batch 197.25 | loss 0.8807 | bpb  1.27 | ppl     2.41 | lr 2.98e-04
2025-05-30 20:04:22,145 | INFO | Gradient norm: 0.0259
2025-05-30 20:04:22,152 | INFO | Train batch 10500/10986 | ms/batch 197.26 | loss 0.8807 | bpb  1.27 | ppl     2.41 | lr 2.98e-04
2025-05-30 20:04:41,872 | INFO | Gradient norm: 0.0142
2025-05-30 20:04:41,879 | INFO | Train batch 10600/10986 | ms/batch 197.26 | loss 0.8807 | bpb  1.27 | ppl     2.41 | lr 2.98e-04
2025-05-30 20:05:01,597 | INFO | Gradient norm: 0.0149
2025-05-30 20:05:01,605 | INFO | Train batch 10700/10986 | ms/batch 197.26 | loss 0.8807 | bpb  1.27 | ppl     2.41 | lr 2.98e-04
2025-05-30 20:05:21,338 | INFO | Gradient norm: 0.0110
2025-05-30 20:05:21,346 | INFO | Train batch 10800/10986 | ms/batch 197.26 | loss 0.8807 | bpb  1.27 | ppl     2.41 | lr 2.98e-04
2025-05-30 20:05:41,065 | INFO | Gradient norm: 0.0616
2025-05-30 20:05:41,073 | INFO | Train batch 10900/10986 | ms/batch 197.26 | loss 0.8807 | bpb  1.27 | ppl     2.41 | lr 2.98e-04
2025-05-30 20:07:10,370 | INFO | Epoch   2 | time: 2239.60s | train bpb  1.27 | valid bpb  1.27
2025-05-30 20:07:11,191 | INFO | Saved new best model with validation bpb:  1.27
2025-05-30 20:07:11,824 | INFO | Input shape: torch.Size([16, 511]), Target shape: torch.Size([16, 511])
2025-05-30 20:07:11,824 | INFO | Input range: [10, 226]
2025-05-30 20:07:11,824 | INFO | Target range: [10, 226]
2025-05-30 20:07:11,861 | INFO | Output shape: torch.Size([8176, 256]), Reshaped target shape: torch.Size([8176])
2025-05-30 20:07:11,862 | INFO | Output range: [-7.33203125, 9.2734375]
2025-05-30 20:07:11,862 | INFO | Sample probabilities: max=0.9052922129631042, min=0.00026774537400342524
2025-05-30 20:07:11,863 | INFO | Raw loss value: 0.8803354501724243
2025-05-30 20:07:11,863 | INFO | Batch 0 loss stats - Mean: -0.3147, Std: 0.9263
2025-05-30 20:07:12,010 | INFO | Gradient norm: 0.0189
2025-05-30 20:07:12,018 | INFO | Train batch     0/10986 | ms/batch 194.26 | loss 0.8803 | bpb  1.27 | ppl     2.41 | lr 2.98e-04
2025-05-30 20:07:31,699 | INFO | Gradient norm: 0.0157
2025-05-30 20:07:31,707 | INFO | Train batch   100/10986 | ms/batch 196.87 | loss 0.8819 | bpb  1.27 | ppl     2.42 | lr 2.98e-04
2025-05-30 20:07:51,427 | INFO | Gradient norm: 0.0124
2025-05-30 20:07:51,435 | INFO | Train batch   200/10986 | ms/batch 197.07 | loss 0.8815 | bpb  1.27 | ppl     2.41 | lr 2.98e-04
2025-05-30 20:08:11,177 | INFO | Gradient norm: 0.0101
2025-05-30 20:08:11,185 | INFO | Train batch   300/10986 | ms/batch 197.22 | loss 0.8811 | bpb  1.27 | ppl     2.41 | lr 2.98e-04
2025-05-30 20:08:30,933 | INFO | Gradient norm: 0.0211
2025-05-30 20:08:30,941 | INFO | Train batch   400/10986 | ms/batch 197.30 | loss 0.8809 | bpb  1.27 | ppl     2.41 | lr 2.98e-04
2025-05-30 20:08:50,708 | INFO | Gradient norm: 0.0159
2025-05-30 20:08:50,716 | INFO | Train batch   500/10986 | ms/batch 197.39 | loss 0.8808 | bpb  1.27 | ppl     2.41 | lr 2.98e-04
2025-05-30 20:09:10,472 | INFO | Gradient norm: 0.0101
2025-05-30 20:09:10,480 | INFO | Train batch   600/10986 | ms/batch 197.43 | loss 0.8808 | bpb  1.27 | ppl     2.41 | lr 2.98e-04
2025-05-30 20:09:30,237 | INFO | Gradient norm: 0.0116
2025-05-30 20:09:30,245 | INFO | Train batch   700/10986 | ms/batch 197.46 | loss 0.8807 | bpb  1.27 | ppl     2.41 | lr 2.98e-04
2025-05-30 20:09:50,010 | INFO | Gradient norm: 0.0093
2025-05-30 20:09:50,018 | INFO | Train batch   800/10986 | ms/batch 197.50 | loss 0.8807 | bpb  1.27 | ppl     2.41 | lr 2.98e-04
2025-05-30 20:10:09,769 | INFO | Gradient norm: 0.0086
2025-05-30 20:10:09,777 | INFO | Train batch   900/10986 | ms/batch 197.51 | loss 0.8806 | bpb  1.27 | ppl     2.41 | lr 2.98e-04
2025-05-30 20:10:29,524 | INFO | Gradient norm: 0.0091
2025-05-30 20:10:29,532 | INFO | Train batch  1000/10986 | ms/batch 197.51 | loss 0.8806 | bpb  1.27 | ppl     2.41 | lr 2.98e-04
2025-05-30 20:10:49,285 | INFO | Gradient norm: 0.0275
2025-05-30 20:10:49,293 | INFO | Train batch  1100/10986 | ms/batch 197.52 | loss 0.8806 | bpb  1.27 | ppl     2.41 | lr 2.98e-04
2025-05-30 20:11:09,031 | INFO | Gradient norm: 0.0087
2025-05-30 20:11:09,038 | INFO | Train batch  1200/10986 | ms/batch 197.51 | loss 0.8806 | bpb  1.27 | ppl     2.41 | lr 2.98e-04
2025-05-30 20:11:28,772 | INFO | Gradient norm: 0.0101
2025-05-30 20:11:28,780 | INFO | Train batch  1300/10986 | ms/batch 197.51 | loss 0.8806 | bpb  1.27 | ppl     2.41 | lr 2.98e-04
2025-05-30 20:11:48,524 | INFO | Gradient norm: 0.0116
2025-05-30 20:11:48,532 | INFO | Train batch  1400/10986 | ms/batch 197.51 | loss 0.8806 | bpb  1.27 | ppl     2.41 | lr 2.98e-04
2025-05-30 20:12:08,268 | INFO | Gradient norm: 0.0088
2025-05-30 20:12:08,276 | INFO | Train batch  1500/10986 | ms/batch 197.50 | loss 0.8806 | bpb  1.27 | ppl     2.41 | lr 2.97e-04
2025-05-30 20:12:28,012 | INFO | Gradient norm: 0.0092
2025-05-30 20:12:28,020 | INFO | Train batch  1600/10986 | ms/batch 197.50 | loss 0.8806 | bpb  1.27 | ppl     2.41 | lr 2.97e-04
2025-05-30 20:12:47,767 | INFO | Gradient norm: 0.0323
2025-05-30 20:12:47,775 | INFO | Train batch  1700/10986 | ms/batch 197.50 | loss 0.8806 | bpb  1.27 | ppl     2.41 | lr 2.97e-04
2025-05-30 20:13:07,509 | INFO | Gradient norm: 0.0181
2025-05-30 20:13:07,517 | INFO | Train batch  1800/10986 | ms/batch 197.50 | loss 0.8806 | bpb  1.27 | ppl     2.41 | lr 2.97e-04
2025-05-30 20:13:27,253 | INFO | Gradient norm: 0.0095
2025-05-30 20:13:27,261 | INFO | Train batch  1900/10986 | ms/batch 197.49 | loss 0.8805 | bpb  1.27 | ppl     2.41 | lr 2.97e-04
2025-05-30 20:13:47,008 | INFO | Gradient norm: 0.0128
2025-05-30 20:13:47,016 | INFO | Train batch  2000/10986 | ms/batch 197.50 | loss 0.8806 | bpb  1.27 | ppl     2.41 | lr 2.97e-04
2025-05-30 20:14:06,757 | INFO | Gradient norm: 0.0075
2025-05-30 20:14:06,764 | INFO | Train batch  2100/10986 | ms/batch 197.50 | loss 0.8806 | bpb  1.27 | ppl     2.41 | lr 2.97e-04
2025-05-30 20:14:26,504 | INFO | Gradient norm: 0.0102
2025-05-30 20:14:26,512 | INFO | Train batch  2200/10986 | ms/batch 197.50 | loss 0.8806 | bpb  1.27 | ppl     2.41 | lr 2.97e-04
2025-05-30 20:14:46,265 | INFO | Gradient norm: 0.0108
2025-05-30 20:14:46,273 | INFO | Train batch  2300/10986 | ms/batch 197.50 | loss 0.8806 | bpb  1.27 | ppl     2.41 | lr 2.97e-04
2025-05-30 20:15:06,014 | INFO | Gradient norm: 0.0099
2025-05-30 20:15:06,022 | INFO | Train batch  2400/10986 | ms/batch 197.50 | loss 0.8806 | bpb  1.27 | ppl     2.41 | lr 2.97e-04
2025-05-30 20:15:25,763 | INFO | Gradient norm: 0.0081
2025-05-30 20:15:25,771 | INFO | Train batch  2500/10986 | ms/batch 197.50 | loss 0.8806 | bpb  1.27 | ppl     2.41 | lr 2.97e-04
2025-05-30 20:15:45,523 | INFO | Gradient norm: 0.0217
2025-05-30 20:15:45,531 | INFO | Train batch  2600/10986 | ms/batch 197.50 | loss 0.8806 | bpb  1.27 | ppl     2.41 | lr 2.97e-04
2025-05-30 20:16:05,271 | INFO | Gradient norm: 0.0083
2025-05-30 20:16:05,279 | INFO | Train batch  2700/10986 | ms/batch 197.50 | loss 0.8806 | bpb  1.27 | ppl     2.41 | lr 2.97e-04
2025-05-30 20:16:25,021 | INFO | Gradient norm: 0.0088
2025-05-30 20:16:25,029 | INFO | Train batch  2800/10986 | ms/batch 197.50 | loss 0.8806 | bpb  1.27 | ppl     2.41 | lr 2.97e-04
2025-05-30 20:16:44,782 | INFO | Gradient norm: 0.0177
2025-05-30 20:16:44,790 | INFO | Train batch  2900/10986 | ms/batch 197.51 | loss 0.8805 | bpb  1.27 | ppl     2.41 | lr 2.97e-04
2025-05-30 20:17:04,530 | INFO | Gradient norm: 0.0123
2025-05-30 20:17:04,538 | INFO | Train batch  3000/10986 | ms/batch 197.51 | loss 0.8805 | bpb  1.27 | ppl     2.41 | lr 2.97e-04
2025-05-30 20:17:24,281 | INFO | Gradient norm: 0.0080
2025-05-30 20:17:24,289 | INFO | Train batch  3100/10986 | ms/batch 197.51 | loss 0.8805 | bpb  1.27 | ppl     2.41 | lr 2.97e-04
2025-05-30 20:17:44,040 | INFO | Gradient norm: 0.0083
2025-05-30 20:17:44,047 | INFO | Train batch  3200/10986 | ms/batch 197.51 | loss 0.8805 | bpb  1.27 | ppl     2.41 | lr 2.97e-04
2025-05-30 20:18:03,789 | INFO | Gradient norm: 0.0204
2025-05-30 20:18:03,797 | INFO | Train batch  3300/10986 | ms/batch 197.51 | loss 0.8805 | bpb  1.27 | ppl     2.41 | lr 2.97e-04
2025-05-30 20:18:23,549 | INFO | Gradient norm: 0.0079
2025-05-30 20:18:23,557 | INFO | Train batch  3400/10986 | ms/batch 197.51 | loss 0.8805 | bpb  1.27 | ppl     2.41 | lr 2.97e-04
2025-05-30 20:18:43,296 | INFO | Gradient norm: 0.0138
2025-05-30 20:18:43,304 | INFO | Train batch  3500/10986 | ms/batch 197.51 | loss 0.8805 | bpb  1.27 | ppl     2.41 | lr 2.97e-04
2025-05-30 20:19:03,045 | INFO | Gradient norm: 0.0145
2025-05-30 20:19:03,053 | INFO | Train batch  3600/10986 | ms/batch 197.51 | loss 0.8805 | bpb  1.27 | ppl     2.41 | lr 2.97e-04
2025-05-30 20:19:22,805 | INFO | Gradient norm: 0.0191
2025-05-30 20:19:22,813 | INFO | Train batch  3700/10986 | ms/batch 197.51 | loss 0.8805 | bpb  1.27 | ppl     2.41 | lr 2.97e-04
2025-05-30 20:19:42,552 | INFO | Gradient norm: 0.0121
2025-05-30 20:19:42,560 | INFO | Train batch  3800/10986 | ms/batch 197.51 | loss 0.8805 | bpb  1.27 | ppl     2.41 | lr 2.97e-04
2025-05-30 20:20:02,303 | INFO | Gradient norm: 0.0256
2025-05-30 20:20:02,311 | INFO | Train batch  3900/10986 | ms/batch 197.51 | loss 0.8805 | bpb  1.27 | ppl     2.41 | lr 2.97e-04
2025-05-30 20:20:22,061 | INFO | Gradient norm: 0.0094
2025-05-30 20:20:22,069 | INFO | Train batch  4000/10986 | ms/batch 197.51 | loss 0.8805 | bpb  1.27 | ppl     2.41 | lr 2.97e-04
2025-05-30 20:20:41,811 | INFO | Gradient norm: 0.0089
2025-05-30 20:20:41,819 | INFO | Train batch  4100/10986 | ms/batch 197.51 | loss 0.8805 | bpb  1.27 | ppl     2.41 | lr 2.97e-04
2025-05-30 20:21:01,559 | INFO | Gradient norm: 0.0143
2025-05-30 20:21:01,566 | INFO | Train batch  4200/10986 | ms/batch 197.51 | loss 0.8805 | bpb  1.27 | ppl     2.41 | lr 2.97e-04
2025-05-30 20:21:21,321 | INFO | Gradient norm: 0.0128
2025-05-30 20:21:21,329 | INFO | Train batch  4300/10986 | ms/batch 197.51 | loss 0.8805 | bpb  1.27 | ppl     2.41 | lr 2.97e-04
2025-05-30 20:21:41,069 | INFO | Gradient norm: 0.0092
2025-05-30 20:21:41,077 | INFO | Train batch  4400/10986 | ms/batch 197.51 | loss 0.8805 | bpb  1.27 | ppl     2.41 | lr 2.97e-04
2025-05-30 20:22:00,819 | INFO | Gradient norm: 0.0201
2025-05-30 20:22:00,827 | INFO | Train batch  4500/10986 | ms/batch 197.51 | loss 0.8805 | bpb  1.27 | ppl     2.41 | lr 2.97e-04
2025-05-30 20:22:20,579 | INFO | Gradient norm: 0.0107
2025-05-30 20:22:20,587 | INFO | Train batch  4600/10986 | ms/batch 197.51 | loss 0.8805 | bpb  1.27 | ppl     2.41 | lr 2.97e-04
2025-05-30 20:22:40,325 | INFO | Gradient norm: 0.0127
2025-05-30 20:22:40,333 | INFO | Train batch  4700/10986 | ms/batch 197.51 | loss 0.8805 | bpb  1.27 | ppl     2.41 | lr 2.97e-04
2025-05-30 20:23:00,084 | INFO | Gradient norm: 0.0187
2025-05-30 20:23:00,092 | INFO | Train batch  4800/10986 | ms/batch 197.51 | loss 0.8805 | bpb  1.27 | ppl     2.41 | lr 2.97e-04
2025-05-30 20:23:19,831 | INFO | Gradient norm: 0.0219
2025-05-30 20:23:19,839 | INFO | Train batch  4900/10986 | ms/batch 197.51 | loss 0.8805 | bpb  1.27 | ppl     2.41 | lr 2.97e-04
2025-05-30 20:23:39,580 | INFO | Gradient norm: 0.0413
2025-05-30 20:23:39,588 | INFO | Train batch  5000/10986 | ms/batch 197.51 | loss 0.8805 | bpb  1.27 | ppl     2.41 | lr 2.97e-04
2025-05-30 20:23:59,341 | INFO | Gradient norm: 0.0096
2025-05-30 20:23:59,349 | INFO | Train batch  5100/10986 | ms/batch 197.52 | loss 0.8805 | bpb  1.27 | ppl     2.41 | lr 2.97e-04
2025-05-30 20:24:19,091 | INFO | Gradient norm: 0.0218
2025-05-30 20:24:19,099 | INFO | Train batch  5200/10986 | ms/batch 197.52 | loss 0.8805 | bpb  1.27 | ppl     2.41 | lr 2.97e-04
2025-05-30 20:24:38,840 | INFO | Gradient norm: 0.0283
2025-05-30 20:24:38,848 | INFO | Train batch  5300/10986 | ms/batch 197.51 | loss 0.8805 | bpb  1.27 | ppl     2.41 | lr 2.97e-04
2025-05-30 20:24:58,601 | INFO | Gradient norm: 0.0207
2025-05-30 20:24:58,608 | INFO | Train batch  5400/10986 | ms/batch 197.52 | loss 0.8805 | bpb  1.27 | ppl     2.41 | lr 2.97e-04
2025-05-30 20:25:18,351 | INFO | Gradient norm: 0.0091
2025-05-30 20:25:18,359 | INFO | Train batch  5500/10986 | ms/batch 197.52 | loss 0.8805 | bpb  1.27 | ppl     2.41 | lr 2.97e-04
2025-05-30 20:25:38,099 | INFO | Gradient norm: 0.0095
2025-05-30 20:25:38,107 | INFO | Train batch  5600/10986 | ms/batch 197.52 | loss 0.8805 | bpb  1.27 | ppl     2.41 | lr 2.97e-04
2025-05-30 20:25:57,858 | INFO | Gradient norm: 0.0151
2025-05-30 20:25:57,866 | INFO | Train batch  5700/10986 | ms/batch 197.52 | loss 0.8805 | bpb  1.27 | ppl     2.41 | lr 2.97e-04
2025-05-30 20:26:17,605 | INFO | Gradient norm: 0.0083
2025-05-30 20:26:17,612 | INFO | Train batch  5800/10986 | ms/batch 197.52 | loss 0.8805 | bpb  1.27 | ppl     2.41 | lr 2.97e-04
2025-05-30 20:26:37,354 | INFO | Gradient norm: 0.0086
2025-05-30 20:26:37,362 | INFO | Train batch  5900/10986 | ms/batch 197.52 | loss 0.8805 | bpb  1.27 | ppl     2.41 | lr 2.97e-04
2025-05-30 20:26:57,116 | INFO | Gradient norm: 0.0096
2025-05-30 20:26:57,124 | INFO | Train batch  6000/10986 | ms/batch 197.52 | loss 0.8805 | bpb  1.27 | ppl     2.41 | lr 2.97e-04
2025-05-30 20:27:16,867 | INFO | Gradient norm: 0.0226
2025-05-30 20:27:16,875 | INFO | Train batch  6100/10986 | ms/batch 197.52 | loss 0.8805 | bpb  1.27 | ppl     2.41 | lr 2.97e-04
2025-05-30 20:27:36,629 | INFO | Gradient norm: 0.0101
2025-05-30 20:27:36,637 | INFO | Train batch  6200/10986 | ms/batch 197.52 | loss 0.8805 | bpb  1.27 | ppl     2.41 | lr 2.97e-04
2025-05-30 20:27:56,378 | INFO | Gradient norm: 0.0086
2025-05-30 20:27:56,386 | INFO | Train batch  6300/10986 | ms/batch 197.52 | loss 0.8805 | bpb  1.27 | ppl     2.41 | lr 2.97e-04
2025-05-30 20:28:16,130 | INFO | Gradient norm: 0.0211
2025-05-30 20:28:16,138 | INFO | Train batch  6400/10986 | ms/batch 197.52 | loss 0.8805 | bpb  1.27 | ppl     2.41 | lr 2.97e-04
2025-05-30 20:28:35,894 | INFO | Gradient norm: 0.0086
2025-05-30 20:28:35,902 | INFO | Train batch  6500/10986 | ms/batch 197.52 | loss 0.8805 | bpb  1.27 | ppl     2.41 | lr 2.97e-04
2025-05-30 20:28:55,643 | INFO | Gradient norm: 0.0115
2025-05-30 20:28:55,651 | INFO | Train batch  6600/10986 | ms/batch 197.52 | loss 0.8805 | bpb  1.27 | ppl     2.41 | lr 2.97e-04
2025-05-30 20:29:15,393 | INFO | Gradient norm: 0.0225
2025-05-30 20:29:15,401 | INFO | Train batch  6700/10986 | ms/batch 197.52 | loss 0.8805 | bpb  1.27 | ppl     2.41 | lr 2.97e-04
2025-05-30 20:29:35,154 | INFO | Gradient norm: 0.0103
2025-05-30 20:29:35,162 | INFO | Train batch  6800/10986 | ms/batch 197.52 | loss 0.8805 | bpb  1.27 | ppl     2.41 | lr 2.97e-04
2025-05-30 20:29:54,901 | INFO | Gradient norm: 0.0206
2025-05-30 20:29:54,909 | INFO | Train batch  6900/10986 | ms/batch 197.52 | loss 0.8805 | bpb  1.27 | ppl     2.41 | lr 2.97e-04
2025-05-30 20:30:14,655 | INFO | Gradient norm: 0.0094
2025-05-30 20:30:14,663 | INFO | Train batch  7000/10986 | ms/batch 197.52 | loss 0.8805 | bpb  1.27 | ppl     2.41 | lr 2.97e-04
2025-05-30 20:30:34,417 | INFO | Gradient norm: 0.0077
2025-05-30 20:30:34,425 | INFO | Train batch  7100/10986 | ms/batch 197.52 | loss 0.8805 | bpb  1.27 | ppl     2.41 | lr 2.97e-04
2025-05-30 20:30:54,168 | INFO | Gradient norm: 0.0154
2025-05-30 20:30:54,176 | INFO | Train batch  7200/10986 | ms/batch 197.52 | loss 0.8805 | bpb  1.27 | ppl     2.41 | lr 2.97e-04
2025-05-30 20:31:13,917 | INFO | Gradient norm: 0.0153
2025-05-30 20:31:13,924 | INFO | Train batch  7300/10986 | ms/batch 197.52 | loss 0.8805 | bpb  1.27 | ppl     2.41 | lr 2.97e-04
2025-05-30 20:31:33,679 | INFO | Gradient norm: 0.0095
2025-05-30 20:31:33,687 | INFO | Train batch  7400/10986 | ms/batch 197.52 | loss 0.8805 | bpb  1.27 | ppl     2.41 | lr 2.96e-04
2025-05-30 20:31:53,429 | INFO | Gradient norm: 0.0121
2025-05-30 20:31:53,437 | INFO | Train batch  7500/10986 | ms/batch 197.52 | loss 0.8805 | bpb  1.27 | ppl     2.41 | lr 2.96e-04
2025-05-30 20:32:13,181 | INFO | Gradient norm: 0.0106
2025-05-30 20:32:13,189 | INFO | Train batch  7600/10986 | ms/batch 197.52 | loss 0.8805 | bpb  1.27 | ppl     2.41 | lr 2.96e-04
2025-05-30 20:32:32,941 | INFO | Gradient norm: 0.0133
2025-05-30 20:32:32,949 | INFO | Train batch  7700/10986 | ms/batch 197.52 | loss 0.8805 | bpb  1.27 | ppl     2.41 | lr 2.96e-04
2025-05-30 20:32:52,690 | INFO | Gradient norm: 0.0094
2025-05-30 20:32:52,698 | INFO | Train batch  7800/10986 | ms/batch 197.52 | loss 0.8805 | bpb  1.27 | ppl     2.41 | lr 2.96e-04
2025-05-30 20:33:12,453 | INFO | Gradient norm: 0.0347
2025-05-30 20:33:12,461 | INFO | Train batch  7900/10986 | ms/batch 197.52 | loss 0.8805 | bpb  1.27 | ppl     2.41 | lr 2.96e-04
2025-05-30 20:33:32,204 | INFO | Gradient norm: 0.0139
2025-05-30 20:33:32,212 | INFO | Train batch  8000/10986 | ms/batch 197.52 | loss 0.8805 | bpb  1.27 | ppl     2.41 | lr 2.96e-04
2025-05-30 20:33:51,954 | INFO | Gradient norm: 0.0185
2025-05-30 20:33:51,962 | INFO | Train batch  8100/10986 | ms/batch 197.52 | loss 0.8805 | bpb  1.27 | ppl     2.41 | lr 2.96e-04
2025-05-30 20:34:11,714 | INFO | Gradient norm: 0.0101
2025-05-30 20:34:11,722 | INFO | Train batch  8200/10986 | ms/batch 197.52 | loss 0.8805 | bpb  1.27 | ppl     2.41 | lr 2.96e-04
2025-05-30 20:34:31,463 | INFO | Gradient norm: 0.0091
2025-05-30 20:34:31,471 | INFO | Train batch  8300/10986 | ms/batch 197.52 | loss 0.8805 | bpb  1.27 | ppl     2.41 | lr 2.96e-04
2025-05-30 20:34:51,212 | INFO | Gradient norm: 0.0189
2025-05-30 20:34:51,220 | INFO | Train batch  8400/10986 | ms/batch 197.52 | loss 0.8805 | bpb  1.27 | ppl     2.41 | lr 2.96e-04
2025-05-30 20:35:10,972 | INFO | Gradient norm: 0.0168
2025-05-30 20:35:10,980 | INFO | Train batch  8500/10986 | ms/batch 197.52 | loss 0.8805 | bpb  1.27 | ppl     2.41 | lr 2.96e-04
2025-05-30 20:35:30,723 | INFO | Gradient norm: 0.0091
2025-05-30 20:35:30,731 | INFO | Train batch  8600/10986 | ms/batch 197.52 | loss 0.8805 | bpb  1.27 | ppl     2.41 | lr 2.96e-04
2025-05-30 20:35:50,472 | INFO | Gradient norm: 0.0095
2025-05-30 20:35:50,480 | INFO | Train batch  8700/10986 | ms/batch 197.52 | loss 0.8805 | bpb  1.27 | ppl     2.41 | lr 2.96e-04
2025-05-30 20:36:10,234 | INFO | Gradient norm: 0.0229
2025-05-30 20:36:10,242 | INFO | Train batch  8800/10986 | ms/batch 197.53 | loss 0.8805 | bpb  1.27 | ppl     2.41 | lr 2.96e-04
2025-05-30 20:36:29,986 | INFO | Gradient norm: 0.0115
2025-05-30 20:36:29,994 | INFO | Train batch  8900/10986 | ms/batch 197.53 | loss 0.8805 | bpb  1.27 | ppl     2.41 | lr 2.96e-04
2025-05-30 20:36:49,738 | INFO | Gradient norm: 0.0470
2025-05-30 20:36:49,746 | INFO | Train batch  9000/10986 | ms/batch 197.52 | loss 0.8805 | bpb  1.27 | ppl     2.41 | lr 2.96e-04
2025-05-30 20:37:09,498 | INFO | Gradient norm: 0.0116
2025-05-30 20:37:09,506 | INFO | Train batch  9100/10986 | ms/batch 197.53 | loss 0.8805 | bpb  1.27 | ppl     2.41 | lr 2.96e-04
2025-05-30 20:37:29,249 | INFO | Gradient norm: 0.0111
2025-05-30 20:37:29,256 | INFO | Train batch  9200/10986 | ms/batch 197.53 | loss 0.8805 | bpb  1.27 | ppl     2.41 | lr 2.96e-04
2025-05-30 20:37:49,010 | INFO | Gradient norm: 0.0309
2025-05-30 20:37:49,018 | INFO | Train batch  9300/10986 | ms/batch 197.53 | loss 0.8804 | bpb  1.27 | ppl     2.41 | lr 2.96e-04
2025-05-30 20:38:08,759 | INFO | Gradient norm: 0.0082
2025-05-30 20:38:08,767 | INFO | Train batch  9400/10986 | ms/batch 197.53 | loss 0.8804 | bpb  1.27 | ppl     2.41 | lr 2.96e-04
2025-05-30 20:38:28,510 | INFO | Gradient norm: 0.0115
2025-05-30 20:38:28,518 | INFO | Train batch  9500/10986 | ms/batch 197.53 | loss 0.8804 | bpb  1.27 | ppl     2.41 | lr 2.96e-04
2025-05-30 20:38:48,271 | INFO | Gradient norm: 0.0082
2025-05-30 20:38:48,279 | INFO | Train batch  9600/10986 | ms/batch 197.53 | loss 0.8804 | bpb  1.27 | ppl     2.41 | lr 2.96e-04
2025-05-30 20:39:08,021 | INFO | Gradient norm: 0.0105
2025-05-30 20:39:08,028 | INFO | Train batch  9700/10986 | ms/batch 197.53 | loss 0.8804 | bpb  1.27 | ppl     2.41 | lr 2.96e-04
2025-05-30 20:39:27,771 | INFO | Gradient norm: 0.0149
2025-05-30 20:39:27,779 | INFO | Train batch  9800/10986 | ms/batch 197.53 | loss 0.8804 | bpb  1.27 | ppl     2.41 | lr 2.96e-04
2025-05-30 20:39:47,534 | INFO | Gradient norm: 0.0076
2025-05-30 20:39:47,542 | INFO | Train batch  9900/10986 | ms/batch 197.53 | loss 0.8804 | bpb  1.27 | ppl     2.41 | lr 2.96e-04
2025-05-30 20:40:07,285 | INFO | Gradient norm: 0.0242
2025-05-30 20:40:07,293 | INFO | Train batch 10000/10986 | ms/batch 197.53 | loss 0.8804 | bpb  1.27 | ppl     2.41 | lr 2.96e-04
2025-05-30 20:40:27,038 | INFO | Gradient norm: 0.0096
2025-05-30 20:40:27,046 | INFO | Train batch 10100/10986 | ms/batch 197.53 | loss 0.8804 | bpb  1.27 | ppl     2.41 | lr 2.96e-04
2025-05-30 20:40:46,800 | INFO | Gradient norm: 0.0097
2025-05-30 20:40:46,808 | INFO | Train batch 10200/10986 | ms/batch 197.53 | loss 0.8804 | bpb  1.27 | ppl     2.41 | lr 2.96e-04
2025-05-30 20:41:06,552 | INFO | Gradient norm: 0.0083
2025-05-30 20:41:06,560 | INFO | Train batch 10300/10986 | ms/batch 197.53 | loss 0.8804 | bpb  1.27 | ppl     2.41 | lr 2.96e-04
2025-05-30 20:41:26,302 | INFO | Gradient norm: 0.0101
2025-05-30 20:41:26,310 | INFO | Train batch 10400/10986 | ms/batch 197.53 | loss 0.8804 | bpb  1.27 | ppl     2.41 | lr 2.96e-04
2025-05-30 20:41:46,067 | INFO | Gradient norm: 0.0094
2025-05-30 20:41:46,075 | INFO | Train batch 10500/10986 | ms/batch 197.53 | loss 0.8804 | bpb  1.27 | ppl     2.41 | lr 2.96e-04
2025-05-30 20:42:05,817 | INFO | Gradient norm: 0.0132
2025-05-30 20:42:05,825 | INFO | Train batch 10600/10986 | ms/batch 197.53 | loss 0.8804 | bpb  1.27 | ppl     2.41 | lr 2.96e-04
2025-05-30 20:42:25,578 | INFO | Gradient norm: 0.0073
2025-05-30 20:42:25,586 | INFO | Train batch 10700/10986 | ms/batch 197.53 | loss 0.8804 | bpb  1.27 | ppl     2.41 | lr 2.96e-04
2025-05-30 20:42:45,331 | INFO | Gradient norm: 0.0106
2025-05-30 20:42:45,339 | INFO | Train batch 10800/10986 | ms/batch 197.53 | loss 0.8804 | bpb  1.27 | ppl     2.41 | lr 2.96e-04
2025-05-30 20:43:05,081 | INFO | Gradient norm: 0.0093
2025-05-30 20:43:05,089 | INFO | Train batch 10900/10986 | ms/batch 197.53 | loss 0.8804 | bpb  1.27 | ppl     2.41 | lr 2.96e-04
2025-05-30 20:44:34,530 | INFO | Epoch   3 | time: 2242.71s | train bpb  1.27 | valid bpb  1.27
2025-05-30 20:44:36,086 | INFO | Saved new best model with validation bpb:  1.27
2025-05-30 20:44:36,891 | INFO | Input shape: torch.Size([16, 511]), Target shape: torch.Size([16, 511])
2025-05-30 20:44:36,892 | INFO | Input range: [10, 226]
2025-05-30 20:44:36,892 | INFO | Target range: [10, 226]
2025-05-30 20:44:36,933 | INFO | Output shape: torch.Size([8176, 256]), Reshaped target shape: torch.Size([8176])
2025-05-30 20:44:36,935 | INFO | Output range: [-8.1875, 9.8359375]
2025-05-30 20:44:36,935 | INFO | Sample probabilities: max=0.9089319109916687, min=0.0002513046783860773
2025-05-30 20:44:36,936 | INFO | Raw loss value: 0.8808397650718689
2025-05-30 20:44:36,936 | INFO | Batch 0 loss stats - Mean: -0.3828, Std: 1.0615
2025-05-30 20:44:37,100 | INFO | Gradient norm: 0.0321
2025-05-30 20:44:37,108 | INFO | Train batch     0/10986 | ms/batch 217.18 | loss 0.8808 | bpb  1.27 | ppl     2.41 | lr 2.96e-04
2025-05-30 20:44:56,768 | INFO | Gradient norm: 0.0082
2025-05-30 20:44:56,776 | INFO | Train batch   100/10986 | ms/batch 196.88 | loss 0.8816 | bpb  1.27 | ppl     2.41 | lr 2.96e-04
2025-05-30 20:45:16,496 | INFO | Gradient norm: 0.0086
2025-05-30 20:45:16,503 | INFO | Train batch   200/10986 | ms/batch 197.08 | loss 0.8812 | bpb  1.27 | ppl     2.41 | lr 2.96e-04
2025-05-30 20:45:36,248 | INFO | Gradient norm: 0.0207
2025-05-30 20:45:36,256 | INFO | Train batch   300/10986 | ms/batch 197.22 | loss 0.8808 | bpb  1.27 | ppl     2.41 | lr 2.96e-04
2025-05-30 20:45:56,007 | INFO | Gradient norm: 0.0111
2025-05-30 20:45:56,015 | INFO | Train batch   400/10986 | ms/batch 197.32 | loss 0.8807 | bpb  1.27 | ppl     2.41 | lr 2.96e-04
2025-05-30 20:46:15,751 | INFO | Gradient norm: 0.0122
2025-05-30 20:46:15,759 | INFO | Train batch   500/10986 | ms/batch 197.34 | loss 0.8806 | bpb  1.27 | ppl     2.41 | lr 2.96e-04
2025-05-30 20:46:35,493 | INFO | Gradient norm: 0.0112
2025-05-30 20:46:35,501 | INFO | Train batch   600/10986 | ms/batch 197.35 | loss 0.8805 | bpb  1.27 | ppl     2.41 | lr 2.96e-04
2025-05-30 20:46:55,240 | INFO | Gradient norm: 0.0278
2025-05-30 20:46:55,248 | INFO | Train batch   700/10986 | ms/batch 197.37 | loss 0.8805 | bpb  1.27 | ppl     2.41 | lr 2.96e-04
2025-05-30 20:47:14,977 | INFO | Gradient norm: 0.0264
2025-05-30 20:47:14,985 | INFO | Train batch   800/10986 | ms/batch 197.37 | loss 0.8804 | bpb  1.27 | ppl     2.41 | lr 2.96e-04
2025-05-30 20:47:34,715 | INFO | Gradient norm: 0.0151
2025-05-30 20:47:34,723 | INFO | Train batch   900/10986 | ms/batch 197.37 | loss 0.8804 | bpb  1.27 | ppl     2.41 | lr 2.96e-04
2025-05-30 20:47:54,462 | INFO | Gradient norm: 0.0108
2025-05-30 20:47:54,470 | INFO | Train batch  1000/10986 | ms/batch 197.38 | loss 0.8804 | bpb  1.27 | ppl     2.41 | lr 2.96e-04
2025-05-30 20:48:14,198 | INFO | Gradient norm: 0.0322
2025-05-30 20:48:14,205 | INFO | Train batch  1100/10986 | ms/batch 197.38 | loss 0.8804 | bpb  1.27 | ppl     2.41 | lr 2.96e-04
2025-05-30 20:48:33,934 | INFO | Gradient norm: 0.0103
2025-05-30 20:48:33,942 | INFO | Train batch  1200/10986 | ms/batch 197.38 | loss 0.8804 | bpb  1.27 | ppl     2.41 | lr 2.96e-04
2025-05-30 20:48:53,679 | INFO | Gradient norm: 0.0276
2025-05-30 20:48:53,687 | INFO | Train batch  1300/10986 | ms/batch 197.38 | loss 0.8804 | bpb  1.27 | ppl     2.41 | lr 2.96e-04
2025-05-30 20:49:13,413 | INFO | Gradient norm: 0.0256
2025-05-30 20:49:13,421 | INFO | Train batch  1400/10986 | ms/batch 197.38 | loss 0.8804 | bpb  1.27 | ppl     2.41 | lr 2.96e-04
2025-05-30 20:49:33,148 | INFO | Gradient norm: 0.0139
2025-05-30 20:49:33,156 | INFO | Train batch  1500/10986 | ms/batch 197.38 | loss 0.8803 | bpb  1.27 | ppl     2.41 | lr 2.96e-04
2025-05-30 20:49:52,891 | INFO | Gradient norm: 0.0101
2025-05-30 20:49:52,899 | INFO | Train batch  1600/10986 | ms/batch 197.38 | loss 0.8803 | bpb  1.27 | ppl     2.41 | lr 2.95e-04
2025-05-30 20:50:12,625 | INFO | Gradient norm: 0.0157
2025-05-30 20:50:12,632 | INFO | Train batch  1700/10986 | ms/batch 197.38 | loss 0.8803 | bpb  1.27 | ppl     2.41 | lr 2.95e-04
2025-05-30 20:50:32,356 | INFO | Gradient norm: 0.0127
2025-05-30 20:50:32,364 | INFO | Train batch  1800/10986 | ms/batch 197.38 | loss 0.8803 | bpb  1.27 | ppl     2.41 | lr 2.95e-04
2025-05-30 20:50:52,097 | INFO | Gradient norm: 0.0087
2025-05-30 20:50:52,105 | INFO | Train batch  1900/10986 | ms/batch 197.38 | loss 0.8803 | bpb  1.27 | ppl     2.41 | lr 2.95e-04
2025-05-30 20:51:11,829 | INFO | Gradient norm: 0.0136
2025-05-30 20:51:11,837 | INFO | Train batch  2000/10986 | ms/batch 197.37 | loss 0.8804 | bpb  1.27 | ppl     2.41 | lr 2.95e-04
2025-05-30 20:51:31,573 | INFO | Gradient norm: 0.0075
2025-05-30 20:51:31,581 | INFO | Train batch  2100/10986 | ms/batch 197.38 | loss 0.8803 | bpb  1.27 | ppl     2.41 | lr 2.95e-04
2025-05-30 20:51:51,308 | INFO | Gradient norm: 0.0249
2025-05-30 20:51:51,316 | INFO | Train batch  2200/10986 | ms/batch 197.38 | loss 0.8803 | bpb  1.27 | ppl     2.41 | lr 2.95e-04
2025-05-30 20:52:11,042 | INFO | Gradient norm: 0.0084
2025-05-30 20:52:11,050 | INFO | Train batch  2300/10986 | ms/batch 197.37 | loss 0.8803 | bpb  1.27 | ppl     2.41 | lr 2.95e-04
2025-05-30 20:52:30,786 | INFO | Gradient norm: 0.0182
2025-05-30 20:52:30,794 | INFO | Train batch  2400/10986 | ms/batch 197.38 | loss 0.8803 | bpb  1.27 | ppl     2.41 | lr 2.95e-04
2025-05-30 20:52:50,521 | INFO | Gradient norm: 0.0272
2025-05-30 20:52:50,529 | INFO | Train batch  2500/10986 | ms/batch 197.38 | loss 0.8803 | bpb  1.27 | ppl     2.41 | lr 2.95e-04
2025-05-30 20:53:10,257 | INFO | Gradient norm: 0.0088
2025-05-30 20:53:10,265 | INFO | Train batch  2600/10986 | ms/batch 197.38 | loss 0.8803 | bpb  1.27 | ppl     2.41 | lr 2.95e-04
2025-05-30 20:53:30,002 | INFO | Gradient norm: 0.0092
2025-05-30 20:53:30,010 | INFO | Train batch  2700/10986 | ms/batch 197.38 | loss 0.8803 | bpb  1.27 | ppl     2.41 | lr 2.95e-04
2025-05-30 20:53:49,735 | INFO | Gradient norm: 0.0105
2025-05-30 20:53:49,743 | INFO | Train batch  2800/10986 | ms/batch 197.38 | loss 0.8803 | bpb  1.27 | ppl     2.41 | lr 2.95e-04
2025-05-30 20:54:09,471 | INFO | Gradient norm: 0.0319
2025-05-30 20:54:09,479 | INFO | Train batch  2900/10986 | ms/batch 197.38 | loss 0.8803 | bpb  1.27 | ppl     2.41 | lr 2.95e-04
2025-05-30 20:54:29,216 | INFO | Gradient norm: 0.0092
2025-05-30 20:54:29,224 | INFO | Train batch  3000/10986 | ms/batch 197.38 | loss 0.8803 | bpb  1.27 | ppl     2.41 | lr 2.95e-04
2025-05-30 20:54:48,951 | INFO | Gradient norm: 0.0124
2025-05-30 20:54:48,959 | INFO | Train batch  3100/10986 | ms/batch 197.38 | loss 0.8803 | bpb  1.27 | ppl     2.41 | lr 2.95e-04
2025-05-30 20:55:08,687 | INFO | Gradient norm: 0.0113
2025-05-30 20:55:08,695 | INFO | Train batch  3200/10986 | ms/batch 197.38 | loss 0.8803 | bpb  1.27 | ppl     2.41 | lr 2.95e-04
2025-05-30 20:55:28,433 | INFO | Gradient norm: 0.0267
2025-05-30 20:55:28,441 | INFO | Train batch  3300/10986 | ms/batch 197.38 | loss 0.8803 | bpb  1.27 | ppl     2.41 | lr 2.95e-04
2025-05-30 20:55:48,166 | INFO | Gradient norm: 0.0361
2025-05-30 20:55:48,174 | INFO | Train batch  3400/10986 | ms/batch 197.38 | loss 0.8803 | bpb  1.27 | ppl     2.41 | lr 2.95e-04
2025-05-30 20:56:07,901 | INFO | Gradient norm: 0.0283
2025-05-30 20:56:07,909 | INFO | Train batch  3500/10986 | ms/batch 197.38 | loss 0.8803 | bpb  1.27 | ppl     2.41 | lr 2.95e-04
2025-05-30 20:56:27,647 | INFO | Gradient norm: 0.0103
2025-05-30 20:56:27,655 | INFO | Train batch  3600/10986 | ms/batch 197.38 | loss 0.8803 | bpb  1.27 | ppl     2.41 | lr 2.95e-04
2025-05-30 20:56:47,383 | INFO | Gradient norm: 0.0132
2025-05-30 20:56:47,391 | INFO | Train batch  3700/10986 | ms/batch 197.38 | loss 0.8803 | bpb  1.27 | ppl     2.41 | lr 2.95e-04
2025-05-30 20:57:07,117 | INFO | Gradient norm: 0.0200
2025-05-30 20:57:07,125 | INFO | Train batch  3800/10986 | ms/batch 197.38 | loss 0.8803 | bpb  1.27 | ppl     2.41 | lr 2.95e-04
2025-05-30 20:57:26,864 | INFO | Gradient norm: 0.0090
2025-05-30 20:57:26,871 | INFO | Train batch  3900/10986 | ms/batch 197.38 | loss 0.8803 | bpb  1.27 | ppl     2.41 | lr 2.95e-04
2025-05-30 20:57:46,599 | INFO | Gradient norm: 0.0194
2025-05-30 20:57:46,607 | INFO | Train batch  4000/10986 | ms/batch 197.38 | loss 0.8803 | bpb  1.27 | ppl     2.41 | lr 2.95e-04
2025-05-30 20:58:06,336 | INFO | Gradient norm: 0.0081
2025-05-30 20:58:06,344 | INFO | Train batch  4100/10986 | ms/batch 197.38 | loss 0.8803 | bpb  1.27 | ppl     2.41 | lr 2.95e-04
2025-05-30 20:58:26,081 | INFO | Gradient norm: 0.0161
2025-05-30 20:58:26,089 | INFO | Train batch  4200/10986 | ms/batch 197.38 | loss 0.8803 | bpb  1.27 | ppl     2.41 | lr 2.95e-04
2025-05-30 20:58:45,817 | INFO | Gradient norm: 0.0100
2025-05-30 20:58:45,825 | INFO | Train batch  4300/10986 | ms/batch 197.38 | loss 0.8803 | bpb  1.27 | ppl     2.41 | lr 2.95e-04
2025-05-30 20:59:05,566 | INFO | Gradient norm: 0.0157
2025-05-30 20:59:05,574 | INFO | Train batch  4400/10986 | ms/batch 197.38 | loss 0.8803 | bpb  1.27 | ppl     2.41 | lr 2.95e-04
2025-05-30 20:59:25,302 | INFO | Gradient norm: 0.0298
2025-05-30 20:59:25,309 | INFO | Train batch  4500/10986 | ms/batch 197.38 | loss 0.8803 | bpb  1.27 | ppl     2.41 | lr 2.95e-04
2025-05-30 20:59:45,040 | INFO | Gradient norm: 0.0108
2025-05-30 20:59:45,047 | INFO | Train batch  4600/10986 | ms/batch 197.38 | loss 0.8803 | bpb  1.27 | ppl     2.41 | lr 2.95e-04
2025-05-30 21:00:04,788 | INFO | Gradient norm: 0.0104
2025-05-30 21:00:04,796 | INFO | Train batch  4700/10986 | ms/batch 197.38 | loss 0.8803 | bpb  1.27 | ppl     2.41 | lr 2.95e-04
2025-05-30 21:00:24,524 | INFO | Gradient norm: 0.0073
2025-05-30 21:00:24,532 | INFO | Train batch  4800/10986 | ms/batch 197.38 | loss 0.8803 | bpb  1.27 | ppl     2.41 | lr 2.95e-04
2025-05-30 21:00:44,260 | INFO | Gradient norm: 0.0091
2025-05-30 21:00:44,267 | INFO | Train batch  4900/10986 | ms/batch 197.38 | loss 0.8803 | bpb  1.27 | ppl     2.41 | lr 2.95e-04
2025-05-30 21:01:04,008 | INFO | Gradient norm: 0.0084
2025-05-30 21:01:04,016 | INFO | Train batch  5000/10986 | ms/batch 197.39 | loss 0.8803 | bpb  1.27 | ppl     2.41 | lr 2.95e-04
2025-05-30 21:01:23,745 | INFO | Gradient norm: 0.0139
2025-05-30 21:01:23,753 | INFO | Train batch  5100/10986 | ms/batch 197.39 | loss 0.8803 | bpb  1.27 | ppl     2.41 | lr 2.95e-04
2025-05-30 21:01:43,481 | INFO | Gradient norm: 0.0133
2025-05-30 21:01:43,489 | INFO | Train batch  5200/10986 | ms/batch 197.38 | loss 0.8803 | bpb  1.27 | ppl     2.41 | lr 2.95e-04
2025-05-30 21:02:03,230 | INFO | Gradient norm: 0.0179
2025-05-30 21:02:03,238 | INFO | Train batch  5300/10986 | ms/batch 197.39 | loss 0.8803 | bpb  1.27 | ppl     2.41 | lr 2.95e-04
2025-05-30 21:02:22,967 | INFO | Gradient norm: 0.0086
2025-05-30 21:02:22,975 | INFO | Train batch  5400/10986 | ms/batch 197.39 | loss 0.8803 | bpb  1.27 | ppl     2.41 | lr 2.95e-04
2025-05-30 21:02:42,703 | INFO | Gradient norm: 0.0395
2025-05-30 21:02:42,711 | INFO | Train batch  5500/10986 | ms/batch 197.39 | loss 0.8803 | bpb  1.27 | ppl     2.41 | lr 2.95e-04
2025-05-30 21:03:02,450 | INFO | Gradient norm: 0.0136
2025-05-30 21:03:02,458 | INFO | Train batch  5600/10986 | ms/batch 197.39 | loss 0.8803 | bpb  1.27 | ppl     2.41 | lr 2.95e-04
2025-05-30 21:03:22,186 | INFO | Gradient norm: 0.0153
2025-05-30 21:03:22,194 | INFO | Train batch  5700/10986 | ms/batch 197.39 | loss 0.8803 | bpb  1.27 | ppl     2.41 | lr 2.95e-04
2025-05-30 21:03:41,935 | INFO | Gradient norm: 0.0097
2025-05-30 21:03:41,943 | INFO | Train batch  5800/10986 | ms/batch 197.39 | loss 0.8803 | bpb  1.27 | ppl     2.41 | lr 2.95e-04
2025-05-30 21:04:01,670 | INFO | Gradient norm: 0.0096
2025-05-30 21:04:01,678 | INFO | Train batch  5900/10986 | ms/batch 197.39 | loss 0.8803 | bpb  1.27 | ppl     2.41 | lr 2.95e-04
2025-05-30 21:04:21,408 | INFO | Gradient norm: 0.0147
2025-05-30 21:04:21,416 | INFO | Train batch  6000/10986 | ms/batch 197.39 | loss 0.8803 | bpb  1.27 | ppl     2.41 | lr 2.95e-04
2025-05-30 21:04:41,160 | INFO | Gradient norm: 0.0118
2025-05-30 21:04:41,168 | INFO | Train batch  6100/10986 | ms/batch 197.39 | loss 0.8803 | bpb  1.27 | ppl     2.41 | lr 2.95e-04
2025-05-30 21:05:00,897 | INFO | Gradient norm: 0.0151
2025-05-30 21:05:00,905 | INFO | Train batch  6200/10986 | ms/batch 197.39 | loss 0.8803 | bpb  1.27 | ppl     2.41 | lr 2.94e-04
2025-05-30 21:05:20,635 | INFO | Gradient norm: 0.0167
2025-05-30 21:05:20,643 | INFO | Train batch  6300/10986 | ms/batch 197.39 | loss 0.8803 | bpb  1.27 | ppl     2.41 | lr 2.94e-04
2025-05-30 21:05:40,385 | INFO | Gradient norm: 0.0113
2025-05-30 21:05:40,393 | INFO | Train batch  6400/10986 | ms/batch 197.39 | loss 0.8803 | bpb  1.27 | ppl     2.41 | lr 2.94e-04
2025-05-30 21:06:00,124 | INFO | Gradient norm: 0.0083
2025-05-30 21:06:00,132 | INFO | Train batch  6500/10986 | ms/batch 197.39 | loss 0.8803 | bpb  1.27 | ppl     2.41 | lr 2.94e-04
2025-05-30 21:06:19,863 | INFO | Gradient norm: 0.0162
2025-05-30 21:06:19,870 | INFO | Train batch  6600/10986 | ms/batch 197.39 | loss 0.8803 | bpb  1.27 | ppl     2.41 | lr 2.94e-04
2025-05-30 21:06:39,612 | INFO | Gradient norm: 0.0226
2025-05-30 21:06:39,619 | INFO | Train batch  6700/10986 | ms/batch 197.39 | loss 0.8803 | bpb  1.27 | ppl     2.41 | lr 2.94e-04
2025-05-30 21:06:59,351 | INFO | Gradient norm: 0.0292
2025-05-30 21:06:59,359 | INFO | Train batch  6800/10986 | ms/batch 197.39 | loss 0.8803 | bpb  1.27 | ppl     2.41 | lr 2.94e-04
2025-05-30 21:07:19,090 | INFO | Gradient norm: 0.0087
2025-05-30 21:07:19,097 | INFO | Train batch  6900/10986 | ms/batch 197.39 | loss 0.8803 | bpb  1.27 | ppl     2.41 | lr 2.94e-04
2025-05-30 21:07:38,837 | INFO | Gradient norm: 0.0096
2025-05-30 21:07:38,845 | INFO | Train batch  7000/10986 | ms/batch 197.39 | loss 0.8803 | bpb  1.27 | ppl     2.41 | lr 2.94e-04
2025-05-30 21:07:58,575 | INFO | Gradient norm: 0.0099
2025-05-30 21:07:58,582 | INFO | Train batch  7100/10986 | ms/batch 197.39 | loss 0.8803 | bpb  1.27 | ppl     2.41 | lr 2.94e-04
2025-05-30 21:08:18,323 | INFO | Gradient norm: 0.0102
2025-05-30 21:08:18,330 | INFO | Train batch  7200/10986 | ms/batch 197.39 | loss 0.8803 | bpb  1.27 | ppl     2.41 | lr 2.94e-04
2025-05-30 21:08:38,058 | INFO | Gradient norm: 0.0292
2025-05-30 21:08:38,066 | INFO | Train batch  7300/10986 | ms/batch 197.39 | loss 0.8803 | bpb  1.27 | ppl     2.41 | lr 2.94e-04
2025-05-30 21:08:57,797 | INFO | Gradient norm: 0.0115
2025-05-30 21:08:57,804 | INFO | Train batch  7400/10986 | ms/batch 197.39 | loss 0.8803 | bpb  1.27 | ppl     2.41 | lr 2.94e-04
2025-05-30 21:09:17,549 | INFO | Gradient norm: 0.0083
2025-05-30 21:09:17,557 | INFO | Train batch  7500/10986 | ms/batch 197.40 | loss 0.8803 | bpb  1.27 | ppl     2.41 | lr 2.94e-04
2025-05-30 21:09:37,287 | INFO | Gradient norm: 0.0093
2025-05-30 21:09:37,295 | INFO | Train batch  7600/10986 | ms/batch 197.40 | loss 0.8803 | bpb  1.27 | ppl     2.41 | lr 2.94e-04
2025-05-30 21:09:57,027 | INFO | Gradient norm: 0.0103
2025-05-30 21:09:57,035 | INFO | Train batch  7700/10986 | ms/batch 197.40 | loss 0.8803 | bpb  1.27 | ppl     2.41 | lr 2.94e-04
2025-05-30 21:10:16,780 | INFO | Gradient norm: 0.0198
2025-05-30 21:10:16,788 | INFO | Train batch  7800/10986 | ms/batch 197.40 | loss 0.8803 | bpb  1.27 | ppl     2.41 | lr 2.94e-04
2025-05-30 21:10:36,517 | INFO | Gradient norm: 0.0154
2025-05-30 21:10:36,525 | INFO | Train batch  7900/10986 | ms/batch 197.40 | loss 0.8803 | bpb  1.27 | ppl     2.41 | lr 2.94e-04
2025-05-30 21:10:56,257 | INFO | Gradient norm: 0.0120
2025-05-30 21:10:56,265 | INFO | Train batch  8000/10986 | ms/batch 197.40 | loss 0.8803 | bpb  1.27 | ppl     2.41 | lr 2.94e-04
2025-05-30 21:11:16,009 | INFO | Gradient norm: 0.0207
2025-05-30 21:11:16,017 | INFO | Train batch  8100/10986 | ms/batch 197.40 | loss 0.8803 | bpb  1.27 | ppl     2.41 | lr 2.94e-04
2025-05-30 21:11:35,749 | INFO | Gradient norm: 0.0107
2025-05-30 21:11:35,757 | INFO | Train batch  8200/10986 | ms/batch 197.40 | loss 0.8803 | bpb  1.27 | ppl     2.41 | lr 2.94e-04
2025-05-30 21:11:55,490 | INFO | Gradient norm: 0.0088
2025-05-30 21:11:55,497 | INFO | Train batch  8300/10986 | ms/batch 197.40 | loss 0.8803 | bpb  1.27 | ppl     2.41 | lr 2.94e-04
2025-05-30 21:12:15,243 | INFO | Gradient norm: 0.0107
2025-05-30 21:12:15,250 | INFO | Train batch  8400/10986 | ms/batch 197.40 | loss 0.8803 | bpb  1.27 | ppl     2.41 | lr 2.94e-04
2025-05-30 21:12:34,980 | INFO | Gradient norm: 0.0117
2025-05-30 21:12:34,988 | INFO | Train batch  8500/10986 | ms/batch 197.40 | loss 0.8803 | bpb  1.27 | ppl     2.41 | lr 2.94e-04
2025-05-30 21:12:54,718 | INFO | Gradient norm: 0.0106
2025-05-30 21:12:54,726 | INFO | Train batch  8600/10986 | ms/batch 197.40 | loss 0.8803 | bpb  1.27 | ppl     2.41 | lr 2.94e-04
2025-05-30 21:13:14,466 | INFO | Gradient norm: 0.0121
2025-05-30 21:13:14,474 | INFO | Train batch  8700/10986 | ms/batch 197.40 | loss 0.8803 | bpb  1.27 | ppl     2.41 | lr 2.94e-04
2025-05-30 21:13:34,205 | INFO | Gradient norm: 0.0161
2025-05-30 21:13:34,213 | INFO | Train batch  8800/10986 | ms/batch 197.40 | loss 0.8802 | bpb  1.27 | ppl     2.41 | lr 2.94e-04
2025-05-30 21:13:53,958 | INFO | Gradient norm: 0.0112
2025-05-30 21:13:53,966 | INFO | Train batch  8900/10986 | ms/batch 197.40 | loss 0.8802 | bpb  1.27 | ppl     2.41 | lr 2.94e-04
2025-05-30 21:14:13,698 | INFO | Gradient norm: 0.0112
2025-05-30 21:14:13,706 | INFO | Train batch  9000/10986 | ms/batch 197.40 | loss 0.8802 | bpb  1.27 | ppl     2.41 | lr 2.94e-04
2025-05-30 21:14:33,438 | INFO | Gradient norm: 0.0113
2025-05-30 21:14:33,446 | INFO | Train batch  9100/10986 | ms/batch 197.40 | loss 0.8802 | bpb  1.27 | ppl     2.41 | lr 2.94e-04
2025-05-30 21:14:53,189 | INFO | Gradient norm: 0.0080
2025-05-30 21:14:53,197 | INFO | Train batch  9200/10986 | ms/batch 197.40 | loss 0.8802 | bpb  1.27 | ppl     2.41 | lr 2.94e-04
2025-05-30 21:15:12,929 | INFO | Gradient norm: 0.0319
2025-05-30 21:15:12,937 | INFO | Train batch  9300/10986 | ms/batch 197.40 | loss 0.8802 | bpb  1.27 | ppl     2.41 | lr 2.94e-04
2025-05-30 21:15:32,667 | INFO | Gradient norm: 0.0104
2025-05-30 21:15:32,675 | INFO | Train batch  9400/10986 | ms/batch 197.40 | loss 0.8802 | bpb  1.27 | ppl     2.41 | lr 2.94e-04
2025-05-30 21:15:52,414 | INFO | Gradient norm: 0.0174
2025-05-30 21:15:52,422 | INFO | Train batch  9500/10986 | ms/batch 197.40 | loss 0.8802 | bpb  1.27 | ppl     2.41 | lr 2.94e-04
2025-05-30 21:16:12,154 | INFO | Gradient norm: 0.0095
2025-05-30 21:16:12,161 | INFO | Train batch  9600/10986 | ms/batch 197.40 | loss 0.8802 | bpb  1.27 | ppl     2.41 | lr 2.94e-04
2025-05-30 21:16:31,891 | INFO | Gradient norm: 0.0100
2025-05-30 21:16:31,899 | INFO | Train batch  9700/10986 | ms/batch 197.40 | loss 0.8802 | bpb  1.27 | ppl     2.41 | lr 2.94e-04
2025-05-30 21:16:51,641 | INFO | Gradient norm: 0.0097
2025-05-30 21:16:51,648 | INFO | Train batch  9800/10986 | ms/batch 197.40 | loss 0.8802 | bpb  1.27 | ppl     2.41 | lr 2.94e-04
2025-05-30 21:17:11,379 | INFO | Gradient norm: 0.0390
2025-05-30 21:17:11,387 | INFO | Train batch  9900/10986 | ms/batch 197.40 | loss 0.8802 | bpb  1.27 | ppl     2.41 | lr 2.94e-04
2025-05-30 21:17:31,119 | INFO | Gradient norm: 0.0123
2025-05-30 21:17:31,126 | INFO | Train batch 10000/10986 | ms/batch 197.40 | loss 0.8802 | bpb  1.27 | ppl     2.41 | lr 2.94e-04
2025-05-30 21:17:50,871 | INFO | Gradient norm: 0.0213
2025-05-30 21:17:50,879 | INFO | Train batch 10100/10986 | ms/batch 197.40 | loss 0.8802 | bpb  1.27 | ppl     2.41 | lr 2.94e-04
2025-05-30 21:18:10,610 | INFO | Gradient norm: 0.0152
2025-05-30 21:18:10,618 | INFO | Train batch 10200/10986 | ms/batch 197.40 | loss 0.8802 | bpb  1.27 | ppl     2.41 | lr 2.94e-04
2025-05-30 21:18:30,364 | INFO | Gradient norm: 0.0243
2025-05-30 21:18:30,372 | INFO | Train batch 10300/10986 | ms/batch 197.41 | loss 0.8802 | bpb  1.27 | ppl     2.41 | lr 2.94e-04
2025-05-30 21:18:50,104 | INFO | Gradient norm: 0.0109
2025-05-30 21:18:50,112 | INFO | Train batch 10400/10986 | ms/batch 197.41 | loss 0.8802 | bpb  1.27 | ppl     2.41 | lr 2.94e-04
2025-05-30 21:19:09,842 | INFO | Gradient norm: 0.0153
2025-05-30 21:19:09,850 | INFO | Train batch 10500/10986 | ms/batch 197.41 | loss 0.8802 | bpb  1.27 | ppl     2.41 | lr 2.93e-04
2025-05-30 21:19:29,591 | INFO | Gradient norm: 0.0085
2025-05-30 21:19:29,599 | INFO | Train batch 10600/10986 | ms/batch 197.41 | loss 0.8802 | bpb  1.27 | ppl     2.41 | lr 2.93e-04
2025-05-30 21:19:49,330 | INFO | Gradient norm: 0.0069
2025-05-30 21:19:49,338 | INFO | Train batch 10700/10986 | ms/batch 197.41 | loss 0.8802 | bpb  1.27 | ppl     2.41 | lr 2.93e-04
2025-05-30 21:20:09,071 | INFO | Gradient norm: 0.0216
2025-05-30 21:20:09,079 | INFO | Train batch 10800/10986 | ms/batch 197.41 | loss 0.8802 | bpb  1.27 | ppl     2.41 | lr 2.93e-04
2025-05-30 21:20:28,825 | INFO | Gradient norm: 0.0091
2025-05-30 21:20:28,833 | INFO | Train batch 10900/10986 | ms/batch 197.41 | loss 0.8802 | bpb  1.27 | ppl     2.41 | lr 2.93e-04
2025-05-30 21:21:57,833 | INFO | Epoch   4 | time: 2240.94s | train bpb  1.27 | valid bpb  1.27
2025-05-30 21:21:59,012 | INFO | Saved new best model with validation bpb:  1.27
2025-05-30 21:21:59,956 | INFO | Input shape: torch.Size([16, 511]), Target shape: torch.Size([16, 511])
2025-05-30 21:21:59,956 | INFO | Input range: [10, 226]
2025-05-30 21:21:59,957 | INFO | Target range: [10, 226]
2025-05-30 21:21:59,998 | INFO | Output shape: torch.Size([8176, 256]), Reshaped target shape: torch.Size([8176])
2025-05-30 21:22:00,000 | INFO | Output range: [-9.7578125, 10.109375]
2025-05-30 21:22:00,000 | INFO | Sample probabilities: max=0.9047823548316956, min=0.0002698004536796361
2025-05-30 21:22:00,001 | INFO | Raw loss value: 0.8799079656600952
2025-05-30 21:22:00,001 | INFO | Batch 0 loss stats - Mean: -0.4180, Std: 1.1982
2025-05-30 21:22:00,155 | INFO | Gradient norm: 0.0183
2025-05-30 21:22:00,163 | INFO | Train batch     0/10986 | ms/batch 207.18 | loss 0.8799 | bpb  1.27 | ppl     2.41 | lr 2.93e-04
2025-05-30 21:22:19,829 | INFO | Gradient norm: 0.0367
2025-05-30 21:22:19,837 | INFO | Train batch   100/10986 | ms/batch 196.84 | loss 0.8814 | bpb  1.27 | ppl     2.41 | lr 2.93e-04
2025-05-30 21:22:39,545 | INFO | Gradient norm: 0.0129
2025-05-30 21:22:39,553 | INFO | Train batch   200/10986 | ms/batch 197.00 | loss 0.8809 | bpb  1.27 | ppl     2.41 | lr 2.93e-04
2025-05-30 21:22:59,288 | INFO | Gradient norm: 0.0218
2025-05-30 21:22:59,296 | INFO | Train batch   300/10986 | ms/batch 197.14 | loss 0.8806 | bpb  1.27 | ppl     2.41 | lr 2.93e-04
2025-05-30 21:23:19,050 | INFO | Gradient norm: 0.0090
2025-05-30 21:23:19,058 | INFO | Train batch   400/10986 | ms/batch 197.26 | loss 0.8805 | bpb  1.27 | ppl     2.41 | lr 2.93e-04
2025-05-30 21:23:38,832 | INFO | Gradient norm: 0.0095
2025-05-30 21:23:38,840 | INFO | Train batch   500/10986 | ms/batch 197.37 | loss 0.8804 | bpb  1.27 | ppl     2.41 | lr 2.93e-04
2025-05-30 21:23:58,600 | INFO | Gradient norm: 0.0229
2025-05-30 21:23:58,608 | INFO | Train batch   600/10986 | ms/batch 197.42 | loss 0.8803 | bpb  1.27 | ppl     2.41 | lr 2.93e-04
2025-05-30 21:24:18,369 | INFO | Gradient norm: 0.0091
2025-05-30 21:24:18,377 | INFO | Train batch   700/10986 | ms/batch 197.46 | loss 0.8803 | bpb  1.27 | ppl     2.41 | lr 2.93e-04
2025-05-30 21:24:38,150 | INFO | Gradient norm: 0.0158
2025-05-30 21:24:38,158 | INFO | Train batch   800/10986 | ms/batch 197.51 | loss 0.8803 | bpb  1.27 | ppl     2.41 | lr 2.93e-04
2025-05-30 21:24:57,908 | INFO | Gradient norm: 0.0181
2025-05-30 21:24:57,916 | INFO | Train batch   900/10986 | ms/batch 197.51 | loss 0.8802 | bpb  1.27 | ppl     2.41 | lr 2.93e-04
2025-05-30 21:25:17,662 | INFO | Gradient norm: 0.0113
2025-05-30 21:25:17,670 | INFO | Train batch  1000/10986 | ms/batch 197.52 | loss 0.8802 | bpb  1.27 | ppl     2.41 | lr 2.93e-04
2025-05-30 21:25:37,425 | INFO | Gradient norm: 0.0079
2025-05-30 21:25:37,433 | INFO | Train batch  1100/10986 | ms/batch 197.53 | loss 0.8802 | bpb  1.27 | ppl     2.41 | lr 2.93e-04
2025-05-30 21:25:57,171 | INFO | Gradient norm: 0.0188
2025-05-30 21:25:57,178 | INFO | Train batch  1200/10986 | ms/batch 197.52 | loss 0.8802 | bpb  1.27 | ppl     2.41 | lr 2.93e-04
2025-05-30 21:26:16,915 | INFO | Gradient norm: 0.0157
2025-05-30 21:26:16,922 | INFO | Train batch  1300/10986 | ms/batch 197.51 | loss 0.8802 | bpb  1.27 | ppl     2.41 | lr 2.93e-04
2025-05-30 21:26:36,670 | INFO | Gradient norm: 0.0278
2025-05-30 21:26:36,678 | INFO | Train batch  1400/10986 | ms/batch 197.52 | loss 0.8802 | bpb  1.27 | ppl     2.41 | lr 2.93e-04
2025-05-30 21:26:56,414 | INFO | Gradient norm: 0.0083
2025-05-30 21:26:56,422 | INFO | Train batch  1500/10986 | ms/batch 197.51 | loss 0.8802 | bpb  1.27 | ppl     2.41 | lr 2.93e-04
2025-05-30 21:27:16,158 | INFO | Gradient norm: 0.0091
2025-05-30 21:27:16,166 | INFO | Train batch  1600/10986 | ms/batch 197.51 | loss 0.8801 | bpb  1.27 | ppl     2.41 | lr 2.93e-04
2025-05-30 21:27:35,914 | INFO | Gradient norm: 0.0102
2025-05-30 21:27:35,922 | INFO | Train batch  1700/10986 | ms/batch 197.51 | loss 0.8802 | bpb  1.27 | ppl     2.41 | lr 2.93e-04
2025-05-30 21:27:55,658 | INFO | Gradient norm: 0.0094
2025-05-30 21:27:55,666 | INFO | Train batch  1800/10986 | ms/batch 197.51 | loss 0.8802 | bpb  1.27 | ppl     2.41 | lr 2.93e-04
2025-05-30 21:28:15,404 | INFO | Gradient norm: 0.0221
2025-05-30 21:28:15,412 | INFO | Train batch  1900/10986 | ms/batch 197.50 | loss 0.8801 | bpb  1.27 | ppl     2.41 | lr 2.93e-04
2025-05-30 21:28:35,158 | INFO | Gradient norm: 0.0081
2025-05-30 21:28:35,166 | INFO | Train batch  2000/10986 | ms/batch 197.51 | loss 0.8802 | bpb  1.27 | ppl     2.41 | lr 2.93e-04
2025-05-30 21:28:54,904 | INFO | Gradient norm: 0.0073
2025-05-30 21:28:54,912 | INFO | Train batch  2100/10986 | ms/batch 197.50 | loss 0.8802 | bpb  1.27 | ppl     2.41 | lr 2.93e-04
2025-05-30 21:29:14,650 | INFO | Gradient norm: 0.0081
2025-05-30 21:29:14,658 | INFO | Train batch  2200/10986 | ms/batch 197.50 | loss 0.8802 | bpb  1.27 | ppl     2.41 | lr 2.93e-04
2025-05-30 21:29:34,407 | INFO | Gradient norm: 0.0143
2025-05-30 21:29:34,415 | INFO | Train batch  2300/10986 | ms/batch 197.51 | loss 0.8802 | bpb  1.27 | ppl     2.41 | lr 2.93e-04
2025-05-30 21:29:54,151 | INFO | Gradient norm: 0.0084
2025-05-30 21:29:54,159 | INFO | Train batch  2400/10986 | ms/batch 197.50 | loss 0.8802 | bpb  1.27 | ppl     2.41 | lr 2.93e-04
2025-05-30 21:30:13,899 | INFO | Gradient norm: 0.0159
2025-05-30 21:30:13,907 | INFO | Train batch  2500/10986 | ms/batch 197.50 | loss 0.8802 | bpb  1.27 | ppl     2.41 | lr 2.93e-04
2025-05-30 21:30:33,658 | INFO | Gradient norm: 0.0097
2025-05-30 21:30:33,666 | INFO | Train batch  2600/10986 | ms/batch 197.50 | loss 0.8801 | bpb  1.27 | ppl     2.41 | lr 2.93e-04
2025-05-30 21:30:53,405 | INFO | Gradient norm: 0.0119
2025-05-30 21:30:53,413 | INFO | Train batch  2700/10986 | ms/batch 197.50 | loss 0.8801 | bpb  1.27 | ppl     2.41 | lr 2.93e-04
2025-05-30 21:31:13,152 | INFO | Gradient norm: 0.0102
2025-05-30 21:31:13,160 | INFO | Train batch  2800/10986 | ms/batch 197.50 | loss 0.8801 | bpb  1.27 | ppl     2.41 | lr 2.93e-04
2025-05-30 21:31:32,911 | INFO | Gradient norm: 0.0171
2025-05-30 21:31:32,919 | INFO | Train batch  2900/10986 | ms/batch 197.51 | loss 0.8801 | bpb  1.27 | ppl     2.41 | lr 2.93e-04
2025-05-30 21:31:52,659 | INFO | Gradient norm: 0.0143
2025-05-30 21:31:52,667 | INFO | Train batch  3000/10986 | ms/batch 197.50 | loss 0.8801 | bpb  1.27 | ppl     2.41 | lr 2.93e-04
2025-05-30 21:32:12,410 | INFO | Gradient norm: 0.0099
2025-05-30 21:32:12,418 | INFO | Train batch  3100/10986 | ms/batch 197.50 | loss 0.8801 | bpb  1.27 | ppl     2.41 | lr 2.93e-04
2025-05-30 21:32:32,171 | INFO | Gradient norm: 0.0088
2025-05-30 21:32:32,179 | INFO | Train batch  3200/10986 | ms/batch 197.51 | loss 0.8801 | bpb  1.27 | ppl     2.41 | lr 2.93e-04
2025-05-30 21:32:51,919 | INFO | Gradient norm: 0.0127
2025-05-30 21:32:51,927 | INFO | Train batch  3300/10986 | ms/batch 197.51 | loss 0.8801 | bpb  1.27 | ppl     2.41 | lr 2.93e-04
2025-05-30 21:33:11,666 | INFO | Gradient norm: 0.0101
2025-05-30 21:33:11,674 | INFO | Train batch  3400/10986 | ms/batch 197.51 | loss 0.8801 | bpb  1.27 | ppl     2.41 | lr 2.92e-04
2025-05-30 21:33:31,425 | INFO | Gradient norm: 0.0093
2025-05-30 21:33:31,433 | INFO | Train batch  3500/10986 | ms/batch 197.51 | loss 0.8801 | bpb  1.27 | ppl     2.41 | lr 2.92e-04
2025-05-30 21:33:51,171 | INFO | Gradient norm: 0.0106
2025-05-30 21:33:51,178 | INFO | Train batch  3600/10986 | ms/batch 197.51 | loss 0.8801 | bpb  1.27 | ppl     2.41 | lr 2.92e-04
2025-05-30 21:34:10,928 | INFO | Gradient norm: 0.0125
2025-05-30 21:34:10,936 | INFO | Train batch  3700/10986 | ms/batch 197.51 | loss 0.8801 | bpb  1.27 | ppl     2.41 | lr 2.92e-04
2025-05-30 21:34:30,677 | INFO | Gradient norm: 0.0092
2025-05-30 21:34:30,685 | INFO | Train batch  3800/10986 | ms/batch 197.51 | loss 0.8801 | bpb  1.27 | ppl     2.41 | lr 2.92e-04
2025-05-30 21:34:50,426 | INFO | Gradient norm: 0.0210
2025-05-30 21:34:50,434 | INFO | Train batch  3900/10986 | ms/batch 197.51 | loss 0.8801 | bpb  1.27 | ppl     2.41 | lr 2.92e-04
2025-05-30 21:35:10,186 | INFO | Gradient norm: 0.0197
2025-05-30 21:35:10,194 | INFO | Train batch  4000/10986 | ms/batch 197.51 | loss 0.8801 | bpb  1.27 | ppl     2.41 | lr 2.92e-04
2025-05-30 21:35:29,936 | INFO | Gradient norm: 0.0291
2025-05-30 21:35:29,944 | INFO | Train batch  4100/10986 | ms/batch 197.51 | loss 0.8801 | bpb  1.27 | ppl     2.41 | lr 2.92e-04
2025-05-30 21:35:49,687 | INFO | Gradient norm: 0.0143
2025-05-30 21:35:49,695 | INFO | Train batch  4200/10986 | ms/batch 197.51 | loss 0.8801 | bpb  1.27 | ppl     2.41 | lr 2.92e-04
2025-05-30 21:36:09,447 | INFO | Gradient norm: 0.0190
2025-05-30 21:36:09,455 | INFO | Train batch  4300/10986 | ms/batch 197.51 | loss 0.8801 | bpb  1.27 | ppl     2.41 | lr 2.92e-04
2025-05-30 21:36:29,195 | INFO | Gradient norm: 0.0239
2025-05-30 21:36:29,203 | INFO | Train batch  4400/10986 | ms/batch 197.51 | loss 0.8801 | bpb  1.27 | ppl     2.41 | lr 2.92e-04
2025-05-30 21:36:48,946 | INFO | Gradient norm: 0.0098
2025-05-30 21:36:48,954 | INFO | Train batch  4500/10986 | ms/batch 197.51 | loss 0.8801 | bpb  1.27 | ppl     2.41 | lr 2.92e-04
2025-05-30 21:37:08,706 | INFO | Gradient norm: 0.0108
2025-05-30 21:37:08,714 | INFO | Train batch  4600/10986 | ms/batch 197.51 | loss 0.8801 | bpb  1.27 | ppl     2.41 | lr 2.92e-04
2025-05-30 21:37:28,455 | INFO | Gradient norm: 0.0096
2025-05-30 21:37:28,463 | INFO | Train batch  4700/10986 | ms/batch 197.51 | loss 0.8801 | bpb  1.27 | ppl     2.41 | lr 2.92e-04
2025-05-30 21:37:48,206 | INFO | Gradient norm: 0.0095
2025-05-30 21:37:48,214 | INFO | Train batch  4800/10986 | ms/batch 197.51 | loss 0.8801 | bpb  1.27 | ppl     2.41 | lr 2.92e-04
2025-05-30 21:38:07,967 | INFO | Gradient norm: 0.0260
2025-05-30 21:38:07,975 | INFO | Train batch  4900/10986 | ms/batch 197.51 | loss 0.8801 | bpb  1.27 | ppl     2.41 | lr 2.92e-04
2025-05-30 21:38:27,714 | INFO | Gradient norm: 0.0083
2025-05-30 21:38:27,722 | INFO | Train batch  5000/10986 | ms/batch 197.51 | loss 0.8801 | bpb  1.27 | ppl     2.41 | lr 2.92e-04
2025-05-30 21:38:47,464 | INFO | Gradient norm: 0.0095
2025-05-30 21:38:47,472 | INFO | Train batch  5100/10986 | ms/batch 197.51 | loss 0.8801 | bpb  1.27 | ppl     2.41 | lr 2.92e-04
2025-05-30 21:39:07,221 | INFO | Gradient norm: 0.0112
2025-05-30 21:39:07,229 | INFO | Train batch  5200/10986 | ms/batch 197.51 | loss 0.8801 | bpb  1.27 | ppl     2.41 | lr 2.92e-04
2025-05-30 21:39:26,971 | INFO | Gradient norm: 0.0146
2025-05-30 21:39:26,979 | INFO | Train batch  5300/10986 | ms/batch 197.51 | loss 0.8801 | bpb  1.27 | ppl     2.41 | lr 2.92e-04
2025-05-30 21:39:46,730 | INFO | Gradient norm: 0.0113
2025-05-30 21:39:46,738 | INFO | Train batch  5400/10986 | ms/batch 197.52 | loss 0.8801 | bpb  1.27 | ppl     2.41 | lr 2.92e-04
2025-05-30 21:40:06,480 | INFO | Gradient norm: 0.0082
2025-05-30 21:40:06,488 | INFO | Train batch  5500/10986 | ms/batch 197.52 | loss 0.8801 | bpb  1.27 | ppl     2.41 | lr 2.92e-04
2025-05-30 21:40:26,228 | INFO | Gradient norm: 0.0090
2025-05-30 21:40:26,236 | INFO | Train batch  5600/10986 | ms/batch 197.51 | loss 0.8801 | bpb  1.27 | ppl     2.41 | lr 2.92e-04
2025-05-30 21:40:45,986 | INFO | Gradient norm: 0.0088
2025-05-30 21:40:45,994 | INFO | Train batch  5700/10986 | ms/batch 197.52 | loss 0.8801 | bpb  1.27 | ppl     2.41 | lr 2.92e-04
2025-05-30 21:41:05,732 | INFO | Gradient norm: 0.0068
2025-05-30 21:41:05,740 | INFO | Train batch  5800/10986 | ms/batch 197.51 | loss 0.8801 | bpb  1.27 | ppl     2.41 | lr 2.92e-04
2025-05-30 21:41:25,483 | INFO | Gradient norm: 0.0076
2025-05-30 21:41:25,491 | INFO | Train batch  5900/10986 | ms/batch 197.51 | loss 0.8801 | bpb  1.27 | ppl     2.41 | lr 2.92e-04
2025-05-30 21:41:45,243 | INFO | Gradient norm: 0.0077
2025-05-30 21:41:45,250 | INFO | Train batch  6000/10986 | ms/batch 197.52 | loss 0.8801 | bpb  1.27 | ppl     2.41 | lr 2.92e-04
2025-05-30 21:42:04,993 | INFO | Gradient norm: 0.0131
2025-05-30 21:42:05,001 | INFO | Train batch  6100/10986 | ms/batch 197.52 | loss 0.8801 | bpb  1.27 | ppl     2.41 | lr 2.92e-04
2025-05-30 21:42:24,746 | INFO | Gradient norm: 0.0577
2025-05-30 21:42:24,754 | INFO | Train batch  6200/10986 | ms/batch 197.52 | loss 0.8801 | bpb  1.27 | ppl     2.41 | lr 2.92e-04
2025-05-30 21:42:44,507 | INFO | Gradient norm: 0.0105
2025-05-30 21:42:44,515 | INFO | Train batch  6300/10986 | ms/batch 197.52 | loss 0.8801 | bpb  1.27 | ppl     2.41 | lr 2.92e-04
2025-05-30 21:43:04,258 | INFO | Gradient norm: 0.0157
2025-05-30 21:43:04,266 | INFO | Train batch  6400/10986 | ms/batch 197.52 | loss 0.8801 | bpb  1.27 | ppl     2.41 | lr 2.92e-04
2025-05-30 21:43:24,010 | INFO | Gradient norm: 0.0086
2025-05-30 21:43:24,018 | INFO | Train batch  6500/10986 | ms/batch 197.52 | loss 0.8801 | bpb  1.27 | ppl     2.41 | lr 2.92e-04
2025-05-30 21:43:43,772 | INFO | Gradient norm: 0.0119
2025-05-30 21:43:43,780 | INFO | Train batch  6600/10986 | ms/batch 197.52 | loss 0.8801 | bpb  1.27 | ppl     2.41 | lr 2.92e-04
2025-05-30 21:44:03,522 | INFO | Gradient norm: 0.0116
2025-05-30 21:44:03,530 | INFO | Train batch  6700/10986 | ms/batch 197.52 | loss 0.8801 | bpb  1.27 | ppl     2.41 | lr 2.92e-04
2025-05-30 21:44:23,282 | INFO | Gradient norm: 0.0099
2025-05-30 21:44:23,290 | INFO | Train batch  6800/10986 | ms/batch 197.52 | loss 0.8801 | bpb  1.27 | ppl     2.41 | lr 2.92e-04
2025-05-30 21:44:43,031 | INFO | Gradient norm: 0.0234
2025-05-30 21:44:43,038 | INFO | Train batch  6900/10986 | ms/batch 197.52 | loss 0.8801 | bpb  1.27 | ppl     2.41 | lr 2.92e-04
2025-05-30 21:45:02,778 | INFO | Gradient norm: 0.0097
2025-05-30 21:45:02,786 | INFO | Train batch  7000/10986 | ms/batch 197.52 | loss 0.8801 | bpb  1.27 | ppl     2.41 | lr 2.92e-04
2025-05-30 21:45:22,542 | INFO | Gradient norm: 0.0077
2025-05-30 21:45:22,550 | INFO | Train batch  7100/10986 | ms/batch 197.52 | loss 0.8801 | bpb  1.27 | ppl     2.41 | lr 2.91e-04
2025-05-30 21:45:42,295 | INFO | Gradient norm: 0.0141
2025-05-30 21:45:42,303 | INFO | Train batch  7200/10986 | ms/batch 197.52 | loss 0.8801 | bpb  1.27 | ppl     2.41 | lr 2.91e-04
2025-05-30 21:46:02,048 | INFO | Gradient norm: 0.0220
2025-05-30 21:46:02,055 | INFO | Train batch  7300/10986 | ms/batch 197.52 | loss 0.8801 | bpb  1.27 | ppl     2.41 | lr 2.91e-04
2025-05-30 21:46:21,810 | INFO | Gradient norm: 0.0079
2025-05-30 21:46:21,818 | INFO | Train batch  7400/10986 | ms/batch 197.52 | loss 0.8801 | bpb  1.27 | ppl     2.41 | lr 2.91e-04
2025-05-30 21:46:41,562 | INFO | Gradient norm: 0.0277
2025-05-30 21:46:41,570 | INFO | Train batch  7500/10986 | ms/batch 197.52 | loss 0.8801 | bpb  1.27 | ppl     2.41 | lr 2.91e-04
2025-05-30 21:47:01,312 | INFO | Gradient norm: 0.0137
2025-05-30 21:47:01,320 | INFO | Train batch  7600/10986 | ms/batch 197.52 | loss 0.8801 | bpb  1.27 | ppl     2.41 | lr 2.91e-04
2025-05-30 21:47:21,074 | INFO | Gradient norm: 0.0085
2025-05-30 21:47:21,082 | INFO | Train batch  7700/10986 | ms/batch 197.52 | loss 0.8801 | bpb  1.27 | ppl     2.41 | lr 2.91e-04
2025-05-30 21:47:40,823 | INFO | Gradient norm: 0.0104
2025-05-30 21:47:40,831 | INFO | Train batch  7800/10986 | ms/batch 197.52 | loss 0.8801 | bpb  1.27 | ppl     2.41 | lr 2.91e-04
2025-05-30 21:48:00,573 | INFO | Gradient norm: 0.0075
2025-05-30 21:48:00,581 | INFO | Train batch  7900/10986 | ms/batch 197.52 | loss 0.8801 | bpb  1.27 | ppl     2.41 | lr 2.91e-04
2025-05-30 21:48:20,334 | INFO | Gradient norm: 0.0099
2025-05-30 21:48:20,342 | INFO | Train batch  8000/10986 | ms/batch 197.52 | loss 0.8801 | bpb  1.27 | ppl     2.41 | lr 2.91e-04
2025-05-30 21:48:40,084 | INFO | Gradient norm: 0.0088
2025-05-30 21:48:40,092 | INFO | Train batch  8100/10986 | ms/batch 197.52 | loss 0.8801 | bpb  1.27 | ppl     2.41 | lr 2.91e-04
2025-05-30 21:48:59,844 | INFO | Gradient norm: 0.0113
2025-05-30 21:48:59,852 | INFO | Train batch  8200/10986 | ms/batch 197.52 | loss 0.8801 | bpb  1.27 | ppl     2.41 | lr 2.91e-04
2025-05-30 21:49:19,593 | INFO | Gradient norm: 0.0086
2025-05-30 21:49:19,601 | INFO | Train batch  8300/10986 | ms/batch 197.52 | loss 0.8801 | bpb  1.27 | ppl     2.41 | lr 2.91e-04
2025-05-30 21:49:39,344 | INFO | Gradient norm: 0.0109
2025-05-30 21:49:39,351 | INFO | Train batch  8400/10986 | ms/batch 197.52 | loss 0.8801 | bpb  1.27 | ppl     2.41 | lr 2.91e-04
2025-05-30 21:49:59,107 | INFO | Gradient norm: 0.0088
2025-05-30 21:49:59,115 | INFO | Train batch  8500/10986 | ms/batch 197.52 | loss 0.8801 | bpb  1.27 | ppl     2.41 | lr 2.91e-04
2025-05-30 21:50:18,861 | INFO | Gradient norm: 0.0124
2025-05-30 21:50:18,869 | INFO | Train batch  8600/10986 | ms/batch 197.53 | loss 0.8801 | bpb  1.27 | ppl     2.41 | lr 2.91e-04
2025-05-30 21:50:38,613 | INFO | Gradient norm: 0.0091
2025-05-30 21:50:38,621 | INFO | Train batch  8700/10986 | ms/batch 197.52 | loss 0.8801 | bpb  1.27 | ppl     2.41 | lr 2.91e-04
2025-05-30 21:50:58,377 | INFO | Gradient norm: 0.0094
2025-05-30 21:50:58,385 | INFO | Train batch  8800/10986 | ms/batch 197.53 | loss 0.8801 | bpb  1.27 | ppl     2.41 | lr 2.91e-04
2025-05-30 21:51:18,130 | INFO | Gradient norm: 0.0093
2025-05-30 21:51:18,138 | INFO | Train batch  8900/10986 | ms/batch 197.53 | loss 0.8801 | bpb  1.27 | ppl     2.41 | lr 2.91e-04
2025-05-30 21:51:37,882 | INFO | Gradient norm: 0.0081
2025-05-30 21:51:37,889 | INFO | Train batch  9000/10986 | ms/batch 197.53 | loss 0.8801 | bpb  1.27 | ppl     2.41 | lr 2.91e-04
2025-05-30 21:51:57,643 | INFO | Gradient norm: 0.0124
2025-05-30 21:51:57,651 | INFO | Train batch  9100/10986 | ms/batch 197.53 | loss 0.8801 | bpb  1.27 | ppl     2.41 | lr 2.91e-04
2025-05-30 21:52:17,393 | INFO | Gradient norm: 0.0119
2025-05-30 21:52:17,401 | INFO | Train batch  9200/10986 | ms/batch 197.53 | loss 0.8801 | bpb  1.27 | ppl     2.41 | lr 2.91e-04
2025-05-30 21:52:37,145 | INFO | Gradient norm: 0.0132
2025-05-30 21:52:37,153 | INFO | Train batch  9300/10986 | ms/batch 197.53 | loss 0.8801 | bpb  1.27 | ppl     2.41 | lr 2.91e-04
2025-05-30 21:52:56,908 | INFO | Gradient norm: 0.0102
2025-05-30 21:52:56,916 | INFO | Train batch  9400/10986 | ms/batch 197.53 | loss 0.8801 | bpb  1.27 | ppl     2.41 | lr 2.91e-04
2025-05-30 21:53:16,659 | INFO | Gradient norm: 0.0094
2025-05-30 21:53:16,667 | INFO | Train batch  9500/10986 | ms/batch 197.53 | loss 0.8801 | bpb  1.27 | ppl     2.41 | lr 2.91e-04
2025-05-30 21:53:36,425 | INFO | Gradient norm: 0.0079
2025-05-30 21:53:36,432 | INFO | Train batch  9600/10986 | ms/batch 197.53 | loss 0.8801 | bpb  1.27 | ppl     2.41 | lr 2.91e-04
2025-05-30 21:53:56,177 | INFO | Gradient norm: 0.0153
2025-05-30 21:53:56,185 | INFO | Train batch  9700/10986 | ms/batch 197.53 | loss 0.8801 | bpb  1.27 | ppl     2.41 | lr 2.91e-04
2025-05-30 21:54:15,928 | INFO | Gradient norm: 0.0246
2025-05-30 21:54:15,935 | INFO | Train batch  9800/10986 | ms/batch 197.53 | loss 0.8801 | bpb  1.27 | ppl     2.41 | lr 2.91e-04
2025-05-30 21:54:35,690 | INFO | Gradient norm: 0.0138
2025-05-30 21:54:35,698 | INFO | Train batch  9900/10986 | ms/batch 197.53 | loss 0.8801 | bpb  1.27 | ppl     2.41 | lr 2.91e-04
2025-05-30 21:54:55,442 | INFO | Gradient norm: 0.0083
2025-05-30 21:54:55,450 | INFO | Train batch 10000/10986 | ms/batch 197.53 | loss 0.8801 | bpb  1.27 | ppl     2.41 | lr 2.91e-04
2025-05-30 21:55:15,195 | INFO | Gradient norm: 0.0079
2025-05-30 21:55:15,203 | INFO | Train batch 10100/10986 | ms/batch 197.53 | loss 0.8801 | bpb  1.27 | ppl     2.41 | lr 2.91e-04
2025-05-30 21:55:34,958 | INFO | Gradient norm: 0.0112
2025-05-30 21:55:34,966 | INFO | Train batch 10200/10986 | ms/batch 197.53 | loss 0.8801 | bpb  1.27 | ppl     2.41 | lr 2.91e-04
2025-05-30 21:55:54,712 | INFO | Gradient norm: 0.0228
2025-05-30 21:55:54,720 | INFO | Train batch 10300/10986 | ms/batch 197.53 | loss 0.8801 | bpb  1.27 | ppl     2.41 | lr 2.91e-04
2025-05-30 21:56:14,467 | INFO | Gradient norm: 0.0119
2025-05-30 21:56:14,474 | INFO | Train batch 10400/10986 | ms/batch 197.53 | loss 0.8801 | bpb  1.27 | ppl     2.41 | lr 2.91e-04
2025-05-30 21:56:34,231 | INFO | Gradient norm: 0.0080
2025-05-30 21:56:34,239 | INFO | Train batch 10500/10986 | ms/batch 197.53 | loss 0.8801 | bpb  1.27 | ppl     2.41 | lr 2.90e-04
2025-05-30 21:56:53,982 | INFO | Gradient norm: 0.0122
2025-05-30 21:56:53,990 | INFO | Train batch 10600/10986 | ms/batch 197.53 | loss 0.8801 | bpb  1.27 | ppl     2.41 | lr 2.90e-04
2025-05-30 21:57:13,735 | INFO | Gradient norm: 0.0072
2025-05-30 21:57:13,743 | INFO | Train batch 10700/10986 | ms/batch 197.53 | loss 0.8801 | bpb  1.27 | ppl     2.41 | lr 2.90e-04
2025-05-30 21:57:33,499 | INFO | Gradient norm: 0.0075
2025-05-30 21:57:33,507 | INFO | Train batch 10800/10986 | ms/batch 197.53 | loss 0.8801 | bpb  1.27 | ppl     2.41 | lr 2.90e-04
2025-05-30 21:57:53,251 | INFO | Gradient norm: 0.0087
2025-05-30 21:57:53,259 | INFO | Train batch 10900/10986 | ms/batch 197.53 | loss 0.8801 | bpb  1.27 | ppl     2.41 | lr 2.90e-04
2025-05-30 21:59:22,622 | INFO | Epoch   5 | time: 2242.67s | train bpb  1.27 | valid bpb  1.27
2025-05-30 21:59:23,698 | INFO | Saved new best model with validation bpb:  1.27
2025-05-30 21:59:24,315 | INFO | Input shape: torch.Size([16, 511]), Target shape: torch.Size([16, 511])
2025-05-30 21:59:24,316 | INFO | Input range: [10, 226]
2025-05-30 21:59:24,316 | INFO | Target range: [10, 226]
2025-05-30 21:59:24,352 | INFO | Output shape: torch.Size([8176, 256]), Reshaped target shape: torch.Size([8176])
2025-05-30 21:59:24,354 | INFO | Output range: [-11.4609375, 10.21875]
2025-05-30 21:59:24,354 | INFO | Sample probabilities: max=0.9025909304618835, min=0.00026158103719353676
2025-05-30 21:59:24,354 | INFO | Raw loss value: 0.8801876902580261
2025-05-30 21:59:24,355 | INFO | Batch 0 loss stats - Mean: -0.3013, Std: 1.2998
2025-05-30 21:59:24,501 | INFO | Gradient norm: 0.0294
2025-05-30 21:59:24,509 | INFO | Train batch     0/10986 | ms/batch 194.21 | loss 0.8802 | bpb  1.27 | ppl     2.41 | lr 2.90e-04
2025-05-30 21:59:44,187 | INFO | Gradient norm: 0.0146
2025-05-30 21:59:44,195 | INFO | Train batch   100/10986 | ms/batch 196.83 | loss 0.8813 | bpb  1.27 | ppl     2.41 | lr 2.90e-04
2025-05-30 22:00:03,916 | INFO | Gradient norm: 0.0135
2025-05-30 22:00:03,924 | INFO | Train batch   200/10986 | ms/batch 197.06 | loss 0.8808 | bpb  1.27 | ppl     2.41 | lr 2.90e-04
2025-05-30 22:00:23,652 | INFO | Gradient norm: 0.0082
2025-05-30 22:00:23,660 | INFO | Train batch   300/10986 | ms/batch 197.16 | loss 0.8805 | bpb  1.27 | ppl     2.41 | lr 2.90e-04
2025-05-30 22:00:43,402 | INFO | Gradient norm: 0.0078
2025-05-30 22:00:43,410 | INFO | Train batch   400/10986 | ms/batch 197.24 | loss 0.8803 | bpb  1.27 | ppl     2.41 | lr 2.90e-04
2025-05-30 22:01:03,141 | INFO | Gradient norm: 0.0111
2025-05-30 22:01:03,149 | INFO | Train batch   500/10986 | ms/batch 197.27 | loss 0.8802 | bpb  1.27 | ppl     2.41 | lr 2.90e-04
2025-05-30 22:01:22,882 | INFO | Gradient norm: 0.0183
2025-05-30 22:01:22,889 | INFO | Train batch   600/10986 | ms/batch 197.30 | loss 0.8802 | bpb  1.27 | ppl     2.41 | lr 2.90e-04
2025-05-30 22:01:42,636 | INFO | Gradient norm: 0.0090
2025-05-30 22:01:42,644 | INFO | Train batch   700/10986 | ms/batch 197.33 | loss 0.8802 | bpb  1.27 | ppl     2.41 | lr 2.90e-04
2025-05-30 22:02:02,376 | INFO | Gradient norm: 0.0166
2025-05-30 22:02:02,384 | INFO | Train batch   800/10986 | ms/batch 197.34 | loss 0.8801 | bpb  1.27 | ppl     2.41 | lr 2.90e-04
2025-05-30 22:02:22,115 | INFO | Gradient norm: 0.0103
2025-05-30 22:02:22,123 | INFO | Train batch   900/10986 | ms/batch 197.35 | loss 0.8801 | bpb  1.27 | ppl     2.41 | lr 2.90e-04
2025-05-30 22:02:41,865 | INFO | Gradient norm: 0.0108
2025-05-30 22:02:41,873 | INFO | Train batch  1000/10986 | ms/batch 197.36 | loss 0.8801 | bpb  1.27 | ppl     2.41 | lr 2.90e-04
2025-05-30 22:03:01,604 | INFO | Gradient norm: 0.0102
2025-05-30 22:03:01,612 | INFO | Train batch  1100/10986 | ms/batch 197.36 | loss 0.8801 | bpb  1.27 | ppl     2.41 | lr 2.90e-04
2025-05-30 22:03:21,344 | INFO | Gradient norm: 0.0097
2025-05-30 22:03:21,352 | INFO | Train batch  1200/10986 | ms/batch 197.37 | loss 0.8800 | bpb  1.27 | ppl     2.41 | lr 2.90e-04
2025-05-30 22:03:41,094 | INFO | Gradient norm: 0.0205
2025-05-30 22:03:41,102 | INFO | Train batch  1300/10986 | ms/batch 197.38 | loss 0.8800 | bpb  1.27 | ppl     2.41 | lr 2.90e-04
2025-05-30 22:04:00,830 | INFO | Gradient norm: 0.0220
2025-05-30 22:04:00,838 | INFO | Train batch  1400/10986 | ms/batch 197.38 | loss 0.8800 | bpb  1.27 | ppl     2.41 | lr 2.90e-04
2025-05-30 22:04:20,566 | INFO | Gradient norm: 0.0082
2025-05-30 22:04:20,574 | INFO | Train batch  1500/10986 | ms/batch 197.37 | loss 0.8800 | bpb  1.27 | ppl     2.41 | lr 2.90e-04
2025-05-30 22:04:40,313 | INFO | Gradient norm: 0.0102
2025-05-30 22:04:40,321 | INFO | Train batch  1600/10986 | ms/batch 197.38 | loss 0.8800 | bpb  1.27 | ppl     2.41 | lr 2.90e-04
2025-05-30 22:05:00,049 | INFO | Gradient norm: 0.0219
2025-05-30 22:05:00,057 | INFO | Train batch  1700/10986 | ms/batch 197.38 | loss 0.8800 | bpb  1.27 | ppl     2.41 | lr 2.90e-04
2025-05-30 22:05:19,785 | INFO | Gradient norm: 0.0156
2025-05-30 22:05:19,793 | INFO | Train batch  1800/10986 | ms/batch 197.38 | loss 0.8800 | bpb  1.27 | ppl     2.41 | lr 2.90e-04
2025-05-30 22:05:39,531 | INFO | Gradient norm: 0.0085
2025-05-30 22:05:39,539 | INFO | Train batch  1900/10986 | ms/batch 197.38 | loss 0.8800 | bpb  1.27 | ppl     2.41 | lr 2.90e-04
2025-05-30 22:05:59,266 | INFO | Gradient norm: 0.0086
2025-05-30 22:05:59,274 | INFO | Train batch  2000/10986 | ms/batch 197.38 | loss 0.8800 | bpb  1.27 | ppl     2.41 | lr 2.90e-04
2025-05-30 22:06:19,003 | INFO | Gradient norm: 0.0088
2025-05-30 22:06:19,011 | INFO | Train batch  2100/10986 | ms/batch 197.38 | loss 0.8800 | bpb  1.27 | ppl     2.41 | lr 2.90e-04
2025-05-30 22:06:38,751 | INFO | Gradient norm: 0.0089
2025-05-30 22:06:38,759 | INFO | Train batch  2200/10986 | ms/batch 197.38 | loss 0.8800 | bpb  1.27 | ppl     2.41 | lr 2.90e-04
2025-05-30 22:06:58,487 | INFO | Gradient norm: 0.0105
2025-05-30 22:06:58,495 | INFO | Train batch  2300/10986 | ms/batch 197.38 | loss 0.8800 | bpb  1.27 | ppl     2.41 | lr 2.90e-04
2025-05-30 22:07:18,223 | INFO | Gradient norm: 0.0095
2025-05-30 22:07:18,231 | INFO | Train batch  2400/10986 | ms/batch 197.38 | loss 0.8800 | bpb  1.27 | ppl     2.41 | lr 2.90e-04
2025-05-30 22:07:37,974 | INFO | Gradient norm: 0.0102
2025-05-30 22:07:37,982 | INFO | Train batch  2500/10986 | ms/batch 197.39 | loss 0.8800 | bpb  1.27 | ppl     2.41 | lr 2.90e-04
2025-05-30 22:07:57,714 | INFO | Gradient norm: 0.0132
2025-05-30 22:07:57,721 | INFO | Train batch  2600/10986 | ms/batch 197.39 | loss 0.8800 | bpb  1.27 | ppl     2.41 | lr 2.90e-04
2025-05-30 22:08:17,453 | INFO | Gradient norm: 0.0079
2025-05-30 22:08:17,461 | INFO | Train batch  2700/10986 | ms/batch 197.39 | loss 0.8800 | bpb  1.27 | ppl     2.41 | lr 2.90e-04
2025-05-30 22:08:37,200 | INFO | Gradient norm: 0.0155
2025-05-30 22:08:37,208 | INFO | Train batch  2800/10986 | ms/batch 197.39 | loss 0.8800 | bpb  1.27 | ppl     2.41 | lr 2.89e-04
2025-05-30 22:08:56,939 | INFO | Gradient norm: 0.0088
2025-05-30 22:08:56,946 | INFO | Train batch  2900/10986 | ms/batch 197.39 | loss 0.8800 | bpb  1.27 | ppl     2.41 | lr 2.89e-04
2025-05-30 22:09:16,687 | INFO | Gradient norm: 0.0094
2025-05-30 22:09:16,695 | INFO | Train batch  3000/10986 | ms/batch 197.39 | loss 0.8800 | bpb  1.27 | ppl     2.41 | lr 2.89e-04
2025-05-30 22:09:36,424 | INFO | Gradient norm: 0.0074
2025-05-30 22:09:36,432 | INFO | Train batch  3100/10986 | ms/batch 197.39 | loss 0.8800 | bpb  1.27 | ppl     2.41 | lr 2.89e-04
2025-05-30 22:09:56,162 | INFO | Gradient norm: 0.0245
2025-05-30 22:09:56,170 | INFO | Train batch  3200/10986 | ms/batch 197.39 | loss 0.8800 | bpb  1.27 | ppl     2.41 | lr 2.89e-04
2025-05-30 22:10:15,913 | INFO | Gradient norm: 0.0088
2025-05-30 22:10:15,921 | INFO | Train batch  3300/10986 | ms/batch 197.40 | loss 0.8800 | bpb  1.27 | ppl     2.41 | lr 2.89e-04
2025-05-30 22:10:35,650 | INFO | Gradient norm: 0.0077
2025-05-30 22:10:35,658 | INFO | Train batch  3400/10986 | ms/batch 197.40 | loss 0.8800 | bpb  1.27 | ppl     2.41 | lr 2.89e-04
2025-05-30 22:10:55,386 | INFO | Gradient norm: 0.0138
2025-05-30 22:10:55,394 | INFO | Train batch  3500/10986 | ms/batch 197.39 | loss 0.8800 | bpb  1.27 | ppl     2.41 | lr 2.89e-04
2025-05-30 22:11:15,136 | INFO | Gradient norm: 0.0118
2025-05-30 22:11:15,144 | INFO | Train batch  3600/10986 | ms/batch 197.40 | loss 0.8800 | bpb  1.27 | ppl     2.41 | lr 2.89e-04
2025-05-30 22:11:34,877 | INFO | Gradient norm: 0.0115
2025-05-30 22:11:34,885 | INFO | Train batch  3700/10986 | ms/batch 197.40 | loss 0.8800 | bpb  1.27 | ppl     2.41 | lr 2.89e-04
2025-05-30 22:11:54,614 | INFO | Gradient norm: 0.0083
2025-05-30 22:11:54,622 | INFO | Train batch  3800/10986 | ms/batch 197.40 | loss 0.8800 | bpb  1.27 | ppl     2.41 | lr 2.89e-04
2025-05-30 22:12:14,362 | INFO | Gradient norm: 0.0140
2025-05-30 22:12:14,370 | INFO | Train batch  3900/10986 | ms/batch 197.40 | loss 0.8800 | bpb  1.27 | ppl     2.41 | lr 2.89e-04
2025-05-30 22:12:34,098 | INFO | Gradient norm: 0.0085
2025-05-30 22:12:34,106 | INFO | Train batch  4000/10986 | ms/batch 197.40 | loss 0.8800 | bpb  1.27 | ppl     2.41 | lr 2.89e-04
2025-05-30 22:12:53,835 | INFO | Gradient norm: 0.0086
2025-05-30 22:12:53,842 | INFO | Train batch  4100/10986 | ms/batch 197.40 | loss 0.8800 | bpb  1.27 | ppl     2.41 | lr 2.89e-04
2025-05-30 22:13:13,584 | INFO | Gradient norm: 0.0285
2025-05-30 22:13:13,592 | INFO | Train batch  4200/10986 | ms/batch 197.40 | loss 0.8800 | bpb  1.27 | ppl     2.41 | lr 2.89e-04
2025-05-30 22:13:33,322 | INFO | Gradient norm: 0.0090
2025-05-30 22:13:33,330 | INFO | Train batch  4300/10986 | ms/batch 197.40 | loss 0.8800 | bpb  1.27 | ppl     2.41 | lr 2.89e-04
2025-05-30 22:13:53,075 | INFO | Gradient norm: 0.0147
2025-05-30 22:13:53,083 | INFO | Train batch  4400/10986 | ms/batch 197.40 | loss 0.8800 | bpb  1.27 | ppl     2.41 | lr 2.89e-04
2025-05-30 22:14:12,816 | INFO | Gradient norm: 0.0084
2025-05-30 22:14:12,824 | INFO | Train batch  4500/10986 | ms/batch 197.40 | loss 0.8800 | bpb  1.27 | ppl     2.41 | lr 2.89e-04
2025-05-30 22:14:32,556 | INFO | Gradient norm: 0.0129
2025-05-30 22:14:32,564 | INFO | Train batch  4600/10986 | ms/batch 197.40 | loss 0.8800 | bpb  1.27 | ppl     2.41 | lr 2.89e-04
2025-05-30 22:14:52,306 | INFO | Gradient norm: 0.0089
2025-05-30 22:14:52,314 | INFO | Train batch  4700/10986 | ms/batch 197.40 | loss 0.8800 | bpb  1.27 | ppl     2.41 | lr 2.89e-04
2025-05-30 22:15:12,045 | INFO | Gradient norm: 0.0077
2025-05-30 22:15:12,053 | INFO | Train batch  4800/10986 | ms/batch 197.40 | loss 0.8800 | bpb  1.27 | ppl     2.41 | lr 2.89e-04
2025-05-30 22:15:31,784 | INFO | Gradient norm: 0.0082
2025-05-30 22:15:31,792 | INFO | Train batch  4900/10986 | ms/batch 197.40 | loss 0.8800 | bpb  1.27 | ppl     2.41 | lr 2.89e-04
2025-05-30 22:15:51,534 | INFO | Gradient norm: 0.0142
2025-05-30 22:15:51,542 | INFO | Train batch  5000/10986 | ms/batch 197.41 | loss 0.8800 | bpb  1.27 | ppl     2.41 | lr 2.89e-04
2025-05-30 22:16:11,274 | INFO | Gradient norm: 0.0128
2025-05-30 22:16:11,282 | INFO | Train batch  5100/10986 | ms/batch 197.41 | loss 0.8800 | bpb  1.27 | ppl     2.41 | lr 2.89e-04
2025-05-30 22:16:31,013 | INFO | Gradient norm: 0.0085
2025-05-30 22:16:31,020 | INFO | Train batch  5200/10986 | ms/batch 197.41 | loss 0.8800 | bpb  1.27 | ppl     2.41 | lr 2.89e-04
2025-05-30 22:16:50,764 | INFO | Gradient norm: 0.0075
2025-05-30 22:16:50,771 | INFO | Train batch  5300/10986 | ms/batch 197.41 | loss 0.8800 | bpb  1.27 | ppl     2.41 | lr 2.89e-04
2025-05-30 22:17:10,502 | INFO | Gradient norm: 0.0079
2025-05-30 22:17:10,510 | INFO | Train batch  5400/10986 | ms/batch 197.41 | loss 0.8800 | bpb  1.27 | ppl     2.41 | lr 2.89e-04
2025-05-30 22:17:30,239 | INFO | Gradient norm: 0.0181
2025-05-30 22:17:30,247 | INFO | Train batch  5500/10986 | ms/batch 197.41 | loss 0.8800 | bpb  1.27 | ppl     2.41 | lr 2.89e-04
2025-05-30 22:17:49,991 | INFO | Gradient norm: 0.0088
2025-05-30 22:17:49,999 | INFO | Train batch  5600/10986 | ms/batch 197.41 | loss 0.8800 | bpb  1.27 | ppl     2.41 | lr 2.89e-04
2025-05-30 22:18:09,730 | INFO | Gradient norm: 0.0321
2025-05-30 22:18:09,738 | INFO | Train batch  5700/10986 | ms/batch 197.41 | loss 0.8800 | bpb  1.27 | ppl     2.41 | lr 2.89e-04
2025-05-30 22:18:29,473 | INFO | Gradient norm: 0.0183
2025-05-30 22:18:29,481 | INFO | Train batch  5800/10986 | ms/batch 197.41 | loss 0.8800 | bpb  1.27 | ppl     2.41 | lr 2.89e-04
2025-05-30 22:18:49,223 | INFO | Gradient norm: 0.0073
2025-05-30 22:18:49,231 | INFO | Train batch  5900/10986 | ms/batch 197.41 | loss 0.8800 | bpb  1.27 | ppl     2.41 | lr 2.89e-04
2025-05-30 22:19:08,963 | INFO | Gradient norm: 0.0081
2025-05-30 22:19:08,971 | INFO | Train batch  6000/10986 | ms/batch 197.41 | loss 0.8800 | bpb  1.27 | ppl     2.41 | lr 2.88e-04
2025-05-30 22:19:28,715 | INFO | Gradient norm: 0.0212
2025-05-30 22:19:28,723 | INFO | Train batch  6100/10986 | ms/batch 197.41 | loss 0.8800 | bpb  1.27 | ppl     2.41 | lr 2.88e-04
2025-05-30 22:19:48,458 | INFO | Gradient norm: 0.0098
2025-05-30 22:19:48,465 | INFO | Train batch  6200/10986 | ms/batch 197.41 | loss 0.8800 | bpb  1.27 | ppl     2.41 | lr 2.88e-04
2025-05-30 22:20:08,197 | INFO | Gradient norm: 0.0086
2025-05-30 22:20:08,205 | INFO | Train batch  6300/10986 | ms/batch 197.41 | loss 0.8800 | bpb  1.27 | ppl     2.41 | lr 2.88e-04
2025-05-30 22:20:27,948 | INFO | Gradient norm: 0.0120
2025-05-30 22:20:27,956 | INFO | Train batch  6400/10986 | ms/batch 197.41 | loss 0.8800 | bpb  1.27 | ppl     2.41 | lr 2.88e-04
2025-05-30 22:20:47,685 | INFO | Gradient norm: 0.0144
2025-05-30 22:20:47,693 | INFO | Train batch  6500/10986 | ms/batch 197.41 | loss 0.8800 | bpb  1.27 | ppl     2.41 | lr 2.88e-04
2025-05-30 22:21:07,425 | INFO | Gradient norm: 0.0234
2025-05-30 22:21:07,433 | INFO | Train batch  6600/10986 | ms/batch 197.41 | loss 0.8800 | bpb  1.27 | ppl     2.41 | lr 2.88e-04
2025-05-30 22:21:27,178 | INFO | Gradient norm: 0.0109
2025-05-30 22:21:27,186 | INFO | Train batch  6700/10986 | ms/batch 197.41 | loss 0.8800 | bpb  1.27 | ppl     2.41 | lr 2.88e-04
2025-05-30 22:21:46,919 | INFO | Gradient norm: 0.0104
2025-05-30 22:21:46,927 | INFO | Train batch  6800/10986 | ms/batch 197.41 | loss 0.8800 | bpb  1.27 | ppl     2.41 | lr 2.88e-04
2025-05-30 22:22:06,663 | INFO | Gradient norm: 0.0158
2025-05-30 22:22:06,671 | INFO | Train batch  6900/10986 | ms/batch 197.41 | loss 0.8800 | bpb  1.27 | ppl     2.41 | lr 2.88e-04
2025-05-30 22:22:26,415 | INFO | Gradient norm: 0.0097
2025-05-30 22:22:26,423 | INFO | Train batch  7000/10986 | ms/batch 197.42 | loss 0.8800 | bpb  1.27 | ppl     2.41 | lr 2.88e-04
2025-05-30 22:22:46,155 | INFO | Gradient norm: 0.0083
2025-05-30 22:22:46,163 | INFO | Train batch  7100/10986 | ms/batch 197.42 | loss 0.8800 | bpb  1.27 | ppl     2.41 | lr 2.88e-04
2025-05-30 22:23:05,894 | INFO | Gradient norm: 0.0196
2025-05-30 22:23:05,902 | INFO | Train batch  7200/10986 | ms/batch 197.42 | loss 0.8800 | bpb  1.27 | ppl     2.41 | lr 2.88e-04
2025-05-30 22:23:25,643 | INFO | Gradient norm: 0.0211
2025-05-30 22:23:25,651 | INFO | Train batch  7300/10986 | ms/batch 197.42 | loss 0.8800 | bpb  1.27 | ppl     2.41 | lr 2.88e-04
2025-05-30 22:23:45,382 | INFO | Gradient norm: 0.0173
2025-05-30 22:23:45,390 | INFO | Train batch  7400/10986 | ms/batch 197.42 | loss 0.8800 | bpb  1.27 | ppl     2.41 | lr 2.88e-04
2025-05-30 22:24:05,136 | INFO | Gradient norm: 0.0078
2025-05-30 22:24:05,144 | INFO | Train batch  7500/10986 | ms/batch 197.42 | loss 0.8800 | bpb  1.27 | ppl     2.41 | lr 2.88e-04
2025-05-30 22:24:24,874 | INFO | Gradient norm: 0.0135
2025-05-30 22:24:24,882 | INFO | Train batch  7600/10986 | ms/batch 197.42 | loss 0.8800 | bpb  1.27 | ppl     2.41 | lr 2.88e-04
2025-05-30 22:24:44,611 | INFO | Gradient norm: 0.0238
2025-05-30 22:24:44,619 | INFO | Train batch  7700/10986 | ms/batch 197.42 | loss 0.8800 | bpb  1.27 | ppl     2.41 | lr 2.88e-04
2025-05-30 22:25:04,364 | INFO | Gradient norm: 0.0252
2025-05-30 22:25:04,372 | INFO | Train batch  7800/10986 | ms/batch 197.42 | loss 0.8800 | bpb  1.27 | ppl     2.41 | lr 2.88e-04
2025-05-30 22:25:24,104 | INFO | Gradient norm: 0.0187
2025-05-30 22:25:24,112 | INFO | Train batch  7900/10986 | ms/batch 197.42 | loss 0.8800 | bpb  1.27 | ppl     2.41 | lr 2.88e-04
2025-05-30 22:25:43,842 | INFO | Gradient norm: 0.0098
2025-05-30 22:25:43,850 | INFO | Train batch  8000/10986 | ms/batch 197.42 | loss 0.8800 | bpb  1.27 | ppl     2.41 | lr 2.88e-04
2025-05-30 22:26:03,593 | INFO | Gradient norm: 0.0160
2025-05-30 22:26:03,601 | INFO | Train batch  8100/10986 | ms/batch 197.42 | loss 0.8800 | bpb  1.27 | ppl     2.41 | lr 2.88e-04
2025-05-30 22:26:23,334 | INFO | Gradient norm: 0.0093
2025-05-30 22:26:23,342 | INFO | Train batch  8200/10986 | ms/batch 197.42 | loss 0.8800 | bpb  1.27 | ppl     2.41 | lr 2.88e-04
2025-05-30 22:26:43,076 | INFO | Gradient norm: 0.0090
2025-05-30 22:26:43,083 | INFO | Train batch  8300/10986 | ms/batch 197.42 | loss 0.8800 | bpb  1.27 | ppl     2.41 | lr 2.88e-04
2025-05-30 22:27:02,829 | INFO | Gradient norm: 0.0100
2025-05-30 22:27:02,836 | INFO | Train batch  8400/10986 | ms/batch 197.42 | loss 0.8800 | bpb  1.27 | ppl     2.41 | lr 2.88e-04
2025-05-30 22:27:22,571 | INFO | Gradient norm: 0.0091
2025-05-30 22:27:22,578 | INFO | Train batch  8500/10986 | ms/batch 197.42 | loss 0.8800 | bpb  1.27 | ppl     2.41 | lr 2.88e-04
2025-05-30 22:27:42,313 | INFO | Gradient norm: 0.0118
2025-05-30 22:27:42,321 | INFO | Train batch  8600/10986 | ms/batch 197.42 | loss 0.8800 | bpb  1.27 | ppl     2.41 | lr 2.88e-04
2025-05-30 22:28:02,065 | INFO | Gradient norm: 0.0080
2025-05-30 22:28:02,072 | INFO | Train batch  8700/10986 | ms/batch 197.42 | loss 0.8800 | bpb  1.27 | ppl     2.41 | lr 2.88e-04
2025-05-30 22:28:21,807 | INFO | Gradient norm: 0.0143
2025-05-30 22:28:21,815 | INFO | Train batch  8800/10986 | ms/batch 197.42 | loss 0.8800 | bpb  1.27 | ppl     2.41 | lr 2.88e-04
2025-05-30 22:28:41,558 | INFO | Gradient norm: 0.0085
2025-05-30 22:28:41,566 | INFO | Train batch  8900/10986 | ms/batch 197.42 | loss 0.8800 | bpb  1.27 | ppl     2.41 | lr 2.88e-04
2025-05-30 22:29:01,299 | INFO | Gradient norm: 0.0083
2025-05-30 22:29:01,307 | INFO | Train batch  9000/10986 | ms/batch 197.42 | loss 0.8800 | bpb  1.27 | ppl     2.41 | lr 2.87e-04
2025-05-30 22:29:21,041 | INFO | Gradient norm: 0.0147
2025-05-30 22:29:21,049 | INFO | Train batch  9100/10986 | ms/batch 197.42 | loss 0.8800 | bpb  1.27 | ppl     2.41 | lr 2.87e-04
2025-05-30 22:29:40,794 | INFO | Gradient norm: 0.0093
2025-05-30 22:29:40,802 | INFO | Train batch  9200/10986 | ms/batch 197.42 | loss 0.8800 | bpb  1.27 | ppl     2.41 | lr 2.87e-04
2025-05-30 22:30:00,534 | INFO | Gradient norm: 0.0155
2025-05-30 22:30:00,542 | INFO | Train batch  9300/10986 | ms/batch 197.42 | loss 0.8800 | bpb  1.27 | ppl     2.41 | lr 2.87e-04
2025-05-30 22:30:20,275 | INFO | Gradient norm: 0.0192
2025-05-30 22:30:20,282 | INFO | Train batch  9400/10986 | ms/batch 197.42 | loss 0.8800 | bpb  1.27 | ppl     2.41 | lr 2.87e-04
2025-05-30 22:30:40,025 | INFO | Gradient norm: 0.0097
2025-05-30 22:30:40,033 | INFO | Train batch  9500/10986 | ms/batch 197.42 | loss 0.8799 | bpb  1.27 | ppl     2.41 | lr 2.87e-04
2025-05-30 22:30:59,769 | INFO | Gradient norm: 0.0165
2025-05-30 22:30:59,777 | INFO | Train batch  9600/10986 | ms/batch 197.42 | loss 0.8799 | bpb  1.27 | ppl     2.41 | lr 2.87e-04
2025-05-30 22:31:19,509 | INFO | Gradient norm: 0.0087
2025-05-30 22:31:19,517 | INFO | Train batch  9700/10986 | ms/batch 197.42 | loss 0.8799 | bpb  1.27 | ppl     2.41 | lr 2.87e-04
2025-05-30 22:31:39,262 | INFO | Gradient norm: 0.0062
2025-05-30 22:31:39,270 | INFO | Train batch  9800/10986 | ms/batch 197.42 | loss 0.8799 | bpb  1.27 | ppl     2.41 | lr 2.87e-04
2025-05-30 22:31:59,005 | INFO | Gradient norm: 0.0199
2025-05-30 22:31:59,013 | INFO | Train batch  9900/10986 | ms/batch 197.42 | loss 0.8799 | bpb  1.27 | ppl     2.41 | lr 2.87e-04
2025-05-30 22:32:18,747 | INFO | Gradient norm: 0.0108
2025-05-30 22:32:18,755 | INFO | Train batch 10000/10986 | ms/batch 197.42 | loss 0.8799 | bpb  1.27 | ppl     2.41 | lr 2.87e-04
2025-05-30 22:32:38,501 | INFO | Gradient norm: 0.0082
2025-05-30 22:32:38,509 | INFO | Train batch 10100/10986 | ms/batch 197.43 | loss 0.8799 | bpb  1.27 | ppl     2.41 | lr 2.87e-04
2025-05-30 22:32:58,246 | INFO | Gradient norm: 0.0089
2025-05-30 22:32:58,253 | INFO | Train batch 10200/10986 | ms/batch 197.43 | loss 0.8799 | bpb  1.27 | ppl     2.41 | lr 2.87e-04
2025-05-30 22:33:17,991 | INFO | Gradient norm: 0.0114
2025-05-30 22:33:17,998 | INFO | Train batch 10300/10986 | ms/batch 197.43 | loss 0.8799 | bpb  1.27 | ppl     2.41 | lr 2.87e-04
2025-05-30 22:33:37,746 | INFO | Gradient norm: 0.0099
2025-05-30 22:33:37,753 | INFO | Train batch 10400/10986 | ms/batch 197.43 | loss 0.8799 | bpb  1.27 | ppl     2.41 | lr 2.87e-04
2025-05-30 22:33:57,487 | INFO | Gradient norm: 0.0082
2025-05-30 22:33:57,495 | INFO | Train batch 10500/10986 | ms/batch 197.43 | loss 0.8799 | bpb  1.27 | ppl     2.41 | lr 2.87e-04
2025-05-30 22:34:17,241 | INFO | Gradient norm: 0.0101
2025-05-30 22:34:17,249 | INFO | Train batch 10600/10986 | ms/batch 197.43 | loss 0.8799 | bpb  1.27 | ppl     2.41 | lr 2.87e-04
2025-05-30 22:34:36,982 | INFO | Gradient norm: 0.0068
2025-05-30 22:34:36,989 | INFO | Train batch 10700/10986 | ms/batch 197.43 | loss 0.8799 | bpb  1.27 | ppl     2.41 | lr 2.87e-04
2025-05-30 22:34:56,724 | INFO | Gradient norm: 0.0077
2025-05-30 22:34:56,732 | INFO | Train batch 10800/10986 | ms/batch 197.43 | loss 0.8799 | bpb  1.27 | ppl     2.41 | lr 2.87e-04
2025-05-30 22:35:16,480 | INFO | Gradient norm: 0.0117
2025-05-30 22:35:16,488 | INFO | Train batch 10900/10986 | ms/batch 197.43 | loss 0.8799 | bpb  1.27 | ppl     2.41 | lr 2.87e-04
2025-05-30 22:36:45,852 | INFO | Epoch   6 | time: 2241.54s | train bpb  1.27 | valid bpb  1.27
2025-05-30 22:36:46,657 | INFO | Saved new best model with validation bpb:  1.27
2025-05-30 22:36:50,685 | INFO | Input shape: torch.Size([16, 511]), Target shape: torch.Size([16, 511])
2025-05-30 22:36:50,685 | INFO | Input range: [10, 226]
2025-05-30 22:36:50,685 | INFO | Target range: [10, 226]
2025-05-30 22:36:50,727 | INFO | Output shape: torch.Size([8176, 256]), Reshaped target shape: torch.Size([8176])
2025-05-30 22:36:50,729 | INFO | Output range: [-11.140625, 11.1953125]
2025-05-30 22:36:50,729 | INFO | Sample probabilities: max=0.9057819843292236, min=0.0002750610001385212
2025-05-30 22:36:50,729 | INFO | Raw loss value: 0.8796151876449585
2025-05-30 22:36:50,729 | INFO | Batch 0 loss stats - Mean: -0.2020, Std: 1.4434
2025-05-30 22:36:50,893 | INFO | Gradient norm: 0.0279
2025-05-30 22:36:50,901 | INFO | Train batch     0/10986 | ms/batch 216.71 | loss 0.8796 | bpb  1.27 | ppl     2.41 | lr 2.87e-04
2025-05-30 22:37:10,515 | INFO | Gradient norm: 0.0092
2025-05-30 22:37:10,523 | INFO | Train batch   100/10986 | ms/batch 196.42 | loss 0.8811 | bpb  1.27 | ppl     2.41 | lr 2.87e-04
2025-05-30 22:37:30,245 | INFO | Gradient norm: 0.0193
2025-05-30 22:37:30,253 | INFO | Train batch   200/10986 | ms/batch 196.86 | loss 0.8806 | bpb  1.27 | ppl     2.41 | lr 2.87e-04
2025-05-30 22:37:50,003 | INFO | Gradient norm: 0.0082
2025-05-30 22:37:50,011 | INFO | Train batch   300/10986 | ms/batch 197.10 | loss 0.8803 | bpb  1.27 | ppl     2.41 | lr 2.87e-04
2025-05-30 22:38:09,766 | INFO | Gradient norm: 0.0083
2025-05-30 22:38:09,774 | INFO | Train batch   400/10986 | ms/batch 197.23 | loss 0.8802 | bpb  1.27 | ppl     2.41 | lr 2.87e-04
2025-05-30 22:38:29,533 | INFO | Gradient norm: 0.0187
2025-05-30 22:38:29,540 | INFO | Train batch   500/10986 | ms/batch 197.32 | loss 0.8801 | bpb  1.27 | ppl     2.41 | lr 2.87e-04
2025-05-30 22:38:49,285 | INFO | Gradient norm: 0.0074
2025-05-30 22:38:49,293 | INFO | Train batch   600/10986 | ms/batch 197.35 | loss 0.8801 | bpb  1.27 | ppl     2.41 | lr 2.87e-04
2025-05-30 22:39:09,034 | INFO | Gradient norm: 0.0140
2025-05-30 22:39:09,042 | INFO | Train batch   700/10986 | ms/batch 197.37 | loss 0.8801 | bpb  1.27 | ppl     2.41 | lr 2.87e-04
2025-05-30 22:39:28,794 | INFO | Gradient norm: 0.0075
2025-05-30 22:39:28,802 | INFO | Train batch   800/10986 | ms/batch 197.40 | loss 0.8800 | bpb  1.27 | ppl     2.41 | lr 2.87e-04
2025-05-30 22:39:48,533 | INFO | Gradient norm: 0.0160
2025-05-30 22:39:48,540 | INFO | Train batch   900/10986 | ms/batch 197.40 | loss 0.8800 | bpb  1.27 | ppl     2.41 | lr 2.86e-04
2025-05-30 22:40:08,270 | INFO | Gradient norm: 0.0094
2025-05-30 22:40:08,277 | INFO | Train batch  1000/10986 | ms/batch 197.40 | loss 0.8800 | bpb  1.27 | ppl     2.41 | lr 2.86e-04
2025-05-30 22:40:28,014 | INFO | Gradient norm: 0.0359
2025-05-30 22:40:28,022 | INFO | Train batch  1100/10986 | ms/batch 197.40 | loss 0.8800 | bpb  1.27 | ppl     2.41 | lr 2.86e-04
2025-05-30 22:40:47,746 | INFO | Gradient norm: 0.0107
2025-05-30 22:40:47,753 | INFO | Train batch  1200/10986 | ms/batch 197.39 | loss 0.8799 | bpb  1.27 | ppl     2.41 | lr 2.86e-04
2025-05-30 22:41:07,475 | INFO | Gradient norm: 0.0092
2025-05-30 22:41:07,483 | INFO | Train batch  1300/10986 | ms/batch 197.39 | loss 0.8799 | bpb  1.27 | ppl     2.41 | lr 2.86e-04
2025-05-30 22:41:27,214 | INFO | Gradient norm: 0.0128
2025-05-30 22:41:27,222 | INFO | Train batch  1400/10986 | ms/batch 197.39 | loss 0.8799 | bpb  1.27 | ppl     2.41 | lr 2.86e-04
2025-05-30 22:41:46,943 | INFO | Gradient norm: 0.0083
2025-05-30 22:41:46,951 | INFO | Train batch  1500/10986 | ms/batch 197.38 | loss 0.8799 | bpb  1.27 | ppl     2.41 | lr 2.86e-04
2025-05-30 22:42:06,672 | INFO | Gradient norm: 0.0206
2025-05-30 22:42:06,680 | INFO | Train batch  1600/10986 | ms/batch 197.37 | loss 0.8799 | bpb  1.27 | ppl     2.41 | lr 2.86e-04
2025-05-30 22:42:26,412 | INFO | Gradient norm: 0.0108
2025-05-30 22:42:26,420 | INFO | Train batch  1700/10986 | ms/batch 197.38 | loss 0.8799 | bpb  1.27 | ppl     2.41 | lr 2.86e-04
2025-05-30 22:42:46,141 | INFO | Gradient norm: 0.0149
2025-05-30 22:42:46,148 | INFO | Train batch  1800/10986 | ms/batch 197.37 | loss 0.8799 | bpb  1.27 | ppl     2.41 | lr 2.86e-04
2025-05-30 22:43:05,871 | INFO | Gradient norm: 0.0100
2025-05-30 22:43:05,879 | INFO | Train batch  1900/10986 | ms/batch 197.37 | loss 0.8799 | bpb  1.27 | ppl     2.41 | lr 2.86e-04
2025-05-30 22:43:25,612 | INFO | Gradient norm: 0.0146
2025-05-30 22:43:25,620 | INFO | Train batch  2000/10986 | ms/batch 197.37 | loss 0.8799 | bpb  1.27 | ppl     2.41 | lr 2.86e-04
2025-05-30 22:43:45,341 | INFO | Gradient norm: 0.0091
2025-05-30 22:43:45,349 | INFO | Train batch  2100/10986 | ms/batch 197.37 | loss 0.8799 | bpb  1.27 | ppl     2.41 | lr 2.86e-04
2025-05-30 22:44:05,073 | INFO | Gradient norm: 0.0079
2025-05-30 22:44:05,081 | INFO | Train batch  2200/10986 | ms/batch 197.36 | loss 0.8799 | bpb  1.27 | ppl     2.41 | lr 2.86e-04
2025-05-30 22:44:24,815 | INFO | Gradient norm: 0.0121
2025-05-30 22:44:24,823 | INFO | Train batch  2300/10986 | ms/batch 197.37 | loss 0.8799 | bpb  1.27 | ppl     2.41 | lr 2.86e-04
2025-05-30 22:44:44,547 | INFO | Gradient norm: 0.0075
2025-05-30 22:44:44,555 | INFO | Train batch  2400/10986 | ms/batch 197.36 | loss 0.8799 | bpb  1.27 | ppl     2.41 | lr 2.86e-04
2025-05-30 22:45:04,280 | INFO | Gradient norm: 0.0100
2025-05-30 22:45:04,287 | INFO | Train batch  2500/10986 | ms/batch 197.36 | loss 0.8799 | bpb  1.27 | ppl     2.41 | lr 2.86e-04
2025-05-30 22:45:24,021 | INFO | Gradient norm: 0.0086
2025-05-30 22:45:24,028 | INFO | Train batch  2600/10986 | ms/batch 197.36 | loss 0.8799 | bpb  1.27 | ppl     2.41 | lr 2.86e-04
2025-05-30 22:45:43,746 | INFO | Gradient norm: 0.0095
2025-05-30 22:45:43,754 | INFO | Train batch  2700/10986 | ms/batch 197.36 | loss 0.8799 | bpb  1.27 | ppl     2.41 | lr 2.86e-04
2025-05-30 22:46:03,475 | INFO | Gradient norm: 0.0078
2025-05-30 22:46:03,483 | INFO | Train batch  2800/10986 | ms/batch 197.36 | loss 0.8799 | bpb  1.27 | ppl     2.41 | lr 2.86e-04
2025-05-30 22:46:23,214 | INFO | Gradient norm: 0.0137
2025-05-30 22:46:23,222 | INFO | Train batch  2900/10986 | ms/batch 197.36 | loss 0.8799 | bpb  1.27 | ppl     2.41 | lr 2.86e-04
2025-05-30 22:46:42,944 | INFO | Gradient norm: 0.0137
2025-05-30 22:46:42,952 | INFO | Train batch  3000/10986 | ms/batch 197.36 | loss 0.8799 | bpb  1.27 | ppl     2.41 | lr 2.86e-04
2025-05-30 22:47:02,672 | INFO | Gradient norm: 0.0235
2025-05-30 22:47:02,680 | INFO | Train batch  3100/10986 | ms/batch 197.35 | loss 0.8799 | bpb  1.27 | ppl     2.41 | lr 2.86e-04
2025-05-30 22:47:22,412 | INFO | Gradient norm: 0.0081
2025-05-30 22:47:22,420 | INFO | Train batch  3200/10986 | ms/batch 197.36 | loss 0.8799 | bpb  1.27 | ppl     2.41 | lr 2.86e-04
2025-05-30 22:47:42,142 | INFO | Gradient norm: 0.0082
2025-05-30 22:47:42,149 | INFO | Train batch  3300/10986 | ms/batch 197.35 | loss 0.8799 | bpb  1.27 | ppl     2.41 | lr 2.86e-04
2025-05-30 22:48:01,871 | INFO | Gradient norm: 0.0194
2025-05-30 22:48:01,879 | INFO | Train batch  3400/10986 | ms/batch 197.35 | loss 0.8799 | bpb  1.27 | ppl     2.41 | lr 2.86e-04
2025-05-30 22:48:21,609 | INFO | Gradient norm: 0.0101
2025-05-30 22:48:21,617 | INFO | Train batch  3500/10986 | ms/batch 197.35 | loss 0.8799 | bpb  1.27 | ppl     2.41 | lr 2.86e-04
2025-05-30 22:48:41,335 | INFO | Gradient norm: 0.0102
2025-05-30 22:48:41,343 | INFO | Train batch  3600/10986 | ms/batch 197.35 | loss 0.8799 | bpb  1.27 | ppl     2.41 | lr 2.86e-04
2025-05-30 22:49:01,064 | INFO | Gradient norm: 0.0146
2025-05-30 22:49:01,072 | INFO | Train batch  3700/10986 | ms/batch 197.35 | loss 0.8799 | bpb  1.27 | ppl     2.41 | lr 2.85e-04
2025-05-30 22:49:20,803 | INFO | Gradient norm: 0.0117
2025-05-30 22:49:20,811 | INFO | Train batch  3800/10986 | ms/batch 197.35 | loss 0.8799 | bpb  1.27 | ppl     2.41 | lr 2.85e-04
2025-05-30 22:49:40,530 | INFO | Gradient norm: 0.0077
2025-05-30 22:49:40,538 | INFO | Train batch  3900/10986 | ms/batch 197.35 | loss 0.8799 | bpb  1.27 | ppl     2.41 | lr 2.85e-04
2025-05-30 22:50:00,267 | INFO | Gradient norm: 0.0156
2025-05-30 22:50:00,275 | INFO | Train batch  4000/10986 | ms/batch 197.35 | loss 0.8799 | bpb  1.27 | ppl     2.41 | lr 2.85e-04
2025-05-30 22:50:19,997 | INFO | Gradient norm: 0.0316
2025-05-30 22:50:20,005 | INFO | Train batch  4100/10986 | ms/batch 197.35 | loss 0.8799 | bpb  1.27 | ppl     2.41 | lr 2.85e-04
2025-05-30 22:50:39,726 | INFO | Gradient norm: 0.0101
2025-05-30 22:50:39,734 | INFO | Train batch  4200/10986 | ms/batch 197.35 | loss 0.8799 | bpb  1.27 | ppl     2.41 | lr 2.85e-04
2025-05-30 22:50:59,464 | INFO | Gradient norm: 0.0081
2025-05-30 22:50:59,472 | INFO | Train batch  4300/10986 | ms/batch 197.35 | loss 0.8799 | bpb  1.27 | ppl     2.41 | lr 2.85e-04
2025-05-30 22:51:19,195 | INFO | Gradient norm: 0.0205
2025-05-30 22:51:19,203 | INFO | Train batch  4400/10986 | ms/batch 197.35 | loss 0.8799 | bpb  1.27 | ppl     2.41 | lr 2.85e-04
2025-05-30 22:51:38,924 | INFO | Gradient norm: 0.0167
2025-05-30 22:51:38,932 | INFO | Train batch  4500/10986 | ms/batch 197.34 | loss 0.8799 | bpb  1.27 | ppl     2.41 | lr 2.85e-04
2025-05-30 22:51:58,665 | INFO | Gradient norm: 0.0280
2025-05-30 22:51:58,673 | INFO | Train batch  4600/10986 | ms/batch 197.35 | loss 0.8799 | bpb  1.27 | ppl     2.41 | lr 2.85e-04
2025-05-30 22:52:18,396 | INFO | Gradient norm: 0.0096
2025-05-30 22:52:18,404 | INFO | Train batch  4700/10986 | ms/batch 197.35 | loss 0.8799 | bpb  1.27 | ppl     2.41 | lr 2.85e-04
2025-05-30 22:52:38,126 | INFO | Gradient norm: 0.0067
2025-05-30 22:52:38,134 | INFO | Train batch  4800/10986 | ms/batch 197.34 | loss 0.8799 | bpb  1.27 | ppl     2.41 | lr 2.85e-04
2025-05-30 22:52:57,867 | INFO | Gradient norm: 0.0094
2025-05-30 22:52:57,875 | INFO | Train batch  4900/10986 | ms/batch 197.35 | loss 0.8799 | bpb  1.27 | ppl     2.41 | lr 2.85e-04
2025-05-30 22:53:17,597 | INFO | Gradient norm: 0.0106
2025-05-30 22:53:17,605 | INFO | Train batch  5000/10986 | ms/batch 197.34 | loss 0.8799 | bpb  1.27 | ppl     2.41 | lr 2.85e-04
2025-05-30 22:53:37,324 | INFO | Gradient norm: 0.0229
2025-05-30 22:53:37,332 | INFO | Train batch  5100/10986 | ms/batch 197.34 | loss 0.8799 | bpb  1.27 | ppl     2.41 | lr 2.85e-04
2025-05-30 22:53:57,064 | INFO | Gradient norm: 0.0094
2025-05-30 22:53:57,071 | INFO | Train batch  5200/10986 | ms/batch 197.34 | loss 0.8799 | bpb  1.27 | ppl     2.41 | lr 2.85e-04
2025-05-30 22:54:16,793 | INFO | Gradient norm: 0.0074
2025-05-30 22:54:16,801 | INFO | Train batch  5300/10986 | ms/batch 197.34 | loss 0.8799 | bpb  1.27 | ppl     2.41 | lr 2.85e-04
2025-05-30 22:54:36,533 | INFO | Gradient norm: 0.0081
2025-05-30 22:54:36,541 | INFO | Train batch  5400/10986 | ms/batch 197.34 | loss 0.8799 | bpb  1.27 | ppl     2.41 | lr 2.85e-04
2025-05-30 22:54:56,263 | INFO | Gradient norm: 0.0096
2025-05-30 22:54:56,270 | INFO | Train batch  5500/10986 | ms/batch 197.34 | loss 0.8799 | bpb  1.27 | ppl     2.41 | lr 2.85e-04
2025-05-30 22:55:15,992 | INFO | Gradient norm: 0.0088
2025-05-30 22:55:15,999 | INFO | Train batch  5600/10986 | ms/batch 197.34 | loss 0.8799 | bpb  1.27 | ppl     2.41 | lr 2.85e-04
2025-05-30 22:55:35,732 | INFO | Gradient norm: 0.0107
2025-05-30 22:55:35,740 | INFO | Train batch  5700/10986 | ms/batch 197.34 | loss 0.8799 | bpb  1.27 | ppl     2.41 | lr 2.85e-04
2025-05-30 22:55:55,461 | INFO | Gradient norm: 0.0145
2025-05-30 22:55:55,469 | INFO | Train batch  5800/10986 | ms/batch 197.34 | loss 0.8799 | bpb  1.27 | ppl     2.41 | lr 2.85e-04
2025-05-30 22:56:15,191 | INFO | Gradient norm: 0.0075
2025-05-30 22:56:15,199 | INFO | Train batch  5900/10986 | ms/batch 197.34 | loss 0.8799 | bpb  1.27 | ppl     2.41 | lr 2.85e-04
2025-05-30 22:56:34,928 | INFO | Gradient norm: 0.0100
2025-05-30 22:56:34,936 | INFO | Train batch  6000/10986 | ms/batch 197.34 | loss 0.8799 | bpb  1.27 | ppl     2.41 | lr 2.85e-04
2025-05-30 22:56:54,659 | INFO | Gradient norm: 0.0149
2025-05-30 22:56:54,667 | INFO | Train batch  6100/10986 | ms/batch 197.34 | loss 0.8799 | bpb  1.27 | ppl     2.41 | lr 2.85e-04
2025-05-30 22:57:14,388 | INFO | Gradient norm: 0.0136
2025-05-30 22:57:14,396 | INFO | Train batch  6200/10986 | ms/batch 197.34 | loss 0.8799 | bpb  1.27 | ppl     2.41 | lr 2.85e-04
2025-05-30 22:57:34,129 | INFO | Gradient norm: 0.0129
2025-05-30 22:57:34,137 | INFO | Train batch  6300/10986 | ms/batch 197.34 | loss 0.8799 | bpb  1.27 | ppl     2.41 | lr 2.85e-04
2025-05-30 22:57:53,856 | INFO | Gradient norm: 0.0114
2025-05-30 22:57:53,864 | INFO | Train batch  6400/10986 | ms/batch 197.34 | loss 0.8799 | bpb  1.27 | ppl     2.41 | lr 2.84e-04
2025-05-30 22:58:13,588 | INFO | Gradient norm: 0.0133
2025-05-30 22:58:13,596 | INFO | Train batch  6500/10986 | ms/batch 197.34 | loss 0.8799 | bpb  1.27 | ppl     2.41 | lr 2.84e-04
2025-05-30 22:58:33,334 | INFO | Gradient norm: 0.0792
2025-05-30 22:58:33,342 | INFO | Train batch  6600/10986 | ms/batch 197.34 | loss 0.8799 | bpb  1.27 | ppl     2.41 | lr 2.84e-04
2025-05-30 22:58:53,066 | INFO | Gradient norm: 0.0177
2025-05-30 22:58:53,074 | INFO | Train batch  6700/10986 | ms/batch 197.34 | loss 0.8799 | bpb  1.27 | ppl     2.41 | lr 2.84e-04
2025-05-30 22:59:12,802 | INFO | Gradient norm: 0.0084
2025-05-30 22:59:12,810 | INFO | Train batch  6800/10986 | ms/batch 197.34 | loss 0.8799 | bpb  1.27 | ppl     2.41 | lr 2.84e-04
2025-05-30 22:59:32,546 | INFO | Gradient norm: 0.0093
2025-05-30 22:59:32,554 | INFO | Train batch  6900/10986 | ms/batch 197.34 | loss 0.8799 | bpb  1.27 | ppl     2.41 | lr 2.84e-04
2025-05-30 22:59:52,279 | INFO | Gradient norm: 0.0122
2025-05-30 22:59:52,287 | INFO | Train batch  7000/10986 | ms/batch 197.34 | loss 0.8799 | bpb  1.27 | ppl     2.41 | lr 2.84e-04
2025-05-30 23:00:12,029 | INFO | Gradient norm: 0.0111
2025-05-30 23:00:12,036 | INFO | Train batch  7100/10986 | ms/batch 197.35 | loss 0.8799 | bpb  1.27 | ppl     2.41 | lr 2.84e-04
2025-05-30 23:00:31,764 | INFO | Gradient norm: 0.0092
2025-05-30 23:00:31,772 | INFO | Train batch  7200/10986 | ms/batch 197.35 | loss 0.8799 | bpb  1.27 | ppl     2.41 | lr 2.84e-04
2025-05-30 23:00:51,497 | INFO | Gradient norm: 0.0134
2025-05-30 23:00:51,505 | INFO | Train batch  7300/10986 | ms/batch 197.35 | loss 0.8799 | bpb  1.27 | ppl     2.41 | lr 2.84e-04
2025-05-30 23:01:11,243 | INFO | Gradient norm: 0.0136
2025-05-30 23:01:11,251 | INFO | Train batch  7400/10986 | ms/batch 197.35 | loss 0.8799 | bpb  1.27 | ppl     2.41 | lr 2.84e-04
2025-05-30 23:01:30,975 | INFO | Gradient norm: 0.0139
2025-05-30 23:01:30,983 | INFO | Train batch  7500/10986 | ms/batch 197.35 | loss 0.8799 | bpb  1.27 | ppl     2.41 | lr 2.84e-04
2025-05-30 23:01:50,709 | INFO | Gradient norm: 0.0119
2025-05-30 23:01:50,717 | INFO | Train batch  7600/10986 | ms/batch 197.35 | loss 0.8799 | bpb  1.27 | ppl     2.41 | lr 2.84e-04
2025-05-30 23:02:10,455 | INFO | Gradient norm: 0.0125
2025-05-30 23:02:10,463 | INFO | Train batch  7700/10986 | ms/batch 197.35 | loss 0.8799 | bpb  1.27 | ppl     2.41 | lr 2.84e-04
2025-05-30 23:02:30,187 | INFO | Gradient norm: 0.0133
2025-05-30 23:02:30,195 | INFO | Train batch  7800/10986 | ms/batch 197.35 | loss 0.8799 | bpb  1.27 | ppl     2.41 | lr 2.84e-04
2025-05-30 23:02:49,922 | INFO | Gradient norm: 0.0087
2025-05-30 23:02:49,930 | INFO | Train batch  7900/10986 | ms/batch 197.35 | loss 0.8799 | bpb  1.27 | ppl     2.41 | lr 2.84e-04
2025-05-30 23:03:09,667 | INFO | Gradient norm: 0.0098
2025-05-30 23:03:09,675 | INFO | Train batch  8000/10986 | ms/batch 197.35 | loss 0.8799 | bpb  1.27 | ppl     2.41 | lr 2.84e-04
2025-05-30 23:03:29,402 | INFO | Gradient norm: 0.0121
2025-05-30 23:03:29,410 | INFO | Train batch  8100/10986 | ms/batch 197.35 | loss 0.8799 | bpb  1.27 | ppl     2.41 | lr 2.84e-04
2025-05-30 23:03:49,136 | INFO | Gradient norm: 0.0149
2025-05-30 23:03:49,144 | INFO | Train batch  8200/10986 | ms/batch 197.35 | loss 0.8799 | bpb  1.27 | ppl     2.41 | lr 2.84e-04
2025-05-30 23:04:08,882 | INFO | Gradient norm: 0.0098
2025-05-30 23:04:08,889 | INFO | Train batch  8300/10986 | ms/batch 197.35 | loss 0.8799 | bpb  1.27 | ppl     2.41 | lr 2.84e-04
2025-05-30 23:04:28,614 | INFO | Gradient norm: 0.0146
2025-05-30 23:04:28,622 | INFO | Train batch  8400/10986 | ms/batch 197.35 | loss 0.8799 | bpb  1.27 | ppl     2.41 | lr 2.84e-04
2025-05-30 23:04:48,359 | INFO | Gradient norm: 0.0232
2025-05-30 23:04:48,367 | INFO | Train batch  8500/10986 | ms/batch 197.35 | loss 0.8799 | bpb  1.27 | ppl     2.41 | lr 2.84e-04
2025-05-30 23:05:08,094 | INFO | Gradient norm: 0.0278
2025-05-30 23:05:08,102 | INFO | Train batch  8600/10986 | ms/batch 197.35 | loss 0.8799 | bpb  1.27 | ppl     2.41 | lr 2.84e-04
2025-05-30 23:05:27,827 | INFO | Gradient norm: 0.0086
2025-05-30 23:05:27,835 | INFO | Train batch  8700/10986 | ms/batch 197.35 | loss 0.8799 | bpb  1.27 | ppl     2.41 | lr 2.84e-04
2025-05-30 23:05:47,571 | INFO | Gradient norm: 0.0092
2025-05-30 23:05:47,579 | INFO | Train batch  8800/10986 | ms/batch 197.35 | loss 0.8798 | bpb  1.27 | ppl     2.41 | lr 2.84e-04
2025-05-30 23:06:07,305 | INFO | Gradient norm: 0.0257
2025-05-30 23:06:07,313 | INFO | Train batch  8900/10986 | ms/batch 197.35 | loss 0.8798 | bpb  1.27 | ppl     2.41 | lr 2.84e-04
2025-05-30 23:06:27,035 | INFO | Gradient norm: 0.0088
2025-05-30 23:06:27,043 | INFO | Train batch  9000/10986 | ms/batch 197.35 | loss 0.8798 | bpb  1.27 | ppl     2.41 | lr 2.84e-04
2025-05-30 23:06:46,778 | INFO | Gradient norm: 0.0119
2025-05-30 23:06:46,786 | INFO | Train batch  9100/10986 | ms/batch 197.35 | loss 0.8798 | bpb  1.27 | ppl     2.41 | lr 2.83e-04
2025-05-30 23:07:06,511 | INFO | Gradient norm: 0.0082
2025-05-30 23:07:06,519 | INFO | Train batch  9200/10986 | ms/batch 197.35 | loss 0.8798 | bpb  1.27 | ppl     2.41 | lr 2.83e-04
2025-05-30 23:07:26,241 | INFO | Gradient norm: 0.0087
2025-05-30 23:07:26,249 | INFO | Train batch  9300/10986 | ms/batch 197.35 | loss 0.8798 | bpb  1.27 | ppl     2.41 | lr 2.83e-04
2025-05-30 23:07:45,985 | INFO | Gradient norm: 0.0076
2025-05-30 23:07:45,993 | INFO | Train batch  9400/10986 | ms/batch 197.35 | loss 0.8798 | bpb  1.27 | ppl     2.41 | lr 2.83e-04
2025-05-30 23:08:05,715 | INFO | Gradient norm: 0.0100
2025-05-30 23:08:05,723 | INFO | Train batch  9500/10986 | ms/batch 197.35 | loss 0.8798 | bpb  1.27 | ppl     2.41 | lr 2.83e-04
2025-05-30 23:08:25,447 | INFO | Gradient norm: 0.0069
2025-05-30 23:08:25,455 | INFO | Train batch  9600/10986 | ms/batch 197.35 | loss 0.8798 | bpb  1.27 | ppl     2.41 | lr 2.83e-04
2025-05-30 23:08:45,189 | INFO | Gradient norm: 0.0168
2025-05-30 23:08:45,197 | INFO | Train batch  9700/10986 | ms/batch 197.35 | loss 0.8798 | bpb  1.27 | ppl     2.41 | lr 2.83e-04
2025-05-30 23:09:04,920 | INFO | Gradient norm: 0.0078
2025-05-30 23:09:04,928 | INFO | Train batch  9800/10986 | ms/batch 197.35 | loss 0.8798 | bpb  1.27 | ppl     2.41 | lr 2.83e-04
2025-05-30 23:09:24,653 | INFO | Gradient norm: 0.0091
2025-05-30 23:09:24,661 | INFO | Train batch  9900/10986 | ms/batch 197.35 | loss 0.8798 | bpb  1.27 | ppl     2.41 | lr 2.83e-04
2025-05-30 23:09:44,392 | INFO | Gradient norm: 0.0079
2025-05-30 23:09:44,400 | INFO | Train batch 10000/10986 | ms/batch 197.35 | loss 0.8798 | bpb  1.27 | ppl     2.41 | lr 2.83e-04
2025-05-30 23:10:04,125 | INFO | Gradient norm: 0.0096
2025-05-30 23:10:04,133 | INFO | Train batch 10100/10986 | ms/batch 197.35 | loss 0.8798 | bpb  1.27 | ppl     2.41 | lr 2.83e-04
2025-05-30 23:10:23,870 | INFO | Gradient norm: 0.0085
2025-05-30 23:10:23,878 | INFO | Train batch 10200/10986 | ms/batch 197.35 | loss 0.8798 | bpb  1.27 | ppl     2.41 | lr 2.83e-04
2025-05-30 23:10:43,600 | INFO | Gradient norm: 0.0144
2025-05-30 23:10:43,608 | INFO | Train batch 10300/10986 | ms/batch 197.35 | loss 0.8798 | bpb  1.27 | ppl     2.41 | lr 2.83e-04
2025-05-30 23:11:03,332 | INFO | Gradient norm: 0.0106
2025-05-30 23:11:03,340 | INFO | Train batch 10400/10986 | ms/batch 197.35 | loss 0.8798 | bpb  1.27 | ppl     2.41 | lr 2.83e-04
2025-05-30 23:11:23,075 | INFO | Gradient norm: 0.0072
2025-05-30 23:11:23,083 | INFO | Train batch 10500/10986 | ms/batch 197.35 | loss 0.8798 | bpb  1.27 | ppl     2.41 | lr 2.83e-04
2025-05-30 23:11:42,806 | INFO | Gradient norm: 0.0159
2025-05-30 23:11:42,814 | INFO | Train batch 10600/10986 | ms/batch 197.35 | loss 0.8798 | bpb  1.27 | ppl     2.41 | lr 2.83e-04
2025-05-30 23:12:02,538 | INFO | Gradient norm: 0.0177
2025-05-30 23:12:02,546 | INFO | Train batch 10700/10986 | ms/batch 197.35 | loss 0.8798 | bpb  1.27 | ppl     2.41 | lr 2.83e-04
2025-05-30 23:12:22,281 | INFO | Gradient norm: 0.0121
2025-05-30 23:12:22,289 | INFO | Train batch 10800/10986 | ms/batch 197.35 | loss 0.8798 | bpb  1.27 | ppl     2.41 | lr 2.83e-04
2025-05-30 23:12:42,014 | INFO | Gradient norm: 0.0098
2025-05-30 23:12:42,022 | INFO | Train batch 10900/10986 | ms/batch 197.35 | loss 0.8798 | bpb  1.27 | ppl     2.41 | lr 2.83e-04
2025-05-30 23:14:10,968 | INFO | Epoch   7 | time: 2240.28s | train bpb  1.27 | valid bpb  1.27
2025-05-30 23:14:11,518 | INFO | Saved new best model with validation bpb:  1.27
2025-05-30 23:14:13,919 | INFO | Input shape: torch.Size([16, 511]), Target shape: torch.Size([16, 511])
2025-05-30 23:14:13,920 | INFO | Input range: [10, 226]
2025-05-30 23:14:13,920 | INFO | Target range: [10, 226]
2025-05-30 23:14:13,961 | INFO | Output shape: torch.Size([8176, 256]), Reshaped target shape: torch.Size([8176])
2025-05-30 23:14:13,963 | INFO | Output range: [-11.921875, 11.640625]
2025-05-30 23:14:13,963 | INFO | Sample probabilities: max=0.903722882270813, min=0.00029781003831885755
2025-05-30 23:14:13,964 | INFO | Raw loss value: 0.8795551061630249
2025-05-30 23:14:13,964 | INFO | Batch 0 loss stats - Mean: -0.0195, Std: 1.5381
2025-05-30 23:14:14,126 | INFO | Gradient norm: 0.0094
2025-05-30 23:14:14,134 | INFO | Train batch     0/10986 | ms/batch 214.87 | loss 0.8796 | bpb  1.27 | ppl     2.41 | lr 2.83e-04
2025-05-30 23:14:33,792 | INFO | Gradient norm: 0.0082
2025-05-30 23:14:33,799 | INFO | Train batch   100/10986 | ms/batch 196.84 | loss 0.8810 | bpb  1.27 | ppl     2.41 | lr 2.83e-04
2025-05-30 23:14:53,522 | INFO | Gradient norm: 0.0094
2025-05-30 23:14:53,530 | INFO | Train batch   200/10986 | ms/batch 197.07 | loss 0.8806 | bpb  1.27 | ppl     2.41 | lr 2.83e-04
2025-05-30 23:15:13,303 | INFO | Gradient norm: 0.0233
2025-05-30 23:15:13,311 | INFO | Train batch   300/10986 | ms/batch 197.31 | loss 0.8802 | bpb  1.27 | ppl     2.41 | lr 2.83e-04
2025-05-30 23:15:33,091 | INFO | Gradient norm: 0.0107
2025-05-30 23:15:33,099 | INFO | Train batch   400/10986 | ms/batch 197.46 | loss 0.8801 | bpb  1.27 | ppl     2.41 | lr 2.83e-04
2025-05-30 23:15:52,854 | INFO | Gradient norm: 0.0220
2025-05-30 23:15:52,862 | INFO | Train batch   500/10986 | ms/batch 197.49 | loss 0.8800 | bpb  1.27 | ppl     2.41 | lr 2.83e-04
2025-05-30 23:16:12,604 | INFO | Gradient norm: 0.0156
2025-05-30 23:16:12,612 | INFO | Train batch   600/10986 | ms/batch 197.49 | loss 0.8800 | bpb  1.27 | ppl     2.41 | lr 2.82e-04
2025-05-30 23:16:32,366 | INFO | Gradient norm: 0.0091
2025-05-30 23:16:32,374 | INFO | Train batch   700/10986 | ms/batch 197.51 | loss 0.8799 | bpb  1.27 | ppl     2.41 | lr 2.82e-04
2025-05-30 23:16:52,115 | INFO | Gradient norm: 0.0248
2025-05-30 23:16:52,123 | INFO | Train batch   800/10986 | ms/batch 197.51 | loss 0.8799 | bpb  1.27 | ppl     2.41 | lr 2.82e-04
2025-05-30 23:17:11,865 | INFO | Gradient norm: 0.0258
2025-05-30 23:17:11,873 | INFO | Train batch   900/10986 | ms/batch 197.51 | loss 0.8799 | bpb  1.27 | ppl     2.41 | lr 2.82e-04
2025-05-30 23:17:31,627 | INFO | Gradient norm: 0.0130
2025-05-30 23:17:31,635 | INFO | Train batch  1000/10986 | ms/batch 197.52 | loss 0.8798 | bpb  1.27 | ppl     2.41 | lr 2.82e-04
2025-05-30 23:17:51,377 | INFO | Gradient norm: 0.0080
2025-05-30 23:17:51,385 | INFO | Train batch  1100/10986 | ms/batch 197.52 | loss 0.8798 | bpb  1.27 | ppl     2.41 | lr 2.82e-04
2025-05-30 23:18:11,129 | INFO | Gradient norm: 0.0096
2025-05-30 23:18:11,137 | INFO | Train batch  1200/10986 | ms/batch 197.52 | loss 0.8798 | bpb  1.27 | ppl     2.41 | lr 2.82e-04
2025-05-30 23:18:30,889 | INFO | Gradient norm: 0.0090
2025-05-30 23:18:30,897 | INFO | Train batch  1300/10986 | ms/batch 197.52 | loss 0.8798 | bpb  1.27 | ppl     2.41 | lr 2.82e-04
2025-05-30 23:18:50,638 | INFO | Gradient norm: 0.0097
2025-05-30 23:18:50,646 | INFO | Train batch  1400/10986 | ms/batch 197.52 | loss 0.8798 | bpb  1.27 | ppl     2.41 | lr 2.82e-04
2025-05-30 23:19:03,208 | INFO | Using device: cuda
2025-05-30 23:19:05,749 | INFO | Model parameters: 19,177,728
2025-05-30 23:19:05,750 | INFO | Loading training data...
2025-05-30 23:19:11,509 | INFO | Base learning rate: 3.00e-04
2025-05-30 23:19:11,509 | INFO | Minimum learning rate: 1.00e-05
2025-05-30 23:19:11,509 | INFO | Initial learning rate: 0.00e+00
2025-05-30 23:19:11,509 | INFO | Warmup steps: 2000
2025-05-30 23:19:11,509 | INFO | Total steps: 549300
2025-05-30 23:19:11,509 | INFO | Test LR at step 0: 0.00e+00
2025-05-30 23:19:11,509 | INFO | Test LR at step 1000: 1.50e-04
2025-05-30 23:19:11,509 | INFO | Test LR at step 2000: 3.00e-04
2025-05-30 23:19:11,509 | INFO | Test LR at step 274650: 1.56e-04
2025-05-30 23:19:11,509 | INFO | Test LR at step 549299: 1.00e-05
2025-05-30 23:19:11,510 | INFO | Starting training...
2025-05-30 23:19:11,511 | INFO | Input shape: torch.Size([16, 511]), Target shape: torch.Size([16, 511])
2025-05-30 23:19:11,511 | INFO | Input range: [10, 226]
2025-05-30 23:19:11,511 | INFO | Target range: [10, 226]
2025-05-30 23:19:16,780 | INFO | Output shape: torch.Size([8176, 256]), Reshaped target shape: torch.Size([8176])
2025-05-30 23:19:16,781 | INFO | Output range: [-5.5390625, 5.5390625]
2025-05-30 23:19:16,782 | INFO | Sample probabilities: max=0.06494953483343124, min=5.5842549045337364e-05
2025-05-30 23:19:16,783 | INFO | Raw loss value: 6.167163372039795
2025-05-30 23:19:16,783 | INFO | Batch 0 loss stats - Mean: -0.0172, Std: 1.1553
2025-05-30 23:19:16,904 | INFO | Gradient norm: 6.8060
2025-05-30 23:19:16,918 | INFO | Train batch     0/10986 | ms/batch 5407.82 | loss 6.1672 | bpb  8.90 | ppl   476.83 | lr 1.50e-07
2025-05-30 23:19:33,137 | INFO | Gradient norm: 0.8527
2025-05-30 23:19:33,145 | INFO | Train batch   100/10986 | ms/batch 214.21 | loss 4.6972 | bpb  6.78 | ppl   109.64 | lr 1.51e-05
2025-05-30 23:19:49,573 | INFO | Gradient norm: 0.4980
2025-05-30 23:19:49,585 | INFO | Train batch   200/10986 | ms/batch 189.43 | loss 4.0713 | bpb  5.87 | ppl    58.63 | lr 3.01e-05
2025-05-30 23:20:06,479 | INFO | Gradient norm: 0.4979
2025-05-30 23:20:06,491 | INFO | Train batch   300/10986 | ms/batch 182.66 | loss 3.7917 | bpb  5.47 | ppl    44.33 | lr 4.51e-05
2025-05-30 23:20:23,367 | INFO | Gradient norm: 0.5248
2025-05-30 23:20:23,379 | INFO | Train batch   400/10986 | ms/batch 179.22 | loss 3.6179 | bpb  5.22 | ppl    37.26 | lr 6.01e-05
2025-05-30 23:20:40,283 | INFO | Gradient norm: 0.5965
2025-05-30 23:20:40,295 | INFO | Train batch   500/10986 | ms/batch 177.22 | loss 3.4975 | bpb  5.05 | ppl    33.03 | lr 7.51e-05
2025-05-30 23:20:57,196 | INFO | Gradient norm: 0.4579
2025-05-30 23:20:57,208 | INFO | Train batch   600/10986 | ms/batch 175.87 | loss 3.4078 | bpb  4.92 | ppl    30.20 | lr 9.01e-05
2025-05-30 23:21:14,094 | INFO | Gradient norm: 0.4459
2025-05-30 23:21:14,106 | INFO | Train batch   700/10986 | ms/batch 174.89 | loss 3.3346 | bpb  4.81 | ppl    28.07 | lr 1.05e-04
2025-05-30 23:21:31,014 | INFO | Gradient norm: 0.6830
2025-05-30 23:21:31,026 | INFO | Train batch   800/10986 | ms/batch 174.18 | loss 3.2686 | bpb  4.72 | ppl    26.27 | lr 1.20e-04
2025-05-30 23:21:47,928 | INFO | Gradient norm: 0.7617
2025-05-30 23:21:47,941 | INFO | Train batch   900/10986 | ms/batch 173.62 | loss 3.1842 | bpb  4.59 | ppl    24.15 | lr 1.35e-04
2025-05-30 23:22:04,827 | INFO | Gradient norm: 0.7070
2025-05-30 23:22:04,839 | INFO | Train batch  1000/10986 | ms/batch 173.16 | loss 3.0559 | bpb  4.41 | ppl    21.24 | lr 1.50e-04
2025-05-30 23:22:21,738 | INFO | Gradient norm: 0.5785
2025-05-30 23:22:21,750 | INFO | Train batch  1100/10986 | ms/batch 172.79 | loss 2.9090 | bpb  4.20 | ppl    18.34 | lr 1.65e-04
2025-05-30 23:22:38,649 | INFO | Gradient norm: 0.3490
2025-05-30 23:22:38,661 | INFO | Train batch  1200/10986 | ms/batch 172.48 | loss 2.7674 | bpb  3.99 | ppl    15.92 | lr 1.80e-04
2025-05-30 23:22:55,566 | INFO | Gradient norm: 0.2951
2025-05-30 23:22:55,578 | INFO | Train batch  1300/10986 | ms/batch 172.23 | loss 2.6391 | bpb  3.81 | ppl    14.00 | lr 1.95e-04
2025-05-30 23:23:12,464 | INFO | Gradient norm: 0.2331
2025-05-30 23:23:12,476 | INFO | Train batch  1400/10986 | ms/batch 172.00 | loss 2.5246 | bpb  3.64 | ppl    12.49 | lr 2.10e-04
2025-05-30 23:23:29,369 | INFO | Gradient norm: 0.1939
2025-05-30 23:23:29,381 | INFO | Train batch  1500/10986 | ms/batch 171.80 | loss 2.4231 | bpb  3.50 | ppl    11.28 | lr 2.25e-04
2025-05-30 23:23:46,279 | INFO | Gradient norm: 0.1835
2025-05-30 23:23:46,291 | INFO | Train batch  1600/10986 | ms/batch 171.63 | loss 2.3321 | bpb  3.36 | ppl    10.30 | lr 2.40e-04
2025-05-30 23:24:03,196 | INFO | Gradient norm: 0.1740
2025-05-30 23:24:03,208 | INFO | Train batch  1700/10986 | ms/batch 171.49 | loss 2.2512 | bpb  3.25 | ppl     9.50 | lr 2.55e-04
2025-05-30 23:24:20,092 | INFO | Gradient norm: 0.1264
2025-05-30 23:24:20,104 | INFO | Train batch  1800/10986 | ms/batch 171.35 | loss 2.1784 | bpb  3.14 | ppl     8.83 | lr 2.70e-04
2025-05-30 23:24:36,991 | INFO | Gradient norm: 0.1250
2025-05-30 23:24:37,003 | INFO | Train batch  1900/10986 | ms/batch 171.22 | loss 2.1125 | bpb  3.05 | ppl     8.27 | lr 2.85e-04
2025-05-30 23:24:53,900 | INFO | Gradient norm: 0.1064
2025-05-30 23:24:53,912 | INFO | Train batch  2000/10986 | ms/batch 171.12 | loss 2.0528 | bpb  2.96 | ppl     7.79 | lr 3.00e-04
2025-05-30 23:25:10,802 | INFO | Gradient norm: 0.0925
2025-05-30 23:25:10,814 | INFO | Train batch  2100/10986 | ms/batch 171.02 | loss 1.9984 | bpb  2.88 | ppl     7.38 | lr 3.00e-04
2025-05-30 23:25:27,716 | INFO | Gradient norm: 0.1009
2025-05-30 23:25:27,728 | INFO | Train batch  2200/10986 | ms/batch 170.93 | loss 1.9489 | bpb  2.81 | ppl     7.02 | lr 3.00e-04
2025-05-30 23:25:44,612 | INFO | Gradient norm: 0.0930
2025-05-30 23:25:44,624 | INFO | Train batch  2300/10986 | ms/batch 170.84 | loss 1.9035 | bpb  2.75 | ppl     6.71 | lr 3.00e-04
2025-05-30 23:26:01,516 | INFO | Gradient norm: 0.1030
2025-05-30 23:26:01,528 | INFO | Train batch  2400/10986 | ms/batch 170.77 | loss 1.8617 | bpb  2.69 | ppl     6.43 | lr 3.00e-04
2025-05-30 23:26:18,425 | INFO | Gradient norm: 0.0608
2025-05-30 23:26:18,437 | INFO | Train batch  2500/10986 | ms/batch 170.70 | loss 1.8232 | bpb  2.63 | ppl     6.19 | lr 3.00e-04
2025-05-30 23:26:35,335 | INFO | Gradient norm: 0.0705
2025-05-30 23:26:35,347 | INFO | Train batch  2600/10986 | ms/batch 170.64 | loss 1.7876 | bpb  2.58 | ppl     5.98 | lr 3.00e-04
2025-05-30 23:26:52,231 | INFO | Gradient norm: 0.0627
2025-05-30 23:26:52,243 | INFO | Train batch  2700/10986 | ms/batch 170.58 | loss 1.7546 | bpb  2.53 | ppl     5.78 | lr 3.00e-04
2025-05-30 23:27:09,128 | INFO | Gradient norm: 0.0743
2025-05-30 23:27:09,140 | INFO | Train batch  2800/10986 | ms/batch 170.52 | loss 1.7239 | bpb  2.49 | ppl     5.61 | lr 3.00e-04
2025-05-30 23:27:26,041 | INFO | Gradient norm: 0.0687
2025-05-30 23:27:26,053 | INFO | Train batch  2900/10986 | ms/batch 170.47 | loss 1.6953 | bpb  2.45 | ppl     5.45 | lr 3.00e-04
2025-05-30 23:27:42,940 | INFO | Gradient norm: 0.0456
2025-05-30 23:27:42,952 | INFO | Train batch  3000/10986 | ms/batch 170.42 | loss 1.6685 | bpb  2.41 | ppl     5.30 | lr 3.00e-04
2025-05-30 23:27:59,852 | INFO | Gradient norm: 0.0691
2025-05-30 23:27:59,864 | INFO | Train batch  3100/10986 | ms/batch 170.38 | loss 1.6434 | bpb  2.37 | ppl     5.17 | lr 3.00e-04
2025-05-30 23:28:16,746 | INFO | Gradient norm: 0.0843
2025-05-30 23:28:16,758 | INFO | Train batch  3200/10986 | ms/batch 170.34 | loss 1.6199 | bpb  2.34 | ppl     5.05 | lr 3.00e-04
2025-05-30 23:28:33,650 | INFO | Gradient norm: 0.0404
2025-05-30 23:28:33,662 | INFO | Train batch  3300/10986 | ms/batch 170.30 | loss 1.5978 | bpb  2.31 | ppl     4.94 | lr 3.00e-04
2025-05-30 23:28:50,559 | INFO | Gradient norm: 0.0876
2025-05-30 23:28:50,571 | INFO | Train batch  3400/10986 | ms/batch 170.26 | loss 1.5770 | bpb  2.28 | ppl     4.84 | lr 3.00e-04
2025-05-30 23:29:07,472 | INFO | Gradient norm: 0.0617
2025-05-30 23:29:07,484 | INFO | Train batch  3500/10986 | ms/batch 170.23 | loss 1.5574 | bpb  2.25 | ppl     4.75 | lr 3.00e-04
2025-05-30 23:29:24,370 | INFO | Gradient norm: 0.0572
2025-05-30 23:29:24,382 | INFO | Train batch  3600/10986 | ms/batch 170.19 | loss 1.5388 | bpb  2.22 | ppl     4.66 | lr 3.00e-04
2025-05-30 23:29:41,271 | INFO | Gradient norm: 0.0498
2025-05-30 23:29:41,283 | INFO | Train batch  3700/10986 | ms/batch 170.16 | loss 1.5213 | bpb  2.19 | ppl     4.58 | lr 3.00e-04
2025-05-30 23:29:58,182 | INFO | Gradient norm: 0.0773
2025-05-30 23:29:58,194 | INFO | Train batch  3800/10986 | ms/batch 170.14 | loss 1.5046 | bpb  2.17 | ppl     4.50 | lr 3.00e-04
2025-05-30 23:30:15,095 | INFO | Gradient norm: 0.0555
2025-05-30 23:30:15,107 | INFO | Train batch  3900/10986 | ms/batch 170.11 | loss 1.4888 | bpb  2.15 | ppl     4.43 | lr 3.00e-04
2025-05-30 23:30:32,012 | INFO | Gradient norm: 0.0584
2025-05-30 23:30:32,024 | INFO | Train batch  4000/10986 | ms/batch 170.09 | loss 1.4738 | bpb  2.13 | ppl     4.37 | lr 3.00e-04
2025-05-30 23:30:48,911 | INFO | Gradient norm: 0.0641
2025-05-30 23:30:48,923 | INFO | Train batch  4100/10986 | ms/batch 170.06 | loss 1.4595 | bpb  2.11 | ppl     4.30 | lr 3.00e-04
2025-05-30 23:31:05,814 | INFO | Gradient norm: 0.0471
2025-05-30 23:31:05,826 | INFO | Train batch  4200/10986 | ms/batch 170.03 | loss 1.4459 | bpb  2.09 | ppl     4.25 | lr 3.00e-04
2025-05-30 23:31:22,733 | INFO | Gradient norm: 0.0641
2025-05-30 23:31:22,745 | INFO | Train batch  4300/10986 | ms/batch 170.02 | loss 1.4329 | bpb  2.07 | ppl     4.19 | lr 3.00e-04
2025-05-30 23:31:39,639 | INFO | Gradient norm: 0.0436
2025-05-30 23:31:39,651 | INFO | Train batch  4400/10986 | ms/batch 169.99 | loss 1.4205 | bpb  2.05 | ppl     4.14 | lr 3.00e-04
2025-05-30 23:31:56,550 | INFO | Gradient norm: 0.0420
2025-05-30 23:31:56,562 | INFO | Train batch  4500/10986 | ms/batch 169.97 | loss 1.4087 | bpb  2.03 | ppl     4.09 | lr 3.00e-04
2025-05-30 23:32:13,457 | INFO | Gradient norm: 0.0427
2025-05-30 23:32:13,469 | INFO | Train batch  4600/10986 | ms/batch 169.95 | loss 1.3973 | bpb  2.02 | ppl     4.04 | lr 3.00e-04
2025-05-30 23:32:30,369 | INFO | Gradient norm: 0.0401
2025-05-30 23:32:30,381 | INFO | Train batch  4700/10986 | ms/batch 169.94 | loss 1.3864 | bpb  2.00 | ppl     4.00 | lr 3.00e-04
2025-05-30 23:32:47,279 | INFO | Gradient norm: 0.0732
2025-05-30 23:32:47,291 | INFO | Train batch  4800/10986 | ms/batch 169.92 | loss 1.3760 | bpb  1.99 | ppl     3.96 | lr 3.00e-04
2025-05-30 23:33:04,200 | INFO | Gradient norm: 0.0417
2025-05-30 23:33:04,212 | INFO | Train batch  4900/10986 | ms/batch 169.90 | loss 1.3660 | bpb  1.97 | ppl     3.92 | lr 3.00e-04
2025-05-30 23:33:21,094 | INFO | Gradient norm: 0.0372
2025-05-30 23:33:21,106 | INFO | Train batch  5000/10986 | ms/batch 169.89 | loss 1.3564 | bpb  1.96 | ppl     3.88 | lr 3.00e-04
2025-05-30 23:33:37,991 | INFO | Gradient norm: 0.0290
2025-05-30 23:33:38,003 | INFO | Train batch  5100/10986 | ms/batch 169.87 | loss 1.3471 | bpb  1.94 | ppl     3.85 | lr 3.00e-04
2025-05-30 23:33:54,910 | INFO | Gradient norm: 0.0673
2025-05-30 23:33:54,922 | INFO | Train batch  5200/10986 | ms/batch 169.85 | loss 1.3383 | bpb  1.93 | ppl     3.81 | lr 3.00e-04
2025-05-30 23:34:11,808 | INFO | Gradient norm: 0.0486
2025-05-30 23:34:11,820 | INFO | Train batch  5300/10986 | ms/batch 169.84 | loss 1.3297 | bpb  1.92 | ppl     3.78 | lr 3.00e-04
2025-05-30 23:34:28,718 | INFO | Gradient norm: 0.0273
2025-05-30 23:34:28,730 | INFO | Train batch  5400/10986 | ms/batch 169.82 | loss 1.3215 | bpb  1.91 | ppl     3.75 | lr 3.00e-04
2025-05-30 23:34:45,613 | INFO | Gradient norm: 0.0907
2025-05-30 23:34:45,625 | INFO | Train batch  5500/10986 | ms/batch 169.81 | loss 1.3135 | bpb  1.90 | ppl     3.72 | lr 3.00e-04
2025-05-30 23:35:02,516 | INFO | Gradient norm: 0.0664
2025-05-30 23:35:02,528 | INFO | Train batch  5600/10986 | ms/batch 169.79 | loss 1.3059 | bpb  1.88 | ppl     3.69 | lr 3.00e-04
2025-05-30 23:35:19,426 | INFO | Gradient norm: 0.0278
2025-05-30 23:35:19,438 | INFO | Train batch  5700/10986 | ms/batch 169.78 | loss 1.2985 | bpb  1.87 | ppl     3.66 | lr 3.00e-04
2025-05-30 23:35:36,335 | INFO | Gradient norm: 0.0655
2025-05-30 23:35:36,347 | INFO | Train batch  5800/10986 | ms/batch 169.77 | loss 1.2914 | bpb  1.86 | ppl     3.64 | lr 3.00e-04
2025-05-30 23:35:53,230 | INFO | Gradient norm: 0.0704
2025-05-30 23:35:53,242 | INFO | Train batch  5900/10986 | ms/batch 169.76 | loss 1.2845 | bpb  1.85 | ppl     3.61 | lr 3.00e-04
2025-05-30 23:36:10,130 | INFO | Gradient norm: 0.0442
2025-05-30 23:36:10,142 | INFO | Train batch  6000/10986 | ms/batch 169.74 | loss 1.2778 | bpb  1.84 | ppl     3.59 | lr 3.00e-04
2025-05-30 23:36:27,042 | INFO | Gradient norm: 0.0797
2025-05-30 23:36:27,054 | INFO | Train batch  6100/10986 | ms/batch 169.73 | loss 1.2714 | bpb  1.83 | ppl     3.57 | lr 3.00e-04
2025-05-30 23:36:43,953 | INFO | Gradient norm: 0.0424
2025-05-30 23:36:43,965 | INFO | Train batch  6200/10986 | ms/batch 169.72 | loss 1.2651 | bpb  1.83 | ppl     3.54 | lr 3.00e-04
2025-05-30 23:37:00,848 | INFO | Gradient norm: 0.0301
2025-05-30 23:37:00,860 | INFO | Train batch  6300/10986 | ms/batch 169.71 | loss 1.2591 | bpb  1.82 | ppl     3.52 | lr 3.00e-04
2025-05-30 23:37:17,742 | INFO | Gradient norm: 0.0499
2025-05-30 23:37:17,754 | INFO | Train batch  6400/10986 | ms/batch 169.70 | loss 1.2532 | bpb  1.81 | ppl     3.50 | lr 3.00e-04
2025-05-30 23:37:34,647 | INFO | Gradient norm: 0.0388
2025-05-30 23:37:34,659 | INFO | Train batch  6500/10986 | ms/batch 169.69 | loss 1.2476 | bpb  1.80 | ppl     3.48 | lr 3.00e-04
2025-05-30 23:37:51,549 | INFO | Gradient norm: 0.0430
2025-05-30 23:37:51,561 | INFO | Train batch  6600/10986 | ms/batch 169.68 | loss 1.2421 | bpb  1.79 | ppl     3.46 | lr 3.00e-04
2025-05-30 23:38:08,462 | INFO | Gradient norm: 0.0326
2025-05-30 23:38:08,474 | INFO | Train batch  6700/10986 | ms/batch 169.67 | loss 1.2367 | bpb  1.78 | ppl     3.44 | lr 3.00e-04
2025-05-30 23:38:25,357 | INFO | Gradient norm: 0.0228
2025-05-30 23:38:25,369 | INFO | Train batch  6800/10986 | ms/batch 169.66 | loss 1.2315 | bpb  1.78 | ppl     3.43 | lr 3.00e-04
2025-05-30 23:38:42,262 | INFO | Gradient norm: 0.0367
2025-05-30 23:38:42,274 | INFO | Train batch  6900/10986 | ms/batch 169.65 | loss 1.2265 | bpb  1.77 | ppl     3.41 | lr 3.00e-04
2025-05-30 23:38:59,171 | INFO | Gradient norm: 0.0545
2025-05-30 23:38:59,183 | INFO | Train batch  7000/10986 | ms/batch 169.64 | loss 1.2216 | bpb  1.76 | ppl     3.39 | lr 3.00e-04
2025-05-30 23:39:16,084 | INFO | Gradient norm: 0.0407
2025-05-30 23:39:16,096 | INFO | Train batch  7100/10986 | ms/batch 169.64 | loss 1.2169 | bpb  1.76 | ppl     3.38 | lr 3.00e-04
2025-05-30 23:39:32,980 | INFO | Gradient norm: 0.0438
2025-05-30 23:39:32,992 | INFO | Train batch  7200/10986 | ms/batch 169.63 | loss 1.2122 | bpb  1.75 | ppl     3.36 | lr 3.00e-04
2025-05-30 23:39:49,880 | INFO | Gradient norm: 0.0308
2025-05-30 23:39:49,892 | INFO | Train batch  7300/10986 | ms/batch 169.62 | loss 1.2077 | bpb  1.74 | ppl     3.35 | lr 3.00e-04
2025-05-30 23:40:06,791 | INFO | Gradient norm: 0.0531
2025-05-30 23:40:06,803 | INFO | Train batch  7400/10986 | ms/batch 169.61 | loss 1.2034 | bpb  1.74 | ppl     3.33 | lr 3.00e-04
2025-05-30 23:40:23,696 | INFO | Gradient norm: 0.0365
2025-05-30 23:40:23,708 | INFO | Train batch  7500/10986 | ms/batch 169.60 | loss 1.1991 | bpb  1.73 | ppl     3.32 | lr 3.00e-04
2025-05-30 23:40:40,602 | INFO | Gradient norm: 0.0223
2025-05-30 23:40:40,614 | INFO | Train batch  7600/10986 | ms/batch 169.60 | loss 1.1950 | bpb  1.72 | ppl     3.30 | lr 3.00e-04
2025-05-30 23:40:57,498 | INFO | Gradient norm: 0.0276
2025-05-30 23:40:57,510 | INFO | Train batch  7700/10986 | ms/batch 169.59 | loss 1.1909 | bpb  1.72 | ppl     3.29 | lr 3.00e-04
2025-05-30 23:41:14,406 | INFO | Gradient norm: 0.0312
2025-05-30 23:41:14,418 | INFO | Train batch  7800/10986 | ms/batch 169.58 | loss 1.1870 | bpb  1.71 | ppl     3.28 | lr 3.00e-04
2025-05-30 23:41:31,311 | INFO | Gradient norm: 0.0453
2025-05-30 23:41:31,323 | INFO | Train batch  7900/10986 | ms/batch 169.58 | loss 1.1831 | bpb  1.71 | ppl     3.26 | lr 3.00e-04
2025-05-30 23:41:48,225 | INFO | Gradient norm: 0.0380
2025-05-30 23:41:48,237 | INFO | Train batch  8000/10986 | ms/batch 169.57 | loss 1.1794 | bpb  1.70 | ppl     3.25 | lr 3.00e-04
2025-05-30 23:42:05,121 | INFO | Gradient norm: 0.0209
2025-05-30 23:42:05,134 | INFO | Train batch  8100/10986 | ms/batch 169.56 | loss 1.1757 | bpb  1.70 | ppl     3.24 | lr 3.00e-04
2025-05-30 23:42:22,025 | INFO | Gradient norm: 0.0631
2025-05-30 23:42:22,037 | INFO | Train batch  8200/10986 | ms/batch 169.56 | loss 1.1722 | bpb  1.69 | ppl     3.23 | lr 3.00e-04
2025-05-30 23:42:38,934 | INFO | Gradient norm: 0.0244
2025-05-30 23:42:38,946 | INFO | Train batch  8300/10986 | ms/batch 169.55 | loss 1.1687 | bpb  1.69 | ppl     3.22 | lr 3.00e-04
2025-05-30 23:42:55,843 | INFO | Gradient norm: 0.0181
2025-05-30 23:42:55,855 | INFO | Train batch  8400/10986 | ms/batch 169.54 | loss 1.1653 | bpb  1.68 | ppl     3.21 | lr 3.00e-04
2025-05-30 23:43:12,739 | INFO | Gradient norm: 0.0433
2025-05-30 23:43:12,751 | INFO | Train batch  8500/10986 | ms/batch 169.54 | loss 1.1620 | bpb  1.68 | ppl     3.20 | lr 3.00e-04
2025-05-30 23:43:29,634 | INFO | Gradient norm: 0.0354
2025-05-30 23:43:29,646 | INFO | Train batch  8600/10986 | ms/batch 169.53 | loss 1.1587 | bpb  1.67 | ppl     3.19 | lr 3.00e-04
2025-05-30 23:43:46,548 | INFO | Gradient norm: 0.0382
2025-05-30 23:43:46,560 | INFO | Train batch  8700/10986 | ms/batch 169.53 | loss 1.1556 | bpb  1.67 | ppl     3.18 | lr 3.00e-04
2025-05-30 23:44:03,449 | INFO | Gradient norm: 0.0142
2025-05-30 23:44:03,461 | INFO | Train batch  8800/10986 | ms/batch 169.52 | loss 1.1525 | bpb  1.66 | ppl     3.17 | lr 3.00e-04
2025-05-30 23:44:20,362 | INFO | Gradient norm: 0.0228
2025-05-30 23:44:20,374 | INFO | Train batch  8900/10986 | ms/batch 169.52 | loss 1.1494 | bpb  1.66 | ppl     3.16 | lr 3.00e-04
2025-05-30 23:44:37,257 | INFO | Gradient norm: 0.0351
2025-05-30 23:44:37,270 | INFO | Train batch  9000/10986 | ms/batch 169.51 | loss 1.1465 | bpb  1.65 | ppl     3.15 | lr 3.00e-04
2025-05-30 23:44:54,166 | INFO | Gradient norm: 0.0402
2025-05-30 23:44:54,178 | INFO | Train batch  9100/10986 | ms/batch 169.51 | loss 1.1436 | bpb  1.65 | ppl     3.14 | lr 3.00e-04
2025-05-30 23:45:11,076 | INFO | Gradient norm: 0.0401
2025-05-30 23:45:11,089 | INFO | Train batch  9200/10986 | ms/batch 169.50 | loss 1.1408 | bpb  1.65 | ppl     3.13 | lr 3.00e-04
2025-05-30 23:45:27,989 | INFO | Gradient norm: 0.0245
2025-05-30 23:45:28,002 | INFO | Train batch  9300/10986 | ms/batch 169.50 | loss 1.1380 | bpb  1.64 | ppl     3.12 | lr 3.00e-04
2025-05-30 23:45:44,885 | INFO | Gradient norm: 0.0389
2025-05-30 23:45:44,897 | INFO | Train batch  9400/10986 | ms/batch 169.49 | loss 1.1353 | bpb  1.64 | ppl     3.11 | lr 3.00e-04
2025-05-30 23:46:01,786 | INFO | Gradient norm: 0.0221
2025-05-30 23:46:01,798 | INFO | Train batch  9500/10986 | ms/batch 169.49 | loss 1.1326 | bpb  1.63 | ppl     3.10 | lr 3.00e-04
2025-05-30 23:46:18,699 | INFO | Gradient norm: 0.0250
2025-05-30 23:46:18,711 | INFO | Train batch  9600/10986 | ms/batch 169.48 | loss 1.1300 | bpb  1.63 | ppl     3.10 | lr 3.00e-04
2025-05-30 23:46:35,612 | INFO | Gradient norm: 0.0355
2025-05-30 23:46:35,624 | INFO | Train batch  9700/10986 | ms/batch 169.48 | loss 1.1275 | bpb  1.63 | ppl     3.09 | lr 3.00e-04
2025-05-30 23:46:52,508 | INFO | Gradient norm: 0.0172
2025-05-30 23:46:52,520 | INFO | Train batch  9800/10986 | ms/batch 169.47 | loss 1.1250 | bpb  1.62 | ppl     3.08 | lr 3.00e-04
2025-05-30 23:47:09,403 | INFO | Gradient norm: 0.0239
2025-05-30 23:47:09,415 | INFO | Train batch  9900/10986 | ms/batch 169.47 | loss 1.1225 | bpb  1.62 | ppl     3.07 | lr 3.00e-04
2025-05-30 23:47:26,316 | INFO | Gradient norm: 0.0277
2025-05-30 23:47:26,329 | INFO | Train batch 10000/10986 | ms/batch 169.46 | loss 1.1201 | bpb  1.62 | ppl     3.07 | lr 3.00e-04
2025-05-30 23:47:43,217 | INFO | Gradient norm: 0.0303
2025-05-30 23:47:43,229 | INFO | Train batch 10100/10986 | ms/batch 169.46 | loss 1.1178 | bpb  1.61 | ppl     3.06 | lr 3.00e-04
2025-05-30 23:48:00,128 | INFO | Gradient norm: 0.0496
2025-05-30 23:48:00,140 | INFO | Train batch 10200/10986 | ms/batch 169.46 | loss 1.1155 | bpb  1.61 | ppl     3.05 | lr 3.00e-04
2025-05-30 23:48:17,024 | INFO | Gradient norm: 0.0381
2025-05-30 23:48:17,036 | INFO | Train batch 10300/10986 | ms/batch 169.45 | loss 1.1132 | bpb  1.61 | ppl     3.04 | lr 3.00e-04
2025-05-30 23:48:33,928 | INFO | Gradient norm: 0.0377
2025-05-30 23:48:33,940 | INFO | Train batch 10400/10986 | ms/batch 169.45 | loss 1.1110 | bpb  1.60 | ppl     3.04 | lr 3.00e-04
2025-05-30 23:48:50,838 | INFO | Gradient norm: 0.0165
2025-05-30 23:48:50,850 | INFO | Train batch 10500/10986 | ms/batch 169.44 | loss 1.1088 | bpb  1.60 | ppl     3.03 | lr 3.00e-04
2025-05-30 23:49:07,751 | INFO | Gradient norm: 0.0325
2025-05-30 23:49:07,763 | INFO | Train batch 10600/10986 | ms/batch 169.44 | loss 1.1067 | bpb  1.60 | ppl     3.02 | lr 3.00e-04
2025-05-30 23:49:24,646 | INFO | Gradient norm: 0.0324
2025-05-30 23:49:24,658 | INFO | Train batch 10700/10986 | ms/batch 169.44 | loss 1.1046 | bpb  1.59 | ppl     3.02 | lr 3.00e-04
2025-05-30 23:49:41,545 | INFO | Gradient norm: 0.0172
2025-05-30 23:49:41,557 | INFO | Train batch 10800/10986 | ms/batch 169.43 | loss 1.1025 | bpb  1.59 | ppl     3.01 | lr 3.00e-04
2025-05-30 23:49:58,459 | INFO | Gradient norm: 0.0233
2025-05-30 23:49:58,471 | INFO | Train batch 10900/10986 | ms/batch 169.43 | loss 1.1005 | bpb  1.59 | ppl     3.01 | lr 3.00e-04
2025-05-30 23:51:23,770 | INFO | Epoch   0 | time: 1932.26s | train bpb  1.59 | valid bpb  1.28
2025-05-30 23:51:24,392 | INFO | Saved new best model with validation bpb:  1.28
2025-05-30 23:51:25,660 | INFO | Input shape: torch.Size([16, 511]), Target shape: torch.Size([16, 511])
2025-05-30 23:51:25,661 | INFO | Input range: [10, 226]
2025-05-30 23:51:25,661 | INFO | Target range: [10, 226]
2025-05-30 23:51:25,717 | INFO | Output shape: torch.Size([8176, 256]), Reshaped target shape: torch.Size([8176])
2025-05-30 23:51:25,719 | INFO | Output range: [-3.953125, 8.84375]
2025-05-30 23:51:25,719 | INFO | Sample probabilities: max=0.9014609456062317, min=0.00024119834415614605
2025-05-30 23:51:25,720 | INFO | Raw loss value: 0.8817184567451477
2025-05-30 23:51:25,720 | INFO | Batch 0 loss stats - Mean: -0.2179, Std: 0.5732
2025-05-30 23:51:25,838 | INFO | Gradient norm: 0.0370
2025-05-30 23:51:25,851 | INFO | Train batch     0/10986 | ms/batch 190.79 | loss 0.8817 | bpb  1.27 | ppl     2.42 | lr 3.00e-04
2025-05-30 23:51:42,734 | INFO | Gradient norm: 0.0409
2025-05-30 23:51:42,746 | INFO | Train batch   100/10986 | ms/batch 169.17 | loss 0.8844 | bpb  1.28 | ppl     2.42 | lr 3.00e-04
2025-05-30 23:51:59,637 | INFO | Gradient norm: 0.0548
2025-05-30 23:51:59,649 | INFO | Train batch   200/10986 | ms/batch 169.10 | loss 0.8837 | bpb  1.27 | ppl     2.42 | lr 3.00e-04
2025-05-30 23:52:16,543 | INFO | Gradient norm: 0.0272
2025-05-30 23:52:16,555 | INFO | Train batch   300/10986 | ms/batch 169.09 | loss 0.8832 | bpb  1.27 | ppl     2.42 | lr 3.00e-04
2025-05-30 23:52:33,432 | INFO | Gradient norm: 0.0149
2025-05-30 23:52:33,444 | INFO | Train batch   400/10986 | ms/batch 169.04 | loss 0.8830 | bpb  1.27 | ppl     2.42 | lr 3.00e-04
2025-05-30 23:52:50,321 | INFO | Gradient norm: 0.0170
2025-05-30 23:52:50,333 | INFO | Train batch   500/10986 | ms/batch 169.01 | loss 0.8828 | bpb  1.27 | ppl     2.42 | lr 3.00e-04
2025-05-30 23:53:07,225 | INFO | Gradient norm: 0.0237
2025-05-30 23:53:07,237 | INFO | Train batch   600/10986 | ms/batch 169.01 | loss 0.8828 | bpb  1.27 | ppl     2.42 | lr 3.00e-04
2025-05-30 23:53:24,118 | INFO | Gradient norm: 0.0330
2025-05-30 23:53:24,130 | INFO | Train batch   700/10986 | ms/batch 169.00 | loss 0.8827 | bpb  1.27 | ppl     2.42 | lr 3.00e-04
2025-05-30 23:53:41,019 | INFO | Gradient norm: 0.0278
2025-05-30 23:53:41,031 | INFO | Train batch   800/10986 | ms/batch 169.00 | loss 0.8826 | bpb  1.27 | ppl     2.42 | lr 3.00e-04
2025-05-30 23:53:57,903 | INFO | Gradient norm: 0.0235
2025-05-30 23:53:57,916 | INFO | Train batch   900/10986 | ms/batch 168.99 | loss 0.8826 | bpb  1.27 | ppl     2.42 | lr 3.00e-04
2025-05-30 23:54:14,802 | INFO | Gradient norm: 0.0308
2025-05-30 23:54:14,815 | INFO | Train batch  1000/10986 | ms/batch 168.99 | loss 0.8825 | bpb  1.27 | ppl     2.42 | lr 3.00e-04
2025-05-30 23:54:31,694 | INFO | Gradient norm: 0.0343
2025-05-30 23:54:31,707 | INFO | Train batch  1100/10986 | ms/batch 168.98 | loss 0.8825 | bpb  1.27 | ppl     2.42 | lr 3.00e-04
2025-05-30 23:54:48,596 | INFO | Gradient norm: 0.0235
2025-05-30 23:54:48,609 | INFO | Train batch  1200/10986 | ms/batch 168.98 | loss 0.8825 | bpb  1.27 | ppl     2.42 | lr 3.00e-04
2025-05-30 23:55:05,484 | INFO | Gradient norm: 0.0410
2025-05-30 23:55:05,496 | INFO | Train batch  1300/10986 | ms/batch 168.97 | loss 0.8824 | bpb  1.27 | ppl     2.42 | lr 3.00e-04
2025-05-30 23:55:22,381 | INFO | Gradient norm: 0.0401
2025-05-30 23:55:22,393 | INFO | Train batch  1400/10986 | ms/batch 168.97 | loss 0.8824 | bpb  1.27 | ppl     2.42 | lr 3.00e-04
2025-05-30 23:55:39,284 | INFO | Gradient norm: 0.0175
2025-05-30 23:55:39,296 | INFO | Train batch  1500/10986 | ms/batch 168.98 | loss 0.8824 | bpb  1.27 | ppl     2.42 | lr 3.00e-04
2025-05-30 23:55:56,192 | INFO | Gradient norm: 0.0354
2025-05-30 23:55:56,204 | INFO | Train batch  1600/10986 | ms/batch 168.98 | loss 0.8824 | bpb  1.27 | ppl     2.42 | lr 3.00e-04
2025-05-30 23:56:13,078 | INFO | Gradient norm: 0.0439
2025-05-30 23:56:13,091 | INFO | Train batch  1700/10986 | ms/batch 168.98 | loss 0.8824 | bpb  1.27 | ppl     2.42 | lr 3.00e-04
2025-05-30 23:56:29,970 | INFO | Gradient norm: 0.0152
2025-05-30 23:56:29,982 | INFO | Train batch  1800/10986 | ms/batch 168.97 | loss 0.8824 | bpb  1.27 | ppl     2.42 | lr 3.00e-04
2025-05-30 23:56:46,876 | INFO | Gradient norm: 0.0260
2025-05-30 23:56:46,888 | INFO | Train batch  1900/10986 | ms/batch 168.98 | loss 0.8824 | bpb  1.27 | ppl     2.42 | lr 3.00e-04
2025-05-30 23:57:03,779 | INFO | Gradient norm: 0.0376
2025-05-30 23:57:03,792 | INFO | Train batch  2000/10986 | ms/batch 168.98 | loss 0.8824 | bpb  1.27 | ppl     2.42 | lr 3.00e-04
2025-05-30 23:57:20,667 | INFO | Gradient norm: 0.0467
2025-05-30 23:57:20,679 | INFO | Train batch  2100/10986 | ms/batch 168.98 | loss 0.8824 | bpb  1.27 | ppl     2.42 | lr 3.00e-04
2025-05-30 23:57:37,554 | INFO | Gradient norm: 0.0264
2025-05-30 23:57:37,567 | INFO | Train batch  2200/10986 | ms/batch 168.97 | loss 0.8823 | bpb  1.27 | ppl     2.42 | lr 3.00e-04
2025-05-30 23:57:54,460 | INFO | Gradient norm: 0.0369
2025-05-30 23:57:54,472 | INFO | Train batch  2300/10986 | ms/batch 168.98 | loss 0.8823 | bpb  1.27 | ppl     2.42 | lr 3.00e-04
2025-05-30 23:58:11,357 | INFO | Gradient norm: 0.0415
2025-05-30 23:58:11,369 | INFO | Train batch  2400/10986 | ms/batch 168.98 | loss 0.8823 | bpb  1.27 | ppl     2.42 | lr 3.00e-04
2025-05-30 23:58:28,257 | INFO | Gradient norm: 0.0330
2025-05-30 23:58:28,269 | INFO | Train batch  2500/10986 | ms/batch 168.98 | loss 0.8823 | bpb  1.27 | ppl     2.42 | lr 3.00e-04
2025-05-30 23:58:45,145 | INFO | Gradient norm: 0.0313
2025-05-30 23:58:45,157 | INFO | Train batch  2600/10986 | ms/batch 168.97 | loss 0.8823 | bpb  1.27 | ppl     2.42 | lr 3.00e-04
2025-05-30 23:59:02,051 | INFO | Gradient norm: 0.0137
2025-05-30 23:59:02,063 | INFO | Train batch  2700/10986 | ms/batch 168.98 | loss 0.8823 | bpb  1.27 | ppl     2.42 | lr 3.00e-04
2025-05-30 23:59:18,944 | INFO | Gradient norm: 0.0285
2025-05-30 23:59:18,956 | INFO | Train batch  2800/10986 | ms/batch 168.97 | loss 0.8823 | bpb  1.27 | ppl     2.42 | lr 3.00e-04
2025-05-30 23:59:35,848 | INFO | Gradient norm: 0.0185
2025-05-30 23:59:35,860 | INFO | Train batch  2900/10986 | ms/batch 168.98 | loss 0.8823 | bpb  1.27 | ppl     2.42 | lr 3.00e-04
2025-05-30 23:59:52,737 | INFO | Gradient norm: 0.0157
2025-05-30 23:59:52,749 | INFO | Train batch  3000/10986 | ms/batch 168.97 | loss 0.8823 | bpb  1.27 | ppl     2.42 | lr 3.00e-04
2025-05-31 00:00:09,640 | INFO | Gradient norm: 0.0331
2025-05-31 00:00:09,652 | INFO | Train batch  3100/10986 | ms/batch 168.98 | loss 0.8822 | bpb  1.27 | ppl     2.42 | lr 3.00e-04
2025-05-31 00:00:26,535 | INFO | Gradient norm: 0.0226
2025-05-31 00:00:26,547 | INFO | Train batch  3200/10986 | ms/batch 168.97 | loss 0.8822 | bpb  1.27 | ppl     2.42 | lr 3.00e-04
2025-05-31 00:00:43,441 | INFO | Gradient norm: 0.0291
2025-05-31 00:00:43,453 | INFO | Train batch  3300/10986 | ms/batch 168.98 | loss 0.8822 | bpb  1.27 | ppl     2.42 | lr 3.00e-04
2025-05-31 00:01:00,326 | INFO | Gradient norm: 0.0238
2025-05-31 00:01:00,338 | INFO | Train batch  3400/10986 | ms/batch 168.97 | loss 0.8822 | bpb  1.27 | ppl     2.42 | lr 3.00e-04
2025-05-31 00:01:17,217 | INFO | Gradient norm: 0.0220
2025-05-31 00:01:17,230 | INFO | Train batch  3500/10986 | ms/batch 168.97 | loss 0.8822 | bpb  1.27 | ppl     2.42 | lr 3.00e-04
2025-05-31 00:01:34,115 | INFO | Gradient norm: 0.0277
2025-05-31 00:01:34,127 | INFO | Train batch  3600/10986 | ms/batch 168.97 | loss 0.8822 | bpb  1.27 | ppl     2.42 | lr 3.00e-04
2025-05-31 00:01:51,017 | INFO | Gradient norm: 0.0310
2025-05-31 00:01:51,029 | INFO | Train batch  3700/10986 | ms/batch 168.97 | loss 0.8822 | bpb  1.27 | ppl     2.42 | lr 3.00e-04
2025-05-31 00:02:07,903 | INFO | Gradient norm: 0.0120
2025-05-31 00:02:07,915 | INFO | Train batch  3800/10986 | ms/batch 168.97 | loss 0.8822 | bpb  1.27 | ppl     2.42 | lr 3.00e-04
2025-05-31 00:02:24,786 | INFO | Gradient norm: 0.0329
2025-05-31 00:02:24,798 | INFO | Train batch  3900/10986 | ms/batch 168.97 | loss 0.8822 | bpb  1.27 | ppl     2.42 | lr 3.00e-04
2025-05-31 00:02:41,686 | INFO | Gradient norm: 0.0259
2025-05-31 00:02:41,698 | INFO | Train batch  4000/10986 | ms/batch 168.97 | loss 0.8822 | bpb  1.27 | ppl     2.42 | lr 3.00e-04
2025-05-31 00:02:58,586 | INFO | Gradient norm: 0.0140
2025-05-31 00:02:58,598 | INFO | Train batch  4100/10986 | ms/batch 168.97 | loss 0.8822 | bpb  1.27 | ppl     2.42 | lr 3.00e-04
2025-05-31 00:03:15,470 | INFO | Gradient norm: 0.0403
2025-05-31 00:03:15,482 | INFO | Train batch  4200/10986 | ms/batch 168.96 | loss 0.8822 | bpb  1.27 | ppl     2.42 | lr 3.00e-04
2025-05-31 00:03:32,352 | INFO | Gradient norm: 0.0141
2025-05-31 00:03:32,365 | INFO | Train batch  4300/10986 | ms/batch 168.96 | loss 0.8822 | bpb  1.27 | ppl     2.42 | lr 3.00e-04
2025-05-31 00:03:49,252 | INFO | Gradient norm: 0.0112
2025-05-31 00:03:49,264 | INFO | Train batch  4400/10986 | ms/batch 168.96 | loss 0.8822 | bpb  1.27 | ppl     2.42 | lr 3.00e-04
2025-05-31 00:04:06,152 | INFO | Gradient norm: 0.0235
2025-05-31 00:04:06,164 | INFO | Train batch  4500/10986 | ms/batch 168.96 | loss 0.8822 | bpb  1.27 | ppl     2.42 | lr 3.00e-04
2025-05-31 00:04:23,035 | INFO | Gradient norm: 0.0196
2025-05-31 00:04:23,047 | INFO | Train batch  4600/10986 | ms/batch 168.96 | loss 0.8822 | bpb  1.27 | ppl     2.42 | lr 3.00e-04
2025-05-31 00:04:39,917 | INFO | Gradient norm: 0.0118
2025-05-31 00:04:39,929 | INFO | Train batch  4700/10986 | ms/batch 168.96 | loss 0.8822 | bpb  1.27 | ppl     2.42 | lr 3.00e-04
2025-05-31 00:04:56,809 | INFO | Gradient norm: 0.0337
2025-05-31 00:04:56,821 | INFO | Train batch  4800/10986 | ms/batch 168.96 | loss 0.8822 | bpb  1.27 | ppl     2.42 | lr 3.00e-04
2025-05-31 00:05:13,698 | INFO | Gradient norm: 0.0171
2025-05-31 00:05:13,710 | INFO | Train batch  4900/10986 | ms/batch 168.96 | loss 0.8822 | bpb  1.27 | ppl     2.42 | lr 3.00e-04
2025-05-31 00:05:30,597 | INFO | Gradient norm: 0.0146
2025-05-31 00:05:30,610 | INFO | Train batch  5000/10986 | ms/batch 168.96 | loss 0.8821 | bpb  1.27 | ppl     2.42 | lr 3.00e-04
2025-05-31 00:05:47,480 | INFO | Gradient norm: 0.0161
2025-05-31 00:05:47,493 | INFO | Train batch  5100/10986 | ms/batch 168.95 | loss 0.8821 | bpb  1.27 | ppl     2.42 | lr 3.00e-04
2025-05-31 00:06:04,369 | INFO | Gradient norm: 0.0219
2025-05-31 00:06:04,381 | INFO | Train batch  5200/10986 | ms/batch 168.95 | loss 0.8821 | bpb  1.27 | ppl     2.42 | lr 3.00e-04
2025-05-31 00:06:21,265 | INFO | Gradient norm: 0.0399
2025-05-31 00:06:21,277 | INFO | Train batch  5300/10986 | ms/batch 168.95 | loss 0.8821 | bpb  1.27 | ppl     2.42 | lr 3.00e-04
2025-05-31 00:06:38,166 | INFO | Gradient norm: 0.0523
2025-05-31 00:06:38,178 | INFO | Train batch  5400/10986 | ms/batch 168.95 | loss 0.8821 | bpb  1.27 | ppl     2.42 | lr 3.00e-04
2025-05-31 00:06:55,047 | INFO | Gradient norm: 0.0156
2025-05-31 00:06:55,059 | INFO | Train batch  5500/10986 | ms/batch 168.95 | loss 0.8821 | bpb  1.27 | ppl     2.42 | lr 2.99e-04
2025-05-31 00:07:11,929 | INFO | Gradient norm: 0.0150
2025-05-31 00:07:11,942 | INFO | Train batch  5600/10986 | ms/batch 168.95 | loss 0.8821 | bpb  1.27 | ppl     2.42 | lr 2.99e-04
2025-05-31 00:07:28,828 | INFO | Gradient norm: 0.0302
2025-05-31 00:07:28,840 | INFO | Train batch  5700/10986 | ms/batch 168.95 | loss 0.8821 | bpb  1.27 | ppl     2.42 | lr 2.99e-04
2025-05-31 00:07:45,731 | INFO | Gradient norm: 0.0516
2025-05-31 00:07:45,743 | INFO | Train batch  5800/10986 | ms/batch 168.95 | loss 0.8821 | bpb  1.27 | ppl     2.42 | lr 2.99e-04
2025-05-31 00:08:02,617 | INFO | Gradient norm: 0.0127
2025-05-31 00:08:02,629 | INFO | Train batch  5900/10986 | ms/batch 168.95 | loss 0.8821 | bpb  1.27 | ppl     2.42 | lr 2.99e-04
2025-05-31 00:08:19,501 | INFO | Gradient norm: 0.0168
2025-05-31 00:08:19,513 | INFO | Train batch  6000/10986 | ms/batch 168.95 | loss 0.8821 | bpb  1.27 | ppl     2.42 | lr 2.99e-04
2025-05-31 00:08:36,401 | INFO | Gradient norm: 0.0176
2025-05-31 00:08:36,413 | INFO | Train batch  6100/10986 | ms/batch 168.95 | loss 0.8821 | bpb  1.27 | ppl     2.42 | lr 2.99e-04
2025-05-31 00:08:53,303 | INFO | Gradient norm: 0.0303
2025-05-31 00:08:53,315 | INFO | Train batch  6200/10986 | ms/batch 168.95 | loss 0.8820 | bpb  1.27 | ppl     2.42 | lr 2.99e-04
2025-05-31 00:09:10,186 | INFO | Gradient norm: 0.0228
2025-05-31 00:09:10,199 | INFO | Train batch  6300/10986 | ms/batch 168.95 | loss 0.8820 | bpb  1.27 | ppl     2.42 | lr 2.99e-04
2025-05-31 00:09:27,070 | INFO | Gradient norm: 0.0155
2025-05-31 00:09:27,083 | INFO | Train batch  6400/10986 | ms/batch 168.95 | loss 0.8820 | bpb  1.27 | ppl     2.42 | lr 2.99e-04
2025-05-31 00:09:43,970 | INFO | Gradient norm: 0.0364
2025-05-31 00:09:43,983 | INFO | Train batch  6500/10986 | ms/batch 168.95 | loss 0.8820 | bpb  1.27 | ppl     2.42 | lr 2.99e-04
2025-05-31 00:10:00,873 | INFO | Gradient norm: 0.0318
2025-05-31 00:10:00,886 | INFO | Train batch  6600/10986 | ms/batch 168.95 | loss 0.8820 | bpb  1.27 | ppl     2.42 | lr 2.99e-04
2025-05-31 00:10:17,765 | INFO | Gradient norm: 0.0299
2025-05-31 00:10:17,778 | INFO | Train batch  6700/10986 | ms/batch 168.95 | loss 0.8820 | bpb  1.27 | ppl     2.42 | lr 2.99e-04
2025-05-31 00:10:34,649 | INFO | Gradient norm: 0.0136
2025-05-31 00:10:34,661 | INFO | Train batch  6800/10986 | ms/batch 168.95 | loss 0.8820 | bpb  1.27 | ppl     2.42 | lr 2.99e-04
2025-05-31 00:10:51,544 | INFO | Gradient norm: 0.0116
2025-05-31 00:10:51,556 | INFO | Train batch  6900/10986 | ms/batch 168.95 | loss 0.8820 | bpb  1.27 | ppl     2.42 | lr 2.99e-04
2025-05-31 00:11:08,439 | INFO | Gradient norm: 0.0127
2025-05-31 00:11:08,451 | INFO | Train batch  7000/10986 | ms/batch 168.95 | loss 0.8820 | bpb  1.27 | ppl     2.42 | lr 2.99e-04
2025-05-31 00:11:25,334 | INFO | Gradient norm: 0.0116
2025-05-31 00:11:25,346 | INFO | Train batch  7100/10986 | ms/batch 168.95 | loss 0.8820 | bpb  1.27 | ppl     2.42 | lr 2.99e-04
2025-05-31 00:11:42,219 | INFO | Gradient norm: 0.0274
2025-05-31 00:11:42,231 | INFO | Train batch  7200/10986 | ms/batch 168.94 | loss 0.8820 | bpb  1.27 | ppl     2.42 | lr 2.99e-04
2025-05-31 00:11:59,114 | INFO | Gradient norm: 0.0123
2025-05-31 00:11:59,126 | INFO | Train batch  7300/10986 | ms/batch 168.94 | loss 0.8820 | bpb  1.27 | ppl     2.42 | lr 2.99e-04
2025-05-31 00:12:16,003 | INFO | Gradient norm: 0.0159
2025-05-31 00:12:16,015 | INFO | Train batch  7400/10986 | ms/batch 168.94 | loss 0.8820 | bpb  1.27 | ppl     2.42 | lr 2.99e-04
2025-05-31 00:12:32,903 | INFO | Gradient norm: 0.0190
2025-05-31 00:12:32,915 | INFO | Train batch  7500/10986 | ms/batch 168.94 | loss 0.8820 | bpb  1.27 | ppl     2.42 | lr 2.99e-04
2025-05-31 00:12:49,788 | INFO | Gradient norm: 0.0142
2025-05-31 00:12:49,800 | INFO | Train batch  7600/10986 | ms/batch 168.94 | loss 0.8820 | bpb  1.27 | ppl     2.42 | lr 2.99e-04
2025-05-31 00:13:06,679 | INFO | Gradient norm: 0.0194
2025-05-31 00:13:06,691 | INFO | Train batch  7700/10986 | ms/batch 168.94 | loss 0.8820 | bpb  1.27 | ppl     2.42 | lr 2.99e-04
2025-05-31 00:13:23,571 | INFO | Gradient norm: 0.0232
2025-05-31 00:13:23,583 | INFO | Train batch  7800/10986 | ms/batch 168.94 | loss 0.8820 | bpb  1.27 | ppl     2.42 | lr 2.99e-04
2025-05-31 00:13:40,472 | INFO | Gradient norm: 0.0283
2025-05-31 00:13:40,484 | INFO | Train batch  7900/10986 | ms/batch 168.94 | loss 0.8820 | bpb  1.27 | ppl     2.42 | lr 2.99e-04
2025-05-31 00:13:57,356 | INFO | Gradient norm: 0.0184
2025-05-31 00:13:57,368 | INFO | Train batch  8000/10986 | ms/batch 168.94 | loss 0.8820 | bpb  1.27 | ppl     2.42 | lr 2.99e-04
2025-05-31 00:14:14,240 | INFO | Gradient norm: 0.0218
2025-05-31 00:14:14,252 | INFO | Train batch  8100/10986 | ms/batch 168.94 | loss 0.8820 | bpb  1.27 | ppl     2.42 | lr 2.99e-04
2025-05-31 00:14:31,138 | INFO | Gradient norm: 0.0169
2025-05-31 00:14:31,151 | INFO | Train batch  8200/10986 | ms/batch 168.94 | loss 0.8820 | bpb  1.27 | ppl     2.42 | lr 2.99e-04
2025-05-31 00:14:48,041 | INFO | Gradient norm: 0.0099
2025-05-31 00:14:48,053 | INFO | Train batch  8300/10986 | ms/batch 168.94 | loss 0.8819 | bpb  1.27 | ppl     2.42 | lr 2.99e-04
2025-05-31 00:15:04,930 | INFO | Gradient norm: 0.0457
2025-05-31 00:15:04,942 | INFO | Train batch  8400/10986 | ms/batch 168.94 | loss 0.8819 | bpb  1.27 | ppl     2.42 | lr 2.99e-04
2025-05-31 00:15:21,815 | INFO | Gradient norm: 0.0441
2025-05-31 00:15:21,827 | INFO | Train batch  8500/10986 | ms/batch 168.94 | loss 0.8819 | bpb  1.27 | ppl     2.42 | lr 2.99e-04
2025-05-31 00:15:38,714 | INFO | Gradient norm: 0.0282
2025-05-31 00:15:38,726 | INFO | Train batch  8600/10986 | ms/batch 168.94 | loss 0.8819 | bpb  1.27 | ppl     2.42 | lr 2.99e-04
2025-05-31 00:15:55,616 | INFO | Gradient norm: 0.0273
2025-05-31 00:15:55,628 | INFO | Train batch  8700/10986 | ms/batch 168.94 | loss 0.8819 | bpb  1.27 | ppl     2.42 | lr 2.99e-04
2025-05-31 00:16:12,501 | INFO | Gradient norm: 0.0393
2025-05-31 00:16:12,513 | INFO | Train batch  8800/10986 | ms/batch 168.94 | loss 0.8819 | bpb  1.27 | ppl     2.42 | lr 2.99e-04
2025-05-31 00:16:29,385 | INFO | Gradient norm: 0.0233
2025-05-31 00:16:29,398 | INFO | Train batch  8900/10986 | ms/batch 168.94 | loss 0.8819 | bpb  1.27 | ppl     2.42 | lr 2.99e-04
2025-05-31 00:16:46,286 | INFO | Gradient norm: 0.0151
2025-05-31 00:16:46,298 | INFO | Train batch  9000/10986 | ms/batch 168.94 | loss 0.8819 | bpb  1.27 | ppl     2.42 | lr 2.99e-04
2025-05-31 00:17:03,186 | INFO | Gradient norm: 0.0128
2025-05-31 00:17:03,199 | INFO | Train batch  9100/10986 | ms/batch 168.94 | loss 0.8819 | bpb  1.27 | ppl     2.42 | lr 2.99e-04
2025-05-31 00:17:20,073 | INFO | Gradient norm: 0.0343
2025-05-31 00:17:20,085 | INFO | Train batch  9200/10986 | ms/batch 168.94 | loss 0.8819 | bpb  1.27 | ppl     2.42 | lr 2.99e-04
2025-05-31 00:17:36,958 | INFO | Gradient norm: 0.0174
2025-05-31 00:17:36,970 | INFO | Train batch  9300/10986 | ms/batch 168.94 | loss 0.8819 | bpb  1.27 | ppl     2.42 | lr 2.99e-04
2025-05-31 00:17:53,852 | INFO | Gradient norm: 0.0163
2025-05-31 00:17:53,864 | INFO | Train batch  9400/10986 | ms/batch 168.94 | loss 0.8819 | bpb  1.27 | ppl     2.42 | lr 2.99e-04
2025-05-31 00:18:10,741 | INFO | Gradient norm: 0.0136
2025-05-31 00:18:10,753 | INFO | Train batch  9500/10986 | ms/batch 168.94 | loss 0.8819 | bpb  1.27 | ppl     2.42 | lr 2.99e-04
2025-05-31 00:18:27,644 | INFO | Gradient norm: 0.0127
2025-05-31 00:18:27,656 | INFO | Train batch  9600/10986 | ms/batch 168.94 | loss 0.8819 | bpb  1.27 | ppl     2.42 | lr 2.99e-04
2025-05-31 00:18:44,528 | INFO | Gradient norm: 0.0276
2025-05-31 00:18:44,540 | INFO | Train batch  9700/10986 | ms/batch 168.94 | loss 0.8819 | bpb  1.27 | ppl     2.42 | lr 2.99e-04
2025-05-31 00:19:01,419 | INFO | Gradient norm: 0.0354
2025-05-31 00:19:01,431 | INFO | Train batch  9800/10986 | ms/batch 168.94 | loss 0.8819 | bpb  1.27 | ppl     2.42 | lr 2.99e-04
2025-05-31 00:19:18,315 | INFO | Gradient norm: 0.0171
2025-05-31 00:19:18,327 | INFO | Train batch  9900/10986 | ms/batch 168.94 | loss 0.8819 | bpb  1.27 | ppl     2.42 | lr 2.99e-04
2025-05-31 00:19:35,217 | INFO | Gradient norm: 0.0180
2025-05-31 00:19:35,229 | INFO | Train batch 10000/10986 | ms/batch 168.94 | loss 0.8818 | bpb  1.27 | ppl     2.42 | lr 2.99e-04
2025-05-31 00:19:52,102 | INFO | Gradient norm: 0.0557
2025-05-31 00:19:52,114 | INFO | Train batch 10100/10986 | ms/batch 168.94 | loss 0.8818 | bpb  1.27 | ppl     2.42 | lr 2.99e-04
2025-05-31 00:20:08,990 | INFO | Gradient norm: 0.0145
2025-05-31 00:20:09,002 | INFO | Train batch 10200/10986 | ms/batch 168.94 | loss 0.8818 | bpb  1.27 | ppl     2.42 | lr 2.99e-04
2025-05-31 00:20:25,889 | INFO | Gradient norm: 0.0115
2025-05-31 00:20:25,901 | INFO | Train batch 10300/10986 | ms/batch 168.94 | loss 0.8818 | bpb  1.27 | ppl     2.42 | lr 2.99e-04
2025-05-31 00:20:42,791 | INFO | Gradient norm: 0.0138
2025-05-31 00:20:42,803 | INFO | Train batch 10400/10986 | ms/batch 168.94 | loss 0.8818 | bpb  1.27 | ppl     2.42 | lr 2.99e-04
2025-05-31 00:20:59,675 | INFO | Gradient norm: 0.0213
2025-05-31 00:20:59,688 | INFO | Train batch 10500/10986 | ms/batch 168.94 | loss 0.8818 | bpb  1.27 | ppl     2.42 | lr 2.99e-04
2025-05-31 00:21:16,561 | INFO | Gradient norm: 0.0278
2025-05-31 00:21:16,573 | INFO | Train batch 10600/10986 | ms/batch 168.94 | loss 0.8818 | bpb  1.27 | ppl     2.42 | lr 2.99e-04
2025-05-31 00:21:33,461 | INFO | Gradient norm: 0.0099
2025-05-31 00:21:33,473 | INFO | Train batch 10700/10986 | ms/batch 168.94 | loss 0.8818 | bpb  1.27 | ppl     2.42 | lr 2.99e-04
2025-05-31 00:21:50,364 | INFO | Gradient norm: 0.0194
2025-05-31 00:21:50,376 | INFO | Train batch 10800/10986 | ms/batch 168.94 | loss 0.8818 | bpb  1.27 | ppl     2.42 | lr 2.99e-04
2025-05-31 00:22:07,249 | INFO | Gradient norm: 0.0197
2025-05-31 00:22:07,261 | INFO | Train batch 10900/10986 | ms/batch 168.94 | loss 0.8818 | bpb  1.27 | ppl     2.42 | lr 2.99e-04
2025-05-31 00:23:32,401 | INFO | Epoch   1 | time: 1926.74s | train bpb  1.27 | valid bpb  1.28
2025-05-31 00:23:32,403 | INFO | Validation bpb did not improve by 0.0100. Patience: 1/3
2025-05-31 00:23:33,975 | INFO | Input shape: torch.Size([16, 511]), Target shape: torch.Size([16, 511])
2025-05-31 00:23:33,975 | INFO | Input range: [10, 226]
2025-05-31 00:23:33,975 | INFO | Target range: [10, 226]
2025-05-31 00:23:34,022 | INFO | Output shape: torch.Size([8176, 256]), Reshaped target shape: torch.Size([8176])
2025-05-31 00:23:34,024 | INFO | Output range: [-7.33203125, 9.046875]
2025-05-31 00:23:34,024 | INFO | Sample probabilities: max=0.9051259756088257, min=0.00024066813057288527
2025-05-31 00:23:34,025 | INFO | Raw loss value: 0.8812907338142395
2025-05-31 00:23:34,025 | INFO | Batch 0 loss stats - Mean: -0.3132, Std: 0.7256
2025-05-31 00:23:34,137 | INFO | Gradient norm: 0.0158
2025-05-31 00:23:34,149 | INFO | Train batch     0/10986 | ms/batch 175.06 | loss 0.8813 | bpb  1.27 | ppl     2.41 | lr 2.99e-04
2025-05-31 00:23:51,025 | INFO | Gradient norm: 0.0162
2025-05-31 00:23:51,038 | INFO | Train batch   100/10986 | ms/batch 168.94 | loss 0.8829 | bpb  1.27 | ppl     2.42 | lr 2.99e-04
2025-05-31 00:24:07,919 | INFO | Gradient norm: 0.0187
2025-05-31 00:24:07,931 | INFO | Train batch   200/10986 | ms/batch 168.94 | loss 0.8823 | bpb  1.27 | ppl     2.42 | lr 2.99e-04
2025-05-31 00:24:24,823 | INFO | Gradient norm: 0.0308
2025-05-31 00:24:24,835 | INFO | Train batch   300/10986 | ms/batch 168.97 | loss 0.8819 | bpb  1.27 | ppl     2.42 | lr 2.99e-04
2025-05-31 00:24:41,730 | INFO | Gradient norm: 0.0102
2025-05-31 00:24:41,742 | INFO | Train batch   400/10986 | ms/batch 169.00 | loss 0.8817 | bpb  1.27 | ppl     2.42 | lr 2.99e-04
2025-05-31 00:24:58,617 | INFO | Gradient norm: 0.0213
2025-05-31 00:24:58,629 | INFO | Train batch   500/10986 | ms/batch 168.97 | loss 0.8816 | bpb  1.27 | ppl     2.41 | lr 2.99e-04
2025-05-31 00:25:15,505 | INFO | Gradient norm: 0.0131
2025-05-31 00:25:15,518 | INFO | Train batch   600/10986 | ms/batch 168.96 | loss 0.8815 | bpb  1.27 | ppl     2.41 | lr 2.99e-04
2025-05-31 00:25:32,407 | INFO | Gradient norm: 0.0178
2025-05-31 00:25:32,419 | INFO | Train batch   700/10986 | ms/batch 168.96 | loss 0.8815 | bpb  1.27 | ppl     2.41 | lr 2.99e-04
2025-05-31 00:25:49,309 | INFO | Gradient norm: 0.0211
2025-05-31 00:25:49,321 | INFO | Train batch   800/10986 | ms/batch 168.97 | loss 0.8814 | bpb  1.27 | ppl     2.41 | lr 2.99e-04
2025-05-31 00:26:06,194 | INFO | Gradient norm: 0.0127
2025-05-31 00:26:06,206 | INFO | Train batch   900/10986 | ms/batch 168.96 | loss 0.8814 | bpb  1.27 | ppl     2.41 | lr 2.99e-04
2025-05-31 00:26:23,079 | INFO | Gradient norm: 0.0296
2025-05-31 00:26:23,091 | INFO | Train batch  1000/10986 | ms/batch 168.95 | loss 0.8814 | bpb  1.27 | ppl     2.41 | lr 2.99e-04
2025-05-31 00:26:39,974 | INFO | Gradient norm: 0.0288
2025-05-31 00:26:39,987 | INFO | Train batch  1100/10986 | ms/batch 168.95 | loss 0.8813 | bpb  1.27 | ppl     2.41 | lr 2.99e-04
2025-05-31 00:26:56,869 | INFO | Gradient norm: 0.0169
2025-05-31 00:26:56,882 | INFO | Train batch  1200/10986 | ms/batch 168.95 | loss 0.8813 | bpb  1.27 | ppl     2.41 | lr 2.99e-04
2025-05-31 00:27:13,767 | INFO | Gradient norm: 0.0268
2025-05-31 00:27:13,779 | INFO | Train batch  1300/10986 | ms/batch 168.95 | loss 0.8813 | bpb  1.27 | ppl     2.41 | lr 2.99e-04
2025-05-31 00:27:30,652 | INFO | Gradient norm: 0.0246
2025-05-31 00:27:30,664 | INFO | Train batch  1400/10986 | ms/batch 168.94 | loss 0.8813 | bpb  1.27 | ppl     2.41 | lr 2.99e-04
2025-05-31 00:27:47,541 | INFO | Gradient norm: 0.0209
2025-05-31 00:27:47,554 | INFO | Train batch  1500/10986 | ms/batch 168.94 | loss 0.8813 | bpb  1.27 | ppl     2.41 | lr 2.99e-04
2025-05-31 00:28:04,437 | INFO | Gradient norm: 0.0127
2025-05-31 00:28:04,450 | INFO | Train batch  1600/10986 | ms/batch 168.94 | loss 0.8813 | bpb  1.27 | ppl     2.41 | lr 2.99e-04
2025-05-31 00:28:21,341 | INFO | Gradient norm: 0.0221
2025-05-31 00:28:21,353 | INFO | Train batch  1700/10986 | ms/batch 168.95 | loss 0.8813 | bpb  1.27 | ppl     2.41 | lr 2.99e-04
2025-05-31 00:28:38,228 | INFO | Gradient norm: 0.0250
2025-05-31 00:28:38,240 | INFO | Train batch  1800/10986 | ms/batch 168.94 | loss 0.8813 | bpb  1.27 | ppl     2.41 | lr 2.99e-04
2025-05-31 00:28:55,121 | INFO | Gradient norm: 0.0107
2025-05-31 00:28:55,133 | INFO | Train batch  1900/10986 | ms/batch 168.94 | loss 0.8812 | bpb  1.27 | ppl     2.41 | lr 2.99e-04
2025-05-31 00:29:12,018 | INFO | Gradient norm: 0.0155
2025-05-31 00:29:12,030 | INFO | Train batch  2000/10986 | ms/batch 168.94 | loss 0.8813 | bpb  1.27 | ppl     2.41 | lr 2.99e-04
2025-05-31 00:29:28,923 | INFO | Gradient norm: 0.0108
2025-05-31 00:29:28,936 | INFO | Train batch  2100/10986 | ms/batch 168.95 | loss 0.8813 | bpb  1.27 | ppl     2.41 | lr 2.99e-04
2025-05-31 00:29:45,811 | INFO | Gradient norm: 0.0242
2025-05-31 00:29:45,824 | INFO | Train batch  2200/10986 | ms/batch 168.95 | loss 0.8813 | bpb  1.27 | ppl     2.41 | lr 2.99e-04
2025-05-31 00:30:02,704 | INFO | Gradient norm: 0.0114
2025-05-31 00:30:02,716 | INFO | Train batch  2300/10986 | ms/batch 168.94 | loss 0.8813 | bpb  1.27 | ppl     2.41 | lr 2.99e-04
2025-05-31 00:30:19,606 | INFO | Gradient norm: 0.0172
2025-05-31 00:30:19,619 | INFO | Train batch  2400/10986 | ms/batch 168.95 | loss 0.8812 | bpb  1.27 | ppl     2.41 | lr 2.99e-04
2025-05-31 00:30:36,514 | INFO | Gradient norm: 0.0201
2025-05-31 00:30:36,526 | INFO | Train batch  2500/10986 | ms/batch 168.95 | loss 0.8812 | bpb  1.27 | ppl     2.41 | lr 2.99e-04
2025-05-31 00:30:53,401 | INFO | Gradient norm: 0.0207
2025-05-31 00:30:53,413 | INFO | Train batch  2600/10986 | ms/batch 168.95 | loss 0.8812 | bpb  1.27 | ppl     2.41 | lr 2.99e-04
2025-05-31 00:31:10,289 | INFO | Gradient norm: 0.0319
2025-05-31 00:31:10,302 | INFO | Train batch  2700/10986 | ms/batch 168.95 | loss 0.8812 | bpb  1.27 | ppl     2.41 | lr 2.99e-04
2025-05-31 00:31:27,195 | INFO | Gradient norm: 0.0247
2025-05-31 00:31:27,208 | INFO | Train batch  2800/10986 | ms/batch 168.95 | loss 0.8812 | bpb  1.27 | ppl     2.41 | lr 2.99e-04
2025-05-31 00:31:44,105 | INFO | Gradient norm: 0.0175
2025-05-31 00:31:44,117 | INFO | Train batch  2900/10986 | ms/batch 168.96 | loss 0.8812 | bpb  1.27 | ppl     2.41 | lr 2.99e-04
2025-05-31 00:32:00,997 | INFO | Gradient norm: 0.0095
2025-05-31 00:32:01,009 | INFO | Train batch  3000/10986 | ms/batch 168.96 | loss 0.8812 | bpb  1.27 | ppl     2.41 | lr 2.99e-04
2025-05-31 00:32:17,887 | INFO | Gradient norm: 0.0129
2025-05-31 00:32:17,899 | INFO | Train batch  3100/10986 | ms/batch 168.95 | loss 0.8812 | bpb  1.27 | ppl     2.41 | lr 2.99e-04
2025-05-31 00:32:34,787 | INFO | Gradient norm: 0.0201
2025-05-31 00:32:34,799 | INFO | Train batch  3200/10986 | ms/batch 168.95 | loss 0.8812 | bpb  1.27 | ppl     2.41 | lr 2.99e-04
2025-05-31 00:32:51,698 | INFO | Gradient norm: 0.0146
2025-05-31 00:32:51,710 | INFO | Train batch  3300/10986 | ms/batch 168.96 | loss 0.8812 | bpb  1.27 | ppl     2.41 | lr 2.99e-04
2025-05-31 00:33:08,589 | INFO | Gradient norm: 0.0149
2025-05-31 00:33:08,601 | INFO | Train batch  3400/10986 | ms/batch 168.96 | loss 0.8812 | bpb  1.27 | ppl     2.41 | lr 2.99e-04
2025-05-31 00:33:25,479 | INFO | Gradient norm: 0.0143
2025-05-31 00:33:25,491 | INFO | Train batch  3500/10986 | ms/batch 168.96 | loss 0.8812 | bpb  1.27 | ppl     2.41 | lr 2.99e-04
2025-05-31 00:33:42,378 | INFO | Gradient norm: 0.0191
2025-05-31 00:33:42,390 | INFO | Train batch  3600/10986 | ms/batch 168.96 | loss 0.8812 | bpb  1.27 | ppl     2.41 | lr 2.99e-04
2025-05-31 00:33:59,272 | INFO | Gradient norm: 0.0148
2025-05-31 00:33:59,284 | INFO | Train batch  3700/10986 | ms/batch 168.96 | loss 0.8812 | bpb  1.27 | ppl     2.41 | lr 2.99e-04
2025-05-31 00:34:16,178 | INFO | Gradient norm: 0.0124
2025-05-31 00:34:16,190 | INFO | Train batch  3800/10986 | ms/batch 168.96 | loss 0.8812 | bpb  1.27 | ppl     2.41 | lr 2.99e-04
2025-05-31 00:34:33,067 | INFO | Gradient norm: 0.0207
2025-05-31 00:34:33,079 | INFO | Train batch  3900/10986 | ms/batch 168.96 | loss 0.8812 | bpb  1.27 | ppl     2.41 | lr 2.99e-04
2025-05-31 00:34:49,958 | INFO | Gradient norm: 0.0111
2025-05-31 00:34:49,970 | INFO | Train batch  4000/10986 | ms/batch 168.96 | loss 0.8811 | bpb  1.27 | ppl     2.41 | lr 2.99e-04
2025-05-31 00:35:06,856 | INFO | Gradient norm: 0.0237
2025-05-31 00:35:06,868 | INFO | Train batch  4100/10986 | ms/batch 168.96 | loss 0.8811 | bpb  1.27 | ppl     2.41 | lr 2.99e-04
2025-05-31 00:35:23,762 | INFO | Gradient norm: 0.0546
2025-05-31 00:35:23,774 | INFO | Train batch  4200/10986 | ms/batch 168.96 | loss 0.8811 | bpb  1.27 | ppl     2.41 | lr 2.99e-04
2025-05-31 00:35:40,651 | INFO | Gradient norm: 0.0114
2025-05-31 00:35:40,663 | INFO | Train batch  4300/10986 | ms/batch 168.96 | loss 0.8811 | bpb  1.27 | ppl     2.41 | lr 2.99e-04
2025-05-31 00:35:57,540 | INFO | Gradient norm: 0.0100
2025-05-31 00:35:57,553 | INFO | Train batch  4400/10986 | ms/batch 168.96 | loss 0.8811 | bpb  1.27 | ppl     2.41 | lr 2.99e-04
2025-05-31 00:36:14,438 | INFO | Gradient norm: 0.0107
2025-05-31 00:36:14,450 | INFO | Train batch  4500/10986 | ms/batch 168.96 | loss 0.8811 | bpb  1.27 | ppl     2.41 | lr 2.99e-04
2025-05-31 00:36:31,343 | INFO | Gradient norm: 0.0247
2025-05-31 00:36:31,355 | INFO | Train batch  4600/10986 | ms/batch 168.96 | loss 0.8811 | bpb  1.27 | ppl     2.41 | lr 2.99e-04
2025-05-31 00:36:48,231 | INFO | Gradient norm: 0.0121
2025-05-31 00:36:48,243 | INFO | Train batch  4700/10986 | ms/batch 168.96 | loss 0.8811 | bpb  1.27 | ppl     2.41 | lr 2.99e-04
2025-05-31 00:37:05,119 | INFO | Gradient norm: 0.0159
2025-05-31 00:37:05,132 | INFO | Train batch  4800/10986 | ms/batch 168.96 | loss 0.8811 | bpb  1.27 | ppl     2.41 | lr 2.99e-04
2025-05-31 00:37:22,017 | INFO | Gradient norm: 0.0266
2025-05-31 00:37:22,030 | INFO | Train batch  4900/10986 | ms/batch 168.96 | loss 0.8811 | bpb  1.27 | ppl     2.41 | lr 2.99e-04
2025-05-31 00:37:38,922 | INFO | Gradient norm: 0.0112
2025-05-31 00:37:38,934 | INFO | Train batch  5000/10986 | ms/batch 168.96 | loss 0.8811 | bpb  1.27 | ppl     2.41 | lr 2.99e-04
2025-05-31 00:37:55,811 | INFO | Gradient norm: 0.0189
2025-05-31 00:37:55,823 | INFO | Train batch  5100/10986 | ms/batch 168.96 | loss 0.8811 | bpb  1.27 | ppl     2.41 | lr 2.99e-04
2025-05-31 00:38:12,700 | INFO | Gradient norm: 0.0150
2025-05-31 00:38:12,712 | INFO | Train batch  5200/10986 | ms/batch 168.96 | loss 0.8811 | bpb  1.27 | ppl     2.41 | lr 2.98e-04
2025-05-31 00:38:29,597 | INFO | Gradient norm: 0.0087
2025-05-31 00:38:29,610 | INFO | Train batch  5300/10986 | ms/batch 168.96 | loss 0.8811 | bpb  1.27 | ppl     2.41 | lr 2.98e-04
2025-05-31 00:38:46,502 | INFO | Gradient norm: 0.0088
2025-05-31 00:38:46,514 | INFO | Train batch  5400/10986 | ms/batch 168.96 | loss 0.8811 | bpb  1.27 | ppl     2.41 | lr 2.98e-04
2025-05-31 00:39:03,389 | INFO | Gradient norm: 0.0349
2025-05-31 00:39:03,401 | INFO | Train batch  5500/10986 | ms/batch 168.96 | loss 0.8811 | bpb  1.27 | ppl     2.41 | lr 2.98e-04
2025-05-31 00:39:20,275 | INFO | Gradient norm: 0.0121
2025-05-31 00:39:20,287 | INFO | Train batch  5600/10986 | ms/batch 168.95 | loss 0.8811 | bpb  1.27 | ppl     2.41 | lr 2.98e-04
2025-05-31 00:39:37,167 | INFO | Gradient norm: 0.0127
2025-05-31 00:39:37,180 | INFO | Train batch  5700/10986 | ms/batch 168.95 | loss 0.8811 | bpb  1.27 | ppl     2.41 | lr 2.98e-04
2025-05-31 00:39:54,068 | INFO | Gradient norm: 0.0109
2025-05-31 00:39:54,080 | INFO | Train batch  5800/10986 | ms/batch 168.95 | loss 0.8811 | bpb  1.27 | ppl     2.41 | lr 2.98e-04
2025-05-31 00:40:10,972 | INFO | Gradient norm: 0.0177
2025-05-31 00:40:10,984 | INFO | Train batch  5900/10986 | ms/batch 168.96 | loss 0.8811 | bpb  1.27 | ppl     2.41 | lr 2.98e-04
2025-05-31 00:40:27,860 | INFO | Gradient norm: 0.0207
2025-05-31 00:40:27,872 | INFO | Train batch  6000/10986 | ms/batch 168.95 | loss 0.8811 | bpb  1.27 | ppl     2.41 | lr 2.98e-04
2025-05-31 00:40:44,747 | INFO | Gradient norm: 0.0167
2025-05-31 00:40:44,759 | INFO | Train batch  6100/10986 | ms/batch 168.95 | loss 0.8810 | bpb  1.27 | ppl     2.41 | lr 2.98e-04
2025-05-31 00:41:01,643 | INFO | Gradient norm: 0.0278
2025-05-31 00:41:01,655 | INFO | Train batch  6200/10986 | ms/batch 168.95 | loss 0.8810 | bpb  1.27 | ppl     2.41 | lr 2.98e-04
2025-05-31 00:41:18,550 | INFO | Gradient norm: 0.0235
2025-05-31 00:41:18,562 | INFO | Train batch  6300/10986 | ms/batch 168.96 | loss 0.8810 | bpb  1.27 | ppl     2.41 | lr 2.98e-04
2025-05-31 00:41:35,438 | INFO | Gradient norm: 0.0132
2025-05-31 00:41:35,450 | INFO | Train batch  6400/10986 | ms/batch 168.95 | loss 0.8810 | bpb  1.27 | ppl     2.41 | lr 2.98e-04
2025-05-31 00:41:52,326 | INFO | Gradient norm: 0.0098
2025-05-31 00:41:52,338 | INFO | Train batch  6500/10986 | ms/batch 168.95 | loss 0.8810 | bpb  1.27 | ppl     2.41 | lr 2.98e-04
2025-05-31 00:42:09,223 | INFO | Gradient norm: 0.0156
2025-05-31 00:42:09,235 | INFO | Train batch  6600/10986 | ms/batch 168.95 | loss 0.8810 | bpb  1.27 | ppl     2.41 | lr 2.98e-04
2025-05-31 00:42:26,128 | INFO | Gradient norm: 0.0379
2025-05-31 00:42:26,140 | INFO | Train batch  6700/10986 | ms/batch 168.95 | loss 0.8810 | bpb  1.27 | ppl     2.41 | lr 2.98e-04
2025-05-31 00:42:43,014 | INFO | Gradient norm: 0.0108
2025-05-31 00:42:43,026 | INFO | Train batch  6800/10986 | ms/batch 168.95 | loss 0.8810 | bpb  1.27 | ppl     2.41 | lr 2.98e-04
2025-05-31 00:42:59,901 | INFO | Gradient norm: 0.0471
2025-05-31 00:42:59,914 | INFO | Train batch  6900/10986 | ms/batch 168.95 | loss 0.8810 | bpb  1.27 | ppl     2.41 | lr 2.98e-04
2025-05-31 00:43:16,798 | INFO | Gradient norm: 0.0114
2025-05-31 00:43:16,810 | INFO | Train batch  7000/10986 | ms/batch 168.95 | loss 0.8810 | bpb  1.27 | ppl     2.41 | lr 2.98e-04
2025-05-31 00:43:33,702 | INFO | Gradient norm: 0.0276
2025-05-31 00:43:33,714 | INFO | Train batch  7100/10986 | ms/batch 168.95 | loss 0.8810 | bpb  1.27 | ppl     2.41 | lr 2.98e-04
2025-05-31 00:43:50,588 | INFO | Gradient norm: 0.0106
2025-05-31 00:43:50,600 | INFO | Train batch  7200/10986 | ms/batch 168.95 | loss 0.8810 | bpb  1.27 | ppl     2.41 | lr 2.98e-04
2025-05-31 00:44:07,479 | INFO | Gradient norm: 0.0104
2025-05-31 00:44:07,491 | INFO | Train batch  7300/10986 | ms/batch 168.95 | loss 0.8810 | bpb  1.27 | ppl     2.41 | lr 2.98e-04
2025-05-31 00:44:24,376 | INFO | Gradient norm: 0.0143
2025-05-31 00:44:24,388 | INFO | Train batch  7400/10986 | ms/batch 168.95 | loss 0.8810 | bpb  1.27 | ppl     2.41 | lr 2.98e-04
2025-05-31 00:44:41,281 | INFO | Gradient norm: 0.0118
2025-05-31 00:44:41,293 | INFO | Train batch  7500/10986 | ms/batch 168.95 | loss 0.8810 | bpb  1.27 | ppl     2.41 | lr 2.98e-04
2025-05-31 00:44:58,169 | INFO | Gradient norm: 0.0098
2025-05-31 00:44:58,181 | INFO | Train batch  7600/10986 | ms/batch 168.95 | loss 0.8810 | bpb  1.27 | ppl     2.41 | lr 2.98e-04
2025-05-31 00:45:15,062 | INFO | Gradient norm: 0.0206
2025-05-31 00:45:15,074 | INFO | Train batch  7700/10986 | ms/batch 168.95 | loss 0.8810 | bpb  1.27 | ppl     2.41 | lr 2.98e-04
2025-05-31 00:45:31,954 | INFO | Gradient norm: 0.0088
2025-05-31 00:45:31,966 | INFO | Train batch  7800/10986 | ms/batch 168.95 | loss 0.8810 | bpb  1.27 | ppl     2.41 | lr 2.98e-04
2025-05-31 00:45:48,862 | INFO | Gradient norm: 0.0333
2025-05-31 00:45:48,874 | INFO | Train batch  7900/10986 | ms/batch 168.95 | loss 0.8810 | bpb  1.27 | ppl     2.41 | lr 2.98e-04
2025-05-31 00:46:05,750 | INFO | Gradient norm: 0.0156
2025-05-31 00:46:05,762 | INFO | Train batch  8000/10986 | ms/batch 168.95 | loss 0.8810 | bpb  1.27 | ppl     2.41 | lr 2.98e-04
2025-05-31 00:46:22,636 | INFO | Gradient norm: 0.0098
2025-05-31 00:46:22,648 | INFO | Train batch  8100/10986 | ms/batch 168.95 | loss 0.8810 | bpb  1.27 | ppl     2.41 | lr 2.98e-04
2025-05-31 00:46:39,527 | INFO | Gradient norm: 0.0100
2025-05-31 00:46:39,539 | INFO | Train batch  8200/10986 | ms/batch 168.95 | loss 0.8810 | bpb  1.27 | ppl     2.41 | lr 2.98e-04
2025-05-31 00:46:56,419 | INFO | Gradient norm: 0.0118
2025-05-31 00:46:56,431 | INFO | Train batch  8300/10986 | ms/batch 168.95 | loss 0.8810 | bpb  1.27 | ppl     2.41 | lr 2.98e-04
2025-05-31 00:47:13,321 | INFO | Gradient norm: 0.0179
2025-05-31 00:47:13,333 | INFO | Train batch  8400/10986 | ms/batch 168.95 | loss 0.8810 | bpb  1.27 | ppl     2.41 | lr 2.98e-04
2025-05-31 00:47:30,209 | INFO | Gradient norm: 0.0101
2025-05-31 00:47:30,221 | INFO | Train batch  8500/10986 | ms/batch 168.95 | loss 0.8810 | bpb  1.27 | ppl     2.41 | lr 2.98e-04
2025-05-31 00:47:47,098 | INFO | Gradient norm: 0.0134
2025-05-31 00:47:47,110 | INFO | Train batch  8600/10986 | ms/batch 168.95 | loss 0.8810 | bpb  1.27 | ppl     2.41 | lr 2.98e-04
2025-05-31 00:48:03,996 | INFO | Gradient norm: 0.0352
2025-05-31 00:48:04,008 | INFO | Train batch  8700/10986 | ms/batch 168.95 | loss 0.8810 | bpb  1.27 | ppl     2.41 | lr 2.98e-04
2025-05-31 00:48:20,903 | INFO | Gradient norm: 0.0101
2025-05-31 00:48:20,916 | INFO | Train batch  8800/10986 | ms/batch 168.95 | loss 0.8810 | bpb  1.27 | ppl     2.41 | lr 2.98e-04
2025-05-31 00:48:37,792 | INFO | Gradient norm: 0.0107
2025-05-31 00:48:37,804 | INFO | Train batch  8900/10986 | ms/batch 168.95 | loss 0.8810 | bpb  1.27 | ppl     2.41 | lr 2.98e-04
2025-05-31 00:48:54,681 | INFO | Gradient norm: 0.0200
2025-05-31 00:48:54,693 | INFO | Train batch  9000/10986 | ms/batch 168.95 | loss 0.8810 | bpb  1.27 | ppl     2.41 | lr 2.98e-04
2025-05-31 00:49:11,579 | INFO | Gradient norm: 0.0169
2025-05-31 00:49:11,591 | INFO | Train batch  9100/10986 | ms/batch 168.95 | loss 0.8810 | bpb  1.27 | ppl     2.41 | lr 2.98e-04
2025-05-31 00:49:28,487 | INFO | Gradient norm: 0.0290
2025-05-31 00:49:28,499 | INFO | Train batch  9200/10986 | ms/batch 168.95 | loss 0.8810 | bpb  1.27 | ppl     2.41 | lr 2.98e-04
2025-05-31 00:49:45,376 | INFO | Gradient norm: 0.0121
2025-05-31 00:49:45,388 | INFO | Train batch  9300/10986 | ms/batch 168.95 | loss 0.8809 | bpb  1.27 | ppl     2.41 | lr 2.98e-04
2025-05-31 00:50:02,269 | INFO | Gradient norm: 0.0115
2025-05-31 00:50:02,281 | INFO | Train batch  9400/10986 | ms/batch 168.95 | loss 0.8809 | bpb  1.27 | ppl     2.41 | lr 2.98e-04
2025-05-31 00:50:19,167 | INFO | Gradient norm: 0.0135
2025-05-31 00:50:19,179 | INFO | Train batch  9500/10986 | ms/batch 168.95 | loss 0.8809 | bpb  1.27 | ppl     2.41 | lr 2.98e-04
2025-05-31 00:50:36,076 | INFO | Gradient norm: 0.0082
2025-05-31 00:50:36,088 | INFO | Train batch  9600/10986 | ms/batch 168.95 | loss 0.8809 | bpb  1.27 | ppl     2.41 | lr 2.98e-04
2025-05-31 00:50:52,967 | INFO | Gradient norm: 0.0162
2025-05-31 00:50:52,979 | INFO | Train batch  9700/10986 | ms/batch 168.95 | loss 0.8809 | bpb  1.27 | ppl     2.41 | lr 2.98e-04
2025-05-31 00:51:09,855 | INFO | Gradient norm: 0.0093
2025-05-31 00:51:09,868 | INFO | Train batch  9800/10986 | ms/batch 168.95 | loss 0.8809 | bpb  1.27 | ppl     2.41 | lr 2.98e-04
2025-05-31 00:51:26,752 | INFO | Gradient norm: 0.0253
2025-05-31 00:51:26,764 | INFO | Train batch  9900/10986 | ms/batch 168.95 | loss 0.8809 | bpb  1.27 | ppl     2.41 | lr 2.98e-04
2025-05-31 00:51:43,658 | INFO | Gradient norm: 0.0105
2025-05-31 00:51:43,670 | INFO | Train batch 10000/10986 | ms/batch 168.95 | loss 0.8809 | bpb  1.27 | ppl     2.41 | lr 2.98e-04
2025-05-31 00:52:00,550 | INFO | Gradient norm: 0.0112
2025-05-31 00:52:00,562 | INFO | Train batch 10100/10986 | ms/batch 168.95 | loss 0.8809 | bpb  1.27 | ppl     2.41 | lr 2.98e-04
2025-05-31 00:52:17,440 | INFO | Gradient norm: 0.0100
2025-05-31 00:52:17,452 | INFO | Train batch 10200/10986 | ms/batch 168.95 | loss 0.8809 | bpb  1.27 | ppl     2.41 | lr 2.98e-04
2025-05-31 00:52:34,332 | INFO | Gradient norm: 0.0137
2025-05-31 00:52:34,344 | INFO | Train batch 10300/10986 | ms/batch 168.95 | loss 0.8809 | bpb  1.27 | ppl     2.41 | lr 2.98e-04
2025-05-31 00:52:51,228 | INFO | Gradient norm: 0.0108
2025-05-31 00:52:51,240 | INFO | Train batch 10400/10986 | ms/batch 168.95 | loss 0.8809 | bpb  1.27 | ppl     2.41 | lr 2.98e-04
2025-05-31 00:53:08,131 | INFO | Gradient norm: 0.0107
2025-05-31 00:53:08,143 | INFO | Train batch 10500/10986 | ms/batch 168.95 | loss 0.8809 | bpb  1.27 | ppl     2.41 | lr 2.98e-04
2025-05-31 00:53:25,020 | INFO | Gradient norm: 0.0102
2025-05-31 00:53:25,032 | INFO | Train batch 10600/10986 | ms/batch 168.95 | loss 0.8809 | bpb  1.27 | ppl     2.41 | lr 2.98e-04
2025-05-31 00:53:41,910 | INFO | Gradient norm: 0.0094
2025-05-31 00:53:41,922 | INFO | Train batch 10700/10986 | ms/batch 168.95 | loss 0.8809 | bpb  1.27 | ppl     2.41 | lr 2.98e-04
2025-05-31 00:53:58,811 | INFO | Gradient norm: 0.0179
2025-05-31 00:53:58,823 | INFO | Train batch 10800/10986 | ms/batch 168.95 | loss 0.8809 | bpb  1.27 | ppl     2.41 | lr 2.98e-04
2025-05-31 00:54:15,717 | INFO | Gradient norm: 0.0110
2025-05-31 00:54:15,729 | INFO | Train batch 10900/10986 | ms/batch 168.95 | loss 0.8809 | bpb  1.27 | ppl     2.41 | lr 2.98e-04
2025-05-31 00:55:40,852 | INFO | Epoch   2 | time: 1926.88s | train bpb  1.27 | valid bpb  1.28
2025-05-31 00:55:40,854 | INFO | Validation bpb did not improve by 0.0100. Patience: 2/3
2025-05-31 00:55:44,233 | INFO | Input shape: torch.Size([16, 511]), Target shape: torch.Size([16, 511])
2025-05-31 00:55:44,233 | INFO | Input range: [10, 226]
2025-05-31 00:55:44,233 | INFO | Target range: [10, 226]
2025-05-31 00:55:44,289 | INFO | Output shape: torch.Size([8176, 256]), Reshaped target shape: torch.Size([8176])
2025-05-31 00:55:44,291 | INFO | Output range: [-7.25, 9.8828125]
2025-05-31 00:55:44,291 | INFO | Sample probabilities: max=0.9101401567459106, min=0.00025822673342190683
2025-05-31 00:55:44,292 | INFO | Raw loss value: 0.880420446395874
2025-05-31 00:55:44,292 | INFO | Batch 0 loss stats - Mean: -0.3259, Std: 0.8940
2025-05-31 00:55:44,412 | INFO | Gradient norm: 0.0087
2025-05-31 00:55:44,424 | INFO | Train batch     0/10986 | ms/batch 191.44 | loss 0.8804 | bpb  1.27 | ppl     2.41 | lr 2.98e-04
2025-05-31 00:56:01,295 | INFO | Gradient norm: 0.0099
2025-05-31 00:56:01,307 | INFO | Train batch   100/10986 | ms/batch 169.05 | loss 0.8820 | bpb  1.27 | ppl     2.42 | lr 2.98e-04
2025-05-31 00:56:18,178 | INFO | Gradient norm: 0.0100
2025-05-31 00:56:18,190 | INFO | Train batch   200/10986 | ms/batch 168.94 | loss 0.8815 | bpb  1.27 | ppl     2.41 | lr 2.98e-04
2025-05-31 00:56:35,069 | INFO | Gradient norm: 0.0086
2025-05-31 00:56:35,081 | INFO | Train batch   300/10986 | ms/batch 168.93 | loss 0.8811 | bpb  1.27 | ppl     2.41 | lr 2.98e-04
2025-05-31 00:56:51,967 | INFO | Gradient norm: 0.0143
2025-05-31 00:56:51,979 | INFO | Train batch   400/10986 | ms/batch 168.94 | loss 0.8810 | bpb  1.27 | ppl     2.41 | lr 2.98e-04
2025-05-31 00:57:08,849 | INFO | Gradient norm: 0.0099
2025-05-31 00:57:08,861 | INFO | Train batch   500/10986 | ms/batch 168.92 | loss 0.8809 | bpb  1.27 | ppl     2.41 | lr 2.98e-04
2025-05-31 00:57:25,732 | INFO | Gradient norm: 0.0131
2025-05-31 00:57:25,744 | INFO | Train batch   600/10986 | ms/batch 168.90 | loss 0.8808 | bpb  1.27 | ppl     2.41 | lr 2.98e-04
2025-05-31 00:57:42,622 | INFO | Gradient norm: 0.0121
2025-05-31 00:57:42,634 | INFO | Train batch   700/10986 | ms/batch 168.90 | loss 0.8808 | bpb  1.27 | ppl     2.41 | lr 2.98e-04
2025-05-31 00:57:59,511 | INFO | Gradient norm: 0.0091
2025-05-31 00:57:59,523 | INFO | Train batch   800/10986 | ms/batch 168.90 | loss 0.8808 | bpb  1.27 | ppl     2.41 | lr 2.98e-04
2025-05-31 00:58:16,403 | INFO | Gradient norm: 0.0114
2025-05-31 00:58:16,415 | INFO | Train batch   900/10986 | ms/batch 168.90 | loss 0.8807 | bpb  1.27 | ppl     2.41 | lr 2.98e-04
2025-05-31 00:58:33,285 | INFO | Gradient norm: 0.0251
2025-05-31 00:58:33,297 | INFO | Train batch  1000/10986 | ms/batch 168.90 | loss 0.8807 | bpb  1.27 | ppl     2.41 | lr 2.98e-04
2025-05-31 00:58:50,171 | INFO | Gradient norm: 0.0081
2025-05-31 00:58:50,183 | INFO | Train batch  1100/10986 | ms/batch 168.89 | loss 0.8807 | bpb  1.27 | ppl     2.41 | lr 2.98e-04
2025-05-31 00:59:07,057 | INFO | Gradient norm: 0.0096
2025-05-31 00:59:07,069 | INFO | Train batch  1200/10986 | ms/batch 168.89 | loss 0.8807 | bpb  1.27 | ppl     2.41 | lr 2.98e-04
2025-05-31 00:59:23,955 | INFO | Gradient norm: 0.0100
2025-05-31 00:59:23,967 | INFO | Train batch  1300/10986 | ms/batch 168.90 | loss 0.8807 | bpb  1.27 | ppl     2.41 | lr 2.98e-04
2025-05-31 00:59:40,836 | INFO | Gradient norm: 0.0140
2025-05-31 00:59:40,849 | INFO | Train batch  1400/10986 | ms/batch 168.89 | loss 0.8807 | bpb  1.27 | ppl     2.41 | lr 2.98e-04
2025-05-31 00:59:57,719 | INFO | Gradient norm: 0.0088
2025-05-31 00:59:57,732 | INFO | Train batch  1500/10986 | ms/batch 168.89 | loss 0.8806 | bpb  1.27 | ppl     2.41 | lr 2.97e-04
2025-05-31 01:00:14,611 | INFO | Gradient norm: 0.0290
2025-05-31 01:00:14,623 | INFO | Train batch  1600/10986 | ms/batch 168.89 | loss 0.8806 | bpb  1.27 | ppl     2.41 | lr 2.97e-04
2025-05-31 01:00:31,511 | INFO | Gradient norm: 0.0215
2025-05-31 01:00:31,523 | INFO | Train batch  1700/10986 | ms/batch 168.90 | loss 0.8806 | bpb  1.27 | ppl     2.41 | lr 2.97e-04
2025-05-31 01:00:48,394 | INFO | Gradient norm: 0.0123
2025-05-31 01:00:48,406 | INFO | Train batch  1800/10986 | ms/batch 168.89 | loss 0.8806 | bpb  1.27 | ppl     2.41 | lr 2.97e-04
2025-05-31 01:01:05,279 | INFO | Gradient norm: 0.0100
2025-05-31 01:01:05,292 | INFO | Train batch  1900/10986 | ms/batch 168.89 | loss 0.8806 | bpb  1.27 | ppl     2.41 | lr 2.97e-04
2025-05-31 01:01:22,170 | INFO | Gradient norm: 0.0212
2025-05-31 01:01:22,182 | INFO | Train batch  2000/10986 | ms/batch 168.89 | loss 0.8807 | bpb  1.27 | ppl     2.41 | lr 2.97e-04
2025-05-31 01:01:39,067 | INFO | Gradient norm: 0.0286
2025-05-31 01:01:39,079 | INFO | Train batch  2100/10986 | ms/batch 168.89 | loss 0.8806 | bpb  1.27 | ppl     2.41 | lr 2.97e-04
2025-05-31 01:01:55,952 | INFO | Gradient norm: 0.0204
2025-05-31 01:01:55,964 | INFO | Train batch  2200/10986 | ms/batch 168.89 | loss 0.8806 | bpb  1.27 | ppl     2.41 | lr 2.97e-04
2025-05-31 01:02:12,835 | INFO | Gradient norm: 0.0166
2025-05-31 01:02:12,847 | INFO | Train batch  2300/10986 | ms/batch 168.89 | loss 0.8806 | bpb  1.27 | ppl     2.41 | lr 2.97e-04
2025-05-31 01:02:29,726 | INFO | Gradient norm: 0.0080
2025-05-31 01:02:29,739 | INFO | Train batch  2400/10986 | ms/batch 168.89 | loss 0.8806 | bpb  1.27 | ppl     2.41 | lr 2.97e-04
2025-05-31 01:02:46,629 | INFO | Gradient norm: 0.0084
2025-05-31 01:02:46,642 | INFO | Train batch  2500/10986 | ms/batch 168.90 | loss 0.8806 | bpb  1.27 | ppl     2.41 | lr 2.97e-04
2025-05-31 01:03:03,513 | INFO | Gradient norm: 0.0086
2025-05-31 01:03:03,525 | INFO | Train batch  2600/10986 | ms/batch 168.89 | loss 0.8806 | bpb  1.27 | ppl     2.41 | lr 2.97e-04
2025-05-31 01:03:20,397 | INFO | Gradient norm: 0.0092
2025-05-31 01:03:20,409 | INFO | Train batch  2700/10986 | ms/batch 168.89 | loss 0.8806 | bpb  1.27 | ppl     2.41 | lr 2.97e-04
2025-05-31 01:03:37,289 | INFO | Gradient norm: 0.0189
2025-05-31 01:03:37,301 | INFO | Train batch  2800/10986 | ms/batch 168.89 | loss 0.8806 | bpb  1.27 | ppl     2.41 | lr 2.97e-04
2025-05-31 01:03:54,190 | INFO | Gradient norm: 0.0100
2025-05-31 01:03:54,202 | INFO | Train batch  2900/10986 | ms/batch 168.90 | loss 0.8806 | bpb  1.27 | ppl     2.41 | lr 2.97e-04
2025-05-31 01:04:11,073 | INFO | Gradient norm: 0.0086
2025-05-31 01:04:11,085 | INFO | Train batch  3000/10986 | ms/batch 168.89 | loss 0.8806 | bpb  1.27 | ppl     2.41 | lr 2.97e-04
2025-05-31 01:04:27,956 | INFO | Gradient norm: 0.0123
2025-05-31 01:04:27,968 | INFO | Train batch  3100/10986 | ms/batch 168.89 | loss 0.8806 | bpb  1.27 | ppl     2.41 | lr 2.97e-04
2025-05-31 01:04:44,846 | INFO | Gradient norm: 0.0281
2025-05-31 01:04:44,858 | INFO | Train batch  3200/10986 | ms/batch 168.89 | loss 0.8806 | bpb  1.27 | ppl     2.41 | lr 2.97e-04
2025-05-31 01:05:01,735 | INFO | Gradient norm: 0.0097
2025-05-31 01:05:01,747 | INFO | Train batch  3300/10986 | ms/batch 168.89 | loss 0.8806 | bpb  1.27 | ppl     2.41 | lr 2.97e-04
2025-05-31 01:05:18,636 | INFO | Gradient norm: 0.0246
2025-05-31 01:05:18,648 | INFO | Train batch  3400/10986 | ms/batch 168.90 | loss 0.8806 | bpb  1.27 | ppl     2.41 | lr 2.97e-04
2025-05-31 01:05:35,520 | INFO | Gradient norm: 0.0214
2025-05-31 01:05:35,532 | INFO | Train batch  3500/10986 | ms/batch 168.89 | loss 0.8806 | bpb  1.27 | ppl     2.41 | lr 2.97e-04
2025-05-31 01:05:52,404 | INFO | Gradient norm: 0.0316
2025-05-31 01:05:52,416 | INFO | Train batch  3600/10986 | ms/batch 168.89 | loss 0.8806 | bpb  1.27 | ppl     2.41 | lr 2.97e-04
2025-05-31 01:06:09,298 | INFO | Gradient norm: 0.0152
2025-05-31 01:06:09,310 | INFO | Train batch  3700/10986 | ms/batch 168.89 | loss 0.8806 | bpb  1.27 | ppl     2.41 | lr 2.97e-04
2025-05-31 01:06:26,198 | INFO | Gradient norm: 0.0145
2025-05-31 01:06:26,211 | INFO | Train batch  3800/10986 | ms/batch 168.90 | loss 0.8806 | bpb  1.27 | ppl     2.41 | lr 2.97e-04
2025-05-31 01:06:43,082 | INFO | Gradient norm: 0.0112
2025-05-31 01:06:43,094 | INFO | Train batch  3900/10986 | ms/batch 168.90 | loss 0.8806 | bpb  1.27 | ppl     2.41 | lr 2.97e-04
2025-05-31 01:06:59,965 | INFO | Gradient norm: 0.0364
2025-05-31 01:06:59,977 | INFO | Train batch  4000/10986 | ms/batch 168.89 | loss 0.8806 | bpb  1.27 | ppl     2.41 | lr 2.97e-04
2025-05-31 01:07:16,858 | INFO | Gradient norm: 0.0278
2025-05-31 01:07:16,870 | INFO | Train batch  4100/10986 | ms/batch 168.89 | loss 0.8806 | bpb  1.27 | ppl     2.41 | lr 2.97e-04
2025-05-31 01:07:33,758 | INFO | Gradient norm: 0.0176
2025-05-31 01:07:33,770 | INFO | Train batch  4200/10986 | ms/batch 168.90 | loss 0.8806 | bpb  1.27 | ppl     2.41 | lr 2.97e-04
2025-05-31 01:07:50,643 | INFO | Gradient norm: 0.0258
2025-05-31 01:07:50,655 | INFO | Train batch  4300/10986 | ms/batch 168.90 | loss 0.8806 | bpb  1.27 | ppl     2.41 | lr 2.97e-04
2025-05-31 01:08:07,527 | INFO | Gradient norm: 0.0090
2025-05-31 01:08:07,539 | INFO | Train batch  4400/10986 | ms/batch 168.89 | loss 0.8806 | bpb  1.27 | ppl     2.41 | lr 2.97e-04
2025-05-31 01:08:24,415 | INFO | Gradient norm: 0.0099
2025-05-31 01:08:24,427 | INFO | Train batch  4500/10986 | ms/batch 168.89 | loss 0.8806 | bpb  1.27 | ppl     2.41 | lr 2.97e-04
2025-05-31 01:08:41,313 | INFO | Gradient norm: 0.0124
2025-05-31 01:08:41,325 | INFO | Train batch  4600/10986 | ms/batch 168.90 | loss 0.8806 | bpb  1.27 | ppl     2.41 | lr 2.97e-04
2025-05-31 01:08:58,194 | INFO | Gradient norm: 0.0202
2025-05-31 01:08:58,207 | INFO | Train batch  4700/10986 | ms/batch 168.89 | loss 0.8806 | bpb  1.27 | ppl     2.41 | lr 2.97e-04
2025-05-31 01:09:15,077 | INFO | Gradient norm: 0.0078
2025-05-31 01:09:15,089 | INFO | Train batch  4800/10986 | ms/batch 168.89 | loss 0.8806 | bpb  1.27 | ppl     2.41 | lr 2.97e-04
2025-05-31 01:09:31,967 | INFO | Gradient norm: 0.0271
2025-05-31 01:09:31,979 | INFO | Train batch  4900/10986 | ms/batch 168.89 | loss 0.8806 | bpb  1.27 | ppl     2.41 | lr 2.97e-04
2025-05-31 01:09:48,868 | INFO | Gradient norm: 0.0219
2025-05-31 01:09:48,880 | INFO | Train batch  5000/10986 | ms/batch 168.90 | loss 0.8806 | bpb  1.27 | ppl     2.41 | lr 2.97e-04
2025-05-31 01:10:05,758 | INFO | Gradient norm: 0.0096
2025-05-31 01:10:05,770 | INFO | Train batch  5100/10986 | ms/batch 168.90 | loss 0.8806 | bpb  1.27 | ppl     2.41 | lr 2.97e-04
2025-05-31 01:10:22,640 | INFO | Gradient norm: 0.0129
2025-05-31 01:10:22,652 | INFO | Train batch  5200/10986 | ms/batch 168.89 | loss 0.8806 | bpb  1.27 | ppl     2.41 | lr 2.97e-04
2025-05-31 01:10:39,526 | INFO | Gradient norm: 0.0217
2025-05-31 01:10:39,538 | INFO | Train batch  5300/10986 | ms/batch 168.89 | loss 0.8806 | bpb  1.27 | ppl     2.41 | lr 2.97e-04
2025-05-31 01:10:56,418 | INFO | Gradient norm: 0.0160
2025-05-31 01:10:56,430 | INFO | Train batch  5400/10986 | ms/batch 168.89 | loss 0.8806 | bpb  1.27 | ppl     2.41 | lr 2.97e-04
2025-05-31 01:11:13,312 | INFO | Gradient norm: 0.0091
2025-05-31 01:11:13,324 | INFO | Train batch  5500/10986 | ms/batch 168.89 | loss 0.8806 | bpb  1.27 | ppl     2.41 | lr 2.97e-04
2025-05-31 01:11:30,194 | INFO | Gradient norm: 0.0088
2025-05-31 01:11:30,206 | INFO | Train batch  5600/10986 | ms/batch 168.89 | loss 0.8806 | bpb  1.27 | ppl     2.41 | lr 2.97e-04
2025-05-31 01:11:47,081 | INFO | Gradient norm: 0.0149
2025-05-31 01:11:47,093 | INFO | Train batch  5700/10986 | ms/batch 168.89 | loss 0.8806 | bpb  1.27 | ppl     2.41 | lr 2.97e-04
2025-05-31 01:12:03,967 | INFO | Gradient norm: 0.0075
2025-05-31 01:12:03,979 | INFO | Train batch  5800/10986 | ms/batch 168.89 | loss 0.8806 | bpb  1.27 | ppl     2.41 | lr 2.97e-04
2025-05-31 01:12:20,869 | INFO | Gradient norm: 0.0085
2025-05-31 01:12:20,881 | INFO | Train batch  5900/10986 | ms/batch 168.89 | loss 0.8806 | bpb  1.27 | ppl     2.41 | lr 2.97e-04
2025-05-31 01:12:37,752 | INFO | Gradient norm: 0.0213
2025-05-31 01:12:37,764 | INFO | Train batch  6000/10986 | ms/batch 168.89 | loss 0.8806 | bpb  1.27 | ppl     2.41 | lr 2.97e-04
2025-05-31 01:12:54,634 | INFO | Gradient norm: 0.0123
2025-05-31 01:12:54,646 | INFO | Train batch  6100/10986 | ms/batch 168.89 | loss 0.8806 | bpb  1.27 | ppl     2.41 | lr 2.97e-04
2025-05-31 01:13:11,525 | INFO | Gradient norm: 0.0195
2025-05-31 01:13:11,537 | INFO | Train batch  6200/10986 | ms/batch 168.89 | loss 0.8806 | bpb  1.27 | ppl     2.41 | lr 2.97e-04
2025-05-31 01:13:28,424 | INFO | Gradient norm: 0.0106
2025-05-31 01:13:28,436 | INFO | Train batch  6300/10986 | ms/batch 168.89 | loss 0.8806 | bpb  1.27 | ppl     2.41 | lr 2.97e-04
2025-05-31 01:13:45,306 | INFO | Gradient norm: 0.0107
2025-05-31 01:13:45,319 | INFO | Train batch  6400/10986 | ms/batch 168.89 | loss 0.8805 | bpb  1.27 | ppl     2.41 | lr 2.97e-04
2025-05-31 01:14:01,623 | INFO | Gradient norm: 0.0192
2025-05-31 01:14:01,631 | INFO | Train batch  6500/10986 | ms/batch 168.80 | loss 0.8805 | bpb  1.27 | ppl     2.41 | lr 2.97e-04
2025-05-31 01:14:17,869 | INFO | Gradient norm: 0.0109
2025-05-31 01:14:17,877 | INFO | Train batch  6600/10986 | ms/batch 168.71 | loss 0.8806 | bpb  1.27 | ppl     2.41 | lr 2.97e-04
2025-05-31 01:14:34,126 | INFO | Gradient norm: 0.0142
2025-05-31 01:14:34,134 | INFO | Train batch  6700/10986 | ms/batch 168.62 | loss 0.8806 | bpb  1.27 | ppl     2.41 | lr 2.97e-04
2025-05-31 01:14:50,366 | INFO | Gradient norm: 0.0089
2025-05-31 01:14:50,374 | INFO | Train batch  6800/10986 | ms/batch 168.53 | loss 0.8806 | bpb  1.27 | ppl     2.41 | lr 2.97e-04
2025-05-31 01:15:06,608 | INFO | Gradient norm: 0.0155
2025-05-31 01:15:06,616 | INFO | Train batch  6900/10986 | ms/batch 168.44 | loss 0.8805 | bpb  1.27 | ppl     2.41 | lr 2.97e-04
2025-05-31 01:15:22,857 | INFO | Gradient norm: 0.0108
2025-05-31 01:15:22,865 | INFO | Train batch  7000/10986 | ms/batch 168.35 | loss 0.8806 | bpb  1.27 | ppl     2.41 | lr 2.97e-04
2025-05-31 01:15:39,114 | INFO | Gradient norm: 0.0101
2025-05-31 01:15:39,122 | INFO | Train batch  7100/10986 | ms/batch 168.27 | loss 0.8806 | bpb  1.27 | ppl     2.41 | lr 2.97e-04
2025-05-31 01:15:55,352 | INFO | Gradient norm: 0.0097
2025-05-31 01:15:55,360 | INFO | Train batch  7200/10986 | ms/batch 168.19 | loss 0.8806 | bpb  1.27 | ppl     2.41 | lr 2.97e-04
2025-05-31 01:16:11,592 | INFO | Gradient norm: 0.0088
2025-05-31 01:16:11,600 | INFO | Train batch  7300/10986 | ms/batch 168.11 | loss 0.8805 | bpb  1.27 | ppl     2.41 | lr 2.97e-04
2025-05-31 01:16:27,841 | INFO | Gradient norm: 0.0132
2025-05-31 01:16:27,849 | INFO | Train batch  7400/10986 | ms/batch 168.03 | loss 0.8805 | bpb  1.27 | ppl     2.41 | lr 2.96e-04
2025-05-31 01:16:44,097 | INFO | Gradient norm: 0.0098
2025-05-31 01:16:44,105 | INFO | Train batch  7500/10986 | ms/batch 167.96 | loss 0.8805 | bpb  1.27 | ppl     2.41 | lr 2.96e-04
2025-05-31 01:17:00,337 | INFO | Gradient norm: 0.0120
2025-05-31 01:17:00,344 | INFO | Train batch  7600/10986 | ms/batch 167.89 | loss 0.8805 | bpb  1.27 | ppl     2.41 | lr 2.96e-04
2025-05-31 01:17:16,575 | INFO | Gradient norm: 0.0082
2025-05-31 01:17:16,583 | INFO | Train batch  7700/10986 | ms/batch 167.82 | loss 0.8805 | bpb  1.27 | ppl     2.41 | lr 2.96e-04
2025-05-31 01:17:32,818 | INFO | Gradient norm: 0.0338
2025-05-31 01:17:32,826 | INFO | Train batch  7800/10986 | ms/batch 167.75 | loss 0.8805 | bpb  1.27 | ppl     2.41 | lr 2.96e-04
2025-05-31 01:17:49,064 | INFO | Gradient norm: 0.0087
2025-05-31 01:17:49,071 | INFO | Train batch  7900/10986 | ms/batch 167.68 | loss 0.8805 | bpb  1.27 | ppl     2.41 | lr 2.96e-04
2025-05-31 01:18:05,321 | INFO | Gradient norm: 0.0271
2025-05-31 01:18:05,329 | INFO | Train batch  8000/10986 | ms/batch 167.62 | loss 0.8805 | bpb  1.27 | ppl     2.41 | lr 2.96e-04
2025-05-31 01:18:21,561 | INFO | Gradient norm: 0.0181
2025-05-31 01:18:21,569 | INFO | Train batch  8100/10986 | ms/batch 167.55 | loss 0.8805 | bpb  1.27 | ppl     2.41 | lr 2.96e-04
2025-05-31 01:18:37,801 | INFO | Gradient norm: 0.0379
2025-05-31 01:18:37,808 | INFO | Train batch  8200/10986 | ms/batch 167.49 | loss 0.8805 | bpb  1.27 | ppl     2.41 | lr 2.96e-04
2025-05-31 01:18:54,048 | INFO | Gradient norm: 0.0098
2025-05-31 01:18:54,056 | INFO | Train batch  8300/10986 | ms/batch 167.43 | loss 0.8805 | bpb  1.27 | ppl     2.41 | lr 2.96e-04
2025-05-31 01:19:10,304 | INFO | Gradient norm: 0.0096
2025-05-31 01:19:10,312 | INFO | Train batch  8400/10986 | ms/batch 167.37 | loss 0.8805 | bpb  1.27 | ppl     2.41 | lr 2.96e-04
2025-05-31 01:19:26,542 | INFO | Gradient norm: 0.0119
2025-05-31 01:19:26,550 | INFO | Train batch  8500/10986 | ms/batch 167.31 | loss 0.8805 | bpb  1.27 | ppl     2.41 | lr 2.96e-04
2025-05-31 01:19:42,782 | INFO | Gradient norm: 0.0126
2025-05-31 01:19:42,789 | INFO | Train batch  8600/10986 | ms/batch 167.25 | loss 0.8805 | bpb  1.27 | ppl     2.41 | lr 2.96e-04
2025-05-31 01:19:59,030 | INFO | Gradient norm: 0.0117
2025-05-31 01:19:59,038 | INFO | Train batch  8700/10986 | ms/batch 167.20 | loss 0.8805 | bpb  1.27 | ppl     2.41 | lr 2.96e-04
2025-05-31 01:20:15,289 | INFO | Gradient norm: 0.0421
2025-05-31 01:20:15,296 | INFO | Train batch  8800/10986 | ms/batch 167.15 | loss 0.8805 | bpb  1.27 | ppl     2.41 | lr 2.96e-04
2025-05-31 01:20:31,531 | INFO | Gradient norm: 0.0179
2025-05-31 01:20:31,539 | INFO | Train batch  8900/10986 | ms/batch 167.09 | loss 0.8805 | bpb  1.27 | ppl     2.41 | lr 2.96e-04
2025-05-31 01:20:47,773 | INFO | Gradient norm: 0.0087
2025-05-31 01:20:47,781 | INFO | Train batch  9000/10986 | ms/batch 167.04 | loss 0.8805 | bpb  1.27 | ppl     2.41 | lr 2.96e-04
2025-05-31 01:21:04,024 | INFO | Gradient norm: 0.0213
2025-05-31 01:21:04,032 | INFO | Train batch  9100/10986 | ms/batch 166.99 | loss 0.8805 | bpb  1.27 | ppl     2.41 | lr 2.96e-04
2025-05-31 01:21:20,282 | INFO | Gradient norm: 0.0160
2025-05-31 01:21:20,290 | INFO | Train batch  9200/10986 | ms/batch 166.94 | loss 0.8805 | bpb  1.27 | ppl     2.41 | lr 2.96e-04
2025-05-31 01:21:36,525 | INFO | Gradient norm: 0.0181
2025-05-31 01:21:36,533 | INFO | Train batch  9300/10986 | ms/batch 166.90 | loss 0.8805 | bpb  1.27 | ppl     2.41 | lr 2.96e-04
2025-05-31 01:21:52,767 | INFO | Gradient norm: 0.0138
2025-05-31 01:21:52,775 | INFO | Train batch  9400/10986 | ms/batch 166.85 | loss 0.8805 | bpb  1.27 | ppl     2.41 | lr 2.96e-04
2025-05-31 01:22:09,018 | INFO | Gradient norm: 0.0232
2025-05-31 01:22:09,025 | INFO | Train batch  9500/10986 | ms/batch 166.80 | loss 0.8805 | bpb  1.27 | ppl     2.41 | lr 2.96e-04
2025-05-31 01:22:25,277 | INFO | Gradient norm: 0.0085
2025-05-31 01:22:25,284 | INFO | Train batch  9600/10986 | ms/batch 166.76 | loss 0.8805 | bpb  1.27 | ppl     2.41 | lr 2.96e-04
2025-05-31 01:22:41,520 | INFO | Gradient norm: 0.0081
2025-05-31 01:22:41,528 | INFO | Train batch  9700/10986 | ms/batch 166.71 | loss 0.8805 | bpb  1.27 | ppl     2.41 | lr 2.96e-04
2025-05-31 01:22:57,763 | INFO | Gradient norm: 0.0157
2025-05-31 01:22:57,771 | INFO | Train batch  9800/10986 | ms/batch 166.67 | loss 0.8805 | bpb  1.27 | ppl     2.41 | lr 2.96e-04
2025-05-31 01:23:14,015 | INFO | Gradient norm: 0.0082
2025-05-31 01:23:14,023 | INFO | Train batch  9900/10986 | ms/batch 166.63 | loss 0.8805 | bpb  1.27 | ppl     2.41 | lr 2.96e-04
2025-05-31 01:23:30,275 | INFO | Gradient norm: 0.0133
2025-05-31 01:23:30,283 | INFO | Train batch 10000/10986 | ms/batch 166.59 | loss 0.8805 | bpb  1.27 | ppl     2.41 | lr 2.96e-04
2025-05-31 01:23:46,518 | INFO | Gradient norm: 0.0164
2025-05-31 01:23:46,526 | INFO | Train batch 10100/10986 | ms/batch 166.55 | loss 0.8805 | bpb  1.27 | ppl     2.41 | lr 2.96e-04
2025-05-31 01:24:02,761 | INFO | Gradient norm: 0.0322
2025-05-31 01:24:02,768 | INFO | Train batch 10200/10986 | ms/batch 166.51 | loss 0.8805 | bpb  1.27 | ppl     2.41 | lr 2.96e-04
2025-05-31 01:24:19,007 | INFO | Gradient norm: 0.0131
2025-05-31 01:24:19,015 | INFO | Train batch 10300/10986 | ms/batch 166.47 | loss 0.8805 | bpb  1.27 | ppl     2.41 | lr 2.96e-04
2025-05-31 01:24:35,256 | INFO | Gradient norm: 0.0116
2025-05-31 01:24:35,264 | INFO | Train batch 10400/10986 | ms/batch 166.43 | loss 0.8805 | bpb  1.27 | ppl     2.41 | lr 2.96e-04
2025-05-31 01:24:51,514 | INFO | Gradient norm: 0.0208
2025-05-31 01:24:51,522 | INFO | Train batch 10500/10986 | ms/batch 166.39 | loss 0.8805 | bpb  1.27 | ppl     2.41 | lr 2.96e-04
2025-05-31 01:25:07,758 | INFO | Gradient norm: 0.0099
2025-05-31 01:25:07,766 | INFO | Train batch 10600/10986 | ms/batch 166.36 | loss 0.8805 | bpb  1.27 | ppl     2.41 | lr 2.96e-04
2025-05-31 01:25:24,001 | INFO | Gradient norm: 0.0154
2025-05-31 01:25:24,009 | INFO | Train batch 10700/10986 | ms/batch 166.32 | loss 0.8805 | bpb  1.27 | ppl     2.41 | lr 2.96e-04
2025-05-31 01:25:40,253 | INFO | Gradient norm: 0.0091
2025-05-31 01:25:40,261 | INFO | Train batch 10800/10986 | ms/batch 166.28 | loss 0.8805 | bpb  1.27 | ppl     2.41 | lr 2.96e-04
2025-05-31 01:25:56,512 | INFO | Gradient norm: 0.0142
2025-05-31 01:25:56,520 | INFO | Train batch 10900/10986 | ms/batch 166.25 | loss 0.8805 | bpb  1.27 | ppl     2.41 | lr 2.96e-04
2025-05-31 01:27:20,523 | INFO | Epoch   3 | time: 1896.29s | train bpb  1.27 | valid bpb  1.28
2025-05-31 01:27:20,525 | INFO | Validation bpb did not improve by 0.0100. Patience: 3/3
2025-05-31 01:27:20,525 | INFO | Early stopping triggered after 4 epochs. Best validation bpb: 1.2777
2025-05-31 01:50:34,745 | INFO | Using device: cuda
2025-05-31 01:50:37,292 | INFO | Model parameters: 19,177,728
2025-05-31 01:50:37,292 | INFO | Loading training data...
2025-05-31 01:50:43,045 | INFO | Base learning rate: 3.00e-04
2025-05-31 01:50:43,045 | INFO | Minimum learning rate: 1.00e-05
2025-05-31 01:50:43,045 | INFO | Initial learning rate: 0.00e+00
2025-05-31 01:50:43,045 | INFO | Warmup steps: 2000
2025-05-31 01:50:43,045 | INFO | Total steps: 549300
2025-05-31 01:50:43,045 | INFO | Test LR at step 0: 0.00e+00
2025-05-31 01:50:43,045 | INFO | Test LR at step 1000: 1.50e-04
2025-05-31 01:50:43,045 | INFO | Test LR at step 2000: 3.00e-04
2025-05-31 01:50:43,045 | INFO | Test LR at step 274650: 1.56e-04
2025-05-31 01:50:43,045 | INFO | Test LR at step 549299: 1.00e-05
2025-05-31 01:50:43,048 | INFO | Starting training...
2025-05-31 01:50:43,049 | INFO | Input shape: torch.Size([16, 511]), Target shape: torch.Size([16, 511])
2025-05-31 01:50:43,050 | INFO | Input range: [10, 226]
2025-05-31 01:50:43,050 | INFO | Target range: [10, 226]
2025-05-31 01:50:48,052 | INFO | Output shape: torch.Size([8176, 256]), Reshaped target shape: torch.Size([8176])
2025-05-31 01:50:48,053 | INFO | Output range: [-5.4765625, 5.5390625]
2025-05-31 01:50:48,053 | INFO | Sample probabilities: max=0.05333063751459122, min=4.319049185141921e-05
2025-05-31 01:50:48,054 | INFO | Raw loss value: 6.351979732513428
2025-05-31 01:50:48,055 | INFO | Batch 0 loss stats - Mean: -0.0342, Std: 1.1377
2025-05-31 01:50:48,176 | INFO | Gradient norm: 7.1365
2025-05-31 01:50:48,190 | INFO | Train batch     0/10986 | ms/batch 5141.29 | loss 6.3520 | bpb  9.16 | ppl   573.63 | lr 1.50e-07
2025-05-31 01:51:04,360 | INFO | Gradient norm: 0.8062
2025-05-31 01:51:04,368 | INFO | Train batch   100/10986 | ms/batch 211.08 | loss 4.7863 | bpb  6.91 | ppl   119.86 | lr 1.51e-05
2025-05-31 01:51:20,564 | INFO | Gradient norm: 0.5100
2025-05-31 01:51:20,573 | INFO | Train batch   200/10986 | ms/batch 186.68 | loss 4.1212 | bpb  5.95 | ppl    61.64 | lr 3.01e-05
2025-05-31 01:51:36,769 | INFO | Gradient norm: 0.4664
2025-05-31 01:51:36,777 | INFO | Train batch   300/10986 | ms/batch 178.50 | loss 3.8273 | bpb  5.52 | ppl    45.94 | lr 4.51e-05
2025-05-31 01:51:53,013 | INFO | Gradient norm: 0.4733
2025-05-31 01:51:53,021 | INFO | Train batch   400/10986 | ms/batch 174.50 | loss 3.6460 | bpb  5.26 | ppl    38.32 | lr 6.01e-05
2025-05-31 01:52:09,269 | INFO | Gradient norm: 0.4580
2025-05-31 01:52:09,277 | INFO | Train batch   500/10986 | ms/batch 172.11 | loss 3.5208 | bpb  5.08 | ppl    33.81 | lr 7.51e-05
2025-05-31 01:52:25,552 | INFO | Gradient norm: 0.5834
2025-05-31 01:52:25,560 | INFO | Train batch   600/10986 | ms/batch 170.57 | loss 3.4281 | bpb  4.95 | ppl    30.82 | lr 9.01e-05
2025-05-31 01:52:41,860 | INFO | Gradient norm: 0.4338
2025-05-31 01:52:41,868 | INFO | Train batch   700/10986 | ms/batch 169.50 | loss 3.3528 | bpb  4.84 | ppl    28.58 | lr 1.05e-04
2025-05-31 01:52:58,163 | INFO | Gradient norm: 0.6164
2025-05-31 01:52:58,171 | INFO | Train batch   800/10986 | ms/batch 168.69 | loss 3.2852 | bpb  4.74 | ppl    26.71 | lr 1.20e-04
2025-05-31 01:53:14,479 | INFO | Gradient norm: 0.6672
2025-05-31 01:53:14,487 | INFO | Train batch   900/10986 | ms/batch 168.08 | loss 3.1997 | bpb  4.62 | ppl    24.53 | lr 1.35e-04
2025-05-31 01:53:30,785 | INFO | Gradient norm: 0.7930
2025-05-31 01:53:30,793 | INFO | Train batch  1000/10986 | ms/batch 167.58 | loss 3.0757 | bpb  4.44 | ppl    21.67 | lr 1.50e-04
2025-05-31 01:53:47,072 | INFO | Gradient norm: 0.5359
2025-05-31 01:53:47,080 | INFO | Train batch  1100/10986 | ms/batch 167.15 | loss 2.9308 | bpb  4.23 | ppl    18.74 | lr 1.65e-04
2025-05-31 01:54:03,372 | INFO | Gradient norm: 0.3614
2025-05-31 01:54:03,380 | INFO | Train batch  1200/10986 | ms/batch 166.80 | loss 2.7870 | bpb  4.02 | ppl    16.23 | lr 1.80e-04
2025-05-31 01:54:19,676 | INFO | Gradient norm: 0.2926
2025-05-31 01:54:19,684 | INFO | Train batch  1300/10986 | ms/batch 166.51 | loss 2.6561 | bpb  3.83 | ppl    14.24 | lr 1.95e-04
2025-05-31 01:54:35,958 | INFO | Gradient norm: 0.2297
2025-05-31 01:54:35,966 | INFO | Train batch  1400/10986 | ms/batch 166.25 | loss 2.5389 | bpb  3.66 | ppl    12.67 | lr 2.10e-04
2025-05-31 01:54:52,239 | INFO | Gradient norm: 0.1766
2025-05-31 01:54:52,247 | INFO | Train batch  1500/10986 | ms/batch 166.02 | loss 2.4353 | bpb  3.51 | ppl    11.42 | lr 2.25e-04
2025-05-31 01:55:08,543 | INFO | Gradient norm: 0.1584
2025-05-31 01:55:08,551 | INFO | Train batch  1600/10986 | ms/batch 165.84 | loss 2.3426 | bpb  3.38 | ppl    10.41 | lr 2.40e-04
2025-05-31 01:55:24,839 | INFO | Gradient norm: 0.1645
2025-05-31 01:55:24,847 | INFO | Train batch  1700/10986 | ms/batch 165.67 | loss 2.2604 | bpb  3.26 | ppl     9.59 | lr 2.55e-04
2025-05-31 01:55:41,119 | INFO | Gradient norm: 0.1086
2025-05-31 01:55:41,127 | INFO | Train batch  1800/10986 | ms/batch 165.51 | loss 2.1866 | bpb  3.15 | ppl     8.90 | lr 2.70e-04
2025-05-31 01:55:57,401 | INFO | Gradient norm: 0.1142
2025-05-31 01:55:57,409 | INFO | Train batch  1900/10986 | ms/batch 165.37 | loss 2.1198 | bpb  3.06 | ppl     8.33 | lr 2.85e-04
2025-05-31 01:56:13,690 | INFO | Gradient norm: 0.1177
2025-05-31 01:56:13,698 | INFO | Train batch  2000/10986 | ms/batch 165.24 | loss 2.0594 | bpb  2.97 | ppl     7.84 | lr 3.00e-04
2025-05-31 01:56:29,979 | INFO | Gradient norm: 0.0875
2025-05-31 01:56:29,987 | INFO | Train batch  2100/10986 | ms/batch 165.13 | loss 2.0045 | bpb  2.89 | ppl     7.42 | lr 3.00e-04
2025-05-31 01:56:46,257 | INFO | Gradient norm: 0.0862
2025-05-31 01:56:46,265 | INFO | Train batch  2200/10986 | ms/batch 165.02 | loss 1.9544 | bpb  2.82 | ppl     7.06 | lr 3.00e-04
2025-05-31 01:57:02,510 | INFO | Gradient norm: 0.0628
2025-05-31 01:57:02,518 | INFO | Train batch  2300/10986 | ms/batch 164.91 | loss 1.9086 | bpb  2.75 | ppl     6.74 | lr 3.00e-04
2025-05-31 01:57:18,766 | INFO | Gradient norm: 0.0955
2025-05-31 01:57:18,774 | INFO | Train batch  2400/10986 | ms/batch 164.82 | loss 1.8665 | bpb  2.69 | ppl     6.47 | lr 3.00e-04
2025-05-31 01:57:35,039 | INFO | Gradient norm: 0.0729
2025-05-31 01:57:35,047 | INFO | Train batch  2500/10986 | ms/batch 164.73 | loss 1.8277 | bpb  2.64 | ppl     6.22 | lr 3.00e-04
2025-05-31 01:57:51,298 | INFO | Gradient norm: 0.0909
2025-05-31 01:57:51,307 | INFO | Train batch  2600/10986 | ms/batch 164.65 | loss 1.7918 | bpb  2.59 | ppl     6.00 | lr 3.00e-04
2025-05-31 01:58:07,566 | INFO | Gradient norm: 0.0553
2025-05-31 01:58:07,574 | INFO | Train batch  2700/10986 | ms/batch 164.58 | loss 1.7585 | bpb  2.54 | ppl     5.80 | lr 3.00e-04
2025-05-31 01:58:23,819 | INFO | Gradient norm: 0.0876
2025-05-31 01:58:23,827 | INFO | Train batch  2800/10986 | ms/batch 164.50 | loss 1.7276 | bpb  2.49 | ppl     5.63 | lr 3.00e-04
2025-05-31 01:58:40,084 | INFO | Gradient norm: 0.0652
2025-05-31 01:58:40,092 | INFO | Train batch  2900/10986 | ms/batch 164.44 | loss 1.6987 | bpb  2.45 | ppl     5.47 | lr 3.00e-04
2025-05-31 01:58:56,346 | INFO | Gradient norm: 0.0685
2025-05-31 01:58:56,354 | INFO | Train batch  3000/10986 | ms/batch 164.38 | loss 1.6718 | bpb  2.41 | ppl     5.32 | lr 3.00e-04
2025-05-31 01:59:12,614 | INFO | Gradient norm: 0.0924
2025-05-31 01:59:12,622 | INFO | Train batch  3100/10986 | ms/batch 164.33 | loss 1.6466 | bpb  2.38 | ppl     5.19 | lr 3.00e-04
2025-05-31 01:59:28,868 | INFO | Gradient norm: 0.0587
2025-05-31 01:59:28,876 | INFO | Train batch  3200/10986 | ms/batch 164.27 | loss 1.6229 | bpb  2.34 | ppl     5.07 | lr 3.00e-04
2025-05-31 01:59:45,124 | INFO | Gradient norm: 0.0674
2025-05-31 01:59:45,132 | INFO | Train batch  3300/10986 | ms/batch 164.22 | loss 1.6006 | bpb  2.31 | ppl     4.96 | lr 3.00e-04
2025-05-31 02:00:01,396 | INFO | Gradient norm: 0.0724
2025-05-31 02:00:01,404 | INFO | Train batch  3400/10986 | ms/batch 164.17 | loss 1.5797 | bpb  2.28 | ppl     4.85 | lr 3.00e-04
2025-05-31 02:00:17,653 | INFO | Gradient norm: 0.0764
2025-05-31 02:00:17,661 | INFO | Train batch  3500/10986 | ms/batch 164.13 | loss 1.5599 | bpb  2.25 | ppl     4.76 | lr 3.00e-04
2025-05-31 02:00:33,923 | INFO | Gradient norm: 0.0520
2025-05-31 02:00:33,931 | INFO | Train batch  3600/10986 | ms/batch 164.09 | loss 1.5412 | bpb  2.22 | ppl     4.67 | lr 3.00e-04
2025-05-31 02:00:50,180 | INFO | Gradient norm: 0.0650
2025-05-31 02:00:50,188 | INFO | Train batch  3700/10986 | ms/batch 164.05 | loss 1.5236 | bpb  2.20 | ppl     4.59 | lr 3.00e-04
2025-05-31 02:01:06,443 | INFO | Gradient norm: 0.0535
2025-05-31 02:01:06,451 | INFO | Train batch  3800/10986 | ms/batch 164.01 | loss 1.5069 | bpb  2.17 | ppl     4.51 | lr 3.00e-04
2025-05-31 02:01:22,711 | INFO | Gradient norm: 0.0472
2025-05-31 02:01:22,719 | INFO | Train batch  3900/10986 | ms/batch 163.98 | loss 1.4909 | bpb  2.15 | ppl     4.44 | lr 3.00e-04
2025-05-31 02:01:38,982 | INFO | Gradient norm: 0.0576
2025-05-31 02:01:38,990 | INFO | Train batch  4000/10986 | ms/batch 163.94 | loss 1.4758 | bpb  2.13 | ppl     4.37 | lr 3.00e-04
2025-05-31 02:01:55,239 | INFO | Gradient norm: 0.0402
2025-05-31 02:01:55,246 | INFO | Train batch  4100/10986 | ms/batch 163.91 | loss 1.4614 | bpb  2.11 | ppl     4.31 | lr 3.00e-04
2025-05-31 02:02:11,492 | INFO | Gradient norm: 0.0517
2025-05-31 02:02:11,500 | INFO | Train batch  4200/10986 | ms/batch 163.88 | loss 1.4478 | bpb  2.09 | ppl     4.25 | lr 3.00e-04
2025-05-31 02:02:28,132 | INFO | Gradient norm: 0.0545
2025-05-31 02:02:28,145 | INFO | Train batch  4300/10986 | ms/batch 163.94 | loss 1.4347 | bpb  2.07 | ppl     4.20 | lr 3.00e-04
2025-05-31 02:02:45,059 | INFO | Gradient norm: 0.0345
2025-05-31 02:02:45,071 | INFO | Train batch  4400/10986 | ms/batch 164.06 | loss 1.4222 | bpb  2.05 | ppl     4.15 | lr 3.00e-04
2025-05-31 02:03:01,999 | INFO | Gradient norm: 0.0269
2025-05-31 02:03:02,011 | INFO | Train batch  4500/10986 | ms/batch 164.18 | loss 1.4103 | bpb  2.03 | ppl     4.10 | lr 3.00e-04
2025-05-31 02:03:18,921 | INFO | Gradient norm: 0.0417
2025-05-31 02:03:18,933 | INFO | Train batch  4600/10986 | ms/batch 164.29 | loss 1.3989 | bpb  2.02 | ppl     4.05 | lr 3.00e-04
2025-05-31 02:03:35,855 | INFO | Gradient norm: 0.0505
2025-05-31 02:03:35,867 | INFO | Train batch  4700/10986 | ms/batch 164.39 | loss 1.3880 | bpb  2.00 | ppl     4.01 | lr 3.00e-04
2025-05-31 02:03:52,785 | INFO | Gradient norm: 0.0459
2025-05-31 02:03:52,798 | INFO | Train batch  4800/10986 | ms/batch 164.50 | loss 1.3775 | bpb  1.99 | ppl     3.96 | lr 3.00e-04
2025-05-31 02:04:09,722 | INFO | Gradient norm: 0.0304
2025-05-31 02:04:09,735 | INFO | Train batch  4900/10986 | ms/batch 164.60 | loss 1.3674 | bpb  1.97 | ppl     3.93 | lr 3.00e-04
2025-05-31 02:04:26,640 | INFO | Gradient norm: 0.0438
2025-05-31 02:04:26,652 | INFO | Train batch  5000/10986 | ms/batch 164.69 | loss 1.3578 | bpb  1.96 | ppl     3.89 | lr 3.00e-04
2025-05-31 02:04:43,561 | INFO | Gradient norm: 0.0637
2025-05-31 02:04:43,573 | INFO | Train batch  5100/10986 | ms/batch 164.78 | loss 1.3485 | bpb  1.95 | ppl     3.85 | lr 3.00e-04
2025-05-31 02:05:00,497 | INFO | Gradient norm: 0.0352
2025-05-31 02:05:00,509 | INFO | Train batch  5200/10986 | ms/batch 164.86 | loss 1.3396 | bpb  1.93 | ppl     3.82 | lr 3.00e-04
2025-05-31 02:05:17,437 | INFO | Gradient norm: 0.0569
2025-05-31 02:05:17,450 | INFO | Train batch  5300/10986 | ms/batch 164.95 | loss 1.3310 | bpb  1.92 | ppl     3.78 | lr 3.00e-04
2025-05-31 02:05:34,356 | INFO | Gradient norm: 0.0295
2025-05-31 02:05:34,368 | INFO | Train batch  5400/10986 | ms/batch 165.03 | loss 1.3227 | bpb  1.91 | ppl     3.75 | lr 3.00e-04
2025-05-31 02:05:51,274 | INFO | Gradient norm: 0.0367
2025-05-31 02:05:51,286 | INFO | Train batch  5500/10986 | ms/batch 165.10 | loss 1.3147 | bpb  1.90 | ppl     3.72 | lr 3.00e-04
2025-05-31 02:06:08,209 | INFO | Gradient norm: 0.0577
2025-05-31 02:06:08,222 | INFO | Train batch  5600/10986 | ms/batch 165.18 | loss 1.3070 | bpb  1.89 | ppl     3.70 | lr 3.00e-04
2025-05-31 02:06:25,133 | INFO | Gradient norm: 0.0546
2025-05-31 02:06:25,146 | INFO | Train batch  5700/10986 | ms/batch 165.25 | loss 1.2996 | bpb  1.87 | ppl     3.67 | lr 3.00e-04
2025-05-31 02:06:42,070 | INFO | Gradient norm: 0.0514
2025-05-31 02:06:42,082 | INFO | Train batch  5800/10986 | ms/batch 165.32 | loss 1.2924 | bpb  1.86 | ppl     3.64 | lr 3.00e-04
2025-05-31 02:06:58,994 | INFO | Gradient norm: 0.0431
2025-05-31 02:06:59,006 | INFO | Train batch  5900/10986 | ms/batch 165.39 | loss 1.2855 | bpb  1.85 | ppl     3.62 | lr 3.00e-04
2025-05-31 02:07:15,919 | INFO | Gradient norm: 0.0544
2025-05-31 02:07:15,931 | INFO | Train batch  6000/10986 | ms/batch 165.45 | loss 1.2788 | bpb  1.84 | ppl     3.59 | lr 3.00e-04
2025-05-31 02:07:32,852 | INFO | Gradient norm: 0.0410
2025-05-31 02:07:32,865 | INFO | Train batch  6100/10986 | ms/batch 165.52 | loss 1.2723 | bpb  1.84 | ppl     3.57 | lr 3.00e-04
2025-05-31 02:07:49,792 | INFO | Gradient norm: 0.0219
2025-05-31 02:07:49,804 | INFO | Train batch  6200/10986 | ms/batch 165.58 | loss 1.2660 | bpb  1.83 | ppl     3.55 | lr 3.00e-04
2025-05-31 02:08:06,710 | INFO | Gradient norm: 0.0217
2025-05-31 02:08:06,722 | INFO | Train batch  6300/10986 | ms/batch 165.64 | loss 1.2600 | bpb  1.82 | ppl     3.53 | lr 3.00e-04
2025-05-31 02:08:23,634 | INFO | Gradient norm: 0.0312
2025-05-31 02:08:23,646 | INFO | Train batch  6400/10986 | ms/batch 165.69 | loss 1.2541 | bpb  1.81 | ppl     3.50 | lr 3.00e-04
2025-05-31 02:08:40,571 | INFO | Gradient norm: 0.0377
2025-05-31 02:08:40,584 | INFO | Train batch  6500/10986 | ms/batch 165.75 | loss 1.2484 | bpb  1.80 | ppl     3.48 | lr 3.00e-04
2025-05-31 02:08:57,498 | INFO | Gradient norm: 0.0383
2025-05-31 02:08:57,511 | INFO | Train batch  6600/10986 | ms/batch 165.80 | loss 1.2429 | bpb  1.79 | ppl     3.47 | lr 3.00e-04
2025-05-31 02:09:14,433 | INFO | Gradient norm: 0.0413
2025-05-31 02:09:14,445 | INFO | Train batch  6700/10986 | ms/batch 165.86 | loss 1.2375 | bpb  1.79 | ppl     3.45 | lr 3.00e-04
2025-05-31 02:09:31,353 | INFO | Gradient norm: 0.0584
2025-05-31 02:09:31,365 | INFO | Train batch  6800/10986 | ms/batch 165.90 | loss 1.2323 | bpb  1.78 | ppl     3.43 | lr 3.00e-04
2025-05-31 02:09:48,291 | INFO | Gradient norm: 0.0389
2025-05-31 02:09:48,304 | INFO | Train batch  6900/10986 | ms/batch 165.95 | loss 1.2272 | bpb  1.77 | ppl     3.41 | lr 3.00e-04
2025-05-31 02:10:05,217 | INFO | Gradient norm: 0.0229
2025-05-31 02:10:05,229 | INFO | Train batch  7000/10986 | ms/batch 166.00 | loss 1.2223 | bpb  1.76 | ppl     3.40 | lr 3.00e-04
2025-05-31 02:10:22,153 | INFO | Gradient norm: 0.0318
2025-05-31 02:10:22,166 | INFO | Train batch  7100/10986 | ms/batch 166.05 | loss 1.2176 | bpb  1.76 | ppl     3.38 | lr 3.00e-04
2025-05-31 02:10:39,073 | INFO | Gradient norm: 0.0391
2025-05-31 02:10:39,085 | INFO | Train batch  7200/10986 | ms/batch 166.09 | loss 1.2129 | bpb  1.75 | ppl     3.36 | lr 3.00e-04
2025-05-31 02:10:55,775 | INFO | Gradient norm: 0.0372
2025-05-31 02:10:55,783 | INFO | Train batch  7300/10986 | ms/batch 166.11 | loss 1.2084 | bpb  1.74 | ppl     3.35 | lr 3.00e-04
2025-05-31 02:11:12,036 | INFO | Gradient norm: 0.0362
2025-05-31 02:11:12,044 | INFO | Train batch  7400/10986 | ms/batch 166.06 | loss 1.2040 | bpb  1.74 | ppl     3.33 | lr 3.00e-04
2025-05-31 02:11:28,304 | INFO | Gradient norm: 0.0268
2025-05-31 02:11:28,311 | INFO | Train batch  7500/10986 | ms/batch 166.01 | loss 1.1997 | bpb  1.73 | ppl     3.32 | lr 3.00e-04
2025-05-31 02:11:44,564 | INFO | Gradient norm: 0.0296
2025-05-31 02:11:44,572 | INFO | Train batch  7600/10986 | ms/batch 165.97 | loss 1.1955 | bpb  1.72 | ppl     3.31 | lr 3.00e-04
2025-05-31 02:12:00,850 | INFO | Gradient norm: 0.0318
2025-05-31 02:12:00,858 | INFO | Train batch  7700/10986 | ms/batch 165.93 | loss 1.1915 | bpb  1.72 | ppl     3.29 | lr 3.00e-04
2025-05-31 02:12:17,141 | INFO | Gradient norm: 0.0449
2025-05-31 02:12:17,149 | INFO | Train batch  7800/10986 | ms/batch 165.89 | loss 1.1875 | bpb  1.71 | ppl     3.28 | lr 3.00e-04
2025-05-31 02:12:33,436 | INFO | Gradient norm: 0.0279
2025-05-31 02:12:33,444 | INFO | Train batch  7900/10986 | ms/batch 165.85 | loss 1.1837 | bpb  1.71 | ppl     3.27 | lr 3.00e-04
2025-05-31 02:12:49,720 | INFO | Gradient norm: 0.0251
2025-05-31 02:12:49,728 | INFO | Train batch  8000/10986 | ms/batch 165.81 | loss 1.1799 | bpb  1.70 | ppl     3.25 | lr 3.00e-04
2025-05-31 02:13:06,000 | INFO | Gradient norm: 0.0427
2025-05-31 02:13:06,008 | INFO | Train batch  8100/10986 | ms/batch 165.78 | loss 1.1762 | bpb  1.70 | ppl     3.24 | lr 3.00e-04
2025-05-31 02:13:22,301 | INFO | Gradient norm: 0.0536
2025-05-31 02:13:22,309 | INFO | Train batch  8200/10986 | ms/batch 165.74 | loss 1.1726 | bpb  1.69 | ppl     3.23 | lr 3.00e-04
2025-05-31 02:13:38,595 | INFO | Gradient norm: 0.0338
2025-05-31 02:13:38,603 | INFO | Train batch  8300/10986 | ms/batch 165.71 | loss 1.1692 | bpb  1.69 | ppl     3.22 | lr 3.00e-04
2025-05-31 02:13:54,873 | INFO | Gradient norm: 0.0245
2025-05-31 02:13:54,881 | INFO | Train batch  8400/10986 | ms/batch 165.67 | loss 1.1657 | bpb  1.68 | ppl     3.21 | lr 3.00e-04
2025-05-31 02:14:11,153 | INFO | Gradient norm: 0.0326
2025-05-31 02:14:11,161 | INFO | Train batch  8500/10986 | ms/batch 165.64 | loss 1.1624 | bpb  1.68 | ppl     3.20 | lr 3.00e-04
2025-05-31 02:14:27,449 | INFO | Gradient norm: 0.0430
2025-05-31 02:14:27,457 | INFO | Train batch  8600/10986 | ms/batch 165.61 | loss 1.1592 | bpb  1.67 | ppl     3.19 | lr 3.00e-04
2025-05-31 02:14:43,741 | INFO | Gradient norm: 0.0284
2025-05-31 02:14:43,750 | INFO | Train batch  8700/10986 | ms/batch 165.58 | loss 1.1560 | bpb  1.67 | ppl     3.18 | lr 3.00e-04
2025-05-31 02:15:00,019 | INFO | Gradient norm: 0.0244
2025-05-31 02:15:00,027 | INFO | Train batch  8800/10986 | ms/batch 165.55 | loss 1.1529 | bpb  1.66 | ppl     3.17 | lr 3.00e-04
2025-05-31 02:15:16,298 | INFO | Gradient norm: 0.0178
2025-05-31 02:15:16,306 | INFO | Train batch  8900/10986 | ms/batch 165.52 | loss 1.1498 | bpb  1.66 | ppl     3.16 | lr 3.00e-04
2025-05-31 02:15:32,589 | INFO | Gradient norm: 0.0289
2025-05-31 02:15:32,596 | INFO | Train batch  9000/10986 | ms/batch 165.49 | loss 1.1468 | bpb  1.65 | ppl     3.15 | lr 3.00e-04
2025-05-31 02:15:48,877 | INFO | Gradient norm: 0.0458
2025-05-31 02:15:48,885 | INFO | Train batch  9100/10986 | ms/batch 165.46 | loss 1.1439 | bpb  1.65 | ppl     3.14 | lr 3.00e-04
2025-05-31 02:16:05,171 | INFO | Gradient norm: 0.0238
2025-05-31 02:16:05,179 | INFO | Train batch  9200/10986 | ms/batch 165.43 | loss 1.1411 | bpb  1.65 | ppl     3.13 | lr 3.00e-04
2025-05-31 02:16:21,449 | INFO | Gradient norm: 0.0278
2025-05-31 02:16:21,457 | INFO | Train batch  9300/10986 | ms/batch 165.40 | loss 1.1383 | bpb  1.64 | ppl     3.12 | lr 3.00e-04
2025-05-31 02:16:37,730 | INFO | Gradient norm: 0.0299
2025-05-31 02:16:37,738 | INFO | Train batch  9400/10986 | ms/batch 165.37 | loss 1.1356 | bpb  1.64 | ppl     3.11 | lr 3.00e-04
2025-05-31 02:16:54,021 | INFO | Gradient norm: 0.0455
2025-05-31 02:16:54,029 | INFO | Train batch  9500/10986 | ms/batch 165.35 | loss 1.1329 | bpb  1.63 | ppl     3.10 | lr 3.00e-04
2025-05-31 02:17:10,314 | INFO | Gradient norm: 0.0457
2025-05-31 02:17:10,322 | INFO | Train batch  9600/10986 | ms/batch 165.32 | loss 1.1303 | bpb  1.63 | ppl     3.10 | lr 3.00e-04
2025-05-31 02:17:26,589 | INFO | Gradient norm: 0.0432
2025-05-31 02:17:26,597 | INFO | Train batch  9700/10986 | ms/batch 165.30 | loss 1.1277 | bpb  1.63 | ppl     3.09 | lr 3.00e-04
2025-05-31 02:17:42,868 | INFO | Gradient norm: 0.0299
2025-05-31 02:17:42,876 | INFO | Train batch  9800/10986 | ms/batch 165.27 | loss 1.1252 | bpb  1.62 | ppl     3.08 | lr 3.00e-04
2025-05-31 02:17:59,161 | INFO | Gradient norm: 0.0249
2025-05-31 02:17:59,169 | INFO | Train batch  9900/10986 | ms/batch 165.25 | loss 1.1228 | bpb  1.62 | ppl     3.07 | lr 3.00e-04
2025-05-31 02:18:15,454 | INFO | Gradient norm: 0.0306
2025-05-31 02:18:15,462 | INFO | Train batch 10000/10986 | ms/batch 165.22 | loss 1.1204 | bpb  1.62 | ppl     3.07 | lr 3.00e-04
2025-05-31 02:18:31,729 | INFO | Gradient norm: 0.0221
2025-05-31 02:18:31,737 | INFO | Train batch 10100/10986 | ms/batch 165.20 | loss 1.1180 | bpb  1.61 | ppl     3.06 | lr 3.00e-04
2025-05-31 02:18:48,003 | INFO | Gradient norm: 0.0148
2025-05-31 02:18:48,011 | INFO | Train batch 10200/10986 | ms/batch 165.18 | loss 1.1157 | bpb  1.61 | ppl     3.05 | lr 3.00e-04
2025-05-31 02:19:04,292 | INFO | Gradient norm: 0.0316
2025-05-31 02:19:04,300 | INFO | Train batch 10300/10986 | ms/batch 165.15 | loss 1.1134 | bpb  1.61 | ppl     3.04 | lr 3.00e-04
2025-05-31 02:19:20,585 | INFO | Gradient norm: 0.0215
2025-05-31 02:19:20,593 | INFO | Train batch 10400/10986 | ms/batch 165.13 | loss 1.1112 | bpb  1.60 | ppl     3.04 | lr 3.00e-04
2025-05-31 02:19:36,859 | INFO | Gradient norm: 0.0126
2025-05-31 02:19:36,867 | INFO | Train batch 10500/10986 | ms/batch 165.11 | loss 1.1090 | bpb  1.60 | ppl     3.03 | lr 3.00e-04
2025-05-31 02:19:53,134 | INFO | Gradient norm: 0.0179
2025-05-31 02:19:53,142 | INFO | Train batch 10600/10986 | ms/batch 165.09 | loss 1.1069 | bpb  1.60 | ppl     3.02 | lr 3.00e-04
2025-05-31 02:20:09,422 | INFO | Gradient norm: 0.0314
2025-05-31 02:20:09,430 | INFO | Train batch 10700/10986 | ms/batch 165.07 | loss 1.1048 | bpb  1.59 | ppl     3.02 | lr 3.00e-04
2025-05-31 02:20:25,707 | INFO | Gradient norm: 0.0246
2025-05-31 02:20:25,715 | INFO | Train batch 10800/10986 | ms/batch 165.05 | loss 1.1027 | bpb  1.59 | ppl     3.01 | lr 3.00e-04
2025-05-31 02:20:41,993 | INFO | Gradient norm: 0.0445
2025-05-31 02:20:42,001 | INFO | Train batch 10900/10986 | ms/batch 165.03 | loss 1.1007 | bpb  1.59 | ppl     3.01 | lr 3.00e-04
2025-05-31 02:22:06,103 | INFO | Epoch   0 | time: 1883.05s | train bpb  1.59 | valid bpb  1.28
2025-05-31 02:22:06,627 | INFO | Saved new best model with validation bpb:  1.28
2025-05-31 02:22:07,240 | INFO | Input shape: torch.Size([16, 511]), Target shape: torch.Size([16, 511])
2025-05-31 02:22:07,240 | INFO | Input range: [10, 226]
2025-05-31 02:22:07,240 | INFO | Target range: [10, 226]
2025-05-31 02:22:07,284 | INFO | Output shape: torch.Size([8176, 256]), Reshaped target shape: torch.Size([8176])
2025-05-31 02:22:07,286 | INFO | Output range: [-4.421875, 8.3828125]
2025-05-31 02:22:07,286 | INFO | Sample probabilities: max=0.9057583212852478, min=0.0002501827839296311
2025-05-31 02:22:07,287 | INFO | Raw loss value: 0.8818177580833435
2025-05-31 02:22:07,287 | INFO | Batch 0 loss stats - Mean: -0.1868, Std: 0.5723
2025-05-31 02:22:07,398 | INFO | Gradient norm: 0.0202
2025-05-31 02:22:07,406 | INFO | Train batch     0/10986 | ms/batch 166.75 | loss 0.8818 | bpb  1.27 | ppl     2.42 | lr 3.00e-04
2025-05-31 02:22:23,665 | INFO | Gradient norm: 0.0431
2025-05-31 02:22:23,673 | INFO | Train batch   100/10986 | ms/batch 162.71 | loss 0.8839 | bpb  1.28 | ppl     2.42 | lr 3.00e-04
2025-05-31 02:22:39,934 | INFO | Gradient norm: 0.0170
2025-05-31 02:22:39,942 | INFO | Train batch   200/10986 | ms/batch 162.70 | loss 0.8831 | bpb  1.27 | ppl     2.42 | lr 3.00e-04
2025-05-31 02:22:56,211 | INFO | Gradient norm: 0.0230
2025-05-31 02:22:56,219 | INFO | Train batch   300/10986 | ms/batch 162.72 | loss 0.8826 | bpb  1.27 | ppl     2.42 | lr 3.00e-04
2025-05-31 02:23:12,496 | INFO | Gradient norm: 0.0386
2025-05-31 02:23:12,504 | INFO | Train batch   400/10986 | ms/batch 162.75 | loss 0.8824 | bpb  1.27 | ppl     2.42 | lr 3.00e-04
2025-05-31 02:23:28,760 | INFO | Gradient norm: 0.0294
2025-05-31 02:23:28,768 | INFO | Train batch   500/10986 | ms/batch 162.73 | loss 0.8822 | bpb  1.27 | ppl     2.42 | lr 3.00e-04
2025-05-31 02:23:44,996 | INFO | Gradient norm: 0.0290
2025-05-31 02:23:45,004 | INFO | Train batch   600/10986 | ms/batch 162.67 | loss 0.8821 | bpb  1.27 | ppl     2.42 | lr 3.00e-04
2025-05-31 02:24:01,239 | INFO | Gradient norm: 0.0313
2025-05-31 02:24:01,247 | INFO | Train batch   700/10986 | ms/batch 162.64 | loss 0.8821 | bpb  1.27 | ppl     2.42 | lr 3.00e-04
2025-05-31 02:24:17,487 | INFO | Gradient norm: 0.0192
2025-05-31 02:24:17,495 | INFO | Train batch   800/10986 | ms/batch 162.62 | loss 0.8820 | bpb  1.27 | ppl     2.42 | lr 3.00e-04
2025-05-31 02:24:33,722 | INFO | Gradient norm: 0.0175
2025-05-31 02:24:33,730 | INFO | Train batch   900/10986 | ms/batch 162.59 | loss 0.8820 | bpb  1.27 | ppl     2.42 | lr 3.00e-04
2025-05-31 02:24:49,956 | INFO | Gradient norm: 0.0182
2025-05-31 02:24:49,964 | INFO | Train batch  1000/10986 | ms/batch 162.56 | loss 0.8819 | bpb  1.27 | ppl     2.42 | lr 3.00e-04
2025-05-31 02:25:06,190 | INFO | Gradient norm: 0.0288
2025-05-31 02:25:06,198 | INFO | Train batch  1100/10986 | ms/batch 162.54 | loss 0.8819 | bpb  1.27 | ppl     2.42 | lr 3.00e-04
2025-05-31 02:25:22,429 | INFO | Gradient norm: 0.0206
2025-05-31 02:25:22,437 | INFO | Train batch  1200/10986 | ms/batch 162.53 | loss 0.8819 | bpb  1.27 | ppl     2.42 | lr 3.00e-04
2025-05-31 02:25:38,690 | INFO | Gradient norm: 0.0177
2025-05-31 02:25:38,698 | INFO | Train batch  1300/10986 | ms/batch 162.54 | loss 0.8819 | bpb  1.27 | ppl     2.42 | lr 3.00e-04
2025-05-31 02:25:54,922 | INFO | Gradient norm: 0.0519
2025-05-31 02:25:54,930 | INFO | Train batch  1400/10986 | ms/batch 162.52 | loss 0.8818 | bpb  1.27 | ppl     2.42 | lr 3.00e-04
2025-05-31 02:26:11,157 | INFO | Gradient norm: 0.0198
2025-05-31 02:26:11,165 | INFO | Train batch  1500/10986 | ms/batch 162.51 | loss 0.8818 | bpb  1.27 | ppl     2.42 | lr 3.00e-04
2025-05-31 02:26:27,399 | INFO | Gradient norm: 0.0460
2025-05-31 02:26:27,407 | INFO | Train batch  1600/10986 | ms/batch 162.50 | loss 0.8818 | bpb  1.27 | ppl     2.42 | lr 3.00e-04
2025-05-31 02:26:43,649 | INFO | Gradient norm: 0.0415
2025-05-31 02:26:43,657 | INFO | Train batch  1700/10986 | ms/batch 162.50 | loss 0.8818 | bpb  1.27 | ppl     2.42 | lr 3.00e-04
2025-05-31 02:26:59,883 | INFO | Gradient norm: 0.0166
2025-05-31 02:26:59,891 | INFO | Train batch  1800/10986 | ms/batch 162.49 | loss 0.8818 | bpb  1.27 | ppl     2.42 | lr 3.00e-04
2025-05-31 02:27:16,118 | INFO | Gradient norm: 0.0252
2025-05-31 02:27:16,126 | INFO | Train batch  1900/10986 | ms/batch 162.49 | loss 0.8818 | bpb  1.27 | ppl     2.42 | lr 3.00e-04
2025-05-31 02:27:32,353 | INFO | Gradient norm: 0.0404
2025-05-31 02:27:32,361 | INFO | Train batch  2000/10986 | ms/batch 162.48 | loss 0.8818 | bpb  1.27 | ppl     2.42 | lr 3.00e-04
2025-05-31 02:27:48,606 | INFO | Gradient norm: 0.0199
2025-05-31 02:27:48,613 | INFO | Train batch  2100/10986 | ms/batch 162.48 | loss 0.8818 | bpb  1.27 | ppl     2.42 | lr 3.00e-04
2025-05-31 02:28:04,839 | INFO | Gradient norm: 0.0478
2025-05-31 02:28:04,847 | INFO | Train batch  2200/10986 | ms/batch 162.48 | loss 0.8818 | bpb  1.27 | ppl     2.42 | lr 3.00e-04
2025-05-31 02:28:21,072 | INFO | Gradient norm: 0.0239
2025-05-31 02:28:21,080 | INFO | Train batch  2300/10986 | ms/batch 162.47 | loss 0.8818 | bpb  1.27 | ppl     2.42 | lr 3.00e-04
2025-05-31 02:28:37,312 | INFO | Gradient norm: 0.0245
2025-05-31 02:28:37,320 | INFO | Train batch  2400/10986 | ms/batch 162.47 | loss 0.8818 | bpb  1.27 | ppl     2.42 | lr 3.00e-04
2025-05-31 02:28:53,593 | INFO | Gradient norm: 0.0225
2025-05-31 02:28:53,601 | INFO | Train batch  2500/10986 | ms/batch 162.48 | loss 0.8818 | bpb  1.27 | ppl     2.42 | lr 3.00e-04
2025-05-31 02:29:09,855 | INFO | Gradient norm: 0.0153
2025-05-31 02:29:09,863 | INFO | Train batch  2600/10986 | ms/batch 162.49 | loss 0.8817 | bpb  1.27 | ppl     2.42 | lr 3.00e-04
2025-05-31 02:29:26,118 | INFO | Gradient norm: 0.0187
2025-05-31 02:29:26,126 | INFO | Train batch  2700/10986 | ms/batch 162.49 | loss 0.8817 | bpb  1.27 | ppl     2.42 | lr 3.00e-04
2025-05-31 02:29:42,380 | INFO | Gradient norm: 0.0200
2025-05-31 02:29:42,388 | INFO | Train batch  2800/10986 | ms/batch 162.49 | loss 0.8817 | bpb  1.27 | ppl     2.42 | lr 3.00e-04
2025-05-31 02:29:58,659 | INFO | Gradient norm: 0.0188
2025-05-31 02:29:58,667 | INFO | Train batch  2900/10986 | ms/batch 162.51 | loss 0.8817 | bpb  1.27 | ppl     2.42 | lr 3.00e-04
2025-05-31 02:30:14,924 | INFO | Gradient norm: 0.0213
2025-05-31 02:30:14,932 | INFO | Train batch  3000/10986 | ms/batch 162.51 | loss 0.8817 | bpb  1.27 | ppl     2.42 | lr 3.00e-04
2025-05-31 02:30:31,186 | INFO | Gradient norm: 0.0229
2025-05-31 02:30:31,194 | INFO | Train batch  3100/10986 | ms/batch 162.51 | loss 0.8817 | bpb  1.27 | ppl     2.42 | lr 3.00e-04
2025-05-31 02:30:47,447 | INFO | Gradient norm: 0.0159
2025-05-31 02:30:47,455 | INFO | Train batch  3200/10986 | ms/batch 162.52 | loss 0.8817 | bpb  1.27 | ppl     2.41 | lr 3.00e-04
2025-05-31 02:31:03,713 | INFO | Gradient norm: 0.0106
2025-05-31 02:31:03,721 | INFO | Train batch  3300/10986 | ms/batch 162.52 | loss 0.8817 | bpb  1.27 | ppl     2.41 | lr 3.00e-04
2025-05-31 02:31:19,986 | INFO | Gradient norm: 0.0404
2025-05-31 02:31:19,994 | INFO | Train batch  3400/10986 | ms/batch 162.53 | loss 0.8817 | bpb  1.27 | ppl     2.41 | lr 3.00e-04
2025-05-31 02:31:36,247 | INFO | Gradient norm: 0.0142
2025-05-31 02:31:36,255 | INFO | Train batch  3500/10986 | ms/batch 162.53 | loss 0.8817 | bpb  1.27 | ppl     2.41 | lr 3.00e-04
2025-05-31 02:31:52,509 | INFO | Gradient norm: 0.0494
2025-05-31 02:31:52,517 | INFO | Train batch  3600/10986 | ms/batch 162.53 | loss 0.8817 | bpb  1.27 | ppl     2.41 | lr 3.00e-04
2025-05-31 02:32:08,771 | INFO | Gradient norm: 0.0289
2025-05-31 02:32:08,779 | INFO | Train batch  3700/10986 | ms/batch 162.53 | loss 0.8817 | bpb  1.27 | ppl     2.41 | lr 3.00e-04
2025-05-31 02:32:25,050 | INFO | Gradient norm: 0.0239
2025-05-31 02:32:25,057 | INFO | Train batch  3800/10986 | ms/batch 162.54 | loss 0.8817 | bpb  1.27 | ppl     2.41 | lr 3.00e-04
2025-05-31 02:32:41,311 | INFO | Gradient norm: 0.0133
2025-05-31 02:32:41,319 | INFO | Train batch  3900/10986 | ms/batch 162.54 | loss 0.8817 | bpb  1.27 | ppl     2.41 | lr 3.00e-04
2025-05-31 02:32:57,574 | INFO | Gradient norm: 0.0184
2025-05-31 02:32:57,582 | INFO | Train batch  4000/10986 | ms/batch 162.54 | loss 0.8817 | bpb  1.27 | ppl     2.41 | lr 3.00e-04
2025-05-31 02:33:13,835 | INFO | Gradient norm: 0.0269
2025-05-31 02:33:13,843 | INFO | Train batch  4100/10986 | ms/batch 162.55 | loss 0.8816 | bpb  1.27 | ppl     2.41 | lr 3.00e-04
2025-05-31 02:33:30,113 | INFO | Gradient norm: 0.0190
2025-05-31 02:33:30,121 | INFO | Train batch  4200/10986 | ms/batch 162.55 | loss 0.8816 | bpb  1.27 | ppl     2.41 | lr 3.00e-04
2025-05-31 02:33:46,374 | INFO | Gradient norm: 0.0173
2025-05-31 02:33:46,382 | INFO | Train batch  4300/10986 | ms/batch 162.55 | loss 0.8816 | bpb  1.27 | ppl     2.41 | lr 3.00e-04
2025-05-31 02:34:02,637 | INFO | Gradient norm: 0.0387
2025-05-31 02:34:02,645 | INFO | Train batch  4400/10986 | ms/batch 162.56 | loss 0.8817 | bpb  1.27 | ppl     2.41 | lr 3.00e-04
2025-05-31 02:34:18,900 | INFO | Gradient norm: 0.0177
2025-05-31 02:34:18,907 | INFO | Train batch  4500/10986 | ms/batch 162.56 | loss 0.8817 | bpb  1.27 | ppl     2.41 | lr 3.00e-04
2025-05-31 02:34:35,179 | INFO | Gradient norm: 0.0124
2025-05-31 02:34:35,187 | INFO | Train batch  4600/10986 | ms/batch 162.56 | loss 0.8816 | bpb  1.27 | ppl     2.41 | lr 3.00e-04
2025-05-31 02:34:51,441 | INFO | Gradient norm: 0.0186
2025-05-31 02:34:51,449 | INFO | Train batch  4700/10986 | ms/batch 162.56 | loss 0.8816 | bpb  1.27 | ppl     2.41 | lr 3.00e-04
2025-05-31 02:35:07,704 | INFO | Gradient norm: 0.0126
2025-05-31 02:35:07,712 | INFO | Train batch  4800/10986 | ms/batch 162.56 | loss 0.8816 | bpb  1.27 | ppl     2.41 | lr 3.00e-04
2025-05-31 02:35:23,965 | INFO | Gradient norm: 0.0356
2025-05-31 02:35:23,973 | INFO | Train batch  4900/10986 | ms/batch 162.57 | loss 0.8816 | bpb  1.27 | ppl     2.41 | lr 3.00e-04
2025-05-31 02:35:40,246 | INFO | Gradient norm: 0.0262
2025-05-31 02:35:40,254 | INFO | Train batch  5000/10986 | ms/batch 162.57 | loss 0.8816 | bpb  1.27 | ppl     2.41 | lr 3.00e-04
2025-05-31 02:35:56,508 | INFO | Gradient norm: 0.0256
2025-05-31 02:35:56,516 | INFO | Train batch  5100/10986 | ms/batch 162.57 | loss 0.8816 | bpb  1.27 | ppl     2.41 | lr 3.00e-04
2025-05-31 02:36:12,770 | INFO | Gradient norm: 0.0110
2025-05-31 02:36:12,778 | INFO | Train batch  5200/10986 | ms/batch 162.57 | loss 0.8816 | bpb  1.27 | ppl     2.41 | lr 3.00e-04
2025-05-31 02:36:29,031 | INFO | Gradient norm: 0.0699
2025-05-31 02:36:29,039 | INFO | Train batch  5300/10986 | ms/batch 162.57 | loss 0.8816 | bpb  1.27 | ppl     2.41 | lr 3.00e-04
2025-05-31 02:36:45,309 | INFO | Gradient norm: 0.0116
2025-05-31 02:36:45,317 | INFO | Train batch  5400/10986 | ms/batch 162.58 | loss 0.8816 | bpb  1.27 | ppl     2.41 | lr 3.00e-04
2025-05-31 02:37:01,572 | INFO | Gradient norm: 0.0139
2025-05-31 02:37:01,580 | INFO | Train batch  5500/10986 | ms/batch 162.58 | loss 0.8816 | bpb  1.27 | ppl     2.41 | lr 2.99e-04
2025-05-31 02:37:17,833 | INFO | Gradient norm: 0.0101
2025-05-31 02:37:17,841 | INFO | Train batch  5600/10986 | ms/batch 162.58 | loss 0.8816 | bpb  1.27 | ppl     2.41 | lr 2.99e-04
2025-05-31 02:37:34,094 | INFO | Gradient norm: 0.0208
2025-05-31 02:37:34,102 | INFO | Train batch  5700/10986 | ms/batch 162.58 | loss 0.8816 | bpb  1.27 | ppl     2.41 | lr 2.99e-04
2025-05-31 02:37:50,358 | INFO | Gradient norm: 0.0092
2025-05-31 02:37:50,366 | INFO | Train batch  5800/10986 | ms/batch 162.58 | loss 0.8816 | bpb  1.27 | ppl     2.41 | lr 2.99e-04
2025-05-31 02:38:06,635 | INFO | Gradient norm: 0.0229
2025-05-31 02:38:06,643 | INFO | Train batch  5900/10986 | ms/batch 162.58 | loss 0.8816 | bpb  1.27 | ppl     2.41 | lr 2.99e-04
2025-05-31 02:38:22,896 | INFO | Gradient norm: 0.0184
2025-05-31 02:38:22,904 | INFO | Train batch  6000/10986 | ms/batch 162.58 | loss 0.8816 | bpb  1.27 | ppl     2.41 | lr 2.99e-04
2025-05-31 02:38:39,157 | INFO | Gradient norm: 0.0180
2025-05-31 02:38:39,165 | INFO | Train batch  6100/10986 | ms/batch 162.58 | loss 0.8815 | bpb  1.27 | ppl     2.41 | lr 2.99e-04
2025-05-31 02:38:55,419 | INFO | Gradient norm: 0.0284
2025-05-31 02:38:55,427 | INFO | Train batch  6200/10986 | ms/batch 162.58 | loss 0.8815 | bpb  1.27 | ppl     2.41 | lr 2.99e-04
2025-05-31 02:39:11,698 | INFO | Gradient norm: 0.0499
2025-05-31 02:39:11,705 | INFO | Train batch  6300/10986 | ms/batch 162.59 | loss 0.8815 | bpb  1.27 | ppl     2.41 | lr 2.99e-04
2025-05-31 02:39:27,958 | INFO | Gradient norm: 0.0188
2025-05-31 02:39:27,966 | INFO | Train batch  6400/10986 | ms/batch 162.59 | loss 0.8815 | bpb  1.27 | ppl     2.41 | lr 2.99e-04
2025-05-31 02:39:44,220 | INFO | Gradient norm: 0.0116
2025-05-31 02:39:44,228 | INFO | Train batch  6500/10986 | ms/batch 162.59 | loss 0.8815 | bpb  1.27 | ppl     2.41 | lr 2.99e-04
2025-05-31 02:40:00,482 | INFO | Gradient norm: 0.0290
2025-05-31 02:40:00,490 | INFO | Train batch  6600/10986 | ms/batch 162.59 | loss 0.8815 | bpb  1.27 | ppl     2.41 | lr 2.99e-04
2025-05-31 02:40:16,763 | INFO | Gradient norm: 0.0266
2025-05-31 02:40:16,771 | INFO | Train batch  6700/10986 | ms/batch 162.59 | loss 0.8815 | bpb  1.27 | ppl     2.41 | lr 2.99e-04
2025-05-31 02:40:33,023 | INFO | Gradient norm: 0.0363
2025-05-31 02:40:33,031 | INFO | Train batch  6800/10986 | ms/batch 162.59 | loss 0.8815 | bpb  1.27 | ppl     2.41 | lr 2.99e-04
2025-05-31 02:40:49,285 | INFO | Gradient norm: 0.0220
2025-05-31 02:40:49,293 | INFO | Train batch  6900/10986 | ms/batch 162.59 | loss 0.8815 | bpb  1.27 | ppl     2.41 | lr 2.99e-04
2025-05-31 02:41:05,548 | INFO | Gradient norm: 0.0234
2025-05-31 02:41:05,556 | INFO | Train batch  7000/10986 | ms/batch 162.59 | loss 0.8815 | bpb  1.27 | ppl     2.41 | lr 2.99e-04
2025-05-31 02:41:21,826 | INFO | Gradient norm: 0.0198
2025-05-31 02:41:21,834 | INFO | Train batch  7100/10986 | ms/batch 162.60 | loss 0.8815 | bpb  1.27 | ppl     2.41 | lr 2.99e-04
2025-05-31 02:41:38,087 | INFO | Gradient norm: 0.0229
2025-05-31 02:41:38,095 | INFO | Train batch  7200/10986 | ms/batch 162.60 | loss 0.8815 | bpb  1.27 | ppl     2.41 | lr 2.99e-04
2025-05-31 02:41:54,348 | INFO | Gradient norm: 0.0369
2025-05-31 02:41:54,356 | INFO | Train batch  7300/10986 | ms/batch 162.60 | loss 0.8815 | bpb  1.27 | ppl     2.41 | lr 2.99e-04
2025-05-31 02:42:10,611 | INFO | Gradient norm: 0.0103
2025-05-31 02:42:10,619 | INFO | Train batch  7400/10986 | ms/batch 162.60 | loss 0.8815 | bpb  1.27 | ppl     2.41 | lr 2.99e-04
2025-05-31 02:42:26,889 | INFO | Gradient norm: 0.0200
2025-05-31 02:42:26,897 | INFO | Train batch  7500/10986 | ms/batch 162.60 | loss 0.8815 | bpb  1.27 | ppl     2.41 | lr 2.99e-04
2025-05-31 02:42:43,150 | INFO | Gradient norm: 0.0180
2025-05-31 02:42:43,157 | INFO | Train batch  7600/10986 | ms/batch 162.60 | loss 0.8815 | bpb  1.27 | ppl     2.41 | lr 2.99e-04
2025-05-31 02:42:59,410 | INFO | Gradient norm: 0.0164
2025-05-31 02:42:59,418 | INFO | Train batch  7700/10986 | ms/batch 162.60 | loss 0.8815 | bpb  1.27 | ppl     2.41 | lr 2.99e-04
2025-05-31 02:43:15,671 | INFO | Gradient norm: 0.0251
2025-05-31 02:43:15,679 | INFO | Train batch  7800/10986 | ms/batch 162.60 | loss 0.8815 | bpb  1.27 | ppl     2.41 | lr 2.99e-04
2025-05-31 02:43:31,949 | INFO | Gradient norm: 0.0114
2025-05-31 02:43:31,957 | INFO | Train batch  7900/10986 | ms/batch 162.60 | loss 0.8815 | bpb  1.27 | ppl     2.41 | lr 2.99e-04
2025-05-31 02:43:48,210 | INFO | Gradient norm: 0.0101
2025-05-31 02:43:48,218 | INFO | Train batch  8000/10986 | ms/batch 162.60 | loss 0.8815 | bpb  1.27 | ppl     2.41 | lr 2.99e-04
2025-05-31 02:44:04,472 | INFO | Gradient norm: 0.0120
2025-05-31 02:44:04,480 | INFO | Train batch  8100/10986 | ms/batch 162.60 | loss 0.8815 | bpb  1.27 | ppl     2.41 | lr 2.99e-04
2025-05-31 02:44:20,734 | INFO | Gradient norm: 0.0200
2025-05-31 02:44:20,742 | INFO | Train batch  8200/10986 | ms/batch 162.60 | loss 0.8815 | bpb  1.27 | ppl     2.41 | lr 2.99e-04
2025-05-31 02:44:36,996 | INFO | Gradient norm: 0.0231
2025-05-31 02:44:37,004 | INFO | Train batch  8300/10986 | ms/batch 162.60 | loss 0.8815 | bpb  1.27 | ppl     2.41 | lr 2.99e-04
2025-05-31 02:44:53,276 | INFO | Gradient norm: 0.0188
2025-05-31 02:44:53,284 | INFO | Train batch  8400/10986 | ms/batch 162.61 | loss 0.8815 | bpb  1.27 | ppl     2.41 | lr 2.99e-04
2025-05-31 02:45:09,538 | INFO | Gradient norm: 0.0113
2025-05-31 02:45:09,546 | INFO | Train batch  8500/10986 | ms/batch 162.61 | loss 0.8815 | bpb  1.27 | ppl     2.41 | lr 2.99e-04
2025-05-31 02:45:25,800 | INFO | Gradient norm: 0.0245
2025-05-31 02:45:25,808 | INFO | Train batch  8600/10986 | ms/batch 162.61 | loss 0.8815 | bpb  1.27 | ppl     2.41 | lr 2.99e-04
2025-05-31 02:45:42,061 | INFO | Gradient norm: 0.0163
2025-05-31 02:45:42,069 | INFO | Train batch  8700/10986 | ms/batch 162.61 | loss 0.8814 | bpb  1.27 | ppl     2.41 | lr 2.99e-04
2025-05-31 02:45:58,342 | INFO | Gradient norm: 0.0217
2025-05-31 02:45:58,350 | INFO | Train batch  8800/10986 | ms/batch 162.61 | loss 0.8814 | bpb  1.27 | ppl     2.41 | lr 2.99e-04
2025-05-31 02:46:14,605 | INFO | Gradient norm: 0.0458
2025-05-31 02:46:14,613 | INFO | Train batch  8900/10986 | ms/batch 162.61 | loss 0.8814 | bpb  1.27 | ppl     2.41 | lr 2.99e-04
2025-05-31 02:46:30,866 | INFO | Gradient norm: 0.0443
2025-05-31 02:46:30,874 | INFO | Train batch  9000/10986 | ms/batch 162.61 | loss 0.8814 | bpb  1.27 | ppl     2.41 | lr 2.99e-04
2025-05-31 02:46:47,128 | INFO | Gradient norm: 0.0225
2025-05-31 02:46:47,136 | INFO | Train batch  9100/10986 | ms/batch 162.61 | loss 0.8814 | bpb  1.27 | ppl     2.41 | lr 2.99e-04
2025-05-31 02:47:03,407 | INFO | Gradient norm: 0.0153
2025-05-31 02:47:03,415 | INFO | Train batch  9200/10986 | ms/batch 162.61 | loss 0.8814 | bpb  1.27 | ppl     2.41 | lr 2.99e-04
2025-05-31 02:47:19,668 | INFO | Gradient norm: 0.0138
2025-05-31 02:47:19,676 | INFO | Train batch  9300/10986 | ms/batch 162.61 | loss 0.8814 | bpb  1.27 | ppl     2.41 | lr 2.99e-04
2025-05-31 02:47:35,930 | INFO | Gradient norm: 0.0097
2025-05-31 02:47:35,938 | INFO | Train batch  9400/10986 | ms/batch 162.61 | loss 0.8814 | bpb  1.27 | ppl     2.41 | lr 2.99e-04
2025-05-31 02:47:52,191 | INFO | Gradient norm: 0.0098
2025-05-31 02:47:52,199 | INFO | Train batch  9500/10986 | ms/batch 162.61 | loss 0.8814 | bpb  1.27 | ppl     2.41 | lr 2.99e-04
2025-05-31 02:48:08,470 | INFO | Gradient norm: 0.0091
2025-05-31 02:48:08,478 | INFO | Train batch  9600/10986 | ms/batch 162.61 | loss 0.8814 | bpb  1.27 | ppl     2.41 | lr 2.99e-04
2025-05-31 02:48:24,730 | INFO | Gradient norm: 0.0379
2025-05-31 02:48:24,738 | INFO | Train batch  9700/10986 | ms/batch 162.61 | loss 0.8814 | bpb  1.27 | ppl     2.41 | lr 2.99e-04
2025-05-31 02:48:40,992 | INFO | Gradient norm: 0.0126
2025-05-31 02:48:41,000 | INFO | Train batch  9800/10986 | ms/batch 162.61 | loss 0.8814 | bpb  1.27 | ppl     2.41 | lr 2.99e-04
2025-05-31 02:48:57,255 | INFO | Gradient norm: 0.0176
2025-05-31 02:48:57,263 | INFO | Train batch  9900/10986 | ms/batch 162.61 | loss 0.8814 | bpb  1.27 | ppl     2.41 | lr 2.99e-04
2025-05-31 02:49:13,533 | INFO | Gradient norm: 0.0226
2025-05-31 02:49:13,541 | INFO | Train batch 10000/10986 | ms/batch 162.61 | loss 0.8814 | bpb  1.27 | ppl     2.41 | lr 2.99e-04
2025-05-31 02:49:29,796 | INFO | Gradient norm: 0.0344
2025-05-31 02:49:29,804 | INFO | Train batch 10100/10986 | ms/batch 162.61 | loss 0.8814 | bpb  1.27 | ppl     2.41 | lr 2.99e-04
2025-05-31 02:49:46,060 | INFO | Gradient norm: 0.0132
2025-05-31 02:49:46,068 | INFO | Train batch 10200/10986 | ms/batch 162.61 | loss 0.8814 | bpb  1.27 | ppl     2.41 | lr 2.99e-04
2025-05-31 02:50:02,325 | INFO | Gradient norm: 0.0153
2025-05-31 02:50:02,333 | INFO | Train batch 10300/10986 | ms/batch 162.61 | loss 0.8814 | bpb  1.27 | ppl     2.41 | lr 2.99e-04
2025-05-31 02:50:18,592 | INFO | Gradient norm: 0.0238
2025-05-31 02:50:18,600 | INFO | Train batch 10400/10986 | ms/batch 162.62 | loss 0.8814 | bpb  1.27 | ppl     2.41 | lr 2.99e-04
2025-05-31 02:50:34,864 | INFO | Gradient norm: 0.0469
2025-05-31 02:50:34,872 | INFO | Train batch 10500/10986 | ms/batch 162.62 | loss 0.8813 | bpb  1.27 | ppl     2.41 | lr 2.99e-04
2025-05-31 02:50:51,127 | INFO | Gradient norm: 0.0108
2025-05-31 02:50:51,135 | INFO | Train batch 10600/10986 | ms/batch 162.62 | loss 0.8813 | bpb  1.27 | ppl     2.41 | lr 2.99e-04
2025-05-31 02:51:07,389 | INFO | Gradient norm: 0.0328
2025-05-31 02:51:07,397 | INFO | Train batch 10700/10986 | ms/batch 162.62 | loss 0.8813 | bpb  1.27 | ppl     2.41 | lr 2.99e-04
2025-05-31 02:51:23,652 | INFO | Gradient norm: 0.0115
2025-05-31 02:51:23,660 | INFO | Train batch 10800/10986 | ms/batch 162.62 | loss 0.8813 | bpb  1.27 | ppl     2.41 | lr 2.99e-04
2025-05-31 02:51:39,932 | INFO | Gradient norm: 0.0368
2025-05-31 02:51:39,940 | INFO | Train batch 10900/10986 | ms/batch 162.62 | loss 0.8813 | bpb  1.27 | ppl     2.41 | lr 2.99e-04
2025-05-31 02:53:03,982 | INFO | Epoch   1 | time: 1856.74s | train bpb  1.27 | valid bpb  1.28
2025-05-31 02:53:03,984 | INFO | Validation bpb did not improve by 0.0100. Patience: 1/3
2025-05-31 02:53:04,582 | INFO | Input shape: torch.Size([16, 511]), Target shape: torch.Size([16, 511])
2025-05-31 02:53:04,582 | INFO | Input range: [10, 226]
2025-05-31 02:53:04,582 | INFO | Target range: [10, 226]
2025-05-31 02:53:04,627 | INFO | Output shape: torch.Size([8176, 256]), Reshaped target shape: torch.Size([8176])
2025-05-31 02:53:04,629 | INFO | Output range: [-6.8671875, 9.4609375]
2025-05-31 02:53:04,629 | INFO | Sample probabilities: max=0.9086449146270752, min=0.0002605520421639085
2025-05-31 02:53:04,629 | INFO | Raw loss value: 0.8803989291191101
2025-05-31 02:53:04,630 | INFO | Batch 0 loss stats - Mean: -0.2646, Std: 0.7163
2025-05-31 02:53:04,741 | INFO | Gradient norm: 0.0104
2025-05-31 02:53:04,749 | INFO | Train batch     0/10986 | ms/batch 167.13 | loss 0.8804 | bpb  1.27 | ppl     2.41 | lr 2.99e-04
2025-05-31 02:53:21,010 | INFO | Gradient norm: 0.0231
2025-05-31 02:53:21,018 | INFO | Train batch   100/10986 | ms/batch 162.73 | loss 0.8823 | bpb  1.27 | ppl     2.42 | lr 2.99e-04
2025-05-31 02:53:37,281 | INFO | Gradient norm: 0.0105
2025-05-31 02:53:37,289 | INFO | Train batch   200/10986 | ms/batch 162.73 | loss 0.8819 | bpb  1.27 | ppl     2.42 | lr 2.99e-04
2025-05-31 02:53:53,551 | INFO | Gradient norm: 0.0250
2025-05-31 02:53:53,559 | INFO | Train batch   300/10986 | ms/batch 162.72 | loss 0.8815 | bpb  1.27 | ppl     2.41 | lr 2.99e-04
2025-05-31 02:54:09,837 | INFO | Gradient norm: 0.0107
2025-05-31 02:54:09,845 | INFO | Train batch   400/10986 | ms/batch 162.75 | loss 0.8813 | bpb  1.27 | ppl     2.41 | lr 2.99e-04
2025-05-31 02:54:26,089 | INFO | Gradient norm: 0.0098
2025-05-31 02:54:26,097 | INFO | Train batch   500/10986 | ms/batch 162.70 | loss 0.8812 | bpb  1.27 | ppl     2.41 | lr 2.99e-04
2025-05-31 02:54:42,326 | INFO | Gradient norm: 0.0204
2025-05-31 02:54:42,334 | INFO | Train batch   600/10986 | ms/batch 162.65 | loss 0.8811 | bpb  1.27 | ppl     2.41 | lr 2.99e-04
2025-05-31 02:54:58,564 | INFO | Gradient norm: 0.0112
2025-05-31 02:54:58,572 | INFO | Train batch   700/10986 | ms/batch 162.61 | loss 0.8811 | bpb  1.27 | ppl     2.41 | lr 2.99e-04
2025-05-31 02:55:14,818 | INFO | Gradient norm: 0.0227
2025-05-31 02:55:14,826 | INFO | Train batch   800/10986 | ms/batch 162.60 | loss 0.8810 | bpb  1.27 | ppl     2.41 | lr 2.99e-04
2025-05-31 02:55:31,056 | INFO | Gradient norm: 0.0130
2025-05-31 02:55:31,064 | INFO | Train batch   900/10986 | ms/batch 162.58 | loss 0.8810 | bpb  1.27 | ppl     2.41 | lr 2.99e-04
2025-05-31 02:55:47,293 | INFO | Gradient norm: 0.0095
2025-05-31 02:55:47,301 | INFO | Train batch  1000/10986 | ms/batch 162.56 | loss 0.8810 | bpb  1.27 | ppl     2.41 | lr 2.99e-04
2025-05-31 02:56:03,532 | INFO | Gradient norm: 0.0101
2025-05-31 02:56:03,540 | INFO | Train batch  1100/10986 | ms/batch 162.54 | loss 0.8810 | bpb  1.27 | ppl     2.41 | lr 2.99e-04
2025-05-31 02:56:19,772 | INFO | Gradient norm: 0.0260
2025-05-31 02:56:19,780 | INFO | Train batch  1200/10986 | ms/batch 162.53 | loss 0.8810 | bpb  1.27 | ppl     2.41 | lr 2.99e-04
2025-05-31 02:56:36,024 | INFO | Gradient norm: 0.0113
2025-05-31 02:56:36,032 | INFO | Train batch  1300/10986 | ms/batch 162.53 | loss 0.8809 | bpb  1.27 | ppl     2.41 | lr 2.99e-04
2025-05-31 02:56:52,261 | INFO | Gradient norm: 0.0135
2025-05-31 02:56:52,269 | INFO | Train batch  1400/10986 | ms/batch 162.52 | loss 0.8809 | bpb  1.27 | ppl     2.41 | lr 2.99e-04
2025-05-31 02:57:08,499 | INFO | Gradient norm: 0.0097
2025-05-31 02:57:08,507 | INFO | Train batch  1500/10986 | ms/batch 162.51 | loss 0.8809 | bpb  1.27 | ppl     2.41 | lr 2.99e-04
2025-05-31 02:57:24,737 | INFO | Gradient norm: 0.0173
2025-05-31 02:57:24,745 | INFO | Train batch  1600/10986 | ms/batch 162.50 | loss 0.8809 | bpb  1.27 | ppl     2.41 | lr 2.99e-04
2025-05-31 02:57:40,992 | INFO | Gradient norm: 0.0130
2025-05-31 02:57:41,000 | INFO | Train batch  1700/10986 | ms/batch 162.50 | loss 0.8809 | bpb  1.27 | ppl     2.41 | lr 2.99e-04
2025-05-31 02:57:57,230 | INFO | Gradient norm: 0.0318
2025-05-31 02:57:57,238 | INFO | Train batch  1800/10986 | ms/batch 162.50 | loss 0.8809 | bpb  1.27 | ppl     2.41 | lr 2.99e-04
2025-05-31 02:58:13,469 | INFO | Gradient norm: 0.0098
2025-05-31 02:58:13,477 | INFO | Train batch  1900/10986 | ms/batch 162.49 | loss 0.8809 | bpb  1.27 | ppl     2.41 | lr 2.99e-04
2025-05-31 02:58:29,707 | INFO | Gradient norm: 0.0195
2025-05-31 02:58:29,715 | INFO | Train batch  2000/10986 | ms/batch 162.49 | loss 0.8809 | bpb  1.27 | ppl     2.41 | lr 2.99e-04
2025-05-31 02:58:45,963 | INFO | Gradient norm: 0.0093
2025-05-31 02:58:45,971 | INFO | Train batch  2100/10986 | ms/batch 162.49 | loss 0.8809 | bpb  1.27 | ppl     2.41 | lr 2.99e-04
2025-05-31 02:59:02,202 | INFO | Gradient norm: 0.0157
2025-05-31 02:59:02,210 | INFO | Train batch  2200/10986 | ms/batch 162.48 | loss 0.8809 | bpb  1.27 | ppl     2.41 | lr 2.99e-04
2025-05-31 02:59:18,441 | INFO | Gradient norm: 0.0162
2025-05-31 02:59:18,449 | INFO | Train batch  2300/10986 | ms/batch 162.48 | loss 0.8809 | bpb  1.27 | ppl     2.41 | lr 2.99e-04
2025-05-31 02:59:34,680 | INFO | Gradient norm: 0.0424
2025-05-31 02:59:34,688 | INFO | Train batch  2400/10986 | ms/batch 162.48 | loss 0.8809 | bpb  1.27 | ppl     2.41 | lr 2.99e-04
2025-05-31 02:59:50,937 | INFO | Gradient norm: 0.0290
2025-05-31 02:59:50,945 | INFO | Train batch  2500/10986 | ms/batch 162.48 | loss 0.8809 | bpb  1.27 | ppl     2.41 | lr 2.99e-04
2025-05-31 03:00:07,208 | INFO | Gradient norm: 0.0179
2025-05-31 03:00:07,216 | INFO | Train batch  2600/10986 | ms/batch 162.49 | loss 0.8809 | bpb  1.27 | ppl     2.41 | lr 2.99e-04
2025-05-31 03:00:23,475 | INFO | Gradient norm: 0.0110
2025-05-31 03:00:23,483 | INFO | Train batch  2700/10986 | ms/batch 162.50 | loss 0.8809 | bpb  1.27 | ppl     2.41 | lr 2.99e-04
2025-05-31 03:00:39,744 | INFO | Gradient norm: 0.0166
2025-05-31 03:00:39,752 | INFO | Train batch  2800/10986 | ms/batch 162.50 | loss 0.8809 | bpb  1.27 | ppl     2.41 | lr 2.99e-04
2025-05-31 03:00:56,028 | INFO | Gradient norm: 0.0122
2025-05-31 03:00:56,036 | INFO | Train batch  2900/10986 | ms/batch 162.51 | loss 0.8809 | bpb  1.27 | ppl     2.41 | lr 2.99e-04
2025-05-31 03:01:12,297 | INFO | Gradient norm: 0.0102
2025-05-31 03:01:12,304 | INFO | Train batch  3000/10986 | ms/batch 162.52 | loss 0.8809 | bpb  1.27 | ppl     2.41 | lr 2.99e-04
2025-05-31 03:01:28,565 | INFO | Gradient norm: 0.0192
2025-05-31 03:01:28,573 | INFO | Train batch  3100/10986 | ms/batch 162.53 | loss 0.8809 | bpb  1.27 | ppl     2.41 | lr 2.99e-04
2025-05-31 03:01:44,833 | INFO | Gradient norm: 0.0085
2025-05-31 03:01:44,841 | INFO | Train batch  3200/10986 | ms/batch 162.53 | loss 0.8809 | bpb  1.27 | ppl     2.41 | lr 2.99e-04
2025-05-31 03:02:01,117 | INFO | Gradient norm: 0.0143
2025-05-31 03:02:01,125 | INFO | Train batch  3300/10986 | ms/batch 162.54 | loss 0.8809 | bpb  1.27 | ppl     2.41 | lr 2.99e-04
2025-05-31 03:02:17,385 | INFO | Gradient norm: 0.0223
2025-05-31 03:02:17,393 | INFO | Train batch  3400/10986 | ms/batch 162.54 | loss 0.8809 | bpb  1.27 | ppl     2.41 | lr 2.99e-04
2025-05-31 03:02:33,652 | INFO | Gradient norm: 0.0282
2025-05-31 03:02:33,660 | INFO | Train batch  3500/10986 | ms/batch 162.55 | loss 0.8809 | bpb  1.27 | ppl     2.41 | lr 2.99e-04
2025-05-31 03:02:49,920 | INFO | Gradient norm: 0.0110
2025-05-31 03:02:49,928 | INFO | Train batch  3600/10986 | ms/batch 162.55 | loss 0.8809 | bpb  1.27 | ppl     2.41 | lr 2.99e-04
2025-05-31 03:03:06,187 | INFO | Gradient norm: 0.0195
2025-05-31 03:03:06,195 | INFO | Train batch  3700/10986 | ms/batch 162.55 | loss 0.8809 | bpb  1.27 | ppl     2.41 | lr 2.99e-04
2025-05-31 03:03:22,472 | INFO | Gradient norm: 0.0158
2025-05-31 03:03:22,479 | INFO | Train batch  3800/10986 | ms/batch 162.56 | loss 0.8809 | bpb  1.27 | ppl     2.41 | lr 2.99e-04
2025-05-31 03:03:38,738 | INFO | Gradient norm: 0.0118
2025-05-31 03:03:38,746 | INFO | Train batch  3900/10986 | ms/batch 162.56 | loss 0.8809 | bpb  1.27 | ppl     2.41 | lr 2.99e-04
2025-05-31 03:03:55,006 | INFO | Gradient norm: 0.0195
2025-05-31 03:03:55,014 | INFO | Train batch  4000/10986 | ms/batch 162.57 | loss 0.8809 | bpb  1.27 | ppl     2.41 | lr 2.99e-04
2025-05-31 03:04:11,273 | INFO | Gradient norm: 0.0105
2025-05-31 03:04:11,281 | INFO | Train batch  4100/10986 | ms/batch 162.57 | loss 0.8809 | bpb  1.27 | ppl     2.41 | lr 2.99e-04
2025-05-31 03:04:27,559 | INFO | Gradient norm: 0.0229
2025-05-31 03:04:27,567 | INFO | Train batch  4200/10986 | ms/batch 162.58 | loss 0.8809 | bpb  1.27 | ppl     2.41 | lr 2.99e-04
2025-05-31 03:04:43,826 | INFO | Gradient norm: 0.0182
2025-05-31 03:04:43,834 | INFO | Train batch  4300/10986 | ms/batch 162.58 | loss 0.8809 | bpb  1.27 | ppl     2.41 | lr 2.99e-04
2025-05-31 03:05:00,094 | INFO | Gradient norm: 0.0096
2025-05-31 03:05:00,102 | INFO | Train batch  4400/10986 | ms/batch 162.58 | loss 0.8809 | bpb  1.27 | ppl     2.41 | lr 2.99e-04
2025-05-31 03:05:16,362 | INFO | Gradient norm: 0.0366
2025-05-31 03:05:16,370 | INFO | Train batch  4500/10986 | ms/batch 162.58 | loss 0.8809 | bpb  1.27 | ppl     2.41 | lr 2.99e-04
2025-05-31 03:05:32,645 | INFO | Gradient norm: 0.0285
2025-05-31 03:05:32,653 | INFO | Train batch  4600/10986 | ms/batch 162.59 | loss 0.8809 | bpb  1.27 | ppl     2.41 | lr 2.99e-04
2025-05-31 03:05:48,913 | INFO | Gradient norm: 0.0121
2025-05-31 03:05:48,921 | INFO | Train batch  4700/10986 | ms/batch 162.59 | loss 0.8809 | bpb  1.27 | ppl     2.41 | lr 2.99e-04
2025-05-31 03:06:05,185 | INFO | Gradient norm: 0.0108
2025-05-31 03:06:05,193 | INFO | Train batch  4800/10986 | ms/batch 162.59 | loss 0.8809 | bpb  1.27 | ppl     2.41 | lr 2.99e-04
2025-05-31 03:06:21,454 | INFO | Gradient norm: 0.0104
2025-05-31 03:06:21,462 | INFO | Train batch  4900/10986 | ms/batch 162.60 | loss 0.8809 | bpb  1.27 | ppl     2.41 | lr 2.99e-04
2025-05-31 03:06:37,740 | INFO | Gradient norm: 0.0137
2025-05-31 03:06:37,748 | INFO | Train batch  5000/10986 | ms/batch 162.60 | loss 0.8809 | bpb  1.27 | ppl     2.41 | lr 2.99e-04
2025-05-31 03:06:54,008 | INFO | Gradient norm: 0.0127
2025-05-31 03:06:54,016 | INFO | Train batch  5100/10986 | ms/batch 162.60 | loss 0.8809 | bpb  1.27 | ppl     2.41 | lr 2.99e-04
2025-05-31 03:07:10,276 | INFO | Gradient norm: 0.0101
2025-05-31 03:07:10,284 | INFO | Train batch  5200/10986 | ms/batch 162.60 | loss 0.8809 | bpb  1.27 | ppl     2.41 | lr 2.98e-04
2025-05-31 03:07:26,544 | INFO | Gradient norm: 0.0160
2025-05-31 03:07:26,552 | INFO | Train batch  5300/10986 | ms/batch 162.61 | loss 0.8809 | bpb  1.27 | ppl     2.41 | lr 2.98e-04
2025-05-31 03:07:42,829 | INFO | Gradient norm: 0.0233
2025-05-31 03:07:42,836 | INFO | Train batch  5400/10986 | ms/batch 162.61 | loss 0.8809 | bpb  1.27 | ppl     2.41 | lr 2.98e-04
2025-05-31 03:07:59,098 | INFO | Gradient norm: 0.0357
2025-05-31 03:07:59,106 | INFO | Train batch  5500/10986 | ms/batch 162.61 | loss 0.8809 | bpb  1.27 | ppl     2.41 | lr 2.98e-04
2025-05-31 03:08:15,365 | INFO | Gradient norm: 0.0091
2025-05-31 03:08:15,373 | INFO | Train batch  5600/10986 | ms/batch 162.61 | loss 0.8809 | bpb  1.27 | ppl     2.41 | lr 2.98e-04
2025-05-31 03:08:31,633 | INFO | Gradient norm: 0.0300
2025-05-31 03:08:31,641 | INFO | Train batch  5700/10986 | ms/batch 162.61 | loss 0.8808 | bpb  1.27 | ppl     2.41 | lr 2.98e-04
2025-05-31 03:08:47,906 | INFO | Gradient norm: 0.0170
2025-05-31 03:08:47,915 | INFO | Train batch  5800/10986 | ms/batch 162.62 | loss 0.8808 | bpb  1.27 | ppl     2.41 | lr 2.98e-04
2025-05-31 03:09:04,185 | INFO | Gradient norm: 0.0113
2025-05-31 03:09:04,193 | INFO | Train batch  5900/10986 | ms/batch 162.62 | loss 0.8808 | bpb  1.27 | ppl     2.41 | lr 2.98e-04
2025-05-31 03:09:20,453 | INFO | Gradient norm: 0.0305
2025-05-31 03:09:20,461 | INFO | Train batch  6000/10986 | ms/batch 162.62 | loss 0.8808 | bpb  1.27 | ppl     2.41 | lr 2.98e-04
2025-05-31 03:09:36,723 | INFO | Gradient norm: 0.0116
2025-05-31 03:09:36,731 | INFO | Train batch  6100/10986 | ms/batch 162.62 | loss 0.8808 | bpb  1.27 | ppl     2.41 | lr 2.98e-04
2025-05-31 03:09:52,998 | INFO | Gradient norm: 0.0121
2025-05-31 03:09:53,006 | INFO | Train batch  6200/10986 | ms/batch 162.62 | loss 0.8808 | bpb  1.27 | ppl     2.41 | lr 2.98e-04
2025-05-31 03:10:09,284 | INFO | Gradient norm: 0.0112
2025-05-31 03:10:09,292 | INFO | Train batch  6300/10986 | ms/batch 162.63 | loss 0.8808 | bpb  1.27 | ppl     2.41 | lr 2.98e-04
2025-05-31 03:10:25,551 | INFO | Gradient norm: 0.0157
2025-05-31 03:10:25,559 | INFO | Train batch  6400/10986 | ms/batch 162.63 | loss 0.8808 | bpb  1.27 | ppl     2.41 | lr 2.98e-04
2025-05-31 03:10:41,819 | INFO | Gradient norm: 0.0087
2025-05-31 03:10:41,826 | INFO | Train batch  6500/10986 | ms/batch 162.63 | loss 0.8808 | bpb  1.27 | ppl     2.41 | lr 2.98e-04
2025-05-31 03:10:58,092 | INFO | Gradient norm: 0.0283
2025-05-31 03:10:58,100 | INFO | Train batch  6600/10986 | ms/batch 162.63 | loss 0.8808 | bpb  1.27 | ppl     2.41 | lr 2.98e-04
2025-05-31 03:11:14,372 | INFO | Gradient norm: 0.0152
2025-05-31 03:11:14,380 | INFO | Train batch  6700/10986 | ms/batch 162.63 | loss 0.8808 | bpb  1.27 | ppl     2.41 | lr 2.98e-04
2025-05-31 03:11:30,639 | INFO | Gradient norm: 0.0256
2025-05-31 03:11:30,647 | INFO | Train batch  6800/10986 | ms/batch 162.63 | loss 0.8808 | bpb  1.27 | ppl     2.41 | lr 2.98e-04
2025-05-31 03:11:46,907 | INFO | Gradient norm: 0.0310
2025-05-31 03:11:46,915 | INFO | Train batch  6900/10986 | ms/batch 162.63 | loss 0.8808 | bpb  1.27 | ppl     2.41 | lr 2.98e-04
2025-05-31 03:12:03,181 | INFO | Gradient norm: 0.0108
2025-05-31 03:12:03,189 | INFO | Train batch  7000/10986 | ms/batch 162.64 | loss 0.8808 | bpb  1.27 | ppl     2.41 | lr 2.98e-04
2025-05-31 03:12:19,460 | INFO | Gradient norm: 0.0077
2025-05-31 03:12:19,468 | INFO | Train batch  7100/10986 | ms/batch 162.64 | loss 0.8808 | bpb  1.27 | ppl     2.41 | lr 2.98e-04
2025-05-31 03:12:35,728 | INFO | Gradient norm: 0.0196
2025-05-31 03:12:35,736 | INFO | Train batch  7200/10986 | ms/batch 162.64 | loss 0.8808 | bpb  1.27 | ppl     2.41 | lr 2.98e-04
2025-05-31 03:12:51,995 | INFO | Gradient norm: 0.0087
2025-05-31 03:12:52,003 | INFO | Train batch  7300/10986 | ms/batch 162.64 | loss 0.8808 | bpb  1.27 | ppl     2.41 | lr 2.98e-04
2025-05-31 03:13:08,267 | INFO | Gradient norm: 0.0188
2025-05-31 03:13:08,275 | INFO | Train batch  7400/10986 | ms/batch 162.64 | loss 0.8808 | bpb  1.27 | ppl     2.41 | lr 2.98e-04
2025-05-31 03:13:24,547 | INFO | Gradient norm: 0.0086
2025-05-31 03:13:24,555 | INFO | Train batch  7500/10986 | ms/batch 162.64 | loss 0.8808 | bpb  1.27 | ppl     2.41 | lr 2.98e-04
2025-05-31 03:13:40,815 | INFO | Gradient norm: 0.0155
2025-05-31 03:13:40,822 | INFO | Train batch  7600/10986 | ms/batch 162.64 | loss 0.8808 | bpb  1.27 | ppl     2.41 | lr 2.98e-04
2025-05-31 03:13:57,083 | INFO | Gradient norm: 0.0097
2025-05-31 03:13:57,091 | INFO | Train batch  7700/10986 | ms/batch 162.64 | loss 0.8808 | bpb  1.27 | ppl     2.41 | lr 2.98e-04
2025-05-31 03:14:13,355 | INFO | Gradient norm: 0.0216
2025-05-31 03:14:13,363 | INFO | Train batch  7800/10986 | ms/batch 162.64 | loss 0.8808 | bpb  1.27 | ppl     2.41 | lr 2.98e-04
2025-05-31 03:14:29,635 | INFO | Gradient norm: 0.0258
2025-05-31 03:14:29,643 | INFO | Train batch  7900/10986 | ms/batch 162.65 | loss 0.8808 | bpb  1.27 | ppl     2.41 | lr 2.98e-04
2025-05-31 03:14:45,904 | INFO | Gradient norm: 0.0116
2025-05-31 03:14:45,912 | INFO | Train batch  8000/10986 | ms/batch 162.65 | loss 0.8808 | bpb  1.27 | ppl     2.41 | lr 2.98e-04
2025-05-31 03:15:02,175 | INFO | Gradient norm: 0.0157
2025-05-31 03:15:02,183 | INFO | Train batch  8100/10986 | ms/batch 162.65 | loss 0.8808 | bpb  1.27 | ppl     2.41 | lr 2.98e-04
2025-05-31 03:15:18,448 | INFO | Gradient norm: 0.0117
2025-05-31 03:15:18,456 | INFO | Train batch  8200/10986 | ms/batch 162.65 | loss 0.8808 | bpb  1.27 | ppl     2.41 | lr 2.98e-04
2025-05-31 03:15:34,729 | INFO | Gradient norm: 0.0261
2025-05-31 03:15:34,737 | INFO | Train batch  8300/10986 | ms/batch 162.65 | loss 0.8808 | bpb  1.27 | ppl     2.41 | lr 2.98e-04
2025-05-31 03:15:50,997 | INFO | Gradient norm: 0.0157
2025-05-31 03:15:51,005 | INFO | Train batch  8400/10986 | ms/batch 162.65 | loss 0.8808 | bpb  1.27 | ppl     2.41 | lr 2.98e-04
2025-05-31 03:16:07,267 | INFO | Gradient norm: 0.0099
2025-05-31 03:16:07,275 | INFO | Train batch  8500/10986 | ms/batch 162.65 | loss 0.8808 | bpb  1.27 | ppl     2.41 | lr 2.98e-04
2025-05-31 03:16:23,540 | INFO | Gradient norm: 0.0189
2025-05-31 03:16:23,548 | INFO | Train batch  8600/10986 | ms/batch 162.65 | loss 0.8808 | bpb  1.27 | ppl     2.41 | lr 2.98e-04
2025-05-31 03:16:39,820 | INFO | Gradient norm: 0.0153
2025-05-31 03:16:39,828 | INFO | Train batch  8700/10986 | ms/batch 162.65 | loss 0.8808 | bpb  1.27 | ppl     2.41 | lr 2.98e-04
2025-05-31 03:16:56,087 | INFO | Gradient norm: 0.0135
2025-05-31 03:16:56,095 | INFO | Train batch  8800/10986 | ms/batch 162.65 | loss 0.8808 | bpb  1.27 | ppl     2.41 | lr 2.98e-04
2025-05-31 03:17:12,355 | INFO | Gradient norm: 0.0244
2025-05-31 03:17:12,363 | INFO | Train batch  8900/10986 | ms/batch 162.65 | loss 0.8808 | bpb  1.27 | ppl     2.41 | lr 2.98e-04
2025-05-31 03:17:28,627 | INFO | Gradient norm: 0.0224
2025-05-31 03:17:28,635 | INFO | Train batch  9000/10986 | ms/batch 162.65 | loss 0.8808 | bpb  1.27 | ppl     2.41 | lr 2.98e-04
2025-05-31 03:17:44,906 | INFO | Gradient norm: 0.0104
2025-05-31 03:17:44,914 | INFO | Train batch  9100/10986 | ms/batch 162.66 | loss 0.8808 | bpb  1.27 | ppl     2.41 | lr 2.98e-04
2025-05-31 03:18:01,174 | INFO | Gradient norm: 0.0090
2025-05-31 03:18:01,182 | INFO | Train batch  9200/10986 | ms/batch 162.66 | loss 0.8808 | bpb  1.27 | ppl     2.41 | lr 2.98e-04
2025-05-31 03:18:17,437 | INFO | Gradient norm: 0.0241
2025-05-31 03:18:17,445 | INFO | Train batch  9300/10986 | ms/batch 162.66 | loss 0.8808 | bpb  1.27 | ppl     2.41 | lr 2.98e-04
2025-05-31 03:18:33,705 | INFO | Gradient norm: 0.0100
2025-05-31 03:18:33,713 | INFO | Train batch  9400/10986 | ms/batch 162.66 | loss 0.8808 | bpb  1.27 | ppl     2.41 | lr 2.98e-04
2025-05-31 03:18:49,980 | INFO | Gradient norm: 0.0095
2025-05-31 03:18:49,988 | INFO | Train batch  9500/10986 | ms/batch 162.66 | loss 0.8808 | bpb  1.27 | ppl     2.41 | lr 2.98e-04
2025-05-31 03:19:06,243 | INFO | Gradient norm: 0.0098
2025-05-31 03:19:06,251 | INFO | Train batch  9600/10986 | ms/batch 162.66 | loss 0.8808 | bpb  1.27 | ppl     2.41 | lr 2.98e-04
2025-05-31 03:19:22,506 | INFO | Gradient norm: 0.0094
2025-05-31 03:19:22,514 | INFO | Train batch  9700/10986 | ms/batch 162.66 | loss 0.8808 | bpb  1.27 | ppl     2.41 | lr 2.98e-04
2025-05-31 03:19:38,774 | INFO | Gradient norm: 0.0162
2025-05-31 03:19:38,782 | INFO | Train batch  9800/10986 | ms/batch 162.66 | loss 0.8808 | bpb  1.27 | ppl     2.41 | lr 2.98e-04
2025-05-31 03:19:55,050 | INFO | Gradient norm: 0.0129
2025-05-31 03:19:55,058 | INFO | Train batch  9900/10986 | ms/batch 162.66 | loss 0.8808 | bpb  1.27 | ppl     2.41 | lr 2.98e-04
2025-05-31 03:20:11,315 | INFO | Gradient norm: 0.0209
2025-05-31 03:20:11,323 | INFO | Train batch 10000/10986 | ms/batch 162.66 | loss 0.8808 | bpb  1.27 | ppl     2.41 | lr 2.98e-04
2025-05-31 03:20:27,579 | INFO | Gradient norm: 0.0196
2025-05-31 03:20:27,587 | INFO | Train batch 10100/10986 | ms/batch 162.66 | loss 0.8808 | bpb  1.27 | ppl     2.41 | lr 2.98e-04
2025-05-31 03:20:43,846 | INFO | Gradient norm: 0.0089
2025-05-31 03:20:43,854 | INFO | Train batch 10200/10986 | ms/batch 162.66 | loss 0.8808 | bpb  1.27 | ppl     2.41 | lr 2.98e-04
2025-05-31 03:21:00,123 | INFO | Gradient norm: 0.0125
2025-05-31 03:21:00,131 | INFO | Train batch 10300/10986 | ms/batch 162.66 | loss 0.8808 | bpb  1.27 | ppl     2.41 | lr 2.98e-04
2025-05-31 03:21:16,386 | INFO | Gradient norm: 0.0100
2025-05-31 03:21:16,394 | INFO | Train batch 10400/10986 | ms/batch 162.66 | loss 0.8807 | bpb  1.27 | ppl     2.41 | lr 2.98e-04
2025-05-31 03:21:32,649 | INFO | Gradient norm: 0.0095
2025-05-31 03:21:32,657 | INFO | Train batch 10500/10986 | ms/batch 162.66 | loss 0.8807 | bpb  1.27 | ppl     2.41 | lr 2.98e-04
2025-05-31 03:21:48,931 | INFO | Gradient norm: 0.0156
2025-05-31 03:21:48,938 | INFO | Train batch 10600/10986 | ms/batch 162.66 | loss 0.8807 | bpb  1.27 | ppl     2.41 | lr 2.98e-04
2025-05-31 03:22:05,195 | INFO | Gradient norm: 0.0129
2025-05-31 03:22:05,203 | INFO | Train batch 10700/10986 | ms/batch 162.66 | loss 0.8807 | bpb  1.27 | ppl     2.41 | lr 2.98e-04
2025-05-31 03:22:21,457 | INFO | Gradient norm: 0.0090
2025-05-31 03:22:21,465 | INFO | Train batch 10800/10986 | ms/batch 162.66 | loss 0.8807 | bpb  1.27 | ppl     2.41 | lr 2.98e-04
2025-05-31 03:22:37,721 | INFO | Gradient norm: 0.0092
2025-05-31 03:22:37,729 | INFO | Train batch 10900/10986 | ms/batch 162.66 | loss 0.8807 | bpb  1.27 | ppl     2.41 | lr 2.98e-04
2025-05-31 03:24:01,786 | INFO | Epoch   2 | time: 1857.20s | train bpb  1.27 | valid bpb  1.28
2025-05-31 03:24:01,788 | INFO | Validation bpb did not improve by 0.0100. Patience: 2/3
2025-05-31 03:24:02,404 | INFO | Input shape: torch.Size([16, 511]), Target shape: torch.Size([16, 511])
2025-05-31 03:24:02,404 | INFO | Input range: [10, 226]
2025-05-31 03:24:02,404 | INFO | Target range: [10, 226]
2025-05-31 03:24:02,448 | INFO | Output shape: torch.Size([8176, 256]), Reshaped target shape: torch.Size([8176])
2025-05-31 03:24:02,450 | INFO | Output range: [-8.8046875, 10.171875]
2025-05-31 03:24:02,450 | INFO | Sample probabilities: max=0.9035154581069946, min=0.00028856543940491974
2025-05-31 03:24:02,450 | INFO | Raw loss value: 0.8805168271064758
2025-05-31 03:24:02,451 | INFO | Batch 0 loss stats - Mean: -0.2407, Std: 0.8955
2025-05-31 03:24:02,561 | INFO | Gradient norm: 0.0111
2025-05-31 03:24:02,569 | INFO | Train batch     0/10986 | ms/batch 166.06 | loss 0.8805 | bpb  1.27 | ppl     2.41 | lr 2.98e-04
2025-05-31 03:24:18,840 | INFO | Gradient norm: 0.0291
2025-05-31 03:24:18,848 | INFO | Train batch   100/10986 | ms/batch 162.82 | loss 0.8820 | bpb  1.27 | ppl     2.42 | lr 2.98e-04
2025-05-31 03:24:35,104 | INFO | Gradient norm: 0.0138
2025-05-31 03:24:35,112 | INFO | Train batch   200/10986 | ms/batch 162.73 | loss 0.8815 | bpb  1.27 | ppl     2.41 | lr 2.98e-04
2025-05-31 03:24:51,366 | INFO | Gradient norm: 0.0084
2025-05-31 03:24:51,374 | INFO | Train batch   300/10986 | ms/batch 162.69 | loss 0.8811 | bpb  1.27 | ppl     2.41 | lr 2.98e-04
2025-05-31 03:25:07,627 | INFO | Gradient norm: 0.0231
2025-05-31 03:25:07,635 | INFO | Train batch   400/10986 | ms/batch 162.67 | loss 0.8810 | bpb  1.27 | ppl     2.41 | lr 2.98e-04
2025-05-31 03:25:23,903 | INFO | Gradient norm: 0.0224
2025-05-31 03:25:23,911 | INFO | Train batch   500/10986 | ms/batch 162.69 | loss 0.8809 | bpb  1.27 | ppl     2.41 | lr 2.98e-04
2025-05-31 03:25:40,152 | INFO | Gradient norm: 0.0090
2025-05-31 03:25:40,160 | INFO | Train batch   600/10986 | ms/batch 162.66 | loss 0.8808 | bpb  1.27 | ppl     2.41 | lr 2.98e-04
2025-05-31 03:25:56,381 | INFO | Gradient norm: 0.0291
2025-05-31 03:25:56,389 | INFO | Train batch   700/10986 | ms/batch 162.60 | loss 0.8808 | bpb  1.27 | ppl     2.41 | lr 2.98e-04
2025-05-31 03:26:12,607 | INFO | Gradient norm: 0.0147
2025-05-31 03:26:12,615 | INFO | Train batch   800/10986 | ms/batch 162.56 | loss 0.8807 | bpb  1.27 | ppl     2.41 | lr 2.98e-04
2025-05-31 03:26:28,850 | INFO | Gradient norm: 0.0179
2025-05-31 03:26:28,858 | INFO | Train batch   900/10986 | ms/batch 162.55 | loss 0.8807 | bpb  1.27 | ppl     2.41 | lr 2.98e-04
2025-05-31 03:26:45,078 | INFO | Gradient norm: 0.0197
2025-05-31 03:26:45,086 | INFO | Train batch  1000/10986 | ms/batch 162.52 | loss 0.8807 | bpb  1.27 | ppl     2.41 | lr 2.98e-04
2025-05-31 03:27:01,305 | INFO | Gradient norm: 0.0089
2025-05-31 03:27:01,313 | INFO | Train batch  1100/10986 | ms/batch 162.50 | loss 0.8806 | bpb  1.27 | ppl     2.41 | lr 2.98e-04
2025-05-31 03:27:17,533 | INFO | Gradient norm: 0.0120
2025-05-31 03:27:17,541 | INFO | Train batch  1200/10986 | ms/batch 162.48 | loss 0.8806 | bpb  1.27 | ppl     2.41 | lr 2.98e-04
2025-05-31 03:27:33,776 | INFO | Gradient norm: 0.0202
2025-05-31 03:27:33,784 | INFO | Train batch  1300/10986 | ms/batch 162.48 | loss 0.8806 | bpb  1.27 | ppl     2.41 | lr 2.98e-04
2025-05-31 03:27:50,005 | INFO | Gradient norm: 0.0294
2025-05-31 03:27:50,013 | INFO | Train batch  1400/10986 | ms/batch 162.46 | loss 0.8806 | bpb  1.27 | ppl     2.41 | lr 2.98e-04
2025-05-31 03:28:06,235 | INFO | Gradient norm: 0.0098
2025-05-31 03:28:06,242 | INFO | Train batch  1500/10986 | ms/batch 162.45 | loss 0.8806 | bpb  1.27 | ppl     2.41 | lr 2.97e-04
2025-05-31 03:28:22,463 | INFO | Gradient norm: 0.0169
2025-05-31 03:28:22,471 | INFO | Train batch  1600/10986 | ms/batch 162.44 | loss 0.8806 | bpb  1.27 | ppl     2.41 | lr 2.97e-04
2025-05-31 03:28:38,709 | INFO | Gradient norm: 0.0170
2025-05-31 03:28:38,717 | INFO | Train batch  1700/10986 | ms/batch 162.44 | loss 0.8806 | bpb  1.27 | ppl     2.41 | lr 2.97e-04
2025-05-31 03:28:54,938 | INFO | Gradient norm: 0.0209
2025-05-31 03:28:54,946 | INFO | Train batch  1800/10986 | ms/batch 162.43 | loss 0.8806 | bpb  1.27 | ppl     2.41 | lr 2.97e-04
2025-05-31 03:29:11,168 | INFO | Gradient norm: 0.0125
2025-05-31 03:29:11,176 | INFO | Train batch  1900/10986 | ms/batch 162.43 | loss 0.8806 | bpb  1.27 | ppl     2.41 | lr 2.97e-04
2025-05-31 03:29:27,397 | INFO | Gradient norm: 0.0257
2025-05-31 03:29:27,405 | INFO | Train batch  2000/10986 | ms/batch 162.42 | loss 0.8806 | bpb  1.27 | ppl     2.41 | lr 2.97e-04
2025-05-31 03:29:43,643 | INFO | Gradient norm: 0.0091
2025-05-31 03:29:43,651 | INFO | Train batch  2100/10986 | ms/batch 162.42 | loss 0.8806 | bpb  1.27 | ppl     2.41 | lr 2.97e-04
2025-05-31 03:29:59,876 | INFO | Gradient norm: 0.0128
2025-05-31 03:29:59,884 | INFO | Train batch  2200/10986 | ms/batch 162.42 | loss 0.8806 | bpb  1.27 | ppl     2.41 | lr 2.97e-04
2025-05-31 03:30:16,131 | INFO | Gradient norm: 0.0087
2025-05-31 03:30:16,139 | INFO | Train batch  2300/10986 | ms/batch 162.42 | loss 0.8806 | bpb  1.27 | ppl     2.41 | lr 2.97e-04
2025-05-31 03:30:32,393 | INFO | Gradient norm: 0.0201
2025-05-31 03:30:32,401 | INFO | Train batch  2400/10986 | ms/batch 162.43 | loss 0.8806 | bpb  1.27 | ppl     2.41 | lr 2.97e-04
2025-05-31 03:30:48,670 | INFO | Gradient norm: 0.0175
2025-05-31 03:30:48,678 | INFO | Train batch  2500/10986 | ms/batch 162.44 | loss 0.8806 | bpb  1.27 | ppl     2.41 | lr 2.97e-04
2025-05-31 03:31:04,930 | INFO | Gradient norm: 0.0079
2025-05-31 03:31:04,938 | INFO | Train batch  2600/10986 | ms/batch 162.45 | loss 0.8806 | bpb  1.27 | ppl     2.41 | lr 2.97e-04
2025-05-31 03:31:21,190 | INFO | Gradient norm: 0.0101
2025-05-31 03:31:21,198 | INFO | Train batch  2700/10986 | ms/batch 162.46 | loss 0.8806 | bpb  1.27 | ppl     2.41 | lr 2.97e-04
2025-05-31 03:31:37,451 | INFO | Gradient norm: 0.0078
2025-05-31 03:31:37,459 | INFO | Train batch  2800/10986 | ms/batch 162.46 | loss 0.8806 | bpb  1.27 | ppl     2.41 | lr 2.97e-04
2025-05-31 03:31:53,730 | INFO | Gradient norm: 0.0154
2025-05-31 03:31:53,738 | INFO | Train batch  2900/10986 | ms/batch 162.47 | loss 0.8806 | bpb  1.27 | ppl     2.41 | lr 2.97e-04
2025-05-31 03:32:09,991 | INFO | Gradient norm: 0.0107
2025-05-31 03:32:09,999 | INFO | Train batch  3000/10986 | ms/batch 162.48 | loss 0.8806 | bpb  1.27 | ppl     2.41 | lr 2.97e-04
2025-05-31 03:32:26,252 | INFO | Gradient norm: 0.0075
2025-05-31 03:32:26,260 | INFO | Train batch  3100/10986 | ms/batch 162.48 | loss 0.8806 | bpb  1.27 | ppl     2.41 | lr 2.97e-04
2025-05-31 03:32:42,513 | INFO | Gradient norm: 0.0220
2025-05-31 03:32:42,521 | INFO | Train batch  3200/10986 | ms/batch 162.49 | loss 0.8805 | bpb  1.27 | ppl     2.41 | lr 2.97e-04
2025-05-31 03:32:58,789 | INFO | Gradient norm: 0.0176
2025-05-31 03:32:58,797 | INFO | Train batch  3300/10986 | ms/batch 162.49 | loss 0.8805 | bpb  1.27 | ppl     2.41 | lr 2.97e-04
2025-05-31 03:33:15,051 | INFO | Gradient norm: 0.0166
2025-05-31 03:33:15,059 | INFO | Train batch  3400/10986 | ms/batch 162.50 | loss 0.8805 | bpb  1.27 | ppl     2.41 | lr 2.97e-04
2025-05-31 03:33:31,311 | INFO | Gradient norm: 0.0242
2025-05-31 03:33:31,319 | INFO | Train batch  3500/10986 | ms/batch 162.50 | loss 0.8805 | bpb  1.27 | ppl     2.41 | lr 2.97e-04
2025-05-31 03:33:47,570 | INFO | Gradient norm: 0.0212
2025-05-31 03:33:47,578 | INFO | Train batch  3600/10986 | ms/batch 162.50 | loss 0.8805 | bpb  1.27 | ppl     2.41 | lr 2.97e-04
2025-05-31 03:34:03,846 | INFO | Gradient norm: 0.0100
2025-05-31 03:34:03,854 | INFO | Train batch  3700/10986 | ms/batch 162.51 | loss 0.8806 | bpb  1.27 | ppl     2.41 | lr 2.97e-04
2025-05-31 03:34:20,106 | INFO | Gradient norm: 0.0087
2025-05-31 03:34:20,114 | INFO | Train batch  3800/10986 | ms/batch 162.51 | loss 0.8806 | bpb  1.27 | ppl     2.41 | lr 2.97e-04
2025-05-31 03:34:36,366 | INFO | Gradient norm: 0.0081
2025-05-31 03:34:36,374 | INFO | Train batch  3900/10986 | ms/batch 162.51 | loss 0.8805 | bpb  1.27 | ppl     2.41 | lr 2.97e-04
2025-05-31 03:34:52,626 | INFO | Gradient norm: 0.0096
2025-05-31 03:34:52,634 | INFO | Train batch  4000/10986 | ms/batch 162.52 | loss 0.8805 | bpb  1.27 | ppl     2.41 | lr 2.97e-04
2025-05-31 03:35:08,902 | INFO | Gradient norm: 0.0208
2025-05-31 03:35:08,910 | INFO | Train batch  4100/10986 | ms/batch 162.52 | loss 0.8805 | bpb  1.27 | ppl     2.41 | lr 2.97e-04
2025-05-31 03:35:25,161 | INFO | Gradient norm: 0.0106
2025-05-31 03:35:25,169 | INFO | Train batch  4200/10986 | ms/batch 162.52 | loss 0.8805 | bpb  1.27 | ppl     2.41 | lr 2.97e-04
2025-05-31 03:35:41,421 | INFO | Gradient norm: 0.0084
2025-05-31 03:35:41,429 | INFO | Train batch  4300/10986 | ms/batch 162.53 | loss 0.8805 | bpb  1.27 | ppl     2.41 | lr 2.97e-04
2025-05-31 03:35:57,682 | INFO | Gradient norm: 0.0182
2025-05-31 03:35:57,690 | INFO | Train batch  4400/10986 | ms/batch 162.53 | loss 0.8806 | bpb  1.27 | ppl     2.41 | lr 2.97e-04
2025-05-31 03:36:13,958 | INFO | Gradient norm: 0.0244
2025-05-31 03:36:13,966 | INFO | Train batch  4500/10986 | ms/batch 162.53 | loss 0.8806 | bpb  1.27 | ppl     2.41 | lr 2.97e-04
2025-05-31 03:36:30,218 | INFO | Gradient norm: 0.0614
2025-05-31 03:36:30,226 | INFO | Train batch  4600/10986 | ms/batch 162.53 | loss 0.8806 | bpb  1.27 | ppl     2.41 | lr 2.97e-04
2025-05-31 03:36:46,477 | INFO | Gradient norm: 0.0106
2025-05-31 03:36:46,485 | INFO | Train batch  4700/10986 | ms/batch 162.54 | loss 0.8806 | bpb  1.27 | ppl     2.41 | lr 2.97e-04
2025-05-31 03:37:02,738 | INFO | Gradient norm: 0.0102
2025-05-31 03:37:02,745 | INFO | Train batch  4800/10986 | ms/batch 162.54 | loss 0.8806 | bpb  1.27 | ppl     2.41 | lr 2.97e-04
2025-05-31 03:37:19,014 | INFO | Gradient norm: 0.0084
2025-05-31 03:37:19,022 | INFO | Train batch  4900/10986 | ms/batch 162.54 | loss 0.8805 | bpb  1.27 | ppl     2.41 | lr 2.97e-04
2025-05-31 03:37:35,273 | INFO | Gradient norm: 0.0267
2025-05-31 03:37:35,281 | INFO | Train batch  5000/10986 | ms/batch 162.54 | loss 0.8805 | bpb  1.27 | ppl     2.41 | lr 2.97e-04
2025-05-31 03:37:51,533 | INFO | Gradient norm: 0.0449
2025-05-31 03:37:51,541 | INFO | Train batch  5100/10986 | ms/batch 162.54 | loss 0.8805 | bpb  1.27 | ppl     2.41 | lr 2.97e-04
2025-05-31 03:38:07,792 | INFO | Gradient norm: 0.0252
2025-05-31 03:38:07,800 | INFO | Train batch  5200/10986 | ms/batch 162.55 | loss 0.8805 | bpb  1.27 | ppl     2.41 | lr 2.97e-04
2025-05-31 03:38:24,067 | INFO | Gradient norm: 0.0184
2025-05-31 03:38:24,075 | INFO | Train batch  5300/10986 | ms/batch 162.55 | loss 0.8805 | bpb  1.27 | ppl     2.41 | lr 2.97e-04
2025-05-31 03:38:40,326 | INFO | Gradient norm: 0.0100
2025-05-31 03:38:40,334 | INFO | Train batch  5400/10986 | ms/batch 162.55 | loss 0.8805 | bpb  1.27 | ppl     2.41 | lr 2.97e-04
2025-05-31 03:38:56,586 | INFO | Gradient norm: 0.0139
2025-05-31 03:38:56,594 | INFO | Train batch  5500/10986 | ms/batch 162.55 | loss 0.8805 | bpb  1.27 | ppl     2.41 | lr 2.97e-04
2025-05-31 03:39:12,844 | INFO | Gradient norm: 0.0095
2025-05-31 03:39:12,852 | INFO | Train batch  5600/10986 | ms/batch 162.55 | loss 0.8805 | bpb  1.27 | ppl     2.41 | lr 2.97e-04
2025-05-31 03:39:29,118 | INFO | Gradient norm: 0.0109
2025-05-31 03:39:29,126 | INFO | Train batch  5700/10986 | ms/batch 162.55 | loss 0.8805 | bpb  1.27 | ppl     2.41 | lr 2.97e-04
2025-05-31 03:39:45,377 | INFO | Gradient norm: 0.0097
2025-05-31 03:39:45,384 | INFO | Train batch  5800/10986 | ms/batch 162.55 | loss 0.8805 | bpb  1.27 | ppl     2.41 | lr 2.97e-04
2025-05-31 03:40:01,637 | INFO | Gradient norm: 0.0079
2025-05-31 03:40:01,645 | INFO | Train batch  5900/10986 | ms/batch 162.56 | loss 0.8805 | bpb  1.27 | ppl     2.41 | lr 2.97e-04
2025-05-31 03:40:17,896 | INFO | Gradient norm: 0.0150
2025-05-31 03:40:17,904 | INFO | Train batch  6000/10986 | ms/batch 162.56 | loss 0.8805 | bpb  1.27 | ppl     2.41 | lr 2.97e-04
2025-05-31 03:40:34,174 | INFO | Gradient norm: 0.0223
2025-05-31 03:40:34,181 | INFO | Train batch  6100/10986 | ms/batch 162.56 | loss 0.8805 | bpb  1.27 | ppl     2.41 | lr 2.97e-04
2025-05-31 03:40:50,432 | INFO | Gradient norm: 0.0295
2025-05-31 03:40:50,440 | INFO | Train batch  6200/10986 | ms/batch 162.56 | loss 0.8805 | bpb  1.27 | ppl     2.41 | lr 2.97e-04
2025-05-31 03:41:06,692 | INFO | Gradient norm: 0.0103
2025-05-31 03:41:06,700 | INFO | Train batch  6300/10986 | ms/batch 162.56 | loss 0.8805 | bpb  1.27 | ppl     2.41 | lr 2.97e-04
2025-05-31 03:41:22,952 | INFO | Gradient norm: 0.0095
2025-05-31 03:41:22,960 | INFO | Train batch  6400/10986 | ms/batch 162.56 | loss 0.8805 | bpb  1.27 | ppl     2.41 | lr 2.97e-04
2025-05-31 03:41:39,227 | INFO | Gradient norm: 0.0075
2025-05-31 03:41:39,235 | INFO | Train batch  6500/10986 | ms/batch 162.56 | loss 0.8805 | bpb  1.27 | ppl     2.41 | lr 2.97e-04
2025-05-31 03:41:55,487 | INFO | Gradient norm: 0.0162
2025-05-31 03:41:55,495 | INFO | Train batch  6600/10986 | ms/batch 162.56 | loss 0.8805 | bpb  1.27 | ppl     2.41 | lr 2.97e-04
2025-05-31 03:42:11,747 | INFO | Gradient norm: 0.0110
2025-05-31 03:42:11,755 | INFO | Train batch  6700/10986 | ms/batch 162.57 | loss 0.8805 | bpb  1.27 | ppl     2.41 | lr 2.97e-04
2025-05-31 03:42:28,007 | INFO | Gradient norm: 0.0089
2025-05-31 03:42:28,015 | INFO | Train batch  6800/10986 | ms/batch 162.57 | loss 0.8805 | bpb  1.27 | ppl     2.41 | lr 2.97e-04
2025-05-31 03:42:44,283 | INFO | Gradient norm: 0.0089
2025-05-31 03:42:44,291 | INFO | Train batch  6900/10986 | ms/batch 162.57 | loss 0.8805 | bpb  1.27 | ppl     2.41 | lr 2.97e-04
2025-05-31 03:43:00,544 | INFO | Gradient norm: 0.0182
2025-05-31 03:43:00,552 | INFO | Train batch  7000/10986 | ms/batch 162.57 | loss 0.8805 | bpb  1.27 | ppl     2.41 | lr 2.97e-04
2025-05-31 03:43:16,804 | INFO | Gradient norm: 0.0104
2025-05-31 03:43:16,812 | INFO | Train batch  7100/10986 | ms/batch 162.57 | loss 0.8805 | bpb  1.27 | ppl     2.41 | lr 2.97e-04
2025-05-31 03:43:33,065 | INFO | Gradient norm: 0.0097
2025-05-31 03:43:33,073 | INFO | Train batch  7200/10986 | ms/batch 162.57 | loss 0.8805 | bpb  1.27 | ppl     2.41 | lr 2.97e-04
2025-05-31 03:43:49,341 | INFO | Gradient norm: 0.0089
2025-05-31 03:43:49,349 | INFO | Train batch  7300/10986 | ms/batch 162.57 | loss 0.8805 | bpb  1.27 | ppl     2.41 | lr 2.97e-04
2025-05-31 03:44:05,600 | INFO | Gradient norm: 0.0291
2025-05-31 03:44:05,608 | INFO | Train batch  7400/10986 | ms/batch 162.57 | loss 0.8805 | bpb  1.27 | ppl     2.41 | lr 2.96e-04
2025-05-31 03:44:21,860 | INFO | Gradient norm: 0.0086
2025-05-31 03:44:21,868 | INFO | Train batch  7500/10986 | ms/batch 162.57 | loss 0.8805 | bpb  1.27 | ppl     2.41 | lr 2.96e-04
2025-05-31 03:44:38,120 | INFO | Gradient norm: 0.0216
2025-05-31 03:44:38,127 | INFO | Train batch  7600/10986 | ms/batch 162.57 | loss 0.8805 | bpb  1.27 | ppl     2.41 | lr 2.96e-04
2025-05-31 03:44:54,394 | INFO | Gradient norm: 0.0196
2025-05-31 03:44:54,402 | INFO | Train batch  7700/10986 | ms/batch 162.58 | loss 0.8805 | bpb  1.27 | ppl     2.41 | lr 2.96e-04
2025-05-31 03:45:10,654 | INFO | Gradient norm: 0.0159
2025-05-31 03:45:10,662 | INFO | Train batch  7800/10986 | ms/batch 162.58 | loss 0.8805 | bpb  1.27 | ppl     2.41 | lr 2.96e-04
2025-05-31 03:45:26,914 | INFO | Gradient norm: 0.0119
2025-05-31 03:45:26,922 | INFO | Train batch  7900/10986 | ms/batch 162.58 | loss 0.8805 | bpb  1.27 | ppl     2.41 | lr 2.96e-04
2025-05-31 03:45:43,174 | INFO | Gradient norm: 0.0172
2025-05-31 03:45:43,182 | INFO | Train batch  8000/10986 | ms/batch 162.58 | loss 0.8805 | bpb  1.27 | ppl     2.41 | lr 2.96e-04
2025-05-31 03:45:59,450 | INFO | Gradient norm: 0.0139
2025-05-31 03:45:59,458 | INFO | Train batch  8100/10986 | ms/batch 162.58 | loss 0.8805 | bpb  1.27 | ppl     2.41 | lr 2.96e-04
2025-05-31 03:46:15,710 | INFO | Gradient norm: 0.0187
2025-05-31 03:46:15,718 | INFO | Train batch  8200/10986 | ms/batch 162.58 | loss 0.8805 | bpb  1.27 | ppl     2.41 | lr 2.96e-04
2025-05-31 03:46:31,970 | INFO | Gradient norm: 0.0153
2025-05-31 03:46:31,978 | INFO | Train batch  8300/10986 | ms/batch 162.58 | loss 0.8805 | bpb  1.27 | ppl     2.41 | lr 2.96e-04
2025-05-31 03:46:48,230 | INFO | Gradient norm: 0.0108
2025-05-31 03:46:48,238 | INFO | Train batch  8400/10986 | ms/batch 162.58 | loss 0.8805 | bpb  1.27 | ppl     2.41 | lr 2.96e-04
2025-05-31 03:47:04,507 | INFO | Gradient norm: 0.0125
2025-05-31 03:47:04,515 | INFO | Train batch  8500/10986 | ms/batch 162.58 | loss 0.8805 | bpb  1.27 | ppl     2.41 | lr 2.96e-04
2025-05-31 03:47:20,768 | INFO | Gradient norm: 0.0116
2025-05-31 03:47:20,776 | INFO | Train batch  8600/10986 | ms/batch 162.58 | loss 0.8805 | bpb  1.27 | ppl     2.41 | lr 2.96e-04
2025-05-31 03:47:37,028 | INFO | Gradient norm: 0.0138
2025-05-31 03:47:37,036 | INFO | Train batch  8700/10986 | ms/batch 162.58 | loss 0.8805 | bpb  1.27 | ppl     2.41 | lr 2.96e-04
2025-05-31 03:47:53,289 | INFO | Gradient norm: 0.0094
2025-05-31 03:47:53,297 | INFO | Train batch  8800/10986 | ms/batch 162.58 | loss 0.8805 | bpb  1.27 | ppl     2.41 | lr 2.96e-04
2025-05-31 03:48:09,566 | INFO | Gradient norm: 0.0249
2025-05-31 03:48:09,574 | INFO | Train batch  8900/10986 | ms/batch 162.59 | loss 0.8805 | bpb  1.27 | ppl     2.41 | lr 2.96e-04
2025-05-31 03:48:25,827 | INFO | Gradient norm: 0.0316
2025-05-31 03:48:25,835 | INFO | Train batch  9000/10986 | ms/batch 162.59 | loss 0.8805 | bpb  1.27 | ppl     2.41 | lr 2.96e-04
2025-05-31 03:48:42,087 | INFO | Gradient norm: 0.0111
2025-05-31 03:48:42,095 | INFO | Train batch  9100/10986 | ms/batch 162.59 | loss 0.8805 | bpb  1.27 | ppl     2.41 | lr 2.96e-04
2025-05-31 03:48:58,347 | INFO | Gradient norm: 0.0077
2025-05-31 03:48:58,355 | INFO | Train batch  9200/10986 | ms/batch 162.59 | loss 0.8805 | bpb  1.27 | ppl     2.41 | lr 2.96e-04
2025-05-31 03:49:14,624 | INFO | Gradient norm: 0.0098
2025-05-31 03:49:14,632 | INFO | Train batch  9300/10986 | ms/batch 162.59 | loss 0.8805 | bpb  1.27 | ppl     2.41 | lr 2.96e-04
2025-05-31 03:49:30,884 | INFO | Gradient norm: 0.0081
2025-05-31 03:49:30,892 | INFO | Train batch  9400/10986 | ms/batch 162.59 | loss 0.8805 | bpb  1.27 | ppl     2.41 | lr 2.96e-04
2025-05-31 03:49:47,143 | INFO | Gradient norm: 0.0241
2025-05-31 03:49:47,151 | INFO | Train batch  9500/10986 | ms/batch 162.59 | loss 0.8805 | bpb  1.27 | ppl     2.41 | lr 2.96e-04
2025-05-31 03:50:03,406 | INFO | Gradient norm: 0.0101
2025-05-31 03:50:03,413 | INFO | Train batch  9600/10986 | ms/batch 162.59 | loss 0.8805 | bpb  1.27 | ppl     2.41 | lr 2.96e-04
2025-05-31 03:50:19,682 | INFO | Gradient norm: 0.0078
2025-05-31 03:50:19,690 | INFO | Train batch  9700/10986 | ms/batch 162.59 | loss 0.8805 | bpb  1.27 | ppl     2.41 | lr 2.96e-04
2025-05-31 03:50:35,945 | INFO | Gradient norm: 0.0153
2025-05-31 03:50:35,953 | INFO | Train batch  9800/10986 | ms/batch 162.59 | loss 0.8805 | bpb  1.27 | ppl     2.41 | lr 2.96e-04
2025-05-31 03:50:52,205 | INFO | Gradient norm: 0.0103
2025-05-31 03:50:52,213 | INFO | Train batch  9900/10986 | ms/batch 162.59 | loss 0.8805 | bpb  1.27 | ppl     2.41 | lr 2.96e-04
2025-05-31 03:51:08,464 | INFO | Gradient norm: 0.0086
2025-05-31 03:51:08,472 | INFO | Train batch 10000/10986 | ms/batch 162.59 | loss 0.8805 | bpb  1.27 | ppl     2.41 | lr 2.96e-04
2025-05-31 03:51:24,739 | INFO | Gradient norm: 0.0085
2025-05-31 03:51:24,747 | INFO | Train batch 10100/10986 | ms/batch 162.59 | loss 0.8805 | bpb  1.27 | ppl     2.41 | lr 2.96e-04
2025-05-31 03:51:40,999 | INFO | Gradient norm: 0.0081
2025-05-31 03:51:41,007 | INFO | Train batch 10200/10986 | ms/batch 162.59 | loss 0.8805 | bpb  1.27 | ppl     2.41 | lr 2.96e-04
2025-05-31 03:51:57,259 | INFO | Gradient norm: 0.0150
2025-05-31 03:51:57,267 | INFO | Train batch 10300/10986 | ms/batch 162.59 | loss 0.8805 | bpb  1.27 | ppl     2.41 | lr 2.96e-04
2025-05-31 03:52:13,519 | INFO | Gradient norm: 0.0124
2025-05-31 03:52:13,527 | INFO | Train batch 10400/10986 | ms/batch 162.59 | loss 0.8804 | bpb  1.27 | ppl     2.41 | lr 2.96e-04
2025-05-31 03:52:29,794 | INFO | Gradient norm: 0.0200
2025-05-31 03:52:29,802 | INFO | Train batch 10500/10986 | ms/batch 162.59 | loss 0.8804 | bpb  1.27 | ppl     2.41 | lr 2.96e-04
2025-05-31 03:52:46,053 | INFO | Gradient norm: 0.0114
2025-05-31 03:52:46,061 | INFO | Train batch 10600/10986 | ms/batch 162.59 | loss 0.8804 | bpb  1.27 | ppl     2.41 | lr 2.96e-04
2025-05-31 03:53:02,313 | INFO | Gradient norm: 0.0122
2025-05-31 03:53:02,320 | INFO | Train batch 10700/10986 | ms/batch 162.59 | loss 0.8804 | bpb  1.27 | ppl     2.41 | lr 2.96e-04
2025-05-31 03:53:18,574 | INFO | Gradient norm: 0.0081
2025-05-31 03:53:18,582 | INFO | Train batch 10800/10986 | ms/batch 162.59 | loss 0.8804 | bpb  1.27 | ppl     2.41 | lr 2.96e-04
2025-05-31 03:53:34,850 | INFO | Gradient norm: 0.0264
2025-05-31 03:53:34,858 | INFO | Train batch 10900/10986 | ms/batch 162.60 | loss 0.8804 | bpb  1.27 | ppl     2.41 | lr 2.96e-04
2025-05-31 03:54:58,781 | INFO | Epoch   3 | time: 1856.38s | train bpb  1.27 | valid bpb  1.27
2025-05-31 03:54:58,783 | INFO | Validation bpb did not improve by 0.0100. Patience: 3/3
2025-05-31 03:54:58,783 | INFO | Early stopping triggered after 4 epochs. Best validation bpb: 1.2761
2025-05-31 10:38:46,112 | INFO | Using device: cuda
2025-05-31 10:38:48,634 | INFO | Model parameters: 19,177,728
2025-05-31 10:38:48,634 | INFO | Loading training data...
2025-05-31 10:38:53,572 | INFO | Base learning rate: 3.00e-04
2025-05-31 10:38:53,572 | INFO | Minimum learning rate: 1.00e-05
2025-05-31 10:38:53,572 | INFO | Initial learning rate: 0.00e+00
2025-05-31 10:38:53,572 | INFO | Warmup steps: 2000
2025-05-31 10:38:53,572 | INFO | Total steps: 549300
2025-05-31 10:38:53,572 | INFO | Test LR at step 0: 0.00e+00
2025-05-31 10:38:53,572 | INFO | Test LR at step 1000: 1.50e-04
2025-05-31 10:38:53,572 | INFO | Test LR at step 2000: 3.00e-04
2025-05-31 10:38:53,572 | INFO | Test LR at step 274650: 1.56e-04
2025-05-31 10:38:53,572 | INFO | Test LR at step 549299: 1.00e-05
2025-05-31 10:38:53,573 | INFO | Starting training...
2025-05-31 10:38:53,573 | INFO | Input shape: torch.Size([16, 511]), Target shape: torch.Size([16, 511])
2025-05-31 10:38:53,574 | INFO | Input range: [10, 226]
2025-05-31 10:38:53,574 | INFO | Target range: [10, 226]
2025-05-31 10:38:58,572 | INFO | Output shape: torch.Size([8176, 256]), Reshaped target shape: torch.Size([8176])
2025-05-31 10:38:58,574 | INFO | Output range: [-5.30859375, 5.3984375]
2025-05-31 10:38:58,574 | INFO | Sample probabilities: max=0.05577472597360611, min=2.1383053535828367e-05
2025-05-31 10:38:58,575 | INFO | Raw loss value: 6.38546085357666
2025-05-31 10:38:58,575 | INFO | Batch 0 loss stats - Mean: 0.0370, Std: 1.1621
2025-05-31 10:38:58,696 | INFO | Gradient norm: 6.7807
2025-05-31 10:38:58,709 | INFO | Train batch     0/10986 | ms/batch 5136.44 | loss 6.3855 | bpb  9.21 | ppl   593.16 | lr 1.50e-07
2025-05-31 10:39:14,833 | INFO | Gradient norm: 0.8396
2025-05-31 10:39:14,841 | INFO | Train batch   100/10986 | ms/batch 210.58 | loss 4.7956 | bpb  6.92 | ppl   120.97 | lr 1.51e-05
2025-05-31 10:39:30,937 | INFO | Gradient norm: 0.5079
2025-05-31 10:39:30,945 | INFO | Train batch   200/10986 | ms/batch 185.93 | loss 4.1195 | bpb  5.94 | ppl    61.53 | lr 3.01e-05
2025-05-31 10:39:47,107 | INFO | Gradient norm: 0.5153
2025-05-31 10:39:47,114 | INFO | Train batch   300/10986 | ms/batch 177.88 | loss 3.8235 | bpb  5.52 | ppl    45.76 | lr 4.51e-05
2025-05-31 10:40:03,305 | INFO | Gradient norm: 0.5443
2025-05-31 10:40:03,312 | INFO | Train batch   400/10986 | ms/batch 173.91 | loss 3.6408 | bpb  5.25 | ppl    38.12 | lr 6.01e-05
2025-05-31 10:40:19,496 | INFO | Gradient norm: 0.5014
2025-05-31 10:40:19,504 | INFO | Train batch   500/10986 | ms/batch 171.52 | loss 3.5152 | bpb  5.07 | ppl    33.62 | lr 7.51e-05
2025-05-31 10:40:35,725 | INFO | Gradient norm: 0.4545
2025-05-31 10:40:35,733 | INFO | Train batch   600/10986 | ms/batch 169.98 | loss 3.4219 | bpb  4.94 | ppl    30.63 | lr 9.01e-05
2025-05-31 10:40:51,970 | INFO | Gradient norm: 0.4812
2025-05-31 10:40:51,978 | INFO | Train batch   700/10986 | ms/batch 168.91 | loss 3.3461 | bpb  4.83 | ppl    28.39 | lr 1.05e-04
2025-05-31 10:41:08,213 | INFO | Gradient norm: 0.6174
2025-05-31 10:41:08,221 | INFO | Train batch   800/10986 | ms/batch 168.10 | loss 3.2773 | bpb  4.73 | ppl    26.50 | lr 1.20e-04
2025-05-31 10:41:24,477 | INFO | Gradient norm: 0.7248
2025-05-31 10:41:24,485 | INFO | Train batch   900/10986 | ms/batch 167.49 | loss 3.1877 | bpb  4.60 | ppl    24.23 | lr 1.35e-04
2025-05-31 10:41:40,738 | INFO | Gradient norm: 0.7381
2025-05-31 10:41:40,746 | INFO | Train batch  1000/10986 | ms/batch 167.01 | loss 3.0573 | bpb  4.41 | ppl    21.27 | lr 1.50e-04
2025-05-31 10:41:56,983 | INFO | Gradient norm: 0.5859
2025-05-31 10:41:56,990 | INFO | Train batch  1100/10986 | ms/batch 166.59 | loss 2.9101 | bpb  4.20 | ppl    18.36 | lr 1.65e-04
2025-05-31 10:42:13,241 | INFO | Gradient norm: 0.3771
2025-05-31 10:42:13,249 | INFO | Train batch  1200/10986 | ms/batch 166.26 | loss 2.7682 | bpb  3.99 | ppl    15.93 | lr 1.80e-04
2025-05-31 10:42:29,501 | INFO | Gradient norm: 0.2911
2025-05-31 10:42:29,509 | INFO | Train batch  1300/10986 | ms/batch 165.98 | loss 2.6390 | bpb  3.81 | ppl    14.00 | lr 1.95e-04
2025-05-31 10:42:45,742 | INFO | Gradient norm: 0.2774
2025-05-31 10:42:45,750 | INFO | Train batch  1400/10986 | ms/batch 165.72 | loss 2.5238 | bpb  3.64 | ppl    12.48 | lr 2.10e-04
2025-05-31 10:43:01,982 | INFO | Gradient norm: 0.1798
2025-05-31 10:43:01,990 | INFO | Train batch  1500/10986 | ms/batch 165.50 | loss 2.4217 | bpb  3.49 | ppl    11.27 | lr 2.25e-04
2025-05-31 10:43:18,239 | INFO | Gradient norm: 0.1730
2025-05-31 10:43:18,247 | INFO | Train batch  1600/10986 | ms/batch 165.32 | loss 2.3303 | bpb  3.36 | ppl    10.28 | lr 2.40e-04
2025-05-31 10:43:34,486 | INFO | Gradient norm: 0.1884
2025-05-31 10:43:34,494 | INFO | Train batch  1700/10986 | ms/batch 165.15 | loss 2.2491 | bpb  3.24 | ppl     9.48 | lr 2.55e-04
2025-05-31 10:43:50,742 | INFO | Gradient norm: 0.1306
2025-05-31 10:43:50,750 | INFO | Train batch  1800/10986 | ms/batch 165.01 | loss 2.1759 | bpb  3.14 | ppl     8.81 | lr 2.70e-04
2025-05-31 10:44:06,979 | INFO | Gradient norm: 0.1204
2025-05-31 10:44:06,987 | INFO | Train batch  1900/10986 | ms/batch 164.87 | loss 2.1098 | bpb  3.04 | ppl     8.25 | lr 2.85e-04
2025-05-31 10:44:23,215 | INFO | Gradient norm: 0.1348
2025-05-31 10:44:23,223 | INFO | Train batch  2000/10986 | ms/batch 164.74 | loss 2.0499 | bpb  2.96 | ppl     7.77 | lr 3.00e-04
2025-05-31 10:44:39,468 | INFO | Gradient norm: 0.0997
2025-05-31 10:44:39,475 | INFO | Train batch  2100/10986 | ms/batch 164.64 | loss 1.9955 | bpb  2.88 | ppl     7.36 | lr 3.00e-04
2025-05-31 10:44:55,702 | INFO | Gradient norm: 0.0896
2025-05-31 10:44:55,711 | INFO | Train batch  2200/10986 | ms/batch 164.53 | loss 1.9459 | bpb  2.81 | ppl     7.00 | lr 3.00e-04
2025-05-31 10:45:11,950 | INFO | Gradient norm: 0.0953
2025-05-31 10:45:11,958 | INFO | Train batch  2300/10986 | ms/batch 164.44 | loss 1.9005 | bpb  2.74 | ppl     6.69 | lr 3.00e-04
2025-05-31 10:45:28,180 | INFO | Gradient norm: 0.0999
2025-05-31 10:45:28,188 | INFO | Train batch  2400/10986 | ms/batch 164.35 | loss 1.8587 | bpb  2.68 | ppl     6.42 | lr 3.00e-04
2025-05-31 10:45:44,420 | INFO | Gradient norm: 0.0985
2025-05-31 10:45:44,428 | INFO | Train batch  2500/10986 | ms/batch 164.28 | loss 1.8202 | bpb  2.63 | ppl     6.17 | lr 3.00e-04
2025-05-31 10:46:00,664 | INFO | Gradient norm: 0.0863
2025-05-31 10:46:00,672 | INFO | Train batch  2600/10986 | ms/batch 164.21 | loss 1.7846 | bpb  2.57 | ppl     5.96 | lr 3.00e-04
2025-05-31 10:46:16,910 | INFO | Gradient norm: 0.0548
2025-05-31 10:46:16,918 | INFO | Train batch  2700/10986 | ms/batch 164.14 | loss 1.7516 | bpb  2.53 | ppl     5.76 | lr 3.00e-04
2025-05-31 10:46:33,139 | INFO | Gradient norm: 0.0685
2025-05-31 10:46:33,147 | INFO | Train batch  2800/10986 | ms/batch 164.07 | loss 1.7210 | bpb  2.48 | ppl     5.59 | lr 3.00e-04
2025-05-31 10:46:49,361 | INFO | Gradient norm: 0.0810
2025-05-31 10:46:49,368 | INFO | Train batch  2900/10986 | ms/batch 164.01 | loss 1.6924 | bpb  2.44 | ppl     5.43 | lr 3.00e-04
2025-05-31 10:47:05,570 | INFO | Gradient norm: 0.0559
2025-05-31 10:47:05,578 | INFO | Train batch  3000/10986 | ms/batch 163.95 | loss 1.6657 | bpb  2.40 | ppl     5.29 | lr 3.00e-04
2025-05-31 10:47:21,787 | INFO | Gradient norm: 0.0668
2025-05-31 10:47:21,795 | INFO | Train batch  3100/10986 | ms/batch 163.89 | loss 1.6406 | bpb  2.37 | ppl     5.16 | lr 3.00e-04
2025-05-31 10:47:38,020 | INFO | Gradient norm: 0.0942
2025-05-31 10:47:38,028 | INFO | Train batch  3200/10986 | ms/batch 163.84 | loss 1.6172 | bpb  2.33 | ppl     5.04 | lr 3.00e-04
2025-05-31 10:47:54,252 | INFO | Gradient norm: 0.0776
2025-05-31 10:47:54,259 | INFO | Train batch  3300/10986 | ms/batch 163.79 | loss 1.5951 | bpb  2.30 | ppl     4.93 | lr 3.00e-04
2025-05-31 10:48:10,483 | INFO | Gradient norm: 0.0838
2025-05-31 10:48:10,491 | INFO | Train batch  3400/10986 | ms/batch 163.75 | loss 1.5743 | bpb  2.27 | ppl     4.83 | lr 3.00e-04
2025-05-31 10:48:26,725 | INFO | Gradient norm: 0.0544
2025-05-31 10:48:26,733 | INFO | Train batch  3500/10986 | ms/batch 163.71 | loss 1.5547 | bpb  2.24 | ppl     4.73 | lr 3.00e-04
2025-05-31 10:48:42,965 | INFO | Gradient norm: 0.0521
2025-05-31 10:48:42,972 | INFO | Train batch  3600/10986 | ms/batch 163.68 | loss 1.5362 | bpb  2.22 | ppl     4.65 | lr 3.00e-04
2025-05-31 10:48:59,211 | INFO | Gradient norm: 0.0611
2025-05-31 10:48:59,219 | INFO | Train batch  3700/10986 | ms/batch 163.64 | loss 1.5187 | bpb  2.19 | ppl     4.57 | lr 3.00e-04
2025-05-31 10:49:15,446 | INFO | Gradient norm: 0.0671
2025-05-31 10:49:15,454 | INFO | Train batch  3800/10986 | ms/batch 163.61 | loss 1.5021 | bpb  2.17 | ppl     4.49 | lr 3.00e-04
2025-05-31 10:49:31,677 | INFO | Gradient norm: 0.0681
2025-05-31 10:49:31,684 | INFO | Train batch  3900/10986 | ms/batch 163.58 | loss 1.4864 | bpb  2.14 | ppl     4.42 | lr 3.00e-04
2025-05-31 10:49:47,919 | INFO | Gradient norm: 0.0539
2025-05-31 10:49:47,927 | INFO | Train batch  4000/10986 | ms/batch 163.55 | loss 1.4714 | bpb  2.12 | ppl     4.36 | lr 3.00e-04
2025-05-31 10:50:04,157 | INFO | Gradient norm: 0.0794
2025-05-31 10:50:04,165 | INFO | Train batch  4100/10986 | ms/batch 163.52 | loss 1.4571 | bpb  2.10 | ppl     4.29 | lr 3.00e-04
2025-05-31 10:50:20,404 | INFO | Gradient norm: 0.0712
2025-05-31 10:50:20,412 | INFO | Train batch  4200/10986 | ms/batch 163.49 | loss 1.4435 | bpb  2.08 | ppl     4.24 | lr 3.00e-04
2025-05-31 10:50:36,636 | INFO | Gradient norm: 0.0522
2025-05-31 10:50:36,644 | INFO | Train batch  4300/10986 | ms/batch 163.47 | loss 1.4306 | bpb  2.06 | ppl     4.18 | lr 3.00e-04
2025-05-31 10:50:52,870 | INFO | Gradient norm: 0.0840
2025-05-31 10:50:52,878 | INFO | Train batch  4400/10986 | ms/batch 163.44 | loss 1.4182 | bpb  2.05 | ppl     4.13 | lr 3.00e-04
2025-05-31 10:51:09,121 | INFO | Gradient norm: 0.0487
2025-05-31 10:51:09,128 | INFO | Train batch  4500/10986 | ms/batch 163.42 | loss 1.4064 | bpb  2.03 | ppl     4.08 | lr 3.00e-04
2025-05-31 10:51:25,351 | INFO | Gradient norm: 0.0635
2025-05-31 10:51:25,359 | INFO | Train batch  4600/10986 | ms/batch 163.40 | loss 1.3951 | bpb  2.01 | ppl     4.04 | lr 3.00e-04
2025-05-31 10:51:41,598 | INFO | Gradient norm: 0.0716
2025-05-31 10:51:41,606 | INFO | Train batch  4700/10986 | ms/batch 163.38 | loss 1.3843 | bpb  2.00 | ppl     3.99 | lr 3.00e-04
2025-05-31 10:51:57,829 | INFO | Gradient norm: 0.0286
2025-05-31 10:51:57,837 | INFO | Train batch  4800/10986 | ms/batch 163.35 | loss 1.3739 | bpb  1.98 | ppl     3.95 | lr 3.00e-04
2025-05-31 10:52:14,065 | INFO | Gradient norm: 0.0347
2025-05-31 10:52:14,073 | INFO | Train batch  4900/10986 | ms/batch 163.33 | loss 1.3639 | bpb  1.97 | ppl     3.91 | lr 3.00e-04
2025-05-31 10:52:30,310 | INFO | Gradient norm: 0.0646
2025-05-31 10:52:30,317 | INFO | Train batch  5000/10986 | ms/batch 163.32 | loss 1.3543 | bpb  1.95 | ppl     3.87 | lr 3.00e-04
2025-05-31 10:52:46,556 | INFO | Gradient norm: 0.0495
2025-05-31 10:52:46,564 | INFO | Train batch  5100/10986 | ms/batch 163.30 | loss 1.3451 | bpb  1.94 | ppl     3.84 | lr 3.00e-04
2025-05-31 10:53:02,785 | INFO | Gradient norm: 0.0896
2025-05-31 10:53:02,793 | INFO | Train batch  5200/10986 | ms/batch 163.28 | loss 1.3362 | bpb  1.93 | ppl     3.80 | lr 3.00e-04
2025-05-31 10:53:19,016 | INFO | Gradient norm: 0.0304
2025-05-31 10:53:19,024 | INFO | Train batch  5300/10986 | ms/batch 163.26 | loss 1.3277 | bpb  1.92 | ppl     3.77 | lr 3.00e-04
2025-05-31 10:53:35,264 | INFO | Gradient norm: 0.0441
2025-05-31 10:53:35,272 | INFO | Train batch  5400/10986 | ms/batch 163.25 | loss 1.3195 | bpb  1.90 | ppl     3.74 | lr 3.00e-04
2025-05-31 10:53:51,500 | INFO | Gradient norm: 0.0422
2025-05-31 10:53:51,508 | INFO | Train batch  5500/10986 | ms/batch 163.23 | loss 1.3116 | bpb  1.89 | ppl     3.71 | lr 3.00e-04
2025-05-31 10:54:07,747 | INFO | Gradient norm: 0.0223
2025-05-31 10:54:07,755 | INFO | Train batch  5600/10986 | ms/batch 163.22 | loss 1.3040 | bpb  1.88 | ppl     3.68 | lr 3.00e-04
2025-05-31 10:54:23,978 | INFO | Gradient norm: 0.0497
2025-05-31 10:54:23,986 | INFO | Train batch  5700/10986 | ms/batch 163.20 | loss 1.2966 | bpb  1.87 | ppl     3.66 | lr 3.00e-04
2025-05-31 10:54:40,215 | INFO | Gradient norm: 0.0348
2025-05-31 10:54:40,223 | INFO | Train batch  5800/10986 | ms/batch 163.19 | loss 1.2895 | bpb  1.86 | ppl     3.63 | lr 3.00e-04
2025-05-31 10:54:56,459 | INFO | Gradient norm: 0.0456
2025-05-31 10:54:56,467 | INFO | Train batch  5900/10986 | ms/batch 163.17 | loss 1.2826 | bpb  1.85 | ppl     3.61 | lr 3.00e-04
2025-05-31 10:55:12,705 | INFO | Gradient norm: 0.0478
2025-05-31 10:55:12,713 | INFO | Train batch  6000/10986 | ms/batch 163.16 | loss 1.2760 | bpb  1.84 | ppl     3.58 | lr 3.00e-04
2025-05-31 10:55:28,934 | INFO | Gradient norm: 0.0238
2025-05-31 10:55:28,942 | INFO | Train batch  6100/10986 | ms/batch 163.15 | loss 1.2696 | bpb  1.83 | ppl     3.56 | lr 3.00e-04
2025-05-31 10:55:45,165 | INFO | Gradient norm: 0.0398
2025-05-31 10:55:45,173 | INFO | Train batch  6200/10986 | ms/batch 163.13 | loss 1.2634 | bpb  1.82 | ppl     3.54 | lr 3.00e-04
2025-05-31 10:56:01,406 | INFO | Gradient norm: 0.0329
2025-05-31 10:56:01,414 | INFO | Train batch  6300/10986 | ms/batch 163.12 | loss 1.2573 | bpb  1.81 | ppl     3.52 | lr 3.00e-04
2025-05-31 10:56:17,643 | INFO | Gradient norm: 0.0551
2025-05-31 10:56:17,651 | INFO | Train batch  6400/10986 | ms/batch 163.11 | loss 1.2515 | bpb  1.81 | ppl     3.50 | lr 3.00e-04
2025-05-31 10:56:33,889 | INFO | Gradient norm: 0.0395
2025-05-31 10:56:33,897 | INFO | Train batch  6500/10986 | ms/batch 163.10 | loss 1.2458 | bpb  1.80 | ppl     3.48 | lr 3.00e-04
2025-05-31 10:56:50,118 | INFO | Gradient norm: 0.0310
2025-05-31 10:56:50,126 | INFO | Train batch  6600/10986 | ms/batch 163.09 | loss 1.2404 | bpb  1.79 | ppl     3.46 | lr 3.00e-04
2025-05-31 10:57:06,354 | INFO | Gradient norm: 0.0303
2025-05-31 10:57:06,361 | INFO | Train batch  6700/10986 | ms/batch 163.08 | loss 1.2350 | bpb  1.78 | ppl     3.44 | lr 3.00e-04
2025-05-31 10:57:22,603 | INFO | Gradient norm: 0.0291
2025-05-31 10:57:22,611 | INFO | Train batch  6800/10986 | ms/batch 163.07 | loss 1.2299 | bpb  1.77 | ppl     3.42 | lr 3.00e-04
2025-05-31 10:57:38,852 | INFO | Gradient norm: 0.0221
2025-05-31 10:57:38,860 | INFO | Train batch  6900/10986 | ms/batch 163.06 | loss 1.2249 | bpb  1.77 | ppl     3.40 | lr 3.00e-04
2025-05-31 10:57:55,085 | INFO | Gradient norm: 0.0584
2025-05-31 10:57:55,093 | INFO | Train batch  7000/10986 | ms/batch 163.05 | loss 1.2200 | bpb  1.76 | ppl     3.39 | lr 3.00e-04
2025-05-31 10:58:11,318 | INFO | Gradient norm: 0.0437
2025-05-31 10:58:11,326 | INFO | Train batch  7100/10986 | ms/batch 163.04 | loss 1.2153 | bpb  1.75 | ppl     3.37 | lr 3.00e-04
2025-05-31 10:58:27,561 | INFO | Gradient norm: 0.0420
2025-05-31 10:58:27,569 | INFO | Train batch  7200/10986 | ms/batch 163.03 | loss 1.2107 | bpb  1.75 | ppl     3.36 | lr 3.00e-04
2025-05-31 10:58:43,802 | INFO | Gradient norm: 0.0275
2025-05-31 10:58:43,810 | INFO | Train batch  7300/10986 | ms/batch 163.02 | loss 1.2062 | bpb  1.74 | ppl     3.34 | lr 3.00e-04
2025-05-31 10:59:00,049 | INFO | Gradient norm: 0.0417
2025-05-31 10:59:00,057 | INFO | Train batch  7400/10986 | ms/batch 163.02 | loss 1.2018 | bpb  1.73 | ppl     3.33 | lr 3.00e-04
2025-05-31 10:59:16,279 | INFO | Gradient norm: 0.0400
2025-05-31 10:59:16,286 | INFO | Train batch  7500/10986 | ms/batch 163.01 | loss 1.1976 | bpb  1.73 | ppl     3.31 | lr 3.00e-04
2025-05-31 10:59:32,512 | INFO | Gradient norm: 0.0414
2025-05-31 10:59:32,520 | INFO | Train batch  7600/10986 | ms/batch 163.00 | loss 1.1934 | bpb  1.72 | ppl     3.30 | lr 3.00e-04
2025-05-31 10:59:48,761 | INFO | Gradient norm: 0.0146
2025-05-31 10:59:48,768 | INFO | Train batch  7700/10986 | ms/batch 162.99 | loss 1.1894 | bpb  1.72 | ppl     3.29 | lr 3.00e-04
2025-05-31 11:00:05,008 | INFO | Gradient norm: 0.0463
2025-05-31 11:00:05,016 | INFO | Train batch  7800/10986 | ms/batch 162.98 | loss 1.1855 | bpb  1.71 | ppl     3.27 | lr 3.00e-04
2025-05-31 11:00:21,242 | INFO | Gradient norm: 0.0520
2025-05-31 11:00:21,250 | INFO | Train batch  7900/10986 | ms/batch 162.98 | loss 1.1817 | bpb  1.70 | ppl     3.26 | lr 3.00e-04
2025-05-31 11:00:37,474 | INFO | Gradient norm: 0.0728
2025-05-31 11:00:37,482 | INFO | Train batch  8000/10986 | ms/batch 162.97 | loss 1.1779 | bpb  1.70 | ppl     3.25 | lr 3.00e-04
2025-05-31 11:00:53,722 | INFO | Gradient norm: 0.0453
2025-05-31 11:00:53,730 | INFO | Train batch  8100/10986 | ms/batch 162.96 | loss 1.1743 | bpb  1.69 | ppl     3.24 | lr 3.00e-04
2025-05-31 11:01:09,958 | INFO | Gradient norm: 0.0364
2025-05-31 11:01:09,966 | INFO | Train batch  8200/10986 | ms/batch 162.95 | loss 1.1708 | bpb  1.69 | ppl     3.22 | lr 3.00e-04
2025-05-31 11:01:26,205 | INFO | Gradient norm: 0.0340
2025-05-31 11:01:26,213 | INFO | Train batch  8300/10986 | ms/batch 162.95 | loss 1.1673 | bpb  1.68 | ppl     3.21 | lr 3.00e-04
2025-05-31 11:01:42,436 | INFO | Gradient norm: 0.0139
2025-05-31 11:01:42,444 | INFO | Train batch  8400/10986 | ms/batch 162.94 | loss 1.1639 | bpb  1.68 | ppl     3.20 | lr 3.00e-04
2025-05-31 11:01:58,674 | INFO | Gradient norm: 0.0333
2025-05-31 11:01:58,682 | INFO | Train batch  8500/10986 | ms/batch 162.93 | loss 1.1606 | bpb  1.67 | ppl     3.19 | lr 3.00e-04
2025-05-31 11:02:14,917 | INFO | Gradient norm: 0.0336
2025-05-31 11:02:14,925 | INFO | Train batch  8600/10986 | ms/batch 162.93 | loss 1.1574 | bpb  1.67 | ppl     3.18 | lr 3.00e-04
2025-05-31 11:02:31,163 | INFO | Gradient norm: 0.0297
2025-05-31 11:02:31,171 | INFO | Train batch  8700/10986 | ms/batch 162.92 | loss 1.1542 | bpb  1.67 | ppl     3.17 | lr 3.00e-04
2025-05-31 11:02:47,393 | INFO | Gradient norm: 0.0322
2025-05-31 11:02:47,401 | INFO | Train batch  8800/10986 | ms/batch 162.92 | loss 1.1511 | bpb  1.66 | ppl     3.16 | lr 3.00e-04
2025-05-31 11:03:03,626 | INFO | Gradient norm: 0.0415
2025-05-31 11:03:03,634 | INFO | Train batch  8900/10986 | ms/batch 162.91 | loss 1.1481 | bpb  1.66 | ppl     3.15 | lr 3.00e-04
2025-05-31 11:03:19,875 | INFO | Gradient norm: 0.0347
2025-05-31 11:03:19,883 | INFO | Train batch  9000/10986 | ms/batch 162.91 | loss 1.1452 | bpb  1.65 | ppl     3.14 | lr 3.00e-04
2025-05-31 11:03:36,120 | INFO | Gradient norm: 0.0332
2025-05-31 11:03:36,128 | INFO | Train batch  9100/10986 | ms/batch 162.90 | loss 1.1423 | bpb  1.65 | ppl     3.13 | lr 3.00e-04
2025-05-31 11:03:52,352 | INFO | Gradient norm: 0.0950
2025-05-31 11:03:52,359 | INFO | Train batch  9200/10986 | ms/batch 162.89 | loss 1.1395 | bpb  1.64 | ppl     3.13 | lr 3.00e-04
2025-05-31 11:04:08,583 | INFO | Gradient norm: 0.0328
2025-05-31 11:04:08,591 | INFO | Train batch  9300/10986 | ms/batch 162.89 | loss 1.1367 | bpb  1.64 | ppl     3.12 | lr 3.00e-04
2025-05-31 11:04:24,825 | INFO | Gradient norm: 0.0450
2025-05-31 11:04:24,833 | INFO | Train batch  9400/10986 | ms/batch 162.88 | loss 1.1340 | bpb  1.64 | ppl     3.11 | lr 3.00e-04
2025-05-31 11:04:41,065 | INFO | Gradient norm: 0.0214
2025-05-31 11:04:41,072 | INFO | Train batch  9500/10986 | ms/batch 162.88 | loss 1.1313 | bpb  1.63 | ppl     3.10 | lr 3.00e-04
2025-05-31 11:04:57,309 | INFO | Gradient norm: 0.0527
2025-05-31 11:04:57,317 | INFO | Train batch  9600/10986 | ms/batch 162.87 | loss 1.1288 | bpb  1.63 | ppl     3.09 | lr 3.00e-04
2025-05-31 11:05:13,540 | INFO | Gradient norm: 0.0294
2025-05-31 11:05:13,547 | INFO | Train batch  9700/10986 | ms/batch 162.87 | loss 1.1262 | bpb  1.62 | ppl     3.08 | lr 3.00e-04
2025-05-31 11:05:29,776 | INFO | Gradient norm: 0.0523
2025-05-31 11:05:29,784 | INFO | Train batch  9800/10986 | ms/batch 162.86 | loss 1.1237 | bpb  1.62 | ppl     3.08 | lr 3.00e-04
2025-05-31 11:05:46,024 | INFO | Gradient norm: 0.0388
2025-05-31 11:05:46,032 | INFO | Train batch  9900/10986 | ms/batch 162.86 | loss 1.1213 | bpb  1.62 | ppl     3.07 | lr 3.00e-04
2025-05-31 11:06:02,269 | INFO | Gradient norm: 0.0314
2025-05-31 11:06:02,277 | INFO | Train batch 10000/10986 | ms/batch 162.85 | loss 1.1189 | bpb  1.61 | ppl     3.06 | lr 3.00e-04
2025-05-31 11:06:18,497 | INFO | Gradient norm: 0.0258
2025-05-31 11:06:18,505 | INFO | Train batch 10100/10986 | ms/batch 162.85 | loss 1.1166 | bpb  1.61 | ppl     3.05 | lr 3.00e-04
2025-05-31 11:06:34,726 | INFO | Gradient norm: 0.0342
2025-05-31 11:06:34,734 | INFO | Train batch 10200/10986 | ms/batch 162.84 | loss 1.1143 | bpb  1.61 | ppl     3.05 | lr 3.00e-04
2025-05-31 11:06:50,973 | INFO | Gradient norm: 0.0240
2025-05-31 11:06:50,981 | INFO | Train batch 10300/10986 | ms/batch 162.84 | loss 1.1120 | bpb  1.60 | ppl     3.04 | lr 3.00e-04
2025-05-31 11:07:07,211 | INFO | Gradient norm: 0.0330
2025-05-31 11:07:07,219 | INFO | Train batch 10400/10986 | ms/batch 162.83 | loss 1.1098 | bpb  1.60 | ppl     3.03 | lr 3.00e-04
2025-05-31 11:07:23,453 | INFO | Gradient norm: 0.0386
2025-05-31 11:07:23,460 | INFO | Train batch 10500/10986 | ms/batch 162.83 | loss 1.1077 | bpb  1.60 | ppl     3.03 | lr 3.00e-04
2025-05-31 11:07:39,683 | INFO | Gradient norm: 0.0139
2025-05-31 11:07:39,691 | INFO | Train batch 10600/10986 | ms/batch 162.83 | loss 1.1055 | bpb  1.59 | ppl     3.02 | lr 3.00e-04
2025-05-31 11:07:55,926 | INFO | Gradient norm: 0.0546
2025-05-31 11:07:55,934 | INFO | Train batch 10700/10986 | ms/batch 162.82 | loss 1.1034 | bpb  1.59 | ppl     3.01 | lr 3.00e-04
2025-05-31 11:08:12,166 | INFO | Gradient norm: 0.0226
2025-05-31 11:08:12,173 | INFO | Train batch 10800/10986 | ms/batch 162.82 | loss 1.1014 | bpb  1.59 | ppl     3.01 | lr 3.00e-04
2025-05-31 11:08:28,411 | INFO | Gradient norm: 0.0343
2025-05-31 11:08:28,419 | INFO | Train batch 10900/10986 | ms/batch 162.81 | loss 1.0994 | bpb  1.59 | ppl     3.00 | lr 3.00e-04
2025-05-31 11:09:52,452 | INFO | Epoch   0 | time: 1858.88s | train bpb  1.58 | valid bpb  1.28
2025-05-31 11:09:53,054 | INFO | Saved new best model with validation bpb:  1.28
2025-05-31 11:09:53,740 | INFO | Input shape: torch.Size([16, 511]), Target shape: torch.Size([16, 511])
2025-05-31 11:09:53,741 | INFO | Input range: [10, 226]
2025-05-31 11:09:53,741 | INFO | Target range: [10, 226]
2025-05-31 11:09:53,785 | INFO | Output shape: torch.Size([8176, 256]), Reshaped target shape: torch.Size([8176])
2025-05-31 11:09:53,787 | INFO | Output range: [-4.69140625, 8.6796875]
2025-05-31 11:09:53,787 | INFO | Sample probabilities: max=0.9056593179702759, min=0.00024311098968610168
2025-05-31 11:09:53,788 | INFO | Raw loss value: 0.8823525309562683
2025-05-31 11:09:53,788 | INFO | Batch 0 loss stats - Mean: -0.1880, Std: 0.5635
2025-05-31 11:09:53,899 | INFO | Gradient norm: 0.0215
2025-05-31 11:09:53,906 | INFO | Train batch     0/10986 | ms/batch 166.42 | loss 0.8824 | bpb  1.27 | ppl     2.42 | lr 3.00e-04
2025-05-31 11:10:10,122 | INFO | Gradient norm: 0.0215
2025-05-31 11:10:10,130 | INFO | Train batch   100/10986 | ms/batch 162.28 | loss 0.8845 | bpb  1.28 | ppl     2.42 | lr 3.00e-04
2025-05-31 11:10:26,345 | INFO | Gradient norm: 0.0372
2025-05-31 11:10:26,353 | INFO | Train batch   200/10986 | ms/batch 162.25 | loss 0.8837 | bpb  1.27 | ppl     2.42 | lr 3.00e-04
2025-05-31 11:10:42,584 | INFO | Gradient norm: 0.0141
2025-05-31 11:10:42,592 | INFO | Train batch   300/10986 | ms/batch 162.30 | loss 0.8832 | bpb  1.27 | ppl     2.42 | lr 3.00e-04
2025-05-31 11:10:58,810 | INFO | Gradient norm: 0.0402
2025-05-31 11:10:58,817 | INFO | Train batch   400/10986 | ms/batch 162.29 | loss 0.8830 | bpb  1.27 | ppl     2.42 | lr 3.00e-04
2025-05-31 11:11:15,047 | INFO | Gradient norm: 0.0328
2025-05-31 11:11:15,055 | INFO | Train batch   500/10986 | ms/batch 162.31 | loss 0.8828 | bpb  1.27 | ppl     2.42 | lr 3.00e-04
2025-05-31 11:11:31,265 | INFO | Gradient norm: 0.0432
2025-05-31 11:11:31,273 | INFO | Train batch   600/10986 | ms/batch 162.28 | loss 0.8827 | bpb  1.27 | ppl     2.42 | lr 3.00e-04
2025-05-31 11:11:47,492 | INFO | Gradient norm: 0.0313
2025-05-31 11:11:47,500 | INFO | Train batch   700/10986 | ms/batch 162.28 | loss 0.8826 | bpb  1.27 | ppl     2.42 | lr 3.00e-04
2025-05-31 11:12:03,699 | INFO | Gradient norm: 0.0143
2025-05-31 11:12:03,707 | INFO | Train batch   800/10986 | ms/batch 162.26 | loss 0.8826 | bpb  1.27 | ppl     2.42 | lr 3.00e-04
2025-05-31 11:12:19,909 | INFO | Gradient norm: 0.0153
2025-05-31 11:12:19,917 | INFO | Train batch   900/10986 | ms/batch 162.24 | loss 0.8825 | bpb  1.27 | ppl     2.42 | lr 3.00e-04
2025-05-31 11:12:36,103 | INFO | Gradient norm: 0.0569
2025-05-31 11:12:36,111 | INFO | Train batch  1000/10986 | ms/batch 162.21 | loss 0.8824 | bpb  1.27 | ppl     2.42 | lr 3.00e-04
2025-05-31 11:12:52,300 | INFO | Gradient norm: 0.0242
2025-05-31 11:12:52,308 | INFO | Train batch  1100/10986 | ms/batch 162.19 | loss 0.8824 | bpb  1.27 | ppl     2.42 | lr 3.00e-04
2025-05-31 11:13:08,513 | INFO | Gradient norm: 0.0169
2025-05-31 11:13:08,521 | INFO | Train batch  1200/10986 | ms/batch 162.18 | loss 0.8824 | bpb  1.27 | ppl     2.42 | lr 3.00e-04
2025-05-31 11:13:24,724 | INFO | Gradient norm: 0.0419
2025-05-31 11:13:24,732 | INFO | Train batch  1300/10986 | ms/batch 162.18 | loss 0.8824 | bpb  1.27 | ppl     2.42 | lr 3.00e-04
2025-05-31 11:13:40,918 | INFO | Gradient norm: 0.0289
2025-05-31 11:13:40,926 | INFO | Train batch  1400/10986 | ms/batch 162.16 | loss 0.8824 | bpb  1.27 | ppl     2.42 | lr 3.00e-04
2025-05-31 11:13:57,127 | INFO | Gradient norm: 0.0138
2025-05-31 11:13:57,135 | INFO | Train batch  1500/10986 | ms/batch 162.16 | loss 0.8823 | bpb  1.27 | ppl     2.42 | lr 3.00e-04
2025-05-31 11:14:13,359 | INFO | Gradient norm: 0.0237
2025-05-31 11:14:13,367 | INFO | Train batch  1600/10986 | ms/batch 162.17 | loss 0.8823 | bpb  1.27 | ppl     2.42 | lr 3.00e-04
2025-05-31 11:14:29,588 | INFO | Gradient norm: 0.0439
2025-05-31 11:14:29,596 | INFO | Train batch  1700/10986 | ms/batch 162.17 | loss 0.8823 | bpb  1.27 | ppl     2.42 | lr 3.00e-04
2025-05-31 11:14:45,824 | INFO | Gradient norm: 0.0118
2025-05-31 11:14:45,831 | INFO | Train batch  1800/10986 | ms/batch 162.18 | loss 0.8823 | bpb  1.27 | ppl     2.42 | lr 3.00e-04
2025-05-31 11:15:02,044 | INFO | Gradient norm: 0.0183
2025-05-31 11:15:02,052 | INFO | Train batch  1900/10986 | ms/batch 162.18 | loss 0.8823 | bpb  1.27 | ppl     2.42 | lr 3.00e-04
2025-05-31 11:15:18,272 | INFO | Gradient norm: 0.0153
2025-05-31 11:15:18,279 | INFO | Train batch  2000/10986 | ms/batch 162.19 | loss 0.8823 | bpb  1.27 | ppl     2.42 | lr 3.00e-04
2025-05-31 11:15:34,512 | INFO | Gradient norm: 0.0239
2025-05-31 11:15:34,519 | INFO | Train batch  2100/10986 | ms/batch 162.20 | loss 0.8823 | bpb  1.27 | ppl     2.42 | lr 3.00e-04
2025-05-31 11:15:50,751 | INFO | Gradient norm: 0.0131
2025-05-31 11:15:50,759 | INFO | Train batch  2200/10986 | ms/batch 162.21 | loss 0.8823 | bpb  1.27 | ppl     2.42 | lr 3.00e-04
2025-05-31 11:16:06,975 | INFO | Gradient norm: 0.0467
2025-05-31 11:16:06,983 | INFO | Train batch  2300/10986 | ms/batch 162.21 | loss 0.8823 | bpb  1.27 | ppl     2.42 | lr 3.00e-04
2025-05-31 11:16:23,199 | INFO | Gradient norm: 0.0428
2025-05-31 11:16:23,207 | INFO | Train batch  2400/10986 | ms/batch 162.21 | loss 0.8823 | bpb  1.27 | ppl     2.42 | lr 3.00e-04
2025-05-31 11:16:39,439 | INFO | Gradient norm: 0.0168
2025-05-31 11:16:39,446 | INFO | Train batch  2500/10986 | ms/batch 162.22 | loss 0.8823 | bpb  1.27 | ppl     2.42 | lr 3.00e-04
2025-05-31 11:16:55,671 | INFO | Gradient norm: 0.0292
2025-05-31 11:16:55,679 | INFO | Train batch  2600/10986 | ms/batch 162.22 | loss 0.8822 | bpb  1.27 | ppl     2.42 | lr 3.00e-04
2025-05-31 11:17:11,907 | INFO | Gradient norm: 0.0281
2025-05-31 11:17:11,914 | INFO | Train batch  2700/10986 | ms/batch 162.23 | loss 0.8822 | bpb  1.27 | ppl     2.42 | lr 3.00e-04
2025-05-31 11:17:28,132 | INFO | Gradient norm: 0.0260
2025-05-31 11:17:28,140 | INFO | Train batch  2800/10986 | ms/batch 162.23 | loss 0.8822 | bpb  1.27 | ppl     2.42 | lr 3.00e-04
2025-05-31 11:17:44,368 | INFO | Gradient norm: 0.0299
2025-05-31 11:17:44,376 | INFO | Train batch  2900/10986 | ms/batch 162.23 | loss 0.8822 | bpb  1.27 | ppl     2.42 | lr 3.00e-04
2025-05-31 11:18:00,602 | INFO | Gradient norm: 0.0143
2025-05-31 11:18:00,610 | INFO | Train batch  3000/10986 | ms/batch 162.24 | loss 0.8822 | bpb  1.27 | ppl     2.42 | lr 3.00e-04
2025-05-31 11:18:16,843 | INFO | Gradient norm: 0.0388
2025-05-31 11:18:16,850 | INFO | Train batch  3100/10986 | ms/batch 162.24 | loss 0.8822 | bpb  1.27 | ppl     2.42 | lr 3.00e-04
2025-05-31 11:18:33,067 | INFO | Gradient norm: 0.0198
2025-05-31 11:18:33,074 | INFO | Train batch  3200/10986 | ms/batch 162.24 | loss 0.8822 | bpb  1.27 | ppl     2.42 | lr 3.00e-04
2025-05-31 11:18:49,293 | INFO | Gradient norm: 0.0146
2025-05-31 11:18:49,301 | INFO | Train batch  3300/10986 | ms/batch 162.24 | loss 0.8822 | bpb  1.27 | ppl     2.42 | lr 3.00e-04
2025-05-31 11:19:05,535 | INFO | Gradient norm: 0.0173
2025-05-31 11:19:05,543 | INFO | Train batch  3400/10986 | ms/batch 162.25 | loss 0.8822 | bpb  1.27 | ppl     2.42 | lr 3.00e-04
2025-05-31 11:19:21,776 | INFO | Gradient norm: 0.0196
2025-05-31 11:19:21,784 | INFO | Train batch  3500/10986 | ms/batch 162.25 | loss 0.8822 | bpb  1.27 | ppl     2.42 | lr 3.00e-04
2025-05-31 11:19:38,000 | INFO | Gradient norm: 0.0372
2025-05-31 11:19:38,008 | INFO | Train batch  3600/10986 | ms/batch 162.25 | loss 0.8821 | bpb  1.27 | ppl     2.42 | lr 3.00e-04
2025-05-31 11:19:54,226 | INFO | Gradient norm: 0.0118
2025-05-31 11:19:54,234 | INFO | Train batch  3700/10986 | ms/batch 162.25 | loss 0.8822 | bpb  1.27 | ppl     2.42 | lr 3.00e-04
2025-05-31 11:20:10,474 | INFO | Gradient norm: 0.0401
2025-05-31 11:20:10,482 | INFO | Train batch  3800/10986 | ms/batch 162.26 | loss 0.8822 | bpb  1.27 | ppl     2.42 | lr 3.00e-04
2025-05-31 11:20:26,704 | INFO | Gradient norm: 0.0289
2025-05-31 11:20:26,712 | INFO | Train batch  3900/10986 | ms/batch 162.26 | loss 0.8821 | bpb  1.27 | ppl     2.42 | lr 3.00e-04
2025-05-31 11:20:42,948 | INFO | Gradient norm: 0.0368
2025-05-31 11:20:42,956 | INFO | Train batch  4000/10986 | ms/batch 162.26 | loss 0.8821 | bpb  1.27 | ppl     2.42 | lr 3.00e-04
2025-05-31 11:20:59,173 | INFO | Gradient norm: 0.0128
2025-05-31 11:20:59,181 | INFO | Train batch  4100/10986 | ms/batch 162.26 | loss 0.8821 | bpb  1.27 | ppl     2.42 | lr 3.00e-04
2025-05-31 11:21:15,410 | INFO | Gradient norm: 0.0383
2025-05-31 11:21:15,418 | INFO | Train batch  4200/10986 | ms/batch 162.27 | loss 0.8821 | bpb  1.27 | ppl     2.42 | lr 3.00e-04
2025-05-31 11:21:31,643 | INFO | Gradient norm: 0.0377
2025-05-31 11:21:31,651 | INFO | Train batch  4300/10986 | ms/batch 162.27 | loss 0.8821 | bpb  1.27 | ppl     2.42 | lr 3.00e-04
2025-05-31 11:21:47,883 | INFO | Gradient norm: 0.0126
2025-05-31 11:21:47,891 | INFO | Train batch  4400/10986 | ms/batch 162.27 | loss 0.8821 | bpb  1.27 | ppl     2.42 | lr 3.00e-04
2025-05-31 11:22:04,107 | INFO | Gradient norm: 0.0218
2025-05-31 11:22:04,115 | INFO | Train batch  4500/10986 | ms/batch 162.27 | loss 0.8821 | bpb  1.27 | ppl     2.42 | lr 3.00e-04
2025-05-31 11:22:20,333 | INFO | Gradient norm: 0.0225
2025-05-31 11:22:20,341 | INFO | Train batch  4600/10986 | ms/batch 162.27 | loss 0.8821 | bpb  1.27 | ppl     2.42 | lr 3.00e-04
2025-05-31 11:22:36,575 | INFO | Gradient norm: 0.0188
2025-05-31 11:22:36,582 | INFO | Train batch  4700/10986 | ms/batch 162.27 | loss 0.8821 | bpb  1.27 | ppl     2.42 | lr 3.00e-04
2025-05-31 11:22:52,815 | INFO | Gradient norm: 0.0230
2025-05-31 11:22:52,823 | INFO | Train batch  4800/10986 | ms/batch 162.28 | loss 0.8821 | bpb  1.27 | ppl     2.42 | lr 3.00e-04
2025-05-31 11:23:09,039 | INFO | Gradient norm: 0.0260
2025-05-31 11:23:09,047 | INFO | Train batch  4900/10986 | ms/batch 162.27 | loss 0.8821 | bpb  1.27 | ppl     2.42 | lr 3.00e-04
2025-05-31 11:23:25,264 | INFO | Gradient norm: 0.0117
2025-05-31 11:23:25,272 | INFO | Train batch  5000/10986 | ms/batch 162.27 | loss 0.8821 | bpb  1.27 | ppl     2.42 | lr 3.00e-04
2025-05-31 11:23:41,505 | INFO | Gradient norm: 0.0122
2025-05-31 11:23:41,513 | INFO | Train batch  5100/10986 | ms/batch 162.28 | loss 0.8821 | bpb  1.27 | ppl     2.42 | lr 3.00e-04
2025-05-31 11:23:57,737 | INFO | Gradient norm: 0.0118
2025-05-31 11:23:57,745 | INFO | Train batch  5200/10986 | ms/batch 162.28 | loss 0.8821 | bpb  1.27 | ppl     2.42 | lr 3.00e-04
2025-05-31 11:24:13,978 | INFO | Gradient norm: 0.0612
2025-05-31 11:24:13,985 | INFO | Train batch  5300/10986 | ms/batch 162.28 | loss 0.8821 | bpb  1.27 | ppl     2.42 | lr 3.00e-04
2025-05-31 11:24:30,203 | INFO | Gradient norm: 0.0188
2025-05-31 11:24:30,211 | INFO | Train batch  5400/10986 | ms/batch 162.28 | loss 0.8821 | bpb  1.27 | ppl     2.42 | lr 3.00e-04
2025-05-31 11:24:46,437 | INFO | Gradient norm: 0.0267
2025-05-31 11:24:46,444 | INFO | Train batch  5500/10986 | ms/batch 162.28 | loss 0.8820 | bpb  1.27 | ppl     2.42 | lr 2.99e-04
2025-05-31 11:25:02,680 | INFO | Gradient norm: 0.0277
2025-05-31 11:25:02,687 | INFO | Train batch  5600/10986 | ms/batch 162.28 | loss 0.8820 | bpb  1.27 | ppl     2.42 | lr 2.99e-04
2025-05-31 11:25:18,922 | INFO | Gradient norm: 0.0227
2025-05-31 11:25:18,930 | INFO | Train batch  5700/10986 | ms/batch 162.29 | loss 0.8820 | bpb  1.27 | ppl     2.42 | lr 2.99e-04
2025-05-31 11:25:35,149 | INFO | Gradient norm: 0.0217
2025-05-31 11:25:35,156 | INFO | Train batch  5800/10986 | ms/batch 162.29 | loss 0.8820 | bpb  1.27 | ppl     2.42 | lr 2.99e-04
2025-05-31 11:25:51,377 | INFO | Gradient norm: 0.0326
2025-05-31 11:25:51,384 | INFO | Train batch  5900/10986 | ms/batch 162.29 | loss 0.8820 | bpb  1.27 | ppl     2.42 | lr 2.99e-04
2025-05-31 11:26:07,618 | INFO | Gradient norm: 0.0221
2025-05-31 11:26:07,626 | INFO | Train batch  6000/10986 | ms/batch 162.29 | loss 0.8820 | bpb  1.27 | ppl     2.42 | lr 2.99e-04
2025-05-31 11:26:23,858 | INFO | Gradient norm: 0.0710
2025-05-31 11:26:23,865 | INFO | Train batch  6100/10986 | ms/batch 162.29 | loss 0.8820 | bpb  1.27 | ppl     2.42 | lr 2.99e-04
2025-05-31 11:26:40,080 | INFO | Gradient norm: 0.0195
2025-05-31 11:26:40,088 | INFO | Train batch  6200/10986 | ms/batch 162.29 | loss 0.8820 | bpb  1.27 | ppl     2.42 | lr 2.99e-04
2025-05-31 11:26:56,304 | INFO | Gradient norm: 0.0108
2025-05-31 11:26:56,311 | INFO | Train batch  6300/10986 | ms/batch 162.29 | loss 0.8820 | bpb  1.27 | ppl     2.42 | lr 2.99e-04
2025-05-31 11:27:12,536 | INFO | Gradient norm: 0.0274
2025-05-31 11:27:12,544 | INFO | Train batch  6400/10986 | ms/batch 162.29 | loss 0.8820 | bpb  1.27 | ppl     2.42 | lr 2.99e-04
2025-05-31 11:27:28,770 | INFO | Gradient norm: 0.0114
2025-05-31 11:27:28,777 | INFO | Train batch  6500/10986 | ms/batch 162.29 | loss 0.8820 | bpb  1.27 | ppl     2.42 | lr 2.99e-04
2025-05-31 11:27:45,009 | INFO | Gradient norm: 0.0219
2025-05-31 11:27:45,016 | INFO | Train batch  6600/10986 | ms/batch 162.29 | loss 0.8820 | bpb  1.27 | ppl     2.42 | lr 2.99e-04
2025-05-31 11:28:01,237 | INFO | Gradient norm: 0.0335
2025-05-31 11:28:01,245 | INFO | Train batch  6700/10986 | ms/batch 162.29 | loss 0.8820 | bpb  1.27 | ppl     2.42 | lr 2.99e-04
2025-05-31 11:28:17,468 | INFO | Gradient norm: 0.0100
2025-05-31 11:28:17,476 | INFO | Train batch  6800/10986 | ms/batch 162.29 | loss 0.8820 | bpb  1.27 | ppl     2.42 | lr 2.99e-04
2025-05-31 11:28:33,706 | INFO | Gradient norm: 0.0201
2025-05-31 11:28:33,713 | INFO | Train batch  6900/10986 | ms/batch 162.29 | loss 0.8820 | bpb  1.27 | ppl     2.42 | lr 2.99e-04
2025-05-31 11:28:49,944 | INFO | Gradient norm: 0.0204
2025-05-31 11:28:49,952 | INFO | Train batch  7000/10986 | ms/batch 162.29 | loss 0.8820 | bpb  1.27 | ppl     2.42 | lr 2.99e-04
2025-05-31 11:29:06,167 | INFO | Gradient norm: 0.0140
2025-05-31 11:29:06,174 | INFO | Train batch  7100/10986 | ms/batch 162.29 | loss 0.8820 | bpb  1.27 | ppl     2.42 | lr 2.99e-04
2025-05-31 11:29:22,388 | INFO | Gradient norm: 0.0100
2025-05-31 11:29:22,396 | INFO | Train batch  7200/10986 | ms/batch 162.29 | loss 0.8820 | bpb  1.27 | ppl     2.42 | lr 2.99e-04
2025-05-31 11:29:38,623 | INFO | Gradient norm: 0.0344
2025-05-31 11:29:38,631 | INFO | Train batch  7300/10986 | ms/batch 162.29 | loss 0.8820 | bpb  1.27 | ppl     2.42 | lr 2.99e-04
2025-05-31 11:29:54,855 | INFO | Gradient norm: 0.0228
2025-05-31 11:29:54,862 | INFO | Train batch  7400/10986 | ms/batch 162.29 | loss 0.8820 | bpb  1.27 | ppl     2.42 | lr 2.99e-04
2025-05-31 11:30:11,089 | INFO | Gradient norm: 0.0193
2025-05-31 11:30:11,097 | INFO | Train batch  7500/10986 | ms/batch 162.29 | loss 0.8819 | bpb  1.27 | ppl     2.42 | lr 2.99e-04
2025-05-31 11:30:27,310 | INFO | Gradient norm: 0.0321
2025-05-31 11:30:27,318 | INFO | Train batch  7600/10986 | ms/batch 162.29 | loss 0.8819 | bpb  1.27 | ppl     2.42 | lr 2.99e-04
2025-05-31 11:30:43,535 | INFO | Gradient norm: 0.0294
2025-05-31 11:30:43,543 | INFO | Train batch  7700/10986 | ms/batch 162.29 | loss 0.8819 | bpb  1.27 | ppl     2.42 | lr 2.99e-04
2025-05-31 11:30:59,763 | INFO | Gradient norm: 0.0199
2025-05-31 11:30:59,771 | INFO | Train batch  7800/10986 | ms/batch 162.29 | loss 0.8819 | bpb  1.27 | ppl     2.42 | lr 2.99e-04
2025-05-31 11:31:15,999 | INFO | Gradient norm: 0.0200
2025-05-31 11:31:16,006 | INFO | Train batch  7900/10986 | ms/batch 162.29 | loss 0.8819 | bpb  1.27 | ppl     2.42 | lr 2.99e-04
2025-05-31 11:31:32,223 | INFO | Gradient norm: 0.0105
2025-05-31 11:31:32,231 | INFO | Train batch  8000/10986 | ms/batch 162.29 | loss 0.8819 | bpb  1.27 | ppl     2.42 | lr 2.99e-04
2025-05-31 11:31:48,444 | INFO | Gradient norm: 0.0218
2025-05-31 11:31:48,452 | INFO | Train batch  8100/10986 | ms/batch 162.29 | loss 0.8819 | bpb  1.27 | ppl     2.42 | lr 2.99e-04
2025-05-31 11:32:04,679 | INFO | Gradient norm: 0.0406
2025-05-31 11:32:04,687 | INFO | Train batch  8200/10986 | ms/batch 162.29 | loss 0.8819 | bpb  1.27 | ppl     2.42 | lr 2.99e-04
2025-05-31 11:32:20,917 | INFO | Gradient norm: 0.0115
2025-05-31 11:32:20,924 | INFO | Train batch  8300/10986 | ms/batch 162.29 | loss 0.8819 | bpb  1.27 | ppl     2.42 | lr 2.99e-04
2025-05-31 11:32:37,138 | INFO | Gradient norm: 0.0187
2025-05-31 11:32:37,146 | INFO | Train batch  8400/10986 | ms/batch 162.29 | loss 0.8819 | bpb  1.27 | ppl     2.42 | lr 2.99e-04
2025-05-31 11:32:53,359 | INFO | Gradient norm: 0.0114
2025-05-31 11:32:53,366 | INFO | Train batch  8500/10986 | ms/batch 162.29 | loss 0.8819 | bpb  1.27 | ppl     2.42 | lr 2.99e-04
2025-05-31 11:33:09,585 | INFO | Gradient norm: 0.0201
2025-05-31 11:33:09,593 | INFO | Train batch  8600/10986 | ms/batch 162.29 | loss 0.8819 | bpb  1.27 | ppl     2.42 | lr 2.99e-04
2025-05-31 11:33:25,811 | INFO | Gradient norm: 0.0177
2025-05-31 11:33:25,819 | INFO | Train batch  8700/10986 | ms/batch 162.29 | loss 0.8819 | bpb  1.27 | ppl     2.42 | lr 2.99e-04
2025-05-31 11:33:42,049 | INFO | Gradient norm: 0.0228
2025-05-31 11:33:42,056 | INFO | Train batch  8800/10986 | ms/batch 162.29 | loss 0.8819 | bpb  1.27 | ppl     2.42 | lr 2.99e-04
2025-05-31 11:33:58,267 | INFO | Gradient norm: 0.0388
2025-05-31 11:33:58,275 | INFO | Train batch  8900/10986 | ms/batch 162.29 | loss 0.8819 | bpb  1.27 | ppl     2.42 | lr 2.99e-04
2025-05-31 11:34:14,485 | INFO | Gradient norm: 0.0118
2025-05-31 11:34:14,492 | INFO | Train batch  9000/10986 | ms/batch 162.29 | loss 0.8819 | bpb  1.27 | ppl     2.42 | lr 2.99e-04
2025-05-31 11:34:30,708 | INFO | Gradient norm: 0.0148
2025-05-31 11:34:30,716 | INFO | Train batch  9100/10986 | ms/batch 162.29 | loss 0.8819 | bpb  1.27 | ppl     2.42 | lr 2.99e-04
2025-05-31 11:34:46,941 | INFO | Gradient norm: 0.0132
2025-05-31 11:34:46,949 | INFO | Train batch  9200/10986 | ms/batch 162.29 | loss 0.8819 | bpb  1.27 | ppl     2.42 | lr 2.99e-04
2025-05-31 11:35:03,160 | INFO | Gradient norm: 0.0169
2025-05-31 11:35:03,168 | INFO | Train batch  9300/10986 | ms/batch 162.29 | loss 0.8819 | bpb  1.27 | ppl     2.42 | lr 2.99e-04
2025-05-31 11:35:19,376 | INFO | Gradient norm: 0.0103
2025-05-31 11:35:19,383 | INFO | Train batch  9400/10986 | ms/batch 162.29 | loss 0.8818 | bpb  1.27 | ppl     2.42 | lr 2.99e-04
2025-05-31 11:35:35,603 | INFO | Gradient norm: 0.0245
2025-05-31 11:35:35,610 | INFO | Train batch  9500/10986 | ms/batch 162.29 | loss 0.8818 | bpb  1.27 | ppl     2.42 | lr 2.99e-04
2025-05-31 11:35:51,836 | INFO | Gradient norm: 0.0236
2025-05-31 11:35:51,844 | INFO | Train batch  9600/10986 | ms/batch 162.29 | loss 0.8818 | bpb  1.27 | ppl     2.42 | lr 2.99e-04
2025-05-31 11:36:08,052 | INFO | Gradient norm: 0.0139
2025-05-31 11:36:08,060 | INFO | Train batch  9700/10986 | ms/batch 162.28 | loss 0.8818 | bpb  1.27 | ppl     2.42 | lr 2.99e-04
2025-05-31 11:36:24,270 | INFO | Gradient norm: 0.0258
2025-05-31 11:36:24,278 | INFO | Train batch  9800/10986 | ms/batch 162.28 | loss 0.8818 | bpb  1.27 | ppl     2.42 | lr 2.99e-04
2025-05-31 11:36:40,491 | INFO | Gradient norm: 0.0111
2025-05-31 11:36:40,499 | INFO | Train batch  9900/10986 | ms/batch 162.28 | loss 0.8818 | bpb  1.27 | ppl     2.42 | lr 2.99e-04
2025-05-31 11:36:56,717 | INFO | Gradient norm: 0.0245
2025-05-31 11:36:56,724 | INFO | Train batch 10000/10986 | ms/batch 162.28 | loss 0.8818 | bpb  1.27 | ppl     2.42 | lr 2.99e-04
2025-05-31 11:37:12,954 | INFO | Gradient norm: 0.0129
2025-05-31 11:37:12,962 | INFO | Train batch 10100/10986 | ms/batch 162.28 | loss 0.8818 | bpb  1.27 | ppl     2.42 | lr 2.99e-04
2025-05-31 11:37:29,174 | INFO | Gradient norm: 0.0105
2025-05-31 11:37:29,181 | INFO | Train batch 10200/10986 | ms/batch 162.28 | loss 0.8818 | bpb  1.27 | ppl     2.42 | lr 2.99e-04
2025-05-31 11:37:45,396 | INFO | Gradient norm: 0.0361
2025-05-31 11:37:45,404 | INFO | Train batch 10300/10986 | ms/batch 162.28 | loss 0.8818 | bpb  1.27 | ppl     2.42 | lr 2.99e-04
2025-05-31 11:38:01,624 | INFO | Gradient norm: 0.0138
2025-05-31 11:38:01,631 | INFO | Train batch 10400/10986 | ms/batch 162.28 | loss 0.8818 | bpb  1.27 | ppl     2.42 | lr 2.99e-04
2025-05-31 11:38:17,861 | INFO | Gradient norm: 0.0147
2025-05-31 11:38:17,869 | INFO | Train batch 10500/10986 | ms/batch 162.28 | loss 0.8818 | bpb  1.27 | ppl     2.42 | lr 2.99e-04
2025-05-31 11:38:34,082 | INFO | Gradient norm: 0.0214
2025-05-31 11:38:34,089 | INFO | Train batch 10600/10986 | ms/batch 162.28 | loss 0.8818 | bpb  1.27 | ppl     2.42 | lr 2.99e-04
2025-05-31 11:38:50,303 | INFO | Gradient norm: 0.0152
2025-05-31 11:38:50,311 | INFO | Train batch 10700/10986 | ms/batch 162.28 | loss 0.8818 | bpb  1.27 | ppl     2.42 | lr 2.99e-04
2025-05-31 11:39:06,528 | INFO | Gradient norm: 0.0200
2025-05-31 11:39:06,536 | INFO | Train batch 10800/10986 | ms/batch 162.28 | loss 0.8818 | bpb  1.27 | ppl     2.42 | lr 2.99e-04
2025-05-31 11:39:22,764 | INFO | Gradient norm: 0.0098
2025-05-31 11:39:22,771 | INFO | Train batch 10900/10986 | ms/batch 162.28 | loss 0.8818 | bpb  1.27 | ppl     2.42 | lr 2.99e-04
2025-05-31 11:40:46,815 | INFO | Epoch   1 | time: 1853.07s | train bpb  1.27 | valid bpb  1.28
2025-05-31 11:40:46,817 | INFO | Validation bpb did not improve by 0.0100. Patience: 1/3
2025-05-31 11:40:47,455 | INFO | Input shape: torch.Size([16, 511]), Target shape: torch.Size([16, 511])
2025-05-31 11:40:47,455 | INFO | Input range: [10, 226]
2025-05-31 11:40:47,455 | INFO | Target range: [10, 226]
2025-05-31 11:40:47,500 | INFO | Output shape: torch.Size([8176, 256]), Reshaped target shape: torch.Size([8176])
2025-05-31 11:40:47,502 | INFO | Output range: [-7.56640625, 8.8984375]
2025-05-31 11:40:47,502 | INFO | Sample probabilities: max=0.9005203247070312, min=0.0002842328103724867
2025-05-31 11:40:47,502 | INFO | Raw loss value: 0.8809469938278198
2025-05-31 11:40:47,503 | INFO | Batch 0 loss stats - Mean: -0.2827, Std: 0.7192
2025-05-31 11:40:47,614 | INFO | Gradient norm: 0.0503
2025-05-31 11:40:47,621 | INFO | Train batch     0/10986 | ms/batch 166.77 | loss 0.8809 | bpb  1.27 | ppl     2.41 | lr 2.99e-04
2025-05-31 11:41:03,853 | INFO | Gradient norm: 0.0134
2025-05-31 11:41:03,861 | INFO | Train batch   100/10986 | ms/batch 162.44 | loss 0.8830 | bpb  1.27 | ppl     2.42 | lr 2.99e-04
2025-05-31 11:41:20,079 | INFO | Gradient norm: 0.0163
2025-05-31 11:41:20,086 | INFO | Train batch   200/10986 | ms/batch 162.35 | loss 0.8824 | bpb  1.27 | ppl     2.42 | lr 2.99e-04
2025-05-31 11:41:36,304 | INFO | Gradient norm: 0.0112
2025-05-31 11:41:36,312 | INFO | Train batch   300/10986 | ms/batch 162.32 | loss 0.8820 | bpb  1.27 | ppl     2.42 | lr 2.99e-04
2025-05-31 11:41:52,533 | INFO | Gradient norm: 0.0143
2025-05-31 11:41:52,541 | INFO | Train batch   400/10986 | ms/batch 162.31 | loss 0.8818 | bpb  1.27 | ppl     2.42 | lr 2.99e-04
2025-05-31 11:42:08,768 | INFO | Gradient norm: 0.0359
2025-05-31 11:42:08,776 | INFO | Train batch   500/10986 | ms/batch 162.32 | loss 0.8817 | bpb  1.27 | ppl     2.41 | lr 2.99e-04
2025-05-31 11:42:25,004 | INFO | Gradient norm: 0.0268
2025-05-31 11:42:25,011 | INFO | Train batch   600/10986 | ms/batch 162.32 | loss 0.8816 | bpb  1.27 | ppl     2.41 | lr 2.99e-04
2025-05-31 11:42:41,227 | INFO | Gradient norm: 0.0306
2025-05-31 11:42:41,235 | INFO | Train batch   700/10986 | ms/batch 162.31 | loss 0.8815 | bpb  1.27 | ppl     2.41 | lr 2.99e-04
2025-05-31 11:42:57,451 | INFO | Gradient norm: 0.0287
2025-05-31 11:42:57,458 | INFO | Train batch   800/10986 | ms/batch 162.30 | loss 0.8815 | bpb  1.27 | ppl     2.41 | lr 2.99e-04
2025-05-31 11:43:13,680 | INFO | Gradient norm: 0.0183
2025-05-31 11:43:13,688 | INFO | Train batch   900/10986 | ms/batch 162.30 | loss 0.8814 | bpb  1.27 | ppl     2.41 | lr 2.99e-04
2025-05-31 11:43:29,919 | INFO | Gradient norm: 0.0175
2025-05-31 11:43:29,927 | INFO | Train batch  1000/10986 | ms/batch 162.31 | loss 0.8814 | bpb  1.27 | ppl     2.41 | lr 2.99e-04
2025-05-31 11:43:46,144 | INFO | Gradient norm: 0.0218
2025-05-31 11:43:46,152 | INFO | Train batch  1100/10986 | ms/batch 162.30 | loss 0.8814 | bpb  1.27 | ppl     2.41 | lr 2.99e-04
2025-05-31 11:44:02,356 | INFO | Gradient norm: 0.0272
2025-05-31 11:44:02,364 | INFO | Train batch  1200/10986 | ms/batch 162.29 | loss 0.8814 | bpb  1.27 | ppl     2.41 | lr 2.99e-04
2025-05-31 11:44:18,560 | INFO | Gradient norm: 0.0163
2025-05-31 11:44:18,568 | INFO | Train batch  1300/10986 | ms/batch 162.27 | loss 0.8814 | bpb  1.27 | ppl     2.41 | lr 2.99e-04
2025-05-31 11:44:34,774 | INFO | Gradient norm: 0.0111
2025-05-31 11:44:34,781 | INFO | Train batch  1400/10986 | ms/batch 162.26 | loss 0.8813 | bpb  1.27 | ppl     2.41 | lr 2.99e-04
2025-05-31 11:44:50,970 | INFO | Gradient norm: 0.0092
2025-05-31 11:44:50,977 | INFO | Train batch  1500/10986 | ms/batch 162.24 | loss 0.8813 | bpb  1.27 | ppl     2.41 | lr 2.99e-04
2025-05-31 11:45:07,168 | INFO | Gradient norm: 0.0098
2025-05-31 11:45:07,176 | INFO | Train batch  1600/10986 | ms/batch 162.22 | loss 0.8813 | bpb  1.27 | ppl     2.41 | lr 2.99e-04
2025-05-31 11:45:23,368 | INFO | Gradient norm: 0.0223
2025-05-31 11:45:23,376 | INFO | Train batch  1700/10986 | ms/batch 162.21 | loss 0.8813 | bpb  1.27 | ppl     2.41 | lr 2.99e-04
2025-05-31 11:45:39,576 | INFO | Gradient norm: 0.0265
2025-05-31 11:45:39,584 | INFO | Train batch  1800/10986 | ms/batch 162.20 | loss 0.8813 | bpb  1.27 | ppl     2.41 | lr 2.99e-04
2025-05-31 11:45:55,786 | INFO | Gradient norm: 0.0129
2025-05-31 11:45:55,793 | INFO | Train batch  1900/10986 | ms/batch 162.20 | loss 0.8813 | bpb  1.27 | ppl     2.41 | lr 2.99e-04
2025-05-31 11:46:11,983 | INFO | Gradient norm: 0.0095
2025-05-31 11:46:11,991 | INFO | Train batch  2000/10986 | ms/batch 162.19 | loss 0.8813 | bpb  1.27 | ppl     2.41 | lr 2.99e-04
2025-05-31 11:46:28,181 | INFO | Gradient norm: 0.0762
2025-05-31 11:46:28,189 | INFO | Train batch  2100/10986 | ms/batch 162.18 | loss 0.8813 | bpb  1.27 | ppl     2.41 | lr 2.99e-04
2025-05-31 11:46:44,386 | INFO | Gradient norm: 0.0108
2025-05-31 11:46:44,394 | INFO | Train batch  2200/10986 | ms/batch 162.17 | loss 0.8813 | bpb  1.27 | ppl     2.41 | lr 2.99e-04
2025-05-31 11:47:00,626 | INFO | Gradient norm: 0.0264
2025-05-31 11:47:00,633 | INFO | Train batch  2300/10986 | ms/batch 162.18 | loss 0.8813 | bpb  1.27 | ppl     2.41 | lr 2.99e-04
2025-05-31 11:47:16,849 | INFO | Gradient norm: 0.0159
2025-05-31 11:47:16,857 | INFO | Train batch  2400/10986 | ms/batch 162.18 | loss 0.8813 | bpb  1.27 | ppl     2.41 | lr 2.99e-04
2025-05-31 11:47:33,074 | INFO | Gradient norm: 0.0252
2025-05-31 11:47:33,082 | INFO | Train batch  2500/10986 | ms/batch 162.19 | loss 0.8813 | bpb  1.27 | ppl     2.41 | lr 2.99e-04
2025-05-31 11:47:49,304 | INFO | Gradient norm: 0.0117
2025-05-31 11:47:49,312 | INFO | Train batch  2600/10986 | ms/batch 162.19 | loss 0.8813 | bpb  1.27 | ppl     2.41 | lr 2.99e-04
2025-05-31 11:48:05,541 | INFO | Gradient norm: 0.0189
2025-05-31 11:48:05,549 | INFO | Train batch  2700/10986 | ms/batch 162.20 | loss 0.8813 | bpb  1.27 | ppl     2.41 | lr 2.99e-04
2025-05-31 11:48:21,765 | INFO | Gradient norm: 0.0101
2025-05-31 11:48:21,773 | INFO | Train batch  2800/10986 | ms/batch 162.20 | loss 0.8813 | bpb  1.27 | ppl     2.41 | lr 2.99e-04
2025-05-31 11:48:37,989 | INFO | Gradient norm: 0.0225
2025-05-31 11:48:37,997 | INFO | Train batch  2900/10986 | ms/batch 162.20 | loss 0.8813 | bpb  1.27 | ppl     2.41 | lr 2.99e-04
2025-05-31 11:48:54,215 | INFO | Gradient norm: 0.0119
2025-05-31 11:48:54,223 | INFO | Train batch  3000/10986 | ms/batch 162.20 | loss 0.8813 | bpb  1.27 | ppl     2.41 | lr 2.99e-04
2025-05-31 11:49:10,445 | INFO | Gradient norm: 0.0251
2025-05-31 11:49:10,453 | INFO | Train batch  3100/10986 | ms/batch 162.21 | loss 0.8813 | bpb  1.27 | ppl     2.41 | lr 2.99e-04
2025-05-31 11:49:26,685 | INFO | Gradient norm: 0.0123
2025-05-31 11:49:26,693 | INFO | Train batch  3200/10986 | ms/batch 162.21 | loss 0.8812 | bpb  1.27 | ppl     2.41 | lr 2.99e-04
2025-05-31 11:49:42,910 | INFO | Gradient norm: 0.0167
2025-05-31 11:49:42,918 | INFO | Train batch  3300/10986 | ms/batch 162.21 | loss 0.8812 | bpb  1.27 | ppl     2.41 | lr 2.99e-04
2025-05-31 11:49:59,135 | INFO | Gradient norm: 0.0115
2025-05-31 11:49:59,143 | INFO | Train batch  3400/10986 | ms/batch 162.21 | loss 0.8812 | bpb  1.27 | ppl     2.41 | lr 2.99e-04
2025-05-31 11:50:15,373 | INFO | Gradient norm: 0.0313
2025-05-31 11:50:15,381 | INFO | Train batch  3500/10986 | ms/batch 162.22 | loss 0.8812 | bpb  1.27 | ppl     2.41 | lr 2.99e-04
2025-05-31 11:50:31,615 | INFO | Gradient norm: 0.0233
2025-05-31 11:50:31,623 | INFO | Train batch  3600/10986 | ms/batch 162.22 | loss 0.8812 | bpb  1.27 | ppl     2.41 | lr 2.99e-04
2025-05-31 11:50:47,840 | INFO | Gradient norm: 0.0115
2025-05-31 11:50:47,848 | INFO | Train batch  3700/10986 | ms/batch 162.22 | loss 0.8812 | bpb  1.27 | ppl     2.41 | lr 2.99e-04
2025-05-31 11:51:04,065 | INFO | Gradient norm: 0.0257
2025-05-31 11:51:04,072 | INFO | Train batch  3800/10986 | ms/batch 162.23 | loss 0.8812 | bpb  1.27 | ppl     2.41 | lr 2.99e-04
2025-05-31 11:51:20,295 | INFO | Gradient norm: 0.0254
2025-05-31 11:51:20,303 | INFO | Train batch  3900/10986 | ms/batch 162.23 | loss 0.8812 | bpb  1.27 | ppl     2.41 | lr 2.99e-04
2025-05-31 11:51:36,534 | INFO | Gradient norm: 0.0358
2025-05-31 11:51:36,542 | INFO | Train batch  4000/10986 | ms/batch 162.23 | loss 0.8812 | bpb  1.27 | ppl     2.41 | lr 2.99e-04
2025-05-31 11:51:52,757 | INFO | Gradient norm: 0.0283
2025-05-31 11:51:52,765 | INFO | Train batch  4100/10986 | ms/batch 162.23 | loss 0.8812 | bpb  1.27 | ppl     2.41 | lr 2.99e-04
2025-05-31 11:52:08,982 | INFO | Gradient norm: 0.0227
2025-05-31 11:52:08,990 | INFO | Train batch  4200/10986 | ms/batch 162.23 | loss 0.8812 | bpb  1.27 | ppl     2.41 | lr 2.99e-04
2025-05-31 11:52:25,207 | INFO | Gradient norm: 0.0282
2025-05-31 11:52:25,215 | INFO | Train batch  4300/10986 | ms/batch 162.23 | loss 0.8812 | bpb  1.27 | ppl     2.41 | lr 2.99e-04
2025-05-31 11:52:41,437 | INFO | Gradient norm: 0.0143
2025-05-31 11:52:41,445 | INFO | Train batch  4400/10986 | ms/batch 162.23 | loss 0.8812 | bpb  1.27 | ppl     2.41 | lr 2.99e-04
2025-05-31 11:52:57,675 | INFO | Gradient norm: 0.0248
2025-05-31 11:52:57,683 | INFO | Train batch  4500/10986 | ms/batch 162.24 | loss 0.8812 | bpb  1.27 | ppl     2.41 | lr 2.99e-04
2025-05-31 11:53:13,899 | INFO | Gradient norm: 0.0129
2025-05-31 11:53:13,906 | INFO | Train batch  4600/10986 | ms/batch 162.24 | loss 0.8812 | bpb  1.27 | ppl     2.41 | lr 2.99e-04
2025-05-31 11:53:30,123 | INFO | Gradient norm: 0.0247
2025-05-31 11:53:30,131 | INFO | Train batch  4700/10986 | ms/batch 162.24 | loss 0.8812 | bpb  1.27 | ppl     2.41 | lr 2.99e-04
2025-05-31 11:53:46,355 | INFO | Gradient norm: 0.0193
2025-05-31 11:53:46,363 | INFO | Train batch  4800/10986 | ms/batch 162.24 | loss 0.8812 | bpb  1.27 | ppl     2.41 | lr 2.99e-04
2025-05-31 11:54:02,596 | INFO | Gradient norm: 0.0373
2025-05-31 11:54:02,603 | INFO | Train batch  4900/10986 | ms/batch 162.24 | loss 0.8812 | bpb  1.27 | ppl     2.41 | lr 2.99e-04
2025-05-31 11:54:18,821 | INFO | Gradient norm: 0.0279
2025-05-31 11:54:18,828 | INFO | Train batch  5000/10986 | ms/batch 162.24 | loss 0.8812 | bpb  1.27 | ppl     2.41 | lr 2.99e-04
2025-05-31 11:54:35,046 | INFO | Gradient norm: 0.0163
2025-05-31 11:54:35,054 | INFO | Train batch  5100/10986 | ms/batch 162.24 | loss 0.8812 | bpb  1.27 | ppl     2.41 | lr 2.99e-04
2025-05-31 11:54:51,279 | INFO | Gradient norm: 0.0145
2025-05-31 11:54:51,286 | INFO | Train batch  5200/10986 | ms/batch 162.24 | loss 0.8812 | bpb  1.27 | ppl     2.41 | lr 2.98e-04
2025-05-31 11:55:07,510 | INFO | Gradient norm: 0.0131
2025-05-31 11:55:07,517 | INFO | Train batch  5300/10986 | ms/batch 162.25 | loss 0.8812 | bpb  1.27 | ppl     2.41 | lr 2.98e-04
2025-05-31 11:55:23,747 | INFO | Gradient norm: 0.0140
2025-05-31 11:55:23,755 | INFO | Train batch  5400/10986 | ms/batch 162.25 | loss 0.8812 | bpb  1.27 | ppl     2.41 | lr 2.98e-04
2025-05-31 11:55:39,974 | INFO | Gradient norm: 0.0171
2025-05-31 11:55:39,982 | INFO | Train batch  5500/10986 | ms/batch 162.25 | loss 0.8812 | bpb  1.27 | ppl     2.41 | lr 2.98e-04
2025-05-31 11:55:56,199 | INFO | Gradient norm: 0.0221
2025-05-31 11:55:56,207 | INFO | Train batch  5600/10986 | ms/batch 162.25 | loss 0.8812 | bpb  1.27 | ppl     2.41 | lr 2.98e-04
2025-05-31 11:56:12,430 | INFO | Gradient norm: 0.0134
2025-05-31 11:56:12,437 | INFO | Train batch  5700/10986 | ms/batch 162.25 | loss 0.8812 | bpb  1.27 | ppl     2.41 | lr 2.98e-04
2025-05-31 11:56:28,670 | INFO | Gradient norm: 0.0265
2025-05-31 11:56:28,678 | INFO | Train batch  5800/10986 | ms/batch 162.25 | loss 0.8811 | bpb  1.27 | ppl     2.41 | lr 2.98e-04
2025-05-31 11:56:44,894 | INFO | Gradient norm: 0.0198
2025-05-31 11:56:44,902 | INFO | Train batch  5900/10986 | ms/batch 162.25 | loss 0.8811 | bpb  1.27 | ppl     2.41 | lr 2.98e-04
2025-05-31 11:57:01,119 | INFO | Gradient norm: 0.0167
2025-05-31 11:57:01,127 | INFO | Train batch  6000/10986 | ms/batch 162.25 | loss 0.8811 | bpb  1.27 | ppl     2.41 | lr 2.98e-04
2025-05-31 11:57:17,349 | INFO | Gradient norm: 0.0378
2025-05-31 11:57:17,357 | INFO | Train batch  6100/10986 | ms/batch 162.25 | loss 0.8811 | bpb  1.27 | ppl     2.41 | lr 2.98e-04
2025-05-31 11:57:33,589 | INFO | Gradient norm: 0.0310
2025-05-31 11:57:33,597 | INFO | Train batch  6200/10986 | ms/batch 162.25 | loss 0.8811 | bpb  1.27 | ppl     2.41 | lr 2.98e-04
2025-05-31 11:57:49,813 | INFO | Gradient norm: 0.0343
2025-05-31 11:57:49,820 | INFO | Train batch  6300/10986 | ms/batch 162.25 | loss 0.8811 | bpb  1.27 | ppl     2.41 | lr 2.98e-04
2025-05-31 11:58:06,038 | INFO | Gradient norm: 0.0132
2025-05-31 11:58:06,046 | INFO | Train batch  6400/10986 | ms/batch 162.25 | loss 0.8811 | bpb  1.27 | ppl     2.41 | lr 2.98e-04
2025-05-31 11:58:22,265 | INFO | Gradient norm: 0.0230
2025-05-31 11:58:22,273 | INFO | Train batch  6500/10986 | ms/batch 162.25 | loss 0.8811 | bpb  1.27 | ppl     2.41 | lr 2.98e-04
2025-05-31 11:58:38,493 | INFO | Gradient norm: 0.0275
2025-05-31 11:58:38,501 | INFO | Train batch  6600/10986 | ms/batch 162.26 | loss 0.8811 | bpb  1.27 | ppl     2.41 | lr 2.98e-04
2025-05-31 11:58:54,734 | INFO | Gradient norm: 0.0183
2025-05-31 11:58:54,742 | INFO | Train batch  6700/10986 | ms/batch 162.26 | loss 0.8811 | bpb  1.27 | ppl     2.41 | lr 2.98e-04
2025-05-31 11:59:10,958 | INFO | Gradient norm: 0.0225
2025-05-31 11:59:10,966 | INFO | Train batch  6800/10986 | ms/batch 162.26 | loss 0.8811 | bpb  1.27 | ppl     2.41 | lr 2.98e-04
2025-05-31 11:59:27,184 | INFO | Gradient norm: 0.0228
2025-05-31 11:59:27,191 | INFO | Train batch  6900/10986 | ms/batch 162.26 | loss 0.8811 | bpb  1.27 | ppl     2.41 | lr 2.98e-04
2025-05-31 11:59:43,415 | INFO | Gradient norm: 0.0106
2025-05-31 11:59:43,423 | INFO | Train batch  7000/10986 | ms/batch 162.26 | loss 0.8811 | bpb  1.27 | ppl     2.41 | lr 2.98e-04
2025-05-31 11:59:59,659 | INFO | Gradient norm: 0.0111
2025-05-31 11:59:59,666 | INFO | Train batch  7100/10986 | ms/batch 162.26 | loss 0.8811 | bpb  1.27 | ppl     2.41 | lr 2.98e-04
2025-05-31 12:00:15,886 | INFO | Gradient norm: 0.0160
2025-05-31 12:00:15,894 | INFO | Train batch  7200/10986 | ms/batch 162.26 | loss 0.8811 | bpb  1.27 | ppl     2.41 | lr 2.98e-04
2025-05-31 12:00:32,112 | INFO | Gradient norm: 0.0192
2025-05-31 12:00:32,119 | INFO | Train batch  7300/10986 | ms/batch 162.26 | loss 0.8811 | bpb  1.27 | ppl     2.41 | lr 2.98e-04
2025-05-31 12:00:48,345 | INFO | Gradient norm: 0.0120
2025-05-31 12:00:48,353 | INFO | Train batch  7400/10986 | ms/batch 162.26 | loss 0.8811 | bpb  1.27 | ppl     2.41 | lr 2.98e-04
2025-05-31 12:01:04,586 | INFO | Gradient norm: 0.0151
2025-05-31 12:01:04,594 | INFO | Train batch  7500/10986 | ms/batch 162.26 | loss 0.8811 | bpb  1.27 | ppl     2.41 | lr 2.98e-04
2025-05-31 12:01:20,811 | INFO | Gradient norm: 0.0089
2025-05-31 12:01:20,819 | INFO | Train batch  7600/10986 | ms/batch 162.26 | loss 0.8811 | bpb  1.27 | ppl     2.41 | lr 2.98e-04
2025-05-31 12:01:37,035 | INFO | Gradient norm: 0.0097
2025-05-31 12:01:37,043 | INFO | Train batch  7700/10986 | ms/batch 162.26 | loss 0.8811 | bpb  1.27 | ppl     2.41 | lr 2.98e-04
2025-05-31 12:01:53,262 | INFO | Gradient norm: 0.0100
2025-05-31 12:01:53,270 | INFO | Train batch  7800/10986 | ms/batch 162.26 | loss 0.8811 | bpb  1.27 | ppl     2.41 | lr 2.98e-04
2025-05-31 12:02:09,490 | INFO | Gradient norm: 0.0124
2025-05-31 12:02:09,498 | INFO | Train batch  7900/10986 | ms/batch 162.26 | loss 0.8811 | bpb  1.27 | ppl     2.41 | lr 2.98e-04
2025-05-31 12:02:25,729 | INFO | Gradient norm: 0.0236
2025-05-31 12:02:25,737 | INFO | Train batch  8000/10986 | ms/batch 162.26 | loss 0.8811 | bpb  1.27 | ppl     2.41 | lr 2.98e-04
2025-05-31 12:02:41,952 | INFO | Gradient norm: 0.0107
2025-05-31 12:02:41,960 | INFO | Train batch  8100/10986 | ms/batch 162.26 | loss 0.8811 | bpb  1.27 | ppl     2.41 | lr 2.98e-04
2025-05-31 12:02:58,177 | INFO | Gradient norm: 0.0245
2025-05-31 12:02:58,184 | INFO | Train batch  8200/10986 | ms/batch 162.26 | loss 0.8811 | bpb  1.27 | ppl     2.41 | lr 2.98e-04
2025-05-31 12:03:14,409 | INFO | Gradient norm: 0.0212
2025-05-31 12:03:14,416 | INFO | Train batch  8300/10986 | ms/batch 162.27 | loss 0.8811 | bpb  1.27 | ppl     2.41 | lr 2.98e-04
2025-05-31 12:03:30,650 | INFO | Gradient norm: 0.0359
2025-05-31 12:03:30,658 | INFO | Train batch  8400/10986 | ms/batch 162.27 | loss 0.8811 | bpb  1.27 | ppl     2.41 | lr 2.98e-04
2025-05-31 12:03:46,878 | INFO | Gradient norm: 0.0117
2025-05-31 12:03:46,885 | INFO | Train batch  8500/10986 | ms/batch 162.27 | loss 0.8811 | bpb  1.27 | ppl     2.41 | lr 2.98e-04
2025-05-31 12:04:03,102 | INFO | Gradient norm: 0.0150
2025-05-31 12:04:03,110 | INFO | Train batch  8600/10986 | ms/batch 162.27 | loss 0.8811 | bpb  1.27 | ppl     2.41 | lr 2.98e-04
2025-05-31 12:04:19,333 | INFO | Gradient norm: 0.0135
2025-05-31 12:04:19,341 | INFO | Train batch  8700/10986 | ms/batch 162.27 | loss 0.8811 | bpb  1.27 | ppl     2.41 | lr 2.98e-04
2025-05-31 12:04:35,572 | INFO | Gradient norm: 0.0154
2025-05-31 12:04:35,580 | INFO | Train batch  8800/10986 | ms/batch 162.27 | loss 0.8810 | bpb  1.27 | ppl     2.41 | lr 2.98e-04
2025-05-31 12:04:51,794 | INFO | Gradient norm: 0.0210
2025-05-31 12:04:51,801 | INFO | Train batch  8900/10986 | ms/batch 162.27 | loss 0.8810 | bpb  1.27 | ppl     2.41 | lr 2.98e-04
2025-05-31 12:05:08,017 | INFO | Gradient norm: 0.0094
2025-05-31 12:05:08,025 | INFO | Train batch  9000/10986 | ms/batch 162.27 | loss 0.8810 | bpb  1.27 | ppl     2.41 | lr 2.98e-04
2025-05-31 12:05:24,240 | INFO | Gradient norm: 0.0249
2025-05-31 12:05:24,247 | INFO | Train batch  9100/10986 | ms/batch 162.27 | loss 0.8810 | bpb  1.27 | ppl     2.41 | lr 2.98e-04
2025-05-31 12:05:40,470 | INFO | Gradient norm: 0.0143
2025-05-31 12:05:40,477 | INFO | Train batch  9200/10986 | ms/batch 162.27 | loss 0.8810 | bpb  1.27 | ppl     2.41 | lr 2.98e-04
2025-05-31 12:05:56,707 | INFO | Gradient norm: 0.0127
2025-05-31 12:05:56,715 | INFO | Train batch  9300/10986 | ms/batch 162.27 | loss 0.8810 | bpb  1.27 | ppl     2.41 | lr 2.98e-04
2025-05-31 12:06:12,930 | INFO | Gradient norm: 0.0108
2025-05-31 12:06:12,938 | INFO | Train batch  9400/10986 | ms/batch 162.27 | loss 0.8810 | bpb  1.27 | ppl     2.41 | lr 2.98e-04
2025-05-31 12:06:29,154 | INFO | Gradient norm: 0.0137
2025-05-31 12:06:29,162 | INFO | Train batch  9500/10986 | ms/batch 162.27 | loss 0.8810 | bpb  1.27 | ppl     2.41 | lr 2.98e-04
2025-05-31 12:06:45,385 | INFO | Gradient norm: 0.0192
2025-05-31 12:06:45,393 | INFO | Train batch  9600/10986 | ms/batch 162.27 | loss 0.8810 | bpb  1.27 | ppl     2.41 | lr 2.98e-04
2025-05-31 12:07:01,626 | INFO | Gradient norm: 0.0090
2025-05-31 12:07:01,634 | INFO | Train batch  9700/10986 | ms/batch 162.27 | loss 0.8810 | bpb  1.27 | ppl     2.41 | lr 2.98e-04
2025-05-31 12:07:17,853 | INFO | Gradient norm: 0.0140
2025-05-31 12:07:17,861 | INFO | Train batch  9800/10986 | ms/batch 162.27 | loss 0.8810 | bpb  1.27 | ppl     2.41 | lr 2.98e-04
2025-05-31 12:07:34,080 | INFO | Gradient norm: 0.0386
2025-05-31 12:07:34,088 | INFO | Train batch  9900/10986 | ms/batch 162.27 | loss 0.8810 | bpb  1.27 | ppl     2.41 | lr 2.98e-04
2025-05-31 12:07:50,309 | INFO | Gradient norm: 0.0115
2025-05-31 12:07:50,317 | INFO | Train batch 10000/10986 | ms/batch 162.27 | loss 0.8810 | bpb  1.27 | ppl     2.41 | lr 2.98e-04
2025-05-31 12:08:06,545 | INFO | Gradient norm: 0.0130
2025-05-31 12:08:06,553 | INFO | Train batch 10100/10986 | ms/batch 162.27 | loss 0.8810 | bpb  1.27 | ppl     2.41 | lr 2.98e-04
2025-05-31 12:08:22,787 | INFO | Gradient norm: 0.0129
2025-05-31 12:08:22,795 | INFO | Train batch 10200/10986 | ms/batch 162.27 | loss 0.8810 | bpb  1.27 | ppl     2.41 | lr 2.98e-04
2025-05-31 12:08:39,019 | INFO | Gradient norm: 0.0322
2025-05-31 12:08:39,027 | INFO | Train batch 10300/10986 | ms/batch 162.27 | loss 0.8810 | bpb  1.27 | ppl     2.41 | lr 2.98e-04
2025-05-31 12:08:55,242 | INFO | Gradient norm: 0.0165
2025-05-31 12:08:55,250 | INFO | Train batch 10400/10986 | ms/batch 162.27 | loss 0.8810 | bpb  1.27 | ppl     2.41 | lr 2.98e-04
2025-05-31 12:09:11,468 | INFO | Gradient norm: 0.0444
2025-05-31 12:09:11,476 | INFO | Train batch 10500/10986 | ms/batch 162.27 | loss 0.8810 | bpb  1.27 | ppl     2.41 | lr 2.98e-04
2025-05-31 12:09:27,708 | INFO | Gradient norm: 0.0224
2025-05-31 12:09:27,715 | INFO | Train batch 10600/10986 | ms/batch 162.27 | loss 0.8810 | bpb  1.27 | ppl     2.41 | lr 2.98e-04
2025-05-31 12:09:43,930 | INFO | Gradient norm: 0.0164
2025-05-31 12:09:43,938 | INFO | Train batch 10700/10986 | ms/batch 162.27 | loss 0.8810 | bpb  1.27 | ppl     2.41 | lr 2.98e-04
2025-05-31 12:10:00,154 | INFO | Gradient norm: 0.0086
2025-05-31 12:10:00,162 | INFO | Train batch 10800/10986 | ms/batch 162.27 | loss 0.8810 | bpb  1.27 | ppl     2.41 | lr 2.98e-04
2025-05-31 12:10:16,384 | INFO | Gradient norm: 0.0098
2025-05-31 12:10:16,391 | INFO | Train batch 10900/10986 | ms/batch 162.27 | loss 0.8810 | bpb  1.27 | ppl     2.41 | lr 2.98e-04
2025-05-31 12:11:40,426 | INFO | Epoch   2 | time: 1852.97s | train bpb  1.27 | valid bpb  1.27
2025-05-31 12:11:40,428 | INFO | Validation bpb did not improve by 0.0100. Patience: 2/3
2025-05-31 12:11:41,080 | INFO | Input shape: torch.Size([16, 511]), Target shape: torch.Size([16, 511])
2025-05-31 12:11:41,080 | INFO | Input range: [10, 226]
2025-05-31 12:11:41,081 | INFO | Target range: [10, 226]
2025-05-31 12:11:41,124 | INFO | Output shape: torch.Size([8176, 256]), Reshaped target shape: torch.Size([8176])
2025-05-31 12:11:41,126 | INFO | Output range: [-8.328125, 9.5859375]
2025-05-31 12:11:41,126 | INFO | Sample probabilities: max=0.908236026763916, min=0.00026809191331267357
2025-05-31 12:11:41,127 | INFO | Raw loss value: 0.8802460432052612
2025-05-31 12:11:41,127 | INFO | Batch 0 loss stats - Mean: -0.2793, Std: 0.9399
2025-05-31 12:11:41,238 | INFO | Gradient norm: 0.0132
2025-05-31 12:11:41,246 | INFO | Train batch     0/10986 | ms/batch 165.87 | loss 0.8802 | bpb  1.27 | ppl     2.41 | lr 2.98e-04
2025-05-31 12:11:57,457 | INFO | Gradient norm: 0.0099
2025-05-31 12:11:57,465 | INFO | Train batch   100/10986 | ms/batch 162.22 | loss 0.8820 | bpb  1.27 | ppl     2.42 | lr 2.98e-04
2025-05-31 12:12:13,681 | INFO | Gradient norm: 0.0099
2025-05-31 12:12:13,689 | INFO | Train batch   200/10986 | ms/batch 162.23 | loss 0.8815 | bpb  1.27 | ppl     2.41 | lr 2.98e-04
2025-05-31 12:12:29,919 | INFO | Gradient norm: 0.0093
2025-05-31 12:12:29,926 | INFO | Train batch   300/10986 | ms/batch 162.28 | loss 0.8811 | bpb  1.27 | ppl     2.41 | lr 2.98e-04
2025-05-31 12:12:46,139 | INFO | Gradient norm: 0.0091
2025-05-31 12:12:46,146 | INFO | Train batch   400/10986 | ms/batch 162.26 | loss 0.8810 | bpb  1.27 | ppl     2.41 | lr 2.98e-04
2025-05-31 12:13:02,357 | INFO | Gradient norm: 0.0242
2025-05-31 12:13:02,365 | INFO | Train batch   500/10986 | ms/batch 162.25 | loss 0.8809 | bpb  1.27 | ppl     2.41 | lr 2.98e-04
2025-05-31 12:13:18,579 | INFO | Gradient norm: 0.0285
2025-05-31 12:13:18,587 | INFO | Train batch   600/10986 | ms/batch 162.24 | loss 0.8809 | bpb  1.27 | ppl     2.41 | lr 2.98e-04
2025-05-31 12:13:34,811 | INFO | Gradient norm: 0.0165
2025-05-31 12:13:34,819 | INFO | Train batch   700/10986 | ms/batch 162.25 | loss 0.8808 | bpb  1.27 | ppl     2.41 | lr 2.98e-04
2025-05-31 12:13:51,029 | INFO | Gradient norm: 0.0204
2025-05-31 12:13:51,037 | INFO | Train batch   800/10986 | ms/batch 162.24 | loss 0.8808 | bpb  1.27 | ppl     2.41 | lr 2.98e-04
2025-05-31 12:14:07,246 | INFO | Gradient norm: 0.0085
2025-05-31 12:14:07,253 | INFO | Train batch   900/10986 | ms/batch 162.23 | loss 0.8807 | bpb  1.27 | ppl     2.41 | lr 2.98e-04
2025-05-31 12:14:23,462 | INFO | Gradient norm: 0.0319
2025-05-31 12:14:23,469 | INFO | Train batch  1000/10986 | ms/batch 162.23 | loss 0.8807 | bpb  1.27 | ppl     2.41 | lr 2.98e-04
2025-05-31 12:14:39,656 | INFO | Gradient norm: 0.0399
2025-05-31 12:14:39,663 | INFO | Train batch  1100/10986 | ms/batch 162.20 | loss 0.8807 | bpb  1.27 | ppl     2.41 | lr 2.98e-04
2025-05-31 12:14:55,861 | INFO | Gradient norm: 0.0115
2025-05-31 12:14:55,868 | INFO | Train batch  1200/10986 | ms/batch 162.19 | loss 0.8807 | bpb  1.27 | ppl     2.41 | lr 2.98e-04
2025-05-31 12:15:12,051 | INFO | Gradient norm: 0.0094
2025-05-31 12:15:12,058 | INFO | Train batch  1300/10986 | ms/batch 162.17 | loss 0.8807 | bpb  1.27 | ppl     2.41 | lr 2.98e-04
2025-05-31 12:15:28,240 | INFO | Gradient norm: 0.0131
2025-05-31 12:15:28,248 | INFO | Train batch  1400/10986 | ms/batch 162.15 | loss 0.8807 | bpb  1.27 | ppl     2.41 | lr 2.98e-04
2025-05-31 12:15:44,434 | INFO | Gradient norm: 0.0153
2025-05-31 12:15:44,442 | INFO | Train batch  1500/10986 | ms/batch 162.13 | loss 0.8807 | bpb  1.27 | ppl     2.41 | lr 2.97e-04
2025-05-31 12:16:00,639 | INFO | Gradient norm: 0.0271
2025-05-31 12:16:00,647 | INFO | Train batch  1600/10986 | ms/batch 162.13 | loss 0.8807 | bpb  1.27 | ppl     2.41 | lr 2.97e-04
2025-05-31 12:16:16,829 | INFO | Gradient norm: 0.0266
2025-05-31 12:16:16,837 | INFO | Train batch  1700/10986 | ms/batch 162.11 | loss 0.8807 | bpb  1.27 | ppl     2.41 | lr 2.97e-04
2025-05-31 12:16:33,018 | INFO | Gradient norm: 0.0260
2025-05-31 12:16:33,026 | INFO | Train batch  1800/10986 | ms/batch 162.10 | loss 0.8807 | bpb  1.27 | ppl     2.41 | lr 2.97e-04
2025-05-31 12:16:49,212 | INFO | Gradient norm: 0.0382
2025-05-31 12:16:49,220 | INFO | Train batch  1900/10986 | ms/batch 162.09 | loss 0.8807 | bpb  1.27 | ppl     2.41 | lr 2.97e-04
2025-05-31 12:17:05,416 | INFO | Gradient norm: 0.0109
2025-05-31 12:17:05,424 | INFO | Train batch  2000/10986 | ms/batch 162.09 | loss 0.8807 | bpb  1.27 | ppl     2.41 | lr 2.97e-04
2025-05-31 12:17:21,607 | INFO | Gradient norm: 0.0109
2025-05-31 12:17:21,615 | INFO | Train batch  2100/10986 | ms/batch 162.08 | loss 0.8807 | bpb  1.27 | ppl     2.41 | lr 2.97e-04
2025-05-31 12:17:37,799 | INFO | Gradient norm: 0.0095
2025-05-31 12:17:37,806 | INFO | Train batch  2200/10986 | ms/batch 162.07 | loss 0.8807 | bpb  1.27 | ppl     2.41 | lr 2.97e-04
2025-05-31 12:17:53,990 | INFO | Gradient norm: 0.0109
2025-05-31 12:17:53,998 | INFO | Train batch  2300/10986 | ms/batch 162.07 | loss 0.8807 | bpb  1.27 | ppl     2.41 | lr 2.97e-04
2025-05-31 12:18:10,187 | INFO | Gradient norm: 0.0222
2025-05-31 12:18:10,195 | INFO | Train batch  2400/10986 | ms/batch 162.06 | loss 0.8807 | bpb  1.27 | ppl     2.41 | lr 2.97e-04
2025-05-31 12:18:26,409 | INFO | Gradient norm: 0.0149
2025-05-31 12:18:26,417 | INFO | Train batch  2500/10986 | ms/batch 162.07 | loss 0.8807 | bpb  1.27 | ppl     2.41 | lr 2.97e-04
2025-05-31 12:18:42,629 | INFO | Gradient norm: 0.0187
2025-05-31 12:18:42,637 | INFO | Train batch  2600/10986 | ms/batch 162.08 | loss 0.8807 | bpb  1.27 | ppl     2.41 | lr 2.97e-04
2025-05-31 12:18:58,850 | INFO | Gradient norm: 0.0254
2025-05-31 12:18:58,858 | INFO | Train batch  2700/10986 | ms/batch 162.08 | loss 0.8807 | bpb  1.27 | ppl     2.41 | lr 2.97e-04
2025-05-31 12:19:15,074 | INFO | Gradient norm: 0.0168
2025-05-31 12:19:15,082 | INFO | Train batch  2800/10986 | ms/batch 162.09 | loss 0.8807 | bpb  1.27 | ppl     2.41 | lr 2.97e-04
2025-05-31 12:19:31,310 | INFO | Gradient norm: 0.0138
2025-05-31 12:19:31,318 | INFO | Train batch  2900/10986 | ms/batch 162.10 | loss 0.8807 | bpb  1.27 | ppl     2.41 | lr 2.97e-04
2025-05-31 12:19:47,531 | INFO | Gradient norm: 0.0098
2025-05-31 12:19:47,538 | INFO | Train batch  3000/10986 | ms/batch 162.10 | loss 0.8806 | bpb  1.27 | ppl     2.41 | lr 2.97e-04
2025-05-31 12:20:03,752 | INFO | Gradient norm: 0.0359
2025-05-31 12:20:03,760 | INFO | Train batch  3100/10986 | ms/batch 162.10 | loss 0.8806 | bpb  1.27 | ppl     2.41 | lr 2.97e-04
2025-05-31 12:20:19,972 | INFO | Gradient norm: 0.0099
2025-05-31 12:20:19,979 | INFO | Train batch  3200/10986 | ms/batch 162.11 | loss 0.8806 | bpb  1.27 | ppl     2.41 | lr 2.97e-04
2025-05-31 12:20:36,199 | INFO | Gradient norm: 0.0355
2025-05-31 12:20:36,207 | INFO | Train batch  3300/10986 | ms/batch 162.11 | loss 0.8806 | bpb  1.27 | ppl     2.41 | lr 2.97e-04
2025-05-31 12:20:52,429 | INFO | Gradient norm: 0.0250
2025-05-31 12:20:52,436 | INFO | Train batch  3400/10986 | ms/batch 162.12 | loss 0.8806 | bpb  1.27 | ppl     2.41 | lr 2.97e-04
2025-05-31 12:21:08,649 | INFO | Gradient norm: 0.0148
2025-05-31 12:21:08,657 | INFO | Train batch  3500/10986 | ms/batch 162.12 | loss 0.8806 | bpb  1.27 | ppl     2.41 | lr 2.97e-04
2025-05-31 12:21:24,868 | INFO | Gradient norm: 0.0165
2025-05-31 12:21:24,875 | INFO | Train batch  3600/10986 | ms/batch 162.12 | loss 0.8806 | bpb  1.27 | ppl     2.41 | lr 2.97e-04
2025-05-31 12:21:41,088 | INFO | Gradient norm: 0.0126
2025-05-31 12:21:41,095 | INFO | Train batch  3700/10986 | ms/batch 162.12 | loss 0.8806 | bpb  1.27 | ppl     2.41 | lr 2.97e-04
2025-05-31 12:21:57,320 | INFO | Gradient norm: 0.0169
2025-05-31 12:21:57,328 | INFO | Train batch  3800/10986 | ms/batch 162.13 | loss 0.8806 | bpb  1.27 | ppl     2.41 | lr 2.97e-04
2025-05-31 12:22:13,537 | INFO | Gradient norm: 0.0190
2025-05-31 12:22:13,545 | INFO | Train batch  3900/10986 | ms/batch 162.13 | loss 0.8806 | bpb  1.27 | ppl     2.41 | lr 2.97e-04
2025-05-31 12:22:29,754 | INFO | Gradient norm: 0.0175
2025-05-31 12:22:29,762 | INFO | Train batch  4000/10986 | ms/batch 162.13 | loss 0.8806 | bpb  1.27 | ppl     2.41 | lr 2.97e-04
2025-05-31 12:22:45,975 | INFO | Gradient norm: 0.0146
2025-05-31 12:22:45,982 | INFO | Train batch  4100/10986 | ms/batch 162.13 | loss 0.8806 | bpb  1.27 | ppl     2.41 | lr 2.97e-04
2025-05-31 12:23:02,207 | INFO | Gradient norm: 0.0273
2025-05-31 12:23:02,215 | INFO | Train batch  4200/10986 | ms/batch 162.14 | loss 0.8806 | bpb  1.27 | ppl     2.41 | lr 2.97e-04
2025-05-31 12:23:18,424 | INFO | Gradient norm: 0.0185
2025-05-31 12:23:18,432 | INFO | Train batch  4300/10986 | ms/batch 162.14 | loss 0.8806 | bpb  1.27 | ppl     2.41 | lr 2.97e-04
2025-05-31 12:23:34,641 | INFO | Gradient norm: 0.0254
2025-05-31 12:23:34,649 | INFO | Train batch  4400/10986 | ms/batch 162.14 | loss 0.8806 | bpb  1.27 | ppl     2.41 | lr 2.97e-04
2025-05-31 12:23:50,859 | INFO | Gradient norm: 0.0104
2025-05-31 12:23:50,866 | INFO | Train batch  4500/10986 | ms/batch 162.14 | loss 0.8806 | bpb  1.27 | ppl     2.41 | lr 2.97e-04
2025-05-31 12:24:07,079 | INFO | Gradient norm: 0.0177
2025-05-31 12:24:07,087 | INFO | Train batch  4600/10986 | ms/batch 162.14 | loss 0.8806 | bpb  1.27 | ppl     2.41 | lr 2.97e-04
2025-05-31 12:24:23,311 | INFO | Gradient norm: 0.0184
2025-05-31 12:24:23,319 | INFO | Train batch  4700/10986 | ms/batch 162.14 | loss 0.8806 | bpb  1.27 | ppl     2.41 | lr 2.97e-04
2025-05-31 12:24:39,528 | INFO | Gradient norm: 0.0130
2025-05-31 12:24:39,536 | INFO | Train batch  4800/10986 | ms/batch 162.14 | loss 0.8806 | bpb  1.27 | ppl     2.41 | lr 2.97e-04
2025-05-31 12:24:55,745 | INFO | Gradient norm: 0.0088
2025-05-31 12:24:55,753 | INFO | Train batch  4900/10986 | ms/batch 162.15 | loss 0.8806 | bpb  1.27 | ppl     2.41 | lr 2.97e-04
2025-05-31 12:25:11,967 | INFO | Gradient norm: 0.0119
2025-05-31 12:25:11,975 | INFO | Train batch  5000/10986 | ms/batch 162.15 | loss 0.8806 | bpb  1.27 | ppl     2.41 | lr 2.97e-04
2025-05-31 12:25:28,200 | INFO | Gradient norm: 0.0225
2025-05-31 12:25:28,208 | INFO | Train batch  5100/10986 | ms/batch 162.15 | loss 0.8806 | bpb  1.27 | ppl     2.41 | lr 2.97e-04
2025-05-31 12:25:44,418 | INFO | Gradient norm: 0.0153
2025-05-31 12:25:44,426 | INFO | Train batch  5200/10986 | ms/batch 162.15 | loss 0.8806 | bpb  1.27 | ppl     2.41 | lr 2.97e-04
2025-05-31 12:26:00,635 | INFO | Gradient norm: 0.0267
2025-05-31 12:26:00,643 | INFO | Train batch  5300/10986 | ms/batch 162.15 | loss 0.8806 | bpb  1.27 | ppl     2.41 | lr 2.97e-04
2025-05-31 12:26:16,856 | INFO | Gradient norm: 0.0094
2025-05-31 12:26:16,863 | INFO | Train batch  5400/10986 | ms/batch 162.15 | loss 0.8806 | bpb  1.27 | ppl     2.41 | lr 2.97e-04
2025-05-31 12:26:33,087 | INFO | Gradient norm: 0.0092
2025-05-31 12:26:33,094 | INFO | Train batch  5500/10986 | ms/batch 162.15 | loss 0.8806 | bpb  1.27 | ppl     2.41 | lr 2.97e-04
2025-05-31 12:26:49,304 | INFO | Gradient norm: 0.0095
2025-05-31 12:26:49,312 | INFO | Train batch  5600/10986 | ms/batch 162.16 | loss 0.8806 | bpb  1.27 | ppl     2.41 | lr 2.97e-04
2025-05-31 12:27:05,522 | INFO | Gradient norm: 0.0233
2025-05-31 12:27:05,530 | INFO | Train batch  5700/10986 | ms/batch 162.16 | loss 0.8806 | bpb  1.27 | ppl     2.41 | lr 2.97e-04
2025-05-31 12:27:21,740 | INFO | Gradient norm: 0.0076
2025-05-31 12:27:21,748 | INFO | Train batch  5800/10986 | ms/batch 162.16 | loss 0.8806 | bpb  1.27 | ppl     2.41 | lr 2.97e-04
2025-05-31 12:27:37,961 | INFO | Gradient norm: 0.0128
2025-05-31 12:27:37,969 | INFO | Train batch  5900/10986 | ms/batch 162.16 | loss 0.8806 | bpb  1.27 | ppl     2.41 | lr 2.97e-04
2025-05-31 12:27:54,196 | INFO | Gradient norm: 0.0239
2025-05-31 12:27:54,204 | INFO | Train batch  6000/10986 | ms/batch 162.16 | loss 0.8806 | bpb  1.27 | ppl     2.41 | lr 2.97e-04
2025-05-31 12:28:10,415 | INFO | Gradient norm: 0.0093
2025-05-31 12:28:10,422 | INFO | Train batch  6100/10986 | ms/batch 162.16 | loss 0.8806 | bpb  1.27 | ppl     2.41 | lr 2.97e-04
2025-05-31 12:28:26,632 | INFO | Gradient norm: 0.0123
2025-05-31 12:28:26,640 | INFO | Train batch  6200/10986 | ms/batch 162.16 | loss 0.8806 | bpb  1.27 | ppl     2.41 | lr 2.97e-04
2025-05-31 12:28:42,854 | INFO | Gradient norm: 0.0118
2025-05-31 12:28:42,862 | INFO | Train batch  6300/10986 | ms/batch 162.16 | loss 0.8806 | bpb  1.27 | ppl     2.41 | lr 2.97e-04
2025-05-31 12:28:59,087 | INFO | Gradient norm: 0.0108
2025-05-31 12:28:59,094 | INFO | Train batch  6400/10986 | ms/batch 162.16 | loss 0.8806 | bpb  1.27 | ppl     2.41 | lr 2.97e-04
2025-05-31 12:29:15,304 | INFO | Gradient norm: 0.0174
2025-05-31 12:29:15,312 | INFO | Train batch  6500/10986 | ms/batch 162.16 | loss 0.8806 | bpb  1.27 | ppl     2.41 | lr 2.97e-04
2025-05-31 12:29:31,521 | INFO | Gradient norm: 0.0118
2025-05-31 12:29:31,529 | INFO | Train batch  6600/10986 | ms/batch 162.16 | loss 0.8806 | bpb  1.27 | ppl     2.41 | lr 2.97e-04
2025-05-31 12:29:47,742 | INFO | Gradient norm: 0.0106
2025-05-31 12:29:47,749 | INFO | Train batch  6700/10986 | ms/batch 162.17 | loss 0.8806 | bpb  1.27 | ppl     2.41 | lr 2.97e-04
2025-05-31 12:30:03,976 | INFO | Gradient norm: 0.0113
2025-05-31 12:30:03,984 | INFO | Train batch  6800/10986 | ms/batch 162.17 | loss 0.8806 | bpb  1.27 | ppl     2.41 | lr 2.97e-04
2025-05-31 12:30:20,192 | INFO | Gradient norm: 0.0108
2025-05-31 12:30:20,200 | INFO | Train batch  6900/10986 | ms/batch 162.17 | loss 0.8806 | bpb  1.27 | ppl     2.41 | lr 2.97e-04
2025-05-31 12:30:36,411 | INFO | Gradient norm: 0.0101
2025-05-31 12:30:36,419 | INFO | Train batch  7000/10986 | ms/batch 162.17 | loss 0.8806 | bpb  1.27 | ppl     2.41 | lr 2.97e-04
2025-05-31 12:30:52,629 | INFO | Gradient norm: 0.0098
2025-05-31 12:30:52,637 | INFO | Train batch  7100/10986 | ms/batch 162.17 | loss 0.8806 | bpb  1.27 | ppl     2.41 | lr 2.97e-04
2025-05-31 12:31:08,850 | INFO | Gradient norm: 0.0122
2025-05-31 12:31:08,858 | INFO | Train batch  7200/10986 | ms/batch 162.17 | loss 0.8806 | bpb  1.27 | ppl     2.41 | lr 2.97e-04
2025-05-31 12:31:25,083 | INFO | Gradient norm: 0.0094
2025-05-31 12:31:25,091 | INFO | Train batch  7300/10986 | ms/batch 162.17 | loss 0.8806 | bpb  1.27 | ppl     2.41 | lr 2.97e-04
2025-05-31 12:31:41,300 | INFO | Gradient norm: 0.0092
2025-05-31 12:31:41,308 | INFO | Train batch  7400/10986 | ms/batch 162.17 | loss 0.8806 | bpb  1.27 | ppl     2.41 | lr 2.96e-04
2025-05-31 12:31:57,519 | INFO | Gradient norm: 0.0141
2025-05-31 12:31:57,527 | INFO | Train batch  7500/10986 | ms/batch 162.17 | loss 0.8806 | bpb  1.27 | ppl     2.41 | lr 2.96e-04
2025-05-31 12:32:13,741 | INFO | Gradient norm: 0.0151
2025-05-31 12:32:13,748 | INFO | Train batch  7600/10986 | ms/batch 162.17 | loss 0.8806 | bpb  1.27 | ppl     2.41 | lr 2.96e-04
2025-05-31 12:32:29,974 | INFO | Gradient norm: 0.0106
2025-05-31 12:32:29,982 | INFO | Train batch  7700/10986 | ms/batch 162.17 | loss 0.8806 | bpb  1.27 | ppl     2.41 | lr 2.96e-04
2025-05-31 12:32:46,193 | INFO | Gradient norm: 0.0092
2025-05-31 12:32:46,200 | INFO | Train batch  7800/10986 | ms/batch 162.17 | loss 0.8806 | bpb  1.27 | ppl     2.41 | lr 2.96e-04
2025-05-31 12:33:02,411 | INFO | Gradient norm: 0.0361
2025-05-31 12:33:02,419 | INFO | Train batch  7900/10986 | ms/batch 162.17 | loss 0.8806 | bpb  1.27 | ppl     2.41 | lr 2.96e-04
2025-05-31 12:33:18,629 | INFO | Gradient norm: 0.0212
2025-05-31 12:33:18,637 | INFO | Train batch  8000/10986 | ms/batch 162.17 | loss 0.8806 | bpb  1.27 | ppl     2.41 | lr 2.96e-04
2025-05-31 12:33:34,852 | INFO | Gradient norm: 0.0273
2025-05-31 12:33:34,860 | INFO | Train batch  8100/10986 | ms/batch 162.18 | loss 0.8806 | bpb  1.27 | ppl     2.41 | lr 2.96e-04
2025-05-31 12:33:51,085 | INFO | Gradient norm: 0.0127
2025-05-31 12:33:51,092 | INFO | Train batch  8200/10986 | ms/batch 162.18 | loss 0.8806 | bpb  1.27 | ppl     2.41 | lr 2.96e-04
2025-05-31 12:34:07,304 | INFO | Gradient norm: 0.0115
2025-05-31 12:34:07,312 | INFO | Train batch  8300/10986 | ms/batch 162.18 | loss 0.8806 | bpb  1.27 | ppl     2.41 | lr 2.96e-04
2025-05-31 12:34:23,520 | INFO | Gradient norm: 0.0097
2025-05-31 12:34:23,528 | INFO | Train batch  8400/10986 | ms/batch 162.18 | loss 0.8806 | bpb  1.27 | ppl     2.41 | lr 2.96e-04
2025-05-31 12:34:39,740 | INFO | Gradient norm: 0.0310
2025-05-31 12:34:39,748 | INFO | Train batch  8500/10986 | ms/batch 162.18 | loss 0.8806 | bpb  1.27 | ppl     2.41 | lr 2.96e-04
2025-05-31 12:34:55,974 | INFO | Gradient norm: 0.0158
2025-05-31 12:34:55,981 | INFO | Train batch  8600/10986 | ms/batch 162.18 | loss 0.8806 | bpb  1.27 | ppl     2.41 | lr 2.96e-04
2025-05-31 12:35:12,193 | INFO | Gradient norm: 0.0099
2025-05-31 12:35:12,201 | INFO | Train batch  8700/10986 | ms/batch 162.18 | loss 0.8806 | bpb  1.27 | ppl     2.41 | lr 2.96e-04
2025-05-31 12:35:28,410 | INFO | Gradient norm: 0.0220
2025-05-31 12:35:28,418 | INFO | Train batch  8800/10986 | ms/batch 162.18 | loss 0.8806 | bpb  1.27 | ppl     2.41 | lr 2.96e-04
2025-05-31 12:35:44,632 | INFO | Gradient norm: 0.0244
2025-05-31 12:35:44,639 | INFO | Train batch  8900/10986 | ms/batch 162.18 | loss 0.8806 | bpb  1.27 | ppl     2.41 | lr 2.96e-04
2025-05-31 12:36:00,865 | INFO | Gradient norm: 0.0645
2025-05-31 12:36:00,872 | INFO | Train batch  9000/10986 | ms/batch 162.18 | loss 0.8806 | bpb  1.27 | ppl     2.41 | lr 2.96e-04
2025-05-31 12:36:17,081 | INFO | Gradient norm: 0.0126
2025-05-31 12:36:17,089 | INFO | Train batch  9100/10986 | ms/batch 162.18 | loss 0.8806 | bpb  1.27 | ppl     2.41 | lr 2.96e-04
2025-05-31 12:36:33,297 | INFO | Gradient norm: 0.0110
2025-05-31 12:36:33,305 | INFO | Train batch  9200/10986 | ms/batch 162.18 | loss 0.8806 | bpb  1.27 | ppl     2.41 | lr 2.96e-04
2025-05-31 12:36:49,515 | INFO | Gradient norm: 0.0085
2025-05-31 12:36:49,523 | INFO | Train batch  9300/10986 | ms/batch 162.18 | loss 0.8806 | bpb  1.27 | ppl     2.41 | lr 2.96e-04
2025-05-31 12:37:05,735 | INFO | Gradient norm: 0.0141
2025-05-31 12:37:05,743 | INFO | Train batch  9400/10986 | ms/batch 162.18 | loss 0.8805 | bpb  1.27 | ppl     2.41 | lr 2.96e-04
2025-05-31 12:37:21,967 | INFO | Gradient norm: 0.0199
2025-05-31 12:37:21,975 | INFO | Train batch  9500/10986 | ms/batch 162.18 | loss 0.8805 | bpb  1.27 | ppl     2.41 | lr 2.96e-04
2025-05-31 12:37:38,185 | INFO | Gradient norm: 0.0124
2025-05-31 12:37:38,192 | INFO | Train batch  9600/10986 | ms/batch 162.18 | loss 0.8805 | bpb  1.27 | ppl     2.41 | lr 2.96e-04
2025-05-31 12:37:54,402 | INFO | Gradient norm: 0.0164
2025-05-31 12:37:54,410 | INFO | Train batch  9700/10986 | ms/batch 162.18 | loss 0.8805 | bpb  1.27 | ppl     2.41 | lr 2.96e-04
2025-05-31 12:38:10,623 | INFO | Gradient norm: 0.0107
2025-05-31 12:38:10,631 | INFO | Train batch  9800/10986 | ms/batch 162.18 | loss 0.8805 | bpb  1.27 | ppl     2.41 | lr 2.96e-04
2025-05-31 12:38:26,859 | INFO | Gradient norm: 0.0075
2025-05-31 12:38:26,867 | INFO | Train batch  9900/10986 | ms/batch 162.18 | loss 0.8805 | bpb  1.27 | ppl     2.41 | lr 2.96e-04
2025-05-31 12:38:43,079 | INFO | Gradient norm: 0.0169
2025-05-31 12:38:43,086 | INFO | Train batch 10000/10986 | ms/batch 162.18 | loss 0.8805 | bpb  1.27 | ppl     2.41 | lr 2.96e-04
2025-05-31 12:38:59,297 | INFO | Gradient norm: 0.0148
2025-05-31 12:38:59,304 | INFO | Train batch 10100/10986 | ms/batch 162.18 | loss 0.8805 | bpb  1.27 | ppl     2.41 | lr 2.96e-04
2025-05-31 12:39:15,519 | INFO | Gradient norm: 0.0174
2025-05-31 12:39:15,526 | INFO | Train batch 10200/10986 | ms/batch 162.18 | loss 0.8805 | bpb  1.27 | ppl     2.41 | lr 2.96e-04
2025-05-31 12:39:31,752 | INFO | Gradient norm: 0.0120
2025-05-31 12:39:31,760 | INFO | Train batch 10300/10986 | ms/batch 162.19 | loss 0.8805 | bpb  1.27 | ppl     2.41 | lr 2.96e-04
2025-05-31 12:39:47,969 | INFO | Gradient norm: 0.0109
2025-05-31 12:39:47,977 | INFO | Train batch 10400/10986 | ms/batch 162.19 | loss 0.8805 | bpb  1.27 | ppl     2.41 | lr 2.96e-04
2025-05-31 12:40:04,191 | INFO | Gradient norm: 0.0134
2025-05-31 12:40:04,199 | INFO | Train batch 10500/10986 | ms/batch 162.19 | loss 0.8805 | bpb  1.27 | ppl     2.41 | lr 2.96e-04
2025-05-31 12:40:20,409 | INFO | Gradient norm: 0.0117
2025-05-31 12:40:20,417 | INFO | Train batch 10600/10986 | ms/batch 162.19 | loss 0.8805 | bpb  1.27 | ppl     2.41 | lr 2.96e-04
2025-05-31 12:40:36,632 | INFO | Gradient norm: 0.0083
2025-05-31 12:40:36,639 | INFO | Train batch 10700/10986 | ms/batch 162.19 | loss 0.8805 | bpb  1.27 | ppl     2.41 | lr 2.96e-04
2025-05-31 12:40:52,864 | INFO | Gradient norm: 0.0137
2025-05-31 12:40:52,872 | INFO | Train batch 10800/10986 | ms/batch 162.19 | loss 0.8805 | bpb  1.27 | ppl     2.41 | lr 2.96e-04
2025-05-31 12:41:09,084 | INFO | Gradient norm: 0.0105
2025-05-31 12:41:09,091 | INFO | Train batch 10900/10986 | ms/batch 162.19 | loss 0.8805 | bpb  1.27 | ppl     2.41 | lr 2.96e-04
2025-05-31 12:42:33,120 | INFO | Epoch   3 | time: 1852.04s | train bpb  1.27 | valid bpb  1.27
2025-05-31 12:42:33,121 | INFO | Validation bpb did not improve by 0.0100. Patience: 3/3
2025-05-31 12:42:33,121 | INFO | Early stopping triggered after 4 epochs. Best validation bpb: 1.2757
2025-05-31 13:36:08,125 | INFO | Using device: cuda
2025-05-31 13:36:10,634 | INFO | Model parameters: 19,196,160
2025-05-31 13:36:10,635 | INFO | Loading training data...
2025-05-31 13:36:15,555 | INFO | Base learning rate: 1.00e-03
2025-05-31 13:36:15,555 | INFO | Minimum learning rate: 1.00e-04
2025-05-31 13:36:15,555 | INFO | Initial learning rate: 0.00e+00
2025-05-31 13:36:15,555 | INFO | Warmup steps: 4000
2025-05-31 13:36:15,556 | INFO | Total steps: 1159600
2025-05-31 13:36:15,556 | INFO | Test LR at step 0: 0.00e+00
2025-05-31 13:36:15,556 | INFO | Test LR at step 2000: 5.00e-04
2025-05-31 13:36:15,556 | INFO | Test LR at step 4000: 1.00e-03
2025-05-31 13:36:15,556 | INFO | Test LR at step 579800: 8.55e-04
2025-05-31 13:36:15,556 | INFO | Test LR at step 1159599: 5.00e-04
2025-05-31 13:36:15,557 | INFO | Starting training...
2025-05-31 13:36:15,557 | INFO | Input shape: torch.Size([16, 511]), Target shape: torch.Size([16, 511])
2025-05-31 13:36:15,558 | INFO | Input range: [10, 125]
2025-05-31 13:36:15,558 | INFO | Target range: [10, 125]
2025-05-31 13:36:25,706 | INFO | Output shape: torch.Size([8176, 256]), Reshaped target shape: torch.Size([8176])
2025-05-31 13:36:25,707 | INFO | Output logits range: [-5.88671875, 5.93359375]
2025-05-31 13:36:25,708 | INFO | Sample probabilities: max=0.1109924167394638, min=3.096553700743243e-05
2025-05-31 13:36:25,709 | INFO | Raw loss value: 9.014463424682617
2025-05-31 13:36:25,709 | INFO | Batch 0 loss stats - Mean: -0.0258, Std: 1.1494
2025-05-31 13:36:25,837 | INFO | Gradient norm: 11.0325
2025-05-31 13:36:25,878 | INFO | Train batch     0/11596 | ms/batch 10320.68 | loss 9.0145 | bpb 13.01 | ppl  8221.13 | lr 2.50e-07 | grad_norm 1.10e+01
2025-05-31 13:36:43,857 | INFO | Gradient norm: 1.0789
2025-05-31 13:36:43,874 | INFO | Train batch   100/11596 | ms/batch 280.36 | loss 6.3100 | bpb  9.10 | ppl   550.05 | lr 2.53e-05 | grad_norm 1.08e+00
2025-05-31 13:37:01,802 | INFO | Gradient norm: 0.9662
2025-05-31 13:37:01,818 | INFO | Train batch   200/11596 | ms/batch 230.16 | loss 5.4054 | bpb  7.80 | ppl   222.62 | lr 5.03e-05 | grad_norm 9.66e-01
2025-05-31 13:37:19,699 | INFO | Gradient norm: 0.8553
2025-05-31 13:37:19,716 | INFO | Train batch   300/11596 | ms/batch 213.15 | loss 4.9939 | bpb  7.20 | ppl   147.52 | lr 7.52e-05 | grad_norm 8.55e-01
2025-05-31 13:37:37,653 | INFO | Gradient norm: 0.8570
2025-05-31 13:37:37,670 | INFO | Train batch   400/11596 | ms/batch 204.77 | loss 4.7242 | bpb  6.82 | ppl   112.64 | lr 1.00e-04 | grad_norm 8.57e-01
2025-05-31 13:37:55,596 | INFO | Gradient norm: 1.0299
2025-05-31 13:37:55,613 | INFO | Train batch   500/11596 | ms/batch 199.71 | loss 4.5342 | bpb  6.54 | ppl    93.14 | lr 1.25e-04 | grad_norm 1.03e+00
2025-05-31 13:38:13,578 | INFO | Gradient norm: 0.7833
2025-05-31 13:38:13,594 | INFO | Train batch   600/11596 | ms/batch 196.40 | loss 4.3811 | bpb  6.32 | ppl    79.92 | lr 1.50e-04 | grad_norm 7.83e-01
2025-05-31 13:38:31,564 | INFO | Gradient norm: 1.2381
2025-05-31 13:38:31,580 | INFO | Train batch   700/11596 | ms/batch 194.04 | loss 4.2273 | bpb  6.10 | ppl    68.53 | lr 1.75e-04 | grad_norm 1.24e+00
2025-05-31 13:38:49,558 | INFO | Gradient norm: 1.0743
2025-05-31 13:38:49,574 | INFO | Train batch   800/11596 | ms/batch 192.28 | loss 3.9699 | bpb  5.73 | ppl    52.98 | lr 2.00e-04 | grad_norm 1.07e+00
2025-05-31 13:39:07,568 | INFO | Gradient norm: 0.6310
2025-05-31 13:39:07,584 | INFO | Train batch   900/11596 | ms/batch 190.93 | loss 3.6553 | bpb  5.27 | ppl    38.68 | lr 2.25e-04 | grad_norm 6.31e-01
2025-05-31 13:39:25,576 | INFO | Gradient norm: 0.3415
2025-05-31 13:39:25,592 | INFO | Train batch  1000/11596 | ms/batch 189.85 | loss 3.3774 | bpb  4.87 | ppl    29.29 | lr 2.50e-04 | grad_norm 3.42e-01
2025-05-31 13:39:43,567 | INFO | Gradient norm: 0.2405
2025-05-31 13:39:43,584 | INFO | Train batch  1100/11596 | ms/batch 188.94 | loss 3.1432 | bpb  4.53 | ppl    23.18 | lr 2.75e-04 | grad_norm 2.41e-01
2025-05-31 13:40:01,577 | INFO | Gradient norm: 0.2236
2025-05-31 13:40:01,593 | INFO | Train batch  1200/11596 | ms/batch 188.21 | loss 2.9449 | bpb  4.25 | ppl    19.01 | lr 3.00e-04 | grad_norm 2.24e-01
2025-05-31 13:40:19,593 | INFO | Gradient norm: 0.1735
2025-05-31 13:40:19,609 | INFO | Train batch  1300/11596 | ms/batch 187.59 | loss 2.7753 | bpb  4.00 | ppl    16.04 | lr 3.25e-04 | grad_norm 1.73e-01
2025-05-31 13:40:37,583 | INFO | Gradient norm: 0.1212
2025-05-31 13:40:37,599 | INFO | Train batch  1400/11596 | ms/batch 187.04 | loss 2.6289 | bpb  3.79 | ppl    13.86 | lr 3.50e-04 | grad_norm 1.21e-01
2025-05-31 13:40:55,590 | INFO | Gradient norm: 0.1256
2025-05-31 13:40:55,607 | INFO | Train batch  1500/11596 | ms/batch 186.58 | loss 2.5014 | bpb  3.61 | ppl    12.20 | lr 3.75e-04 | grad_norm 1.26e-01
2025-05-31 13:41:13,600 | INFO | Gradient norm: 0.1607
2025-05-31 13:41:13,617 | INFO | Train batch  1600/11596 | ms/batch 186.17 | loss 2.3897 | bpb  3.45 | ppl    10.91 | lr 4.00e-04 | grad_norm 1.61e-01
2025-05-31 13:41:31,588 | INFO | Gradient norm: 0.1315
2025-05-31 13:41:31,604 | INFO | Train batch  1700/11596 | ms/batch 185.80 | loss 2.2910 | bpb  3.31 | ppl     9.88 | lr 4.25e-04 | grad_norm 1.32e-01
2025-05-31 13:41:49,548 | INFO | Gradient norm: 0.0816
2025-05-31 13:41:49,565 | INFO | Train batch  1800/11596 | ms/batch 185.46 | loss 2.2030 | bpb  3.18 | ppl     9.05 | lr 4.50e-04 | grad_norm 8.16e-02
2025-05-31 13:42:07,526 | INFO | Gradient norm: 0.0699
2025-05-31 13:42:07,543 | INFO | Train batch  1900/11596 | ms/batch 185.16 | loss 2.1241 | bpb  3.06 | ppl     8.37 | lr 4.75e-04 | grad_norm 6.99e-02
2025-05-31 13:42:25,492 | INFO | Gradient norm: 0.1074
2025-05-31 13:42:25,509 | INFO | Train batch  2000/11596 | ms/batch 184.88 | loss 2.0531 | bpb  2.96 | ppl     7.79 | lr 5.00e-04 | grad_norm 1.07e-01
2025-05-31 13:42:43,467 | INFO | Gradient norm: 0.0970
2025-05-31 13:42:43,484 | INFO | Train batch  2100/11596 | ms/batch 184.64 | loss 1.9888 | bpb  2.87 | ppl     7.31 | lr 5.25e-04 | grad_norm 9.70e-02
2025-05-31 13:43:01,428 | INFO | Gradient norm: 0.1201
2025-05-31 13:43:01,445 | INFO | Train batch  2200/11596 | ms/batch 184.41 | loss 1.9303 | bpb  2.78 | ppl     6.89 | lr 5.50e-04 | grad_norm 1.20e-01
2025-05-31 13:43:19,393 | INFO | Gradient norm: 0.1203
2025-05-31 13:43:19,410 | INFO | Train batch  2300/11596 | ms/batch 184.20 | loss 1.8769 | bpb  2.71 | ppl     6.53 | lr 5.75e-04 | grad_norm 1.20e-01
2025-05-31 13:43:37,366 | INFO | Gradient norm: 0.1001
2025-05-31 13:43:37,382 | INFO | Train batch  2400/11596 | ms/batch 184.02 | loss 1.8279 | bpb  2.64 | ppl     6.22 | lr 6.00e-04 | grad_norm 1.00e-01
2025-05-31 13:43:55,341 | INFO | Gradient norm: 0.0791
2025-05-31 13:43:55,358 | INFO | Train batch  2500/11596 | ms/batch 183.85 | loss 1.7828 | bpb  2.57 | ppl     5.95 | lr 6.25e-04 | grad_norm 7.91e-02
2025-05-31 13:44:13,301 | INFO | Gradient norm: 0.1492
2025-05-31 13:44:13,317 | INFO | Train batch  2600/11596 | ms/batch 183.68 | loss 1.7412 | bpb  2.51 | ppl     5.70 | lr 6.50e-04 | grad_norm 1.49e-01
2025-05-31 13:44:31,262 | INFO | Gradient norm: 0.1367
2025-05-31 13:44:31,279 | INFO | Train batch  2700/11596 | ms/batch 183.53 | loss 1.7026 | bpb  2.46 | ppl     5.49 | lr 6.75e-04 | grad_norm 1.37e-01
2025-05-31 13:44:49,233 | INFO | Gradient norm: 0.1019
2025-05-31 13:44:49,249 | INFO | Train batch  2800/11596 | ms/batch 183.40 | loss 1.6668 | bpb  2.40 | ppl     5.30 | lr 7.00e-04 | grad_norm 1.02e-01
2025-05-31 13:45:07,202 | INFO | Gradient norm: 0.1027
2025-05-31 13:45:07,219 | INFO | Train batch  2900/11596 | ms/batch 183.27 | loss 1.6334 | bpb  2.36 | ppl     5.12 | lr 7.25e-04 | grad_norm 1.03e-01
2025-05-31 13:45:25,177 | INFO | Gradient norm: 0.1274
2025-05-31 13:45:25,194 | INFO | Train batch  3000/11596 | ms/batch 183.15 | loss 1.6022 | bpb  2.31 | ppl     4.96 | lr 7.50e-04 | grad_norm 1.27e-01
2025-05-31 13:45:43,135 | INFO | Gradient norm: 0.0963
2025-05-31 13:45:43,151 | INFO | Train batch  3100/11596 | ms/batch 183.04 | loss 1.5731 | bpb  2.27 | ppl     4.82 | lr 7.75e-04 | grad_norm 9.63e-02
2025-05-31 13:46:01,095 | INFO | Gradient norm: 0.0919
2025-05-31 13:46:01,112 | INFO | Train batch  3200/11596 | ms/batch 182.93 | loss 1.5457 | bpb  2.23 | ppl     4.69 | lr 8.00e-04 | grad_norm 9.19e-02
2025-05-31 13:46:19,073 | INFO | Gradient norm: 0.0700
2025-05-31 13:46:19,089 | INFO | Train batch  3300/11596 | ms/batch 182.83 | loss 1.5201 | bpb  2.19 | ppl     4.57 | lr 8.25e-04 | grad_norm 7.00e-02
2025-05-31 13:46:37,037 | INFO | Gradient norm: 0.0902
2025-05-31 13:46:37,053 | INFO | Train batch  3400/11596 | ms/batch 182.74 | loss 1.4959 | bpb  2.16 | ppl     4.46 | lr 8.50e-04 | grad_norm 9.02e-02
2025-05-31 13:46:55,012 | INFO | Gradient norm: 0.0879
2025-05-31 13:46:55,028 | INFO | Train batch  3500/11596 | ms/batch 182.65 | loss 1.4731 | bpb  2.13 | ppl     4.36 | lr 8.75e-04 | grad_norm 8.79e-02
2025-05-31 13:47:12,971 | INFO | Gradient norm: 0.0743
2025-05-31 13:47:12,987 | INFO | Train batch  3600/11596 | ms/batch 182.57 | loss 1.4515 | bpb  2.09 | ppl     4.27 | lr 9.00e-04 | grad_norm 7.43e-02
2025-05-31 13:47:30,937 | INFO | Gradient norm: 0.0779
2025-05-31 13:47:30,953 | INFO | Train batch  3700/11596 | ms/batch 182.49 | loss 1.4311 | bpb  2.06 | ppl     4.18 | lr 9.25e-04 | grad_norm 7.79e-02
2025-05-31 13:47:48,910 | INFO | Gradient norm: 0.1349
2025-05-31 13:47:48,927 | INFO | Train batch  3800/11596 | ms/batch 182.42 | loss 1.4118 | bpb  2.04 | ppl     4.10 | lr 9.50e-04 | grad_norm 1.35e-01
2025-05-31 13:48:06,889 | INFO | Gradient norm: 0.0626
2025-05-31 13:48:06,905 | INFO | Train batch  3900/11596 | ms/batch 182.35 | loss 1.3935 | bpb  2.01 | ppl     4.03 | lr 9.75e-04 | grad_norm 6.26e-02
2025-05-31 13:48:24,849 | INFO | Gradient norm: 0.0641
2025-05-31 13:48:24,865 | INFO | Train batch  4000/11596 | ms/batch 182.28 | loss 1.3761 | bpb  1.99 | ppl     3.96 | lr 1.00e-03 | grad_norm 6.41e-02
2025-05-31 13:48:42,808 | INFO | Gradient norm: 0.0504
2025-05-31 13:48:42,825 | INFO | Train batch  4100/11596 | ms/batch 182.22 | loss 1.3595 | bpb  1.96 | ppl     3.89 | lr 1.00e-03 | grad_norm 5.04e-02
2025-05-31 13:49:00,778 | INFO | Gradient norm: 0.0655
2025-05-31 13:49:00,794 | INFO | Train batch  4200/11596 | ms/batch 182.16 | loss 1.3437 | bpb  1.94 | ppl     3.83 | lr 1.00e-03 | grad_norm 6.55e-02
2025-05-31 13:49:18,748 | INFO | Gradient norm: 0.0584
2025-05-31 13:49:18,764 | INFO | Train batch  4300/11596 | ms/batch 182.10 | loss 1.3287 | bpb  1.92 | ppl     3.78 | lr 1.00e-03 | grad_norm 5.84e-02
2025-05-31 13:49:36,724 | INFO | Gradient norm: 0.0614
2025-05-31 13:49:36,740 | INFO | Train batch  4400/11596 | ms/batch 182.05 | loss 1.3143 | bpb  1.90 | ppl     3.72 | lr 1.00e-03 | grad_norm 6.14e-02
2025-05-31 13:49:54,681 | INFO | Gradient norm: 0.0757
2025-05-31 13:49:54,698 | INFO | Train batch  4500/11596 | ms/batch 181.99 | loss 1.3006 | bpb  1.88 | ppl     3.67 | lr 1.00e-03 | grad_norm 7.57e-02
2025-05-31 13:50:12,642 | INFO | Gradient norm: 0.0748
2025-05-31 13:50:12,658 | INFO | Train batch  4600/11596 | ms/batch 181.94 | loss 1.2874 | bpb  1.86 | ppl     3.62 | lr 1.00e-03 | grad_norm 7.48e-02
2025-05-31 13:50:30,616 | INFO | Gradient norm: 0.0638
2025-05-31 13:50:30,632 | INFO | Train batch  4700/11596 | ms/batch 181.89 | loss 1.2748 | bpb  1.84 | ppl     3.58 | lr 1.00e-03 | grad_norm 6.38e-02
2025-05-31 13:50:48,579 | INFO | Gradient norm: 0.0362
2025-05-31 13:50:48,595 | INFO | Train batch  4800/11596 | ms/batch 181.85 | loss 1.2628 | bpb  1.82 | ppl     3.54 | lr 1.00e-03 | grad_norm 3.62e-02
2025-05-31 13:51:06,553 | INFO | Gradient norm: 0.0646
2025-05-31 13:51:06,570 | INFO | Train batch  4900/11596 | ms/batch 181.80 | loss 1.2512 | bpb  1.81 | ppl     3.49 | lr 1.00e-03 | grad_norm 6.46e-02
2025-05-31 13:51:24,511 | INFO | Gradient norm: 0.0711
2025-05-31 13:51:24,527 | INFO | Train batch  5000/11596 | ms/batch 181.76 | loss 1.2400 | bpb  1.79 | ppl     3.46 | lr 1.00e-03 | grad_norm 7.11e-02
2025-05-31 13:51:42,477 | INFO | Gradient norm: 0.0930
2025-05-31 13:51:42,494 | INFO | Train batch  5100/11596 | ms/batch 181.72 | loss 1.2293 | bpb  1.77 | ppl     3.42 | lr 1.00e-03 | grad_norm 9.30e-02
2025-05-31 13:52:00,452 | INFO | Gradient norm: 0.0330
2025-05-31 13:52:00,468 | INFO | Train batch  5200/11596 | ms/batch 181.68 | loss 1.2191 | bpb  1.76 | ppl     3.38 | lr 1.00e-03 | grad_norm 3.30e-02
2025-05-31 13:52:18,428 | INFO | Gradient norm: 0.0365
2025-05-31 13:52:18,444 | INFO | Train batch  5300/11596 | ms/batch 181.64 | loss 1.2092 | bpb  1.74 | ppl     3.35 | lr 1.00e-03 | grad_norm 3.65e-02
2025-05-31 13:52:36,386 | INFO | Gradient norm: 0.0580
2025-05-31 13:52:36,402 | INFO | Train batch  5400/11596 | ms/batch 181.60 | loss 1.1996 | bpb  1.73 | ppl     3.32 | lr 1.00e-03 | grad_norm 5.80e-02
2025-05-31 13:52:54,347 | INFO | Gradient norm: 0.0538
2025-05-31 13:52:54,363 | INFO | Train batch  5500/11596 | ms/batch 181.57 | loss 1.1904 | bpb  1.72 | ppl     3.29 | lr 1.00e-03 | grad_norm 5.38e-02
2025-05-31 13:53:12,316 | INFO | Gradient norm: 0.0402
2025-05-31 13:53:12,333 | INFO | Train batch  5600/11596 | ms/batch 181.53 | loss 1.1816 | bpb  1.70 | ppl     3.26 | lr 1.00e-03 | grad_norm 4.02e-02
2025-05-31 13:53:30,285 | INFO | Gradient norm: 0.0313
2025-05-31 13:53:30,301 | INFO | Train batch  5700/11596 | ms/batch 181.50 | loss 1.1730 | bpb  1.69 | ppl     3.23 | lr 1.00e-03 | grad_norm 3.13e-02
2025-05-31 13:53:48,262 | INFO | Gradient norm: 0.0517
2025-05-31 13:53:48,279 | INFO | Train batch  5800/11596 | ms/batch 181.47 | loss 1.1647 | bpb  1.68 | ppl     3.21 | lr 1.00e-03 | grad_norm 5.17e-02
2025-05-31 13:54:06,220 | INFO | Gradient norm: 0.0369
2025-05-31 13:54:06,237 | INFO | Train batch  5900/11596 | ms/batch 181.44 | loss 1.1568 | bpb  1.67 | ppl     3.18 | lr 1.00e-03 | grad_norm 3.69e-02
2025-05-31 13:54:24,180 | INFO | Gradient norm: 0.0509
2025-05-31 13:54:24,197 | INFO | Train batch  6000/11596 | ms/batch 181.41 | loss 1.1490 | bpb  1.66 | ppl     3.16 | lr 1.00e-03 | grad_norm 5.09e-02
2025-05-31 13:54:42,153 | INFO | Gradient norm: 0.0543
2025-05-31 13:54:42,169 | INFO | Train batch  6100/11596 | ms/batch 181.38 | loss 1.1416 | bpb  1.65 | ppl     3.13 | lr 1.00e-03 | grad_norm 5.43e-02
2025-05-31 13:55:00,119 | INFO | Gradient norm: 0.0408
2025-05-31 13:55:00,136 | INFO | Train batch  6200/11596 | ms/batch 181.35 | loss 1.1343 | bpb  1.64 | ppl     3.11 | lr 1.00e-03 | grad_norm 4.08e-02
2025-05-31 13:55:17,779 | INFO | Gradient norm: 0.0461
2025-05-31 13:55:17,789 | INFO | Train batch  6300/11596 | ms/batch 181.28 | loss 1.1273 | bpb  1.63 | ppl     3.09 | lr 1.00e-03 | grad_norm 4.61e-02
2025-05-31 13:55:35,492 | INFO | Gradient norm: 0.0423
2025-05-31 13:55:35,508 | INFO | Train batch  6400/11596 | ms/batch 181.21 | loss 1.1206 | bpb  1.62 | ppl     3.07 | lr 1.00e-03 | grad_norm 4.23e-02
2025-05-31 13:55:53,462 | INFO | Gradient norm: 0.0361
2025-05-31 13:55:53,478 | INFO | Train batch  6500/11596 | ms/batch 181.19 | loss 1.1140 | bpb  1.61 | ppl     3.05 | lr 1.00e-03 | grad_norm 3.61e-02
2025-05-31 13:56:11,430 | INFO | Gradient norm: 0.0383
2025-05-31 13:56:11,446 | INFO | Train batch  6600/11596 | ms/batch 181.17 | loss 1.1076 | bpb  1.60 | ppl     3.03 | lr 1.00e-03 | grad_norm 3.83e-02
2025-05-31 13:56:29,408 | INFO | Gradient norm: 0.0468
2025-05-31 13:56:29,424 | INFO | Train batch  6700/11596 | ms/batch 181.15 | loss 1.1014 | bpb  1.59 | ppl     3.01 | lr 1.00e-03 | grad_norm 4.68e-02
2025-05-31 13:56:47,366 | INFO | Gradient norm: 0.0838
2025-05-31 13:56:47,382 | INFO | Train batch  6800/11596 | ms/batch 181.12 | loss 1.0954 | bpb  1.58 | ppl     2.99 | lr 1.00e-03 | grad_norm 8.38e-02
2025-05-31 13:57:05,328 | INFO | Gradient norm: 0.0356
2025-05-31 13:57:05,345 | INFO | Train batch  6900/11596 | ms/batch 181.10 | loss 1.0896 | bpb  1.57 | ppl     2.97 | lr 1.00e-03 | grad_norm 3.56e-02
2025-05-31 13:57:23,306 | INFO | Gradient norm: 0.0214
2025-05-31 13:57:23,322 | INFO | Train batch  7000/11596 | ms/batch 181.08 | loss 1.0839 | bpb  1.56 | ppl     2.96 | lr 1.00e-03 | grad_norm 2.14e-02
2025-05-31 13:57:41,284 | INFO | Gradient norm: 0.0684
2025-05-31 13:57:41,300 | INFO | Train batch  7100/11596 | ms/batch 181.07 | loss 1.0784 | bpb  1.56 | ppl     2.94 | lr 1.00e-03 | grad_norm 6.84e-02
2025-05-31 13:57:59,243 | INFO | Gradient norm: 0.0233
2025-05-31 13:57:59,260 | INFO | Train batch  7200/11596 | ms/batch 181.04 | loss 1.0731 | bpb  1.55 | ppl     2.92 | lr 1.00e-03 | grad_norm 2.33e-02
2025-05-31 13:58:17,202 | INFO | Gradient norm: 0.0248
2025-05-31 13:58:17,219 | INFO | Train batch  7300/11596 | ms/batch 181.02 | loss 1.0679 | bpb  1.54 | ppl     2.91 | lr 1.00e-03 | grad_norm 2.48e-02
2025-05-31 13:58:35,173 | INFO | Gradient norm: 0.0212
2025-05-31 13:58:35,190 | INFO | Train batch  7400/11596 | ms/batch 181.01 | loss 1.0628 | bpb  1.53 | ppl     2.89 | lr 1.00e-03 | grad_norm 2.12e-02
2025-05-31 13:58:53,141 | INFO | Gradient norm: 0.0406
2025-05-31 13:58:53,157 | INFO | Train batch  7500/11596 | ms/batch 180.99 | loss 1.0579 | bpb  1.53 | ppl     2.88 | lr 1.00e-03 | grad_norm 4.06e-02
2025-05-31 13:59:11,117 | INFO | Gradient norm: 0.0164
2025-05-31 13:59:11,133 | INFO | Train batch  7600/11596 | ms/batch 180.97 | loss 1.0531 | bpb  1.52 | ppl     2.87 | lr 1.00e-03 | grad_norm 1.64e-02
2025-05-31 13:59:29,078 | INFO | Gradient norm: 0.0635
2025-05-31 13:59:29,094 | INFO | Train batch  7700/11596 | ms/batch 180.96 | loss 1.0484 | bpb  1.51 | ppl     2.85 | lr 1.00e-03 | grad_norm 6.35e-02
2025-05-31 13:59:47,038 | INFO | Gradient norm: 0.0113
2025-05-31 13:59:47,054 | INFO | Train batch  7800/11596 | ms/batch 180.94 | loss 1.0438 | bpb  1.51 | ppl     2.84 | lr 1.00e-03 | grad_norm 1.13e-02
2025-05-31 14:00:05,019 | INFO | Gradient norm: 0.0236
2025-05-31 14:00:05,036 | INFO | Train batch  7900/11596 | ms/batch 180.92 | loss 1.0394 | bpb  1.50 | ppl     2.83 | lr 1.00e-03 | grad_norm 2.36e-02
2025-05-31 14:00:22,993 | INFO | Gradient norm: 0.0886
2025-05-31 14:00:23,010 | INFO | Train batch  8000/11596 | ms/batch 180.91 | loss 1.0351 | bpb  1.49 | ppl     2.82 | lr 1.00e-03 | grad_norm 8.86e-02
2025-05-31 14:00:40,955 | INFO | Gradient norm: 0.0660
2025-05-31 14:00:40,972 | INFO | Train batch  8100/11596 | ms/batch 180.89 | loss 1.0309 | bpb  1.49 | ppl     2.80 | lr 1.00e-03 | grad_norm 6.60e-02
2025-05-31 14:00:58,913 | INFO | Gradient norm: 0.0424
2025-05-31 14:00:58,929 | INFO | Train batch  8200/11596 | ms/batch 180.88 | loss 1.0267 | bpb  1.48 | ppl     2.79 | lr 1.00e-03 | grad_norm 4.24e-02
2025-05-31 14:01:16,890 | INFO | Gradient norm: 0.0420
2025-05-31 14:01:16,907 | INFO | Train batch  8300/11596 | ms/batch 180.86 | loss 1.0227 | bpb  1.48 | ppl     2.78 | lr 1.00e-03 | grad_norm 4.20e-02
2025-05-31 14:01:34,851 | INFO | Gradient norm: 0.0283
2025-05-31 14:01:34,868 | INFO | Train batch  8400/11596 | ms/batch 180.85 | loss 1.0188 | bpb  1.47 | ppl     2.77 | lr 1.00e-03 | grad_norm 2.83e-02
2025-05-31 14:01:52,826 | INFO | Gradient norm: 0.0575
2025-05-31 14:01:52,842 | INFO | Train batch  8500/11596 | ms/batch 180.84 | loss 1.0149 | bpb  1.46 | ppl     2.76 | lr 1.00e-03 | grad_norm 5.75e-02
2025-05-31 14:02:10,782 | INFO | Gradient norm: 0.0122
2025-05-31 14:02:10,798 | INFO | Train batch  8600/11596 | ms/batch 180.82 | loss 1.0112 | bpb  1.46 | ppl     2.75 | lr 1.00e-03 | grad_norm 1.22e-02
2025-05-31 14:02:28,748 | INFO | Gradient norm: 0.0557
2025-05-31 14:02:28,764 | INFO | Train batch  8700/11596 | ms/batch 180.81 | loss 1.0075 | bpb  1.45 | ppl     2.74 | lr 1.00e-03 | grad_norm 5.57e-02
2025-05-31 14:02:46,713 | INFO | Gradient norm: 0.0233
2025-05-31 14:02:46,729 | INFO | Train batch  8800/11596 | ms/batch 180.79 | loss 1.0039 | bpb  1.45 | ppl     2.73 | lr 1.00e-03 | grad_norm 2.33e-02
2025-05-31 14:03:04,685 | INFO | Gradient norm: 0.0251
2025-05-31 14:03:04,702 | INFO | Train batch  8900/11596 | ms/batch 180.78 | loss 1.0004 | bpb  1.44 | ppl     2.72 | lr 1.00e-03 | grad_norm 2.51e-02
2025-05-31 14:03:22,641 | INFO | Gradient norm: 0.0095
2025-05-31 14:03:22,658 | INFO | Train batch  9000/11596 | ms/batch 180.77 | loss 0.9970 | bpb  1.44 | ppl     2.71 | lr 1.00e-03 | grad_norm 9.48e-03
2025-05-31 14:03:40,604 | INFO | Gradient norm: 0.0484
2025-05-31 14:03:40,621 | INFO | Train batch  9100/11596 | ms/batch 180.76 | loss 0.9936 | bpb  1.43 | ppl     2.70 | lr 1.00e-03 | grad_norm 4.84e-02
2025-05-31 14:03:58,575 | INFO | Gradient norm: 0.0559
2025-05-31 14:03:58,591 | INFO | Train batch  9200/11596 | ms/batch 180.74 | loss 0.9904 | bpb  1.43 | ppl     2.69 | lr 1.00e-03 | grad_norm 5.59e-02
2025-05-31 14:04:16,547 | INFO | Gradient norm: 0.0279
2025-05-31 14:04:16,563 | INFO | Train batch  9300/11596 | ms/batch 180.73 | loss 0.9872 | bpb  1.42 | ppl     2.68 | lr 1.00e-03 | grad_norm 2.79e-02
2025-05-31 14:04:34,503 | INFO | Gradient norm: 0.0337
2025-05-31 14:04:34,519 | INFO | Train batch  9400/11596 | ms/batch 180.72 | loss 0.9840 | bpb  1.42 | ppl     2.68 | lr 1.00e-03 | grad_norm 3.37e-02
2025-05-31 14:04:52,460 | INFO | Gradient norm: 0.0095
2025-05-31 14:04:52,476 | INFO | Train batch  9500/11596 | ms/batch 180.71 | loss 0.9810 | bpb  1.42 | ppl     2.67 | lr 1.00e-03 | grad_norm 9.53e-03
2025-05-31 14:05:10,438 | INFO | Gradient norm: 0.0386
2025-05-31 14:05:10,454 | INFO | Train batch  9600/11596 | ms/batch 180.70 | loss 0.9779 | bpb  1.41 | ppl     2.66 | lr 1.00e-03 | grad_norm 3.86e-02
2025-05-31 14:05:28,410 | INFO | Gradient norm: 0.0902
2025-05-31 14:05:28,427 | INFO | Train batch  9700/11596 | ms/batch 180.69 | loss 0.9750 | bpb  1.41 | ppl     2.65 | lr 1.00e-03 | grad_norm 9.02e-02
2025-05-31 14:05:46,368 | INFO | Gradient norm: 0.0334
2025-05-31 14:05:46,384 | INFO | Train batch  9800/11596 | ms/batch 180.68 | loss 0.9721 | bpb  1.40 | ppl     2.64 | lr 1.00e-03 | grad_norm 3.34e-02
2025-05-31 14:06:04,324 | INFO | Gradient norm: 0.0348
2025-05-31 14:06:04,340 | INFO | Train batch  9900/11596 | ms/batch 180.67 | loss 0.9693 | bpb  1.40 | ppl     2.64 | lr 1.00e-03 | grad_norm 3.48e-02
2025-05-31 14:06:22,298 | INFO | Gradient norm: 0.0095
2025-05-31 14:06:22,314 | INFO | Train batch 10000/11596 | ms/batch 180.66 | loss 0.9665 | bpb  1.39 | ppl     2.63 | lr 1.00e-03 | grad_norm 9.49e-03
2025-05-31 14:06:40,256 | INFO | Gradient norm: 0.0250
2025-05-31 14:06:40,272 | INFO | Train batch 10100/11596 | ms/batch 180.65 | loss 0.9638 | bpb  1.39 | ppl     2.62 | lr 1.00e-03 | grad_norm 2.50e-02
2025-05-31 14:06:58,233 | INFO | Gradient norm: 0.0323
2025-05-31 14:06:58,249 | INFO | Train batch 10200/11596 | ms/batch 180.64 | loss 0.9611 | bpb  1.39 | ppl     2.61 | lr 1.00e-03 | grad_norm 3.23e-02
2025-05-31 14:07:16,187 | INFO | Gradient norm: 0.0399
2025-05-31 14:07:16,204 | INFO | Train batch 10300/11596 | ms/batch 180.63 | loss 0.9585 | bpb  1.38 | ppl     2.61 | lr 1.00e-03 | grad_norm 3.99e-02
2025-05-31 14:07:34,156 | INFO | Gradient norm: 0.0168
2025-05-31 14:07:34,172 | INFO | Train batch 10400/11596 | ms/batch 180.62 | loss 0.9559 | bpb  1.38 | ppl     2.60 | lr 1.00e-03 | grad_norm 1.68e-02
2025-05-31 14:07:52,124 | INFO | Gradient norm: 0.0194
2025-05-31 14:07:52,140 | INFO | Train batch 10500/11596 | ms/batch 180.61 | loss 0.9534 | bpb  1.38 | ppl     2.59 | lr 1.00e-03 | grad_norm 1.94e-02
2025-05-31 14:08:10,098 | INFO | Gradient norm: 0.0093
2025-05-31 14:08:10,114 | INFO | Train batch 10600/11596 | ms/batch 180.60 | loss 0.9510 | bpb  1.37 | ppl     2.59 | lr 1.00e-03 | grad_norm 9.28e-03
2025-05-31 14:08:28,054 | INFO | Gradient norm: 0.0359
2025-05-31 14:08:28,070 | INFO | Train batch 10700/11596 | ms/batch 180.59 | loss 0.9485 | bpb  1.37 | ppl     2.58 | lr 1.00e-03 | grad_norm 3.59e-02
2025-05-31 14:08:46,019 | INFO | Gradient norm: 0.0167
2025-05-31 14:08:46,036 | INFO | Train batch 10800/11596 | ms/batch 180.58 | loss 0.9462 | bpb  1.37 | ppl     2.58 | lr 1.00e-03 | grad_norm 1.67e-02
2025-05-31 14:09:03,991 | INFO | Gradient norm: 0.0101
2025-05-31 14:09:04,007 | INFO | Train batch 10900/11596 | ms/batch 180.58 | loss 0.9438 | bpb  1.36 | ppl     2.57 | lr 1.00e-03 | grad_norm 1.01e-02
2025-05-31 14:09:21,965 | INFO | Gradient norm: 0.0241
2025-05-31 14:09:21,981 | INFO | Train batch 11000/11596 | ms/batch 180.57 | loss 0.9415 | bpb  1.36 | ppl     2.56 | lr 1.00e-03 | grad_norm 2.41e-02
2025-05-31 14:09:39,920 | INFO | Gradient norm: 0.0449
2025-05-31 14:09:39,937 | INFO | Train batch 11100/11596 | ms/batch 180.56 | loss 0.9393 | bpb  1.36 | ppl     2.56 | lr 1.00e-03 | grad_norm 4.49e-02
2025-05-31 14:09:57,878 | INFO | Gradient norm: 0.0376
2025-05-31 14:09:57,894 | INFO | Train batch 11200/11596 | ms/batch 180.55 | loss 0.9371 | bpb  1.35 | ppl     2.55 | lr 1.00e-03 | grad_norm 3.76e-02
2025-05-31 14:10:15,856 | INFO | Gradient norm: 0.0310
2025-05-31 14:10:15,872 | INFO | Train batch 11300/11596 | ms/batch 180.54 | loss 0.9349 | bpb  1.35 | ppl     2.55 | lr 1.00e-03 | grad_norm 3.10e-02
2025-05-31 14:10:33,828 | INFO | Gradient norm: 0.0457
2025-05-31 14:10:33,845 | INFO | Train batch 11400/11596 | ms/batch 180.54 | loss 0.9328 | bpb  1.35 | ppl     2.54 | lr 1.00e-03 | grad_norm 4.57e-02
2025-05-31 14:10:51,786 | INFO | Gradient norm: 0.0112
2025-05-31 14:10:51,802 | INFO | Train batch 11500/11596 | ms/batch 180.53 | loss 0.9307 | bpb  1.34 | ppl     2.54 | lr 1.00e-03 | grad_norm 1.12e-02
2025-05-31 14:11:08,961 | INFO | Validation batch     0/  610 | loss 0.4811 | bpb  0.69 | ppl     1.62
2025-05-31 14:11:14,844 | INFO | Validation batch   100/  610 | loss 0.4815 | bpb  0.69 | ppl     1.62
2025-05-31 14:11:20,740 | INFO | Validation batch   200/  610 | loss 0.4816 | bpb  0.69 | ppl     1.62
2025-05-31 14:11:26,656 | INFO | Validation batch   300/  610 | loss 0.4816 | bpb  0.69 | ppl     1.62
2025-05-31 14:11:32,582 | INFO | Validation batch   400/  610 | loss 0.4816 | bpb  0.69 | ppl     1.62
2025-05-31 14:11:38,514 | INFO | Validation batch   500/  610 | loss 0.4816 | bpb  0.69 | ppl     1.62
2025-05-31 14:11:44,446 | INFO | Validation batch   600/  610 | loss 0.4816 | bpb  0.69 | ppl     1.62
2025-05-31 14:11:44,981 | INFO | Epoch   0 | time: 2129.42s | train loss 0.9287 | train bpb  1.34 | train ppl     2.53 | valid loss 0.4816 | valid bpb  0.69 | valid ppl     1.62 | lr 1.00e-03
2025-05-31 14:11:45,590 | INFO | Saved new best model with validation bpb:  0.69 at epoch 0
2025-05-31 14:11:46,287 | INFO | Input shape: torch.Size([16, 511]), Target shape: torch.Size([16, 511])
2025-05-31 14:11:46,287 | INFO | Input range: [10, 125]
2025-05-31 14:11:46,287 | INFO | Target range: [10, 125]
2025-05-31 14:11:46,338 | INFO | Output shape: torch.Size([8176, 256]), Reshaped target shape: torch.Size([8176])
2025-05-31 14:11:46,340 | INFO | Output logits range: [-5.36328125, 9.3515625]
2025-05-31 14:11:46,341 | INFO | Sample probabilities: max=0.9540397524833679, min=0.00011646140046650544
2025-05-31 14:11:46,341 | INFO | Raw loss value: 0.6890472769737244
2025-05-31 14:11:46,341 | INFO | Batch 0 loss stats - Mean: -0.3811, Std: 0.7300
2025-05-31 14:11:46,460 | INFO | Gradient norm: 0.0131
2025-05-31 14:11:46,477 | INFO | Train batch     0/11596 | ms/batch 190.23 | loss 0.6890 | bpb  0.99 | ppl     1.99 | lr 1.00e-03 | grad_norm 1.31e-02
2025-05-31 14:12:04,439 | INFO | Gradient norm: 0.0121
2025-05-31 14:12:04,455 | INFO | Train batch   100/11596 | ms/batch 179.89 | loss 0.6919 | bpb  1.00 | ppl     2.00 | lr 1.00e-03 | grad_norm 1.21e-02
2025-05-31 14:12:22,434 | INFO | Gradient norm: 0.0129
2025-05-31 14:12:22,450 | INFO | Train batch   200/11596 | ms/batch 179.92 | loss 0.6918 | bpb  1.00 | ppl     2.00 | lr 1.00e-03 | grad_norm 1.29e-02
2025-05-31 14:12:40,410 | INFO | Gradient norm: 0.0290
2025-05-31 14:12:40,426 | INFO | Train batch   300/11596 | ms/batch 179.87 | loss 0.6917 | bpb  1.00 | ppl     2.00 | lr 1.00e-03 | grad_norm 2.90e-02
2025-05-31 14:12:58,381 | INFO | Gradient norm: 0.0330
2025-05-31 14:12:58,398 | INFO | Train batch   400/11596 | ms/batch 179.83 | loss 0.6917 | bpb  1.00 | ppl     2.00 | lr 1.00e-03 | grad_norm 3.30e-02
2025-05-31 14:13:16,332 | INFO | Gradient norm: 0.0364
2025-05-31 14:13:16,349 | INFO | Train batch   500/11596 | ms/batch 179.77 | loss 0.6918 | bpb  1.00 | ppl     2.00 | lr 1.00e-03 | grad_norm 3.64e-02
2025-05-31 14:13:34,290 | INFO | Gradient norm: 0.0214
2025-05-31 14:13:34,307 | INFO | Train batch   600/11596 | ms/batch 179.73 | loss 0.6917 | bpb  1.00 | ppl     2.00 | lr 1.00e-03 | grad_norm 2.14e-02
2025-05-31 14:13:52,253 | INFO | Gradient norm: 0.0077
2025-05-31 14:13:52,270 | INFO | Train batch   700/11596 | ms/batch 179.72 | loss 0.6916 | bpb  1.00 | ppl     2.00 | lr 1.00e-03 | grad_norm 7.69e-03
2025-05-31 14:14:10,221 | INFO | Gradient norm: 0.0208
2025-05-31 14:14:10,238 | INFO | Train batch   800/11596 | ms/batch 179.71 | loss 0.6917 | bpb  1.00 | ppl     2.00 | lr 1.00e-03 | grad_norm 2.08e-02
2025-05-31 14:14:28,171 | INFO | Gradient norm: 0.0293
2025-05-31 14:14:28,187 | INFO | Train batch   900/11596 | ms/batch 179.69 | loss 0.6917 | bpb  1.00 | ppl     2.00 | lr 1.00e-03 | grad_norm 2.93e-02
2025-05-31 14:14:46,124 | INFO | Gradient norm: 0.0283
2025-05-31 14:14:46,140 | INFO | Train batch  1000/11596 | ms/batch 179.67 | loss 0.6917 | bpb  1.00 | ppl     2.00 | lr 1.00e-03 | grad_norm 2.83e-02
2025-05-31 14:15:04,094 | INFO | Gradient norm: 0.0347
2025-05-31 14:15:04,110 | INFO | Train batch  1100/11596 | ms/batch 179.68 | loss 0.6917 | bpb  1.00 | ppl     2.00 | lr 1.00e-03 | grad_norm 3.47e-02
2025-05-31 14:15:22,062 | INFO | Gradient norm: 0.0327
2025-05-31 14:15:22,079 | INFO | Train batch  1200/11596 | ms/batch 179.68 | loss 0.6917 | bpb  1.00 | ppl     2.00 | lr 1.00e-03 | grad_norm 3.27e-02
2025-05-31 14:15:40,015 | INFO | Gradient norm: 0.0130
2025-05-31 14:15:40,031 | INFO | Train batch  1300/11596 | ms/batch 179.67 | loss 0.6916 | bpb  1.00 | ppl     2.00 | lr 1.00e-03 | grad_norm 1.30e-02
2025-05-31 14:15:57,966 | INFO | Gradient norm: 0.0148
2025-05-31 14:15:57,982 | INFO | Train batch  1400/11596 | ms/batch 179.65 | loss 0.6916 | bpb  1.00 | ppl     2.00 | lr 1.00e-03 | grad_norm 1.48e-02
2025-05-31 14:16:15,935 | INFO | Gradient norm: 0.0398
2025-05-31 14:16:15,951 | INFO | Train batch  1500/11596 | ms/batch 179.66 | loss 0.6916 | bpb  1.00 | ppl     2.00 | lr 1.00e-03 | grad_norm 3.98e-02
2025-05-31 14:16:33,891 | INFO | Gradient norm: 0.0118
2025-05-31 14:16:33,908 | INFO | Train batch  1600/11596 | ms/batch 179.65 | loss 0.6916 | bpb  1.00 | ppl     2.00 | lr 1.00e-03 | grad_norm 1.18e-02
2025-05-31 14:16:51,862 | INFO | Gradient norm: 0.0456
2025-05-31 14:16:51,878 | INFO | Train batch  1700/11596 | ms/batch 179.65 | loss 0.6916 | bpb  1.00 | ppl     2.00 | lr 1.00e-03 | grad_norm 4.56e-02
2025-05-31 14:17:09,817 | INFO | Gradient norm: 0.0320
2025-05-31 14:17:09,834 | INFO | Train batch  1800/11596 | ms/batch 179.65 | loss 0.6916 | bpb  1.00 | ppl     2.00 | lr 1.00e-03 | grad_norm 3.20e-02
2025-05-31 14:17:27,782 | INFO | Gradient norm: 0.0392
2025-05-31 14:17:27,798 | INFO | Train batch  1900/11596 | ms/batch 179.65 | loss 0.6916 | bpb  1.00 | ppl     2.00 | lr 1.00e-03 | grad_norm 3.92e-02
2025-05-31 14:17:45,747 | INFO | Gradient norm: 0.0220
2025-05-31 14:17:45,764 | INFO | Train batch  2000/11596 | ms/batch 179.65 | loss 0.6915 | bpb  1.00 | ppl     2.00 | lr 1.00e-03 | grad_norm 2.20e-02
2025-05-31 14:18:03,722 | INFO | Gradient norm: 0.0167
2025-05-31 14:18:03,739 | INFO | Train batch  2100/11596 | ms/batch 179.65 | loss 0.6915 | bpb  1.00 | ppl     2.00 | lr 1.00e-03 | grad_norm 1.67e-02
2025-05-31 14:18:21,678 | INFO | Gradient norm: 0.0186
2025-05-31 14:18:21,695 | INFO | Train batch  2200/11596 | ms/batch 179.65 | loss 0.6915 | bpb  1.00 | ppl     2.00 | lr 1.00e-03 | grad_norm 1.86e-02
2025-05-31 14:18:39,643 | INFO | Gradient norm: 0.0213
2025-05-31 14:18:39,660 | INFO | Train batch  2300/11596 | ms/batch 179.65 | loss 0.6915 | bpb  1.00 | ppl     2.00 | lr 1.00e-03 | grad_norm 2.13e-02
2025-05-31 14:18:57,616 | INFO | Gradient norm: 0.0194
2025-05-31 14:18:57,632 | INFO | Train batch  2400/11596 | ms/batch 179.65 | loss 0.6915 | bpb  1.00 | ppl     2.00 | lr 1.00e-03 | grad_norm 1.94e-02
2025-05-31 14:19:15,591 | INFO | Gradient norm: 0.0235
2025-05-31 14:19:15,607 | INFO | Train batch  2500/11596 | ms/batch 179.66 | loss 0.6915 | bpb  1.00 | ppl     2.00 | lr 1.00e-03 | grad_norm 2.35e-02
2025-05-31 14:19:33,547 | INFO | Gradient norm: 0.0484
2025-05-31 14:19:33,564 | INFO | Train batch  2600/11596 | ms/batch 179.65 | loss 0.6915 | bpb  1.00 | ppl     2.00 | lr 1.00e-03 | grad_norm 4.84e-02
2025-05-31 14:19:51,510 | INFO | Gradient norm: 0.0426
2025-05-31 14:19:51,526 | INFO | Train batch  2700/11596 | ms/batch 179.65 | loss 0.6915 | bpb  1.00 | ppl     2.00 | lr 1.00e-03 | grad_norm 4.26e-02
2025-05-31 14:20:09,488 | INFO | Gradient norm: 0.0096
2025-05-31 14:20:09,505 | INFO | Train batch  2800/11596 | ms/batch 179.66 | loss 0.6915 | bpb  1.00 | ppl     2.00 | lr 1.00e-03 | grad_norm 9.57e-03
2025-05-31 14:20:27,463 | INFO | Gradient norm: 0.0151
2025-05-31 14:20:27,479 | INFO | Train batch  2900/11596 | ms/batch 179.66 | loss 0.6915 | bpb  1.00 | ppl     2.00 | lr 1.00e-03 | grad_norm 1.51e-02
2025-05-31 14:20:45,421 | INFO | Gradient norm: 0.0224
2025-05-31 14:20:45,437 | INFO | Train batch  3000/11596 | ms/batch 179.66 | loss 0.6915 | bpb  1.00 | ppl     2.00 | lr 1.00e-03 | grad_norm 2.24e-02
2025-05-31 14:21:03,377 | INFO | Gradient norm: 0.0087
2025-05-31 14:21:03,393 | INFO | Train batch  3100/11596 | ms/batch 179.65 | loss 0.6915 | bpb  1.00 | ppl     2.00 | lr 1.00e-03 | grad_norm 8.66e-03
2025-05-31 14:21:21,351 | INFO | Gradient norm: 0.0093
2025-05-31 14:21:21,367 | INFO | Train batch  3200/11596 | ms/batch 179.66 | loss 0.6914 | bpb  1.00 | ppl     2.00 | lr 1.00e-03 | grad_norm 9.32e-03
2025-05-31 14:21:39,314 | INFO | Gradient norm: 0.0090
2025-05-31 14:21:39,330 | INFO | Train batch  3300/11596 | ms/batch 179.66 | loss 0.6914 | bpb  1.00 | ppl     2.00 | lr 1.00e-03 | grad_norm 9.02e-03
2025-05-31 14:21:57,286 | INFO | Gradient norm: 0.0119
2025-05-31 14:21:57,303 | INFO | Train batch  3400/11596 | ms/batch 179.66 | loss 0.6914 | bpb  1.00 | ppl     2.00 | lr 1.00e-03 | grad_norm 1.19e-02
2025-05-31 14:22:15,244 | INFO | Gradient norm: 0.0086
2025-05-31 14:22:15,260 | INFO | Train batch  3500/11596 | ms/batch 179.66 | loss 0.6914 | bpb  1.00 | ppl     2.00 | lr 1.00e-03 | grad_norm 8.63e-03
2025-05-31 14:22:33,212 | INFO | Gradient norm: 0.0089
2025-05-31 14:22:33,229 | INFO | Train batch  3600/11596 | ms/batch 179.66 | loss 0.6914 | bpb  1.00 | ppl     2.00 | lr 1.00e-03 | grad_norm 8.88e-03
2025-05-31 14:22:51,179 | INFO | Gradient norm: 0.0106
2025-05-31 14:22:51,196 | INFO | Train batch  3700/11596 | ms/batch 179.66 | loss 0.6914 | bpb  1.00 | ppl     2.00 | lr 1.00e-03 | grad_norm 1.06e-02
2025-05-31 14:23:09,155 | INFO | Gradient norm: 0.0563
2025-05-31 14:23:09,171 | INFO | Train batch  3800/11596 | ms/batch 179.66 | loss 0.6914 | bpb  1.00 | ppl     2.00 | lr 1.00e-03 | grad_norm 5.63e-02
2025-05-31 14:23:27,112 | INFO | Gradient norm: 0.0125
2025-05-31 14:23:27,128 | INFO | Train batch  3900/11596 | ms/batch 179.66 | loss 0.6914 | bpb  1.00 | ppl     2.00 | lr 1.00e-03 | grad_norm 1.25e-02
2025-05-31 14:23:45,076 | INFO | Gradient norm: 0.0254
2025-05-31 14:23:45,092 | INFO | Train batch  4000/11596 | ms/batch 179.66 | loss 0.6914 | bpb  1.00 | ppl     2.00 | lr 1.00e-03 | grad_norm 2.54e-02
2025-05-31 14:24:03,047 | INFO | Gradient norm: 0.0091
2025-05-31 14:24:03,064 | INFO | Train batch  4100/11596 | ms/batch 179.66 | loss 0.6914 | bpb  1.00 | ppl     2.00 | lr 1.00e-03 | grad_norm 9.12e-03
2025-05-31 14:24:21,021 | INFO | Gradient norm: 0.0406
2025-05-31 14:24:21,038 | INFO | Train batch  4200/11596 | ms/batch 179.66 | loss 0.6914 | bpb  1.00 | ppl     2.00 | lr 1.00e-03 | grad_norm 4.06e-02
2025-05-31 14:24:38,978 | INFO | Gradient norm: 0.0174
2025-05-31 14:24:38,994 | INFO | Train batch  4300/11596 | ms/batch 179.66 | loss 0.6914 | bpb  1.00 | ppl     2.00 | lr 1.00e-03 | grad_norm 1.74e-02
2025-05-31 14:24:56,936 | INFO | Gradient norm: 0.0204
2025-05-31 14:24:56,953 | INFO | Train batch  4400/11596 | ms/batch 179.66 | loss 0.6914 | bpb  1.00 | ppl     2.00 | lr 1.00e-03 | grad_norm 2.04e-02
2025-05-31 14:25:14,913 | INFO | Gradient norm: 0.0281
2025-05-31 14:25:14,929 | INFO | Train batch  4500/11596 | ms/batch 179.66 | loss 0.6913 | bpb  1.00 | ppl     2.00 | lr 1.00e-03 | grad_norm 2.81e-02
2025-05-31 14:25:32,889 | INFO | Gradient norm: 0.0099
2025-05-31 14:25:32,905 | INFO | Train batch  4600/11596 | ms/batch 179.66 | loss 0.6913 | bpb  1.00 | ppl     2.00 | lr 1.00e-03 | grad_norm 9.88e-03
2025-05-31 14:25:50,845 | INFO | Gradient norm: 0.0178
2025-05-31 14:25:50,861 | INFO | Train batch  4700/11596 | ms/batch 179.66 | loss 0.6913 | bpb  1.00 | ppl     2.00 | lr 1.00e-03 | grad_norm 1.78e-02
2025-05-31 14:26:08,803 | INFO | Gradient norm: 0.0153
2025-05-31 14:26:08,819 | INFO | Train batch  4800/11596 | ms/batch 179.66 | loss 0.6913 | bpb  1.00 | ppl     2.00 | lr 1.00e-03 | grad_norm 1.53e-02
2025-05-31 14:26:26,775 | INFO | Gradient norm: 0.0115
2025-05-31 14:26:26,792 | INFO | Train batch  4900/11596 | ms/batch 179.66 | loss 0.6913 | bpb  1.00 | ppl     2.00 | lr 1.00e-03 | grad_norm 1.15e-02
2025-05-31 14:26:44,739 | INFO | Gradient norm: 0.0240
2025-05-31 14:26:44,756 | INFO | Train batch  5000/11596 | ms/batch 179.66 | loss 0.6913 | bpb  1.00 | ppl     2.00 | lr 1.00e-03 | grad_norm 2.40e-02
2025-05-31 14:27:02,712 | INFO | Gradient norm: 0.0179
2025-05-31 14:27:02,729 | INFO | Train batch  5100/11596 | ms/batch 179.66 | loss 0.6913 | bpb  1.00 | ppl     2.00 | lr 1.00e-03 | grad_norm 1.79e-02
2025-05-31 14:27:20,669 | INFO | Gradient norm: 0.0176
2025-05-31 14:27:20,685 | INFO | Train batch  5200/11596 | ms/batch 179.66 | loss 0.6913 | bpb  1.00 | ppl     2.00 | lr 1.00e-03 | grad_norm 1.76e-02
2025-05-31 14:27:38,639 | INFO | Gradient norm: 0.0210
2025-05-31 14:27:38,655 | INFO | Train batch  5300/11596 | ms/batch 179.66 | loss 0.6913 | bpb  1.00 | ppl     2.00 | lr 1.00e-03 | grad_norm 2.10e-02
2025-05-31 14:27:56,606 | INFO | Gradient norm: 0.0132
2025-05-31 14:27:56,623 | INFO | Train batch  5400/11596 | ms/batch 179.66 | loss 0.6913 | bpb  1.00 | ppl     2.00 | lr 1.00e-03 | grad_norm 1.32e-02
2025-05-31 14:28:14,582 | INFO | Gradient norm: 0.0187
2025-05-31 14:28:14,598 | INFO | Train batch  5500/11596 | ms/batch 179.66 | loss 0.6913 | bpb  1.00 | ppl     2.00 | lr 1.00e-03 | grad_norm 1.87e-02
2025-05-31 14:28:32,538 | INFO | Gradient norm: 0.0204
2025-05-31 14:28:32,554 | INFO | Train batch  5600/11596 | ms/batch 179.66 | loss 0.6913 | bpb  1.00 | ppl     2.00 | lr 1.00e-03 | grad_norm 2.04e-02
2025-05-31 14:28:50,503 | INFO | Gradient norm: 0.0151
2025-05-31 14:28:50,519 | INFO | Train batch  5700/11596 | ms/batch 179.66 | loss 0.6913 | bpb  1.00 | ppl     2.00 | lr 1.00e-03 | grad_norm 1.51e-02
2025-05-31 14:29:08,475 | INFO | Gradient norm: 0.0528
2025-05-31 14:29:08,491 | INFO | Train batch  5800/11596 | ms/batch 179.66 | loss 0.6913 | bpb  1.00 | ppl     2.00 | lr 1.00e-03 | grad_norm 5.28e-02
2025-05-31 14:29:26,451 | INFO | Gradient norm: 0.0125
2025-05-31 14:29:26,467 | INFO | Train batch  5900/11596 | ms/batch 179.66 | loss 0.6913 | bpb  1.00 | ppl     2.00 | lr 1.00e-03 | grad_norm 1.25e-02
2025-05-31 14:29:44,409 | INFO | Gradient norm: 0.0176
2025-05-31 14:29:44,425 | INFO | Train batch  6000/11596 | ms/batch 179.66 | loss 0.6913 | bpb  1.00 | ppl     2.00 | lr 1.00e-03 | grad_norm 1.76e-02
2025-05-31 14:30:02,373 | INFO | Gradient norm: 0.0284
2025-05-31 14:30:02,389 | INFO | Train batch  6100/11596 | ms/batch 179.66 | loss 0.6913 | bpb  1.00 | ppl     2.00 | lr 1.00e-03 | grad_norm 2.84e-02
2025-05-31 14:30:20,351 | INFO | Gradient norm: 0.0199
2025-05-31 14:30:20,367 | INFO | Train batch  6200/11596 | ms/batch 179.66 | loss 0.6913 | bpb  1.00 | ppl     2.00 | lr 1.00e-03 | grad_norm 1.99e-02
2025-05-31 14:30:38,325 | INFO | Gradient norm: 0.0120
2025-05-31 14:30:38,342 | INFO | Train batch  6300/11596 | ms/batch 179.66 | loss 0.6913 | bpb  1.00 | ppl     2.00 | lr 1.00e-03 | grad_norm 1.20e-02
2025-05-31 14:30:56,283 | INFO | Gradient norm: 0.0084
2025-05-31 14:30:56,299 | INFO | Train batch  6400/11596 | ms/batch 179.66 | loss 0.6912 | bpb  1.00 | ppl     2.00 | lr 1.00e-03 | grad_norm 8.40e-03
2025-05-31 14:31:14,239 | INFO | Gradient norm: 0.0111
2025-05-31 14:31:14,255 | INFO | Train batch  6500/11596 | ms/batch 179.66 | loss 0.6912 | bpb  1.00 | ppl     2.00 | lr 1.00e-03 | grad_norm 1.11e-02
2025-05-31 14:31:32,211 | INFO | Gradient norm: 0.0333
2025-05-31 14:31:32,228 | INFO | Train batch  6600/11596 | ms/batch 179.66 | loss 0.6912 | bpb  1.00 | ppl     2.00 | lr 1.00e-03 | grad_norm 3.33e-02
2025-05-31 14:31:50,173 | INFO | Gradient norm: 0.0220
2025-05-31 14:31:50,190 | INFO | Train batch  6700/11596 | ms/batch 179.66 | loss 0.6912 | bpb  1.00 | ppl     2.00 | lr 1.00e-03 | grad_norm 2.20e-02
2025-05-31 14:32:08,148 | INFO | Gradient norm: 0.0165
2025-05-31 14:32:08,164 | INFO | Train batch  6800/11596 | ms/batch 179.66 | loss 0.6912 | bpb  1.00 | ppl     2.00 | lr 1.00e-03 | grad_norm 1.65e-02
2025-05-31 14:32:26,104 | INFO | Gradient norm: 0.0150
2025-05-31 14:32:26,120 | INFO | Train batch  6900/11596 | ms/batch 179.66 | loss 0.6912 | bpb  1.00 | ppl     2.00 | lr 1.00e-03 | grad_norm 1.50e-02
2025-05-31 14:32:44,074 | INFO | Gradient norm: 0.0087
2025-05-31 14:32:44,090 | INFO | Train batch  7000/11596 | ms/batch 179.66 | loss 0.6912 | bpb  1.00 | ppl     2.00 | lr 1.00e-03 | grad_norm 8.73e-03
2025-05-31 14:33:02,041 | INFO | Gradient norm: 0.0196
2025-05-31 14:33:02,058 | INFO | Train batch  7100/11596 | ms/batch 179.66 | loss 0.6912 | bpb  1.00 | ppl     2.00 | lr 1.00e-03 | grad_norm 1.96e-02
2025-05-31 14:33:20,017 | INFO | Gradient norm: 0.0130
2025-05-31 14:33:20,034 | INFO | Train batch  7200/11596 | ms/batch 179.66 | loss 0.6912 | bpb  1.00 | ppl     2.00 | lr 1.00e-03 | grad_norm 1.30e-02
2025-05-31 14:33:37,973 | INFO | Gradient norm: 0.0176
2025-05-31 14:33:37,990 | INFO | Train batch  7300/11596 | ms/batch 179.66 | loss 0.6912 | bpb  1.00 | ppl     2.00 | lr 1.00e-03 | grad_norm 1.76e-02
2025-05-31 14:33:55,937 | INFO | Gradient norm: 0.0177
2025-05-31 14:33:55,953 | INFO | Train batch  7400/11596 | ms/batch 179.66 | loss 0.6912 | bpb  1.00 | ppl     2.00 | lr 1.00e-03 | grad_norm 1.77e-02
2025-05-31 14:34:13,909 | INFO | Gradient norm: 0.0090
2025-05-31 14:34:13,926 | INFO | Train batch  7500/11596 | ms/batch 179.66 | loss 0.6912 | bpb  1.00 | ppl     2.00 | lr 1.00e-03 | grad_norm 8.95e-03
2025-05-31 14:34:31,884 | INFO | Gradient norm: 0.0088
2025-05-31 14:34:31,900 | INFO | Train batch  7600/11596 | ms/batch 179.66 | loss 0.6912 | bpb  1.00 | ppl     2.00 | lr 1.00e-03 | grad_norm 8.82e-03
2025-05-31 14:34:49,841 | INFO | Gradient norm: 0.0179
2025-05-31 14:34:49,857 | INFO | Train batch  7700/11596 | ms/batch 179.66 | loss 0.6912 | bpb  1.00 | ppl     2.00 | lr 1.00e-03 | grad_norm 1.79e-02
2025-05-31 14:35:07,800 | INFO | Gradient norm: 0.0083
2025-05-31 14:35:07,816 | INFO | Train batch  7800/11596 | ms/batch 179.66 | loss 0.6912 | bpb  1.00 | ppl     2.00 | lr 1.00e-03 | grad_norm 8.34e-03
2025-05-31 14:35:25,774 | INFO | Gradient norm: 0.0237
2025-05-31 14:35:25,791 | INFO | Train batch  7900/11596 | ms/batch 179.66 | loss 0.6912 | bpb  1.00 | ppl     2.00 | lr 1.00e-03 | grad_norm 2.37e-02
2025-05-31 14:35:43,749 | INFO | Gradient norm: 0.0216
2025-05-31 14:35:43,766 | INFO | Train batch  8000/11596 | ms/batch 179.66 | loss 0.6912 | bpb  1.00 | ppl     2.00 | lr 1.00e-03 | grad_norm 2.16e-02
2025-05-31 14:36:01,140 | INFO | Gradient norm: 0.0087
2025-05-31 14:36:01,151 | INFO | Train batch  8100/11596 | ms/batch 179.59 | loss 0.6912 | bpb  1.00 | ppl     2.00 | lr 1.00e-03 | grad_norm 8.66e-03
2025-05-31 14:36:18,228 | INFO | Gradient norm: 0.0132
2025-05-31 14:36:18,238 | INFO | Train batch  8200/11596 | ms/batch 179.48 | loss 0.6912 | bpb  1.00 | ppl     2.00 | lr 1.00e-03 | grad_norm 1.32e-02
2025-05-31 14:36:35,345 | INFO | Gradient norm: 0.0566
2025-05-31 14:36:35,355 | INFO | Train batch  8300/11596 | ms/batch 179.38 | loss 0.6912 | bpb  1.00 | ppl     2.00 | lr 1.00e-03 | grad_norm 5.66e-02
2025-05-31 14:36:52,461 | INFO | Gradient norm: 0.0657
2025-05-31 14:36:52,471 | INFO | Train batch  8400/11596 | ms/batch 179.29 | loss 0.6912 | bpb  1.00 | ppl     2.00 | lr 1.00e-03 | grad_norm 6.57e-02
2025-05-31 14:37:09,592 | INFO | Gradient norm: 0.0190
2025-05-31 14:37:09,603 | INFO | Train batch  8500/11596 | ms/batch 179.19 | loss 0.6912 | bpb  1.00 | ppl     2.00 | lr 1.00e-03 | grad_norm 1.90e-02
2025-05-31 14:37:26,709 | INFO | Gradient norm: 0.0146
2025-05-31 14:37:26,719 | INFO | Train batch  8600/11596 | ms/batch 179.10 | loss 0.6912 | bpb  1.00 | ppl     2.00 | lr 1.00e-03 | grad_norm 1.46e-02
2025-05-31 14:37:43,836 | INFO | Gradient norm: 0.0252
2025-05-31 14:37:43,847 | INFO | Train batch  8700/11596 | ms/batch 179.01 | loss 0.6912 | bpb  1.00 | ppl     2.00 | lr 1.00e-03 | grad_norm 2.52e-02
2025-05-31 14:38:00,964 | INFO | Gradient norm: 0.0418
2025-05-31 14:38:00,974 | INFO | Train batch  8800/11596 | ms/batch 178.92 | loss 0.6912 | bpb  1.00 | ppl     2.00 | lr 1.00e-03 | grad_norm 4.18e-02
2025-05-31 14:38:18,098 | INFO | Gradient norm: 0.0175
2025-05-31 14:38:18,108 | INFO | Train batch  8900/11596 | ms/batch 178.84 | loss 0.6912 | bpb  1.00 | ppl     2.00 | lr 1.00e-03 | grad_norm 1.75e-02
2025-05-31 14:38:35,215 | INFO | Gradient norm: 0.0304
2025-05-31 14:38:35,226 | INFO | Train batch  9000/11596 | ms/batch 178.75 | loss 0.6912 | bpb  1.00 | ppl     2.00 | lr 1.00e-03 | grad_norm 3.04e-02
2025-05-31 14:38:52,339 | INFO | Gradient norm: 0.0130
2025-05-31 14:38:52,349 | INFO | Train batch  9100/11596 | ms/batch 178.67 | loss 0.6912 | bpb  1.00 | ppl     2.00 | lr 1.00e-03 | grad_norm 1.30e-02
2025-05-31 14:39:09,469 | INFO | Gradient norm: 0.0153
2025-05-31 14:39:09,480 | INFO | Train batch  9200/11596 | ms/batch 178.59 | loss 0.6912 | bpb  1.00 | ppl     2.00 | lr 1.00e-03 | grad_norm 1.53e-02
2025-05-31 14:39:26,603 | INFO | Gradient norm: 0.0784
2025-05-31 14:39:26,613 | INFO | Train batch  9300/11596 | ms/batch 178.51 | loss 0.6912 | bpb  1.00 | ppl     2.00 | lr 1.00e-03 | grad_norm 7.84e-02
2025-05-31 14:39:43,719 | INFO | Gradient norm: 0.0097
2025-05-31 14:39:43,729 | INFO | Train batch  9400/11596 | ms/batch 178.43 | loss 0.6912 | bpb  1.00 | ppl     2.00 | lr 1.00e-03 | grad_norm 9.74e-03
2025-05-31 14:40:00,836 | INFO | Gradient norm: 0.0118
2025-05-31 14:40:00,847 | INFO | Train batch  9500/11596 | ms/batch 178.36 | loss 0.6912 | bpb  1.00 | ppl     2.00 | lr 1.00e-03 | grad_norm 1.18e-02
2025-05-31 14:40:17,970 | INFO | Gradient norm: 0.0525
2025-05-31 14:40:17,981 | INFO | Train batch  9600/11596 | ms/batch 178.28 | loss 0.6912 | bpb  1.00 | ppl     2.00 | lr 1.00e-03 | grad_norm 5.25e-02
2025-05-31 14:40:35,103 | INFO | Gradient norm: 0.0243
2025-05-31 14:40:35,113 | INFO | Train batch  9700/11596 | ms/batch 178.21 | loss 0.6912 | bpb  1.00 | ppl     2.00 | lr 1.00e-03 | grad_norm 2.43e-02
2025-05-31 14:40:52,219 | INFO | Gradient norm: 0.0089
2025-05-31 14:40:52,230 | INFO | Train batch  9800/11596 | ms/batch 178.14 | loss 0.6912 | bpb  1.00 | ppl     2.00 | lr 1.00e-03 | grad_norm 8.86e-03
2025-05-31 14:41:09,332 | INFO | Gradient norm: 0.0108
2025-05-31 14:41:09,342 | INFO | Train batch  9900/11596 | ms/batch 178.07 | loss 0.6912 | bpb  1.00 | ppl     2.00 | lr 1.00e-03 | grad_norm 1.08e-02
2025-05-31 14:41:26,461 | INFO | Gradient norm: 0.0424
2025-05-31 14:41:26,472 | INFO | Train batch 10000/11596 | ms/batch 178.00 | loss 0.6912 | bpb  1.00 | ppl     2.00 | lr 1.00e-03 | grad_norm 4.24e-02
2025-05-31 14:41:43,579 | INFO | Gradient norm: 0.0133
2025-05-31 14:41:43,590 | INFO | Train batch 10100/11596 | ms/batch 177.93 | loss 0.6912 | bpb  1.00 | ppl     2.00 | lr 1.00e-03 | grad_norm 1.33e-02
2025-05-31 14:42:00,712 | INFO | Gradient norm: 0.0359
2025-05-31 14:42:00,723 | INFO | Train batch 10200/11596 | ms/batch 177.87 | loss 0.6912 | bpb  1.00 | ppl     2.00 | lr 1.00e-03 | grad_norm 3.59e-02
2025-05-31 14:42:17,827 | INFO | Gradient norm: 0.0116
2025-05-31 14:42:17,838 | INFO | Train batch 10300/11596 | ms/batch 177.80 | loss 0.6912 | bpb  1.00 | ppl     2.00 | lr 1.00e-03 | grad_norm 1.16e-02
2025-05-31 14:42:34,954 | INFO | Gradient norm: 0.0203
2025-05-31 14:42:34,964 | INFO | Train batch 10400/11596 | ms/batch 177.74 | loss 0.6912 | bpb  1.00 | ppl     2.00 | lr 1.00e-03 | grad_norm 2.03e-02
2025-05-31 14:42:52,078 | INFO | Gradient norm: 0.0251
2025-05-31 14:42:52,089 | INFO | Train batch 10500/11596 | ms/batch 177.68 | loss 0.6912 | bpb  1.00 | ppl     2.00 | lr 1.00e-03 | grad_norm 2.51e-02
2025-05-31 14:43:09,210 | INFO | Gradient norm: 0.0137
2025-05-31 14:43:09,221 | INFO | Train batch 10600/11596 | ms/batch 177.62 | loss 0.6912 | bpb  1.00 | ppl     2.00 | lr 1.00e-03 | grad_norm 1.37e-02
2025-05-31 14:43:26,325 | INFO | Gradient norm: 0.0106
2025-05-31 14:43:26,336 | INFO | Train batch 10700/11596 | ms/batch 177.56 | loss 0.6912 | bpb  1.00 | ppl     2.00 | lr 1.00e-03 | grad_norm 1.06e-02
2025-05-31 14:43:43,446 | INFO | Gradient norm: 0.0294
2025-05-31 14:43:43,456 | INFO | Train batch 10800/11596 | ms/batch 177.50 | loss 0.6912 | bpb  1.00 | ppl     2.00 | lr 1.00e-03 | grad_norm 2.94e-02
2025-05-31 14:44:00,576 | INFO | Gradient norm: 0.0325
2025-05-31 14:44:00,587 | INFO | Train batch 10900/11596 | ms/batch 177.44 | loss 0.6912 | bpb  1.00 | ppl     2.00 | lr 1.00e-03 | grad_norm 3.25e-02
2025-05-31 14:44:17,709 | INFO | Gradient norm: 0.0377
2025-05-31 14:44:17,720 | INFO | Train batch 11000/11596 | ms/batch 177.39 | loss 0.6912 | bpb  1.00 | ppl     2.00 | lr 1.00e-03 | grad_norm 3.77e-02
2025-05-31 14:44:34,826 | INFO | Gradient norm: 0.0219
2025-05-31 14:44:34,836 | INFO | Train batch 11100/11596 | ms/batch 177.33 | loss 0.6912 | bpb  1.00 | ppl     2.00 | lr 1.00e-03 | grad_norm 2.19e-02
2025-05-31 14:44:51,941 | INFO | Gradient norm: 0.0128
2025-05-31 14:44:51,951 | INFO | Train batch 11200/11596 | ms/batch 177.28 | loss 0.6912 | bpb  1.00 | ppl     2.00 | lr 1.00e-03 | grad_norm 1.28e-02
2025-05-31 14:45:09,075 | INFO | Gradient norm: 0.0111
2025-05-31 14:45:09,085 | INFO | Train batch 11300/11596 | ms/batch 177.22 | loss 0.6912 | bpb  1.00 | ppl     2.00 | lr 1.00e-03 | grad_norm 1.11e-02
2025-05-31 14:45:26,206 | INFO | Gradient norm: 0.0121
2025-05-31 14:45:26,216 | INFO | Train batch 11400/11596 | ms/batch 177.17 | loss 0.6911 | bpb  1.00 | ppl     2.00 | lr 1.00e-03 | grad_norm 1.21e-02
2025-05-31 14:45:43,323 | INFO | Gradient norm: 0.0399
2025-05-31 14:45:43,333 | INFO | Train batch 11500/11596 | ms/batch 177.12 | loss 0.6911 | bpb  1.00 | ppl     2.00 | lr 1.00e-03 | grad_norm 3.99e-02
2025-05-31 14:45:59,691 | INFO | Validation batch     0/  610 | loss 0.4803 | bpb  0.69 | ppl     1.62
2025-05-31 14:46:05,533 | INFO | Validation batch   100/  610 | loss 0.4807 | bpb  0.69 | ppl     1.62
2025-05-31 14:46:11,385 | INFO | Validation batch   200/  610 | loss 0.4807 | bpb  0.69 | ppl     1.62
2025-05-31 14:46:17,242 | INFO | Validation batch   300/  610 | loss 0.4808 | bpb  0.69 | ppl     1.62
2025-05-31 14:46:23,102 | INFO | Validation batch   400/  610 | loss 0.4808 | bpb  0.69 | ppl     1.62
2025-05-31 14:46:28,965 | INFO | Validation batch   500/  610 | loss 0.4808 | bpb  0.69 | ppl     1.62
2025-05-31 14:46:34,828 | INFO | Validation batch   600/  610 | loss 0.4808 | bpb  0.69 | ppl     1.62
2025-05-31 14:46:35,356 | INFO | Epoch   1 | time: 2089.07s | train loss 0.6911 | train bpb  1.00 | train ppl     2.00 | valid loss 0.4808 | valid bpb  0.69 | valid ppl     1.62 | lr 1.00e-03
2025-05-31 14:46:35,357 | INFO | Validation bpb did not improve by 0.0050. Best: 0.6948 at epoch 0. Patience: 1/5
2025-05-31 14:46:35,463 | INFO | Input shape: torch.Size([16, 511]), Target shape: torch.Size([16, 511])
2025-05-31 14:46:35,463 | INFO | Input range: [10, 125]
2025-05-31 14:46:35,463 | INFO | Target range: [10, 125]
2025-05-31 14:46:35,509 | INFO | Output shape: torch.Size([8176, 256]), Reshaped target shape: torch.Size([8176])
2025-05-31 14:46:35,510 | INFO | Output logits range: [-6.6171875, 9.5234375]
2025-05-31 14:46:35,511 | INFO | Sample probabilities: max=0.9497041702270508, min=0.00012236202019266784
2025-05-31 14:46:35,511 | INFO | Raw loss value: 0.6891011595726013
2025-05-31 14:46:35,511 | INFO | Batch 0 loss stats - Mean: -0.4807, Std: 0.9092
2025-05-31 14:46:35,627 | INFO | Gradient norm: 0.0122
2025-05-31 14:46:35,637 | INFO | Train batch     0/11596 | ms/batch 174.94 | loss 0.6891 | bpb  0.99 | ppl     1.99 | lr 1.00e-03 | grad_norm 1.22e-02
2025-05-31 14:46:52,758 | INFO | Gradient norm: 0.0382
2025-05-31 14:46:52,768 | INFO | Train batch   100/11596 | ms/batch 171.35 | loss 0.6911 | bpb  1.00 | ppl     2.00 | lr 1.00e-03 | grad_norm 3.82e-02
2025-05-31 14:47:09,892 | INFO | Gradient norm: 0.0112
2025-05-31 14:47:09,902 | INFO | Train batch   200/11596 | ms/batch 171.34 | loss 0.6909 | bpb  1.00 | ppl     2.00 | lr 1.00e-03 | grad_norm 1.12e-02
2025-05-31 14:47:27,016 | INFO | Gradient norm: 0.0400
2025-05-31 14:47:27,027 | INFO | Train batch   300/11596 | ms/batch 171.31 | loss 0.6909 | bpb  1.00 | ppl     2.00 | lr 1.00e-03 | grad_norm 4.00e-02
2025-05-31 14:47:44,145 | INFO | Gradient norm: 0.0073
2025-05-31 14:47:44,156 | INFO | Train batch   400/11596 | ms/batch 171.30 | loss 0.6910 | bpb  1.00 | ppl     2.00 | lr 1.00e-03 | grad_norm 7.31e-03
2025-05-31 14:48:01,258 | INFO | Gradient norm: 0.0113
2025-05-31 14:48:01,268 | INFO | Train batch   500/11596 | ms/batch 171.27 | loss 0.6910 | bpb  1.00 | ppl     2.00 | lr 1.00e-03 | grad_norm 1.13e-02
2025-05-31 14:48:18,374 | INFO | Gradient norm: 0.0092
2025-05-31 14:48:18,384 | INFO | Train batch   600/11596 | ms/batch 171.25 | loss 0.6910 | bpb  1.00 | ppl     2.00 | lr 1.00e-03 | grad_norm 9.16e-03
2025-05-31 14:48:35,495 | INFO | Gradient norm: 0.0301
2025-05-31 14:48:35,505 | INFO | Train batch   700/11596 | ms/batch 171.25 | loss 0.6909 | bpb  1.00 | ppl     2.00 | lr 1.00e-03 | grad_norm 3.01e-02
2025-05-31 14:48:52,606 | INFO | Gradient norm: 0.0239
2025-05-31 14:48:52,616 | INFO | Train batch   800/11596 | ms/batch 171.23 | loss 0.6910 | bpb  1.00 | ppl     2.00 | lr 1.00e-03 | grad_norm 2.39e-02
2025-05-31 14:49:09,685 | INFO | Gradient norm: 0.0120
2025-05-31 14:49:09,696 | INFO | Train batch   900/11596 | ms/batch 171.18 | loss 0.6910 | bpb  1.00 | ppl     2.00 | lr 1.00e-03 | grad_norm 1.20e-02
2025-05-31 14:49:26,765 | INFO | Gradient norm: 0.0372
2025-05-31 14:49:26,776 | INFO | Train batch  1000/11596 | ms/batch 171.14 | loss 0.6910 | bpb  1.00 | ppl     2.00 | lr 1.00e-03 | grad_norm 3.72e-02
2025-05-31 14:49:43,862 | INFO | Gradient norm: 0.0682
2025-05-31 14:49:43,873 | INFO | Train batch  1100/11596 | ms/batch 171.13 | loss 0.6910 | bpb  1.00 | ppl     2.00 | lr 1.00e-03 | grad_norm 6.82e-02
2025-05-31 14:50:00,960 | INFO | Gradient norm: 0.0200
2025-05-31 14:50:00,970 | INFO | Train batch  1200/11596 | ms/batch 171.11 | loss 0.6909 | bpb  1.00 | ppl     2.00 | lr 1.00e-03 | grad_norm 2.00e-02
2025-05-31 14:50:18,043 | INFO | Gradient norm: 0.0103
2025-05-31 14:50:18,054 | INFO | Train batch  1300/11596 | ms/batch 171.09 | loss 0.6909 | bpb  1.00 | ppl     2.00 | lr 1.00e-03 | grad_norm 1.03e-02
2025-05-31 14:50:35,126 | INFO | Gradient norm: 0.0202
2025-05-31 14:50:35,137 | INFO | Train batch  1400/11596 | ms/batch 171.07 | loss 0.6909 | bpb  1.00 | ppl     2.00 | lr 1.00e-03 | grad_norm 2.02e-02
2025-05-31 14:50:52,224 | INFO | Gradient norm: 0.0245
2025-05-31 14:50:52,234 | INFO | Train batch  1500/11596 | ms/batch 171.07 | loss 0.6909 | bpb  1.00 | ppl     2.00 | lr 1.00e-03 | grad_norm 2.45e-02
2025-05-31 14:51:09,311 | INFO | Gradient norm: 0.0168
2025-05-31 14:51:09,321 | INFO | Train batch  1600/11596 | ms/batch 171.05 | loss 0.6909 | bpb  1.00 | ppl     2.00 | lr 1.00e-03 | grad_norm 1.68e-02
2025-05-31 14:51:26,410 | INFO | Gradient norm: 0.0441
2025-05-31 14:51:26,420 | INFO | Train batch  1700/11596 | ms/batch 171.05 | loss 0.6909 | bpb  1.00 | ppl     2.00 | lr 1.00e-03 | grad_norm 4.41e-02
2025-05-31 14:51:43,494 | INFO | Gradient norm: 0.0091
2025-05-31 14:51:43,504 | INFO | Train batch  1800/11596 | ms/batch 171.04 | loss 0.6909 | bpb  1.00 | ppl     2.00 | lr 1.00e-03 | grad_norm 9.09e-03
2025-05-31 14:52:00,589 | INFO | Gradient norm: 0.0215
2025-05-31 14:52:00,600 | INFO | Train batch  1900/11596 | ms/batch 171.03 | loss 0.6909 | bpb  1.00 | ppl     2.00 | lr 1.00e-03 | grad_norm 2.15e-02
2025-05-31 14:52:17,683 | INFO | Gradient norm: 0.0389
2025-05-31 14:52:17,694 | INFO | Train batch  2000/11596 | ms/batch 171.03 | loss 0.6909 | bpb  1.00 | ppl     2.00 | lr 1.00e-03 | grad_norm 3.89e-02
2025-05-31 14:52:34,785 | INFO | Gradient norm: 0.0408
2025-05-31 14:52:34,795 | INFO | Train batch  2100/11596 | ms/batch 171.03 | loss 0.6909 | bpb  1.00 | ppl     2.00 | lr 1.00e-03 | grad_norm 4.08e-02
2025-05-31 14:52:51,893 | INFO | Gradient norm: 0.0149
2025-05-31 14:52:51,904 | INFO | Train batch  2200/11596 | ms/batch 171.03 | loss 0.6909 | bpb  1.00 | ppl     2.00 | lr 1.00e-03 | grad_norm 1.49e-02
2025-05-31 14:53:09,013 | INFO | Gradient norm: 0.0199
2025-05-31 14:53:09,023 | INFO | Train batch  2300/11596 | ms/batch 171.04 | loss 0.6909 | bpb  1.00 | ppl     2.00 | lr 1.00e-03 | grad_norm 1.99e-02
2025-05-31 14:53:26,139 | INFO | Gradient norm: 0.0551
2025-05-31 14:53:26,149 | INFO | Train batch  2400/11596 | ms/batch 171.05 | loss 0.6908 | bpb  1.00 | ppl     2.00 | lr 1.00e-03 | grad_norm 5.51e-02
2025-05-31 14:53:43,269 | INFO | Gradient norm: 0.0354
2025-05-31 14:53:43,280 | INFO | Train batch  2500/11596 | ms/batch 171.06 | loss 0.6908 | bpb  1.00 | ppl     2.00 | lr 1.00e-03 | grad_norm 3.54e-02
2025-05-31 14:54:00,383 | INFO | Gradient norm: 0.0087
2025-05-31 14:54:00,393 | INFO | Train batch  2600/11596 | ms/batch 171.06 | loss 0.6908 | bpb  1.00 | ppl     2.00 | lr 1.00e-03 | grad_norm 8.75e-03
2025-05-31 14:54:17,497 | INFO | Gradient norm: 0.0101
2025-05-31 14:54:17,508 | INFO | Train batch  2700/11596 | ms/batch 171.06 | loss 0.6908 | bpb  1.00 | ppl     2.00 | lr 1.00e-03 | grad_norm 1.01e-02
2025-05-31 14:54:34,629 | INFO | Gradient norm: 0.0089
2025-05-31 14:54:34,639 | INFO | Train batch  2800/11596 | ms/batch 171.07 | loss 0.6908 | bpb  1.00 | ppl     2.00 | lr 1.00e-03 | grad_norm 8.87e-03
2025-05-31 14:54:51,761 | INFO | Gradient norm: 0.0304
2025-05-31 14:54:51,772 | INFO | Train batch  2900/11596 | ms/batch 171.08 | loss 0.6908 | bpb  1.00 | ppl     2.00 | lr 1.00e-03 | grad_norm 3.04e-02
2025-05-31 14:55:08,878 | INFO | Gradient norm: 0.0112
2025-05-31 14:55:08,888 | INFO | Train batch  3000/11596 | ms/batch 171.08 | loss 0.6908 | bpb  1.00 | ppl     2.00 | lr 1.00e-03 | grad_norm 1.12e-02
2025-05-31 14:55:25,992 | INFO | Gradient norm: 0.0330
2025-05-31 14:55:26,003 | INFO | Train batch  3100/11596 | ms/batch 171.09 | loss 0.6908 | bpb  1.00 | ppl     2.00 | lr 1.00e-03 | grad_norm 3.30e-02
2025-05-31 14:55:43,123 | INFO | Gradient norm: 0.0701
2025-05-31 14:55:43,133 | INFO | Train batch  3200/11596 | ms/batch 171.09 | loss 0.6908 | bpb  1.00 | ppl     2.00 | lr 1.00e-03 | grad_norm 7.01e-02
2025-05-31 14:56:00,244 | INFO | Gradient norm: 0.0265
2025-05-31 14:56:00,255 | INFO | Train batch  3300/11596 | ms/batch 171.10 | loss 0.6908 | bpb  1.00 | ppl     2.00 | lr 1.00e-03 | grad_norm 2.65e-02
2025-05-31 14:56:17,372 | INFO | Gradient norm: 0.0155
2025-05-31 14:56:17,383 | INFO | Train batch  3400/11596 | ms/batch 171.10 | loss 0.6908 | bpb  1.00 | ppl     2.00 | lr 1.00e-03 | grad_norm 1.55e-02
2025-05-31 14:56:34,484 | INFO | Gradient norm: 0.0415
2025-05-31 14:56:34,495 | INFO | Train batch  3500/11596 | ms/batch 171.10 | loss 0.6908 | bpb  1.00 | ppl     2.00 | lr 1.00e-03 | grad_norm 4.15e-02
2025-05-31 14:56:51,604 | INFO | Gradient norm: 0.0127
2025-05-31 14:56:51,614 | INFO | Train batch  3600/11596 | ms/batch 171.11 | loss 0.6908 | bpb  1.00 | ppl     2.00 | lr 1.00e-03 | grad_norm 1.27e-02
2025-05-31 14:57:08,728 | INFO | Gradient norm: 0.0241
2025-05-31 14:57:08,738 | INFO | Train batch  3700/11596 | ms/batch 171.11 | loss 0.6908 | bpb  1.00 | ppl     2.00 | lr 1.00e-03 | grad_norm 2.41e-02
2025-05-31 14:57:25,857 | INFO | Gradient norm: 0.0211
2025-05-31 14:57:25,867 | INFO | Train batch  3800/11596 | ms/batch 171.11 | loss 0.6908 | bpb  1.00 | ppl     2.00 | lr 1.00e-03 | grad_norm 2.11e-02
2025-05-31 14:57:42,970 | INFO | Gradient norm: 0.0500
2025-05-31 14:57:42,980 | INFO | Train batch  3900/11596 | ms/batch 171.11 | loss 0.6908 | bpb  1.00 | ppl     2.00 | lr 1.00e-03 | grad_norm 5.00e-02
2025-05-31 14:58:00,083 | INFO | Gradient norm: 0.0283
2025-05-31 14:58:00,094 | INFO | Train batch  4000/11596 | ms/batch 171.12 | loss 0.6908 | bpb  1.00 | ppl     2.00 | lr 1.00e-03 | grad_norm 2.83e-02
2025-05-31 14:58:17,211 | INFO | Gradient norm: 0.0161
2025-05-31 14:58:17,221 | INFO | Train batch  4100/11596 | ms/batch 171.12 | loss 0.6908 | bpb  1.00 | ppl     2.00 | lr 1.00e-03 | grad_norm 1.61e-02
2025-05-31 14:58:34,341 | INFO | Gradient norm: 0.0218
2025-05-31 14:58:34,351 | INFO | Train batch  4200/11596 | ms/batch 171.12 | loss 0.6908 | bpb  1.00 | ppl     2.00 | lr 1.00e-03 | grad_norm 2.18e-02
2025-05-31 14:58:51,451 | INFO | Gradient norm: 0.0169
2025-05-31 14:58:51,461 | INFO | Train batch  4300/11596 | ms/batch 171.12 | loss 0.6908 | bpb  1.00 | ppl     2.00 | lr 1.00e-03 | grad_norm 1.69e-02
2025-05-31 14:59:08,562 | INFO | Gradient norm: 0.0306
2025-05-31 14:59:08,572 | INFO | Train batch  4400/11596 | ms/batch 171.12 | loss 0.6908 | bpb  1.00 | ppl     2.00 | lr 1.00e-03 | grad_norm 3.06e-02
2025-05-31 14:59:25,687 | INFO | Gradient norm: 0.0783
2025-05-31 14:59:25,698 | INFO | Train batch  4500/11596 | ms/batch 171.13 | loss 0.6908 | bpb  1.00 | ppl     2.00 | lr 1.00e-03 | grad_norm 7.83e-02
2025-05-31 14:59:42,817 | INFO | Gradient norm: 0.0239
2025-05-31 14:59:42,828 | INFO | Train batch  4600/11596 | ms/batch 171.13 | loss 0.6908 | bpb  1.00 | ppl     2.00 | lr 1.00e-03 | grad_norm 2.39e-02
2025-05-31 14:59:59,930 | INFO | Gradient norm: 0.0256
2025-05-31 14:59:59,940 | INFO | Train batch  4700/11596 | ms/batch 171.13 | loss 0.6908 | bpb  1.00 | ppl     2.00 | lr 1.00e-03 | grad_norm 2.56e-02
2025-05-31 15:00:17,043 | INFO | Gradient norm: 0.0264
2025-05-31 15:00:17,054 | INFO | Train batch  4800/11596 | ms/batch 171.13 | loss 0.6908 | bpb  1.00 | ppl     2.00 | lr 1.00e-03 | grad_norm 2.64e-02
2025-05-31 15:00:34,163 | INFO | Gradient norm: 0.0189
2025-05-31 15:00:34,173 | INFO | Train batch  4900/11596 | ms/batch 171.13 | loss 0.6908 | bpb  1.00 | ppl     2.00 | lr 1.00e-03 | grad_norm 1.89e-02
2025-05-31 15:00:51,284 | INFO | Gradient norm: 0.0114
2025-05-31 15:00:51,295 | INFO | Train batch  5000/11596 | ms/batch 171.13 | loss 0.6908 | bpb  1.00 | ppl     2.00 | lr 1.00e-03 | grad_norm 1.14e-02
2025-05-31 15:01:08,409 | INFO | Gradient norm: 0.0198
2025-05-31 15:01:08,419 | INFO | Train batch  5100/11596 | ms/batch 171.13 | loss 0.6908 | bpb  1.00 | ppl     2.00 | lr 1.00e-03 | grad_norm 1.98e-02
2025-05-31 15:01:25,520 | INFO | Gradient norm: 0.0465
2025-05-31 15:01:25,530 | INFO | Train batch  5200/11596 | ms/batch 171.13 | loss 0.6908 | bpb  1.00 | ppl     2.00 | lr 1.00e-03 | grad_norm 4.65e-02
2025-05-31 15:01:42,631 | INFO | Gradient norm: 0.0141
2025-05-31 15:01:42,641 | INFO | Train batch  5300/11596 | ms/batch 171.13 | loss 0.6908 | bpb  1.00 | ppl     2.00 | lr 1.00e-03 | grad_norm 1.41e-02
2025-05-31 15:01:59,751 | INFO | Gradient norm: 0.0350
2025-05-31 15:01:59,762 | INFO | Train batch  5400/11596 | ms/batch 171.13 | loss 0.6908 | bpb  1.00 | ppl     2.00 | lr 1.00e-03 | grad_norm 3.50e-02
2025-05-31 15:02:16,877 | INFO | Gradient norm: 0.0734
2025-05-31 15:02:16,887 | INFO | Train batch  5500/11596 | ms/batch 171.14 | loss 0.6908 | bpb  1.00 | ppl     2.00 | lr 1.00e-03 | grad_norm 7.34e-02
2025-05-31 15:02:33,986 | INFO | Gradient norm: 0.0139
2025-05-31 15:02:33,997 | INFO | Train batch  5600/11596 | ms/batch 171.14 | loss 0.6908 | bpb  1.00 | ppl     2.00 | lr 1.00e-03 | grad_norm 1.39e-02
2025-05-31 15:02:51,097 | INFO | Gradient norm: 0.0404
2025-05-31 15:02:51,108 | INFO | Train batch  5700/11596 | ms/batch 171.14 | loss 0.6907 | bpb  1.00 | ppl     2.00 | lr 1.00e-03 | grad_norm 4.04e-02
2025-05-31 15:03:08,215 | INFO | Gradient norm: 0.0181
2025-05-31 15:03:08,225 | INFO | Train batch  5800/11596 | ms/batch 171.14 | loss 0.6907 | bpb  1.00 | ppl     2.00 | lr 1.00e-03 | grad_norm 1.81e-02
2025-05-31 15:03:25,339 | INFO | Gradient norm: 0.0286
2025-05-31 15:03:25,350 | INFO | Train batch  5900/11596 | ms/batch 171.14 | loss 0.6907 | bpb  1.00 | ppl     2.00 | lr 1.00e-03 | grad_norm 2.86e-02
2025-05-31 15:03:42,447 | INFO | Gradient norm: 0.0425
2025-05-31 15:03:42,457 | INFO | Train batch  6000/11596 | ms/batch 171.14 | loss 0.6907 | bpb  1.00 | ppl     2.00 | lr 1.00e-03 | grad_norm 4.25e-02
2025-05-31 15:03:59,556 | INFO | Gradient norm: 0.0241
2025-05-31 15:03:59,566 | INFO | Train batch  6100/11596 | ms/batch 171.14 | loss 0.6907 | bpb  1.00 | ppl     2.00 | lr 1.00e-03 | grad_norm 2.41e-02
2025-05-31 15:04:16,675 | INFO | Gradient norm: 0.0426
2025-05-31 15:04:16,685 | INFO | Train batch  6200/11596 | ms/batch 171.14 | loss 0.6907 | bpb  1.00 | ppl     2.00 | lr 1.00e-03 | grad_norm 4.26e-02
2025-05-31 15:04:33,802 | INFO | Gradient norm: 0.0194
2025-05-31 15:04:33,812 | INFO | Train batch  6300/11596 | ms/batch 171.14 | loss 0.6907 | bpb  1.00 | ppl     2.00 | lr 1.00e-03 | grad_norm 1.94e-02
2025-05-31 15:04:50,909 | INFO | Gradient norm: 0.0160
2025-05-31 15:04:50,919 | INFO | Train batch  6400/11596 | ms/batch 171.14 | loss 0.6907 | bpb  1.00 | ppl     2.00 | lr 1.00e-03 | grad_norm 1.60e-02
2025-05-31 15:05:08,018 | INFO | Gradient norm: 0.0446
2025-05-31 15:05:08,028 | INFO | Train batch  6500/11596 | ms/batch 171.14 | loss 0.6907 | bpb  1.00 | ppl     2.00 | lr 1.00e-03 | grad_norm 4.46e-02
2025-05-31 15:05:25,133 | INFO | Gradient norm: 0.0223
2025-05-31 15:05:25,143 | INFO | Train batch  6600/11596 | ms/batch 171.14 | loss 0.6907 | bpb  1.00 | ppl     2.00 | lr 1.00e-03 | grad_norm 2.23e-02
2025-05-31 15:05:42,255 | INFO | Gradient norm: 0.0122
2025-05-31 15:05:42,265 | INFO | Train batch  6700/11596 | ms/batch 171.14 | loss 0.6907 | bpb  1.00 | ppl     2.00 | lr 1.00e-03 | grad_norm 1.22e-02
2025-05-31 15:05:59,375 | INFO | Gradient norm: 0.0270
2025-05-31 15:05:59,386 | INFO | Train batch  6800/11596 | ms/batch 171.14 | loss 0.6907 | bpb  1.00 | ppl     2.00 | lr 1.00e-03 | grad_norm 2.70e-02
2025-05-31 15:06:16,487 | INFO | Gradient norm: 0.0097
2025-05-31 15:06:16,497 | INFO | Train batch  6900/11596 | ms/batch 171.14 | loss 0.6907 | bpb  1.00 | ppl     2.00 | lr 1.00e-03 | grad_norm 9.71e-03
2025-05-31 15:06:33,597 | INFO | Gradient norm: 0.0129
2025-05-31 15:06:33,608 | INFO | Train batch  7000/11596 | ms/batch 171.14 | loss 0.6907 | bpb  1.00 | ppl     2.00 | lr 1.00e-03 | grad_norm 1.29e-02
2025-05-31 15:06:50,716 | INFO | Gradient norm: 0.0242
2025-05-31 15:06:50,726 | INFO | Train batch  7100/11596 | ms/batch 171.14 | loss 0.6907 | bpb  1.00 | ppl     2.00 | lr 1.00e-03 | grad_norm 2.42e-02
2025-05-31 15:07:07,843 | INFO | Gradient norm: 0.0160
2025-05-31 15:07:07,853 | INFO | Train batch  7200/11596 | ms/batch 171.14 | loss 0.6907 | bpb  1.00 | ppl     2.00 | lr 1.00e-03 | grad_norm 1.60e-02
2025-05-31 15:07:24,953 | INFO | Gradient norm: 0.0108
2025-05-31 15:07:24,963 | INFO | Train batch  7300/11596 | ms/batch 171.14 | loss 0.6908 | bpb  1.00 | ppl     2.00 | lr 1.00e-03 | grad_norm 1.08e-02
2025-05-31 15:07:42,062 | INFO | Gradient norm: 0.0114
2025-05-31 15:07:42,072 | INFO | Train batch  7400/11596 | ms/batch 171.14 | loss 0.6908 | bpb  1.00 | ppl     2.00 | lr 1.00e-03 | grad_norm 1.14e-02
2025-05-31 15:07:59,180 | INFO | Gradient norm: 0.0109
2025-05-31 15:07:59,190 | INFO | Train batch  7500/11596 | ms/batch 171.14 | loss 0.6907 | bpb  1.00 | ppl     2.00 | lr 1.00e-03 | grad_norm 1.09e-02
2025-05-31 15:08:16,307 | INFO | Gradient norm: 0.0200
2025-05-31 15:08:16,317 | INFO | Train batch  7600/11596 | ms/batch 171.14 | loss 0.6907 | bpb  1.00 | ppl     2.00 | lr 1.00e-03 | grad_norm 2.00e-02
2025-05-31 15:08:33,417 | INFO | Gradient norm: 0.0197
2025-05-31 15:08:33,428 | INFO | Train batch  7700/11596 | ms/batch 171.14 | loss 0.6907 | bpb  1.00 | ppl     2.00 | lr 1.00e-03 | grad_norm 1.97e-02
2025-05-31 15:08:50,526 | INFO | Gradient norm: 0.0111
2025-05-31 15:08:50,537 | INFO | Train batch  7800/11596 | ms/batch 171.14 | loss 0.6907 | bpb  1.00 | ppl     2.00 | lr 1.00e-03 | grad_norm 1.11e-02
2025-05-31 15:09:07,644 | INFO | Gradient norm: 0.0088
2025-05-31 15:09:07,654 | INFO | Train batch  7900/11596 | ms/batch 171.14 | loss 0.6908 | bpb  1.00 | ppl     2.00 | lr 1.00e-03 | grad_norm 8.75e-03
2025-05-31 15:09:24,768 | INFO | Gradient norm: 0.0118
2025-05-31 15:09:24,778 | INFO | Train batch  8000/11596 | ms/batch 171.14 | loss 0.6908 | bpb  1.00 | ppl     2.00 | lr 1.00e-03 | grad_norm 1.18e-02
2025-05-31 15:09:41,877 | INFO | Gradient norm: 0.0086
2025-05-31 15:09:41,888 | INFO | Train batch  8100/11596 | ms/batch 171.14 | loss 0.6908 | bpb  1.00 | ppl     2.00 | lr 1.00e-03 | grad_norm 8.61e-03
2025-05-31 15:09:58,988 | INFO | Gradient norm: 0.0634
2025-05-31 15:09:58,998 | INFO | Train batch  8200/11596 | ms/batch 171.14 | loss 0.6908 | bpb  1.00 | ppl     2.00 | lr 1.00e-03 | grad_norm 6.34e-02
2025-05-31 15:10:16,109 | INFO | Gradient norm: 0.0235
2025-05-31 15:10:16,120 | INFO | Train batch  8300/11596 | ms/batch 171.14 | loss 0.6908 | bpb  1.00 | ppl     2.00 | lr 1.00e-03 | grad_norm 2.35e-02
2025-05-31 15:10:33,238 | INFO | Gradient norm: 0.0532
2025-05-31 15:10:33,248 | INFO | Train batch  8400/11596 | ms/batch 171.14 | loss 0.6908 | bpb  1.00 | ppl     2.00 | lr 1.00e-03 | grad_norm 5.32e-02
2025-05-31 15:10:50,827 | INFO | Gradient norm: 0.0452
2025-05-31 15:10:50,843 | INFO | Train batch  8500/11596 | ms/batch 171.20 | loss 0.6908 | bpb  1.00 | ppl     2.00 | lr 1.00e-03 | grad_norm 4.52e-02
2025-05-31 15:11:08,805 | INFO | Gradient norm: 0.0313
2025-05-31 15:11:08,821 | INFO | Train batch  8600/11596 | ms/batch 171.30 | loss 0.6908 | bpb  1.00 | ppl     2.00 | lr 1.00e-03 | grad_norm 3.13e-02
2025-05-31 15:11:26,787 | INFO | Gradient norm: 0.0236
2025-05-31 15:11:26,803 | INFO | Train batch  8700/11596 | ms/batch 171.40 | loss 0.6908 | bpb  1.00 | ppl     2.00 | lr 1.00e-03 | grad_norm 2.36e-02
2025-05-31 15:11:44,769 | INFO | Gradient norm: 0.0213
2025-05-31 15:11:44,785 | INFO | Train batch  8800/11596 | ms/batch 171.49 | loss 0.6908 | bpb  1.00 | ppl     2.00 | lr 1.00e-03 | grad_norm 2.13e-02
2025-05-31 15:12:02,764 | INFO | Gradient norm: 0.0188
2025-05-31 15:12:02,780 | INFO | Train batch  8900/11596 | ms/batch 171.59 | loss 0.6908 | bpb  1.00 | ppl     2.00 | lr 1.00e-03 | grad_norm 1.88e-02
2025-05-31 15:12:20,741 | INFO | Gradient norm: 0.0096
2025-05-31 15:12:20,758 | INFO | Train batch  9000/11596 | ms/batch 171.68 | loss 0.6908 | bpb  1.00 | ppl     2.00 | lr 1.00e-03 | grad_norm 9.63e-03
2025-05-31 15:12:38,720 | INFO | Gradient norm: 0.0111
2025-05-31 15:12:38,737 | INFO | Train batch  9100/11596 | ms/batch 171.77 | loss 0.6908 | bpb  1.00 | ppl     2.00 | lr 1.00e-03 | grad_norm 1.11e-02
2025-05-31 15:12:56,693 | INFO | Gradient norm: 0.0618
2025-05-31 15:12:56,710 | INFO | Train batch  9200/11596 | ms/batch 171.86 | loss 0.6908 | bpb  1.00 | ppl     2.00 | lr 1.00e-03 | grad_norm 6.18e-02
2025-05-31 15:13:14,663 | INFO | Gradient norm: 0.0101
2025-05-31 15:13:14,680 | INFO | Train batch  9300/11596 | ms/batch 171.94 | loss 0.6908 | bpb  1.00 | ppl     2.00 | lr 1.00e-03 | grad_norm 1.01e-02
2025-05-31 15:13:32,617 | INFO | Gradient norm: 0.0267
2025-05-31 15:13:32,633 | INFO | Train batch  9400/11596 | ms/batch 172.02 | loss 0.6908 | bpb  1.00 | ppl     2.00 | lr 1.00e-03 | grad_norm 2.67e-02
2025-05-31 15:13:50,570 | INFO | Gradient norm: 0.0093
2025-05-31 15:13:50,586 | INFO | Train batch  9500/11596 | ms/batch 172.10 | loss 0.6908 | bpb  1.00 | ppl     2.00 | lr 1.00e-03 | grad_norm 9.26e-03
2025-05-31 15:14:08,532 | INFO | Gradient norm: 0.0166
2025-05-31 15:14:08,548 | INFO | Train batch  9600/11596 | ms/batch 172.18 | loss 0.6908 | bpb  1.00 | ppl     2.00 | lr 1.00e-03 | grad_norm 1.66e-02
2025-05-31 15:14:26,502 | INFO | Gradient norm: 0.0423
2025-05-31 15:14:26,519 | INFO | Train batch  9700/11596 | ms/batch 172.26 | loss 0.6908 | bpb  1.00 | ppl     2.00 | lr 1.00e-03 | grad_norm 4.23e-02
2025-05-31 15:14:44,457 | INFO | Gradient norm: 0.0344
2025-05-31 15:14:44,473 | INFO | Train batch  9800/11596 | ms/batch 172.33 | loss 0.6908 | bpb  1.00 | ppl     2.00 | lr 1.00e-03 | grad_norm 3.44e-02
2025-05-31 15:15:02,412 | INFO | Gradient norm: 0.0456
2025-05-31 15:15:02,428 | INFO | Train batch  9900/11596 | ms/batch 172.40 | loss 0.6908 | bpb  1.00 | ppl     2.00 | lr 1.00e-03 | grad_norm 4.56e-02
2025-05-31 15:15:20,377 | INFO | Gradient norm: 0.0089
2025-05-31 15:15:20,393 | INFO | Train batch 10000/11596 | ms/batch 172.48 | loss 0.6908 | bpb  1.00 | ppl     2.00 | lr 1.00e-03 | grad_norm 8.90e-03
2025-05-31 15:15:38,350 | INFO | Gradient norm: 0.0121
2025-05-31 15:15:38,366 | INFO | Train batch 10100/11596 | ms/batch 172.55 | loss 0.6908 | bpb  1.00 | ppl     2.00 | lr 1.00e-03 | grad_norm 1.21e-02
2025-05-31 15:15:56,304 | INFO | Gradient norm: 0.0394
2025-05-31 15:15:56,320 | INFO | Train batch 10200/11596 | ms/batch 172.62 | loss 0.6908 | bpb  1.00 | ppl     2.00 | lr 1.00e-03 | grad_norm 3.94e-02
2025-05-31 15:16:14,259 | INFO | Gradient norm: 0.0134
2025-05-31 15:16:14,275 | INFO | Train batch 10300/11596 | ms/batch 172.68 | loss 0.6908 | bpb  1.00 | ppl     2.00 | lr 1.00e-03 | grad_norm 1.34e-02
2025-05-31 15:16:32,219 | INFO | Gradient norm: 0.0472
2025-05-31 15:16:32,235 | INFO | Train batch 10400/11596 | ms/batch 172.75 | loss 0.6908 | bpb  1.00 | ppl     2.00 | lr 1.00e-03 | grad_norm 4.72e-02
2025-05-31 15:16:50,179 | INFO | Gradient norm: 0.0394
2025-05-31 15:16:50,195 | INFO | Train batch 10500/11596 | ms/batch 172.82 | loss 0.6908 | bpb  1.00 | ppl     2.00 | lr 1.00e-03 | grad_norm 3.94e-02
2025-05-31 15:17:08,153 | INFO | Gradient norm: 0.0537
2025-05-31 15:17:08,169 | INFO | Train batch 10600/11596 | ms/batch 172.88 | loss 0.6908 | bpb  1.00 | ppl     2.00 | lr 1.00e-03 | grad_norm 5.37e-02
2025-05-31 15:17:26,108 | INFO | Gradient norm: 0.0213
2025-05-31 15:17:26,124 | INFO | Train batch 10700/11596 | ms/batch 172.94 | loss 0.6908 | bpb  1.00 | ppl     2.00 | lr 1.00e-03 | grad_norm 2.13e-02
2025-05-31 15:17:44,065 | INFO | Gradient norm: 0.0170
2025-05-31 15:17:44,082 | INFO | Train batch 10800/11596 | ms/batch 173.00 | loss 0.6908 | bpb  1.00 | ppl     2.00 | lr 1.00e-03 | grad_norm 1.70e-02
2025-05-31 15:18:02,032 | INFO | Gradient norm: 0.0085
2025-05-31 15:18:02,048 | INFO | Train batch 10900/11596 | ms/batch 173.07 | loss 0.6908 | bpb  1.00 | ppl     2.00 | lr 1.00e-03 | grad_norm 8.54e-03
2025-05-31 15:18:20,006 | INFO | Gradient norm: 0.0163
2025-05-31 15:18:20,023 | INFO | Train batch 11000/11596 | ms/batch 173.13 | loss 0.6908 | bpb  1.00 | ppl     2.00 | lr 1.00e-03 | grad_norm 1.63e-02
2025-05-31 15:18:37,961 | INFO | Gradient norm: 0.0592
2025-05-31 15:18:37,978 | INFO | Train batch 11100/11596 | ms/batch 173.18 | loss 0.6908 | bpb  1.00 | ppl     2.00 | lr 1.00e-03 | grad_norm 5.92e-02
2025-05-31 15:18:55,915 | INFO | Gradient norm: 0.0344
2025-05-31 15:18:55,932 | INFO | Train batch 11200/11596 | ms/batch 173.24 | loss 0.6908 | bpb  1.00 | ppl     2.00 | lr 1.00e-03 | grad_norm 3.44e-02
2025-05-31 15:19:13,879 | INFO | Gradient norm: 0.0167
2025-05-31 15:19:13,896 | INFO | Train batch 11300/11596 | ms/batch 173.30 | loss 0.6907 | bpb  1.00 | ppl     2.00 | lr 1.00e-03 | grad_norm 1.67e-02
2025-05-31 15:19:31,853 | INFO | Gradient norm: 0.0217
2025-05-31 15:19:31,869 | INFO | Train batch 11400/11596 | ms/batch 173.35 | loss 0.6907 | bpb  1.00 | ppl     2.00 | lr 1.00e-03 | grad_norm 2.17e-02
2025-05-31 15:19:49,808 | INFO | Gradient norm: 0.0113
2025-05-31 15:19:49,824 | INFO | Train batch 11500/11596 | ms/batch 173.41 | loss 0.6907 | bpb  1.00 | ppl     2.00 | lr 1.00e-03 | grad_norm 1.13e-02
2025-05-31 15:20:06,990 | INFO | Validation batch     0/  610 | loss 0.4797 | bpb  0.69 | ppl     1.62
2025-05-31 15:20:12,870 | INFO | Validation batch   100/  610 | loss 0.4805 | bpb  0.69 | ppl     1.62
2025-05-31 15:20:18,764 | INFO | Validation batch   200/  610 | loss 0.4806 | bpb  0.69 | ppl     1.62
2025-05-31 15:20:24,662 | INFO | Validation batch   300/  610 | loss 0.4806 | bpb  0.69 | ppl     1.62
2025-05-31 15:20:30,565 | INFO | Validation batch   400/  610 | loss 0.4806 | bpb  0.69 | ppl     1.62
2025-05-31 15:20:36,472 | INFO | Validation batch   500/  610 | loss 0.4806 | bpb  0.69 | ppl     1.62
2025-05-31 15:20:42,383 | INFO | Validation batch   600/  610 | loss 0.4806 | bpb  0.69 | ppl     1.62
2025-05-31 15:20:42,916 | INFO | Epoch   2 | time: 2047.45s | train loss 0.6907 | train bpb  1.00 | train ppl     2.00 | valid loss 0.4806 | valid bpb  0.69 | valid ppl     1.62 | lr 1.00e-03
2025-05-31 15:20:42,916 | INFO | Validation bpb did not improve by 0.0050. Best: 0.6948 at epoch 0. Patience: 2/5
2025-05-31 15:20:43,011 | INFO | Input shape: torch.Size([16, 511]), Target shape: torch.Size([16, 511])
2025-05-31 15:20:43,011 | INFO | Input range: [10, 125]
2025-05-31 15:20:43,011 | INFO | Target range: [10, 125]
2025-05-31 15:20:43,058 | INFO | Output shape: torch.Size([8176, 256]), Reshaped target shape: torch.Size([8176])
2025-05-31 15:20:43,060 | INFO | Output logits range: [-6.59765625, 9.6328125]
2025-05-31 15:20:43,060 | INFO | Sample probabilities: max=0.9584212899208069, min=0.00011162335431436077
2025-05-31 15:20:43,061 | INFO | Raw loss value: 0.6894057989120483
2025-05-31 15:20:43,061 | INFO | Batch 0 loss stats - Mean: -0.4897, Std: 0.9590
2025-05-31 15:20:43,178 | INFO | Gradient norm: 0.0238
2025-05-31 15:20:43,194 | INFO | Train batch     0/11596 | ms/batch 184.17 | loss 0.6894 | bpb  0.99 | ppl     1.99 | lr 1.00e-03 | grad_norm 2.38e-02
2025-05-31 15:21:01,164 | INFO | Gradient norm: 0.0090
2025-05-31 15:21:01,180 | INFO | Train batch   100/11596 | ms/batch 179.90 | loss 0.6910 | bpb  1.00 | ppl     2.00 | lr 1.00e-03 | grad_norm 8.96e-03
2025-05-31 15:21:19,136 | INFO | Gradient norm: 0.0201
2025-05-31 15:21:19,153 | INFO | Train batch   200/11596 | ms/batch 179.81 | loss 0.6907 | bpb  1.00 | ppl     2.00 | lr 1.00e-03 | grad_norm 2.01e-02
2025-05-31 15:21:37,095 | INFO | Gradient norm: 0.0415
2025-05-31 15:21:37,111 | INFO | Train batch   300/11596 | ms/batch 179.74 | loss 0.6908 | bpb  1.00 | ppl     2.00 | lr 1.00e-03 | grad_norm 4.15e-02
2025-05-31 15:21:55,065 | INFO | Gradient norm: 0.0087
2025-05-31 15:21:55,082 | INFO | Train batch   400/11596 | ms/batch 179.73 | loss 0.6908 | bpb  1.00 | ppl     2.00 | lr 1.00e-03 | grad_norm 8.66e-03
2025-05-31 15:22:13,016 | INFO | Gradient norm: 0.0093
2025-05-31 15:22:13,033 | INFO | Train batch   500/11596 | ms/batch 179.69 | loss 0.6908 | bpb  1.00 | ppl     2.00 | lr 1.00e-03 | grad_norm 9.32e-03
2025-05-31 15:22:30,968 | INFO | Gradient norm: 0.0086
2025-05-31 15:22:30,984 | INFO | Train batch   600/11596 | ms/batch 179.66 | loss 0.6907 | bpb  1.00 | ppl     2.00 | lr 1.00e-03 | grad_norm 8.60e-03
2025-05-31 15:22:48,927 | INFO | Gradient norm: 0.0080
2025-05-31 15:22:48,943 | INFO | Train batch   700/11596 | ms/batch 179.65 | loss 0.6907 | bpb  1.00 | ppl     2.00 | lr 1.00e-03 | grad_norm 8.02e-03
2025-05-31 15:23:06,894 | INFO | Gradient norm: 0.0091
2025-05-31 15:23:06,910 | INFO | Train batch   800/11596 | ms/batch 179.65 | loss 0.6908 | bpb  1.00 | ppl     2.00 | lr 1.00e-03 | grad_norm 9.06e-03
2025-05-31 15:23:24,833 | INFO | Gradient norm: 0.0371
2025-05-31 15:23:24,850 | INFO | Train batch   900/11596 | ms/batch 179.62 | loss 0.6908 | bpb  1.00 | ppl     2.00 | lr 1.00e-03 | grad_norm 3.71e-02
2025-05-31 15:23:42,772 | INFO | Gradient norm: 0.0256
2025-05-31 15:23:42,788 | INFO | Train batch  1000/11596 | ms/batch 179.60 | loss 0.6908 | bpb  1.00 | ppl     2.00 | lr 1.00e-03 | grad_norm 2.56e-02
2025-05-31 15:24:00,724 | INFO | Gradient norm: 0.0100
2025-05-31 15:24:00,740 | INFO | Train batch  1100/11596 | ms/batch 179.59 | loss 0.6908 | bpb  1.00 | ppl     2.00 | lr 1.00e-03 | grad_norm 1.00e-02
2025-05-31 15:24:18,683 | INFO | Gradient norm: 0.0131
2025-05-31 15:24:18,699 | INFO | Train batch  1200/11596 | ms/batch 179.59 | loss 0.6907 | bpb  1.00 | ppl     2.00 | lr 1.00e-03 | grad_norm 1.31e-02
2025-05-31 15:24:36,623 | INFO | Gradient norm: 0.0171
2025-05-31 15:24:36,640 | INFO | Train batch  1300/11596 | ms/batch 179.58 | loss 0.6907 | bpb  1.00 | ppl     2.00 | lr 1.00e-03 | grad_norm 1.71e-02
2025-05-31 15:24:54,564 | INFO | Gradient norm: 0.0129
2025-05-31 15:24:54,580 | INFO | Train batch  1400/11596 | ms/batch 179.56 | loss 0.6907 | bpb  1.00 | ppl     2.00 | lr 1.00e-03 | grad_norm 1.29e-02
2025-05-31 15:25:12,511 | INFO | Gradient norm: 0.0153
2025-05-31 15:25:12,527 | INFO | Train batch  1500/11596 | ms/batch 179.56 | loss 0.6907 | bpb  1.00 | ppl     2.00 | lr 1.00e-03 | grad_norm 1.53e-02
2025-05-31 15:25:30,475 | INFO | Gradient norm: 0.0086
2025-05-31 15:25:30,491 | INFO | Train batch  1600/11596 | ms/batch 179.56 | loss 0.6907 | bpb  1.00 | ppl     2.00 | lr 1.00e-03 | grad_norm 8.57e-03
2025-05-31 15:25:48,417 | INFO | Gradient norm: 0.0308
2025-05-31 15:25:48,433 | INFO | Train batch  1700/11596 | ms/batch 179.55 | loss 0.6907 | bpb  1.00 | ppl     2.00 | lr 1.00e-03 | grad_norm 3.08e-02
2025-05-31 15:26:06,360 | INFO | Gradient norm: 0.0291
2025-05-31 15:26:06,376 | INFO | Train batch  1800/11596 | ms/batch 179.55 | loss 0.6907 | bpb  1.00 | ppl     2.00 | lr 1.00e-03 | grad_norm 2.91e-02
2025-05-31 15:26:24,302 | INFO | Gradient norm: 0.0165
2025-05-31 15:26:24,318 | INFO | Train batch  1900/11596 | ms/batch 179.54 | loss 0.6907 | bpb  1.00 | ppl     2.00 | lr 1.00e-03 | grad_norm 1.65e-02
2025-05-31 15:26:42,254 | INFO | Gradient norm: 0.0190
2025-05-31 15:26:42,270 | INFO | Train batch  2000/11596 | ms/batch 179.54 | loss 0.6907 | bpb  1.00 | ppl     2.00 | lr 1.00e-03 | grad_norm 1.90e-02
2025-05-31 15:27:00,214 | INFO | Gradient norm: 0.0492
2025-05-31 15:27:00,231 | INFO | Train batch  2100/11596 | ms/batch 179.54 | loss 0.6907 | bpb  1.00 | ppl     2.00 | lr 1.00e-03 | grad_norm 4.92e-02
2025-05-31 15:27:18,157 | INFO | Gradient norm: 0.0172
2025-05-31 15:27:18,173 | INFO | Train batch  2200/11596 | ms/batch 179.54 | loss 0.6907 | bpb  1.00 | ppl     2.00 | lr 9.99e-04 | grad_norm 1.72e-02
2025-05-31 15:27:36,101 | INFO | Gradient norm: 0.0090
2025-05-31 15:27:36,117 | INFO | Train batch  2300/11596 | ms/batch 179.53 | loss 0.6907 | bpb  1.00 | ppl     2.00 | lr 9.99e-04 | grad_norm 9.02e-03
2025-05-31 15:27:54,054 | INFO | Gradient norm: 0.0288
2025-05-31 15:27:54,070 | INFO | Train batch  2400/11596 | ms/batch 179.53 | loss 0.6907 | bpb  1.00 | ppl     2.00 | lr 9.99e-04 | grad_norm 2.88e-02
2025-05-31 15:28:12,025 | INFO | Gradient norm: 0.0127
2025-05-31 15:28:12,042 | INFO | Train batch  2500/11596 | ms/batch 179.54 | loss 0.6907 | bpb  1.00 | ppl     2.00 | lr 9.99e-04 | grad_norm 1.27e-02
2025-05-31 15:28:29,978 | INFO | Gradient norm: 0.0176
2025-05-31 15:28:29,995 | INFO | Train batch  2600/11596 | ms/batch 179.54 | loss 0.6907 | bpb  1.00 | ppl     2.00 | lr 9.99e-04 | grad_norm 1.76e-02
2025-05-31 15:28:47,931 | INFO | Gradient norm: 0.0162
2025-05-31 15:28:47,947 | INFO | Train batch  2700/11596 | ms/batch 179.54 | loss 0.6907 | bpb  1.00 | ppl     2.00 | lr 9.99e-04 | grad_norm 1.62e-02
2025-05-31 15:29:05,892 | INFO | Gradient norm: 0.0432
2025-05-31 15:29:05,908 | INFO | Train batch  2800/11596 | ms/batch 179.54 | loss 0.6907 | bpb  1.00 | ppl     2.00 | lr 9.99e-04 | grad_norm 4.32e-02
2025-05-31 15:29:23,862 | INFO | Gradient norm: 0.0373
2025-05-31 15:29:23,878 | INFO | Train batch  2900/11596 | ms/batch 179.55 | loss 0.6907 | bpb  1.00 | ppl     2.00 | lr 9.99e-04 | grad_norm 3.73e-02
2025-05-31 15:29:41,813 | INFO | Gradient norm: 0.0183
2025-05-31 15:29:41,830 | INFO | Train batch  3000/11596 | ms/batch 179.55 | loss 0.6907 | bpb  1.00 | ppl     2.00 | lr 9.99e-04 | grad_norm 1.83e-02
2025-05-31 15:29:59,764 | INFO | Gradient norm: 0.0106
2025-05-31 15:29:59,781 | INFO | Train batch  3100/11596 | ms/batch 179.55 | loss 0.6907 | bpb  1.00 | ppl     2.00 | lr 9.99e-04 | grad_norm 1.06e-02
2025-05-31 15:30:17,730 | INFO | Gradient norm: 0.0128
2025-05-31 15:30:17,746 | INFO | Train batch  3200/11596 | ms/batch 179.55 | loss 0.6907 | bpb  1.00 | ppl     2.00 | lr 9.99e-04 | grad_norm 1.28e-02
2025-05-31 15:30:35,684 | INFO | Gradient norm: 0.0392
2025-05-31 15:30:35,701 | INFO | Train batch  3300/11596 | ms/batch 179.55 | loss 0.6907 | bpb  1.00 | ppl     2.00 | lr 9.99e-04 | grad_norm 3.92e-02
2025-05-31 15:30:53,646 | INFO | Gradient norm: 0.0475
2025-05-31 15:30:53,663 | INFO | Train batch  3400/11596 | ms/batch 179.55 | loss 0.6906 | bpb  1.00 | ppl     2.00 | lr 9.99e-04 | grad_norm 4.75e-02
2025-05-31 15:31:11,598 | INFO | Gradient norm: 0.0149
2025-05-31 15:31:11,614 | INFO | Train batch  3500/11596 | ms/batch 179.55 | loss 0.6907 | bpb  1.00 | ppl     2.00 | lr 9.99e-04 | grad_norm 1.49e-02
2025-05-31 15:31:29,547 | INFO | Gradient norm: 0.0237
2025-05-31 15:31:29,564 | INFO | Train batch  3600/11596 | ms/batch 179.55 | loss 0.6906 | bpb  1.00 | ppl     2.00 | lr 9.99e-04 | grad_norm 2.37e-02
2025-05-31 15:31:47,509 | INFO | Gradient norm: 0.0239
2025-05-31 15:31:47,525 | INFO | Train batch  3700/11596 | ms/batch 179.55 | loss 0.6906 | bpb  1.00 | ppl     1.99 | lr 9.99e-04 | grad_norm 2.39e-02
2025-05-31 15:32:05,479 | INFO | Gradient norm: 0.0436
2025-05-31 15:32:05,496 | INFO | Train batch  3800/11596 | ms/batch 179.55 | loss 0.6906 | bpb  1.00 | ppl     1.99 | lr 9.99e-04 | grad_norm 4.36e-02
2025-05-31 15:32:23,431 | INFO | Gradient norm: 0.0345
2025-05-31 15:32:23,448 | INFO | Train batch  3900/11596 | ms/batch 179.55 | loss 0.6906 | bpb  1.00 | ppl     1.99 | lr 9.99e-04 | grad_norm 3.45e-02
2025-05-31 15:32:41,383 | INFO | Gradient norm: 0.0382
2025-05-31 15:32:41,400 | INFO | Train batch  4000/11596 | ms/batch 179.55 | loss 0.6906 | bpb  1.00 | ppl     1.99 | lr 9.99e-04 | grad_norm 3.82e-02
2025-05-31 15:32:59,347 | INFO | Gradient norm: 0.0116
2025-05-31 15:32:59,363 | INFO | Train batch  4100/11596 | ms/batch 179.55 | loss 0.6906 | bpb  1.00 | ppl     1.99 | lr 9.99e-04 | grad_norm 1.16e-02
2025-05-31 15:33:17,316 | INFO | Gradient norm: 0.0276
2025-05-31 15:33:17,333 | INFO | Train batch  4200/11596 | ms/batch 179.56 | loss 0.6906 | bpb  1.00 | ppl     1.99 | lr 9.99e-04 | grad_norm 2.76e-02
2025-05-31 15:33:35,270 | INFO | Gradient norm: 0.0325
2025-05-31 15:33:35,286 | INFO | Train batch  4300/11596 | ms/batch 179.56 | loss 0.6906 | bpb  1.00 | ppl     1.99 | lr 9.99e-04 | grad_norm 3.25e-02
2025-05-31 15:33:53,221 | INFO | Gradient norm: 0.0115
2025-05-31 15:33:53,237 | INFO | Train batch  4400/11596 | ms/batch 179.56 | loss 0.6906 | bpb  1.00 | ppl     1.99 | lr 9.99e-04 | grad_norm 1.15e-02
2025-05-31 15:34:11,182 | INFO | Gradient norm: 0.0236
2025-05-31 15:34:11,198 | INFO | Train batch  4500/11596 | ms/batch 179.56 | loss 0.6906 | bpb  1.00 | ppl     1.99 | lr 9.99e-04 | grad_norm 2.36e-02
2025-05-31 15:34:29,152 | INFO | Gradient norm: 0.0124
2025-05-31 15:34:29,169 | INFO | Train batch  4600/11596 | ms/batch 179.56 | loss 0.6906 | bpb  1.00 | ppl     1.99 | lr 9.99e-04 | grad_norm 1.24e-02
2025-05-31 15:34:47,103 | INFO | Gradient norm: 0.0152
2025-05-31 15:34:47,119 | INFO | Train batch  4700/11596 | ms/batch 179.56 | loss 0.6906 | bpb  1.00 | ppl     1.99 | lr 9.99e-04 | grad_norm 1.52e-02
2025-05-31 15:35:05,057 | INFO | Gradient norm: 0.0153
2025-05-31 15:35:05,073 | INFO | Train batch  4800/11596 | ms/batch 179.56 | loss 0.6906 | bpb  1.00 | ppl     1.99 | lr 9.99e-04 | grad_norm 1.53e-02
2025-05-31 15:35:23,010 | INFO | Gradient norm: 0.0160
2025-05-31 15:35:23,026 | INFO | Train batch  4900/11596 | ms/batch 179.56 | loss 0.6906 | bpb  1.00 | ppl     1.99 | lr 9.99e-04 | grad_norm 1.60e-02
2025-05-31 15:35:40,983 | INFO | Gradient norm: 0.0240
2025-05-31 15:35:40,999 | INFO | Train batch  5000/11596 | ms/batch 179.56 | loss 0.6906 | bpb  1.00 | ppl     1.99 | lr 9.99e-04 | grad_norm 2.40e-02
2025-05-31 15:35:58,935 | INFO | Gradient norm: 0.0218
2025-05-31 15:35:58,951 | INFO | Train batch  5100/11596 | ms/batch 179.56 | loss 0.6906 | bpb  1.00 | ppl     1.99 | lr 9.99e-04 | grad_norm 2.18e-02
2025-05-31 15:36:16,893 | INFO | Gradient norm: 0.0410
2025-05-31 15:36:16,910 | INFO | Train batch  5200/11596 | ms/batch 179.56 | loss 0.6906 | bpb  1.00 | ppl     1.99 | lr 9.99e-04 | grad_norm 4.10e-02
2025-05-31 15:36:34,845 | INFO | Gradient norm: 0.0114
2025-05-31 15:36:34,861 | INFO | Train batch  5300/11596 | ms/batch 179.56 | loss 0.6906 | bpb  1.00 | ppl     1.99 | lr 9.99e-04 | grad_norm 1.14e-02
2025-05-31 15:36:52,797 | INFO | Gradient norm: 0.0675
2025-05-31 15:36:52,813 | INFO | Train batch  5400/11596 | ms/batch 179.56 | loss 0.6906 | bpb  1.00 | ppl     1.99 | lr 9.99e-04 | grad_norm 6.75e-02
2025-05-31 15:37:10,765 | INFO | Gradient norm: 0.0138
2025-05-31 15:37:10,781 | INFO | Train batch  5500/11596 | ms/batch 179.56 | loss 0.6906 | bpb  1.00 | ppl     1.99 | lr 9.99e-04 | grad_norm 1.38e-02
2025-05-31 15:37:28,714 | INFO | Gradient norm: 0.0271
2025-05-31 15:37:28,730 | INFO | Train batch  5600/11596 | ms/batch 179.56 | loss 0.6906 | bpb  1.00 | ppl     1.99 | lr 9.99e-04 | grad_norm 2.71e-02
2025-05-31 15:37:46,665 | INFO | Gradient norm: 0.0110
2025-05-31 15:37:46,681 | INFO | Train batch  5700/11596 | ms/batch 179.56 | loss 0.6906 | bpb  1.00 | ppl     1.99 | lr 9.99e-04 | grad_norm 1.10e-02
2025-05-31 15:38:04,617 | INFO | Gradient norm: 0.0186
2025-05-31 15:38:04,633 | INFO | Train batch  5800/11596 | ms/batch 179.56 | loss 0.6906 | bpb  1.00 | ppl     1.99 | lr 9.99e-04 | grad_norm 1.86e-02
2025-05-31 15:38:22,584 | INFO | Gradient norm: 0.0131
2025-05-31 15:38:22,600 | INFO | Train batch  5900/11596 | ms/batch 179.56 | loss 0.6906 | bpb  1.00 | ppl     1.99 | lr 9.99e-04 | grad_norm 1.31e-02
2025-05-31 15:38:40,533 | INFO | Gradient norm: 0.0155
2025-05-31 15:38:40,550 | INFO | Train batch  6000/11596 | ms/batch 179.56 | loss 0.6906 | bpb  1.00 | ppl     1.99 | lr 9.99e-04 | grad_norm 1.55e-02
2025-05-31 15:38:58,483 | INFO | Gradient norm: 0.0147
2025-05-31 15:38:58,500 | INFO | Train batch  6100/11596 | ms/batch 179.56 | loss 0.6906 | bpb  1.00 | ppl     1.99 | lr 9.99e-04 | grad_norm 1.47e-02
2025-05-31 15:39:16,431 | INFO | Gradient norm: 0.0130
2025-05-31 15:39:16,447 | INFO | Train batch  6200/11596 | ms/batch 179.56 | loss 0.6906 | bpb  1.00 | ppl     1.99 | lr 9.99e-04 | grad_norm 1.30e-02
2025-05-31 15:39:34,398 | INFO | Gradient norm: 0.0474
2025-05-31 15:39:34,415 | INFO | Train batch  6300/11596 | ms/batch 179.56 | loss 0.6906 | bpb  1.00 | ppl     1.99 | lr 9.99e-04 | grad_norm 4.74e-02
2025-05-31 15:39:52,346 | INFO | Gradient norm: 0.0665
2025-05-31 15:39:52,362 | INFO | Train batch  6400/11596 | ms/batch 179.56 | loss 0.6906 | bpb  1.00 | ppl     1.99 | lr 9.99e-04 | grad_norm 6.65e-02
2025-05-31 15:40:10,297 | INFO | Gradient norm: 0.0179
2025-05-31 15:40:10,314 | INFO | Train batch  6500/11596 | ms/batch 179.56 | loss 0.6906 | bpb  1.00 | ppl     1.99 | lr 9.99e-04 | grad_norm 1.79e-02
2025-05-31 15:40:28,244 | INFO | Gradient norm: 0.0115
2025-05-31 15:40:28,261 | INFO | Train batch  6600/11596 | ms/batch 179.56 | loss 0.6906 | bpb  1.00 | ppl     1.99 | lr 9.99e-04 | grad_norm 1.15e-02
2025-05-31 15:40:46,200 | INFO | Gradient norm: 0.0227
2025-05-31 15:40:46,217 | INFO | Train batch  6700/11596 | ms/batch 179.56 | loss 0.6906 | bpb  1.00 | ppl     1.99 | lr 9.99e-04 | grad_norm 2.27e-02
2025-05-31 15:41:04,160 | INFO | Gradient norm: 0.0453
2025-05-31 15:41:04,177 | INFO | Train batch  6800/11596 | ms/batch 179.56 | loss 0.6906 | bpb  1.00 | ppl     1.99 | lr 9.99e-04 | grad_norm 4.53e-02
2025-05-31 15:41:22,108 | INFO | Gradient norm: 0.0196
2025-05-31 15:41:22,124 | INFO | Train batch  6900/11596 | ms/batch 179.56 | loss 0.6906 | bpb  1.00 | ppl     1.99 | lr 9.99e-04 | grad_norm 1.96e-02
2025-05-31 15:41:40,057 | INFO | Gradient norm: 0.0163
2025-05-31 15:41:40,073 | INFO | Train batch  7000/11596 | ms/batch 179.55 | loss 0.6906 | bpb  1.00 | ppl     1.99 | lr 9.99e-04 | grad_norm 1.63e-02
2025-05-31 15:41:58,006 | INFO | Gradient norm: 0.0210
2025-05-31 15:41:58,023 | INFO | Train batch  7100/11596 | ms/batch 179.55 | loss 0.6906 | bpb  1.00 | ppl     1.99 | lr 9.99e-04 | grad_norm 2.10e-02
2025-05-31 15:42:15,973 | INFO | Gradient norm: 0.0199
2025-05-31 15:42:15,990 | INFO | Train batch  7200/11596 | ms/batch 179.56 | loss 0.6906 | bpb  1.00 | ppl     1.99 | lr 9.99e-04 | grad_norm 1.99e-02
2025-05-31 15:42:33,923 | INFO | Gradient norm: 0.0384
2025-05-31 15:42:33,939 | INFO | Train batch  7300/11596 | ms/batch 179.55 | loss 0.6906 | bpb  1.00 | ppl     1.99 | lr 9.99e-04 | grad_norm 3.84e-02
2025-05-31 15:42:51,873 | INFO | Gradient norm: 0.0091
2025-05-31 15:42:51,889 | INFO | Train batch  7400/11596 | ms/batch 179.55 | loss 0.6906 | bpb  1.00 | ppl     1.99 | lr 9.99e-04 | grad_norm 9.07e-03
2025-05-31 15:43:09,821 | INFO | Gradient norm: 0.0281
2025-05-31 15:43:09,837 | INFO | Train batch  7500/11596 | ms/batch 179.55 | loss 0.6906 | bpb  1.00 | ppl     1.99 | lr 9.99e-04 | grad_norm 2.81e-02
2025-05-31 15:43:27,788 | INFO | Gradient norm: 0.0110
2025-05-31 15:43:27,804 | INFO | Train batch  7600/11596 | ms/batch 179.55 | loss 0.6906 | bpb  1.00 | ppl     1.99 | lr 9.99e-04 | grad_norm 1.10e-02
2025-05-31 15:43:45,737 | INFO | Gradient norm: 0.0350
2025-05-31 15:43:45,753 | INFO | Train batch  7700/11596 | ms/batch 179.55 | loss 0.6906 | bpb  1.00 | ppl     1.99 | lr 9.99e-04 | grad_norm 3.50e-02
2025-05-31 15:44:03,687 | INFO | Gradient norm: 0.0184
2025-05-31 15:44:03,704 | INFO | Train batch  7800/11596 | ms/batch 179.55 | loss 0.6906 | bpb  1.00 | ppl     1.99 | lr 9.99e-04 | grad_norm 1.84e-02
2025-05-31 15:44:21,637 | INFO | Gradient norm: 0.0113
2025-05-31 15:44:21,653 | INFO | Train batch  7900/11596 | ms/batch 179.55 | loss 0.6906 | bpb  1.00 | ppl     1.99 | lr 9.99e-04 | grad_norm 1.13e-02
2025-05-31 15:44:39,604 | INFO | Gradient norm: 0.0133
2025-05-31 15:44:39,620 | INFO | Train batch  8000/11596 | ms/batch 179.55 | loss 0.6906 | bpb  1.00 | ppl     1.99 | lr 9.99e-04 | grad_norm 1.33e-02
2025-05-31 15:44:57,553 | INFO | Gradient norm: 0.0111
2025-05-31 15:44:57,570 | INFO | Train batch  8100/11596 | ms/batch 179.55 | loss 0.6906 | bpb  1.00 | ppl     1.99 | lr 9.99e-04 | grad_norm 1.11e-02
2025-05-31 15:45:15,504 | INFO | Gradient norm: 0.0081
2025-05-31 15:45:15,520 | INFO | Train batch  8200/11596 | ms/batch 179.55 | loss 0.6906 | bpb  1.00 | ppl     1.99 | lr 9.99e-04 | grad_norm 8.15e-03
2025-05-31 15:45:33,454 | INFO | Gradient norm: 0.0100
2025-05-31 15:45:33,470 | INFO | Train batch  8300/11596 | ms/batch 179.55 | loss 0.6906 | bpb  1.00 | ppl     1.99 | lr 9.99e-04 | grad_norm 9.96e-03
2025-05-31 15:45:51,409 | INFO | Gradient norm: 0.0273
2025-05-31 15:45:51,426 | INFO | Train batch  8400/11596 | ms/batch 179.55 | loss 0.6906 | bpb  1.00 | ppl     1.99 | lr 9.99e-04 | grad_norm 2.73e-02
2025-05-31 15:46:09,373 | INFO | Gradient norm: 0.0144
2025-05-31 15:46:09,389 | INFO | Train batch  8500/11596 | ms/batch 179.55 | loss 0.6906 | bpb  1.00 | ppl     1.99 | lr 9.99e-04 | grad_norm 1.44e-02
2025-05-31 15:46:27,321 | INFO | Gradient norm: 0.0214
2025-05-31 15:46:27,337 | INFO | Train batch  8600/11596 | ms/batch 179.55 | loss 0.6906 | bpb  1.00 | ppl     1.99 | lr 9.99e-04 | grad_norm 2.14e-02
2025-05-31 15:46:45,271 | INFO | Gradient norm: 0.0092
2025-05-31 15:46:45,287 | INFO | Train batch  8700/11596 | ms/batch 179.55 | loss 0.6906 | bpb  1.00 | ppl     1.99 | lr 9.99e-04 | grad_norm 9.18e-03
2025-05-31 15:47:03,220 | INFO | Gradient norm: 0.0260
2025-05-31 15:47:03,236 | INFO | Train batch  8800/11596 | ms/batch 179.55 | loss 0.6906 | bpb  1.00 | ppl     1.99 | lr 9.99e-04 | grad_norm 2.60e-02
2025-05-31 15:47:21,187 | INFO | Gradient norm: 0.0275
2025-05-31 15:47:21,203 | INFO | Train batch  8900/11596 | ms/batch 179.55 | loss 0.6906 | bpb  1.00 | ppl     1.99 | lr 9.99e-04 | grad_norm 2.75e-02
2025-05-31 15:47:39,136 | INFO | Gradient norm: 0.0253
2025-05-31 15:47:39,152 | INFO | Train batch  9000/11596 | ms/batch 179.55 | loss 0.6906 | bpb  1.00 | ppl     1.99 | lr 9.99e-04 | grad_norm 2.53e-02
2025-05-31 15:47:57,083 | INFO | Gradient norm: 0.0367
2025-05-31 15:47:57,100 | INFO | Train batch  9100/11596 | ms/batch 179.55 | loss 0.6906 | bpb  1.00 | ppl     1.99 | lr 9.99e-04 | grad_norm 3.67e-02
2025-05-31 15:48:15,033 | INFO | Gradient norm: 0.0467
2025-05-31 15:48:15,049 | INFO | Train batch  9200/11596 | ms/batch 179.55 | loss 0.6906 | bpb  1.00 | ppl     1.99 | lr 9.99e-04 | grad_norm 4.67e-02
2025-05-31 15:48:32,998 | INFO | Gradient norm: 0.0131
2025-05-31 15:48:33,014 | INFO | Train batch  9300/11596 | ms/batch 179.55 | loss 0.6906 | bpb  1.00 | ppl     1.99 | lr 9.99e-04 | grad_norm 1.31e-02
2025-05-31 15:48:50,947 | INFO | Gradient norm: 0.0111
2025-05-31 15:48:50,964 | INFO | Train batch  9400/11596 | ms/batch 179.55 | loss 0.6906 | bpb  1.00 | ppl     1.99 | lr 9.99e-04 | grad_norm 1.11e-02
2025-05-31 15:49:08,897 | INFO | Gradient norm: 0.0138
2025-05-31 15:49:08,913 | INFO | Train batch  9500/11596 | ms/batch 179.55 | loss 0.6906 | bpb  1.00 | ppl     1.99 | lr 9.99e-04 | grad_norm 1.38e-02
2025-05-31 15:49:26,847 | INFO | Gradient norm: 0.0337
2025-05-31 15:49:26,864 | INFO | Train batch  9600/11596 | ms/batch 179.55 | loss 0.6906 | bpb  1.00 | ppl     1.99 | lr 9.99e-04 | grad_norm 3.37e-02
2025-05-31 15:49:44,815 | INFO | Gradient norm: 0.0440
2025-05-31 15:49:44,831 | INFO | Train batch  9700/11596 | ms/batch 179.55 | loss 0.6906 | bpb  1.00 | ppl     1.99 | lr 9.99e-04 | grad_norm 4.40e-02
2025-05-31 15:50:02,766 | INFO | Gradient norm: 0.0106
2025-05-31 15:50:02,782 | INFO | Train batch  9800/11596 | ms/batch 179.55 | loss 0.6906 | bpb  1.00 | ppl     1.99 | lr 9.99e-04 | grad_norm 1.06e-02
2025-05-31 15:50:20,713 | INFO | Gradient norm: 0.0312
2025-05-31 15:50:20,730 | INFO | Train batch  9900/11596 | ms/batch 179.55 | loss 0.6906 | bpb  1.00 | ppl     1.99 | lr 9.99e-04 | grad_norm 3.12e-02
2025-05-31 15:50:38,663 | INFO | Gradient norm: 0.0437
2025-05-31 15:50:38,680 | INFO | Train batch 10000/11596 | ms/batch 179.55 | loss 0.6906 | bpb  1.00 | ppl     1.99 | lr 9.99e-04 | grad_norm 4.37e-02
2025-05-31 15:50:56,618 | INFO | Gradient norm: 0.0314
2025-05-31 15:50:56,634 | INFO | Train batch 10100/11596 | ms/batch 179.55 | loss 0.6906 | bpb  1.00 | ppl     1.99 | lr 9.99e-04 | grad_norm 3.14e-02
2025-05-31 15:51:14,579 | INFO | Gradient norm: 0.0432
2025-05-31 15:51:14,595 | INFO | Train batch 10200/11596 | ms/batch 179.55 | loss 0.6906 | bpb  1.00 | ppl     1.99 | lr 9.99e-04 | grad_norm 4.32e-02
2025-05-31 15:51:32,527 | INFO | Gradient norm: 0.0160
2025-05-31 15:51:32,544 | INFO | Train batch 10300/11596 | ms/batch 179.55 | loss 0.6906 | bpb  1.00 | ppl     1.99 | lr 9.99e-04 | grad_norm 1.60e-02
2025-05-31 15:51:50,475 | INFO | Gradient norm: 0.0103
2025-05-31 15:51:50,491 | INFO | Train batch 10400/11596 | ms/batch 179.55 | loss 0.6906 | bpb  1.00 | ppl     1.99 | lr 9.99e-04 | grad_norm 1.03e-02
2025-05-31 15:52:08,428 | INFO | Gradient norm: 0.0083
2025-05-31 15:52:08,444 | INFO | Train batch 10500/11596 | ms/batch 179.55 | loss 0.6906 | bpb  1.00 | ppl     1.99 | lr 9.99e-04 | grad_norm 8.34e-03
2025-05-31 15:52:26,392 | INFO | Gradient norm: 0.0204
2025-05-31 15:52:26,409 | INFO | Train batch 10600/11596 | ms/batch 179.55 | loss 0.6906 | bpb  1.00 | ppl     1.99 | lr 9.99e-04 | grad_norm 2.04e-02
2025-05-31 15:52:44,340 | INFO | Gradient norm: 0.0464
2025-05-31 15:52:44,356 | INFO | Train batch 10700/11596 | ms/batch 179.55 | loss 0.6906 | bpb  1.00 | ppl     1.99 | lr 9.99e-04 | grad_norm 4.64e-02
2025-05-31 15:53:02,289 | INFO | Gradient norm: 0.0374
2025-05-31 15:53:02,305 | INFO | Train batch 10800/11596 | ms/batch 179.55 | loss 0.6906 | bpb  1.00 | ppl     1.99 | lr 9.99e-04 | grad_norm 3.74e-02
2025-05-31 15:53:20,236 | INFO | Gradient norm: 0.0366
2025-05-31 15:53:20,252 | INFO | Train batch 10900/11596 | ms/batch 179.55 | loss 0.6906 | bpb  1.00 | ppl     1.99 | lr 9.99e-04 | grad_norm 3.66e-02
2025-05-31 15:53:38,200 | INFO | Gradient norm: 0.0129
2025-05-31 15:53:38,216 | INFO | Train batch 11000/11596 | ms/batch 179.55 | loss 0.6906 | bpb  1.00 | ppl     1.99 | lr 9.99e-04 | grad_norm 1.29e-02
2025-05-31 15:53:56,149 | INFO | Gradient norm: 0.0119
2025-05-31 15:53:56,165 | INFO | Train batch 11100/11596 | ms/batch 179.55 | loss 0.6906 | bpb  1.00 | ppl     1.99 | lr 9.99e-04 | grad_norm 1.19e-02
2025-05-31 15:54:14,097 | INFO | Gradient norm: 0.0498
2025-05-31 15:54:14,113 | INFO | Train batch 11200/11596 | ms/batch 179.55 | loss 0.6906 | bpb  1.00 | ppl     1.99 | lr 9.99e-04 | grad_norm 4.98e-02
2025-05-31 15:54:32,046 | INFO | Gradient norm: 0.0140
2025-05-31 15:54:32,062 | INFO | Train batch 11300/11596 | ms/batch 179.55 | loss 0.6906 | bpb  1.00 | ppl     1.99 | lr 9.99e-04 | grad_norm 1.40e-02
2025-05-31 15:54:50,013 | INFO | Gradient norm: 0.0540
2025-05-31 15:54:50,029 | INFO | Train batch 11400/11596 | ms/batch 179.55 | loss 0.6906 | bpb  1.00 | ppl     1.99 | lr 9.99e-04 | grad_norm 5.40e-02
2025-05-31 15:55:07,966 | INFO | Gradient norm: 0.0122
2025-05-31 15:55:07,983 | INFO | Train batch 11500/11596 | ms/batch 179.55 | loss 0.6906 | bpb  1.00 | ppl     1.99 | lr 9.99e-04 | grad_norm 1.22e-02
2025-05-31 15:55:25,133 | INFO | Validation batch     0/  610 | loss 0.4799 | bpb  0.69 | ppl     1.62
2025-05-31 15:55:31,015 | INFO | Validation batch   100/  610 | loss 0.4804 | bpb  0.69 | ppl     1.62
2025-05-31 15:55:36,909 | INFO | Validation batch   200/  610 | loss 0.4805 | bpb  0.69 | ppl     1.62
2025-05-31 15:55:42,808 | INFO | Validation batch   300/  610 | loss 0.4805 | bpb  0.69 | ppl     1.62
2025-05-31 15:55:48,716 | INFO | Validation batch   400/  610 | loss 0.4805 | bpb  0.69 | ppl     1.62
2025-05-31 15:55:54,629 | INFO | Validation batch   500/  610 | loss 0.4805 | bpb  0.69 | ppl     1.62
2025-05-31 15:56:00,551 | INFO | Validation batch   600/  610 | loss 0.4805 | bpb  0.69 | ppl     1.62
2025-05-31 15:56:01,085 | INFO | Epoch   3 | time: 2118.07s | train loss 0.6906 | train bpb  1.00 | train ppl     1.99 | valid loss 0.4805 | valid bpb  0.69 | valid ppl     1.62 | lr 9.99e-04
2025-05-31 15:56:01,085 | INFO | Validation bpb did not improve by 0.0050. Best: 0.6948 at epoch 0. Patience: 3/5
2025-05-31 15:56:01,170 | INFO | Input shape: torch.Size([16, 511]), Target shape: torch.Size([16, 511])
2025-05-31 15:56:01,171 | INFO | Input range: [10, 125]
2025-05-31 15:56:01,171 | INFO | Target range: [10, 125]
2025-05-31 15:56:01,219 | INFO | Output shape: torch.Size([8176, 256]), Reshaped target shape: torch.Size([8176])
2025-05-31 15:56:01,220 | INFO | Output logits range: [-7.2578125, 9.671875]
2025-05-31 15:56:01,221 | INFO | Sample probabilities: max=0.9545565843582153, min=0.00011547419126145542
2025-05-31 15:56:01,221 | INFO | Raw loss value: 0.6885319948196411
2025-05-31 15:56:01,221 | INFO | Batch 0 loss stats - Mean: -0.4719, Std: 0.9712
2025-05-31 15:56:01,339 | INFO | Gradient norm: 0.0223
2025-05-31 15:56:01,355 | INFO | Train batch     0/11596 | ms/batch 185.23 | loss 0.6885 | bpb  0.99 | ppl     1.99 | lr 9.99e-04 | grad_norm 2.23e-02
2025-05-31 15:56:19,324 | INFO | Gradient norm: 0.0166
2025-05-31 15:56:19,341 | INFO | Train batch   100/11596 | ms/batch 179.91 | loss 0.6908 | bpb  1.00 | ppl     2.00 | lr 9.99e-04 | grad_norm 1.66e-02
2025-05-31 15:56:37,291 | INFO | Gradient norm: 0.0174
2025-05-31 15:56:37,307 | INFO | Train batch   200/11596 | ms/batch 179.79 | loss 0.6906 | bpb  1.00 | ppl     1.99 | lr 9.99e-04 | grad_norm 1.74e-02
2025-05-31 15:56:55,250 | INFO | Gradient norm: 0.0583
2025-05-31 15:56:55,266 | INFO | Train batch   300/11596 | ms/batch 179.72 | loss 0.6907 | bpb  1.00 | ppl     2.00 | lr 9.99e-04 | grad_norm 5.83e-02
2025-05-31 15:57:13,210 | INFO | Gradient norm: 0.0522
2025-05-31 15:57:13,226 | INFO | Train batch   400/11596 | ms/batch 179.69 | loss 0.6907 | bpb  1.00 | ppl     2.00 | lr 9.99e-04 | grad_norm 5.22e-02
2025-05-31 15:57:31,154 | INFO | Gradient norm: 0.0101
2025-05-31 15:57:31,171 | INFO | Train batch   500/11596 | ms/batch 179.64 | loss 0.6907 | bpb  1.00 | ppl     2.00 | lr 9.99e-04 | grad_norm 1.01e-02
2025-05-31 15:57:49,101 | INFO | Gradient norm: 0.0362
2025-05-31 15:57:49,117 | INFO | Train batch   600/11596 | ms/batch 179.61 | loss 0.6907 | bpb  1.00 | ppl     2.00 | lr 9.99e-04 | grad_norm 3.62e-02
2025-05-31 15:58:07,044 | INFO | Gradient norm: 0.0476
2025-05-31 15:58:07,061 | INFO | Train batch   700/11596 | ms/batch 179.59 | loss 0.6906 | bpb  1.00 | ppl     1.99 | lr 9.99e-04 | grad_norm 4.76e-02
2025-05-31 15:58:24,996 | INFO | Gradient norm: 0.0199
2025-05-31 15:58:25,013 | INFO | Train batch   800/11596 | ms/batch 179.58 | loss 0.6907 | bpb  1.00 | ppl     2.00 | lr 9.99e-04 | grad_norm 1.99e-02
2025-05-31 15:58:42,929 | INFO | Gradient norm: 0.0095
2025-05-31 15:58:42,946 | INFO | Train batch   900/11596 | ms/batch 179.55 | loss 0.6907 | bpb  1.00 | ppl     2.00 | lr 9.99e-04 | grad_norm 9.53e-03
2025-05-31 15:59:00,865 | INFO | Gradient norm: 0.0150
2025-05-31 15:59:00,881 | INFO | Train batch  1000/11596 | ms/batch 179.53 | loss 0.6907 | bpb  1.00 | ppl     2.00 | lr 9.99e-04 | grad_norm 1.50e-02
2025-05-31 15:59:18,800 | INFO | Gradient norm: 0.0125
2025-05-31 15:59:18,817 | INFO | Train batch  1100/11596 | ms/batch 179.52 | loss 0.6907 | bpb  1.00 | ppl     2.00 | lr 9.99e-04 | grad_norm 1.25e-02
2025-05-31 15:59:36,753 | INFO | Gradient norm: 0.0431
2025-05-31 15:59:36,769 | INFO | Train batch  1200/11596 | ms/batch 179.52 | loss 0.6907 | bpb  1.00 | ppl     2.00 | lr 9.99e-04 | grad_norm 4.31e-02
2025-05-31 15:59:54,689 | INFO | Gradient norm: 0.0216
2025-05-31 15:59:54,706 | INFO | Train batch  1300/11596 | ms/batch 179.50 | loss 0.6907 | bpb  1.00 | ppl     2.00 | lr 9.99e-04 | grad_norm 2.16e-02
2025-05-31 16:00:12,629 | INFO | Gradient norm: 0.0192
2025-05-31 16:00:12,645 | INFO | Train batch  1400/11596 | ms/batch 179.50 | loss 0.6906 | bpb  1.00 | ppl     1.99 | lr 9.99e-04 | grad_norm 1.92e-02
2025-05-31 16:00:30,565 | INFO | Gradient norm: 0.0090
2025-05-31 16:00:30,581 | INFO | Train batch  1500/11596 | ms/batch 179.49 | loss 0.6906 | bpb  1.00 | ppl     1.99 | lr 9.99e-04 | grad_norm 9.05e-03
2025-05-31 16:00:48,519 | INFO | Gradient norm: 0.0619
2025-05-31 16:00:48,535 | INFO | Train batch  1600/11596 | ms/batch 179.49 | loss 0.6906 | bpb  1.00 | ppl     1.99 | lr 9.99e-04 | grad_norm 6.19e-02
2025-05-31 16:01:06,458 | INFO | Gradient norm: 0.0246
2025-05-31 16:01:06,475 | INFO | Train batch  1700/11596 | ms/batch 179.49 | loss 0.6906 | bpb  1.00 | ppl     1.99 | lr 9.99e-04 | grad_norm 2.46e-02
2025-05-31 16:01:24,396 | INFO | Gradient norm: 0.0363
2025-05-31 16:01:24,412 | INFO | Train batch  1800/11596 | ms/batch 179.48 | loss 0.6906 | bpb  1.00 | ppl     1.99 | lr 9.99e-04 | grad_norm 3.63e-02
2025-05-31 16:01:42,334 | INFO | Gradient norm: 0.0110
2025-05-31 16:01:42,350 | INFO | Train batch  1900/11596 | ms/batch 179.47 | loss 0.6906 | bpb  1.00 | ppl     1.99 | lr 9.99e-04 | grad_norm 1.10e-02
2025-05-31 16:02:00,279 | INFO | Gradient norm: 0.0110
2025-05-31 16:02:00,295 | INFO | Train batch  2000/11596 | ms/batch 179.47 | loss 0.6906 | bpb  1.00 | ppl     1.99 | lr 9.99e-04 | grad_norm 1.10e-02
2025-05-31 16:02:18,230 | INFO | Gradient norm: 0.0412
2025-05-31 16:02:18,246 | INFO | Train batch  2100/11596 | ms/batch 179.47 | loss 0.6906 | bpb  1.00 | ppl     1.99 | lr 9.99e-04 | grad_norm 4.12e-02
2025-05-31 16:02:36,168 | INFO | Gradient norm: 0.0111
2025-05-31 16:02:36,185 | INFO | Train batch  2200/11596 | ms/batch 179.47 | loss 0.6906 | bpb  1.00 | ppl     1.99 | lr 9.99e-04 | grad_norm 1.11e-02
2025-05-31 16:02:54,111 | INFO | Gradient norm: 0.0098
2025-05-31 16:02:54,128 | INFO | Train batch  2300/11596 | ms/batch 179.47 | loss 0.6906 | bpb  1.00 | ppl     1.99 | lr 9.99e-04 | grad_norm 9.78e-03
2025-05-31 16:03:12,059 | INFO | Gradient norm: 0.0335
2025-05-31 16:03:12,076 | INFO | Train batch  2400/11596 | ms/batch 179.47 | loss 0.6906 | bpb  1.00 | ppl     1.99 | lr 9.99e-04 | grad_norm 3.35e-02
2025-05-31 16:03:30,027 | INFO | Gradient norm: 0.0123
2025-05-31 16:03:30,043 | INFO | Train batch  2500/11596 | ms/batch 179.48 | loss 0.6906 | bpb  1.00 | ppl     1.99 | lr 9.99e-04 | grad_norm 1.23e-02
2025-05-31 16:03:47,976 | INFO | Gradient norm: 0.0152
2025-05-31 16:03:47,992 | INFO | Train batch  2600/11596 | ms/batch 179.48 | loss 0.6906 | bpb  1.00 | ppl     1.99 | lr 9.99e-04 | grad_norm 1.52e-02
2025-05-31 16:04:05,926 | INFO | Gradient norm: 0.0156
2025-05-31 16:04:05,942 | INFO | Train batch  2700/11596 | ms/batch 179.48 | loss 0.6906 | bpb  1.00 | ppl     1.99 | lr 9.99e-04 | grad_norm 1.56e-02
2025-05-31 16:04:23,874 | INFO | Gradient norm: 0.0310
2025-05-31 16:04:23,890 | INFO | Train batch  2800/11596 | ms/batch 179.48 | loss 0.6906 | bpb  1.00 | ppl     1.99 | lr 9.99e-04 | grad_norm 3.10e-02
2025-05-31 16:04:41,843 | INFO | Gradient norm: 0.0468
2025-05-31 16:04:41,859 | INFO | Train batch  2900/11596 | ms/batch 179.49 | loss 0.6906 | bpb  1.00 | ppl     1.99 | lr 9.99e-04 | grad_norm 4.68e-02
2025-05-31 16:04:59,794 | INFO | Gradient norm: 0.0259
2025-05-31 16:04:59,810 | INFO | Train batch  3000/11596 | ms/batch 179.49 | loss 0.6906 | bpb  1.00 | ppl     1.99 | lr 9.99e-04 | grad_norm 2.59e-02
2025-05-31 16:05:17,745 | INFO | Gradient norm: 0.0217
2025-05-31 16:05:17,761 | INFO | Train batch  3100/11596 | ms/batch 179.49 | loss 0.6906 | bpb  1.00 | ppl     1.99 | lr 9.99e-04 | grad_norm 2.17e-02
2025-05-31 16:05:35,693 | INFO | Gradient norm: 0.0243
2025-05-31 16:05:35,710 | INFO | Train batch  3200/11596 | ms/batch 179.49 | loss 0.6906 | bpb  1.00 | ppl     1.99 | lr 9.99e-04 | grad_norm 2.43e-02
2025-05-31 16:05:53,662 | INFO | Gradient norm: 0.0493
2025-05-31 16:05:53,678 | INFO | Train batch  3300/11596 | ms/batch 179.49 | loss 0.6906 | bpb  1.00 | ppl     1.99 | lr 9.99e-04 | grad_norm 4.93e-02
2025-05-31 16:06:11,612 | INFO | Gradient norm: 0.0336
2025-05-31 16:06:11,628 | INFO | Train batch  3400/11596 | ms/batch 179.49 | loss 0.6906 | bpb  1.00 | ppl     1.99 | lr 9.99e-04 | grad_norm 3.36e-02
2025-05-31 16:06:29,561 | INFO | Gradient norm: 0.0135
2025-05-31 16:06:29,577 | INFO | Train batch  3500/11596 | ms/batch 179.49 | loss 0.6906 | bpb  1.00 | ppl     1.99 | lr 9.99e-04 | grad_norm 1.35e-02
2025-05-31 16:06:47,512 | INFO | Gradient norm: 0.0457
2025-05-31 16:06:47,528 | INFO | Train batch  3600/11596 | ms/batch 179.49 | loss 0.6906 | bpb  1.00 | ppl     1.99 | lr 9.99e-04 | grad_norm 4.57e-02
2025-05-31 16:07:05,468 | INFO | Gradient norm: 0.0332
2025-05-31 16:07:05,485 | INFO | Train batch  3700/11596 | ms/batch 179.50 | loss 0.6906 | bpb  1.00 | ppl     1.99 | lr 9.99e-04 | grad_norm 3.32e-02
2025-05-31 16:07:23,431 | INFO | Gradient norm: 0.0265
2025-05-31 16:07:23,448 | INFO | Train batch  3800/11596 | ms/batch 179.50 | loss 0.6906 | bpb  1.00 | ppl     1.99 | lr 9.99e-04 | grad_norm 2.65e-02
2025-05-31 16:07:41,385 | INFO | Gradient norm: 0.0202
2025-05-31 16:07:41,401 | INFO | Train batch  3900/11596 | ms/batch 179.50 | loss 0.6905 | bpb  1.00 | ppl     1.99 | lr 9.99e-04 | grad_norm 2.02e-02
2025-05-31 16:07:59,333 | INFO | Gradient norm: 0.0709
2025-05-31 16:07:59,350 | INFO | Train batch  4000/11596 | ms/batch 179.50 | loss 0.6905 | bpb  1.00 | ppl     1.99 | lr 9.99e-04 | grad_norm 7.09e-02
2025-05-31 16:08:17,282 | INFO | Gradient norm: 0.0482
2025-05-31 16:08:17,298 | INFO | Train batch  4100/11596 | ms/batch 179.50 | loss 0.6905 | bpb  1.00 | ppl     1.99 | lr 9.99e-04 | grad_norm 4.82e-02
2025-05-31 16:08:35,251 | INFO | Gradient norm: 0.0264
2025-05-31 16:08:35,267 | INFO | Train batch  4200/11596 | ms/batch 179.50 | loss 0.6905 | bpb  1.00 | ppl     1.99 | lr 9.99e-04 | grad_norm 2.64e-02
2025-05-31 16:08:53,201 | INFO | Gradient norm: 0.0171
2025-05-31 16:08:53,217 | INFO | Train batch  4300/11596 | ms/batch 179.50 | loss 0.6905 | bpb  1.00 | ppl     1.99 | lr 9.99e-04 | grad_norm 1.71e-02
2025-05-31 16:09:11,151 | INFO | Gradient norm: 0.0293
2025-05-31 16:09:11,167 | INFO | Train batch  4400/11596 | ms/batch 179.50 | loss 0.6905 | bpb  1.00 | ppl     1.99 | lr 9.99e-04 | grad_norm 2.93e-02
2025-05-31 16:09:29,099 | INFO | Gradient norm: 0.0476
2025-05-31 16:09:29,115 | INFO | Train batch  4500/11596 | ms/batch 179.50 | loss 0.6905 | bpb  1.00 | ppl     1.99 | lr 9.99e-04 | grad_norm 4.76e-02
2025-05-31 16:09:47,065 | INFO | Gradient norm: 0.0671
2025-05-31 16:09:47,081 | INFO | Train batch  4600/11596 | ms/batch 179.51 | loss 0.6905 | bpb  1.00 | ppl     1.99 | lr 9.99e-04 | grad_norm 6.71e-02
2025-05-31 16:10:05,019 | INFO | Gradient norm: 0.0255
2025-05-31 16:10:05,035 | INFO | Train batch  4700/11596 | ms/batch 179.51 | loss 0.6905 | bpb  1.00 | ppl     1.99 | lr 9.99e-04 | grad_norm 2.55e-02
2025-05-31 16:10:22,968 | INFO | Gradient norm: 0.0494
2025-05-31 16:10:22,984 | INFO | Train batch  4800/11596 | ms/batch 179.51 | loss 0.6905 | bpb  1.00 | ppl     1.99 | lr 9.99e-04 | grad_norm 4.94e-02
2025-05-31 16:10:40,918 | INFO | Gradient norm: 0.0106
2025-05-31 16:10:40,934 | INFO | Train batch  4900/11596 | ms/batch 179.51 | loss 0.6905 | bpb  1.00 | ppl     1.99 | lr 9.99e-04 | grad_norm 1.06e-02
2025-05-31 16:10:58,884 | INFO | Gradient norm: 0.0356
2025-05-31 16:10:58,900 | INFO | Train batch  5000/11596 | ms/batch 179.51 | loss 0.6905 | bpb  1.00 | ppl     1.99 | lr 9.99e-04 | grad_norm 3.56e-02
2025-05-31 16:11:16,835 | INFO | Gradient norm: 0.0459
2025-05-31 16:11:16,851 | INFO | Train batch  5100/11596 | ms/batch 179.51 | loss 0.6905 | bpb  1.00 | ppl     1.99 | lr 9.99e-04 | grad_norm 4.59e-02
2025-05-31 16:11:34,785 | INFO | Gradient norm: 0.0403
2025-05-31 16:11:34,801 | INFO | Train batch  5200/11596 | ms/batch 179.51 | loss 0.6905 | bpb  1.00 | ppl     1.99 | lr 9.99e-04 | grad_norm 4.03e-02
2025-05-31 16:11:52,734 | INFO | Gradient norm: 0.0108
2025-05-31 16:11:52,750 | INFO | Train batch  5300/11596 | ms/batch 179.51 | loss 0.6905 | bpb  1.00 | ppl     1.99 | lr 9.99e-04 | grad_norm 1.08e-02
2025-05-31 16:12:10,687 | INFO | Gradient norm: 0.0258
2025-05-31 16:12:10,704 | INFO | Train batch  5400/11596 | ms/batch 179.51 | loss 0.6905 | bpb  1.00 | ppl     1.99 | lr 9.99e-04 | grad_norm 2.58e-02
2025-05-31 16:12:28,649 | INFO | Gradient norm: 0.0797
2025-05-31 16:12:28,665 | INFO | Train batch  5500/11596 | ms/batch 179.51 | loss 0.6905 | bpb  1.00 | ppl     1.99 | lr 9.99e-04 | grad_norm 7.97e-02
2025-05-31 16:12:46,600 | INFO | Gradient norm: 0.0134
2025-05-31 16:12:46,616 | INFO | Train batch  5600/11596 | ms/batch 179.51 | loss 0.6905 | bpb  1.00 | ppl     1.99 | lr 9.99e-04 | grad_norm 1.34e-02
2025-05-31 16:13:04,549 | INFO | Gradient norm: 0.0439
2025-05-31 16:13:04,565 | INFO | Train batch  5700/11596 | ms/batch 179.51 | loss 0.6905 | bpb  1.00 | ppl     1.99 | lr 9.99e-04 | grad_norm 4.39e-02
2025-05-31 16:13:22,498 | INFO | Gradient norm: 0.0155
2025-05-31 16:13:22,514 | INFO | Train batch  5800/11596 | ms/batch 179.51 | loss 0.6905 | bpb  1.00 | ppl     1.99 | lr 9.99e-04 | grad_norm 1.55e-02
2025-05-31 16:13:40,464 | INFO | Gradient norm: 0.0239
2025-05-31 16:13:40,480 | INFO | Train batch  5900/11596 | ms/batch 179.51 | loss 0.6905 | bpb  1.00 | ppl     1.99 | lr 9.99e-04 | grad_norm 2.39e-02
2025-05-31 16:13:58,413 | INFO | Gradient norm: 0.0126
2025-05-31 16:13:58,429 | INFO | Train batch  6000/11596 | ms/batch 179.51 | loss 0.6905 | bpb  1.00 | ppl     1.99 | lr 9.99e-04 | grad_norm 1.26e-02
2025-05-31 16:14:16,361 | INFO | Gradient norm: 0.0514
2025-05-31 16:14:16,378 | INFO | Train batch  6100/11596 | ms/batch 179.51 | loss 0.6905 | bpb  1.00 | ppl     1.99 | lr 9.99e-04 | grad_norm 5.14e-02
2025-05-31 16:14:34,310 | INFO | Gradient norm: 0.0165
2025-05-31 16:14:34,326 | INFO | Train batch  6200/11596 | ms/batch 179.51 | loss 0.6905 | bpb  1.00 | ppl     1.99 | lr 9.99e-04 | grad_norm 1.65e-02
2025-05-31 16:14:52,276 | INFO | Gradient norm: 0.0243
2025-05-31 16:14:52,293 | INFO | Train batch  6300/11596 | ms/batch 179.51 | loss 0.6905 | bpb  1.00 | ppl     1.99 | lr 9.99e-04 | grad_norm 2.43e-02
2025-05-31 16:15:10,226 | INFO | Gradient norm: 0.0141
2025-05-31 16:15:10,242 | INFO | Train batch  6400/11596 | ms/batch 179.51 | loss 0.6905 | bpb  1.00 | ppl     1.99 | lr 9.99e-04 | grad_norm 1.41e-02
2025-05-31 16:15:28,175 | INFO | Gradient norm: 0.0102
2025-05-31 16:15:28,191 | INFO | Train batch  6500/11596 | ms/batch 179.51 | loss 0.6905 | bpb  1.00 | ppl     1.99 | lr 9.99e-04 | grad_norm 1.02e-02
2025-05-31 16:15:46,125 | INFO | Gradient norm: 0.0096
2025-05-31 16:15:46,142 | INFO | Train batch  6600/11596 | ms/batch 179.51 | loss 0.6905 | bpb  1.00 | ppl     1.99 | lr 9.99e-04 | grad_norm 9.61e-03
2025-05-31 16:16:04,091 | INFO | Gradient norm: 0.0572
2025-05-31 16:16:04,107 | INFO | Train batch  6700/11596 | ms/batch 179.52 | loss 0.6905 | bpb  1.00 | ppl     1.99 | lr 9.99e-04 | grad_norm 5.72e-02
2025-05-31 16:16:22,039 | INFO | Gradient norm: 0.0458
2025-05-31 16:16:22,055 | INFO | Train batch  6800/11596 | ms/batch 179.52 | loss 0.6905 | bpb  1.00 | ppl     1.99 | lr 9.99e-04 | grad_norm 4.58e-02
2025-05-31 16:16:39,988 | INFO | Gradient norm: 0.0137
2025-05-31 16:16:40,005 | INFO | Train batch  6900/11596 | ms/batch 179.52 | loss 0.6905 | bpb  1.00 | ppl     1.99 | lr 9.99e-04 | grad_norm 1.37e-02
2025-05-31 16:16:57,938 | INFO | Gradient norm: 0.0453
2025-05-31 16:16:57,954 | INFO | Train batch  7000/11596 | ms/batch 179.51 | loss 0.6905 | bpb  1.00 | ppl     1.99 | lr 9.99e-04 | grad_norm 4.53e-02
2025-05-31 16:17:15,905 | INFO | Gradient norm: 0.0119
2025-05-31 16:17:15,921 | INFO | Train batch  7100/11596 | ms/batch 179.52 | loss 0.6905 | bpb  1.00 | ppl     1.99 | lr 9.99e-04 | grad_norm 1.19e-02
2025-05-31 16:17:33,854 | INFO | Gradient norm: 0.0220
2025-05-31 16:17:33,871 | INFO | Train batch  7200/11596 | ms/batch 179.52 | loss 0.6905 | bpb  1.00 | ppl     1.99 | lr 9.99e-04 | grad_norm 2.20e-02
2025-05-31 16:17:51,803 | INFO | Gradient norm: 0.0426
2025-05-31 16:17:51,819 | INFO | Train batch  7300/11596 | ms/batch 179.52 | loss 0.6905 | bpb  1.00 | ppl     1.99 | lr 9.99e-04 | grad_norm 4.26e-02
2025-05-31 16:18:09,753 | INFO | Gradient norm: 0.0479
2025-05-31 16:18:09,769 | INFO | Train batch  7400/11596 | ms/batch 179.52 | loss 0.6905 | bpb  1.00 | ppl     1.99 | lr 9.99e-04 | grad_norm 4.79e-02
2025-05-31 16:18:27,702 | INFO | Gradient norm: 0.0469
2025-05-31 16:18:27,719 | INFO | Train batch  7500/11596 | ms/batch 179.52 | loss 0.6905 | bpb  1.00 | ppl     1.99 | lr 9.99e-04 | grad_norm 4.69e-02
2025-05-31 16:18:45,669 | INFO | Gradient norm: 0.0647
2025-05-31 16:18:45,685 | INFO | Train batch  7600/11596 | ms/batch 179.52 | loss 0.6905 | bpb  1.00 | ppl     1.99 | lr 9.99e-04 | grad_norm 6.47e-02
2025-05-31 16:19:03,619 | INFO | Gradient norm: 0.0298
2025-05-31 16:19:03,635 | INFO | Train batch  7700/11596 | ms/batch 179.52 | loss 0.6905 | bpb  1.00 | ppl     1.99 | lr 9.99e-04 | grad_norm 2.98e-02
2025-05-31 16:19:21,569 | INFO | Gradient norm: 0.0336
2025-05-31 16:19:21,585 | INFO | Train batch  7800/11596 | ms/batch 179.52 | loss 0.6905 | bpb  1.00 | ppl     1.99 | lr 9.99e-04 | grad_norm 3.36e-02
2025-05-31 16:19:39,520 | INFO | Gradient norm: 0.0338
2025-05-31 16:19:39,537 | INFO | Train batch  7900/11596 | ms/batch 179.52 | loss 0.6906 | bpb  1.00 | ppl     1.99 | lr 9.99e-04 | grad_norm 3.38e-02
2025-05-31 16:19:57,495 | INFO | Gradient norm: 0.0286
2025-05-31 16:19:57,511 | INFO | Train batch  8000/11596 | ms/batch 179.52 | loss 0.6906 | bpb  1.00 | ppl     1.99 | lr 9.99e-04 | grad_norm 2.86e-02
2025-05-31 16:20:15,446 | INFO | Gradient norm: 0.0097
2025-05-31 16:20:15,462 | INFO | Train batch  8100/11596 | ms/batch 179.52 | loss 0.6906 | bpb  1.00 | ppl     1.99 | lr 9.99e-04 | grad_norm 9.70e-03
2025-05-31 16:20:33,396 | INFO | Gradient norm: 0.0101
2025-05-31 16:20:33,412 | INFO | Train batch  8200/11596 | ms/batch 179.52 | loss 0.6906 | bpb  1.00 | ppl     1.99 | lr 9.99e-04 | grad_norm 1.01e-02
2025-05-31 16:20:51,346 | INFO | Gradient norm: 0.0126
2025-05-31 16:20:51,362 | INFO | Train batch  8300/11596 | ms/batch 179.52 | loss 0.6906 | bpb  1.00 | ppl     1.99 | lr 9.99e-04 | grad_norm 1.26e-02
2025-05-31 16:21:09,312 | INFO | Gradient norm: 0.0163
2025-05-31 16:21:09,329 | INFO | Train batch  8400/11596 | ms/batch 179.52 | loss 0.6906 | bpb  1.00 | ppl     1.99 | lr 9.99e-04 | grad_norm 1.63e-02
2025-05-31 16:21:27,263 | INFO | Gradient norm: 0.0349
2025-05-31 16:21:27,279 | INFO | Train batch  8500/11596 | ms/batch 179.52 | loss 0.6906 | bpb  1.00 | ppl     1.99 | lr 9.99e-04 | grad_norm 3.49e-02
2025-05-31 16:21:45,212 | INFO | Gradient norm: 0.0567
2025-05-31 16:21:45,228 | INFO | Train batch  8600/11596 | ms/batch 179.52 | loss 0.6906 | bpb  1.00 | ppl     1.99 | lr 9.99e-04 | grad_norm 5.67e-02
2025-05-31 16:22:03,163 | INFO | Gradient norm: 0.0088
2025-05-31 16:22:03,179 | INFO | Train batch  8700/11596 | ms/batch 179.52 | loss 0.6906 | bpb  1.00 | ppl     1.99 | lr 9.99e-04 | grad_norm 8.77e-03
2025-05-31 16:22:21,118 | INFO | Gradient norm: 0.0265
2025-05-31 16:22:21,135 | INFO | Train batch  8800/11596 | ms/batch 179.52 | loss 0.6906 | bpb  1.00 | ppl     1.99 | lr 9.99e-04 | grad_norm 2.65e-02
2025-05-31 16:22:39,081 | INFO | Gradient norm: 0.0328
2025-05-31 16:22:39,097 | INFO | Train batch  8900/11596 | ms/batch 179.52 | loss 0.6906 | bpb  1.00 | ppl     1.99 | lr 9.99e-04 | grad_norm 3.28e-02
2025-05-31 16:22:57,031 | INFO | Gradient norm: 0.0176
2025-05-31 16:22:57,047 | INFO | Train batch  9000/11596 | ms/batch 179.52 | loss 0.6906 | bpb  1.00 | ppl     1.99 | lr 9.99e-04 | grad_norm 1.76e-02
2025-05-31 16:23:14,981 | INFO | Gradient norm: 0.0290
2025-05-31 16:23:14,997 | INFO | Train batch  9100/11596 | ms/batch 179.52 | loss 0.6906 | bpb  1.00 | ppl     1.99 | lr 9.99e-04 | grad_norm 2.90e-02
2025-05-31 16:23:32,932 | INFO | Gradient norm: 0.0306
2025-05-31 16:23:32,948 | INFO | Train batch  9200/11596 | ms/batch 179.52 | loss 0.6906 | bpb  1.00 | ppl     1.99 | lr 9.99e-04 | grad_norm 3.06e-02
2025-05-31 16:23:50,899 | INFO | Gradient norm: 0.0113
2025-05-31 16:23:50,915 | INFO | Train batch  9300/11596 | ms/batch 179.52 | loss 0.6906 | bpb  1.00 | ppl     1.99 | lr 9.99e-04 | grad_norm 1.13e-02
2025-05-31 16:24:08,848 | INFO | Gradient norm: 0.0246
2025-05-31 16:24:08,865 | INFO | Train batch  9400/11596 | ms/batch 179.52 | loss 0.6906 | bpb  1.00 | ppl     1.99 | lr 9.99e-04 | grad_norm 2.46e-02
2025-05-31 16:24:26,798 | INFO | Gradient norm: 0.0100
2025-05-31 16:24:26,815 | INFO | Train batch  9500/11596 | ms/batch 179.52 | loss 0.6906 | bpb  1.00 | ppl     1.99 | lr 9.99e-04 | grad_norm 1.00e-02
2025-05-31 16:24:44,750 | INFO | Gradient norm: 0.0507
2025-05-31 16:24:44,766 | INFO | Train batch  9600/11596 | ms/batch 179.52 | loss 0.6906 | bpb  1.00 | ppl     1.99 | lr 9.99e-04 | grad_norm 5.07e-02
2025-05-31 16:25:02,725 | INFO | Gradient norm: 0.0101
2025-05-31 16:25:02,741 | INFO | Train batch  9700/11596 | ms/batch 179.52 | loss 0.6906 | bpb  1.00 | ppl     1.99 | lr 9.99e-04 | grad_norm 1.01e-02
2025-05-31 16:25:20,674 | INFO | Gradient norm: 0.0320
2025-05-31 16:25:20,691 | INFO | Train batch  9800/11596 | ms/batch 179.52 | loss 0.6906 | bpb  1.00 | ppl     1.99 | lr 9.99e-04 | grad_norm 3.20e-02
2025-05-31 16:25:38,624 | INFO | Gradient norm: 0.0318
2025-05-31 16:25:38,640 | INFO | Train batch  9900/11596 | ms/batch 179.52 | loss 0.6906 | bpb  1.00 | ppl     1.99 | lr 9.99e-04 | grad_norm 3.18e-02
2025-05-31 16:25:56,576 | INFO | Gradient norm: 0.0133
2025-05-31 16:25:56,592 | INFO | Train batch 10000/11596 | ms/batch 179.52 | loss 0.6906 | bpb  1.00 | ppl     1.99 | lr 9.99e-04 | grad_norm 1.33e-02
2025-05-31 16:26:14,545 | INFO | Gradient norm: 0.0201
2025-05-31 16:26:14,561 | INFO | Train batch 10100/11596 | ms/batch 179.53 | loss 0.6906 | bpb  1.00 | ppl     1.99 | lr 9.99e-04 | grad_norm 2.01e-02
2025-05-31 16:26:32,496 | INFO | Gradient norm: 0.0261
2025-05-31 16:26:32,512 | INFO | Train batch 10200/11596 | ms/batch 179.53 | loss 0.6906 | bpb  1.00 | ppl     1.99 | lr 9.99e-04 | grad_norm 2.61e-02
2025-05-31 16:26:50,447 | INFO | Gradient norm: 0.0199
2025-05-31 16:26:50,463 | INFO | Train batch 10300/11596 | ms/batch 179.53 | loss 0.6906 | bpb  1.00 | ppl     1.99 | lr 9.99e-04 | grad_norm 1.99e-02
2025-05-31 16:27:08,397 | INFO | Gradient norm: 0.0121
2025-05-31 16:27:08,413 | INFO | Train batch 10400/11596 | ms/batch 179.53 | loss 0.6906 | bpb  1.00 | ppl     1.99 | lr 9.99e-04 | grad_norm 1.21e-02
2025-05-31 16:27:26,363 | INFO | Gradient norm: 0.0179
2025-05-31 16:27:26,379 | INFO | Train batch 10500/11596 | ms/batch 179.53 | loss 0.6906 | bpb  1.00 | ppl     1.99 | lr 9.99e-04 | grad_norm 1.79e-02
2025-05-31 16:27:44,313 | INFO | Gradient norm: 0.0293
2025-05-31 16:27:44,329 | INFO | Train batch 10600/11596 | ms/batch 179.53 | loss 0.6906 | bpb  1.00 | ppl     1.99 | lr 9.99e-04 | grad_norm 2.93e-02
2025-05-31 16:28:02,264 | INFO | Gradient norm: 0.0204
2025-05-31 16:28:02,280 | INFO | Train batch 10700/11596 | ms/batch 179.53 | loss 0.6906 | bpb  1.00 | ppl     1.99 | lr 9.99e-04 | grad_norm 2.04e-02
2025-05-31 16:28:20,214 | INFO | Gradient norm: 0.0155
2025-05-31 16:28:20,231 | INFO | Train batch 10800/11596 | ms/batch 179.53 | loss 0.6906 | bpb  1.00 | ppl     1.99 | lr 9.99e-04 | grad_norm 1.55e-02
2025-05-31 16:28:38,182 | INFO | Gradient norm: 0.0726
2025-05-31 16:28:38,198 | INFO | Train batch 10900/11596 | ms/batch 179.53 | loss 0.6906 | bpb  1.00 | ppl     1.99 | lr 9.99e-04 | grad_norm 7.26e-02
2025-05-31 16:28:56,133 | INFO | Gradient norm: 0.0107
2025-05-31 16:28:56,150 | INFO | Train batch 11000/11596 | ms/batch 179.53 | loss 0.6906 | bpb  1.00 | ppl     1.99 | lr 9.99e-04 | grad_norm 1.07e-02
2025-05-31 16:29:14,085 | INFO | Gradient norm: 0.0273
2025-05-31 16:29:14,101 | INFO | Train batch 11100/11596 | ms/batch 179.53 | loss 0.6906 | bpb  1.00 | ppl     1.99 | lr 9.99e-04 | grad_norm 2.73e-02
2025-05-31 16:29:32,034 | INFO | Gradient norm: 0.0144
2025-05-31 16:29:32,050 | INFO | Train batch 11200/11596 | ms/batch 179.53 | loss 0.6906 | bpb  1.00 | ppl     1.99 | lr 9.99e-04 | grad_norm 1.44e-02
2025-05-31 16:29:50,002 | INFO | Gradient norm: 0.0429
2025-05-31 16:29:50,018 | INFO | Train batch 11300/11596 | ms/batch 179.53 | loss 0.6906 | bpb  1.00 | ppl     1.99 | lr 9.99e-04 | grad_norm 4.29e-02
2025-05-31 16:30:07,958 | INFO | Gradient norm: 0.0300
2025-05-31 16:30:07,974 | INFO | Train batch 11400/11596 | ms/batch 179.53 | loss 0.6906 | bpb  1.00 | ppl     1.99 | lr 9.99e-04 | grad_norm 3.00e-02
2025-05-31 16:30:25,907 | INFO | Gradient norm: 0.0187
2025-05-31 16:30:25,923 | INFO | Train batch 11500/11596 | ms/batch 179.53 | loss 0.6906 | bpb  1.00 | ppl     1.99 | lr 9.99e-04 | grad_norm 1.87e-02
2025-05-31 16:30:43,074 | INFO | Validation batch     0/  610 | loss 0.4795 | bpb  0.69 | ppl     1.62
2025-05-31 16:30:48,964 | INFO | Validation batch   100/  610 | loss 0.4803 | bpb  0.69 | ppl     1.62
2025-05-31 16:30:54,862 | INFO | Validation batch   200/  610 | loss 0.4804 | bpb  0.69 | ppl     1.62
2025-05-31 16:31:00,763 | INFO | Validation batch   300/  610 | loss 0.4804 | bpb  0.69 | ppl     1.62
2025-05-31 16:31:06,669 | INFO | Validation batch   400/  610 | loss 0.4804 | bpb  0.69 | ppl     1.62
2025-05-31 16:31:12,588 | INFO | Validation batch   500/  610 | loss 0.4804 | bpb  0.69 | ppl     1.62
2025-05-31 16:31:18,515 | INFO | Validation batch   600/  610 | loss 0.4804 | bpb  0.69 | ppl     1.62
2025-05-31 16:31:19,049 | INFO | Epoch   4 | time: 2117.88s | train loss 0.6906 | train bpb  1.00 | train ppl     1.99 | valid loss 0.4804 | valid bpb  0.69 | valid ppl     1.62 | lr 9.99e-04
2025-05-31 16:31:19,049 | INFO | Validation bpb did not improve by 0.0050. Best: 0.6948 at epoch 0. Patience: 4/5
2025-05-31 16:31:19,134 | INFO | Input shape: torch.Size([16, 511]), Target shape: torch.Size([16, 511])
2025-05-31 16:31:19,134 | INFO | Input range: [10, 125]
2025-05-31 16:31:19,134 | INFO | Target range: [10, 125]
2025-05-31 16:31:19,182 | INFO | Output shape: torch.Size([8176, 256]), Reshaped target shape: torch.Size([8176])
2025-05-31 16:31:19,184 | INFO | Output logits range: [-7.02734375, 9.546875]
2025-05-31 16:31:19,184 | INFO | Sample probabilities: max=0.954534649848938, min=0.00013351062079891562
2025-05-31 16:31:19,185 | INFO | Raw loss value: 0.6882836222648621
2025-05-31 16:31:19,185 | INFO | Batch 0 loss stats - Mean: -0.4651, Std: 0.9541
2025-05-31 16:31:19,302 | INFO | Gradient norm: 0.0186
2025-05-31 16:31:19,319 | INFO | Train batch     0/11596 | ms/batch 185.08 | loss 0.6883 | bpb  0.99 | ppl     1.99 | lr 9.99e-04 | grad_norm 1.86e-02
2025-05-31 16:31:37,283 | INFO | Gradient norm: 0.0218
2025-05-31 16:31:37,299 | INFO | Train batch   100/11596 | ms/batch 179.86 | loss 0.6908 | bpb  1.00 | ppl     2.00 | lr 9.99e-04 | grad_norm 2.18e-02
2025-05-31 16:31:55,264 | INFO | Gradient norm: 0.0510
2025-05-31 16:31:55,280 | INFO | Train batch   200/11596 | ms/batch 179.83 | loss 0.6906 | bpb  1.00 | ppl     1.99 | lr 9.99e-04 | grad_norm 5.10e-02
2025-05-31 16:32:13,214 | INFO | Gradient norm: 0.0604
2025-05-31 16:32:13,231 | INFO | Train batch   300/11596 | ms/batch 179.72 | loss 0.6906 | bpb  1.00 | ppl     1.99 | lr 9.99e-04 | grad_norm 6.04e-02
2025-05-31 16:32:31,165 | INFO | Gradient norm: 0.0152
2025-05-31 16:32:31,181 | INFO | Train batch   400/11596 | ms/batch 179.67 | loss 0.6906 | bpb  1.00 | ppl     1.99 | lr 9.99e-04 | grad_norm 1.52e-02
2025-05-31 16:32:49,113 | INFO | Gradient norm: 0.0117
2025-05-31 16:32:49,129 | INFO | Train batch   500/11596 | ms/batch 179.63 | loss 0.6906 | bpb  1.00 | ppl     1.99 | lr 9.99e-04 | grad_norm 1.17e-02
2025-05-31 16:33:07,078 | INFO | Gradient norm: 0.0265
2025-05-31 16:33:07,094 | INFO | Train batch   600/11596 | ms/batch 179.64 | loss 0.6906 | bpb  1.00 | ppl     1.99 | lr 9.99e-04 | grad_norm 2.65e-02
2025-05-31 16:33:25,024 | INFO | Gradient norm: 0.0809
2025-05-31 16:33:25,040 | INFO | Train batch   700/11596 | ms/batch 179.61 | loss 0.6905 | bpb  1.00 | ppl     1.99 | lr 9.99e-04 | grad_norm 8.09e-02
2025-05-31 16:33:42,970 | INFO | Gradient norm: 0.0161
2025-05-31 16:33:42,986 | INFO | Train batch   800/11596 | ms/batch 179.59 | loss 0.6906 | bpb  1.00 | ppl     1.99 | lr 9.99e-04 | grad_norm 1.61e-02
2025-05-31 16:34:00,918 | INFO | Gradient norm: 0.0274
2025-05-31 16:34:00,935 | INFO | Train batch   900/11596 | ms/batch 179.58 | loss 0.6906 | bpb  1.00 | ppl     1.99 | lr 9.99e-04 | grad_norm 2.74e-02
2025-05-31 16:34:18,881 | INFO | Gradient norm: 0.0818
2025-05-31 16:34:18,897 | INFO | Train batch  1000/11596 | ms/batch 179.58 | loss 0.6906 | bpb  1.00 | ppl     1.99 | lr 9.99e-04 | grad_norm 8.18e-02
2025-05-31 16:34:36,826 | INFO | Gradient norm: 0.0104
2025-05-31 16:34:36,842 | INFO | Train batch  1100/11596 | ms/batch 179.57 | loss 0.6906 | bpb  1.00 | ppl     1.99 | lr 9.99e-04 | grad_norm 1.04e-02
2025-05-31 16:34:54,773 | INFO | Gradient norm: 0.0229
2025-05-31 16:34:54,789 | INFO | Train batch  1200/11596 | ms/batch 179.56 | loss 0.6906 | bpb  1.00 | ppl     1.99 | lr 9.99e-04 | grad_norm 2.29e-02
2025-05-31 16:35:12,720 | INFO | Gradient norm: 0.0233
2025-05-31 16:35:12,736 | INFO | Train batch  1300/11596 | ms/batch 179.56 | loss 0.6906 | bpb  1.00 | ppl     1.99 | lr 9.99e-04 | grad_norm 2.33e-02
2025-05-31 16:35:30,683 | INFO | Gradient norm: 0.0118
2025-05-31 16:35:30,699 | INFO | Train batch  1400/11596 | ms/batch 179.56 | loss 0.6906 | bpb  1.00 | ppl     1.99 | lr 9.99e-04 | grad_norm 1.18e-02
2025-05-31 16:35:48,630 | INFO | Gradient norm: 0.0285
2025-05-31 16:35:48,647 | INFO | Train batch  1500/11596 | ms/batch 179.56 | loss 0.6906 | bpb  1.00 | ppl     1.99 | lr 9.99e-04 | grad_norm 2.85e-02
2025-05-31 16:36:06,577 | INFO | Gradient norm: 0.0443
2025-05-31 16:36:06,594 | INFO | Train batch  1600/11596 | ms/batch 179.55 | loss 0.6906 | bpb  1.00 | ppl     1.99 | lr 9.99e-04 | grad_norm 4.43e-02
2025-05-31 16:36:24,524 | INFO | Gradient norm: 0.0406
2025-05-31 16:36:24,540 | INFO | Train batch  1700/11596 | ms/batch 179.55 | loss 0.6906 | bpb  1.00 | ppl     1.99 | lr 9.99e-04 | grad_norm 4.06e-02
2025-05-31 16:36:42,491 | INFO | Gradient norm: 0.0132
2025-05-31 16:36:42,508 | INFO | Train batch  1800/11596 | ms/batch 179.55 | loss 0.6906 | bpb  1.00 | ppl     1.99 | lr 9.99e-04 | grad_norm 1.32e-02
2025-05-31 16:37:00,441 | INFO | Gradient norm: 0.0340
2025-05-31 16:37:00,457 | INFO | Train batch  1900/11596 | ms/batch 179.55 | loss 0.6906 | bpb  1.00 | ppl     1.99 | lr 9.99e-04 | grad_norm 3.40e-02
2025-05-31 16:37:18,392 | INFO | Gradient norm: 0.0431
2025-05-31 16:37:18,408 | INFO | Train batch  2000/11596 | ms/batch 179.55 | loss 0.6906 | bpb  1.00 | ppl     1.99 | lr 9.99e-04 | grad_norm 4.31e-02
2025-05-31 16:37:36,342 | INFO | Gradient norm: 0.0211
2025-05-31 16:37:36,359 | INFO | Train batch  2100/11596 | ms/batch 179.55 | loss 0.6906 | bpb  1.00 | ppl     1.99 | lr 9.99e-04 | grad_norm 2.11e-02
2025-05-31 16:37:54,300 | INFO | Gradient norm: 0.0166
2025-05-31 16:37:54,316 | INFO | Train batch  2200/11596 | ms/batch 179.55 | loss 0.6906 | bpb  1.00 | ppl     1.99 | lr 9.99e-04 | grad_norm 1.66e-02
2025-05-31 16:38:12,265 | INFO | Gradient norm: 0.0090
2025-05-31 16:38:12,281 | INFO | Train batch  2300/11596 | ms/batch 179.55 | loss 0.6906 | bpb  1.00 | ppl     1.99 | lr 9.99e-04 | grad_norm 9.00e-03
2025-05-31 16:38:30,216 | INFO | Gradient norm: 0.0506
2025-05-31 16:38:30,232 | INFO | Train batch  2400/11596 | ms/batch 179.55 | loss 0.6906 | bpb  1.00 | ppl     1.99 | lr 9.99e-04 | grad_norm 5.06e-02
2025-05-31 16:38:48,167 | INFO | Gradient norm: 0.0159
2025-05-31 16:38:48,183 | INFO | Train batch  2500/11596 | ms/batch 179.55 | loss 0.6906 | bpb  1.00 | ppl     1.99 | lr 9.99e-04 | grad_norm 1.59e-02
2025-05-31 16:39:06,125 | INFO | Gradient norm: 0.0133
2025-05-31 16:39:06,141 | INFO | Train batch  2600/11596 | ms/batch 179.55 | loss 0.6905 | bpb  1.00 | ppl     1.99 | lr 9.99e-04 | grad_norm 1.33e-02
2025-05-31 16:39:24,088 | INFO | Gradient norm: 0.0233
2025-05-31 16:39:24,104 | INFO | Train batch  2700/11596 | ms/batch 179.55 | loss 0.6905 | bpb  1.00 | ppl     1.99 | lr 9.99e-04 | grad_norm 2.33e-02
2025-05-31 16:39:42,040 | INFO | Gradient norm: 0.0339
2025-05-31 16:39:42,056 | INFO | Train batch  2800/11596 | ms/batch 179.55 | loss 0.6905 | bpb  1.00 | ppl     1.99 | lr 9.99e-04 | grad_norm 3.39e-02
2025-05-31 16:39:59,992 | INFO | Gradient norm: 0.0205
2025-05-31 16:40:00,008 | INFO | Train batch  2900/11596 | ms/batch 179.55 | loss 0.6905 | bpb  1.00 | ppl     1.99 | lr 9.99e-04 | grad_norm 2.05e-02
2025-05-31 16:40:17,946 | INFO | Gradient norm: 0.0198
2025-05-31 16:40:17,962 | INFO | Train batch  3000/11596 | ms/batch 179.55 | loss 0.6905 | bpb  1.00 | ppl     1.99 | lr 9.99e-04 | grad_norm 1.98e-02
2025-05-31 16:40:35,915 | INFO | Gradient norm: 0.0168
2025-05-31 16:40:35,931 | INFO | Train batch  3100/11596 | ms/batch 179.55 | loss 0.6905 | bpb  1.00 | ppl     1.99 | lr 9.98e-04 | grad_norm 1.68e-02
2025-05-31 16:40:53,866 | INFO | Gradient norm: 0.0117
2025-05-31 16:40:53,882 | INFO | Train batch  3200/11596 | ms/batch 179.55 | loss 0.6905 | bpb  1.00 | ppl     1.99 | lr 9.98e-04 | grad_norm 1.17e-02
2025-05-31 16:41:11,814 | INFO | Gradient norm: 0.0399
2025-05-31 16:41:11,831 | INFO | Train batch  3300/11596 | ms/batch 179.55 | loss 0.6905 | bpb  1.00 | ppl     1.99 | lr 9.98e-04 | grad_norm 3.99e-02
2025-05-31 16:41:29,765 | INFO | Gradient norm: 0.0218
2025-05-31 16:41:29,781 | INFO | Train batch  3400/11596 | ms/batch 179.55 | loss 0.6905 | bpb  1.00 | ppl     1.99 | lr 9.98e-04 | grad_norm 2.18e-02
2025-05-31 16:41:47,732 | INFO | Gradient norm: 0.0124
2025-05-31 16:41:47,748 | INFO | Train batch  3500/11596 | ms/batch 179.55 | loss 0.6905 | bpb  1.00 | ppl     1.99 | lr 9.98e-04 | grad_norm 1.24e-02
2025-05-31 16:42:05,682 | INFO | Gradient norm: 0.0084
2025-05-31 16:42:05,699 | INFO | Train batch  3600/11596 | ms/batch 179.55 | loss 0.6905 | bpb  1.00 | ppl     1.99 | lr 9.98e-04 | grad_norm 8.44e-03
2025-05-31 16:42:23,633 | INFO | Gradient norm: 0.0122
2025-05-31 16:42:23,649 | INFO | Train batch  3700/11596 | ms/batch 179.55 | loss 0.6905 | bpb  1.00 | ppl     1.99 | lr 9.98e-04 | grad_norm 1.22e-02
2025-05-31 16:42:41,582 | INFO | Gradient norm: 0.0491
2025-05-31 16:42:41,599 | INFO | Train batch  3800/11596 | ms/batch 179.55 | loss 0.6905 | bpb  1.00 | ppl     1.99 | lr 9.98e-04 | grad_norm 4.91e-02
2025-05-31 16:42:59,549 | INFO | Gradient norm: 0.0091
2025-05-31 16:42:59,566 | INFO | Train batch  3900/11596 | ms/batch 179.55 | loss 0.6905 | bpb  1.00 | ppl     1.99 | lr 9.98e-04 | grad_norm 9.07e-03
2025-05-31 16:43:17,500 | INFO | Gradient norm: 0.0264
2025-05-31 16:43:17,517 | INFO | Train batch  4000/11596 | ms/batch 179.55 | loss 0.6905 | bpb  1.00 | ppl     1.99 | lr 9.98e-04 | grad_norm 2.64e-02
2025-05-31 16:43:35,450 | INFO | Gradient norm: 0.0320
2025-05-31 16:43:35,466 | INFO | Train batch  4100/11596 | ms/batch 179.55 | loss 0.6905 | bpb  1.00 | ppl     1.99 | lr 9.98e-04 | grad_norm 3.20e-02
2025-05-31 16:43:53,400 | INFO | Gradient norm: 0.0502
2025-05-31 16:43:53,417 | INFO | Train batch  4200/11596 | ms/batch 179.55 | loss 0.6905 | bpb  1.00 | ppl     1.99 | lr 9.98e-04 | grad_norm 5.02e-02
2025-05-31 16:44:11,371 | INFO | Gradient norm: 0.0097
2025-05-31 16:44:11,387 | INFO | Train batch  4300/11596 | ms/batch 179.55 | loss 0.6905 | bpb  1.00 | ppl     1.99 | lr 9.98e-04 | grad_norm 9.74e-03
2025-05-31 16:44:29,323 | INFO | Gradient norm: 0.0161
2025-05-31 16:44:29,339 | INFO | Train batch  4400/11596 | ms/batch 179.55 | loss 0.6905 | bpb  1.00 | ppl     1.99 | lr 9.98e-04 | grad_norm 1.61e-02
2025-05-31 16:44:47,274 | INFO | Gradient norm: 0.0203
2025-05-31 16:44:47,290 | INFO | Train batch  4500/11596 | ms/batch 179.55 | loss 0.6905 | bpb  1.00 | ppl     1.99 | lr 9.98e-04 | grad_norm 2.03e-02
2025-05-31 16:45:05,226 | INFO | Gradient norm: 0.0090
2025-05-31 16:45:05,243 | INFO | Train batch  4600/11596 | ms/batch 179.55 | loss 0.6905 | bpb  1.00 | ppl     1.99 | lr 9.98e-04 | grad_norm 8.97e-03
2025-05-31 16:45:23,194 | INFO | Gradient norm: 0.0208
2025-05-31 16:45:23,211 | INFO | Train batch  4700/11596 | ms/batch 179.55 | loss 0.6905 | bpb  1.00 | ppl     1.99 | lr 9.98e-04 | grad_norm 2.08e-02
2025-05-31 16:45:41,147 | INFO | Gradient norm: 0.0259
2025-05-31 16:45:41,163 | INFO | Train batch  4800/11596 | ms/batch 179.55 | loss 0.6905 | bpb  1.00 | ppl     1.99 | lr 9.98e-04 | grad_norm 2.59e-02
2025-05-31 16:45:59,101 | INFO | Gradient norm: 0.0296
2025-05-31 16:45:59,117 | INFO | Train batch  4900/11596 | ms/batch 179.55 | loss 0.6905 | bpb  1.00 | ppl     1.99 | lr 9.98e-04 | grad_norm 2.96e-02
2025-05-31 16:46:17,052 | INFO | Gradient norm: 0.0409
2025-05-31 16:46:17,068 | INFO | Train batch  5000/11596 | ms/batch 179.55 | loss 0.6905 | bpb  1.00 | ppl     1.99 | lr 9.98e-04 | grad_norm 4.09e-02
2025-05-31 16:46:35,018 | INFO | Gradient norm: 0.0154
2025-05-31 16:46:35,035 | INFO | Train batch  5100/11596 | ms/batch 179.55 | loss 0.6905 | bpb  1.00 | ppl     1.99 | lr 9.98e-04 | grad_norm 1.54e-02
2025-05-31 16:46:52,968 | INFO | Gradient norm: 0.0664
2025-05-31 16:46:52,985 | INFO | Train batch  5200/11596 | ms/batch 179.55 | loss 0.6905 | bpb  1.00 | ppl     1.99 | lr 9.98e-04 | grad_norm 6.64e-02
2025-05-31 16:47:10,918 | INFO | Gradient norm: 0.0304
2025-05-31 16:47:10,935 | INFO | Train batch  5300/11596 | ms/batch 179.55 | loss 0.6905 | bpb  1.00 | ppl     1.99 | lr 9.98e-04 | grad_norm 3.04e-02
2025-05-31 16:47:28,871 | INFO | Gradient norm: 0.0186
2025-05-31 16:47:28,887 | INFO | Train batch  5400/11596 | ms/batch 179.55 | loss 0.6905 | bpb  1.00 | ppl     1.99 | lr 9.98e-04 | grad_norm 1.86e-02
2025-05-31 16:47:46,840 | INFO | Gradient norm: 0.0109
2025-05-31 16:47:46,856 | INFO | Train batch  5500/11596 | ms/batch 179.55 | loss 0.6905 | bpb  1.00 | ppl     1.99 | lr 9.98e-04 | grad_norm 1.09e-02
2025-05-31 16:48:04,790 | INFO | Gradient norm: 0.1476
2025-05-31 16:48:04,806 | INFO | Train batch  5600/11596 | ms/batch 179.55 | loss 0.6905 | bpb  1.00 | ppl     1.99 | lr 9.98e-04 | grad_norm 1.48e-01
2025-05-31 16:48:22,740 | INFO | Gradient norm: 0.0116
2025-05-31 16:48:22,756 | INFO | Train batch  5700/11596 | ms/batch 179.55 | loss 0.6905 | bpb  1.00 | ppl     1.99 | lr 9.98e-04 | grad_norm 1.16e-02
2025-05-31 16:48:40,690 | INFO | Gradient norm: 0.0533
2025-05-31 16:48:40,706 | INFO | Train batch  5800/11596 | ms/batch 179.55 | loss 0.6905 | bpb  1.00 | ppl     1.99 | lr 9.98e-04 | grad_norm 5.33e-02
2025-05-31 16:48:58,658 | INFO | Gradient norm: 0.0313
2025-05-31 16:48:58,674 | INFO | Train batch  5900/11596 | ms/batch 179.55 | loss 0.6905 | bpb  1.00 | ppl     1.99 | lr 9.98e-04 | grad_norm 3.13e-02
2025-05-31 16:49:16,609 | INFO | Gradient norm: 0.0113
2025-05-31 16:49:16,625 | INFO | Train batch  6000/11596 | ms/batch 179.55 | loss 0.6905 | bpb  1.00 | ppl     1.99 | lr 9.98e-04 | grad_norm 1.13e-02
2025-05-31 16:49:34,560 | INFO | Gradient norm: 0.0089
2025-05-31 16:49:34,576 | INFO | Train batch  6100/11596 | ms/batch 179.55 | loss 0.6905 | bpb  1.00 | ppl     1.99 | lr 9.98e-04 | grad_norm 8.90e-03
2025-05-31 16:49:52,511 | INFO | Gradient norm: 0.0325
2025-05-31 16:49:52,527 | INFO | Train batch  6200/11596 | ms/batch 179.55 | loss 0.6905 | bpb  1.00 | ppl     1.99 | lr 9.98e-04 | grad_norm 3.25e-02
2025-05-31 16:50:10,483 | INFO | Gradient norm: 0.0270
2025-05-31 16:50:10,499 | INFO | Train batch  6300/11596 | ms/batch 179.55 | loss 0.6905 | bpb  1.00 | ppl     1.99 | lr 9.98e-04 | grad_norm 2.70e-02
2025-05-31 16:50:28,434 | INFO | Gradient norm: 0.0293
2025-05-31 16:50:28,450 | INFO | Train batch  6400/11596 | ms/batch 179.55 | loss 0.6905 | bpb  1.00 | ppl     1.99 | lr 9.98e-04 | grad_norm 2.93e-02
2025-05-31 16:50:46,383 | INFO | Gradient norm: 0.0161
2025-05-31 16:50:46,400 | INFO | Train batch  6500/11596 | ms/batch 179.55 | loss 0.6905 | bpb  1.00 | ppl     1.99 | lr 9.98e-04 | grad_norm 1.61e-02
2025-05-31 16:51:04,334 | INFO | Gradient norm: 0.0106
2025-05-31 16:51:04,350 | INFO | Train batch  6600/11596 | ms/batch 179.55 | loss 0.6905 | bpb  1.00 | ppl     1.99 | lr 9.98e-04 | grad_norm 1.06e-02
2025-05-31 16:51:22,301 | INFO | Gradient norm: 0.0241
2025-05-31 16:51:22,318 | INFO | Train batch  6700/11596 | ms/batch 179.55 | loss 0.6905 | bpb  1.00 | ppl     1.99 | lr 9.98e-04 | grad_norm 2.41e-02
2025-05-31 16:51:40,252 | INFO | Gradient norm: 0.0176
2025-05-31 16:51:40,269 | INFO | Train batch  6800/11596 | ms/batch 179.55 | loss 0.6905 | bpb  1.00 | ppl     1.99 | lr 9.98e-04 | grad_norm 1.76e-02
2025-05-31 16:51:58,204 | INFO | Gradient norm: 0.0324
2025-05-31 16:51:58,220 | INFO | Train batch  6900/11596 | ms/batch 179.55 | loss 0.6905 | bpb  1.00 | ppl     1.99 | lr 9.98e-04 | grad_norm 3.24e-02
2025-05-31 16:52:16,157 | INFO | Gradient norm: 0.0500
2025-05-31 16:52:16,173 | INFO | Train batch  7000/11596 | ms/batch 179.55 | loss 0.6905 | bpb  1.00 | ppl     1.99 | lr 9.98e-04 | grad_norm 5.00e-02
2025-05-31 16:52:34,125 | INFO | Gradient norm: 0.0563
2025-05-31 16:52:34,141 | INFO | Train batch  7100/11596 | ms/batch 179.55 | loss 0.6905 | bpb  1.00 | ppl     1.99 | lr 9.98e-04 | grad_norm 5.63e-02
2025-05-31 16:52:52,076 | INFO | Gradient norm: 0.0398
2025-05-31 16:52:52,092 | INFO | Train batch  7200/11596 | ms/batch 179.55 | loss 0.6905 | bpb  1.00 | ppl     1.99 | lr 9.98e-04 | grad_norm 3.98e-02
2025-05-31 16:53:10,027 | INFO | Gradient norm: 0.0130
2025-05-31 16:53:10,043 | INFO | Train batch  7300/11596 | ms/batch 179.55 | loss 0.6905 | bpb  1.00 | ppl     1.99 | lr 9.98e-04 | grad_norm 1.30e-02
2025-05-31 16:53:27,977 | INFO | Gradient norm: 0.0237
2025-05-31 16:53:27,993 | INFO | Train batch  7400/11596 | ms/batch 179.55 | loss 0.6905 | bpb  1.00 | ppl     1.99 | lr 9.98e-04 | grad_norm 2.37e-02
2025-05-31 16:53:45,944 | INFO | Gradient norm: 0.0461
2025-05-31 16:53:45,961 | INFO | Train batch  7500/11596 | ms/batch 179.55 | loss 0.6905 | bpb  1.00 | ppl     1.99 | lr 9.98e-04 | grad_norm 4.61e-02
2025-05-31 16:54:03,896 | INFO | Gradient norm: 0.0330
2025-05-31 16:54:03,913 | INFO | Train batch  7600/11596 | ms/batch 179.55 | loss 0.6905 | bpb  1.00 | ppl     1.99 | lr 9.98e-04 | grad_norm 3.30e-02
2025-05-31 16:54:21,847 | INFO | Gradient norm: 0.0264
2025-05-31 16:54:21,863 | INFO | Train batch  7700/11596 | ms/batch 179.55 | loss 0.6905 | bpb  1.00 | ppl     1.99 | lr 9.98e-04 | grad_norm 2.64e-02
2025-05-31 16:54:39,799 | INFO | Gradient norm: 0.0148
2025-05-31 16:54:39,815 | INFO | Train batch  7800/11596 | ms/batch 179.55 | loss 0.6905 | bpb  1.00 | ppl     1.99 | lr 9.98e-04 | grad_norm 1.48e-02
2025-05-31 16:54:57,768 | INFO | Gradient norm: 0.0222
2025-05-31 16:54:57,784 | INFO | Train batch  7900/11596 | ms/batch 179.55 | loss 0.6905 | bpb  1.00 | ppl     1.99 | lr 9.98e-04 | grad_norm 2.22e-02
2025-05-31 16:55:15,723 | INFO | Gradient norm: 0.0290
2025-05-31 16:55:15,739 | INFO | Train batch  8000/11596 | ms/batch 179.55 | loss 0.6905 | bpb  1.00 | ppl     1.99 | lr 9.98e-04 | grad_norm 2.90e-02
2025-05-31 16:55:33,674 | INFO | Gradient norm: 0.0195
2025-05-31 16:55:33,690 | INFO | Train batch  8100/11596 | ms/batch 179.55 | loss 0.6905 | bpb  1.00 | ppl     1.99 | lr 9.98e-04 | grad_norm 1.95e-02
2025-05-31 16:55:51,625 | INFO | Gradient norm: 0.0334
2025-05-31 16:55:51,642 | INFO | Train batch  8200/11596 | ms/batch 179.55 | loss 0.6905 | bpb  1.00 | ppl     1.99 | lr 9.98e-04 | grad_norm 3.34e-02
2025-05-31 16:56:09,583 | INFO | Gradient norm: 0.0354
2025-05-31 16:56:09,599 | INFO | Train batch  8300/11596 | ms/batch 179.55 | loss 0.6905 | bpb  1.00 | ppl     1.99 | lr 9.98e-04 | grad_norm 3.54e-02
2025-05-31 16:56:27,545 | INFO | Gradient norm: 0.0211
2025-05-31 16:56:27,562 | INFO | Train batch  8400/11596 | ms/batch 179.55 | loss 0.6905 | bpb  1.00 | ppl     1.99 | lr 9.98e-04 | grad_norm 2.11e-02
2025-05-31 16:56:45,496 | INFO | Gradient norm: 0.0198
2025-05-31 16:56:45,513 | INFO | Train batch  8500/11596 | ms/batch 179.55 | loss 0.6905 | bpb  1.00 | ppl     1.99 | lr 9.98e-04 | grad_norm 1.98e-02
2025-05-31 16:57:03,448 | INFO | Gradient norm: 0.0353
2025-05-31 16:57:03,465 | INFO | Train batch  8600/11596 | ms/batch 179.55 | loss 0.6905 | bpb  1.00 | ppl     1.99 | lr 9.98e-04 | grad_norm 3.53e-02
2025-05-31 16:57:21,406 | INFO | Gradient norm: 0.0083
2025-05-31 16:57:21,422 | INFO | Train batch  8700/11596 | ms/batch 179.55 | loss 0.6905 | bpb  1.00 | ppl     1.99 | lr 9.98e-04 | grad_norm 8.27e-03
2025-05-31 16:57:39,370 | INFO | Gradient norm: 0.0128
2025-05-31 16:57:39,386 | INFO | Train batch  8800/11596 | ms/batch 179.55 | loss 0.6905 | bpb  1.00 | ppl     1.99 | lr 9.98e-04 | grad_norm 1.28e-02
2025-05-31 16:57:57,323 | INFO | Gradient norm: 0.0192
2025-05-31 16:57:57,339 | INFO | Train batch  8900/11596 | ms/batch 179.55 | loss 0.6905 | bpb  1.00 | ppl     1.99 | lr 9.98e-04 | grad_norm 1.92e-02
2025-05-31 16:58:15,274 | INFO | Gradient norm: 0.0133
2025-05-31 16:58:15,290 | INFO | Train batch  9000/11596 | ms/batch 179.55 | loss 0.6905 | bpb  1.00 | ppl     1.99 | lr 9.98e-04 | grad_norm 1.33e-02
2025-05-31 16:58:33,227 | INFO | Gradient norm: 0.0375
2025-05-31 16:58:33,243 | INFO | Train batch  9100/11596 | ms/batch 179.55 | loss 0.6905 | bpb  1.00 | ppl     1.99 | lr 9.98e-04 | grad_norm 3.75e-02
2025-05-31 16:58:51,196 | INFO | Gradient norm: 0.0205
2025-05-31 16:58:51,212 | INFO | Train batch  9200/11596 | ms/batch 179.55 | loss 0.6905 | bpb  1.00 | ppl     1.99 | lr 9.98e-04 | grad_norm 2.05e-02
2025-05-31 16:59:09,147 | INFO | Gradient norm: 0.0182
2025-05-31 16:59:09,163 | INFO | Train batch  9300/11596 | ms/batch 179.55 | loss 0.6905 | bpb  1.00 | ppl     1.99 | lr 9.98e-04 | grad_norm 1.82e-02
2025-05-31 16:59:27,098 | INFO | Gradient norm: 0.0257
2025-05-31 16:59:27,114 | INFO | Train batch  9400/11596 | ms/batch 179.55 | loss 0.6905 | bpb  1.00 | ppl     1.99 | lr 9.98e-04 | grad_norm 2.57e-02
2025-05-31 16:59:45,049 | INFO | Gradient norm: 0.0141
2025-05-31 16:59:45,066 | INFO | Train batch  9500/11596 | ms/batch 179.55 | loss 0.6905 | bpb  1.00 | ppl     1.99 | lr 9.98e-04 | grad_norm 1.41e-02
2025-05-31 17:00:03,024 | INFO | Gradient norm: 0.0110
2025-05-31 17:00:03,041 | INFO | Train batch  9600/11596 | ms/batch 179.55 | loss 0.6905 | bpb  1.00 | ppl     1.99 | lr 9.98e-04 | grad_norm 1.10e-02
2025-05-31 17:00:20,976 | INFO | Gradient norm: 0.0098
2025-05-31 17:00:20,992 | INFO | Train batch  9700/11596 | ms/batch 179.55 | loss 0.6905 | bpb  1.00 | ppl     1.99 | lr 9.98e-04 | grad_norm 9.83e-03
2025-05-31 17:00:38,926 | INFO | Gradient norm: 0.0586
2025-05-31 17:00:38,943 | INFO | Train batch  9800/11596 | ms/batch 179.55 | loss 0.6905 | bpb  1.00 | ppl     1.99 | lr 9.98e-04 | grad_norm 5.86e-02
2025-05-31 17:00:56,878 | INFO | Gradient norm: 0.0156
2025-05-31 17:00:56,895 | INFO | Train batch  9900/11596 | ms/batch 179.55 | loss 0.6905 | bpb  1.00 | ppl     1.99 | lr 9.98e-04 | grad_norm 1.56e-02
2025-05-31 17:01:14,848 | INFO | Gradient norm: 0.0132
2025-05-31 17:01:14,865 | INFO | Train batch 10000/11596 | ms/batch 179.56 | loss 0.6905 | bpb  1.00 | ppl     1.99 | lr 9.98e-04 | grad_norm 1.32e-02
2025-05-31 17:01:32,798 | INFO | Gradient norm: 0.0152
2025-05-31 17:01:32,815 | INFO | Train batch 10100/11596 | ms/batch 179.55 | loss 0.6905 | bpb  1.00 | ppl     1.99 | lr 9.98e-04 | grad_norm 1.52e-02
2025-05-31 17:01:50,749 | INFO | Gradient norm: 0.0116
2025-05-31 17:01:50,765 | INFO | Train batch 10200/11596 | ms/batch 179.55 | loss 0.6905 | bpb  1.00 | ppl     1.99 | lr 9.98e-04 | grad_norm 1.16e-02
2025-05-31 17:02:08,699 | INFO | Gradient norm: 0.0483
2025-05-31 17:02:08,715 | INFO | Train batch 10300/11596 | ms/batch 179.55 | loss 0.6905 | bpb  1.00 | ppl     1.99 | lr 9.98e-04 | grad_norm 4.83e-02
2025-05-31 17:02:26,669 | INFO | Gradient norm: 0.0162
2025-05-31 17:02:26,685 | INFO | Train batch 10400/11596 | ms/batch 179.56 | loss 0.6905 | bpb  1.00 | ppl     1.99 | lr 9.98e-04 | grad_norm 1.62e-02
2025-05-31 17:02:44,620 | INFO | Gradient norm: 0.0163
2025-05-31 17:02:44,636 | INFO | Train batch 10500/11596 | ms/batch 179.55 | loss 0.6905 | bpb  1.00 | ppl     1.99 | lr 9.98e-04 | grad_norm 1.63e-02
2025-05-31 17:03:02,571 | INFO | Gradient norm: 0.0166
2025-05-31 17:03:02,588 | INFO | Train batch 10600/11596 | ms/batch 179.55 | loss 0.6905 | bpb  1.00 | ppl     1.99 | lr 9.98e-04 | grad_norm 1.66e-02
2025-05-31 17:03:20,522 | INFO | Gradient norm: 0.0329
2025-05-31 17:03:20,539 | INFO | Train batch 10700/11596 | ms/batch 179.55 | loss 0.6905 | bpb  1.00 | ppl     1.99 | lr 9.98e-04 | grad_norm 3.29e-02
2025-05-31 17:03:38,493 | INFO | Gradient norm: 0.0241
2025-05-31 17:03:38,509 | INFO | Train batch 10800/11596 | ms/batch 179.56 | loss 0.6905 | bpb  1.00 | ppl     1.99 | lr 9.98e-04 | grad_norm 2.41e-02
2025-05-31 17:03:56,446 | INFO | Gradient norm: 0.0291
2025-05-31 17:03:56,462 | INFO | Train batch 10900/11596 | ms/batch 179.55 | loss 0.6905 | bpb  1.00 | ppl     1.99 | lr 9.98e-04 | grad_norm 2.91e-02
2025-05-31 17:04:14,398 | INFO | Gradient norm: 0.0113
2025-05-31 17:04:14,414 | INFO | Train batch 11000/11596 | ms/batch 179.55 | loss 0.6905 | bpb  1.00 | ppl     1.99 | lr 9.98e-04 | grad_norm 1.13e-02
2025-05-31 17:04:32,350 | INFO | Gradient norm: 0.0225
2025-05-31 17:04:32,366 | INFO | Train batch 11100/11596 | ms/batch 179.55 | loss 0.6905 | bpb  1.00 | ppl     1.99 | lr 9.98e-04 | grad_norm 2.25e-02
2025-05-31 17:04:50,318 | INFO | Gradient norm: 0.0222
2025-05-31 17:04:50,335 | INFO | Train batch 11200/11596 | ms/batch 179.56 | loss 0.6905 | bpb  1.00 | ppl     1.99 | lr 9.98e-04 | grad_norm 2.22e-02
2025-05-31 17:05:08,270 | INFO | Gradient norm: 0.0219
2025-05-31 17:05:08,286 | INFO | Train batch 11300/11596 | ms/batch 179.56 | loss 0.6905 | bpb  1.00 | ppl     1.99 | lr 9.98e-04 | grad_norm 2.19e-02
2025-05-31 17:05:26,221 | INFO | Gradient norm: 0.0191
2025-05-31 17:05:26,237 | INFO | Train batch 11400/11596 | ms/batch 179.55 | loss 0.6905 | bpb  1.00 | ppl     1.99 | lr 9.98e-04 | grad_norm 1.91e-02
2025-05-31 17:05:44,172 | INFO | Gradient norm: 0.0344
2025-05-31 17:05:44,189 | INFO | Train batch 11500/11596 | ms/batch 179.55 | loss 0.6905 | bpb  1.00 | ppl     1.99 | lr 9.98e-04 | grad_norm 3.44e-02
2025-05-31 17:06:01,361 | INFO | Validation batch     0/  610 | loss 0.4797 | bpb  0.69 | ppl     1.62
2025-05-31 17:06:07,242 | INFO | Validation batch   100/  610 | loss 0.4802 | bpb  0.69 | ppl     1.62
2025-05-31 17:06:13,136 | INFO | Validation batch   200/  610 | loss 0.4803 | bpb  0.69 | ppl     1.62
2025-05-31 17:06:19,035 | INFO | Validation batch   300/  610 | loss 0.4803 | bpb  0.69 | ppl     1.62
2025-05-31 17:06:24,943 | INFO | Validation batch   400/  610 | loss 0.4803 | bpb  0.69 | ppl     1.62
2025-05-31 17:06:30,864 | INFO | Validation batch   500/  610 | loss 0.4803 | bpb  0.69 | ppl     1.62
2025-05-31 17:06:36,790 | INFO | Validation batch   600/  610 | loss 0.4803 | bpb  0.69 | ppl     1.62
2025-05-31 17:06:37,323 | INFO | Epoch   5 | time: 2118.19s | train loss 0.6905 | train bpb  1.00 | train ppl     1.99 | valid loss 0.4803 | valid bpb  0.69 | valid ppl     1.62 | lr 9.98e-04
2025-05-31 17:06:37,324 | INFO | Validation bpb did not improve by 0.0050. Best: 0.6948 at epoch 0. Patience: 5/5
2025-05-31 17:06:37,324 | INFO | Early stopping triggered after 6 epochs. Best validation bpb: 0.6948 at epoch 0
